;id;time_stamp;contract;maturity_code;open_interest_open;open_interest_close;number_of_trades;trading_volume;financial_volume;previous_settlement;indexed_settlement;opening_price;minimum_price;maximum_price;average_price;last_price;settlement_price;last_bid;last_offer
0;432123;2016-06-15;DAP;Q16;12430;12430;0;0;0.0;98449.57;98509.03;0.0;0.0;0.0;0.0;0.0;98472.55;0.0;0.0
1;432124;2016-06-15;DAP;K17;9620;9620;0;0;0.0;94664.43;94691.12;0.0;0.0;0.0;0.0;0.0;94656.05;0.0;0.0
2;432125;2016-06-15;DAP;Q18;3010;3010;0;0;0.0;88371.9;88338.84;0.0;0.0;0.0;0.0;0.0;88306.12;0.0;0.0
3;432126;2016-06-15;DAP;K19;4160;4160;0;0;0.0;84666.41;84565.2;0.0;0.0;0.0;0.0;0.0;84533.88;0.0;0.0
4;432127;2016-06-15;DAP;Q20;0;0;0;0;0.0;78461.63;78373.66;0.0;0.0;0.0;0.0;0.0;78344.63;0.0;0.0
5;432128;2016-06-15;DAP;K21;1800;1800;0;0;0.0;74945.51;74944.5;0.0;0.0;0.0;0.0;0.0;74916.74;0.0;0.0
6;432129;2016-06-15;DAP;Q22;0;0;0;0;0.0;69663.71;69654.54;0.0;0.0;0.0;0.0;0.0;69628.74;0.0;0.0
7;432130;2016-06-15;DAP;K23;2100;2100;0;0;0.0;66833.31;66863.14;0.0;0.0;0.0;0.0;0.0;66838.38;0.0;0.0
8;432131;2016-06-15;DAP;K24;0;0;0;0;0.0;63093.98;63075.24;0.0;0.0;0.0;0.0;0.0;63051.88;0.0;0.0
9;432132;2016-06-15;DAP;Q24;0;0;0;0;0.0;62149.76;62177.49;0.0;0.0;0.0;0.0;0.0;62154.46;0.0;0.0
10;432133;2016-06-15;DAP;Q26;0;0;0;0;0.0;55068.28;55092.92;0.0;0.0;0.0;0.0;0.0;55072.52;0.0;0.0
11;432134;2016-06-15;DAP;Q30;0;0;0;0;0.0;44117.29;44136.89;0.0;0.0;0.0;0.0;0.0;44120.54;0.0;0.0
12;432135;2016-06-16;DAP;Q16;12430;13840;4;1410;162351981.0;98509.03;98520.32;9.55;9.5;9.55;9.5;9.5;98483.82;0.0;0.0
13;432136;2016-06-16;DAP;K17;9620;9620;0;0;0.0;94691.12;94689.65;0.0;0.0;0.0;0.0;0.0;94654.57;0.0;0.0
14;432137;2016-06-16;DAP;Q18;3010;3010;0;0;0.0;88338.84;88269.24;0.0;0.0;0.0;0.0;0.0;88236.54;0.0;0.0
15;432138;2016-06-16;DAP;K19;4160;4160;0;0;0.0;84565.2;84423.52;0.0;0.0;0.0;0.0;0.0;84392.24;0.0;0.0
16;432139;2016-06-16;DAP;Q20;0;0;0;0;0.0;78373.66;78177.52;0.0;0.0;0.0;0.0;0.0;78148.56;0.0;0.0
17;432140;2016-06-16;DAP;K21;1800;1800;0;0;0.0;74944.5;74824.03;0.0;0.0;0.0;0.0;0.0;74796.31;0.0;0.0
18;432141;2016-06-16;DAP;Q22;0;0;0;0;0.0;69654.54;69630.53;0.0;0.0;0.0;0.0;0.0;69604.73;0.0;0.0
19;432142;2016-06-16;DAP;K23;2100;2100;0;0;0.0;66863.14;66619.0;0.0;0.0;0.0;0.0;0.0;66594.32;0.0;0.0
20;432143;2016-06-16;DAP;K24;0;0;0;0;0.0;63075.24;62809.54;0.0;0.0;0.0;0.0;0.0;62786.27;0.0;0.0
21;432144;2016-06-16;DAP;Q24;0;0;0;0;0.0;62177.49;61906.47;0.0;0.0;0.0;0.0;0.0;61883.54;0.0;0.0
22;432145;2016-06-16;DAP;Q26;0;0;0;0;0.0;55092.92;55316.87;0.0;0.0;0.0;0.0;0.0;55296.38;0.0;0.0
23;432146;2016-06-16;DAP;Q30;0;0;0;0;0.0;44136.89;42874.15;0.0;0.0;0.0;0.0;0.0;42858.27;0.0;0.0
24;432147;2016-06-17;DAP;Q16;13840;13840;0;0;0.0;98520.32;98573.74;0.0;0.0;0.0;0.0;0.0;98537.22;0.0;0.0
25;432148;2016-06-17;DAP;K17;9620;3970;7;5650;625048539.0;94689.65;94696.41;6.33;6.33;6.33;6.33;6.33;94661.33;0.0;0.0
26;432149;2016-06-17;DAP;Q18;3010;2740;2;270;27843552.0;88269.24;88217.96;6.01;6.01;6.01;6.01;6.01;88185.28;0.0;0.0
27;432150;2016-06-17;DAP;K19;4160;4085;1;75;7413969.0;84423.52;84374.32;5.99;5.99;5.99;5.99;5.99;84343.06;0.0;0.0
28;432151;2016-06-17;DAP;Q20;0;0;0;0;0.0;78177.52;78104.34;0.0;0.0;0.0;0.0;0.0;78075.41;0.0;0.0
29;432152;2016-06-17;DAP;K21;1800;1800;0;0;0.0;74824.03;74738.4;0.0;0.0;0.0;0.0;0.0;74710.71;0.0;0.0
30;432153;2016-06-17;DAP;Q22;0;0;0;0;0.0;69630.53;69566.33;0.0;0.0;0.0;0.0;0.0;69540.56;0.0;0.0
31;432154;2016-06-17;DAP;K23;2100;2100;0;0;0.0;66619.0;66591.48;0.0;0.0;0.0;0.0;0.0;66566.81;0.0;0.0
32;432155;2016-06-17;DAP;K24;0;0;0;0;0.0;62809.54;62777.69;0.0;0.0;0.0;0.0;0.0;62754.43;0.0;0.0
33;432156;2016-06-17;DAP;Q24;0;0;0;0;0.0;61906.47;61920.98;0.0;0.0;0.0;0.0;0.0;61898.04;0.0;0.0
34;432157;2016-06-17;DAP;Q26;0;0;0;0;0.0;55316.87;55382.6;0.0;0.0;0.0;0.0;0.0;55362.08;0.0;0.0
35;432158;2016-06-17;DAP;Q30;0;0;0;0;0.0;42874.15;42941.37;0.0;0.0;0.0;0.0;0.0;42925.46;0.0;0.0
36;432159;2016-06-20;DAP;Q16;13840;17020;13;4060;468135438.0;98573.74;98636.15;9.32;9.2;9.32;9.25;9.2;98599.82;0.0;0.0
37;432160;2016-06-20;DAP;K17;3970;3970;0;0;0.0;94696.41;94751.09;0.0;0.0;0.0;0.0;0.0;94716.19;0.0;0.0
38;432161;2016-06-20;DAP;Q18;2740;4367;9;2410;248776443.0;88217.96;88291.86;5.98;5.98;5.98;5.98;5.98;88259.34;0.0;0.0
39;432162;2016-06-20;DAP;K19;4085;4360;2;275;27158089.0;84374.32;84393.91;6.04;6.04;6.04;6.04;6.04;84362.82;0.0;0.0
40;432163;2016-06-20;DAP;Q20;0;0;0;0;0.0;78104.34;78031.28;0.0;0.0;0.0;0.0;0.0;78002.54;0.0;0.0
41;432164;2016-06-20;DAP;K21;1800;1800;0;0;0.0;74738.4;74652.91;0.0;0.0;0.0;0.0;0.0;74625.41;0.0;0.0
42;432165;2016-06-20;DAP;Q22;0;0;0;0;0.0;69566.33;69462.03;0.0;0.0;0.0;0.0;0.0;69436.44;0.0;0.0
43;432166;2016-06-20;DAP;K23;2100;2100;0;0;0.0;66591.48;66434.76;0.0;0.0;0.0;0.0;0.0;66410.29;0.0;0.0
44;432167;2016-06-20;DAP;K24;0;0;0;0;0.0;62777.69;62606.43;0.0;0.0;0.0;0.0;0.0;62583.37;0.0;0.0
45;432168;2016-06-20;DAP;Q24;0;0;0;0;0.0;61920.98;61793.25;0.0;0.0;0.0;0.0;0.0;61770.49;0.0;0.0
46;432169;2016-06-20;DAP;Q26;0;0;0;0;0.0;55382.6;55395.32;0.0;0.0;0.0;0.0;0.0;55374.91;0.0;0.0
47;432170;2016-06-20;DAP;Q30;0;0;0;0;0.0;42941.37;43008.57;0.0;0.0;0.0;0.0;0.0;42992.73;0.0;0.0
48;432171;2016-06-21;DAP;Q16;17020;17270;5;2690;310278272.0;98636.15;98649.96;9.37;9.35;9.38;9.36;9.38;98617.83;0.0;0.0
49;432172;2016-06-21;DAP;K17;3970;3970;0;0;0.0;94751.09;94745.92;0.0;0.0;0.0;0.0;0.0;94715.06;0.0;0.0
50;432173;2016-06-21;DAP;Q18;4367;4340;0;0;0.0;88291.86;88272.78;0.0;0.0;0.0;0.0;0.0;88244.03;0.0;0.0
51;432174;2016-06-21;DAP;K19;4360;4365;1;5;494511.0;84393.91;84410.07;6.0;6.0;6.0;6.0;6.0;84382.58;0.0;0.0
52;432175;2016-06-21;DAP;Q20;0;0;0;0;0.0;78031.28;78137.85;0.0;0.0;0.0;0.0;0.0;78112.4;0.0;0.0
53;432176;2016-06-21;DAP;K21;1800;1800;2;50;4364871.0;74652.91;74667.49;6.18;6.18;6.18;6.18;6.18;74643.17;0.0;0.0
54;432177;2016-06-21;DAP;Q22;0;0;0;0;0.0;69462.03;69395.3;0.0;0.0;0.0;0.0;0.0;69372.7;0.0;0.0
55;432178;2016-06-21;DAP;K23;2100;2100;2;60;4661230.0;66434.76;66404.67;6.14;6.14;6.14;6.14;6.14;66383.04;0.0;0.0
56;432179;2016-06-21;DAP;K24;0;0;0;0;0.0;62606.43;62664.96;0.0;0.0;0.0;0.0;0.0;62644.55;0.0;0.0
57;432180;2016-06-21;DAP;Q24;0;0;0;0;0.0;61793.25;61852.46;0.0;0.0;0.0;0.0;0.0;61832.32;0.0;0.0
58;432181;2016-06-21;DAP;Q26;0;0;0;0;0.0;55395.32;55511.71;0.0;0.0;0.0;0.0;0.0;55493.63;0.0;0.0
59;432182;2016-06-21;DAP;Q30;0;0;0;0;0.0;43008.57;43074.11;0.0;0.0;0.0;0.0;0.0;43060.08;0.0;0.0
60;432183;2016-06-22;DAP;Q16;17270;17270;0;0;0.0;98649.96;98688.75;0.0;0.0;0.0;0.0;0.0;98653.03;0.0;0.0
61;432184;2016-06-22;DAP;K17;3970;3970;0;0;0.0;94745.92;94748.45;0.0;0.0;0.0;0.0;0.0;94714.15;0.0;0.0
62;432185;2016-06-22;DAP;Q18;4340;4610;4;810;83608769.0;88272.78;88225.21;6.01;6.01;6.05;6.02;6.05;88193.28;0.0;0.0
63;432186;2016-06-22;DAP;K19;4365;4750;5;385;38021614.0;84410.07;84387.19;6.07;6.07;6.07;6.07;6.07;84356.64;0.0;0.0
64;432187;2016-06-22;DAP;Q20;0;0;0;0;0.0;78137.85;78159.2;0.0;0.0;0.0;0.0;0.0;78130.91;0.0;0.0
65;432188;2016-06-22;DAP;K21;1800;1800;0;0;0.0;74667.49;74722.26;0.0;0.0;0.0;0.0;0.0;74695.21;0.0;0.0
66;432189;2016-06-22;DAP;Q22;0;0;0;0;0.0;69395.3;69454.31;0.0;0.0;0.0;0.0;0.0;69429.17;0.0;0.0
67;432190;2016-06-22;DAP;K23;2100;2100;0;0;0.0;66404.67;66422.81;0.0;0.0;0.0;0.0;0.0;66398.77;0.0;0.0
68;432191;2016-06-22;DAP;Q24;0;0;0;0;0.0;61852.46;61869.24;0.0;0.0;0.0;0.0;0.0;61846.85;0.0;0.0
69;432192;2016-06-22;DAP;Q26;0;0;0;0;0.0;55511.71;55473.55;0.0;0.0;0.0;0.0;0.0;55453.47;0.0;0.0
70;432193;2016-06-22;DAP;Q30;0;0;0;0;0.0;43074.11;42914.68;0.0;0.0;0.0;0.0;0.0;42899.15;0.0;0.0
71;432194;2016-06-23;DAP;Q16;17270;17270;0;0;0.0;98688.75;98722.45;0.0;0.0;0.0;0.0;0.0;98686.92;0.0;0.0
72;432195;2016-06-23;DAP;K17;3970;3970;0;0;0.0;94748.45;94763.33;0.0;0.0;0.0;0.0;0.0;94729.23;0.0;0.0
73;432196;2016-06-23;DAP;Q18;4610;3860;4;2250;232166767.0;88225.21;88281.14;6.06;6.06;6.06;6.06;6.06;88249.37;0.0;0.0
74;432197;2016-06-23;DAP;K19;4750;5600;6;2525;249536208.0;84387.19;84475.35;6.05;6.05;6.06;6.06;6.06;84444.95;0.0;0.0
75;432198;2016-06-23;DAP;Q20;0;0;0;0;0.0;78159.2;78360.35;0.0;0.0;0.0;0.0;0.0;78332.15;0.0;0.0
76;432199;2016-06-23;DAP;K21;1800;1800;0;0;0.0;74722.26;74980.25;0.0;0.0;0.0;0.0;0.0;74953.27;0.0;0.0
77;432200;2016-06-23;DAP;Q22;0;0;0;0;0.0;69454.31;69711.38;0.0;0.0;0.0;0.0;0.0;69686.29;0.0;0.0
78;432201;2016-06-23;DAP;K23;2100;2100;0;0;0.0;66422.81;66739.61;0.0;0.0;0.0;0.0;0.0;66715.59;0.0;0.0
79;432202;2016-06-23;DAP;Q24;0;0;0;0;0.0;61869.24;62215.82;0.0;0.0;0.0;0.0;0.0;62193.43;0.0;0.0
80;432203;2016-06-23;DAP;Q26;0;0;0;0;0.0;55473.55;55804.95;0.0;0.0;0.0;0.0;0.0;55784.87;0.0;0.0
81;432204;2016-06-23;DAP;Q30;0;0;0;0;0.0;42914.68;43267.95;0.0;0.0;0.0;0.0;0.0;43252.38;0.0;0.0
82;432205;2016-06-24;DAP;Q16;17270;17270;0;0;0.0;98722.45;98766.97;0.0;0.0;0.0;0.0;0.0;98731.21;0.0;0.0
83;432206;2016-06-24;DAP;K17;3970;3970;0;0;0.0;94763.33;94786.56;0.0;0.0;0.0;0.0;0.0;94752.24;0.0;0.0
84;432207;2016-06-24;DAP;Q18;3860;4370;3;1070;110496546.0;88281.14;88248.63;6.04;6.04;6.04;6.04;6.04;88216.68;0.0;0.0
85;432208;2016-06-24;DAP;K19;5600;5600;0;0;0.0;84475.35;84472.47;0.0;0.0;0.0;0.0;0.0;84441.89;0.0;0.0
86;432209;2016-06-24;DAP;Q20;0;570;2;570;52278775.0;78360.35;78378.91;6.08;6.08;6.08;6.08;6.08;78350.53;0.0;0.0
87;432210;2016-06-24;DAP;K21;1800;1800;0;0;0.0;74980.25;74998.03;0.0;0.0;0.0;0.0;0.0;74970.88;0.0;0.0
88;432211;2016-06-24;DAP;Q22;0;0;0;0;0.0;69711.38;69768.06;0.0;0.0;0.0;0.0;0.0;69742.8;0.0;0.0
89;432212;2016-06-24;DAP;K23;2100;2100;0;0;0.0;66739.61;66798.54;0.0;0.0;0.0;0.0;0.0;66774.35;0.0;0.0
90;432213;2016-06-24;DAP;Q24;0;0;0;0;0.0;62215.82;62230.41;0.0;0.0;0.0;0.0;0.0;62207.88;0.0;0.0
91;432214;2016-06-24;DAP;Q26;0;0;0;0;0.0;55804.95;55817.86;0.0;0.0;0.0;0.0;0.0;55797.65;0.0;0.0
92;432215;2016-06-24;DAP;Q30;0;0;0;0;0.0;43267.95;43220.87;0.0;0.0;0.0;0.0;0.0;43205.22;0.0;0.0
93;432216;2016-06-27;DAP;Q16;17270;17270;0;0;0.0;98766.97;98801.81;0.0;0.0;0.0;0.0;0.0;98766.24;0.0;0.0
94;432217;2016-06-27;DAP;K17;3970;3970;0;0;0.0;94786.56;94825.02;0.0;0.0;0.0;0.0;0.0;94790.89;0.0;0.0
95;432218;2016-06-27;DAP;Q18;4370;5370;3;1000;103329330.0;88248.63;88410.84;6.03;6.03;6.03;6.03;6.03;88379.01;0.0;0.0
96;432219;2016-06-27;DAP;K19;5600;6875;4;1275;126400417.0;84472.47;84743.27;5.98;5.96;5.98;5.97;5.96;84712.76;0.0;0.0
97;432220;2016-06-27;DAP;Q20;570;570;0;0;0.0;78378.91;78733.17;0.0;0.0;0.0;0.0;0.0;78704.83;0.0;0.0
98;432221;2016-06-27;DAP;K21;1800;1800;2;40;3510466.0;74998.03;75394.72;6.1;6.1;6.1;6.1;6.1;75367.58;0.0;0.0
99;432222;2016-06-27;DAP;Q22;0;0;0;0;0.0;69768.06;70309.19;0.0;0.0;0.0;0.0;0.0;70283.88;0.0;0.0
100;432223;2016-06-27;DAP;K23;2100;2100;2;45;3517497.0;66798.54;67334.05;6.07;6.07;6.07;6.07;6.07;67309.81;0.0;0.0
101;432224;2016-06-27;DAP;Q24;0;0;0;0;0.0;62230.41;62722.49;0.0;0.0;0.0;0.0;0.0;62699.91;0.0;0.0
102;432225;2016-06-27;DAP;Q26;0;0;0;0;0.0;55817.86;56151.11;0.0;0.0;0.0;0.0;0.0;56130.9;0.0;0.0
103;432226;2016-06-27;DAP;Q30;0;0;0;0;0.0;43220.87;43518.75;0.0;0.0;0.0;0.0;0.0;43503.08;0.0;0.0
104;432227;2016-06-28;DAP;Q16;17270;17770;2;500;57814105.0;98801.81;98813.91;9.5;9.5;9.5;9.5;9.5;98778.13;0.0;0.0
105;432228;2016-06-28;DAP;K17;3970;3970;0;0;0.0;94825.02;94560.87;0.0;0.0;0.0;0.0;0.0;94526.63;0.0;0.0
106;432229;2016-06-28;DAP;Q18;5370;5100;2;270;27781895.0;88410.84;88007.74;6.26;6.26;6.26;6.26;6.26;87975.88;0.0;0.0
107;432230;2016-06-28;DAP;K19;6875;6875;2;550;54242105.0;84743.27;84375.63;6.18;6.18;6.18;6.18;6.18;84345.08;0.0;0.0
108;432231;2016-06-28;DAP;Q20;570;570;0;0;0.0;78733.17;78354.83;0.0;0.0;0.0;0.0;0.0;78326.46;0.0;0.0
109;432232;2016-06-28;DAP;K21;1800;1800;2;15;1323602.0;75394.72;74998.94;5.99;5.99;5.99;5.99;5.99;74971.79;0.0;0.0
110;432233;2016-06-28;DAP;Q22;0;0;0;0;0.0;70309.19;70123.08;0.0;0.0;0.0;0.0;0.0;70097.69;0.0;0.0
111;432234;2016-06-28;DAP;K23;2100;2240;3;155;12158080.0;67334.05;67306.13;5.95;5.95;6.03;6.02;6.03;67281.76;0.0;0.0
112;432235;2016-06-28;DAP;Q24;0;0;0;0;0.0;62722.49;62689.01;0.0;0.0;0.0;0.0;0.0;62666.31;0.0;0.0
113;432236;2016-06-28;DAP;Q26;0;0;0;0;0.0;56151.11;56271.26;0.0;0.0;0.0;0.0;0.0;56250.89;0.0;0.0
114;432237;2016-06-28;DAP;Q30;0;0;0;0;0.0;43518.75;43644.72;0.0;0.0;0.0;0.0;0.0;43628.92;0.0;0.0
115;432238;2016-06-29;DAP;Q16;17770;25005;9;7235;837027351.0;98813.91;98841.17;9.48;9.48;9.48;9.48;9.48;98805.59;0.0;0.0
116;432239;2016-06-29;DAP;K17;3970;3970;0;0;0.0;94560.87;94523.26;0.0;0.0;0.0;0.0;0.0;94489.23;0.0;0.0
117;432240;2016-06-29;DAP;Q18;5100;5895;4;1120;114943327.0;88007.74;87713.36;6.41;6.41;6.43;6.41;6.43;87681.79;0.0;0.0
118;432241;2016-06-29;DAP;K19;6875;7760;5;885;87049979.0;84375.63;83898.29;6.24;6.24;6.34;6.29;6.31;83868.09;0.0;0.0
119;432242;2016-06-29;DAP;Q20;570;570;0;0;0.0;78354.83;77587.79;0.0;0.0;0.0;0.0;0.0;77559.86;0.0;0.0
120;432243;2016-06-29;DAP;K21;1800;1800;0;0;0.0;74998.94;74130.73;0.0;0.0;0.0;0.0;0.0;74104.05;0.0;0.0
121;432244;2016-06-29;DAP;Q22;0;0;0;0;0.0;70123.08;69296.91;0.0;0.0;0.0;0.0;0.0;69271.97;0.0;0.0
122;432245;2016-06-29;DAP;K23;2240;2240;0;0;0.0;67306.13;66458.53;0.0;0.0;0.0;0.0;0.0;66434.61;0.0;0.0
123;432246;2016-06-29;DAP;Q24;0;0;0;0;0.0;62689.01;62036.46;0.0;0.0;0.0;0.0;0.0;62014.13;0.0;0.0
124;432247;2016-06-29;DAP;Q26;0;0;0;0;0.0;56271.26;56016.08;0.0;0.0;0.0;0.0;0.0;55995.92;0.0;0.0
125;432248;2016-06-29;DAP;Q30;0;0;0;0;0.0;43644.72;43539.17;0.0;0.0;0.0;0.0;0.0;43523.5;0.0;0.0
126;432249;2016-06-30;DAP;Q16;25005;25005;0;0;0.0;98841.17;98879.68;0.0;0.0;0.0;0.0;0.0;98843.87;0.0;0.0
127;432250;2016-06-30;DAP;K17;3970;3970;0;0;0.0;94523.26;94486.67;0.0;0.0;0.0;0.0;0.0;94452.45;0.0;0.0
128;432251;2016-06-30;DAP;Q18;5895;5895;0;0;0.0;87713.36;87578.4;0.0;0.0;0.0;0.0;0.0;87546.68;0.0;0.0
129;432252;2016-06-30;DAP;K19;7760;7760;2;265;25988102.0;83898.29;83874.06;6.42;6.42;6.42;6.42;6.42;83843.68;0.0;0.0
130;432253;2016-06-30;DAP;Q20;570;570;0;0;0.0;77587.79;77547.02;0.0;0.0;0.0;0.0;0.0;77518.93;0.0;0.0
131;432254;2016-06-30;DAP;K21;1800;1800;0;0;0.0;74130.73;74081.5;0.0;0.0;0.0;0.0;0.0;74054.67;0.0;0.0
132;432255;2016-06-30;DAP;Q22;0;0;0;0;0.0;69296.91;69194.3;0.0;0.0;0.0;0.0;0.0;69169.24;0.0;0.0
133;432256;2016-06-30;DAP;K23;2240;2240;0;0;0.0;66458.53;66474.44;0.0;0.0;0.0;0.0;0.0;66450.37;0.0;0.0
134;432257;2016-06-30;DAP;Q24;0;0;0;0;0.0;62036.46;62051.12;0.0;0.0;0.0;0.0;0.0;62028.65;0.0;0.0
135;432258;2016-06-30;DAP;Q26;0;0;0;0;0.0;56016.08;55922.27;0.0;0.0;0.0;0.0;0.0;55902.02;0.0;0.0
136;432259;2016-06-30;DAP;Q30;0;0;0;0;0.0;43539.17;43665.14;0.0;0.0;0.0;0.0;0.0;43649.33;0.0;0.0
137;432260;2016-07-01;DAP;Q16;25005;32135;21;7930;918372731.0;98879.68;98919.85;9.5;9.44;9.5;9.5;9.44;98884.23;0.0;0.0
138;432261;2016-07-01;DAP;K17;3970;3970;0;0;0.0;94486.67;94610.38;0.0;0.0;0.0;0.0;0.0;94576.31;0.0;0.0
139;432262;2016-07-01;DAP;Q18;5895;5895;0;0;0.0;87578.4;87878.58;0.0;0.0;0.0;0.0;0.0;87846.94;0.0;0.0
140;432263;2016-07-01;DAP;K19;7760;7760;2;335;33058585.0;83874.06;84299.68;6.12;6.12;6.22;6.2;6.22;84269.33;0.0;0.0
141;432264;2016-07-01;DAP;Q20;570;570;0;0;0.0;77547.02;77926.29;0.0;0.0;0.0;0.0;0.0;77898.23;0.0;0.0
142;432265;2016-07-01;DAP;K21;1800;1800;0;0;0.0;74081.5;74471.89;0.0;0.0;0.0;0.0;0.0;74445.07;0.0;0.0
143;432266;2016-07-01;DAP;Q22;0;0;0;0;0.0;69194.3;69569.24;0.0;0.0;0.0;0.0;0.0;69544.19;0.0;0.0
144;432267;2016-07-01;DAP;K23;2240;2240;0;0;0.0;66474.44;66833.48;0.0;0.0;0.0;0.0;0.0;66809.42;0.0;0.0
145;432268;2016-07-01;DAP;Q24;0;0;0;0;0.0;62051.12;62255.13;0.0;0.0;0.0;0.0;0.0;62232.71;0.0;0.0
146;432269;2016-07-01;DAP;Q26;0;0;0;0;0.0;55922.27;55988.26;0.0;0.0;0.0;0.0;0.0;55968.1;0.0;0.0
147;432270;2016-07-01;DAP;Q30;0;0;0;0;0.0;43665.14;43559.61;0.0;0.0;0.0;0.0;0.0;43543.93;0.0;0.0
148;432271;2016-07-04;DAP;Q16;32135;32135;0;0;0.0;98919.85;98979.56;0.0;0.0;0.0;0.0;0.0;98943.71;0.0;0.0
149;432272;2016-07-04;DAP;K17;3970;3970;0;0;0.0;94610.38;94665.31;0.0;0.0;0.0;0.0;0.0;94631.03;0.0;0.0
150;432273;2016-07-04;DAP;Q18;5895;5895;0;0;0.0;87878.58;87813.13;0.0;0.0;0.0;0.0;0.0;87781.33;0.0;0.0
151;432274;2016-07-04;DAP;K19;7760;7760;0;0;0.0;84299.68;84252.34;0.0;0.0;0.0;0.0;0.0;84221.83;0.0;0.0
152;432275;2016-07-04;DAP;Q20;570;570;0;0;0.0;77926.29;77915.17;0.0;0.0;0.0;0.0;0.0;77886.95;0.0;0.0
153;432276;2016-07-04;DAP;K21;1800;1800;0;0;0.0;74471.89;74388.33;0.0;0.0;0.0;0.0;0.0;74361.39;0.0;0.0
154;432277;2016-07-04;DAP;Q22;0;0;0;0;0.0;69569.24;69386.49;0.0;0.0;0.0;0.0;0.0;69361.36;0.0;0.0
155;432278;2016-07-04;DAP;K23;2240;2240;0;0;0.0;66833.48;66634.48;0.0;0.0;0.0;0.0;0.0;66610.35;0.0;0.0
156;432279;2016-07-04;DAP;Q24;0;0;0;0;0.0;62255.13;62127.52;0.0;0.0;0.0;0.0;0.0;62105.02;0.0;0.0
157;432280;2016-07-04;DAP;Q26;0;0;0;0;0.0;55988.26;55841.4;0.0;0.0;0.0;0.0;0.0;55821.18;0.0;0.0
158;432281;2016-07-04;DAP;Q30;0;0;0;0;0.0;43559.61;43569.92;0.0;0.0;0.0;0.0;0.0;43554.14;0.0;0.0
159;432282;2016-07-05;DAP;Q16;32135;37135;7;5500;637843925.0;98979.56;99030.03;9.15;9.15;9.17;9.17;9.17;98994.37;9.05;9.15
160;432283;2016-07-05;DAP;K17;3970;5010;3;1040;115269372.0;94665.31;94659.01;6.7;6.7;6.71;6.71;6.71;94624.93;0.0;0.0
161;432284;2016-07-05;DAP;Q18;5895;5895;0;0;0.0;87813.13;87782.44;0.0;0.0;0.0;0.0;0.0;87750.83;6.43;6.58
162;432285;2016-07-05;DAP;K19;7760;7760;0;0;0.0;84252.34;84182.41;0.0;0.0;0.0;0.0;0.0;84152.1;6.2;6.35
163;432286;2016-07-05;DAP;Q20;570;570;0;0;0.0;77915.17;77873.75;0.0;0.0;0.0;0.0;0.0;77845.71;0.0;0.0
164;432287;2016-07-05;DAP;K21;1800;1800;0;0;0.0;74388.33;74372.4;0.0;0.0;0.0;0.0;0.0;74345.62;0.0;0.0
165;432288;2016-07-05;DAP;Q22;0;0;0;0;0.0;69386.49;69243.96;0.0;0.0;0.0;0.0;0.0;69219.03;0.0;0.0
166;432289;2016-07-05;DAP;K23;2240;2240;0;0;0.0;66634.48;66350.81;0.0;0.0;0.0;0.0;0.0;66326.92;6.25;6.33
167;432290;2016-07-05;DAP;Q24;0;0;0;0;0.0;62127.52;61811.58;0.0;0.0;0.0;0.0;0.0;61789.32;0.0;0.0
168;432291;2016-07-05;DAP;Q26;0;0;0;0;0.0;55841.4;55483.36;0.0;0.0;0.0;0.0;0.0;55463.38;0.0;0.0
169;432292;2016-07-05;DAP;Q30;0;0;0;0;0.0;43569.92;43292.39;0.0;0.0;0.0;0.0;0.0;43276.8;0.0;0.0
170;432293;2016-07-06;DAP;Q16;37135;37135;0;0;0.0;99030.03;99078.89;0.0;0.0;0.0;0.0;0.0;99043.0;0.0;0.0
171;432294;2016-07-06;DAP;K17;5010;5530;2;520;57680807.0;94659.01;94751.43;6.66;6.66;6.66;6.66;6.66;94717.1;0.0;0.0
172;432295;2016-07-06;DAP;Q18;5895;5895;0;0;0.0;87782.44;87960.38;0.0;0.0;0.0;0.0;0.0;87928.51;6.39;6.54
173;432296;2016-07-06;DAP;K19;7760;8035;3;550;54235271.0;84182.41;84270.3;6.3;6.25;6.3;6.27;6.25;84239.77;6.25;6.4
174;432297;2016-07-06;DAP;Q20;570;570;0;0;0.0;77873.75;77982.89;0.0;0.0;0.0;0.0;0.0;77954.64;0.0;0.0
175;432298;2016-07-06;DAP;K21;1800;1800;0;0;0.0;74372.4;74458.32;0.0;0.0;0.0;0.0;0.0;74431.35;0.0;0.0
176;432299;2016-07-06;DAP;Q22;0;0;0;0;0.0;69243.96;69221.07;0.0;0.0;0.0;0.0;0.0;69195.99;0.0;0.0
177;432300;2016-07-06;DAP;K23;2240;2240;0;0;0.0;66350.81;66239.05;0.0;0.0;0.0;0.0;0.0;66215.05;6.28;6.43
178;432301;2016-07-06;DAP;Q24;0;0;0;0;0.0;61811.58;61591.64;0.0;0.0;0.0;0.0;0.0;61569.33;0.0;0.0
179;432302;2016-07-06;DAP;Q26;0;0;0;0;0.0;55483.36;55285.75;0.0;0.0;0.0;0.0;0.0;55265.72;0.0;0.0
180;432303;2016-07-06;DAP;Q30;0;0;0;0;0.0;43292.39;43188.23;0.0;0.0;0.0;0.0;0.0;43172.58;0.0;0.0
181;432304;2016-07-07;DAP;Q16;37135;39085;6;1950;226468174.0;99078.89;99141.78;8.79;8.73;8.8;8.75;8.73;99098.46;8.3;8.75
182;432305;2016-07-07;DAP;K17;5530;5530;0;0;0.0;94751.43;94835.17;0.0;0.0;0.0;0.0;0.0;94793.74;0.0;0.0
183;432306;2016-07-07;DAP;Q18;5895;5895;0;0;0.0;87960.38;88057.73;0.0;0.0;0.0;0.0;0.0;88019.26;6.28;6.43
184;432307;2016-07-07;DAP;K19;8035;8035;0;0;0.0;84270.3;84296.83;0.0;0.0;0.0;0.0;0.0;84260.0;6.15;6.3
185;432308;2016-07-07;DAP;Q20;570;570;0;0;0.0;77982.89;77947.51;0.0;0.0;0.0;0.0;0.0;77913.45;0.0;0.0
186;432309;2016-07-07;DAP;K21;1800;1800;0;0;0.0;74458.32;74448.11;0.0;0.0;0.0;0.0;0.0;74415.58;0.0;0.0
187;432310;2016-07-07;DAP;Q22;0;0;0;0;0.0;69221.07;69124.12;0.0;0.0;0.0;0.0;0.0;69093.92;0.0;0.0
188;432311;2016-07-07;DAP;K23;2240;2240;0;0;0.0;66239.05;66174.9;0.0;0.0;0.0;0.0;0.0;66145.99;6.2;6.35
189;432312;2016-07-07;DAP;Q24;0;0;0;0;0.0;61591.64;61517.34;0.0;0.0;0.0;0.0;0.0;61490.46;0.0;0.0
190;432313;2016-07-07;DAP;Q26;0;0;0;0;0.0;55285.75;55197.83;0.0;0.0;0.0;0.0;0.0;55173.71;0.0;0.0
191;432314;2016-07-07;DAP;Q30;0;0;0;0;0.0;43188.23;43201.7;0.0;0.0;0.0;0.0;0.0;43182.82;0.0;0.0
192;432315;2016-07-08;DAP;Q16;39085;39085;0;0;0.0;99141.78;99168.06;0.0;0.0;0.0;0.0;0.0;99131.71;0.0;0.0
193;432316;2016-07-08;DAP;K17;5530;5530;0;0;0.0;94835.17;94859.8;0.0;0.0;0.0;0.0;0.0;94825.03;0.0;0.0
194;432317;2016-07-08;DAP;Q18;5895;5895;0;0;0.0;88057.73;88142.18;0.0;0.0;0.0;0.0;0.0;88109.87;0.0;0.0
195;432318;2016-07-08;DAP;K19;8035;8035;0;0;0.0;84296.83;84468.3;0.0;0.0;0.0;0.0;0.0;84437.34;0.0;0.0
196;432319;2016-07-08;DAP;Q20;570;570;0;0;0.0;77947.51;78171.09;0.0;0.0;0.0;0.0;0.0;78142.44;0.0;0.0
197;432320;2016-07-08;DAP;K21;1800;1800;1;25;2181012.0;74448.11;74664.07;6.31;6.31;6.31;6.31;6.31;74636.7;0.0;0.0
198;432321;2016-07-08;DAP;Q22;0;0;0;0;0.0;69124.12;69413.25;0.0;0.0;0.0;0.0;0.0;69387.81;0.0;0.0
199;432322;2016-07-08;DAP;K23;2240;2240;1;25;1938638.0;66174.9;66569.42;6.25;6.25;6.25;6.25;6.25;66545.02;0.0;0.0
200;432323;2016-07-08;DAP;Q24;0;0;0;0;0.0;61517.34;62044.23;0.0;0.0;0.0;0.0;0.0;62021.49;0.0;0.0
201;432324;2016-07-08;DAP;Q26;0;0;0;0;0.0;55197.83;55680.83;0.0;0.0;0.0;0.0;0.0;55660.42;0.0;0.0
202;432325;2016-07-08;DAP;Q30;0;0;0;0;0.0;43201.7;43611.02;0.0;0.0;0.0;0.0;0.0;43595.03;0.0;0.0
203;432326;2016-07-11;DAP;Q16;39085;43070;7;4245;493406929.0;99168.06;99190.27;8.85;8.85;8.91;8.86;8.91;99154.12;0.0;0.0
204;432327;2016-07-11;DAP;K17;5530;5530;0;0;0.0;94859.8;94875.93;0.0;0.0;0.0;0.0;0.0;94841.35;0.0;0.0
205;432328;2016-07-11;DAP;Q18;5895;5895;0;0;0.0;88142.18;88163.17;0.0;0.0;0.0;0.0;0.0;88131.04;0.0;0.0
206;432329;2016-07-11;DAP;K19;8035;8035;0;0;0.0;84468.3;84488.19;0.0;0.0;0.0;0.0;0.0;84457.4;0.0;0.0
207;432330;2016-07-11;DAP;Q20;570;570;0;0;0.0;78171.09;78189.65;0.0;0.0;0.0;0.0;0.0;78161.15;0.0;0.0
208;432331;2016-07-11;DAP;K21;1800;1800;0;0;0.0;74664.07;74681.88;0.0;0.0;0.0;0.0;0.0;74654.66;0.0;0.0
209;432332;2016-07-11;DAP;Q22;0;0;0;0;0.0;69413.25;69429.68;0.0;0.0;0.0;0.0;0.0;69404.38;0.0;0.0
210;432333;2016-07-11;DAP;K23;2240;2240;0;0;0.0;66569.42;66542.38;0.0;0.0;0.0;0.0;0.0;66518.13;0.0;0.0
211;432334;2016-07-11;DAP;Q24;0;0;0;0;0.0;62044.23;62058.68;0.0;0.0;0.0;0.0;0.0;62036.06;0.0;0.0
212;432335;2016-07-11;DAP;Q26;0;0;0;0;0.0;55680.83;55799.48;0.0;0.0;0.0;0.0;0.0;55779.14;0.0;0.0
213;432336;2016-07-11;DAP;Q30;0;0;0;0;0.0;43611.02;43794.71;0.0;0.0;0.0;0.0;0.0;43778.75;0.0;0.0
214;432337;2016-07-12;DAP;Q16;43070;44080;10;2300;267449919.0;99190.27;99218.99;8.91;8.89;8.96;8.93;8.89;99182.62;8.6;9.1
215;432338;2016-07-12;DAP;K17;5530;5530;2;20;2224458.0;94875.93;94885.1;6.52;6.52;6.52;6.52;6.52;94850.32;0.0;0.0
216;432339;2016-07-12;DAP;Q18;5895;6435;5;1125;116132107.0;88163.17;88167.25;6.23;6.23;6.3;6.3;6.3;88134.93;0.0;0.0
217;432340;2016-07-12;DAP;K19;8035;8035;2;40;3961452.0;84488.19;84508.45;6.17;6.17;6.17;6.17;6.17;84477.47;0.0;0.0
218;432341;2016-07-12;DAP;Q20;570;570;0;0;0.0;78189.65;78238.58;0.0;0.0;0.0;0.0;0.0;78209.9;0.0;0.0
219;432342;2016-07-12;DAP;K21;1800;1800;0;0;0.0;74681.88;74767.78;0.0;0.0;0.0;0.0;0.0;74740.37;0.0;0.0
220;432343;2016-07-12;DAP;Q22;0;0;0;0;0.0;69429.68;69525.81;0.0;0.0;0.0;0.0;0.0;69500.32;0.0;0.0
221;432344;2016-07-12;DAP;K23;2240;2240;0;0;0.0;66542.38;66643.72;0.0;0.0;0.0;0.0;0.0;66619.29;0.0;6.2
222;432345;2016-07-12;DAP;Q24;0;0;0;0;0.0;62058.68;62167.78;0.0;0.0;0.0;0.0;0.0;62144.99;0.0;0.0
223;432346;2016-07-12;DAP;Q26;0;0;0;0;0.0;55799.48;55918.55;0.0;0.0;0.0;0.0;0.0;55898.05;0.0;0.0
224;432347;2016-07-12;DAP;Q30;0;0;0;0;0.0;43794.71;43921.13;0.0;0.0;0.0;0.0;0.0;43905.03;0.0;0.0
225;432348;2016-07-13;DAP;Q16;44080;49520;9;5440;632872691.0;99218.99;99251.88;8.97;8.96;8.98;8.97;8.97;99215.71;8.8;9.2
226;432349;2016-07-13;DAP;K17;5530;5530;0;0;0.0;94885.1;94916.18;0.0;0.0;0.0;0.0;0.0;94881.59;0.0;0.0
227;432350;2016-07-13;DAP;Q18;6435;6435;0;0;0.0;88167.25;88222.8;0.0;0.0;0.0;0.0;0.0;88190.65;6.2;6.35
228;432351;2016-07-13;DAP;K19;8035;8035;0;0;0.0;84508.45;84573.16;0.0;0.0;0.0;0.0;0.0;84542.34;6.08;6.23
229;432352;2016-07-13;DAP;Q20;570;570;0;0;0.0;78238.58;78407.45;0.0;0.0;0.0;0.0;0.0;78378.87;0.0;0.0
230;432353;2016-07-13;DAP;K21;1800;2050;2;250;21993605.0;74767.78;74989.21;6.15;6.15;6.15;6.15;6.15;74961.88;0.0;0.0
231;432354;2016-07-13;DAP;Q22;0;0;0;0;0.0;69525.81;69780.96;0.0;0.0;0.0;0.0;0.0;69755.53;0.0;0.0
232;432355;2016-07-13;DAP;K23;2240;2240;0;0;0.0;66643.72;66873.32;0.0;0.0;0.0;0.0;0.0;66848.95;6.1;6.18
233;432356;2016-07-13;DAP;Q24;0;0;0;0;0.0;62167.78;62418.81;0.0;0.0;0.0;0.0;0.0;62396.06;0.0;0.0
234;432357;2016-07-13;DAP;Q26;0;0;0;0;0.0;55918.55;56250.88;0.0;0.0;0.0;0.0;0.0;56230.38;0.0;0.0
235;432358;2016-07-13;DAP;Q30;0;0;0;0;0.0;43921.13;44164.45;0.0;0.0;0.0;0.0;0.0;44148.35;0.0;0.0
236;432359;2016-07-14;DAP;Q16;49520;49520;3;1640;190874155.0;99251.88;99280.52;9.06;9.06;9.06;9.06;9.06;99244.12;0.0;0.0
237;432360;2016-07-14;DAP;K17;5530;5530;0;0;0.0;94916.18;94962.32;0.0;0.0;0.0;0.0;0.0;94927.5;0.0;0.0
238;432361;2016-07-14;DAP;Q18;6435;6435;0;0;0.0;88222.8;88295.9;0.0;0.0;0.0;0.0;0.0;88263.52;0.0;0.0
239;432362;2016-07-14;DAP;K19;8035;8310;2;275;27299912.0;84573.16;84683.01;6.11;6.11;6.11;6.11;6.11;84651.96;0.0;0.0
240;432363;2016-07-14;DAP;Q20;570;570;0;0;0.0;78407.45;78576.79;0.0;0.0;0.0;0.0;0.0;78547.98;0.0;0.0
241;432364;2016-07-14;DAP;K21;2050;2134;1;85;7487575.0;74989.21;75245.5;6.13;6.13;6.13;6.13;6.13;75217.91;0.0;0.0
242;432365;2016-07-14;DAP;Q22;0;0;0;0;0.0;69780.96;70077.2;0.0;0.0;0.0;0.0;0.0;70051.51;0.0;0.0
243;432366;2016-07-14;DAP;K23;2240;2240;0;0;0.0;66873.32;67189.94;0.0;0.0;0.0;0.0;0.0;67165.3;0.0;0.0
244;432367;2016-07-14;DAP;Q24;0;0;0;0;0.0;62418.81;62766.32;0.0;0.0;0.0;0.0;0.0;62743.31;0.0;0.0
245;432368;2016-07-14;DAP;Q26;0;0;0;0;0.0;56250.88;56585.37;0.0;0.0;0.0;0.0;0.0;56564.62;0.0;0.0
246;432369;2016-07-14;DAP;Q30;0;0;0;0;0.0;44164.45;44409.26;0.0;0.0;0.0;0.0;0.0;44392.98;0.0;0.0
247;432370;2016-07-15;DAP;Q16;49520;49520;2;490;57058540.0;99280.52;99301.68;9.05;9.05;9.05;9.05;9.05;99270.77;0.0;0.0
248;432371;2016-07-15;DAP;K17;5530;5530;0;0;0.0;94962.32;94973.51;0.0;0.0;0.0;0.0;0.0;94943.94;0.0;0.0
249;432372;2016-07-15;DAP;Q18;6435;6435;0;0;0.0;88295.9;88312.09;0.0;0.0;0.0;0.0;0.0;88284.6;0.0;0.0
250;432373;2016-07-15;DAP;K19;8310;10225;6;2190;217405682.0;84683.01;84765.47;6.12;6.12;6.14;6.13;6.13;84739.08;0.0;0.0
251;432374;2016-07-15;DAP;Q20;570;570;0;0;0.0;78576.79;78741.74;0.0;0.0;0.0;0.0;0.0;78717.23;0.0;0.0
252;432375;2016-07-15;DAP;K21;2134;2134;0;0;0.0;75245.5;75429.68;0.0;0.0;0.0;0.0;0.0;75406.2;0.0;0.0
253;432376;2016-07-15;DAP;Q22;0;120;2;120;9788996.0;70077.2;70330.26;6.18;6.18;6.18;6.18;6.18;70308.37;0.0;0.0
254;432377;2016-07-15;DAP;K23;2240;2320;2;280;21952305.0;67189.94;67460.75;6.03;6.03;6.13;6.11;6.13;67439.75;0.0;0.0
255;432378;2016-07-15;DAP;Q24;0;0;0;0;0.0;62766.32;63016.17;0.0;0.0;0.0;0.0;0.0;62996.55;0.0;0.0
256;432379;2016-07-15;DAP;Q26;0;0;0;0;0.0;56585.37;56810.43;0.0;0.0;0.0;0.0;0.0;56792.74;0.0;0.0
257;432380;2016-07-15;DAP;Q30;0;0;0;0;0.0;44409.26;44949.47;0.0;0.0;0.0;0.0;0.0;44935.48;0.0;0.0
258;432381;2016-07-18;DAP;Q16;49520;49520;0;0;0.0;99301.68;99333.92;0.0;0.0;0.0;0.0;0.0;99303.21;0.0;0.0
259;432382;2016-07-18;DAP;K17;5530;5530;0;0;0.0;94973.51;94967.96;0.0;0.0;0.0;0.0;0.0;94938.6;0.0;0.0
260;432383;2016-07-18;DAP;Q18;6435;6965;2;530;54830911.0;88312.09;88315.79;6.27;6.27;6.27;6.27;6.27;88288.48;0.0;0.0
261;432384;2016-07-18;DAP;K19;10225;10505;8;1090;108255279.0;84765.47;84740.38;6.13;6.12;6.13;6.12;6.13;84714.18;0.0;0.0
262;432385;2016-07-18;DAP;Q20;570;570;0;0;0.0;78741.74;78790.14;0.0;0.0;0.0;0.0;0.0;78765.78;0.0;0.0
263;432386;2016-07-18;DAP;K21;2134;2134;0;0;0.0;75429.68;75447.11;0.0;0.0;0.0;0.0;0.0;75423.78;0.0;0.0
264;432387;2016-07-18;DAP;Q22;120;120;0;0;0.0;70330.26;70306.21;0.0;0.0;0.0;0.0;0.0;70284.47;0.0;0.0
265;432388;2016-07-18;DAP;K23;2320;2320;0;0;0.0;67460.75;67432.91;0.0;0.0;0.0;0.0;0.0;67412.06;0.0;0.0
266;432389;2016-07-18;DAP;Q24;0;0;0;0;0.0;63016.17;63030.4;0.0;0.0;0.0;0.0;0.0;63010.91;0.0;0.0
267;432390;2016-07-18;DAP;Q26;0;0;0;0;0.0;56810.43;56985.15;0.0;0.0;0.0;0.0;0.0;56967.53;0.0;0.0
268;432391;2016-07-18;DAP;Q30;0;0;0;0;0.0;44949.47;45138.55;0.0;0.0;0.0;0.0;0.0;45124.59;0.0;0.0
269;432392;2016-07-19;DAP;Q16;49520;50530;6;1010;117729569.0;99333.92;99366.82;9.2;9.2;9.2;9.2;9.2;99335.88;0.0;0.0
270;432393;2016-07-19;DAP;K17;5530;5530;0;0;0.0;94967.96;94970.37;0.0;0.0;0.0;0.0;0.0;94940.8;0.0;0.0
271;432394;2016-07-19;DAP;Q18;6965;8300;3;1335;138094429.0;88315.79;88251.35;6.3;6.3;6.3;6.3;6.3;88223.87;0.0;0.0
272;432395;2016-07-19;DAP;K19;10505;11320;8;1625;161402079.0;84740.38;84671.15;6.14;6.13;6.15;6.14;6.13;84644.78;0.0;0.0
273;432396;2016-07-19;DAP;Q20;570;570;0;0;0.0;78790.14;78567.81;0.0;0.0;0.0;0.0;0.0;78543.34;0.0;0.0
274;432397;2016-07-19;DAP;K21;2134;2234;3;140;12363623.0;75447.11;75192.34;6.07;6.05;6.12;6.1;6.12;75168.92;0.0;0.0
275;432398;2016-07-19;DAP;Q22;120;120;0;0;0.0;70306.21;70082.37;0.0;0.0;0.0;0.0;0.0;70060.55;0.0;0.0
276;432399;2016-07-19;DAP;K23;2320;2420;8;350;27559526.0;67432.91;67147.08;6.02;5.98;6.08;6.05;6.08;67126.17;0.0;0.0
277;432400;2016-07-19;DAP;Q24;0;0;0;0;0.0;63030.4;62710.9;0.0;0.0;0.0;0.0;0.0;62691.37;0.0;0.0
278;432401;2016-07-19;DAP;Q26;0;0;0;0;0.0;56985.15;56781.88;0.0;0.0;0.0;0.0;0.0;56764.2;0.0;0.0
279;432402;2016-07-19;DAP;Q30;0;0;0;0;0.0;45138.55;44910.34;0.0;0.0;0.0;0.0;0.0;44896.35;0.0;0.0
280;432403;2016-07-20;DAP;Q16;50530;50530;0;0;0.0;99366.82;99401.67;0.0;0.0;0.0;0.0;0.0;99370.72;0.0;0.0
281;432404;2016-07-20;DAP;K17;5530;5650;3;380;42317734.0;94970.37;94994.43;6.7;6.7;6.7;6.7;6.7;94964.85;0.0;0.0
282;432405;2016-07-20;DAP;Q18;8300;9635;3;1335;137996867.0;88251.35;88221.31;6.36;6.36;6.36;6.36;6.36;88193.84;0.0;0.0
283;432406;2016-07-20;DAP;K19;11320;12135;7;1755;174357433.0;84671.15;84668.89;6.17;6.13;6.17;6.15;6.15;84642.52;0.0;0.0
284;432407;2016-07-20;DAP;Q20;570;570;0;0;0.0;78567.81;78496.33;0.0;0.0;0.0;0.0;0.0;78471.89;0.0;0.0
285;432408;2016-07-20;DAP;K21;2234;2234;0;0;0.0;75192.34;75142.19;0.0;0.0;0.0;0.0;0.0;75118.79;0.0;0.0
286;432409;2016-07-20;DAP;Q22;120;120;0;0;0.0;70082.37;70178.67;0.0;0.0;0.0;0.0;0.0;70156.82;0.0;0.0
287;432410;2016-07-20;DAP;K23;2420;2420;2;380;29886992.0;67147.08;67377.87;6.08;6.08;6.08;6.08;6.08;67356.89;0.0;0.0
288;432411;2016-07-20;DAP;Q24;0;0;0;0;0.0;62710.9;62915.91;0.0;0.0;0.0;0.0;0.0;62896.32;0.0;0.0
289;432412;2016-07-20;DAP;Q26;0;0;0;0;0.0;56781.88;56902.49;0.0;0.0;0.0;0.0;0.0;56884.77;0.0;0.0
290;432413;2016-07-20;DAP;Q30;0;0;0;0;0.0;44910.34;45099.24;0.0;0.0;0.0;0.0;0.0;45085.2;0.0;0.0
291;432414;2016-07-21;DAP;Q16;50530;50530;1;500;58365615.0;99401.67;99465.0;8.7;8.7;8.7;8.7;8.7;99429.57;0.0;0.0
292;432415;2016-07-21;DAP;K17;5650;5650;0;0;0.0;94994.43;94972.51;0.0;0.0;0.0;0.0;0.0;94938.68;0.0;0.0
293;432416;2016-07-21;DAP;Q18;9635;9365;2;270;27846857.0;88221.31;88042.18;6.5;6.5;6.5;6.5;6.5;88010.82;0.0;0.0
294;432417;2016-07-21;DAP;K19;12135;12335;2;400;39577084.0;84668.89;84426.21;6.32;6.32;6.32;6.32;6.32;84396.14;0.0;0.0
295;432418;2016-07-21;DAP;Q20;570;570;0;0;0.0;78496.33;78309.05;0.0;0.0;0.0;0.0;0.0;78281.16;0.0;0.0
296;432419;2016-07-21;DAP;K21;2234;2234;0;0;0.0;75142.19;74960.2;0.0;0.0;0.0;0.0;0.0;74933.5;0.0;0.0
297;432420;2016-07-21;DAP;Q22;120;120;0;0;0.0;70178.67;70118.24;0.0;0.0;0.0;0.0;0.0;70093.27;0.0;0.0
298;432421;2016-07-21;DAP;K23;2420;2420;0;0;0.0;67377.87;67310.35;0.0;0.0;0.0;0.0;0.0;67286.38;0.0;0.0
299;432422;2016-07-21;DAP;Q24;0;0;0;0;0.0;62915.91;62885.45;0.0;0.0;0.0;0.0;0.0;62863.05;0.0;0.0
300;432423;2016-07-21;DAP;Q26;0;0;0;0;0.0;56902.49;56863.75;0.0;0.0;0.0;0.0;0.0;56843.5;0.0;0.0
301;432424;2016-07-21;DAP;Q30;0;0;0;0;0.0;45099.24;44992.21;0.0;0.0;0.0;0.0;0.0;44976.18;0.0;0.0
302;432425;2016-07-22;DAP;Q16;50530;50530;0;0;0.0;99465.0;99496.03;0.0;0.0;0.0;0.0;0.0;99464.19;0.0;0.0
303;432426;2016-07-22;DAP;K17;5650;5650;0;0;0.0;94972.51;95014.79;0.0;0.0;0.0;0.0;0.0;94984.39;0.0;0.0
304;432427;2016-07-22;DAP;Q18;9365;9630;3;265;27361099.0;88042.18;88043.73;6.46;6.46;6.47;6.46;6.47;88015.56;0.0;0.0
305;432428;2016-07-22;DAP;K19;12335;12335;5;540;53493085.0;84426.21;84421.39;6.3;6.28;6.3;6.29;6.28;84394.38;0.0;0.0
306;432429;2016-07-22;DAP;Q20;570;570;0;0;0.0;78309.05;78265.34;0.0;0.0;0.0;0.0;0.0;78240.3;0.0;0.0
307;432430;2016-07-22;DAP;K21;2234;2234;0;0;0.0;74960.2;74907.88;0.0;0.0;0.0;0.0;0.0;74883.91;0.0;0.0
308;432431;2016-07-22;DAP;Q22;120;120;0;0;0.0;70118.24;70092.18;0.0;0.0;0.0;0.0;0.0;70069.75;0.0;0.0
309;432432;2016-07-22;DAP;K23;2420;2420;0;0;0.0;67310.35;67237.57;0.0;0.0;0.0;0.0;0.0;67216.05;0.0;0.0
310;432433;2016-07-22;DAP;Q24;0;0;0;0;0.0;62885.45;62802.37;0.0;0.0;0.0;0.0;0.0;62782.27;0.0;0.0
311;432434;2016-07-22;DAP;Q26;0;0;0;0;0.0;56863.75;56712.85;0.0;0.0;0.0;0.0;0.0;56694.7;0.0;0.0
312;432435;2016-07-22;DAP;Q30;0;0;0;0;0.0;44992.21;44586.15;0.0;0.0;0.0;0.0;0.0;44571.88;0.0;0.0
313;432436;2016-07-25;DAP;Q16;50530;54310;6;3780;441656104.0;99496.03;99526.4;8.89;8.82;8.89;8.89;8.82;99494.33;8.7;9.0
314;432437;2016-07-25;DAP;K17;5650;5650;1;300;33449124.0;95014.79;95017.88;6.72;6.72;6.72;6.72;6.72;94987.27;6.7;6.77
315;432438;2016-07-25;DAP;Q18;9630;9630;0;0;0.0;88043.73;88048.72;0.0;0.0;0.0;0.0;0.0;88020.35;6.44;0.0
316;432439;2016-07-25;DAP;K19;12335;12335;0;0;0.0;84421.39;84375.73;0.0;0.0;0.0;0.0;0.0;84348.54;6.28;6.38
317;432440;2016-07-25;DAP;Q20;570;570;0;0;0.0;78265.34;78284.34;0.0;0.0;0.0;0.0;0.0;78259.12;0.0;0.0
318;432441;2016-07-25;DAP;K21;2234;2234;0;0;0.0;74907.88;74993.5;0.0;0.0;0.0;0.0;0.0;74969.34;0.0;0.0
319;432442;2016-07-25;DAP;Q22;120;120;0;0;0.0;70092.18;70148.61;0.0;0.0;0.0;0.0;0.0;70126.01;0.0;0.0
320;432443;2016-07-25;DAP;K23;2420;2420;0;0;0.0;67237.57;67296.31;0.0;0.0;0.0;0.0;0.0;67274.63;0.0;0.0
321;432444;2016-07-25;DAP;Q24;0;0;0;0;0.0;62802.37;62816.96;0.0;0.0;0.0;0.0;0.0;62796.72;0.0;0.0
322;432445;2016-07-25;DAP;Q26;0;0;0;0;0.0;56712.85;56671.98;0.0;0.0;0.0;0.0;0.0;56653.72;0.0;0.0
323;432446;2016-07-25;DAP;Q30;0;0;0;0;0.0;44586.15;44478.76;0.0;0.0;0.0;0.0;0.0;44464.43;0.0;0.0
324;432447;2016-07-26;DAP;Q16;54310;59380;7;5070;592713572.0;99526.4;99564.19;8.84;8.84;8.84;8.84;8.84;99532.53;0.0;0.0
325;432448;2016-07-26;DAP;K17;5650;5650;0;0;0.0;95017.88;95020.59;0.0;0.0;0.0;0.0;0.0;94990.37;0.0;0.0
326;432449;2016-07-26;DAP;Q18;9630;12600;8;3570;368549259.0;88048.72;87985.64;6.51;6.51;6.55;6.52;6.55;87957.66;0.0;0.0
327;432450;2016-07-26;DAP;K19;12335;12460;2;400;39560229.0;84375.73;84285.69;6.38;6.38;6.4;6.39;6.4;84258.89;0.0;0.0
328;432451;2016-07-26;DAP;Q20;570;570;0;0;0.0;78284.34;78302.85;0.0;0.0;0.0;0.0;0.0;78277.95;0.0;0.0
329;432452;2016-07-26;DAP;K21;2234;2234;0;0;0.0;74993.5;75078.63;0.0;0.0;0.0;0.0;0.0;75054.76;0.0;0.0
330;432453;2016-07-26;DAP;Q22;120;120;0;0;0.0;70148.61;70324.41;0.0;0.0;0.0;0.0;0.0;70302.05;0.0;0.0
331;432454;2016-07-26;DAP;K23;2420;2420;0;0;0.0;67296.31;67483.73;0.0;0.0;0.0;0.0;0.0;67462.27;0.0;0.0
332;432455;2016-07-26;DAP;Q24;0;0;0;0;0.0;62816.96;63069.41;0.0;0.0;0.0;0.0;0.0;63049.35;0.0;0.0
333;432456;2016-07-26;DAP;Q26;0;0;0;0;0.0;56671.98;56899.69;0.0;0.0;0.0;0.0;0.0;56881.6;0.0;0.0
334;432457;2016-07-26;DAP;Q30;0;0;0;0;0.0;44478.76;44842.88;0.0;0.0;0.0;0.0;0.0;44828.62;0.0;0.0
335;432458;2016-07-27;DAP;Q16;59380;59380;2;185;21639353.0;99564.19;99597.74;8.84;8.84;8.84;8.84;8.84;99565.85;8.55;8.8
336;432459;2016-07-27;DAP;K17;5650;5650;2;10;1116332.0;95020.59;95031.15;6.68;6.68;6.68;6.68;6.68;95000.72;6.7;0.0
337;432460;2016-07-27;DAP;Q18;12600;12600;2;50;5167996.0;87985.64;88007.75;6.48;6.48;6.48;6.48;6.48;87979.57;0.0;6.55
338;432461;2016-07-27;DAP;K19;12460;12560;4;200;19771659.0;84285.69;84328.5;6.41;6.4;6.45;6.42;6.4;84301.5;0.0;0.0
339;432462;2016-07-27;DAP;Q20;570;570;0;0;0.0;78302.85;78470.79;0.0;0.0;0.0;0.0;0.0;78445.66;0.0;0.0
340;432463;2016-07-27;DAP;K21;2234;2234;0;0;0.0;75078.63;75231.89;0.0;0.0;0.0;0.0;0.0;75207.8;0.0;0.0
341;432464;2016-07-27;DAP;Q22;120;120;0;0;0.0;70324.41;70500.95;0.0;0.0;0.0;0.0;0.0;70478.38;0.0;0.0
342;432465;2016-07-27;DAP;K23;2420;2420;0;0;0.0;67483.73;67715.17;0.0;0.0;0.0;0.0;0.0;67693.49;0.0;0.0
343;432466;2016-07-27;DAP;Q24;0;0;0;0;0.0;63069.41;63227.35;0.0;0.0;0.0;0.0;0.0;63207.1;0.0;0.0
344;432467;2016-07-27;DAP;Q26;0;0;0;0;0.0;56899.69;57074.5;0.0;0.0;0.0;0.0;0.0;57056.22;0.0;0.0
345;432468;2016-07-27;DAP;Q30;0;0;0;0;0.0;44842.88;45150.54;0.0;0.0;0.0;0.0;0.0;45136.08;0.0;0.0
346;432469;2016-07-28;DAP;Q16;59380;62380;4;3005;351674075.0;99597.74;99629.34;8.87;8.87;8.9;8.9;8.9;99597.44;0.0;0.0
347;432470;2016-07-28;DAP;K17;5650;5650;0;0;0.0;95031.15;95048.64;0.0;0.0;0.0;0.0;0.0;95018.21;0.0;0.0
348;432471;2016-07-28;DAP;Q18;12600;12600;0;0;0.0;88007.75;88029.69;0.0;0.0;0.0;0.0;0.0;88001.5;0.0;0.0
349;432472;2016-07-28;DAP;K19;12560;12560;0;0;0.0;84328.5;84371.08;0.0;0.0;0.0;0.0;0.0;84344.06;0.0;0.0
350;432473;2016-07-28;DAP;Q20;570;570;0;0;0.0;78470.79;78608.82;0.0;0.0;0.0;0.0;0.0;78583.65;0.0;0.0
351;432474;2016-07-28;DAP;K21;2234;2234;0;0;0.0;75231.89;75385.11;0.0;0.0;0.0;0.0;0.0;75360.97;0.0;0.0
352;432475;2016-07-28;DAP;Q22;120;120;0;0;0.0;70500.95;70597.38;0.0;0.0;0.0;0.0;0.0;70574.77;0.0;0.0
353;432476;2016-07-28;DAP;K23;2420;2555;3;485;38262238.0;67715.17;67817.14;6.11;6.01;6.11;6.07;6.11;67795.43;0.0;0.0
354;432477;2016-07-28;DAP;Q24;0;635;2;635;46747283.0;63227.35;63337.49;6.01;6.01;6.01;6.01;6.01;63317.21;0.0;0.0
355;432478;2016-07-28;DAP;Q26;0;0;0;0;0.0;57074.5;57249.63;0.0;0.0;0.0;0.0;0.0;57231.3;0.0;0.0
356;432479;2016-07-28;DAP;Q30;0;0;0;0;0.0;45150.54;45400.13;0.0;0.0;0.0;0.0;0.0;45385.59;0.0;0.0
357;432480;2016-07-29;DAP;Q16;62380;62380;0;0;0.0;99629.34;99661.63;0.0;0.0;0.0;0.0;0.0;99629.72;0.0;0.0
358;432481;2016-07-29;DAP;K17;5650;5650;0;0;0.0;95048.64;95059.26;0.0;0.0;0.0;0.0;0.0;95028.82;0.0;0.0
359;432482;2016-07-29;DAP;Q18;12600;12600;0;0;0.0;88029.69;88118.87;0.0;0.0;0.0;0.0;0.0;88090.65;0.0;0.0
360;432483;2016-07-29;DAP;K19;12560;12560;0;0;0.0;84371.08;84479.52;0.0;0.0;0.0;0.0;0.0;84452.47;0.0;0.0
361;432484;2016-07-29;DAP;Q20;570;570;0;0;0.0;78608.82;78627.47;0.0;0.0;0.0;0.0;0.0;78602.29;0.0;0.0
362;432485;2016-07-29;DAP;K21;2234;2234;0;0;0.0;75385.11;75335.15;0.0;0.0;0.0;0.0;0.0;75311.03;0.0;0.0
363;432486;2016-07-29;DAP;Q22;120;120;0;0;0.0;70597.38;70533.46;0.0;0.0;0.0;0.0;0.0;70510.88;0.0;0.0
364;432487;2016-07-29;DAP;K23;2555;2555;0;0;0.0;67817.14;67746.18;0.0;0.0;0.0;0.0;0.0;67724.49;0.0;0.0
365;432488;2016-07-29;DAP;Q24;635;635;0;0;0.0;63337.49;63256.07;0.0;0.0;0.0;0.0;0.0;63235.82;0.0;0.0
366;432489;2016-07-29;DAP;Q26;0;0;0;0;0.0;57249.63;57153.95;0.0;0.0;0.0;0.0;0.0;57135.65;0.0;0.0
367;432490;2016-07-29;DAP;Q30;0;0;0;0;0.0;45400.13;45410.3;0.0;0.0;0.0;0.0;0.0;45395.76;0.0;0.0
368;432491;2016-08-01;DAP;Q16;62380;62380;0;0;0.0;99661.63;99694.17;0.0;0.0;0.0;0.0;0.0;99662.24;0.0;0.0
369;432492;2016-08-01;DAP;U16;0;0;0;0;0.0;99001.46;99020.84;0.0;0.0;0.0;0.0;0.0;98989.12;0.0;0.0
370;432493;2016-08-01;DAP;V16;0;0;0;0;0.0;98368.0;98383.81;0.0;0.0;0.0;0.0;0.0;98352.3;0.0;0.0
371;432494;2016-08-01;DAP;X16;0;0;0;0;0.0;97773.41;97784.63;0.0;0.0;0.0;0.0;0.0;97753.31;0.0;0.0
372;432495;2016-08-01;DAP;F17;0;0;0;0;0.0;96959.0;96727.76;0.0;0.0;0.0;0.0;0.0;96696.78;0.0;0.0
373;432496;2016-08-01;DAP;K17;5650;5650;0;0;0.0;95059.26;95090.8;0.0;0.0;0.0;0.0;0.0;95060.34;0.0;0.0
374;432497;2016-08-01;DAP;Q18;12600;12600;2;270;27934524.0;88118.87;88191.1;6.5;6.5;6.5;6.5;6.5;88162.85;0.0;0.0
375;432498;2016-08-01;DAP;K19;12560;12835;3;820;81377654.0;84479.52;84478.06;6.33;6.31;6.33;6.32;6.31;84451.0;0.0;0.0
376;432499;2016-08-01;DAP;Q20;570;570;0;0;0.0;78627.47;78646.13;0.0;0.0;0.0;0.0;0.0;78620.94;0.0;0.0
377;432500;2016-08-01;DAP;K21;2234;2234;0;0;0.0;75335.15;75217.85;0.0;0.0;0.0;0.0;0.0;75193.76;0.0;0.0
378;432501;2016-08-01;DAP;Q22;120;120;0;0;0.0;70533.46;70629.82;0.0;0.0;0.0;0.0;0.0;70607.2;0.0;0.0
379;432502;2016-08-01;DAP;K23;2555;2555;0;0;0.0;67746.18;67934.66;0.0;0.0;0.0;0.0;0.0;67912.9;0.0;0.0
380;432503;2016-08-01;DAP;Q24;635;1275;2;640;47227731.0;63256.07;63462.08;5.99;5.99;5.99;5.99;5.99;63441.75;0.0;0.0
381;432504;2016-08-01;DAP;Q26;0;0;0;0;0.0;57153.95;57383.5;0.0;0.0;0.0;0.0;0.0;57365.12;0.0;0.0
382;432505;2016-08-01;DAP;Q30;0;0;0;0;0.0;45410.3;45540.68;0.0;0.0;0.0;0.0;0.0;45526.09;0.0;0.0
383;432506;2016-08-02;DAP;Q16;62380;63040;3;660;77363345.0;99694.17;99725.29;8.98;8.98;8.98;8.98;8.98;99693.35;0.0;0.0
384;432507;2016-08-02;DAP;U16;0;0;0;0;0.0;99020.84;98882.64;0.0;0.0;0.0;0.0;0.0;98850.97;0.0;0.0
385;432508;2016-08-02;DAP;V16;0;0;0;0;0.0;98383.81;98102.32;0.0;0.0;0.0;0.0;0.0;98070.9;0.0;0.0
386;432509;2016-08-02;DAP;X16;0;0;0;0;0.0;97784.63;97522.5;0.0;0.0;0.0;0.0;0.0;97491.26;0.0;0.0
387;432510;2016-08-02;DAP;F17;0;20;2;20;2269057.0;96727.76;96498.28;8.14;8.14;8.14;8.14;8.14;96467.37;0.0;0.0
388;432511;2016-08-02;DAP;K17;5650;5750;6;400;44700039.0;95090.8;95080.91;6.76;6.76;6.8;6.79;6.8;95050.46;0.0;0.0
389;432512;2016-08-02;DAP;Q18;12600;13135;3;535;55398138.0;88191.1;88095.52;6.5;6.46;6.5;6.48;6.46;88067.3;0.0;0.0
390;432513;2016-08-02;DAP;K19;12835;13399;7;1980;196657003.0;84478.06;84542.44;6.31;6.29;6.32;6.31;6.29;84515.36;0.0;0.0
391;432514;2016-08-02;DAP;Q20;570;570;0;0;0.0;78646.13;78664.79;0.0;0.0;0.0;0.0;0.0;78639.59;0.0;0.0
392;432515;2016-08-02;DAP;K21;2234;2234;0;0;0.0;75217.85;75134.67;0.0;0.0;0.0;0.0;0.0;75110.6;0.0;0.0
393;432516;2016-08-02;DAP;Q22;120;120;0;0;0.0;70629.82;69810.68;0.0;0.0;0.0;0.0;0.0;69788.32;0.0;0.0
394;432517;2016-08-02;DAP;K23;2555;2555;0;0;0.0;67934.66;67218.81;0.0;0.0;0.0;0.0;0.0;67197.28;0.0;0.0
395;432518;2016-08-02;DAP;Q24;1275;1915;2;640;47283948.0;63462.08;62856.15;5.98;5.98;5.98;5.98;5.98;62836.02;0.0;0.0
396;432519;2016-08-02;DAP;Q26;0;0;0;0;0.0;57383.5;57233.44;0.0;0.0;0.0;0.0;0.0;57215.11;0.0;0.0
397;432520;2016-08-02;DAP;Q30;0;0;0;0;0.0;45540.68;45430.66;0.0;0.0;0.0;0.0;0.0;45416.11;0.0;0.0
398;432521;2016-08-03;DAP;Q16;63040;66040;7;3000;351842200.0;99725.29;99759.04;9.0;8.99;9.0;8.99;8.99;99727.08;0.0;0.0
399;432522;2016-08-03;DAP;U16;0;0;0;0;0.0;98882.64;99011.04;0.0;0.0;0.0;0.0;0.0;98979.32;0.0;0.0
400;432523;2016-08-03;DAP;V16;0;0;0;0;0.0;98102.32;98135.47;0.0;0.0;0.0;0.0;0.0;98104.03;0.0;0.0
401;432524;2016-08-03;DAP;X16;0;0;0;0;0.0;97522.5;97544.35;0.0;0.0;0.0;0.0;0.0;97513.1;0.0;0.0
402;432525;2016-08-03;DAP;F17;20;20;0;0;0.0;96498.28;96496.2;0.0;0.0;0.0;0.0;0.0;96465.28;0.0;0.0
403;432526;2016-08-03;DAP;K17;5750;5750;0;0;0.0;95080.91;95119.4;0.0;0.0;0.0;0.0;0.0;95088.92;0.0;0.0
404;432527;2016-08-03;DAP;Q18;13135;13135;0;0;0.0;88095.52;88217.85;0.0;0.0;0.0;0.0;0.0;88189.59;0.0;0.0
405;432528;2016-08-03;DAP;K19;13399;13669;6;290;28852439.0;84542.44;84650.61;6.3;6.24;6.3;6.26;6.24;84623.49;0.0;0.0
406;432529;2016-08-03;DAP;Q20;570;570;0;0;0.0;78664.79;78802.63;0.0;0.0;0.0;0.0;0.0;78777.38;0.0;0.0
407;432530;2016-08-03;DAP;K21;2234;2234;0;0;0.0;75134.67;75287.32;0.0;0.0;0.0;0.0;0.0;75263.2;0.0;0.0
408;432531;2016-08-03;DAP;Q22;120;280;2;160;13164435.0;69810.68;69985.43;6.13;6.13;6.13;6.13;6.13;69963.01;0.0;0.0
409;432532;2016-08-03;DAP;K23;2555;2410;2;200;15838910.0;67218.81;67362.89;6.04;6.04;6.04;6.04;6.04;67341.31;0.0;0.0
410;432533;2016-08-03;DAP;Q24;1915;1915;0;0;0.0;62856.15;63013.14;0.0;0.0;0.0;0.0;0.0;62992.95;0.0;0.0
411;432534;2016-08-03;DAP;Q26;0;0;0;0;0.0;57233.44;57463.13;0.0;0.0;0.0;0.0;0.0;57444.72;0.0;0.0
412;432535;2016-08-03;DAP;Q30;0;0;0;0;0.0;45430.66;45802.41;0.0;0.0;0.0;0.0;0.0;45787.74;0.0;0.0
413;432536;2016-08-04;DAP;Q16;66040;66090;3;115;13494377.0;99759.04;99791.09;9.07;9.07;9.07;9.07;9.07;99759.12;9.0;9.07
414;432537;2016-08-04;DAP;U16;0;0;0;0;0.0;99011.04;99098.38;0.0;0.0;0.0;0.0;0.0;99066.63;9.74;9.9
415;432538;2016-08-04;DAP;V16;0;0;0;0;0.0;98135.47;98443.92;0.0;0.0;0.0;0.0;0.0;98412.38;9.96;10.61
416;432539;2016-08-04;DAP;X16;0;0;0;0;0.0;97544.35;97830.8;0.0;0.0;0.0;0.0;0.0;97799.46;9.36;9.94
417;432540;2016-08-04;DAP;F17;20;20;0;0;0.0;96496.2;96771.51;0.0;0.0;0.0;0.0;0.0;96740.5;8.27;8.79
418;432541;2016-08-04;DAP;K17;5750;5520;4;500;55951085.0;95119.4;95164.57;6.73;6.73;6.73;6.73;6.73;95134.08;6.72;6.73
419;432542;2016-08-04;DAP;Q18;13135;13135;3;300;31175603.0;88217.85;88356.76;6.42;6.33;6.42;6.34;6.33;88328.45;6.33;6.37
420;432543;2016-08-04;DAP;K19;13669;13669;2;25;2489074.0;84650.61;84824.58;6.25;6.25;6.25;6.25;6.25;84797.4;6.14;6.16
421;432544;2016-08-04;DAP;Q20;570;670;1;100;9282461.0;78802.63;79000.25;6.08;6.08;6.08;6.08;6.08;78974.94;6.07;0.0
422;432545;2016-08-04;DAP;K21;2234;2234;1;100;8870855.0;75287.32;75372.61;6.12;6.12;6.12;6.12;6.12;75348.46;6.12;6.16
423;432546;2016-08-04;DAP;Q22;280;280;0;0;0.0;69985.43;70120.8;0.0;0.0;0.0;0.0;0.0;70098.33;6.05;6.11
424;432547;2016-08-04;DAP;K23;2410;2410;0;0;0.0;67362.89;67464.26;0.0;0.0;0.0;0.0;0.0;67442.64;5.99;6.05
425;432548;2016-08-04;DAP;Q24;1915;1915;0;0;0.0;63013.14;63170.4;0.0;0.0;0.0;0.0;0.0;63150.16;0.0;0.0
426;432549;2016-08-04;DAP;Q26;0;0;0;0;0.0;57463.13;57748.25;0.0;0.0;0.0;0.0;0.0;57729.75;0.0;0.0
427;432550;2016-08-04;DAP;Q30;0;0;0;0;0.0;45802.41;45873.13;0.0;0.0;0.0;0.0;0.0;45858.43;0.0;0.0
428;432551;2016-08-05;DAP;Q16;66090;67040;3;950;111536460.0;99791.09;99825.49;9.07;9.07;9.07;9.07;9.07;99793.5;0.0;0.0
429;432552;2016-08-05;DAP;U16;0;0;0;0;0.0;99098.38;99139.57;0.0;0.0;0.0;0.0;0.0;99107.8;0.0;0.0
430;432553;2016-08-05;DAP;V16;0;0;0;0;0.0;98443.92;98491.36;0.0;0.0;0.0;0.0;0.0;98459.79;0.0;0.0
431;432554;2016-08-05;DAP;X16;0;0;0;0;0.0;97830.8;97881.71;0.0;0.0;0.0;0.0;0.0;97850.34;0.0;0.0
432;432555;2016-08-05;DAP;F17;20;20;0;0;0.0;96771.51;96839.88;0.0;0.0;0.0;0.0;0.0;96808.84;0.0;0.0
433;432556;2016-08-05;DAP;K17;5520;5520;0;0;0.0;95164.57;95243.58;0.0;0.0;0.0;0.0;0.0;95213.05;0.0;0.0
434;432557;2016-08-05;DAP;Q18;13135;13135;2;200;20800520.0;88356.76;88478.76;6.32;6.32;6.32;6.32;6.32;88450.4;0.0;0.0
435;432558;2016-08-05;DAP;K19;13669;17239;8;4395;439134379.0;84824.58;84976.56;6.13;6.13;6.13;6.13;6.13;84949.33;0.0;0.0
436;432559;2016-08-05;DAP;Q20;670;2090;3;1420;132168090.0;79000.25;79348.03;6.02;6.02;6.02;6.02;6.02;79322.6;0.0;0.0
437;432560;2016-08-05;DAP;K21;2234;2234;2;50;4433411.0;75372.61;75728.46;6.14;6.14;6.14;6.14;6.14;75704.19;0.0;0.0
438;432561;2016-08-05;DAP;Q22;280;280;0;0;0.0;70120.8;70415.39;0.0;0.0;0.0;0.0;0.0;70392.82;0.0;0.0
439;432562;2016-08-05;DAP;K23;2410;2410;2;50;3968225.0;67464.26;67780.71;6.02;6.02;6.02;6.02;6.02;67758.99;0.0;0.0
440;432563;2016-08-05;DAP;Q24;1915;1915;0;0;0.0;63170.4;63519.38;0.0;0.0;0.0;0.0;0.0;63499.02;0.0;0.0
441;432564;2016-08-05;DAP;Q26;0;0;0;0;0.0;57748.25;58034.71;0.0;0.0;0.0;0.0;0.0;58016.11;0.0;0.0
442;432565;2016-08-05;DAP;Q30;0;0;0;0;0.0;45873.13;46126.36;0.0;0.0;0.0;0.0;0.0;46111.58;0.0;0.0
443;432566;2016-08-08;DAP;Q16;67040;67040;0;0;0.0;99825.49;99859.34;0.0;0.0;0.0;0.0;0.0;99827.34;0.0;0.0
444;432567;2016-08-08;DAP;U16;0;0;0;0;0.0;99139.57;99112.69;0.0;0.0;0.0;0.0;0.0;99080.92;0.0;0.0
445;432568;2016-08-08;DAP;V16;0;0;0;0;0.0;98491.36;98531.22;0.0;0.0;0.0;0.0;0.0;98499.64;0.0;0.0
446;432569;2016-08-08;DAP;X16;0;0;0;0;0.0;97881.71;97924.74;0.0;0.0;0.0;0.0;0.0;97893.36;0.0;0.0
447;432570;2016-08-08;DAP;F17;20;20;0;0;0.0;96839.88;96891.73;0.0;0.0;0.0;0.0;0.0;96860.68;0.0;0.0
448;432571;2016-08-08;DAP;K17;5520;5520;0;0;0.0;95243.58;95234.07;0.0;0.0;0.0;0.0;0.0;95203.55;0.0;0.0
449;432572;2016-08-08;DAP;Q18;13135;13135;1;5;520934.0;88478.76;88483.46;6.25;6.25;6.25;6.25;6.25;88455.1;0.0;0.0
450;432573;2016-08-08;DAP;K19;17239;17539;4;300;29941801.0;84976.56;84908.81;6.18;6.18;6.21;6.19;6.21;84881.6;0.0;0.0
451;432574;2016-08-08;DAP;Q20;2090;2090;0;0;0.0;79348.03;79186.53;0.0;0.0;0.0;0.0;0.0;79161.15;0.0;0.0
452;432575;2016-08-08;DAP;K21;2234;2234;0;0;0.0;75728.46;75543.17;0.0;0.0;0.0;0.0;0.0;75518.96;0.0;0.0
453;432576;2016-08-08;DAP;Q22;280;280;0;0;0.0;70415.39;70312.45;0.0;0.0;0.0;0.0;0.0;70289.92;0.0;0.0
454;432577;2016-08-08;DAP;K23;2410;2410;0;0;0.0;67780.71;67667.21;0.0;0.0;0.0;0.0;0.0;67645.52;0.0;0.0
455;432578;2016-08-08;DAP;Q24;1915;1915;0;0;0.0;63519.38;63342.35;0.0;0.0;0.0;0.0;0.0;63322.05;0.0;0.0
456;432579;2016-08-08;DAP;Q26;0;0;0;0;0.0;58034.71;57828.1;0.0;0.0;0.0;0.0;0.0;57809.57;0.0;0.0
457;432580;2016-08-08;DAP;Q30;0;0;0;0;0.0;46126.36;45954.1;0.0;0.0;0.0;0.0;0.0;45939.37;0.0;0.0
458;432581;2016-08-09;DAP;Q16;67040;67040;0;0;0.0;99859.34;99812.78;0.0;0.0;0.0;0.0;0.0;99857.5;9.07;9.2
459;432582;2016-08-09;DAP;U16;0;500;5;530;61783319.0;99112.69;98999.43;9.76;9.76;9.76;9.76;9.76;99043.78;8.7;9.76
460;432583;2016-08-09;DAP;V16;0;0;0;0;0.0;98531.22;98245.81;0.0;0.0;0.0;0.0;0.0;98289.82;9.97;10.74
461;432584;2016-08-09;DAP;X16;0;0;0;0;0.0;97924.74;97539.11;0.0;0.0;0.0;0.0;0.0;97582.81;9.33;9.99
462;432585;2016-08-09;DAP;F17;20;20;0;0;0.0;96891.73;96303.6;0.0;0.0;0.0;0.0;0.0;96346.74;8.19;8.76
463;432586;2016-08-09;DAP;K17;5520;5520;0;0;0.0;95234.07;95225.79;0.0;0.0;0.0;0.0;0.0;95268.45;6.64;6.7
464;432587;2016-08-09;DAP;Q18;13135;13135;0;0;0.0;88483.46;88436.93;0.0;0.0;0.0;0.0;0.0;88476.55;6.27;6.32
465;432588;2016-08-09;DAP;K19;17539;17834;6;305;30499137.0;84908.81;84929.41;6.15;6.13;6.15;6.13;6.13;84967.46;6.12;6.13
466;432589;2016-08-09;DAP;Q20;2090;2090;0;0;0.0;79186.53;79323.45;0.0;0.0;0.0;0.0;0.0;79358.99;5.92;5.98
467;432590;2016-08-09;DAP;K21;2234;2234;1;100;8942296.0;75543.17;75874.88;5.97;5.97;5.97;5.97;5.97;75908.87;5.96;6.02
468;432591;2016-08-09;DAP;Q22;280;280;0;0;0.0;70312.45;70553.23;0.0;0.0;0.0;0.0;0.0;70584.84;5.96;6.02
469;432592;2016-08-09;DAP;K23;2410;2410;0;0;0.0;67667.21;67759.72;0.0;0.0;0.0;0.0;0.0;67790.08;5.92;5.96
470;432593;2016-08-09;DAP;Q24;1915;1915;0;0;0.0;63342.35;63499.23;0.0;0.0;0.0;0.0;0.0;63527.68;0.0;0.0
471;432594;2016-08-09;DAP;Q26;0;0;0;0;0.0;57828.1;58015.22;0.0;0.0;0.0;0.0;0.0;58041.21;0.0;0.0
472;432595;2016-08-09;DAP;Q30;0;0;0;0;0.0;45954.1;46111.21;0.0;0.0;0.0;0.0;0.0;46131.87;0.0;0.0
473;432596;2016-08-10;DAP;Q16;67040;67040;0;0;0.0;99812.78;99944.54;0.0;0.0;0.0;0.0;0.0;99916.93;0.0;0.0
474;432597;2016-08-10;DAP;U16;500;500;0;0;0.0;98999.43;99234.06;0.0;0.0;0.0;0.0;0.0;99206.65;0.0;0.0
475;432598;2016-08-10;DAP;V16;0;0;0;0;0.0;98245.81;98808.27;0.0;0.0;0.0;0.0;0.0;98780.98;0.0;0.0
476;432599;2016-08-10;DAP;X16;0;0;0;0;0.0;97539.11;97783.51;0.0;0.0;0.0;0.0;0.0;97756.5;0.0;0.0
477;432600;2016-08-10;DAP;F17;20;20;0;0;0.0;96303.6;96682.99;0.0;0.0;0.0;0.0;0.0;96656.28;0.0;0.0
478;432601;2016-08-10;DAP;K17;5520;5520;0;0;0.0;95225.79;95386.18;0.0;0.0;0.0;0.0;0.0;95359.83;0.0;0.0
479;432602;2016-08-10;DAP;Q18;13135;13135;0;0;0.0;88436.93;88639.15;0.0;0.0;0.0;0.0;0.0;88614.67;0.0;0.0
480;432603;2016-08-10;DAP;K19;17834;17834;0;0;0.0;84929.41;85120.6;0.0;0.0;0.0;0.0;0.0;85097.09;0.0;0.0
481;432604;2016-08-10;DAP;Q20;2090;2090;0;0;0.0;79323.45;79459.05;0.0;0.0;0.0;0.0;0.0;79437.1;0.0;0.0
482;432605;2016-08-10;DAP;K21;2234;2234;0;0;0.0;75874.88;76049.23;0.0;0.0;0.0;0.0;0.0;76028.22;0.0;0.0
483;432606;2016-08-10;DAP;Q22;280;280;0;0;0.0;70553.23;70780.34;0.0;0.0;0.0;0.0;0.0;70760.79;0.0;0.0
484;432607;2016-08-10;DAP;K23;2410;2410;0;0;0.0;67759.72;68083.13;0.0;0.0;0.0;0.0;0.0;68064.32;0.0;0.0
485;432608;2016-08-10;DAP;Q24;1915;2890;2;975;72823023.0;63499.23;63607.49;5.87;5.87;5.87;5.87;5.87;63589.92;0.0;0.0
486;432609;2016-08-10;DAP;Q26;0;0;0;0;0.0;58015.22;58069.8;0.0;0.0;0.0;0.0;0.0;58053.76;0.0;0.0
487;432610;2016-08-10;DAP;Q30;0;0;0;0;0.0;46111.21;46215.74;0.0;0.0;0.0;0.0;0.0;46202.97;0.0;0.0
488;432611;2016-08-11;DAP;Q16;67040;67040;0;0;0.0;99944.54;99972.44;0.0;0.0;0.0;0.0;0.0;99944.61;0.0;0.0
489;432612;2016-08-11;DAP;U16;500;500;0;0;0.0;99234.06;99261.54;0.0;0.0;0.0;0.0;0.0;99233.9;0.0;0.0
490;432613;2016-08-11;DAP;V16;0;0;0;0;0.0;98808.27;98456.81;0.0;0.0;0.0;0.0;0.0;98429.4;0.0;0.0
491;432614;2016-08-11;DAP;X16;0;0;0;0;0.0;97783.51;97866.0;0.0;0.0;0.0;0.0;0.0;97838.75;0.0;0.0
492;432615;2016-08-11;DAP;F17;20;20;0;0;0.0;96682.99;96840.08;0.0;0.0;0.0;0.0;0.0;96813.12;0.0;0.0
493;432616;2016-08-11;DAP;K17;5520;5520;0;0;0.0;95386.18;95430.42;0.0;0.0;0.0;0.0;0.0;95403.85;0.0;0.0
494;432617;2016-08-11;DAP;Q18;13135;13135;0;0;0.0;88639.15;88777.34;0.0;0.0;0.0;0.0;0.0;88752.62;0.0;0.0
495;432618;2016-08-11;DAP;K19;17834;17834;0;0;0.0;85120.6;85272.34;0.0;0.0;0.0;0.0;0.0;85248.6;0.0;0.0
496;432619;2016-08-11;DAP;Q20;2090;2090;0;0;0.0;79459.05;79477.39;0.0;0.0;0.0;0.0;0.0;79455.26;0.0;0.0
497;432620;2016-08-11;DAP;K21;2234;2234;0;0;0.0;76049.23;76134.82;0.0;0.0;0.0;0.0;0.0;76113.62;0.0;0.0
498;432621;2016-08-11;DAP;Q22;280;280;0;0;0.0;70780.34;70876.7;0.0;0.0;0.0;0.0;0.0;70856.97;0.0;0.0
499;432622;2016-08-11;DAP;K23;2410;2625;8;260;20866721.0;68083.13;68228.5;5.9;5.85;5.9;5.88;5.85;68209.5;0.0;0.0
500;432623;2016-08-11;DAP;Q24;2890;2890;0;0;0.0;63607.49;63717.88;0.0;0.0;0.0;0.0;0.0;63700.14;0.0;0.0
501;432624;2016-08-11;DAP;Q26;0;0;0;0;0.0;58069.8;58357.56;0.0;0.0;0.0;0.0;0.0;58341.31;0.0;0.0
502;432625;2016-08-11;DAP;Q30;0;0;0;0;0.0;46215.74;46716.82;0.0;0.0;0.0;0.0;0.0;46703.81;0.0;0.0
503;432626;2016-08-12;DAP;Q16;67040;67040;0;0;0.0;99972.44;99999.93;0.0;0.0;0.0;0.0;0.0;99972.3;0.0;0.0
504;432627;2016-08-12;DAP;U16;500;500;0;0;0.0;99261.54;99418.64;0.0;0.0;0.0;0.0;0.0;99391.17;0.0;0.0
505;432628;2016-08-12;DAP;V16;0;0;0;0;0.0;98456.81;98867.45;0.0;0.0;0.0;0.0;0.0;98840.13;0.0;0.0
506;432629;2016-08-12;DAP;X16;0;0;0;0;0.0;97866.0;98346.89;0.0;0.0;0.0;0.0;0.0;98319.71;0.0;0.0
507;432630;2016-08-12;DAP;F17;20;20;0;0;0.0;96840.08;97337.98;0.0;0.0;0.0;0.0;0.0;97311.08;0.0;0.0
508;432631;2016-08-12;DAP;K17;5520;5520;0;0;0.0;95430.42;95533.99;0.0;0.0;0.0;0.0;0.0;95507.59;0.0;0.0
509;432632;2016-08-12;DAP;Q18;13135;13405;4;440;46086696.0;88777.34;88881.59;6.16;6.09;6.16;6.11;6.11;88857.03;0.0;0.0
510;432633;2016-08-12;DAP;K19;17834;17834;2;45;4522781.0;85272.34;85423.68;6.02;6.02;6.02;6.02;6.02;85400.08;0.0;0.0
511;432634;2016-08-12;DAP;Q20;2090;2090;0;0;0.0;79477.39;79735.28;0.0;0.0;0.0;0.0;0.0;79713.25;0.0;0.0
512;432635;2016-08-12;DAP;K21;2234;2234;0;0;0.0;76134.82;76050.25;0.0;0.0;0.0;0.0;0.0;76029.24;0.0;0.0
513;432636;2016-08-12;DAP;Q22;280;280;0;0;0.0;70876.7;70653.26;0.0;0.0;0.0;0.0;0.0;70633.74;0.0;0.0
514;432637;2016-08-12;DAP;K23;2625;2625;2;215;17247392.0;68228.5;68070.89;5.84;5.84;5.9;5.9;5.9;68052.08;0.0;0.0
515;432638;2016-08-12;DAP;Q24;2890;2890;0;0;0.0;63717.88;63828.12;0.0;0.0;0.0;0.0;0.0;63810.48;0.0;0.0
516;432639;2016-08-12;DAP;Q26;0;0;0;0;0.0;58357.56;58314.82;0.0;0.0;0.0;0.0;0.0;58298.71;0.0;0.0
517;432640;2016-08-12;DAP;Q30;0;0;0;0;0.0;46716.82;46665.18;0.0;0.0;0.0;0.0;0.0;46652.29;0.0;0.0
518;432641;2016-08-15;DAP;Q16;67040;0;0;0;0.0;99999.93;;0.0;0.0;0.0;0.0;0.0;100000.0;0.0;0.0
519;432642;2016-08-15;DAP;U16;500;500;0;0;0.0;99418.64;99455.47;0.0;0.0;0.0;0.0;0.0;99420.81;0.0;0.0
520;432643;2016-08-15;DAP;V16;0;0;0;0;0.0;98867.45;98907.12;0.0;0.0;0.0;0.0;0.0;98872.65;0.0;0.0
521;432644;2016-08-15;DAP;X16;0;0;0;0;0.0;98346.89;98389.24;0.0;0.0;0.0;0.0;0.0;98354.95;0.0;0.0
522;432645;2016-08-15;DAP;F17;20;20;0;0;0.0;97337.98;96886.08;0.0;0.0;0.0;0.0;0.0;96852.32;0.0;0.0
523;432646;2016-08-15;DAP;K17;5520;5520;0;0;0.0;95533.99;95564.37;0.0;0.0;0.0;0.0;0.0;95531.07;0.0;0.0
524;432647;2016-08-15;DAP;Q18;13405;13405;0;0;0.0;88881.59;88842.33;0.0;0.0;0.0;0.0;0.0;88811.37;0.0;0.0
525;432648;2016-08-15;DAP;K19;17834;17834;1;15;1508317.0;85423.68;85317.89;6.02;6.02;6.02;6.02;6.02;85288.16;0.0;0.0
526;432649;2016-08-15;DAP;Q20;2090;2090;0;0;0.0;79735.28;79429.65;0.0;0.0;0.0;0.0;0.0;79401.97;0.0;0.0
527;432650;2016-08-15;DAP;K21;2234;2234;2;25;2243471.0;76050.25;75937.79;5.95;5.95;5.95;5.95;5.95;75911.33;0.0;0.0
528;432651;2016-08-15;DAP;Q22;280;280;0;0;0.0;70653.26;70714.51;0.0;0.0;0.0;0.0;0.0;70689.87;0.0;0.0
529;432652;2016-08-15;DAP;K23;2625;2625;7;235;18906221.0;68070.89;68091.29;5.85;5.85;5.9;5.86;5.9;68067.56;0.0;0.0
530;432653;2016-08-15;DAP;Q24;2890;2990;2;100;7564692.0;63828.12;63559.36;5.73;5.73;5.73;5.73;5.73;63537.21;0.0;0.0
531;432654;2016-08-15;DAP;Q26;0;0;0;0;0.0;58314.82;56864.95;0.0;0.0;0.0;0.0;0.0;56845.13;0.0;0.0
532;432655;2016-08-15;DAP;Q30;0;0;0;0;0.0;46665.18;46863.9;0.0;0.0;0.0;0.0;0.0;46847.57;0.0;0.0
533;432656;2016-08-16;DAP;U16;500;500;0;0;0.0;99455.47;99482.3;0.0;0.0;0.0;0.0;0.0;99447.84;0.0;0.0
534;432657;2016-08-16;DAP;V16;0;0;0;0;0.0;98907.12;98934.54;0.0;0.0;0.0;0.0;0.0;98900.27;0.0;0.0
535;432658;2016-08-16;DAP;X16;0;0;0;0;0.0;98389.24;98419.47;0.0;0.0;0.0;0.0;0.0;98385.38;0.0;0.0
536;432659;2016-08-16;DAP;F17;20;20;0;0;0.0;96886.08;96926.34;0.0;0.0;0.0;0.0;0.0;96892.77;0.0;0.0
537;432660;2016-08-16;DAP;K17;5520;6320;4;800;90198744.0;95564.37;95647.07;6.3;6.3;6.3;6.3;6.3;95613.94;0.0;0.0
538;432661;2016-08-16;DAP;Q18;13405;13405;0;0;0.0;88842.33;88879.8;0.0;0.0;0.0;0.0;0.0;88849.01;0.0;0.0
539;432662;2016-08-16;DAP;K19;17834;19664;9;2015;202370417.0;85317.89;85271.91;6.07;6.05;6.09;6.08;6.05;85242.37;0.0;0.0
540;432663;2016-08-16;DAP;Q20;2090;2090;0;0;0.0;79429.65;79328.48;0.0;0.0;0.0;0.0;0.0;79301.0;0.0;0.0
541;432664;2016-08-16;DAP;K21;2234;2234;0;0;0.0;75937.79;75752.72;0.0;0.0;0.0;0.0;0.0;75726.48;0.0;0.0
542;432665;2016-08-16;DAP;Q22;280;280;0;0;0.0;70714.51;70492.14;0.0;0.0;0.0;0.0;0.0;70467.72;0.0;0.0
543;432666;2016-08-16;DAP;K23;2625;2625;0;0;0.0;68091.29;67977.39;0.0;0.0;0.0;0.0;0.0;67953.84;0.0;0.0
544;432667;2016-08-16;DAP;Q24;2990;2990;0;0;0.0;63559.36;63430.36;0.0;0.0;0.0;0.0;0.0;63408.39;0.0;0.0
545;432668;2016-08-16;DAP;Q26;0;0;0;0;0.0;56864.95;56717.21;0.0;0.0;0.0;0.0;0.0;56697.56;0.0;0.0
546;432669;2016-08-16;DAP;Q30;0;0;0;0;0.0;46863.9;46935.83;0.0;0.0;0.0;0.0;0.0;46919.57;0.0;0.0
547;432670;2016-08-17;DAP;U16;500;500;0;0;0.0;99482.3;99409.65;0.0;0.0;0.0;0.0;0.0;99375.01;0.0;0.0
548;432671;2016-08-17;DAP;V16;0;0;0;0;0.0;98934.54;98642.06;0.0;0.0;0.0;0.0;0.0;98607.69;0.0;0.0
549;432672;2016-08-17;DAP;X16;0;0;0;0;0.0;98419.47;98046.0;0.0;0.0;0.0;0.0;0.0;98011.83;0.0;0.0
550;432673;2016-08-17;DAP;F17;20;20;0;0;0.0;96926.34;96833.54;0.0;0.0;0.0;0.0;0.0;96799.8;0.0;0.0
551;432674;2016-08-17;DAP;K17;6320;6520;2;400;45105952.0;95647.07;95644.19;6.34;6.34;6.34;6.34;6.34;95610.86;0.0;0.0
552;432675;2016-08-17;DAP;Q18;13405;13405;2;80;8375792.0;88879.8;88867.85;6.2;6.2;6.2;6.2;6.2;88836.88;0.0;0.0
553;432676;2016-08-17;DAP;K19;19664;19664;1;80;8032423.0;85271.91;85270.13;6.11;6.11;6.11;6.11;6.11;85240.42;0.0;0.0
554;432677;2016-08-17;DAP;Q20;2090;2090;0;0;0.0;79328.48;79168.65;0.0;0.0;0.0;0.0;0.0;79141.06;0.0;0.0
555;432678;2016-08-17;DAP;K21;2234;2234;0;0;0.0;75752.72;75837.98;0.0;0.0;0.0;0.0;0.0;75811.55;0.0;0.0
556;432679;2016-08-17;DAP;Q22;280;280;0;0;0.0;70492.14;70469.05;0.0;0.0;0.0;0.0;0.0;70444.49;0.0;0.0
557;432680;2016-08-17;DAP;K23;2625;2625;1;80;6384796.0;67977.39;67950.07;6.0;6.0;6.0;6.0;6.0;67926.39;0.0;0.0
558;432681;2016-08-17;DAP;Q24;2990;2990;0;0;0.0;63430.36;63588.1;0.0;0.0;0.0;0.0;0.0;63565.94;0.0;0.0
559;432682;2016-08-17;DAP;Q26;0;0;0;0;0.0;56717.21;56730.15;0.0;0.0;0.0;0.0;0.0;56710.38;0.0;0.0
560;432683;2016-08-17;DAP;Q30;0;0;0;0;0.0;46935.83;47008.04;0.0;0.0;0.0;0.0;0.0;46991.66;0.0;0.0
561;432684;2016-08-18;DAP;U16;500;500;0;0;0.0;99409.65;99428.15;0.0;0.0;0.0;0.0;0.0;99393.71;0.0;0.0
562;432685;2016-08-18;DAP;V16;0;0;0;0;0.0;98642.06;98685.65;0.0;0.0;0.0;0.0;0.0;98651.47;0.0;0.0
563;432686;2016-08-18;DAP;X16;0;0;0;0;0.0;98046.0;98026.56;0.0;0.0;0.0;0.0;0.0;97992.61;0.0;0.0
564;432687;2016-08-18;DAP;F17;20;20;0;0;0.0;96833.54;96918.57;0.0;0.0;0.0;0.0;0.0;96885.0;0.0;0.0
565;432688;2016-08-18;DAP;K17;6520;6520;0;0;0.0;95644.19;95634.67;0.0;0.0;0.0;0.0;0.0;95601.54;0.0;0.0
566;432689;2016-08-18;DAP;Q18;13405;13670;2;265;27756317.0;88867.85;88740.01;6.2;6.2;6.2;6.2;6.2;88709.27;0.0;0.0
567;432690;2016-08-18;DAP;K19;19664;19664;0;0;0.0;85270.13;85159.24;0.0;0.0;0.0;0.0;0.0;85129.74;0.0;0.0
568;432691;2016-08-18;DAP;Q20;2090;2090;0;0;0.0;79168.65;79098.06;0.0;0.0;0.0;0.0;0.0;79070.66;0.0;0.0
569;432692;2016-08-18;DAP;K21;2234;2234;0;0;0.0;75837.98;75788.15;0.0;0.0;0.0;0.0;0.0;75761.9;0.0;0.0
570;432693;2016-08-18;DAP;Q22;280;280;0;0;0.0;70469.05;70485.33;0.0;0.0;0.0;0.0;0.0;70460.92;0.0;0.0
571;432694;2016-08-18;DAP;K23;2625;2645;2;50;4017442.0;67950.07;68008.48;5.9;5.9;5.9;5.9;5.9;67984.92;0.0;0.0
572;432695;2016-08-18;DAP;Q24;2990;2990;0;0;0.0;63588.1;63697.97;0.0;0.0;0.0;0.0;0.0;63675.91;0.0;0.0
573;432696;2016-08-18;DAP;Q26;0;0;0;0;0.0;56730.15;56796.24;0.0;0.0;0.0;0.0;0.0;56776.57;0.0;0.0
574;432697;2016-08-18;DAP;Q30;0;0;0;0;0.0;47008.04;47018.05;0.0;0.0;0.0;0.0;0.0;47001.76;0.0;0.0
575;432698;2016-08-19;DAP;U16;500;500;0;0;0.0;99428.15;99450.38;0.0;0.0;0.0;0.0;0.0;99415.71;0.0;0.0
576;432699;2016-08-19;DAP;V16;0;0;0;0;0.0;98685.65;98720.77;0.0;0.0;0.0;0.0;0.0;98686.36;0.0;0.0
577;432700;2016-08-19;DAP;X16;0;0;0;0;0.0;98026.56;98062.02;0.0;0.0;0.0;0.0;0.0;98027.84;0.0;0.0
578;432701;2016-08-19;DAP;F17;20;20;0;0;0.0;96918.57;96955.83;0.0;0.0;0.0;0.0;0.0;96922.03;0.0;0.0
579;432702;2016-08-19;DAP;K17;6520;6520;0;0;0.0;95634.67;95658.38;0.0;0.0;0.0;0.0;0.0;95625.04;0.0;0.0
580;432703;2016-08-19;DAP;Q18;13670;13670;0;0;0.0;88740.01;88761.55;0.0;0.0;0.0;0.0;0.0;88730.61;0.0;0.0
581;432704;2016-08-19;DAP;K19;19664;19664;0;0;0.0;85159.24;85222.96;0.0;0.0;0.0;0.0;0.0;85193.25;0.0;0.0
582;432705;2016-08-19;DAP;Q20;2090;2090;0;0;0.0;79098.06;79235.28;0.0;0.0;0.0;0.0;0.0;79207.66;0.0;0.0
583;432706;2016-08-19;DAP;K21;2234;2234;0;0;0.0;75788.15;76008.18;0.0;0.0;0.0;0.0;0.0;75981.69;0.0;0.0
584;432707;2016-08-19;DAP;Q22;280;280;0;0;0.0;70485.33;70660.52;0.0;0.0;0.0;0.0;0.0;70635.89;0.0;0.0
585;432708;2016-08-19;DAP;K23;2645;2655;2;10;801784.0;68008.48;68153.29;5.94;5.94;5.94;5.94;5.94;68129.53;0.0;0.0
586;432709;2016-08-19;DAP;Q24;2990;2990;0;0;0.0;63697.97;63856.19;0.0;0.0;0.0;0.0;0.0;63833.93;0.0;0.0
587;432710;2016-08-19;DAP;Q26;0;0;0;0;0.0;56796.24;56916.12;0.0;0.0;0.0;0.0;0.0;56896.28;0.0;0.0
588;432711;2016-08-19;DAP;Q30;0;0;0;0;0.0;47018.05;47028.27;0.0;0.0;0.0;0.0;0.0;47011.88;0.0;0.0
589;432712;2016-08-22;DAP;U16;500;500;0;0;0.0;99450.38;99485.64;0.0;0.0;0.0;0.0;0.0;99451.17;0.0;0.0
590;432713;2016-08-22;DAP;V16;0;400;2;400;46611544.0;98720.77;98784.16;8.7;8.7;8.7;8.7;8.7;98749.93;0.0;0.0
591;432714;2016-08-22;DAP;X16;0;0;0;0;0.0;98062.02;98132.29;0.0;0.0;0.0;0.0;0.0;98098.29;0.0;0.0
592;432715;2016-08-22;DAP;F17;20;20;0;0;0.0;96955.83;97032.16;0.0;0.0;0.0;0.0;0.0;96998.54;0.0;0.0
593;432716;2016-08-22;DAP;K17;6520;6650;3;300;33858447.0;95658.38;95675.24;6.4;6.4;6.4;6.4;6.4;95642.09;0.0;0.0
594;432717;2016-08-22;DAP;Q18;13670;14030;8;3030;317886629.0;88761.55;88832.09;6.18;6.15;6.22;6.16;6.22;88801.31;0.0;0.0
595;432718;2016-08-22;DAP;K19;19664;19689;2;25;2511956.0;85222.96;85199.4;6.13;6.13;6.13;6.13;6.13;85169.88;0.0;0.0
596;432719;2016-08-22;DAP;Q20;2090;2090;0;0;0.0;79235.28;79194.36;0.0;0.0;0.0;0.0;0.0;79166.92;0.0;0.0
597;432720;2016-08-22;DAP;K21;2234;2234;2;20;1789671.0;76008.18;75924.55;6.06;6.06;6.06;6.06;6.06;75898.24;0.0;0.0
598;432721;2016-08-22;DAP;Q22;280;280;0;0;0.0;70660.52;70637.06;0.0;0.0;0.0;0.0;0.0;70612.59;0.0;0.0
599;432722;2016-08-22;DAP;K23;2655;2670;6;185;14821064.0;68153.29;67953.7;5.92;5.92;5.97;5.96;5.93;67930.16;0.0;0.0
600;432723;2016-08-22;DAP;Q24;2990;2990;0;0;0.0;63856.19;63726.68;0.0;0.0;0.0;0.0;0.0;63704.6;0.0;0.0
601;432724;2016-08-22;DAP;Q26;0;0;0;0;0.0;56916.12;56928.8;0.0;0.0;0.0;0.0;0.0;56909.08;0.0;0.0
602;432725;2016-08-22;DAP;Q30;0;0;0;0;0.0;47028.27;47038.29;0.0;0.0;0.0;0.0;0.0;47021.99;0.0;0.0
603;432726;2016-08-23;DAP;U16;500;500;0;0;0.0;99485.64;99500.61;0.0;0.0;0.0;0.0;0.0;99465.93;0.0;0.0
604;432727;2016-08-23;DAP;V16;400;400;0;0;0.0;98784.16;98791.74;0.0;0.0;0.0;0.0;0.0;98757.3;0.0;0.0
605;432728;2016-08-23;DAP;X16;0;0;0;0;0.0;98132.29;98136.42;0.0;0.0;0.0;0.0;0.0;98102.21;0.0;0.0
606;432729;2016-08-23;DAP;F17;20;20;0;0;0.0;97032.16;97033.1;0.0;0.0;0.0;0.0;0.0;96999.28;0.0;0.0
607;432730;2016-08-23;DAP;K17;6650;7020;4;400;45154652.0;95675.24;95679.73;6.43;6.43;6.43;6.43;6.43;95646.38;0.0;0.0
608;432731;2016-08-23;DAP;Q18;14030;14941;2;965;101163680.0;88832.09;88804.28;6.22;6.22;6.22;6.22;6.22;88773.32;0.0;0.0
609;432732;2016-08-23;DAP;K19;19689;18854;5;1015;102036242.0;85199.4;85176.34;6.11;6.11;6.14;6.13;6.13;85146.65;0.0;0.0
610;432733;2016-08-23;DAP;Q20;2090;2090;0;0;0.0;79194.36;79183.48;0.0;0.0;0.0;0.0;0.0;79155.88;0.0;0.0
611;432734;2016-08-23;DAP;K21;2234;3584;3;1450;129977202.0;75924.55;75976.03;6.03;6.03;6.03;6.03;6.03;75949.55;0.0;0.0
612;432735;2016-08-23;DAP;Q22;280;2700;5;2580;214636743.0;70637.06;70534.8;6.05;6.05;6.06;6.06;6.06;70510.21;0.0;0.0
613;432736;2016-08-23;DAP;K23;2670;2635;0;0;0.0;67953.7;67969.43;0.0;0.0;0.0;0.0;0.0;67945.74;0.0;0.0
614;432737;2016-08-23;DAP;Q24;2990;2990;0;0;0.0;63726.68;63597.89;0.0;0.0;0.0;0.0;0.0;63575.72;0.0;0.0
615;432738;2016-08-23;DAP;Q26;0;0;0;0;0.0;56928.8;56888.24;0.0;0.0;0.0;0.0;0.0;56868.41;0.0;0.0
616;432739;2016-08-23;DAP;Q30;0;0;0;0;0.0;47038.29;47110.57;0.0;0.0;0.0;0.0;0.0;47094.15;0.0;0.0
617;432740;2016-08-24;DAP;U16;500;500;0;0;0.0;99500.61;99571.35;0.0;0.0;0.0;0.0;0.0;99551.18;0.0;0.0
618;432741;2016-08-24;DAP;V16;400;400;0;0;0.0;98791.74;98828.86;0.0;0.0;0.0;0.0;0.0;98808.84;0.0;0.0
619;432742;2016-08-24;DAP;X16;0;0;0;0;0.0;98136.42;98153.07;0.0;0.0;0.0;0.0;0.0;98133.19;0.0;0.0
620;432743;2016-08-24;DAP;F17;20;300;1;280;32074257.0;97033.1;97037.91;7.95;7.95;7.95;7.95;7.95;97018.25;0.0;0.0
621;432744;2016-08-24;DAP;K17;7020;7020;0;0;0.0;95679.73;95676.65;0.0;0.0;0.0;0.0;0.0;95657.27;0.0;0.0
622;432745;2016-08-24;DAP;Q18;14941;14941;0;0;0.0;88804.28;88779.9;0.0;0.0;0.0;0.0;0.0;88761.92;0.0;0.0
623;432746;2016-08-24;DAP;K19;18854;18859;1;5;502551.0;85176.34;85162.42;6.15;6.15;6.15;6.15;6.15;85145.17;0.0;0.0
624;432747;2016-08-24;DAP;Q20;2090;2090;0;0;0.0;79183.48;79190.46;0.0;0.0;0.0;0.0;0.0;79174.42;0.0;0.0
625;432748;2016-08-24;DAP;K21;3584;3584;0;0;0.0;75976.03;75848.16;0.0;0.0;0.0;0.0;0.0;75832.8;0.0;0.0
626;432749;2016-08-24;DAP;Q22;2700;2700;0;0;0.0;70534.8;70422.42;0.0;0.0;0.0;0.0;0.0;70408.16;0.0;0.0
627;432750;2016-08-24;DAP;K23;2635;2945;3;620;49645768.0;67969.43;67803.84;5.98;5.98;5.98;5.98;5.98;67790.11;0.0;0.0
628;432751;2016-08-24;DAP;Q24;2990;2990;0;0;0.0;63597.89;63507.71;0.0;0.0;0.0;0.0;0.0;63494.85;0.0;0.0
629;432752;2016-08-24;DAP;Q26;0;0;0;0;0.0;56888.24;56732.69;0.0;0.0;0.0;0.0;0.0;56721.2;0.0;0.0
630;432753;2016-08-24;DAP;Q30;0;0;0;0;0.0;47110.57;46742.81;0.0;0.0;0.0;0.0;0.0;46733.34;0.0;0.0
631;432754;2016-08-25;DAP;U16;500;1520;7;2000;235128484.0;99571.35;99582.97;8.05;8.05;8.45;8.26;8.45;99550.35;0.0;0.0
632;432755;2016-08-25;DAP;V16;400;400;0;0;0.0;98828.86;98895.62;0.0;0.0;0.0;0.0;0.0;98863.22;0.0;0.0
633;432756;2016-08-25;DAP;X16;0;0;0;0;0.0;98153.07;98259.53;0.0;0.0;0.0;0.0;0.0;98227.34;0.0;0.0
634;432757;2016-08-25;DAP;F17;300;300;1;500;57300975.0;97037.91;97083.22;8.0;8.0;8.0;8.0;8.0;97051.42;0.0;0.0
635;432758;2016-08-25;DAP;K17;7020;7020;0;0;0.0;95676.65;95699.65;0.0;0.0;0.0;0.0;0.0;95668.3;0.0;0.0
636;432759;2016-08-25;DAP;Q18;14941;14941;0;0;0.0;88779.9;88779.74;0.0;0.0;0.0;0.0;0.0;88750.66;0.0;0.0
637;432760;2016-08-25;DAP;K19;18859;18859;0;0;0.0;85162.42;85171.65;0.0;0.0;0.0;0.0;0.0;85143.75;0.0;0.0
638;432761;2016-08-25;DAP;Q20;2090;2090;0;0;0.0;79190.46;79159.91;0.0;0.0;0.0;0.0;0.0;79133.98;0.0;0.0
639;432762;2016-08-25;DAP;K21;3584;3584;0;0;0.0;75848.16;75774.81;0.0;0.0;0.0;0.0;0.0;75749.99;0.0;0.0
640;432763;2016-08-25;DAP;Q22;2700;2700;0;0;0.0;70422.42;70408.3;0.0;0.0;0.0;0.0;0.0;70385.23;0.0;0.0
641;432764;2016-08-25;DAP;K23;2945;2950;1;5;400085.0;67803.84;67785.26;6.0;6.0;6.0;6.0;6.0;67763.05;0.0;0.0
642;432765;2016-08-25;DAP;Q24;2990;2990;0;0;0.0;63507.71;63434.98;0.0;0.0;0.0;0.0;0.0;63414.2;0.0;0.0
643;432766;2016-08-25;DAP;Q26;0;0;0;0;0.0;56732.69;56699.39;0.0;0.0;0.0;0.0;0.0;56680.82;0.0;0.0
644;432767;2016-08-25;DAP;Q30;0;0;0;0;0.0;46742.81;46574.46;0.0;0.0;0.0;0.0;0.0;46559.2;0.0;0.0
645;432768;2016-08-26;DAP;U16;1520;1520;0;0;0.0;99582.97;99596.33;0.0;0.0;0.0;0.0;0.0;99563.49;0.0;0.0
646;432769;2016-08-26;DAP;V16;400;400;0;0;0.0;98895.62;98897.45;0.0;0.0;0.0;0.0;0.0;98864.84;0.0;0.0
647;432770;2016-08-26;DAP;X16;0;0;0;0;0.0;98259.53;98241.31;0.0;0.0;0.0;0.0;0.0;98208.92;0.0;0.0
648;432771;2016-08-26;DAP;F17;300;300;0;0;0.0;97083.22;97078.49;0.0;0.0;0.0;0.0;0.0;97046.48;0.0;0.0
649;432772;2016-08-26;DAP;K17;7020;7020;0;0;0.0;95699.65;95799.51;0.0;0.0;0.0;0.0;0.0;95767.93;0.0;0.0
650;432773;2016-08-26;DAP;Q18;14941;15261;3;320;33544986.0;88779.74;88573.51;6.28;6.28;6.35;6.3;6.35;88544.31;0.0;0.0
651;432774;2016-08-26;DAP;K19;18859;18579;4;340;34127591.0;85171.65;84890.95;6.23;6.23;6.25;6.24;6.25;84862.96;0.0;0.0
652;432775;2016-08-26;DAP;Q20;2090;2090;0;0;0.0;79159.91;78972.76;0.0;0.0;0.0;0.0;0.0;78946.72;0.0;0.0
653;432776;2016-08-26;DAP;K21;3584;3584;0;0;0.0;75774.81;75458.9;0.0;0.0;0.0;0.0;0.0;75434.02;0.0;0.0
654;432777;2016-08-26;DAP;Q22;2700;2700;0;0;0.0;70408.3;70110.52;0.0;0.0;0.0;0.0;0.0;70087.41;0.0;0.0
655;432778;2016-08-26;DAP;K23;2950;2895;3;105;8365936.0;67785.26;67502.99;6.07;6.07;6.08;6.07;6.08;67480.73;0.0;0.0
656;432779;2016-08-26;DAP;Q24;2990;2990;0;0;0.0;63434.98;63165.3;0.0;0.0;0.0;0.0;0.0;63144.47;0.0;0.0
657;432780;2016-08-26;DAP;Q26;0;0;0;0;0.0;56699.39;56341.31;0.0;0.0;0.0;0.0;0.0;56322.73;0.0;0.0
658;432781;2016-08-26;DAP;Q30;0;0;0;0;0.0;46574.46;46218.41;0.0;0.0;0.0;0.0;0.0;46203.17;0.0;0.0
659;432782;2016-08-29;DAP;U16;1520;1520;0;0;0.0;99596.33;99634.21;0.0;0.0;0.0;0.0;0.0;99601.36;0.0;0.0
660;432783;2016-08-29;DAP;V16;400;400;0;0;0.0;98897.45;98947.33;0.0;0.0;0.0;0.0;0.0;98914.71;0.0;0.0
661;432784;2016-08-29;DAP;X16;0;0;0;0;0.0;98241.31;98302.72;0.0;0.0;0.0;0.0;0.0;98270.31;0.0;0.0
662;432785;2016-08-29;DAP;F17;300;300;0;0;0.0;97078.49;97159.88;0.0;0.0;0.0;0.0;0.0;97127.85;0.0;0.0
663;432786;2016-08-29;DAP;K17;7020;7020;0;0;0.0;95799.51;95734.92;0.0;0.0;0.0;0.0;0.0;95703.36;0.0;0.0
664;432787;2016-08-29;DAP;Q18;15261;16266;5;1005;105147616.0;88573.51;88579.19;6.42;6.42;6.44;6.43;6.44;88549.99;0.0;0.0
665;432788;2016-08-29;DAP;K19;18579;18579;0;0;0.0;84890.95;84954.4;0.0;0.0;0.0;0.0;0.0;84926.39;0.0;0.0
666;432789;2016-08-29;DAP;Q20;2090;2090;0;0;0.0;78972.76;78962.18;0.0;0.0;0.0;0.0;0.0;78936.15;0.0;0.0
667;432790;2016-08-29;DAP;K21;3584;3584;0;0;0.0;75458.9;75576.83;0.0;0.0;0.0;0.0;0.0;75551.91;0.0;0.0
668;432791;2016-08-29;DAP;Q22;2700;2700;0;0;0.0;70110.52;70284.13;0.0;0.0;0.0;0.0;0.0;70260.96;0.0;0.0
669;432792;2016-08-29;DAP;K23;2895;2895;2;100;7968350.0;67502.99;67731.46;6.08;6.08;6.08;6.08;6.08;67709.13;0.0;0.0
670;432793;2016-08-29;DAP;Q24;2990;2990;0;0;0.0;63165.3;63369.13;0.0;0.0;0.0;0.0;0.0;63348.24;0.0;0.0
671;432794;2016-08-29;DAP;Q26;0;0;0;0;0.0;56341.31;56565.91;0.0;0.0;0.0;0.0;0.0;56547.26;0.0;0.0
672;432795;2016-08-29;DAP;Q30;0;0;0;0;0.0;46218.41;46472.44;0.0;0.0;0.0;0.0;0.0;46457.12;0.0;0.0
673;432796;2016-08-30;DAP;U16;1520;1520;0;0;0.0;99634.21;99667.39;0.0;0.0;0.0;0.0;0.0;99634.52;0.0;0.0
674;432797;2016-08-30;DAP;V16;400;400;0;0;0.0;98947.33;98967.36;0.0;0.0;0.0;0.0;0.0;98934.72;0.0;0.0
675;432798;2016-08-30;DAP;X16;0;0;0;0;0.0;98302.72;98325.76;0.0;0.0;0.0;0.0;0.0;98293.33;0.0;0.0
676;432799;2016-08-30;DAP;F17;300;300;0;0;0.0;97159.88;97169.03;0.0;0.0;0.0;0.0;0.0;97136.98;0.0;0.0
677;432800;2016-08-30;DAP;K17;7020;8020;13;1300;147074356.0;95734.92;95783.81;6.45;6.45;6.45;6.45;6.45;95752.22;0.0;0.0
678;432801;2016-08-30;DAP;Q18;16266;16266;2;20;2093007.0;88579.19;88487.95;6.44;6.44;6.44;6.44;6.44;88458.77;0.0;0.0
679;432802;2016-08-30;DAP;K19;18579;18579;2;50;5018366.0;84954.4;84803.86;6.28;6.28;6.28;6.28;6.28;84775.89;0.0;0.0
680;432803;2016-08-30;DAP;Q20;2090;2090;2;40;3731504.0;78962.18;78776.14;6.18;6.18;6.18;6.18;6.18;78750.16;0.0;0.0
681;432804;2016-08-30;DAP;K21;3584;4929;10;1360;121138095.0;75576.83;75395.24;6.17;6.17;6.25;6.22;6.25;75370.38;0.0;0.0
682;432805;2016-08-30;DAP;Q22;2700;3910;4;1210;100080406.0;70284.13;69948.33;6.2;6.2;6.2;6.2;6.2;69925.26;0.0;0.0
683;432806;2016-08-30;DAP;K23;2895;3480;3;920;73320241.0;67731.46;67407.37;6.08;6.08;6.1;6.08;6.1;67385.14;0.0;0.0
684;432807;2016-08-30;DAP;Q24;2990;2990;1;100;7425204.0;63369.13;63005.76;6.04;6.04;6.04;6.04;6.04;62984.98;0.0;0.0
685;432808;2016-08-30;DAP;Q26;0;0;0;0;0.0;56565.91;56156.4;0.0;0.0;0.0;0.0;0.0;56137.88;0.0;0.0
686;432809;2016-08-30;DAP;Q30;0;0;0;0;0.0;46472.44;46238.78;0.0;0.0;0.0;0.0;0.0;46223.53;0.0;0.0
687;432810;2016-08-31;DAP;U16;1520;1520;0;0;0.0;99667.39;99701.66;0.0;0.0;0.0;0.0;0.0;99668.78;0.0;0.0
688;432811;2016-08-31;DAP;V16;400;400;0;0;0.0;98967.36;98994.89;0.0;0.0;0.0;0.0;0.0;98962.24;0.0;0.0
689;432812;2016-08-31;DAP;X16;0;0;0;0;0.0;98325.76;98349.16;0.0;0.0;0.0;0.0;0.0;98316.73;0.0;0.0
690;432813;2016-08-31;DAP;F17;300;300;0;0;0.0;97169.03;97218.89;0.0;0.0;0.0;0.0;0.0;97186.83;0.0;0.0
691;432814;2016-08-31;DAP;K17;8020;8280;1;260;29418352.0;95783.81;95757.88;6.5;6.5;6.5;6.5;6.5;95726.3;0.0;0.0
692;432815;2016-08-31;DAP;Q18;16266;16266;0;0;0.0;88487.95;88477.86;0.0;0.0;0.0;0.0;0.0;88448.68;0.0;0.0
693;432816;2016-08-31;DAP;K19;18579;18490;5;425;42574073.0;84803.86;84867.28;6.38;6.37;6.38;6.37;6.37;84839.29;0.0;0.0
694;432817;2016-08-31;DAP;Q20;2090;2090;0;0;0.0;78776.14;78882.73;0.0;0.0;0.0;0.0;0.0;78856.72;0.0;0.0
695;432818;2016-08-31;DAP;K21;4929;4929;0;0;0.0;75395.24;75512.96;0.0;0.0;0.0;0.0;0.0;75488.06;0.0;0.0
696;432819;2016-08-31;DAP;Q22;3910;3910;0;0;0.0;69948.33;70082.27;0.0;0.0;0.0;0.0;0.0;70059.16;0.0;0.0
697;432820;2016-08-31;DAP;K23;3480;3480;0;0;0.0;67407.37;67507.94;0.0;0.0;0.0;0.0;0.0;67485.68;0.0;0.0
698;432821;2016-08-31;DAP;Q24;2990;2990;0;0;0.0;63005.76;63114.55;0.0;0.0;0.0;0.0;0.0;63093.74;0.0;0.0
699;432822;2016-08-31;DAP;Q26;0;0;0;0;0.0;56156.4;56221.96;0.0;0.0;0.0;0.0;0.0;56203.42;0.0;0.0
700;432823;2016-08-31;DAP;Q30;0;0;0;0;0.0;46238.78;46127.58;0.0;0.0;0.0;0.0;0.0;46112.37;0.0;0.0
701;432824;2016-09-01;DAP;U16;1520;1520;0;0;0.0;99701.66;99735.41;0.0;0.0;0.0;0.0;0.0;99702.51;0.0;0.0
702;432825;2016-09-01;DAP;V16;400;400;0;0;0.0;98994.89;99033.63;0.0;0.0;0.0;0.0;0.0;99000.96;0.0;0.0
703;432826;2016-09-01;DAP;X16;0;0;0;0;0.0;98349.16;98381.92;0.0;0.0;0.0;0.0;0.0;98349.46;0.0;0.0
704;432827;2016-09-01;DAP;F17;300;300;0;0;0.0;97218.89;97265.05;0.0;0.0;0.0;0.0;0.0;97232.96;0.0;0.0
705;432828;2016-09-01;DAP;K17;8280;8280;0;0;0.0;95757.88;95862.25;0.0;0.0;0.0;0.0;0.0;95830.63;0.0;0.0
706;432829;2016-09-01;DAP;Q18;16266;16266;3;565;59260289.0;88477.86;88758.05;6.37;6.36;6.37;6.37;6.36;88728.77;0.0;0.0
707;432830;2016-09-01;DAP;K19;18490;18493;1;200;20136498.0;84867.28;85208.61;6.19;6.19;6.19;6.19;6.19;85180.5;0.0;0.0
708;432831;2016-09-01;DAP;Q20;2090;2090;0;0;0.0;78882.73;79223.79;0.0;0.0;0.0;0.0;0.0;79197.65;0.0;0.0
709;432832;2016-09-01;DAP;K21;4929;4929;0;0;0.0;75512.96;75830.68;0.0;0.0;0.0;0.0;0.0;75805.66;0.0;0.0
710;432833;2016-09-01;DAP;Q22;3910;3910;0;0;0.0;70082.27;70412.47;0.0;0.0;0.0;0.0;0.0;70389.24;0.0;0.0
711;432834;2016-09-01;DAP;K23;3480;3480;0;0;0.0;67507.94;67778.63;0.0;0.0;0.0;0.0;0.0;67756.27;0.0;0.0
712;432835;2016-09-01;DAP;Q24;2990;2990;0;0;0.0;63114.55;63412.62;0.0;0.0;0.0;0.0;0.0;63391.7;0.0;0.0
713;432836;2016-09-01;DAP;Q26;0;0;0;0;0.0;56221.96;56551.63;0.0;0.0;0.0;0.0;0.0;56532.97;0.0;0.0
714;432837;2016-09-01;DAP;Q30;0;0;0;0;0.0;46127.58;45956.34;0.0;0.0;0.0;0.0;0.0;45941.18;0.0;0.0
715;432838;2016-09-02;DAP;U16;1520;1520;0;0;0.0;99735.41;99765.31;0.0;0.0;0.0;0.0;0.0;99732.61;0.0;0.0
716;432839;2016-09-02;DAP;V16;400;400;0;0;0.0;99033.63;99066.57;0.0;0.0;0.0;0.0;0.0;99034.1;0.0;0.0
717;432840;2016-09-02;DAP;X16;0;0;0;0;0.0;98381.92;98423.26;0.0;0.0;0.0;0.0;0.0;98391.0;0.0;0.0
718;432841;2016-09-02;DAP;F17;300;300;0;0;0.0;97265.05;97261.3;0.0;0.0;0.0;0.0;0.0;97229.42;0.0;0.0
719;432842;2016-09-02;DAP;K17;8280;9580;7;1500;169951363.0;95862.25;95867.2;6.41;6.41;6.43;6.43;6.43;95835.78;0.0;0.0
720;432843;2016-09-02;DAP;Q18;16266;16266;1;200;20995968.0;88758.05;88828.03;6.34;6.34;6.34;6.34;6.34;88798.91;0.0;0.0
721;432844;2016-09-02;DAP;K19;18493;18490;4;2395;241334996.0;85208.61;85292.98;6.16;6.16;6.18;6.17;6.18;85265.02;0.0;0.0
722;432845;2016-09-02;DAP;Q20;2090;2090;0;0;0.0;79223.79;79330.33;0.0;0.0;0.0;0.0;0.0;79304.33;0.0;0.0
723;432846;2016-09-02;DAP;K21;4929;4929;0;0;0.0;75830.68;76015.38;0.0;0.0;0.0;0.0;0.0;75990.46;0.0;0.0
724;432847;2016-09-02;DAP;Q22;3910;3910;0;0;0.0;70412.47;70546.82;0.0;0.0;0.0;0.0;0.0;70523.7;0.0;0.0
725;432848;2016-09-02;DAP;K23;3480;3480;0;0;0.0;67778.63;67964.67;0.0;0.0;0.0;0.0;0.0;67942.39;0.0;0.0
726;432849;2016-09-02;DAP;Q24;2990;2990;0;0;0.0;63412.62;63616.72;0.0;0.0;0.0;0.0;0.0;63595.87;0.0;0.0
727;432850;2016-09-02;DAP;Q26;0;0;0;0;0.0;56551.63;56723.46;0.0;0.0;0.0;0.0;0.0;56704.87;0.0;0.0
728;432851;2016-09-02;DAP;Q30;0;265;2;270;14684794.0;45956.34;45605.9;5.81;5.75;5.81;5.75;5.75;45590.95;0.0;0.0
729;432852;2016-09-05;DAP;U16;1520;1520;0;0;0.0;99765.31;99799.93;0.0;0.0;0.0;0.0;0.0;99767.01;0.0;0.0
730;432853;2016-09-05;DAP;V16;400;400;0;0;0.0;99066.57;99094.89;0.0;0.0;0.0;0.0;0.0;99062.2;0.0;0.0
731;432854;2016-09-05;DAP;X16;0;0;0;0;0.0;98423.26;98447.43;0.0;0.0;0.0;0.0;0.0;98414.95;0.0;0.0
732;432855;2016-09-05;DAP;F17;300;300;0;0;0.0;97261.3;97307.48;0.0;0.0;0.0;0.0;0.0;97275.38;0.0;0.0
733;432856;2016-09-05;DAP;K17;9580;9580;0;0;0.0;95867.2;95885.01;0.0;0.0;0.0;0.0;0.0;95853.38;0.0;0.0
734;432857;2016-09-05;DAP;Q18;16266;16266;0;0;0.0;88828.03;88785.47;0.0;0.0;0.0;0.0;0.0;88756.18;0.0;0.0
735;432858;2016-09-05;DAP;K19;18490;18590;5;355;35770664.0;85292.98;85270.61;6.18;6.18;6.2;6.19;6.2;85242.48;0.0;0.0
736;432859;2016-09-05;DAP;Q20;2090;2090;0;0;0.0;79330.33;79290.4;0.0;0.0;0.0;0.0;0.0;79264.24;0.0;0.0
737;432860;2016-09-05;DAP;K21;4929;4929;0;0;0.0;76015.38;76033.29;0.0;0.0;0.0;0.0;0.0;76008.21;0.0;0.0
738;432861;2016-09-05;DAP;Q22;3910;3910;0;0;0.0;70546.82;70563.5;0.0;0.0;0.0;0.0;0.0;70540.22;0.0;0.0
739;432862;2016-09-05;DAP;K23;3480;3480;0;0;0.0;67964.67;67980.49;0.0;0.0;0.0;0.0;0.0;67958.06;0.0;0.0
740;432863;2016-09-05;DAP;Q24;2990;3310;1;320;24051216.0;63616.72;63583.83;5.9;5.9;5.9;5.9;5.9;63562.85;0.0;0.0
741;432864;2016-09-05;DAP;Q26;0;0;0;0;0.0;56723.46;56471.7;0.0;0.0;0.0;0.0;0.0;56453.07;0.0;0.0
742;432865;2016-09-05;DAP;Q30;265;265;0;0;0.0;45605.9;45556.44;0.0;0.0;0.0;0.0;0.0;45541.41;0.0;0.0
743;432866;2016-09-06;DAP;U16;1520;1520;0;0;0.0;99799.93;99835.61;0.0;0.0;0.0;0.0;0.0;99802.67;0.0;0.0
744;432867;2016-09-06;DAP;V16;400;400;0;0;0.0;99094.89;99094.16;0.0;0.0;0.0;0.0;0.0;99061.46;0.0;0.0
745;432868;2016-09-06;DAP;X16;0;0;0;0;0.0;98447.43;98454.9;0.0;0.0;0.0;0.0;0.0;98422.41;0.0;0.0
746;432869;2016-09-06;DAP;F17;300;300;0;0;0.0;97307.48;97337.03;0.0;0.0;0.0;0.0;0.0;97304.91;0.0;0.0
747;432870;2016-09-06;DAP;K17;9580;9580;0;0;0.0;95885.01;95896.62;0.0;0.0;0.0;0.0;0.0;95864.97;0.0;0.0
748;432871;2016-09-06;DAP;Q18;16266;16266;0;0;0.0;88785.47;88823.34;0.0;0.0;0.0;0.0;0.0;88794.03;0.0;0.0
749;432872;2016-09-06;DAP;K19;18590;18800;6;685;69082143.0;85270.61;85333.64;6.2;6.16;6.2;6.18;6.16;85305.48;0.0;0.0
750;432873;2016-09-06;DAP;Q20;2090;2090;0;0;0.0;79290.4;79485.13;0.0;0.0;0.0;0.0;0.0;79458.9;0.0;0.0
751;432874;2016-09-06;DAP;K21;4929;4929;0;0;0.0;76033.29;76151.35;0.0;0.0;0.0;0.0;0.0;76126.22;0.0;0.0
752;432875;2016-09-06;DAP;Q22;3910;3910;0;0;0.0;70563.5;70698.09;0.0;0.0;0.0;0.0;0.0;70674.76;0.0;0.0
753;432876;2016-09-06;DAP;K23;3480;3480;0;0;0.0;67980.49;68081.51;0.0;0.0;0.0;0.0;0.0;68059.04;0.0;0.0
754;432877;2016-09-06;DAP;Q24;3310;3630;2;320;24115289.0;63583.83;63693.28;5.87;5.87;5.87;5.87;5.87;63672.26;0.0;0.0
755;432878;2016-09-06;DAP;Q26;0;0;0;0;0.0;56471.7;56749.37;0.0;0.0;0.0;0.0;0.0;56730.64;0.0;0.0
756;432879;2016-09-06;DAP;Q30;265;265;0;0;0.0;45556.44;45506.98;0.0;0.0;0.0;0.0;0.0;45491.96;0.0;0.0
757;432880;2016-09-08;DAP;U16;1520;1520;0;0;0.0;99835.61;99869.74;0.0;0.0;0.0;0.0;0.0;99836.99;0.0;0.0
758;432881;2016-09-08;DAP;V16;400;400;0;0;0.0;99094.16;99128.56;0.0;0.0;0.0;0.0;0.0;99096.06;0.0;0.0
759;432882;2016-09-08;DAP;X16;0;0;0;0;0.0;98454.9;98504.53;0.0;0.0;0.0;0.0;0.0;98472.23;0.0;0.0
760;432883;2016-09-08;DAP;F17;300;300;0;0;0.0;97337.03;97382.31;0.0;0.0;0.0;0.0;0.0;97350.38;0.0;0.0
761;432884;2016-09-08;DAP;K17;9580;9595;1;15;1701099.0;95896.62;95908.15;6.49;6.49;6.49;6.49;6.49;95876.7;0.0;0.0
762;432885;2016-09-08;DAP;Q18;16266;16266;0;0;0.0;88823.34;88877.01;0.0;0.0;0.0;0.0;0.0;88847.87;0.0;0.0
763;432886;2016-09-08;DAP;K19;18800;18800;0;0;0.0;85333.64;85353.71;0.0;0.0;0.0;0.0;0.0;85325.72;0.0;0.0
764;432887;2016-09-08;DAP;Q20;2090;2090;0;0;0.0;79485.13;79327.51;0.0;0.0;0.0;0.0;0.0;79301.5;0.0;0.0
765;432888;2016-09-08;DAP;K21;4929;4929;0;0;0.0;76151.35;75968.57;0.0;0.0;0.0;0.0;0.0;75943.66;0.0;0.0
766;432889;2016-09-08;DAP;Q22;3910;3910;0;0;0.0;70698.09;70557.14;0.0;0.0;0.0;0.0;0.0;70534.0;0.0;0.0
767;432890;2016-09-08;DAP;K23;3480;3480;0;0;0.0;68081.51;67883.94;0.0;0.0;0.0;0.0;0.0;67861.68;0.0;0.0
768;432891;2016-09-08;DAP;Q24;3630;3630;0;0;0.0;63693.28;63423.22;0.0;0.0;0.0;0.0;0.0;63402.42;0.0;0.0
769;432892;2016-09-08;DAP;Q26;0;0;0;0;0.0;56749.37;56497.46;0.0;0.0;0.0;0.0;0.0;56478.93;0.0;0.0
770;432893;2016-09-08;DAP;Q30;265;265;0;0;0.0;45506.98;45338.53;0.0;0.0;0.0;0.0;0.0;45323.66;0.0;0.0
771;432894;2016-09-09;DAP;U16;1520;1520;0;0;0.0;99861.72;99902.49;0.0;0.0;0.0;0.0;0.0;99870.15;0.0;0.0
772;432895;2016-09-09;DAP;V16;400;400;0;0;0.0;99120.61;99117.84;0.0;0.0;0.0;0.0;0.0;99085.76;0.0;0.0
773;432896;2016-09-09;DAP;X16;0;0;0;0;0.0;98496.62;98545.18;0.0;0.0;0.0;0.0;0.0;98513.28;0.0;0.0
774;432897;2016-09-09;DAP;F17;300;300;0;0;0.0;97374.49;97414.44;0.0;0.0;0.0;0.0;0.0;97382.91;0.0;0.0
775;432898;2016-09-09;DAP;K17;9595;9595;0;0;0.0;95900.45;95919.64;0.0;0.0;0.0;0.0;0.0;95888.59;0.0;0.0
776;432899;2016-09-09;DAP;Q18;16266;16266;0;0;0.0;88869.88;88770.32;0.0;0.0;0.0;0.0;0.0;88741.59;0.0;0.0
777;432900;2016-09-09;DAP;K19;18800;18960;1;160;16107952.0;85346.86;85118.31;6.28;6.28;6.28;6.28;6.28;85090.76;0.0;0.0
778;432901;2016-09-09;DAP;Q20;2090;2090;0;0;0.0;79321.14;79083.02;0.0;0.0;0.0;0.0;0.0;79057.42;0.0;0.0
779;432902;2016-09-09;DAP;K21;4929;4929;1;25;2232120.0;75962.47;75422.34;6.24;6.24;6.24;6.24;6.24;75397.93;0.0;0.0
780;432903;2016-09-09;DAP;Q22;3910;3910;0;0;0.0;70551.47;70104.18;0.0;0.0;0.0;0.0;0.0;70081.49;0.0;0.0
781;432904;2016-09-09;DAP;K23;3480;3480;2;85;6770933.0;67878.49;67222.93;6.14;6.14;6.14;6.14;6.14;67201.17;0.0;0.0
782;432905;2016-09-09;DAP;Q24;3630;3630;0;0;0.0;63418.12;62966.82;0.0;0.0;0.0;0.0;0.0;62946.44;0.0;0.0
783;432906;2016-09-09;DAP;Q26;0;0;0;0;0.0;56492.92;55984.94;0.0;0.0;0.0;0.0;0.0;55966.82;0.0;0.0
784;432907;2016-09-09;DAP;Q30;265;265;0;0;0.0;45334.89;44876.01;0.0;0.0;0.0;0.0;0.0;44861.48;0.0;0.0
785;432908;2016-09-12;DAP;U16;1520;1520;0;0;0.0;99902.49;99930.47;0.0;0.0;0.0;0.0;0.0;99897.9;0.0;0.0
786;432909;2016-09-12;DAP;V16;400;400;0;0;0.0;99117.84;99163.1;0.0;0.0;0.0;0.0;0.0;99130.78;9.6;9.9
787;432910;2016-09-12;DAP;X16;0;0;0;0;0.0;98545.18;98530.8;0.0;0.0;0.0;0.0;0.0;98498.69;9.05;9.6
788;432911;2016-09-12;DAP;F17;300;300;0;0;0.0;97414.44;97384.85;0.0;0.0;0.0;0.0;0.0;97353.11;8.1;8.15
789;432912;2016-09-12;DAP;K17;9595;9595;0;0;0.0;95919.64;95919.95;0.0;0.0;0.0;0.0;0.0;95888.69;6.53;6.57
790;432913;2016-09-12;DAP;Q18;16266;16266;0;0;0.0;88770.32;88856.34;0.0;0.0;0.0;0.0;0.0;88827.38;6.37;6.4
791;432914;2016-09-12;DAP;K19;18960;18960;1;10;1007775.0;85118.31;85308.93;6.26;6.26;6.26;6.26;6.26;85281.13;6.18;6.22
792;432915;2016-09-12;DAP;Q20;2090;2090;0;0;0.0;79083.02;79131.17;0.0;0.0;0.0;0.0;0.0;79105.38;6.15;6.21
793;432916;2016-09-12;DAP;K21;4929;4929;0;0;0.0;75422.34;75638.95;0.0;0.0;0.0;0.0;0.0;75614.3;6.17;6.22
794;432917;2016-09-12;DAP;Q22;3910;3910;0;0;0.0;70104.18;70199.01;0.0;0.0;0.0;0.0;0.0;70176.13;6.16;6.22
795;432918;2016-09-12;DAP;K23;3480;3480;0;0;0.0;67222.93;67449.53;0.0;0.0;0.0;0.0;0.0;67427.55;6.1;6.15
796;432919;2016-09-12;DAP;Q24;3630;3630;0;0;0.0;62966.82;63169.35;0.0;0.0;0.0;0.0;0.0;63148.76;0.0;0.0
797;432920;2016-09-12;DAP;Q26;0;0;0;0;0.0;55984.94;56207.5;0.0;0.0;0.0;0.0;0.0;56189.18;0.0;0.0
798;432921;2016-09-12;DAP;Q30;265;265;0;0;0.0;44876.01;45062.99;0.0;0.0;0.0;0.0;0.0;45048.3;0.0;0.0
799;432922;2016-09-13;DAP;U16;1520;1520;0;0;0.0;99930.47;99963.56;0.0;0.0;0.0;0.0;0.0;99931.19;0.0;0.0
800;432923;2016-09-13;DAP;V16;400;400;0;0;0.0;99163.1;99263.65;0.0;0.0;0.0;0.0;0.0;99231.51;0.0;0.0
801;432924;2016-09-13;DAP;X16;0;0;0;0;0.0;98530.8;98606.17;0.0;0.0;0.0;0.0;0.0;98574.24;0.0;0.0
802;432925;2016-09-13;DAP;F17;300;300;0;0;0.0;97384.85;97405.45;0.0;0.0;0.0;0.0;0.0;97373.91;0.0;0.0
803;432926;2016-09-13;DAP;K17;9595;9595;0;0;0.0;95919.95;95937.93;0.0;0.0;0.0;0.0;0.0;95906.87;0.0;0.0
804;432927;2016-09-13;DAP;Q18;16266;16266;0;0;0.0;88856.34;88814.25;0.0;0.0;0.0;0.0;0.0;88785.49;0.0;0.0
805;432928;2016-09-13;DAP;K19;18960;18960;2;700;70610400.0;85308.93;85223.04;6.24;6.24;6.24;6.24;6.24;85195.45;0.0;0.0
806;432929;2016-09-13;DAP;Q20;2090;2090;0;0;0.0;79131.17;78975.43;0.0;0.0;0.0;0.0;0.0;78949.86;0.0;0.0
807;432930;2016-09-13;DAP;K21;4929;4929;0;0;0.0;75638.95;75326.97;0.0;0.0;0.0;0.0;0.0;75302.58;0.0;0.0
808;432931;2016-09-13;DAP;Q22;3910;3910;0;0;0.0;70199.01;69711.18;0.0;0.0;0.0;0.0;0.0;69688.61;0.0;0.0
809;432932;2016-09-13;DAP;K23;3480;3131;2;360;28721659.0;67449.53;66919.81;6.15;6.13;6.15;6.13;6.13;66898.14;0.0;0.0
810;432933;2016-09-13;DAP;Q24;3630;3630;0;0;0.0;63169.35;62576.14;0.0;0.0;0.0;0.0;0.0;62555.88;0.0;0.0
811;432934;2016-09-13;DAP;Q26;0;0;0;0;0.0;56207.5;55646.69;0.0;0.0;0.0;0.0;0.0;55628.67;0.0;0.0
812;432935;2016-09-13;DAP;Q30;265;265;0;0;0.0;45062.99;44603.94;0.0;0.0;0.0;0.0;0.0;44589.5;0.0;0.0
813;432936;2016-09-14;DAP;U16;1520;1520;0;0;0.0;99963.56;99997.25;0.0;0.0;0.0;0.0;0.0;99964.65;0.0;0.0
814;432937;2016-09-14;DAP;V16;400;400;0;0;0.0;99263.65;99297.17;0.0;0.0;0.0;0.0;0.0;99264.8;9.85;10.0
815;432938;2016-09-14;DAP;X16;0;0;0;0;0.0;98606.17;98639.33;0.0;0.0;0.0;0.0;0.0;98607.17;9.05;9.65
816;432939;2016-09-14;DAP;F17;300;300;0;0;0.0;97405.45;97438.84;0.0;0.0;0.0;0.0;0.0;97407.08;8.1;8.15
817;432940;2016-09-14;DAP;K17;9595;9595;0;0;0.0;95937.93;95938.72;0.0;0.0;0.0;0.0;0.0;95907.44;6.58;6.62
818;432941;2016-09-14;DAP;Q18;16266;16266;0;0;0.0;88814.25;88884.13;0.0;0.0;0.0;0.0;0.0;88855.15;6.39;6.41
819;432942;2016-09-14;DAP;K19;18960;18960;2;275;27745137.0;85223.04;85243.73;6.25;6.25;6.25;6.25;6.25;85215.94;6.23;6.26
820;432943;2016-09-14;DAP;Q20;2090;2090;0;0;0.0;78975.43;78878.67;0.0;0.0;0.0;0.0;0.0;78852.96;6.25;6.31
821;432944;2016-09-14;DAP;K21;4929;4929;0;0;0.0;75326.97;75444.11;0.0;0.0;0.0;0.0;0.0;75419.52;6.24;6.3
822;432945;2016-09-14;DAP;Q22;3910;3910;0;0;0.0;69711.18;69882.97;0.0;0.0;0.0;0.0;0.0;69860.19;6.25;6.31
823;432946;2016-09-14;DAP;K23;3131;3131;0;0;0.0;66919.81;67019.62;0.0;0.0;0.0;0.0;0.0;66997.77;6.2;6.26
824;432947;2016-09-14;DAP;Q24;3630;3630;0;0;0.0;62576.14;62684.08;0.0;0.0;0.0;0.0;0.0;62663.65;0.0;0.0
825;432948;2016-09-14;DAP;Q26;0;0;0;0;0.0;55646.69;55711.78;0.0;0.0;0.0;0.0;0.0;55693.62;0.0;0.0
826;432949;2016-09-14;DAP;Q30;265;265;0;0;0.0;44603.94;44672.72;0.0;0.0;0.0;0.0;0.0;44658.16;0.0;0.0
827;432950;2016-09-15;DAP;U16;1520;0;0;0;0.0;99997.25;;0.0;0.0;0.0;0.0;0.0;100000.0;0.0;0.0
828;432951;2016-09-15;DAP;V16;400;400;0;0;0.0;99297.17;99261.33;0.0;0.0;0.0;0.0;0.0;99223.94;0.0;0.0
829;432952;2016-09-15;DAP;X16;0;0;0;0;0.0;98639.33;98615.42;0.0;0.0;0.0;0.0;0.0;98578.28;0.0;0.0
830;432953;2016-09-15;DAP;F17;300;300;0;0;0.0;97438.84;97443.87;0.0;0.0;0.0;0.0;0.0;97407.17;0.0;0.0
831;432954;2016-09-15;DAP;K17;9595;9595;0;0;0.0;95938.72;95973.74;0.0;0.0;0.0;0.0;0.0;95937.59;0.0;0.0
832;432955;2016-09-15;DAP;Q18;16266;16266;0;0;0.0;88884.13;88974.08;0.0;0.0;0.0;0.0;0.0;88940.57;0.0;0.0
833;432956;2016-09-15;DAP;K19;18960;18960;2;600;60576450.0;85243.73;85374.39;6.24;6.24;6.24;6.24;6.24;85342.23;0.0;0.0
834;432957;2016-09-15;DAP;Q20;2090;2090;0;0;0.0;78878.67;78988.58;0.0;0.0;0.0;0.0;0.0;78958.83;0.0;0.0
835;432958;2016-09-15;DAP;K21;4929;4929;0;0;0.0;75444.11;75532.02;0.0;0.0;0.0;0.0;0.0;75503.57;0.0;0.0
836;432959;2016-09-15;DAP;Q22;3910;3910;0;0;0.0;69882.97;69980.88;0.0;0.0;0.0;0.0;0.0;69954.52;0.0;0.0
837;432960;2016-09-15;DAP;K23;3131;3436;2;305;24249137.0;67019.62;67122.74;6.2;6.2;6.2;6.2;6.2;67097.46;0.0;0.0
838;432961;2016-09-15;DAP;Q24;3630;3630;0;0;0.0;62684.08;62655.49;0.0;0.0;0.0;0.0;0.0;62631.89;0.0;0.0
839;432962;2016-09-15;DAP;Q26;0;0;0;0;0.0;55711.78;55675.83;0.0;0.0;0.0;0.0;0.0;55654.86;0.0;0.0
840;432963;2016-09-15;DAP;Q30;265;265;0;0;0.0;44672.72;44626.93;0.0;0.0;0.0;0.0;0.0;44610.12;0.0;0.0
841;432964;2016-09-16;DAP;V16;400;400;0;0;0.0;99261.33;99283.82;0.0;0.0;0.0;0.0;0.0;99246.42;0.0;0.0
842;432965;2016-09-16;DAP;X16;0;0;0;0;0.0;98615.42;98626.95;0.0;0.0;0.0;0.0;0.0;98589.8;0.0;0.0
843;432966;2016-09-16;DAP;Z16;0;0;0;0;0.0;98615.42;98061.88;0.0;0.0;0.0;0.0;0.0;98024.94;0.0;0.0
844;432967;2016-09-16;DAP;F17;300;300;0;0;0.0;97443.87;97474.35;0.0;0.0;0.0;0.0;0.0;97437.64;0.0;0.0
845;432968;2016-09-16;DAP;K17;9595;9595;0;0;0.0;95973.74;95998.02;0.0;0.0;0.0;0.0;0.0;95961.86;0.0;0.0
846;432969;2016-09-16;DAP;Q18;16266;16266;0;0;0.0;88974.08;89043.49;0.0;0.0;0.0;0.0;0.0;89009.95;0.0;0.0
847;432970;2016-09-16;DAP;K19;18960;18560;6;600;60690090.0;85374.39;85437.09;6.18;6.18;6.18;6.18;6.18;85404.91;0.0;0.0
848;432971;2016-09-16;DAP;Q20;2090;2090;0;0;0.0;78988.58;79065.51;0.0;0.0;0.0;0.0;0.0;79035.73;0.0;0.0
849;432972;2016-09-16;DAP;K21;4929;4929;0;0;0.0;75532.02;75649.05;0.0;0.0;0.0;0.0;0.0;75620.56;0.0;0.0
850;432973;2016-09-16;DAP;Q22;3910;3910;0;0;0.0;69980.88;70075.26;0.0;0.0;0.0;0.0;0.0;70048.87;0.0;0.0
851;432974;2016-09-16;DAP;K23;3436;3436;0;0;0.0;67122.74;67222.53;0.0;0.0;0.0;0.0;0.0;67197.21;0.0;0.0
852;432975;2016-09-16;DAP;Q24;3630;3630;0;0;0.0;62655.49;62856.56;0.0;0.0;0.0;0.0;0.0;62832.88;0.0;0.0
853;432976;2016-09-16;DAP;Q26;0;0;0;0;0.0;55675.83;55844.68;0.0;0.0;0.0;0.0;0.0;55823.65;0.0;0.0
854;432977;2016-09-16;DAP;Q30;265;265;0;0;0.0;44626.93;44462.66;0.0;0.0;0.0;0.0;0.0;44445.91;0.0;0.0
855;432978;2016-09-19;DAP;V16;400;400;0;0;0.0;99283.82;99301.19;0.0;0.0;0.0;0.0;0.0;99263.58;10.2;10.4
856;432979;2016-09-19;DAP;X16;0;395;3;500;58388004.0;98626.95;98614.79;9.47;9.47;9.7;9.65;9.7;98577.44;9.7;9.8
857;432980;2016-09-19;DAP;Z16;0;0;0;0;0.0;98061.88;98066.21;0.0;0.0;0.0;0.0;0.0;98029.07;8.5;9.0
858;432981;2016-09-19;DAP;F17;300;300;0;0;0.0;97474.35;97525.58;0.0;0.0;0.0;0.0;0.0;97488.64;8.05;8.2
859;432982;2016-09-19;DAP;K17;9595;9595;0;0;0.0;95998.02;96016.71;0.0;0.0;0.0;0.0;0.0;95980.34;6.6;6.62
860;432983;2016-09-19;DAP;Q18;16266;16346;1;80;8442897.0;89043.49;89097.09;6.29;6.29;6.29;6.29;6.29;89063.34;6.29;6.32
861;432984;2016-09-19;DAP;K19;18560;18410;2;150;15189648.0;85437.09;85499.9;6.15;6.15;6.15;6.15;6.15;85467.52;6.15;6.18
862;432985;2016-09-19;DAP;Q20;2090;2090;0;0;0.0;79065.51;79142.58;0.0;0.0;0.0;0.0;0.0;79112.6;6.18;6.24
863;432986;2016-09-19;DAP;K21;4929;4929;0;0;0.0;75649.05;75766.29;0.0;0.0;0.0;0.0;0.0;75737.59;6.16;6.2
864;432987;2016-09-19;DAP;Q22;3910;3910;0;0;0.0;70075.26;70286.43;0.0;0.0;0.0;0.0;0.0;70259.81;6.16;6.22
865;432988;2016-09-19;DAP;K23;3436;3436;0;0;0.0;67222.53;67448.51;0.0;0.0;0.0;0.0;0.0;67422.96;6.11;6.16
866;432989;2016-09-19;DAP;Q24;3630;3630;0;0;0.0;62856.56;62871.41;0.0;0.0;0.0;0.0;0.0;62847.6;0.0;0.0
867;432990;2016-09-19;DAP;Q26;0;0;0;0;0.0;55844.68;55961.97;0.0;0.0;0.0;0.0;0.0;55940.77;0.0;0.0
868;432991;2016-09-19;DAP;Q30;265;265;0;0;0.0;44462.66;44531.2;0.0;0.0;0.0;0.0;0.0;44514.33;0.0;0.0
869;432992;2016-09-20;DAP;V16;400;0;0;0;0.0;99301.19;99346.27;0.0;0.0;0.0;0.0;0.0;99308.64;10.2;10.5
870;432993;2016-09-20;DAP;X16;395;0;0;0;0.0;98614.79;98678.18;0.0;0.0;0.0;0.0;0.0;98640.8;9.8;10.0
871;432994;2016-09-20;DAP;Z16;0;0;0;0;0.0;98066.21;98113.55;0.0;0.0;0.0;0.0;0.0;98076.39;8.65;9.15
872;432995;2016-09-20;DAP;F17;300;0;0;0;0.0;97525.58;97555.83;0.0;0.0;0.0;0.0;0.0;97518.88;8.03;8.23
873;432996;2016-09-20;DAP;K17;9595;0;0;0;0.0;96016.71;96041.03;0.0;0.0;0.0;0.0;0.0;96004.65;6.56;6.62
874;432997;2016-09-20;DAP;Q18;16346;0;2;200;21115430.0;89097.09;89150.41;6.29;6.29;6.29;6.29;6.29;89116.64;6.28;6.29
875;432998;2016-09-20;DAP;K19;18410;0;0;0;0.0;85499.9;85499.06;0.0;0.0;0.0;0.0;0.0;85466.68;6.14;6.19
876;432999;2016-09-20;DAP;Q20;2090;0;0;0;0.0;79142.58;79219.44;0.0;0.0;0.0;0.0;0.0;79189.43;6.16;6.22
877;433000;2016-09-20;DAP;K21;4929;0;3;160;14366370.0;75766.29;75850.37;6.16;6.16;6.18;6.18;6.18;75821.64;6.14;6.2
878;433001;2016-09-20;DAP;Q22;3910;0;0;0;0.0;70286.43;70264.31;0.0;0.0;0.0;0.0;0.0;70237.7;6.17;6.23
879;433002;2016-09-20;DAP;K23;3436;0;3;170;13582212.0;67448.51;67422.45;6.14;6.14;6.14;6.14;6.14;67396.91;6.12;6.18
880;433003;2016-09-20;DAP;Q24;3630;0;0;0;0.0;62871.41;62792.96;0.0;0.0;0.0;0.0;0.0;62769.18;0.0;0.0
881;433004;2016-09-20;DAP;Q26;0;0;0;0;0.0;55961.97;55819.01;0.0;0.0;0.0;0.0;0.0;55797.87;0.0;0.0
882;433005;2016-09-20;DAP;Q30;265;0;0;0;0.0;44531.2;44541.53;0.0;0.0;0.0;0.0;0.0;44524.66;0.0;0.0
883;433006;2016-09-21;DAP;V16;400;400;0;0;0.0;99346.06;99378.28;0.0;0.0;0.0;0.0;0.0;99340.84;10.45;10.65
884;433007;2016-09-21;DAP;X16;395;395;0;0;0.0;98677.97;98693.68;0.0;0.0;0.0;0.0;0.0;98656.5;9.9;10.3
885;433008;2016-09-21;DAP;Z16;0;0;0;0;0.0;98113.35;98112.42;0.0;0.0;0.0;0.0;0.0;98075.46;8.75;9.45
886;433009;2016-09-21;DAP;F17;300;300;0;0;0.0;97555.63;97502.97;0.0;0.0;0.0;0.0;0.0;97466.23;8.32;8.52
887;433010;2016-09-21;DAP;K17;9595;9595;0;0;0.0;96040.82;96053.72;0.0;0.0;0.0;0.0;0.0;96017.53;6.58;6.64
888;433011;2016-09-21;DAP;Q18;16546;16576;1;30;3169110.0;89150.22;89171.81;6.28;6.28;6.28;6.28;6.28;89138.21;6.27;6.3
889;433012;2016-09-21;DAP;K19;18410;18410;0;0;0.0;85498.88;85561.42;0.0;0.0;0.0;0.0;0.0;85529.18;6.13;6.16
890;433013;2016-09-21;DAP;Q20;2090;2090;0;0;0.0;79219.27;79325.1;0.0;0.0;0.0;0.0;0.0;79295.21;6.15;6.18
891;433014;2016-09-21;DAP;K21;5064;5064;0;0;0.0;75850.21;76066.6;0.0;0.0;0.0;0.0;0.0;76037.94;6.08;6.12
892;433015;2016-09-21;DAP;Q22;3910;3910;0;0;0.0;70264.17;70553.45;0.0;0.0;0.0;0.0;0.0;70526.87;6.1;6.16
893;433016;2016-09-21;DAP;K23;3592;3592;0;0;0.0;67422.31;67648.54;0.0;0.0;0.0;0.0;0.0;67623.05;6.07;6.13
894;433017;2016-09-21;DAP;Q24;3630;3630;0;0;0.0;62792.83;63227.99;0.0;0.0;0.0;0.0;0.0;63204.17;0.0;0.0
895;433018;2016-09-21;DAP;Q26;0;0;0;0;0.0;55818.89;56249.04;0.0;0.0;0.0;0.0;0.0;56227.85;0.0;0.0
896;433019;2016-09-21;DAP;Q30;265;445;1;180;9610648.0;44541.44;45078.41;5.93;5.93;5.93;5.93;5.93;45061.43;0.0;0.0
897;433020;2016-09-22;DAP;V16;400;400;0;0;0.0;99378.28;99416.81;0.0;0.0;0.0;0.0;0.0;99348.12;10.85;11.7
898;433021;2016-09-22;DAP;X16;395;395;0;0;0.0;98693.68;98728.68;0.0;0.0;0.0;0.0;0.0;98660.47;10.1;10.65
899;433022;2016-09-22;DAP;Z16;0;0;0;0;0.0;98112.42;98129.28;0.0;0.0;0.0;0.0;0.0;98061.48;9.0;9.7
900;433023;2016-09-22;DAP;F17;300;300;0;0;0.0;97502.97;97497.3;0.0;0.0;0.0;0.0;0.0;97429.94;8.56;8.7
901;433024;2016-09-22;DAP;K17;9595;9625;1;50;5688403.0;96053.72;96074.21;6.68;6.68;6.68;6.68;6.68;96007.83;6.68;6.69
902;433025;2016-09-22;DAP;Q18;16576;16576;2;295;31175060.0;89171.81;89205.65;6.28;6.28;6.28;6.28;6.28;89144.02;6.28;6.33
903;433026;2016-09-22;DAP;K19;18410;18410;2;65;6591388.0;85561.42;85671.88;6.14;6.14;6.14;6.14;6.14;85612.69;6.11;6.14
904;433027;2016-09-22;DAP;Q20;2090;2140;1;50;4709895.0;79325.1;79513.96;6.1;6.1;6.1;6.1;6.1;79459.02;6.09;6.14
905;433028;2016-09-22;DAP;K21;5064;5064;0;0;0.0;76066.6;76240.98;0.0;0.0;0.0;0.0;0.0;76188.3;6.06;6.09
906;433029;2016-09-22;DAP;Q22;3910;3910;0;0;0.0;70553.45;70826.82;0.0;0.0;0.0;0.0;0.0;70777.88;6.06;6.1
907;433030;2016-09-22;DAP;K23;3592;3592;0;0;0.0;67648.54;67981.32;0.0;0.0;0.0;0.0;0.0;67934.35;6.01;6.03
908;433031;2016-09-22;DAP;Q24;3630;3630;0;0;0.0;63227.99;63497.45;0.0;0.0;0.0;0.0;0.0;63453.58;0.0;0.0
909;433032;2016-09-22;DAP;Q26;0;0;0;0;0.0;56249.04;56647.54;0.0;0.0;0.0;0.0;0.0;56608.4;0.0;0.0
910;433033;2016-09-22;DAP;Q30;445;445;1;10;539737.0;45078.41;45339.16;5.85;5.85;5.85;5.85;5.85;45307.83;0.0;0.0
911;433034;2016-09-23;DAP;V16;400;400;0;0;0.0;99416.81;99391.32;0.0;0.0;0.0;0.0;0.0;99348.85;0.0;0.0
912;433035;2016-09-23;DAP;X16;395;395;0;0;0.0;98728.68;98652.6;0.0;0.0;0.0;0.0;0.0;98610.44;0.0;0.0
913;433036;2016-09-23;DAP;Z16;0;0;0;0;0.0;98129.28;98015.51;0.0;0.0;0.0;0.0;0.0;97973.63;0.0;0.0
914;433037;2016-09-23;DAP;F17;300;300;0;0;0.0;97497.3;97492.61;0.0;0.0;0.0;0.0;0.0;97450.95;0.0;0.0
915;433038;2016-09-23;DAP;K17;9625;9625;2;200;22761010.0;96074.21;96090.43;6.64;6.64;6.64;6.64;6.64;96049.37;0.0;0.0
916;433039;2016-09-23;DAP;Q18;16576;16576;0;0;0.0;89205.65;89203.75;0.0;0.0;0.0;0.0;0.0;89165.63;0.0;0.0
917;433040;2016-09-23;DAP;K19;18410;18410;2;540;54790003.0;85671.88;85711.66;6.12;6.12;6.12;6.12;6.12;85675.03;0.0;0.0
918;433041;2016-09-23;DAP;Q20;2140;2140;0;0;0.0;79513.96;79482.67;0.0;0.0;0.0;0.0;0.0;79448.71;0.0;0.0
919;433042;2016-09-23;DAP;K21;5064;5064;0;0;0.0;76240.98;76172.44;0.0;0.0;0.0;0.0;0.0;76139.89;0.0;0.0
920;433043;2016-09-23;DAP;Q22;3910;3910;0;0;0.0;70826.82;70707.4;0.0;0.0;0.0;0.0;0.0;70677.19;0.0;0.0
921;433044;2016-09-23;DAP;K23;3592;3882;5;355;28578793.0;67981.32;68021.52;6.03;6.02;6.05;6.03;6.05;67992.45;0.0;0.0
922;433045;2016-09-23;DAP;Q24;3630;3630;0;0;0.0;63497.45;63589.48;0.0;0.0;0.0;0.0;0.0;63562.31;0.0;0.0
923;433046;2016-09-23;DAP;Q26;0;0;0;0;0.0;56647.54;56803.92;0.0;0.0;0.0;0.0;0.0;56779.65;0.0;0.0
924;433047;2016-09-23;DAP;Q30;445;445;0;0;0.0;45339.16;45515.5;0.0;0.0;0.0;0.0;0.0;45496.05;0.0;0.0
925;433048;2016-09-26;DAP;V16;400;400;0;0;0.0;99391.32;99498.58;0.0;0.0;0.0;0.0;0.0;99455.85;0.0;0.0
926;433049;2016-09-26;DAP;X16;395;395;0;0;0.0;98652.6;98741.72;0.0;0.0;0.0;0.0;0.0;98699.32;0.0;0.0
927;433050;2016-09-26;DAP;Z16;0;0;0;0;0.0;98015.51;98174.95;0.0;0.0;0.0;0.0;0.0;98132.79;0.0;0.0
928;433051;2016-09-26;DAP;F17;300;300;0;0;0.0;97492.61;97585.48;0.0;0.0;0.0;0.0;0.0;97543.58;0.0;0.0
929;433052;2016-09-26;DAP;K17;9625;9680;5;560;63714634.0;96090.43;96042.22;6.65;6.65;6.8;6.74;6.74;96000.98;0.0;0.0
930;433053;2016-09-26;DAP;Q18;16576;16206;2;370;39117106.0;89203.75;89225.56;6.28;6.28;6.28;6.28;6.28;89187.25;0.0;0.0
931;433054;2016-09-26;DAP;K19;18410;19225;2;815;82658905.0;85711.66;85795.21;6.15;6.15;6.15;6.15;6.15;85758.37;0.0;0.0
932;433055;2016-09-26;DAP;Q20;2140;2140;0;0;0.0;79482.67;79646.68;0.0;0.0;0.0;0.0;0.0;79612.48;0.0;0.0
933;433056;2016-09-26;DAP;K21;5064;5064;2;15;1352500.0;76172.44;76223.57;6.11;6.11;6.11;6.11;6.11;76190.84;0.0;0.0
934;433057;2016-09-26;DAP;Q22;3910;3910;0;0;0.0;70707.4;70607.16;0.0;0.0;0.0;0.0;0.0;70576.84;0.0;0.0
935;433058;2016-09-26;DAP;K23;3882;3890;2;20;1610758.0;68021.52;67952.85;6.03;6.03;6.03;6.03;6.03;67923.67;0.0;0.0
936;433059;2016-09-26;DAP;Q24;3630;3630;0;0;0.0;63589.48;63510.01;0.0;0.0;0.0;0.0;0.0;63482.74;0.0;0.0
937;433060;2016-09-26;DAP;Q26;0;0;0;0;0.0;56803.92;56658.66;0.0;0.0;0.0;0.0;0.0;56634.33;0.0;0.0
938;433061;2016-09-26;DAP;Q30;445;445;0;0;0.0;45515.5;45525.88;0.0;0.0;0.0;0.0;0.0;45506.33;0.0;0.0
939;433062;2016-09-27;DAP;V16;400;400;0;0;0.0;99498.58;99517.38;0.0;0.0;0.0;0.0;0.0;99474.65;0.0;0.0
940;433063;2016-09-27;DAP;X16;395;395;0;0;0.0;98741.72;98777.4;0.0;0.0;0.0;0.0;0.0;98734.98;0.0;0.0
941;433064;2016-09-27;DAP;Z16;0;0;0;0;0.0;98174.95;98208.59;0.0;0.0;0.0;0.0;0.0;98166.42;0.0;0.0
942;433065;2016-09-27;DAP;F17;300;300;0;0;0.0;97585.48;97625.16;0.0;0.0;0.0;0.0;0.0;97583.24;0.0;0.0
943;433066;2016-09-27;DAP;K17;9680;9745;3;230;26184428.0;96042.22;96106.2;6.7;6.7;6.7;6.7;6.7;96064.93;0.0;0.0
944;433067;2016-09-27;DAP;Q18;16206;15655;2;595;62970004.0;89225.56;89310.0;6.24;6.24;6.24;6.24;6.24;89271.65;0.0;0.0
945;433068;2016-09-27;DAP;K19;19225;19225;2;550;55910217.0;85795.21;85857.41;6.07;6.07;6.07;6.07;6.07;85820.54;0.0;0.0
946;433069;2016-09-27;DAP;Q20;2140;2140;0;0;0.0;79646.68;79636.29;0.0;0.0;0.0;0.0;0.0;79602.09;0.0;0.0
947;433070;2016-09-27;DAP;K21;5064;5064;0;0;0.0;76223.57;76241.43;0.0;0.0;0.0;0.0;0.0;76208.69;0.0;0.0
948;433071;2016-09-27;DAP;Q22;3910;4010;1;100;8375181.0;70607.16;70779.82;6.11;6.11;6.11;6.11;6.11;70749.43;0.0;0.0
949;433072;2016-09-27;DAP;K23;3890;3890;1;50;4028214.0;67952.85;68095.54;6.03;6.03;6.03;6.03;6.03;68066.3;0.0;0.0
950;433073;2016-09-27;DAP;Q24;3630;3950;2;320;24205129.0;63510.01;63665.88;5.89;5.89;5.89;5.89;5.89;63638.54;0.0;0.0
951;433074;2016-09-27;DAP;Q26;0;0;0;0;0.0;56658.66;56777.12;0.0;0.0;0.0;0.0;0.0;56752.74;0.0;0.0
952;433075;2016-09-27;DAP;Q30;445;445;0;0;0.0;45525.88;45834.48;0.0;0.0;0.0;0.0;0.0;45814.8;0.0;0.0
953;433076;2016-09-28;DAP;V16;400;400;0;0;0.0;99517.38;99562.0;0.0;0.0;0.0;0.0;0.0;99519.25;0.0;0.0
954;433077;2016-09-28;DAP;X16;395;395;0;0;0.0;98777.4;98845.16;0.0;0.0;0.0;0.0;0.0;98802.71;0.0;0.0
955;433078;2016-09-28;DAP;Z16;0;0;0;0;0.0;98208.59;98293.51;0.0;0.0;0.0;0.0;0.0;98251.3;0.0;0.0
956;433079;2016-09-28;DAP;F17;300;300;0;0;0.0;97625.16;97721.0;0.0;0.0;0.0;0.0;0.0;97679.04;0.0;0.0
957;433080;2016-09-28;DAP;K17;9745;9745;0;0;0.0;96106.2;96153.11;0.0;0.0;0.0;0.0;0.0;96111.82;0.0;0.0
958;433081;2016-09-28;DAP;Q18;15655;15755;2;110;11649506.0;89310.0;89409.97;6.22;6.22;6.22;6.22;6.22;89371.58;0.0;0.0
959;433082;2016-09-28;DAP;K19;19225;19485;4;280;28528384.0;85857.41;86003.84;6.0;5.99;6.0;5.99;5.99;85966.91;0.0;0.0
960;433083;2016-09-28;DAP;Q20;2140;2140;0;0;0.0;79636.29;79741.97;0.0;0.0;0.0;0.0;0.0;79707.73;0.0;0.0
961;433084;2016-09-28;DAP;K21;5064;5064;0;0;0.0;76241.43;76424.82;0.0;0.0;0.0;0.0;0.0;76392.0;0.0;0.0
962;433085;2016-09-28;DAP;Q22;4010;4010;0;0;0.0;70779.82;70952.77;0.0;0.0;0.0;0.0;0.0;70922.3;0.0;0.0
963;433086;2016-09-28;DAP;K23;3890;3890;0;0;0.0;68095.54;68196.02;0.0;0.0;0.0;0.0;0.0;68166.74;0.0;0.0
964;433087;2016-09-28;DAP;Q24;3950;3950;0;0;0.0;63665.88;63727.6;0.0;0.0;0.0;0.0;0.0;63700.23;0.0;0.0
965;433088;2016-09-28;DAP;Q26;0;0;0;0;0.0;56777.12;56842.89;0.0;0.0;0.0;0.0;0.0;56818.48;0.0;0.0
966;433089;2016-09-28;DAP;Q30;445;445;0;0;0.0;45834.48;45964.66;0.0;0.0;0.0;0.0;0.0;45944.92;0.0;0.0
967;433090;2016-09-29;DAP;V16;400;400;0;0;0.0;99562.0;99584.34;0.0;0.0;0.0;0.0;0.0;99541.58;0.0;0.0
968;433091;2016-09-29;DAP;X16;395;395;0;0;0.0;98845.16;98884.58;0.0;0.0;0.0;0.0;0.0;98842.12;0.0;0.0
969;433092;2016-09-29;DAP;Z16;0;0;0;0;0.0;98293.51;98326.23;0.0;0.0;0.0;0.0;0.0;98284.01;0.0;0.0
970;433093;2016-09-29;DAP;F17;300;300;0;0;0.0;97721.0;97759.56;0.0;0.0;0.0;0.0;0.0;97717.58;0.0;0.0
971;433094;2016-09-29;DAP;K17;9745;9745;0;0;0.0;96153.11;96183.22;0.0;0.0;0.0;0.0;0.0;96141.92;0.0;0.0
972;433095;2016-09-29;DAP;Q18;15755;15755;0;0;0.0;89409.97;89415.69;0.0;0.0;0.0;0.0;0.0;89377.29;0.0;0.0
973;433096;2016-09-29;DAP;K19;19485;19645;1;160;16303396.0;86003.84;86002.64;6.0;6.0;6.0;6.0;6.0;85965.71;0.0;0.0
974;433097;2016-09-29;DAP;Q20;2140;2140;0;0;0.0;79741.97;79702.58;0.0;0.0;0.0;0.0;0.0;79668.35;0.0;0.0
975;433098;2016-09-29;DAP;K21;5064;5644;3;1010;91418621.0;76424.82;76244.11;6.04;6.04;6.05;6.04;6.05;76211.37;0.0;0.0
976;433099;2016-09-29;DAP;Q22;4010;4010;0;0;0.0;70952.77;70774.04;0.0;0.0;0.0;0.0;0.0;70743.65;0.0;0.0
977;433100;2016-09-29;DAP;K23;3890;3890;0;0;0.0;68196.02;68000.31;0.0;0.0;0.0;0.0;0.0;67971.11;0.0;0.0
978;433101;2016-09-29;DAP;Q24;3950;3950;0;0;0.0;63727.6;63459.86;0.0;0.0;0.0;0.0;0.0;63432.61;0.0;0.0
979;433102;2016-09-29;DAP;Q26;0;0;0;0;0.0;56842.89;56697.6;0.0;0.0;0.0;0.0;0.0;56673.25;0.0;0.0
980;433103;2016-09-29;DAP;Q30;445;445;0;0;0.0;45964.66;45855.03;0.0;0.0;0.0;0.0;0.0;45835.34;0.0;0.0
981;433104;2016-09-30;DAP;V16;400;400;0;0;0.0;99584.34;99665.66;0.0;0.0;0.0;0.0;0.0;99622.86;0.0;0.0
982;433105;2016-09-30;DAP;X16;395;395;0;0;0.0;98884.58;98933.53;0.0;0.0;0.0;0.0;0.0;98891.05;0.0;0.0
983;433106;2016-09-30;DAP;Z16;0;0;0;0;0.0;98326.23;98390.11;0.0;0.0;0.0;0.0;0.0;98347.86;0.0;0.0
984;433107;2016-09-30;DAP;F17;300;300;0;0;0.0;97759.56;97824.14;0.0;0.0;0.0;0.0;0.0;97782.13;0.0;0.0
985;433108;2016-09-30;DAP;K17;9745;9745;0;0;0.0;96183.22;96284.57;0.0;0.0;0.0;0.0;0.0;96243.22;0.0;0.0
986;433109;2016-09-30;DAP;Q18;15755;16020;2;265;28117893.0;89415.69;89484.03;6.15;6.15;6.15;6.15;6.15;89445.6;0.0;0.0
987;433110;2016-09-30;DAP;K19;19645;19805;8;3915;399542036.0;86002.64;86127.76;5.95;5.95;5.95;5.95;5.95;86090.78;0.0;0.0
988;433111;2016-09-30;DAP;Q20;2140;2140;0;0;0.0;79702.58;79982.4;0.0;0.0;0.0;0.0;0.0;79948.05;0.0;0.0
989;433112;2016-09-30;DAP;K21;5644;5644;1;40;3620826.0;76244.11;76394.15;6.05;6.05;6.05;6.05;6.05;76361.35;0.0;0.0
990;433113;2016-09-30;DAP;Q22;4010;4010;0;0;0.0;70774.04;70868.67;0.0;0.0;0.0;0.0;0.0;70838.24;0.0;0.0
991;433114;2016-09-30;DAP;K23;3890;3890;0;0;0.0;68000.31;68269.89;0.0;0.0;0.0;0.0;0.0;68240.57;0.0;0.0
992;433115;2016-09-30;DAP;Q24;3950;3950;0;0;0.0;63459.86;63568.4;0.0;0.0;0.0;0.0;0.0;63541.1;0.0;0.0
993;433116;2016-09-30;DAP;Q26;0;0;0;0;0.0;56697.6;56763.27;0.0;0.0;0.0;0.0;0.0;56738.89;0.0;0.0
994;433117;2016-09-30;DAP;Q30;445;445;0;0;0.0;45855.03;46105.42;0.0;0.0;0.0;0.0;0.0;46085.62;0.0;0.0
995;433118;2016-10-03;DAP;V16;400;400;0;0;0.0;99665.66;99707.87;0.0;0.0;0.0;0.0;0.0;99665.04;0.0;0.0
996;433119;2016-10-03;DAP;X16;395;395;0;0;0.0;98933.53;98976.54;0.0;0.0;0.0;0.0;0.0;98934.03;0.0;0.0
997;433120;2016-10-03;DAP;Z16;0;0;0;0;0.0;98390.11;98442.06;0.0;0.0;0.0;0.0;0.0;98399.78;0.0;0.0
998;433121;2016-10-03;DAP;F17;300;300;0;0;0.0;97824.14;97885.28;0.0;0.0;0.0;0.0;0.0;97843.24;0.0;0.0
999;433122;2016-10-03;DAP;K17;9745;9745;0;0;0.0;96284.57;96319.58;0.0;0.0;0.0;0.0;0.0;96278.21;0.0;0.0
1000;433123;2016-10-03;DAP;Q18;16020;16020;0;0;0.0;89484.03;89646.11;0.0;0.0;0.0;0.0;0.0;89607.61;0.0;0.0
1001;433124;2016-10-03;DAP;K19;19805;20075;3;270;27597242.0;86127.76;86252.81;5.9;5.9;5.9;5.9;5.9;86215.76;0.0;0.0
1002;433125;2016-10-03;DAP;Q20;2140;2140;0;0;0.0;79982.4;80204.56;0.0;0.0;0.0;0.0;0.0;80170.11;0.0;0.0
1003;433126;2016-10-03;DAP;K21;5644;5644;0;0;0.0;76394.15;76643.77;0.0;0.0;0.0;0.0;0.0;76610.85;0.0;0.0
1004;433127;2016-10-03;DAP;Q22;4010;4010;0;0;0.0;70868.67;71315.87;0.0;0.0;0.0;0.0;0.0;71285.24;0.0;0.0
1005;433128;2016-10-03;DAP;K23;3890;3855;2;35;2839252.0;68269.89;68625.54;5.94;5.94;5.94;5.94;5.94;68596.06;0.0;0.0
1006;433129;2016-10-03;DAP;Q24;3950;3950;0;0;0.0;63568.4;64244.6;0.0;0.0;0.0;0.0;0.0;64217.01;0.0;0.0
1007;433130;2016-10-03;DAP;Q26;0;0;0;0;0.0;56763.27;57252.78;0.0;0.0;0.0;0.0;0.0;57228.19;0.0;0.0
1008;433131;2016-10-03;DAP;Q30;445;265;0;0;0.0;46105.42;46417.71;0.0;0.0;0.0;0.0;0.0;46397.77;0.0;0.0
1009;433132;2016-10-04;DAP;V16;400;400;0;0;0.0;99707.87;99692.18;0.0;0.0;0.0;0.0;0.0;99649.36;11.65;11.8
1010;433133;2016-10-04;DAP;X16;395;395;0;0;0.0;98976.54;98984.11;0.0;0.0;0.0;0.0;0.0;98941.59;9.5;10.05
1011;433134;2016-10-04;DAP;Z16;0;0;0;0;0.0;98442.06;98371.77;0.0;0.0;0.0;0.0;0.0;98329.52;8.5;8.9
1012;433135;2016-10-04;DAP;F17;300;632;2;350;40620342.0;97885.28;97914.93;7.88;7.88;7.88;7.88;7.88;97872.87;7.83;8.03
1013;433136;2016-10-04;DAP;K17;9745;9900;2;160;18269947.0;96319.58;96349.04;6.48;6.48;6.48;6.48;6.48;96307.66;6.48;6.53
1014;433137;2016-10-04;DAP;Q18;16020;16040;3;290;30821676.0;89646.11;89604.71;6.09;6.09;6.13;6.09;6.13;89566.22;6.13;6.15
1015;433138;2016-10-04;DAP;K19;20075;20255;4;380;38840128.0;86252.81;86188.3;5.89;5.89;5.94;5.91;5.94;86151.28;5.94;5.95
1016;433139;2016-10-04;DAP;Q20;2140;2140;0;0;0.0;80204.56;79990.25;0.0;0.0;0.0;0.0;0.0;79955.89;5.98;6.02
1017;433140;2016-10-04;DAP;K21;5644;5644;0;0;0.0;76643.77;76628.29;0.0;0.0;0.0;0.0;0.0;76595.38;5.96;6.02
1018;433141;2016-10-04;DAP;Q22;4010;4010;0;0;0.0;71315.87;71175.42;0.0;0.0;0.0;0.0;0.0;71144.85;5.98;6.04
1019;433142;2016-10-04;DAP;K23;3855;3855;0;0;0.0;68625.54;68428.56;0.0;0.0;0.0;0.0;0.0;68399.17;5.92;5.98
1020;433143;2016-10-04;DAP;Q24;3950;3950;0;0;0.0;64244.6;63974.62;0.0;0.0;0.0;0.0;0.0;63947.14;0.0;0.0
1021;433144;2016-10-04;DAP;Q26;0;0;0;0;0.0;57252.78;57106.37;0.0;0.0;0.0;0.0;0.0;57081.84;0.0;0.0
1022;433145;2016-10-04;DAP;Q30;265;265;0;0;0.0;46417.71;46065.81;0.0;0.0;0.0;0.0;0.0;46046.02;0.0;0.0
1023;433146;2016-10-05;DAP;V16;400;400;0;0;0.0;99692.18;99735.96;0.0;0.0;0.0;0.0;0.0;99693.12;11.7;12.1
1024;433147;2016-10-05;DAP;X16;395;395;0;0;0.0;98984.11;99052.62;0.0;0.0;0.0;0.0;0.0;99010.08;9.45;10.05
1025;433148;2016-10-05;DAP;Z16;0;0;0;0;0.0;98371.77;98515.98;0.0;0.0;0.0;0.0;0.0;98473.67;8.4;9.05
1026;433149;2016-10-05;DAP;F17;632;632;0;0;0.0;97914.93;97959.72;0.0;0.0;0.0;0.0;0.0;97917.64;7.88;7.97
1027;433150;2016-10-05;DAP;K17;9900;9900;0;0;0.0;96349.04;96362.28;0.0;0.0;0.0;0.0;0.0;96320.89;6.47;6.53
1028;433151;2016-10-05;DAP;Q18;16040;16040;1;30;3187989.0;89604.71;89688.25;6.12;6.12;6.12;6.12;6.12;89649.73;6.08;6.12
1029;433152;2016-10-05;DAP;K19;20255;20525;6;890;90989767.0;86188.3;86313.07;5.93;5.89;5.93;5.92;5.89;86276.0;5.85;5.89
1030;433153;2016-10-05;DAP;Q20;2140;2140;0;0;0.0;79990.25;80182.94;0.0;0.0;0.0;0.0;0.0;80148.5;5.9;5.96
1031;433154;2016-10-05;DAP;K21;5644;5644;0;0;0.0;76628.29;76845.0;0.0;0.0;0.0;0.0;0.0;76811.99;5.9;5.96
1032;433155;2016-10-05;DAP;Q22;4010;4010;0;0;0.0;71175.42;71427.25;0.0;0.0;0.0;0.0;0.0;71396.57;5.92;5.98
1033;433156;2016-10-05;DAP;K23;3855;3550;2;310;25271918.0;68428.56;68741.99;5.93;5.87;5.93;5.87;5.87;68712.46;5.85;5.91
1034;433157;2016-10-05;DAP;Q24;3950;4270;2;320;24323712.0;63974.62;64273.45;5.85;5.85;5.85;5.85;5.85;64245.84;0.0;0.0
1035;433158;2016-10-05;DAP;Q26;0;680;2;680;46079309.0;57106.37;57385.03;5.86;5.86;5.86;5.86;5.86;57360.38;0.0;0.0
1036;433159;2016-10-05;DAP;Q30;265;265;0;0;0.0;46065.81;46498.85;0.0;0.0;0.0;0.0;0.0;46478.88;0.0;0.0
1037;433160;2016-10-06;DAP;V16;400;400;0;0;0.0;99735.96;99859.02;0.0;0.0;0.0;0.0;0.0;99725.24;12.25;12.7
1038;433161;2016-10-06;DAP;X16;395;395;0;0;0.0;99052.62;99177.58;0.0;0.0;0.0;0.0;0.0;99044.71;9.85;10.3
1039;433162;2016-10-06;DAP;Z16;0;0;0;0;0.0;98515.98;98647.56;0.0;0.0;0.0;0.0;0.0;98515.4;8.35;9.0
1040;433163;2016-10-06;DAP;F17;632;632;0;0;0.0;97959.72;98098.4;0.0;0.0;0.0;0.0;0.0;97966.98;7.8;7.89
1041;433164;2016-10-06;DAP;K17;9900;10955;3;1275;145632259.0;96362.28;96442.08;6.55;6.55;6.55;6.55;6.55;96312.88;6.55;6.57
1042;433165;2016-10-06;DAP;Q18;16040;16630;3;1605;170821165.0;89688.25;89791.09;6.06;6.05;6.06;6.05;6.05;89670.8;6.07;6.12
1043;433166;2016-10-06;DAP;K19;20525;21030;10;1275;130393054.0;86313.07;86348.35;5.89;5.89;5.92;5.92;5.92;86232.67;5.91;5.92
1044;433167;2016-10-06;DAP;Q20;2140;2140;2;570;54208293.0;80182.94;80187.19;5.92;5.92;5.92;5.92;5.92;80079.76;5.93;5.99
1045;433168;2016-10-06;DAP;K21;5644;5644;0;0;0.0;76845.0;76733.55;0.0;0.0;0.0;0.0;0.0;76630.75;5.97;5.99
1046;433169;2016-10-06;DAP;Q22;4010;4010;0;0;0.0;71427.25;71390.9;0.0;0.0;0.0;0.0;0.0;71295.26;5.98;6.01
1047;433170;2016-10-06;DAP;K23;3550;3550;0;0;0.0;68741.99;68649.83;0.0;0.0;0.0;0.0;0.0;68557.86;5.89;5.95
1048;433171;2016-10-06;DAP;Q24;4270;4270;0;0;0.0;64273.45;64204.04;0.0;0.0;0.0;0.0;0.0;64118.03;0.0;0.0
1049;433172;2016-10-06;DAP;Q26;680;680;0;0;0.0;57385.03;57290.51;0.0;0.0;0.0;0.0;0.0;57213.76;0.0;0.0
1050;433173;2016-10-06;DAP;Q30;265;265;0;0;0.0;46498.85;46430.16;0.0;0.0;0.0;0.0;0.0;46367.96;0.0;0.0
1051;433174;2016-10-07;DAP;V16;400;400;0;0;0.0;99859.02;99816.89;0.0;0.0;0.0;0.0;0.0;99768.34;0.0;0.0
1052;433175;2016-10-07;DAP;X16;395;395;0;0;0.0;99177.58;99133.98;0.0;0.0;0.0;0.0;0.0;99085.76;0.0;0.0
1053;433176;2016-10-07;DAP;Z16;0;0;0;0;0.0;98647.56;98591.39;0.0;0.0;0.0;0.0;0.0;98543.44;0.0;0.0
1054;433177;2016-10-07;DAP;F17;632;632;0;0;0.0;98098.4;98029.11;0.0;0.0;0.0;0.0;0.0;97981.43;0.0;0.0
1055;433178;2016-10-07;DAP;K17;10955;13505;13;2550;291213570.0;96442.08;96330.96;6.63;6.63;6.66;6.65;6.66;96284.11;0.0;0.0
1056;433179;2016-10-07;DAP;Q18;16630;19015;5;2390;254267656.0;89791.09;89751.05;6.05;6.05;6.11;6.09;6.09;89707.4;0.0;0.0
1057;433180;2016-10-07;DAP;K19;21030;22115;7;1625;166282200.0;86348.35;86315.27;5.91;5.9;5.91;5.91;5.91;86273.29;0.0;0.0
1058;433181;2016-10-07;DAP;Q20;2140;2140;0;0;0.0;80187.19;80195.14;0.0;0.0;0.0;0.0;0.0;80156.14;0.0;0.0
1059;433182;2016-10-07;DAP;K21;5644;5644;0;0;0.0;76733.55;76685.75;0.0;0.0;0.0;0.0;0.0;76648.45;0.0;0.0
1060;433183;2016-10-07;DAP;Q22;4010;4010;0;0;0.0;71390.9;71307.22;0.0;0.0;0.0;0.0;0.0;71272.54;0.0;0.0
1061;433184;2016-10-07;DAP;K23;3550;3245;2;305;24912686.0;68649.83;68649.38;5.85;5.85;5.85;5.85;5.85;68615.99;0.0;0.0
1062;433185;2016-10-07;DAP;Q24;4270;4270;0;0;0.0;64204.04;64258.51;0.0;0.0;0.0;0.0;0.0;64227.26;0.0;0.0
1063;433186;2016-10-07;DAP;Q26;680;680;0;0;0.0;57290.51;57414.06;0.0;0.0;0.0;0.0;0.0;57386.14;0.0;0.0
1064;433187;2016-10-07;DAP;Q30;265;265;0;0;0.0;46430.16;46521.99;0.0;0.0;0.0;0.0;0.0;46499.36;0.0;0.0
1065;433188;2016-10-10;DAP;V16;400;400;0;0;0.0;99816.89;99889.65;0.0;0.0;0.0;0.0;0.0;99841.07;0.0;0.0
1066;433189;2016-10-10;DAP;X16;395;395;0;0;0.0;99133.98;99127.46;0.0;0.0;0.0;0.0;0.0;99079.25;0.0;0.0
1067;433190;2016-10-10;DAP;Z16;0;0;0;0;0.0;98591.39;98606.6;0.0;0.0;0.0;0.0;0.0;98558.64;0.0;0.0
1068;433191;2016-10-10;DAP;F17;632;632;0;0;0.0;98029.11;98070.6;0.0;0.0;0.0;0.0;0.0;98022.9;0.0;0.0
1069;433192;2016-10-10;DAP;K17;13505;13505;0;0;0.0;96330.96;96350.34;0.0;0.0;0.0;0.0;0.0;96303.48;0.0;0.0
1070;433193;2016-10-10;DAP;Q18;19015;19545;3;530;56341957.0;89751.05;89663.62;6.1;6.1;6.1;6.1;6.1;89620.01;0.0;0.0
1071;433194;2016-10-10;DAP;K19;22115;22395;8;570;58268641.0;86315.27;86251.28;5.89;5.89;5.95;5.92;5.95;86209.33;0.0;0.0
1072;433195;2016-10-10;DAP;Q20;2140;2140;0;0;0.0;80195.14;80155.54;0.0;0.0;0.0;0.0;0.0;80116.56;0.0;0.0
1073;433196;2016-10-10;DAP;K21;5644;6984;3;1340;121995918.0;76685.75;76802.68;5.94;5.94;5.94;5.94;5.94;76765.33;0.0;0.0
1074;433197;2016-10-10;DAP;Q22;4010;4010;0;0;0.0;71307.22;71402.03;0.0;0.0;0.0;0.0;0.0;71367.3;0.0;0.0
1075;433198;2016-10-10;DAP;K23;3245;4725;3;1500;122214585.0;68649.38;68835.28;5.88;5.88;5.88;5.88;5.88;68801.8;0.0;0.0
1076;433199;2016-10-10;DAP;Q24;4270;4270;0;0;0.0;64258.51;64272.96;0.0;0.0;0.0;0.0;0.0;64241.7;0.0;0.0
1077;433200;2016-10-10;DAP;Q26;680;680;0;0;0.0;57414.06;57373.72;0.0;0.0;0.0;0.0;0.0;57345.82;0.0;0.0
1078;433201;2016-10-10;DAP;Q30;265;265;0;0;0.0;46521.99;46653.78;0.0;0.0;0.0;0.0;0.0;46631.09;0.0;0.0
1079;433202;2016-10-11;DAP;V16;400;400;0;0;0.0;99889.65;99928.09;0.0;0.0;0.0;0.0;0.0;99879.49;0.0;0.0
1080;433203;2016-10-11;DAP;X16;395;395;0;0;0.0;99127.46;99173.89;0.0;0.0;0.0;0.0;0.0;99125.66;0.0;0.0
1081;433204;2016-10-11;DAP;Z16;0;0;0;0;0.0;98606.6;98635.24;0.0;0.0;0.0;0.0;0.0;98587.27;0.0;0.0
1082;433205;2016-10-11;DAP;F17;632;632;0;0;0.0;98070.6;98092.69;0.0;0.0;0.0;0.0;0.0;98044.98;0.0;0.0
1083;433206;2016-10-11;DAP;K17;13505;13605;4;1375;156971416.0;96350.34;96390.74;6.65;6.65;6.65;6.65;6.65;96343.86;0.0;0.0
1084;433207;2016-10-11;DAP;Q18;19545;19545;0;0;0.0;89663.62;89669.44;0.0;0.0;0.0;0.0;0.0;89625.83;0.0;0.0
1085;433208;2016-10-11;DAP;K19;22395;22555;2;160;16352958.0;86251.28;86291.94;5.94;5.94;5.94;5.94;5.94;86249.97;0.0;0.0
1086;433209;2016-10-11;DAP;Q20;2140;2370;2;230;21817100.0;80155.54;80087.19;5.99;5.99;5.99;5.99;5.99;80048.24;0.0;0.0
1087;433210;2016-10-11;DAP;K21;6984;9074;8;4690;426435058.0;76802.68;76853.43;5.98;5.97;5.98;5.98;5.98;76816.05;0.0;0.0
1088;433211;2016-10-11;DAP;Q22;4010;4010;0;0;0.0;71402.03;71457.65;0.0;0.0;0.0;0.0;0.0;71422.9;0.0;0.0
1089;433212;2016-10-11;DAP;K23;4725;6725;4;2000;162995920.0;68835.28;68893.49;5.88;5.88;5.88;5.88;5.88;68859.98;0.0;0.0
1090;433213;2016-10-11;DAP;Q24;4270;4910;4;640;48606144.0;64272.96;64145.35;5.87;5.86;5.87;5.87;5.86;64114.15;0.0;0.0
1091;433214;2016-10-11;DAP;Q26;680;680;4;600;40612245.0;57373.72;57227.29;5.87;5.87;5.88;5.87;5.88;57199.46;0.0;0.0
1092;433215;2016-10-11;DAP;Q30;265;265;0;0;0.0;46653.78;46481.86;0.0;0.0;0.0;0.0;0.0;46459.25;0.0;0.0
1093;433216;2016-10-13;DAP;V16;400;400;0;0;0.0;99928.09;99966.76;0.0;0.0;0.0;0.0;0.0;99918.14;0.0;0.0
1094;433217;2016-10-13;DAP;X16;395;395;0;0;0.0;99173.89;99223.58;0.0;0.0;0.0;0.0;0.0;99175.32;0.0;0.0
1095;433218;2016-10-13;DAP;Z16;0;0;0;0;0.0;98635.24;98665.59;0.0;0.0;0.0;0.0;0.0;98617.6;0.0;0.0
1096;433219;2016-10-13;DAP;F17;632;632;0;0;0.0;98092.69;98119.68;0.0;0.0;0.0;0.0;0.0;98071.96;0.0;0.0
1097;433220;2016-10-13;DAP;K17;13605;13105;3;500;57097265.0;96390.74;96410.13;6.65;6.65;6.65;6.65;6.65;96363.24;0.0;0.0
1098;433221;2016-10-13;DAP;Q18;19545;19545;0;0;0.0;89669.44;89690.74;0.0;0.0;0.0;0.0;0.0;89647.12;0.0;0.0
1099;433222;2016-10-13;DAP;K19;22555;23095;5;810;82822302.0;86291.94;86311.71;5.93;5.93;5.94;5.93;5.94;86269.73;0.0;0.0
1100;433223;2016-10-13;DAP;Q20;2370;2370;0;0;0.0;80087.19;80163.47;0.0;0.0;0.0;0.0;0.0;80124.48;0.0;0.0
1101;433224;2016-10-13;DAP;K21;9074;9334;2;260;23724305.0;76853.43;76937.25;5.9;5.9;5.9;5.9;5.9;76899.83;0.0;0.0
1102;433225;2016-10-13;DAP;Q22;4010;4010;0;0;0.0;71457.65;71552.5;0.0;0.0;0.0;0.0;0.0;71517.7;0.0;0.0
1103;433226;2016-10-13;DAP;K23;6725;6725;0;0;0.0;68893.49;68866.44;0.0;0.0;0.0;0.0;0.0;68832.95;0.0;0.0
1104;433227;2016-10-13;DAP;Q24;4910;4910;0;0;0.0;64145.35;64159.84;0.0;0.0;0.0;0.0;0.0;64128.64;0.0;0.0
1105;433228;2016-10-13;DAP;Q26;680;680;0;0;0.0;57227.29;57293.28;0.0;0.0;0.0;0.0;0.0;57265.41;0.0;0.0
1106;433229;2016-10-13;DAP;Q30;265;265;0;0;0.0;46481.86;46552.75;0.0;0.0;0.0;0.0;0.0;46530.11;0.0;0.0
1107;433230;2016-10-14;DAP;V16;400;400;0;0;0.0;99966.76;100005.67;0.0;0.0;0.0;0.0;0.0;99957.03;0.0;0.0
1108;433231;2016-10-14;DAP;X16;395;395;0;0;0.0;99223.58;99257.93;0.0;0.0;0.0;0.0;0.0;99209.65;9.85;10.55
1109;433232;2016-10-14;DAP;Z16;0;0;0;0;0.0;98665.59;98637.02;0.0;0.0;0.0;0.0;0.0;98589.05;8.9;9.55
1110;433233;2016-10-14;DAP;F17;632;632;0;0;0.0;98119.68;98144.45;0.0;0.0;0.0;0.0;0.0;98096.72;7.75;8.0
1111;433234;2016-10-14;DAP;K17;13105;13105;0;0;0.0;96410.13;96445.11;0.0;0.0;0.0;0.0;0.0;96398.2;6.55;6.62
1112;433235;2016-10-14;DAP;Q18;19545;19545;0;0;0.0;89690.74;89696.67;0.0;0.0;0.0;0.0;0.0;89653.04;6.17;6.18
1113;433236;2016-10-14;DAP;K19;23095;23095;2;540;55247367.0;86311.71;86310.65;5.92;5.92;5.92;5.92;5.92;86268.67;5.94;5.96
1114;433237;2016-10-14;DAP;Q20;2370;2370;0;0;0.0;80163.47;80210.8;0.0;0.0;0.0;0.0;0.0;80171.79;5.93;5.99
1115;433238;2016-10-14;DAP;K21;9334;9334;0;0;0.0;76937.25;77087.36;0.0;0.0;0.0;0.0;0.0;77049.87;5.86;5.92
1116;433239;2016-10-14;DAP;Q22;4010;4010;0;0;0.0;71552.5;71608.12;0.0;0.0;0.0;0.0;0.0;71573.29;5.9;5.96
1117;433240;2016-10-14;DAP;K23;6725;7005;3;300;24500166.0;68866.44;68839.48;5.85;5.85;5.86;5.86;5.86;68806.0;5.85;5.91
1118;433241;2016-10-14;DAP;Q24;4910;4910;0;0;0.0;64159.84;64174.34;0.0;0.0;0.0;0.0;0.0;64143.13;0.0;0.0
1119;433242;2016-10-14;DAP;Q26;680;680;0;0;0.0;57293.28;57306.2;0.0;0.0;0.0;0.0;0.0;57278.33;0.0;0.0
1120;433243;2016-10-14;DAP;Q30;265;265;0;0;0.0;46552.75;46502.39;0.0;0.0;0.0;0.0;0.0;46479.77;0.0;0.0
1121;433244;2016-10-17;DAP;V16;400;0;0;0;0.0;100005.67;;0.0;0.0;0.0;0.0;0.0;100000.0;0.0;0.0
1122;433245;2016-10-17;DAP;X16;395;395;0;0;0.0;99257.93;99281.02;0.0;0.0;0.0;0.0;0.0;99245.71;0.0;0.0
1123;433246;2016-10-17;DAP;Z16;0;0;0;0;0.0;98637.02;98658.98;0.0;0.0;0.0;0.0;0.0;98623.89;0.0;0.0
1124;433247;2016-10-17;DAP;F17;632;632;0;0;0.0;98144.45;98161.09;0.0;0.0;0.0;0.0;0.0;98126.18;0.0;0.0
1125;433248;2016-10-17;DAP;K17;13105;13105;0;0;0.0;96445.11;96472.46;0.0;0.0;0.0;0.0;0.0;96438.15;0.0;0.0
1126;433249;2016-10-17;DAP;Q18;19545;19545;0;0;0.0;89696.67;89752.37;0.0;0.0;0.0;0.0;0.0;89720.45;0.0;0.0
1127;433250;2016-10-17;DAP;K19;23095;23620;5;560;57294151.0;86310.65;86319.16;5.94;5.92;5.95;5.93;5.94;86288.46;0.0;0.0
1128;433251;2016-10-17;DAP;Q20;2370;2370;0;0;0.0;80210.8;80218.74;0.0;0.0;0.0;0.0;0.0;80190.21;0.0;0.0
1129;433252;2016-10-17;DAP;K21;9334;9334;0;0;0.0;77087.36;77127.93;0.0;0.0;0.0;0.0;0.0;77100.5;0.0;0.0
1130;433253;2016-10-17;DAP;Q22;4010;4010;0;0;0.0;71608.12;71654.36;0.0;0.0;0.0;0.0;0.0;71628.87;0.0;0.0
1131;433254;2016-10-17;DAP;K23;7005;7005;0;0;0.0;68839.48;68888.62;0.0;0.0;0.0;0.0;0.0;68864.12;0.0;0.0
1132;433255;2016-10-17;DAP;Q24;4910;4910;0;0;0.0;64174.34;64275.03;0.0;0.0;0.0;0.0;0.0;64252.17;0.0;0.0
1133;433256;2016-10-17;DAP;Q26;680;680;0;0;0.0;57306.2;57311.64;0.0;0.0;0.0;0.0;0.0;57291.26;0.0;0.0
1134;433257;2016-10-17;DAP;Q30;265;265;0;0;0.0;46502.39;46627.88;0.0;0.0;0.0;0.0;0.0;46611.3;0.0;0.0
1135;433258;2016-10-18;DAP;X16;395;395;0;0;0.0;99281.02;99336.12;0.0;0.0;0.0;0.0;0.0;99301.0;0.0;0.0
1136;433259;2016-10-18;DAP;Z16;0;0;0;0;0.0;98658.98;98676.3;0.0;0.0;0.0;0.0;0.0;98641.41;0.0;0.0
1137;433260;2016-10-18;DAP;F17;632;632;0;0;0.0;98161.09;98203.81;0.0;0.0;0.0;0.0;0.0;98169.09;0.0;0.0
1138;433261;2016-10-18;DAP;K17;13105;13105;0;0;0.0;96472.46;96466.15;0.0;0.0;0.0;0.0;0.0;96432.04;0.0;0.0
1139;433262;2016-10-18;DAP;Q18;19545;19545;0;0;0.0;89752.37;89727.45;0.0;0.0;0.0;0.0;0.0;89695.72;0.0;0.0
1140;433263;2016-10-18;DAP;K19;23620;23635;2;15;1533207.0;86319.16;86297.27;6.0;5.96;6.0;5.99;5.96;86266.76;0.0;0.0
1141;433264;2016-10-18;DAP;Q20;2370;2370;0;0;0.0;80218.74;80265.86;0.0;0.0;0.0;0.0;0.0;80237.48;0.0;0.0
1142;433265;2016-10-18;DAP;K21;9334;9334;0;0;0.0;77127.93;77211.57;0.0;0.0;0.0;0.0;0.0;77184.27;0.0;0.0
1143;433266;2016-10-18;DAP;Q22;4010;4010;0;0;0.0;71654.36;71749.07;0.0;0.0;0.0;0.0;0.0;71723.7;0.0;0.0
1144;433267;2016-10-18;DAP;K23;7005;7005;2;100;8199906.0;68888.62;68989.21;5.8;5.8;5.8;5.8;5.8;68964.82;0.0;0.0
1145;433268;2016-10-18;DAP;Q24;4910;4910;0;0;0.0;64275.03;64289.38;0.0;0.0;0.0;0.0;0.0;64266.65;0.0;0.0
1146;433269;2016-10-18;DAP;Q26;680;680;0;0;0.0;57311.64;57377.52;0.0;0.0;0.0;0.0;0.0;57357.23;0.0;0.0
1147;433270;2016-10-18;DAP;Q30;265;265;0;0;0.0;46627.88;46759.69;0.0;0.0;0.0;0.0;0.0;46743.16;0.0;0.0
1148;433271;2016-10-19;DAP;X16;395;395;0;0;0.0;99336.12;99371.72;0.0;0.0;0.0;0.0;0.0;99336.38;0.0;0.0
1149;433272;2016-10-19;DAP;Z16;0;0;0;0;0.0;98676.3;98710.26;0.0;0.0;0.0;0.0;0.0;98675.15;0.0;0.0
1150;433273;2016-10-19;DAP;F17;632;632;0;0;0.0;98203.81;98233.29;0.0;0.0;0.0;0.0;0.0;98198.35;0.0;0.0
1151;433274;2016-10-19;DAP;K17;13105;13105;1;30;3430404.0;96466.15;96480.91;6.67;6.67;6.67;6.67;6.67;96446.59;0.0;0.0
1152;433275;2016-10-19;DAP;Q18;19545;19545;0;0;0.0;89727.45;89794.9;0.0;0.0;0.0;0.0;0.0;89762.96;0.0;0.0
1153;433276;2016-10-19;DAP;K19;23635;23905;1;270;27646398.0;86297.27;86400.24;5.93;5.93;5.93;5.93;5.93;86369.51;0.0;0.0
1154;433277;2016-10-19;DAP;Q20;2370;2370;0;0;0.0;80265.86;80544.51;0.0;0.0;0.0;0.0;0.0;80515.86;0.0;0.0
1155;433278;2016-10-19;DAP;K21;9334;9334;1;45;4127490.0;77211.57;77395.14;5.81;5.81;5.81;5.81;5.81;77367.61;0.0;0.0
1156;433279;2016-10-19;DAP;Q22;4010;4010;2;150;12827563.0;71749.07;72001.57;5.8;5.8;5.8;5.8;5.8;71975.96;0.0;0.0
1157;433280;2016-10-19;DAP;K23;7005;7005;1;60;4921885.0;68989.21;69303.73;5.8;5.8;5.8;5.8;5.8;69279.08;0.0;0.0
1158;433281;2016-10-19;DAP;Q24;4910;4945;2;35;2684987.0;64289.38;64636.08;5.75;5.75;5.75;5.75;5.75;64613.09;0.0;0.0
1159;433282;2016-10-19;DAP;Q26;680;680;2;85;5781217.0;57377.52;57763.47;5.84;5.84;5.84;5.84;5.84;57742.93;0.0;0.0
1160;433283;2016-10-19;DAP;Q30;265;265;0;0;0.0;46759.69;47075.63;0.0;0.0;0.0;0.0;0.0;47058.89;0.0;0.0
1161;433284;2016-10-20;DAP;X16;395;395;0;0;0.0;99371.72;99404.36;0.0;0.0;0.0;0.0;0.0;99370.07;0.0;0.0
1162;433285;2016-10-20;DAP;Z16;0;0;0;0;0.0;98710.26;98726.59;0.0;0.0;0.0;0.0;0.0;98692.53;0.0;0.0
1163;433286;2016-10-20;DAP;F17;632;632;0;0;0.0;98233.29;98229.0;0.0;0.0;0.0;0.0;0.0;98195.11;0.0;0.0
1164;433287;2016-10-20;DAP;K17;13105;13105;2;20;2288027.0;96480.91;96369.21;6.66;6.66;6.66;6.66;6.66;96335.96;0.0;0.0
1165;433288;2016-10-20;DAP;Q18;19545;19545;2;125;13309798.0;89794.9;89571.28;6.14;6.14;6.14;6.14;6.14;89540.38;0.0;0.0
1166;433289;2016-10-20;DAP;K19;23905;23845;4;130;13294705.0;86400.24;86212.23;5.92;5.92;6.04;6.0;6.04;86182.49;0.0;0.0
1167;433290;2016-10-20;DAP;Q20;2370;2370;0;0;0.0;80544.51;80475.11;0.0;0.0;0.0;0.0;0.0;80447.35;0.0;0.0
1168;433291;2016-10-20;DAP;K21;9334;9464;5;420;38330416.0;77395.14;77278.94;5.95;5.93;5.95;5.94;5.93;77252.28;0.0;0.0
1169;433292;2016-10-20;DAP;Q22;4010;4010;0;0;0.0;72001.57;71820.37;0.0;0.0;0.0;0.0;0.0;71795.59;0.0;0.0
1170;433293;2016-10-20;DAP;K23;7005;7305;3;550;45109688.0;69303.73;69232.95;5.82;5.8;5.82;5.81;5.8;69209.07;0.0;0.0
1171;433294;2016-10-20;DAP;Q24;4945;4945;0;0;0.0;64636.08;64697.36;0.0;0.0;0.0;0.0;0.0;64675.04;0.0;0.0
1172;433295;2016-10-20;DAP;Q26;680;680;2;35;2396907.0;57763.47;57829.2;5.77;5.77;5.77;5.77;5.77;57809.25;0.0;0.0
1173;433296;2016-10-20;DAP;Q30;265;265;0;0;0.0;47075.63;47208.2;0.0;0.0;0.0;0.0;0.0;47191.91;0.0;0.0
1174;433297;2016-10-21;DAP;X16;395;395;1;5;589425.0;99404.36;99449.3;9.9;9.9;9.9;9.9;9.9;99402.42;0.0;0.0
1175;433298;2016-10-21;DAP;Z16;0;3500;16;5300;619845093.0;98726.59;98722.87;10.3;9.7;10.3;9.96;9.7;98676.33;0.0;0.0
1176;433299;2016-10-21;DAP;F17;632;752;2;290;33783161.0;98229.0;98175.58;7.93;7.93;7.93;7.93;7.93;98129.3;0.0;0.0
1177;433300;2016-10-21;DAP;K17;13105;13105;2;255;29141116.0;96369.21;96382.24;6.95;6.95;6.95;6.95;6.95;96336.81;0.0;0.0
1178;433301;2016-10-21;DAP;Q18;19545;19545;1;5;530625.0;89571.28;89558.83;6.36;6.36;6.36;6.36;6.36;89516.61;0.0;0.0
1179;433302;2016-10-21;DAP;K19;23845;24955;11;1220;124681730.0;86212.23;86160.72;6.06;6.03;6.07;6.04;6.07;86120.11;0.0;0.0
1180;433303;2016-10-21;DAP;Q20;2370;2370;0;0;0.0;80475.11;80186.77;0.0;0.0;0.0;0.0;0.0;80148.97;0.0;0.0
1181;433304;2016-10-21;DAP;K21;9464;9464;2;105;9613648.0;77278.94;77041.7;5.87;5.87;5.87;5.87;5.87;77005.38;0.0;0.0
1182;433305;2016-10-21;DAP;Q22;4010;4010;0;0;0.0;71820.37;71649.79;0.0;0.0;0.0;0.0;0.0;71616.02;0.0;0.0
1183;433306;2016-10-21;DAP;K23;7305;7350;3;160;13116896.0;69232.95;68959.01;5.82;5.82;5.83;5.82;5.83;68926.5;0.0;0.0
1184;433307;2016-10-21;DAP;Q24;4945;4945;0;0;0.0;64697.36;64340.42;0.0;0.0;0.0;0.0;0.0;64310.09;0.0;0.0
1185;433308;2016-10-21;DAP;Q26;680;680;0;0;0.0;57829.2;57529.32;0.0;0.0;0.0;0.0;0.0;57502.2;0.0;0.0
1186;433309;2016-10-21;DAP;Q30;265;265;0;0;0.0;47208.2;46856.92;0.0;0.0;0.0;0.0;0.0;46834.83;0.0;0.0
1187;433310;2016-10-24;DAP;X16;395;395;0;0;0.0;99449.3;99471.11;0.0;0.0;0.0;0.0;0.0;99434.28;0.0;0.0
1188;433311;2016-10-24;DAP;Z16;3500;3500;0;0;0.0;98722.87;98709.85;0.0;0.0;0.0;0.0;0.0;98673.3;0.0;0.0
1189;433312;2016-10-24;DAP;F17;752;752;0;0;0.0;98175.58;98217.94;0.0;0.0;0.0;0.0;0.0;98181.57;0.0;0.0
1190;433313;2016-10-24;DAP;K17;13105;13105;0;0;0.0;96382.24;96447.75;0.0;0.0;0.0;0.0;0.0;96412.04;0.0;0.0
1191;433314;2016-10-24;DAP;Q18;19545;19545;1;200;21258946.0;89558.83;89632.22;6.29;6.29;6.29;6.29;6.29;89599.03;0.0;0.0
1192;433315;2016-10-24;DAP;K19;24955;27805;11;3015;308429316.0;86160.72;86295.68;6.03;6.01;6.03;6.02;6.01;86263.73;0.0;0.0
1193;433316;2016-10-24;DAP;Q20;2370;2370;0;0;0.0;80186.77;80312.12;0.0;0.0;0.0;0.0;0.0;80282.38;0.0;0.0
1194;433317;2016-10-24;DAP;K21;9464;9519;3;105;9611371.0;77041.7;77183.51;5.88;5.88;5.89;5.88;5.89;77154.93;0.0;0.0
1195;433318;2016-10-24;DAP;Q22;4010;4010;0;0;0.0;71649.79;71776.39;0.0;0.0;0.0;0.0;0.0;71749.81;0.0;0.0
1196;433319;2016-10-24;DAP;K23;7350;7350;1;55;4505932.0;68959.01;69095.19;5.84;5.84;5.84;5.84;5.84;69069.61;0.0;0.0
1197;433320;2016-10-24;DAP;Q24;4945;4945;0;0;0.0;64340.42;64443.0;0.0;0.0;0.0;0.0;0.0;64419.14;0.0;0.0
1198;433321;2016-10-24;DAP;Q26;680;680;0;0;0.0;57529.32;57642.84;0.0;0.0;0.0;0.0;0.0;57621.5;0.0;0.0
1199;433322;2016-10-24;DAP;Q30;265;265;0;0;0.0;46856.92;46984.57;0.0;0.0;0.0;0.0;0.0;46967.17;0.0;0.0
1200;433323;2016-10-25;DAP;X16;395;395;0;0;0.0;99471.11;99508.24;0.0;0.0;0.0;0.0;0.0;99471.4;0.0;0.0
1201;433324;2016-10-25;DAP;Z16;3500;3600;2;100;11710823.0;98709.85;98747.73;9.65;9.65;9.65;9.65;9.65;98711.17;0.0;0.0
1202;433325;2016-10-25;DAP;F17;752;819;2;80;9320275.0;98217.94;98292.15;8.27;8.27;8.27;8.27;8.27;98255.76;0.0;0.0
1203;433326;2016-10-25;DAP;K17;13105;12605;4;700;80118269.0;96447.75;96527.3;6.79;6.79;6.79;6.79;6.79;96491.56;0.0;0.0
1204;433327;2016-10-25;DAP;Q18;19545;19545;2;105;11163884.0;89632.22;89578.36;6.29;6.29;6.29;6.29;6.29;89545.19;0.0;0.0
1205;433328;2016-10-25;DAP;K19;27805;27805;2;45;4606690.0;86295.68;86212.85;6.0;6.0;6.0;6.0;6.0;86180.93;0.0;0.0
1206;433329;2016-10-25;DAP;Q20;2370;2370;0;0;0.0;80312.12;80187.08;0.0;0.0;0.0;0.0;0.0;80157.39;0.0;0.0
1207;433330;2016-10-25;DAP;K21;9519;9564;3;45;4101690.0;77183.51;77036.2;5.99;5.99;5.99;5.99;5.99;77007.68;0.0;0.0
1208;433331;2016-10-25;DAP;Q22;4010;3850;4;1500;128059309.0;71776.39;71636.28;5.85;5.85;5.86;5.86;5.86;71609.76;0.0;0.0
1209;433332;2016-10-25;DAP;K23;7350;7350;0;0;0.0;69095.19;68898.4;0.0;0.0;0.0;0.0;0.0;68872.89;0.0;0.0
1210;433333;2016-10-25;DAP;Q24;4945;4945;0;0;0.0;64443.0;64315.66;0.0;0.0;0.0;0.0;0.0;64291.85;0.0;0.0
1211;433334;2016-10-25;DAP;Q26;680;1155;4;705;48136515.0;57642.84;57443.13;5.8;5.8;5.82;5.81;5.82;57421.86;0.0;0.0
1212;433335;2016-10-25;DAP;Q30;265;265;1;90;4982543.0;46984.57;46690.15;5.7;5.7;5.7;5.7;5.7;46672.86;0.0;0.0
1213;433336;2016-10-26;DAP;X16;395;395;0;0;0.0;99508.24;99579.86;0.0;0.0;0.0;0.0;0.0;99542.77;0.0;0.0
1214;433337;2016-10-26;DAP;Z16;3600;3600;0;0;0.0;98747.73;98974.23;0.0;0.0;0.0;0.0;0.0;98937.37;0.0;0.0
1215;433338;2016-10-26;DAP;F17;819;819;0;0;0.0;98292.15;98344.97;0.0;0.0;0.0;0.0;0.0;98308.34;0.0;0.0
1216;433339;2016-10-26;DAP;K17;12605;12605;0;0;0.0;96527.3;96450.36;0.0;0.0;0.0;0.0;0.0;96414.44;0.0;0.0
1217;433340;2016-10-26;DAP;Q18;19545;19545;0;0;0.0;89578.36;89570.29;0.0;0.0;0.0;0.0;0.0;89536.93;0.0;0.0
1218;433341;2016-10-26;DAP;K19;27805;27855;4;160;16347545.0;86212.85;86192.14;6.06;6.06;6.13;6.1;6.11;86160.04;0.0;0.0
1219;433342;2016-10-26;DAP;Q20;2370;2370;0;0;0.0;80187.08;80291.82;0.0;0.0;0.0;0.0;0.0;80261.91;0.0;0.0
1220;433343;2016-10-26;DAP;K21;9564;9594;4;610;55720978.0;77036.2;76922.54;5.94;5.94;6.01;5.95;6.01;76893.89;0.0;0.0
1221;433344;2016-10-26;DAP;Q22;3850;3550;2;300;25505691.0;71636.28;71613.84;5.94;5.94;5.94;5.94;5.94;71587.17;0.0;0.0
1222;433345;2016-10-26;DAP;K23;7350;7350;0;0;0.0;68898.4;68871.83;0.0;0.0;0.0;0.0;0.0;68846.18;0.0;0.0
1223;433346;2016-10-26;DAP;Q24;4945;4945;0;0;0.0;64315.66;64424.79;0.0;0.0;0.0;0.0;0.0;64400.79;0.0;0.0
1224;433347;2016-10-26;DAP;Q26;1155;1155;0;0;0.0;57443.13;57138.94;0.0;0.0;0.0;0.0;0.0;57117.66;0.0;0.0
1225;433348;2016-10-26;DAP;Q30;265;265;0;0;0.0;46690.15;46217.5;0.0;0.0;0.0;0.0;0.0;46200.29;0.0;0.0
1226;433349;2016-10-27;DAP;X16;395;395;0;0;0.0;99579.86;99599.17;0.0;0.0;0.0;0.0;0.0;99562.28;0.0;0.0
1227;433350;2016-10-27;DAP;Z16;3600;3600;0;0;0.0;98974.23;98996.75;0.0;0.0;0.0;0.0;0.0;98960.09;0.0;0.0
1228;433351;2016-10-27;DAP;F17;819;819;0;0;0.0;98344.97;98358.83;0.0;0.0;0.0;0.0;0.0;98322.4;0.0;0.0
1229;433352;2016-10-27;DAP;K17;12605;12205;4;750;85906260.0;96450.36;96572.81;6.8;6.8;6.8;6.8;6.8;96537.04;0.0;0.0
1230;433353;2016-10-27;DAP;Q18;19545;19545;0;0;0.0;89570.29;89546.95;0.0;0.0;0.0;0.0;0.0;89513.79;0.0;0.0
1231;433354;2016-10-27;DAP;K19;27855;28055;2;200;20436086.0;86192.14;86150.75;6.11;6.11;6.11;6.11;6.11;86118.84;0.0;0.0
1232;433355;2016-10-27;DAP;Q20;2370;2370;0;0;0.0;80291.82;79995.7;0.0;0.0;0.0;0.0;0.0;79966.07;0.0;0.0
1233;433356;2016-10-27;DAP;K21;9594;9649;3;70;6380538.0;76922.54;76710.83;5.99;5.99;6.07;6.01;6.07;76682.42;0.0;0.0
1234;433357;2016-10-27;DAP;Q22;3550;3550;0;0;0.0;71613.84;71357.72;0.0;0.0;0.0;0.0;0.0;71331.29;0.0;0.0
1235;433358;2016-10-27;DAP;K23;7350;7350;3;610;49641376.0;68871.83;68423.5;5.96;5.96;5.97;5.97;5.97;68398.16;0.0;0.0
1236;433359;2016-10-27;DAP;Q24;4945;4945;0;0;0.0;64424.79;63874.81;0.0;0.0;0.0;0.0;0.0;63851.15;0.0;0.0
1237;433360;2016-10-27;DAP;Q26;1155;1155;0;0;0.0;57138.94;56993.95;0.0;0.0;0.0;0.0;0.0;56972.84;0.0;0.0
1238;433361;2016-10-27;DAP;Q30;265;265;0;0;0.0;46217.5;45988.23;0.0;0.0;0.0;0.0;0.0;45971.2;0.0;0.0
1239;433362;2016-10-28;DAP;X16;395;395;0;0;0.0;99599.17;99635.19;0.0;0.0;0.0;0.0;0.0;99598.29;0.0;0.0
1240;433363;2016-10-28;DAP;Z16;3600;3600;0;0;0.0;98996.75;98931.01;0.0;0.0;0.0;0.0;0.0;98894.37;0.0;0.0
1241;433364;2016-10-28;DAP;F17;819;819;0;0;0.0;98358.83;98392.99;0.0;0.0;0.0;0.0;0.0;98356.55;0.0;0.0
1242;433365;2016-10-28;DAP;K17;12205;13105;5;1770;202814163.0;96572.81;96588.4;6.79;6.79;6.82;6.81;6.82;96552.63;0.0;0.0
1243;433366;2016-10-28;DAP;F18;0;0;0;0;0.0;0.0;92733.83;0.0;0.0;0.0;0.0;0.0;92699.48;0.0;0.0
1244;433367;2016-10-28;DAP;Q18;19545;22245;6;2780;295514429.0;89546.95;89599.0;6.37;6.37;6.38;6.37;6.37;89565.82;0.0;0.0
1245;433368;2016-10-28;DAP;K19;28055;30585;17;2990;305870552.0;86150.75;86232.35;6.07;6.07;6.09;6.08;6.08;86200.41;0.0;0.0
1246;433369;2016-10-28;DAP;Q20;2370;2370;0;0;0.0;79995.7;80042.96;0.0;0.0;0.0;0.0;0.0;80013.32;0.0;0.0
1247;433370;2016-10-28;DAP;K21;9649;9649;0;0;0.0;76710.83;76728.72;0.0;0.0;0.0;0.0;0.0;76700.3;0.0;0.0
1248;433371;2016-10-28;DAP;Q22;3550;3550;0;0;0.0;71357.72;71296.73;0.0;0.0;0.0;0.0;0.0;71270.32;0.0;0.0
1249;433372;2016-10-28;DAP;K23;7350;7350;0;0;0.0;68423.5;68397.37;0.0;0.0;0.0;0.0;0.0;68372.04;0.0;0.0
1250;433373;2016-10-28;DAP;Q24;4945;4945;0;0;0.0;63874.81;63702.64;0.0;0.0;0.0;0.0;0.0;63679.05;0.0;0.0
1251;433374;2016-10-28;DAP;Q26;1155;1155;0;0;0.0;56993.95;56797.28;0.0;0.0;0.0;0.0;0.0;56776.24;0.0;0.0
1252;433375;2016-10-28;DAP;Q30;265;265;0;0;0.0;45988.23;46058.3;0.0;0.0;0.0;0.0;0.0;46041.24;0.0;0.0
1253;433376;2016-10-31;DAP;X16;395;395;0;0;0.0;99635.19;99671.65;0.0;0.0;0.0;0.0;0.0;99634.74;0.0;0.0
1254;433377;2016-10-31;DAP;Z16;3600;4700;11;1100;129205956.0;98931.01;98982.14;8.8;8.8;8.8;8.8;8.8;98945.48;0.0;0.0
1255;433378;2016-10-31;DAP;F17;819;819;0;0;0.0;98392.99;98507.7;0.0;0.0;0.0;0.0;0.0;98471.22;0.0;0.0
1256;433379;2016-10-31;DAP;K17;13105;13105;0;0;0.0;96588.4;96647.12;0.0;0.0;0.0;0.0;0.0;96611.33;0.0;0.0
1257;433380;2016-10-31;DAP;F18;0;0;0;0;0.0;92733.83;92746.71;0.0;0.0;0.0;0.0;0.0;92712.36;0.0;0.0
1258;433381;2016-10-31;DAP;Q18;22245;22245;2;15;1595175.0;89599.0;89695.94;6.37;6.37;6.37;6.37;6.37;89662.72;0.0;0.0
1259;433382;2016-10-31;DAP;K19;30585;32495;17;3195;327493859.0;86232.35;86416.16;6.07;6.0;6.07;6.01;6.0;86384.15;0.0;0.0
1260;433383;2016-10-31;DAP;Q20;2370;2370;0;0;0.0;80042.96;80204.28;0.0;0.0;0.0;0.0;0.0;80174.58;0.0;0.0
1261;433384;2016-10-31;DAP;K21;9649;9649;0;0;0.0;76728.72;76877.34;0.0;0.0;0.0;0.0;0.0;76848.87;0.0;0.0
1262;433385;2016-10-31;DAP;Q22;3550;3550;2;300;25492674.0;71296.73;71546.27;5.97;5.97;5.97;5.97;5.97;71519.77;0.0;0.0
1263;433386;2016-10-31;DAP;K23;7350;7350;0;0;0.0;68397.37;68581.25;0.0;0.0;0.0;0.0;0.0;68555.85;0.0;0.0
1264;433387;2016-10-31;DAP;Q24;4945;4945;0;0;0.0;63702.64;63810.65;0.0;0.0;0.0;0.0;0.0;63787.02;0.0;0.0
1265;433388;2016-10-31;DAP;Q26;1155;1155;0;0;0.0;56797.28;56967.52;0.0;0.0;0.0;0.0;0.0;56946.42;0.0;0.0
1266;433389;2016-10-31;DAP;Q30;265;265;0;0;0.0;46058.3;46248.33;0.0;0.0;0.0;0.0;0.0;46231.2;0.0;0.0
1267;433390;2016-11-01;DAP;X16;395;495;1;100;11830079.0;99671.65;99708.67;9.95;9.95;9.95;9.95;9.95;99671.53;0.0;0.0
1268;433391;2016-11-01;DAP;Z16;4700;4700;0;0;0.0;98982.14;99022.69;0.0;0.0;0.0;0.0;0.0;98985.81;0.0;0.0
1269;433392;2016-11-01;DAP;F17;819;819;0;0;0.0;98507.7;98555.46;0.0;0.0;0.0;0.0;0.0;98518.75;0.0;0.0
1270;433393;2016-11-01;DAP;K17;13105;13105;0;0;0.0;96647.12;96696.11;0.0;0.0;0.0;0.0;0.0;96660.09;0.0;0.0
1271;433394;2016-11-01;DAP;F18;0;0;0;0;0.0;92746.71;92863.6;0.0;0.0;0.0;0.0;0.0;92829.01;0.0;0.0
1272;433395;2016-11-01;DAP;Q18;22245;22245;2;345;36764655.0;89695.94;89792.85;6.27;6.27;6.27;6.27;6.27;89759.41;0.0;0.0
1273;433396;2016-11-01;DAP;K19;32495;32225;3;540;55377815.0;86416.16;86477.24;6.01;6.0;6.01;6.0;6.0;86445.03;0.0;0.0
1274;433397;2016-11-01;DAP;Q20;2370;2370;0;0;0.0;80204.28;80280.16;0.0;0.0;0.0;0.0;0.0;80250.26;0.0;0.0
1275;433398;2016-11-01;DAP;K21;9649;9649;0;0;0.0;76877.34;76797.29;0.0;0.0;0.0;0.0;0.0;76768.69;0.0;0.0
1276;433399;2016-11-01;DAP;Q22;3550;3550;0;0;0.0;71546.27;71524.07;0.0;0.0;0.0;0.0;0.0;71497.43;0.0;0.0
1277;433400;2016-11-01;DAP;K23;7350;7350;1;50;4067311.0;68581.25;68471.2;5.99;5.99;5.99;5.99;5.99;68445.7;0.0;0.0
1278;433401;2016-11-01;DAP;Q24;4945;4945;0;0;0.0;63810.65;63778.82;0.0;0.0;0.0;0.0;0.0;63755.06;0.0;0.0
1279;433402;2016-11-01;DAP;Q26;1155;1155;0;0;0.0;56967.52;56875.86;0.0;0.0;0.0;0.0;0.0;56854.68;0.0;0.0
1280;433403;2016-11-01;DAP;Q30;265;265;0;0;0.0;46248.33;46138.85;0.0;0.0;0.0;0.0;0.0;46121.67;0.0;0.0
1281;433404;2016-11-03;DAP;X16;495;495;0;0;0.0;99708.67;99744.91;0.0;0.0;0.0;0.0;0.0;99707.97;0.0;0.0
1282;433405;2016-11-03;DAP;Z16;4700;4700;0;0;0.0;99022.69;99070.79;0.0;0.0;0.0;0.0;0.0;99034.1;0.0;0.0
1283;433406;2016-11-03;DAP;F17;819;904;2;85;9945451.0;98555.46;98583.54;7.45;7.45;7.45;7.45;7.45;98547.03;0.0;0.0
1284;433407;2016-11-03;DAP;K17;13105;13105;0;0;0.0;96696.11;96720.79;0.0;0.0;0.0;0.0;0.0;96684.97;0.0;0.0
1285;433408;2016-11-03;DAP;F18;0;0;0;0;0.0;92863.6;92855.39;0.0;0.0;0.0;0.0;0.0;92821.0;0.0;0.0
1286;433409;2016-11-03;DAP;Q18;22245;22245;2;35;3731182.0;89792.85;89784.46;6.27;6.27;6.27;6.27;6.27;89751.21;0.0;0.0
1287;433410;2016-11-03;DAP;K19;32225;32225;3;100;10267480.0;86477.24;86476.56;5.97;5.97;5.97;5.97;5.97;86444.53;0.0;0.0
1288;433411;2016-11-03;DAP;Q20;2370;2370;0;0;0.0;80280.16;80241.57;0.0;0.0;0.0;0.0;0.0;80211.85;0.0;0.0
1289;433412;2016-11-03;DAP;K21;9649;9649;2;50;4558021.0;76797.29;76815.01;6.04;6.04;6.04;6.04;6.04;76786.56;0.0;0.0
1290;433413;2016-11-03;DAP;Q22;3550;3550;0;0;0.0;71524.07;71462.84;0.0;0.0;0.0;0.0;0.0;71436.37;0.0;0.0
1291;433414;2016-11-03;DAP;K23;7350;7470;5;365;29626333.0;68471.2;68528.87;6.03;6.01;6.04;6.03;6.01;68503.49;0.0;0.0
1292;433415;2016-11-03;DAP;Q24;4945;4945;0;0;0.0;63778.82;63840.02;0.0;0.0;0.0;0.0;0.0;63816.38;0.0;0.0
1293;433416;2016-11-03;DAP;Q26;1155;1155;0;0;0.0;56875.86;56836.49;0.0;0.0;0.0;0.0;0.0;56815.44;0.0;0.0
1294;433417;2016-11-03;DAP;Q30;265;265;0;0;0.0;46138.85;46149.08;0.0;0.0;0.0;0.0;0.0;46131.99;0.0;0.0
1295;433418;2016-11-04;DAP;X16;495;495;0;0;0.0;99744.91;99781.9;0.0;0.0;0.0;0.0;0.0;99744.93;0.0;0.0
1296;433419;2016-11-04;DAP;Z16;4700;4700;0;0;0.0;99070.79;99109.03;0.0;0.0;0.0;0.0;0.0;99072.31;0.0;0.0
1297;433420;2016-11-04;DAP;F17;904;916;2;40;4682226.0;98583.54;98617.3;7.45;7.45;7.45;7.45;7.45;98580.77;0.0;0.0
1298;433421;2016-11-04;DAP;K17;13105;13105;0;0;0.0;96720.79;96769.09;0.0;0.0;0.0;0.0;0.0;96733.24;0.0;0.0
1299;433422;2016-11-04;DAP;F18;0;0;0;0;0.0;92855.39;92950.79;0.0;0.0;0.0;0.0;0.0;92916.36;0.0;0.0
1300;433423;2016-11-04;DAP;Q18;22245;22245;5;1275;136034481.0;89784.46;89880.89;6.29;6.24;6.29;6.24;6.24;89847.59;0.0;0.0
1301;433424;2016-11-04;DAP;K19;32225;34005;7;1780;182878232.0;86476.56;86516.93;5.95;5.95;5.98;5.96;5.98;86484.88;0.0;0.0
1302;433425;2016-11-04;DAP;Q20;2370;2370;0;0;0.0;80241.57;80317.19;0.0;0.0;0.0;0.0;0.0;80287.44;0.0;0.0
1303;433426;2016-11-04;DAP;K21;9649;9649;0;0;0.0;76815.01;76865.51;0.0;0.0;0.0;0.0;0.0;76837.03;0.0;0.0
1304;433427;2016-11-04;DAP;Q22;3550;3550;0;0;0.0;71462.84;71557.01;0.0;0.0;0.0;0.0;0.0;71530.5;0.0;0.0
1305;433428;2016-11-04;DAP;K23;7470;7470;0;0;0.0;68528.87;68628.69;0.0;0.0;0.0;0.0;0.0;68603.27;0.0;0.0
1306;433429;2016-11-04;DAP;Q24;4945;5265;2;320;24306272.0;63840.02;63901.39;5.94;5.94;5.94;5.94;5.94;63877.72;0.0;0.0
1307;433430;2016-11-04;DAP;Q26;1155;1155;0;0;0.0;56836.49;56954.25;0.0;0.0;0.0;0.0;0.0;56933.15;0.0;0.0
1308;433431;2016-11-04;DAP;Q30;265;265;0;0;0.0;46149.08;46219.31;0.0;0.0;0.0;0.0;0.0;46202.19;0.0;0.0
1309;433432;2016-11-07;DAP;X16;495;495;0;0;0.0;99781.9;99823.3;0.0;0.0;0.0;0.0;0.0;99786.32;0.0;0.0
1310;433433;2016-11-07;DAP;Z16;4700;4700;0;0;0.0;99109.03;99143.0;0.0;0.0;0.0;0.0;0.0;99106.27;0.0;0.0
1311;433434;2016-11-07;DAP;F17;916;916;0;0;0.0;98617.3;98643.71;0.0;0.0;0.0;0.0;0.0;98607.17;0.0;0.0
1312;433435;2016-11-07;DAP;K17;13105;13105;0;0;0.0;96769.09;96770.6;0.0;0.0;0.0;0.0;0.0;96734.75;0.0;0.0
1313;433436;2016-11-07;DAP;F18;0;0;0;0;0.0;92950.79;92942.83;0.0;0.0;0.0;0.0;0.0;92908.4;0.0;0.0
1314;433437;2016-11-07;DAP;Q18;22245;22245;4;605;64586829.0;89880.89;89872.7;6.24;6.22;6.24;6.23;6.22;89839.41;0.0;0.0
1315;433438;2016-11-07;DAP;K19;34005;34005;5;540;55486031.0;86516.93;86557.27;5.97;5.97;5.97;5.97;5.97;86525.2;0.0;0.0
1316;433439;2016-11-07;DAP;Q20;2370;2370;0;0;0.0;80317.19;80392.78;0.0;0.0;0.0;0.0;0.0;80363.0;0.0;0.0
1317;433440;2016-11-07;DAP;K21;9649;9649;0;0;0.0;76865.51;76981.25;0.0;0.0;0.0;0.0;0.0;76952.73;0.0;0.0
1318;433441;2016-11-07;DAP;Q22;3550;3550;0;0;0.0;71557.01;71728.95;0.0;0.0;0.0;0.0;0.0;71702.38;0.0;0.0
1319;433442;2016-11-07;DAP;K23;7470;7470;0;0;0.0;68628.69;68770.65;0.0;0.0;0.0;0.0;0.0;68745.17;0.0;0.0
1320;433443;2016-11-07;DAP;Q24;5265;5265;0;0;0.0;63901.39;64009.51;0.0;0.0;0.0;0.0;0.0;63985.8;0.0;0.0
1321;433444;2016-11-07;DAP;Q26;1155;1155;0;0;0.0;56954.25;57177.27;0.0;0.0;0.0;0.0;0.0;57156.09;0.0;0.0
1322;433445;2016-11-07;DAP;Q30;265;265;0;0;0.0;46219.31;46409.8;0.0;0.0;0.0;0.0;0.0;46392.61;0.0;0.0
1323;433446;2016-11-08;DAP;X16;495;495;0;0;0.0;99823.3;99879.43;0.0;0.0;0.0;0.0;0.0;99818.47;0.0;0.0
1324;433447;2016-11-08;DAP;Z16;4700;4700;0;0;0.0;99143.0;99198.83;0.0;0.0;0.0;0.0;0.0;99138.29;0.0;0.0
1325;433448;2016-11-08;DAP;F17;916;916;0;0;0.0;98643.71;98688.64;0.0;0.0;0.0;0.0;0.0;98628.41;0.0;0.0
1326;433449;2016-11-08;DAP;K17;13105;13105;0;0;0.0;96770.6;96795.7;0.0;0.0;0.0;0.0;0.0;96736.62;0.0;0.0
1327;433450;2016-11-08;DAP;F18;0;0;0;0;0.0;92942.83;92977.91;0.0;0.0;0.0;0.0;0.0;92921.16;0.0;0.0
1328;433451;2016-11-08;DAP;Q18;22245;22245;1;40;4271982.0;89872.7;89945.73;6.23;6.23;6.23;6.23;6.23;89890.83;0.0;0.0
1329;433452;2016-11-08;DAP;K19;34005;34435;8;1000;102718000.0;86557.27;86536.9;6.0;6.0;6.0;6.0;6.0;86484.08;0.0;0.0
1330;433453;2016-11-08;DAP;Q20;2370;2370;0;0;0.0;80392.78;80430.64;0.0;0.0;0.0;0.0;0.0;80381.55;0.0;0.0
1331;433454;2016-11-08;DAP;K21;9649;9679;2;30;2742559.0;76981.25;77017.53;6.0;6.0;6.0;6.0;6.0;76970.52;0.0;0.0
1332;433455;2016-11-08;DAP;Q22;3550;3550;0;0;0.0;71728.95;71801.55;0.0;0.0;0.0;0.0;0.0;71757.73;0.0;0.0
1333;433456;2016-11-08;DAP;K23;7470;7530;1;60;4897087.0;68770.65;68845.03;5.96;5.96;5.96;5.96;5.96;68803.01;0.0;0.0
1334;433457;2016-11-08;DAP;Q24;5265;5265;0;0;0.0;64009.51;63992.8;0.0;0.0;0.0;0.0;0.0;63953.74;0.0;0.0
1335;433458;2016-11-08;DAP;Q26;1155;1155;0;0;0.0;57177.27;57046.47;0.0;0.0;0.0;0.0;0.0;57011.65;0.0;0.0
1336;433459;2016-11-08;DAP;Q30;265;265;0;0;0.0;46409.8;46371.11;0.0;0.0;0.0;0.0;0.0;46342.81;0.0;0.0
1337;433460;2016-11-09;DAP;X16;495;495;0;0;0.0;99879.43;99888.37;0.0;0.0;0.0;0.0;0.0;99849.69;0.0;0.0
1338;433461;2016-11-09;DAP;Z16;4700;4700;0;0;0.0;99198.83;99185.31;0.0;0.0;0.0;0.0;0.0;99146.9;0.0;0.0
1339;433462;2016-11-09;DAP;F17;916;916;0;0;0.0;98688.64;98647.15;0.0;0.0;0.0;0.0;0.0;98608.95;0.0;0.0
1340;433463;2016-11-09;DAP;K17;13105;13105;0;0;0.0;96795.7;96753.52;0.0;0.0;0.0;0.0;0.0;96716.05;0.0;0.0
1341;433464;2016-11-09;DAP;F18;0;0;0;0;0.0;92977.91;92847.47;0.0;0.0;0.0;0.0;0.0;92811.51;0.0;0.0
1342;433465;2016-11-09;DAP;Q18;22245;22360;1;115;12262348.0;89945.73;89769.38;6.35;6.35;6.35;6.35;6.35;89734.62;0.0;0.0
1343;433466;2016-11-09;DAP;K19;34435;34595;5;170;17430313.0;86536.9;86334.8;5.99;5.99;6.1;6.09;6.1;86301.37;0.0;0.0
1344;433467;2016-11-09;DAP;Q20;2370;2370;0;0;0.0;80430.64;80147.33;0.0;0.0;0.0;0.0;0.0;80116.29;0.0;0.0
1345;433468;2016-11-09;DAP;K21;9679;9679;1;100;9110520.0;77017.53;76628.04;6.09;6.09;6.09;6.09;6.09;76598.37;0.0;0.0
1346;433469;2016-11-09;DAP;Q22;3550;3550;0;0;0.0;71801.55;71144.48;0.0;0.0;0.0;0.0;0.0;71116.93;0.0;0.0
1347;433470;2016-11-09;DAP;K23;7530;7530;0;0;0.0;68845.03;68384.27;0.0;0.0;0.0;0.0;0.0;68357.79;0.0;0.0
1348;433471;2016-11-09;DAP;Q24;5265;5265;0;0;0.0;63992.8;63713.75;0.0;0.0;0.0;0.0;0.0;63689.08;0.0;0.0
1349;433472;2016-11-09;DAP;Q26;1155;1155;0;0;0.0;57046.47;56577.2;0.0;0.0;0.0;0.0;0.0;56555.29;0.0;0.0
1350;433473;2016-11-09;DAP;Q30;265;265;0;0;0.0;46371.11;45893.02;0.0;0.0;0.0;0.0;0.0;45875.25;0.0;0.0
1351;433474;2016-11-10;DAP;X16;495;495;0;0;0.0;99888.37;99920.13;0.0;0.0;0.0;0.0;0.0;99881.64;0.0;0.0
1352;433475;2016-11-10;DAP;Z16;4700;4700;0;0;0.0;99185.31;99211.31;0.0;0.0;0.0;0.0;0.0;99173.09;0.0;0.0
1353;433476;2016-11-10;DAP;F17;916;916;0;0;0.0;98647.15;98659.66;0.0;0.0;0.0;0.0;0.0;98621.65;0.0;0.0
1354;433477;2016-11-10;DAP;K17;13105;13105;0;0;0.0;96753.52;96715.43;0.0;0.0;0.0;0.0;0.0;96678.17;0.0;0.0
1355;433478;2016-11-10;DAP;F18;0;0;0;0;0.0;92847.47;92769.21;0.0;0.0;0.0;0.0;0.0;92733.47;0.0;0.0
1356;433479;2016-11-10;DAP;Q18;22360;22360;0;0;0.0;89769.38;89628.94;0.0;0.0;0.0;0.0;0.0;89594.41;0.0;0.0
1357;433480;2016-11-10;DAP;K19;34595;34855;2;260;26539201.0;86334.8;85971.96;6.29;6.29;6.29;6.29;6.29;85938.84;0.0;0.0
1358;433481;2016-11-10;DAP;Q20;2370;2370;0;0;0.0;80147.33;79602.36;0.0;0.0;0.0;0.0;0.0;79571.69;0.0;0.0
1359;433482;2016-11-10;DAP;K21;9679;9269;2;410;36950011.0;76628.04;75969.51;6.35;6.35;6.35;6.35;6.35;75940.24;0.0;0.0
1360;433483;2016-11-10;DAP;Q22;3550;3550;0;0;0.0;71144.48;70283.14;0.0;0.0;0.0;0.0;0.0;70256.06;0.0;0.0
1361;433484;2016-11-10;DAP;K23;7530;7530;4;300;23970465.0;68384.27;67324.6;6.32;6.3;6.32;6.32;6.3;67298.66;0.0;0.0
1362;433485;2016-11-10;DAP;Q24;5265;5265;0;0;0.0;63713.75;62442.75;0.0;0.0;0.0;0.0;0.0;62418.69;0.0;0.0
1363;433486;2016-11-10;DAP;Q26;1155;1155;2;610;40093567.0;56577.2;55358.87;6.27;6.27;6.27;6.27;6.27;55337.54;0.0;0.0
1364;433487;2016-11-10;DAP;Q30;265;265;0;0;0.0;45893.02;45079.41;0.0;0.0;0.0;0.0;0.0;45062.04;0.0;0.0
1365;433488;2016-11-11;DAP;X16;495;495;0;0;0.0;99920.13;99959.37;0.0;0.0;0.0;0.0;0.0;99920.86;0.0;0.0
1366;433489;2016-11-11;DAP;Z16;4700;4700;0;0;0.0;99211.31;99244.81;0.0;0.0;0.0;0.0;0.0;99206.58;0.0;0.0
1367;433490;2016-11-11;DAP;F17;916;976;2;90;10547838.0;98659.66;98684.54;7.85;7.85;7.85;7.85;7.85;98646.52;0.0;0.0
1368;433491;2016-11-11;DAP;K17;13105;13105;0;0;0.0;96715.43;96701.02;0.0;0.0;0.0;0.0;0.0;96663.77;0.0;0.0
1369;433492;2016-11-11;DAP;F18;0;0;0;0;0.0;92769.21;92712.17;0.0;0.0;0.0;0.0;0.0;92676.45;0.0;0.0
1370;433493;2016-11-11;DAP;Q18;22360;22360;2;120;12776835.0;89628.94;89533.79;6.47;6.47;6.47;6.47;6.47;89499.3;0.0;0.0
1371;433494;2016-11-11;DAP;K19;34855;35145;4;325;33141739.0;85971.96;85852.47;6.28;6.28;6.36;6.35;6.36;85819.4;0.0;0.0
1372;433495;2016-11-11;DAP;Q20;2370;2370;0;0;0.0;79602.36;79369.85;0.0;0.0;0.0;0.0;0.0;79339.27;0.0;0.0
1373;433496;2016-11-11;DAP;K21;9269;9304;2;35;3138228.0;75969.51;75796.2;6.48;6.48;6.48;6.48;6.48;75767.0;0.0;0.0
1374;433497;2016-11-11;DAP;Q22;3550;3550;0;0;0.0;70283.14;70111.22;0.0;0.0;0.0;0.0;0.0;70084.21;0.0;0.0
1375;433498;2016-11-11;DAP;K23;7530;7530;1;25;1988183.0;67324.6;67095.63;6.4;6.4;6.4;6.4;6.4;67069.78;0.0;0.0
1376;433499;2016-11-11;DAP;Q24;5265;5265;0;0;0.0;62442.75;62186.27;0.0;0.0;0.0;0.0;0.0;62162.31;0.0;0.0
1377;433500;2016-11-11;DAP;Q26;1155;1155;0;0;0.0;55358.87;55119.47;0.0;0.0;0.0;0.0;0.0;55098.24;0.0;0.0
1378;433501;2016-11-11;DAP;Q30;265;265;0;0;0.0;45079.41;44857.36;0.0;0.0;0.0;0.0;0.0;44840.08;0.0;0.0
1379;433502;2016-11-14;DAP;X16;495;495;0;0;0.0;99959.37;99998.83;0.0;0.0;0.0;0.0;0.0;99960.31;0.0;0.0
1380;433503;2016-11-14;DAP;Z16;4700;4700;0;0;0.0;99244.81;99280.78;0.0;0.0;0.0;0.0;0.0;99242.53;0.0;0.0
1381;433504;2016-11-14;DAP;F17;976;841;2;190;22276162.0;98684.54;98709.64;7.88;7.88;7.88;7.88;7.88;98671.61;0.0;0.0
1382;433505;2016-11-14;DAP;K17;13105;13105;0;0;0.0;96701.02;96722.83;0.0;0.0;0.0;0.0;0.0;96685.57;0.0;0.0
1383;433506;2016-11-14;DAP;F18;0;0;0;0;0.0;92712.17;92605.57;0.0;0.0;0.0;0.0;0.0;92569.89;0.0;0.0
1384;433507;2016-11-14;DAP;Q18;22360;22245;0;0;0.0;89533.79;89264.3;0.0;0.0;0.0;0.0;0.0;89229.91;0.0;0.0
1385;433508;2016-11-14;DAP;K19;35145;35045;2;160;16226550.0;85852.47;85375.71;6.6;6.6;6.6;6.6;6.6;85342.82;0.0;0.0
1386;433509;2016-11-14;DAP;Q20;2370;2370;0;0;0.0;79369.85;78695.78;0.0;0.0;0.0;0.0;0.0;78665.46;0.0;0.0
1387;433510;2016-11-14;DAP;K21;9304;9304;2;55;4902385.0;75796.2;75053.99;6.63;6.63;6.63;6.63;6.63;75025.08;0.0;0.0
1388;433511;2016-11-14;DAP;Q22;3550;3550;0;0;0.0;70111.22;69118.11;0.0;0.0;0.0;0.0;0.0;69091.48;0.0;0.0
1389;433512;2016-11-14;DAP;K23;7530;7990;3;515;40548720.0;67095.63;66261.86;6.57;6.57;6.58;6.57;6.58;66236.33;0.0;0.0
1390;433513;2016-11-14;DAP;Q24;5265;5265;0;0;0.0;62186.27;61573.08;0.0;0.0;0.0;0.0;0.0;61549.36;0.0;0.0
1391;433514;2016-11-14;DAP;Q26;1155;1155;0;0;0.0;55119.47;54035.96;0.0;0.0;0.0;0.0;0.0;54015.14;0.0;0.0
1392;433515;2016-11-14;DAP;Q30;265;265;0;0;0.0;44857.36;43555.94;0.0;0.0;0.0;0.0;0.0;43539.16;0.0;0.0
1393;433516;2016-11-16;DAP;X16;495;0;0;0;0.0;99998.83;;0.0;0.0;0.0;0.0;0.0;100000.0;0.0;0.0
1394;433517;2016-11-16;DAP;Z16;4700;4700;0;0;0.0;99280.78;99306.64;0.0;0.0;0.0;0.0;0.0;99273.81;0.0;0.0
1395;433518;2016-11-16;DAP;F17;841;841;0;0;0.0;98709.64;98728.0;0.0;0.0;0.0;0.0;0.0;98695.36;0.0;0.0
1396;433519;2016-11-16;DAP;K17;13105;13105;0;0;0.0;96722.83;96717.38;0.0;0.0;0.0;0.0;0.0;96685.41;0.0;0.0
1397;433520;2016-11-16;DAP;F18;0;0;0;0;0.0;92605.57;92604.97;0.0;0.0;0.0;0.0;0.0;92574.36;0.0;0.0
1398;433521;2016-11-16;DAP;Q18;22245;22245;0;0;0.0;89264.3;89311.68;0.0;0.0;0.0;0.0;0.0;89282.15;0.0;0.0
1399;433522;2016-11-16;DAP;K19;35045;35045;2;405;41070183.0;85375.71;85591.08;6.62;6.62;6.62;6.62;6.62;85562.78;0.0;0.0
1400;433523;2016-11-16;DAP;Q20;2370;2790;2;420;39309307.0;78695.78;79070.9;6.6;6.6;6.6;6.6;6.6;79044.76;0.0;0.0
1401;433524;2016-11-16;DAP;K21;9304;9334;1;30;2686307.0;75053.99;75479.68;6.53;6.53;6.53;6.53;6.53;75454.73;0.0;0.0
1402;433525;2016-11-16;DAP;Q22;3550;3550;0;0;0.0;69118.11;69653.53;0.0;0.0;0.0;0.0;0.0;69630.5;0.0;0.0
1403;433526;2016-11-16;DAP;K23;7990;7990;0;0;0.0;66261.86;66880.75;0.0;0.0;0.0;0.0;0.0;66858.64;0.0;0.0
1404;433527;2016-11-16;DAP;Q24;5265;5265;0;0;0.0;61573.08;62123.08;0.0;0.0;0.0;0.0;0.0;62102.54;0.0;0.0
1405;433528;2016-11-16;DAP;Q26;1155;1155;0;0;0.0;54035.96;54942.06;0.0;0.0;0.0;0.0;0.0;54923.9;0.0;0.0
1406;433529;2016-11-16;DAP;Q30;265;265;0;0;0.0;43555.94;44414.76;0.0;0.0;0.0;0.0;0.0;44400.08;0.0;0.0
1407;433530;2016-11-17;DAP;Z16;4700;4700;0;0;0.0;99306.64;99348.33;0.0;0.0;0.0;0.0;0.0;99315.49;0.0;0.0
1408;433531;2016-11-17;DAP;F17;841;841;0;0;0.0;98728.0;98822.31;0.0;0.0;0.0;0.0;0.0;98789.64;0.0;0.0
1409;433532;2016-11-17;DAP;G17;0;0;0;0;0.0;0.0;98180.06;0.0;0.0;0.0;0.0;0.0;98147.6;0.0;0.0
1410;433533;2016-11-17;DAP;K17;13105;13105;0;0;0.0;96717.38;96748.26;0.0;0.0;0.0;0.0;0.0;96716.28;0.0;0.0
1411;433534;2016-11-17;DAP;F18;0;0;0;0;0.0;92604.97;92629.53;0.0;0.0;0.0;0.0;0.0;92598.91;0.0;0.0
1412;433535;2016-11-17;DAP;Q18;22245;22245;0;0;0.0;89311.68;89349.31;0.0;0.0;0.0;0.0;0.0;89319.77;0.0;0.0
1413;433536;2016-11-17;DAP;K19;35045;35045;0;0;0.0;85591.08;85553.01;0.0;0.0;0.0;0.0;0.0;85524.73;0.0;0.0
1414;433537;2016-11-17;DAP;Q20;2790;2790;0;0;0.0;79070.9;79007.62;0.0;0.0;0.0;0.0;0.0;78981.5;0.0;0.0
1415;433538;2016-11-17;DAP;K21;9334;9334;2;45;4036295.0;75479.68;75371.98;6.5;6.5;6.5;6.5;6.5;75347.06;0.0;0.0
1416;433539;2016-11-17;DAP;Q22;3550;3550;0;0;0.0;69653.53;69521.61;0.0;0.0;0.0;0.0;0.0;69498.63;0.0;0.0
1417;433540;2016-11-17;DAP;K23;7990;9830;6;2525;201287731.0;66880.75;66816.19;6.36;6.36;6.43;6.38;6.42;66794.1;0.0;0.0
1418;433541;2016-11-17;DAP;Q24;5265;5265;0;0;0.0;62123.08;61958.43;0.0;0.0;0.0;0.0;0.0;61937.95;0.0;0.0
1419;433542;2016-11-17;DAP;Q26;1155;1155;1;5;326447.0;54942.06;55005.73;6.36;6.36;6.36;6.36;6.36;54987.55;0.0;0.0
1420;433543;2016-11-17;DAP;Q30;265;265;0;0;0.0;44414.76;44712.72;0.0;0.0;0.0;0.0;0.0;44697.94;0.0;0.0
1421;433544;2016-11-18;DAP;Z16;4700;4700;0;0;0.0;99348.33;99381.78;0.0;0.0;0.0;0.0;0.0;99348.92;0.0;0.0
1422;433545;2016-11-18;DAP;F17;841;841;0;0;0.0;98822.31;98850.98;0.0;0.0;0.0;0.0;0.0;98818.29;0.0;0.0
1423;433546;2016-11-18;DAP;G17;0;0;0;0;0.0;98180.06;98208.76;0.0;0.0;0.0;0.0;0.0;98176.28;0.0;0.0
1424;433547;2016-11-18;DAP;K17;13105;13105;0;0;0.0;96748.26;96783.44;0.0;0.0;0.0;0.0;0.0;96751.43;0.0;0.0
1425;433548;2016-11-18;DAP;F18;0;0;0;0;0.0;92629.53;92703.83;0.0;0.0;0.0;0.0;0.0;92673.17;0.0;0.0
1426;433549;2016-11-18;DAP;Q18;22245;22245;0;0;0.0;89349.31;89444.9;0.0;0.0;0.0;0.0;0.0;89415.32;0.0;0.0
1427;433550;2016-11-18;DAP;K19;35045;35155;13;250;25433470.0;85553.01;85614.12;6.5;6.5;6.52;6.52;6.52;85585.81;0.0;0.0
1428;433551;2016-11-18;DAP;Q20;2790;2790;0;0;0.0;79007.62;79082.76;0.0;0.0;0.0;0.0;0.0;79056.61;0.0;0.0
1429;433552;2016-11-18;DAP;K21;9334;9334;1;10;895091.0;75371.98;75422.53;6.56;6.56;6.56;6.56;6.56;75397.59;0.0;0.0
1430;433553;2016-11-18;DAP;Q22;3550;3550;0;0;0.0;69521.61;69651.14;0.0;0.0;0.0;0.0;0.0;69628.11;0.0;0.0
1431;433554;2016-11-18;DAP;K23;9830;9830;1;120;9552916.0;66816.19;66873.29;6.41;6.41;6.41;6.41;6.41;66851.18;0.0;0.0
1432;433555;2016-11-18;DAP;Q24;5265;5265;0;0;0.0;61958.43;62018.61;0.0;0.0;0.0;0.0;0.0;61998.1;0.0;0.0
1433;433556;2016-11-18;DAP;Q26;1155;1155;0;0;0.0;55005.73;54968.97;0.0;0.0;0.0;0.0;0.0;54950.79;0.0;0.0
1434;433557;2016-11-18;DAP;Q30;265;265;0;0;0.0;44712.72;44723.17;0.0;0.0;0.0;0.0;0.0;44708.38;0.0;0.0
1435;433558;2016-11-21;DAP;Z16;4700;4700;0;0;0.0;99381.78;99415.1;0.0;0.0;0.0;0.0;0.0;99382.43;8.8;0.0
1436;433559;2016-11-21;DAP;F17;841;841;0;0;0.0;98850.98;98879.43;0.0;0.0;0.0;0.0;0.0;98846.94;0.0;8.0
1437;433560;2016-11-21;DAP;G17;0;0;0;0;0.0;98208.76;98239.49;0.0;0.0;0.0;0.0;0.0;98207.21;0.0;0.0
1438;433561;2016-11-21;DAP;K17;13105;13105;0;0;0.0;96783.44;96822.57;0.0;0.0;0.0;0.0;0.0;96790.75;0.0;7.15
1439;433562;2016-11-21;DAP;F18;0;0;0;0;0.0;92703.83;92787.59;0.0;0.0;0.0;0.0;0.0;92757.1;0.0;0.0
1440;433563;2016-11-21;DAP;Q18;22245;22245;2;45;4785665.0;89444.9;89627.13;6.67;6.67;6.67;6.67;6.67;89597.68;6.54;6.6
1441;433564;2016-11-21;DAP;K19;35155;35155;1;160;16348331.0;85614.12;86012.38;6.35;6.35;6.35;6.35;6.35;85984.12;6.32;6.34
1442;433565;2016-11-21;DAP;Q20;2790;2790;0;0;0.0;79082.76;79546.27;0.0;0.0;0.0;0.0;0.0;79520.13;0.0;0.0
1443;433566;2016-11-21;DAP;K21;9334;9334;0;0;0.0;75422.53;75980.63;0.0;0.0;0.0;0.0;0.0;75955.66;6.34;6.38
1444;433567;2016-11-21;DAP;Q22;3550;3550;0;0;0.0;69651.14;70306.71;0.0;0.0;0.0;0.0;0.0;70283.61;0.0;0.0
1445;433568;2016-11-21;DAP;K23;9830;9830;1;40;3216742.0;66873.29;67541.74;6.25;6.25;6.25;6.25;6.25;67519.55;6.25;6.3
1446;433569;2016-11-21;DAP;Q24;5265;5265;0;0;0.0;62018.61;62666.06;0.0;0.0;0.0;0.0;0.0;62645.47;0.0;0.0
1447;433570;2016-11-21;DAP;Q26;1155;1155;0;0;0.0;54968.97;55740.67;0.0;0.0;0.0;0.0;0.0;55722.35;0.0;0.0
1448;433571;2016-11-21;DAP;Q30;265;265;0;0;0.0;44723.17;45373.0;0.0;0.0;0.0;0.0;0.0;45358.09;0.0;0.0
1449;433572;2016-11-22;DAP;Z16;4700;4700;0;0;0.0;99415.1;99449.53;0.0;0.0;0.0;0.0;0.0;99416.64;0.0;0.0
1450;433573;2016-11-22;DAP;F17;841;841;0;0;0.0;98879.43;98909.74;0.0;0.0;0.0;0.0;0.0;98877.03;0.0;0.0
1451;433574;2016-11-22;DAP;G17;0;0;0;0;0.0;98239.49;98275.0;0.0;0.0;0.0;0.0;0.0;98242.5;0.0;0.0
1452;433575;2016-11-22;DAP;K17;13105;13105;0;0;0.0;96822.57;96883.27;0.0;0.0;0.0;0.0;0.0;96851.23;0.0;0.0
1453;433576;2016-11-22;DAP;F18;0;0;0;0;0.0;92787.59;92921.0;0.0;0.0;0.0;0.0;0.0;92890.27;0.0;0.0
1454;433577;2016-11-22;DAP;Q18;22245;22245;0;0;0.0;89627.13;89809.55;0.0;0.0;0.0;0.0;0.0;89779.85;0.0;0.0
1455;433578;2016-11-22;DAP;K19;35155;35155;1;160;16397014.0;86012.38;86192.71;6.24;6.24;6.24;6.24;6.24;86164.21;0.0;0.0
1456;433579;2016-11-22;DAP;Q20;2790;2790;0;0;0.0;79546.27;79760.91;0.0;0.0;0.0;0.0;0.0;79734.53;0.0;0.0
1457;433580;2016-11-22;DAP;K21;9334;9334;0;0;0.0;75980.63;76190.74;0.0;0.0;0.0;0.0;0.0;76165.54;0.0;0.0
1458;433581;2016-11-22;DAP;Q22;3550;3550;0;0;0.0;70306.71;70475.2;0.0;0.0;0.0;0.0;0.0;70451.89;0.0;0.0
1459;433582;2016-11-22;DAP;K23;9830;9830;1;40;3227895.0;67541.74;67763.39;6.2;6.2;6.2;6.2;6.2;67740.98;0.0;0.0
1460;433583;2016-11-22;DAP;Q24;5265;5265;0;0;0.0;62666.06;62772.19;0.0;0.0;0.0;0.0;0.0;62751.43;0.0;0.0
1461;433584;2016-11-22;DAP;Q26;1155;1155;0;0;0.0;55740.67;55907.14;0.0;0.0;0.0;0.0;0.0;55888.65;0.0;0.0
1462;433585;2016-11-22;DAP;Q30;265;265;0;0;0.0;45373.0;45266.51;0.0;0.0;0.0;0.0;0.0;45251.54;0.0;0.0
1463;433586;2016-11-23;DAP;Z16;4700;4700;0;0;0.0;99449.53;99505.19;0.0;0.0;0.0;0.0;0.0;99449.7;0.0;0.0
1464;433587;2016-11-23;DAP;F17;841;906;2;80;9410815.0;98909.74;98958.08;7.54;7.54;7.54;7.54;7.54;98902.89;0.0;0.0
1465;433588;2016-11-23;DAP;G17;0;0;0;0;0.0;98275.0;98319.37;0.0;0.0;0.0;0.0;0.0;98264.54;0.0;0.0
1466;433589;2016-11-23;DAP;K17;13105;13105;1;5;576114.0;96883.27;96914.38;7.0;7.0;7.0;7.0;7.0;96860.33;0.0;0.0
1467;433590;2016-11-23;DAP;F18;0;0;0;0;0.0;92921.0;92946.22;0.0;0.0;0.0;0.0;0.0;92894.38;0.0;0.0
1468;433591;2016-11-23;DAP;Q18;22245;22245;2;25;2670512.0;89809.55;89852.26;6.45;6.45;6.45;6.45;6.45;89802.15;0.0;0.0
1469;433592;2016-11-23;DAP;K19;35155;35155;4;85;8710715.0;86192.71;86233.04;6.29;6.25;6.29;6.26;6.25;86184.95;0.0;0.0
1470;433593;2016-11-23;DAP;Q20;2790;2790;0;0;0.0;79760.91;79826.2;0.0;0.0;0.0;0.0;0.0;79781.68;0.0;0.0
1471;433594;2016-11-23;DAP;K21;9334;9334;0;0;0.0;76190.74;76226.51;0.0;0.0;0.0;0.0;0.0;76184.0;0.0;0.0
1472;433595;2016-11-23;DAP;Q22;3550;3550;0;0;0.0;70475.2;70546.19;0.0;0.0;0.0;0.0;0.0;70506.85;0.0;0.0
1473;433596;2016-11-23;DAP;K23;9830;9830;0;0;0.0;67763.39;67795.04;0.0;0.0;0.0;0.0;0.0;67757.23;0.0;0.0
1474;433597;2016-11-23;DAP;Q24;5265;5265;0;0;0.0;62772.19;62983.77;0.0;0.0;0.0;0.0;0.0;62948.64;0.0;0.0
1475;433598;2016-11-23;DAP;Q26;1155;1155;0;0;0.0;55907.14;55933.14;0.0;0.0;0.0;0.0;0.0;55901.95;0.0;0.0
1476;433599;2016-11-23;DAP;Q30;265;265;0;0;0.0;45266.51;45170.53;0.0;0.0;0.0;0.0;0.0;45145.34;0.0;0.0
1477;433600;2016-11-24;DAP;Z16;4700;4700;0;0;0.0;99505.19;99469.87;0.0;0.0;0.0;0.0;0.0;99433.21;0.0;0.0
1478;433601;2016-11-24;DAP;F17;906;906;0;0;0.0;98958.08;98867.2;0.0;0.0;0.0;0.0;0.0;98830.76;0.0;0.0
1479;433602;2016-11-24;DAP;G17;0;0;0;0;0.0;98319.37;98210.06;0.0;0.0;0.0;0.0;0.0;98173.86;0.0;0.0
1480;433603;2016-11-24;DAP;K17;13105;13105;0;0;0.0;96914.38;96901.22;0.0;0.0;0.0;0.0;0.0;96865.51;0.0;0.0
1481;433604;2016-11-24;DAP;F18;0;0;0;0;0.0;92946.22;92962.43;0.0;0.0;0.0;0.0;0.0;92928.17;0.0;0.0
1482;433605;2016-11-24;DAP;Q18;22245;22245;0;0;0.0;89852.26;89901.0;0.0;0.0;0.0;0.0;0.0;89867.87;0.0;0.0
1483;433606;2016-11-24;DAP;K19;35155;34885;2;270;27680834.0;86233.04;86277.23;6.25;6.25;6.25;6.25;6.25;86245.43;0.0;0.0
1484;433607;2016-11-24;DAP;Q20;2790;2790;0;0;0.0;79826.2;79830.36;0.0;0.0;0.0;0.0;0.0;79800.94;0.0;0.0
1485;433608;2016-11-24;DAP;K21;9334;9334;0;0;0.0;76226.51;76198.68;0.0;0.0;0.0;0.0;0.0;76170.6;0.0;0.0
1486;433609;2016-11-24;DAP;Q22;3550;3550;0;0;0.0;70546.19;70512.2;0.0;0.0;0.0;0.0;0.0;70486.21;0.0;0.0
1487;433610;2016-11-24;DAP;K23;9830;9830;0;0;0.0;67795.04;67716.37;0.0;0.0;0.0;0.0;0.0;67691.41;0.0;0.0
1488;433611;2016-11-24;DAP;Q24;5265;5265;0;0;0.0;62983.77;62850.21;0.0;0.0;0.0;0.0;0.0;62827.05;0.0;0.0
1489;433612;2016-11-24;DAP;Q26;1155;1155;0;0;0.0;55933.14;55986.96;0.0;0.0;0.0;0.0;0.0;55966.33;0.0;0.0
1490;433613;2016-11-24;DAP;Q30;265;265;0;0;0.0;45170.53;45114.2;0.0;0.0;0.0;0.0;0.0;45097.57;0.0;0.0
1491;433614;2016-11-25;DAP;Z16;4700;4700;0;0;0.0;99469.87;99506.56;0.0;0.0;0.0;0.0;0.0;99469.89;0.0;0.0
1492;433615;2016-11-25;DAP;F17;906;957;2;85;9995750.0;98867.2;98896.02;8.3;8.3;8.3;8.3;8.3;98859.57;0.0;0.0
1493;433616;2016-11-25;DAP;G17;0;0;0;0;0.0;98210.06;98238.65;0.0;0.0;0.0;0.0;0.0;98202.44;0.0;0.0
1494;433617;2016-11-25;DAP;K17;13105;13105;0;0;0.0;96901.22;96927.6;0.0;0.0;0.0;0.0;0.0;96891.88;0.0;0.0
1495;433618;2016-11-25;DAP;F18;0;0;0;0;0.0;92962.43;92996.19;0.0;0.0;0.0;0.0;0.0;92961.91;0.0;0.0
1496;433619;2016-11-25;DAP;Q18;22245;22245;1;160;17107056.0;89901.0;89923.24;6.43;6.43;6.43;6.43;6.43;89890.1;0.0;0.0
1497;433620;2016-11-25;DAP;K19;34885;35085;2;200;20479278.0;86277.23;86119.46;6.32;6.32;6.32;6.32;6.32;86087.72;0.0;0.0
1498;433621;2016-11-25;DAP;Q20;2790;2790;0;0;0.0;79830.36;79654.99;0.0;0.0;0.0;0.0;0.0;79625.63;0.0;0.0
1499;433622;2016-11-25;DAP;K21;9334;9334;0;0;0.0;76198.68;75962.8;0.0;0.0;0.0;0.0;0.0;75934.8;0.0;0.0
1500;433623;2016-11-25;DAP;Q22;3550;3550;0;0;0.0;70512.2;70190.39;0.0;0.0;0.0;0.0;0.0;70164.52;0.0;0.0
1501;433624;2016-11-25;DAP;K23;9830;9830;1;30;2410189.0;67716.37;67446.32;6.29;6.29;6.29;6.29;6.29;67421.46;0.0;0.0
1502;433625;2016-11-25;DAP;Q24;5265;5265;0;0;0.0;62850.21;62638.32;0.0;0.0;0.0;0.0;0.0;62615.23;0.0;0.0
1503;433626;2016-11-25;DAP;Q26;1155;1155;0;0;0.0;55986.96;55745.35;0.0;0.0;0.0;0.0;0.0;55724.8;0.0;0.0
1504;433627;2016-11-25;DAP;Q30;265;265;0;0;0.0;45114.2;44661.9;0.0;0.0;0.0;0.0;0.0;44645.44;0.0;0.0
1505;433628;2016-11-28;DAP;Z16;4700;4700;0;0;0.0;99506.56;99543.42;0.0;0.0;0.0;0.0;0.0;99506.73;0.0;0.0
1506;433629;2016-11-28;DAP;F17;957;930;2;50;5882428.0;98896.02;98926.26;8.32;8.32;8.32;8.32;8.32;98889.8;0.0;0.0
1507;433630;2016-11-28;DAP;G17;0;0;0;0;0.0;98238.65;98267.33;0.0;0.0;0.0;0.0;0.0;98231.11;0.0;0.0
1508;433631;2016-11-28;DAP;K17;13105;13105;0;0;0.0;96927.6;96958.13;0.0;0.0;0.0;0.0;0.0;96922.39;0.0;0.0
1509;433632;2016-11-28;DAP;F18;0;0;0;0;0.0;92996.19;93039.67;0.0;0.0;0.0;0.0;0.0;93005.38;0.0;0.0
1510;433633;2016-11-28;DAP;Q18;22245;22245;0;0;0.0;89923.24;90003.19;0.0;0.0;0.0;0.0;0.0;89970.02;0.0;0.0
1511;433634;2016-11-28;DAP;K19;35085;35085;1;160;16423724.0;86119.46;86318.61;6.23;6.23;6.23;6.23;6.23;86286.8;0.0;0.0
1512;433635;2016-11-28;DAP;Q20;2790;2790;0;0;0.0;79654.99;79868.9;0.0;0.0;0.0;0.0;0.0;79839.46;0.0;0.0
1513;433636;2016-11-28;DAP;K21;9334;9334;3;30;2710667.0;75962.8;76235.7;6.39;6.39;6.39;6.39;6.39;76207.6;0.0;0.0
1514;433637;2016-11-28;DAP;Q22;3550;3550;0;0;0.0;70190.39;70659.92;0.0;0.0;0.0;0.0;0.0;70633.88;0.0;0.0
1515;433638;2016-11-28;DAP;K23;9830;10600;6;1295;104455222.0;67446.32;67872.07;6.32;6.22;6.32;6.23;6.22;67847.05;0.0;0.0
1516;433639;2016-11-28;DAP;Q24;5265;5265;0;0;0.0;62638.32;63016.97;0.0;0.0;0.0;0.0;0.0;62993.74;0.0;0.0
1517;433640;2016-11-28;DAP;Q26;1155;1155;1;5;331535.0;55745.35;55962.5;6.22;6.22;6.22;6.22;6.22;55941.87;0.0;0.0
1518;433641;2016-11-28;DAP;Q30;265;265;0;0;0.0;44661.9;44787.56;0.0;0.0;0.0;0.0;0.0;44771.05;0.0;0.0
1519;433642;2016-11-29;DAP;Z16;4700;4700;0;0;0.0;99543.42;99580.0;0.0;0.0;0.0;0.0;0.0;99543.29;0.0;0.0
1520;433643;2016-11-29;DAP;F17;930;930;0;0;0.0;98926.26;98956.6;0.0;0.0;0.0;0.0;0.0;98920.12;7.6;0.0
1521;433644;2016-11-29;DAP;G17;0;0;0;0;0.0;98267.33;98298.11;0.0;0.0;0.0;0.0;0.0;98261.87;0.0;0.0
1522;433645;2016-11-29;DAP;K17;13105;13105;0;0;0.0;96958.13;96996.79;0.0;0.0;0.0;0.0;0.0;96961.03;0.0;0.0
1523;433646;2016-11-29;DAP;F18;0;0;0;0;0.0;93039.67;93102.58;0.0;0.0;0.0;0.0;0.0;93068.26;0.0;0.0
1524;433647;2016-11-29;DAP;Q18;22245;22245;0;0;0.0;90003.19;90111.82;0.0;0.0;0.0;0.0;0.0;90078.6;6.3;6.36
1525;433648;2016-11-29;DAP;K19;35085;35245;3;160;16456491.0;86318.61;86497.96;6.16;6.16;6.16;6.16;6.16;86466.07;6.14;6.17
1526;433649;2016-11-29;DAP;Q20;2790;2790;0;0;0.0;79868.9;80055.22;0.0;0.0;0.0;0.0;0.0;80025.71;0.0;0.0
1527;433650;2016-11-29;DAP;K21;9334;9334;0;0;0.0;76235.7;76381.63;0.0;0.0;0.0;0.0;0.0;76353.47;6.24;6.28
1528;433651;2016-11-29;DAP;Q22;3550;3550;0;0;0.0;70659.92;70942.31;0.0;0.0;0.0;0.0;0.0;70916.16;0.0;6.25
1529;433652;2016-11-29;DAP;K23;10600;10680;3;160;12958056.0;67872.07;68093.99;6.17;6.17;6.17;6.17;6.17;68068.89;0.0;6.17
1530;433653;2016-11-29;DAP;Q24;5265;5265;0;0;0.0;63016.97;63032.01;0.0;0.0;0.0;0.0;0.0;63008.77;0.0;0.0
1531;433654;2016-11-29;DAP;Q26;1155;1155;0;0;0.0;55962.5;56129.18;0.0;0.0;0.0;0.0;0.0;56108.49;0.0;0.0
1532;433655;2016-11-29;DAP;Q30;265;265;0;0;0.0;44787.56;44971.41;0.0;0.0;0.0;0.0;0.0;44954.83;0.0;0.0
1533;433656;2016-11-30;DAP;Z16;4700;4700;0;0;0.0;99580.0;99617.21;0.0;0.0;0.0;0.0;0.0;99580.48;0.0;0.0
1534;433657;2016-11-30;DAP;F17;930;930;0;0;0.0;98956.6;98988.21;0.0;0.0;0.0;0.0;0.0;98951.72;0.0;0.0
1535;433658;2016-11-30;DAP;G17;0;0;0;0;0.0;98298.11;98330.87;0.0;0.0;0.0;0.0;0.0;98294.62;0.0;0.0
1536;433659;2016-11-30;DAP;K17;13105;13105;0;0;0.0;96996.79;97043.38;0.0;0.0;0.0;0.0;0.0;97007.6;0.0;0.0
1537;433660;2016-11-30;DAP;F18;0;0;0;0;0.0;93102.58;93155.53;0.0;0.0;0.0;0.0;0.0;93121.19;0.0;0.0
1538;433661;2016-11-30;DAP;Q18;22245;22245;0;0;0.0;90111.82;90176.99;0.0;0.0;0.0;0.0;0.0;90143.74;0.0;0.0
1539;433662;2016-11-30;DAP;K19;35245;34505;6;2375;244530908.0;86497.96;86498.62;6.15;6.12;6.15;6.13;6.13;86466.73;0.0;0.0
1540;433663;2016-11-30;DAP;Q20;2790;2790;0;0;0.0;80055.22;80130.09;0.0;0.0;0.0;0.0;0.0;80100.55;0.0;0.0
1541;433664;2016-11-30;DAP;K21;9334;9334;1;160;14565096.0;76381.63;76527.66;6.23;6.23;6.23;6.23;6.23;76499.45;0.0;0.0
1542;433665;2016-11-30;DAP;Q22;3550;3550;0;0;0.0;70942.31;70921.38;0.0;0.0;0.0;0.0;0.0;70895.23;0.0;0.0
1543;433666;2016-11-30;DAP;K23;10680;11290;7;640;51820812.0;68093.99;68068.99;6.18;6.18;6.18;6.18;6.18;68043.9;0.0;0.0
1544;433667;2016-11-30;DAP;Q24;5265;5265;0;0;0.0;63032.01;63321.09;0.0;0.0;0.0;0.0;0.0;63297.75;0.0;0.0
1545;433668;2016-11-30;DAP;Q26;1155;1155;0;0;0.0;56129.18;56347.65;0.0;0.0;0.0;0.0;0.0;56326.88;0.0;0.0
1546;433669;2016-11-30;DAP;Q30;265;265;0;0;0.0;44971.41;45097.84;0.0;0.0;0.0;0.0;0.0;45081.21;0.0;0.0
1547;433670;2016-12-01;DAP;Z16;4700;4700;0;0;0.0;99617.21;99653.69;0.0;0.0;0.0;0.0;0.0;99617.83;0.0;0.0
1548;433671;2016-12-01;DAP;F17;930;941;2;25;2945244.0;98988.21;99017.79;8.34;8.34;8.34;8.34;8.34;98982.16;0.0;0.0
1549;433672;2016-12-01;DAP;G17;0;0;0;0;0.0;98330.87;98362.72;0.0;0.0;0.0;0.0;0.0;98327.32;0.0;0.0
1550;433673;2016-12-01;DAP;K17;13105;13105;0;0;0.0;97043.38;97084.75;0.0;0.0;0.0;0.0;0.0;97049.81;0.0;0.0
1551;433674;2016-12-01;DAP;F18;0;0;0;0;0.0;93155.53;93100.7;0.0;0.0;0.0;0.0;0.0;93067.2;0.0;0.0
1552;433675;2016-12-01;DAP;Q18;22245;22245;2;35;3756445.0;90176.99;89954.16;6.29;6.29;6.29;6.29;6.29;89921.79;0.0;0.0
1553;433676;2016-12-01;DAP;K19;34505;33775;10;2810;287736447.0;86498.62;86045.21;6.15;6.15;6.42;6.39;6.42;86014.24;0.0;0.0
1554;433677;2016-12-01;DAP;Q20;2790;2790;0;0;0.0;80130.09;79400.88;0.0;0.0;0.0;0.0;0.0;79372.31;0.0;0.0
1555;433678;2016-12-01;DAP;K21;9334;9494;7;530;47931988.0;76527.66;75689.67;6.4;6.37;6.53;6.4;6.53;75662.43;0.0;0.0
1556;433679;2016-12-01;DAP;Q22;3550;3550;0;0;0.0;70921.38;69922.68;0.0;0.0;0.0;0.0;0.0;69897.52;0.0;0.0
1557;433680;2016-12-01;DAP;K23;11290;11440;3;170;13650919.0;68068.99;67064.89;6.31;6.31;6.43;6.32;6.43;67040.76;0.0;0.0
1558;433681;2016-12-01;DAP;Q24;5265;5265;0;0;0.0;63321.09;62023.71;0.0;0.0;0.0;0.0;0.0;62001.39;0.0;0.0
1559;433682;2016-12-01;DAP;Q26;1155;1155;0;0;0.0;56347.65;54991.63;0.0;0.0;0.0;0.0;0.0;54971.84;0.0;0.0
1560;433683;2016-12-01;DAP;Q30;265;265;0;0;0.0;45097.84;43680.95;0.0;0.0;0.0;0.0;0.0;43665.23;0.0;0.0
1561;433684;2016-12-02;DAP;Z16;4700;4700;0;0;0.0;99653.69;99691.01;0.0;0.0;0.0;0.0;0.0;99655.34;0.0;0.0
1562;433685;2016-12-02;DAP;F17;941;941;0;0;0.0;99017.79;99049.25;0.0;0.0;0.0;0.0;0.0;99013.81;0.0;0.0
1563;433686;2016-12-02;DAP;G17;0;0;0;0;0.0;98362.72;98397.06;0.0;0.0;0.0;0.0;0.0;98361.86;0.0;0.0
1564;433687;2016-12-02;DAP;K17;13105;13105;0;0;0.0;97084.75;97142.5;0.0;0.0;0.0;0.0;0.0;97107.75;0.0;0.0
1565;433688;2016-12-02;DAP;F18;0;0;0;0;0.0;93100.7;93201.78;0.0;0.0;0.0;0.0;0.0;93168.44;0.0;0.0
1566;433689;2016-12-02;DAP;Q18;22245;22085;3;195;20902211.0;89954.16;90047.83;6.46;6.38;6.46;6.39;6.38;90015.61;0.0;0.0
1567;433690;2016-12-02;DAP;K19;33775;33335;26;5105;522941518.0;86045.21;86105.45;6.45;6.36;6.45;6.39;6.38;86074.64;0.0;0.0
1568;433691;2016-12-02;DAP;Q20;2790;2790;0;0;0.0;79400.88;79420.44;0.0;0.0;0.0;0.0;0.0;79392.03;0.0;0.0
1569;433692;2016-12-02;DAP;K21;9494;9524;1;30;2696937.0;75689.67;75676.99;6.55;6.55;6.55;6.55;6.55;75649.91;0.0;0.0
1570;433693;2016-12-02;DAP;Q22;3550;3550;0;0;0.0;69922.68;69940.03;0.0;0.0;0.0;0.0;0.0;69915.01;0.0;0.0
1571;433694;2016-12-02;DAP;K23;11440;11760;5;1020;81517011.0;67064.89;67081.34;6.4;6.4;6.43;6.41;6.43;67057.34;0.0;0.0
1572;433695;2016-12-02;DAP;Q24;5265;5265;0;0;0.0;62023.71;62128.38;0.0;0.0;0.0;0.0;0.0;62106.15;0.0;0.0
1573;433696;2016-12-02;DAP;Q26;1155;1155;0;0;0.0;54991.63;54855.24;0.0;0.0;0.0;0.0;0.0;54835.61;0.0;0.0
1574;433697;2016-12-02;DAP;Q30;265;265;0;0;0.0;43680.95;43635.33;0.0;0.0;0.0;0.0;0.0;43619.72;0.0;0.0
1575;433698;2016-12-05;DAP;Z16;4700;4700;0;0;0.0;99691.01;99728.9;0.0;0.0;0.0;0.0;0.0;99693.0;0.0;0.0
1576;433699;2016-12-05;DAP;F17;941;941;0;0;0.0;99049.25;99107.29;0.0;0.0;0.0;0.0;0.0;99071.61;0.0;0.0
1577;433700;2016-12-05;DAP;G17;0;0;0;0;0.0;98397.06;98439.23;0.0;0.0;0.0;0.0;0.0;98403.79;0.0;0.0
1578;433701;2016-12-05;DAP;K17;13105;13105;0;0;0.0;97142.5;97227.99;0.0;0.0;0.0;0.0;0.0;97192.99;0.0;0.0
1579;433702;2016-12-05;DAP;F18;0;0;0;0;0.0;93201.78;93409.27;0.0;0.0;0.0;0.0;0.0;93375.65;0.0;0.0
1580;433703;2016-12-05;DAP;Q18;22085;22300;3;660;71015023.0;90047.83;90413.88;6.18;6.18;6.18;6.18;6.18;90381.33;0.0;0.0
1581;433704;2016-12-05;DAP;K19;33335;33495;3;205;21131807.0;86105.45;86618.69;6.13;6.13;6.13;6.13;6.13;86587.51;0.0;0.0
1582;433705;2016-12-05;DAP;Q20;2790;2790;0;0;0.0;79420.44;80020.08;0.0;0.0;0.0;0.0;0.0;79991.28;0.0;0.0
1583;433706;2016-12-05;DAP;K21;9524;9524;0;0;0.0;75676.99;76200.82;0.0;0.0;0.0;0.0;0.0;76173.39;0.0;0.0
1584;433707;2016-12-05;DAP;Q22;3550;3550;0;0;0.0;69940.03;70631.92;0.0;0.0;0.0;0.0;0.0;70606.49;0.0;0.0
1585;433708;2016-12-05;DAP;K23;11760;11760;0;0;0.0;67081.34;67666.5;0.0;0.0;0.0;0.0;0.0;67642.14;0.0;0.0
1586;433709;2016-12-05;DAP;Q24;5265;5265;0;0;0.0;62128.38;62819.2;0.0;0.0;0.0;0.0;0.0;62796.59;0.0;0.0
1587;433710;2016-12-05;DAP;Q26;1155;1155;0;0;0.0;54855.24;55672.83;0.0;0.0;0.0;0.0;0.0;55652.79;0.0;0.0
1588;433711;2016-12-05;DAP;Q30;265;265;0;0;0.0;43635.33;44153.24;0.0;0.0;0.0;0.0;0.0;44137.35;0.0;0.0
1589;433712;2016-12-06;DAP;Z16;4700;4700;0;0;0.0;99728.9;99777.07;0.0;0.0;0.0;0.0;0.0;99741.15;0.0;0.0
1590;433713;2016-12-06;DAP;F17;941;941;1;5;590016.0;99107.29;99045.69;8.11;8.11;8.11;8.11;8.11;99010.04;0.0;0.0
1591;433714;2016-12-06;DAP;G17;0;0;0;0;0.0;98439.23;98429.18;0.0;0.0;0.0;0.0;0.0;98393.75;0.0;0.0
1592;433715;2016-12-06;DAP;K17;13105;13105;2;500;57954935.0;97227.99;97383.51;6.41;6.41;6.41;6.41;6.41;97348.45;0.0;0.0
1593;433716;2016-12-06;DAP;F18;0;0;0;0;0.0;93409.27;93548.26;0.0;0.0;0.0;0.0;0.0;93514.59;0.0;0.0
1594;433717;2016-12-06;DAP;Q18;22300;22300;0;0;0.0;90413.88;90521.45;0.0;0.0;0.0;0.0;0.0;90488.86;0.0;0.0
1595;433718;2016-12-06;DAP;K19;33495;33595;5;330;34037840.0;86618.69;86658.87;6.12;6.12;6.12;6.12;6.12;86627.68;0.0;0.0
1596;433719;2016-12-06;DAP;Q20;2790;2790;0;0;0.0;80020.08;79983.94;0.0;0.0;0.0;0.0;0.0;79955.15;0.0;0.0
1597;433720;2016-12-06;DAP;K21;9524;9524;2;85;7711159.0;76200.82;76092.95;6.35;6.35;6.35;6.35;6.35;76065.56;0.0;0.0
1598;433721;2016-12-06;DAP;Q22;3550;3550;0;0;0.0;70631.92;70498.71;0.0;0.0;0.0;0.0;0.0;70473.33;0.0;0.0
1599;433722;2016-12-06;DAP;K23;11760;11760;0;0;0.0;67666.5;67479.31;0.0;0.0;0.0;0.0;0.0;67455.02;0.0;0.0
1600;433723;2016-12-06;DAP;Q24;5265;5265;0;0;0.0;62819.2;62608.37;0.0;0.0;0.0;0.0;0.0;62585.83;0.0;0.0
1601;433724;2016-12-06;DAP;Q26;1155;1155;0;0;0.0;55672.83;55282.7;0.0;0.0;0.0;0.0;0.0;55262.8;0.0;0.0
1602;433725;2016-12-06;DAP;Q30;265;265;0;0;0.0;44153.24;43881.17;0.0;0.0;0.0;0.0;0.0;43865.37;0.0;0.0
1603;433726;2016-12-07;DAP;Z16;4700;4700;0;0;0.0;99777.07;99813.37;0.0;0.0;0.0;0.0;0.0;99777.44;0.0;0.0
1604;433727;2016-12-07;DAP;F17;941;941;0;0;0.0;99045.69;99209.77;0.0;0.0;0.0;0.0;0.0;99174.06;0.0;0.0
1605;433728;2016-12-07;DAP;G17;0;0;0;0;0.0;98429.18;98460.44;0.0;0.0;0.0;0.0;0.0;98425.0;0.0;0.0
1606;433729;2016-12-07;DAP;K17;13105;13105;0;0;0.0;97383.51;97423.21;0.0;0.0;0.0;0.0;0.0;97388.14;0.0;0.0
1607;433730;2016-12-07;DAP;F18;0;0;0;0;0.0;93548.26;93609.5;0.0;0.0;0.0;0.0;0.0;93575.8;0.0;0.0
1608;433731;2016-12-07;DAP;Q18;22300;22300;2;20;2156013.0;90521.45;90614.44;6.11;6.11;6.11;6.11;6.11;90581.82;0.0;0.0
1609;433732;2016-12-07;DAP;K19;33595;33755;5;1200;124021934.0;86658.87;86738.45;6.03;6.03;6.09;6.05;6.09;86707.23;0.0;0.0
1610;433733;2016-12-07;DAP;Q20;2790;2790;0;0;0.0;79983.94;80224.94;0.0;0.0;0.0;0.0;0.0;80196.06;0.0;0.0
1611;433734;2016-12-07;DAP;K21;9524;9699;2;175;15922865.0;76092.95;76333.04;6.23;6.23;6.29;6.29;6.29;76305.56;0.0;0.0
1612;433735;2016-12-07;DAP;Q22;3550;3550;0;0;0.0;70498.71;70741.64;0.0;0.0;0.0;0.0;0.0;70716.18;0.0;0.0
1613;433736;2016-12-07;DAP;K23;11760;11825;5;665;53681212.0;67479.31;67740.04;6.26;6.25;6.28;6.26;6.25;67715.66;0.0;0.0
1614;433737;2016-12-07;DAP;Q24;5265;5265;0;0;0.0;62608.37;62804.23;0.0;0.0;0.0;0.0;0.0;62781.62;0.0;0.0
1615;433738;2016-12-07;DAP;Q26;1155;1155;0;0;0.0;55282.7;55649.01;0.0;0.0;0.0;0.0;0.0;55628.98;0.0;0.0
1616;433739;2016-12-07;DAP;Q30;265;265;1;5;263266.0;43881.17;44004.48;6.17;6.17;6.17;6.17;6.17;43988.64;0.0;0.0
1617;433740;2016-12-08;DAP;Z16;4700;4700;0;0;0.0;99813.37;99954.42;0.0;0.0;0.0;0.0;0.0;99813.59;0.0;0.0
1618;433741;2016-12-08;DAP;F17;941;941;0;0;0.0;99209.77;99358.24;0.0;0.0;0.0;0.0;0.0;99218.25;0.0;0.0
1619;433742;2016-12-08;DAP;G17;0;0;0;0;0.0;98460.44;98591.63;0.0;0.0;0.0;0.0;0.0;98452.72;0.0;0.0
1620;433743;2016-12-08;DAP;H17;0;0;0;0;0.0;0.0;98178.15;0.0;0.0;0.0;0.0;0.0;98039.83;0.0;0.0
1621;433744;2016-12-08;DAP;K17;13105;13605;6;1075;124719503.0;97423.21;97557.24;6.4;6.35;6.4;6.37;6.35;97419.79;0.0;0.0
1622;433745;2016-12-08;DAP;F18;0;0;0;0;0.0;93609.5;93759.26;0.0;0.0;0.0;0.0;0.0;93627.16;0.0;0.0
1623;433746;2016-12-08;DAP;Q18;22300;22300;2;35;3777445.0;90614.44;90745.16;6.06;6.06;6.06;6.06;6.06;90617.31;0.0;0.0
1624;433747;2016-12-08;DAP;K19;33755;33815;7;460;47573108.0;86738.45;86909.12;6.08;6.02;6.08;6.04;6.06;86786.67;0.0;0.0
1625;433748;2016-12-08;DAP;Q20;2790;2790;0;0;0.0;80224.94;80467.34;0.0;0.0;0.0;0.0;0.0;80353.97;0.0;0.0
1626;433749;2016-12-08;DAP;K21;9699;9699;1;40;3655808.0;76333.04;76781.41;6.19;6.19;6.19;6.19;6.19;76673.23;0.0;0.0
1627;433750;2016-12-08;DAP;Q22;3550;3550;0;0;0.0;70741.64;71211.37;0.0;0.0;0.0;0.0;0.0;71111.04;0.0;0.0
1628;433751;2016-12-08;DAP;K23;11825;11745;1;80;6504340.0;67740.04;68237.26;6.15;6.15;6.15;6.15;6.15;68141.12;0.0;0.0
1629;433752;2016-12-08;DAP;Q24;5265;5265;0;0;0.0;62804.23;63248.74;0.0;0.0;0.0;0.0;0.0;63159.63;0.0;0.0
1630;433753;2016-12-08;DAP;Q26;1155;1155;0;0;0.0;55649.01;56229.72;0.0;0.0;0.0;0.0;0.0;56150.5;0.0;0.0
1631;433754;2016-12-08;DAP;Q30;265;265;0;0;0.0;44004.48;44687.82;0.0;0.0;0.0;0.0;0.0;44624.86;0.0;0.0
1632;433755;2016-12-09;DAP;Z16;4700;4700;0;0;0.0;99954.42;99868.25;0.0;0.0;0.0;0.0;0.0;99826.23;0.0;0.0
1633;433756;2016-12-09;DAP;F17;941;982;2;45;5320375.0;99358.24;99222.46;7.53;7.53;7.53;7.53;7.53;99180.71;0.0;0.0
1634;433757;2016-12-09;DAP;G17;0;0;0;0;0.0;98591.63;98349.82;0.0;0.0;0.0;0.0;0.0;98308.44;0.0;0.0
1635;433758;2016-12-09;DAP;H17;0;0;0;0;0.0;98178.15;97936.7;0.0;0.0;0.0;0.0;0.0;97895.5;0.0;0.0
1636;433759;2016-12-09;DAP;K17;13605;13605;9;1710;198408615.0;97557.24;97446.07;6.45;6.45;6.45;6.45;6.45;97405.07;0.0;0.0
1637;433760;2016-12-09;DAP;F18;0;0;0;0;0.0;93759.26;93621.92;0.0;0.0;0.0;0.0;0.0;93582.53;0.0;0.0
1638;433761;2016-12-09;DAP;Q18;22300;22300;4;2650;286070362.0;90745.16;90590.98;6.07;6.07;6.07;6.07;6.07;90552.87;0.0;0.0
1639;433762;2016-12-09;DAP;K19;33815;34135;5;340;35123969.0;86909.12;86745.1;6.05;6.05;6.11;6.1;6.11;86708.6;0.0;0.0
1640;433763;2016-12-09;DAP;Q20;2790;2790;0;0;0.0;80467.34;80268.07;0.0;0.0;0.0;0.0;0.0;80234.3;0.0;0.0
1641;433764;2016-12-09;DAP;K21;9699;9699;1;35;3196085.0;76781.41;76628.46;6.22;6.22;6.22;6.22;6.22;76596.22;0.0;0.0
1642;433765;2016-12-09;DAP;Q22;3550;3550;0;0;0.0;71211.37;71006.62;0.0;0.0;0.0;0.0;0.0;70976.75;0.0;0.0
1643;433766;2016-12-09;DAP;K23;11745;11745;0;0;0.0;68237.26;68022.04;0.0;0.0;0.0;0.0;0.0;67993.42;0.0;0.0
1644;433767;2016-12-09;DAP;Q24;5265;5265;0;0;0.0;63248.74;63155.78;0.0;0.0;0.0;0.0;0.0;63129.21;0.0;0.0
1645;433768;2016-12-09;DAP;Q26;1155;1155;0;0;0.0;56229.72;56085.4;0.0;0.0;0.0;0.0;0.0;56061.8;0.0;0.0
1646;433769;2016-12-09;DAP;Q30;265;265;0;0;0.0;44687.82;44654.14;0.0;0.0;0.0;0.0;0.0;44635.35;0.0;0.0
1647;433770;2016-12-12;DAP;Z16;4700;4700;0;0;0.0;99868.25;99911.14;0.0;0.0;0.0;0.0;0.0;99869.11;0.0;0.0
1648;433771;2016-12-12;DAP;F17;982;982;0;0;0.0;99222.46;99290.3;0.0;0.0;0.0;0.0;0.0;99248.53;0.0;0.0
1649;433772;2016-12-12;DAP;G17;0;0;0;0;0.0;98349.82;98388.13;0.0;0.0;0.0;0.0;0.0;98346.74;0.0;0.0
1650;433773;2016-12-12;DAP;H17;0;0;0;0;0.0;97936.7;97979.92;0.0;0.0;0.0;0.0;0.0;97938.7;0.0;0.0
1651;433774;2016-12-12;DAP;K17;13605;13605;0;0;0.0;97446.07;97512.25;0.0;0.0;0.0;0.0;0.0;97471.22;0.0;0.0
1652;433775;2016-12-12;DAP;F18;0;0;0;0;0.0;93621.92;93711.44;0.0;0.0;0.0;0.0;0.0;93672.01;0.0;0.0
1653;433776;2016-12-12;DAP;Q18;22300;22300;2;100;10780455.0;90590.98;90655.05;6.11;6.11;6.11;6.11;6.11;90616.91;0.0;0.0
1654;433777;2016-12-12;DAP;K19;34135;34135;1;5;516175.0;86745.1;86765.51;6.1;6.1;6.1;6.1;6.1;86729.01;0.0;0.0
1655;433778;2016-12-12;DAP;Q20;2790;2790;0;0;0.0;80268.07;80259.52;0.0;0.0;0.0;0.0;0.0;80225.75;0.0;0.0
1656;433779;2016-12-12;DAP;K21;9699;9699;0;0;0.0;76628.46;76615.12;0.0;0.0;0.0;0.0;0.0;76582.89;0.0;0.0
1657;433780;2016-12-12;DAP;Q22;3550;3550;0;0;0.0;71006.62;70985.95;0.0;0.0;0.0;0.0;0.0;70956.08;0.0;0.0
1658;433781;2016-12-12;DAP;K23;11745;11745;0;0;0.0;68022.04;67956.54;0.0;0.0;0.0;0.0;0.0;67927.95;0.0;0.0
1659;433782;2016-12-12;DAP;Q24;5265;5265;0;0;0.0;63155.78;63261.86;0.0;0.0;0.0;0.0;0.0;63235.24;0.0;0.0
1660;433783;2016-12-12;DAP;Q26;1155;1155;0;0;0.0;56085.4;56098.75;0.0;0.0;0.0;0.0;0.0;56075.15;0.0;0.0
1661;433784;2016-12-12;DAP;Q30;265;265;0;0;0.0;44654.14;44664.63;0.0;0.0;0.0;0.0;0.0;44645.84;0.0;0.0
1662;433785;2016-12-13;DAP;Z16;4700;4700;0;0;0.0;99911.14;99954.42;0.0;0.0;0.0;0.0;0.0;99912.37;0.0;0.0
1663;433786;2016-12-13;DAP;F17;982;977;2;85;10044524.0;99290.3;99316.75;7.76;7.76;7.76;7.76;7.76;99274.97;0.0;0.0
1664;433787;2016-12-13;DAP;G17;0;0;0;0;0.0;98388.13;98418.12;0.0;0.0;0.0;0.0;0.0;98376.71;0.0;0.0
1665;433788;2016-12-13;DAP;H17;0;0;0;0;0.0;97979.92;98004.43;0.0;0.0;0.0;0.0;0.0;97963.2;0.0;0.0
1666;433789;2016-12-13;DAP;K17;13605;13605;0;0;0.0;97512.25;97532.24;0.0;0.0;0.0;0.0;0.0;97491.21;0.0;0.0
1667;433790;2016-12-13;DAP;F18;0;0;0;0;0.0;93711.44;93724.35;0.0;0.0;0.0;0.0;0.0;93684.92;0.0;0.0
1668;433791;2016-12-13;DAP;Q18;22300;22330;1;30;3236190.0;90655.05;90647.91;6.09;6.09;6.09;6.09;6.09;90609.77;0.0;0.0
1669;433792;2016-12-13;DAP;K19;34135;34305;4;230;23732324.0;86765.51;86727.16;6.11;6.11;6.14;6.14;6.14;86690.67;0.0;0.0
1670;433793;2016-12-13;DAP;Q20;2790;2790;0;0;0.0;80259.52;80223.38;0.0;0.0;0.0;0.0;0.0;80189.63;0.0;0.0
1671;433794;2016-12-13;DAP;K21;9699;9699;0;0;0.0;76615.12;76601.86;0.0;0.0;0.0;0.0;0.0;76569.63;0.0;0.0
1672;433795;2016-12-13;DAP;Q22;3550;3550;0;0;0.0;70985.95;71003.05;0.0;0.0;0.0;0.0;0.0;70973.18;0.0;0.0
1673;433796;2016-12-13;DAP;K23;11745;11745;0;0;0.0;67956.54;67932.03;0.0;0.0;0.0;0.0;0.0;67903.45;0.0;0.0
1674;433797;2016-12-13;DAP;Q24;5265;5265;0;0;0.0;63261.86;63185.94;0.0;0.0;0.0;0.0;0.0;63159.36;0.0;0.0
1675;433798;2016-12-13;DAP;Q26;1155;1155;0;0;0.0;56098.75;56214.12;0.0;0.0;0.0;0.0;0.0;56190.47;0.0;0.0
1676;433799;2016-12-13;DAP;Q30;265;265;0;0;0.0;44664.63;45020.52;0.0;0.0;0.0;0.0;0.0;45001.58;0.0;0.0
1677;433800;2016-12-14;DAP;Z16;4700;4700;0;0;0.0;99954.42;99998.07;0.0;0.0;0.0;0.0;0.0;99956.0;0.0;0.0
1678;433801;2016-12-14;DAP;F17;977;977;0;0;0.0;99316.75;99344.36;0.0;0.0;0.0;0.0;0.0;99302.56;0.0;0.0
1679;433802;2016-12-14;DAP;G17;0;0;0;0;0.0;98418.12;98449.92;0.0;0.0;0.0;0.0;0.0;98408.5;0.0;0.0
1680;433803;2016-12-14;DAP;H17;0;0;0;0;0.0;98004.43;98035.96;0.0;0.0;0.0;0.0;0.0;97994.71;0.0;0.0
1681;433804;2016-12-14;DAP;K17;13605;13605;0;0;0.0;97532.24;97567.33;0.0;0.0;0.0;0.0;0.0;97526.28;0.0;0.0
1682;433805;2016-12-14;DAP;F18;0;0;0;0;0.0;93724.35;93727.86;0.0;0.0;0.0;0.0;0.0;93688.43;0.0;0.0
1683;433806;2016-12-14;DAP;Q18;22330;22300;1;60;6472432.0;90647.91;90655.07;6.11;6.11;6.11;6.11;6.11;90616.93;0.0;0.0
1684;433807;2016-12-14;DAP;K19;34305;34345;2;60;6196680.0;86727.16;86786.79;6.11;6.11;6.11;6.11;6.11;86750.28;0.0;0.0
1685;433808;2016-12-14;DAP;Q20;2790;2790;0;0;0.0;80223.38;80297.84;0.0;0.0;0.0;0.0;0.0;80264.06;0.0;0.0
1686;433809;2016-12-14;DAP;K21;9699;10279;2;580;52872307.0;76601.86;76557.0;6.26;6.26;6.26;6.26;6.26;76524.79;0.0;0.0
1687;433810;2016-12-14;DAP;Q22;3550;3550;0;0;0.0;71003.05;70907.12;0.0;0.0;0.0;0.0;0.0;70877.29;0.0;0.0
1688;433811;2016-12-14;DAP;K23;11745;11745;1;30;2422339.0;67932.03;67989.19;6.27;6.27;6.27;6.27;6.27;67960.59;0.0;0.0
1689;433812;2016-12-14;DAP;Q24;5265;5265;0;0;0.0;63185.94;63019.57;0.0;0.0;0.0;0.0;0.0;62993.06;0.0;0.0
1690;433813;2016-12-14;DAP;Q26;1155;1155;0;0;0.0;56214.12;56329.66;0.0;0.0;0.0;0.0;0.0;56305.96;0.0;0.0
1691;433814;2016-12-14;DAP;Q30;265;265;0;0;0.0;45020.52;45031.0;0.0;0.0;0.0;0.0;0.0;45012.05;0.0;0.0
1692;433815;2016-12-15;DAP;Z16;4700;0;0;0;0.0;99998.07;;0.0;0.0;0.0;0.0;0.0;100000.0;0.0;0.0
1693;433816;2016-12-15;DAP;F17;977;977;0;0;0.0;99344.36;99399.3;0.0;0.0;0.0;0.0;0.0;99370.62;0.0;0.0
1694;433817;2016-12-15;DAP;G17;0;0;0;0;0.0;98449.92;98470.43;0.0;0.0;0.0;0.0;0.0;98442.02;0.0;0.0
1695;433818;2016-12-15;DAP;H17;0;0;0;0;0.0;98035.96;98054.51;0.0;0.0;0.0;0.0;0.0;98026.22;0.0;0.0
1696;433819;2016-12-15;DAP;K17;13605;13605;0;0;0.0;97567.33;97593.02;0.0;0.0;0.0;0.0;0.0;97564.86;0.0;0.0
1697;433820;2016-12-15;DAP;F18;0;0;0;0;0.0;93727.86;93785.3;0.0;0.0;0.0;0.0;0.0;93758.24;0.0;0.0
1698;433821;2016-12-15;DAP;Q18;22300;22300;1;200;21601922.0;90655.07;90749.34;6.05;6.05;6.05;6.05;6.05;90723.16;0.0;0.0
1699;433822;2016-12-15;DAP;K19;34345;34345;2;300;31032944.0;86786.79;86952.29;6.06;6.04;6.06;6.05;6.04;86927.2;0.0;0.0
1700;433823;2016-12-15;DAP;Q20;2790;2790;0;0;0.0;80297.84;80416.91;0.0;0.0;0.0;0.0;0.0;80393.71;0.0;0.0
1701;433824;2016-12-15;DAP;K21;10279;9849;3;770;70242266.0;76557.0;76787.09;6.29;6.24;6.29;6.25;6.24;76764.94;0.0;0.0
1702;433825;2016-12-15;DAP;Q22;3550;3550;0;0;0.0;70907.12;71141.07;0.0;0.0;0.0;0.0;0.0;71120.54;0.0;0.0
1703;433826;2016-12-15;DAP;K23;11745;11745;2;35;2808398.0;67989.19;68119.1;6.38;6.38;6.38;6.38;6.38;68099.45;0.0;0.0
1704;433827;2016-12-15;DAP;Q24;5265;5265;0;0;0.0;63019.57;63435.3;0.0;0.0;0.0;0.0;0.0;63417.0;0.0;0.0
1705;433828;2016-12-15;DAP;Q26;1155;1155;1;190;12749155.0;56329.66;56386.7;6.13;6.13;6.13;6.13;6.13;56370.43;0.0;0.0
1706;433829;2016-12-15;DAP;Q30;265;265;0;0;0.0;45031.0;44977.78;0.0;0.0;0.0;0.0;0.0;44964.8;0.0;0.0
1707;433830;2016-12-16;DAP;F17;977;977;0;0;0.0;99399.3;99408.8;0.0;0.0;0.0;0.0;0.0;99379.9;0.0;0.0
1708;433831;2016-12-16;DAP;G17;0;0;0;0;0.0;98470.43;98827.38;0.0;0.0;0.0;0.0;0.0;98798.65;0.0;0.0
1709;433832;2016-12-16;DAP;H17;0;0;0;0;0.0;98054.51;98406.41;0.0;0.0;0.0;0.0;0.0;98377.8;0.0;0.0
1710;433833;2016-12-16;DAP;K17;13605;12788;7;2820;327830410.0;97593.02;97646.29;6.11;6.11;6.2;6.14;6.2;97617.9;0.0;0.0
1711;433834;2016-12-16;DAP;F18;0;0;0;0;0.0;93785.3;93873.94;0.0;0.0;0.0;0.0;0.0;93846.65;0.0;0.0
1712;433835;2016-12-16;DAP;Q18;22300;22300;1;15;1620371.0;90749.34;90798.99;6.07;6.07;6.07;6.07;6.07;90772.59;0.0;0.0
1713;433836;2016-12-16;DAP;K19;34345;34360;1;15;1552464.0;86952.29;86972.71;6.05;6.05;6.05;6.05;6.05;86947.43;0.0;0.0
1714;433837;2016-12-16;DAP;Q20;2790;2790;0;0;0.0;80416.91;80491.45;0.0;0.0;0.0;0.0;0.0;80468.05;0.0;0.0
1715;433838;2016-12-16;DAP;K21;9849;9849;0;0;0.0;76787.09;76710.57;0.0;0.0;0.0;0.0;0.0;76688.27;0.0;0.0
1716;433839;2016-12-16;DAP;Q22;3550;3550;0;0;0.0;71141.07;71045.15;0.0;0.0;0.0;0.0;0.0;71024.5;0.0;0.0
1717;433840;2016-12-16;DAP;K23;11745;11745;0;0;0.0;68119.1;68217.36;0.0;0.0;0.0;0.0;0.0;68197.53;0.0;0.0
1718;433841;2016-12-16;DAP;Q24;5265;5265;0;0;0.0;63435.3;63450.48;0.0;0.0;0.0;0.0;0.0;63432.03;0.0;0.0
1719;433842;2016-12-16;DAP;Q26;1155;1155;0;0;0.0;56386.7;56400.14;0.0;0.0;0.0;0.0;0.0;56383.74;0.0;0.0
1720;433843;2016-12-16;DAP;Q30;265;265;0;0;0.0;44977.78;44930.69;0.0;0.0;0.0;0.0;0.0;44917.63;0.0;0.0
1721;433844;2016-12-19;DAP;F17;977;821;5;465;55052621.0;99408.8;99436.58;7.76;7.5;7.76;7.65;7.5;99407.88;0.0;0.0
1722;433845;2016-12-19;DAP;G17;0;0;0;0;0.0;98827.38;98853.42;0.0;0.0;0.0;0.0;0.0;98824.89;0.0;0.0
1723;433846;2016-12-19;DAP;H17;0;0;0;0;0.0;98406.41;98430.4;0.0;0.0;0.0;0.0;0.0;98401.99;0.0;0.0
1724;433847;2016-12-19;DAP;K17;12788;12788;0;0;0.0;97646.29;97665.75;0.0;0.0;0.0;0.0;0.0;97637.56;0.0;0.0
1725;433848;2016-12-19;DAP;F18;0;0;0;0;0.0;93873.94;93895.91;0.0;0.0;0.0;0.0;0.0;93868.81;0.0;0.0
1726;433849;2016-12-19;DAP;Q18;22300;22300;2;355;38383927.0;90798.99;90834.04;6.04;6.04;6.04;6.04;6.04;90807.82;0.0;0.0
1727;433850;2016-12-19;DAP;K19;34360;34365;4;610;63236638.0;86972.71;87129.66;6.04;5.97;6.04;6.0;5.97;87104.51;0.0;0.0
1728;433851;2016-12-19;DAP;Q20;2790;2790;0;0;0.0;80491.45;80620.95;0.0;0.0;0.0;0.0;0.0;80597.68;0.0;0.0
1729;433852;2016-12-19;DAP;K21;9849;9849;0;0;0.0;76710.57;77046.04;0.0;0.0;0.0;0.0;0.0;77023.8;0.0;0.0
1730;433853;2016-12-19;DAP;Q22;3550;3550;0;0;0.0;71045.15;71402.0;0.0;0.0;0.0;0.0;0.0;71381.39;0.0;0.0
1731;433854;2016-12-19;DAP;K23;11745;11745;3;140;11422576.0;68217.36;68356.39;6.1;6.1;6.13;6.12;6.13;68336.66;0.0;0.0
1732;433855;2016-12-19;DAP;Q24;5265;5680;2;415;31356296.0;63450.48;63556.59;6.15;6.15;6.15;6.15;6.15;63538.25;0.0;0.0
1733;433856;2016-12-19;DAP;Q26;1155;1155;0;0;0.0;56400.14;56567.08;0.0;0.0;0.0;0.0;0.0;56550.75;0.0;0.0
1734;433857;2016-12-19;DAP;Q30;265;265;0;0;0.0;44930.69;45172.22;0.0;0.0;0.0;0.0;0.0;45159.18;0.0;0.0
1735;433858;2016-12-20;DAP;F17;821;821;0;0;0.0;99436.58;99464.73;0.0;0.0;0.0;0.0;0.0;99436.01;7.8;8.5
1736;433859;2016-12-20;DAP;G17;0;0;0;0;0.0;98853.42;98876.76;0.0;0.0;0.0;0.0;0.0;98848.21;0.0;0.0
1737;433860;2016-12-20;DAP;H17;0;0;0;0;0.0;98430.4;98452.52;0.0;0.0;0.0;0.0;0.0;98424.1;0.0;0.0
1738;433861;2016-12-20;DAP;K17;12788;12788;3;1500;174497055.0;97665.75;97681.88;6.2;6.2;6.2;6.2;6.2;97653.68;6.18;6.24
1739;433862;2016-12-20;DAP;F18;0;0;0;0;0.0;93895.91;93899.34;0.0;0.0;0.0;0.0;0.0;93872.23;6.0;6.3
1740;433863;2016-12-20;DAP;Q18;22300;22300;3;445;48135351.0;90834.04;90827.01;6.03;6.03;6.05;6.04;6.05;90800.79;6.02;6.08
1741;433864;2016-12-20;DAP;K19;34365;34365;0;0;0.0;87129.66;87110.63;0.0;0.0;0.0;0.0;0.0;87085.48;5.97;6.0
1742;433865;2016-12-20;DAP;Q20;2790;2790;0;0;0.0;80620.95;80667.56;0.0;0.0;0.0;0.0;0.0;80644.27;6.06;6.12
1743;433866;2016-12-20;DAP;K21;9849;9874;2;25;2299866.0;77046.04;77255.23;6.08;6.08;6.08;6.08;6.08;77232.93;6.05;6.11
1744;433867;2016-12-20;DAP;Q22;3550;3550;0;0;0.0;71402.0;71494.72;0.0;0.0;0.0;0.0;0.0;71474.08;6.12;6.18
1745;433868;2016-12-20;DAP;K23;11745;11745;1;20;1629323.0;68356.39;68495.72;6.15;6.15;6.15;6.15;6.15;68475.94;6.1;6.16
1746;433869;2016-12-20;DAP;Q24;5680;5680;0;0;0.0;63556.59;63708.69;0.0;0.0;0.0;0.0;0.0;63690.3;0.0;0.0
1747;433870;2016-12-20;DAP;Q26;1155;1155;0;0;0.0;56567.08;56580.38;0.0;0.0;0.0;0.0;0.0;56564.04;6.06;6.14
1748;433871;2016-12-20;DAP;Q30;265;265;0;0;0.0;45172.22;45182.7;0.0;0.0;0.0;0.0;0.0;45169.66;0.0;0.0
1749;433872;2016-12-21;DAP;F17;821;821;0;0;0.0;99464.73;99528.81;0.0;0.0;0.0;0.0;0.0;99461.66;0.0;0.0
1750;433873;2016-12-21;DAP;G17;0;0;0;0;0.0;98876.76;98928.28;0.0;0.0;0.0;0.0;0.0;98861.54;0.0;0.0
1751;433874;2016-12-21;DAP;H17;0;0;0;0;0.0;98452.52;98485.31;0.0;0.0;0.0;0.0;0.0;98418.87;0.0;0.0
1752;433875;2016-12-21;DAP;K17;12788;12788;0;0;0.0;97681.88;97657.3;0.0;0.0;0.0;0.0;0.0;97591.42;0.0;0.0
1753;433876;2016-12-21;DAP;F18;0;0;0;0;0.0;93899.34;93827.23;0.0;0.0;0.0;0.0;0.0;93763.93;0.0;0.0
1754;433877;2016-12-21;DAP;Q18;22300;22300;5;1635;176892099.0;90827.01;90827.12;6.05;6.05;6.08;6.06;6.06;90765.84;0.0;0.0
1755;433878;2016-12-21;DAP;K19;34365;34395;7;300;31139354.0;87110.63;87164.39;5.98;5.98;5.99;5.98;5.99;87105.59;0.0;0.0
1756;433879;2016-12-21;DAP;Q20;2790;2790;0;0;0.0;80667.56;80911.54;0.0;0.0;0.0;0.0;0.0;80856.95;0.0;0.0
1757;433880;2016-12-21;DAP;K21;9874;9874;2;1005;92642314.0;77255.23;77430.78;6.08;6.04;6.08;6.04;6.04;77378.54;0.0;0.0
1758;433881;2016-12-21;DAP;Q22;3550;3550;0;0;0.0;71494.72;71843.2;0.0;0.0;0.0;0.0;0.0;71794.73;0.0;0.0
1759;433882;2016-12-21;DAP;K23;11745;11860;4;1245;101975063.0;68495.72;68867.9;6.07;6.05;6.07;6.07;6.05;68821.44;0.0;0.0
1760;433883;2016-12-21;DAP;Q24;5680;5680;0;0;0.0;63708.69;63931.58;0.0;0.0;0.0;0.0;0.0;63888.45;0.0;0.0
1761;433884;2016-12-21;DAP;Q26;1155;1155;0;0;0.0;56580.38;56821.25;0.0;0.0;0.0;0.0;0.0;56782.92;0.0;0.0
1762;433885;2016-12-21;DAP;Q30;265;265;0;0;0.0;45182.7;45911.91;0.0;0.0;0.0;0.0;0.0;45880.94;0.0;0.0
1763;433886;2016-12-22;DAP;F17;821;821;0;0;0.0;99528.81;99421.76;0.0;0.0;0.0;0.0;0.0;99385.35;0.0;0.0
1764;433887;2016-12-22;DAP;G17;0;0;0;0;0.0;98928.28;98743.58;0.0;0.0;0.0;0.0;0.0;98707.41;0.0;0.0
1765;433888;2016-12-22;DAP;H17;0;0;0;0;0.0;98485.31;98293.82;0.0;0.0;0.0;0.0;0.0;98257.82;0.0;0.0
1766;433889;2016-12-22;DAP;K17;12788;12788;0;0;0.0;97657.3;97630.29;0.0;0.0;0.0;0.0;0.0;97594.53;0.0;0.0
1767;433890;2016-12-22;DAP;F18;0;0;1;200;22339164.0;93827.23;93783.88;6.31;6.31;6.31;6.31;6.31;93749.53;0.0;0.0
1768;433891;2016-12-22;DAP;Q18;22300;22300;2;40;4323132.0;90827.12;90792.41;6.13;6.13;6.13;6.13;6.13;90759.16;0.0;0.0
1769;433892;2016-12-22;DAP;K19;34395;34610;6;235;24399442.0;87164.39;87196.6;5.99;5.96;5.99;5.97;5.97;87164.66;0.0;0.0
1770;433893;2016-12-22;DAP;Q20;2790;2790;0;0;0.0;80911.54;80905.34;0.0;0.0;0.0;0.0;0.0;80875.71;0.0;0.0
1771;433894;2016-12-22;DAP;K21;9874;9874;0;0;0.0;77430.78;77456.81;0.0;0.0;0.0;0.0;0.0;77428.44;0.0;0.0
1772;433895;2016-12-22;DAP;Q22;3550;3550;0;0;0.0;71843.2;71952.11;0.0;0.0;0.0;0.0;0.0;71925.76;0.0;0.0
1773;433896;2016-12-22;DAP;K23;11860;11860;0;0;0.0;68867.9;68945.32;0.0;0.0;0.0;0.0;0.0;68920.07;0.0;0.0
1774;433897;2016-12-22;DAP;Q24;5680;5680;0;0;0.0;63931.58;64064.57;0.0;0.0;0.0;0.0;0.0;64041.11;0.0;0.0
1775;433898;2016-12-22;DAP;Q26;1155;1155;0;0;0.0;56821.25;57075.17;0.0;0.0;0.0;0.0;0.0;57054.27;0.0;0.0
1776;433899;2016-12-22;DAP;Q30;265;265;0;0;0.0;45911.91;45790.55;0.0;0.0;0.0;0.0;0.0;45773.78;0.0;0.0
1777;433900;2016-12-23;DAP;F17;821;821;0;0;0.0;99421.76;99456.12;0.0;0.0;0.0;0.0;0.0;99419.68;0.0;0.0
1778;433901;2016-12-23;DAP;G17;0;0;0;0;0.0;98743.58;98772.43;0.0;0.0;0.0;0.0;0.0;98736.24;0.0;0.0
1779;433902;2016-12-23;DAP;H17;0;0;0;0;0.0;98293.82;98322.12;0.0;0.0;0.0;0.0;0.0;98286.1;0.0;0.0
1780;433903;2016-12-23;DAP;K17;12788;12788;0;0;0.0;97630.29;97654.81;0.0;0.0;0.0;0.0;0.0;97619.03;0.0;0.0
1781;433904;2016-12-23;DAP;F18;0;0;0;0;0.0;93783.88;93815.97;0.0;0.0;0.0;0.0;0.0;93781.6;0.0;0.0
1782;433905;2016-12-23;DAP;Q18;22300;22430;7;295;31907084.0;90792.41;90813.79;6.1;6.1;6.11;6.11;6.11;90780.52;0.0;0.0
1783;433906;2016-12-23;DAP;K19;34610;34620;1;10;1037988.0;87196.6;87177.75;6.0;6.0;6.0;6.0;6.0;87145.81;0.0;0.0
1784;433907;2016-12-23;DAP;Q20;2790;2790;0;0;0.0;80905.34;80868.78;0.0;0.0;0.0;0.0;0.0;80839.15;0.0;0.0
1785;433908;2016-12-23;DAP;K21;9874;9879;2;145;13378655.0;77456.81;77347.37;6.03;6.03;6.03;6.03;6.03;77319.03;0.0;0.0
1786;433909;2016-12-23;DAP;Q22;3550;3550;0;0;0.0;71952.11;71892.69;0.0;0.0;0.0;0.0;0.0;71866.35;0.0;0.0
1787;433910;2016-12-23;DAP;K23;11860;11860;1;160;13140432.0;68945.32;68961.36;6.03;6.03;6.03;6.03;6.03;68936.09;0.0;0.0
1788;433911;2016-12-23;DAP;Q24;5680;5680;0;0;0.0;64064.57;64263.66;0.0;0.0;0.0;0.0;0.0;64240.12;0.0;0.0
1789;433912;2016-12-23;DAP;Q26;1155;1155;0;0;0.0;57075.17;56881.79;0.0;0.0;0.0;0.0;0.0;56860.95;0.0;0.0
1790;433913;2016-12-23;DAP;Q30;265;265;0;0;0.0;45790.55;45742.31;0.0;0.0;0.0;0.0;0.0;45725.55;0.0;0.0
1791;433914;2016-12-26;DAP;F17;821;821;0;0;0.0;99456.12;99492.3;0.0;0.0;0.0;0.0;0.0;99455.85;0.0;0.0
1792;433915;2016-12-26;DAP;G17;0;0;0;0;0.0;98772.43;98801.5;0.0;0.0;0.0;0.0;0.0;98765.3;0.0;0.0
1793;433916;2016-12-26;DAP;H17;0;0;0;0;0.0;98322.12;98346.52;0.0;0.0;0.0;0.0;0.0;98310.49;0.0;0.0
1794;433917;2016-12-26;DAP;K17;12788;12788;0;0;0.0;97654.81;97672.41;0.0;0.0;0.0;0.0;0.0;97636.63;0.0;0.0
1795;433918;2016-12-26;DAP;F18;0;0;0;0;0.0;93815.97;93838.79;0.0;0.0;0.0;0.0;0.0;93804.41;0.0;0.0
1796;433919;2016-12-26;DAP;Q18;22430;22430;4;50;5410310.0;90813.79;90849.09;6.1;6.1;6.11;6.1;6.11;90815.81;0.0;0.0
1797;433920;2016-12-26;DAP;K19;34620;35430;6;810;84177081.0;87177.75;87256.18;5.97;5.96;5.97;5.96;5.96;87224.21;0.0;0.0
1798;433921;2016-12-26;DAP;Q20;2790;2790;0;0;0.0;80868.78;80915.24;0.0;0.0;0.0;0.0;0.0;80885.6;0.0;0.0
1799;433922;2016-12-26;DAP;K21;9879;9879;0;0;0.0;77347.37;77492.82;0.0;0.0;0.0;0.0;0.0;77464.43;0.0;0.0
1800;433923;2016-12-26;DAP;Q22;3550;3550;0;0;0.0;71892.69;71947.54;0.0;0.0;0.0;0.0;0.0;71921.18;0.0;0.0
1801;433924;2016-12-26;DAP;K23;11860;11840;1;20;1645135.0;68961.36;68936.09;6.01;6.01;6.01;6.01;6.01;68910.83;0.0;0.0
1802;433925;2016-12-26;DAP;Q24;5680;5840;1;160;12223515.0;64263.66;64140.34;6.02;6.02;6.02;6.02;6.02;64116.84;0.0;0.0
1803;433926;2016-12-26;DAP;Q26;1155;1155;0;0;0.0;56881.79;57049.9;0.0;0.0;0.0;0.0;0.0;57029.0;0.0;0.0
1804;433927;2016-12-26;DAP;Q30;265;265;0;0;0.0;45742.31;45929.09;0.0;0.0;0.0;0.0;0.0;45912.26;0.0;0.0
1805;433928;2016-12-27;DAP;F17;821;821;0;0;0.0;99492.3;99533.55;0.0;0.0;0.0;0.0;0.0;99497.08;0.0;0.0
1806;433929;2016-12-27;DAP;G17;0;0;0;0;0.0;98801.5;98903.62;0.0;0.0;0.0;0.0;0.0;98867.39;0.0;0.0
1807;433930;2016-12-27;DAP;H17;0;0;0;0;0.0;98346.52;98537.62;0.0;0.0;0.0;0.0;0.0;98501.52;0.0;0.0
1808;433931;2016-12-27;DAP;K17;12788;12788;0;0;0.0;97672.41;97686.75;0.0;0.0;0.0;0.0;0.0;97650.96;0.0;0.0
1809;433932;2016-12-27;DAP;F18;0;0;0;0;0.0;93838.79;93852.43;0.0;0.0;0.0;0.0;0.0;93818.05;0.0;0.0
1810;433933;2016-12-27;DAP;Q18;22430;22365;2;65;7037338.0;90849.09;90884.35;6.09;6.09;6.09;6.09;6.09;90851.05;0.0;0.0
1811;433934;2016-12-27;DAP;K19;35430;35900;4;480;49891947.0;87256.18;87276.23;5.98;5.96;5.98;5.97;5.96;87244.25;0.0;0.0
1812;433935;2016-12-27;DAP;Q20;2790;2790;0;0;0.0;80915.24;80934.04;0.0;0.0;0.0;0.0;0.0;80904.39;0.0;0.0
1813;433936;2016-12-27;DAP;K21;9879;9879;0;0;0.0;77492.82;77542.69;0.0;0.0;0.0;0.0;0.0;77514.28;0.0;0.0
1814;433937;2016-12-27;DAP;Q22;3550;3550;0;0;0.0;71947.54;71964.31;0.0;0.0;0.0;0.0;0.0;71937.94;0.0;0.0
1815;433938;2016-12-27;DAP;K23;11840;11870;1;30;2459775.0;68936.09;68952.13;6.07;6.07;6.07;6.07;6.07;68926.87;0.0;0.0
1816;433939;2016-12-27;DAP;Q24;5840;5840;0;0;0.0;64140.34;64109.26;0.0;0.0;0.0;0.0;0.0;64085.77;0.0;0.0
1817;433940;2016-12-27;DAP;Q26;1155;1155;0;0;0.0;57049.9;56959.87;0.0;0.0;0.0;0.0;0.0;56939.0;0.0;0.0
1818;433941;2016-12-27;DAP;Q30;265;265;0;0;0.0;45929.09;46116.58;0.0;0.0;0.0;0.0;0.0;46099.68;0.0;0.0
1819;433942;2016-12-28;DAP;F17;821;821;0;0;0.0;99533.55;99578.78;0.0;0.0;0.0;0.0;0.0;99542.3;0.0;0.0
1820;433943;2016-12-28;DAP;G17;0;0;0;0;0.0;98903.62;98941.27;0.0;0.0;0.0;0.0;0.0;98905.02;0.0;0.0
1821;433944;2016-12-28;DAP;H17;0;0;0;0;0.0;98537.62;98584.5;0.0;0.0;0.0;0.0;0.0;98548.38;0.0;0.0
1822;433945;2016-12-28;DAP;K17;12788;13298;3;510;59381388.0;97686.75;97891.38;6.54;6.53;6.54;6.54;6.53;97855.52;0.0;0.0
1823;433946;2016-12-28;DAP;F18;0;0;0;0;0.0;93852.43;93957.66;0.0;0.0;0.0;0.0;0.0;93923.24;0.0;0.0
1824;433947;2016-12-28;DAP;Q18;22365;22415;5;130;14083098.0;90884.35;90947.31;6.08;6.07;6.08;6.08;6.07;90913.99;0.0;0.0
1825;433948;2016-12-28;DAP;K19;35900;35900;4;835;86883886.0;87276.23;87373.88;5.95;5.94;5.95;5.94;5.95;87341.87;0.0;0.0
1826;433949;2016-12-28;DAP;Q20;2790;2790;0;0;0.0;80934.04;81063.35;0.0;0.0;0.0;0.0;0.0;81033.65;0.0;0.0
1827;433950;2016-12-28;DAP;K21;9879;9929;3;335;30966110.0;77542.69;77720.11;6.02;5.97;6.02;6.01;5.97;77691.64;0.0;0.0
1828;433951;2016-12-28;DAP;Q22;3550;3550;0;0;0.0;71964.31;72171.54;0.0;0.0;0.0;0.0;0.0;72145.1;0.0;0.0
1829;433952;2016-12-28;DAP;K23;11870;11860;1;10;824659.0;68952.13;69092.04;5.98;5.98;5.98;5.98;5.98;69066.73;0.0;0.0
1830;433953;2016-12-28;DAP;Q24;5840;5840;0;0;0.0;64109.26;64354.29;0.0;0.0;0.0;0.0;0.0;64330.71;0.0;0.0
1831;433954;2016-12-28;DAP;Q26;1155;1155;0;0;0.0;56959.87;57231.65;0.0;0.0;0.0;0.0;0.0;57210.68;0.0;0.0
1832;433955;2016-12-28;DAP;Q30;265;235;2;30;1657184.0;46116.58;46423.68;5.83;5.83;5.83;5.83;5.83;46406.67;0.0;0.0
1833;433956;2016-12-29;DAP;F17;821;821;0;0;0.0;99578.78;99634.2;0.0;0.0;0.0;0.0;0.0;99561.41;0.0;0.0
1834;433957;2016-12-29;DAP;G17;0;0;0;0;0.0;98941.27;98942.03;0.0;0.0;0.0;0.0;0.0;98869.74;0.0;0.0
1835;433958;2016-12-29;DAP;H17;0;0;0;0;0.0;98584.5;98494.54;0.0;0.0;0.0;0.0;0.0;98422.58;0.0;0.0
1836;433959;2016-12-29;DAP;K17;13298;13698;2;400;46628662.0;97891.38;97872.46;6.31;6.3;6.31;6.31;6.3;97800.95;0.0;0.0
1837;433960;2016-12-29;DAP;F18;0;0;0;0;0.0;93957.66;94051.02;0.0;0.0;0.0;0.0;0.0;93982.31;0.0;0.0
1838;433961;2016-12-29;DAP;Q18;22415;22415;1;10;1083975.0;90947.31;91029.43;6.06;6.06;6.06;6.06;6.06;90962.92;0.0;0.0
1839;433962;2016-12-29;DAP;K19;35900;36720;7;820;85487837.0;87373.88;87522.7;5.87;5.87;5.87;5.87;5.87;87458.76;0.0;0.0
1840;433963;2016-12-29;DAP;Q20;2790;2790;0;0;0.0;81063.35;81305.36;0.0;0.0;0.0;0.0;0.0;81245.96;0.0;0.0
1841;433964;2016-12-29;DAP;K21;9929;9929;2;15;1389481.0;77720.11;77734.42;5.97;5.97;5.97;5.97;5.97;77677.63;0.0;0.0
1842;433965;2016-12-29;DAP;Q22;3550;3550;0;0;0.0;72171.54;72405.57;0.0;0.0;0.0;0.0;0.0;72352.67;0.0;0.0
1843;433966;2016-12-29;DAP;K23;11860;11860;0;0;0.0;69092.04;69506.35;0.0;0.0;0.0;0.0;0.0;69455.57;0.0;0.0
1844;433967;2016-12-29;DAP;Q24;5840;5840;0;0;0.0;64354.29;64948.77;0.0;0.0;0.0;0.0;0.0;64901.32;0.0;0.0
1845;433968;2016-12-29;DAP;Q26;1155;1155;0;0;0.0;57231.65;57577.72;0.0;0.0;0.0;0.0;0.0;57535.65;0.0;0.0
1846;433969;2016-12-29;DAP;Q30;235;235;0;0;0.0;46423.68;46930.11;0.0;0.0;0.0;0.0;0.0;46895.82;0.0;0.0
20441;486954;2016-01-04;DAP;F16;0;0;0;0;0.0;99922.4;99936.11;0.0;0.0;0.0;0.0;0.0;99932.1;0.0;0.0
20442;486955;2016-01-04;DAP;G16;0;0;0;0;0.0;99767.08;99785.3;0.0;0.0;0.0;0.0;0.0;99781.3;0.0;0.0
20443;486956;2016-01-04;DAP;H16;0;0;0;0;0.0;99372.89;99399.01;0.0;0.0;0.0;0.0;0.0;99395.02;0.0;0.0
20444;486957;2016-01-04;DAP;Q16;0;0;0;0;0.0;96471.3;96533.75;0.0;0.0;0.0;0.0;0.0;96529.88;0.0;0.0
20445;486958;2016-01-04;DAP;K17;2220;2220;0;0;0.0;91887.15;91963.59;0.0;0.0;0.0;0.0;0.0;91959.9;0.0;0.0
20446;486959;2016-01-04;DAP;Q18;1740;1740;0;0;0.0;83915.49;83997.46;0.0;0.0;0.0;0.0;0.0;83994.09;0.0;0.0
20447;486960;2016-01-04;DAP;K19;0;0;0;0;0.0;79156.34;79270.78;0.0;0.0;0.0;0.0;0.0;79267.6;0.0;0.0
20448;486961;2016-01-04;DAP;Q20;0;0;0;0;0.0;72380.01;72510.39;0.0;0.0;0.0;0.0;0.0;72507.48;0.0;0.0
20449;486962;2016-01-04;DAP;Q22;0;0;0;0;0.0;62645.46;62793.49;0.0;0.0;0.0;0.0;0.0;62790.97;0.0;0.0
20450;486963;2016-01-04;DAP;K23;0;0;0;0;0.0;59247.73;59359.64;0.0;0.0;0.0;0.0;0.0;59357.26;0.0;0.0
20451;486964;2016-01-04;DAP;K24;0;0;0;0;0.0;55309.67;55467.3;0.0;0.0;0.0;0.0;0.0;55465.08;0.0;0.0
20452;486965;2016-01-04;DAP;Q24;0;0;0;0;0.0;54347.87;54506.67;0.0;0.0;0.0;0.0;0.0;54504.48;0.0;0.0
20453;486966;2016-01-04;DAP;Q30;0;0;0;0;0.0;35745.29;35860.92;0.0;0.0;0.0;0.0;0.0;35859.48;0.0;0.0
20454;486967;2016-01-05;DAP;F16;0;0;0;0;0.0;99936.11;99945.14;0.0;0.0;0.0;0.0;0.0;99940.89;0.0;0.0
20455;486968;2016-01-05;DAP;G16;0;0;0;0;0.0;99785.3;99796.49;0.0;0.0;0.0;0.0;0.0;99792.25;0.0;0.0
20456;486969;2016-01-05;DAP;H16;0;0;0;0;0.0;99399.01;99415.22;0.0;0.0;0.0;0.0;0.0;99411.0;0.0;0.0
20457;486970;2016-01-05;DAP;Q16;0;0;0;0;0.0;96533.75;96572.7;0.0;0.0;0.0;0.0;0.0;96568.6;0.0;0.0
20458;486971;2016-01-05;DAP;K17;2220;2220;0;0;0.0;91963.59;92149.99;0.0;0.0;0.0;0.0;0.0;92146.07;0.0;0.0
20459;486972;2016-01-05;DAP;Q18;1740;1740;0;0;0.0;83997.46;84388.74;0.0;0.0;0.0;0.0;0.0;84385.15;0.0;0.0
20460;486973;2016-01-05;DAP;K19;0;0;0;0;0.0;79270.78;79862.54;0.0;0.0;0.0;0.0;0.0;79859.15;0.0;0.0
20461;486974;2016-01-05;DAP;Q20;0;0;0;0;0.0;72510.39;73061.37;0.0;0.0;0.0;0.0;0.0;73058.27;0.0;0.0
20462;486975;2016-01-05;DAP;Q22;0;0;0;0;0.0;62793.49;63236.74;0.0;0.0;0.0;0.0;0.0;63234.05;0.0;0.0
20463;486976;2016-01-05;DAP;K23;0;0;0;0;0.0;59359.64;59946.43;0.0;0.0;0.0;0.0;0.0;59943.88;0.0;0.0
20464;486977;2016-01-05;DAP;K24;0;0;0;0;0.0;55467.3;55914.82;0.0;0.0;0.0;0.0;0.0;55912.44;0.0;0.0
20465;486978;2016-01-05;DAP;Q24;0;0;0;0;0.0;54506.67;54959.67;0.0;0.0;0.0;0.0;0.0;54957.33;0.0;0.0
20466;486979;2016-01-05;DAP;Q30;0;0;0;0;0.0;35860.92;36164.19;0.0;0.0;0.0;0.0;0.0;36162.65;0.0;0.0
20467;486980;2016-01-06;DAP;F16;0;0;0;0;0.0;99945.14;99953.42;0.0;0.0;0.0;0.0;0.0;99949.37;0.0;0.0
20468;486981;2016-01-06;DAP;G16;0;0;0;0;0.0;99796.49;99807.0;0.0;0.0;0.0;0.0;0.0;99802.96;0.0;0.0
20469;486982;2016-01-06;DAP;H16;0;0;0;0;0.0;99415.22;99430.86;0.0;0.0;0.0;0.0;0.0;99426.83;0.0;0.0
20470;486983;2016-01-06;DAP;Q16;0;0;0;0;0.0;96572.7;96611.03;0.0;0.0;0.0;0.0;0.0;96607.12;0.0;0.0
20471;486984;2016-01-06;DAP;K17;2220;2220;0;0;0.0;92149.99;92253.73;0.0;0.0;0.0;0.0;0.0;92249.99;0.0;0.0
20472;486985;2016-01-06;DAP;Q18;1740;1740;0;0;0.0;84388.74;84616.0;0.0;0.0;0.0;0.0;0.0;84612.57;0.0;0.0
20473;486986;2016-01-06;DAP;K19;0;0;0;0;0.0;79862.54;80157.85;0.0;0.0;0.0;0.0;0.0;80154.6;0.0;0.0
20474;486987;2016-01-06;DAP;Q20;0;0;0;0;0.0;73061.37;73395.23;0.0;0.0;0.0;0.0;0.0;73392.26;0.0;0.0
20475;486988;2016-01-06;DAP;Q22;0;0;0;0;0.0;63236.74;63487.48;0.0;0.0;0.0;0.0;0.0;63484.91;0.0;0.0
20476;486989;2016-01-06;DAP;K23;0;0;0;0;0.0;59946.43;60126.85;0.0;0.0;0.0;0.0;0.0;60124.41;0.0;0.0
20477;486990;2016-01-06;DAP;K24;0;0;0;0;0.0;55914.82;56060.46;0.0;0.0;0.0;0.0;0.0;56058.19;0.0;0.0
20478;486991;2016-01-06;DAP;Q24;0;0;0;0;0.0;54959.67;55062.75;0.0;0.0;0.0;0.0;0.0;55060.52;0.0;0.0
20479;486992;2016-01-06;DAP;Q30;0;0;0;0;0.0;36164.19;36272.44;0.0;0.0;0.0;0.0;0.0;36270.97;0.0;0.0
20480;486993;2016-01-07;DAP;F16;0;0;0;0;0.0;99953.42;100007.1;0.0;0.0;0.0;0.0;0.0;99957.53;0.0;0.0
20481;486994;2016-01-07;DAP;G16;0;0;0;0;0.0;99807.0;99862.95;0.0;0.0;0.0;0.0;0.0;99813.45;0.0;0.0
20482;486995;2016-01-07;DAP;H16;0;0;0;0;0.0;99430.86;99488.3;0.0;0.0;0.0;0.0;0.0;99438.99;0.0;0.0
20483;486996;2016-01-07;DAP;Q16;0;0;0;0;0.0;96611.03;96682.34;0.0;0.0;0.0;0.0;0.0;96634.42;0.0;0.0
20484;486997;2016-01-07;DAP;K17;2220;2220;0;0;0.0;92253.73;92341.03;0.0;0.0;0.0;0.0;0.0;92295.26;0.0;0.0
20485;486998;2016-01-07;DAP;Q18;1740;1740;0;0;0.0;84616.0;84696.74;0.0;0.0;0.0;0.0;0.0;84654.76;0.0;0.0
20486;486999;2016-01-07;DAP;K19;0;0;0;0;0.0;80157.85;80240.46;0.0;0.0;0.0;0.0;0.0;80200.69;0.0;0.0
20487;487000;2016-01-07;DAP;Q20;0;0;0;0;0.0;73395.23;73479.8;0.0;0.0;0.0;0.0;0.0;73443.38;0.0;0.0
20488;487001;2016-01-07;DAP;Q22;0;0;0;0;0.0;63487.48;63416.96;0.0;0.0;0.0;0.0;0.0;63385.53;0.0;0.0
20489;487002;2016-01-07;DAP;K23;0;0;0;0;0.0;60126.85;59965.97;0.0;0.0;0.0;0.0;0.0;59936.25;0.0;0.0
20490;487003;2016-01-07;DAP;K24;0;0;0;0;0.0;56060.46;55927.86;0.0;0.0;0.0;0.0;0.0;55900.14;0.0;0.0
20491;487004;2016-01-07;DAP;Q24;0;0;0;0;0.0;55062.75;54883.36;0.0;0.0;0.0;0.0;0.0;54856.16;0.0;0.0
20492;487005;2016-01-07;DAP;Q30;0;0;0;0;0.0;36272.44;35907.38;0.0;0.0;0.0;0.0;0.0;35889.58;0.0;0.0
20493;487006;2016-01-08;DAP;F16;0;0;0;0;0.0;100007.1;99961.68;0.0;0.0;0.0;0.0;0.0;99954.7;0.0;0.0
20494;487007;2016-01-08;DAP;G16;0;0;0;0;0.0;99862.95;99780.42;0.0;0.0;0.0;0.0;0.0;99773.46;0.0;0.0
20495;487008;2016-01-08;DAP;H16;0;0;0;0;0.0;99488.3;99392.8;0.0;0.0;0.0;0.0;0.0;99385.86;0.0;0.0
20496;487009;2016-01-08;DAP;Q16;0;0;0;0;0.0;96682.34;96635.58;0.0;0.0;0.0;0.0;0.0;96628.84;0.0;0.0
20497;487010;2016-01-08;DAP;K17;2220;2220;0;0;0.0;92341.03;92277.1;0.0;0.0;0.0;0.0;0.0;92270.66;0.0;0.0
20498;487011;2016-01-08;DAP;Q18;1740;1740;0;0;0.0;84696.74;84661.73;0.0;0.0;0.0;0.0;0.0;84655.82;0.0;0.0
20499;487012;2016-01-08;DAP;K19;0;0;0;0;0.0;80240.46;80227.41;0.0;0.0;0.0;0.0;0.0;80221.81;0.0;0.0
20500;487013;2016-01-08;DAP;Q20;0;0;0;0;0.0;73479.8;73405.19;0.0;0.0;0.0;0.0;0.0;73400.07;0.0;0.0
20501;487014;2016-01-08;DAP;Q22;0;0;0;0;0.0;63416.96;63290.9;0.0;0.0;0.0;0.0;0.0;63286.48;0.0;0.0
20502;487015;2016-01-08;DAP;K23;0;0;0;0;0.0;59965.97;59875.42;0.0;0.0;0.0;0.0;0.0;59871.24;0.0;0.0
20503;487016;2016-01-08;DAP;K24;0;0;0;0;0.0;55927.86;55789.82;0.0;0.0;0.0;0.0;0.0;55785.93;0.0;0.0
20504;487017;2016-01-08;DAP;Q24;0;0;0;0;0.0;54883.36;54787.7;0.0;0.0;0.0;0.0;0.0;54783.88;0.0;0.0
20505;487018;2016-01-08;DAP;Q30;0;0;0;0;0.0;35907.38;35563.29;0.0;0.0;0.0;0.0;0.0;35560.81;0.0;0.0
20506;487019;2016-01-11;DAP;F16;0;0;0;0;0.0;99961.68;99971.31;0.0;0.0;0.0;0.0;0.0;99964.53;0.0;0.0
20507;487020;2016-01-11;DAP;G16;0;0;0;0;0.0;99780.42;99791.43;0.0;0.0;0.0;0.0;0.0;99784.66;0.0;0.0
20508;487021;2016-01-11;DAP;H16;0;0;0;0;0.0;99392.8;99404.53;0.0;0.0;0.0;0.0;0.0;99397.79;0.0;0.0
20509;487022;2016-01-11;DAP;Q16;0;0;0;0;0.0;96635.58;96641.04;0.0;0.0;0.0;0.0;0.0;96634.49;0.0;0.0
20510;487023;2016-01-11;DAP;K17;2220;2220;0;0;0.0;92277.1;92264.2;0.0;0.0;0.0;0.0;0.0;92257.94;0.0;0.0
20511;487024;2016-01-11;DAP;Q18;1740;1740;0;0;0.0;84661.73;84662.68;0.0;0.0;0.0;0.0;0.0;84656.94;0.0;0.0
20512;487025;2016-01-11;DAP;K19;0;0;0;0;0.0;80227.41;80248.38;0.0;0.0;0.0;0.0;0.0;80242.94;0.0;0.0
20513;487026;2016-01-11;DAP;Q20;0;0;0;0;0.0;73405.19;73424.7;0.0;0.0;0.0;0.0;0.0;73419.72;0.0;0.0
20514;487027;2016-01-11;DAP;Q22;0;0;0;0;0.0;63290.9;63230.75;0.0;0.0;0.0;0.0;0.0;63226.46;0.0;0.0
20515;487028;2016-01-11;DAP;K23;0;0;0;0;0.0;59875.42;59851.21;0.0;0.0;0.0;0.0;0.0;59847.15;0.0;0.0
20516;487029;2016-01-11;DAP;K24;0;0;0;0;0.0;55789.82;55848.48;0.0;0.0;0.0;0.0;0.0;55844.69;0.0;0.0
20517;487030;2016-01-11;DAP;Q24;0;0;0;0;0.0;54787.7;54846.62;0.0;0.0;0.0;0.0;0.0;54842.9;0.0;0.0
20518;487031;2016-01-11;DAP;Q30;0;0;0;0;0.0;35563.29;35669.72;0.0;0.0;0.0;0.0;0.0;35667.3;0.0;0.0
20519;487032;2016-01-12;DAP;F16;0;0;0;0;0.0;99971.31;99981.23;0.0;0.0;0.0;0.0;0.0;99974.21;0.0;0.0
20520;487033;2016-01-12;DAP;G16;0;0;0;0;0.0;99791.43;99802.73;0.0;0.0;0.0;0.0;0.0;99795.72;0.0;0.0
20521;487034;2016-01-12;DAP;H16;0;0;0;0;0.0;99404.53;99420.05;0.0;0.0;0.0;0.0;0.0;99413.07;0.0;0.0
20522;487035;2016-01-12;DAP;Q16;0;0;0;0;0.0;96641.04;96663.34;0.0;0.0;0.0;0.0;0.0;96656.55;0.0;0.0
20523;487036;2016-01-12;DAP;K17;2220;2220;0;0;0.0;92264.2;92344.32;0.0;0.0;0.0;0.0;0.0;92337.84;0.0;0.0
20524;487037;2016-01-12;DAP;Q18;1740;1740;0;0;0.0;84662.68;84725.53;0.0;0.0;0.0;0.0;0.0;84719.58;0.0;0.0
20525;487038;2016-01-12;DAP;K19;0;0;0;0;0.0;80248.38;80394.27;0.0;0.0;0.0;0.0;0.0;80388.63;0.0;0.0
20526;487039;2016-01-12;DAP;Q20;0;0;0;0;0.0;73424.7;73507.39;0.0;0.0;0.0;0.0;0.0;73502.23;0.0;0.0
20527;487040;2016-01-12;DAP;Q22;0;0;0;0;0.0;63230.75;63248.42;0.0;0.0;0.0;0.0;0.0;63243.98;0.0;0.0
20528;487041;2016-01-12;DAP;K23;0;0;0;0;0.0;59851.21;59827.31;0.0;0.0;0.0;0.0;0.0;59823.11;0.0;0.0
20529;487042;2016-01-12;DAP;K24;0;0;0;0;0.0;55848.48;55864.17;0.0;0.0;0.0;0.0;0.0;55860.25;0.0;0.0
20530;487043;2016-01-12;DAP;Q24;0;0;0;0;0.0;54846.62;54905.8;0.0;0.0;0.0;0.0;0.0;54901.95;0.0;0.0
20531;487044;2016-01-12;DAP;Q30;0;0;0;0;0.0;35669.72;35776.58;0.0;0.0;0.0;0.0;0.0;35774.07;0.0;0.0
20532;487045;2016-01-13;DAP;F16;0;0;0;0;0.0;99981.23;99990.7;0.0;0.0;0.0;0.0;0.0;99983.66;0.0;0.0
20533;487046;2016-01-13;DAP;G16;0;0;0;0;0.0;99802.73;99814.46;0.0;0.0;0.0;0.0;0.0;99807.43;0.0;0.0
20534;487047;2016-01-13;DAP;H16;0;0;0;0;0.0;99420.05;99436.88;0.0;0.0;0.0;0.0;0.0;99429.88;0.0;0.0
20535;487048;2016-01-13;DAP;Q16;0;0;0;0;0.0;96663.34;96706.87;0.0;0.0;0.0;0.0;0.0;96700.06;0.0;0.0
20536;487049;2016-01-13;DAP;K17;2220;2220;0;0;0.0;92344.32;92470.19;0.0;0.0;0.0;0.0;0.0;92463.68;0.0;0.0
20537;487050;2016-01-13;DAP;Q18;1740;1740;0;0;0.0;84725.53;84829.08;0.0;0.0;0.0;0.0;0.0;84823.11;0.0;0.0
20538;487051;2016-01-13;DAP;K19;0;0;0;0;0.0;80394.27;80515.06;0.0;0.0;0.0;0.0;0.0;80509.39;0.0;0.0
20539;487052;2016-01-13;DAP;Q20;0;0;0;0;0.0;73507.39;73652.86;0.0;0.0;0.0;0.0;0.0;73647.68;0.0;0.0
20540;487053;2016-01-13;DAP;Q22;0;0;0;0;0.0;63248.42;63343.41;0.0;0.0;0.0;0.0;0.0;63338.95;0.0;0.0
20541;487054;2016-01-13;DAP;K23;0;0;0;0;0.0;59827.31;59925.51;0.0;0.0;0.0;0.0;0.0;59921.29;0.0;0.0
20542;487055;2016-01-13;DAP;K24;0;0;0;0;0.0;55864.17;55966.22;0.0;0.0;0.0;0.0;0.0;55962.28;0.0;0.0
20543;487056;2016-01-13;DAP;Q24;0;0;0;0;0.0;54905.8;54964.9;0.0;0.0;0.0;0.0;0.0;54961.03;0.0;0.0
20544;487057;2016-01-13;DAP;Q30;0;0;0;0;0.0;35776.58;35883.66;0.0;0.0;0.0;0.0;0.0;35881.13;0.0;0.0
20545;487058;2016-01-14;DAP;F16;0;0;0;0;0.0;99990.7;100000.06;0.0;0.0;0.0;0.0;0.0;99993.0;0.0;0.0
20546;487059;2016-01-14;DAP;G16;0;0;0;0;0.0;99814.46;99738.21;0.0;0.0;0.0;0.0;0.0;99731.17;0.0;0.0
20547;487060;2016-01-14;DAP;H16;0;0;0;0;0.0;99436.88;99450.44;0.0;0.0;0.0;0.0;0.0;99443.42;0.0;0.0
20548;487061;2016-01-14;DAP;Q16;0;0;0;0;0.0;96706.87;96723.49;0.0;0.0;0.0;0.0;0.0;96716.66;0.0;0.0
20549;487062;2016-01-14;DAP;K17;2220;2220;0;0;0.0;92470.19;92491.9;0.0;0.0;0.0;0.0;0.0;92485.37;0.0;0.0
20550;487063;2016-01-14;DAP;Q18;1740;1740;0;0;0.0;84829.08;84809.7;0.0;0.0;0.0;0.0;0.0;84803.71;0.0;0.0
20551;487064;2016-01-14;DAP;K19;0;0;0;0;0.0;80515.06;80461.25;0.0;0.0;0.0;0.0;0.0;80455.57;0.0;0.0
20552;487065;2016-01-14;DAP;Q20;0;0;0;0;0.0;73652.86;73609.53;0.0;0.0;0.0;0.0;0.0;73604.33;0.0;0.0
20553;487066;2016-01-14;DAP;Q22;0;0;0;0;0.0;63343.41;63244.81;0.0;0.0;0.0;0.0;0.0;63240.35;0.0;0.0
20554;487067;2016-01-14;DAP;K23;0;0;0;0;0.0;59925.51;59860.76;0.0;0.0;0.0;0.0;0.0;59856.53;0.0;0.0
20555;487068;2016-01-14;DAP;K24;0;0;0;0;0.0;55966.22;55852.13;0.0;0.0;0.0;0.0;0.0;55848.19;0.0;0.0
20556;487069;2016-01-14;DAP;Q24;0;0;0;0;0.0;54964.9;54892.62;0.0;0.0;0.0;0.0;0.0;54888.74;0.0;0.0
20557;487070;2016-01-14;DAP;Q30;0;0;0;0;0.0;35883.66;35651.69;0.0;0.0;0.0;0.0;0.0;35649.17;0.0;0.0
20558;487071;2016-01-15;DAP;F16;0;0;0;0;0.0;100000.06;;0.0;0.0;0.0;0.0;0.0;100000.0;0.0;0.0
20559;487072;2016-01-15;DAP;G16;0;0;0;0;0.0;99738.21;99747.94;0.0;0.0;0.0;0.0;0.0;99745.32;0.0;0.0
20560;487073;2016-01-15;DAP;H16;0;0;0;0;0.0;99450.44;99459.58;0.0;0.0;0.0;0.0;0.0;99456.96;0.0;0.0
20561;487074;2016-01-15;DAP;Q16;0;0;0;0;0.0;96723.49;96746.46;0.0;0.0;0.0;0.0;0.0;96743.92;0.0;0.0
20562;487075;2016-01-15;DAP;K17;2220;2220;0;0;0.0;92491.9;92520.99;0.0;0.0;0.0;0.0;0.0;92518.56;0.0;0.0
20563;487076;2016-01-15;DAP;Q18;1740;1740;0;0;0.0;84809.7;84847.94;0.0;0.0;0.0;0.0;0.0;84845.71;0.0;0.0
20564;487077;2016-01-15;DAP;K19;0;0;0;0;0.0;80461.25;80428.96;0.0;0.0;0.0;0.0;0.0;80426.84;0.0;0.0
20565;487078;2016-01-15;DAP;Q20;0;0;0;0;0.0;73609.53;73563.06;0.0;0.0;0.0;0.0;0.0;73561.13;0.0;0.0
20566;487079;2016-01-15;DAP;Q22;0;0;0;0;0.0;63244.81;63143.74;0.0;0.0;0.0;0.0;0.0;63142.08;0.0;0.0
20567;487080;2016-01-15;DAP;K23;0;0;0;0;0.0;59860.76;59752.92;0.0;0.0;0.0;0.0;0.0;59751.35;0.0;0.0
20568;487081;2016-01-15;DAP;K24;0;0;0;0;0.0;55852.13;55822.11;0.0;0.0;0.0;0.0;0.0;55820.64;0.0;0.0
20569;487082;2016-01-15;DAP;Q24;0;0;0;0;0.0;54892.62;54818.09;0.0;0.0;0.0;0.0;0.0;54816.65;0.0;0.0
20570;487083;2016-01-15;DAP;Q30;0;0;0;0;0.0;35651.69;35467.79;0.0;0.0;0.0;0.0;0.0;35466.86;0.0;0.0
20571;487084;2016-01-18;DAP;G16;0;0;0;0;0.0;99747.94;99762.27;0.0;0.0;0.0;0.0;0.0;99759.4;0.0;0.0
20572;487085;2016-01-18;DAP;H16;0;0;0;0;0.0;99459.58;99474.85;0.0;0.0;0.0;0.0;0.0;99471.99;0.0;0.0
20573;487086;2016-01-18;DAP;Q16;0;0;0;0;0.0;96746.46;96779.16;0.0;0.0;0.0;0.0;0.0;96776.37;0.0;0.0
20574;487087;2016-01-18;DAP;K17;2220;2220;0;0;0.0;92520.99;92588.76;0.0;0.0;0.0;0.0;0.0;92586.09;0.0;0.0
20575;487088;2016-01-18;DAP;Q18;1740;1740;0;0;0.0;84847.94;84992.28;0.0;0.0;0.0;0.0;0.0;84989.83;0.0;0.0
20576;487089;2016-01-18;DAP;K19;0;0;0;0;0.0;80428.96;80549.64;0.0;0.0;0.0;0.0;0.0;80547.32;0.0;0.0
20577;487090;2016-01-18;DAP;Q20;0;0;0;0;0.0;73563.06;73771.39;0.0;0.0;0.0;0.0;0.0;73769.27;0.0;0.0
20578;487091;2016-01-18;DAP;Q22;0;0;0;0;0.0;63143.74;63315.91;0.0;0.0;0.0;0.0;0.0;63314.09;0.0;0.0
20579;487092;2016-01-18;DAP;K23;0;0;0;0;0.0;59752.92;59932.38;0.0;0.0;0.0;0.0;0.0;59930.65;0.0;0.0
20580;487093;2016-01-18;DAP;K24;0;0;0;0;0.0;55822.11;55967.31;0.0;0.0;0.0;0.0;0.0;55965.7;0.0;0.0
20581;487094;2016-01-18;DAP;Q24;0;0;0;0;0.0;54818.09;54964.64;0.0;0.0;0.0;0.0;0.0;54963.06;0.0;0.0
20582;487095;2016-01-18;DAP;Q30;0;0;0;0;0.0;35467.79;35573.97;0.0;0.0;0.0;0.0;0.0;35572.95;0.0;0.0
20583;487096;2016-01-19;DAP;G16;0;0;0;0;0.0;99762.27;99781.28;0.0;0.0;0.0;0.0;0.0;99778.61;0.0;0.0
20584;487097;2016-01-19;DAP;H16;0;0;0;0;0.0;99474.85;99501.21;0.0;0.0;0.0;0.0;0.0;99498.54;0.0;0.0
20585;487098;2016-01-19;DAP;Q16;0;0;0;0;0.0;96779.16;96905.5;0.0;0.0;0.0;0.0;0.0;96902.9;0.0;0.0
20586;487099;2016-01-19;DAP;K17;2220;2220;0;0;0.0;92588.76;92954.34;0.0;0.0;0.0;0.0;0.0;92951.85;0.0;0.0
20587;487100;2016-01-19;DAP;Q18;1740;1740;0;0;0.0;84992.28;85279.57;0.0;0.0;0.0;0.0;0.0;85277.28;0.0;0.0
20588;487101;2016-01-19;DAP;K19;0;0;0;0;0.0;80549.64;80645.05;0.0;0.0;0.0;0.0;0.0;80642.89;0.0;0.0
20589;487102;2016-01-19;DAP;Q20;0;0;0;0;0.0;73771.39;73759.34;0.0;0.0;0.0;0.0;0.0;73757.36;0.0;0.0
20590;487103;2016-01-19;DAP;Q22;0;0;0;0;0.0;63315.91;63178.95;0.0;0.0;0.0;0.0;0.0;63177.26;0.0;0.0
20591;487104;2016-01-19;DAP;K23;0;0;0;0;0.0;59932.38;59664.9;0.0;0.0;0.0;0.0;0.0;59663.3;0.0;0.0
20592;487105;2016-01-19;DAP;K24;0;0;0;0;0.0;55967.31;55595.43;0.0;0.0;0.0;0.0;0.0;55593.94;0.0;0.0
20593;487106;2016-01-19;DAP;Q24;0;0;0;0;0.0;54964.64;54587.62;0.0;0.0;0.0;0.0;0.0;54586.16;0.0;0.0
20594;487107;2016-01-19;DAP;Q30;0;0;0;0;0.0;35573.97;35344.37;0.0;0.0;0.0;0.0;0.0;35343.42;0.0;0.0
20595;487108;2016-01-20;DAP;G16;0;0;0;0;0.0;99781.28;99797.38;0.0;0.0;0.0;0.0;0.0;99794.68;0.0;0.0
20596;487109;2016-01-20;DAP;H16;0;0;0;0;0.0;99501.21;99520.06;0.0;0.0;0.0;0.0;0.0;99517.36;0.0;0.0
20597;487110;2016-01-20;DAP;Q16;0;0;0;0;0.0;96905.5;96989.23;0.0;0.0;0.0;0.0;0.0;96986.6;0.0;0.0
20598;487111;2016-01-20;DAP;K17;2220;2220;0;0;0.0;92954.34;93193.53;0.0;0.0;0.0;0.0;0.0;93191.0;0.0;0.0
20599;487112;2016-01-20;DAP;Q18;1740;1740;0;0;0.0;85279.57;85382.64;0.0;0.0;0.0;0.0;0.0;85380.33;0.0;0.0
20600;487113;2016-01-20;DAP;K19;0;0;0;0;0.0;80645.05;80790.4;0.0;0.0;0.0;0.0;0.0;80788.21;0.0;0.0
20601;487114;2016-01-20;DAP;Q20;0;0;0;0;0.0;73759.34;73716.14;0.0;0.0;0.0;0.0;0.0;73714.14;0.0;0.0
20602;487115;2016-01-20;DAP;Q22;0;0;0;0;0.0;63178.95;62736.18;0.0;0.0;0.0;0.0;0.0;62734.48;0.0;0.0
20603;487116;2016-01-20;DAP;K23;0;0;0;0;0.0;59664.9;59198.42;0.0;0.0;0.0;0.0;0.0;59196.82;0.0;0.0
20604;487117;2016-01-20;DAP;K24;0;0;0;0;0.0;55595.43;55141.85;0.0;0.0;0.0;0.0;0.0;55140.36;0.0;0.0
20605;487118;2016-01-20;DAP;Q24;0;0;0;0;0.0;54587.62;54127.97;0.0;0.0;0.0;0.0;0.0;54126.5;0.0;0.0
20606;487119;2016-01-20;DAP;Q30;0;0;0;0;0.0;35344.37;34833.39;0.0;0.0;0.0;0.0;0.0;34832.45;0.0;0.0
20607;487120;2016-01-21;DAP;G16;0;0;0;0;0.0;99797.38;99819.41;0.0;0.0;0.0;0.0;0.0;99816.71;0.0;0.0
20608;487121;2016-01-21;DAP;H16;0;0;0;0;0.0;99520.06;99555.1;0.0;0.0;0.0;0.0;0.0;99552.41;0.0;0.0
20609;487122;2016-01-21;DAP;Q16;0;0;0;0;0.0;96989.23;97212.55;0.0;0.0;0.0;0.0;0.0;97209.93;0.0;0.0
20610;487123;2016-01-21;DAP;K17;2220;2220;0;0;0.0;93193.53;93733.3;0.0;0.0;0.0;0.0;0.0;93730.77;0.0;0.0
20611;487124;2016-01-21;DAP;Q18;1740;1740;0;0;0.0;85382.64;86353.16;0.0;0.0;0.0;0.0;0.0;86350.83;0.0;0.0
20612;487125;2016-01-21;DAP;K19;0;0;0;0;0.0;80790.4;81941.2;0.0;0.0;0.0;0.0;0.0;81938.99;0.0;0.0
20613;487126;2016-01-21;DAP;Q20;0;0;0;0;0.0;73716.14;74556.59;0.0;0.0;0.0;0.0;0.0;74554.58;0.0;0.0
20614;487127;2016-01-21;DAP;Q22;0;0;0;0;0.0;62736.18;63137.18;0.0;0.0;0.0;0.0;0.0;63135.48;0.0;0.0
20615;487128;2016-01-21;DAP;K23;0;0;0;0;0.0;59198.42;59416.11;0.0;0.0;0.0;0.0;0.0;59414.51;0.0;0.0
20616;487129;2016-01-21;DAP;K24;0;0;0;0;0.0;55141.85;55327.68;0.0;0.0;0.0;0.0;0.0;55326.19;0.0;0.0
20617;487130;2016-01-21;DAP;Q24;0;0;0;0;0.0;54127.97;54315.59;0.0;0.0;0.0;0.0;0.0;54314.12;0.0;0.0
20618;487131;2016-01-21;DAP;Q30;0;0;0;0;0.0;34833.39;34562.69;0.0;0.0;0.0;0.0;0.0;34561.76;0.0;0.0
20619;487132;2016-01-22;DAP;G16;0;0;0;0;0.0;99819.41;99786.81;0.0;0.0;0.0;0.0;0.0;99828.92;0.0;0.0
20620;487133;2016-01-22;DAP;H16;0;0;0;0;0.0;99555.1;99522.82;0.0;0.0;0.0;0.0;0.0;99564.81;0.0;0.0
20621;487134;2016-01-22;DAP;Q16;0;0;0;0;0.0;97212.55;97188.3;0.0;0.0;0.0;0.0;0.0;97229.31;0.0;0.0
20622;487135;2016-01-22;DAP;K17;2220;2220;0;0;0.0;93733.3;93802.37;0.0;0.0;0.0;0.0;0.0;93841.95;0.0;0.0
20623;487136;2016-01-22;DAP;Q18;1740;1740;0;0;0.0;86353.16;86438.03;0.0;0.0;0.0;0.0;0.0;86474.5;0.0;0.0
20624;487137;2016-01-22;DAP;K19;0;0;0;0;0.0;81941.2;82076.15;0.0;0.0;0.0;0.0;0.0;82110.78;0.0;0.0
20625;487138;2016-01-22;DAP;Q20;0;0;0;0;0.0;74556.59;74542.23;0.0;0.0;0.0;0.0;0.0;74573.68;0.0;0.0
20626;487139;2016-01-22;DAP;Q22;0;0;0;0;0.0;63137.18;63126.47;0.0;0.0;0.0;0.0;0.0;63153.11;0.0;0.0
20627;487140;2016-01-22;DAP;K23;0;0;0;0;0.0;59416.11;59406.32;0.0;0.0;0.0;0.0;0.0;59431.39;0.0;0.0
20628;487141;2016-01-22;DAP;K24;0;0;0;0;0.0;55327.68;55276.02;0.0;0.0;0.0;0.0;0.0;55299.34;0.0;0.0
20629;487142;2016-01-22;DAP;Q24;0;0;0;0;0.0;54315.59;54263.56;0.0;0.0;0.0;0.0;0.0;54286.46;0.0;0.0
20630;487143;2016-01-22;DAP;Q30;0;0;0;0;0.0;34562.69;34510.69;0.0;0.0;0.0;0.0;0.0;34525.25;0.0;0.0
20631;487144;2016-01-26;DAP;G16;0;0;0;0;0.0;99786.81;99848.83;0.0;0.0;0.0;0.0;0.0;99852.88;0.0;0.0
20632;487145;2016-01-26;DAP;H16;0;0;0;0;0.0;99522.82;99581.8;0.0;0.0;0.0;0.0;0.0;99585.84;0.0;0.0
20633;487146;2016-01-26;DAP;Q16;0;0;0;0;0.0;97188.3;97233.51;0.0;0.0;0.0;0.0;0.0;97237.46;0.0;0.0
20634;487147;2016-01-26;DAP;K17;2220;2220;0;0;0.0;93802.37;93932.3;0.0;0.0;0.0;0.0;0.0;93936.11;0.0;0.0
20635;487148;2016-01-26;DAP;Q18;1740;1740;0;0;0.0;86438.03;86593.21;0.0;0.0;0.0;0.0;0.0;86596.73;0.0;0.0
20636;487149;2016-01-26;DAP;K19;0;0;0;0;0.0;82076.15;82222.61;0.0;0.0;0.0;0.0;0.0;82225.95;0.0;0.0
20637;487150;2016-01-26;DAP;Q20;0;0;0;0;0.0;74542.23;74863.2;0.0;0.0;0.0;0.0;0.0;74866.24;0.0;0.0
20638;487151;2016-01-26;DAP;Q22;0;0;0;0;0.0;63126.47;63224.26;0.0;0.0;0.0;0.0;0.0;63226.83;0.0;0.0
20639;487152;2016-01-26;DAP;K23;0;0;0;0;0.0;59406.32;59623.79;0.0;0.0;0.0;0.0;0.0;59626.21;0.0;0.0
20640;487153;2016-01-26;DAP;K24;0;0;0;0;0.0;55276.02;55456.31;0.0;0.0;0.0;0.0;0.0;55458.56;0.0;0.0
20641;487154;2016-01-26;DAP;Q24;0;0;0;0;0.0;54263.56;54401.33;0.0;0.0;0.0;0.0;0.0;54403.54;0.0;0.0
20642;487155;2016-01-26;DAP;Q30;0;0;0;0;0.0;34510.69;34871.24;0.0;0.0;0.0;0.0;0.0;34872.66;0.0;0.0
20643;487156;2016-01-27;DAP;G16;0;0;0;0;0.0;99848.83;99857.31;0.0;0.0;0.0;0.0;0.0;99861.33;0.0;0.0
20644;487157;2016-01-27;DAP;H16;0;0;0;0;0.0;99581.8;99580.88;0.0;0.0;0.0;0.0;0.0;99584.89;0.0;0.0
20645;487158;2016-01-27;DAP;Q16;0;0;0;0;0.0;97233.51;97136.92;0.0;0.0;0.0;0.0;0.0;97140.83;0.0;0.0
20646;487159;2016-01-27;DAP;K17;2220;2220;0;0;0.0;93932.3;93743.68;0.0;0.0;0.0;0.0;0.0;93747.46;0.0;0.0
20647;487160;2016-01-27;DAP;Q18;1740;1740;0;0;0.0;86593.21;86096.05;0.0;0.0;0.0;0.0;0.0;86099.52;0.0;0.0
20648;487161;2016-01-27;DAP;K19;0;0;0;0;0.0;82222.61;81712.43;0.0;0.0;0.0;0.0;0.0;81715.72;0.0;0.0
20649;487162;2016-01-27;DAP;Q20;0;0;0;0;0.0;74863.2;74311.8;0.0;0.0;0.0;0.0;0.0;74314.79;0.0;0.0
20650;487163;2016-01-27;DAP;Q22;0;0;0;0;0.0;63224.26;62744.53;0.0;0.0;0.0;0.0;0.0;62747.06;0.0;0.0
20651;487164;2016-01-27;DAP;K23;0;0;0;0;0.0;59623.79;59199.09;0.0;0.0;0.0;0.0;0.0;59201.48;0.0;0.0
20652;487165;2016-01-27;DAP;K24;0;0;0;0;0.0;55456.31;55005.3;0.0;0.0;0.0;0.0;0.0;55007.52;0.0;0.0
20653;487166;2016-01-27;DAP;Q24;0;0;0;0;0.0;54401.33;53944.73;0.0;0.0;0.0;0.0;0.0;53946.9;0.0;0.0
20654;487167;2016-01-27;DAP;Q30;0;0;0;0;0.0;34871.24;35883.25;0.0;0.0;0.0;0.0;0.0;35884.7;0.0;0.0
20655;487168;2016-01-28;DAP;G16;0;0;0;0;0.0;99857.31;99868.19;0.0;0.0;0.0;0.0;0.0;99872.4;0.0;0.0
20656;487169;2016-01-28;DAP;H16;0;0;0;0;0.0;99580.88;99587.71;0.0;0.0;0.0;0.0;0.0;99591.91;0.0;0.0
20657;487170;2016-01-28;DAP;J16;0;0;0;0;0.0;0.0;99246.68;0.0;0.0;0.0;0.0;0.0;99250.87;0.0;0.0
20658;487171;2016-01-28;DAP;Q16;0;0;0;0;0.0;97136.92;97107.09;0.0;0.0;0.0;0.0;0.0;97111.19;0.0;0.0
20659;487172;2016-01-28;DAP;K17;2220;2220;0;0;0.0;93743.68;93842.25;0.0;0.0;0.0;0.0;0.0;93846.21;0.0;0.0
20660;487173;2016-01-28;DAP;Q18;1740;1740;0;0;0.0;86096.05;86177.74;0.0;0.0;0.0;0.0;0.0;86181.38;0.0;0.0
20661;487174;2016-01-28;DAP;K19;0;0;0;0;0.0;81712.43;81908.2;0.0;0.0;0.0;0.0;0.0;81911.66;0.0;0.0
20662;487175;2016-01-28;DAP;Q20;0;0;0;0;0.0;74311.8;74615.33;0.0;0.0;0.0;0.0;0.0;74618.48;0.0;0.0
20663;487176;2016-01-28;DAP;Q22;0;0;0;0;0.0;62744.53;63029.38;0.0;0.0;0.0;0.0;0.0;63032.04;0.0;0.0
20664;487177;2016-01-28;DAP;K23;0;0;0;0;0.0;59199.09;59416.15;0.0;0.0;0.0;0.0;0.0;59418.66;0.0;0.0
20665;487178;2016-01-28;DAP;K24;0;0;0;0;0.0;55005.3;55275.0;0.0;0.0;0.0;0.0;0.0;55277.33;0.0;0.0
20666;487179;2016-01-28;DAP;Q24;0;0;0;0;0.0;53944.73;54259.96;0.0;0.0;0.0;0.0;0.0;54262.25;0.0;0.0
20667;487180;2016-01-28;DAP;Q30;0;0;0;0;0.0;35883.25;36136.32;0.0;0.0;0.0;0.0;0.0;36137.85;0.0;0.0
20668;487181;2016-01-29;DAP;G16;0;0;0;0;0.0;99868.19;99879.8;0.0;0.0;0.0;0.0;0.0;99883.77;0.0;0.0
20669;487182;2016-01-29;DAP;H16;0;0;0;0;0.0;99587.71;99594.22;0.0;0.0;0.0;0.0;0.0;99598.17;0.0;0.0
20670;487183;2016-01-29;DAP;J16;0;0;0;0;0.0;99246.68;99249.16;0.0;0.0;0.0;0.0;0.0;99253.1;0.0;0.0
20671;487184;2016-01-29;DAP;Q16;0;0;0;0;0.0;97107.09;97063.61;0.0;0.0;0.0;0.0;0.0;97067.46;0.0;0.0
20672;487185;2016-01-29;DAP;K17;2220;2220;0;0;0.0;93842.25;93792.51;0.0;0.0;0.0;0.0;0.0;93796.23;0.0;0.0
20673;487186;2016-01-29;DAP;Q18;1740;1740;0;0;0.0;86177.74;85951.99;0.0;0.0;0.0;0.0;0.0;85955.4;0.0;0.0
20674;487187;2016-01-29;DAP;K19;0;0;0;0;0.0;81908.2;81677.37;0.0;0.0;0.0;0.0;0.0;81680.61;0.0;0.0
20675;487188;2016-01-29;DAP;Q20;0;0;0;0;0.0;74615.33;74413.53;0.0;0.0;0.0;0.0;0.0;74416.48;0.0;0.0
20676;487189;2016-01-29;DAP;Q22;0;0;0;0;0.0;63029.38;63162.12;0.0;0.0;0.0;0.0;0.0;63164.63;0.0;0.0
20677;487190;2016-01-29;DAP;K23;0;0;0;0;0.0;59416.15;59473.34;0.0;0.0;0.0;0.0;0.0;59475.7;0.0;0.0
20678;487191;2016-01-29;DAP;K24;0;0;0;0;0.0;55275.0;55333.34;0.0;0.0;0.0;0.0;0.0;55335.54;0.0;0.0
20679;487192;2016-01-29;DAP;Q24;0;0;0;0;0.0;54259.96;54318.54;0.0;0.0;0.0;0.0;0.0;54320.7;0.0;0.0
20680;487193;2016-01-29;DAP;Q30;0;0;0;0;0.0;36136.32;36391.33;0.0;0.0;0.0;0.0;0.0;36392.77;0.0;0.0
20681;487194;2016-02-01;DAP;G16;0;0;0;0;0.0;99879.8;99891.59;0.0;0.0;0.0;0.0;0.0;99895.75;0.0;0.0
20682;487195;2016-02-01;DAP;H16;0;0;0;0;0.0;99594.22;99600.75;0.0;0.0;0.0;0.0;0.0;99604.89;0.0;0.0
20683;487196;2016-02-01;DAP;J16;0;0;0;0;0.0;99249.16;99255.53;0.0;0.0;0.0;0.0;0.0;99259.66;0.0;0.0
20684;487197;2016-02-01;DAP;Q16;0;0;0;0;0.0;97063.61;97035.48;0.0;0.0;0.0;0.0;0.0;97039.52;0.0;0.0
20685;487198;2016-02-01;DAP;K17;2220;2220;0;0;0.0;93792.51;93845.09;0.0;0.0;0.0;0.0;0.0;93848.99;0.0;0.0
20686;487199;2016-02-01;DAP;Q18;1740;1740;0;0;0.0;85951.99;86095.0;0.0;0.0;0.0;0.0;0.0;86098.58;0.0;0.0
20687;487200;2016-02-01;DAP;K19;0;0;0;0;0.0;81677.37;82098.85;0.0;0.0;0.0;0.0;0.0;82102.27;0.0;0.0
20688;487201;2016-02-01;DAP;Q20;0;0;0;0;0.0;74413.53;75034.41;0.0;0.0;0.0;0.0;0.0;75037.53;0.0;0.0
20689;487202;2016-02-01;DAP;Q22;0;0;0;0;0.0;63162.12;63680.07;0.0;0.0;0.0;0.0;0.0;63682.72;0.0;0.0
20690;487203;2016-02-01;DAP;K23;0;0;0;0;0.0;59473.34;59973.87;0.0;0.0;0.0;0.0;0.0;59976.37;0.0;0.0
20691;487204;2016-02-01;DAP;K24;0;0;0;0;0.0;55333.34;55861.16;0.0;0.0;0.0;0.0;0.0;55863.48;0.0;0.0
20692;487205;2016-02-01;DAP;Q24;0;0;0;0;0.0;54318.54;54809.06;0.0;0.0;0.0;0.0;0.0;54811.34;0.0;0.0
20693;487206;2016-02-01;DAP;Q30;0;0;0;0;0.0;36391.33;36846.5;0.0;0.0;0.0;0.0;0.0;36848.03;0.0;0.0
20694;487207;2016-02-02;DAP;G16;0;0;0;0;0.0;99891.59;99904.11;0.0;0.0;0.0;0.0;0.0;99908.24;0.0;0.0
20695;487208;2016-02-02;DAP;H16;0;0;0;0;0.0;99600.75;99607.97;0.0;0.0;0.0;0.0;0.0;99612.08;0.0;0.0
20696;487209;2016-02-02;DAP;J16;0;0;0;0;0.0;99255.53;99260.53;0.0;0.0;0.0;0.0;0.0;99264.63;0.0;0.0
20697;487210;2016-02-02;DAP;Q16;0;0;0;0;0.0;97035.48;97008.36;0.0;0.0;0.0;0.0;0.0;97012.37;0.0;0.0
20698;487211;2016-02-02;DAP;K17;2220;2220;0;0;0.0;93845.09;93784.36;0.0;0.0;0.0;0.0;0.0;93788.23;0.0;0.0
20699;487212;2016-02-02;DAP;Q18;1740;1740;0;0;0.0;86095.0;85931.51;0.0;0.0;0.0;0.0;0.0;85935.06;0.0;0.0
20700;487213;2016-02-02;DAP;K19;0;0;0;0;0.0;82098.85;81867.59;0.0;0.0;0.0;0.0;0.0;81870.97;0.0;0.0
20701;487214;2016-02-02;DAP;Q20;0;0;0;0;0.0;75034.41;74672.86;0.0;0.0;0.0;0.0;0.0;74675.94;0.0;0.0
20702;487215;2016-02-02;DAP;K21;0;0;0;0;0.0;0.0;69703.74;0.0;0.0;0.0;0.0;0.0;69706.62;0.0;0.0
20703;487216;2016-02-02;DAP;Q22;0;0;0;0;0.0;63680.07;63120.84;0.0;0.0;0.0;0.0;0.0;63123.45;0.0;0.0
20704;487217;2016-02-02;DAP;K23;0;0;0;0;0.0;59973.87;59386.88;0.0;0.0;0.0;0.0;0.0;59389.33;0.0;0.0
20705;487218;2016-02-02;DAP;K24;0;0;0;0;0.0;55861.16;55195.27;0.0;0.0;0.0;0.0;0.0;55197.55;0.0;0.0
20706;487219;2016-02-02;DAP;Q24;0;0;0;0;0.0;54809.06;54177.79;0.0;0.0;0.0;0.0;0.0;54180.03;0.0;0.0
20707;487220;2016-02-02;DAP;Q26;0;0;0;0;0.0;0.0;46611.89;0.0;0.0;0.0;0.0;0.0;46613.82;0.0;0.0
20708;487221;2016-02-02;DAP;Q30;0;0;0;0;0.0;36846.5;36215.42;0.0;0.0;0.0;0.0;0.0;36216.92;0.0;0.0
20709;487222;2016-02-03;DAP;G16;0;0;0;0;0.0;99904.11;99917.26;0.0;0.0;0.0;0.0;0.0;99921.35;0.0;0.0
20710;487223;2016-02-03;DAP;H16;0;0;0;0;0.0;99607.97;99616.68;0.0;0.0;0.0;0.0;0.0;99620.75;0.0;0.0
20711;487224;2016-02-03;DAP;J16;0;0;0;0;0.0;99260.53;99269.65;0.0;0.0;0.0;0.0;0.0;99273.71;0.0;0.0
20712;487225;2016-02-03;DAP;Q16;0;0;0;0;0.0;97008.36;96991.68;0.0;0.0;0.0;0.0;0.0;96995.65;0.0;0.0
20713;487226;2016-02-03;DAP;K17;2220;2220;0;0;0.0;93784.36;93758.06;0.0;0.0;0.0;0.0;0.0;93761.89;0.0;0.0
20714;487227;2016-02-03;DAP;Q18;1740;1740;0;0;0.0;85931.51;85952.05;0.0;0.0;0.0;0.0;0.0;85955.57;0.0;0.0
20715;487228;2016-02-03;DAP;K19;0;0;0;0;0.0;81867.59;82037.93;0.0;0.0;0.0;0.0;0.0;82041.29;0.0;0.0
20716;487229;2016-02-03;DAP;Q20;0;0;0;0;0.0;74672.86;74913.59;0.0;0.0;0.0;0.0;0.0;74916.65;0.0;0.0
20717;487230;2016-02-03;DAP;K21;0;0;0;0;0.0;69703.74;69893.89;0.0;0.0;0.0;0.0;0.0;69896.75;0.0;0.0
20718;487231;2016-02-03;DAP;Q22;0;0;0;0;0.0;63120.84;63406.91;0.0;0.0;0.0;0.0;0.0;63409.5;0.0;0.0
20719;487232;2016-02-03;DAP;K23;0;0;0;0;0.0;59386.88;59765.22;0.0;0.0;0.0;0.0;0.0;59767.66;0.0;0.0
20720;487233;2016-02-03;DAP;K24;0;0;0;0;0.0;55195.27;55593.25;0.0;0.0;0.0;0.0;0.0;55595.52;0.0;0.0
20721;487234;2016-02-03;DAP;Q24;0;0;0;0;0.0;54177.79;54580.23;0.0;0.0;0.0;0.0;0.0;54582.46;0.0;0.0
20722;487235;2016-02-03;DAP;Q26;0;0;0;0;0.0;46611.89;46853.5;0.0;0.0;0.0;0.0;0.0;46855.42;0.0;0.0
20723;487236;2016-02-03;DAP;Q30;0;0;0;0;0.0;36215.42;36421.53;0.0;0.0;0.0;0.0;0.0;36423.02;0.0;0.0
20724;487237;2016-02-04;DAP;G16;0;0;0;0;0.0;99917.26;99781.08;0.0;0.0;0.0;0.0;0.0;99933.11;0.0;0.0
20725;487238;2016-02-04;DAP;H16;0;0;0;0;0.0;99616.68;99467.36;0.0;0.0;0.0;0.0;0.0;99618.91;0.0;0.0
20726;487239;2016-02-04;DAP;J16;0;0;0;0;0.0;99269.65;99110.17;0.0;0.0;0.0;0.0;0.0;99261.18;0.0;0.0
20727;487240;2016-02-04;DAP;Q16;0;0;0;0;0.0;96991.68;96722.17;0.0;0.0;0.0;0.0;0.0;96869.54;0.0;0.0
20728;487241;2016-02-04;DAP;K17;2220;2220;0;0;0.0;93758.06;93391.68;0.0;0.0;0.0;0.0;0.0;93533.97;0.0;0.0
20729;487242;2016-02-04;DAP;Q18;1740;1740;0;0;0.0;85952.05;85279.39;0.0;0.0;0.0;0.0;0.0;85409.32;0.0;0.0
20730;487243;2016-02-04;DAP;K19;0;0;0;0;0.0;82037.93;81338.54;0.0;0.0;0.0;0.0;0.0;81462.47;0.0;0.0
20731;487244;2016-02-04;DAP;Q20;0;0;0;0;0.0;74913.59;74067.05;0.0;0.0;0.0;0.0;0.0;74179.9;0.0;0.0
20732;487245;2016-02-04;DAP;K21;0;0;0;0;0.0;69893.89;69095.35;0.0;0.0;0.0;0.0;0.0;69200.62;0.0;0.0
20733;487246;2016-02-04;DAP;Q22;0;0;0;0;0.0;63406.91;62606.71;0.0;0.0;0.0;0.0;0.0;62702.1;0.0;0.0
20734;487247;2016-02-04;DAP;K23;0;0;0;0;0.0;59765.22;59253.03;0.0;0.0;0.0;0.0;0.0;59343.31;0.0;0.0
20735;487248;2016-02-04;DAP;K24;0;0;0;0;0.0;55593.25;55102.92;0.0;0.0;0.0;0.0;0.0;55186.88;0.0;0.0
20736;487249;2016-02-04;DAP;Q24;0;0;0;0;0.0;54580.23;54128.58;0.0;0.0;0.0;0.0;0.0;54211.05;0.0;0.0
20737;487250;2016-02-04;DAP;Q26;0;0;0;0;0.0;46853.5;46569.77;0.0;0.0;0.0;0.0;0.0;46640.72;0.0;0.0
20738;487251;2016-02-04;DAP;Q30;0;0;0;0;0.0;36421.53;36084.54;0.0;0.0;0.0;0.0;0.0;36139.52;0.0;0.0
20739;487252;2016-02-05;DAP;G16;0;0;0;0;0.0;99781.08;99933.49;0.0;0.0;0.0;0.0;0.0;99947.56;0.0;0.0
20740;487253;2016-02-05;DAP;H16;0;0;0;0;0.0;99467.36;99615.7;0.0;0.0;0.0;0.0;0.0;99629.73;0.0;0.0
20741;487254;2016-02-05;DAP;J16;0;0;0;0;0.0;99110.17;99260.75;0.0;0.0;0.0;0.0;0.0;99274.73;0.0;0.0
20742;487255;2016-02-05;DAP;Q16;0;0;0;0;0.0;96722.17;96865.03;0.0;0.0;0.0;0.0;0.0;96878.67;0.0;0.0
20743;487256;2016-02-05;DAP;K17;2220;2220;0;0;0.0;93391.68;93562.78;0.0;0.0;0.0;0.0;0.0;93575.96;0.0;0.0
20744;487257;2016-02-05;DAP;Q18;1740;1740;0;0;0.0;85279.39;85579.74;0.0;0.0;0.0;0.0;0.0;85591.79;0.0;0.0
20745;487258;2016-02-05;DAP;K19;0;0;0;0;0.0;81338.54;81719.88;0.0;0.0;0.0;0.0;0.0;81731.39;0.0;0.0
20746;487259;2016-02-05;DAP;Q20;0;0;0;0;0.0;74067.05;74565.39;0.0;0.0;0.0;0.0;0.0;74575.89;0.0;0.0
20747;487260;2016-02-05;DAP;K21;0;0;0;0;0.0;69095.35;69481.35;0.0;0.0;0.0;0.0;0.0;69491.13;0.0;0.0
20748;487261;2016-02-05;DAP;Q22;0;0;0;0;0.0;62606.71;63053.23;0.0;0.0;0.0;0.0;0.0;63062.11;0.0;0.0
20749;487262;2016-02-05;DAP;K23;0;0;0;0;0.0;59253.03;59752.74;0.0;0.0;0.0;0.0;0.0;59761.15;0.0;0.0
20750;487263;2016-02-05;DAP;K24;0;0;0;0;0.0;55102.92;55576.56;0.0;0.0;0.0;0.0;0.0;55584.39;0.0;0.0
20751;487264;2016-02-05;DAP;Q24;0;0;0;0;0.0;54128.58;54562.54;0.0;0.0;0.0;0.0;0.0;54570.22;0.0;0.0
20752;487265;2016-02-05;DAP;Q26;0;0;0;0;0.0;46569.77;47059.02;0.0;0.0;0.0;0.0;0.0;47065.65;0.0;0.0
20753;487266;2016-02-05;DAP;Q30;0;0;0;0;0.0;36084.54;36290.98;0.0;0.0;0.0;0.0;0.0;36296.09;0.0;0.0
20754;487267;2016-02-10;DAP;G16;0;0;0;0;0.0;99933.49;99948.81;0.0;0.0;0.0;0.0;0.0;99962.62;0.0;0.0
20755;487268;2016-02-10;DAP;H16;0;0;0;0;0.0;99615.7;99630.75;0.0;0.0;0.0;0.0;0.0;99644.52;0.0;0.0
20756;487269;2016-02-10;DAP;J16;0;0;0;0;0.0;99260.75;99281.62;0.0;0.0;0.0;0.0;0.0;99295.34;0.0;0.0
20757;487270;2016-02-10;DAP;Q16;0;0;0;0;0.0;96865.03;96912.24;0.0;0.0;0.0;0.0;0.0;96925.64;0.0;0.0
20758;487271;2016-02-10;DAP;K17;2220;2220;0;0;0.0;93562.78;93638.32;0.0;0.0;0.0;0.0;0.0;93651.26;0.0;0.0
20759;487272;2016-02-10;DAP;Q18;1740;1740;0;0;0.0;85579.74;85701.83;0.0;0.0;0.0;0.0;0.0;85713.68;0.0;0.0
20760;487273;2016-02-10;DAP;K19;0;0;0;0;0.0;81719.88;81889.68;0.0;0.0;0.0;0.0;0.0;81901.0;0.0;0.0
20761;487274;2016-02-10;DAP;Q20;0;0;0;0;0.0;74565.39;74742.3;0.0;0.0;0.0;0.0;0.0;74752.63;0.0;0.0
20762;487275;2016-02-10;DAP;K21;0;0;0;0;0.0;69481.35;69704.82;0.0;0.0;0.0;0.0;0.0;69714.45;0.0;0.0
20763;487276;2016-02-10;DAP;Q22;0;0;0;0;0.0;63053.23;63300.34;0.0;0.0;0.0;0.0;0.0;63309.09;0.0;0.0
20764;487277;2016-02-10;DAP;K23;0;0;0;0;0.0;59752.74;60052.09;0.0;0.0;0.0;0.0;0.0;60060.39;0.0;0.0
20765;487278;2016-02-10;DAP;K24;0;0;0;0;0.0;55576.56;55891.27;0.0;0.0;0.0;0.0;0.0;55899.0;0.0;0.0
20766;487279;2016-02-10;DAP;Q24;0;0;0;0;0.0;54562.54;54880.73;0.0;0.0;0.0;0.0;0.0;54888.32;0.0;0.0
20767;487280;2016-02-10;DAP;Q26;0;0;0;0;0.0;47059.02;47580.78;0.0;0.0;0.0;0.0;0.0;47587.36;0.0;0.0
20768;487281;2016-02-10;DAP;Q30;0;0;0;0;0.0;36290.98;36546.69;0.0;0.0;0.0;0.0;0.0;36551.74;0.0;0.0
20769;487282;2016-02-11;DAP;G16;0;0;0;0;0.0;99948.81;99963.56;0.0;0.0;0.0;0.0;0.0;99977.55;0.0;0.0
20770;487283;2016-02-11;DAP;H16;0;0;0;0;0.0;99630.75;99639.23;0.0;0.0;0.0;0.0;0.0;99653.17;0.0;0.0
20771;487284;2016-02-11;DAP;J16;0;0;0;0;0.0;99281.62;99291.6;0.0;0.0;0.0;0.0;0.0;99305.49;0.0;0.0
20772;487285;2016-02-11;DAP;Q16;0;0;0;0;0.0;96912.24;96902.69;0.0;0.0;0.0;0.0;0.0;96916.25;0.0;0.0
20773;487286;2016-02-11;DAP;K17;2220;2220;0;0;0.0;93638.32;93613.17;0.0;0.0;0.0;0.0;0.0;93626.27;0.0;0.0
20774;487287;2016-02-11;DAP;Q18;1740;1740;0;0;0.0;85701.83;85702.49;0.0;0.0;0.0;0.0;0.0;85714.48;0.0;0.0
20775;487288;2016-02-11;DAP;K19;0;0;0;0;0.0;81889.68;81785.18;0.0;0.0;0.0;0.0;0.0;81796.62;0.0;0.0
20776;487289;2016-02-11;DAP;Q20;0;0;0;0;0.0;74742.3;74698.37;0.0;0.0;0.0;0.0;0.0;74708.82;0.0;0.0
20777;487290;2016-02-11;DAP;K21;0;0;0;0;0.0;69704.82;69587.64;0.0;0.0;0.0;0.0;0.0;69597.38;0.0;0.0
20778;487291;2016-02-11;DAP;Q22;0;0;0;0;0.0;63300.34;63203.27;0.0;0.0;0.0;0.0;0.0;63212.11;0.0;0.0
20779;487292;2016-02-11;DAP;K23;0;0;0;0;0.0;60052.09;59947.65;0.0;0.0;0.0;0.0;0.0;59956.04;0.0;0.0
20780;487293;2016-02-11;DAP;K24;0;0;0;0;0.0;55891.27;55864.08;0.0;0.0;0.0;0.0;0.0;55871.9;0.0;0.0
20781;487294;2016-02-11;DAP;Q24;0;0;0;0;0.0;54880.73;54852.72;0.0;0.0;0.0;0.0;0.0;54860.39;0.0;0.0
20782;487295;2016-02-11;DAP;Q26;0;0;0;0;0.0;47580.78;47733.7;0.0;0.0;0.0;0.0;0.0;47740.38;0.0;0.0
20783;487296;2016-02-11;DAP;Q30;0;0;0;0;0.0;36546.69;36458.3;0.0;0.0;0.0;0.0;0.0;36463.4;0.0;0.0
20784;487297;2016-02-12;DAP;G16;0;0;0;0;0.0;99963.56;99979.05;0.0;0.0;0.0;0.0;0.0;99993.0;0.0;0.0
20785;487298;2016-02-12;DAP;H16;0;0;0;0;0.0;99639.23;99654.33;0.0;0.0;0.0;0.0;0.0;99668.23;0.0;0.0
20786;487299;2016-02-12;DAP;J16;0;0;0;0;0.0;99291.6;99307.01;0.0;0.0;0.0;0.0;0.0;99320.87;0.0;0.0
20787;487300;2016-02-12;DAP;Q16;0;0;0;0;0.0;96902.69;96903.11;0.0;0.0;0.0;0.0;0.0;96916.63;0.0;0.0
20788;487301;2016-02-12;DAP;K17;2220;2220;0;0;0.0;93613.17;93699.24;0.0;0.0;0.0;0.0;0.0;93712.31;0.0;0.0
20789;487302;2016-02-12;DAP;Q18;1740;1740;0;0;0.0;85702.49;86046.21;0.0;0.0;0.0;0.0;0.0;86058.22;0.0;0.0
20790;487303;2016-02-12;DAP;K19;0;0;0;0;0.0;81785.18;82104.07;0.0;0.0;0.0;0.0;0.0;82115.53;0.0;0.0
20791;487304;2016-02-12;DAP;Q20;0;0;0;0;0.0;74698.37;75127.93;0.0;0.0;0.0;0.0;0.0;75138.41;0.0;0.0
20792;487305;2016-02-12;DAP;K21;0;0;0;0;0.0;69587.64;70221.46;0.0;0.0;0.0;0.0;0.0;70231.26;0.0;0.0
20793;487306;2016-02-12;DAP;Q22;0;0;0;0;0.0;63203.27;63758.03;0.0;0.0;0.0;0.0;0.0;63766.93;0.0;0.0
20794;487307;2016-02-12;DAP;K23;0;0;0;0;0.0;59947.65;60207.03;0.0;0.0;0.0;0.0;0.0;60215.43;0.0;0.0
20795;487308;2016-02-12;DAP;K24;0;0;0;0;0.0;55864.08;56309.27;0.0;0.0;0.0;0.0;0.0;56317.13;0.0;0.0
20796;487309;2016-02-12;DAP;Q24;0;0;0;0;0.0;54852.72;55346.85;0.0;0.0;0.0;0.0;0.0;55354.57;0.0;0.0
20797;487310;2016-02-12;DAP;Q26;0;0;0;0;0.0;47733.7;48215.72;0.0;0.0;0.0;0.0;0.0;48222.45;0.0;0.0
20798;487311;2016-02-12;DAP;Q30;0;0;0;0;0.0;36458.3;36913.54;0.0;0.0;0.0;0.0;0.0;36918.69;0.0;0.0
20799;487312;2016-02-15;DAP;G16;0;0;0;0;0.0;99979.05;;0.0;0.0;0.0;0.0;0.0;100000.0;0.0;0.0
20800;487313;2016-02-15;DAP;H16;0;0;0;0;0.0;99654.33;99669.18;0.0;0.0;0.0;0.0;0.0;99660.93;0.0;0.0
20801;487314;2016-02-15;DAP;J16;0;0;0;0;0.0;99307.01;99307.03;0.0;0.0;0.0;0.0;0.0;99298.81;0.0;0.0
20802;487315;2016-02-15;DAP;K16;0;0;0;0;0.0;0.0;98963.55;0.0;0.0;0.0;0.0;0.0;98955.36;0.0;0.0
20803;487316;2016-02-15;DAP;Q16;0;0;0;0;0.0;96903.11;96930.01;0.0;0.0;0.0;0.0;0.0;96921.98;0.0;0.0
20804;487317;2016-02-15;DAP;K17;2220;2220;0;0;0.0;93699.24;93827.95;0.0;0.0;0.0;0.0;0.0;93820.18;0.0;0.0
20805;487318;2016-02-15;DAP;Q18;1740;1740;0;0;0.0;86046.21;86227.46;0.0;0.0;0.0;0.0;0.0;86220.32;0.0;0.0
20806;487319;2016-02-15;DAP;K19;0;0;0;0;0.0;82104.07;82316.99;0.0;0.0;0.0;0.0;0.0;82310.17;0.0;0.0
20807;487320;2016-02-15;DAP;Q20;0;0;0;0;0.0;75127.93;75449.16;0.0;0.0;0.0;0.0;0.0;75442.91;0.0;0.0
20808;487321;2016-02-15;DAP;K21;0;0;0;0;0.0;70221.46;70496.63;0.0;0.0;0.0;0.0;0.0;70490.79;0.0;0.0
20809;487322;2016-02-15;DAP;Q22;0;0;0;0;0.0;63758.03;63905.53;0.0;0.0;0.0;0.0;0.0;63900.24;0.0;0.0
20810;487323;2016-02-15;DAP;K23;0;0;0;0;0.0;60207.03;60318.29;0.0;0.0;0.0;0.0;0.0;60313.3;0.0;0.0
20811;487324;2016-02-15;DAP;K24;0;0;0;0;0.0;56309.27;56466.99;0.0;0.0;0.0;0.0;0.0;56462.31;0.0;0.0
20812;487325;2016-02-15;DAP;Q24;0;0;0;0;0.0;55346.85;55505.87;0.0;0.0;0.0;0.0;0.0;55501.27;0.0;0.0
20813;487326;2016-02-15;DAP;Q26;0;0;0;0;0.0;48215.72;48428.65;0.0;0.0;0.0;0.0;0.0;48424.64;0.0;0.0
20814;487327;2016-02-15;DAP;Q30;0;0;0;0;0.0;36913.54;36931.86;0.0;0.0;0.0;0.0;0.0;36928.8;0.0;0.0
20815;487328;2016-02-16;DAP;H16;0;0;0;0;0.0;99669.18;99688.58;0.0;0.0;0.0;0.0;0.0;99680.09;0.0;0.0
20816;487329;2016-02-16;DAP;J16;0;0;0;0;0.0;99307.03;99328.28;0.0;0.0;0.0;0.0;0.0;99319.82;0.0;0.0
20817;487330;2016-02-16;DAP;K16;0;0;0;0;0.0;98963.55;98987.29;0.0;0.0;0.0;0.0;0.0;98978.86;0.0;0.0
20818;487331;2016-02-16;DAP;Q16;0;0;0;0;0.0;96930.01;96967.77;0.0;0.0;0.0;0.0;0.0;96959.51;0.0;0.0
20819;487332;2016-02-16;DAP;K17;2220;2220;0;0;0.0;93827.95;93979.92;0.0;0.0;0.0;0.0;0.0;93971.91;0.0;0.0
20820;487333;2016-02-16;DAP;Q18;1740;1740;0;0;0.0;86227.46;86491.15;0.0;0.0;0.0;0.0;0.0;86483.78;0.0;0.0
20821;487334;2016-02-16;DAP;K19;0;0;0;0;0.0;82316.99;82486.94;0.0;0.0;0.0;0.0;0.0;82479.91;0.0;0.0
20822;487335;2016-02-16;DAP;Q20;0;0;0;0;0.0;75449.16;75531.73;0.0;0.0;0.0;0.0;0.0;75525.3;0.0;0.0
20823;487336;2016-02-16;DAP;K21;0;0;0;0;0.0;70496.63;70618.94;0.0;0.0;0.0;0.0;0.0;70612.92;0.0;0.0
20824;487337;2016-02-16;DAP;Q22;0;0;0;0;0.0;63905.53;63961.84;0.0;0.0;0.0;0.0;0.0;63956.39;0.0;0.0
20825;487338;2016-02-16;DAP;K23;0;0;0;0;0.0;60318.29;60375.78;0.0;0.0;0.0;0.0;0.0;60370.64;0.0;0.0
20826;487339;2016-02-16;DAP;K24;0;0;0;0;0.0;56466.99;56482.72;0.0;0.0;0.0;0.0;0.0;56477.91;0.0;0.0
20827;487340;2016-02-16;DAP;Q24;0;0;0;0;0.0;55505.87;55521.31;0.0;0.0;0.0;0.0;0.0;55516.58;0.0;0.0
20828;487341;2016-02-16;DAP;Q26;0;0;0;0;0.0;48428.65;48489.42;0.0;0.0;0.0;0.0;0.0;48485.29;0.0;0.0
20829;487342;2016-02-16;DAP;Q30;0;0;0;0;0.0;36931.86;36793.0;0.0;0.0;0.0;0.0;0.0;36789.87;0.0;0.0
20830;487343;2016-02-17;DAP;H16;0;0;0;0;0.0;99688.58;99705.79;0.0;0.0;0.0;0.0;0.0;99697.5;0.0;0.0
20831;487344;2016-02-17;DAP;J16;0;0;0;0;0.0;99328.28;99347.34;0.0;0.0;0.0;0.0;0.0;99339.07;0.0;0.0
20832;487345;2016-02-17;DAP;K16;0;0;0;0;0.0;98987.29;99008.09;0.0;0.0;0.0;0.0;0.0;98999.85;0.0;0.0
20833;487346;2016-02-17;DAP;Q16;0;0;0;0;0.0;96967.77;96995.87;0.0;0.0;0.0;0.0;0.0;96987.8;0.0;0.0
20834;487347;2016-02-17;DAP;K17;2220;2220;0;0;0.0;93979.92;94097.84;0.0;0.0;0.0;0.0;0.0;94090.01;0.0;0.0
20835;487348;2016-02-17;DAP;Q18;1740;1740;0;0;0.0;86491.15;86653.08;0.0;0.0;0.0;0.0;0.0;86645.87;0.0;0.0
20836;487349;2016-02-17;DAP;K19;0;0;0;0;0.0;82486.94;82606.47;0.0;0.0;0.0;0.0;0.0;82599.6;0.0;0.0
20837;487350;2016-02-17;DAP;Q20;0;0;0;0;0.0;75531.73;75677.66;0.0;0.0;0.0;0.0;0.0;75671.36;0.0;0.0
20838;487351;2016-02-17;DAP;K21;0;0;0;0;0.0;70618.94;70844.73;0.0;0.0;0.0;0.0;0.0;70838.84;0.0;0.0
20839;487352;2016-02-17;DAP;Q22;0;0;0;0;0.0;63961.84;64017.89;0.0;0.0;0.0;0.0;0.0;64012.56;0.0;0.0
20840;487353;2016-02-17;DAP;K23;0;0;0;0;0.0;60375.78;60351.87;0.0;0.0;0.0;0.0;0.0;60346.85;0.0;0.0
20841;487354;2016-02-17;DAP;K24;0;0;0;0;0.0;56482.72;56498.21;0.0;0.0;0.0;0.0;0.0;56493.51;0.0;0.0
20842;487355;2016-02-17;DAP;Q24;0;0;0;0;0.0;55521.31;55536.52;0.0;0.0;0.0;0.0;0.0;55531.9;0.0;0.0
20843;487356;2016-02-17;DAP;Q26;0;0;0;0;0.0;48489.42;48455.3;0.0;0.0;0.0;0.0;0.0;48451.27;0.0;0.0
20844;487357;2016-02-17;DAP;Q30;0;0;0;0;0.0;36793.0;36704.03;0.0;0.0;0.0;0.0;0.0;36700.98;0.0;0.0
20845;487358;2016-02-18;DAP;H16;0;0;0;0;0.0;99705.79;99720.35;0.0;0.0;0.0;0.0;0.0;99712.03;0.0;0.0
20846;487359;2016-02-18;DAP;J16;0;0;0;0;0.0;99347.34;99358.88;0.0;0.0;0.0;0.0;0.0;99350.59;0.0;0.0
20847;487360;2016-02-18;DAP;K16;0;0;0;0;0.0;99008.09;99015.38;0.0;0.0;0.0;0.0;0.0;99007.12;0.0;0.0
20848;487361;2016-02-18;DAP;Q16;0;0;0;0;0.0;96995.87;96970.29;0.0;0.0;0.0;0.0;0.0;96962.2;0.0;0.0
20849;487362;2016-02-18;DAP;K17;2220;2220;0;0;0.0;94097.84;94050.21;0.0;0.0;0.0;0.0;0.0;94042.37;0.0;0.0
20850;487363;2016-02-18;DAP;Q18;1740;1740;0;0;0.0;86653.08;86429.93;0.0;0.0;0.0;0.0;0.0;86422.72;0.0;0.0
20851;487364;2016-02-18;DAP;K19;0;0;0;0;0.0;82606.47;82251.67;0.0;0.0;0.0;0.0;0.0;82244.81;0.0;0.0
20852;487365;2016-02-18;DAP;Q20;0;0;0;0;0.0;75677.66;75315.47;0.0;0.0;0.0;0.0;0.0;75309.19;0.0;0.0
20853;487366;2016-02-18;DAP;K21;0;0;0;0;0.0;70844.73;70759.65;0.0;0.0;0.0;0.0;0.0;70753.75;0.0;0.0
20854;487367;2016-02-18;DAP;Q22;0;0;0;0;0.0;64017.89;63612.04;0.0;0.0;0.0;0.0;0.0;63606.74;0.0;0.0
20855;487368;2016-02-18;DAP;K23;0;0;0;0;0.0;60351.87;59924.64;0.0;0.0;0.0;0.0;0.0;59919.64;0.0;0.0
20856;487369;2016-02-18;DAP;K24;0;0;0;0;0.0;56498.21;56083.52;0.0;0.0;0.0;0.0;0.0;56078.84;0.0;0.0
20857;487370;2016-02-18;DAP;Q24;0;0;0;0;0.0;55536.52;55159.02;0.0;0.0;0.0;0.0;0.0;55154.42;0.0;0.0
20858;487371;2016-02-18;DAP;Q26;0;0;0;0;0.0;48455.3;48044.9;0.0;0.0;0.0;0.0;0.0;48040.89;0.0;0.0
20859;487372;2016-02-18;DAP;Q30;0;0;0;0;0.0;36704.03;36320.95;0.0;0.0;0.0;0.0;0.0;36317.92;0.0;0.0
20860;487373;2016-02-19;DAP;H16;0;0;0;0;0.0;99720.35;99734.41;0.0;0.0;0.0;0.0;0.0;99726.07;0.0;0.0
20861;487374;2016-02-19;DAP;J16;0;0;0;0;0.0;99358.88;99372.14;0.0;0.0;0.0;0.0;0.0;99363.83;0.0;0.0
20862;487375;2016-02-19;DAP;K16;0;0;0;0;0.0;99015.38;99025.2;0.0;0.0;0.0;0.0;0.0;99016.92;0.0;0.0
20863;487376;2016-02-19;DAP;Q16;0;0;0;0;0.0;96970.29;96949.99;0.0;0.0;0.0;0.0;0.0;96941.89;0.0;0.0
20864;487377;2016-02-19;DAP;K17;2220;2220;0;0;0.0;94050.21;93992.12;0.0;0.0;0.0;0.0;0.0;93984.26;0.0;0.0
20865;487378;2016-02-19;DAP;Q18;1740;1740;0;0;0.0;86429.93;86349.29;0.0;0.0;0.0;0.0;0.0;86342.07;0.0;0.0
20866;487379;2016-02-19;DAP;K19;0;0;0;0;0.0;82251.67;82221.85;0.0;0.0;0.0;0.0;0.0;82214.98;0.0;0.0
20867;487380;2016-02-19;DAP;Q20;0;0;0;0;0.0;75315.47;75366.05;0.0;0.0;0.0;0.0;0.0;75359.75;0.0;0.0
20868;487381;2016-02-19;DAP;K21;0;0;0;0;0.0;70759.65;70916.5;0.0;0.0;0.0;0.0;0.0;70910.57;0.0;0.0
20869;487382;2016-02-19;DAP;Q22;0;0;0;0;0.0;63612.04;63629.73;0.0;0.0;0.0;0.0;0.0;63624.41;0.0;0.0
20870;487383;2016-02-19;DAP;K23;0;0;0;0;0.0;59924.64;59941.56;0.0;0.0;0.0;0.0;0.0;59936.55;0.0;0.0
20871;487384;2016-02-19;DAP;K24;0;0;0;0;0.0;56083.52;56184.99;0.0;0.0;0.0;0.0;0.0;56180.29;0.0;0.0
20872;487385;2016-02-19;DAP;Q24;0;0;0;0;0.0;55159.02;55261.45;0.0;0.0;0.0;0.0;0.0;55256.83;0.0;0.0
20873;487386;2016-02-19;DAP;Q26;0;0;0;0;0.0;48044.9;48199.04;0.0;0.0;0.0;0.0;0.0;48195.01;0.0;0.0
20874;487387;2016-02-19;DAP;Q30;0;0;0;0;0.0;36320.95;36478.0;0.0;0.0;0.0;0.0;0.0;36474.95;0.0;0.0
20875;487388;2016-02-22;DAP;H16;0;0;0;0;0.0;99734.41;99750.52;0.0;0.0;0.0;0.0;0.0;99742.16;0.0;0.0
20876;487389;2016-02-22;DAP;J16;0;0;0;0;0.0;99372.14;99386.98;0.0;0.0;0.0;0.0;0.0;99378.65;0.0;0.0
20877;487390;2016-02-22;DAP;K16;0;0;0;0;0.0;99025.2;99039.61;0.0;0.0;0.0;0.0;0.0;99031.31;0.0;0.0
20878;487391;2016-02-22;DAP;Q16;0;0;0;0;0.0;96949.99;96948.08;0.0;0.0;0.0;0.0;0.0;96939.96;0.0;0.0
20879;487392;2016-02-22;DAP;K17;2220;2220;0;0;0.0;93992.12;93923.7;0.0;0.0;0.0;0.0;0.0;93915.83;0.0;0.0
20880;487393;2016-02-22;DAP;Q18;1740;1740;0;0;0.0;86349.29;86228.93;0.0;0.0;0.0;0.0;0.0;86221.7;0.0;0.0
20881;487394;2016-02-22;DAP;K19;0;0;0;0;0.0;82221.85;82241.78;0.0;0.0;0.0;0.0;0.0;82234.89;0.0;0.0
20882;487395;2016-02-22;DAP;Q20;0;0;0;0;0.0;75366.05;75479.91;0.0;0.0;0.0;0.0;0.0;75473.59;0.0;0.0
20883;487396;2016-02-22;DAP;K21;0;0;0;0;0.0;70916.5;71177.59;0.0;0.0;0.0;0.0;0.0;71171.63;0.0;0.0
20884;487397;2016-02-22;DAP;Q22;0;0;0;0;0.0;63629.73;63877.79;0.0;0.0;0.0;0.0;0.0;63872.44;0.0;0.0
20885;487398;2016-02-22;DAP;K23;0;0;0;0;0.0;59941.56;60442.81;0.0;0.0;0.0;0.0;0.0;60437.75;0.0;0.0
20886;487399;2016-02-22;DAP;K24;0;0;0;0;0.0;56184.99;56674.86;0.0;0.0;0.0;0.0;0.0;56670.11;0.0;0.0
20887;487400;2016-02-22;DAP;Q24;0;0;0;0;0.0;55261.45;55758.06;0.0;0.0;0.0;0.0;0.0;55753.39;0.0;0.0
20888;487401;2016-02-22;DAP;Q26;0;0;0;0;0.0;48199.04;48684.88;0.0;0.0;0.0;0.0;0.0;48680.8;0.0;0.0
20889;487402;2016-02-22;DAP;Q30;0;0;0;0;0.0;36478.0;36883.03;0.0;0.0;0.0;0.0;0.0;36879.94;0.0;0.0
20890;487403;2016-02-23;DAP;H16;0;0;0;0;0.0;99750.52;99748.32;0.0;0.0;0.0;0.0;0.0;99756.55;0.0;0.0
20891;487404;2016-02-23;DAP;J16;0;0;0;0;0.0;99386.98;99379.75;0.0;0.0;0.0;0.0;0.0;99387.95;0.0;0.0
20892;487405;2016-02-23;DAP;K16;0;0;0;0;0.0;99039.61;99029.03;0.0;0.0;0.0;0.0;0.0;99037.2;0.0;0.0
20893;487406;2016-02-23;DAP;Q16;0;0;0;0;0.0;96948.08;96895.6;0.0;0.0;0.0;0.0;0.0;96903.59;0.0;0.0
20894;487407;2016-02-23;DAP;K17;2220;2220;0;0;0.0;93923.7;93796.95;0.0;0.0;0.0;0.0;0.0;93804.69;0.0;0.0
20895;487408;2016-02-23;DAP;Q18;1740;1740;0;0;0.0;86228.93;86154.98;0.0;0.0;0.0;0.0;0.0;86162.09;0.0;0.0
20896;487409;2016-02-23;DAP;K19;0;0;0;0;0.0;82241.78;82173.71;0.0;0.0;0.0;0.0;0.0;82180.49;0.0;0.0
20897;487410;2016-02-23;DAP;Q20;0;0;0;0;0.0;75479.91;75454.59;0.0;0.0;0.0;0.0;0.0;75460.82;0.0;0.0
20898;487411;2016-02-23;DAP;K21;0;0;0;0;0.0;71177.59;71045.6;0.0;0.0;0.0;0.0;0.0;71051.46;0.0;0.0
20899;487412;2016-02-23;DAP;Q22;0;0;0;0;0.0;63877.79;63961.73;0.0;0.0;0.0;0.0;0.0;63967.01;0.0;0.0
20900;487413;2016-02-23;DAP;K23;0;0;0;0;0.0;60442.81;60490.1;0.0;0.0;0.0;0.0;0.0;60495.09;0.0;0.0
20901;487414;2016-02-23;DAP;K24;0;0;0;0;0.0;56674.86;56724.34;0.0;0.0;0.0;0.0;0.0;56729.02;0.0;0.0
20902;487415;2016-02-23;DAP;Q24;0;0;0;0;0.0;55758.06;55852.06;0.0;0.0;0.0;0.0;0.0;55856.67;0.0;0.0
20903;487416;2016-02-23;DAP;Q26;0;0;0;0;0.0;48684.88;48737.61;0.0;0.0;0.0;0.0;0.0;48741.63;0.0;0.0
20904;487417;2016-02-23;DAP;Q30;0;0;0;0;0.0;36883.03;36936.69;0.0;0.0;0.0;0.0;0.0;36939.74;0.0;0.0
20905;487418;2016-02-24;DAP;H16;0;0;0;0;0.0;99748.32;99781.58;0.0;0.0;0.0;0.0;0.0;99789.81;0.0;0.0
20906;487419;2016-02-24;DAP;J16;0;0;0;0;0.0;99379.75;99438.54;0.0;0.0;0.0;0.0;0.0;99446.74;0.0;0.0
20907;487420;2016-02-24;DAP;K16;0;0;0;0;0.0;99029.03;99107.1;0.0;0.0;0.0;0.0;0.0;99115.28;0.0;0.0
20908;487421;2016-02-24;DAP;Q16;0;0;0;0;0.0;96895.6;96851.7;0.0;0.0;0.0;0.0;0.0;96859.69;0.0;0.0
20909;487422;2016-02-24;DAP;K17;2220;0;0;0;0.0;93796.95;93654.6;0.0;0.0;0.0;0.0;0.0;93662.33;0.0;0.0
20910;487423;2016-02-24;DAP;Q18;1740;0;0;0;0.0;86154.98;86175.61;0.0;0.0;0.0;0.0;0.0;86182.72;0.0;0.0
20911;487424;2016-02-24;DAP;K19;0;0;0;0;0.0;82173.71;82342.23;0.0;0.0;0.0;0.0;0.0;82349.02;0.0;0.0
20912;487425;2016-02-24;DAP;Q20;0;0;0;0;0.0;75454.59;75663.41;0.0;0.0;0.0;0.0;0.0;75669.65;0.0;0.0
20913;487426;2016-02-24;DAP;K21;0;0;0;0;0.0;71045.6;71237.34;0.0;0.0;0.0;0.0;0.0;71243.22;0.0;0.0
20914;487427;2016-02-24;DAP;Q22;0;0;0;0;0.0;63961.73;64249.44;0.0;0.0;0.0;0.0;0.0;64254.74;0.0;0.0
20915;487428;2016-02-24;DAP;K23;0;0;0;0;0.0;60490.1;60628.66;0.0;0.0;0.0;0.0;0.0;60633.66;0.0;0.0
20916;487429;2016-02-24;DAP;K24;0;0;0;0;0.0;56724.34;56957.0;0.0;0.0;0.0;0.0;0.0;56961.7;0.0;0.0
20917;487430;2016-02-24;DAP;Q24;0;0;0;0;0.0;55852.06;56043.71;0.0;0.0;0.0;0.0;0.0;56048.33;0.0;0.0
20918;487431;2016-02-24;DAP;Q26;0;0;0;0;0.0;48737.61;48941.45;0.0;0.0;0.0;0.0;0.0;48945.49;0.0;0.0
20919;487432;2016-02-24;DAP;Q30;0;0;0;0;0.0;36936.69;37046.37;0.0;0.0;0.0;0.0;0.0;37049.43;0.0;0.0
20920;487433;2016-02-25;DAP;H16;0;0;0;0;0.0;99795.82;99813.32;0.0;0.0;0.0;0.0;0.0;99807.29;0.0;0.0
20921;487434;2016-02-25;DAP;J16;0;0;0;0;0.0;99452.73;99472.06;0.0;0.0;0.0;0.0;0.0;99466.05;0.0;0.0
20922;487435;2016-02-25;DAP;K16;0;0;0;0;0.0;99121.25;99143.24;0.0;0.0;0.0;0.0;0.0;99137.25;0.0;0.0
20923;487436;2016-02-25;DAP;Q16;0;0;0;0;0.0;96865.52;96899.85;0.0;0.0;0.0;0.0;0.0;96894.0;0.0;0.0
20924;487437;2016-02-25;DAP;K17;2220;2220;0;0;0.0;93667.97;93698.78;0.0;0.0;0.0;0.0;0.0;93693.12;0.0;0.0
20925;487438;2016-02-25;DAP;Q18;1740;1740;0;0;0.0;86187.91;86208.57;0.0;0.0;0.0;0.0;0.0;86203.36;0.0;0.0
20926;487439;2016-02-25;DAP;K19;0;0;0;0;0.0;82353.98;82448.18;0.0;0.0;0.0;0.0;0.0;82443.2;0.0;0.0
20927;487440;2016-02-25;DAP;Q20;0;0;0;0;0.0;75674.21;75692.99;0.0;0.0;0.0;0.0;0.0;75688.42;0.0;0.0
20928;487441;2016-02-25;DAP;K21;0;0;0;0;0.0;71247.51;71300.66;0.0;0.0;0.0;0.0;0.0;71296.35;0.0;0.0
20929;487442;2016-02-25;DAP;Q22;0;0;0;0;0.0;64258.61;64160.21;0.0;0.0;0.0;0.0;0.0;64156.33;0.0;0.0
20930;487443;2016-02-25;DAP;K23;0;0;0;0;0.0;60637.31;60451.29;0.0;0.0;0.0;0.0;0.0;60447.64;0.0;0.0
20931;487444;2016-02-25;DAP;K24;0;0;0;0;0.0;56965.13;56806.97;0.0;0.0;0.0;0.0;0.0;56803.54;0.0;0.0
20932;487445;2016-02-25;DAP;Q24;0;0;0;0;0.0;56051.7;55934.66;0.0;0.0;0.0;0.0;0.0;55931.28;0.0;0.0
20933;487446;2016-02-25;DAP;Q26;0;0;0;0;0.0;48948.44;48771.19;0.0;0.0;0.0;0.0;0.0;48768.24;0.0;0.0
20934;487447;2016-02-25;DAP;Q30;0;0;0;0;0.0;37051.66;36912.54;0.0;0.0;0.0;0.0;0.0;36910.31;0.0;0.0
20935;487448;2016-02-26;DAP;H16;0;0;0;0;0.0;99813.32;99827.69;0.0;0.0;0.0;0.0;0.0;99821.64;0.0;0.0
20936;487449;2016-02-26;DAP;J16;0;0;0;0;0.0;99472.06;99484.71;0.0;0.0;0.0;0.0;0.0;99478.68;0.0;0.0
20937;487450;2016-02-26;DAP;K16;0;0;0;0;0.0;99143.24;99152.75;0.0;0.0;0.0;0.0;0.0;99146.74;0.0;0.0
20938;487451;2016-02-26;DAP;Q16;0;0;0;0;0.0;96899.85;96878.91;0.0;0.0;0.0;0.0;0.0;96873.04;0.0;0.0
20939;487452;2016-02-26;DAP;K17;2220;2220;0;0;0.0;93698.78;93590.41;0.0;0.0;0.0;0.0;0.0;93584.74;0.0;0.0
20940;487453;2016-02-26;DAP;Q18;1740;1740;0;0;0.0;86208.57;86069.92;0.0;0.0;0.0;0.0;0.0;86064.7;0.0;0.0
20941;487454;2016-02-26;DAP;K19;0;0;0;0;0.0;82448.18;82171.46;0.0;0.0;0.0;0.0;0.0;82166.48;0.0;0.0
20942;487455;2016-02-26;DAP;Q20;0;0;0;0;0.0;75692.99;75616.85;0.0;0.0;0.0;0.0;0.0;75612.27;0.0;0.0
20943;487456;2016-02-26;DAP;K21;0;0;0;0;0.0;71300.66;71423.25;0.0;0.0;0.0;0.0;0.0;71418.92;0.0;0.0
20944;487457;2016-02-26;DAP;Q22;0;0;0;0;0.0;64160.21;64216.36;0.0;0.0;0.0;0.0;0.0;64212.47;0.0;0.0
20945;487458;2016-02-26;DAP;K23;0;0;0;0;0.0;60451.29;60630.24;0.0;0.0;0.0;0.0;0.0;60626.57;0.0;0.0
20946;487459;2016-02-26;DAP;K24;0;0;0;0;0.0;56806.97;57039.77;0.0;0.0;0.0;0.0;0.0;57036.31;0.0;0.0
20947;487460;2016-02-26;DAP;Q24;0;0;0;0;0.0;55934.66;56170.64;0.0;0.0;0.0;0.0;0.0;56167.24;0.0;0.0
20948;487461;2016-02-26;DAP;Q26;0;0;0;0;0.0;48771.19;49262.36;0.0;0.0;0.0;0.0;0.0;49259.37;0.0;0.0
20949;487462;2016-02-26;DAP;Q30;0;0;0;0;0.0;36912.54;36774.06;0.0;0.0;0.0;0.0;0.0;36771.83;0.0;0.0
20950;487463;2016-02-29;DAP;H16;0;0;0;0;0.0;99827.69;99843.82;0.0;0.0;0.0;0.0;0.0;99837.75;0.0;0.0
20951;487464;2016-02-29;DAP;J16;0;0;0;0;0.0;99484.71;99501.28;0.0;0.0;0.0;0.0;0.0;99495.23;0.0;0.0
20952;487465;2016-02-29;DAP;K16;0;0;0;0;0.0;99152.75;99170.51;0.0;0.0;0.0;0.0;0.0;99164.48;0.0;0.0
20953;487466;2016-02-29;DAP;Q16;0;0;0;0;0.0;96878.91;96892.4;0.0;0.0;0.0;0.0;0.0;96886.51;0.0;0.0
20954;487467;2016-02-29;DAP;K17;2220;2220;0;0;0.0;93590.41;93578.9;0.0;0.0;0.0;0.0;0.0;93573.21;0.0;0.0
20955;487468;2016-02-29;DAP;Q18;1740;1740;0;0;0.0;86069.92;86190.19;0.0;0.0;0.0;0.0;0.0;86184.95;0.0;0.0
20956;487469;2016-02-29;DAP;K19;0;0;0;0;0.0;82171.46;82339.49;0.0;0.0;0.0;0.0;0.0;82334.48;0.0;0.0
20957;487470;2016-02-29;DAP;Q20;0;0;0;0;0.0;75616.85;75825.59;0.0;0.0;0.0;0.0;0.0;75820.98;0.0;0.0
20958;487471;2016-02-29;DAP;K21;0;0;0;0;0.0;71423.25;71650.37;0.0;0.0;0.0;0.0;0.0;71646.01;0.0;0.0
20959;487472;2016-02-29;DAP;Q22;0;0;0;0;0.0;64216.36;64465.96;0.0;0.0;0.0;0.0;0.0;64462.04;0.0;0.0
20960;487473;2016-02-29;DAP;K23;0;0;0;0;0.0;60630.24;60850.33;0.0;0.0;0.0;0.0;0.0;60846.63;0.0;0.0
20961;487474;2016-02-29;DAP;K24;0;0;0;0;0.0;57039.77;57186.07;0.0;0.0;0.0;0.0;0.0;57182.59;0.0;0.0
20962;487475;2016-02-29;DAP;Q24;0;0;0;0;0.0;56170.64;56318.75;0.0;0.0;0.0;0.0;0.0;56315.33;0.0;0.0
20963;487476;2016-02-29;DAP;Q26;0;0;0;0;0.0;49262.36;49419.96;0.0;0.0;0.0;0.0;0.0;49416.96;0.0;0.0
20964;487477;2016-02-29;DAP;Q30;0;0;0;0;0.0;36774.06;36734.8;0.0;0.0;0.0;0.0;0.0;36732.57;0.0;0.0
20965;487478;2016-03-01;DAP;H16;0;0;0;0;0.0;99843.82;99861.04;0.0;0.0;0.0;0.0;0.0;99855.17;0.0;0.0
20966;487479;2016-03-01;DAP;J16;0;0;0;0;0.0;99501.28;99522.42;0.0;0.0;0.0;0.0;0.0;99516.57;0.0;0.0
20967;487480;2016-03-01;DAP;K16;0;0;0;0;0.0;99170.51;99195.84;0.0;0.0;0.0;0.0;0.0;99190.01;0.0;0.0
20968;487481;2016-03-01;DAP;Q16;0;0;0;0;0.0;96892.4;96939.25;0.0;0.0;0.0;0.0;0.0;96933.55;0.0;0.0
20969;487482;2016-03-01;DAP;K17;2220;2220;0;0;0.0;93578.9;93631.08;0.0;0.0;0.0;0.0;0.0;93625.57;0.0;0.0
20970;487483;2016-03-01;DAP;Q18;1740;1740;0;0;0.0;86190.19;86549.41;0.0;0.0;0.0;0.0;0.0;86544.32;0.0;0.0
20971;487484;2016-03-01;DAP;K19;0;0;0;0;0.0;82339.49;82730.24;0.0;0.0;0.0;0.0;0.0;82725.38;0.0;0.0
20972;487485;2016-03-01;DAP;Q20;0;0;0;0;0.0;75825.59;76225.43;0.0;0.0;0.0;0.0;0.0;76220.95;0.0;0.0
20973;487486;2016-03-01;DAP;K21;0;0;0;0;0.0;71650.37;71668.5;0.0;0.0;0.0;0.0;0.0;71664.29;0.0;0.0
20974;487487;2016-03-01;DAP;Q22;0;0;0;0;0.0;64465.96;64716.24;0.0;0.0;0.0;0.0;0.0;64712.43;0.0;0.0
20975;487488;2016-03-01;DAP;K23;0;0;0;0;0.0;60850.33;61152.77;0.0;0.0;0.0;0.0;0.0;61149.17;0.0;0.0
20976;487489;2016-03-01;DAP;K24;0;0;0;0;0.0;57186.07;57507.77;0.0;0.0;0.0;0.0;0.0;57504.39;0.0;0.0
20977;487490;2016-03-01;DAP;Q24;0;0;0;0;0.0;56318.75;56600.57;0.0;0.0;0.0;0.0;0.0;56597.24;0.0;0.0
20978;487491;2016-03-01;DAP;Q26;0;0;0;0;0.0;49419.96;49529.59;0.0;0.0;0.0;0.0;0.0;49526.68;0.0;0.0
20979;487492;2016-03-01;DAP;Q30;0;0;0;0;0.0;36734.8;36893.27;0.0;0.0;0.0;0.0;0.0;36891.1;0.0;0.0
20980;487493;2016-03-02;DAP;H16;0;0;0;0;0.0;99861.04;99876.55;0.0;0.0;0.0;0.0;0.0;99870.67;0.0;0.0
20981;487494;2016-03-02;DAP;J16;0;0;0;0;0.0;99522.42;99539.86;0.0;0.0;0.0;0.0;0.0;99534.0;0.0;0.0
20982;487495;2016-03-02;DAP;K16;0;0;0;0;0.0;99195.84;99213.3;0.0;0.0;0.0;0.0;0.0;99207.46;0.0;0.0
20983;487496;2016-03-02;DAP;Q16;0;0;0;0;0.0;96939.25;96952.89;0.0;0.0;0.0;0.0;0.0;96947.18;0.0;0.0
20984;487497;2016-03-02;DAP;K17;2220;0;0;0;0.0;93631.08;93609.17;0.0;0.0;0.0;0.0;0.0;93603.66;0.0;0.0
20985;487498;2016-03-02;DAP;Q18;1740;0;0;0;0.0;86549.41;86649.54;0.0;0.0;0.0;0.0;0.0;86644.44;0.0;0.0
20986;487499;2016-03-02;DAP;K19;0;0;0;0;0.0;82730.24;82824.2;0.0;0.0;0.0;0.0;0.0;82819.33;0.0;0.0
20987;487500;2016-03-02;DAP;Q20;0;0;0;0;0.0;76225.43;76307.65;0.0;0.0;0.0;0.0;0.0;76303.16;0.0;0.0
20988;487501;2016-03-02;DAP;K21;0;0;0;0;0.0;71668.5;71651.99;0.0;0.0;0.0;0.0;0.0;71647.77;0.0;0.0
20989;487502;2016-03-02;DAP;Q22;0;0;0;0;0.0;64716.24;64967.45;0.0;0.0;0.0;0.0;0.0;64963.63;0.0;0.0
20990;487503;2016-03-02;DAP;K23;0;0;0;0;0.0;61152.77;61251.34;0.0;0.0;0.0;0.0;0.0;61247.74;0.0;0.0
20991;487504;2016-03-02;DAP;K24;0;0;0;0;0.0;57507.77;57611.07;0.0;0.0;0.0;0.0;0.0;57607.68;0.0;0.0
20992;487505;2016-03-02;DAP;Q24;0;0;0;0;0.0;56600.57;56704.95;0.0;0.0;0.0;0.0;0.0;56701.61;0.0;0.0
20993;487506;2016-03-02;DAP;Q26;0;0;0;0;0.0;49529.59;49639.5;0.0;0.0;0.0;0.0;0.0;49636.58;0.0;0.0
20994;487507;2016-03-02;DAP;Q30;0;0;0;0;0.0;36893.27;37152.18;0.0;0.0;0.0;0.0;0.0;37149.99;0.0;0.0
20995;487508;2016-03-03;DAP;H16;0;0;0;0;0.0;99876.78;99890.95;0.0;0.0;0.0;0.0;0.0;99885.03;0.0;0.0
20996;487509;2016-03-03;DAP;J16;0;0;0;0;0.0;99540.09;99550.33;0.0;0.0;0.0;0.0;0.0;99544.43;0.0;0.0
20997;487510;2016-03-03;DAP;K16;0;0;0;0;0.0;99213.53;99219.36;0.0;0.0;0.0;0.0;0.0;99213.48;0.0;0.0
20998;487511;2016-03-03;DAP;Q16;0;0;0;0;0.0;96953.11;96913.56;0.0;0.0;0.0;0.0;0.0;96907.81;0.0;0.0
20999;487512;2016-03-03;DAP;K17;2220;2220;0;0;0.0;93609.39;93577.07;0.0;0.0;0.0;0.0;0.0;93571.52;0.0;0.0
21000;487513;2016-03-03;DAP;Q18;1740;1740;0;0;0.0;86649.74;86550.18;0.0;0.0;0.0;0.0;0.0;86545.05;0.0;0.0
21001;487514;2016-03-03;DAP;K19;0;0;0;0;0.0;82824.4;82621.06;0.0;0.0;0.0;0.0;0.0;82616.16;0.0;0.0
21002;487515;2016-03-03;DAP;Q20;0;0;0;0;0.0;76307.83;76389.89;0.0;0.0;0.0;0.0;0.0;76385.36;0.0;0.0
21003;487516;2016-03-03;DAP;K21;0;0;0;0;0.0;71652.15;71949.17;0.0;0.0;0.0;0.0;0.0;71944.9;0.0;0.0
21004;487517;2016-03-03;DAP;Q22;0;0;0;0;0.0;64967.61;65573.46;0.0;0.0;0.0;0.0;0.0;65569.57;0.0;0.0
21005;487518;2016-03-03;DAP;K23;0;0;0;0;0.0;61251.49;62093.94;0.0;0.0;0.0;0.0;0.0;62090.26;0.0;0.0
21006;487519;2016-03-03;DAP;K24;0;0;0;0;0.0;57611.21;58423.67;0.0;0.0;0.0;0.0;0.0;58420.21;0.0;0.0
21007;487520;2016-03-03;DAP;Q24;0;0;0;0;0.0;56705.08;57575.22;0.0;0.0;0.0;0.0;0.0;57571.81;0.0;0.0
21008;487521;2016-03-03;DAP;Q26;0;0;0;0;0.0;49639.62;50335.15;0.0;0.0;0.0;0.0;0.0;50332.17;0.0;0.0
21009;487522;2016-03-03;DAP;Q30;0;0;0;0;0.0;37152.26;38537.02;0.0;0.0;0.0;0.0;0.0;38534.73;0.0;0.0
21010;487523;2016-03-04;DAP;H16;0;0;0;0;0.0;99890.95;99906.67;0.0;0.0;0.0;0.0;0.0;99900.73;0.0;0.0
21011;487524;2016-03-04;DAP;J16;0;0;0;0;0.0;99550.33;99565.51;0.0;0.0;0.0;0.0;0.0;99559.59;0.0;0.0
21012;487525;2016-03-04;DAP;K16;0;0;0;0;0.0;99219.36;99235.05;0.0;0.0;0.0;0.0;0.0;99229.15;0.0;0.0
21013;487526;2016-03-04;DAP;Q16;0;0;0;0;0.0;96913.56;96907.86;0.0;0.0;0.0;0.0;0.0;96902.09;0.0;0.0
21014;487527;2016-03-04;DAP;K17;2220;2220;0;0;0.0;93577.07;93566.32;0.0;0.0;0.0;0.0;0.0;93560.75;0.0;0.0
21015;487528;2016-03-04;DAP;Q18;1740;1740;0;0;0.0;86550.18;86610.31;0.0;0.0;0.0;0.0;0.0;86605.16;0.0;0.0
21016;487529;2016-03-04;DAP;K19;0;0;0;0;0.0;82621.06;82468.34;0.0;0.0;0.0;0.0;0.0;82463.43;0.0;0.0
21017;487530;2016-03-04;DAP;Q20;0;0;0;0;0.0;76389.89;76408.32;0.0;0.0;0.0;0.0;0.0;76403.77;0.0;0.0
21018;487531;2016-03-04;DAP;K21;0;0;0;0;0.0;71949.17;72037.23;0.0;0.0;0.0;0.0;0.0;72032.94;0.0;0.0
21019;487532;2016-03-04;DAP;Q22;0;0;0;0;0.0;65573.46;66026.02;0.0;0.0;0.0;0.0;0.0;66022.09;0.0;0.0
21020;487533;2016-03-04;DAP;K23;0;0;0;0;0.0;62093.94;62486.05;0.0;0.0;0.0;0.0;0.0;62482.33;0.0;0.0
21021;487534;2016-03-04;DAP;K24;0;0;0;0;0.0;58423.67;58797.13;0.0;0.0;0.0;0.0;0.0;58793.63;0.0;0.0
21022;487535;2016-03-04;DAP;Q24;0;0;0;0;0.0;57575.22;57908.82;0.0;0.0;0.0;0.0;0.0;57905.37;0.0;0.0
21023;487536;2016-03-04;DAP;Q26;0;0;0;0;0.0;50335.15;50941.35;0.0;0.0;0.0;0.0;0.0;50938.32;0.0;0.0
21024;487537;2016-03-04;DAP;Q30;0;0;0;0;0.0;38537.02;39493.75;0.0;0.0;0.0;0.0;0.0;39491.4;0.0;0.0
21025;487538;2016-03-07;DAP;H16;0;0;0;0;0.0;99906.67;99921.79;0.0;0.0;0.0;0.0;0.0;99915.83;0.0;0.0
21026;487539;2016-03-07;DAP;J16;0;0;0;0;0.0;99565.51;99578.55;0.0;0.0;0.0;0.0;0.0;99572.61;0.0;0.0
21027;487540;2016-03-07;DAP;K16;0;0;0;0;0.0;99235.05;99245.29;0.0;0.0;0.0;0.0;0.0;99239.37;0.0;0.0
21028;487541;2016-03-07;DAP;Q16;0;0;0;0;0.0;96907.86;96886.71;0.0;0.0;0.0;0.0;0.0;96880.93;0.0;0.0
21029;487542;2016-03-07;DAP;K17;2220;2220;0;0;0.0;93566.32;93409.61;0.0;0.0;0.0;0.0;0.0;93404.03;0.0;0.0
21030;487543;2016-03-07;DAP;Q18;1740;1740;0;0;0.0;86610.31;86155.69;0.0;0.0;0.0;0.0;0.0;86150.55;0.0;0.0
21031;487544;2016-03-07;DAP;K19;0;0;0;0;0.0;82468.34;82096.2;0.0;0.0;0.0;0.0;0.0;82091.3;0.0;0.0
21032;487545;2016-03-07;DAP;Q20;0;0;0;0;0.0;76408.32;75887.6;0.0;0.0;0.0;0.0;0.0;75883.07;0.0;0.0
21033;487546;2016-03-07;DAP;K21;0;0;0;0;0.0;72037.23;71360.61;0.0;0.0;0.0;0.0;0.0;71356.35;0.0;0.0
21034;487547;2016-03-07;DAP;Q22;0;0;0;0;0.0;66026.02;65253.99;0.0;0.0;0.0;0.0;0.0;65250.09;0.0;0.0
21035;487548;2016-03-07;DAP;K23;0;0;0;0;0.0;62486.05;61753.75;0.0;0.0;0.0;0.0;0.0;61750.06;0.0;0.0
21036;487549;2016-03-07;DAP;K24;0;0;0;0;0.0;58797.13;58054.34;0.0;0.0;0.0;0.0;0.0;58050.87;0.0;0.0
21037;487550;2016-03-07;DAP;Q24;0;0;0;0;0.0;57908.82;57198.57;0.0;0.0;0.0;0.0;0.0;57195.16;0.0;0.0
21038;487551;2016-03-07;DAP;Q26;0;0;0;0;0.0;50941.35;50165.53;0.0;0.0;0.0;0.0;0.0;50162.54;0.0;0.0
21039;487552;2016-03-07;DAP;Q30;0;0;0;0;0.0;39493.75;39027.52;0.0;0.0;0.0;0.0;0.0;39025.19;0.0;0.0
21040;487553;2016-03-08;DAP;H16;0;0;0;0;0.0;99921.79;100001.31;0.0;0.0;0.0;0.0;0.0;99931.0;0.0;0.0
21041;487554;2016-03-08;DAP;J16;0;0;0;0;0.0;99578.55;99654.83;0.0;0.0;0.0;0.0;0.0;99584.76;0.0;0.0
21042;487555;2016-03-08;DAP;K16;0;0;0;0;0.0;99245.29;99319.65;0.0;0.0;0.0;0.0;0.0;99249.82;0.0;0.0
21043;487556;2016-03-08;DAP;Q16;0;0;0;0;0.0;96886.71;96916.92;0.0;0.0;0.0;0.0;0.0;96848.78;0.0;0.0
21044;487557;2016-03-08;DAP;K17;2220;2220;0;0;0.0;93409.61;93501.55;0.0;0.0;0.0;0.0;0.0;93435.81;0.0;0.0
21045;487558;2016-03-08;DAP;Q18;1740;1740;0;0;0.0;86155.69;86389.91;0.0;0.0;0.0;0.0;0.0;86329.17;0.0;0.0
21046;487559;2016-03-08;DAP;K19;0;0;0;0;0.0;82096.2;82316.06;0.0;0.0;0.0;0.0;0.0;82258.18;0.0;0.0
21047;487560;2016-03-08;DAP;Q20;0;0;0;0;0.0;75887.6;76113.33;0.0;0.0;0.0;0.0;0.0;76059.81;0.0;0.0
21048;487561;2016-03-08;DAP;K21;0;0;0;0;0.0;71360.61;71875.82;0.0;0.0;0.0;0.0;0.0;71825.28;0.0;0.0
21049;487562;2016-03-08;DAP;Q22;0;0;0;0;0.0;65253.99;65943.74;0.0;0.0;0.0;0.0;0.0;65897.37;0.0;0.0
21050;487563;2016-03-08;DAP;K23;0;0;0;0;0.0;61753.75;62475.19;0.0;0.0;0.0;0.0;0.0;62431.26;0.0;0.0
21051;487564;2016-03-08;DAP;K24;0;0;0;0;0.0;58054.34;58730.79;0.0;0.0;0.0;0.0;0.0;58689.5;0.0;0.0
21052;487565;2016-03-08;DAP;Q24;0;0;0;0;0.0;57198.57;57793.66;0.0;0.0;0.0;0.0;0.0;57753.02;0.0;0.0
21053;487566;2016-03-08;DAP;Q26;0;0;0;0;0.0;50165.53;50851.33;0.0;0.0;0.0;0.0;0.0;50815.58;0.0;0.0
21054;487567;2016-03-08;DAP;Q30;0;0;0;0;0.0;39027.52;39753.28;0.0;0.0;0.0;0.0;0.0;39725.33;0.0;0.0
21055;487568;2016-03-09;DAP;H16;0;0;0;0;0.0;100001.31;99946.22;0.0;0.0;0.0;0.0;0.0;99936.54;0.0;0.0
21056;487569;2016-03-09;DAP;J16;0;0;0;0;0.0;99654.83;99553.59;0.0;0.0;0.0;0.0;0.0;99543.94;0.0;0.0
21057;487570;2016-03-09;DAP;K16;0;0;0;0;0.0;99319.65;99178.19;0.0;0.0;0.0;0.0;0.0;99168.58;0.0;0.0
21058;487571;2016-03-09;DAP;Q16;0;0;0;0;0.0;96916.92;96850.73;0.0;0.0;0.0;0.0;0.0;96841.35;0.0;0.0
21059;487572;2016-03-09;DAP;K17;2220;2220;0;0;0.0;93501.55;93486.96;0.0;0.0;0.0;0.0;0.0;93477.9;0.0;0.0
21060;487573;2016-03-09;DAP;Q18;1740;1740;0;0;0.0;86389.91;86496.39;0.0;0.0;0.0;0.0;0.0;86488.01;0.0;0.0
21061;487574;2016-03-09;DAP;K19;0;0;0;0;0.0;82316.06;82506.61;0.0;0.0;0.0;0.0;0.0;82498.62;0.0;0.0
21062;487575;2016-03-09;DAP;Q20;0;0;0;0;0.0;76113.33;76371.06;0.0;0.0;0.0;0.0;0.0;76363.66;0.0;0.0
21063;487576;2016-03-09;DAP;K21;0;0;0;0;0.0;71875.82;72094.36;0.0;0.0;0.0;0.0;0.0;72087.37;0.0;0.0
21064;487577;2016-03-09;DAP;Q22;0;0;0;0;0.0;65943.74;66198.55;0.0;0.0;0.0;0.0;0.0;66192.14;0.0;0.0
21065;487578;2016-03-09;DAP;K23;0;0;0;0;0.0;62475.19;62746.94;0.0;0.0;0.0;0.0;0.0;62740.86;0.0;0.0
21066;487579;2016-03-09;DAP;K24;0;0;0;0;0.0;58730.79;59024.82;0.0;0.0;0.0;0.0;0.0;59019.1;0.0;0.0
21067;487580;2016-03-09;DAP;Q24;0;0;0;0;0.0;57793.66;58138.59;0.0;0.0;0.0;0.0;0.0;58132.96;0.0;0.0
21068;487581;2016-03-09;DAP;Q26;0;0;0;0;0.0;50851.33;51281.83;0.0;0.0;0.0;0.0;0.0;51276.86;0.0;0.0
21069;487582;2016-03-09;DAP;Q30;0;0;0;0;0.0;39753.28;40170.43;0.0;0.0;0.0;0.0;0.0;40166.54;0.0;0.0
21070;487583;2016-03-10;DAP;H16;0;0;0;0;0.0;99946.22;99964.75;0.0;0.0;0.0;0.0;0.0;99955.04;0.0;0.0
21071;487584;2016-03-10;DAP;J16;0;0;0;0;0.0;99553.59;99578.67;0.0;0.0;0.0;0.0;0.0;99569.0;0.0;0.0
21072;487585;2016-03-10;DAP;K16;0;0;0;0;0.0;99178.19;99209.75;0.0;0.0;0.0;0.0;0.0;99200.12;0.0;0.0
21073;487586;2016-03-10;DAP;Q16;0;0;0;0;0.0;96850.73;96925.78;0.0;0.0;0.0;0.0;0.0;96916.37;0.0;0.0
21074;487587;2016-03-10;DAP;K17;2220;2220;0;0;0.0;93486.96;93632.46;0.0;0.0;0.0;0.0;0.0;93623.37;0.0;0.0
21075;487588;2016-03-10;DAP;Q18;1740;1740;0;0;0.0;86496.39;86615.67;0.0;0.0;0.0;0.0;0.0;86607.26;0.0;0.0
21076;487589;2016-03-10;DAP;K19;0;0;0;0;0.0;82506.61;82673.73;0.0;0.0;0.0;0.0;0.0;82665.7;0.0;0.0
21077;487590;2016-03-10;DAP;Q20;0;0;0;0;0.0;76371.06;76612.16;0.0;0.0;0.0;0.0;0.0;76604.72;0.0;0.0
21078;487591;2016-03-10;DAP;K21;0;0;0;0;0.0;72094.36;72287.21;0.0;0.0;0.0;0.0;0.0;72280.19;0.0;0.0
21079;487592;2016-03-10;DAP;Q22;0;0;0;0;0.0;66198.55;66494.52;0.0;0.0;0.0;0.0;0.0;66488.06;0.0;0.0
21080;487593;2016-03-10;DAP;K23;0;0;0;0;0.0;62746.94;63015.77;0.0;0.0;0.0;0.0;0.0;63009.65;0.0;0.0
21081;487594;2016-03-10;DAP;K24;0;0;0;0;0.0;59024.82;59356.22;0.0;0.0;0.0;0.0;0.0;59350.46;0.0;0.0
21082;487595;2016-03-10;DAP;Q24;0;0;0;0;0.0;58138.59;58474.94;0.0;0.0;0.0;0.0;0.0;58469.26;0.0;0.0
21083;487596;2016-03-10;DAP;Q26;0;0;0;0;0.0;51281.83;51545.73;0.0;0.0;0.0;0.0;0.0;51540.73;0.0;0.0
21084;487597;2016-03-10;DAP;Q30;0;0;0;0;0.0;40170.43;40507.17;0.0;0.0;0.0;0.0;0.0;40503.24;0.0;0.0
21085;487598;2016-03-11;DAP;H16;0;0;0;0;0.0;99964.75;99983.03;0.0;0.0;0.0;0.0;0.0;99973.08;0.0;0.0
21086;487599;2016-03-11;DAP;J16;0;0;0;0;0.0;99578.67;99605.2;0.0;0.0;0.0;0.0;0.0;99595.29;0.0;0.0
21087;487600;2016-03-11;DAP;K16;0;0;0;0;0.0;99209.75;99244.27;0.0;0.0;0.0;0.0;0.0;99234.4;0.0;0.0
21088;487601;2016-03-11;DAP;Q16;0;0;0;0;0.0;96925.78;97023.51;0.0;0.0;0.0;0.0;0.0;97013.86;0.0;0.0
21089;487602;2016-03-11;DAP;K17;2220;2220;0;0;0.0;93632.46;93839.86;0.0;0.0;0.0;0.0;0.0;93830.52;0.0;0.0
21090;487603;2016-03-11;DAP;Q18;1740;1740;0;0;0.0;86615.67;86992.46;0.0;0.0;0.0;0.0;0.0;86983.81;0.0;0.0
21091;487604;2016-03-11;DAP;K19;0;0;0;0;0.0;82673.73;83038.08;0.0;0.0;0.0;0.0;0.0;83029.82;0.0;0.0
21092;487605;2016-03-11;DAP;Q20;0;0;0;0;0.0;76612.16;77077.97;0.0;0.0;0.0;0.0;0.0;77070.3;0.0;0.0
21093;487606;2016-03-11;DAP;K21;0;0;0;0;0.0;72287.21;72832.28;0.0;0.0;0.0;0.0;0.0;72825.03;0.0;0.0
21094;487607;2016-03-11;DAP;Q22;0;0;0;0;0.0;66494.52;67113.79;0.0;0.0;0.0;0.0;0.0;67107.11;0.0;0.0
21095;487608;2016-03-11;DAP;K23;0;0;0;0;0.0;63015.77;63455.51;0.0;0.0;0.0;0.0;0.0;63449.2;0.0;0.0
21096;487609;2016-03-11;DAP;K24;0;0;0;0;0.0;59356.22;59735.1;0.0;0.0;0.0;0.0;0.0;59729.16;0.0;0.0
21097;487610;2016-03-11;DAP;Q24;0;0;0;0;0.0;58474.94;58813.26;0.0;0.0;0.0;0.0;0.0;58807.41;0.0;0.0
21098;487611;2016-03-11;DAP;Q26;0;0;0;0;0.0;51545.73;51861.64;0.0;0.0;0.0;0.0;0.0;51856.48;0.0;0.0
21099;487612;2016-03-11;DAP;Q30;0;0;0;0;0.0;40507.17;40902.02;0.0;0.0;0.0;0.0;0.0;40897.95;0.0;0.0
21100;487613;2016-03-14;DAP;H16;0;0;0;0;0.0;99983.03;99999.99;0.0;0.0;0.0;0.0;0.0;99990.24;0.0;0.0
21101;487614;2016-03-14;DAP;J16;0;0;0;0;0.0;99605.2;99622.7;0.0;0.0;0.0;0.0;0.0;99612.99;0.0;0.0
21102;487615;2016-03-14;DAP;K16;0;0;0;0;0.0;99244.27;99263.03;0.0;0.0;0.0;0.0;0.0;99253.35;0.0;0.0
21103;487616;2016-03-14;DAP;Q16;0;0;0;0;0.0;97023.51;97031.37;0.0;0.0;0.0;0.0;0.0;97021.91;0.0;0.0
21104;487617;2016-03-14;DAP;K17;2220;2220;0;0;0.0;93839.86;93829.01;0.0;0.0;0.0;0.0;0.0;93819.86;0.0;0.0
21105;487618;2016-03-14;DAP;Q18;1740;1740;0;0;0.0;86992.46;86972.59;0.0;0.0;0.0;0.0;0.0;86964.11;0.0;0.0
21106;487619;2016-03-14;DAP;K19;0;0;0;0;0.0;83038.08;82934.3;0.0;0.0;0.0;0.0;0.0;82926.21;0.0;0.0
21107;487620;2016-03-14;DAP;Q20;0;0;0;0;0.0;77077.97;76871.97;0.0;0.0;0.0;0.0;0.0;76864.48;0.0;0.0
21108;487621;2016-03-14;DAP;K21;0;0;0;0;0.0;72832.28;72393.32;0.0;0.0;0.0;0.0;0.0;72386.26;0.0;0.0
21109;487622;2016-03-14;DAP;Q22;0;0;0;0;0.0;67113.79;66608.09;0.0;0.0;0.0;0.0;0.0;66601.6;0.0;0.0
21110;487623;2016-03-14;DAP;K23;0;0;0;0;0.0;63455.51;63005.99;0.0;0.0;0.0;0.0;0.0;62999.85;0.0;0.0
21111;487624;2016-03-14;DAP;K24;0;0;0;0;0.0;59735.1;59386.45;0.0;0.0;0.0;0.0;0.0;59380.66;0.0;0.0
21112;487625;2016-03-14;DAP;Q24;0;0;0;0;0.0;58813.26;58504.63;0.0;0.0;0.0;0.0;0.0;58498.93;0.0;0.0
21113;487626;2016-03-14;DAP;Q26;0;0;0;0;0.0;51861.64;51421.21;0.0;0.0;0.0;0.0;0.0;51416.2;0.0;0.0
21114;487627;2016-03-14;DAP;Q30;0;0;0;0;0.0;40902.02;40363.76;0.0;0.0;0.0;0.0;0.0;40359.82;0.0;0.0
21115;487628;2016-03-15;DAP;H16;0;0;0;0;0.0;99999.99;;0.0;0.0;0.0;0.0;0.0;100000.0;0.0;0.0
21116;487629;2016-03-15;DAP;J16;0;0;0;0;0.0;99622.7;99659.44;0.0;0.0;0.0;0.0;0.0;99630.62;0.0;0.0
21117;487630;2016-03-15;DAP;K16;0;0;0;0;0.0;99263.03;99299.37;0.0;0.0;0.0;0.0;0.0;99270.65;0.0;0.0
21118;487631;2016-03-15;DAP;M16;0;0;0;0;0.0;0.0;98554.46;0.0;0.0;0.0;0.0;0.0;98525.96;0.0;0.0
21119;487632;2016-03-15;DAP;Q16;0;0;0;0;0.0;97031.37;97054.6;0.0;0.0;0.0;0.0;0.0;97026.53;0.0;0.0
21120;487633;2016-03-15;DAP;K17;2220;2220;0;0;0.0;93829.01;93774.85;0.0;0.0;0.0;0.0;0.0;93747.73;0.0;0.0
21121;487634;2016-03-15;DAP;Q18;1740;1740;0;0;0.0;86972.59;86693.6;0.0;0.0;0.0;0.0;0.0;86668.53;0.0;0.0
21122;487635;2016-03-15;DAP;K19;0;0;0;0;0.0;82934.3;82577.89;0.0;0.0;0.0;0.0;0.0;82554.01;0.0;0.0
21123;487636;2016-03-15;DAP;Q20;0;0;0;0;0.0;76871.97;76333.14;0.0;0.0;0.0;0.0;0.0;76311.06;0.0;0.0
21124;487637;2016-03-15;DAP;K21;0;0;0;0;0.0;72393.32;71798.86;0.0;0.0;0.0;0.0;0.0;71778.09;0.0;0.0
21125;487638;2016-03-15;DAP;Q22;0;0;0;0;0.0;66608.09;65764.82;0.0;0.0;0.0;0.0;0.0;65745.8;0.0;0.0
21126;487639;2016-03-15;DAP;K23;0;0;0;0;0.0;63005.99;62073.7;0.0;0.0;0.0;0.0;0.0;62055.75;0.0;0.0
21127;487640;2016-03-15;DAP;K24;0;0;0;0;0.0;59386.45;58248.49;0.0;0.0;0.0;0.0;0.0;58231.64;0.0;0.0
21128;487641;2016-03-15;DAP;Q24;0;0;0;0;0.0;58504.63;57347.27;0.0;0.0;0.0;0.0;0.0;57330.68;0.0;0.0
21129;487642;2016-03-15;DAP;Q26;0;0;0;0;0.0;51421.21;50207.43;0.0;0.0;0.0;0.0;0.0;50192.91;0.0;0.0
21130;487643;2016-03-15;DAP;Q30;0;0;0;0;0.0;40363.76;38992.3;0.0;0.0;0.0;0.0;0.0;38981.02;0.0;0.0
21131;487644;2016-03-16;DAP;J16;0;0;0;0;0.0;99659.44;99680.99;0.0;0.0;0.0;0.0;0.0;99652.16;0.0;0.0
21132;487645;2016-03-16;DAP;K16;0;0;0;0;0.0;99299.37;99324.42;0.0;0.0;0.0;0.0;0.0;99295.69;0.0;0.0
21133;487646;2016-03-16;DAP;M16;0;0;0;0;0.0;98554.46;98589.13;0.0;0.0;0.0;0.0;0.0;98560.62;0.0;0.0
21134;487647;2016-03-16;DAP;Q16;0;0;0;0;0.0;97054.6;97108.61;0.0;0.0;0.0;0.0;0.0;97080.52;0.0;0.0
21135;487648;2016-03-16;DAP;K17;2220;2220;0;0;0.0;93774.85;93928.95;0.0;0.0;0.0;0.0;0.0;93901.78;0.0;0.0
21136;487649;2016-03-16;DAP;Q18;1740;1740;0;0;0.0;86693.6;86910.86;0.0;0.0;0.0;0.0;0.0;86885.72;0.0;0.0
21137;487650;2016-03-16;DAP;K19;0;0;0;0;0.0;82577.89;82744.4;0.0;0.0;0.0;0.0;0.0;82720.47;0.0;0.0
21138;487651;2016-03-16;DAP;Q20;0;0;0;0;0.0;76333.14;76446.61;0.0;0.0;0.0;0.0;0.0;76424.5;0.0;0.0
21139;487652;2016-03-16;DAP;K21;0;0;0;0;0.0;71798.86;71886.47;0.0;0.0;0.0;0.0;0.0;71865.68;0.0;0.0
21140;487653;2016-03-16;DAP;Q22;0;0;0;0;0.0;65764.82;65663.99;0.0;0.0;0.0;0.0;0.0;65645.0;0.0;0.0
21141;487654;2016-03-16;DAP;K23;0;0;0;0;0.0;62073.7;61924.89;0.0;0.0;0.0;0.0;0.0;61906.98;0.0;0.0
21142;487655;2016-03-16;DAP;K24;0;0;0;0;0.0;58248.49;58087.05;0.0;0.0;0.0;0.0;0.0;58070.25;0.0;0.0
21143;487656;2016-03-16;DAP;Q24;0;0;0;0;0.0;57347.27;57137.92;0.0;0.0;0.0;0.0;0.0;57121.39;0.0;0.0
21144;487657;2016-03-16;DAP;Q26;0;0;0;0;0.0;50207.43;49977.27;0.0;0.0;0.0;0.0;0.0;49962.82;0.0;0.0
21145;487658;2016-03-16;DAP;Q30;0;0;0;0;0.0;38992.3;39002.44;0.0;0.0;0.0;0.0;0.0;38991.16;0.0;0.0
21146;487659;2016-03-17;DAP;J16;0;0;0;0;0.0;99680.78;99700.57;0.0;0.0;0.0;0.0;0.0;99671.73;0.0;0.0
21147;487660;2016-03-17;DAP;K16;0;0;0;0;0.0;99324.21;99349.1;0.0;0.0;0.0;0.0;0.0;99320.36;0.0;0.0
21148;487661;2016-03-17;DAP;M16;0;0;0;0;0.0;98588.93;98621.2;0.0;0.0;0.0;0.0;0.0;98592.67;0.0;0.0
21149;487662;2016-03-17;DAP;Q16;0;0;0;0;0.0;97108.4;97154.7;0.0;0.0;0.0;0.0;0.0;97126.59;0.0;0.0
21150;487663;2016-03-17;DAP;K17;2220;2220;0;0;0.0;93928.75;94062.01;0.0;0.0;0.0;0.0;0.0;94034.8;0.0;0.0
21151;487664;2016-03-17;DAP;Q18;1740;1740;0;0;0.0;86910.67;87306.19;0.0;0.0;0.0;0.0;0.0;87280.93;0.0;0.0
21152;487665;2016-03-17;DAP;K19;0;0;0;0;0.0;82744.23;83377.85;0.0;0.0;0.0;0.0;0.0;83353.73;0.0;0.0
21153;487666;2016-03-17;DAP;Q20;0;0;0;0;0.0;76446.45;77421.25;0.0;0.0;0.0;0.0;0.0;77398.85;0.0;0.0
21154;487667;2016-03-17;DAP;K21;0;0;0;0;0.0;71886.32;73093.62;0.0;0.0;0.0;0.0;0.0;73072.47;0.0;0.0
21155;487668;2016-03-17;DAP;Q22;0;0;0;0;0.0;65663.85;66951.6;0.0;0.0;0.0;0.0;0.0;66932.23;0.0;0.0
21156;487669;2016-03-17;DAP;K23;0;0;0;0;0.0;61924.76;63319.9;0.0;0.0;0.0;0.0;0.0;63301.58;0.0;0.0
21157;487670;2016-03-17;DAP;K24;0;0;0;0;0.0;58086.93;59533.8;0.0;0.0;0.0;0.0;0.0;59516.58;0.0;0.0
21158;487671;2016-03-17;DAP;Q24;0;0;0;0;0.0;57137.8;58606.44;0.0;0.0;0.0;0.0;0.0;58589.48;0.0;0.0
21159;487672;2016-03-17;DAP;Q26;0;0;0;0;0.0;49977.17;51620.87;0.0;0.0;0.0;0.0;0.0;51605.94;0.0;0.0
21160;487673;2016-03-17;DAP;Q30;0;0;0;0;0.0;39002.36;40839.92;0.0;0.0;0.0;0.0;0.0;40828.1;0.0;0.0
21161;487674;2016-03-18;DAP;J16;0;0;0;0;0.0;99700.57;99719.86;0.0;0.0;0.0;0.0;0.0;99691.0;0.0;0.0
21162;487675;2016-03-18;DAP;K16;0;0;0;0;0.0;99349.1;99370.47;0.0;0.0;0.0;0.0;0.0;99341.71;0.0;0.0
21163;487676;2016-03-18;DAP;M16;0;0;0;0;0.0;98621.2;98646.34;0.0;0.0;0.0;0.0;0.0;98617.79;0.0;0.0
21164;487677;2016-03-18;DAP;Q16;0;0;0;0;0.0;97154.7;97185.65;0.0;0.0;0.0;0.0;0.0;97157.52;0.0;0.0
21165;487678;2016-03-18;DAP;K17;2220;2220;0;0;0.0;94062.01;94061.52;0.0;0.0;0.0;0.0;0.0;94034.3;0.0;0.0
21166;487679;2016-03-18;DAP;Q18;1740;1740;0;0;0.0;87306.19;87365.39;0.0;0.0;0.0;0.0;0.0;87340.11;0.0;0.0
21167;487680;2016-03-18;DAP;K19;0;0;0;0;0.0;83377.85;83421.72;0.0;0.0;0.0;0.0;0.0;83397.58;0.0;0.0
21168;487681;2016-03-18;DAP;Q20;0;0;0;0;0.0;77421.25;77664.21;0.0;0.0;0.0;0.0;0.0;77641.73;0.0;0.0
21169;487682;2016-03-18;DAP;K21;0;0;0;0;0.0;73093.62;73465.26;0.0;0.0;0.0;0.0;0.0;73444.0;0.0;0.0
21170;487683;2016-03-18;DAP;Q22;0;0;0;0;0.0;66951.6;67451.86;0.0;0.0;0.0;0.0;0.0;67432.34;0.0;0.0
21171;487684;2016-03-18;DAP;K23;0;0;0;0;0.0;63319.9;63845.79;0.0;0.0;0.0;0.0;0.0;63827.31;0.0;0.0
21172;487685;2016-03-18;DAP;K24;0;0;0;0;0.0;59533.8;60049.92;0.0;0.0;0.0;0.0;0.0;60032.54;0.0;0.0
21173;487686;2016-03-18;DAP;Q24;0;0;0;0;0.0;58606.44;59130.28;0.0;0.0;0.0;0.0;0.0;59113.17;0.0;0.0
21174;487687;2016-03-18;DAP;Q26;0;0;0;0;0.0;51620.87;52037.84;0.0;0.0;0.0;0.0;0.0;52022.78;0.0;0.0
21175;487688;2016-03-18;DAP;Q30;0;0;0;0;0.0;40839.92;41237.47;0.0;0.0;0.0;0.0;0.0;41225.54;0.0;0.0
21176;487689;2016-03-21;DAP;J16;0;0;0;0;0.0;99719.86;99737.95;0.0;0.0;0.0;0.0;0.0;99709.29;0.0;0.0
21177;487690;2016-03-21;DAP;K16;0;0;0;0;0.0;99370.47;99389.97;0.0;0.0;0.0;0.0;0.0;99361.41;0.0;0.0
21178;487691;2016-03-21;DAP;M16;0;0;0;0;0.0;98646.34;98666.85;0.0;0.0;0.0;0.0;0.0;98638.5;0.0;0.0
21179;487692;2016-03-21;DAP;Q16;0;0;0;0;0.0;97185.65;97208.99;0.0;0.0;0.0;0.0;0.0;97181.06;0.0;0.0
21180;487693;2016-03-21;DAP;K17;2220;2220;0;0;0.0;94061.52;94040.6;0.0;0.0;0.0;0.0;0.0;94013.58;0.0;0.0
21181;487694;2016-03-21;DAP;Q18;1740;1740;0;0;0.0;87365.39;87365.04;0.0;0.0;0.0;0.0;0.0;87339.94;0.0;0.0
21182;487695;2016-03-21;DAP;K19;0;0;0;0;0.0;83421.72;83465.37;0.0;0.0;0.0;0.0;0.0;83441.39;0.0;0.0
21183;487696;2016-03-21;DAP;Q20;0;0;0;0;0.0;77664.21;77778.44;0.0;0.0;0.0;0.0;0.0;77756.09;0.0;0.0
21184;487697;2016-03-21;DAP;K21;0;0;0;0;0.0;73465.26;73695.87;0.0;0.0;0.0;0.0;0.0;73674.7;0.0;0.0
21185;487698;2016-03-21;DAP;Q22;0;0;0;0;0.0;67451.86;67833.42;0.0;0.0;0.0;0.0;0.0;67813.93;0.0;0.0
21186;487699;2016-03-21;DAP;K23;0;0;0;0;0.0;63845.79;64375.92;0.0;0.0;0.0;0.0;0.0;64357.42;0.0;0.0
21187;487700;2016-03-21;DAP;K24;0;0;0;0;0.0;60049.92;60616.61;0.0;0.0;0.0;0.0;0.0;60599.19;0.0;0.0
21188;487701;2016-03-21;DAP;Q24;0;0;0;0;0.0;59130.28;59658.73;0.0;0.0;0.0;0.0;0.0;59641.59;0.0;0.0
21189;487702;2016-03-21;DAP;Q26;0;0;0;0;0.0;52037.84;52560.42;0.0;0.0;0.0;0.0;0.0;52545.32;0.0;0.0
21190;487703;2016-03-21;DAP;Q30;0;0;0;0;0.0;41237.47;41582.71;0.0;0.0;0.0;0.0;0.0;41570.76;0.0;0.0
21191;487704;2016-03-22;DAP;J16;0;0;0;0;0.0;99737.95;99756.89;0.0;0.0;0.0;0.0;0.0;99728.01;0.0;0.0
21192;487705;2016-03-22;DAP;K16;0;0;0;0;0.0;99389.97;99412.53;0.0;0.0;0.0;0.0;0.0;99383.75;0.0;0.0
21193;487706;2016-03-22;DAP;M16;0;0;0;0;0.0;98666.85;98694.27;0.0;0.0;0.0;0.0;0.0;98665.7;0.0;0.0
21194;487707;2016-03-22;DAP;Q16;0;0;0;0;0.0;97208.99;97247.35;0.0;0.0;0.0;0.0;0.0;97219.2;0.0;0.0
21195;487708;2016-03-22;DAP;K17;2220;2220;0;0;0.0;94040.6;94091.42;0.0;0.0;0.0;0.0;0.0;94064.18;0.0;0.0
21196;487709;2016-03-22;DAP;Q18;1740;1740;0;0;0.0;87365.04;87444.06;0.0;0.0;0.0;0.0;0.0;87418.74;0.0;0.0
21197;487710;2016-03-22;DAP;K19;0;0;0;0;0.0;83465.37;83731.27;0.0;0.0;0.0;0.0;0.0;83707.03;0.0;0.0
21198;487711;2016-03-22;DAP;Q20;0;0;0;0;0.0;77778.44;78119.25;0.0;0.0;0.0;0.0;0.0;78096.63;0.0;0.0
21199;487712;2016-03-22;DAP;K21;0;0;0;0;0.0;73695.87;74393.18;0.0;0.0;0.0;0.0;0.0;74371.64;0.0;0.0
21200;487713;2016-03-22;DAP;Q22;0;0;0;0;0.0;67833.42;68586.91;0.0;0.0;0.0;0.0;0.0;68567.05;0.0;0.0
21201;487714;2016-03-22;DAP;K23;0;0;0;0;0.0;64375.92;65128.32;0.0;0.0;0.0;0.0;0.0;65109.46;0.0;0.0
21202;487715;2016-03-22;DAP;K24;0;0;0;0;0.0;60616.61;61422.93;0.0;0.0;0.0;0.0;0.0;61405.15;0.0;0.0
21203;487716;2016-03-22;DAP;Q24;0;0;0;0;0.0;59658.73;60477.26;0.0;0.0;0.0;0.0;0.0;60459.75;0.0;0.0
21204;487717;2016-03-22;DAP;Q26;0;0;0;0;0.0;52560.42;53452.44;0.0;0.0;0.0;0.0;0.0;53436.96;0.0;0.0
21205;487718;2016-03-22;DAP;Q30;0;0;0;0;0.0;41582.71;42443.71;0.0;0.0;0.0;0.0;0.0;42431.42;0.0;0.0
21206;487719;2016-03-23;DAP;J16;0;0;0;0;0.0;99756.89;99788.1;0.0;0.0;0.0;0.0;0.0;99743.38;0.0;0.0
21207;487720;2016-03-23;DAP;K16;0;0;0;0;0.0;99412.53;99440.85;0.0;0.0;0.0;0.0;0.0;99396.28;0.0;0.0
21208;487721;2016-03-23;DAP;M16;0;0;0;0;0.0;98694.27;98709.65;0.0;0.0;0.0;0.0;0.0;98665.41;0.0;0.0
21209;487722;2016-03-23;DAP;Q16;0;0;0;0;0.0;97247.35;97236.03;0.0;0.0;0.0;0.0;0.0;97192.45;0.0;0.0
21210;487723;2016-03-23;DAP;K17;2220;2220;0;0;0.0;94091.42;93944.53;0.0;0.0;0.0;0.0;0.0;93902.42;0.0;0.0
21211;487724;2016-03-23;DAP;Q18;1740;1740;0;0;0.0;87444.06;86947.3;0.0;0.0;0.0;0.0;0.0;86908.33;0.0;0.0
21212;487725;2016-03-23;DAP;K19;0;0;0;0;0.0;83731.27;83198.38;0.0;0.0;0.0;0.0;0.0;83161.09;0.0;0.0
21213;487726;2016-03-23;DAP;Q20;0;0;0;0;0.0;78119.25;77249.47;0.0;0.0;0.0;0.0;0.0;77214.85;0.0;0.0
21214;487727;2016-03-23;DAP;K21;0;0;0;0;0.0;74393.18;73565.02;0.0;0.0;0.0;0.0;0.0;73532.05;0.0;0.0
21215;487728;2016-03-23;DAP;Q22;0;0;0;0;0.0;68586.91;67674.11;0.0;0.0;0.0;0.0;0.0;67643.78;0.0;0.0
21216;487729;2016-03-23;DAP;K23;0;0;0;0;0.0;65128.32;64203.18;0.0;0.0;0.0;0.0;0.0;64174.4;0.0;0.0
21217;487730;2016-03-23;DAP;K24;0;0;0;0;0.0;61422.93;60379.55;0.0;0.0;0.0;0.0;0.0;60352.49;0.0;0.0
21218;487731;2016-03-23;DAP;Q24;0;0;0;0;0.0;60477.26;59463.47;0.0;0.0;0.0;0.0;0.0;59436.82;0.0;0.0
21219;487732;2016-03-23;DAP;Q26;0;0;0;0;0.0;53452.44;52441.31;0.0;0.0;0.0;0.0;0.0;52417.81;0.0;0.0
21220;487733;2016-03-23;DAP;Q30;0;0;0;0;0.0;42443.71;41441.61;0.0;0.0;0.0;0.0;0.0;41423.04;0.0;0.0
21221;487734;2016-03-24;DAP;J16;0;0;0;0;0.0;99788.1;99576.47;0.0;0.0;0.0;0.0;0.0;99545.69;0.0;0.0
21222;487735;2016-03-24;DAP;K16;0;0;0;0;0.0;99440.85;98976.29;0.0;0.0;0.0;0.0;0.0;98945.7;0.0;0.0
21223;487736;2016-03-24;DAP;M16;0;0;0;0;0.0;98709.65;98385.35;0.0;0.0;0.0;0.0;0.0;98354.94;0.0;0.0
21224;487737;2016-03-24;DAP;Q16;0;0;0;0;0.0;97236.03;97186.26;0.0;0.0;0.0;0.0;0.0;97156.22;0.0;0.0
21225;487738;2016-03-24;DAP;K17;2220;2220;0;0;0.0;93944.53;93811.59;0.0;0.0;0.0;0.0;0.0;93782.59;0.0;0.0
21226;487739;2016-03-24;DAP;Q18;1740;1740;0;0;0.0;86947.3;86546.93;0.0;0.0;0.0;0.0;0.0;86520.18;0.0;0.0
21227;487740;2016-03-24;DAP;K19;0;0;0;0;0.0;83198.38;82743.83;0.0;0.0;0.0;0.0;0.0;82718.25;0.0;0.0
21228;487741;2016-03-24;DAP;Q20;0;0;0;0;0.0;77249.47;76685.63;0.0;0.0;0.0;0.0;0.0;76661.93;0.0;0.0
21229;487742;2016-03-24;DAP;K21;0;0;0;0;0.0;73565.02;73043.03;0.0;0.0;0.0;0.0;0.0;73020.45;0.0;0.0
21230;487743;2016-03-24;DAP;Q22;0;0;0;0;0.0;67674.11;67116.71;0.0;0.0;0.0;0.0;0.0;67095.96;0.0;0.0
21231;487744;2016-03-24;DAP;K23;0;0;0;0;0.0;64203.18;63613.43;0.0;0.0;0.0;0.0;0.0;63593.77;0.0;0.0
21232;487745;2016-03-24;DAP;K24;0;0;0;0;0.0;60379.55;59791.99;0.0;0.0;0.0;0.0;0.0;59773.51;0.0;0.0
21233;487746;2016-03-24;DAP;Q24;0;0;0;0;0.0;59463.47;58866.22;0.0;0.0;0.0;0.0;0.0;58848.02;0.0;0.0
21234;487747;2016-03-24;DAP;Q26;0;0;0;0;0.0;52441.31;51737.48;0.0;0.0;0.0;0.0;0.0;51721.49;0.0;0.0
21235;487748;2016-03-24;DAP;Q30;0;0;0;0;0.0;41441.61;41001.61;0.0;0.0;0.0;0.0;0.0;40988.94;0.0;0.0
21236;487749;2016-03-28;DAP;J16;0;0;0;0;0.0;99576.47;99606.42;0.0;0.0;0.0;0.0;0.0;99575.4;0.0;0.0
21237;487750;2016-03-28;DAP;K16;0;0;0;0;0.0;98976.29;99005.26;0.0;0.0;0.0;0.0;0.0;98974.43;0.0;0.0
21238;487751;2016-03-28;DAP;M16;0;0;0;0;0.0;98385.35;98410.74;0.0;0.0;0.0;0.0;0.0;98380.09;0.0;0.0
21239;487752;2016-03-28;DAP;Q16;0;0;0;0;0.0;97186.26;97207.78;0.0;0.0;0.0;0.0;0.0;97177.51;0.0;0.0
21240;487753;2016-03-28;DAP;K17;2220;2220;0;0;0.0;93811.59;93842.92;0.0;0.0;0.0;0.0;0.0;93813.7;0.0;0.0
21241;487754;2016-03-28;DAP;Q18;1740;1740;0;0;0.0;86546.93;86703.71;0.0;0.0;0.0;0.0;0.0;86676.71;0.0;0.0
21242;487755;2016-03-28;DAP;K19;0;0;0;0;0.0;82743.83;83152.85;0.0;0.0;0.0;0.0;0.0;83126.96;0.0;0.0
21243;487756;2016-03-28;DAP;Q20;0;0;0;0;0.0;76685.63;77243.24;0.0;0.0;0.0;0.0;0.0;77219.19;0.0;0.0
21244;487757;2016-03-28;DAP;K21;0;0;0;0;0.0;73043.03;73802.92;0.0;0.0;0.0;0.0;0.0;73779.94;0.0;0.0
21245;487758;2016-03-28;DAP;Q22;0;0;0;0;0.0;67116.71;67900.66;0.0;0.0;0.0;0.0;0.0;67879.52;0.0;0.0
21246;487759;2016-03-28;DAP;K23;0;0;0;0;0.0;63613.43;64440.79;0.0;0.0;0.0;0.0;0.0;64420.72;0.0;0.0
21247;487760;2016-03-28;DAP;K24;0;0;0;0;0.0;59791.99;60677.52;0.0;0.0;0.0;0.0;0.0;60658.62;0.0;0.0
21248;487761;2016-03-28;DAP;Q24;0;0;0;0;0.0;58866.22;59765.59;0.0;0.0;0.0;0.0;0.0;59746.98;0.0;0.0
21249;487762;2016-03-28;DAP;Q26;0;0;0;0;0.0;51737.48;52664.72;0.0;0.0;0.0;0.0;0.0;52648.32;0.0;0.0
21250;487763;2016-03-28;DAP;Q30;0;0;0;0;0.0;41001.61;41792.79;0.0;0.0;0.0;0.0;0.0;41779.78;0.0;0.0
21251;487764;2016-03-29;DAP;J16;0;0;0;0;0.0;99606.42;99635.27;0.0;0.0;0.0;0.0;0.0;99604.24;0.0;0.0
21252;487765;2016-03-29;DAP;K16;0;0;0;0;0.0;99005.26;99030.48;0.0;0.0;0.0;0.0;0.0;98999.64;0.0;0.0
21253;487766;2016-03-29;DAP;M16;0;0;0;0;0.0;98410.74;98428.22;0.0;0.0;0.0;0.0;0.0;98397.57;0.0;0.0
21254;487767;2016-03-29;DAP;Q16;0;0;0;0;0.0;97207.78;97204.91;0.0;0.0;0.0;0.0;0.0;97174.64;0.0;0.0
21255;487768;2016-03-29;DAP;K17;2220;2220;0;0;0.0;93842.92;93774.46;0.0;0.0;0.0;0.0;0.0;93745.26;0.0;0.0
21256;487769;2016-03-29;DAP;Q18;1740;1740;0;0;0.0;86703.71;86627.6;0.0;0.0;0.0;0.0;0.0;86600.62;0.0;0.0
21257;487770;2016-03-29;DAP;K19;0;0;0;0;0.0;83152.85;83123.77;0.0;0.0;0.0;0.0;0.0;83097.89;0.0;0.0
21258;487771;2016-03-29;DAP;Q20;0;0;0;0;0.0;77243.24;77261.36;0.0;0.0;0.0;0.0;0.0;77237.3;0.0;0.0
21259;487772;2016-03-29;DAP;K21;0;0;0;0;0.0;73802.92;73784.83;0.0;0.0;0.0;0.0;0.0;73761.85;0.0;0.0
21260;487773;2016-03-29;DAP;Q22;0;0;0;0;0.0;67900.66;67998.38;0.0;0.0;0.0;0.0;0.0;67977.21;0.0;0.0
21261;487774;2016-03-29;DAP;K23;0;0;0;0;0.0;64440.79;64542.67;0.0;0.0;0.0;0.0;0.0;64522.57;0.0;0.0
21262;487775;2016-03-29;DAP;K24;0;0;0;0;0.0;60677.52;60923.71;0.0;0.0;0.0;0.0;0.0;60904.74;0.0;0.0
21263;487776;2016-03-29;DAP;Q24;0;0;0;0;0.0;59765.59;60015.37;0.0;0.0;0.0;0.0;0.0;59996.68;0.0;0.0
21264;487777;2016-03-29;DAP;Q26;0;0;0;0;0.0;52664.72;52883.15;0.0;0.0;0.0;0.0;0.0;52866.68;0.0;0.0
21265;487778;2016-03-29;DAP;Q30;0;0;0;0;0.0;41792.79;42085.65;0.0;0.0;0.0;0.0;0.0;42072.54;0.0;0.0
21266;487779;2016-03-30;DAP;J16;0;0;0;0;0.0;99635.27;99663.04;0.0;0.0;0.0;0.0;0.0;99631.99;0.0;0.0
21267;487780;2016-03-30;DAP;K16;0;0;0;0;0.0;99030.48;99053.68;0.0;0.0;0.0;0.0;0.0;99022.82;0.0;0.0
21268;487781;2016-03-30;DAP;M16;0;0;0;0;0.0;98428.22;98430.81;0.0;0.0;0.0;0.0;0.0;98400.15;0.0;0.0
21269;487782;2016-03-30;DAP;Q16;0;0;0;0;0.0;97204.91;97168.4;0.0;0.0;0.0;0.0;0.0;97138.13;0.0;0.0
21270;487783;2016-03-30;DAP;K17;2220;2220;0;0;0.0;93774.46;93647.46;0.0;0.0;0.0;0.0;0.0;93618.29;0.0;0.0
21271;487784;2016-03-30;DAP;Q18;1740;1740;0;0;0.0;86627.6;86359.34;0.0;0.0;0.0;0.0;0.0;86332.44;0.0;0.0
21272;487785;2016-03-30;DAP;K19;0;0;0;0;0.0;83123.77;82804.04;0.0;0.0;0.0;0.0;0.0;82778.25;0.0;0.0
21273;487786;2016-03-30;DAP;Q20;0;0;0;0;0.0;77261.36;76899.09;0.0;0.0;0.0;0.0;0.0;76875.14;0.0;0.0
21274;487787;2016-03-30;DAP;K21;0;0;0;0;0.0;73784.83;73061.61;0.0;0.0;0.0;0.0;0.0;73038.85;0.0;0.0
21275;487788;2016-03-30;DAP;Q22;0;0;0;0;0.0;67998.38;67207.08;0.0;0.0;0.0;0.0;0.0;67186.14;0.0;0.0
21276;487789;2016-03-30;DAP;K23;0;0;0;0;0.0;64542.67;64044.38;0.0;0.0;0.0;0.0;0.0;64024.43;0.0;0.0
21277;487790;2016-03-30;DAP;K24;0;0;0;0;0.0;60923.71;60339.28;0.0;0.0;0.0;0.0;0.0;60320.48;0.0;0.0
21278;487791;2016-03-30;DAP;Q24;0;0;0;0;0.0;60015.37;59467.44;0.0;0.0;0.0;0.0;0.0;59448.92;0.0;0.0
21279;487792;2016-03-30;DAP;Q26;0;0;0;0;0.0;52883.15;52384.07;0.0;0.0;0.0;0.0;0.0;52367.75;0.0;0.0
21280;487793;2016-03-30;DAP;Q30;0;0;0;0;0.0;42085.65;41869.39;0.0;0.0;0.0;0.0;0.0;41856.35;0.0;0.0
21281;487794;2016-03-31;DAP;J16;0;0;0;0;0.0;99663.04;99691.65;0.0;0.0;0.0;0.0;0.0;99660.6;0.0;0.0
21282;487795;2016-03-31;DAP;K16;0;0;0;0;0.0;99053.68;99077.31;0.0;0.0;0.0;0.0;0.0;99046.45;0.0;0.0
21283;487796;2016-03-31;DAP;M16;0;0;0;0;0.0;98430.81;98438.2;0.0;0.0;0.0;0.0;0.0;98407.54;0.0;0.0
21284;487797;2016-03-31;DAP;Q16;0;0;0;0;0.0;97168.4;97143.52;0.0;0.0;0.0;0.0;0.0;97113.26;0.0;0.0
21285;487798;2016-03-31;DAP;K17;2220;2220;0;0;0.0;93647.46;93502.25;0.0;0.0;0.0;0.0;0.0;93473.12;0.0;0.0
21286;487799;2016-03-31;DAP;Q18;1740;1740;0;0;0.0;86359.34;85997.8;0.0;0.0;0.0;0.0;0.0;85971.01;0.0;0.0
21287;487800;2016-03-31;DAP;K19;0;0;0;0;0.0;82804.04;82366.85;0.0;0.0;0.0;0.0;0.0;82341.19;0.0;0.0
21288;487801;2016-03-31;DAP;Q20;0;0;0;0;0.0;76899.09;76288.99;0.0;0.0;0.0;0.0;0.0;76265.23;0.0;0.0
21289;487802;2016-03-31;DAP;K21;0;0;0;0;0.0;73061.61;72313.43;0.0;0.0;0.0;0.0;0.0;72290.9;0.0;0.0
21290;487803;2016-03-31;DAP;Q22;0;0;0;0;0.0;67207.08;66546.19;0.0;0.0;0.0;0.0;0.0;66525.46;0.0;0.0
21291;487804;2016-03-31;DAP;K23;0;0;0;0;0.0;64044.38;63593.34;0.0;0.0;0.0;0.0;0.0;63573.53;0.0;0.0
21292;487805;2016-03-31;DAP;K24;0;0;0;0;0.0;60339.28;59943.35;0.0;0.0;0.0;0.0;0.0;59924.68;0.0;0.0
21293;487806;2016-03-31;DAP;Q24;0;0;0;0;0.0;59467.44;59064.24;0.0;0.0;0.0;0.0;0.0;59045.84;0.0;0.0
21294;487807;2016-03-31;DAP;Q26;0;0;0;0;0.0;52384.07;51940.96;0.0;0.0;0.0;0.0;0.0;51924.78;0.0;0.0
21295;487808;2016-03-31;DAP;Q30;0;0;0;0;0.0;41869.39;41542.42;0.0;0.0;0.0;0.0;0.0;41529.48;0.0;0.0
21296;487809;2016-04-01;DAP;J16;0;0;0;0;0.0;99691.65;99722.83;0.0;0.0;0.0;0.0;0.0;99691.77;0.0;0.0
21297;487810;2016-04-01;DAP;K16;0;0;0;0;0.0;99077.31;99109.03;0.0;0.0;0.0;0.0;0.0;99078.16;0.0;0.0
21298;487811;2016-04-01;DAP;M16;0;0;0;0;0.0;98438.2;98474.13;0.0;0.0;0.0;0.0;0.0;98443.46;0.0;0.0
21299;487812;2016-04-01;DAP;Q16;0;0;0;0;0.0;97143.52;97186.9;0.0;0.0;0.0;0.0;0.0;97156.63;0.0;0.0
21300;487813;2016-04-01;DAP;K17;2220;2220;0;0;0.0;93502.25;93642.22;0.0;0.0;0.0;0.0;0.0;93613.05;0.0;0.0
21301;487814;2016-04-01;DAP;Q18;1740;1740;0;0;0.0;85997.8;86306.07;0.0;0.0;0.0;0.0;0.0;86279.19;0.0;0.0
21302;487815;2016-04-01;DAP;K19;0;0;0;0;0.0;82366.85;82699.48;0.0;0.0;0.0;0.0;0.0;82673.72;0.0;0.0
21303;487816;2016-04-01;DAP;Q20;0;0;0;0;0.0;76288.99;76683.89;0.0;0.0;0.0;0.0;0.0;76660.0;0.0;0.0
21304;487817;2016-04-01;DAP;K21;0;0;0;0;0.0;72313.43;72713.29;0.0;0.0;0.0;0.0;0.0;72690.64;0.0;0.0
21305;487818;2016-04-01;DAP;Q22;0;0;0;0;0.0;66546.19;67000.5;0.0;0.0;0.0;0.0;0.0;66979.63;0.0;0.0
21306;487819;2016-04-01;DAP;K23;0;0;0;0;0.0;63593.34;63863.65;0.0;0.0;0.0;0.0;0.0;63843.76;0.0;0.0
21307;487820;2016-04-01;DAP;K24;0;0;0;0;0.0;59943.35;60277.66;0.0;0.0;0.0;0.0;0.0;60258.88;0.0;0.0
21308;487821;2016-04-01;DAP;Q24;0;0;0;0;0.0;59064.24;59403.72;0.0;0.0;0.0;0.0;0.0;59385.22;0.0;0.0
21309;487822;2016-04-01;DAP;Q26;0;0;0;0;0.0;51940.96;52257.56;0.0;0.0;0.0;0.0;0.0;52241.28;0.0;0.0
21310;487823;2016-04-01;DAP;Q30;0;0;0;0;0.0;41542.42;41776.92;0.0;0.0;0.0;0.0;0.0;41763.91;0.0;0.0
21311;487824;2016-04-04;DAP;J16;0;0;0;0;0.0;99722.83;99750.67;0.0;0.0;0.0;0.0;0.0;99719.59;0.0;0.0
21312;487825;2016-04-04;DAP;K16;0;0;0;0;0.0;99109.03;99129.09;0.0;0.0;0.0;0.0;0.0;99098.2;0.0;0.0
21313;487826;2016-04-04;DAP;M16;0;0;0;0;0.0;98474.13;98462.89;0.0;0.0;0.0;0.0;0.0;98432.21;0.0;0.0
21314;487827;2016-04-04;DAP;Q16;0;0;0;0;0.0;97186.9;97113.99;0.0;0.0;0.0;0.0;0.0;97083.73;0.0;0.0
21315;487828;2016-04-04;DAP;K17;2220;2220;0;0;0.0;93642.22;93459.52;0.0;0.0;0.0;0.0;0.0;93430.4;0.0;0.0
21316;487829;2016-04-04;DAP;Q18;1740;1740;0;0;0.0;86306.07;86022.41;0.0;0.0;0.0;0.0;0.0;85995.61;0.0;0.0
21317;487830;2016-04-04;DAP;K19;0;0;0;0;0.0;82699.48;82312.21;0.0;0.0;0.0;0.0;0.0;82286.56;0.0;0.0
21318;487831;2016-04-04;DAP;Q20;0;0;0;0;0.0;76683.89;76170.7;0.0;0.0;0.0;0.0;0.0;76146.96;0.0;0.0
21319;487832;2016-04-04;DAP;K21;0;0;0;0;0.0;72713.29;72177.38;0.0;0.0;0.0;0.0;0.0;72154.89;0.0;0.0
21320;487833;2016-04-04;DAP;Q22;0;0;0;0;0.0;67000.5;66382.47;0.0;0.0;0.0;0.0;0.0;66361.79;0.0;0.0
21321;487834;2016-04-04;DAP;K23;0;0;0;0;0.0;63863.65;63204.66;0.0;0.0;0.0;0.0;0.0;63184.97;0.0;0.0
21322;487835;2016-04-04;DAP;K24;0;0;0;0;0.0;60277.66;59520.86;0.0;0.0;0.0;0.0;0.0;59502.31;0.0;0.0
21323;487836;2016-04-04;DAP;Q24;0;0;0;0;0.0;59403.72;58633.57;0.0;0.0;0.0;0.0;0.0;58615.3;0.0;0.0
21324;487837;2016-04-04;DAP;Q26;0;0;0;0;0.0;52257.56;51565.42;0.0;0.0;0.0;0.0;0.0;51549.35;0.0;0.0
21325;487838;2016-04-04;DAP;Q30;0;0;0;0;0.0;41776.92;41173.09;0.0;0.0;0.0;0.0;0.0;41160.26;0.0;0.0
21326;487839;2016-04-05;DAP;J16;0;0;0;0;0.0;99750.67;99781.5;0.0;0.0;0.0;0.0;0.0;99750.41;0.0;0.0
21327;487840;2016-04-05;DAP;K16;0;0;0;0;0.0;99129.09;99159.04;0.0;0.0;0.0;0.0;0.0;99128.14;0.0;0.0
21328;487841;2016-04-05;DAP;M16;0;0;0;0;0.0;98462.89;98490.48;0.0;0.0;0.0;0.0;0.0;98459.79;0.0;0.0
21329;487842;2016-04-05;DAP;Q16;0;0;0;0;0.0;97113.99;97131.82;0.0;0.0;0.0;0.0;0.0;97101.55;0.0;0.0
21330;487843;2016-04-05;DAP;K17;2220;2220;0;0;0.0;93459.52;93491.99;0.0;0.0;0.0;0.0;0.0;93462.86;0.0;0.0
21331;487844;2016-04-05;DAP;Q18;1740;1740;0;0;0.0;86022.41;86158.33;0.0;0.0;0.0;0.0;0.0;86131.48;0.0;0.0
21332;487845;2016-04-05;DAP;K19;0;0;0;0;0.0;82312.21;82500.1;0.0;0.0;0.0;0.0;0.0;82474.39;0.0;0.0
21333;487846;2016-04-05;DAP;Q20;0;0;0;0;0.0;76170.7;76314.25;0.0;0.0;0.0;0.0;0.0;76290.47;0.0;0.0
21334;487847;2016-04-05;DAP;K21;0;0;0;0;0.0;72177.38;72230.2;0.0;0.0;0.0;0.0;0.0;72207.69;0.0;0.0
21335;487848;2016-04-05;DAP;Q22;0;0;0;0;0.0;66382.47;66438.96;0.0;0.0;0.0;0.0;0.0;66418.26;0.0;0.0
21336;487849;2016-04-05;DAP;K23;0;0;0;0;0.0;63204.66;63179.03;0.0;0.0;0.0;0.0;0.0;63159.34;0.0;0.0
21337;487850;2016-04-05;DAP;K24;0;0;0;0;0.0;59520.86;59536.04;0.0;0.0;0.0;0.0;0.0;59517.49;0.0;0.0
21338;487851;2016-04-05;DAP;Q24;0;0;0;0;0.0;58633.57;58648.49;0.0;0.0;0.0;0.0;0.0;58630.21;0.0;0.0
21339;487852;2016-04-05;DAP;Q26;0;0;0;0;0.0;51565.42;51578.53;0.0;0.0;0.0;0.0;0.0;51562.46;0.0;0.0
21340;487853;2016-04-05;DAP;Q30;0;0;0;0;0.0;41173.09;41183.23;0.0;0.0;0.0;0.0;0.0;41170.4;0.0;0.0
21341;487854;2016-04-06;DAP;J16;0;0;0;0;0.0;99781.5;99811.66;0.0;0.0;0.0;0.0;0.0;99780.55;0.0;0.0
21342;487855;2016-04-06;DAP;K16;0;0;0;0;0.0;99159.04;99186.14;0.0;0.0;0.0;0.0;0.0;99155.22;0.0;0.0
21343;487856;2016-04-06;DAP;M16;0;0;0;0;0.0;98490.48;98502.64;0.0;0.0;0.0;0.0;0.0;98471.94;0.0;0.0
21344;487857;2016-04-06;DAP;Q16;0;0;0;0;0.0;97131.82;97117.6;0.0;0.0;0.0;0.0;0.0;97087.33;0.0;0.0
21345;487858;2016-04-06;DAP;K17;2220;2220;0;0;0.0;93491.99;93495.4;0.0;0.0;0.0;0.0;0.0;93466.26;0.0;0.0
21346;487859;2016-04-06;DAP;Q18;1740;1740;0;0;0.0;86158.33;86142.04;0.0;0.0;0.0;0.0;0.0;86115.19;0.0;0.0
21347;487860;2016-04-06;DAP;K19;0;0;0;0;0.0;82500.1;82424.99;0.0;0.0;0.0;0.0;0.0;82399.3;0.0;0.0
21348;487861;2016-04-06;DAP;Q20;0;0;0;0;0.0;76314.25;76115.32;0.0;0.0;0.0;0.0;0.0;76091.59;0.0;0.0
21349;487862;2016-04-06;DAP;K21;0;0;0;0;0.0;72230.2;72042.22;0.0;0.0;0.0;0.0;0.0;72019.76;0.0;0.0
21350;487863;2016-04-06;DAP;Q22;0;0;0;0;0.0;66438.96;66219.74;0.0;0.0;0.0;0.0;0.0;66199.1;0.0;0.0
21351;487864;2016-04-06;DAP;K23;0;0;0;0;0.0;63179.03;62944.62;0.0;0.0;0.0;0.0;0.0;62925.0;0.0;0.0
21352;487865;2016-04-06;DAP;K24;0;0;0;0;0.0;59536.04;59281.62;0.0;0.0;0.0;0.0;0.0;59263.14;0.0;0.0
21353;487866;2016-04-06;DAP;Q24;0;0;0;0;0.0;58648.49;58389.29;0.0;0.0;0.0;0.0;0.0;58371.09;0.0;0.0
21354;487867;2016-04-06;DAP;Q26;0;0;0;0;0.0;51578.53;51292.73;0.0;0.0;0.0;0.0;0.0;51276.74;0.0;0.0
21355;487868;2016-04-06;DAP;Q30;0;0;0;0;0.0;41183.23;40972.53;0.0;0.0;0.0;0.0;0.0;40959.76;0.0;0.0
21356;487869;2016-04-07;DAP;J16;0;0;0;0;0.0;99811.66;99873.77;0.0;0.0;0.0;0.0;0.0;99812.09;0.0;0.0
21357;487870;2016-04-07;DAP;K16;0;0;0;0;0.0;99186.14;99246.74;0.0;0.0;0.0;0.0;0.0;99185.44;0.0;0.0
21358;487871;2016-04-07;DAP;M16;0;0;0;0;0.0;98502.64;98561.02;0.0;0.0;0.0;0.0;0.0;98500.15;0.0;0.0
21359;487872;2016-04-07;DAP;Q16;0;0;0;0;0.0;97117.6;97172.5;0.0;0.0;0.0;0.0;0.0;97112.48;0.0;0.0
21360;487873;2016-04-07;DAP;K17;2220;2220;0;0;0.0;93495.4;93498.69;0.0;0.0;0.0;0.0;0.0;93440.94;0.0;0.0
21361;487874;2016-04-07;DAP;Q18;1740;1740;0;0;0.0;86142.04;86076.47;0.0;0.0;0.0;0.0;0.0;86023.31;0.0;0.0
21362;487875;2016-04-07;DAP;K19;0;0;0;0;0.0;82424.99;82327.84;0.0;0.0;0.0;0.0;0.0;82276.99;0.0;0.0
21363;487876;2016-04-07;DAP;Q20;0;0;0;0;0.0;76115.32;75971.61;0.0;0.0;0.0;0.0;0.0;75924.69;0.0;0.0
21364;487877;2016-04-07;DAP;K21;0;0;0;0;0.0;72042.22;71979.85;0.0;0.0;0.0;0.0;0.0;71935.39;0.0;0.0
21365;487878;2016-04-07;DAP;Q22;0;0;0;0;0.0;66219.74;66217.86;0.0;0.0;0.0;0.0;0.0;66176.96;0.0;0.0
21366;487879;2016-04-07;DAP;K23;0;0;0;0;0.0;62944.62;63021.96;0.0;0.0;0.0;0.0;0.0;62983.04;0.0;0.0
21367;487880;2016-04-07;DAP;K24;0;0;0;0;0.0;59281.62;59315.02;0.0;0.0;0.0;0.0;0.0;59278.39;0.0;0.0
21368;487881;2016-04-07;DAP;Q24;0;0;0;0;0.0;58389.29;58376.6;0.0;0.0;0.0;0.0;0.0;58340.55;0.0;0.0
21369;487882;2016-04-07;DAP;Q26;0;0;0;0;0.0;51292.73;51222.35;0.0;0.0;0.0;0.0;0.0;51190.71;0.0;0.0
21370;487883;2016-04-07;DAP;Q30;0;0;0;0;0.0;40972.53;41050.33;0.0;0.0;0.0;0.0;0.0;41024.98;0.0;0.0
21371;487884;2016-04-08;DAP;J16;0;0;0;0;0.0;99873.77;99904.35;0.0;0.0;0.0;0.0;0.0;99842.65;0.0;0.0
21372;487885;2016-04-08;DAP;K16;0;0;0;0;0.0;99246.74;99274.32;0.0;0.0;0.0;0.0;0.0;99213.01;0.0;0.0
21373;487886;2016-04-08;DAP;M16;0;0;0;0;0.0;98561.02;98574.47;0.0;0.0;0.0;0.0;0.0;98513.59;0.0;0.0
21374;487887;2016-04-08;DAP;Q16;0;0;0;0;0.0;97172.5;97153.58;0.0;0.0;0.0;0.0;0.0;97093.58;0.0;0.0
21375;487888;2016-04-08;DAP;K17;2220;0;0;0;0.0;93498.69;93531.27;0.0;0.0;0.0;0.0;0.0;93473.5;0.0;0.0
21376;487889;2016-04-08;DAP;Q18;1740;0;0;0;0.0;86076.47;86268.78;0.0;0.0;0.0;0.0;0.0;86215.5;0.0;0.0
21377;487890;2016-04-08;DAP;K19;0;0;0;0;0.0;82327.84;82730.04;0.0;0.0;0.0;0.0;0.0;82678.94;0.0;0.0
21378;487891;2016-04-08;DAP;Q20;0;0;0;0;0.0;75971.61;76425.33;0.0;0.0;0.0;0.0;0.0;76378.13;0.0;0.0
21379;487892;2016-04-08;DAP;K21;0;0;0;0;0.0;71979.85;72618.0;0.0;0.0;0.0;0.0;0.0;72573.15;0.0;0.0
21380;487893;2016-04-08;DAP;Q22;0;0;0;0;0.0;66217.86;67025.43;0.0;0.0;0.0;0.0;0.0;66984.03;0.0;0.0
21381;487894;2016-04-08;DAP;K23;0;0;0;0;0.0;63021.96;63921.17;0.0;0.0;0.0;0.0;0.0;63881.69;0.0;0.0
21382;487895;2016-04-08;DAP;K24;0;0;0;0;0.0;59315.02;60234.25;0.0;0.0;0.0;0.0;0.0;60197.05;0.0;0.0
21383;487896;2016-04-08;DAP;Q24;0;0;0;0;0.0;58376.6;59310.04;0.0;0.0;0.0;0.0;0.0;59273.41;0.0;0.0
21384;487897;2016-04-08;DAP;Q26;0;0;0;0;0.0;51222.35;52035.3;0.0;0.0;0.0;0.0;0.0;52003.16;0.0;0.0
21385;487898;2016-04-08;DAP;Q30;0;0;0;0;0.0;41050.33;41784.11;0.0;0.0;0.0;0.0;0.0;41758.3;0.0;0.0
21386;487899;2016-04-11;DAP;J16;0;0;0;0;0.0;99875.52;99900.48;0.0;0.0;0.0;0.0;0.0;99867.38;0.0;0.0
21387;487900;2016-04-11;DAP;K16;0;0;0;0;0.0;99245.67;99239.8;0.0;0.0;0.0;0.0;0.0;99206.92;0.0;0.0
21388;487901;2016-04-11;DAP;M16;0;0;0;0;0.0;98546.02;98549.16;0.0;0.0;0.0;0.0;0.0;98516.51;0.0;0.0
21389;487902;2016-04-11;DAP;Q16;0;0;0;0;0.0;97125.54;97148.59;0.0;0.0;0.0;0.0;0.0;97116.41;0.0;0.0
21390;487903;2016-04-11;DAP;K17;2220;2220;0;0;0.0;93504.27;93565.68;0.0;0.0;0.0;0.0;0.0;93534.68;0.0;0.0
21391;487904;2016-04-11;DAP;Q18;1740;1740;0;0;0.0;86243.88;86436.33;0.0;0.0;0.0;0.0;0.0;86407.69;0.0;0.0
21392;487905;2016-04-11;DAP;K19;0;0;0;0;0.0;82706.16;82941.98;0.0;0.0;0.0;0.0;0.0;82914.5;0.0;0.0
21393;487906;2016-04-11;DAP;Q20;0;0;0;0;0.0;76403.27;76765.56;0.0;0.0;0.0;0.0;0.0;76740.13;0.0;0.0
21394;487907;2016-04-11;DAP;K21;0;0;0;0;0.0;72597.04;73031.69;0.0;0.0;0.0;0.0;0.0;73007.5;0.0;0.0
21395;487908;2016-04-11;DAP;Q22;0;0;0;0;0.0;67006.08;67582.51;0.0;0.0;0.0;0.0;0.0;67560.12;0.0;0.0
21396;487909;2016-04-11;DAP;K23;0;0;0;0;0.0;63902.72;64472.22;0.0;0.0;0.0;0.0;0.0;64450.86;0.0;0.0
21397;487910;2016-04-11;DAP;K24;0;0;0;0;0.0;60216.87;60827.6;0.0;0.0;0.0;0.0;0.0;60807.45;0.0;0.0
21398;487911;2016-04-11;DAP;Q24;0;0;0;0;0.0;59292.92;59913.2;0.0;0.0;0.0;0.0;0.0;59893.35;0.0;0.0
21399;487912;2016-04-11;DAP;Q26;0;0;0;0;0.0;52020.28;52387.52;0.0;0.0;0.0;0.0;0.0;52370.16;0.0;0.0
21400;487913;2016-04-11;DAP;Q30;0;0;0;0;0.0;41772.05;42007.58;0.0;0.0;0.0;0.0;0.0;41993.66;0.0;0.0
21401;487914;2016-04-12;DAP;J16;0;0;0;0;0.0;99900.48;99933.19;0.0;0.0;0.0;0.0;0.0;99900.3;0.0;0.0
21402;487915;2016-04-12;DAP;K16;0;0;0;0;0.0;99239.8;99270.01;0.0;0.0;0.0;0.0;0.0;99237.34;0.0;0.0
21403;487916;2016-04-12;DAP;M16;0;0;0;0;0.0;98549.16;98569.03;0.0;0.0;0.0;0.0;0.0;98536.59;0.0;0.0
21404;487917;2016-04-12;DAP;Q16;0;0;0;0;0.0;97148.59;97149.85;0.0;0.0;0.0;0.0;0.0;97117.88;0.0;0.0
21405;487918;2016-04-12;DAP;K17;2220;2220;0;0;0.0;93565.68;93531.13;0.0;0.0;0.0;0.0;0.0;93500.35;0.0;0.0
21406;487919;2016-04-12;DAP;Q18;1740;1740;0;0;0.0;86436.33;86438.63;0.0;0.0;0.0;0.0;0.0;86410.18;0.0;0.0
21407;487920;2016-04-12;DAP;K19;0;0;0;0;0.0;82941.98;82842.27;0.0;0.0;0.0;0.0;0.0;82815.01;0.0;0.0
21408;487921;2016-04-12;DAP;Q20;0;0;0;0;0.0;76765.56;76815.29;0.0;0.0;0.0;0.0;0.0;76790.01;0.0;0.0
21409;487922;2016-04-12;DAP;K21;0;0;0;0;0.0;73031.69;73258.62;0.0;0.0;0.0;0.0;0.0;73234.51;0.0;0.0
21410;487923;2016-04-12;DAP;Q22;0;0;0;0;0.0;67582.51;67880.64;0.0;0.0;0.0;0.0;0.0;67858.3;0.0;0.0
21411;487924;2016-04-12;DAP;K23;0;0;0;0;0.0;64472.22;64788.07;0.0;0.0;0.0;0.0;0.0;64766.75;0.0;0.0
21412;487925;2016-04-12;DAP;K24;0;0;0;0;0.0;60827.6;61073.14;0.0;0.0;0.0;0.0;0.0;61053.04;0.0;0.0
21413;487926;2016-04-12;DAP;Q24;0;0;0;0;0.0;59913.2;60162.34;0.0;0.0;0.0;0.0;0.0;60142.54;0.0;0.0
21414;487927;2016-04-12;DAP;Q26;0;0;0;0;0.0;52387.52;52962.06;0.0;0.0;0.0;0.0;0.0;52944.63;0.0;0.0
21415;487928;2016-04-12;DAP;Q30;0;0;0;0;0.0;42007.58;42187.44;0.0;0.0;0.0;0.0;0.0;42173.56;0.0;0.0
21416;487929;2016-04-13;DAP;J16;0;0;0;0;0.0;99933.19;99966.43;0.0;0.0;0.0;0.0;0.0;99933.52;0.0;0.0
21417;487930;2016-04-13;DAP;K16;0;0;0;0;0.0;99270.01;99301.47;0.0;0.0;0.0;0.0;0.0;99268.78;0.0;0.0
21418;487931;2016-04-13;DAP;M16;0;0;0;0;0.0;98569.03;98594.34;0.0;0.0;0.0;0.0;0.0;98561.88;0.0;0.0
21419;487932;2016-04-13;DAP;Q16;0;0;0;0;0.0;97149.85;97164.25;0.0;0.0;0.0;0.0;0.0;97132.26;0.0;0.0
21420;487933;2016-04-13;DAP;K17;2220;2220;0;0;0.0;93531.13;93573.15;0.0;0.0;0.0;0.0;0.0;93542.35;0.0;0.0
21421;487934;2016-04-13;DAP;Q18;1740;1740;0;0;0.0;86438.63;86516.89;0.0;0.0;0.0;0.0;0.0;86488.41;0.0;0.0
21422;487935;2016-04-13;DAP;K19;0;0;0;0;0.0;82842.27;83149.61;0.0;0.0;0.0;0.0;0.0;83122.24;0.0;0.0
21423;487936;2016-04-13;DAP;Q20;0;0;0;0;0.0;76815.29;77367.7;0.0;0.0;0.0;0.0;0.0;77342.23;0.0;0.0
21424;487937;2016-04-13;DAP;K21;0;0;0;0;0.0;73258.62;73978.32;0.0;0.0;0.0;0.0;0.0;73953.97;0.0;0.0
21425;487938;2016-04-13;DAP;Q22;0;0;0;0;0.0;67880.64;68668.19;0.0;0.0;0.0;0.0;0.0;68645.59;0.0;0.0
21426;487939;2016-04-13;DAP;K23;0;0;0;0;0.0;64788.07;65713.46;0.0;0.0;0.0;0.0;0.0;65691.83;0.0;0.0
21427;487940;2016-04-13;DAP;K24;0;0;0;0;0.0;61073.14;61973.68;0.0;0.0;0.0;0.0;0.0;61953.28;0.0;0.0
21428;487941;2016-04-13;DAP;Q24;0;0;0;0;0.0;60162.34;61077.69;0.0;0.0;0.0;0.0;0.0;61057.58;0.0;0.0
21429;487942;2016-04-13;DAP;Q26;0;0;0;0;0.0;52962.06;53960.58;0.0;0.0;0.0;0.0;0.0;53942.82;0.0;0.0
21430;487943;2016-04-13;DAP;Q30;0;0;0;0;0.0;42187.44;42942.02;0.0;0.0;0.0;0.0;0.0;42927.88;0.0;0.0
21431;487944;2016-04-14;DAP;J16;0;0;0;0;0.0;99966.43;99999.79;0.0;0.0;0.0;0.0;0.0;99966.87;0.0;0.0
21432;487945;2016-04-14;DAP;K16;0;0;0;0;0.0;99301.47;99333.84;0.0;0.0;0.0;0.0;0.0;99301.14;0.0;0.0
21433;487946;2016-04-14;DAP;M16;0;0;0;0;0.0;98594.34;98624.54;0.0;0.0;0.0;0.0;0.0;98592.07;0.0;0.0
21434;487947;2016-04-14;DAP;Q16;0;0;0;0;0.0;97164.25;97185.09;0.0;0.0;0.0;0.0;0.0;97153.1;0.0;0.0
21435;487948;2016-04-14;DAP;K17;2220;2220;0;0;0.0;93573.15;93539.38;0.0;0.0;0.0;0.0;0.0;93508.59;0.0;0.0
21436;487949;2016-04-14;DAP;Q18;1740;1740;0;0;0.0;86516.89;86443.83;0.0;0.0;0.0;0.0;0.0;86415.37;0.0;0.0
21437;487950;2016-04-14;DAP;K19;0;0;0;0;0.0;83149.61;83073.77;0.0;0.0;0.0;0.0;0.0;83046.42;0.0;0.0
21438;487951;2016-04-14;DAP;Q20;0;0;0;0;0.0;77367.7;77322.94;0.0;0.0;0.0;0.0;0.0;77297.49;0.0;0.0
21439;487952;2016-04-14;DAP;K21;0;0;0;0;0.0;73978.32;73925.31;0.0;0.0;0.0;0.0;0.0;73900.97;0.0;0.0
21440;487953;2016-04-14;DAP;Q22;0;0;0;0;0.0;68668.19;68562.07;0.0;0.0;0.0;0.0;0.0;68539.5;0.0;0.0
21441;487954;2016-04-14;DAP;K23;0;0;0;0;0.0;65713.46;65641.79;0.0;0.0;0.0;0.0;0.0;65620.18;0.0;0.0
21442;487955;2016-04-14;DAP;K24;0;0;0;0;0.0;61973.68;61941.35;0.0;0.0;0.0;0.0;0.0;61920.96;0.0;0.0
21443;487956;2016-04-14;DAP;Q24;0;0;0;0;0.0;61077.69;61044.32;0.0;0.0;0.0;0.0;0.0;61024.22;0.0;0.0
21444;487957;2016-04-14;DAP;Q26;0;0;0;0;0.0;53960.58;54288.75;0.0;0.0;0.0;0.0;0.0;54270.88;0.0;0.0
21445;487958;2016-04-14;DAP;Q30;0;0;0;0;0.0;42942.02;42894.35;0.0;0.0;0.0;0.0;0.0;42880.23;0.0;0.0
21446;487959;2016-04-15;DAP;J16;0;0;0;0;0.0;99999.79;;0.0;0.0;0.0;0.0;0.0;100000.0;0.0;0.0
21447;487960;2016-04-15;DAP;K16;0;0;0;0;0.0;99333.84;99348.34;0.0;0.0;0.0;0.0;0.0;99324.89;0.0;0.0
21448;487961;2016-04-15;DAP;M16;0;0;0;0;0.0;98624.54;98642.75;0.0;0.0;0.0;0.0;0.0;98619.47;0.0;0.0
21449;487962;2016-04-15;DAP;N16;0;0;0;0;0.0;0.0;97900.69;0.0;0.0;0.0;0.0;0.0;97877.58;0.0;0.0
21450;487963;2016-04-15;DAP;Q16;0;0;0;0;0.0;97185.09;97197.16;0.0;0.0;0.0;0.0;0.0;97174.22;0.0;0.0
21451;487964;2016-04-15;DAP;K17;2220;2220;0;0;0.0;93539.38;93572.68;0.0;0.0;0.0;0.0;0.0;93550.59;0.0;0.0
21452;487965;2016-04-15;DAP;Q18;1740;1740;0;0;0.0;86443.83;86608.29;0.0;0.0;0.0;0.0;0.0;86587.85;0.0;0.0
21453;487966;2016-04-15;DAP;K19;0;0;0;0;0.0;83073.77;83229.57;0.0;0.0;0.0;0.0;0.0;83209.92;0.0;0.0
21454;487967;2016-04-15;DAP;Q20;0;0;0;0;0.0;77322.94;77523.05;0.0;0.0;0.0;0.0;0.0;77504.75;0.0;0.0
21455;487968;2016-04-15;DAP;K21;0;0;0;0;0.0;73925.31;73900.75;0.0;0.0;0.0;0.0;0.0;73883.31;0.0;0.0
21456;487969;2016-04-15;DAP;Q22;0;0;0;0;0.0;68562.07;68612.71;0.0;0.0;0.0;0.0;0.0;68596.51;0.0;0.0
21457;487970;2016-04-15;DAP;K23;0;0;0;0;0.0;65641.79;65825.74;0.0;0.0;0.0;0.0;0.0;65810.2;0.0;0.0
21458;487971;2016-04-15;DAP;K24;0;0;0;0;0.0;61941.35;62232.5;0.0;0.0;0.0;0.0;0.0;62217.81;0.0;0.0
21459;487972;2016-04-15;DAP;Q24;0;0;0;0;0.0;61044.32;61340.19;0.0;0.0;0.0;0.0;0.0;61325.71;0.0;0.0
21460;487973;2016-04-15;DAP;Q26;0;0;0;0;0.0;54288.75;54719.98;0.0;0.0;0.0;0.0;0.0;54707.06;0.0;0.0
21461;487974;2016-04-15;DAP;Q30;0;0;0;0;0.0;42894.35;43190.03;0.0;0.0;0.0;0.0;0.0;43179.84;0.0;0.0
21462;487975;2016-04-18;DAP;K16;0;0;0;0;0.0;99348.34;99381.79;0.0;0.0;0.0;0.0;0.0;99358.54;0.0;0.0
21463;487976;2016-04-18;DAP;M16;0;0;0;0;0.0;98642.75;98675.99;0.0;0.0;0.0;0.0;0.0;98652.91;0.0;0.0
21464;487977;2016-04-18;DAP;N16;0;0;0;0;0.0;97900.69;97933.83;0.0;0.0;0.0;0.0;0.0;97910.92;0.0;0.0
21465;487978;2016-04-18;DAP;Q16;0;0;0;0;0.0;97197.16;97230.14;0.0;0.0;0.0;0.0;0.0;97207.39;0.0;0.0
21466;487979;2016-04-18;DAP;K17;2220;2220;0;0;0.0;93572.68;93642.55;0.0;0.0;0.0;0.0;0.0;93620.64;0.0;0.0
21467;487980;2016-04-18;DAP;Q18;1740;1740;0;0;0.0;86608.29;86818.41;0.0;0.0;0.0;0.0;0.0;86798.1;0.0;0.0
21468;487981;2016-04-18;DAP;K19;0;0;0;0;0.0;83229.57;83609.1;0.0;0.0;0.0;0.0;0.0;83589.54;0.0;0.0
21469;487982;2016-04-18;DAP;Q20;0;0;0;0;0.0;77523.05;77888.84;0.0;0.0;0.0;0.0;0.0;77870.62;0.0;0.0
21470;487983;2016-04-18;DAP;K21;0;0;0;0;0.0;73900.75;74164.85;0.0;0.0;0.0;0.0;0.0;74147.5;0.0;0.0
21471;487984;2016-04-18;DAP;Q22;0;0;0;0;0.0;68612.71;68914.69;0.0;0.0;0.0;0.0;0.0;68898.57;0.0;0.0
21472;487985;2016-04-18;DAP;K23;0;0;0;0;0.0;65825.74;66059.92;0.0;0.0;0.0;0.0;0.0;66044.47;0.0;0.0
21473;487986;2016-04-18;DAP;K24;0;0;0;0;0.0;62232.5;62530.59;0.0;0.0;0.0;0.0;0.0;62515.96;0.0;0.0
21474;487987;2016-04-18;DAP;Q24;0;0;0;0;0.0;61340.19;61643.01;0.0;0.0;0.0;0.0;0.0;61628.59;0.0;0.0
21475;487988;2016-04-18;DAP;Q26;0;0;0;0;0.0;54719.98;54839.01;0.0;0.0;0.0;0.0;0.0;54826.18;0.0;0.0
21476;487989;2016-04-18;DAP;Q30;0;0;0;0;0.0;43190.03;43433.19;0.0;0.0;0.0;0.0;0.0;43423.03;0.0;0.0
21477;487990;2016-04-19;DAP;K16;0;0;0;0;0.0;99381.79;99411.13;0.0;0.0;0.0;0.0;0.0;99387.64;0.0;0.0
21478;487991;2016-04-19;DAP;M16;0;0;0;0;0.0;98675.99;98699.87;0.0;0.0;0.0;0.0;0.0;98676.55;0.0;0.0
21479;487992;2016-04-19;DAP;N16;0;0;0;0;0.0;97933.83;97950.0;0.0;0.0;0.0;0.0;0.0;97926.86;0.0;0.0
21480;487993;2016-04-19;DAP;Q16;0;0;0;0;0.0;97230.14;97237.42;0.0;0.0;0.0;0.0;0.0;97214.45;0.0;0.0
21481;487994;2016-04-19;DAP;K17;2220;2220;0;0;0.0;93642.55;93684.44;0.0;0.0;0.0;0.0;0.0;93662.31;0.0;0.0
21482;487995;2016-04-19;DAP;Q18;1740;1740;0;0;0.0;86818.41;86915.3;0.0;0.0;0.0;0.0;0.0;86894.77;0.0;0.0
21483;487996;2016-04-19;DAP;K19;0;0;0;0;0.0;83609.1;83580.74;0.0;0.0;0.0;0.0;0.0;83560.99;0.0;0.0
21484;487997;2016-04-19;DAP;Q20;0;0;0;0;0.0;77888.84;77717.13;0.0;0.0;0.0;0.0;0.0;77698.77;0.0;0.0
21485;487998;2016-04-19;DAP;K21;0;0;0;0;0.0;74164.85;73865.63;0.0;0.0;0.0;0.0;0.0;73848.18;0.0;0.0
21486;487999;2016-04-19;DAP;Q22;0;0;0;0;0.0;68914.69;68563.9;0.0;0.0;0.0;0.0;0.0;68547.7;0.0;0.0
21487;488000;2016-04-19;DAP;K23;0;0;0;0;0.0;66059.92;65595.42;0.0;0.0;0.0;0.0;0.0;65579.92;0.0;0.0
21488;488001;2016-04-19;DAP;K24;0;0;0;0;0.0;62530.59;61979.54;0.0;0.0;0.0;0.0;0.0;61964.9;0.0;0.0
21489;488002;2016-04-19;DAP;Q24;0;0;0;0;0.0;61643.01;61081.89;0.0;0.0;0.0;0.0;0.0;61067.46;0.0;0.0
21490;488003;2016-04-19;DAP;Q26;0;0;0;0;0.0;54839.01;54164.21;0.0;0.0;0.0;0.0;0.0;54151.41;0.0;0.0
21491;488004;2016-04-19;DAP;Q30;0;0;0;0;0.0;43433.19;42747.91;0.0;0.0;0.0;0.0;0.0;42737.81;0.0;0.0
21492;488005;2016-04-20;DAP;K16;0;0;0;0;0.0;99411.13;99449.74;0.0;0.0;0.0;0.0;0.0;99418.48;0.0;0.0
21493;488006;2016-04-20;DAP;M16;0;0;0;0;0.0;98699.87;98734.47;0.0;0.0;0.0;0.0;0.0;98703.44;0.0;0.0
21494;488007;2016-04-20;DAP;N16;0;0;0;0;0.0;97950.0;97978.46;0.0;0.0;0.0;0.0;0.0;97947.67;0.0;0.0
21495;488008;2016-04-20;DAP;Q16;0;0;0;0;0.0;97237.42;97261.33;0.0;0.0;0.0;0.0;0.0;97230.76;0.0;0.0
21496;488009;2016-04-20;DAP;K17;2220;2220;0;0;0.0;93684.44;93649.34;0.0;0.0;0.0;0.0;0.0;93619.91;0.0;0.0
21497;488010;2016-04-20;DAP;Q18;1740;1740;0;0;0.0;86915.3;86829.76;0.0;0.0;0.0;0.0;0.0;86802.47;0.0;0.0
21498;488011;2016-04-20;DAP;K19;0;0;0;0;0.0;83580.74;83510.93;0.0;0.0;0.0;0.0;0.0;83484.68;0.0;0.0
21499;488012;2016-04-20;DAP;Q20;0;0;0;0;0.0;77717.13;77552.13;0.0;0.0;0.0;0.0;0.0;77527.76;0.0;0.0
21500;488013;2016-04-20;DAP;K21;0;0;0;0;0.0;73865.63;73678.8;0.0;0.0;0.0;0.0;0.0;73655.64;0.0;0.0
21501;488014;2016-04-20;DAP;Q22;0;0;0;0;0.0;68563.9;68342.15;0.0;0.0;0.0;0.0;0.0;68320.67;0.0;0.0
21502;488015;2016-04-20;DAP;K23;0;0;0;0;0.0;65595.42;65312.77;0.0;0.0;0.0;0.0;0.0;65292.24;0.0;0.0
21503;488016;2016-04-20;DAP;K24;0;0;0;0;0.0;61979.54;61671.77;0.0;0.0;0.0;0.0;0.0;61652.39;0.0;0.0
21504;488017;2016-04-20;DAP;Q24;0;0;0;0;0.0;61081.89;60768.18;0.0;0.0;0.0;0.0;0.0;60749.08;0.0;0.0
21505;488018;2016-04-20;DAP;Q26;0;0;0;0;0.0;54164.21;53762.82;0.0;0.0;0.0;0.0;0.0;53745.92;0.0;0.0
21506;488019;2016-04-20;DAP;Q30;0;0;0;0;0.0;42747.91;42475.1;0.0;0.0;0.0;0.0;0.0;42461.75;0.0;0.0
21507;488020;2016-04-22;DAP;K16;0;0;0;0;0.0;99449.74;99505.34;0.0;0.0;0.0;0.0;0.0;99479.88;0.0;0.0
21508;488021;2016-04-22;DAP;M16;0;0;0;0;0.0;98734.47;98817.25;0.0;0.0;0.0;0.0;0.0;98791.97;0.0;0.0
21509;488022;2016-04-22;DAP;N16;0;0;0;0;0.0;97978.46;98025.54;0.0;0.0;0.0;0.0;0.0;98000.46;0.0;0.0
21510;488023;2016-04-22;DAP;Q16;0;0;0;0;0.0;97261.33;97275.22;0.0;0.0;0.0;0.0;0.0;97250.33;0.0;0.0
21511;488024;2016-04-22;DAP;K17;2220;2220;0;0;0.0;93649.34;93611.28;0.0;0.0;0.0;0.0;0.0;93587.33;0.0;0.0
21512;488025;2016-04-22;DAP;Q18;1740;1740;0;0;0.0;86829.76;86826.97;0.0;0.0;0.0;0.0;0.0;86804.76;0.0;0.0
21513;488026;2016-04-22;DAP;K19;0;0;0;0;0.0;83510.93;83477.86;0.0;0.0;0.0;0.0;0.0;83456.5;0.0;0.0
21514;488027;2016-04-22;DAP;Q20;0;0;0;0;0.0;77552.13;77440.12;0.0;0.0;0.0;0.0;0.0;77420.31;0.0;0.0
21515;488028;2016-04-22;DAP;K21;0;0;0;0;0.0;73678.8;73448.03;0.0;0.0;0.0;0.0;0.0;73429.24;0.0;0.0
21516;488029;2016-04-22;DAP;Q22;0;0;0;0;0.0;68342.15;68071.98;0.0;0.0;0.0;0.0;0.0;68054.56;0.0;0.0
21517;488030;2016-04-22;DAP;K23;0;0;0;0;0.0;65312.77;65066.01;0.0;0.0;0.0;0.0;0.0;65049.36;0.0;0.0
21518;488031;2016-04-22;DAP;K24;0;0;0;0;0.0;61671.77;61404.03;0.0;0.0;0.0;0.0;0.0;61388.32;0.0;0.0
21519;488032;2016-04-22;DAP;Q24;0;0;0;0;0.0;60768.18;60495.5;0.0;0.0;0.0;0.0;0.0;60480.02;0.0;0.0
21520;488033;2016-04-22;DAP;Q26;0;0;0;0;0.0;53762.82;53409.41;0.0;0.0;0.0;0.0;0.0;53395.75;0.0;0.0
21521;488034;2016-04-22;DAP;Q30;0;0;0;0;0.0;42475.1;42198.56;0.0;0.0;0.0;0.0;0.0;42187.76;0.0;0.0
21522;488035;2016-04-25;DAP;K16;0;0;0;0;0.0;99505.34;99533.75;0.0;0.0;0.0;0.0;0.0;99508.49;0.0;0.0
21523;488036;2016-04-25;DAP;M16;0;0;0;0;0.0;98817.25;98839.12;0.0;0.0;0.0;0.0;0.0;98814.04;0.0;0.0
21524;488037;2016-04-25;DAP;N16;0;0;0;0;0.0;98025.54;98040.28;0.0;0.0;0.0;0.0;0.0;98015.4;0.0;0.0
21525;488038;2016-04-25;DAP;Q16;0;0;0;0;0.0;97275.22;97283.78;0.0;0.0;0.0;0.0;0.0;97259.1;0.0;0.0
21526;488039;2016-04-25;DAP;K17;2220;2220;0;0;0.0;93611.28;93643.66;0.0;0.0;0.0;0.0;0.0;93619.9;0.0;0.0
21527;488040;2016-04-25;DAP;Q18;1740;1750;3;30;3005997.0;86826.97;86998.51;6.34;6.34;6.34;6.34;6.34;86976.44;0.0;0.0
21528;488041;2016-04-25;DAP;K19;0;0;0;0;0.0;83477.86;83545.18;0.0;0.0;0.0;0.0;0.0;83523.98;0.0;0.0
21529;488042;2016-04-25;DAP;Q20;0;0;0;0;0.0;77440.12;77552.41;0.0;0.0;0.0;0.0;0.0;77532.73;0.0;0.0
21530;488043;2016-04-25;DAP;K21;0;0;0;0;0.0;73448.03;73535.37;0.0;0.0;0.0;0.0;0.0;73516.71;0.0;0.0
21531;488044;2016-04-25;DAP;Q22;0;0;0;0;0.0;68071.98;68168.94;0.0;0.0;0.0;0.0;0.0;68151.64;0.0;0.0
21532;488045;2016-04-25;DAP;K23;0;0;0;0;0.0;65066.01;65167.73;0.0;0.0;0.0;0.0;0.0;65151.19;0.0;0.0
21533;488046;2016-04-25;DAP;K24;0;0;0;0;0.0;61404.03;61511.5;0.0;0.0;0.0;0.0;0.0;61495.89;0.0;0.0
21534;488047;2016-04-25;DAP;Q24;0;0;0;0;0.0;60495.5;60604.31;0.0;0.0;0.0;0.0;0.0;60588.93;0.0;0.0
21535;488048;2016-04-25;DAP;Q26;0;0;0;0;0.0;53409.41;53370.58;0.0;0.0;0.0;0.0;0.0;53357.04;0.0;0.0
21536;488049;2016-04-25;DAP;Q30;0;0;0;0;0.0;42198.56;42378.86;0.0;0.0;0.0;0.0;0.0;42368.11;0.0;0.0
21537;488050;2016-04-26;DAP;K16;0;0;0;0;0.0;99533.75;99562.09;0.0;0.0;0.0;0.0;0.0;99536.6;0.0;0.0
21538;488051;2016-04-26;DAP;M16;0;0;0;0;0.0;98839.12;98859.48;0.0;0.0;0.0;0.0;0.0;98834.17;0.0;0.0
21539;488052;2016-04-26;DAP;N16;0;0;0;0;0.0;98040.28;98054.07;0.0;0.0;0.0;0.0;0.0;98028.96;0.0;0.0
21540;488053;2016-04-26;DAP;Q16;0;0;0;0;0.0;97283.78;97290.69;0.0;0.0;0.0;0.0;0.0;97265.78;0.0;0.0
21541;488054;2016-04-26;DAP;K17;2220;2220;0;0;0.0;93643.66;93639.53;0.0;0.0;0.0;0.0;0.0;93615.56;0.0;0.0
21542;488055;2016-04-26;DAP;Q18;1750;1750;1;10;1003599.0;86998.51;86982.03;6.29;6.29;6.29;6.29;6.29;86959.76;0.0;6.35
21543;488056;2016-04-26;DAP;K19;0;0;0;0;0.0;83545.18;83469.6;0.0;0.0;0.0;0.0;0.0;83448.23;0.0;0.0
21544;488057;2016-04-26;DAP;Q20;0;0;0;0;0.0;77552.41;77445.37;0.0;0.0;0.0;0.0;0.0;77425.54;0.0;0.0
21545;488058;2016-04-26;DAP;K21;0;0;0;0;0.0;73535.37;73414.26;0.0;0.0;0.0;0.0;0.0;73395.46;0.0;0.0
21546;488059;2016-04-26;DAP;Q22;0;0;0;0;0.0;68168.94;68064.83;0.0;0.0;0.0;0.0;0.0;68047.4;0.0;0.0
21547;488060;2016-04-26;DAP;K23;0;0;0;0;0.0;65167.73;65011.72;0.0;0.0;0.0;0.0;0.0;64995.07;0.0;0.0
21548;488061;2016-04-26;DAP;K24;0;0;0;0;0.0;61511.5;61341.09;0.0;0.0;0.0;0.0;0.0;61325.38;0.0;0.0
21549;488062;2016-04-26;DAP;Q24;0;0;0;0;0.0;60604.31;60430.49;0.0;0.0;0.0;0.0;0.0;60415.02;0.0;0.0
21550;488063;2016-04-26;DAP;Q26;0;0;0;0;0.0;53370.58;53229.05;0.0;0.0;0.0;0.0;0.0;53215.42;0.0;0.0
21551;488064;2016-04-26;DAP;Q30;0;0;0;0;0.0;42378.86;42446.01;0.0;0.0;0.0;0.0;0.0;42435.14;0.0;0.0
21552;488065;2016-04-27;DAP;K16;0;0;0;0;0.0;99562.09;99595.12;0.0;0.0;0.0;0.0;0.0;99569.63;0.0;0.0
21553;488066;2016-04-27;DAP;M16;0;0;0;0;0.0;98859.48;98891.37;0.0;0.0;0.0;0.0;0.0;98866.06;0.0;0.0
21554;488067;2016-04-27;DAP;N16;0;0;0;0;0.0;98054.07;98088.31;0.0;0.0;0.0;0.0;0.0;98063.2;0.0;0.0
21555;488068;2016-04-27;DAP;Q16;0;0;0;0;0.0;97290.69;97327.99;0.0;0.0;0.0;0.0;0.0;97303.08;0.0;0.0
21556;488069;2016-04-27;DAP;K17;2220;0;0;0;0.0;93639.53;93708.85;0.0;0.0;0.0;0.0;0.0;93684.86;0.0;0.0
21557;488070;2016-04-27;DAP;Q18;1750;0;0;0;0.0;86982.03;87096.97;0.0;0.0;0.0;0.0;0.0;87074.68;0.0;0.0
21558;488071;2016-04-27;DAP;K19;0;0;0;0;0.0;83469.6;83584.7;0.0;0.0;0.0;0.0;0.0;83563.3;0.0;0.0
21559;488072;2016-04-27;DAP;Q20;0;0;0;0;0.0;77445.37;77589.03;0.0;0.0;0.0;0.0;0.0;77569.17;0.0;0.0
21560;488073;2016-04-27;DAP;K21;0;0;0;0;0.0;73414.26;73780.34;0.0;0.0;0.0;0.0;0.0;73761.45;0.0;0.0
21561;488074;2016-04-27;DAP;Q22;0;0;0;0;0.0;68064.83;68363.45;0.0;0.0;0.0;0.0;0.0;68345.95;0.0;0.0
21562;488075;2016-04-27;DAP;K23;0;0;0;0;0.0;65011.72;65371.83;0.0;0.0;0.0;0.0;0.0;65355.1;0.0;0.0
21563;488076;2016-04-27;DAP;K24;0;0;0;0;0.0;61341.09;61820.38;0.0;0.0;0.0;0.0;0.0;61804.56;0.0;0.0
21564;488077;2016-04-27;DAP;Q24;0;0;0;0;0.0;60430.49;60964.96;0.0;0.0;0.0;0.0;0.0;60949.35;0.0;0.0
21565;488078;2016-04-27;DAP;Q26;0;0;0;0;0.0;53229.05;53655.3;0.0;0.0;0.0;0.0;0.0;53641.57;0.0;0.0
21566;488079;2016-04-27;DAP;Q30;0;0;0;0;0.0;42446.01;43029.76;0.0;0.0;0.0;0.0;0.0;43018.75;0.0;0.0
21567;488080;2016-04-28;DAP;K16;0;0;0;0;0.0;99595.13;99627.53;0.0;0.0;0.0;0.0;0.0;99602.23;0.0;0.0
21568;488081;2016-04-28;DAP;M16;0;0;0;0;0.0;98891.38;98920.78;0.0;0.0;0.0;0.0;0.0;98895.66;0.0;0.0
21569;488082;2016-04-28;DAP;N16;0;0;0;0;0.0;98088.31;98118.46;0.0;0.0;0.0;0.0;0.0;98093.54;0.0;0.0
21570;488083;2016-04-28;DAP;Q16;0;0;0;0;0.0;97328.0;97359.67;0.0;0.0;0.0;0.0;0.0;97334.95;0.0;0.0
21571;488084;2016-04-28;DAP;K17;2220;2220;0;0;0.0;93708.85;93667.87;0.0;0.0;0.0;0.0;0.0;93644.08;0.0;0.0
21572;488085;2016-04-28;DAP;Q18;1750;1750;0;0;0.0;87096.98;86967.61;0.0;0.0;0.0;0.0;0.0;86945.53;6.24;6.37
21573;488086;2016-04-28;DAP;K19;0;0;0;0;0.0;83584.7;83295.24;0.0;0.0;0.0;0.0;0.0;83274.09;0.0;0.0
21574;488087;2016-04-28;DAP;Q20;0;0;0;0;0.0;77589.04;77200.9;0.0;0.0;0.0;0.0;0.0;77181.3;0.0;0.0
21575;488088;2016-04-28;DAP;K21;0;0;0;0;0.0;73780.34;73519.37;0.0;0.0;0.0;0.0;0.0;73500.7;0.0;0.0
21576;488089;2016-04-28;DAP;Q22;0;0;0;0;0.0;68363.45;68097.79;0.0;0.0;0.0;0.0;0.0;68080.5;0.0;0.0
21577;488090;2016-04-28;DAP;K23;0;0;0;0;0.0;65371.84;65086.17;0.0;0.0;0.0;0.0;0.0;65069.64;0.0;0.0
21578;488091;2016-04-28;DAP;K24;0;0;0;0;0.0;61820.39;61555.92;0.0;0.0;0.0;0.0;0.0;61540.29;0.0;0.0
21579;488092;2016-04-28;DAP;Q24;0;0;0;0;0.0;60964.96;60695.21;0.0;0.0;0.0;0.0;0.0;60679.8;0.0;0.0
21580;488093;2016-04-28;DAP;Q26;0;0;0;0;0.0;53655.31;53461.05;0.0;0.0;0.0;0.0;0.0;53447.47;0.0;0.0
21581;488094;2016-04-28;DAP;Q30;0;0;0;0;0.0;43029.77;42982.06;0.0;0.0;0.0;0.0;0.0;42971.15;0.0;0.0
21582;488095;2016-04-29;DAP;K16;0;0;0;0;0.0;99627.53;99663.26;0.0;0.0;0.0;0.0;0.0;99637.72;0.0;0.0
21583;488096;2016-04-29;DAP;M16;0;0;0;0;0.0;98920.78;98960.08;0.0;0.0;0.0;0.0;0.0;98934.72;0.0;0.0
21584;488097;2016-04-29;DAP;N16;0;0;0;0;0.0;98118.46;98168.43;0.0;0.0;0.0;0.0;0.0;98143.28;0.0;0.0
21585;488098;2016-04-29;DAP;Q16;0;0;0;0;0.0;97359.67;97421.02;0.0;0.0;0.0;0.0;0.0;97396.06;0.0;0.0
21586;488099;2016-04-29;DAP;K17;2220;2220;0;0;0.0;93667.87;93864.96;0.0;0.0;0.0;0.0;0.0;93840.91;0.0;0.0
21587;488100;2016-04-29;DAP;Q18;1750;1750;0;0;0.0;86967.61;87382.98;0.0;0.0;0.0;0.0;0.0;87360.59;0.0;0.0
21588;488101;2016-04-29;DAP;K19;0;0;0;0;0.0;83295.24;83790.89;0.0;0.0;0.0;0.0;0.0;83769.42;0.0;0.0
21589;488102;2016-04-29;DAP;Q20;0;0;0;0;0.0;77200.9;77876.63;0.0;0.0;0.0;0.0;0.0;77856.68;0.0;0.0
21590;488103;2016-04-29;DAP;K21;0;0;0;0;0.0;73519.37;74341.21;0.0;0.0;0.0;0.0;0.0;74322.16;0.0;0.0
21591;488104;2016-04-29;DAP;Q22;0;0;0;0;0.0;68097.79;69004.9;0.0;0.0;0.0;0.0;0.0;68987.22;0.0;0.0
21592;488105;2016-04-29;DAP;K23;0;0;0;0;0.0;65086.17;66054.06;0.0;0.0;0.0;0.0;0.0;66037.13;0.0;0.0
21593;488106;2016-04-29;DAP;K24;0;0;0;0;0.0;61555.92;62553.63;0.0;0.0;0.0;0.0;0.0;62537.6;0.0;0.0
21594;488107;2016-04-29;DAP;Q24;0;0;0;0;0.0;60695.21;61710.59;0.0;0.0;0.0;0.0;0.0;61694.78;0.0;0.0
21595;488108;2016-04-29;DAP;Q26;0;0;0;0;0.0;53461.05;54623.72;0.0;0.0;0.0;0.0;0.0;54609.72;0.0;0.0
21596;488109;2016-04-29;DAP;Q30;0;0;0;0;0.0;42982.06;43690.54;0.0;0.0;0.0;0.0;0.0;43679.34;0.0;0.0
21597;488110;2016-05-02;DAP;K16;0;0;0;0;0.0;99663.26;99695.21;0.0;0.0;0.0;0.0;0.0;99669.87;0.0;0.0
21598;488111;2016-05-02;DAP;M16;0;0;0;0;0.0;98960.08;98988.52;0.0;0.0;0.0;0.0;0.0;98963.36;0.0;0.0
21599;488112;2016-05-02;DAP;N16;0;0;0;0;0.0;98168.43;98198.53;0.0;0.0;0.0;0.0;0.0;98173.57;0.0;0.0
21600;488113;2016-05-02;DAP;Q16;0;0;0;0;0.0;97421.02;97449.86;0.0;0.0;0.0;0.0;0.0;97425.09;0.0;0.0
21601;488114;2016-05-02;DAP;K17;2220;2220;0;0;0.0;93864.96;93851.2;0.0;0.0;0.0;0.0;0.0;93827.35;0.0;0.0
21602;488115;2016-05-02;DAP;Q18;1750;1750;0;0;0.0;87382.98;87365.71;0.0;0.0;0.0;0.0;0.0;87343.51;0.0;0.0
21603;488116;2016-05-02;DAP;K19;0;0;0;0;0.0;83790.89;83714.93;0.0;0.0;0.0;0.0;0.0;83693.66;0.0;0.0
21604;488117;2016-05-02;DAP;Q20;0;0;0;0;0.0;77876.63;77768.94;0.0;0.0;0.0;0.0;0.0;77749.18;0.0;0.0
21605;488118;2016-05-02;DAP;K21;0;0;0;0;0.0;74341.21;74288.23;0.0;0.0;0.0;0.0;0.0;74269.35;0.0;0.0
21606;488119;2016-05-02;DAP;Q22;0;0;0;0;0.0;69004.9;68980.22;0.0;0.0;0.0;0.0;0.0;68962.69;0.0;0.0
21607;488120;2016-05-02;DAP;K23;0;0;0;0;0.0;66054.06;66113.07;0.0;0.0;0.0;0.0;0.0;66096.27;0.0;0.0
21608;488121;2016-05-02;DAP;K24;0;0;0;0;0.0;62553.63;62473.73;0.0;0.0;0.0;0.0;0.0;62457.85;0.0;0.0
21609;488122;2016-05-02;DAP;Q24;0;0;0;0;0.0;61710.59;61580.73;0.0;0.0;0.0;0.0;0.0;61565.08;0.0;0.0
21610;488123;2016-05-02;DAP;Q26;0;0;0;0;0.0;54623.72;54530.77;0.0;0.0;0.0;0.0;0.0;54516.91;0.0;0.0
21611;488124;2016-05-02;DAP;Q30;0;0;0;0;0.0;43690.54;43641.88;0.0;0.0;0.0;0.0;0.0;43630.79;0.0;0.0
21612;488125;2016-05-03;DAP;K16;0;0;0;0;0.0;99695.21;99728.72;0.0;0.0;0.0;0.0;0.0;99703.16;0.0;0.0
21613;488126;2016-05-03;DAP;M16;0;0;0;0;0.0;98988.52;99020.93;0.0;0.0;0.0;0.0;0.0;98995.55;0.0;0.0
21614;488127;2016-05-03;DAP;N16;0;0;0;0;0.0;98198.53;98234.75;0.0;0.0;0.0;0.0;0.0;98209.57;0.0;0.0
21615;488128;2016-05-03;DAP;Q16;0;0;0;0;0.0;97449.86;97489.6;0.0;0.0;0.0;0.0;0.0;97464.61;0.0;0.0
21616;488129;2016-05-03;DAP;K17;2220;2220;0;0;0.0;93851.2;93910.7;0.0;0.0;0.0;0.0;0.0;93886.63;0.0;0.0
21617;488130;2016-05-03;DAP;Q18;1750;1750;0;0;0.0;87365.71;87348.96;0.0;0.0;0.0;0.0;0.0;87326.57;0.0;0.0
21618;488131;2016-05-03;DAP;K19;0;100;1;100;9653820.0;83714.93;83615.97;6.17;6.17;6.17;6.17;6.17;83594.54;0.0;0.0
21619;488132;2016-05-03;DAP;Q20;0;0;0;0;0.0;77768.94;77724.61;0.0;0.0;0.0;0.0;0.0;77704.69;0.0;0.0
21620;488133;2016-05-03;DAP;K21;0;0;0;0;0.0;74288.23;74235.72;0.0;0.0;0.0;0.0;0.0;74216.69;0.0;0.0
21621;488134;2016-05-03;DAP;Q22;0;0;0;0;0.0;68980.22;68915.24;0.0;0.0;0.0;0.0;0.0;68897.57;0.0;0.0
21622;488135;2016-05-03;DAP;K23;0;0;0;0;0.0;66113.07;66085.12;0.0;0.0;0.0;0.0;0.0;66068.18;0.0;0.0
21623;488136;2016-05-03;DAP;K24;0;0;0;0;0.0;62473.73;62441.36;0.0;0.0;0.0;0.0;0.0;62425.35;0.0;0.0
21624;488137;2016-05-03;DAP;Q24;0;0;0;0;0.0;61580.73;61547.31;0.0;0.0;0.0;0.0;0.0;61531.53;0.0;0.0
21625;488138;2016-05-03;DAP;Q26;0;0;0;0;0.0;54530.77;54490.98;0.0;0.0;0.0;0.0;0.0;54477.01;0.0;0.0
21626;488139;2016-05-03;DAP;Q30;0;0;0;0;0.0;43641.88;43593.51;0.0;0.0;0.0;0.0;0.0;43582.34;0.0;0.0
21627;488140;2016-05-04;DAP;K16;0;0;0;0;0.0;99728.72;99762.92;0.0;0.0;0.0;0.0;0.0;99737.56;0.0;0.0
21628;488141;2016-05-04;DAP;M16;0;0;0;0;0.0;99020.93;99055.09;0.0;0.0;0.0;0.0;0.0;99029.91;0.0;0.0
21629;488142;2016-05-04;DAP;N16;0;0;0;0;0.0;98234.75;98277.8;0.0;0.0;0.0;0.0;0.0;98252.81;0.0;0.0
21630;488143;2016-05-04;DAP;Q16;0;0;0;0;0.0;97489.6;97539.0;0.0;0.0;0.0;0.0;0.0;97514.2;0.0;0.0
21631;488144;2016-05-04;DAP;K17;2220;2220;0;0;0.0;93910.7;94014.85;0.0;0.0;0.0;0.0;0.0;93990.95;0.0;0.0
21632;488145;2016-05-04;DAP;Q18;1750;1750;0;0;0.0;87348.96;87444.32;0.0;0.0;0.0;0.0;0.0;87422.09;0.0;0.0
21633;488146;2016-05-04;DAP;K19;100;270;1;170;16429100.0;83615.97;83730.43;6.15;6.15;6.15;6.15;6.15;83709.14;0.0;0.0
21634;488147;2016-05-04;DAP;Q20;0;0;0;0;0.0;77724.61;77711.38;0.0;0.0;0.0;0.0;0.0;77691.62;0.0;0.0
21635;488148;2016-05-04;DAP;K21;0;0;0;0;0.0;74235.72;74148.07;0.0;0.0;0.0;0.0;0.0;74129.22;0.0;0.0
21636;488149;2016-05-04;DAP;Q22;0;0;0;0;0.0;68915.24;68769.0;0.0;0.0;0.0;0.0;0.0;68751.52;0.0;0.0
21637;488150;2016-05-04;DAP;K23;0;0;0;0;0.0;66085.12;65926.43;0.0;0.0;0.0;0.0;0.0;65909.67;0.0;0.0
21638;488151;2016-05-04;DAP;K24;0;0;0;0;0.0;62441.36;62267.91;0.0;0.0;0.0;0.0;0.0;62252.08;0.0;0.0
21639;488152;2016-05-04;DAP;Q24;0;0;0;0;0.0;61547.31;61418.07;0.0;0.0;0.0;0.0;0.0;61402.46;0.0;0.0
21640;488153;2016-05-04;DAP;Q26;0;0;0;0;0.0;54490.98;54293.41;0.0;0.0;0.0;0.0;0.0;54279.61;0.0;0.0
21641;488154;2016-05-04;DAP;Q30;0;0;0;0;0.0;43593.51;43545.04;0.0;0.0;0.0;0.0;0.0;43533.97;0.0;0.0
21642;488155;2016-05-05;DAP;K16;0;0;0;0;0.0;99762.92;99748.99;0.0;0.0;0.0;0.0;0.0;99772.11;0.0;0.0
21643;488156;2016-05-05;DAP;M16;0;0;0;0;0.0;99055.09;99045.32;0.0;0.0;0.0;0.0;0.0;99068.27;0.0;0.0
21644;488157;2016-05-05;DAP;N16;0;0;0;0;0.0;98277.8;98276.51;0.0;0.0;0.0;0.0;0.0;98299.29;0.0;0.0
21645;488158;2016-05-05;DAP;Q16;0;0;0;0;0.0;97539.0;97548.35;0.0;0.0;0.0;0.0;0.0;97570.96;0.0;0.0
21646;488159;2016-05-05;DAP;K17;2220;2480;1;260;28308196.0;94014.85;94082.06;6.12;6.12;6.12;6.12;6.12;94103.86;0.0;0.0
21647;488160;2016-05-05;DAP;Q18;1750;1750;0;0;0.0;87444.32;87609.68;0.0;0.0;0.0;0.0;0.0;87629.98;0.0;0.0
21648;488161;2016-05-05;DAP;K19;270;540;2;270;26150890.0;83730.43;83851.76;6.09;6.09;6.09;6.09;6.09;83871.19;0.0;0.0
21649;488162;2016-05-05;DAP;Q20;0;0;0;0;0.0;77711.38;77910.9;0.0;0.0;0.0;0.0;0.0;77928.96;0.0;0.0
21650;488163;2016-05-05;DAP;K21;0;0;0;0;0.0;74148.07;74304.58;0.0;0.0;0.0;0.0;0.0;74321.8;0.0;0.0
21651;488164;2016-05-05;DAP;Q22;0;0;0;0;0.0;68769.0;69036.09;0.0;0.0;0.0;0.0;0.0;69052.09;0.0;0.0
21652;488165;2016-05-05;DAP;K23;0;0;0;0;0.0;65926.43;66258.37;0.0;0.0;0.0;0.0;0.0;66273.73;0.0;0.0
21653;488166;2016-05-05;DAP;K24;0;0;0;0;0.0;62267.91;62675.7;0.0;0.0;0.0;0.0;0.0;62690.23;0.0;0.0
21654;488167;2016-05-05;DAP;Q24;0;0;0;0;0.0;61418.07;61785.78;0.0;0.0;0.0;0.0;0.0;61800.1;0.0;0.0
21655;488168;2016-05-05;DAP;Q26;0;0;0;0;0.0;54293.41;54648.16;0.0;0.0;0.0;0.0;0.0;54660.82;0.0;0.0
21656;488169;2016-05-05;DAP;Q30;0;0;0;0;0.0;43545.04;44181.48;0.0;0.0;0.0;0.0;0.0;44191.72;0.0;0.0
21657;488170;2016-05-06;DAP;K16;0;0;0;0;0.0;99748.99;99828.8;0.0;0.0;0.0;0.0;0.0;99806.83;0.0;0.0
21658;488171;2016-05-06;DAP;M16;0;0;0;0;0.0;99045.32;99128.08;0.0;0.0;0.0;0.0;0.0;99106.27;0.0;0.0
21659;488172;2016-05-06;DAP;N16;0;0;0;0;0.0;98276.51;98370.46;0.0;0.0;0.0;0.0;0.0;98348.81;0.0;0.0
21660;488173;2016-05-06;DAP;Q16;0;0;0;0;0.0;97548.35;97653.6;0.0;0.0;0.0;0.0;0.0;97632.11;0.0;0.0
21661;488174;2016-05-06;DAP;K17;2480;2480;0;0;0.0;94082.06;94200.93;0.0;0.0;0.0;0.0;0.0;94180.2;0.0;0.0
21662;488175;2016-05-06;DAP;Q18;1750;1750;0;0;0.0;87609.68;87688.25;0.0;0.0;0.0;0.0;0.0;87668.95;0.0;0.0
21663;488176;2016-05-06;DAP;K19;540;550;1;10;970686.0;83851.76;83837.96;6.03;6.03;6.03;6.03;6.03;83819.51;0.0;0.0
21664;488177;2016-05-06;DAP;Q20;0;0;0;0;0.0;77910.9;77807.68;0.0;0.0;0.0;0.0;0.0;77790.56;0.0;0.0
21665;488178;2016-05-06;DAP;K21;0;0;0;0;0.0;74304.58;74180.71;0.0;0.0;0.0;0.0;0.0;74164.39;0.0;0.0
21666;488179;2016-05-06;DAP;Q22;0;0;0;0;0.0;69036.09;68920.96;0.0;0.0;0.0;0.0;0.0;68905.79;0.0;0.0
21667;488180;2016-05-06;DAP;K23;0;0;0;0;0.0;66258.37;66216.49;0.0;0.0;0.0;0.0;0.0;66201.92;0.0;0.0
21668;488181;2016-05-06;DAP;K24;0;0;0;0;0.0;62675.7;62577.06;0.0;0.0;0.0;0.0;0.0;62563.29;0.0;0.0
21669;488182;2016-05-06;DAP;Q24;0;0;0;0;0.0;61785.78;61684.0;0.0;0.0;0.0;0.0;0.0;61670.43;0.0;0.0
21670;488183;2016-05-06;DAP;Q26;0;0;0;0;0.0;54648.16;54632.84;0.0;0.0;0.0;0.0;0.0;54620.82;0.0;0.0
21671;488184;2016-05-06;DAP;Q30;0;0;0;0;0.0;44181.48;43974.79;0.0;0.0;0.0;0.0;0.0;43965.11;0.0;0.0
21672;488185;2016-05-09;DAP;K16;0;0;0;0;0.0;99828.8;99866.83;0.0;0.0;0.0;0.0;0.0;99844.85;0.0;0.0
21673;488186;2016-05-09;DAP;M16;0;0;0;0;0.0;99128.08;99170.46;0.0;0.0;0.0;0.0;0.0;99148.64;0.0;0.0
21674;488187;2016-05-09;DAP;N16;0;0;0;0;0.0;98370.46;98415.94;0.0;0.0;0.0;0.0;0.0;98394.28;0.0;0.0
21675;488188;2016-05-09;DAP;Q16;0;0;0;0;0.0;97653.6;97701.76;0.0;0.0;0.0;0.0;0.0;97680.26;0.0;0.0
21676;488189;2016-05-09;DAP;K17;2480;2480;0;0;0.0;94200.93;94169.1;0.0;0.0;0.0;0.0;0.0;94148.38;0.0;0.0
21677;488190;2016-05-09;DAP;Q18;1750;1750;0;0;0.0;87688.25;87596.25;0.0;0.0;0.0;0.0;0.0;87576.97;6.01;6.16
21678;488191;2016-05-09;DAP;K19;550;700;5;420;40703660.0;83837.96;83739.21;6.13;6.11;6.13;6.12;6.11;83720.78;6.1;6.13
21679;488192;2016-05-09;DAP;Q20;0;0;0;0;0.0;77807.68;77607.57;0.0;0.0;0.0;0.0;0.0;77590.49;0.0;0.0
21680;488193;2016-05-09;DAP;K21;0;0;0;0;0.0;74180.71;73850.11;0.0;0.0;0.0;0.0;0.0;73833.86;0.0;0.0
21681;488194;2016-05-09;DAP;Q22;0;0;0;0;0.0;68920.96;68573.27;0.0;0.0;0.0;0.0;0.0;68558.18;0.0;0.0
21682;488195;2016-05-09;DAP;K23;0;80;1;80;6078136.0;66216.49;65884.2;6.22;6.22;6.22;6.22;6.22;65869.7;6.16;6.31
21683;488196;2016-05-09;DAP;K24;0;0;0;0;0.0;62577.06;62262.92;0.0;0.0;0.0;0.0;0.0;62249.22;0.0;0.0
21684;488197;2016-05-09;DAP;Q24;0;0;0;0;0.0;61684.0;61363.85;0.0;0.0;0.0;0.0;0.0;61350.35;0.0;0.0
21685;488198;2016-05-09;DAP;Q26;0;0;0;0;0.0;54632.84;54277.68;0.0;0.0;0.0;0.0;0.0;54265.74;0.0;0.0
21686;488199;2016-05-09;DAP;Q30;0;0;0;0;0.0;43974.79;43690.87;0.0;0.0;0.0;0.0;0.0;43681.26;0.0;0.0
21687;488200;2016-05-10;DAP;Q16;0;0;0;0;0.0;97701.76;97735.02;0.0;0.0;0.0;0.0;0.0;97713.5;0.0;0.0
21688;488201;2016-05-10;DAP;K17;2480;2480;0;0;0.0;94169.1;94218.22;0.0;0.0;0.0;0.0;0.0;94197.48;0.0;0.0
21689;488202;2016-05-10;DAP;Q18;1750;1750;0;0;0.0;87596.25;87728.68;0.0;0.0;0.0;0.0;0.0;87709.37;0.0;0.0
21690;488203;2016-05-10;DAP;K19;700;700;0;0;0.0;83739.21;83948.15;0.0;0.0;0.0;0.0;0.0;83929.67;0.0;0.0
21691;488204;2016-05-10;DAP;Q20;0;0;0;0;0.0;77607.57;77969.1;0.0;0.0;0.0;0.0;0.0;77951.93;0.0;0.0
21692;488205;2016-05-10;DAP;K21;0;0;0;0;0.0;73850.11;74425.67;0.0;0.0;0.0;0.0;0.0;74409.29;0.0;0.0
21693;488206;2016-05-10;DAP;Q22;0;0;0;0;0.0;68573.27;69319.65;0.0;0.0;0.0;0.0;0.0;69304.39;0.0;0.0
21694;488207;2016-05-10;DAP;K23;80;130;1;50;3836054.0;65884.2;66641.18;6.08;6.08;6.08;6.08;6.08;66626.51;0.0;0.0
21695;488208;2016-05-10;DAP;K24;0;0;0;0;0.0;62262.92;63079.12;0.0;0.0;0.0;0.0;0.0;63065.23;0.0;0.0
21696;488209;2016-05-10;DAP;Q24;0;0;0;0;0.0;61363.85;62194.02;0.0;0.0;0.0;0.0;0.0;62180.33;0.0;0.0
21697;488210;2016-05-10;DAP;Q26;0;0;0;0;0.0;54277.68;55242.12;0.0;0.0;0.0;0.0;0.0;55229.96;0.0;0.0
21698;488211;2016-05-10;DAP;Q30;0;0;0;0;0.0;43690.87;44291.06;0.0;0.0;0.0;0.0;0.0;44281.31;0.0;0.0
21699;488212;2016-05-11;DAP;Q16;0;0;0;0;0.0;97735.02;97770.66;0.0;0.0;0.0;0.0;0.0;97749.13;0.0;0.0
21700;488213;2016-05-11;DAP;K17;2480;2480;0;0;0.0;94218.22;94276.08;0.0;0.0;0.0;0.0;0.0;94255.32;0.0;0.0
21701;488214;2016-05-11;DAP;Q18;1750;1750;0;0;0.0;87728.68;87879.7;0.0;0.0;0.0;0.0;0.0;87860.34;0.0;0.0
21702;488215;2016-05-11;DAP;K19;700;970;6;270;26359983.0;83948.15;84276.05;5.9;5.9;5.9;5.9;5.9;84257.49;0.0;5.92
21703;488216;2016-05-11;DAP;Q20;0;0;0;0;0.0;77969.1;78394.91;0.0;0.0;0.0;0.0;0.0;78377.64;0.0;0.0
21704;488217;2016-05-11;DAP;K21;0;0;0;0;0.0;74425.67;74970.37;0.0;0.0;0.0;0.0;0.0;74953.86;0.0;0.0
21705;488218;2016-05-11;DAP;Q22;0;0;0;0;0.0;69319.65;69868.38;0.0;0.0;0.0;0.0;0.0;69852.99;0.0;0.0
21706;488219;2016-05-11;DAP;K23;130;130;0;0;0.0;66641.18;67096.96;0.0;0.0;0.0;0.0;0.0;67082.18;0.0;0.0
21707;488220;2016-05-11;DAP;K24;0;0;0;0;0.0;63079.12;63474.68;0.0;0.0;0.0;0.0;0.0;63460.7;0.0;0.0
21708;488221;2016-05-11;DAP;Q24;0;0;0;0;0.0;62194.02;62596.25;0.0;0.0;0.0;0.0;0.0;62582.46;0.0;0.0
21709;488222;2016-05-11;DAP;Q26;0;0;0;0;0.0;55242.12;55576.04;0.0;0.0;0.0;0.0;0.0;55563.8;0.0;0.0
21710;488223;2016-05-11;DAP;Q30;0;0;0;0;0.0;44291.06;44360.62;0.0;0.0;0.0;0.0;0.0;44350.85;0.0;0.0
21711;488224;2016-05-12;DAP;Q16;0;0;0;0;0.0;97770.66;97806.25;0.0;0.0;0.0;0.0;0.0;97784.7;0.0;0.0
21712;488225;2016-05-12;DAP;K17;2480;2480;0;0;0.0;94276.08;94307.03;0.0;0.0;0.0;0.0;0.0;94286.25;0.0;0.0
21713;488226;2016-05-12;DAP;Q18;1750;1750;0;0;0.0;87879.7;88086.75;0.0;0.0;0.0;0.0;0.0;88067.34;0.0;0.0
21714;488227;2016-05-12;DAP;K19;970;1295;3;325;31767843.0;84276.05;84557.06;5.89;5.8;5.89;5.88;5.8;84538.43;0.0;0.0
21715;488228;2016-05-12;DAP;Q20;0;0;0;0;0.0;78394.91;78759.52;0.0;0.0;0.0;0.0;0.0;78742.17;0.0;0.0
21716;488229;2016-05-12;DAP;K21;0;1800;4;1800;157150242.0;74970.37;75447.86;5.85;5.85;5.85;5.85;5.85;75431.23;0.0;0.0
21717;488230;2016-05-12;DAP;Q22;0;0;0;0;0.0;69868.38;70255.66;0.0;0.0;0.0;0.0;0.0;70240.18;0.0;0.0
21718;488231;2016-05-12;DAP;K23;130;2100;7;2290;178674080.0;67096.96;67377.94;5.88;5.8;5.88;5.84;5.84;67363.09;0.0;0.0
21719;488232;2016-05-12;DAP;K24;0;0;0;0;0.0;63474.68;63824.54;0.0;0.0;0.0;0.0;0.0;63810.48;0.0;0.0
21720;488233;2016-05-12;DAP;Q24;0;0;0;0;0.0;62596.25;62952.01;0.0;0.0;0.0;0.0;0.0;62938.14;0.0;0.0
21721;488234;2016-05-12;DAP;Q26;0;0;0;0;0.0;55576.04;56074.28;0.0;0.0;0.0;0.0;0.0;56061.92;0.0;0.0
21722;488235;2016-05-12;DAP;Q30;0;0;0;0;0.0;44360.62;44909.78;0.0;0.0;0.0;0.0;0.0;44899.88;0.0;0.0
21723;488236;2016-05-13;DAP;Q16;0;0;0;0;0.0;97806.25;97823.26;0.0;0.0;0.0;0.0;0.0;97801.69;0.0;0.0
21724;488237;2016-05-13;DAP;K17;2480;2480;0;0;0.0;94307.03;94337.93;0.0;0.0;0.0;0.0;0.0;94317.13;0.0;0.0
21725;488238;2016-05-13;DAP;Q18;1750;2010;7;270;27574840.0;88086.75;88050.42;5.81;5.81;5.81;5.81;5.81;88031.01;0.0;0.0
21726;488239;2016-05-13;DAP;K19;1295;1020;8;550;53965719.0;84557.06;84599.79;5.75;5.75;5.77;5.76;5.77;84581.14;0.0;0.0
21727;488240;2016-05-13;DAP;Q20;0;0;0;0;0.0;78759.52;78840.33;0.0;0.0;0.0;0.0;0.0;78822.95;0.0;0.0
21728;488241;2016-05-13;DAP;K21;1800;1800;0;0;0.0;75447.86;75500.32;0.0;0.0;0.0;0.0;0.0;75483.68;0.0;0.0
21729;488242;2016-05-13;DAP;Q22;0;0;0;0;0.0;70255.66;70437.17;0.0;0.0;0.0;0.0;0.0;70421.64;0.0;0.0
21730;488243;2016-05-13;DAP;K23;2100;2100;0;0;0.0;67377.94;67615.39;0.0;0.0;0.0;0.0;0.0;67600.48;0.0;0.0
21731;488244;2016-05-13;DAP;K24;0;0;0;0;0.0;63824.54;64127.9;0.0;0.0;0.0;0.0;0.0;64113.76;0.0;0.0
21732;488245;2016-05-13;DAP;Q24;0;0;0;0;0.0;62952.01;63260.49;0.0;0.0;0.0;0.0;0.0;63246.54;0.0;0.0
21733;488246;2016-05-13;DAP;Q26;0;0;0;0;0.0;56074.28;56304.13;0.0;0.0;0.0;0.0;0.0;56291.72;0.0;0.0
21734;488247;2016-05-13;DAP;Q30;0;0;0;0;0.0;44909.78;44980.16;0.0;0.0;0.0;0.0;0.0;44970.24;0.0;0.0
21735;488248;2016-05-16;DAP;Q16;0;0;0;0;0.0;97823.26;97850.68;0.0;0.0;0.0;0.0;0.0;97830.58;0.0;0.0
21736;488249;2016-05-16;DAP;K17;2480;2480;0;0;0.0;94337.93;94314.39;0.0;0.0;0.0;0.0;0.0;94295.01;0.0;0.0
21737;488250;2016-05-16;DAP;Q18;2010;2010;0;0;0.0;88050.42;87975.73;0.0;0.0;0.0;0.0;0.0;87957.65;0.0;0.0
21738;488251;2016-05-16;DAP;K19;1020;1020;0;0;0.0;84599.79;84569.79;0.0;0.0;0.0;0.0;0.0;84552.41;0.0;0.0
21739;488252;2016-05-16;DAP;Q20;0;0;0;0;0.0;78840.33;78825.12;0.0;0.0;0.0;0.0;0.0;78808.92;0.0;0.0
21740;488253;2016-05-16;DAP;K21;1800;1800;0;0;0.0;75500.32;75622.75;0.0;0.0;0.0;0.0;0.0;75607.21;0.0;0.0
21741;488254;2016-05-16;DAP;Q22;0;0;0;0;0.0;70437.17;70493.32;0.0;0.0;0.0;0.0;0.0;70478.84;0.0;0.0
21742;488255;2016-05-16;DAP;K23;2100;2100;0;0;0.0;67615.39;67673.99;0.0;0.0;0.0;0.0;0.0;67660.09;0.0;0.0
21743;488256;2016-05-16;DAP;K24;0;0;0;0;0.0;64127.9;64286.19;0.0;0.0;0.0;0.0;0.0;64272.98;0.0;0.0
21744;488257;2016-05-16;DAP;Q24;0;0;0;0;0.0;63260.49;63421.26;0.0;0.0;0.0;0.0;0.0;63408.23;0.0;0.0
21745;488258;2016-05-16;DAP;Q26;0;0;0;0;0.0;56304.13;56534.0;0.0;0.0;0.0;0.0;0.0;56522.38;0.0;0.0
21746;488259;2016-05-16;DAP;Q30;0;0;0;0;0.0;44980.16;44989.53;0.0;0.0;0.0;0.0;0.0;44980.29;0.0;0.0
21747;488260;2016-05-17;DAP;Q16;0;0;0;0;0.0;97850.68;97884.45;0.0;0.0;0.0;0.0;0.0;97864.11;0.0;0.0
21748;488261;2016-05-17;DAP;K17;2480;2480;0;0;0.0;94314.39;94380.72;0.0;0.0;0.0;0.0;0.0;94361.11;0.0;0.0
21749;488262;2016-05-17;DAP;Q18;2010;2010;0;0;0.0;87975.73;88033.12;0.0;0.0;0.0;0.0;0.0;88014.83;0.0;0.0
21750;488263;2016-05-17;DAP;K19;1020;1305;2;285;27986603.0;84569.79;84588.9;5.75;5.75;5.77;5.77;5.77;84571.33;0.0;0.0
21751;488264;2016-05-17;DAP;Q20;0;0;0;0;0.0;78825.12;78748.27;0.0;0.0;0.0;0.0;0.0;78731.91;0.0;0.0
21752;488265;2016-05-17;DAP;K21;1800;1800;0;0;0.0;75622.75;75426.82;0.0;0.0;0.0;0.0;0.0;75411.15;0.0;0.0
21753;488266;2016-05-17;DAP;Q22;0;0;0;0;0.0;70493.32;70260.87;0.0;0.0;0.0;0.0;0.0;70246.27;0.0;0.0
21754;488267;2016-05-17;DAP;K23;2100;2100;0;0;0.0;67673.99;67466.92;0.0;0.0;0.0;0.0;0.0;67452.9;0.0;0.0
21755;488268;2016-05-17;DAP;K24;0;0;0;0;0.0;64286.19;64155.5;0.0;0.0;0.0;0.0;0.0;64142.17;0.0;0.0
21756;488269;2016-05-17;DAP;Q24;0;0;0;0;0.0;63421.26;63336.85;0.0;0.0;0.0;0.0;0.0;63323.69;0.0;0.0
21757;488270;2016-05-17;DAP;Q26;0;0;0;0;0.0;56534.0;56437.48;0.0;0.0;0.0;0.0;0.0;56425.75;0.0;0.0
21758;488271;2016-05-17;DAP;Q30;0;0;0;0;0.0;44989.53;44879.13;0.0;0.0;0.0;0.0;0.0;44869.81;0.0;0.0
21759;488272;2016-05-18;DAP;Q16;0;0;0;0;0.0;97884.45;97922.21;0.0;0.0;0.0;0.0;0.0;97902.07;0.0;0.0
21760;488273;2016-05-18;DAP;K17;2480;2480;0;0;0.0;94380.72;94376.25;0.0;0.0;0.0;0.0;0.0;94356.84;0.0;0.0
21761;488274;2016-05-18;DAP;Q18;2010;2010;0;0;0.0;88033.12;87885.86;0.0;0.0;0.0;0.0;0.0;87867.79;0.0;0.0
21762;488275;2016-05-18;DAP;K19;1305;1805;10;560;55039661.0;84588.9;84370.73;5.77;5.75;5.77;5.76;5.75;84353.38;5.75;0.0
21763;488276;2016-05-18;DAP;Q20;0;0;0;0;0.0;78748.27;78451.63;0.0;0.0;0.0;0.0;0.0;78435.5;0.0;0.0
21764;488277;2016-05-18;DAP;K21;1800;1800;0;0;0.0;75426.82;75055.31;0.0;0.0;0.0;0.0;0.0;75039.87;0.0;0.0
21765;488278;2016-05-18;DAP;Q22;0;0;0;0;0.0;70260.87;69824.07;0.0;0.0;0.0;0.0;0.0;69809.71;0.0;0.0
21766;488279;2016-05-18;DAP;K23;2100;2100;0;0;0.0;67466.92;66995.96;0.0;0.0;0.0;0.0;0.0;66982.18;0.0;0.0
21767;488280;2016-05-18;DAP;K24;0;0;0;0;0.0;64155.5;63593.38;0.0;0.0;0.0;0.0;0.0;63580.3;0.0;0.0
21768;488281;2016-05-18;DAP;Q24;0;0;0;0;0.0;63336.85;62812.1;0.0;0.0;0.0;0.0;0.0;62799.18;0.0;0.0
21769;488282;2016-05-18;DAP;Q26;0;0;0;0;0.0;56437.48;55799.82;0.0;0.0;0.0;0.0;0.0;55788.34;0.0;0.0
21770;488283;2016-05-18;DAP;Q30;0;0;0;0;0.0;44879.13;43995.97;0.0;0.0;0.0;0.0;0.0;43986.92;0.0;0.0
21771;488284;2016-05-19;DAP;Q16;0;0;0;0;0.0;97922.21;97964.63;0.0;0.0;0.0;0.0;0.0;97944.26;0.0;0.0
21772;488285;2016-05-19;DAP;K17;2480;2480;0;0;0.0;94376.25;94416.01;0.0;0.0;0.0;0.0;0.0;94396.38;0.0;0.0
21773;488286;2016-05-19;DAP;Q18;2010;2010;0;0;0.0;87885.86;87943.27;0.0;0.0;0.0;0.0;0.0;87924.98;0.0;0.0
21774;488287;2016-05-19;DAP;K19;1805;1805;0;0;0.0;84370.73;84413.74;0.0;0.0;0.0;0.0;0.0;84396.19;0.0;0.0
21775;488288;2016-05-19;DAP;Q20;0;0;0;0;0.0;78451.63;78532.35;0.0;0.0;0.0;0.0;0.0;78516.02;0.0;0.0
21776;488289;2016-05-19;DAP;K21;1800;1800;0;0;0.0;75055.31;75213.55;0.0;0.0;0.0;0.0;0.0;75197.91;0.0;0.0
21777;488290;2016-05-19;DAP;Q22;0;0;0;0;0.0;69824.07;70004.33;0.0;0.0;0.0;0.0;0.0;69989.77;0.0;0.0
21778;488291;2016-05-19;DAP;K23;2100;2100;0;0;0.0;66995.96;67275.91;0.0;0.0;0.0;0.0;0.0;67261.92;0.0;0.0
21779;488292;2016-05-19;DAP;K24;0;0;0;0;0.0;63593.38;63895.19;0.0;0.0;0.0;0.0;0.0;63881.9;0.0;0.0
21780;488293;2016-05-19;DAP;Q24;0;0;0;0;0.0;62812.1;63119.44;0.0;0.0;0.0;0.0;0.0;63106.31;0.0;0.0
21781;488294;2016-05-19;DAP;Q26;0;0;0;0;0.0;55799.82;56136.55;0.0;0.0;0.0;0.0;0.0;56124.88;0.0;0.0
21782;488295;2016-05-19;DAP;Q30;0;0;0;0;0.0;43995.97;44242.46;0.0;0.0;0.0;0.0;0.0;44233.26;0.0;0.0
21783;488296;2016-05-20;DAP;Q16;0;5930;14;6030;686234170.0;97964.63;98002.8;8.86;8.84;8.86;8.85;8.84;98001.18;0.0;0.0
21784;488297;2016-05-20;DAP;K17;2480;2480;0;0;0.0;94416.01;94367.87;0.0;0.0;0.0;0.0;0.0;94366.31;0.0;0.0
21785;488298;2016-05-20;DAP;Q18;2010;2010;0;0;0.0;87943.27;87835.79;0.0;0.0;0.0;0.0;0.0;87834.34;0.0;0.0
21786;488299;2016-05-20;DAP;K19;1805;1805;0;0;0.0;84413.74;84298.86;0.0;0.0;0.0;0.0;0.0;84297.47;0.0;0.0
21787;488300;2016-05-20;DAP;Q20;0;0;0;0;0.0;78532.35;78410.01;0.0;0.0;0.0;0.0;0.0;78408.72;0.0;0.0
21788;488301;2016-05-20;DAP;K21;1800;1800;0;0;0.0;75213.55;75110.69;0.0;0.0;0.0;0.0;0.0;75109.45;0.0;0.0
21789;488302;2016-05-20;DAP;Q22;0;0;0;0;0.0;70004.33;69883.84;0.0;0.0;0.0;0.0;0.0;69882.69;0.0;0.0
21790;488303;2016-05-20;DAP;K23;2100;2100;0;0;0.0;67275.91;67145.94;0.0;0.0;0.0;0.0;0.0;67144.83;0.0;0.0
21791;488304;2016-05-20;DAP;K24;0;0;0;0;0.0;63895.19;63849.28;0.0;0.0;0.0;0.0;0.0;63848.23;0.0;0.0
21792;488305;2016-05-20;DAP;Q24;0;0;0;0;0.0;63119.44;63023.59;0.0;0.0;0.0;0.0;0.0;63022.55;0.0;0.0
21793;488306;2016-05-20;DAP;Q26;0;0;0;0;0.0;56136.55;56084.29;0.0;0.0;0.0;0.0;0.0;56083.36;0.0;0.0
21794;488307;2016-05-20;DAP;Q30;0;0;0;0;0.0;44242.46;44303.35;0.0;0.0;0.0;0.0;0.0;44302.62;0.0;0.0
21795;488308;2016-05-23;DAP;Q16;5930;5930;0;0;0.0;98002.8;98046.57;0.0;0.0;0.0;0.0;0.0;98029.95;0.0;0.0
21796;488309;2016-05-23;DAP;K17;2480;2480;0;0;0.0;94367.87;94335.42;0.0;0.0;0.0;0.0;0.0;94319.43;0.0;0.0
21797;488310;2016-05-23;DAP;Q18;2010;2010;0;0;0.0;87835.79;87575.51;0.0;0.0;0.0;0.0;0.0;87560.67;0.0;0.0
21798;488311;2016-05-23;DAP;K19;1805;1805;0;0;0.0;84298.86;83908.89;0.0;0.0;0.0;0.0;0.0;83894.67;0.0;0.0
21799;488312;2016-05-23;DAP;Q20;0;0;0;0;0.0;78410.01;77880.18;0.0;0.0;0.0;0.0;0.0;77866.98;0.0;0.0
21800;488313;2016-05-23;DAP;K21;1800;1800;0;0;0.0;75110.69;74336.06;0.0;0.0;0.0;0.0;0.0;74323.46;0.0;0.0
21801;488314;2016-05-23;DAP;Q22;0;0;0;0;0.0;69883.84;69016.22;0.0;0.0;0.0;0.0;0.0;69004.52;0.0;0.0
21802;488315;2016-05-23;DAP;K23;2100;2100;0;0;0.0;67145.94;66210.38;0.0;0.0;0.0;0.0;0.0;66199.16;0.0;0.0
21803;488316;2016-05-23;DAP;K24;0;0;0;0;0.0;63849.28;62781.53;0.0;0.0;0.0;0.0;0.0;62770.89;0.0;0.0
21804;488317;2016-05-23;DAP;Q24;0;0;0;0;0.0;63023.59;61982.6;0.0;0.0;0.0;0.0;0.0;61972.1;0.0;0.0
21805;488318;2016-05-23;DAP;Q26;0;0;0;0;0.0;56084.29;54876.48;0.0;0.0;0.0;0.0;0.0;54867.18;0.0;0.0
21806;488319;2016-05-23;DAP;Q30;0;0;0;0;0.0;44303.35;43324.02;0.0;0.0;0.0;0.0;0.0;43316.68;0.0;0.0
21807;488320;2016-05-24;DAP;Q16;5930;6450;3;520;59250812.0;98046.57;98069.07;8.99;8.99;8.99;8.99;8.99;98052.65;0.0;0.0
21808;488321;2016-05-24;DAP;K17;2480;2480;0;0;0.0;94335.42;94323.35;0.0;0.0;0.0;0.0;0.0;94307.55;0.0;0.0
21809;488322;2016-05-24;DAP;Q18;2010;2010;0;0;0.0;87575.51;87468.13;0.0;0.0;0.0;0.0;0.0;87453.48;0.0;0.0
21810;488323;2016-05-24;DAP;K19;1805;1805;1;20;1951117.0;83908.89;83765.26;6.11;6.11;6.11;6.11;6.11;83751.23;0.0;0.0
21811;488324;2016-05-24;DAP;Q20;0;0;0;0;0.0;77880.18;77743.85;0.0;0.0;0.0;0.0;0.0;77730.83;0.0;0.0
21812;488325;2016-05-24;DAP;K21;1800;1800;0;0;0.0;74336.06;74284.24;0.0;0.0;0.0;0.0;0.0;74271.8;0.0;0.0
21813;488326;2016-05-24;DAP;Q22;0;0;0;0;0.0;69016.22;68911.58;0.0;0.0;0.0;0.0;0.0;68900.04;0.0;0.0
21814;488327;2016-05-24;DAP;K23;2100;2100;0;0;0.0;66210.38;66139.3;0.0;0.0;0.0;0.0;0.0;66128.22;0.0;0.0
21815;488328;2016-05-24;DAP;K24;0;0;0;0;0.0;62781.53;62702.1;0.0;0.0;0.0;0.0;0.0;62691.6;0.0;0.0
21816;488329;2016-05-24;DAP;Q24;0;0;0;0;0.0;61982.6;61901.07;0.0;0.0;0.0;0.0;0.0;61890.7;0.0;0.0
21817;488330;2016-05-24;DAP;Q26;0;0;0;0;0.0;54876.48;54783.73;0.0;0.0;0.0;0.0;0.0;54774.56;0.0;0.0
21818;488331;2016-05-24;DAP;Q30;0;0;0;0;0.0;43324.02;43450.03;0.0;0.0;0.0;0.0;0.0;43442.75;0.0;0.0
21819;488332;2016-05-25;DAP;Q16;6450;6450;0;0;0.0;98069.07;98082.2;0.0;0.0;0.0;0.0;0.0;98065.55;0.0;0.0
21820;488333;2016-05-25;DAP;K17;2480;2480;0;0;0.0;94323.35;94303.43;0.0;0.0;0.0;0.0;0.0;94287.42;0.0;0.0
21821;488334;2016-05-25;DAP;Q18;2010;2010;0;0;0.0;87468.13;87379.98;0.0;0.0;0.0;0.0;0.0;87365.15;0.0;0.0
21822;488335;2016-05-25;DAP;K19;1805;1805;2;55;5367260.0;83765.26;83646.0;6.12;6.12;6.12;6.12;6.12;83631.8;0.0;0.0
21823;488336;2016-05-25;DAP;Q20;0;0;0;0;0.0;77743.85;77639.23;0.0;0.0;0.0;0.0;0.0;77626.05;0.0;0.0
21824;488337;2016-05-25;DAP;K21;1800;1800;0;0;0.0;74284.24;74198.34;0.0;0.0;0.0;0.0;0.0;74185.74;0.0;0.0
21825;488338;2016-05-25;DAP;Q22;0;0;0;0;0.0;68911.58;68887.95;0.0;0.0;0.0;0.0;0.0;68876.25;0.0;0.0
21826;488339;2016-05-25;DAP;K23;2100;2100;0;0;0.0;66139.3;66025.54;0.0;0.0;0.0;0.0;0.0;66014.33;0.0;0.0
21827;488340;2016-05-25;DAP;K24;0;0;0;0;0.0;62702.1;62576.33;0.0;0.0;0.0;0.0;0.0;62565.71;0.0;0.0
21828;488341;2016-05-25;DAP;Q24;0;0;0;0;0.0;61901.07;61724.62;0.0;0.0;0.0;0.0;0.0;61714.14;0.0;0.0
21829;488342;2016-05-25;DAP;Q26;0;0;0;0;0.0;54783.73;54638.96;0.0;0.0;0.0;0.0;0.0;54629.68;0.0;0.0
21830;488343;2016-05-25;DAP;Q30;0;0;0;0;0.0;43450.03;43286.49;0.0;0.0;0.0;0.0;0.0;43279.14;0.0;0.0
21831;488344;2016-05-27;DAP;Q16;6450;6450;0;0;0.0;98082.2;98099.62;0.0;0.0;0.0;0.0;0.0;98083.17;0.0;0.0
21832;488345;2016-05-27;DAP;K17;2480;2480;0;0;0.0;94303.43;94257.93;0.0;0.0;0.0;0.0;0.0;94242.13;0.0;0.0
21833;488346;2016-05-27;DAP;Q18;2010;2010;0;0;0.0;87379.98;87273.86;0.0;0.0;0.0;0.0;0.0;87259.23;0.0;0.0
21834;488347;2016-05-27;DAP;K19;1805;2355;2;550;53585268.0;83646.0;83526.99;6.2;6.2;6.2;6.2;6.2;83512.98;0.0;0.0
21835;488348;2016-05-27;DAP;Q20;0;0;0;0;0.0;77639.23;77442.66;0.0;0.0;0.0;0.0;0.0;77429.68;0.0;0.0
21836;488349;2016-05-27;DAP;K21;1800;1800;0;0;0.0;74198.34;74009.02;0.0;0.0;0.0;0.0;0.0;73996.61;0.0;0.0
21837;488350;2016-05-27;DAP;Q22;0;0;0;0;0.0;68887.95;68623.58;0.0;0.0;0.0;0.0;0.0;68612.07;0.0;0.0
21838;488351;2016-05-27;DAP;K23;2100;2100;0;0;0.0;66025.54;65782.93;0.0;0.0;0.0;0.0;0.0;65771.9;0.0;0.0
21839;488352;2016-05-27;DAP;K24;0;0;0;0;0.0;62576.33;62217.93;0.0;0.0;0.0;0.0;0.0;62207.5;0.0;0.0
21840;488353;2016-05-27;DAP;Q24;0;0;0;0;0.0;61724.62;61359.04;0.0;0.0;0.0;0.0;0.0;61348.75;0.0;0.0
21841;488354;2016-05-27;DAP;Q26;0;0;0;0;0.0;54638.96;54233.58;0.0;0.0;0.0;0.0;0.0;54224.49;0.0;0.0
21842;488355;2016-05-27;DAP;Q30;0;0;0;0;0.0;43286.49;42893.97;0.0;0.0;0.0;0.0;0.0;42886.78;0.0;0.0
21843;488356;2016-05-30;DAP;Q16;6450;6450;0;0;0.0;98099.62;98115.89;0.0;0.0;0.0;0.0;0.0;98099.42;0.0;0.0
21844;488357;2016-05-30;DAP;K17;2480;2480;0;0;0.0;94257.93;94247.16;0.0;0.0;0.0;0.0;0.0;94231.34;0.0;0.0
21845;488358;2016-05-30;DAP;Q18;2010;2010;0;0;0.0;87273.86;87331.47;0.0;0.0;0.0;0.0;0.0;87316.81;0.0;0.0
21846;488359;2016-05-30;DAP;K19;2355;2355;2;40;3898354.0;83526.99;83732.43;6.24;6.18;6.24;6.21;6.18;83718.37;0.0;0.0
21847;488360;2016-05-30;DAP;Q20;0;0;0;0;0.0;77442.66;77614.72;0.0;0.0;0.0;0.0;0.0;77601.69;0.0;0.0
21848;488361;2016-05-30;DAP;K21;1800;1800;0;0;0.0;74009.02;74164.72;0.0;0.0;0.0;0.0;0.0;74152.27;0.0;0.0
21849;488362;2016-05-30;DAP;Q22;0;0;0;0;0.0;68623.58;68800.3;0.0;0.0;0.0;0.0;0.0;68788.75;0.0;0.0
21850;488363;2016-05-30;DAP;K23;2100;2100;0;0;0.0;65782.93;65970.63;0.0;0.0;0.0;0.0;0.0;65959.56;0.0;0.0
21851;488364;2016-05-30;DAP;K24;0;0;0;0;0.0;62217.93;62512.13;0.0;0.0;0.0;0.0;0.0;62501.64;0.0;0.0
21852;488365;2016-05-30;DAP;Q24;0;0;0;0;0.0;61359.04;61658.18;0.0;0.0;0.0;0.0;0.0;61647.83;0.0;0.0
21853;488366;2016-05-30;DAP;Q26;0;0;0;0;0.0;54233.58;54559.74;0.0;0.0;0.0;0.0;0.0;54550.58;0.0;0.0
21854;488367;2016-05-30;DAP;Q30;0;0;0;0;0.0;42893.97;43248.97;0.0;0.0;0.0;0.0;0.0;43241.71;0.0;0.0
21855;488368;2016-05-31;DAP;Q16;6450;6450;2;90;10279575.0;98115.89;98140.71;9.19;9.19;9.19;9.19;9.19;98124.02;0.0;0.0
21856;488369;2016-05-31;DAP;K17;2480;2480;0;0;0.0;94247.16;94186.31;0.0;0.0;0.0;0.0;0.0;94170.29;0.0;0.0
21857;488370;2016-05-31;DAP;Q18;2010;2010;0;0;0.0;87331.47;87316.79;0.0;0.0;0.0;0.0;0.0;87301.94;0.0;0.0
21858;488371;2016-05-31;DAP;K19;2355;2355;2;45;4393116.0;83732.43;83660.16;6.17;6.17;6.17;6.17;6.17;83645.93;0.0;0.0
21859;488372;2016-05-31;DAP;Q20;0;0;0;0;0.0;77614.72;77480.24;0.0;0.0;0.0;0.0;0.0;77467.06;0.0;0.0
21860;488373;2016-05-31;DAP;K21;1800;1800;0;0;0.0;74164.72;74044.97;0.0;0.0;0.0;0.0;0.0;74032.38;0.0;0.0
21861;488374;2016-05-31;DAP;Q22;0;0;0;0;0.0;68800.3;68656.87;0.0;0.0;0.0;0.0;0.0;68645.19;0.0;0.0
21862;488375;2016-05-31;DAP;K23;2100;2100;0;0;0.0;65970.63;65900.52;0.0;0.0;0.0;0.0;0.0;65889.31;0.0;0.0
21863;488376;2016-05-31;DAP;K24;0;0;0;0;0.0;62512.13;62433.72;0.0;0.0;0.0;0.0;0.0;62423.1;0.0;0.0
21864;488377;2016-05-31;DAP;Q24;0;0;0;0;0.0;61658.18;61577.77;0.0;0.0;0.0;0.0;0.0;61567.3;0.0;0.0
21865;488378;2016-05-31;DAP;Q26;0;0;0;0;0.0;54559.74;54468.13;0.0;0.0;0.0;0.0;0.0;54458.87;0.0;0.0
21866;488379;2016-05-31;DAP;Q30;0;0;0;0;0.0;43248.97;43029.04;0.0;0.0;0.0;0.0;0.0;43021.72;0.0;0.0
21867;488380;2016-06-01;DAP;Q16;6450;6450;0;0;0.0;98140.71;98169.27;0.0;0.0;0.0;0.0;0.0;98152.77;0.0;0.0
21868;488381;2016-06-01;DAP;K17;2480;2480;0;0;0.0;94186.31;94251.66;0.0;0.0;0.0;0.0;0.0;94235.82;0.0;0.0
21869;488382;2016-06-01;DAP;Q18;2010;2010;0;0;0.0;87316.79;87482.58;0.0;0.0;0.0;0.0;0.0;87467.88;0.0;0.0
21870;488383;2016-06-01;DAP;K19;2355;2355;3;65;6355174.0;83660.16;83842.03;6.14;6.12;6.14;6.14;6.12;83827.94;0.0;6.28
21871;488384;2016-06-01;DAP;Q20;0;0;0;0;0.0;77480.24;77651.91;0.0;0.0;0.0;0.0;0.0;77638.86;0.0;0.0
21872;488385;2016-06-01;DAP;K21;1800;1800;0;0;0.0;74044.97;74200.37;0.0;0.0;0.0;0.0;0.0;74187.9;0.0;0.0
21873;488386;2016-06-01;DAP;Q22;0;0;0;0;0.0;68656.87;68753.26;0.0;0.0;0.0;0.0;0.0;68741.7;0.0;0.0
21874;488387;2016-06-01;DAP;K23;2100;2100;0;0;0.0;65900.52;66002.1;0.0;0.0;0.0;0.0;0.0;65991.01;0.0;0.0
21875;488388;2016-06-01;DAP;K24;0;0;0;0;0.0;62433.72;62448.34;0.0;0.0;0.0;0.0;0.0;62437.84;0.0;0.0
21876;488389;2016-06-01;DAP;Q24;0;0;0;0;0.0;61577.77;61592.15;0.0;0.0;0.0;0.0;0.0;61581.8;0.0;0.0
21877;488390;2016-06-01;DAP;Q26;0;0;0;0;0.0;54468.13;54533.19;0.0;0.0;0.0;0.0;0.0;54524.02;0.0;0.0
21878;488391;2016-06-01;DAP;Q30;0;0;0;0;0.0;43029.04;43154.05;0.0;0.0;0.0;0.0;0.0;43146.8;0.0;0.0
21879;488392;2016-06-02;DAP;Q16;6450;6450;0;0;0.0;98169.27;98179.73;0.0;0.0;0.0;0.0;0.0;98163.22;0.0;0.0
21880;488393;2016-06-02;DAP;K17;2480;2480;0;0;0.0;94251.66;94275.08;0.0;0.0;0.0;0.0;0.0;94259.23;0.0;0.0
21881;488394;2016-06-02;DAP;Q18;2010;2010;0;0;0.0;87482.58;87648.45;0.0;0.0;0.0;0.0;0.0;87633.71;6.11;6.24
21882;488395;2016-06-02;DAP;K19;2355;2355;2;40;3913942.0;83842.03;84093.74;6.13;6.13;6.13;6.13;6.13;84079.6;6.01;6.14
21883;488396;2016-06-02;DAP;Q20;0;0;0;0;0.0;77651.91;77977.68;0.0;0.0;0.0;0.0;0.0;77964.57;0.0;0.0
21884;488397;2016-06-02;DAP;K21;1800;1800;0;0;0.0;74200.37;74494.27;0.0;0.0;0.0;0.0;0.0;74481.74;0.0;0.0
21885;488398;2016-06-02;DAP;Q22;0;0;0;0;0.0;68753.26;69090.6;0.0;0.0;0.0;0.0;0.0;69078.98;0.0;0.0
21886;488399;2016-06-02;DAP;K23;2100;2100;0;0;0.0;66002.1;66319.63;0.0;0.0;0.0;0.0;0.0;66308.48;0.0;0.0
21887;488400;2016-06-02;DAP;K24;0;0;0;0;0.0;62448.34;62790.04;0.0;0.0;0.0;0.0;0.0;62779.48;0.0;0.0
21888;488401;2016-06-02;DAP;Q24;0;0;0;0;0.0;61592.15;61892.02;0.0;0.0;0.0;0.0;0.0;61881.61;0.0;0.0
21889;488402;2016-06-02;DAP;Q26;0;0;0;0;0.0;54533.19;54860.82;0.0;0.0;0.0;0.0;0.0;54851.59;0.0;0.0
21890;488403;2016-06-02;DAP;Q30;0;0;0;0;0.0;43154.05;43337.23;0.0;0.0;0.0;0.0;0.0;43329.94;0.0;0.0
21891;488404;2016-06-03;DAP;Q16;6450;6450;0;0;0.0;98179.73;98192.97;0.0;0.0;0.0;0.0;0.0;98176.44;0.0;0.0
21892;488405;2016-06-03;DAP;K17;2480;2480;0;0;0.0;94275.08;94306.86;0.0;0.0;0.0;0.0;0.0;94290.98;0.0;0.0
21893;488406;2016-06-03;DAP;Q18;2010;2010;1;80;8185580.0;87648.45;87923.08;6.11;6.11;6.11;6.11;6.11;87908.28;0.0;0.0
21894;488407;2016-06-03;DAP;K19;2355;3260;5;1180;116123717.0;84093.74;84438.97;5.94;5.94;6.0;5.94;5.94;84424.75;0.0;0.0
21895;488408;2016-06-03;DAP;Q20;0;0;0;0;0.0;77977.68;78459.33;0.0;0.0;0.0;0.0;0.0;78446.12;0.0;0.0
21896;488409;2016-06-03;DAP;K21;1800;1800;2;95;8246212.0;74494.27;74893.34;6.16;6.16;6.16;6.16;6.16;74880.73;0.0;0.0
21897;488410;2016-06-03;DAP;Q22;0;0;0;0;0.0;69090.6;69631.81;0.0;0.0;0.0;0.0;0.0;69620.09;0.0;0.0
21898;488411;2016-06-03;DAP;K23;2100;2100;2;105;8114071.0;66319.63;66899.75;6.12;6.12;6.12;6.12;6.12;66888.49;0.0;0.0
21899;488412;2016-06-03;DAP;K24;0;0;0;0;0.0;62790.04;63369.55;0.0;0.0;0.0;0.0;0.0;63358.88;0.0;0.0
21900;488413;2016-06-03;DAP;Q24;0;0;0;0;0.0;61892.02;62529.7;0.0;0.0;0.0;0.0;0.0;62519.17;0.0;0.0
21901;488414;2016-06-03;DAP;Q26;0;0;0;0;0.0;54860.82;55562.33;0.0;0.0;0.0;0.0;0.0;55552.97;0.0;0.0
21902;488415;2016-06-03;DAP;Q30;0;0;0;0;0.0;43337.23;43753.94;0.0;0.0;0.0;0.0;0.0;43746.57;0.0;0.0
21903;488416;2016-06-06;DAP;Q16;6450;6450;0;0;0.0;98192.97;98208.86;0.0;0.0;0.0;0.0;0.0;98192.31;0.0;0.0
21904;488417;2016-06-06;DAP;K17;2480;2480;0;0;0.0;94306.86;94330.26;0.0;0.0;0.0;0.0;0.0;94314.37;0.0;0.0
21905;488418;2016-06-06;DAP;Q18;2010;2010;0;0;0.0;87923.08;88034.34;0.0;0.0;0.0;0.0;0.0;88019.51;0.0;0.0
21906;488419;2016-06-06;DAP;K19;3260;3260;0;0;0.0;84438.97;84551.56;0.0;0.0;0.0;0.0;0.0;84537.32;0.0;0.0
21907;488420;2016-06-06;DAP;Q20;0;0;0;0;0.0;78459.33;78477.39;0.0;0.0;0.0;0.0;0.0;78464.17;0.0;0.0
21908;488421;2016-06-06;DAP;K21;1800;1800;0;0;0.0;74893.34;74910.8;0.0;0.0;0.0;0.0;0.0;74898.18;0.0;0.0
21909;488422;2016-06-06;DAP;Q22;0;0;0;0;0.0;69631.81;69729.15;0.0;0.0;0.0;0.0;0.0;69717.4;0.0;0.0
21910;488423;2016-06-06;DAP;K23;2100;2100;0;0;0.0;66899.75;66915.21;0.0;0.0;0.0;0.0;0.0;66903.94;0.0;0.0
21911;488424;2016-06-06;DAP;K24;0;0;0;0;0.0;63369.55;63384.07;0.0;0.0;0.0;0.0;0.0;63373.39;0.0;0.0
21912;488425;2016-06-06;DAP;Q24;0;0;0;0;0.0;62529.7;62495.8;0.0;0.0;0.0;0.0;0.0;62485.27;0.0;0.0
21913;488426;2016-06-06;DAP;Q26;0;0;0;0;0.0;55562.33;55415.35;0.0;0.0;0.0;0.0;0.0;55406.01;0.0;0.0
21914;488427;2016-06-06;DAP;Q30;0;0;0;0;0.0;43753.94;43939.55;0.0;0.0;0.0;0.0;0.0;43932.15;0.0;0.0
21915;488428;2016-06-07;DAP;Q16;6450;6450;0;0;0.0;98208.86;98205.19;0.0;0.0;0.0;0.0;0.0;98210.73;0.0;0.0
21916;488429;2016-06-07;DAP;K17;2480;8890;13;6410;705365144.0;94330.26;94340.71;6.49;6.38;6.49;6.4;6.43;94346.03;0.0;0.0
21917;488430;2016-06-07;DAP;Q18;2010;2010;0;0;0.0;88034.34;88034.93;0.0;0.0;0.0;0.0;0.0;88039.9;5.94;6.06
21918;488431;2016-06-07;DAP;K19;3260;3260;0;0;0.0;84551.56;84505.29;0.0;0.0;0.0;0.0;0.0;84510.06;5.82;5.94
21919;488432;2016-06-07;DAP;Q20;0;0;0;0;0.0;78477.39;78385.03;0.0;0.0;0.0;0.0;0.0;78389.45;0.0;0.0
21920;488433;2016-06-07;DAP;K21;1800;1800;0;0;0.0;74910.8;74703.39;0.0;0.0;0.0;0.0;0.0;74707.6;0.0;0.0
21921;488434;2016-06-07;DAP;Q22;0;0;0;0;0.0;69729.15;69486.78;0.0;0.0;0.0;0.0;0.0;69490.7;0.0;0.0
21922;488435;2016-06-07;DAP;K23;2100;2100;0;0;0.0;66915.21;66654.64;0.0;0.0;0.0;0.0;0.0;66658.4;5.99;6.11
21923;488436;2016-06-07;DAP;K24;0;0;0;0;0.0;63384.07;63007.43;0.0;0.0;0.0;0.0;0.0;63010.98;0.0;0.0
21924;488437;2016-06-07;DAP;Q24;0;0;0;0;0.0;62495.8;62112.29;0.0;0.0;0.0;0.0;0.0;62115.79;0.0;0.0
21925;488438;2016-06-07;DAP;Q26;0;0;0;0;0.0;55415.35;54992.33;0.0;0.0;0.0;0.0;0.0;54995.43;0.0;0.0
21926;488439;2016-06-07;DAP;Q30;0;0;0;0;0.0;43939.55;43764.4;0.0;0.0;0.0;0.0;0.0;43766.87;0.0;0.0
21927;488440;2016-06-08;DAP;Q16;6450;11930;10;8665;993265124.0;98205.19;98273.98;9.65;9.55;9.65;9.55;9.55;98258.87;0.0;0.0
21928;488441;2016-06-08;DAP;K17;8890;9360;6;475;52306661.0;94340.71;94441.59;6.4;6.34;6.45;6.39;6.34;94427.07;0.0;0.0
21929;488442;2016-06-08;DAP;Q18;2010;2010;0;0;0.0;88034.93;88110.04;0.0;0.0;0.0;0.0;0.0;88096.49;0.0;0.0
21930;488443;2016-06-08;DAP;K19;3260;3260;0;0;0.0;84505.29;84588.92;0.0;0.0;0.0;0.0;0.0;84575.91;0.0;0.0
21931;488444;2016-06-08;DAP;Q20;0;0;0;0;0.0;78385.03;78543.3;0.0;0.0;0.0;0.0;0.0;78531.22;0.0;0.0
21932;488445;2016-06-08;DAP;K21;1800;1800;0;0;0.0;74703.39;75014.11;0.0;0.0;0.0;0.0;0.0;75002.57;0.0;0.0
21933;488446;2016-06-08;DAP;Q22;0;0;0;0;0.0;69486.78;69760.48;0.0;0.0;0.0;0.0;0.0;69749.75;0.0;0.0
21934;488447;2016-06-08;DAP;K23;2100;2100;0;0;0.0;66654.64;66988.73;0.0;0.0;0.0;0.0;0.0;66978.43;0.0;0.0
21935;488448;2016-06-08;DAP;K24;0;0;0;0;0.0;63007.43;63270.54;0.0;0.0;0.0;0.0;0.0;63260.81;0.0;0.0
21936;488449;2016-06-08;DAP;Q24;0;0;0;0;0.0;62112.29;62379.25;0.0;0.0;0.0;0.0;0.0;62369.66;0.0;0.0
21937;488450;2016-06-08;DAP;Q26;0;0;0;0;0.0;54992.33;55175.06;0.0;0.0;0.0;0.0;0.0;55166.58;0.0;0.0
21938;488451;2016-06-08;DAP;Q30;0;0;0;0;0.0;43764.4;44076.59;0.0;0.0;0.0;0.0;0.0;44069.81;0.0;0.0
21939;488452;2016-06-09;DAP;Q16;11930;11930;0;0;0.0;98273.98;98320.01;0.0;0.0;0.0;0.0;0.0;98304.87;0.0;0.0
21940;488453;2016-06-09;DAP;K17;9360;9360;0;0;0.0;94441.59;94497.61;0.0;0.0;0.0;0.0;0.0;94483.06;0.0;0.0
21941;488454;2016-06-09;DAP;Q18;2010;2010;0;0;0.0;88110.04;88148.49;0.0;0.0;0.0;0.0;0.0;88134.92;0.0;0.0
21942;488455;2016-06-09;DAP;K19;3260;3335;1;75;7412843.0;84588.92;84631.48;5.88;5.88;5.88;5.88;5.88;84618.45;0.0;0.0
21943;488456;2016-06-09;DAP;Q20;0;0;0;0;0.0;78543.3;78530.44;0.0;0.0;0.0;0.0;0.0;78518.35;0.0;0.0
21944;488457;2016-06-09;DAP;K21;1800;1800;0;0;0.0;75014.11;75031.55;0.0;0.0;0.0;0.0;0.0;75020.0;0.0;0.0
21945;488458;2016-06-09;DAP;Q22;0;0;0;0;0.0;69760.48;69776.67;0.0;0.0;0.0;0.0;0.0;69765.93;0.0;0.0
21946;488459;2016-06-09;DAP;K23;2100;2100;0;0;0.0;66988.73;66873.52;0.0;0.0;0.0;0.0;0.0;66863.22;0.0;0.0
21947;488460;2016-06-09;DAP;K24;0;0;0;0;0.0;63270.54;63143.88;0.0;0.0;0.0;0.0;0.0;63134.16;0.0;0.0
21948;488461;2016-06-09;DAP;Q24;0;0;0;0;0.0;62379.25;62201.95;0.0;0.0;0.0;0.0;0.0;62192.37;0.0;0.0
21949;488462;2016-06-09;DAP;Q26;0;0;0;0;0.0;55175.06;55029.58;0.0;0.0;0.0;0.0;0.0;55021.11;0.0;0.0
21950;488463;2016-06-09;DAP;Q30;0;0;0;0;0.0;44076.59;43969.36;0.0;0.0;0.0;0.0;0.0;43962.59;0.0;0.0
21951;488464;2016-06-10;DAP;Q16;11930;11930;0;0;0.0;98320.01;98373.82;0.0;0.0;0.0;0.0;0.0;98358.66;0.0;0.0
21952;488465;2016-06-10;DAP;K17;9360;9360;0;0;0.0;94497.61;94577.96;0.0;0.0;0.0;0.0;0.0;94563.39;0.0;0.0
21953;488466;2016-06-10;DAP;Q18;2010;2010;1;80;8233786.0;88148.49;88259.18;5.98;5.98;5.98;5.98;5.98;88245.58;0.0;0.0
21954;488467;2016-06-10;DAP;K19;3335;3335;0;0;0.0;84631.48;84627.57;0.0;0.0;0.0;0.0;0.0;84614.53;0.0;0.0
21955;488468;2016-06-10;DAP;Q20;0;0;0;0;0.0;78530.44;78363.48;0.0;0.0;0.0;0.0;0.0;78351.41;0.0;0.0
21956;488469;2016-06-10;DAP;K21;1800;1800;0;0;0.0;75031.55;74702.8;0.0;0.0;0.0;0.0;0.0;74691.29;0.0;0.0
21957;488470;2016-06-10;DAP;Q22;0;0;0;0;0.0;69776.67;69389.06;0.0;0.0;0.0;0.0;0.0;69378.37;0.0;0.0
21958;488471;2016-06-10;DAP;K23;2100;2100;0;0;0.0;66873.52;66455.71;0.0;0.0;0.0;0.0;0.0;66445.47;0.0;0.0
21959;488472;2016-06-10;DAP;K24;0;0;0;0;0.0;63143.88;62737.05;0.0;0.0;0.0;0.0;0.0;62727.38;0.0;0.0
21960;488473;2016-06-10;DAP;Q24;0;0;0;0;0.0;62201.95;61787.65;0.0;0.0;0.0;0.0;0.0;61778.13;0.0;0.0
21961;488474;2016-06-10;DAP;Q26;0;0;0;0;0.0;55029.58;54675.03;0.0;0.0;0.0;0.0;0.0;54666.61;0.0;0.0
21962;488475;2016-06-10;DAP;Q30;0;0;0;0;0.0;43969.36;43804.09;0.0;0.0;0.0;0.0;0.0;43797.34;0.0;0.0
21963;488476;2016-06-13;DAP;Q16;11930;12430;4;700;80453871.0;98373.82;98417.25;9.43;9.4;9.43;9.41;9.4;98402.08;0.0;0.0
21964;488477;2016-06-13;DAP;K17;9360;9360;0;0;0.0;94577.96;94633.42;0.0;0.0;0.0;0.0;0.0;94618.83;0.0;0.0
21965;488478;2016-06-13;DAP;Q18;2010;2010;0;0;0.0;88259.18;88297.42;0.0;0.0;0.0;0.0;0.0;88283.81;0.0;0.0
21966;488479;2016-06-13;DAP;K19;3335;3335;0;0;0.0;84627.57;84623.72;0.0;0.0;0.0;0.0;0.0;84610.67;0.0;0.0
21967;488480;2016-06-13;DAP;Q20;0;0;0;0;0.0;78363.48;78443.27;0.0;0.0;0.0;0.0;0.0;78431.18;0.0;0.0
21968;488481;2016-06-13;DAP;K21;1800;1800;0;0;0.0;74702.8;74858.61;0.0;0.0;0.0;0.0;0.0;74847.07;0.0;0.0
21969;488482;2016-06-13;DAP;Q22;0;0;0;0;0.0;69389.06;69606.91;0.0;0.0;0.0;0.0;0.0;69596.18;0.0;0.0
21970;488483;2016-06-13;DAP;K23;2100;2100;0;0;0.0;66455.71;66730.87;0.0;0.0;0.0;0.0;0.0;66720.58;0.0;0.0
21971;488484;2016-06-13;DAP;K24;0;0;0;0;0.0;62737.05;62985.45;0.0;0.0;0.0;0.0;0.0;62975.74;0.0;0.0
21972;488485;2016-06-13;DAP;Q24;0;0;0;0;0.0;61787.65;62039.85;0.0;0.0;0.0;0.0;0.0;62030.28;0.0;0.0
21973;488486;2016-06-13;DAP;Q26;0;0;0;0;0.0;54675.03;54897.53;0.0;0.0;0.0;0.0;0.0;54889.07;0.0;0.0
21974;488487;2016-06-13;DAP;Q30;0;0;0;0;0.0;43804.09;43931.11;0.0;0.0;0.0;0.0;0.0;43924.34;0.0;0.0
21975;488488;2016-06-14;DAP;Q16;12430;12430;0;0;0.0;98417.25;98449.57;0.0;0.0;0.0;0.0;0.0;98434.17;0.0;0.0
21976;488489;2016-06-14;DAP;K17;9360;9620;2;260;28752484.0;94633.42;94664.43;6.21;6.21;6.21;6.21;6.21;94649.62;0.0;0.0
21977;488490;2016-06-14;DAP;Q18;2010;3010;4;1620;167270111.0;88297.42;88371.9;5.89;5.88;5.89;5.88;5.88;88358.07;5.82;5.92
21978;488491;2016-06-14;DAP;K19;3335;4160;3;825;81762021.0;84623.72;84666.41;5.84;5.84;5.85;5.85;5.85;84653.16;5.8;5.9
21979;488492;2016-06-14;DAP;Q20;0;0;0;0;0.0;78443.27;78461.63;0.0;0.0;0.0;0.0;0.0;78449.35;0.0;0.0
21980;488493;2016-06-14;DAP;K21;1800;1800;0;0;0.0;74858.61;74945.51;0.0;0.0;0.0;0.0;0.0;74933.78;0.0;0.0
21981;488494;2016-06-14;DAP;Q22;0;0;0;0;0.0;69606.91;69663.71;0.0;0.0;0.0;0.0;0.0;69652.81;0.0;0.0
21982;488495;2016-06-14;DAP;K23;2100;2100;0;0;0.0;66730.87;66833.31;0.0;0.0;0.0;0.0;0.0;66822.85;5.97;6.09
21983;488496;2016-06-14;DAP;K24;0;0;0;0;0.0;62985.45;63093.98;0.0;0.0;0.0;0.0;0.0;63084.11;0.0;0.0
21984;488497;2016-06-14;DAP;Q24;0;0;0;0;0.0;62039.85;62149.76;0.0;0.0;0.0;0.0;0.0;62140.04;0.0;0.0
21985;488498;2016-06-14;DAP;Q26;0;0;0;0;0.0;54897.53;55068.28;0.0;0.0;0.0;0.0;0.0;55059.66;0.0;0.0
21986;488499;2016-06-14;DAP;Q30;0;0;0;0;0.0;43931.11;44117.29;0.0;0.0;0.0;0.0;0.0;44110.39;0.0;0.0
