;id;time_stamp;contract;maturity_code;open_interest_open;open_interest_close;number_of_trades;trading_volume;financial_volume;previous_settlement;indexed_settlement;opening_price;minimum_price;maximum_price;average_price;last_price;settlement_price;last_bid;last_offer
169696;1467711;2026-01-02;FRC;F27;0.0;0.0;17;10633;1256656509.67;4.68;4.68;4.67;4.67;4.67;4.67;4.67;4.67;4.67;4.69
169697;1467712;2026-01-02;FRC;F28;0.0;0.0;10;6229;719456681.91;4.7;4.7;4.7;4.68;4.7;4.68;4.69;4.68;0.0;0.0
169698;1467713;2026-01-02;FRC;F29;0.0;0.0;14;8233;928076143.27;4.83;4.83;4.83;4.81;4.83;4.82;4.81;4.81;0.0;0.0
169699;1467714;2026-01-02;FRC;F30;0.0;0.0;7;716;78603442.04;5.0;5.0;5.02;5.01;5.02;5.01;5.01;5.01;0.0;0.0
169700;1467715;2026-01-02;FRC;F32;0.0;0.0;3;525;22269143.25;5.51;5.51;5.51;5.51;5.51;5.51;5.51;5.51;0.0;0.0
169701;1467716;2026-01-02;FRC;H26;0.0;0.0;8;7985;393903580.65;4.81;4.81;4.79;4.79;4.79;4.79;4.79;4.79;0.0;0.0
169702;1467717;2026-01-02;FRC;J26;0.0;0.0;19;25042;1232884532.28;4.8;4.8;4.8;4.79;4.8;4.79;4.8;4.79;0.0;0.0
169703;1467718;2026-01-02;FRC;J27;0.0;0.0;10;1812;87201388.38;4.63;4.63;4.62;4.62;4.62;4.62;4.62;4.62;4.62;0.0
169704;1467719;2026-01-02;FRC;J29;0.0;0.0;2;5316;243823609.14;4.85;4.85;4.85;4.85;4.85;4.85;4.85;4.84;0.0;0.0
169705;1467720;2026-01-02;FRC;K26;0.0;0.0;15;33698;1655523446.42;4.74;4.74;4.76;4.76;4.76;4.76;4.76;4.76;0.0;0.0
169706;1467721;2026-01-02;FRC;M26;0.0;0.0;10;10776;528459200.94;4.73;4.73;4.74;4.74;4.74;4.74;4.74;4.74;0.0;0.0
169707;1467722;2026-01-02;FRC;N26;0.0;0.0;17;14952;1788305185.58;4.69;4.69;4.7;4.7;4.7;4.7;4.7;4.7;0.0;4.7
169708;1467723;2026-01-02;FRC;N27;0.0;0.0;4;1551;74226520.79;4.6;4.6;4.61;4.61;4.61;4.61;4.61;4.61;0.0;0.0
169709;1467724;2026-01-02;FRC;Q26;0.0;0.0;1;99;4835635.21;4.7;4.7;4.71;4.71;4.71;4.71;4.71;4.71;0.0;4.71
169710;1467725;2026-01-02;FRC;U26;0.0;0.0;6;3217;156850289.83;4.68;4.68;4.69;4.69;4.69;4.69;4.69;4.69;0.0;0.0
169711;1467726;2026-01-02;FRC;V26;0.0;0.0;9;4824;234750721.46;4.68;4.68;4.69;4.69;4.69;4.69;4.69;4.69;0.0;0.0
169712;1467727;2026-01-02;FRC;V27;0.0;0.0;1;193;9181463.97;4.67;4.67;4.65;4.65;4.65;4.65;4.65;4.65;0.0;0.0
169713;1467728;2026-01-02;FRC;X26;0.0;0.0;1;138;6701595.02;4.67;4.67;4.69;4.69;4.69;4.69;4.69;4.67;0.0;0.0
169714;1467729;2026-01-02;FRC;Z26;0.0;0.0;5;2453;118923558.37;4.66;4.66;4.66;4.66;4.66;4.66;4.66;4.66;0.0;0.0
169715;1467730;2026-01-02;FRC;F31;0.0;0.0;0;0;0.0;5.24;5.24;0.0;0.0;0.0;0.0;0.0;5.25;0.0;0.0
169716;1467731;2026-01-02;FRC;F33;0.0;0.0;0;0;0.0;5.75;5.75;0.0;0.0;0.0;0.0;0.0;5.75;0.0;0.0
169717;1467732;2026-01-02;FRC;F34;0.0;0.0;0;0;0.0;6.03;6.03;0.0;0.0;0.0;0.0;0.0;6.03;0.0;0.0
169718;1467733;2026-01-02;FRC;F35;0.0;0.0;0;0;0.0;6.28;6.28;0.0;0.0;0.0;0.0;0.0;6.28;0.0;0.0
169719;1467734;2026-01-02;FRC;F36;0.0;0.0;0;0;0.0;6.52;6.52;0.0;0.0;0.0;0.0;0.0;6.52;0.0;0.0
169720;1467735;2026-01-02;FRC;F37;0.0;0.0;0;0;0.0;6.83;6.83;0.0;0.0;0.0;0.0;0.0;6.83;0.0;0.0
169721;1467736;2026-01-02;FRC;F38;0.0;0.0;0;0;0.0;7.12;7.12;0.0;0.0;0.0;0.0;0.0;7.12;0.0;0.0
169722;1467737;2026-01-02;FRC;F39;0.0;0.0;0;0;0.0;7.4;7.4;0.0;0.0;0.0;0.0;0.0;7.4;0.0;0.0
169723;1467738;2026-01-02;FRC;F40;0.0;0.0;0;0;0.0;7.67;7.67;0.0;0.0;0.0;0.0;0.0;7.67;0.0;0.0
169724;1467739;2026-01-02;FRC;J28;0.0;0.0;0;0;0.0;4.7;4.7;0.0;0.0;0.0;0.0;0.0;4.68;0.0;0.0
169725;1467740;2026-01-02;FRC;J30;0.0;0.0;0;0;0.0;5.02;5.02;0.0;0.0;0.0;0.0;0.0;5.04;0.0;0.0
169726;1467741;2026-01-02;FRC;J31;0.0;0.0;0;0;0.0;0.0;0.0;0.0;0.0;0.0;0.0;0.0;5.33;0.0;0.0
169727;1467742;2026-01-02;FRC;N28;0.0;0.0;0;0;0.0;4.71;4.71;0.0;0.0;0.0;0.0;0.0;4.69;0.0;0.0
169728;1467743;2026-01-02;FRC;N29;0.0;0.0;0;0;0.0;4.9;4.9;0.0;0.0;0.0;0.0;0.0;4.89;0.0;0.0
169729;1467744;2026-01-02;FRC;N30;0.0;0.0;0;0;0.0;5.11;5.11;0.0;0.0;0.0;0.0;0.0;5.1;0.0;0.0
169730;1467745;2026-01-02;FRC;N31;0.0;0.0;0;0;0.0;0.0;0.0;0.0;0.0;0.0;0.0;0.0;5.38;0.0;0.0
169731;1467746;2026-01-02;FRC;Q27;0.0;0.0;0;0;0.0;4.6;4.6;0.0;0.0;0.0;0.0;0.0;4.6;0.0;0.0
169732;1467747;2026-01-02;FRC;V28;0.0;0.0;0;0;0.0;4.78;4.78;0.0;0.0;0.0;0.0;0.0;4.76;0.0;0.0
169733;1467748;2026-01-02;FRC;V29;0.0;0.0;0;0;0.0;4.95;4.95;0.0;0.0;0.0;0.0;0.0;4.95;0.0;0.0
169734;1467749;2026-01-02;FRC;V30;0.0;0.0;0;0;0.0;5.12;5.12;0.0;0.0;0.0;0.0;0.0;5.14;0.0;0.0
169735;1467750;2026-01-02;FRC;V31;0.0;0.0;0;0;0.0;0.0;0.0;0.0;0.0;0.0;0.0;0.0;5.45;0.0;0.0
169736;1467929;2026-01-05;FRC;F27;0.0;0.0;44;15396;1823077092.82;4.67;4.67;4.67;4.65;4.67;4.65;4.65;4.65;4.65;0.0
169737;1467930;2026-01-05;FRC;F28;0.0;0.0;14;5674;656820194.58;4.68;4.68;4.68;4.66;4.68;4.66;4.66;4.66;0.0;0.0
169738;1467931;2026-01-05;FRC;F29;0.0;0.0;25;8710;983935761.1;4.81;4.81;4.81;4.79;4.81;4.79;4.79;4.79;0.0;0.0
169739;1467932;2026-01-05;FRC;F30;0.0;0.0;12;1631;179728580.27;5.01;5.01;5.01;4.98;5.01;4.98;4.98;4.98;4.98;5.0
169740;1467933;2026-01-05;FRC;F31;0.0;0.0;2;1057;113210662.69;5.25;5.25;5.25;5.23;5.25;5.23;5.23;5.21;0.0;5.24
169741;1467934;2026-01-05;FRC;F32;0.0;0.0;3;1279;54503836.83;5.51;5.51;5.52;5.5;5.52;5.5;5.5;5.47;0.0;0.0
169742;1467935;2026-01-05;FRC;F33;0.0;0.0;1;17;701255.99;5.75;5.75;5.75;5.75;5.75;5.75;5.75;5.71;0.0;0.0
169743;1467936;2026-01-05;FRC;H26;0.0;0.0;19;21859;1082920581.03;4.79;4.79;4.77;4.77;4.8;4.79;4.8;4.8;4.78;0.0
169744;1467937;2026-01-05;FRC;J26;0.0;0.0;20;40404;1997703681.48;4.79;4.79;4.79;4.79;4.79;4.79;4.79;4.79;0.0;0.0
169745;1467938;2026-01-05;FRC;J27;0.0;0.0;2;663;32048662.31;4.62;4.62;4.59;4.59;4.59;4.59;4.59;4.59;4.59;0.0
169746;1467939;2026-01-05;FRC;J28;0.0;0.0;1;19;897049.93;4.68;4.68;4.67;4.67;4.67;4.67;4.67;4.67;0.0;0.0
169747;1467940;2026-01-05;FRC;J29;0.0;0.0;6;2240;103226252.8;4.84;4.84;4.82;4.82;4.82;4.82;4.82;4.82;0.0;0.0
169748;1467941;2026-01-05;FRC;J31;0.0;0.0;1;446;19442862.82;5.33;5.33;5.31;5.31;5.31;5.31;5.31;5.29;0.0;0.0
169749;1467942;2026-01-05;FRC;K26;0.0;0.0;22;32047;1581113334.79;4.76;4.76;4.77;4.77;4.77;4.77;4.77;4.77;0.0;0.0
169750;1467943;2026-01-05;FRC;M26;0.0;0.0;7;2302;113370823.74;4.74;4.74;4.75;4.75;4.75;4.75;4.75;4.75;0.0;0.0
169751;1467944;2026-01-05;FRC;N26;0.0;0.0;20;13389;1604424745.73;4.7;4.7;4.69;4.69;4.7;4.69;4.7;4.7;4.7;0.0
169752;1467945;2026-01-05;FRC;N28;0.0;0.0;2;209;9812833.03;4.69;4.69;4.69;4.69;4.69;4.69;4.69;4.69;0.0;0.0
169753;1467946;2026-01-05;FRC;N30;0.0;0.0;1;182;8119357.94;5.1;5.1;5.06;5.06;5.06;5.06;5.06;5.06;5.06;0.0
169754;1467947;2026-01-05;FRC;N31;0.0;0.0;1;443;19172803.81;5.38;5.38;5.36;5.36;5.36;5.36;5.36;5.34;0.0;0.0
169755;1467948;2026-01-05;FRC;Q26;0.0;0.0;10;5754;282251243.28;4.71;4.71;4.71;4.71;4.71;4.71;4.71;4.71;0.0;0.0
169756;1467949;2026-01-05;FRC;U26;0.0;0.0;12;4417;216275399.69;4.69;4.69;4.69;4.69;4.69;4.69;4.69;4.69;0.0;0.0
169757;1467950;2026-01-05;FRC;V26;0.0;0.0;18;10914;533413774.98;4.69;4.69;4.67;4.65;4.68;4.67;4.65;4.67;4.65;0.0
169758;1467951;2026-01-05;FRC;V27;0.0;0.0;3;559;26712160.53;4.65;4.65;4.63;4.61;4.63;4.61;4.61;4.61;4.62;0.0
169759;1467952;2026-01-05;FRC;X26;0.0;0.0;3;473;23071830.01;4.67;4.67;4.65;4.65;4.65;4.65;4.65;4.65;0.0;0.0
169760;1467953;2026-01-05;FRC;Z26;0.0;0.0;11;4887;237951911.79;4.66;4.66;4.66;4.64;4.66;4.64;4.64;4.64;4.64;0.0
169761;1467954;2026-01-05;FRC;F34;0.0;0.0;0;0;0.0;6.03;6.03;0.0;0.0;0.0;0.0;0.0;5.99;0.0;0.0
169762;1467955;2026-01-05;FRC;F35;0.0;0.0;0;0;0.0;6.28;6.28;0.0;0.0;0.0;0.0;0.0;6.27;0.0;0.0
169763;1467956;2026-01-05;FRC;F36;0.0;0.0;0;0;0.0;6.52;6.52;0.0;0.0;0.0;0.0;0.0;6.51;0.0;0.0
169764;1467957;2026-01-05;FRC;F37;0.0;0.0;0;0;0.0;6.83;6.83;0.0;0.0;0.0;0.0;0.0;6.82;0.0;0.0
169765;1467958;2026-01-05;FRC;F38;0.0;0.0;0;0;0.0;7.12;7.12;0.0;0.0;0.0;0.0;0.0;7.11;0.0;0.0
169766;1467959;2026-01-05;FRC;F39;0.0;0.0;0;0;0.0;7.4;7.4;0.0;0.0;0.0;0.0;0.0;7.39;0.0;0.0
169767;1467960;2026-01-05;FRC;F40;0.0;0.0;0;0;0.0;7.67;7.67;0.0;0.0;0.0;0.0;0.0;7.66;0.0;0.0
169768;1467961;2026-01-05;FRC;J30;0.0;0.0;0;0;0.0;5.04;5.04;0.0;0.0;0.0;0.0;0.0;5.01;0.0;0.0
169769;1467962;2026-01-05;FRC;N27;0.0;0.0;0;0;0.0;4.61;4.61;0.0;0.0;0.0;0.0;0.0;4.58;0.0;0.0
169770;1467963;2026-01-05;FRC;N29;0.0;0.0;0;0;0.0;4.89;4.89;0.0;0.0;0.0;0.0;0.0;4.87;0.0;0.0
169771;1467964;2026-01-05;FRC;Q27;0.0;0.0;0;0;0.0;4.6;4.6;0.0;0.0;0.0;0.0;0.0;4.56;0.0;0.0
169772;1467965;2026-01-05;FRC;V28;0.0;0.0;0;0;0.0;4.76;4.76;0.0;0.0;0.0;0.0;0.0;4.75;0.0;0.0
169773;1467966;2026-01-05;FRC;V29;0.0;0.0;0;0;0.0;4.95;4.95;0.0;0.0;0.0;0.0;0.0;4.92;0.0;0.0
169774;1467967;2026-01-05;FRC;V30;0.0;0.0;0;0;0.0;5.14;5.14;0.0;0.0;0.0;0.0;0.0;5.1;0.0;0.0
169775;1467968;2026-01-05;FRC;V31;0.0;0.0;0;0;0.0;5.45;5.45;0.0;0.0;0.0;0.0;0.0;5.41;0.0;0.0
169776;1468146;2026-01-06;FRC;F27;0.0;0.0;21;9047;1070316006.14;4.65;4.65;4.65;4.65;4.68;4.67;4.68;4.68;0.0;0.0
169777;1468147;2026-01-06;FRC;F28;0.0;0.0;14;7799;902013218.48;4.66;4.66;4.68;4.68;4.68;4.68;4.68;4.68;0.0;0.0
169778;1468148;2026-01-06;FRC;F29;0.0;0.0;10;1502;169441610.84;4.79;4.79;4.81;4.81;4.81;4.81;4.81;4.81;0.0;0.0
169779;1468149;2026-01-06;FRC;F30;0.0;0.0;15;6840;752463445.7;4.98;4.98;5.0;5.0;5.0;5.0;5.0;5.0;0.0;0.0
169780;1468150;2026-01-06;FRC;F31;0.0;0.0;12;1830;195735409.4;5.21;5.21;5.21;5.21;5.23;5.22;5.23;5.23;0.0;0.0
169781;1468151;2026-01-06;FRC;F37;0.0;0.0;4;312;11189745.04;6.82;6.82;6.83;6.83;6.83;6.83;6.83;6.83;0.0;0.0
169782;1468152;2026-01-06;FRC;F39;0.0;0.0;1;286;9534600.02;7.39;7.39;7.4;7.4;7.4;7.4;7.4;7.4;0.0;0.0
169783;1468153;2026-01-06;FRC;F40;0.0;0.0;1;222;7135107.24;7.66;7.66;7.67;7.67;7.67;7.67;7.67;7.67;0.0;0.0
169784;1468154;2026-01-06;FRC;H26;0.0;0.0;17;21020;1039004243.3;4.8;4.8;4.81;4.8;4.81;4.8;4.81;4.81;0.0;0.0
169785;1468155;2026-01-06;FRC;J26;0.0;0.0;18;21277;1049618703.24;4.79;4.79;4.79;4.79;4.81;4.8;4.81;4.81;0.0;0.0
169786;1468156;2026-01-06;FRC;J27;0.0;0.0;5;700;33753547.2;4.59;4.59;4.59;4.59;4.62;4.61;4.62;4.62;0.0;0.0
169787;1468157;2026-01-06;FRC;J28;0.0;0.0;2;419;19733871.58;4.67;4.67;4.7;4.7;4.7;4.7;4.7;4.7;0.0;0.0
169788;1468158;2026-01-06;FRC;J30;0.0;0.0;2;5475;245179669.5;5.01;5.01;5.03;5.03;5.03;5.03;5.03;5.04;0.0;0.0
169789;1468159;2026-01-06;FRC;K26;0.0;0.0;24;27932;1374930530.44;4.77;4.77;4.78;4.78;4.8;4.79;4.8;4.8;0.0;0.0
169790;1468160;2026-01-06;FRC;M26;0.0;0.0;10;6846;336385633.32;4.75;4.75;4.77;4.77;4.77;4.77;4.77;4.77;0.0;0.0
169791;1468161;2026-01-06;FRC;N26;0.0;0.0;25;18656;2233436387.12;4.7;4.7;4.74;4.73;4.74;4.73;4.73;4.74;0.0;0.0
169792;1468162;2026-01-06;FRC;N27;0.0;0.0;12;1358;65122096.76;4.58;4.58;4.58;4.58;4.61;4.6;4.61;4.61;0.0;0.0
169793;1468163;2026-01-06;FRC;N28;0.0;0.0;2;209;9788441.08;4.69;4.69;4.71;4.71;4.71;4.71;4.71;4.71;0.0;0.0
169794;1468164;2026-01-06;FRC;N31;0.0;0.0;1;532;22985078.44;5.34;5.34;5.34;5.34;5.34;5.34;5.34;5.36;0.0;0.0
169795;1468165;2026-01-06;FRC;Q26;0.0;0.0;9;3953;193458746.26;4.71;4.71;4.73;4.73;4.73;4.73;4.73;4.73;0.0;0.0
169796;1468166;2026-01-06;FRC;U26;0.0;0.0;13;3649;178263572.08;4.69;4.69;4.7;4.7;4.7;4.7;4.7;4.7;0.0;0.0
169797;1468167;2026-01-06;FRC;V26;0.0;0.0;7;4511;219961266.92;4.67;4.67;4.65;4.65;4.69;4.68;4.69;4.69;0.0;0.0
169798;1468168;2026-01-06;FRC;V27;0.0;0.0;7;8096;385929744.32;4.61;4.61;4.64;4.64;4.64;4.64;4.64;4.64;0.0;0.0
169799;1468169;2026-01-06;FRC;V30;0.0;0.0;7;1260;55613394.2;5.1;5.1;5.16;5.16;5.16;5.16;5.16;5.16;0.0;0.0
169800;1468170;2026-01-06;FRC;X26;0.0;0.0;3;294;14306184.48;4.65;4.65;4.67;4.67;4.67;4.67;4.67;4.67;0.0;0.0
169801;1468171;2026-01-06;FRC;Z26;0.0;0.0;11;9988;485195698.96;4.64;4.64;4.66;4.66;4.66;4.66;4.66;4.66;0.0;0.0
169802;1468172;2026-01-06;FRC;F32;0.0;0.0;0;0;0.0;5.47;5.47;0.0;0.0;0.0;0.0;0.0;5.49;0.0;0.0
169803;1468173;2026-01-06;FRC;F33;0.0;0.0;0;0;0.0;5.71;5.71;0.0;0.0;0.0;0.0;0.0;5.73;0.0;0.0
169804;1468174;2026-01-06;FRC;F34;0.0;0.0;0;0;0.0;5.99;5.99;0.0;0.0;0.0;0.0;0.0;6.01;0.0;0.0
169805;1468175;2026-01-06;FRC;F35;0.0;0.0;0;0;0.0;6.27;6.27;0.0;0.0;0.0;0.0;0.0;6.28;0.0;0.0
169806;1468176;2026-01-06;FRC;F36;0.0;0.0;0;0;0.0;6.51;6.51;0.0;0.0;0.0;0.0;0.0;6.52;0.0;0.0
169807;1468177;2026-01-06;FRC;F38;0.0;0.0;0;0;0.0;7.11;7.11;0.0;0.0;0.0;0.0;0.0;7.12;0.0;0.0
169808;1468178;2026-01-06;FRC;J29;0.0;0.0;0;0;0.0;4.82;4.82;0.0;0.0;0.0;0.0;0.0;4.84;0.0;0.0
169809;1468179;2026-01-06;FRC;J31;0.0;0.0;0;0;0.0;5.29;5.29;0.0;0.0;0.0;0.0;0.0;5.31;0.0;0.0
169810;1468180;2026-01-06;FRC;N29;0.0;0.0;0;0;0.0;4.87;4.87;0.0;0.0;0.0;0.0;0.0;4.89;0.0;0.0
169811;1468181;2026-01-06;FRC;N30;0.0;0.0;0;0;0.0;5.06;5.06;0.0;0.0;0.0;0.0;0.0;5.11;0.0;0.0
169812;1468182;2026-01-06;FRC;Q27;0.0;0.0;0;0;0.0;4.56;4.56;0.0;0.0;0.0;0.0;0.0;4.59;0.0;0.0
169813;1468183;2026-01-06;FRC;V28;0.0;0.0;0;0;0.0;4.75;4.75;0.0;0.0;0.0;0.0;0.0;4.77;0.0;0.0
169814;1468184;2026-01-06;FRC;V29;0.0;0.0;0;0;0.0;4.92;4.92;0.0;0.0;0.0;0.0;0.0;4.94;0.0;0.0
169815;1468185;2026-01-06;FRC;V31;0.0;0.0;0;0;0.0;5.41;5.41;0.0;0.0;0.0;0.0;0.0;5.43;0.0;0.0
169816;1468365;2026-01-07;FRC;F27;0.0;0.0;25;27219;3229044431.28;4.68;4.68;4.67;4.67;4.68;4.67;4.68;4.68;0.0;0.0
169817;1468366;2026-01-07;FRC;F28;0.0;0.0;17;3760;435929794.5;4.68;4.68;4.68;4.65;4.68;4.65;4.65;4.65;4.65;4.67
169818;1468367;2026-01-07;FRC;F29;0.0;0.0;9;658;74451956.56;4.81;4.81;4.8;4.76;4.8;4.76;4.76;4.76;4.76;0.0
169819;1468368;2026-01-07;FRC;F30;0.0;0.0;12;4334;478140428.88;5.0;5.0;4.96;4.96;4.97;4.96;4.97;4.96;0.0;0.0
169820;1468369;2026-01-07;FRC;F31;0.0;0.0;1;90;9636741.3;5.23;5.23;5.22;5.22;5.22;5.22;5.22;5.19;0.0;0.0
169821;1468370;2026-01-07;FRC;F33;0.0;0.0;6;906;37617220.22;5.73;5.73;5.7;5.7;5.7;5.7;5.7;5.7;0.0;0.0
169822;1468371;2026-01-07;FRC;F35;0.0;0.0;4;541;21036529.62;6.28;6.28;6.24;6.24;6.24;6.24;6.24;6.24;0.0;0.0
169823;1468372;2026-01-07;FRC;F36;0.0;0.0;3;466;17528142.82;6.52;6.52;6.48;6.48;6.48;6.48;6.48;6.48;0.0;0.0
169824;1468373;2026-01-07;FRC;F38;0.0;0.0;1;385;13445843.2;7.12;7.12;7.08;7.08;7.08;7.08;7.08;7.08;0.0;0.0
169825;1468374;2026-01-07;FRC;F39;0.0;0.0;2;377;12677175.64;7.4;7.4;7.36;7.36;7.36;7.36;7.36;7.36;0.0;0.0
169826;1468375;2026-01-07;FRC;H26;0.0;0.0;21;42421;2110360142.22;4.81;4.81;4.82;4.82;4.82;4.82;4.82;4.82;0.0;0.0
169827;1468376;2026-01-07;FRC;J26;0.0;0.0;47;51233;2543633430.56;4.81;4.81;4.81;4.78;4.84;4.82;4.83;4.83;0.0;0.0
169828;1468377;2026-01-07;FRC;J27;0.0;0.0;20;10836;525921585.92;4.62;4.62;4.61;4.61;4.61;4.61;4.61;4.61;0.0;0.0
169829;1468378;2026-01-07;FRC;J28;0.0;0.0;7;1944;92188604.28;4.7;4.7;4.66;4.66;4.66;4.66;4.66;4.66;0.0;0.0
169830;1468379;2026-01-07;FRC;J29;0.0;0.0;1;187;8655967.84;4.84;4.84;4.81;4.81;4.81;4.81;4.81;4.8;0.0;0.0
169831;1468380;2026-01-07;FRC;K26;0.0;0.0;14;23242;1151413679.34;4.8;4.8;4.82;4.82;4.82;4.82;4.82;4.82;0.0;0.0
169832;1468381;2026-01-07;FRC;M26;0.0;0.0;2;40;1978178.4;4.77;4.77;4.79;4.79;4.79;4.79;4.79;4.79;0.0;0.0
169833;1468382;2026-01-07;FRC;N26;0.0;0.0;14;8416;1010269090.62;4.74;4.74;4.76;4.76;4.76;4.76;4.76;4.76;0.0;0.0
169834;1468383;2026-01-07;FRC;N27;0.0;0.0;8;1240;59845804.8;4.61;4.61;4.61;4.6;4.61;4.6;4.6;4.6;4.6;4.62
169835;1468384;2026-01-07;FRC;N28;0.0;0.0;4;399;18816209.58;4.71;4.71;4.67;4.67;4.67;4.67;4.67;4.67;0.0;0.0
169836;1468385;2026-01-07;FRC;N30;0.0;0.0;1;36;1610126.52;5.11;5.11;5.08;5.08;5.08;5.08;5.08;5.07;0.0;5.08
169837;1468386;2026-01-07;FRC;U26;0.0;0.0;1;20;983484.7;4.7;4.7;4.72;4.72;4.72;4.72;4.72;4.71;0.0;0.0
169838;1468387;2026-01-07;FRC;V26;0.0;0.0;8;3467;170139513.64;4.69;4.69;4.69;4.69;4.7;4.69;4.7;4.7;0.0;0.0
169839;1468388;2026-01-07;FRC;V27;0.0;0.0;6;1214;58252163.78;4.64;4.64;4.64;4.62;4.64;4.62;4.62;4.62;4.62;4.64
169840;1468389;2026-01-07;FRC;V28;0.0;0.0;4;321;15043758.12;4.77;4.77;4.72;4.72;4.72;4.72;4.72;4.72;0.0;0.0
169841;1468390;2026-01-07;FRC;V29;0.0;0.0;6;1109;50673641.88;4.94;4.94;4.91;4.91;4.91;4.91;4.91;4.91;0.0;4.91
169842;1468391;2026-01-07;FRC;Z26;0.0;0.0;10;9028;441391778.96;4.66;4.66;4.66;4.66;4.66;4.66;4.66;4.66;0.0;0.0
169843;1468392;2026-01-07;FRC;F32;0.0;0.0;0;0;0.0;5.49;5.49;0.0;0.0;0.0;0.0;0.0;5.45;0.0;0.0
169844;1468393;2026-01-07;FRC;F34;0.0;0.0;0;0;0.0;6.01;6.01;0.0;0.0;0.0;0.0;0.0;5.98;0.0;0.0
169845;1468394;2026-01-07;FRC;F37;0.0;0.0;0;0;0.0;6.83;6.83;0.0;0.0;0.0;0.0;0.0;6.79;0.0;0.0
169846;1468395;2026-01-07;FRC;F40;0.0;0.0;0;0;0.0;7.67;7.67;0.0;0.0;0.0;0.0;0.0;7.63;0.0;0.0
169847;1468396;2026-01-07;FRC;F41;0.0;0.0;0;0;0.0;0.0;0.0;0.0;0.0;0.0;0.0;0.0;7.86;0.0;0.0
169848;1468397;2026-01-07;FRC;J30;0.0;0.0;0;0;0.0;5.04;5.04;0.0;0.0;0.0;0.0;0.0;5.0;0.0;0.0
169849;1468398;2026-01-07;FRC;J31;0.0;0.0;0;0;0.0;5.31;5.31;0.0;0.0;0.0;0.0;0.0;5.29;0.0;0.0
169850;1468399;2026-01-07;FRC;N29;0.0;0.0;0;0;0.0;4.89;4.89;0.0;0.0;0.0;0.0;0.0;4.85;0.0;0.0
169851;1468400;2026-01-07;FRC;N31;0.0;0.0;0;0;0.0;5.36;5.36;0.0;0.0;0.0;0.0;0.0;5.32;0.0;0.0
169852;1468401;2026-01-07;FRC;Q26;0.0;0.0;0;0;0.0;4.73;4.73;0.0;0.0;0.0;0.0;0.0;4.75;0.0;0.0
169853;1468402;2026-01-07;FRC;Q27;0.0;0.0;0;0;0.0;4.59;4.59;0.0;0.0;0.0;0.0;0.0;4.58;0.0;0.0
169854;1468403;2026-01-07;FRC;V30;0.0;0.0;0;0;0.0;5.16;5.16;0.0;0.0;0.0;0.0;0.0;5.12;0.0;0.0
169855;1468404;2026-01-07;FRC;V31;0.0;0.0;0;0;0.0;5.43;5.43;0.0;0.0;0.0;0.0;0.0;5.39;0.0;0.0
169856;1468405;2026-01-07;FRC;X26;0.0;0.0;0;0;0.0;4.67;4.67;0.0;0.0;0.0;0.0;0.0;4.67;0.0;0.0
169857;1468585;2026-01-08;FRC;F27;0.0;0.0;31;26493;3143277252.86;4.68;4.68;4.7;4.68;4.7;4.68;4.68;4.68;0.0;0.0
169858;1468586;2026-01-08;FRC;F28;0.0;0.0;9;1648;191225296.56;4.65;4.65;4.65;4.65;4.66;4.65;4.66;4.65;0.0;4.67
169859;1468587;2026-01-08;FRC;F29;0.0;0.0;4;2364;267733445.88;4.76;4.76;4.78;4.77;4.78;4.77;4.77;4.77;0.0;0.0
169860;1468588;2026-01-08;FRC;F30;0.0;0.0;11;6458;712848094.36;4.96;4.96;4.96;4.96;4.99;4.97;4.99;4.99;0.0;0.0
169861;1468589;2026-01-08;FRC;F31;0.0;0.0;1;108;11573281.56;5.19;5.19;5.2;5.2;5.2;5.2;5.2;5.21;0.0;0.0
169862;1468590;2026-01-08;FRC;F32;0.0;0.0;4;6419;275109451.88;5.45;5.45;5.45;5.45;5.45;5.45;5.45;5.47;0.0;0.0
169863;1468591;2026-01-08;FRC;F34;0.0;0.0;1;168;6759699.56;5.98;5.98;5.98;5.98;5.98;5.98;5.98;5.98;0.0;0.0
169864;1468592;2026-01-08;FRC;F40;0.0;0.0;1;326;10568788.52;7.63;7.63;7.63;7.63;7.63;7.63;7.63;7.65;0.0;0.0
169865;1468593;2026-01-08;FRC;F41;0.0;0.0;1;335;10461401.8;7.86;7.86;7.9;7.9;7.9;7.9;7.9;7.88;0.0;0.0
169866;1468594;2026-01-08;FRC;H26;0.0;0.0;24;35156;1749356365.52;4.82;4.82;4.84;4.81;4.84;4.81;4.81;4.81;0.0;0.0
169867;1468595;2026-01-08;FRC;J26;0.0;0.0;15;20482;1017155493.24;4.83;4.83;4.83;4.81;4.83;4.81;4.81;4.81;0.0;0.0
169868;1468596;2026-01-08;FRC;J27;0.0;0.0;15;3215;156064227.8;4.61;4.61;4.62;4.62;4.62;4.62;4.62;4.62;0.0;0.0
169869;1468597;2026-01-08;FRC;J29;0.0;0.0;2;131;6065524.22;4.8;4.8;4.81;4.81;4.81;4.81;4.81;4.81;0.0;0.0
169870;1468598;2026-01-08;FRC;J30;0.0;0.0;2;3962;178711745.94;5.0;5.0;5.0;5.0;5.0;5.0;5.0;5.03;0.0;0.0
169871;1468599;2026-01-08;FRC;K26;0.0;0.0;17;29661;1469752947.12;4.82;4.82;4.82;4.82;4.82;4.82;4.82;4.82;0.0;0.0
169872;1468600;2026-01-08;FRC;M26;0.0;0.0;6;2758;136418200.46;4.79;4.79;4.79;4.79;4.79;4.79;4.79;4.79;0.0;0.0
169873;1468601;2026-01-08;FRC;N26;0.0;0.0;26;29948;3595128300.56;4.76;4.76;4.76;4.76;4.77;4.76;4.76;4.76;0.0;0.0
169874;1468602;2026-01-08;FRC;N27;0.0;0.0;16;3375;162923382.0;4.6;4.6;4.61;4.61;4.61;4.61;4.61;4.61;0.0;0.0
169875;1468603;2026-01-08;FRC;N28;0.0;0.0;1;19;896211.28;4.67;4.67;4.67;4.67;4.67;4.67;4.67;4.67;0.0;0.0
169876;1468604;2026-01-08;FRC;N30;0.0;0.0;4;7914;354442746.48;5.07;5.07;5.07;5.07;5.07;5.07;5.07;5.1;0.0;0.0
169877;1468605;2026-01-08;FRC;Q26;0.0;0.0;1;20;985426.0;4.75;4.75;4.75;4.75;4.75;4.75;4.75;4.74;0.0;0.0
169878;1468606;2026-01-08;FRC;Q27;0.0;0.0;1;19;914709.68;4.58;4.58;4.62;4.62;4.62;4.62;4.62;4.61;0.0;0.0
169879;1468607;2026-01-08;FRC;U26;0.0;0.0;7;7695;378399272.4;4.71;4.71;4.73;4.73;4.73;4.73;4.73;4.73;0.0;0.0
169880;1468608;2026-01-08;FRC;V26;0.0;0.0;13;6361;312218094.72;4.7;4.7;4.7;4.7;4.71;4.7;4.71;4.71;0.0;0.0
169881;1468609;2026-01-08;FRC;V27;0.0;0.0;5;829;39781838.08;4.62;4.62;4.64;4.64;4.64;4.64;4.64;4.64;0.0;0.0
169882;1468610;2026-01-08;FRC;V28;0.0;0.0;2;2000;93747049.0;4.72;4.72;4.72;4.72;4.72;4.72;4.72;4.73;0.0;0.0
169883;1468611;2026-01-08;FRC;X26;0.0;0.0;1;98;4800120.66;4.67;4.67;4.69;4.69;4.69;4.69;4.69;4.67;0.0;0.0
169884;1468612;2026-01-08;FRC;Z26;0.0;0.0;2;981;47973158.52;4.66;4.66;4.66;4.66;4.66;4.66;4.66;4.66;0.0;0.0
169885;1468613;2026-01-08;FRC;F33;0.0;0.0;0;0;0.0;5.7;5.7;0.0;0.0;0.0;0.0;0.0;5.71;0.0;0.0
169886;1468614;2026-01-08;FRC;F35;0.0;0.0;0;0;0.0;6.24;6.24;0.0;0.0;0.0;0.0;0.0;6.24;0.0;0.0
169887;1468615;2026-01-08;FRC;F36;0.0;0.0;0;0;0.0;6.48;6.48;0.0;0.0;0.0;0.0;0.0;6.5;0.0;0.0
169888;1468616;2026-01-08;FRC;F37;0.0;0.0;0;0;0.0;6.79;6.79;0.0;0.0;0.0;0.0;0.0;6.81;0.0;0.0
169889;1468617;2026-01-08;FRC;F38;0.0;0.0;0;0;0.0;7.08;7.08;0.0;0.0;0.0;0.0;0.0;7.1;0.0;0.0
169890;1468618;2026-01-08;FRC;F39;0.0;0.0;0;0;0.0;7.36;7.36;0.0;0.0;0.0;0.0;0.0;7.38;0.0;0.0
169891;1468619;2026-01-08;FRC;J28;0.0;0.0;0;0;0.0;4.66;4.66;0.0;0.0;0.0;0.0;0.0;4.66;0.0;0.0
169892;1468620;2026-01-08;FRC;J31;0.0;0.0;0;0;0.0;5.29;5.29;0.0;0.0;0.0;0.0;0.0;5.31;0.0;0.0
169893;1468621;2026-01-08;FRC;N29;0.0;0.0;0;0;0.0;4.85;4.85;0.0;0.0;0.0;0.0;0.0;4.87;0.0;0.0
169894;1468622;2026-01-08;FRC;N31;0.0;0.0;0;0;0.0;5.32;5.32;0.0;0.0;0.0;0.0;0.0;5.34;0.0;0.0
169895;1468623;2026-01-08;FRC;V29;0.0;0.0;0;0;0.0;4.91;4.91;0.0;0.0;0.0;0.0;0.0;4.93;0.0;0.0
169896;1468624;2026-01-08;FRC;V30;0.0;0.0;0;0;0.0;5.12;5.12;0.0;0.0;0.0;0.0;0.0;5.14;0.0;0.0
169897;1468625;2026-01-08;FRC;V31;0.0;0.0;0;0;0.0;5.39;5.39;0.0;0.0;0.0;0.0;0.0;5.41;0.0;0.0
169898;1468805;2026-01-09;FRC;F27;0.0;0.0;16;19011;2253397367.04;4.68;4.68;4.68;4.68;4.71;4.7;4.71;4.71;4.71;0.0
169899;1468806;2026-01-09;FRC;F28;0.0;0.0;7;1342;155431953.88;4.65;4.65;4.7;4.7;4.7;4.7;4.7;4.7;0.0;0.0
169900;1468807;2026-01-09;FRC;F29;0.0;0.0;6;375;42401745.0;4.77;4.77;4.83;4.83;4.83;4.83;4.83;4.83;4.8;4.83
169901;1468808;2026-01-09;FRC;F30;0.0;0.0;4;275;30292099.0;4.99;4.99;5.03;5.03;5.03;5.03;5.03;5.03;0.0;5.03
169902;1468809;2026-01-09;FRC;F31;0.0;0.0;6;806;86440623.34;5.21;5.21;5.23;5.23;5.23;5.23;5.23;5.23;0.0;0.0
169903;1468810;2026-01-09;FRC;F34;0.0;0.0;2;168;6743873.52;5.98;5.98;5.98;5.98;5.98;5.98;5.98;5.98;0.0;0.0
169904;1468811;2026-01-09;FRC;F37;0.0;0.0;1;157;5672049.48;6.81;6.81;6.81;6.81;6.81;6.81;6.81;6.81;6.77;6.81
169905;1468812;2026-01-09;FRC;H26;0.0;0.0;27;49664;2465495218.86;4.81;4.81;4.82;4.82;4.84;4.83;4.84;4.84;0.0;0.0
169906;1468813;2026-01-09;FRC;J26;0.0;0.0;31;39067;1935547089.88;4.81;4.81;4.82;4.81;4.85;4.83;4.83;4.83;0.0;0.0
169907;1468814;2026-01-09;FRC;J27;0.0;0.0;4;506;24500260.04;4.62;4.62;4.65;4.65;4.65;4.65;4.65;4.65;0.0;0.0
169908;1468815;2026-01-09;FRC;J28;0.0;0.0;1;19;898432.86;4.66;4.66;4.72;4.72;4.72;4.72;4.72;4.71;0.0;0.0
169909;1468816;2026-01-09;FRC;K26;0.0;0.0;26;26719;1320853987.96;4.82;4.82;4.83;4.83;4.84;4.83;4.84;4.84;0.0;0.0
169910;1468817;2026-01-09;FRC;M26;0.0;0.0;13;8295;409324436.8;4.79;4.79;4.8;4.8;4.81;4.8;4.81;4.81;0.0;0.0
169911;1468818;2026-01-09;FRC;N26;0.0;0.0;120;47012;5638985677.48;4.76;4.76;4.76;4.76;4.79;4.77;4.79;4.79;0.0;0.0
169912;1468819;2026-01-09;FRC;N27;0.0;0.0;2;116;5583771.04;4.61;4.61;4.67;4.67;4.67;4.67;4.67;4.65;0.0;0.0
169913;1468820;2026-01-09;FRC;Q26;0.0;0.0;7;2314;113729857.06;4.74;4.74;4.75;4.75;4.76;4.75;4.76;4.76;0.0;0.0
169914;1468821;2026-01-09;FRC;Q27;0.0;0.0;1;39;1874737.76;4.61;4.61;4.63;4.63;4.63;4.63;4.63;4.65;4.63;0.0
169915;1468822;2026-01-09;FRC;U26;0.0;0.0;5;6807;333947491.98;4.73;4.73;4.73;4.73;4.76;4.73;4.76;4.76;0.0;0.0
169916;1468823;2026-01-09;FRC;V26;0.0;0.0;15;10261;502447855.04;4.71;4.71;4.71;4.71;4.8;4.72;4.73;4.73;0.0;0.0
169917;1468824;2026-01-09;FRC;V27;0.0;0.0;4;288;13783336.42;4.64;4.64;4.66;4.66;4.68;4.66;4.68;4.68;0.0;4.67
169918;1468825;2026-01-09;FRC;X26;0.0;0.0;2;118;5766788.82;4.67;4.67;4.68;4.68;4.7;4.68;4.7;4.7;0.0;0.0
169919;1468826;2026-01-09;FRC;Z26;0.0;0.0;6;10794;526581900.16;4.66;4.66;4.66;4.66;4.69;4.67;4.69;4.69;0.0;0.0
169920;1468827;2026-01-09;FRC;F32;0.0;0.0;0;0;0.0;5.47;5.47;0.0;0.0;0.0;0.0;0.0;5.48;0.0;0.0
169921;1468828;2026-01-09;FRC;F33;0.0;0.0;0;0;0.0;5.71;5.71;0.0;0.0;0.0;0.0;0.0;5.72;0.0;0.0
169922;1468829;2026-01-09;FRC;F35;0.0;0.0;0;0;0.0;6.24;6.24;0.0;0.0;0.0;0.0;0.0;6.24;0.0;0.0
169923;1468830;2026-01-09;FRC;F36;0.0;0.0;0;0;0.0;6.5;6.5;0.0;0.0;0.0;0.0;0.0;6.5;0.0;0.0
169924;1468831;2026-01-09;FRC;F38;0.0;0.0;0;0;0.0;7.1;7.1;0.0;0.0;0.0;0.0;0.0;7.1;0.0;0.0
169925;1468832;2026-01-09;FRC;F39;0.0;0.0;0;0;0.0;7.38;7.38;0.0;0.0;0.0;0.0;0.0;7.38;0.0;0.0
169926;1468833;2026-01-09;FRC;F40;0.0;0.0;0;0;0.0;7.65;7.65;0.0;0.0;0.0;0.0;0.0;7.65;0.0;0.0
169927;1468834;2026-01-09;FRC;F41;0.0;0.0;0;0;0.0;7.88;7.88;0.0;0.0;0.0;0.0;0.0;7.88;0.0;0.0
169928;1468835;2026-01-09;FRC;J29;0.0;0.0;0;0;0.0;4.81;4.81;0.0;0.0;0.0;0.0;0.0;4.87;0.0;0.0
169929;1468836;2026-01-09;FRC;J30;0.0;0.0;0;0;0.0;5.03;5.03;0.0;0.0;0.0;0.0;0.0;5.07;0.0;0.0
169930;1468837;2026-01-09;FRC;J31;0.0;0.0;0;0;0.0;5.31;5.31;0.0;0.0;0.0;0.0;0.0;5.33;0.0;0.0
169931;1468838;2026-01-09;FRC;N28;0.0;0.0;0;0;0.0;4.67;4.67;0.0;0.0;0.0;0.0;0.0;4.72;0.0;0.0
169932;1468839;2026-01-09;FRC;N29;0.0;0.0;0;0;0.0;4.87;4.87;0.0;0.0;0.0;0.0;0.0;4.92;0.0;0.0
169933;1468840;2026-01-09;FRC;N30;0.0;0.0;0;0;0.0;5.1;5.1;0.0;0.0;0.0;0.0;0.0;5.13;0.0;0.0
169934;1468841;2026-01-09;FRC;N31;0.0;0.0;0;0;0.0;5.34;5.34;0.0;0.0;0.0;0.0;0.0;5.36;0.0;0.0
169935;1468842;2026-01-09;FRC;V28;0.0;0.0;0;0;0.0;4.73;4.73;0.0;0.0;0.0;0.0;0.0;4.79;0.0;0.0
169936;1468843;2026-01-09;FRC;V29;0.0;0.0;0;0;0.0;4.93;4.93;0.0;0.0;0.0;0.0;0.0;4.98;0.0;0.0
169937;1468844;2026-01-09;FRC;V30;0.0;0.0;0;0;0.0;5.14;5.14;0.0;0.0;0.0;0.0;0.0;5.17;0.0;0.0
169938;1468845;2026-01-09;FRC;V31;0.0;0.0;0;0;0.0;5.41;5.41;0.0;0.0;0.0;0.0;0.0;5.43;0.0;0.0
169939;1469025;2026-01-12;FRC;F27;0.0;0.0;31;19953;2367223043.79;4.71;4.71;4.71;4.71;4.74;4.72;4.74;4.74;4.72;0.0
169940;1469026;2026-01-12;FRC;F28;0.0;0.0;14;3162;366613933.26;4.7;4.7;4.72;4.72;4.72;4.72;4.72;4.72;4.72;0.0
169941;1469027;2026-01-12;FRC;F29;0.0;0.0;1;187;21195078.01;4.83;4.83;4.84;4.84;4.84;4.84;4.84;4.84;0.0;0.0
169942;1469028;2026-01-12;FRC;F30;0.0;0.0;2;422;46503634.06;5.03;5.03;5.04;5.04;5.04;5.04;5.04;5.04;0.0;5.05
169943;1469029;2026-01-12;FRC;F31;0.0;0.0;2;180;19268442.4;5.23;5.23;5.24;5.24;5.24;5.24;5.24;5.24;0.0;0.0
169944;1469030;2026-01-12;FRC;F33;0.0;0.0;3;1507;62552800.41;5.72;5.72;5.72;5.72;5.73;5.72;5.73;5.72;0.0;0.0
169945;1469031;2026-01-12;FRC;F35;0.0;0.0;1;1311;50975786.53;6.24;6.24;6.24;6.24;6.24;6.24;6.24;6.24;0.0;0.0
169946;1469032;2026-01-12;FRC;H26;0.0;0.0;25;65775;3272528327.65;4.84;4.84;4.85;4.8;4.9;4.85;4.87;4.87;4.85;4.89
169947;1469033;2026-01-12;FRC;J26;0.0;0.0;29;76583;3802649347.19;4.83;4.83;4.83;4.76;4.93;4.84;4.86;4.86;0.0;0.0
169948;1469034;2026-01-12;FRC;J27;0.0;0.0;5;603;29257592.39;4.65;4.65;4.67;4.67;4.67;4.67;4.67;4.67;4.67;0.0
169949;1469035;2026-01-12;FRC;J28;0.0;0.0;4;266;12604419.38;4.71;4.71;4.73;4.73;4.73;4.73;4.73;4.73;0.0;0.0
169950;1469036;2026-01-12;FRC;K26;0.0;0.0;19;15546;770203120.18;4.84;4.84;4.86;4.86;4.86;4.86;4.86;4.86;0.0;0.0
169951;1469037;2026-01-12;FRC;M26;0.0;0.0;8;5972;295337182.76;4.81;4.81;4.83;4.83;4.83;4.83;4.83;4.83;4.84;0.0
169952;1469038;2026-01-12;FRC;N26;0.0;0.0;28;54486;6541439819.38;4.79;4.79;4.79;4.79;4.83;4.81;4.83;4.83;0.0;0.0
169953;1469039;2026-01-12;FRC;N27;0.0;0.0;3;1375;66336570.25;4.65;4.65;4.67;4.67;4.67;4.67;4.67;4.67;0.0;0.0
169954;1469040;2026-01-12;FRC;N29;0.0;0.0;3;186;8546556.78;4.92;4.92;4.93;4.93;4.93;4.93;4.93;4.93;0.0;0.0
169955;1469041;2026-01-12;FRC;Q26;0.0;0.0;4;1463;72059754.49;4.76;4.76;4.78;4.78;4.78;4.78;4.78;4.78;4.79;0.0
169956;1469042;2026-01-12;FRC;U26;0.0;0.0;5;5444;267625402.52;4.76;4.76;4.79;4.79;4.79;4.79;4.79;4.79;4.79;0.0
169957;1469043;2026-01-12;FRC;V26;0.0;0.0;3;1122;55052860.56;4.73;4.73;4.77;4.77;4.77;4.77;4.77;4.77;4.76;4.77
169958;1469044;2026-01-12;FRC;V27;0.0;0.0;5;965;46281766.95;4.68;4.68;4.7;4.7;4.7;4.7;4.7;4.7;0.0;0.0
169959;1469045;2026-01-12;FRC;V28;0.0;0.0;2;245;11470396.75;4.79;4.79;4.8;4.8;4.8;4.8;4.8;4.8;0.0;4.8
169960;1469046;2026-01-12;FRC;V29;0.0;0.0;1;55;2508258.55;4.98;4.98;4.99;4.99;4.99;4.99;4.99;4.99;0.0;0.0
169961;1469047;2026-01-12;FRC;X26;0.0;0.0;3;1199;58712573.77;4.7;4.7;4.74;4.74;4.74;4.74;4.74;4.74;0.0;0.0
169962;1469048;2026-01-12;FRC;F32;0.0;0.0;0;0;0.0;5.48;5.48;0.0;0.0;0.0;0.0;0.0;5.49;0.0;0.0
169963;1469049;2026-01-12;FRC;F34;0.0;0.0;0;0;0.0;5.98;5.98;0.0;0.0;0.0;0.0;0.0;5.98;0.0;0.0
169964;1469050;2026-01-12;FRC;F36;0.0;0.0;0;0;0.0;6.5;6.5;0.0;0.0;0.0;0.0;0.0;6.5;0.0;0.0
169965;1469051;2026-01-12;FRC;F37;0.0;0.0;0;0;0.0;6.81;6.81;0.0;0.0;0.0;0.0;0.0;6.81;0.0;0.0
169966;1469052;2026-01-12;FRC;F38;0.0;0.0;0;0;0.0;7.1;7.1;0.0;0.0;0.0;0.0;0.0;7.1;0.0;0.0
169967;1469053;2026-01-12;FRC;F39;0.0;0.0;0;0;0.0;7.38;7.38;0.0;0.0;0.0;0.0;0.0;7.38;0.0;0.0
169968;1469054;2026-01-12;FRC;F40;0.0;0.0;0;0;0.0;7.65;7.65;0.0;0.0;0.0;0.0;0.0;7.65;0.0;0.0
169969;1469055;2026-01-12;FRC;F41;0.0;0.0;0;0;0.0;7.88;7.88;0.0;0.0;0.0;0.0;0.0;7.88;0.0;0.0
169970;1469056;2026-01-12;FRC;J29;0.0;0.0;0;0;0.0;4.87;4.87;0.0;0.0;0.0;0.0;0.0;4.88;0.0;0.0
169971;1469057;2026-01-12;FRC;J30;0.0;0.0;0;0;0.0;5.07;5.07;0.0;0.0;0.0;0.0;0.0;5.08;0.0;0.0
169972;1469058;2026-01-12;FRC;J31;0.0;0.0;0;0;0.0;5.33;5.33;0.0;0.0;0.0;0.0;0.0;5.34;0.0;0.0
169973;1469059;2026-01-12;FRC;N28;0.0;0.0;0;0;0.0;4.72;4.72;0.0;0.0;0.0;0.0;0.0;4.74;0.0;0.0
169974;1469060;2026-01-12;FRC;N30;0.0;0.0;0;0;0.0;5.13;5.13;0.0;0.0;0.0;0.0;0.0;5.14;0.0;0.0
169975;1469061;2026-01-12;FRC;N31;0.0;0.0;0;0;0.0;5.36;5.36;0.0;0.0;0.0;0.0;0.0;5.37;0.0;0.0
169976;1469062;2026-01-12;FRC;Q27;0.0;0.0;0;0;0.0;4.65;4.65;0.0;0.0;0.0;0.0;0.0;4.67;0.0;0.0
169977;1469063;2026-01-12;FRC;V30;0.0;0.0;0;0;0.0;5.17;5.17;0.0;0.0;0.0;0.0;0.0;5.18;0.0;0.0
169978;1469064;2026-01-12;FRC;V31;0.0;0.0;0;0;0.0;5.43;5.43;0.0;0.0;0.0;0.0;0.0;5.44;0.0;0.0
169979;1469065;2026-01-12;FRC;Z26;0.0;0.0;0;0;0.0;4.69;4.69;0.0;0.0;0.0;0.0;0.0;4.73;0.0;0.0
169980;1469246;2026-01-13;FRC;F27;0.0;0.0;30;43422;5152794334.94;4.74;4.74;4.74;4.72;4.74;4.73;4.74;4.74;0.0;0.0
169981;1469247;2026-01-13;FRC;F28;0.0;0.0;11;6553;759884447.41;4.72;4.72;4.72;4.72;4.73;4.72;4.73;4.73;0.0;4.73
169982;1469248;2026-01-13;FRC;F29;0.0;0.0;5;655;74235470.85;4.84;4.84;4.84;4.83;4.84;4.83;4.83;4.83;0.0;0.0
169983;1469249;2026-01-13;FRC;F30;0.0;0.0;10;1191;131401482.17;5.04;5.04;5.04;5.03;5.04;5.03;5.03;5.03;0.0;0.0
169984;1469250;2026-01-13;FRC;F31;0.0;0.0;6;432;46277633.84;5.24;5.24;5.24;5.22;5.24;5.22;5.22;5.22;0.0;0.0
169985;1469251;2026-01-13;FRC;F32;0.0;0.0;3;176;7543379.12;5.49;5.49;5.49;5.48;5.49;5.48;5.48;5.48;0.0;5.48
169986;1469252;2026-01-13;FRC;F33;0.0;0.0;2;103;4279681.11;5.72;5.72;5.72;5.72;5.72;5.72;5.72;5.71;5.71;0.0
169987;1469253;2026-01-13;FRC;F34;0.0;0.0;1;84;3380386.48;5.98;5.98;5.98;5.98;5.98;5.98;5.98;5.98;0.0;5.98
169988;1469254;2026-01-13;FRC;F35;0.0;0.0;3;1623;63151795.71;6.24;6.24;6.23;6.23;6.23;6.23;6.23;6.25;6.22;0.0
169989;1469255;2026-01-13;FRC;F36;0.0;0.0;8;2631;98907597.47;6.5;6.5;6.51;6.49;6.51;6.49;6.49;6.51;0.0;0.0
169990;1469256;2026-01-13;FRC;H26;0.0;0.0;41;67070;3337908650.9;4.87;4.87;4.9;4.89;4.93;4.89;4.89;4.9;4.89;4.9
169991;1469257;2026-01-13;FRC;J26;0.0;0.0;18;31835;1581177392.95;4.86;4.86;4.86;4.86;4.89;4.87;4.88;4.89;4.88;4.89
169992;1469258;2026-01-13;FRC;J27;0.0;0.0;5;739;35869118.23;4.67;4.67;4.67;4.66;4.67;4.66;4.66;4.66;4.66;0.0
169993;1469259;2026-01-13;FRC;J28;0.0;0.0;2;95;4502591.85;4.73;4.73;4.73;4.73;4.75;4.73;4.75;4.73;0.0;0.0
169994;1469260;2026-01-13;FRC;J29;0.0;0.0;2;74;3419722.98;4.88;4.88;4.88;4.88;4.91;4.89;4.91;4.87;0.0;0.0
169995;1469261;2026-01-13;FRC;J30;0.0;0.0;1;36;1618472.72;5.08;5.08;5.11;5.11;5.11;5.11;5.11;5.07;0.0;5.07
169996;1469262;2026-01-13;FRC;J31;0.0;0.0;1;36;1577531.12;5.34;5.34;5.34;5.34;5.34;5.34;5.34;5.32;0.0;0.0
169997;1469263;2026-01-13;FRC;K26;0.0;0.0;18;27772;1376313244.84;4.86;4.86;4.88;4.87;4.88;4.87;4.87;4.88;4.87;0.0
169998;1469264;2026-01-13;FRC;M26;0.0;0.0;13;30438;1505710859.66;4.83;4.83;4.84;4.83;4.85;4.84;4.85;4.85;4.83;4.85
169999;1469265;2026-01-13;FRC;N26;0.0;0.0;30;35584;4273240291.78;4.83;4.83;4.83;4.82;4.84;4.82;4.83;4.83;0.0;0.0
170000;1469266;2026-01-13;FRC;N27;0.0;0.0;1;58;2798903.16;4.67;4.67;4.67;4.67;4.67;4.67;4.67;4.67;0.0;0.0
170001;1469267;2026-01-13;FRC;N29;0.0;0.0;1;56;2574726.42;4.93;4.93;4.93;4.93;4.93;4.93;4.93;4.92;0.0;0.0
170002;1469268;2026-01-13;FRC;Q26;0.0;0.0;7;5415;266782320.75;4.78;4.78;4.8;4.8;4.8;4.8;4.8;4.8;0.0;0.0
170003;1469269;2026-01-13;FRC;U26;0.0;0.0;5;7911;389012843.07;4.79;4.79;4.8;4.8;4.8;4.8;4.8;4.8;0.0;0.0
170004;1469270;2026-01-13;FRC;V26;0.0;0.0;16;10063;493915935.11;4.77;4.77;4.77;4.77;4.77;4.77;4.77;4.77;0.0;0.0
170005;1469271;2026-01-13;FRC;V27;0.0;0.0;3;231;11079355.47;4.7;4.7;4.72;4.72;4.72;4.72;4.72;4.7;0.0;4.72
170006;1469272;2026-01-13;FRC;V28;0.0;0.0;1;38;1780559.66;4.8;4.8;4.8;4.8;4.8;4.8;4.8;4.79;0.0;0.0
170007;1469273;2026-01-13;FRC;V29;0.0;0.0;1;37;1688502.49;4.99;4.99;5.02;5.02;5.02;5.02;5.02;4.98;0.0;0.0
170008;1469274;2026-01-13;FRC;V30;0.0;0.0;1;36;1598264.32;5.18;5.18;5.21;5.21;5.21;5.21;5.21;5.16;0.0;0.0
170009;1469275;2026-01-13;FRC;V31;0.0;0.0;1;35;1507472.95;5.44;5.44;5.46;5.46;5.46;5.46;5.46;5.42;0.0;0.0
170010;1469276;2026-01-13;FRC;X26;0.0;0.0;4;984;48200540.48;4.74;4.74;4.74;4.74;4.74;4.74;4.74;4.74;0.0;0.0
170011;1469277;2026-01-13;FRC;Z26;0.0;0.0;15;12753;623604890.41;4.73;4.73;4.73;4.72;4.73;4.72;4.72;4.72;0.0;0.0
170012;1469278;2026-01-13;FRC;F37;0.0;0.0;0;0;0.0;6.81;6.81;0.0;0.0;0.0;0.0;0.0;6.82;0.0;0.0
170013;1469279;2026-01-13;FRC;F38;0.0;0.0;0;0;0.0;7.1;7.1;0.0;0.0;0.0;0.0;0.0;7.11;0.0;0.0
170014;1469280;2026-01-13;FRC;F39;0.0;0.0;0;0;0.0;7.38;7.38;0.0;0.0;0.0;0.0;0.0;7.39;0.0;0.0
170015;1469281;2026-01-13;FRC;F40;0.0;0.0;0;0;0.0;7.65;7.65;0.0;0.0;0.0;0.0;0.0;7.66;0.0;0.0
170016;1469282;2026-01-13;FRC;F41;0.0;0.0;0;0;0.0;7.88;7.88;0.0;0.0;0.0;0.0;0.0;7.89;0.0;0.0
170017;1469283;2026-01-13;FRC;N28;0.0;0.0;0;0;0.0;4.74;4.74;0.0;0.0;0.0;0.0;0.0;4.74;0.0;0.0
170018;1469284;2026-01-13;FRC;N30;0.0;0.0;0;0;0.0;5.14;5.14;0.0;0.0;0.0;0.0;0.0;5.13;0.0;0.0
170019;1469285;2026-01-13;FRC;N31;0.0;0.0;0;0;0.0;5.37;5.37;0.0;0.0;0.0;0.0;0.0;5.35;0.0;0.0
170020;1469286;2026-01-13;FRC;Q27;0.0;0.0;0;0;0.0;4.67;4.67;0.0;0.0;0.0;0.0;0.0;4.67;0.0;0.0
170021;1469468;2026-01-14;FRC;F27;0.0;0.0;23;11711;1390638977.96;4.74;4.74;4.73;4.72;4.73;4.72;4.73;4.73;0.0;0.0
170022;1469469;2026-01-14;FRC;F28;0.0;0.0;13;4869;565072229.44;4.73;4.73;4.72;4.71;4.72;4.71;4.71;4.71;0.0;4.71
170023;1469470;2026-01-14;FRC;F29;0.0;0.0;8;2628;297717346.88;4.83;4.83;4.82;4.8;4.82;4.8;4.8;4.8;0.0;0.0
170024;1469471;2026-01-14;FRC;F31;0.0;0.0;1;1023;110033502.78;5.22;5.22;5.17;5.17;5.17;5.17;5.17;5.17;5.17;0.0
170025;1469472;2026-01-14;FRC;F34;0.0;0.0;3;839;33860176.64;5.98;5.98;5.93;5.93;5.93;5.93;5.93;5.93;0.0;0.0
170026;1469473;2026-01-14;FRC;F35;0.0;0.0;1;164;6400766.64;6.25;6.25;6.19;6.19;6.19;6.19;6.19;6.18;0.0;0.0
170027;1469474;2026-01-14;FRC;F36;0.0;0.0;6;9884;373103984.34;6.51;6.51;6.47;6.42;6.47;6.43;6.42;6.42;0.0;0.0
170028;1469475;2026-01-14;FRC;F38;0.0;0.0;1;154;5400428.04;7.11;7.11;7.02;7.02;7.02;7.02;7.02;7.02;0.0;0.0
170029;1469476;2026-01-14;FRC;H26;0.0;0.0;50;96350;4803672888.7;4.9;4.9;4.9;4.86;4.92;4.9;4.9;4.9;0.0;0.0
170030;1469477;2026-01-14;FRC;J26;0.0;0.0;31;46954;2336240325.14;4.89;4.89;4.89;4.88;4.98;4.89;4.93;4.88;0.0;0.0
170031;1469478;2026-01-14;FRC;J27;0.0;0.0;8;1264;61460659.14;4.66;4.66;4.66;4.66;4.66;4.66;4.66;4.66;0.0;0.0
170032;1469479;2026-01-14;FRC;J28;0.0;0.0;3;114;5414253.84;4.73;4.73;4.71;4.71;4.71;4.71;4.71;4.71;0.0;0.0
170033;1469480;2026-01-14;FRC;J30;0.0;0.0;1;73;3296705.28;5.07;5.07;5.04;5.04;5.04;5.04;5.04;5.02;0.0;0.0
170034;1469481;2026-01-14;FRC;K26;0.0;0.0;16;8589;426417765.04;4.88;4.88;4.88;4.87;4.88;4.87;4.87;4.87;0.0;0.0
170035;1469482;2026-01-14;FRC;M26;0.0;0.0;17;7262;359880796.32;4.85;4.85;4.84;4.84;4.85;4.84;4.85;4.84;0.0;0.0
170036;1469483;2026-01-14;FRC;N26;0.0;0.0;10;1942;233302582.12;4.83;4.83;4.83;4.83;4.83;4.83;4.83;4.83;0.0;4.83
170037;1469484;2026-01-14;FRC;N27;0.0;0.0;5;2674;129299432.44;4.67;4.67;4.66;4.64;4.66;4.64;4.64;4.64;4.64;0.0
170038;1469485;2026-01-14;FRC;Q26;0.0;0.0;8;1482;73144475.82;4.8;4.8;4.8;4.8;4.8;4.8;4.8;4.8;0.0;0.0
170039;1469486;2026-01-14;FRC;Q27;0.0;0.0;1;232;11195463.52;4.67;4.67;4.65;4.65;4.65;4.65;4.65;4.65;0.0;0.0
170040;1469487;2026-01-14;FRC;U26;0.0;0.0;11;1698;83649764.28;4.8;4.8;4.79;4.79;4.79;4.79;4.79;4.79;0.0;0.0
170041;1469488;2026-01-14;FRC;V26;0.0;0.0;13;11460;563507683.2;4.77;4.77;4.76;4.76;4.76;4.76;4.76;4.76;0.0;0.0
170042;1469489;2026-01-14;FRC;V27;0.0;0.0;4;482;23169918.32;4.7;4.7;4.67;4.67;4.67;4.67;4.67;4.67;0.0;0.0
170043;1469490;2026-01-14;FRC;X26;0.0;0.0;2;98;4808849.48;4.74;4.74;4.73;4.73;4.73;4.73;4.73;4.74;0.0;0.0
170044;1469491;2026-01-14;FRC;Z26;0.0;0.0;11;5218;255620703.68;4.72;4.72;4.71;4.71;4.71;4.71;4.71;4.71;0.0;0.0
170045;1469492;2026-01-14;FRC;F30;0.0;0.0;0;0;0.0;5.03;5.03;0.0;0.0;0.0;0.0;0.0;4.99;0.0;0.0
170046;1469493;2026-01-14;FRC;F32;0.0;0.0;0;0;0.0;5.48;5.48;0.0;0.0;0.0;0.0;0.0;5.43;0.0;0.0
170047;1469494;2026-01-14;FRC;F33;0.0;0.0;0;0;0.0;5.71;5.71;0.0;0.0;0.0;0.0;0.0;5.66;0.0;0.0
170048;1469495;2026-01-14;FRC;F37;0.0;0.0;0;0;0.0;6.82;6.82;0.0;0.0;0.0;0.0;0.0;6.73;0.0;0.0
170049;1469496;2026-01-14;FRC;F39;0.0;0.0;0;0;0.0;7.39;7.39;0.0;0.0;0.0;0.0;0.0;7.33;0.0;0.0
170050;1469497;2026-01-14;FRC;F40;0.0;0.0;0;0;0.0;7.66;7.66;0.0;0.0;0.0;0.0;0.0;7.63;0.0;0.0
170051;1469498;2026-01-14;FRC;F41;0.0;0.0;0;0;0.0;7.89;7.89;0.0;0.0;0.0;0.0;0.0;7.89;0.0;0.0
170052;1469499;2026-01-14;FRC;J29;0.0;0.0;0;0;0.0;4.87;4.87;0.0;0.0;0.0;0.0;0.0;4.84;0.0;0.0
170053;1469500;2026-01-14;FRC;J31;0.0;0.0;0;0;0.0;5.32;5.32;0.0;0.0;0.0;0.0;0.0;5.27;0.0;0.0
170054;1469501;2026-01-14;FRC;N28;0.0;0.0;0;0;0.0;4.74;4.74;0.0;0.0;0.0;0.0;0.0;4.71;0.0;0.0
170055;1469502;2026-01-14;FRC;N29;0.0;0.0;0;0;0.0;4.92;4.92;0.0;0.0;0.0;0.0;0.0;4.88;0.0;0.0
170056;1469503;2026-01-14;FRC;N30;0.0;0.0;0;0;0.0;5.13;5.13;0.0;0.0;0.0;0.0;0.0;5.08;0.0;0.0
170057;1469504;2026-01-14;FRC;N31;0.0;0.0;0;0;0.0;5.35;5.35;0.0;0.0;0.0;0.0;0.0;5.3;0.0;0.0
170058;1469505;2026-01-14;FRC;V28;0.0;0.0;0;0;0.0;4.79;4.79;0.0;0.0;0.0;0.0;0.0;4.76;0.0;0.0
170059;1469506;2026-01-14;FRC;V29;0.0;0.0;0;0;0.0;4.98;4.98;0.0;0.0;0.0;0.0;0.0;4.94;0.0;0.0
170060;1469507;2026-01-14;FRC;V30;0.0;0.0;0;0;0.0;5.16;5.16;0.0;0.0;0.0;0.0;0.0;5.11;0.0;0.0
170061;1469508;2026-01-14;FRC;V31;0.0;0.0;0;0;0.0;5.42;5.42;0.0;0.0;0.0;0.0;0.0;5.37;0.0;0.0
170062;1469693;2026-01-15;FRC;F27;0.0;0.0;32;34371;4075948368.8;4.73;4.73;4.75;4.75;4.76;4.75;4.76;4.76;4.75;4.76
170063;1469694;2026-01-15;FRC;F28;0.0;0.0;19;14407;1669485691.1;4.71;4.71;4.72;4.72;4.75;4.73;4.74;4.74;0.0;4.75
170064;1469695;2026-01-15;FRC;F29;0.0;0.0;5;825;93310094.0;4.8;4.8;4.85;4.84;4.85;4.84;4.84;4.85;4.83;4.84
170065;1469696;2026-01-15;FRC;F30;0.0;0.0;9;2367;260925000.0;4.99;4.99;5.01;5.01;5.01;5.01;5.01;5.01;0.0;0.0
170066;1469697;2026-01-15;FRC;F31;0.0;0.0;2;556;59726539.6;5.17;5.17;5.17;5.17;5.19;5.17;5.19;5.19;5.19;0.0
170067;1469698;2026-01-15;FRC;F33;0.0;0.0;1;172;7144949.8;5.66;5.66;5.67;5.67;5.67;5.67;5.67;5.67;0.0;0.0
170068;1469699;2026-01-15;FRC;F34;0.0;0.0;9;1277;51379207.9;5.93;5.93;5.92;5.92;5.92;5.92;5.92;5.92;0.0;0.0
170069;1469700;2026-01-15;FRC;F36;0.0;0.0;8;11836;445652565.6;6.42;6.42;6.42;6.4;6.42;6.4;6.4;6.39;0.0;0.0
170070;1469701;2026-01-15;FRC;F37;0.0;0.0;2;2360;85616139.0;6.73;6.73;6.73;6.71;6.73;6.72;6.71;6.7;0.0;0.0
170071;1469702;2026-01-15;FRC;F38;0.0;0.0;1;2928;102333376.2;7.02;7.02;7.02;7.02;7.02;7.02;7.02;6.98;0.0;0.0
170072;1469703;2026-01-15;FRC;F39;0.0;0.0;1;1359;45703709.1;7.33;7.33;7.33;7.33;7.33;7.33;7.33;7.29;0.0;0.0
170073;1469704;2026-01-15;FRC;F40;0.0;0.0;2;296;9586238.4;7.63;7.63;7.59;7.59;7.59;7.59;7.59;7.59;0.0;0.0
170074;1469705;2026-01-15;FRC;H26;0.0;0.0;42;81043;4025927387.0;4.9;4.9;4.9;4.78;4.91;4.86;4.87;4.87;0.0;0.0
170075;1469706;2026-01-15;FRC;J26;0.0;0.0;22;47674;2363542441.0;4.88;4.88;4.79;4.79;4.9;4.85;4.9;4.84;0.0;0.0
170076;1469707;2026-01-15;FRC;J27;0.0;0.0;11;1070;51824550.4;4.66;4.66;4.68;4.68;4.71;4.7;4.71;4.71;0.0;4.71
170077;1469708;2026-01-15;FRC;J28;0.0;0.0;3;190;8988249.0;4.71;4.71;4.74;4.74;4.74;4.74;4.74;4.74;0.0;0.0
170078;1469709;2026-01-15;FRC;K26;0.0;0.0;14;22424;1109264012.8;4.87;4.87;4.87;4.85;4.87;4.85;4.85;4.85;4.85;0.0
170079;1469710;2026-01-15;FRC;M26;0.0;0.0;10;11032;544720935.0;4.84;4.84;4.79;4.79;4.85;4.84;4.83;4.83;0.0;0.0
170080;1469711;2026-01-15;FRC;N26;0.0;0.0;12;8613;1033828186.2;4.83;4.83;4.81;4.81;4.81;4.81;4.81;4.81;4.81;0.0
170081;1469712;2026-01-15;FRC;N27;0.0;0.0;8;1067;51392773.3;4.64;4.64;4.69;4.69;4.69;4.69;4.69;4.69;0.0;0.0
170082;1469713;2026-01-15;FRC;N28;0.0;0.0;2;57;2681653.2;4.71;4.71;4.75;4.75;4.75;4.75;4.75;4.75;0.0;0.0
170083;1469714;2026-01-15;FRC;N29;0.0;0.0;1;111;5091620.1;4.88;4.88;4.91;4.91;4.91;4.91;4.91;4.91;0.0;0.0
170084;1469715;2026-01-15;FRC;N30;0.0;0.0;1;109;4870306.7;5.08;5.08;5.11;5.11;5.11;5.11;5.11;5.1;0.0;0.0
170085;1469716;2026-01-15;FRC;Q26;0.0;0.0;4;869;42735845.9;4.8;4.8;4.78;4.78;4.78;4.78;4.78;4.78;0.0;0.0
170086;1469717;2026-01-15;FRC;U26;0.0;0.0;4;1519;74558364.3;4.79;4.79;4.79;4.79;4.79;4.79;4.79;4.79;0.0;0.0
170087;1469718;2026-01-15;FRC;V26;0.0;0.0;7;40721;1995035024.8;4.76;4.76;4.76;4.76;4.77;4.76;4.77;4.77;0.0;0.0
170088;1469719;2026-01-15;FRC;V27;0.0;0.0;4;1021;48887753.2;4.67;4.67;4.7;4.7;4.7;4.7;4.7;4.7;0.0;0.0
170089;1469720;2026-01-15;FRC;V29;0.0;0.0;10;1990;90682663.4;4.94;4.94;4.97;4.97;4.97;4.97;4.97;4.97;0.0;4.97
170090;1469721;2026-01-15;FRC;V31;0.0;0.0;1;353;15222594.7;5.37;5.37;5.38;5.38;5.38;5.38;5.38;5.38;0.0;0.0
170091;1469722;2026-01-15;FRC;X26;0.0;0.0;6;1416;69229132.8;4.74;4.74;4.75;4.75;4.75;4.75;4.75;4.75;0.0;0.0
170092;1469723;2026-01-15;FRC;Z26;0.0;0.0;10;8436;411726798.4;4.71;4.71;4.73;4.73;4.73;4.73;4.73;4.73;0.0;0.0
170093;1469724;2026-01-15;FRC;F32;0.0;0.0;0;0;0.0;5.43;5.43;0.0;0.0;0.0;0.0;0.0;5.44;0.0;0.0
170094;1469725;2026-01-15;FRC;F35;0.0;0.0;0;0;0.0;6.18;6.18;0.0;0.0;0.0;0.0;0.0;6.16;0.0;0.0
170095;1469726;2026-01-15;FRC;F41;0.0;0.0;0;0;0.0;7.89;7.89;0.0;0.0;0.0;0.0;0.0;7.85;0.0;0.0
170096;1469727;2026-01-15;FRC;J29;0.0;0.0;0;0;0.0;4.84;4.84;0.0;0.0;0.0;0.0;0.0;4.88;0.0;0.0
170097;1469728;2026-01-15;FRC;J30;0.0;0.0;0;0;0.0;5.02;5.02;0.0;0.0;0.0;0.0;0.0;5.04;0.0;0.0
170098;1469729;2026-01-15;FRC;J31;0.0;0.0;0;0;0.0;5.27;5.27;0.0;0.0;0.0;0.0;0.0;5.29;0.0;0.0
170099;1469730;2026-01-15;FRC;N31;0.0;0.0;0;0;0.0;5.3;5.3;0.0;0.0;0.0;0.0;0.0;5.32;0.0;0.0
170100;1469731;2026-01-15;FRC;Q27;0.0;0.0;0;0;0.0;4.65;4.65;0.0;0.0;0.0;0.0;0.0;4.69;0.0;0.0
170101;1469732;2026-01-15;FRC;V28;0.0;0.0;0;0;0.0;4.76;4.76;0.0;0.0;0.0;0.0;0.0;4.8;0.0;0.0
170102;1469733;2026-01-15;FRC;V30;0.0;0.0;0;0;0.0;5.11;5.11;0.0;0.0;0.0;0.0;0.0;5.13;0.0;0.0
170103;1469917;2026-01-16;FRC;F27;0.0;0.0;19;16189;1920139286.07;4.76;4.76;4.77;4.77;4.77;4.77;4.77;4.77;0.0;0.0
170104;1469918;2026-01-16;FRC;F28;0.0;0.0;12;4579;530840427.87;4.74;4.74;4.73;4.73;4.73;4.73;4.73;4.73;4.73;0.0
170105;1469919;2026-01-16;FRC;F29;0.0;0.0;13;2475;279952129.05;4.85;4.85;4.86;4.86;4.86;4.86;4.86;4.86;0.0;0.0
170106;1469920;2026-01-16;FRC;F30;0.0;0.0;8;2275;250809681.45;5.01;5.01;5.02;5.02;5.02;5.02;5.02;5.02;0.0;0.0
170107;1469921;2026-01-16;FRC;F31;0.0;0.0;6;8574;920234697.52;5.19;5.19;5.21;5.21;5.22;5.21;5.22;5.22;0.0;0.0
170108;1469922;2026-01-16;FRC;F32;0.0;0.0;11;4227;180996066.81;5.44;5.44;5.44;5.44;5.45;5.44;5.45;5.45;0.0;0.0
170109;1469923;2026-01-16;FRC;F33;0.0;0.0;2;1715;71215787.45;5.67;5.67;5.67;5.67;5.7;5.68;5.7;5.68;0.0;0.0
170110;1469924;2026-01-16;FRC;F34;0.0;0.0;2;1342;53988469.06;5.92;5.92;5.92;5.92;5.95;5.93;5.95;5.94;0.0;0.0
170111;1469925;2026-01-16;FRC;F35;0.0;0.0;5;902;35100114.36;6.16;6.16;6.19;6.18;6.19;6.18;6.18;6.18;0.0;0.0
170112;1469926;2026-01-16;FRC;F36;0.0;0.0;3;274;10322480.52;6.39;6.39;6.43;6.43;6.43;6.43;6.43;6.43;0.0;0.0
170113;1469927;2026-01-16;FRC;H26;0.0;0.0;24;62422;3102780488.86;4.87;4.87;4.88;4.84;4.9;4.85;4.89;4.84;0.0;0.0
170114;1469928;2026-01-16;FRC;J26;0.0;0.0;28;64725;3210802983.75;4.84;4.84;4.85;4.78;4.94;4.84;4.83;4.83;4.83;0.0
170115;1469929;2026-01-16;FRC;J27;0.0;0.0;4;798;38668841.04;4.71;4.71;4.73;4.73;4.73;4.73;4.73;4.73;0.0;0.0
170116;1469930;2026-01-16;FRC;J29;0.0;0.0;5;392;18106023.46;4.88;4.88;4.89;4.89;4.89;4.89;4.89;4.89;0.0;0.0
170117;1469931;2026-01-16;FRC;K26;0.0;0.0;13;9264;458550493.12;4.85;4.85;4.84;4.84;4.84;4.84;4.84;4.84;0.0;0.0
170118;1469932;2026-01-16;FRC;M26;0.0;0.0;20;38614;1907794226.82;4.83;4.83;4.83;4.83;4.83;4.83;4.83;4.83;0.0;0.0
170119;1469933;2026-01-16;FRC;N26;0.0;0.0;29;36021;4324695924.83;4.81;4.81;4.82;4.72;4.82;4.8;4.81;4.81;4.81;0.0
170120;1469934;2026-01-16;FRC;N27;0.0;0.0;7;1936;93284726.48;4.69;4.69;4.71;4.71;4.71;4.71;4.71;4.71;4.71;0.0
170121;1469935;2026-01-16;FRC;N28;0.0;0.0;5;608;28617925.44;4.75;4.75;4.76;4.76;4.76;4.76;4.76;4.76;4.76;0.0
170122;1469936;2026-01-16;FRC;N30;0.0;0.0;1;181;8090284.83;5.1;5.1;5.1;5.1;5.1;5.1;5.1;5.1;5.1;0.0
170123;1469937;2026-01-16;FRC;N31;0.0;0.0;1;603;26208663.29;5.32;5.32;5.32;5.32;5.32;5.32;5.32;5.34;0.0;0.0
170124;1469938;2026-01-16;FRC;Q26;0.0;0.0;12;3518;173107906.54;4.78;4.78;4.79;4.79;4.79;4.79;4.79;4.79;0.0;0.0
170125;1469939;2026-01-16;FRC;Q27;0.0;0.0;2;194;9329449.42;4.69;4.69;4.72;4.72;4.72;4.72;4.72;4.72;0.0;0.0
170126;1469940;2026-01-16;FRC;U26;0.0;0.0;13;25505;1252619108.75;4.79;4.79;4.88;4.79;4.88;4.79;4.79;4.79;0.0;0.0
170127;1469941;2026-01-16;FRC;V26;0.0;0.0;9;5039;247002455.97;4.77;4.77;4.78;4.78;4.78;4.78;4.78;4.78;0.0;4.78
170128;1469942;2026-01-16;FRC;V27;0.0;0.0;3;1117;53506737.11;4.7;4.7;4.72;4.72;4.72;4.72;4.72;4.72;4.72;0.0
170129;1469943;2026-01-16;FRC;V31;0.0;0.0;2;1112;47981710.06;5.38;5.38;5.38;5.38;5.38;5.38;5.38;5.4;0.0;0.0
170130;1469944;2026-01-16;FRC;X26;0.0;0.0;1;39;1907522.97;4.75;4.75;4.76;4.76;4.76;4.76;4.76;4.77;0.0;0.0
170131;1469945;2026-01-16;FRC;Z26;0.0;0.0;9;31036;1515546918.68;4.73;4.73;4.74;4.74;4.75;4.74;4.75;4.75;0.0;0.0
170132;1469946;2026-01-16;FRC;F37;0.0;0.0;0;0;0.0;6.7;6.7;0.0;0.0;0.0;0.0;0.0;6.74;0.0;0.0
170133;1469947;2026-01-16;FRC;F38;0.0;0.0;0;0;0.0;6.98;6.98;0.0;0.0;0.0;0.0;0.0;7.02;0.0;0.0
170134;1469948;2026-01-16;FRC;F39;0.0;0.0;0;0;0.0;7.29;7.29;0.0;0.0;0.0;0.0;0.0;7.33;0.0;0.0
170135;1469949;2026-01-16;FRC;F40;0.0;0.0;0;0;0.0;7.59;7.59;0.0;0.0;0.0;0.0;0.0;7.63;0.0;0.0
170136;1469950;2026-01-16;FRC;F41;0.0;0.0;0;0;0.0;7.85;7.85;0.0;0.0;0.0;0.0;0.0;7.89;0.0;0.0
170137;1469951;2026-01-16;FRC;J28;0.0;0.0;0;0;0.0;4.74;4.74;0.0;0.0;0.0;0.0;0.0;4.74;0.0;0.0
170138;1469952;2026-01-16;FRC;J30;0.0;0.0;0;0;0.0;5.04;5.04;0.0;0.0;0.0;0.0;0.0;5.05;0.0;0.0
170139;1469953;2026-01-16;FRC;J31;0.0;0.0;0;0;0.0;5.29;5.29;0.0;0.0;0.0;0.0;0.0;5.32;0.0;0.0
170140;1469954;2026-01-16;FRC;N29;0.0;0.0;0;0;0.0;4.91;4.91;0.0;0.0;0.0;0.0;0.0;4.92;0.0;0.0
170141;1469955;2026-01-16;FRC;V28;0.0;0.0;0;0;0.0;4.8;4.8;0.0;0.0;0.0;0.0;0.0;4.81;0.0;0.0
170142;1469956;2026-01-16;FRC;V29;0.0;0.0;0;0;0.0;4.97;4.97;0.0;0.0;0.0;0.0;0.0;4.98;0.0;0.0
170143;1469957;2026-01-16;FRC;V30;0.0;0.0;0;0;0.0;5.13;5.13;0.0;0.0;0.0;0.0;0.0;5.14;0.0;0.0
170144;1470140;2026-01-19;FRC;F27;0.0;0.0;11;19007;2255361025.28;4.77;4.77;4.77;4.76;4.78;4.76;4.76;4.76;4.76;4.77
170145;1470141;2026-01-19;FRC;F28;0.0;0.0;2;384;44479727.36;4.73;4.73;4.73;4.73;4.73;4.73;4.73;4.72;4.72;0.0
170146;1470142;2026-01-19;FRC;F31;0.0;0.0;2;1256;134797517.24;5.22;5.22;5.22;5.22;5.22;5.22;5.22;5.22;0.0;5.22
170147;1470143;2026-01-19;FRC;H26;0.0;0.0;22;37807;1880077326.18;4.84;4.84;4.87;4.86;4.87;4.86;4.86;4.86;0.0;0.0
170148;1470144;2026-01-19;FRC;J26;0.0;0.0;14;5303;263181305.82;4.83;4.83;4.84;4.84;4.85;4.84;4.85;4.85;0.0;0.0
170149;1470145;2026-01-19;FRC;J27;0.0;0.0;9;2549;123576553.66;4.73;4.73;4.72;4.72;4.72;4.72;4.72;4.72;0.0;0.0
170150;1470146;2026-01-19;FRC;J28;0.0;0.0;5;475;22495531.5;4.74;4.74;4.73;4.73;4.73;4.73;4.73;4.73;0.0;0.0
170151;1470147;2026-01-19;FRC;J29;0.0;0.0;3;372;17187144.88;4.89;4.89;4.88;4.88;4.88;4.88;4.88;4.88;0.0;4.87
170152;1470148;2026-01-19;FRC;K26;0.0;0.0;14;8151;403625611.54;4.84;4.84;4.85;4.85;4.86;4.85;4.86;4.86;0.0;0.0
170153;1470149;2026-01-19;FRC;M26;0.0;0.0;13;7975;394173656.8;4.83;4.83;4.83;4.83;4.86;4.85;4.86;4.86;0.0;4.86
170154;1470150;2026-01-19;FRC;N26;0.0;0.0;14;11449;1374873983.66;4.81;4.81;4.81;4.81;4.82;4.81;4.82;4.82;0.0;0.0
170155;1470151;2026-01-19;FRC;N28;0.0;0.0;1;1137;53531923.98;4.76;4.76;4.76;4.76;4.76;4.76;4.76;4.75;0.0;0.0
170156;1470152;2026-01-19;FRC;N31;0.0;0.0;2;390;16949529.6;5.34;5.34;5.34;5.34;5.34;5.34;5.34;5.34;0.0;0.0
170157;1470153;2026-01-19;FRC;Q26;0.0;0.0;8;1936;95302122.04;4.79;4.79;4.8;4.8;4.8;4.8;4.8;4.8;4.78;4.8
170158;1470154;2026-01-19;FRC;U26;0.0;0.0;5;3157;155120464.78;4.79;4.79;4.79;4.78;4.79;4.78;4.78;4.78;4.78;0.0
170159;1470155;2026-01-19;FRC;V26;0.0;0.0;6;3544;173802525.76;4.78;4.78;4.77;4.77;4.77;4.77;4.77;4.77;0.0;0.0
170160;1470156;2026-01-19;FRC;X26;0.0;0.0;8;1568;76728902.72;4.77;4.77;4.77;4.77;4.77;4.77;4.77;4.76;0.0;0.0
170161;1470157;2026-01-19;FRC;Z26;0.0;0.0;1;373;18222677.22;4.75;4.75;4.74;4.74;4.74;4.74;4.74;4.74;0.0;0.0
170162;1470158;2026-01-19;FRC;F29;0.0;0.0;0;0;0.0;4.86;4.86;0.0;0.0;0.0;0.0;0.0;4.85;0.0;0.0
170163;1470159;2026-01-19;FRC;F30;0.0;0.0;0;0;0.0;5.02;5.02;0.0;0.0;0.0;0.0;0.0;5.01;0.0;0.0
170164;1470160;2026-01-19;FRC;F32;0.0;0.0;0;0;0.0;5.45;5.45;0.0;0.0;0.0;0.0;0.0;5.44;0.0;0.0
170165;1470161;2026-01-19;FRC;F33;0.0;0.0;0;0;0.0;5.68;5.68;0.0;0.0;0.0;0.0;0.0;5.67;0.0;0.0
170166;1470162;2026-01-19;FRC;F34;0.0;0.0;0;0;0.0;5.94;5.94;0.0;0.0;0.0;0.0;0.0;5.93;0.0;0.0
170167;1470163;2026-01-19;FRC;F35;0.0;0.0;0;0;0.0;6.18;6.18;0.0;0.0;0.0;0.0;0.0;6.18;0.0;0.0
170168;1470164;2026-01-19;FRC;F36;0.0;0.0;0;0;0.0;6.43;6.43;0.0;0.0;0.0;0.0;0.0;6.44;0.0;0.0
170169;1470165;2026-01-19;FRC;F37;0.0;0.0;0;0;0.0;6.74;6.74;0.0;0.0;0.0;0.0;0.0;6.76;0.0;0.0
170170;1470166;2026-01-19;FRC;F38;0.0;0.0;0;0;0.0;7.02;7.02;0.0;0.0;0.0;0.0;0.0;7.04;0.0;0.0
170171;1470167;2026-01-19;FRC;F39;0.0;0.0;0;0;0.0;7.33;7.33;0.0;0.0;0.0;0.0;0.0;7.35;0.0;0.0
170172;1470168;2026-01-19;FRC;F40;0.0;0.0;0;0;0.0;7.63;7.63;0.0;0.0;0.0;0.0;0.0;7.65;0.0;0.0
170173;1470169;2026-01-19;FRC;F41;0.0;0.0;0;0;0.0;7.89;7.89;0.0;0.0;0.0;0.0;0.0;7.91;0.0;0.0
170174;1470170;2026-01-19;FRC;J30;0.0;0.0;0;0;0.0;5.05;5.05;0.0;0.0;0.0;0.0;0.0;5.04;0.0;0.0
170175;1470171;2026-01-19;FRC;J31;0.0;0.0;0;0;0.0;5.32;5.32;0.0;0.0;0.0;0.0;0.0;5.32;0.0;0.0
170176;1470172;2026-01-19;FRC;N27;0.0;0.0;0;0;0.0;4.71;4.71;0.0;0.0;0.0;0.0;0.0;4.71;0.0;0.0
170177;1470173;2026-01-19;FRC;N29;0.0;0.0;0;0;0.0;4.92;4.92;0.0;0.0;0.0;0.0;0.0;4.91;0.0;0.0
170178;1470174;2026-01-19;FRC;N30;0.0;0.0;0;0;0.0;5.1;5.1;0.0;0.0;0.0;0.0;0.0;5.1;0.0;0.0
170179;1470175;2026-01-19;FRC;Q27;0.0;0.0;0;0;0.0;4.72;4.72;0.0;0.0;0.0;0.0;0.0;4.71;0.0;0.0
170180;1470176;2026-01-19;FRC;V27;0.0;0.0;0;0;0.0;4.72;4.72;0.0;0.0;0.0;0.0;0.0;4.71;0.0;0.0
170181;1470177;2026-01-19;FRC;V28;0.0;0.0;0;0;0.0;4.81;4.81;0.0;0.0;0.0;0.0;0.0;4.8;0.0;0.0
170182;1470178;2026-01-19;FRC;V29;0.0;0.0;0;0;0.0;4.98;4.98;0.0;0.0;0.0;0.0;0.0;4.97;0.0;0.0
170183;1470179;2026-01-19;FRC;V30;0.0;0.0;0;0;0.0;5.14;5.14;0.0;0.0;0.0;0.0;0.0;5.14;0.0;0.0
170184;1470180;2026-01-19;FRC;V31;0.0;0.0;0;0;0.0;5.4;5.4;0.0;0.0;0.0;0.0;0.0;5.4;0.0;0.0
170185;1470363;2026-01-20;FRC;F27;0.0;0.0;25;32101;3814934560.32;4.76;4.76;4.76;4.76;4.76;4.76;4.76;4.76;0.0;0.0
170186;1470364;2026-01-20;FRC;F28;0.0;0.0;27;10537;1223953338.34;4.72;4.72;4.74;4.72;4.74;4.72;4.72;4.72;0.0;0.0
170187;1470365;2026-01-20;FRC;F29;0.0;0.0;16;4086;463399312.72;4.85;4.85;4.83;4.83;4.83;4.83;4.83;4.83;4.82;0.0
170188;1470366;2026-01-20;FRC;F30;0.0;0.0;13;4144;458073715.88;5.01;5.01;5.0;5.0;5.0;5.0;5.0;5.0;5.0;0.0
170189;1470367;2026-01-20;FRC;F31;0.0;0.0;18;5438;584655657.36;5.22;5.22;5.22;5.2;5.22;5.2;5.2;5.2;5.2;0.0
170190;1470368;2026-01-20;FRC;F35;0.0;0.0;1;131;5108017.92;6.18;6.18;6.23;6.23;6.23;6.23;6.23;6.23;0.0;0.0
170191;1470369;2026-01-20;FRC;F36;0.0;0.0;1;112;4214763.14;6.44;6.44;6.51;6.51;6.51;6.51;6.51;6.51;6.49;6.54
170192;1470370;2026-01-20;FRC;F37;0.0;0.0;3;628;22814284.96;6.76;6.76;6.79;6.79;6.79;6.79;6.79;6.79;0.0;0.0
170193;1470371;2026-01-20;FRC;F39;0.0;0.0;3;226;7607200.82;7.35;7.35;7.4;7.4;7.4;7.4;7.4;7.4;0.0;0.0
170194;1470372;2026-01-20;FRC;F41;0.0;0.0;1;145;4516357.4;7.91;7.91;7.97;7.97;7.97;7.97;7.97;7.97;0.0;0.0
170195;1470373;2026-01-20;FRC;H26;0.0;0.0;54;116594;5817365580.18;4.86;4.86;4.89;4.85;4.91;4.86;4.85;4.85;4.85;0.0
170196;1470374;2026-01-20;FRC;J26;0.0;0.0;19;20401;1015838877.12;4.85;4.85;4.85;4.85;4.95;4.86;4.86;4.86;0.0;0.0
170197;1470375;2026-01-20;FRC;J27;0.0;0.0;13;10811;525911745.02;4.72;4.72;4.72;4.71;4.72;4.71;4.71;4.71;0.0;0.0
170198;1470376;2026-01-20;FRC;J28;0.0;0.0;6;1621;77033044.72;4.73;4.73;4.74;4.73;4.74;4.73;4.74;4.74;0.0;0.0
170199;1470377;2026-01-20;FRC;K26;0.0;0.0;11;5687;282551911.84;4.86;4.86;4.86;4.86;4.86;4.86;4.86;4.86;0.0;0.0
170200;1470378;2026-01-20;FRC;M26;0.0;0.0;13;16726;829466419.82;4.86;4.86;4.87;4.85;4.87;4.85;4.85;4.85;0.0;0.0
170201;1470379;2026-01-20;FRC;N26;0.0;0.0;15;15249;1834177297.68;4.82;4.82;4.83;4.8;4.83;4.8;4.8;4.8;4.8;0.0
170202;1470380;2026-01-20;FRC;N27;0.0;0.0;6;1123;54314373.56;4.71;4.71;4.71;4.71;4.71;4.71;4.71;4.71;0.0;0.0
170203;1470381;2026-01-20;FRC;N28;0.0;0.0;8;2294;108379845.98;4.75;4.75;4.75;4.75;4.75;4.75;4.75;4.75;0.0;0.0
170204;1470382;2026-01-20;FRC;N29;0.0;0.0;1;37;1704544.24;4.91;4.91;4.91;4.91;4.91;4.91;4.91;4.89;0.0;0.0
170205;1470383;2026-01-20;FRC;Q26;0.0;0.0;14;6226;307514704.82;4.8;4.8;4.79;4.79;4.79;4.79;4.79;4.79;4.78;4.79
170206;1470384;2026-01-20;FRC;Q27;0.0;0.0;8;966;46629553.12;4.71;4.71;4.7;4.7;4.7;4.7;4.7;4.7;0.0;0.0
170207;1470385;2026-01-20;FRC;U26;0.0;0.0;7;2583;127339443.76;4.78;4.78;4.78;4.78;4.79;4.78;4.78;4.78;0.0;0.0
170208;1470386;2026-01-20;FRC;V26;0.0;0.0;12;5555;273342722.2;4.77;4.77;4.77;4.76;4.78;4.76;4.76;4.76;0.0;0.0
170209;1470387;2026-01-20;FRC;V28;0.0;0.0;5;755;35453285.6;4.8;4.8;4.79;4.79;4.79;4.79;4.79;4.79;0.0;0.0
170210;1470388;2026-01-20;FRC;V29;0.0;0.0;3;2066;94593318.72;4.97;4.97;4.95;4.95;4.95;4.95;4.95;4.95;0.0;0.0
170211;1470389;2026-01-20;FRC;X26;0.0;0.0;3;197;9673437.04;4.76;4.76;4.76;4.76;4.76;4.76;4.76;4.76;0.0;4.76
170212;1470390;2026-01-20;FRC;Z26;0.0;0.0;20;7158;350853431.06;4.74;4.74;4.75;4.74;4.75;4.74;4.74;4.74;0.0;0.0
170213;1470391;2026-01-20;FRC;F32;0.0;0.0;0;0;0.0;5.44;5.44;0.0;0.0;0.0;0.0;0.0;5.45;0.0;0.0
170214;1470392;2026-01-20;FRC;F33;0.0;0.0;0;0;0.0;5.67;5.67;0.0;0.0;0.0;0.0;0.0;5.69;0.0;0.0
170215;1470393;2026-01-20;FRC;F34;0.0;0.0;0;0;0.0;5.93;5.93;0.0;0.0;0.0;0.0;0.0;5.96;0.0;0.0
170216;1470394;2026-01-20;FRC;F38;0.0;0.0;0;0;0.0;7.04;7.04;0.0;0.0;0.0;0.0;0.0;7.08;0.0;0.0
170217;1470395;2026-01-20;FRC;F40;0.0;0.0;0;0;0.0;7.65;7.65;0.0;0.0;0.0;0.0;0.0;7.7;0.0;0.0
170218;1470396;2026-01-20;FRC;J29;0.0;0.0;0;0;0.0;4.88;4.88;0.0;0.0;0.0;0.0;0.0;4.86;0.0;0.0
170219;1470397;2026-01-20;FRC;J30;0.0;0.0;0;0;0.0;5.04;5.04;0.0;0.0;0.0;0.0;0.0;5.03;0.0;0.0
170220;1470398;2026-01-20;FRC;J31;0.0;0.0;0;0;0.0;5.32;5.32;0.0;0.0;0.0;0.0;0.0;5.3;0.0;0.0
170221;1470399;2026-01-20;FRC;N30;0.0;0.0;0;0;0.0;5.1;5.1;0.0;0.0;0.0;0.0;0.0;5.09;0.0;0.0
170222;1470400;2026-01-20;FRC;N31;0.0;0.0;0;0;0.0;5.34;5.34;0.0;0.0;0.0;0.0;0.0;5.33;0.0;0.0
170223;1470401;2026-01-20;FRC;V27;0.0;0.0;0;0;0.0;4.71;4.71;0.0;0.0;0.0;0.0;0.0;4.72;0.0;0.0
170224;1470402;2026-01-20;FRC;V30;0.0;0.0;0;0;0.0;5.14;5.14;0.0;0.0;0.0;0.0;0.0;5.12;0.0;0.0
170225;1470403;2026-01-20;FRC;V31;0.0;0.0;0;0;0.0;5.4;5.4;0.0;0.0;0.0;0.0;0.0;5.39;0.0;0.0
170226;1470585;2026-01-21;FRC;F27;0.0;0.0;24;18677;2213360730.2;4.76;4.76;4.7;4.7;4.74;4.73;4.74;4.74;4.74;0.0
170227;1470586;2026-01-21;FRC;F28;0.0;0.0;12;4233;490283245.3;4.72;4.72;4.73;4.73;4.73;4.73;4.73;4.73;4.73;0.0
170228;1470587;2026-01-21;FRC;F29;0.0;0.0;11;2361;266866495.2;4.83;4.83;4.86;4.86;4.86;4.86;4.86;4.86;0.0;0.0
170229;1470588;2026-01-21;FRC;F30;0.0;0.0;10;1083;119171430.3;5.0;5.0;5.04;5.04;5.04;5.04;5.04;5.04;0.0;5.12
170230;1470589;2026-01-21;FRC;F31;0.0;0.0;4;3837;411227796.8;5.2;5.2;5.23;5.23;5.23;5.23;5.23;5.23;0.0;5.31
170231;1470590;2026-01-21;FRC;F32;0.0;0.0;3;351;14969155.0;5.45;5.45;5.47;5.47;5.47;5.47;5.47;5.47;0.0;0.0
170232;1470591;2026-01-21;FRC;F33;0.0;0.0;1;360;14890405.2;5.69;5.69;5.7;5.7;5.7;5.7;5.7;5.7;5.7;5.8
170233;1470592;2026-01-21;FRC;F34;0.0;0.0;3;185;7413243.3;5.96;5.96;5.97;5.97;5.97;5.97;5.97;5.97;0.0;0.0
170234;1470593;2026-01-21;FRC;F36;0.0;0.0;1;321;12001709.0;6.51;6.51;6.52;6.52;6.52;6.52;6.52;6.52;6.5;6.6
170235;1470594;2026-01-21;FRC;H26;0.0;0.0;61;129906;6435064167.3;4.85;4.85;4.87;4.78;4.88;4.87;4.87;4.87;4.85;4.87
170236;1470595;2026-01-21;FRC;J26;0.0;0.0;58;80262;3967856362.2;4.86;4.86;4.87;4.86;4.96;4.87;4.86;4.86;0.0;0.0
170237;1470596;2026-01-21;FRC;J27;0.0;0.0;10;2766;133610990.6;4.71;4.71;4.65;4.65;4.69;4.68;4.69;4.69;4.69;0.0
170238;1470597;2026-01-21;FRC;J28;0.0;0.0;3;2897;136666043.4;4.74;4.74;4.74;4.74;4.76;4.74;4.76;4.76;0.0;0.0
170239;1470598;2026-01-21;FRC;J29;0.0;0.0;5;1883;86686147.3;4.86;4.86;4.87;4.87;4.88;4.87;4.88;4.88;4.88;0.0
170240;1470599;2026-01-21;FRC;J31;0.0;0.0;3;3922;170941618.0;5.3;5.3;5.31;5.3;5.31;5.3;5.3;5.31;0.0;0.0
170241;1470600;2026-01-21;FRC;K26;0.0;0.0;25;23601;1164169417.1;4.86;4.86;4.87;4.86;4.93;4.86;4.86;4.86;0.0;4.86
170242;1470601;2026-01-21;FRC;M26;0.0;0.0;30;50755;2499005146.3;4.85;4.85;4.87;4.83;4.87;4.84;4.83;4.83;0.0;0.0
170243;1470602;2026-01-21;FRC;N26;0.0;0.0;19;23115;2772083460.3;4.8;4.8;4.8;4.8;4.8;4.8;4.8;4.8;0.0;0.0
170244;1470603;2026-01-21;FRC;N28;0.0;0.0;6;1708;80101596.0;4.75;4.75;4.77;4.77;4.77;4.77;4.77;4.77;0.0;0.0
170245;1470604;2026-01-21;FRC;Q26;0.0;0.0;1;20;980879.6;4.79;4.79;4.77;4.77;4.77;4.77;4.77;4.8;4.77;4.79
170246;1470605;2026-01-21;FRC;Q27;0.0;0.0;1;290;13898466.0;4.7;4.7;4.7;4.7;4.7;4.7;4.7;4.7;0.0;0.0
170247;1470606;2026-01-21;FRC;U26;0.0;0.0;11;1066;52178476.8;4.78;4.78;4.77;4.77;4.77;4.77;4.77;4.77;4.77;0.0
170248;1470607;2026-01-21;FRC;V26;0.0;0.0;11;3938;192385589.0;4.76;4.76;4.78;4.76;4.78;4.76;4.76;4.76;0.0;4.76
170249;1470608;2026-01-21;FRC;V27;0.0;0.0;12;3854;183968174.0;4.72;4.72;4.73;4.73;4.73;4.73;4.73;4.73;0.0;0.0
170250;1470609;2026-01-21;FRC;V28;0.0;0.0;1;38;1772050.8;4.79;4.79;4.8;4.8;4.8;4.8;4.8;4.8;4.8;0.0
170251;1470610;2026-01-21;FRC;X26;0.0;0.0;4;648;31590432.0;4.76;4.76;4.75;4.75;4.75;4.75;4.75;4.75;0.0;0.0
170252;1470611;2026-01-21;FRC;Z26;0.0;0.0;2;4963;241524350.0;4.74;4.74;4.74;4.74;4.74;4.74;4.74;4.74;0.0;0.0
170253;1470612;2026-01-21;FRC;F35;0.0;0.0;0;0;0.0;6.23;6.23;0.0;0.0;0.0;0.0;0.0;6.24;0.0;0.0
170254;1470613;2026-01-21;FRC;F37;0.0;0.0;0;0;0.0;6.79;6.79;0.0;0.0;0.0;0.0;0.0;6.8;0.0;0.0
170255;1470614;2026-01-21;FRC;F38;0.0;0.0;0;0;0.0;7.08;7.08;0.0;0.0;0.0;0.0;0.0;7.09;0.0;0.0
170256;1470615;2026-01-21;FRC;F39;0.0;0.0;0;0;0.0;7.4;7.4;0.0;0.0;0.0;0.0;0.0;7.41;0.0;0.0
170257;1470616;2026-01-21;FRC;F40;0.0;0.0;0;0;0.0;7.7;7.7;0.0;0.0;0.0;0.0;0.0;7.71;0.0;0.0
170258;1470617;2026-01-21;FRC;F41;0.0;0.0;0;0;0.0;7.97;7.97;0.0;0.0;0.0;0.0;0.0;7.98;0.0;0.0
170259;1470618;2026-01-21;FRC;J30;0.0;0.0;0;0;0.0;5.03;5.03;0.0;0.0;0.0;0.0;0.0;5.07;0.0;0.0
170260;1470619;2026-01-21;FRC;N27;0.0;0.0;0;0;0.0;4.71;4.71;0.0;0.0;0.0;0.0;0.0;4.7;0.0;0.0
170261;1470620;2026-01-21;FRC;N29;0.0;0.0;0;0;0.0;4.89;4.89;0.0;0.0;0.0;0.0;0.0;4.92;0.0;0.0
170262;1470621;2026-01-21;FRC;N30;0.0;0.0;0;0;0.0;5.09;5.09;0.0;0.0;0.0;0.0;0.0;5.13;0.0;0.0
170263;1470622;2026-01-21;FRC;N31;0.0;0.0;0;0;0.0;5.33;5.33;0.0;0.0;0.0;0.0;0.0;5.34;0.0;0.0
170264;1470623;2026-01-21;FRC;V29;0.0;0.0;0;0;0.0;4.95;4.95;0.0;0.0;0.0;0.0;0.0;4.98;0.0;0.0
170265;1470624;2026-01-21;FRC;V30;0.0;0.0;0;0;0.0;5.12;5.12;0.0;0.0;0.0;0.0;0.0;5.15;0.0;0.0
170266;1470625;2026-01-21;FRC;V31;0.0;0.0;0;0;0.0;5.39;5.39;0.0;0.0;0.0;0.0;0.0;5.41;0.0;0.0
170267;1470807;2026-01-22;FRC;F27;0.0;0.0;25;13564;1608128610.28;4.74;4.74;4.76;4.76;4.76;4.76;4.76;4.76;0.0;4.76
170268;1470808;2026-01-22;FRC;F28;0.0;0.0;19;11129;1289257828.58;4.73;4.73;4.74;4.74;4.75;4.74;4.75;4.75;4.75;4.77
170269;1470809;2026-01-22;FRC;F29;0.0;0.0;6;1761;199122730.32;4.86;4.86;4.87;4.87;4.87;4.87;4.87;4.87;4.87;4.89
170270;1470810;2026-01-22;FRC;F30;0.0;0.0;10;6945;765017813.7;5.04;5.04;5.04;5.04;5.07;5.05;5.07;5.07;5.07;0.0
170271;1470811;2026-01-22;FRC;F31;0.0;0.0;6;2689;288182375.48;5.23;5.23;5.23;5.23;5.27;5.24;5.27;5.27;0.0;0.0
170272;1470812;2026-01-22;FRC;F32;0.0;0.0;2;1261;53763071.92;5.47;5.47;5.51;5.51;5.51;5.51;5.51;5.51;0.0;0.0
170273;1470813;2026-01-22;FRC;F34;0.0;0.0;3;669;26776872.08;5.97;5.97;6.0;6.0;6.0;6.0;6.0;6.0;0.0;0.0
170274;1470814;2026-01-22;FRC;F35;0.0;0.0;6;7525;291595748.9;6.24;6.24;6.24;6.24;6.27;6.24;6.27;6.27;0.0;0.0
170275;1470815;2026-01-22;FRC;F36;0.0;0.0;3;368;13745665.26;6.52;6.52;6.55;6.55;6.55;6.55;6.55;6.55;0.0;0.0
170276;1470816;2026-01-22;FRC;F38;0.0;0.0;2;153;5303217.96;7.09;7.09;7.12;7.12;7.12;7.12;7.12;7.12;0.0;0.0
170277;1470817;2026-01-22;FRC;H26;0.0;0.0;115;263605;13070414924.8;4.87;4.87;4.89;4.89;4.93;4.9;4.89;4.89;4.89;0.0
170278;1470818;2026-01-22;FRC;J26;0.0;0.0;35;71695;3547760124.5;4.86;4.86;4.88;4.87;4.9;4.87;4.87;4.87;4.87;0.0
170279;1470819;2026-01-22;FRC;J27;0.0;0.0;9;6523;315342496.36;4.69;4.69;4.71;4.71;4.71;4.71;4.71;4.71;0.0;0.0
170280;1470820;2026-01-22;FRC;J28;0.0;0.0;1;1658;78280512.26;4.76;4.76;4.76;4.76;4.76;4.76;4.76;4.78;4.76;4.78
170281;1470821;2026-01-22;FRC;J30;0.0;0.0;1;182;8162593.24;5.07;5.07;5.1;5.1;5.1;5.1;5.1;5.1;0.0;0.0
170282;1470822;2026-01-22;FRC;K26;0.0;0.0;21;43773;2161288377.96;4.86;4.86;4.88;4.86;4.88;4.86;4.86;4.86;4.86;0.0
170283;1470823;2026-01-22;FRC;M26;0.0;0.0;13;16352;805890727.04;4.83;4.83;4.83;4.83;4.85;4.84;4.85;4.85;0.0;4.87
170284;1470824;2026-01-22;FRC;N26;0.0;0.0;23;36733;4407785524.06;4.8;4.8;4.82;4.81;4.82;4.81;4.81;4.81;4.78;0.0
170285;1470825;2026-01-22;FRC;N27;0.0;0.0;4;987;47442560.04;4.7;4.7;4.7;4.7;4.7;4.7;4.7;4.7;4.7;0.0
170286;1470826;2026-01-22;FRC;N28;0.0;0.0;6;3221;151172363.72;4.77;4.77;4.77;4.77;4.79;4.78;4.79;4.79;0.0;0.0
170287;1470827;2026-01-22;FRC;N30;0.0;0.0;1;1541;68681336.62;5.13;5.13;5.13;5.13;5.13;5.13;5.13;5.14;5.14;0.0
170288;1470828;2026-01-22;FRC;Q26;0.0;0.0;5;1977;97036482.64;4.8;4.8;4.81;4.81;4.81;4.81;4.81;4.81;0.0;0.0
170289;1470829;2026-01-22;FRC;Q27;0.0;0.0;4;2842;136335848.74;4.7;4.7;4.7;4.7;4.7;4.7;4.7;4.7;0.0;0.0
170290;1470830;2026-01-22;FRC;U26;0.0;0.0;1;197;9651286.04;4.77;4.77;4.79;4.79;4.79;4.79;4.79;4.78;0.0;0.0
170291;1470831;2026-01-22;FRC;V26;0.0;0.0;19;7186;351397378.32;4.76;4.76;4.77;4.76;4.78;4.76;4.76;4.76;0.0;0.0
170292;1470832;2026-01-22;FRC;V27;0.0;0.0;2;386;18442693.52;4.73;4.73;4.74;4.74;4.74;4.74;4.74;4.74;0.0;4.74
170293;1470833;2026-01-22;FRC;V28;0.0;0.0;6;566;26402315.12;4.8;4.8;4.82;4.82;4.82;4.82;4.82;4.82;4.82;0.0
170294;1470834;2026-01-22;FRC;X26;0.0;0.0;1;177;8637351.54;4.75;4.75;4.75;4.75;4.75;4.75;4.75;4.75;0.0;4.77
170295;1470835;2026-01-22;FRC;Z26;0.0;0.0;5;6298;306788141.86;4.74;4.74;4.74;4.74;4.74;4.74;4.74;4.74;0.0;0.0
170296;1470836;2026-01-22;FRC;F33;0.0;0.0;0;0;0.0;5.7;5.7;0.0;0.0;0.0;0.0;0.0;5.73;0.0;0.0
170297;1470837;2026-01-22;FRC;F37;0.0;0.0;0;0;0.0;6.8;6.8;0.0;0.0;0.0;0.0;0.0;6.83;0.0;0.0
170298;1470838;2026-01-22;FRC;F39;0.0;0.0;0;0;0.0;7.41;7.41;0.0;0.0;0.0;0.0;0.0;7.44;0.0;0.0
170299;1470839;2026-01-22;FRC;F40;0.0;0.0;0;0;0.0;7.71;7.71;0.0;0.0;0.0;0.0;0.0;7.74;0.0;0.0
170300;1470840;2026-01-22;FRC;F41;0.0;0.0;0;0;0.0;7.98;7.98;0.0;0.0;0.0;0.0;0.0;8.01;0.0;0.0
170301;1470841;2026-01-22;FRC;J29;0.0;0.0;0;0;0.0;4.88;4.88;0.0;0.0;0.0;0.0;0.0;4.89;0.0;0.0
170302;1470842;2026-01-22;FRC;J31;0.0;0.0;0;0;0.0;5.31;5.31;0.0;0.0;0.0;0.0;0.0;5.35;0.0;0.0
170303;1470843;2026-01-22;FRC;N29;0.0;0.0;0;0;0.0;4.92;4.92;0.0;0.0;0.0;0.0;0.0;4.94;0.0;0.0
170304;1470844;2026-01-22;FRC;N31;0.0;0.0;0;0;0.0;5.34;5.34;0.0;0.0;0.0;0.0;0.0;5.38;0.0;0.0
170305;1470845;2026-01-22;FRC;V29;0.0;0.0;0;0;0.0;4.98;4.98;0.0;0.0;0.0;0.0;0.0;5.0;0.0;0.0
170306;1470846;2026-01-22;FRC;V30;0.0;0.0;0;0;0.0;5.15;5.15;0.0;0.0;0.0;0.0;0.0;5.19;0.0;0.0
170307;1470847;2026-01-22;FRC;V31;0.0;0.0;0;0;0.0;5.41;5.41;0.0;0.0;0.0;0.0;0.0;5.45;0.0;0.0
170308;1471029;2026-01-23;FRC;F27;0.0;0.0;27;18927;2246926993.37;4.76;4.76;4.76;4.74;4.76;4.75;4.75;4.75;0.0;0.0
170309;1471030;2026-01-23;FRC;F28;0.0;0.0;17;4559;528708323.19;4.75;4.75;4.76;4.76;4.76;4.76;4.76;4.76;0.0;0.0
170310;1471031;2026-01-23;FRC;F29;0.0;0.0;7;1011;114432513.51;4.87;4.87;4.9;4.9;4.9;4.9;4.9;4.9;0.0;4.9
170311;1471032;2026-01-23;FRC;F30;0.0;0.0;6;513;56531460.13;5.07;5.07;5.09;5.09;5.09;5.09;5.09;5.09;0.0;0.0
170312;1471033;2026-01-23;FRC;F31;0.0;0.0;3;359;38434210.99;5.27;5.27;5.3;5.3;5.3;5.3;5.3;5.3;0.0;0.0
170313;1471034;2026-01-23;FRC;F33;0.0;0.0;1;86;3567101.96;5.73;5.73;5.77;5.77;5.77;5.77;5.77;5.76;0.0;0.0
170314;1471035;2026-01-23;FRC;F36;0.0;0.0;7;1601;59944726.61;6.55;6.55;6.57;6.57;6.58;6.57;6.58;6.57;0.0;0.0
170315;1471036;2026-01-23;FRC;H26;0.0;0.0;47;121808;6057544549.08;4.89;4.89;4.88;4.87;4.88;4.87;4.88;4.88;0.0;0.0
170316;1471037;2026-01-23;FRC;J26;0.0;0.0;35;22130;1098314676.6;4.87;4.87;4.87;4.85;4.88;4.86;4.88;4.88;4.84;4.87
170317;1471038;2026-01-23;FRC;J27;0.0;0.0;12;11237;544864283.57;4.71;4.71;4.7;4.7;4.7;4.7;4.7;4.7;0.0;0.0
170318;1471039;2026-01-23;FRC;J28;0.0;0.0;5;1087;51468935.17;4.78;4.78;4.77;4.77;4.77;4.77;4.77;4.77;0.0;0.0
170319;1471040;2026-01-23;FRC;J30;0.0;0.0;7;582;26158727.82;5.1;5.1;5.14;5.14;5.14;5.14;5.14;5.14;0.0;5.14
170320;1471041;2026-01-23;FRC;K26;0.0;0.0;18;40274;1994429315.34;4.86;4.86;4.85;4.85;4.85;4.85;4.85;4.85;0.0;0.0
170321;1471042;2026-01-23;FRC;M26;0.0;0.0;17;27819;1375113041.39;4.85;4.85;4.85;4.83;4.85;4.83;4.83;4.83;0.0;4.83
170322;1471043;2026-01-23;FRC;N26;0.0;0.0;14;9150;1099315484.7;4.81;4.81;4.8;4.8;4.8;4.8;4.8;4.8;0.0;0.0
170323;1471044;2026-01-23;FRC;N27;0.0;0.0;9;1840;88700268.4;4.7;4.7;4.71;4.71;4.71;4.71;4.71;4.71;0.0;4.71
170324;1471045;2026-01-23;FRC;N28;0.0;0.0;6;645;30356605.45;4.79;4.79;4.8;4.8;4.8;4.8;4.8;4.8;0.0;0.0
170325;1471046;2026-01-23;FRC;N29;0.0;0.0;5;481;22063014.61;4.94;4.94;4.98;4.98;4.98;4.98;4.98;4.98;0.0;4.98
170326;1471047;2026-01-23;FRC;Q26;0.0;0.0;11;5891;290013402.11;4.81;4.81;4.79;4.79;4.79;4.79;4.79;4.79;0.0;4.79
170327;1471048;2026-01-23;FRC;Q27;0.0;0.0;7;3326;160001622.86;4.7;4.7;4.72;4.72;4.72;4.72;4.72;4.72;0.0;0.0
170328;1471049;2026-01-23;FRC;U26;0.0;0.0;11;12408;609700642.68;4.78;4.78;4.78;4.78;4.78;4.78;4.78;4.78;0.0;0.0
170329;1471050;2026-01-23;FRC;V26;0.0;0.0;11;16364;802570969.04;4.76;4.76;4.76;4.76;4.76;4.76;4.76;4.76;0.0;0.0
170330;1471051;2026-01-23;FRC;V27;0.0;0.0;9;2216;106175723.26;4.74;4.74;4.75;4.75;4.75;4.75;4.75;4.75;0.0;0.0
170331;1471052;2026-01-23;FRC;V28;0.0;0.0;8;1036;48446290.46;4.82;4.82;4.85;4.85;4.85;4.85;4.85;4.85;0.0;4.85
170332;1471053;2026-01-23;FRC;V29;0.0;0.0;5;370;16867873.7;5.0;5.0;5.03;5.03;5.03;5.03;5.03;5.03;0.0;0.0
170333;1471054;2026-01-23;FRC;X26;0.0;0.0;3;570;27897989.6;4.75;4.75;4.74;4.74;4.74;4.74;4.74;4.74;0.0;0.0
170334;1471055;2026-01-23;FRC;Z26;0.0;0.0;15;8318;406379027.58;4.74;4.74;4.74;4.74;4.74;4.74;4.74;4.74;0.0;4.74
170335;1471056;2026-01-23;FRC;F32;0.0;0.0;0;0;0.0;5.51;5.51;0.0;0.0;0.0;0.0;0.0;5.54;0.0;0.0
170336;1471057;2026-01-23;FRC;F34;0.0;0.0;0;0;0.0;6.0;6.0;0.0;0.0;0.0;0.0;0.0;6.02;0.0;0.0
170337;1471058;2026-01-23;FRC;F35;0.0;0.0;0;0;0.0;6.27;6.27;0.0;0.0;0.0;0.0;0.0;6.29;0.0;0.0
170338;1471059;2026-01-23;FRC;F37;0.0;0.0;0;0;0.0;6.83;6.83;0.0;0.0;0.0;0.0;0.0;6.85;0.0;0.0
170339;1471060;2026-01-23;FRC;F38;0.0;0.0;0;0;0.0;7.12;7.12;0.0;0.0;0.0;0.0;0.0;7.14;0.0;0.0
170340;1471061;2026-01-23;FRC;F39;0.0;0.0;0;0;0.0;7.44;7.44;0.0;0.0;0.0;0.0;0.0;7.46;0.0;0.0
170341;1471062;2026-01-23;FRC;F40;0.0;0.0;0;0;0.0;7.74;7.74;0.0;0.0;0.0;0.0;0.0;7.76;0.0;0.0
170342;1471063;2026-01-23;FRC;F41;0.0;0.0;0;0;0.0;8.01;8.01;0.0;0.0;0.0;0.0;0.0;8.03;0.0;0.0
170343;1471064;2026-01-23;FRC;J29;0.0;0.0;0;0;0.0;4.89;4.89;0.0;0.0;0.0;0.0;0.0;4.92;0.0;0.0
170344;1471065;2026-01-23;FRC;J31;0.0;0.0;0;0;0.0;5.35;5.35;0.0;0.0;0.0;0.0;0.0;5.38;0.0;0.0
170345;1471066;2026-01-23;FRC;N30;0.0;0.0;0;0;0.0;5.14;5.14;0.0;0.0;0.0;0.0;0.0;5.18;0.0;0.0
170346;1471067;2026-01-23;FRC;N31;0.0;0.0;0;0;0.0;5.38;5.38;0.0;0.0;0.0;0.0;0.0;5.41;0.0;0.0
170347;1471068;2026-01-23;FRC;V30;0.0;0.0;0;0;0.0;5.19;5.19;0.0;0.0;0.0;0.0;0.0;5.22;0.0;0.0
170348;1471069;2026-01-23;FRC;V31;0.0;0.0;0;0;0.0;5.45;5.45;0.0;0.0;0.0;0.0;0.0;5.48;0.0;0.0
170349;1471251;2026-01-26;FRC;F27;0.0;0.0;33;20596;2446542096.92;4.75;4.75;4.75;4.75;4.75;4.75;4.75;4.75;0.0;4.75
170350;1471252;2026-01-26;FRC;F28;0.0;0.0;7;1188;137879061.86;4.76;4.76;4.76;4.74;4.76;4.74;4.74;4.74;0.0;4.74
170351;1471253;2026-01-26;FRC;F29;0.0;0.0;7;1254;142144758.68;4.9;4.9;4.9;4.87;4.9;4.87;4.87;4.87;0.0;4.89
170352;1471254;2026-01-26;FRC;F30;0.0;0.0;1;73;8067366.21;5.09;5.09;5.09;5.09;5.09;5.09;5.09;5.07;0.0;5.07
170353;1471255;2026-01-26;FRC;F31;0.0;0.0;7;1237;132653116.69;5.3;5.3;5.3;5.29;5.3;5.29;5.29;5.29;0.0;0.0
170354;1471256;2026-01-26;FRC;F32;0.0;0.0;1;35;1497206.55;5.54;5.54;5.54;5.54;5.54;5.54;5.54;5.53;0.0;0.0
170355;1471257;2026-01-26;FRC;F35;0.0;0.0;1;1097;42621075.99;6.29;6.29;6.28;6.28;6.28;6.28;6.28;6.28;0.0;0.0
170356;1471258;2026-01-26;FRC;F36;0.0;0.0;13;1760;65993070.2;6.57;6.57;6.5;6.5;6.59;6.55;6.56;6.56;0.0;0.0
170357;1471259;2026-01-26;FRC;F37;0.0;0.0;1;314;11361301.38;6.85;6.85;6.85;6.85;6.85;6.85;6.85;6.83;0.0;0.0
170358;1471260;2026-01-26;FRC;F40;0.0;0.0;1;148;4780553.16;7.76;7.76;7.73;7.73;7.73;7.73;7.73;7.73;0.0;0.0
170359;1471261;2026-01-26;FRC;H26;0.0;0.0;207;304521;15162592259.47;4.88;4.88;4.88;4.86;4.97;4.87;4.88;4.87;0.0;4.88
170360;1471262;2026-01-26;FRC;J26;0.0;0.0;31;39184;1947109833.58;4.88;4.88;4.88;4.86;4.88;4.86;4.86;4.86;0.0;0.0
170361;1471263;2026-01-26;FRC;J27;0.0;0.0;5;1150;55830668.6;4.7;4.7;4.7;4.7;4.7;4.7;4.7;4.7;0.0;0.0
170362;1471264;2026-01-26;FRC;J28;0.0;0.0;5;1792;84984985.04;4.77;4.77;4.72;4.72;4.75;4.73;4.75;4.75;0.0;0.0
170363;1471265;2026-01-26;FRC;J29;0.0;0.0;3;130;6010099.8;4.92;4.92;4.92;4.91;4.92;4.91;4.91;4.9;0.0;0.0
170364;1471266;2026-01-26;FRC;K26;0.0;0.0;49;54495;2702055160.55;4.85;4.85;4.85;4.83;4.85;4.83;4.83;4.83;4.83;0.0
170365;1471267;2026-01-26;FRC;M26;0.0;0.0;24;36710;1816892415.7;4.83;4.83;4.81;4.81;4.81;4.81;4.81;4.81;4.81;0.0
170366;1471268;2026-01-26;FRC;N26;0.0;0.0;19;21210;2550299989.5;4.8;4.8;4.8;4.79;4.8;4.79;4.79;4.79;4.77;4.79
170367;1471269;2026-01-26;FRC;N27;0.0;0.0;2;774;37361157.58;4.71;4.71;4.69;4.69;4.69;4.69;4.69;4.69;0.0;0.0
170368;1471270;2026-01-26;FRC;N28;0.0;0.0;11;1690;79675529.7;4.8;4.8;4.8;4.75;4.8;4.75;4.76;4.76;0.0;0.0
170369;1471271;2026-01-26;FRC;N29;0.0;0.0;1;56;2573709.12;4.98;4.98;4.98;4.98;4.98;4.98;4.98;4.96;0.0;0.0
170370;1471272;2026-01-26;FRC;Q26;0.0;0.0;12;7432;366334601.84;4.79;4.79;4.78;4.77;4.78;4.77;4.77;4.78;4.76;0.0
170371;1471273;2026-01-26;FRC;U26;0.0;0.0;9;5111;251465926.07;4.78;4.78;4.76;4.76;4.76;4.76;4.76;4.76;0.0;0.0
170372;1471274;2026-01-26;FRC;V26;0.0;0.0;12;4883;239784764.01;4.76;4.76;4.76;4.75;4.76;4.75;4.75;4.75;0.0;0.0
170373;1471275;2026-01-26;FRC;V27;0.0;0.0;4;6876;329845602.72;4.75;4.75;4.75;4.74;4.75;4.74;4.74;4.73;0.0;0.0
170374;1471276;2026-01-26;FRC;V28;0.0;0.0;1;19;890057.73;4.85;4.85;4.85;4.85;4.85;4.85;4.85;4.81;0.0;0.0
170375;1471277;2026-01-26;FRC;V29;0.0;0.0;2;221;10086325.77;5.03;5.03;5.01;5.01;5.01;5.01;5.01;5.01;0.0;0.0
170376;1471278;2026-01-26;FRC;X26;0.0;0.0;1;20;980316.2;4.74;4.74;4.75;4.75;4.75;4.75;4.75;4.72;0.0;0.0
170377;1471279;2026-01-26;FRC;Z26;0.0;0.0;9;4943;241799101.71;4.74;4.74;4.74;4.72;4.74;4.72;4.72;4.72;0.0;0.0
170378;1471280;2026-01-26;FRC;F33;0.0;0.0;0;0;0.0;5.76;5.76;0.0;0.0;0.0;0.0;0.0;5.75;0.0;0.0
170379;1471281;2026-01-26;FRC;F34;0.0;0.0;0;0;0.0;6.02;6.02;0.0;0.0;0.0;0.0;0.0;6.01;0.0;0.0
170380;1471282;2026-01-26;FRC;F38;0.0;0.0;0;0;0.0;7.14;7.14;0.0;0.0;0.0;0.0;0.0;7.12;0.0;0.0
170381;1471283;2026-01-26;FRC;F39;0.0;0.0;0;0;0.0;7.46;7.46;0.0;0.0;0.0;0.0;0.0;7.43;0.0;0.0
170382;1471284;2026-01-26;FRC;F41;0.0;0.0;0;0;0.0;8.03;8.03;0.0;0.0;0.0;0.0;0.0;8.0;0.0;0.0
170383;1471285;2026-01-26;FRC;J30;0.0;0.0;0;0;0.0;5.14;5.14;0.0;0.0;0.0;0.0;0.0;5.12;0.0;0.0
170384;1471286;2026-01-26;FRC;J31;0.0;0.0;0;0;0.0;5.38;5.38;0.0;0.0;0.0;0.0;0.0;5.37;0.0;0.0
170385;1471287;2026-01-26;FRC;N30;0.0;0.0;0;0;0.0;5.18;5.18;0.0;0.0;0.0;0.0;0.0;5.17;0.0;0.0
170386;1471288;2026-01-26;FRC;N31;0.0;0.0;0;0;0.0;5.41;5.41;0.0;0.0;0.0;0.0;0.0;5.4;0.0;0.0
170387;1471289;2026-01-26;FRC;Q27;0.0;0.0;0;0;0.0;4.72;4.72;0.0;0.0;0.0;0.0;0.0;4.7;0.0;0.0
170388;1471290;2026-01-26;FRC;V30;0.0;0.0;0;0;0.0;5.22;5.22;0.0;0.0;0.0;0.0;0.0;5.21;0.0;0.0
170389;1471291;2026-01-26;FRC;V31;0.0;0.0;0;0;0.0;5.48;5.48;0.0;0.0;0.0;0.0;0.0;5.47;0.0;0.0
170390;1471475;2026-01-27;FRC;F27;0.0;0.0;54;26028;3085535513.7;4.75;4.75;4.75;4.72;4.75;4.72;4.72;4.72;4.72;0.0
170391;1471476;2026-01-27;FRC;F28;0.0;0.0;15;5863;679328018.5;4.74;4.74;4.73;4.72;4.73;4.72;4.72;4.72;0.0;0.0
170392;1471477;2026-01-27;FRC;F29;0.0;0.0;8;3167;358178743.4;4.87;4.87;4.85;4.85;4.85;4.85;4.85;4.85;0.0;0.0
170393;1471478;2026-01-27;FRC;F30;0.0;0.0;6;2109;232284743.9;5.07;5.07;5.04;5.04;5.04;5.04;5.04;5.04;0.0;0.0
170394;1471479;2026-01-27;FRC;F31;0.0;0.0;9;1916;205186063.3;5.29;5.29;5.29;5.29;5.29;5.29;5.29;5.29;0.0;0.0
170395;1471480;2026-01-27;FRC;F34;0.0;0.0;1;167;6670017.7;6.01;6.01;6.03;6.03;6.03;6.03;6.03;6.03;0.0;0.0
170396;1471481;2026-01-27;FRC;F35;0.0;0.0;1;65;2505873.5;6.28;6.28;6.3;6.3;6.3;6.3;6.3;6.3;0.0;0.0
170397;1471482;2026-01-27;FRC;F36;0.0;0.0;7;1280;47721264.0;6.56;6.56;6.58;6.58;6.58;6.58;6.58;6.58;0.0;0.0
170398;1471483;2026-01-27;FRC;F40;0.0;0.0;5;444;14268656.4;7.73;7.73;7.73;7.73;7.73;7.73;7.73;7.73;0.0;0.0
170399;1471484;2026-01-27;FRC;H26;0.0;0.0;265;455145;22548127091.3;4.87;4.87;4.87;4.81;4.89;4.82;4.81;4.81;4.8;4.84
170400;1471485;2026-01-27;FRC;J26;0.0;0.0;29;37513;1854689348.0;4.86;4.86;4.86;4.82;4.86;4.82;4.82;4.82;0.0;0.0
170401;1471486;2026-01-27;FRC;J27;0.0;0.0;10;1947;94063153.3;4.7;4.7;4.69;4.66;4.69;4.66;4.66;4.66;0.0;0.0
170402;1471487;2026-01-27;FRC;J28;0.0;0.0;1;38;1792918.4;4.75;4.75;4.72;4.72;4.72;4.72;4.72;4.73;0.0;0.0
170403;1471488;2026-01-27;FRC;J30;0.0;0.0;1;1823;81711083.3;5.12;5.12;5.09;5.09;5.09;5.09;5.09;5.1;0.0;0.0
170404;1471489;2026-01-27;FRC;K26;0.0;0.0;19;15327;756147015.6;4.83;4.83;4.83;4.8;4.83;4.8;4.8;4.8;4.8;0.0
170405;1471490;2026-01-27;FRC;M26;0.0;0.0;23;37168;1830280122.7;4.81;4.81;4.81;4.79;4.81;4.79;4.8;4.8;4.78;4.8
170406;1471491;2026-01-27;FRC;N26;0.0;0.0;23;25949;3113617660.3;4.79;4.79;4.77;4.77;4.78;4.77;4.78;4.77;0.0;4.78
170407;1471492;2026-01-27;FRC;N27;0.0;0.0;4;1705;81903444.7;4.69;4.69;4.66;4.66;4.66;4.66;4.66;4.66;4.66;0.0
170408;1471493;2026-01-27;FRC;Q26;0.0;0.0;8;910;44630330.0;4.78;4.78;4.76;4.76;4.76;4.76;4.76;4.76;0.0;0.0
170409;1471494;2026-01-27;FRC;Q27;0.0;0.0;2;58;2780165.7;4.7;4.7;4.68;4.68;4.68;4.68;4.68;4.67;4.66;0.0
170410;1471495;2026-01-27;FRC;U26;0.0;0.0;13;11796;577460168.1;4.76;4.76;4.74;4.74;4.75;4.74;4.74;4.74;0.0;0.0
170411;1471496;2026-01-27;FRC;V26;0.0;0.0;10;3072;150095860.0;4.75;4.75;4.73;4.73;4.74;4.73;4.74;4.74;0.0;0.0
170412;1471497;2026-01-27;FRC;V27;0.0;0.0;7;926;44218744.2;4.73;4.73;4.69;4.69;4.69;4.69;4.69;4.69;4.69;0.0
170413;1471498;2026-01-27;FRC;V30;0.0;0.0;1;54;2386078.2;5.21;5.21;5.21;5.21;5.21;5.21;5.21;5.2;0.0;0.0
170414;1471499;2026-01-27;FRC;X26;0.0;0.0;9;1219;59440174.1;4.72;4.72;4.71;4.7;4.71;4.7;4.71;4.71;0.0;0.0
170415;1471500;2026-01-27;FRC;Z26;0.0;0.0;5;1059;51546730.5;4.72;4.72;4.69;4.69;4.7;4.69;4.7;4.7;0.0;0.0
170416;1471501;2026-01-27;FRC;F32;0.0;0.0;0;0;0.0;5.53;5.53;0.0;0.0;0.0;0.0;0.0;5.54;0.0;0.0
170417;1471502;2026-01-27;FRC;F33;0.0;0.0;0;0;0.0;5.75;5.75;0.0;0.0;0.0;0.0;0.0;5.76;0.0;0.0
170418;1471503;2026-01-27;FRC;F37;0.0;0.0;0;0;0.0;6.83;6.83;0.0;0.0;0.0;0.0;0.0;6.84;0.0;0.0
170419;1471504;2026-01-27;FRC;F38;0.0;0.0;0;0;0.0;7.12;7.12;0.0;0.0;0.0;0.0;0.0;7.13;0.0;0.0
170420;1471505;2026-01-27;FRC;F39;0.0;0.0;0;0;0.0;7.43;7.43;0.0;0.0;0.0;0.0;0.0;7.43;0.0;0.0
170421;1471506;2026-01-27;FRC;F41;0.0;0.0;0;0;0.0;8.0;8.0;0.0;0.0;0.0;0.0;0.0;8.0;0.0;0.0
170422;1471507;2026-01-27;FRC;J29;0.0;0.0;0;0;0.0;4.9;4.9;0.0;0.0;0.0;0.0;0.0;4.88;0.0;0.0
170423;1471508;2026-01-27;FRC;J31;0.0;0.0;0;0;0.0;5.37;5.37;0.0;0.0;0.0;0.0;0.0;5.37;0.0;0.0
170424;1471509;2026-01-27;FRC;N28;0.0;0.0;0;0;0.0;4.76;4.76;0.0;0.0;0.0;0.0;0.0;4.74;0.0;0.0
170425;1471510;2026-01-27;FRC;N29;0.0;0.0;0;0;0.0;4.96;4.96;0.0;0.0;0.0;0.0;0.0;4.94;0.0;0.0
170426;1471511;2026-01-27;FRC;N30;0.0;0.0;0;0;0.0;5.17;5.17;0.0;0.0;0.0;0.0;0.0;5.15;0.0;0.0
170427;1471512;2026-01-27;FRC;N31;0.0;0.0;0;0;0.0;5.4;5.4;0.0;0.0;0.0;0.0;0.0;5.4;0.0;0.0
170428;1471513;2026-01-27;FRC;V28;0.0;0.0;0;0;0.0;4.81;4.81;0.0;0.0;0.0;0.0;0.0;4.79;0.0;0.0
170429;1471514;2026-01-27;FRC;V29;0.0;0.0;0;0;0.0;5.01;5.01;0.0;0.0;0.0;0.0;0.0;4.98;0.0;0.0
170430;1471515;2026-01-27;FRC;V31;0.0;0.0;0;0;0.0;5.47;5.47;0.0;0.0;0.0;0.0;0.0;5.47;0.0;0.0
170431;1471699;2026-01-28;FRC;F27;0.0;0.0;11;6560;779176396.1;4.72;4.72;4.75;4.75;4.75;4.75;4.75;4.75;0.0;0.0
170432;1471700;2026-01-28;FRC;F28;0.0;0.0;14;11591;1345635426.01;4.72;4.72;4.72;4.72;4.74;4.73;4.74;4.73;0.0;0.0
170433;1471701;2026-01-28;FRC;F29;0.0;0.0;22;4794;543077351.34;4.85;4.85;4.85;4.85;4.89;4.88;4.89;4.89;0.0;4.89
170434;1471702;2026-01-28;FRC;F30;0.0;0.0;36;12457;1374937424.27;5.04;5.04;5.05;5.05;5.06;5.05;5.06;5.06;0.0;0.0
170435;1471703;2026-01-28;FRC;F31;0.0;0.0;29;16835;1806385946.85;5.29;5.29;5.29;5.29;5.29;5.29;5.29;5.29;0.0;0.0
170436;1471704;2026-01-28;FRC;F32;0.0;0.0;1;53;2270057.83;5.54;5.54;5.54;5.54;5.54;5.54;5.54;5.54;0.0;0.0
170437;1471705;2026-01-28;FRC;F33;0.0;0.0;1;17;704295.27;5.76;5.76;5.76;5.76;5.76;5.76;5.76;5.77;5.77;0.0
170438;1471706;2026-01-28;FRC;F36;0.0;0.0;3;1761;65948941.71;6.58;6.58;6.56;6.56;6.6;6.59;6.6;6.59;0.0;0.0
170439;1471707;2026-01-28;FRC;F38;0.0;0.0;1;154;5367964.94;7.13;7.13;7.15;7.15;7.15;7.15;7.15;7.15;0.0;0.0
170440;1471708;2026-01-28;FRC;H26;0.0;0.0;424;867188;43167935938.08;4.81;4.81;4.81;4.76;4.85;4.83;4.85;4.85;0.0;0.0
170441;1471709;2026-01-28;FRC;J26;0.0;0.0;21;28706;1426080868.46;4.82;4.82;4.82;4.82;4.85;4.84;4.85;4.85;0.0;0.0
170442;1471710;2026-01-28;FRC;J27;0.0;0.0;10;5376;260919081.36;4.66;4.66;4.7;4.7;4.7;4.7;4.7;4.7;0.0;0.0
170443;1471711;2026-01-28;FRC;J28;0.0;0.0;6;3563;168889288.33;4.73;4.73;4.75;4.75;4.75;4.75;4.75;4.75;0.0;0.0
170444;1471712;2026-01-28;FRC;J31;0.0;0.0;3;6910;302212762.2;5.37;5.37;5.36;5.36;5.37;5.36;5.37;5.37;0.0;5.37
170445;1471713;2026-01-28;FRC;K26;0.0;0.0;17;13399;664176210.09;4.8;4.8;4.85;4.85;4.85;4.85;4.85;4.85;0.0;0.0
170446;1471714;2026-01-28;FRC;M26;0.0;0.0;14;9841;486905181.51;4.8;4.8;4.84;4.84;4.84;4.84;4.84;4.84;0.0;0.0
170447;1471715;2026-01-28;FRC;N26;0.0;0.0;16;18476;2221549102.96;4.77;4.77;4.78;4.78;4.82;4.81;4.82;4.82;0.0;0.0
170448;1471716;2026-01-28;FRC;N27;0.0;0.0;6;1008;48645573.68;4.66;4.66;4.69;4.69;4.69;4.69;4.69;4.69;0.0;0.0
170449;1471717;2026-01-28;FRC;N28;0.0;0.0;5;570;26868767.7;4.74;4.74;4.75;4.75;4.75;4.75;4.75;4.75;4.75;0.0
170450;1471718;2026-01-28;FRC;N30;0.0;0.0;1;18;804247.28;5.15;5.15;5.16;5.16;5.16;5.16;5.16;5.16;5.16;0.0
170451;1471719;2026-01-28;FRC;Q26;0.0;0.0;11;9071;446954470.81;4.76;4.76;4.82;4.82;4.82;4.82;4.82;4.82;0.0;0.0
170452;1471720;2026-01-28;FRC;U26;0.0;0.0;11;8877;436610074.47;4.74;4.74;4.78;4.78;4.78;4.78;4.78;4.78;0.0;0.0
170453;1471721;2026-01-28;FRC;V26;0.0;0.0;11;7067;346905113.77;4.74;4.74;4.74;4.74;4.78;4.77;4.78;4.78;0.0;0.0
170454;1471722;2026-01-28;FRC;V27;0.0;0.0;5;1097;52623963.97;4.69;4.69;4.71;4.71;4.71;4.71;4.71;4.71;0.0;0.0
170455;1471723;2026-01-28;FRC;X26;0.0;0.0;6;1574;77108807.14;4.71;4.71;4.75;4.75;4.75;4.75;4.75;4.75;0.0;0.0
170456;1471724;2026-01-28;FRC;Z26;0.0;0.0;16;7318;357876394.08;4.7;4.7;4.73;4.73;4.73;4.73;4.73;4.73;0.0;0.0
170457;1471725;2026-01-28;FRC;F34;0.0;0.0;0;0;0.0;6.03;6.03;0.0;0.0;0.0;0.0;0.0;6.04;0.0;0.0
170458;1471726;2026-01-28;FRC;F35;0.0;0.0;0;0;0.0;6.3;6.3;0.0;0.0;0.0;0.0;0.0;6.31;0.0;0.0
170459;1471727;2026-01-28;FRC;F37;0.0;0.0;0;0;0.0;6.84;6.84;0.0;0.0;0.0;0.0;0.0;6.86;0.0;0.0
170460;1471728;2026-01-28;FRC;F39;0.0;0.0;0;0;0.0;7.43;7.43;0.0;0.0;0.0;0.0;0.0;7.45;0.0;0.0
170461;1471729;2026-01-28;FRC;F40;0.0;0.0;0;0;0.0;7.73;7.73;0.0;0.0;0.0;0.0;0.0;7.75;0.0;0.0
170462;1471730;2026-01-28;FRC;F41;0.0;0.0;0;0;0.0;8.0;8.0;0.0;0.0;0.0;0.0;0.0;8.02;0.0;0.0
170463;1471731;2026-01-28;FRC;J29;0.0;0.0;0;0;0.0;4.88;4.88;0.0;0.0;0.0;0.0;0.0;4.92;0.0;0.0
170464;1471732;2026-01-28;FRC;J30;0.0;0.0;0;0;0.0;5.1;5.1;0.0;0.0;0.0;0.0;0.0;5.12;0.0;0.0
170465;1471733;2026-01-28;FRC;N29;0.0;0.0;0;0;0.0;4.94;4.94;0.0;0.0;0.0;0.0;0.0;4.97;0.0;0.0
170466;1471734;2026-01-28;FRC;N31;0.0;0.0;0;0;0.0;5.4;5.4;0.0;0.0;0.0;0.0;0.0;5.4;0.0;0.0
170467;1471735;2026-01-28;FRC;Q27;0.0;0.0;0;0;0.0;4.67;4.67;0.0;0.0;0.0;0.0;0.0;4.7;0.0;0.0
170468;1471736;2026-01-28;FRC;V28;0.0;0.0;0;0;0.0;4.79;4.79;0.0;0.0;0.0;0.0;0.0;4.81;0.0;0.0
170469;1471737;2026-01-28;FRC;V29;0.0;0.0;0;0;0.0;4.98;4.98;0.0;0.0;0.0;0.0;0.0;5.01;0.0;0.0
170470;1471738;2026-01-28;FRC;V30;0.0;0.0;0;0;0.0;5.2;5.2;0.0;0.0;0.0;0.0;0.0;5.21;0.0;0.0
170471;1471739;2026-01-28;FRC;V31;0.0;0.0;0;0;0.0;5.47;5.47;0.0;0.0;0.0;0.0;0.0;5.47;0.0;0.0
170472;1471923;2026-01-29;FRC;F27;0.0;0.0;19;12002;1425247344.36;4.75;4.75;4.71;4.71;4.71;4.71;4.71;4.71;4.71;0.0
170473;1471924;2026-01-29;FRC;F28;0.0;0.0;12;7542;875299206.06;4.73;4.73;4.71;4.71;4.71;4.71;4.71;4.71;0.0;0.0
170474;1471925;2026-01-29;FRC;F29;0.0;0.0;14;4562;516549079.26;4.89;4.89;4.86;4.86;4.86;4.86;4.86;4.86;0.0;0.0
170475;1471926;2026-01-29;FRC;F30;0.0;0.0;6;1287;141928184.06;5.06;5.06;5.03;5.03;5.03;5.03;5.03;5.03;5.03;0.0
170476;1471927;2026-01-29;FRC;F31;0.0;0.0;6;2260;242610096.6;5.29;5.29;5.26;5.26;5.27;5.26;5.26;5.26;5.26;0.0
170477;1471928;2026-01-29;FRC;F32;0.0;0.0;4;841;36012921.18;5.54;5.54;5.52;5.52;5.52;5.52;5.52;5.52;0.0;0.0
170478;1471929;2026-01-29;FRC;F33;0.0;0.0;1;171;7095706.98;5.77;5.77;5.77;5.77;5.77;5.77;5.77;5.76;0.0;0.0
170479;1471930;2026-01-29;FRC;F35;0.0;0.0;4;655;25429424.9;6.31;6.31;6.32;6.32;6.32;6.32;6.32;6.32;0.0;0.0
170480;1471931;2026-01-29;FRC;J26;0.0;0.0;7;20160;1002202419.8;4.85;4.85;4.86;4.86;4.86;4.86;4.86;4.86;0.0;0.0
170481;1471932;2026-01-29;FRC;J27;0.0;0.0;3;977;47467081.26;4.7;4.7;4.65;4.65;4.65;4.65;4.65;4.65;0.0;0.0
170482;1471933;2026-01-29;FRC;J28;0.0;0.0;1;57;2703555.66;4.75;4.75;4.74;4.74;4.74;4.74;4.74;4.74;0.0;4.74
170483;1471934;2026-01-29;FRC;J30;0.0;0.0;1;183;8253708.54;5.12;5.12;5.07;5.07;5.07;5.07;5.07;5.07;0.0;0.0
170484;1471935;2026-01-29;FRC;K26;0.0;0.0;14;23202;1150880516.76;4.85;4.85;4.84;4.84;4.87;4.85;4.87;4.87;4.85;0.0
170485;1471936;2026-01-29;FRC;M26;0.0;0.0;21;50654;2507975269.12;4.84;4.84;4.83;4.79;4.85;4.83;4.85;4.85;4.8;4.85
170486;1471937;2026-01-29;FRC;N26;0.0;0.0;20;31705;3809292814.3;4.82;4.82;4.8;4.8;4.82;4.81;4.82;4.82;0.0;0.0
170487;1471938;2026-01-29;FRC;N27;0.0;0.0;5;3162;152713513.06;4.69;4.69;4.68;4.68;4.68;4.68;4.68;4.68;0.0;4.68
170488;1471939;2026-01-29;FRC;N28;0.0;0.0;5;1425;67224646.5;4.75;4.75;4.74;4.74;4.74;4.74;4.74;4.74;0.0;0.0
170489;1471940;2026-01-29;FRC;N29;0.0;0.0;1;19;875230.02;4.97;4.97;4.95;4.95;4.95;4.95;4.95;4.94;0.0;0.0
170490;1471941;2026-01-29;FRC;Q26;0.0;0.0;16;12454;614105265.22;4.82;4.82;4.8;4.8;4.8;4.8;4.8;4.8;0.0;0.0
170491;1471942;2026-01-29;FRC;Q27;0.0;0.0;2;775;37355562.5;4.7;4.7;4.68;4.68;4.68;4.68;4.68;4.68;0.0;0.0
170492;1471943;2026-01-29;FRC;U26;0.0;0.0;17;34053;1676167739.54;4.78;4.78;4.75;4.75;4.77;4.75;4.77;4.77;0.0;0.0
170493;1471944;2026-01-29;FRC;V26;0.0;0.0;13;10614;521423866.92;4.78;4.78;4.76;4.76;4.76;4.76;4.76;4.76;0.0;0.0
170494;1471945;2026-01-29;FRC;V27;0.0;0.0;2;1158;55602362.04;4.71;4.71;4.69;4.69;4.69;4.69;4.69;4.69;0.0;0.0
170495;1471946;2026-01-29;FRC;V28;0.0;0.0;1;189;8860590.82;4.81;4.81;4.79;4.79;4.79;4.79;4.79;4.79;0.0;0.0
170496;1471947;2026-01-29;FRC;X26;0.0;0.0;10;5985;293412677.5;4.75;4.75;4.74;4.74;4.74;4.74;4.74;4.74;0.0;4.74
170497;1471948;2026-01-29;FRC;Z26;0.0;0.0;6;4739;231958660.62;4.73;4.73;4.69;4.69;4.69;4.69;4.69;4.69;0.0;0.0
170498;1471949;2026-01-29;FRC;F34;0.0;0.0;0;0;0.0;6.04;6.04;0.0;0.0;0.0;0.0;0.0;6.04;0.0;0.0
170499;1471950;2026-01-29;FRC;F36;0.0;0.0;0;0;0.0;6.59;6.59;0.0;0.0;0.0;0.0;0.0;6.6;0.0;0.0
170500;1471951;2026-01-29;FRC;F37;0.0;0.0;0;0;0.0;6.86;6.86;0.0;0.0;0.0;0.0;0.0;6.87;0.0;0.0
170501;1471952;2026-01-29;FRC;F38;0.0;0.0;0;0;0.0;7.15;7.15;0.0;0.0;0.0;0.0;0.0;7.16;0.0;0.0
170502;1471953;2026-01-29;FRC;F39;0.0;0.0;0;0;0.0;7.45;7.45;0.0;0.0;0.0;0.0;0.0;7.46;0.0;0.0
170503;1471954;2026-01-29;FRC;F40;0.0;0.0;0;0;0.0;7.75;7.75;0.0;0.0;0.0;0.0;0.0;7.76;0.0;0.0
170504;1471955;2026-01-29;FRC;F41;0.0;0.0;0;0;0.0;8.02;8.02;0.0;0.0;0.0;0.0;0.0;8.03;0.0;0.0
170505;1471956;2026-01-29;FRC;J29;0.0;0.0;0;0;0.0;4.92;4.92;0.0;0.0;0.0;0.0;0.0;4.89;0.0;0.0
170506;1471957;2026-01-29;FRC;J31;0.0;0.0;0;0;0.0;5.37;5.37;0.0;0.0;0.0;0.0;0.0;5.34;0.0;0.0
170507;1471958;2026-01-29;FRC;N30;0.0;0.0;0;0;0.0;5.16;5.16;0.0;0.0;0.0;0.0;0.0;5.12;0.0;0.0
170508;1471959;2026-01-29;FRC;N31;0.0;0.0;0;0;0.0;5.4;5.4;0.0;0.0;0.0;0.0;0.0;5.37;0.0;0.0
170509;1471960;2026-01-29;FRC;V29;0.0;0.0;0;0;0.0;5.01;5.01;0.0;0.0;0.0;0.0;0.0;4.97;0.0;0.0
170510;1471961;2026-01-29;FRC;V30;0.0;0.0;0;0;0.0;5.21;5.21;0.0;0.0;0.0;0.0;0.0;5.17;0.0;0.0
170511;1471962;2026-01-29;FRC;V31;0.0;0.0;0;0;0.0;5.47;5.47;0.0;0.0;0.0;0.0;0.0;5.45;0.0;0.0
170512;1472146;2026-01-30;FRC;F27;0.0;0.0;35;39426;4691656268.56;4.71;4.71;4.71;4.7;4.71;4.7;4.7;4.7;4.68;4.7
170513;1472147;2026-01-30;FRC;F28;0.0;0.0;9;3110;361749432.7;4.71;4.71;4.69;4.69;4.69;4.69;4.69;4.69;0.0;4.69
170514;1472148;2026-01-30;FRC;F29;0.0;0.0;9;9331;1058911634.81;4.86;4.86;4.86;4.84;4.86;4.85;4.84;4.84;0.0;0.0
170515;1472149;2026-01-30;FRC;F30;0.0;0.0;3;569;62927118.19;5.03;5.03;5.01;5.01;5.04;5.03;5.04;5.04;0.0;0.0
170516;1472150;2026-01-30;FRC;F31;0.0;0.0;2;180;19322595.8;5.26;5.26;5.27;5.27;5.27;5.27;5.27;5.27;0.0;0.0
170517;1472151;2026-01-30;FRC;F32;0.0;0.0;1;88;3789524.88;5.52;5.52;5.53;5.53;5.53;5.53;5.53;5.53;0.0;0.0
170518;1472152;2026-01-30;FRC;F33;0.0;0.0;1;103;4299195.53;5.76;5.76;5.77;5.77;5.77;5.77;5.77;5.77;0.0;0.0
170519;1472153;2026-01-30;FRC;J26;0.0;0.0;16;58981;2947013438.81;4.86;4.86;4.82;4.82;4.88;4.87;4.88;4.88;0.0;0.0
170520;1472154;2026-01-30;FRC;J27;0.0;0.0;4;2128;103918865.78;4.65;4.65;4.64;4.64;4.64;4.64;4.64;4.64;0.0;0.0
170521;1472155;2026-01-30;FRC;J28;0.0;0.0;10;1985;94661713.35;4.74;4.74;4.74;4.72;4.74;4.72;4.72;4.72;0.0;0.0
170522;1472156;2026-01-30;FRC;J31;0.0;0.0;2;714;31436908.14;5.34;5.34;5.33;5.33;5.34;5.33;5.34;5.35;0.0;0.0
170523;1472157;2026-01-30;FRC;K26;0.0;0.0;14;12329;614650678.59;4.87;4.87;4.89;4.89;4.89;4.89;4.89;4.89;0.0;0.0
170524;1472158;2026-01-30;FRC;M26;0.0;0.0;7;5547;276037250.07;4.85;4.85;4.85;4.85;4.86;4.85;4.86;4.86;0.0;0.0
170525;1472159;2026-01-30;FRC;N26;0.0;0.0;17;14403;1734288521.83;4.82;4.82;4.83;4.82;4.84;4.82;4.84;4.84;0.0;0.0
170526;1472160;2026-01-30;FRC;N27;0.0;0.0;2;971;47146347.21;4.68;4.68;4.65;4.65;4.65;4.65;4.65;4.65;0.0;0.0
170527;1472161;2026-01-30;FRC;N28;0.0;0.0;8;5584;264793076.84;4.74;4.74;4.73;4.73;4.73;4.73;4.73;4.73;0.0;0.0
170528;1472162;2026-01-30;FRC;N29;0.0;0.0;2;204;9428861.54;4.94;4.94;4.93;4.93;4.93;4.93;4.93;4.93;0.0;0.0
170529;1472163;2026-01-30;FRC;N30;0.0;0.0;2;181;8143271.31;5.12;5.12;5.13;5.13;5.13;5.13;5.13;5.13;5.13;0.0
170530;1472164;2026-01-30;FRC;Q26;0.0;0.0;6;1228;60860470.28;4.8;4.8;4.81;4.81;4.81;4.81;4.81;4.81;0.0;0.0
170531;1472165;2026-01-30;FRC;Q27;0.0;0.0;3;57;2759523.57;4.68;4.68;4.67;4.67;4.67;4.67;4.67;4.67;0.0;4.67
170532;1472166;2026-01-30;FRC;U26;0.0;0.0;17;10908;539625405.68;4.77;4.77;4.77;4.77;4.78;4.77;4.78;4.78;0.0;0.0
170533;1472167;2026-01-30;FRC;V26;0.0;0.0;22;31898;1574975502.48;4.76;4.76;4.77;4.68;4.78;4.76;4.77;4.77;0.0;0.0
170534;1472168;2026-01-30;FRC;V27;0.0;0.0;2;116;5598804.16;4.69;4.69;4.69;4.68;4.69;4.68;4.68;4.67;0.0;0.0
170535;1472169;2026-01-30;FRC;V28;0.0;0.0;1;1058;49858297.98;4.79;4.79;4.78;4.78;4.78;4.78;4.78;4.78;0.0;0.0
170536;1472170;2026-01-30;FRC;V29;0.0;0.0;1;2770;127226422.7;4.97;4.97;4.97;4.97;4.97;4.97;4.97;4.97;0.0;0.0
170537;1472171;2026-01-30;FRC;V30;0.0;0.0;1;903;40370661.53;5.17;5.17;5.17;5.17;5.17;5.17;5.17;5.18;0.0;0.0
170538;1472172;2026-01-30;FRC;X26;0.0;0.0;8;4250;209415498.7;4.74;4.74;4.74;4.74;4.74;4.74;4.74;4.74;0.0;0.0
170539;1472173;2026-01-30;FRC;Z26;0.0;0.0;16;23037;1133331492.47;4.69;4.69;4.69;4.69;4.69;4.69;4.69;4.69;0.0;0.0
170540;1472174;2026-01-30;FRC;F34;0.0;0.0;0;0;0.0;6.04;6.04;0.0;0.0;0.0;0.0;0.0;6.05;0.0;0.0
170541;1472175;2026-01-30;FRC;F35;0.0;0.0;0;0;0.0;6.32;6.32;0.0;0.0;0.0;0.0;0.0;6.33;0.0;0.0
170542;1472176;2026-01-30;FRC;F36;0.0;0.0;0;0;0.0;6.6;6.6;0.0;0.0;0.0;0.0;0.0;6.61;0.0;0.0
170543;1472177;2026-01-30;FRC;F37;0.0;0.0;0;0;0.0;6.87;6.87;0.0;0.0;0.0;0.0;0.0;6.88;0.0;0.0
170544;1472178;2026-01-30;FRC;F38;0.0;0.0;0;0;0.0;7.16;7.16;0.0;0.0;0.0;0.0;0.0;7.17;0.0;0.0
170545;1472179;2026-01-30;FRC;F39;0.0;0.0;0;0;0.0;7.46;7.46;0.0;0.0;0.0;0.0;0.0;7.47;0.0;0.0
170546;1472180;2026-01-30;FRC;F40;0.0;0.0;0;0;0.0;7.76;7.76;0.0;0.0;0.0;0.0;0.0;7.77;0.0;0.0
170547;1472181;2026-01-30;FRC;F41;0.0;0.0;0;0;0.0;8.03;8.03;0.0;0.0;0.0;0.0;0.0;8.04;0.0;0.0
170548;1472182;2026-01-30;FRC;J29;0.0;0.0;0;0;0.0;4.89;4.89;0.0;0.0;0.0;0.0;0.0;4.88;0.0;0.0
170549;1472183;2026-01-30;FRC;J30;0.0;0.0;0;0;0.0;5.07;5.07;0.0;0.0;0.0;0.0;0.0;5.08;0.0;0.0
170550;1472184;2026-01-30;FRC;N31;0.0;0.0;0;0;0.0;5.37;5.37;0.0;0.0;0.0;0.0;0.0;5.38;0.0;0.0
170551;1472185;2026-01-30;FRC;V31;0.0;0.0;0;0;0.0;5.45;5.45;0.0;0.0;0.0;0.0;0.0;5.46;0.0;0.0
170552;1472371;2026-02-02;FRC;F27;0.0;0.0;35;18571;2208312143.11;4.7;4.7;4.71;4.71;4.73;4.72;4.73;4.73;0.0;0.0
170553;1472372;2026-02-02;FRC;F28;0.0;0.0;10;3166;367942936.86;4.69;4.69;4.71;4.71;4.73;4.71;4.73;4.73;0.0;0.0
170554;1472373;2026-02-02;FRC;F29;0.0;0.0;8;1709;193663959.49;4.84;4.84;4.88;4.88;4.88;4.88;4.88;4.88;0.0;4.88
170555;1472374;2026-02-02;FRC;F30;0.0;0.0;6;1284;141791737.44;5.04;5.04;5.08;5.08;5.08;5.08;5.08;5.08;0.0;0.0
170556;1472375;2026-02-02;FRC;F31;0.0;0.0;6;2815;302203688.15;5.27;5.27;5.31;5.31;5.31;5.31;5.31;5.31;0.0;0.0
170557;1472376;2026-02-02;FRC;F33;0.0;0.0;6;855;35505108.05;5.77;5.77;5.85;5.85;5.85;5.85;5.85;5.85;0.0;0.0
170558;1472377;2026-02-02;FRC;F36;0.0;0.0;7;3520;131914851.2;6.61;6.61;6.68;6.68;6.68;6.68;6.68;6.68;0.0;6.7
170559;1472378;2026-02-02;FRC;F40;0.0;0.0;6;1182;38147205.62;7.77;7.77;7.82;7.82;7.82;7.82;7.82;7.82;0.0;0.0
170560;1472379;2026-02-02;FRC;J26;0.0;0.0;26;115309;5748275553.59;4.88;4.88;4.88;4.84;4.88;4.86;4.85;4.85;0.0;0.0
170561;1472380;2026-02-02;FRC;J27;0.0;0.0;8;1407;68540592.57;4.64;4.64;4.67;4.66;4.67;4.66;4.67;4.67;0.0;0.0
170562;1472381;2026-02-02;FRC;J30;0.0;0.0;1;548;24770811.68;5.08;5.08;5.09;5.09;5.09;5.09;5.09;5.12;0.0;0.0
170563;1472382;2026-02-02;FRC;J31;0.0;0.0;1;71;3112818.41;5.35;5.35;5.39;5.39;5.39;5.39;5.39;5.39;0.0;0.0
170564;1472383;2026-02-02;FRC;K26;0.0;0.0;16;18638;927027194.18;4.89;4.89;4.89;4.89;4.9;4.89;4.9;4.9;0.0;0.0
170565;1472384;2026-02-02;FRC;M26;0.0;0.0;16;31808;1579203793.28;4.86;4.86;4.88;4.86;4.88;4.86;4.86;4.86;0.0;0.0
170566;1472385;2026-02-02;FRC;N26;0.0;0.0;22;18988;2284472708.98;4.84;4.84;4.84;4.84;4.84;4.84;4.84;4.84;0.0;0.0
170567;1472386;2026-02-02;FRC;N27;0.0;0.0;12;2910;140922578.1;4.65;4.65;4.69;4.69;4.69;4.69;4.69;4.69;0.0;0.0
170568;1472387;2026-02-02;FRC;N28;0.0;0.0;9;1482;70083693.42;4.73;4.73;4.77;4.77;4.77;4.77;4.77;4.77;0.0;0.0
170569;1472388;2026-02-02;FRC;N30;0.0;0.0;1;109;4888470.79;5.13;5.13;5.2;5.2;5.2;5.2;5.2;5.17;0.0;0.0
170570;1472389;2026-02-02;FRC;N31;0.0;0.0;4;177;7698101.07;5.38;5.38;5.5;5.5;5.5;5.5;5.5;5.5;5.45;5.48
170571;1472390;2026-02-02;FRC;Q26;0.0;0.0;14;12751;630485764.01;4.81;4.81;4.81;4.81;4.81;4.81;4.81;4.81;0.0;0.0
170572;1472391;2026-02-02;FRC;Q27;0.0;0.0;3;833;40256425.43;4.67;4.67;4.7;4.7;4.7;4.7;4.7;4.7;0.0;4.7
170573;1472392;2026-02-02;FRC;U26;0.0;0.0;16;10947;540297987.17;4.78;4.78;4.78;4.78;4.78;4.78;4.78;4.78;0.0;0.0
170574;1472393;2026-02-02;FRC;V26;0.0;0.0;16;4814;237150482.14;4.77;4.77;4.77;4.76;4.77;4.76;4.76;4.76;4.76;0.0
170575;1472394;2026-02-02;FRC;V27;0.0;0.0;6;348;16753210.88;4.67;4.67;4.69;4.69;4.72;4.71;4.72;4.72;0.0;0.0
170576;1472395;2026-02-02;FRC;V28;0.0;0.0;4;189;8879771.99;4.78;4.78;4.84;4.84;4.84;4.84;4.84;4.84;0.0;4.84
170577;1472396;2026-02-02;FRC;X26;0.0;0.0;5;670;32939587.1;4.74;4.74;4.73;4.73;4.73;4.73;4.73;4.73;0.0;0.0
170578;1472397;2026-02-02;FRC;Z26;0.0;0.0;7;3146;154401308.86;4.69;4.69;4.71;4.71;4.71;4.71;4.71;4.71;0.0;0.0
170579;1472398;2026-02-02;FRC;F32;0.0;0.0;0;0;0.0;5.53;5.53;0.0;0.0;0.0;0.0;0.0;5.6;0.0;0.0
170580;1472399;2026-02-02;FRC;F34;0.0;0.0;0;0;0.0;6.05;6.05;0.0;0.0;0.0;0.0;0.0;6.13;0.0;0.0
170581;1472400;2026-02-02;FRC;F35;0.0;0.0;0;0;0.0;6.33;6.33;0.0;0.0;0.0;0.0;0.0;6.4;0.0;0.0
170582;1472401;2026-02-02;FRC;F37;0.0;0.0;0;0;0.0;6.88;6.88;0.0;0.0;0.0;0.0;0.0;6.94;0.0;0.0
170583;1472402;2026-02-02;FRC;F38;0.0;0.0;0;0;0.0;7.17;7.17;0.0;0.0;0.0;0.0;0.0;7.23;0.0;0.0
170584;1472403;2026-02-02;FRC;F39;0.0;0.0;0;0;0.0;7.47;7.47;0.0;0.0;0.0;0.0;0.0;7.52;0.0;0.0
170585;1472404;2026-02-02;FRC;F41;0.0;0.0;0;0;0.0;8.04;8.04;0.0;0.0;0.0;0.0;0.0;8.09;0.0;0.0
170586;1472405;2026-02-02;FRC;G27;0.0;0.0;0;0;0.0;0.0;0.0;0.0;0.0;0.0;0.0;0.0;4.72;0.0;0.0
170587;1472406;2026-02-02;FRC;J28;0.0;0.0;0;0;0.0;4.72;4.72;0.0;0.0;0.0;0.0;0.0;4.76;0.0;0.0
170588;1472407;2026-02-02;FRC;J29;0.0;0.0;0;0;0.0;4.88;4.88;0.0;0.0;0.0;0.0;0.0;4.92;0.0;0.0
170589;1472408;2026-02-02;FRC;N29;0.0;0.0;0;0;0.0;4.93;4.93;0.0;0.0;0.0;0.0;0.0;4.97;0.0;0.0
170590;1472409;2026-02-02;FRC;V29;0.0;0.0;0;0;0.0;4.97;4.97;0.0;0.0;0.0;0.0;0.0;5.01;0.0;0.0
170591;1472410;2026-02-02;FRC;V30;0.0;0.0;0;0;0.0;5.18;5.18;0.0;0.0;0.0;0.0;0.0;5.22;0.0;0.0
170592;1472411;2026-02-02;FRC;V31;0.0;0.0;0;0;0.0;5.46;5.46;0.0;0.0;0.0;0.0;0.0;5.57;0.0;0.0
170593;1472595;2026-02-03;FRC;F27;0.0;0.0;32;39140;4645417174.8;4.73;4.73;4.73;4.73;4.75;4.73;4.73;4.73;0.0;0.0
170594;1472596;2026-02-03;FRC;F28;0.0;0.0;11;3435;398322376.55;4.73;4.73;4.73;4.73;4.74;4.73;4.74;4.74;0.0;4.74
170595;1472597;2026-02-03;FRC;F29;0.0;0.0;2;826;93468278.4;4.88;4.88;4.88;4.87;4.88;4.87;4.87;4.88;4.85;4.87
170596;1472598;2026-02-03;FRC;F30;0.0;0.0;8;1833;202098000.95;5.08;5.08;5.08;5.07;5.09;5.08;5.07;5.07;0.0;0.0
170597;1472599;2026-02-03;FRC;F31;0.0;0.0;12;1956;209511861.0;5.31;5.31;5.31;5.3;5.32;5.3;5.3;5.3;0.0;0.0
170598;1472600;2026-02-03;FRC;F32;0.0;0.0;7;616;26310792.9;5.6;5.6;5.58;5.58;5.58;5.58;5.58;5.58;0.0;0.0
170599;1472601;2026-02-03;FRC;F33;0.0;0.0;2;325;13433904.75;5.85;5.85;5.85;5.85;5.85;5.85;5.85;5.85;5.85;0.0
170600;1472602;2026-02-03;FRC;F34;0.0;0.0;2;418;16717964.7;6.13;6.13;6.12;6.12;6.12;6.12;6.12;6.12;6.12;0.0
170601;1472603;2026-02-03;FRC;F35;0.0;0.0;1;164;6344670.6;6.4;6.4;6.39;6.39;6.39;6.39;6.39;6.39;0.0;0.0
170602;1472604;2026-02-03;FRC;F36;0.0;0.0;1;160;5969896.0;6.68;6.68;6.67;6.67;6.67;6.67;6.67;6.67;0.0;0.0
170603;1472605;2026-02-03;FRC;F40;0.0;0.0;1;74;2380036.1;7.82;7.82;7.81;7.81;7.81;7.81;7.81;7.83;0.0;0.0
170604;1472606;2026-02-03;FRC;G27;0.0;0.0;14;23416;1139258458.6;4.72;4.72;4.72;4.7;4.73;4.72;4.7;4.7;4.69;4.72
170605;1472607;2026-02-03;FRC;J26;0.0;0.0;21;24273;1204400662.35;4.85;4.85;4.86;4.85;4.86;4.85;4.85;4.85;0.0;0.0
170606;1472608;2026-02-03;FRC;J27;0.0;0.0;9;5991;290454884.25;4.67;4.67;4.68;4.67;4.68;4.67;4.68;4.68;4.66;4.67
170607;1472609;2026-02-03;FRC;J29;0.0;0.0;1;19;878458.15;4.92;4.92;4.92;4.92;4.92;4.92;4.92;4.92;0.0;0.0
170608;1472610;2026-02-03;FRC;J30;0.0;0.0;1;18;808173.5;5.12;5.12;5.12;5.12;5.12;5.12;5.12;5.11;0.0;0.0
170609;1472611;2026-02-03;FRC;K26;0.0;0.0;28;57493;2846334320.95;4.9;4.9;4.91;4.88;4.91;4.88;4.88;4.88;4.86;4.88
170610;1472612;2026-02-03;FRC;M26;0.0;0.0;16;6421;317298920.95;4.86;4.86;4.86;4.86;4.87;4.86;4.87;4.87;0.0;0.0
170611;1472613;2026-02-03;FRC;N26;0.0;0.0;16;10496;1260462082.1;4.84;4.84;4.76;4.76;4.84;4.83;4.84;4.84;0.0;0.0
170612;1472614;2026-02-03;FRC;N27;0.0;0.0;6;523;25209241.25;4.69;4.69;4.69;4.68;4.69;4.68;4.68;4.68;0.0;0.0
170613;1472615;2026-02-03;FRC;N28;0.0;0.0;2;152;7154064.8;4.77;4.77;4.77;4.77;4.78;4.77;4.78;4.78;0.0;0.0
170614;1472616;2026-02-03;FRC;N29;0.0;0.0;1;19;873237.45;4.97;4.97;4.97;4.97;4.97;4.97;4.97;4.97;0.0;0.0
170615;1472617;2026-02-03;FRC;N30;0.0;0.0;1;54;2409753.9;5.17;5.17;5.16;5.16;5.16;5.16;5.16;5.16;0.0;0.0
170616;1472618;2026-02-03;FRC;Q26;0.0;0.0;9;9306;457996843.9;4.81;4.81;4.81;4.81;4.81;4.81;4.81;4.81;0.0;0.0
170617;1472619;2026-02-03;FRC;Q27;0.0;0.0;4;969;46617321.35;4.7;4.7;4.68;4.68;4.68;4.68;4.68;4.68;0.0;0.0
170618;1472620;2026-02-03;FRC;U26;0.0;0.0;6;672;33012398.8;4.78;4.78;4.78;4.78;4.78;4.78;4.78;4.78;0.0;4.78
170619;1472621;2026-02-03;FRC;V26;0.0;0.0;16;7968;390691026.4;4.76;4.76;4.76;4.76;4.76;4.76;4.76;4.76;4.75;0.0
170620;1472622;2026-02-03;FRC;V27;0.0;0.0;2;328;15713767.0;4.72;4.72;4.73;4.73;4.74;4.73;4.74;4.71;0.0;0.0
170621;1472623;2026-02-03;FRC;V28;0.0;0.0;1;38;1777568.1;4.84;4.84;4.84;4.84;4.84;4.84;4.84;4.84;0.0;0.0
170622;1472624;2026-02-03;FRC;V29;0.0;0.0;1;18;818169.0;5.01;5.01;5.04;5.04;5.04;5.04;5.04;5.0;5.0;0.0
170623;1472625;2026-02-03;FRC;X26;0.0;0.0;3;985;48201377.75;4.73;4.73;4.72;4.72;4.72;4.72;4.72;4.72;0.0;0.0
170624;1472626;2026-02-03;FRC;Z26;0.0;0.0;6;2281;111425516.75;4.71;4.71;4.71;4.71;4.71;4.71;4.71;4.71;0.0;0.0
170625;1472627;2026-02-03;FRC;F37;0.0;0.0;0;0;0.0;6.94;6.94;0.0;0.0;0.0;0.0;0.0;6.94;0.0;0.0
170626;1472628;2026-02-03;FRC;F38;0.0;0.0;0;0;0.0;7.23;7.23;0.0;0.0;0.0;0.0;0.0;7.23;0.0;0.0
170627;1472629;2026-02-03;FRC;F39;0.0;0.0;0;0;0.0;7.52;7.52;0.0;0.0;0.0;0.0;0.0;7.53;0.0;0.0
170628;1472630;2026-02-03;FRC;F41;0.0;0.0;0;0;0.0;8.09;8.09;0.0;0.0;0.0;0.0;0.0;8.1;0.0;0.0
170629;1472631;2026-02-03;FRC;J28;0.0;0.0;0;0;0.0;4.76;4.76;0.0;0.0;0.0;0.0;0.0;4.77;0.0;0.0
170630;1472632;2026-02-03;FRC;J31;0.0;0.0;0;0;0.0;5.39;5.39;0.0;0.0;0.0;0.0;0.0;5.38;0.0;0.0
170631;1472633;2026-02-03;FRC;N31;0.0;0.0;0;0;0.0;5.5;5.5;0.0;0.0;0.0;0.0;0.0;5.49;0.0;0.0
170632;1472634;2026-02-03;FRC;V30;0.0;0.0;0;0;0.0;5.22;5.22;0.0;0.0;0.0;0.0;0.0;5.21;0.0;0.0
170633;1472635;2026-02-03;FRC;V31;0.0;0.0;0;0;0.0;5.57;5.57;0.0;0.0;0.0;0.0;0.0;5.55;0.0;0.0
170634;1472818;2026-02-04;FRC;F27;0.0;0.0;23;22356;2659185897.6;4.73;4.73;4.73;4.73;4.73;4.73;4.73;4.73;4.73;0.0
170635;1472819;2026-02-04;FRC;F28;0.0;0.0;27;25078;2914881488.1;4.74;4.74;4.74;4.73;4.74;4.73;4.73;4.73;0.0;4.74
170636;1472820;2026-02-04;FRC;F29;0.0;0.0;14;2066;234281562.6;4.88;4.88;4.86;4.86;4.86;4.86;4.86;4.86;0.0;0.0
170637;1472821;2026-02-04;FRC;F30;0.0;0.0;5;311;34432045.1;5.07;5.07;5.05;5.05;5.05;5.05;5.05;5.05;5.05;0.0
170638;1472822;2026-02-04;FRC;F31;0.0;0.0;8;1059;113732145.9;5.3;5.3;5.29;5.29;5.29;5.29;5.29;5.29;0.0;0.0
170639;1472823;2026-02-04;FRC;F33;0.0;0.0;2;633;26288094.9;5.85;5.85;5.86;5.86;5.87;5.86;5.87;5.88;5.87;0.0
170640;1472824;2026-02-04;FRC;F34;0.0;0.0;1;435;17476320.6;6.12;6.12;6.15;6.15;6.15;6.15;6.15;6.15;0.0;0.0
170641;1472825;2026-02-04;FRC;F37;0.0;0.0;2;110;3981980.9;6.94;6.94;6.96;6.96;6.96;6.96;6.96;6.97;0.0;0.0
170642;1472826;2026-02-04;FRC;G27;0.0;0.0;13;15764;771012411.4;4.7;4.7;4.7;4.7;4.7;4.7;4.7;4.7;4.7;0.0
170643;1472827;2026-02-04;FRC;J26;0.0;0.0;18;27105;1351867456.4;4.85;4.85;4.86;4.86;4.86;4.86;4.86;4.86;4.86;4.89
170644;1472828;2026-02-04;FRC;J27;0.0;0.0;8;4761;232009664.2;4.68;4.68;4.68;4.68;4.69;4.68;4.69;4.69;0.0;4.69
170645;1472829;2026-02-04;FRC;J28;0.0;0.0;3;668;31785538.7;4.77;4.77;4.77;4.76;4.77;4.76;4.76;4.76;0.0;0.0
170646;1472830;2026-02-04;FRC;J29;0.0;0.0;3;206;9564653.4;4.92;4.92;4.92;4.91;4.92;4.91;4.91;4.91;4.89;4.9
170647;1472831;2026-02-04;FRC;J30;0.0;0.0;4;567;25644842.2;5.11;5.11;5.11;5.09;5.11;5.09;5.09;5.09;5.09;0.0
170648;1472832;2026-02-04;FRC;J31;0.0;0.0;1;36;1582510.6;5.38;5.38;5.38;5.38;5.38;5.38;5.38;5.36;0.0;0.0
170649;1472833;2026-02-04;FRC;K26;0.0;0.0;18;20452;1017767813.1;4.88;4.88;4.88;4.88;4.88;4.88;4.88;4.88;4.88;0.0
170650;1472834;2026-02-04;FRC;M26;0.0;0.0;26;10579;525462891.0;4.87;4.87;4.88;4.88;4.88;4.88;4.88;4.88;0.0;0.0
170651;1472835;2026-02-04;FRC;N26;0.0;0.0;18;17797;2141973302.3;4.84;4.84;4.84;4.84;4.84;4.84;4.84;4.84;4.83;0.0
170652;1472836;2026-02-04;FRC;N27;0.0;0.0;9;1183;57322965.2;4.68;4.68;4.67;4.67;4.67;4.67;4.67;4.67;0.0;0.0
170653;1472837;2026-02-04;FRC;N28;0.0;0.0;4;494;23372109.8;4.78;4.78;4.77;4.77;4.77;4.77;4.77;4.77;0.0;0.0
170654;1472838;2026-02-04;FRC;N29;0.0;0.0;2;149;6872458.6;4.97;4.97;4.97;4.97;4.97;4.97;4.97;4.96;0.0;0.0
170655;1472839;2026-02-04;FRC;N31;0.0;0.0;1;177;7709780.2;5.49;5.49;5.45;5.45;5.45;5.45;5.45;5.45;0.0;0.0
170656;1472840;2026-02-04;FRC;Q26;0.0;0.0;13;3445;170422640.6;4.81;4.81;4.81;4.81;4.81;4.81;4.81;4.81;4.8;4.82
170657;1472841;2026-02-04;FRC;Q27;0.0;0.0;1;39;1886356.4;4.68;4.68;4.68;4.68;4.68;4.68;4.68;4.68;0.0;0.0
170658;1472842;2026-02-04;FRC;U26;0.0;0.0;2;217;10713528.2;4.78;4.78;4.83;4.83;4.83;4.83;4.83;4.83;0.0;4.83
170659;1472843;2026-02-04;FRC;V26;0.0;0.0;13;23455;1156005351.2;4.76;4.76;4.76;4.69;4.78;4.75;4.78;4.78;0.0;4.78
170660;1472844;2026-02-04;FRC;V27;0.0;0.0;9;810;39011418.0;4.71;4.71;4.71;4.71;4.71;4.71;4.71;4.71;0.0;0.0
170661;1472845;2026-02-04;FRC;V28;0.0;0.0;2;38;1787652.4;4.84;4.84;4.8;4.8;4.8;4.8;4.8;4.83;4.8;4.82
170662;1472846;2026-02-04;FRC;X26;0.0;0.0;3;117;5753490.6;4.72;4.72;4.74;4.74;4.74;4.74;4.74;4.73;4.72;0.0
170663;1472847;2026-02-04;FRC;Z26;0.0;0.0;11;5700;279866984.0;4.71;4.71;4.72;4.72;4.72;4.72;4.72;4.72;0.0;0.0
170664;1472848;2026-02-04;FRC;F32;0.0;0.0;0;0;0.0;5.58;5.58;0.0;0.0;0.0;0.0;0.0;5.56;0.0;0.0
170665;1472849;2026-02-04;FRC;F35;0.0;0.0;0;0;0.0;6.39;6.39;0.0;0.0;0.0;0.0;0.0;6.42;0.0;0.0
170666;1472850;2026-02-04;FRC;F36;0.0;0.0;0;0;0.0;6.67;6.67;0.0;0.0;0.0;0.0;0.0;6.7;0.0;0.0
170667;1472851;2026-02-04;FRC;F38;0.0;0.0;0;0;0.0;7.23;7.23;0.0;0.0;0.0;0.0;0.0;7.26;0.0;0.0
170668;1472852;2026-02-04;FRC;F39;0.0;0.0;0;0;0.0;7.53;7.53;0.0;0.0;0.0;0.0;0.0;7.56;0.0;0.0
170669;1472853;2026-02-04;FRC;F40;0.0;0.0;0;0;0.0;7.83;7.83;0.0;0.0;0.0;0.0;0.0;7.86;0.0;0.0
170670;1472854;2026-02-04;FRC;F41;0.0;0.0;0;0;0.0;8.1;8.1;0.0;0.0;0.0;0.0;0.0;8.13;0.0;0.0
170671;1472855;2026-02-04;FRC;N30;0.0;0.0;0;0;0.0;5.16;5.16;0.0;0.0;0.0;0.0;0.0;5.14;0.0;0.0
170672;1472856;2026-02-04;FRC;V29;0.0;0.0;0;0;0.0;5.0;5.0;0.0;0.0;0.0;0.0;0.0;4.98;0.0;0.0
170673;1472857;2026-02-04;FRC;V30;0.0;0.0;0;0;0.0;5.21;5.21;0.0;0.0;0.0;0.0;0.0;5.2;0.0;0.0
170674;1472858;2026-02-04;FRC;V31;0.0;0.0;0;0;0.0;5.55;5.55;0.0;0.0;0.0;0.0;0.0;5.52;0.0;0.0
170675;1473042;2026-02-05;FRC;F27;0.0;0.0;26;24070;2862201268.3;4.73;4.73;4.69;4.68;4.69;4.68;4.69;4.69;0.0;4.69
170676;1473043;2026-02-05;FRC;F28;0.0;0.0;28;18529;2154112306.14;4.73;4.73;4.67;4.66;4.67;4.66;4.66;4.66;0.0;0.0
170677;1473044;2026-02-05;FRC;F29;0.0;0.0;9;4942;560709885.52;4.86;4.86;4.8;4.8;4.8;4.8;4.8;4.8;0.0;0.0
170678;1473045;2026-02-05;FRC;F30;0.0;0.0;14;3012;333136560.32;5.05;5.05;4.99;4.99;4.99;4.99;4.99;4.99;0.0;0.0
170679;1473046;2026-02-05;FRC;F31;0.0;0.0;7;1169;125594155.54;5.29;5.29;5.23;5.23;5.23;5.23;5.23;5.23;0.0;0.0
170680;1473047;2026-02-05;FRC;F32;0.0;0.0;1;18;776054.68;5.56;5.56;5.5;5.5;5.5;5.5;5.5;5.5;0.0;0.0
170681;1473048;2026-02-05;FRC;F33;0.0;0.0;1;171;7100887.36;5.88;5.88;5.82;5.82;5.82;5.82;5.82;5.82;0.0;0.0
170682;1473049;2026-02-05;FRC;F34;0.0;0.0;2;84;3378515.44;6.15;6.15;6.1;6.1;6.1;6.1;6.1;6.09;0.0;0.0
170683;1473050;2026-02-05;FRC;F36;0.0;0.0;6;1280;47975260.8;6.7;6.7;6.65;6.65;6.65;6.65;6.65;6.65;0.0;0.0
170684;1473051;2026-02-05;FRC;F40;0.0;0.0;2;148;4775566.68;7.86;7.86;7.83;7.83;7.83;7.83;7.83;7.83;0.0;0.0
170685;1473052;2026-02-05;FRC;G27;0.0;0.0;17;10087;492866537.42;4.7;4.7;4.66;4.65;4.66;4.65;4.65;4.65;4.64;0.0
170686;1473053;2026-02-05;FRC;J26;0.0;0.0;20;38424;1914070709.84;4.86;4.86;4.86;4.86;4.86;4.86;4.86;4.86;0.0;0.0
170687;1473054;2026-02-05;FRC;J27;0.0;0.0;12;2305;112217816.9;4.69;4.69;4.65;4.64;4.65;4.64;4.64;4.64;4.62;0.0
170688;1473055;2026-02-05;FRC;J28;0.0;0.0;2;325;15458354.6;4.76;4.76;4.69;4.69;4.69;4.69;4.69;4.69;0.0;0.0
170689;1473056;2026-02-05;FRC;J29;0.0;0.0;3;747;34685191.52;4.91;4.91;4.81;4.8;4.81;4.8;4.8;4.81;0.0;0.0
170690;1473057;2026-02-05;FRC;K26;0.0;0.0;35;51306;2550131102.56;4.88;4.88;4.86;4.86;4.86;4.86;4.86;4.86;0.0;0.0
170691;1473058;2026-02-05;FRC;M26;0.0;0.0;25;16622;824639823.12;4.88;4.88;4.86;4.86;4.86;4.86;4.86;4.86;0.0;0.0
170692;1473059;2026-02-05;FRC;N26;0.0;0.0;18;15515;1866728361.4;4.84;4.84;4.81;4.81;4.81;4.81;4.81;4.81;0.0;0.0
170693;1473060;2026-02-05;FRC;N27;0.0;0.0;6;1708;82695731.18;4.67;4.67;4.62;4.6;4.62;4.61;4.6;4.6;4.6;0.0
170694;1473061;2026-02-05;FRC;N28;0.0;0.0;1;38;1797022.28;4.77;4.77;4.7;4.7;4.7;4.7;4.7;4.7;0.0;0.0
170695;1473062;2026-02-05;FRC;N29;0.0;0.0;2;112;5167307.92;4.96;4.96;4.88;4.88;4.88;4.88;4.88;4.87;0.0;0.0
170696;1473063;2026-02-05;FRC;Q26;0.0;0.0;12;6001;296534581.36;4.81;4.81;4.77;4.77;4.77;4.77;4.77;4.77;0.0;0.0
170697;1473064;2026-02-05;FRC;Q27;0.0;0.0;5;405;19568384.4;4.68;4.68;4.6;4.6;4.6;4.6;4.6;4.6;4.6;0.0
170698;1473065;2026-02-05;FRC;U26;0.0;0.0;12;6266;309060546.46;4.83;4.83;4.75;4.75;4.75;4.75;4.75;4.75;0.0;0.0
170699;1473066;2026-02-05;FRC;V26;0.0;0.0;16;7950;391381361.9;4.78;4.78;4.75;4.72;4.75;4.73;4.72;4.72;0.0;0.0
170700;1473067;2026-02-05;FRC;V27;0.0;0.0;7;1428;68729966.98;4.71;4.71;4.65;4.64;4.65;4.64;4.64;4.64;0.0;0.0
170701;1473068;2026-02-05;FRC;V28;0.0;0.0;3;492;23121785.12;4.83;4.83;4.76;4.76;4.76;4.76;4.76;4.76;0.0;0.0
170702;1473069;2026-02-05;FRC;X26;0.0;0.0;3;375;18425696.3;4.73;4.73;4.69;4.69;4.69;4.69;4.69;4.69;0.0;0.0
170703;1473070;2026-02-05;FRC;Z26;0.0;0.0;9;4541;222724370.06;4.72;4.72;4.68;4.68;4.68;4.68;4.68;4.68;0.0;0.0
170704;1473071;2026-02-05;FRC;F35;0.0;0.0;0;0;0.0;6.42;6.42;0.0;0.0;0.0;0.0;0.0;6.37;0.0;0.0
170705;1473072;2026-02-05;FRC;F37;0.0;0.0;0;0;0.0;6.97;6.97;0.0;0.0;0.0;0.0;0.0;6.93;0.0;0.0
170706;1473073;2026-02-05;FRC;F38;0.0;0.0;0;0;0.0;7.26;7.26;0.0;0.0;0.0;0.0;0.0;7.22;0.0;0.0
170707;1473074;2026-02-05;FRC;F39;0.0;0.0;0;0;0.0;7.56;7.56;0.0;0.0;0.0;0.0;0.0;7.53;0.0;0.0
170708;1473075;2026-02-05;FRC;F41;0.0;0.0;0;0;0.0;8.13;8.13;0.0;0.0;0.0;0.0;0.0;8.1;0.0;0.0
170709;1473076;2026-02-05;FRC;J30;0.0;0.0;0;0;0.0;5.09;5.09;0.0;0.0;0.0;0.0;0.0;5.03;0.0;0.0
170710;1473077;2026-02-05;FRC;J31;0.0;0.0;0;0;0.0;5.36;5.36;0.0;0.0;0.0;0.0;0.0;5.3;0.0;0.0
170711;1473078;2026-02-05;FRC;N30;0.0;0.0;0;0;0.0;5.14;5.14;0.0;0.0;0.0;0.0;0.0;5.08;0.0;0.0
170712;1473079;2026-02-05;FRC;N31;0.0;0.0;0;0;0.0;5.45;5.45;0.0;0.0;0.0;0.0;0.0;5.39;0.0;0.0
170713;1473080;2026-02-05;FRC;V29;0.0;0.0;0;0;0.0;4.98;4.98;0.0;0.0;0.0;0.0;0.0;4.91;0.0;0.0
170714;1473081;2026-02-05;FRC;V30;0.0;0.0;0;0;0.0;5.2;5.2;0.0;0.0;0.0;0.0;0.0;5.14;0.0;0.0
170715;1473082;2026-02-05;FRC;V31;0.0;0.0;0;0;0.0;5.52;5.52;0.0;0.0;0.0;0.0;0.0;5.46;0.0;0.0
170716;1473266;2026-02-06;FRC;F27;0.0;0.0;34;30045;3565038838.95;4.69;4.69;4.7;4.69;4.71;4.7;4.71;4.71;4.7;0.0
170717;1473267;2026-02-06;FRC;F28;0.0;0.0;21;9882;1146136776.5;4.66;4.66;4.7;4.7;4.7;4.7;4.7;4.7;0.0;0.0
170718;1473268;2026-02-06;FRC;F29;0.0;0.0;6;450;50967490.9;4.8;4.8;4.8;4.8;4.84;4.83;4.84;4.84;0.0;4.84
170719;1473269;2026-02-06;FRC;F30;0.0;0.0;4;239;26334137.15;4.99;4.99;5.03;5.03;5.03;5.03;5.03;5.03;0.0;0.0
170720;1473270;2026-02-06;FRC;F31;0.0;0.0;9;845;90460519.75;5.23;5.23;5.28;5.28;5.28;5.28;5.28;5.28;0.0;0.0
170721;1473271;2026-02-06;FRC;F33;0.0;0.0;8;752;31023077.6;5.82;5.82;5.86;5.86;5.86;5.86;5.86;5.86;0.0;0.0
170722;1473272;2026-02-06;FRC;F35;0.0;0.0;2;327;12609281.75;6.37;6.37;6.42;6.42;6.42;6.42;6.42;6.42;0.0;0.0
170723;1473273;2026-02-06;FRC;G27;0.0;0.0;4;1529;74296699.65;4.65;4.65;4.67;4.67;4.67;4.67;4.67;4.67;0.0;0.0
170724;1473274;2026-02-06;FRC;J26;0.0;0.0;31;56048;2776734278.4;4.86;4.86;4.86;4.86;4.9;4.89;4.9;4.9;0.0;0.0
170725;1473275;2026-02-06;FRC;J27;0.0;0.0;8;16198;784235265.5;4.64;4.64;4.65;4.65;4.65;4.65;4.65;4.65;0.0;0.0
170726;1473276;2026-02-06;FRC;J28;0.0;0.0;3;248;11728095.1;4.69;4.69;4.71;4.71;4.71;4.71;4.71;4.71;0.0;0.0
170727;1473277;2026-02-06;FRC;J29;0.0;0.0;5;317;14627783.05;4.81;4.81;4.85;4.85;4.85;4.85;4.85;4.85;4.83;0.0
170728;1473278;2026-02-06;FRC;K26;0.0;0.0;19;22506;1112533809.5;4.86;4.86;4.86;4.86;4.88;4.87;4.88;4.88;0.0;4.88
170729;1473279;2026-02-06;FRC;M26;0.0;0.0;29;46855;2311885828.95;4.86;4.86;4.86;4.86;4.86;4.86;4.86;4.86;0.0;0.0
170730;1473280;2026-02-06;FRC;N26;0.0;0.0;15;27578;3310916127.1;4.81;4.81;4.81;4.79;4.82;4.81;4.79;4.82;4.81;0.0
170731;1473281;2026-02-06;FRC;Q26;0.0;0.0;6;1326;65162996.0;4.77;4.77;4.79;4.79;4.79;4.79;4.79;4.79;0.0;0.0
170732;1473282;2026-02-06;FRC;Q27;0.0;0.0;4;445;21381978.55;4.6;4.6;4.63;4.63;4.63;4.63;4.63;4.63;0.0;0.0
170733;1473283;2026-02-06;FRC;U26;0.0;0.0;10;3441;168798456.45;4.75;4.75;4.75;4.75;4.75;4.75;4.75;4.75;0.0;0.0
170734;1473284;2026-02-06;FRC;V26;0.0;0.0;10;15881;777574228.75;4.72;4.72;4.73;4.73;4.73;4.73;4.73;4.73;0.0;0.0
170735;1473285;2026-02-06;FRC;V27;0.0;0.0;8;2182;104432105.4;4.64;4.64;4.65;4.65;4.67;4.66;4.67;4.67;0.0;0.0
170736;1473286;2026-02-06;FRC;X26;0.0;0.0;3;99;4838014.75;4.69;4.69;4.69;4.69;4.69;4.69;4.69;4.7;0.0;0.0
170737;1473287;2026-02-06;FRC;Z26;0.0;0.0;3;2477;120823701.25;4.68;4.68;4.69;4.69;4.7;4.69;4.7;4.7;0.0;0.0
170738;1473288;2026-02-06;FRC;F32;0.0;0.0;0;0;0.0;5.5;5.5;0.0;0.0;0.0;0.0;0.0;5.55;0.0;0.0
170739;1473289;2026-02-06;FRC;F34;0.0;0.0;0;0;0.0;6.09;6.09;0.0;0.0;0.0;0.0;0.0;6.13;0.0;0.0
170740;1473290;2026-02-06;FRC;F36;0.0;0.0;0;0;0.0;6.65;6.65;0.0;0.0;0.0;0.0;0.0;6.7;0.0;0.0
170741;1473291;2026-02-06;FRC;F37;0.0;0.0;0;0;0.0;6.93;6.93;0.0;0.0;0.0;0.0;0.0;6.98;0.0;0.0
170742;1473292;2026-02-06;FRC;F38;0.0;0.0;0;0;0.0;7.22;7.22;0.0;0.0;0.0;0.0;0.0;7.27;0.0;0.0
170743;1473293;2026-02-06;FRC;F39;0.0;0.0;0;0;0.0;7.53;7.53;0.0;0.0;0.0;0.0;0.0;7.58;0.0;0.0
170744;1473294;2026-02-06;FRC;F40;0.0;0.0;0;0;0.0;7.83;7.83;0.0;0.0;0.0;0.0;0.0;7.88;0.0;0.0
170745;1473295;2026-02-06;FRC;F41;0.0;0.0;0;0;0.0;8.1;8.1;0.0;0.0;0.0;0.0;0.0;8.15;0.0;0.0
170746;1473296;2026-02-06;FRC;J30;0.0;0.0;0;0;0.0;5.03;5.03;0.0;0.0;0.0;0.0;0.0;5.07;0.0;0.0
170747;1473297;2026-02-06;FRC;J31;0.0;0.0;0;0;0.0;5.3;5.3;0.0;0.0;0.0;0.0;0.0;5.35;0.0;0.0
170748;1473298;2026-02-06;FRC;N27;0.0;0.0;0;0;0.0;4.6;4.6;0.0;0.0;0.0;0.0;0.0;4.62;0.0;0.0
170749;1473299;2026-02-06;FRC;N28;0.0;0.0;0;0;0.0;4.7;4.7;0.0;0.0;0.0;0.0;0.0;4.74;0.0;0.0
170750;1473300;2026-02-06;FRC;N29;0.0;0.0;0;0;0.0;4.87;4.87;0.0;0.0;0.0;0.0;0.0;4.91;0.0;0.0
170751;1473301;2026-02-06;FRC;N30;0.0;0.0;0;0;0.0;5.08;5.08;0.0;0.0;0.0;0.0;0.0;5.12;0.0;0.0
170752;1473302;2026-02-06;FRC;N31;0.0;0.0;0;0;0.0;5.39;5.39;0.0;0.0;0.0;0.0;0.0;5.44;0.0;0.0
170753;1473303;2026-02-06;FRC;V28;0.0;0.0;0;0;0.0;4.76;4.76;0.0;0.0;0.0;0.0;0.0;4.8;0.0;0.0
170754;1473304;2026-02-06;FRC;V29;0.0;0.0;0;0;0.0;4.91;4.91;0.0;0.0;0.0;0.0;0.0;4.95;0.0;0.0
170755;1473305;2026-02-06;FRC;V30;0.0;0.0;0;0;0.0;5.14;5.14;0.0;0.0;0.0;0.0;0.0;5.19;0.0;0.0
170756;1473306;2026-02-06;FRC;V31;0.0;0.0;0;0;0.0;5.46;5.46;0.0;0.0;0.0;0.0;0.0;5.51;0.0;0.0
170757;1473490;2026-02-09;FRC;F27;0.0;0.0;101;72588;8615137806.64;4.71;4.71;4.7;4.7;4.71;4.7;4.71;4.71;4.7;0.0
170758;1473491;2026-02-09;FRC;F28;0.0;0.0;22;9964;1155790437.52;4.7;4.7;4.73;4.69;4.73;4.69;4.69;4.69;0.0;0.0
170759;1473492;2026-02-09;FRC;F29;0.0;0.0;12;2837;321169716.21;4.84;4.84;4.84;4.82;4.84;4.82;4.82;4.82;0.0;0.0
170760;1473493;2026-02-09;FRC;F30;0.0;0.0;19;3179;350387090.87;5.03;5.03;5.03;5.03;5.04;5.03;5.04;5.04;0.0;0.0
170761;1473494;2026-02-09;FRC;F31;0.0;0.0;9;1505;161321097.45;5.28;5.28;5.28;5.28;5.31;5.3;5.31;5.31;5.29;5.31
170762;1473495;2026-02-09;FRC;F33;0.0;0.0;2;102;4199189.46;5.86;5.86;5.91;5.91;5.91;5.91;5.91;5.92;0.0;0.0
170763;1473496;2026-02-09;FRC;F35;0.0;0.0;5;410;15791114.3;6.42;6.42;6.5;6.5;6.5;6.5;6.5;6.5;0.0;0.0
170764;1473497;2026-02-09;FRC;F36;0.0;0.0;5;2844;105636440.12;6.7;6.7;6.76;6.76;6.78;6.76;6.78;6.78;0.0;0.0
170765;1473498;2026-02-09;FRC;G27;0.0;0.0;9;4170;202664701.0;4.67;4.67;4.67;4.67;4.68;4.67;4.68;4.68;4.66;0.0
170766;1473499;2026-02-09;FRC;J26;0.0;0.0;27;60060;2976286116.0;4.9;4.9;4.92;4.9;4.92;4.9;4.9;4.9;4.89;4.91
170767;1473500;2026-02-09;FRC;J27;0.0;0.0;8;1445;69978828.85;4.65;4.65;4.65;4.65;4.65;4.65;4.65;4.65;4.65;0.0
170768;1473501;2026-02-09;FRC;J28;0.0;0.0;5;1337;63259129.01;4.71;4.71;4.69;4.69;4.69;4.69;4.69;4.69;4.69;0.0
170769;1473502;2026-02-09;FRC;J29;0.0;0.0;7;1141;52675139.13;4.85;4.85;4.85;4.85;4.85;4.85;4.85;4.85;0.0;0.0
170770;1473503;2026-02-09;FRC;K26;0.0;0.0;5;2988;147742533.24;4.88;4.88;4.89;4.89;4.89;4.89;4.89;4.89;4.88;0.0
170771;1473504;2026-02-09;FRC;M26;0.0;0.0;21;38585;1904309735.25;4.86;4.86;4.87;4.87;4.87;4.87;4.87;4.87;4.86;0.0
170772;1473505;2026-02-09;FRC;N26;0.0;0.0;21;38888;4670104797.64;4.82;4.82;4.82;4.81;4.83;4.82;4.83;4.83;0.0;0.0
170773;1473506;2026-02-09;FRC;N27;0.0;0.0;1;39;1878549.67;4.62;4.62;4.62;4.62;4.62;4.62;4.62;4.62;4.63;0.0
170774;1473507;2026-02-09;FRC;N28;0.0;0.0;1;570;26809043.1;4.74;4.74;4.72;4.72;4.72;4.72;4.72;4.72;4.72;0.0
170775;1473508;2026-02-09;FRC;N29;0.0;0.0;2;539;24718142.57;4.91;4.91;4.91;4.91;4.91;4.91;4.91;4.91;0.0;0.0
170776;1473509;2026-02-09;FRC;Q26;0.0;0.0;6;1149;56479683.97;4.79;4.79;4.8;4.79;4.8;4.79;4.79;4.79;0.0;0.0
170777;1473510;2026-02-09;FRC;U26;0.0;0.0;18;15339;752626578.67;4.75;4.75;4.76;4.76;4.76;4.76;4.76;4.76;0.0;0.0
170778;1473511;2026-02-09;FRC;V26;0.0;0.0;9;7990;391311466.2;4.73;4.73;4.73;4.73;4.73;4.73;4.73;4.73;4.73;0.0
170779;1473512;2026-02-09;FRC;V27;0.0;0.0;1;77;3685622.61;4.67;4.67;4.67;4.67;4.67;4.67;4.67;4.66;0.0;0.0
170780;1473513;2026-02-09;FRC;V28;0.0;0.0;1;19;888567.87;4.8;4.8;4.75;4.75;4.75;4.75;4.75;4.77;0.0;0.0
170781;1473514;2026-02-09;FRC;X26;0.0;0.0;2;137;6695814.41;4.7;4.7;4.69;4.69;4.69;4.69;4.69;4.7;0.0;0.0
170782;1473515;2026-02-09;FRC;Z26;0.0;0.0;6;2104;102652111.22;4.7;4.7;4.7;4.7;4.7;4.7;4.7;4.7;4.69;4.7
170783;1473516;2026-02-09;FRC;F32;0.0;0.0;0;0;0.0;5.55;5.55;0.0;0.0;0.0;0.0;0.0;5.59;0.0;0.0
170784;1473517;2026-02-09;FRC;F34;0.0;0.0;0;0;0.0;6.13;6.13;0.0;0.0;0.0;0.0;0.0;6.2;0.0;0.0
170785;1473518;2026-02-09;FRC;F37;0.0;0.0;0;0;0.0;6.98;6.98;0.0;0.0;0.0;0.0;0.0;7.06;0.0;0.0
170786;1473519;2026-02-09;FRC;F38;0.0;0.0;0;0;0.0;7.27;7.27;0.0;0.0;0.0;0.0;0.0;7.35;0.0;0.0
170787;1473520;2026-02-09;FRC;F39;0.0;0.0;0;0;0.0;7.58;7.58;0.0;0.0;0.0;0.0;0.0;7.66;0.0;0.0
170788;1473521;2026-02-09;FRC;F40;0.0;0.0;0;0;0.0;7.88;7.88;0.0;0.0;0.0;0.0;0.0;7.96;0.0;0.0
170789;1473522;2026-02-09;FRC;F41;0.0;0.0;0;0;0.0;8.15;8.15;0.0;0.0;0.0;0.0;0.0;8.23;0.0;0.0
170790;1473523;2026-02-09;FRC;J30;0.0;0.0;0;0;0.0;5.07;5.07;0.0;0.0;0.0;0.0;0.0;5.08;0.0;0.0
170791;1473524;2026-02-09;FRC;J31;0.0;0.0;0;0;0.0;5.35;5.35;0.0;0.0;0.0;0.0;0.0;5.38;0.0;0.0
170792;1473525;2026-02-09;FRC;N30;0.0;0.0;0;0;0.0;5.12;5.12;0.0;0.0;0.0;0.0;0.0;5.14;0.0;0.0
170793;1473526;2026-02-09;FRC;N31;0.0;0.0;0;0;0.0;5.44;5.44;0.0;0.0;0.0;0.0;0.0;5.48;0.0;0.0
170794;1473527;2026-02-09;FRC;Q27;0.0;0.0;0;0;0.0;4.63;4.63;0.0;0.0;0.0;0.0;0.0;4.63;0.0;0.0
170795;1473528;2026-02-09;FRC;V29;0.0;0.0;0;0;0.0;4.95;4.95;0.0;0.0;0.0;0.0;0.0;4.96;0.0;0.0
170796;1473529;2026-02-09;FRC;V30;0.0;0.0;0;0;0.0;5.19;5.19;0.0;0.0;0.0;0.0;0.0;5.21;0.0;0.0
170797;1473530;2026-02-09;FRC;V31;0.0;0.0;0;0;0.0;5.51;5.51;0.0;0.0;0.0;0.0;0.0;5.55;0.0;0.0
170798;1473714;2026-02-10;FRC;F27;0.0;0.0;12;13415;1595718691.85;4.71;4.71;4.71;4.69;4.71;4.69;4.69;4.69;0.0;0.0
170799;1473715;2026-02-10;FRC;F28;0.0;0.0;10;4377;508989897.31;4.69;4.69;4.66;4.66;4.67;4.66;4.66;4.66;4.66;0.0
170800;1473716;2026-02-10;FRC;F29;0.0;0.0;14;3194;362524357.72;4.82;4.82;4.82;4.79;4.82;4.79;4.79;4.79;0.0;0.0
170801;1473717;2026-02-10;FRC;F30;0.0;0.0;18;6238;689377713.14;5.04;5.04;5.06;5.03;5.06;5.05;5.03;5.03;0.0;0.0
170802;1473718;2026-02-10;FRC;F31;0.0;0.0;10;1473;158096684.39;5.31;5.31;5.29;5.29;5.29;5.29;5.29;5.29;0.0;5.29
170803;1473719;2026-02-10;FRC;F32;0.0;0.0;6;1927;82534908.81;5.59;5.59;5.58;5.58;5.59;5.58;5.59;5.58;0.0;0.0
170804;1473720;2026-02-10;FRC;F33;0.0;0.0;2;2820;116783633.6;5.92;5.92;5.92;5.91;5.92;5.91;5.91;5.9;0.0;5.9
170805;1473721;2026-02-10;FRC;F34;0.0;0.0;5;2170;86897982.1;6.2;6.2;6.2;6.18;6.2;6.19;6.18;6.18;0.0;0.0
170806;1473722;2026-02-10;FRC;F35;0.0;0.0;11;1355;52395674.25;6.5;6.5;6.49;6.49;6.49;6.49;6.49;6.49;0.0;6.5
170807;1473723;2026-02-10;FRC;F36;0.0;0.0;2;1597;59589519.91;6.78;6.78;6.77;6.77;6.77;6.77;6.77;6.77;0.0;0.0
170808;1473724;2026-02-10;FRC;F37;0.0;0.0;1;1563;56221804.89;7.06;7.06;7.05;7.05;7.05;7.05;7.05;7.05;0.0;0.0
170809;1473725;2026-02-10;FRC;G27;0.0;0.0;8;3428;167449220.84;4.68;4.68;4.68;4.65;4.68;4.66;4.65;4.65;4.64;0.0
170810;1473726;2026-02-10;FRC;J26;0.0;0.0;24;63751;3175081424.93;4.9;4.9;4.91;4.88;4.91;4.88;4.88;4.88;4.88;0.0
170811;1473727;2026-02-10;FRC;J27;0.0;0.0;5;3670;178622514.2;4.65;4.65;4.65;4.63;4.65;4.64;4.63;4.63;0.0;0.0
170812;1473728;2026-02-10;FRC;J30;0.0;0.0;2;256;11563514.68;5.08;5.08;5.08;5.08;5.08;5.08;5.08;5.08;0.0;0.0
170813;1473729;2026-02-10;FRC;K26;0.0;0.0;15;20613;1024326705.39;4.89;4.89;4.89;4.89;4.89;4.89;4.89;4.89;0.0;0.0
170814;1473730;2026-02-10;FRC;M26;0.0;0.0;20;19342;959401621.66;4.87;4.87;4.86;4.85;4.86;4.85;4.86;4.86;4.85;0.0
170815;1473731;2026-02-10;FRC;N26;0.0;0.0;21;26190;3152006641.7;4.83;4.83;4.83;4.81;4.83;4.81;4.81;4.81;4.8;0.0
170816;1473732;2026-02-10;FRC;N27;0.0;0.0;12;5084;246084540.02;4.62;4.62;4.62;4.61;4.62;4.61;4.61;4.61;4.61;4.63
170817;1473733;2026-02-10;FRC;N28;0.0;0.0;1;38;1796805.14;4.72;4.72;4.69;4.69;4.69;4.69;4.69;4.69;0.0;0.0
170818;1473734;2026-02-10;FRC;N30;0.0;0.0;2;72;3225969.76;5.14;5.14;5.14;5.14;5.14;5.14;5.14;5.14;0.0;0.0
170819;1473735;2026-02-10;FRC;Q26;0.0;0.0;14;7326;361926708.78;4.79;4.79;4.78;4.78;4.78;4.78;4.78;4.78;0.0;0.0
170820;1473736;2026-02-10;FRC;Q27;0.0;0.0;6;988;47727305.24;4.63;4.63;4.62;4.62;4.62;4.62;4.62;4.62;0.0;0.0
170821;1473737;2026-02-10;FRC;U26;0.0;0.0;9;6442;317676249.46;4.76;4.76;4.75;4.75;4.75;4.75;4.75;4.75;0.0;0.0
170822;1473738;2026-02-10;FRC;V26;0.0;0.0;12;7042;346621147.26;4.73;4.73;4.73;4.72;4.73;4.72;4.72;4.72;0.0;0.0
170823;1473739;2026-02-10;FRC;V27;0.0;0.0;6;1293;62219116.69;4.66;4.66;4.64;4.64;4.64;4.64;4.64;4.64;0.0;0.0
170824;1473740;2026-02-10;FRC;V28;0.0;0.0;1;6233;292820899.99;4.77;4.77;4.76;4.76;4.76;4.76;4.76;4.74;0.0;0.0
170825;1473741;2026-02-10;FRC;V30;0.0;0.0;3;270;12019125.6;5.21;5.21;5.2;5.2;5.2;5.2;5.2;5.2;0.0;0.0
170826;1473742;2026-02-10;FRC;X26;0.0;0.0;3;1713;84150550.59;4.7;4.7;4.68;4.68;4.68;4.68;4.68;4.68;0.0;0.0
170827;1473743;2026-02-10;FRC;Z26;0.0;0.0;3;806;39523961.38;4.7;4.7;4.68;4.68;4.68;4.68;4.68;4.68;0.0;4.68
170828;1473744;2026-02-10;FRC;F38;0.0;0.0;0;0;0.0;7.35;7.35;0.0;0.0;0.0;0.0;0.0;7.34;0.0;0.0
170829;1473745;2026-02-10;FRC;F39;0.0;0.0;0;0;0.0;7.66;7.66;0.0;0.0;0.0;0.0;0.0;7.65;0.0;0.0
170830;1473746;2026-02-10;FRC;F40;0.0;0.0;0;0;0.0;7.96;7.96;0.0;0.0;0.0;0.0;0.0;7.95;0.0;0.0
170831;1473747;2026-02-10;FRC;F41;0.0;0.0;0;0;0.0;8.23;8.23;0.0;0.0;0.0;0.0;0.0;8.22;0.0;0.0
170832;1473748;2026-02-10;FRC;J28;0.0;0.0;0;0;0.0;4.69;4.69;0.0;0.0;0.0;0.0;0.0;4.66;0.0;0.0
170833;1473749;2026-02-10;FRC;J29;0.0;0.0;0;0;0.0;4.85;4.85;0.0;0.0;0.0;0.0;0.0;4.82;0.0;0.0
170834;1473750;2026-02-10;FRC;J31;0.0;0.0;0;0;0.0;5.38;5.38;0.0;0.0;0.0;0.0;0.0;5.36;0.0;0.0
170835;1473751;2026-02-10;FRC;N29;0.0;0.0;0;0;0.0;4.91;4.91;0.0;0.0;0.0;0.0;0.0;4.89;0.0;0.0
170836;1473752;2026-02-10;FRC;N31;0.0;0.0;0;0;0.0;5.48;5.48;0.0;0.0;0.0;0.0;0.0;5.46;0.0;0.0
170837;1473753;2026-02-10;FRC;V29;0.0;0.0;0;0;0.0;4.96;4.96;0.0;0.0;0.0;0.0;0.0;4.94;0.0;0.0
170838;1473754;2026-02-10;FRC;V31;0.0;0.0;0;0;0.0;5.55;5.55;0.0;0.0;0.0;0.0;0.0;5.54;0.0;0.0
170839;1473939;2026-02-11;FRC;F27;0.0;0.0;28;24022;2856565939.34;4.69;4.69;4.71;4.71;4.74;4.73;4.73;4.74;4.73;0.0
170840;1473940;2026-02-11;FRC;F28;0.0;0.0;14;13284;1543394227.48;4.66;4.66;4.7;4.7;4.71;4.7;4.7;4.7;4.7;0.0
170841;1473941;2026-02-11;FRC;F29;0.0;0.0;10;2987;338711660.91;4.79;4.79;4.83;4.83;4.83;4.83;4.83;4.83;0.0;0.0
170842;1473942;2026-02-11;FRC;F30;0.0;0.0;9;3945;435502996.63;5.03;5.03;5.06;5.06;5.07;5.06;5.06;5.06;5.05;0.0
170843;1473943;2026-02-11;FRC;F31;0.0;0.0;4;449;48140347.47;5.29;5.29;5.33;5.33;5.33;5.33;5.33;5.33;5.31;5.36
170844;1473944;2026-02-11;FRC;F32;0.0;0.0;2;350;14974736.5;5.58;5.58;5.63;5.63;5.63;5.63;5.63;5.63;0.0;0.0
170845;1473945;2026-02-11;FRC;F35;0.0;0.0;7;1842;70972424.48;6.49;6.49;6.54;6.54;6.54;6.54;6.54;6.54;0.0;0.0
170846;1473946;2026-02-11;FRC;F36;0.0;0.0;1;159;5913687.77;6.77;6.77;6.83;6.83;6.83;6.83;6.83;6.83;0.0;6.83
170847;1473947;2026-02-11;FRC;G27;0.0;0.0;9;2878;140499256.12;4.65;4.65;4.7;4.69;4.7;4.69;4.69;4.7;0.0;0.0
170848;1473948;2026-02-11;FRC;J26;0.0;0.0;74;414717;20651055841.55;4.88;4.88;4.92;4.84;4.93;4.9;4.89;4.89;4.89;4.91
170849;1473949;2026-02-11;FRC;J27;0.0;0.0;15;16272;790558614.24;4.63;4.63;4.68;4.68;4.68;4.68;4.68;4.68;4.67;0.0
170850;1473950;2026-02-11;FRC;J28;0.0;0.0;6;1948;92521720.12;4.66;4.66;4.7;4.7;4.71;4.7;4.71;4.7;4.7;0.0
170851;1473951;2026-02-11;FRC;J30;0.0;0.0;1;73;3286357.47;5.08;5.08;5.11;5.11;5.11;5.11;5.11;5.11;5.11;0.0
170852;1473952;2026-02-11;FRC;K26;0.0;0.0;11;11650;578878691.72;4.89;4.89;4.9;4.9;4.9;4.9;4.9;4.9;0.0;0.0
170853;1473953;2026-02-11;FRC;M26;0.0;0.0;27;23952;1187310923.94;4.86;4.86;4.88;4.88;4.88;4.88;4.88;4.88;4.88;0.0
170854;1473954;2026-02-11;FRC;N26;0.0;0.0;26;42974;5172120062.32;4.81;4.81;4.84;4.84;4.85;4.84;4.84;4.84;0.0;0.0
170855;1473955;2026-02-11;FRC;N27;0.0;0.0;6;2328;112645093.28;4.61;4.61;4.67;4.67;4.67;4.67;4.67;4.67;4.66;0.0
170856;1473956;2026-02-11;FRC;N28;0.0;0.0;5;6838;322437488.5;4.69;4.69;4.72;4.72;4.72;4.72;4.72;4.72;4.72;0.0
170857;1473957;2026-02-11;FRC;Q26;0.0;0.0;8;1486;73403313.68;4.78;4.78;4.82;4.81;4.83;4.81;4.83;4.82;4.82;0.0
170858;1473958;2026-02-11;FRC;U26;0.0;0.0;5;2194;108185898.02;4.75;4.75;4.8;4.8;4.8;4.8;4.8;4.8;0.0;0.0
170859;1473959;2026-02-11;FRC;V26;0.0;0.0;15;7476;367952751.88;4.72;4.72;4.72;4.72;4.77;4.76;4.77;4.77;0.0;4.77
170860;1473960;2026-02-11;FRC;V28;0.0;0.0;1;944;44230628.76;4.74;4.74;4.76;4.76;4.76;4.76;4.76;4.77;0.0;0.0
170861;1473961;2026-02-11;FRC;Z26;0.0;0.0;8;3540;173343495.64;4.68;4.68;4.72;4.72;4.72;4.72;4.72;4.72;4.7;0.0
170862;1473962;2026-02-11;FRC;F33;0.0;0.0;0;0;0.0;5.9;5.9;0.0;0.0;0.0;0.0;0.0;5.95;0.0;0.0
170863;1473963;2026-02-11;FRC;F34;0.0;0.0;0;0;0.0;6.18;6.18;0.0;0.0;0.0;0.0;0.0;6.23;0.0;0.0
170864;1473964;2026-02-11;FRC;F37;0.0;0.0;0;0;0.0;7.05;7.05;0.0;0.0;0.0;0.0;0.0;7.11;0.0;0.0
170865;1473965;2026-02-11;FRC;F38;0.0;0.0;0;0;0.0;7.34;7.34;0.0;0.0;0.0;0.0;0.0;7.4;0.0;0.0
170866;1473966;2026-02-11;FRC;F39;0.0;0.0;0;0;0.0;7.65;7.65;0.0;0.0;0.0;0.0;0.0;7.71;0.0;0.0
170867;1473967;2026-02-11;FRC;F40;0.0;0.0;0;0;0.0;7.95;7.95;0.0;0.0;0.0;0.0;0.0;8.01;0.0;0.0
170868;1473968;2026-02-11;FRC;F41;0.0;0.0;0;0;0.0;8.22;8.22;0.0;0.0;0.0;0.0;0.0;8.28;0.0;0.0
170869;1473969;2026-02-11;FRC;J29;0.0;0.0;0;0;0.0;4.82;4.82;0.0;0.0;0.0;0.0;0.0;4.86;0.0;0.0
170870;1473970;2026-02-11;FRC;J31;0.0;0.0;0;0;0.0;5.36;5.36;0.0;0.0;0.0;0.0;0.0;5.4;0.0;0.0
170871;1473971;2026-02-11;FRC;N29;0.0;0.0;0;0;0.0;4.89;4.89;0.0;0.0;0.0;0.0;0.0;4.93;0.0;0.0
170872;1473972;2026-02-11;FRC;N30;0.0;0.0;0;0;0.0;5.14;5.14;0.0;0.0;0.0;0.0;0.0;5.17;0.0;0.0
170873;1473973;2026-02-11;FRC;N31;0.0;0.0;0;0;0.0;5.46;5.46;0.0;0.0;0.0;0.0;0.0;5.49;0.0;0.0
170874;1473974;2026-02-11;FRC;Q27;0.0;0.0;0;0;0.0;4.62;4.62;0.0;0.0;0.0;0.0;0.0;4.68;0.0;0.0
170875;1473975;2026-02-11;FRC;V27;0.0;0.0;0;0;0.0;4.64;4.64;0.0;0.0;0.0;0.0;0.0;4.69;0.0;0.0
170876;1473976;2026-02-11;FRC;V29;0.0;0.0;0;0;0.0;4.94;4.94;0.0;0.0;0.0;0.0;0.0;4.97;0.0;0.0
170877;1473977;2026-02-11;FRC;V30;0.0;0.0;0;0;0.0;5.2;5.2;0.0;0.0;0.0;0.0;0.0;5.24;0.0;0.0
170878;1473978;2026-02-11;FRC;V31;0.0;0.0;0;0;0.0;5.54;5.54;0.0;0.0;0.0;0.0;0.0;5.58;0.0;0.0
170879;1473979;2026-02-11;FRC;X26;0.0;0.0;0;0;0.0;4.68;4.68;0.0;0.0;0.0;0.0;0.0;4.72;0.0;0.0
170880;1474164;2026-02-12;FRC;F27;0.0;0.0;18;16200;1928317619.2;4.74;4.74;4.74;4.71;4.74;4.71;4.71;4.71;0.0;4.71
170881;1474165;2026-02-12;FRC;F28;0.0;0.0;10;3993;464586395.2;4.7;4.7;4.7;4.66;4.7;4.68;4.66;4.66;0.0;0.0
170882;1474166;2026-02-12;FRC;F29;0.0;0.0;9;1296;147270094.2;4.83;4.83;4.79;4.78;4.8;4.78;4.8;4.78;0.0;0.0
170883;1474167;2026-02-12;FRC;F30;0.0;0.0;7;1709;189063784.0;5.06;5.06;5.01;5.01;5.01;5.01;5.01;5.01;0.0;0.0
170884;1474168;2026-02-12;FRC;F31;0.0;0.0;16;2643;284123297.4;5.33;5.33;5.25;5.25;5.25;5.25;5.25;5.25;5.25;0.0
170885;1474169;2026-02-12;FRC;F32;0.0;0.0;7;770;33063716.4;5.63;5.63;5.54;5.54;5.54;5.54;5.54;5.54;0.0;0.0
170886;1474170;2026-02-12;FRC;F33;0.0;0.0;1;1708;70781571.6;5.95;5.95;5.95;5.95;5.95;5.95;5.95;5.87;5.87;5.89
170887;1474171;2026-02-12;FRC;F34;0.0;0.0;6;2504;100398281.8;6.23;6.23;6.23;6.16;6.23;6.21;6.16;6.16;0.0;0.0
170888;1474172;2026-02-12;FRC;F35;0.0;0.0;11;7223;279328900.4;6.54;6.54;6.54;6.47;6.54;6.53;6.47;6.47;0.0;0.0
170889;1474173;2026-02-12;FRC;F36;0.0;0.0;1;1595;59517039.0;6.83;6.83;6.81;6.81;6.81;6.81;6.81;6.75;0.0;0.0
170890;1474174;2026-02-12;FRC;F37;0.0;0.0;1;1562;56195032.4;7.11;7.11;7.09;7.09;7.09;7.09;7.09;7.03;0.0;0.0
170891;1474175;2026-02-12;FRC;G27;0.0;0.0;9;4034;197382811.3;4.7;4.7;4.7;4.66;4.7;4.66;4.66;4.66;0.0;0.0
170892;1474176;2026-02-12;FRC;J26;0.0;0.0;22;54771;2732382544.6;4.89;4.89;4.89;4.89;4.91;4.9;4.9;4.9;0.0;0.0
170893;1474177;2026-02-12;FRC;J27;0.0;0.0;24;20921;1019850801.2;4.68;4.68;4.68;4.64;4.69;4.66;4.64;4.64;4.64;0.0
170894;1474178;2026-02-12;FRC;J28;0.0;0.0;8;1987;94655536.0;4.7;4.7;4.7;4.66;4.7;4.67;4.66;4.66;0.0;0.0
170895;1474179;2026-02-12;FRC;J29;0.0;0.0;1;19;884439.3;4.86;4.86;4.82;4.82;4.82;4.82;4.82;4.81;0.0;0.0
170896;1474180;2026-02-12;FRC;K26;0.0;0.0;13;10059;500703884.8;4.9;4.9;4.9;4.89;4.9;4.89;4.89;4.89;4.9;0.0
170897;1474181;2026-02-12;FRC;M26;0.0;0.0;31;27496;1366103168.6;4.88;4.88;4.88;4.84;4.88;4.87;4.88;4.88;4.88;0.0
170898;1474182;2026-02-12;FRC;N26;0.0;0.0;25;21765;2621462277.0;4.84;4.84;4.84;4.84;4.86;4.84;4.86;4.84;0.0;0.0
170899;1474183;2026-02-12;FRC;N27;0.0;0.0;13;8792;426172039.9;4.67;4.67;4.67;4.64;4.67;4.65;4.64;4.64;4.62;4.64
170900;1474184;2026-02-12;FRC;N28;0.0;0.0;11;1691;80093890.8;4.72;4.72;4.7;4.68;4.7;4.68;4.68;4.68;4.68;0.0
170901;1474185;2026-02-12;FRC;Q26;0.0;0.0;8;2238;110739172.7;4.82;4.82;4.82;4.82;4.82;4.82;4.82;4.82;4.83;0.0
170902;1474186;2026-02-12;FRC;Q27;0.0;0.0;1;39;1886762.8;4.68;4.68;4.68;4.68;4.68;4.68;4.68;4.65;0.0;0.0
170903;1474187;2026-02-12;FRC;U26;0.0;0.0;13;3517;173705705.0;4.8;4.8;4.8;4.79;4.8;4.79;4.79;4.79;4.8;0.0
170904;1474188;2026-02-12;FRC;V26;0.0;0.0;17;15210;749833466.5;4.77;4.77;4.77;4.74;4.77;4.75;4.76;4.76;0.0;0.0
170905;1474189;2026-02-12;FRC;V27;0.0;0.0;7;714;34409225.6;4.69;4.69;4.69;4.66;4.69;4.66;4.66;4.66;0.0;0.0
170906;1474190;2026-02-12;FRC;V28;0.0;0.0;11;1833;86299351.0;4.77;4.77;4.72;4.72;4.72;4.72;4.72;4.72;0.0;0.0
170907;1474191;2026-02-12;FRC;V30;0.0;0.0;10;1262;56286869.4;5.24;5.24;5.2;5.19;5.2;5.19;5.19;5.2;0.0;0.0
170908;1474192;2026-02-12;FRC;X26;0.0;0.0;9;2657;130722721.9;4.72;4.72;4.72;4.72;4.72;4.72;4.72;4.72;0.0;0.0
170909;1474193;2026-02-12;FRC;Z26;0.0;0.0;10;7783;382252027.8;4.72;4.72;4.72;4.7;4.72;4.7;4.7;4.7;0.0;4.7
170910;1474194;2026-02-12;FRC;F38;0.0;0.0;0;0;0.0;7.4;7.4;0.0;0.0;0.0;0.0;0.0;7.32;0.0;0.0
170911;1474195;2026-02-12;FRC;F39;0.0;0.0;0;0;0.0;7.71;7.71;0.0;0.0;0.0;0.0;0.0;7.63;0.0;0.0
170912;1474196;2026-02-12;FRC;F40;0.0;0.0;0;0;0.0;8.01;8.01;0.0;0.0;0.0;0.0;0.0;7.93;0.0;0.0
170913;1474197;2026-02-12;FRC;F41;0.0;0.0;0;0;0.0;8.28;8.28;0.0;0.0;0.0;0.0;0.0;8.2;0.0;0.0
170914;1474198;2026-02-12;FRC;J30;0.0;0.0;0;0;0.0;5.11;5.11;0.0;0.0;0.0;0.0;0.0;5.06;0.0;0.0
170915;1474199;2026-02-12;FRC;J31;0.0;0.0;0;0;0.0;5.4;5.4;0.0;0.0;0.0;0.0;0.0;5.32;0.0;0.0
170916;1474200;2026-02-12;FRC;N29;0.0;0.0;0;0;0.0;4.93;4.93;0.0;0.0;0.0;0.0;0.0;4.88;0.0;0.0
170917;1474201;2026-02-12;FRC;N30;0.0;0.0;0;0;0.0;5.17;5.17;0.0;0.0;0.0;0.0;0.0;5.13;0.0;0.0
170918;1474202;2026-02-12;FRC;N31;0.0;0.0;0;0;0.0;5.49;5.49;0.0;0.0;0.0;0.0;0.0;5.41;0.0;0.0
170919;1474203;2026-02-12;FRC;V29;0.0;0.0;0;0;0.0;4.97;4.97;0.0;0.0;0.0;0.0;0.0;4.92;0.0;0.0
170920;1474204;2026-02-12;FRC;V31;0.0;0.0;0;0;0.0;5.58;5.58;0.0;0.0;0.0;0.0;0.0;5.49;0.0;0.0
170921;1474390;2026-02-13;FRC;F27;0.0;0.0;14;9416;1122501993.36;4.71;4.71;4.7;4.7;4.71;4.7;4.71;4.7;0.0;0.0
170922;1474391;2026-02-13;FRC;F28;0.0;0.0;10;3897;454425411.32;4.66;4.66;4.66;4.63;4.66;4.63;4.63;4.63;0.0;0.0
170923;1474392;2026-02-13;FRC;F29;0.0;0.0;9;2257;256915632.72;4.78;4.78;4.74;4.74;4.74;4.74;4.74;4.74;0.0;0.0
170924;1474393;2026-02-13;FRC;F30;0.0;0.0;5;662;73445568.12;5.01;5.01;5.01;4.94;5.01;4.94;4.94;4.94;0.0;0.0
170925;1474394;2026-02-13;FRC;F31;0.0;0.0;1;36;3873506.96;5.25;5.25;5.25;5.25;5.25;5.25;5.25;5.18;5.18;0.0
170926;1474395;2026-02-13;FRC;G27;0.0;0.0;3;5974;293346178.54;4.66;4.66;4.65;4.64;4.65;4.64;4.64;4.64;0.0;0.0
170927;1474396;2026-02-13;FRC;J26;0.0;0.0;17;25249;1264014560.54;4.9;4.9;4.88;4.88;4.9;4.89;4.9;4.9;0.0;0.0
170928;1474397;2026-02-13;FRC;J27;0.0;0.0;10;7416;362844031.36;4.64;4.64;4.63;4.62;4.63;4.62;4.62;4.62;0.0;0.0
170929;1474398;2026-02-13;FRC;K26;0.0;0.0;9;11748;586800924.08;4.89;4.89;4.89;4.89;4.92;4.91;4.92;4.92;0.0;4.92
170930;1474399;2026-02-13;FRC;M26;0.0;0.0;13;8430;420297096.8;4.88;4.88;4.88;4.88;4.88;4.88;4.88;4.88;4.88;0.0
170931;1474400;2026-02-13;FRC;N26;0.0;0.0;16;14065;1696746000.0;4.84;4.84;4.84;4.84;4.84;4.84;4.84;4.84;0.0;0.0
170932;1474401;2026-02-13;FRC;N27;0.0;0.0;7;1940;94396842.4;4.64;4.64;4.6;4.6;4.6;4.6;4.6;4.6;4.61;4.62
170933;1474402;2026-02-13;FRC;N28;0.0;0.0;2;798;37947879.48;4.68;4.68;4.64;4.64;4.64;4.64;4.64;4.64;0.0;0.0
170934;1474403;2026-02-13;FRC;Q26;0.0;0.0;8;4772;236938226.82;4.82;4.82;4.84;4.84;4.84;4.84;4.84;4.84;0.0;0.0
170935;1474404;2026-02-13;FRC;Q27;0.0;0.0;6;424;20586506.84;4.65;4.65;4.6;4.6;4.6;4.6;4.6;4.6;0.0;0.0
170936;1474405;2026-02-13;FRC;U26;0.0;0.0;14;7808;386979074.68;4.79;4.79;4.8;4.8;4.8;4.8;4.8;4.8;0.0;0.0
170937;1474406;2026-02-13;FRC;V26;0.0;0.0;11;4181;206833024.06;4.76;4.76;4.75;4.75;4.77;4.76;4.77;4.77;0.0;0.0
170938;1474407;2026-02-13;FRC;V27;0.0;0.0;5;386;18674402.56;4.66;4.66;4.61;4.61;4.61;4.61;4.61;4.61;4.61;0.0
170939;1474408;2026-02-13;FRC;V28;0.0;0.0;4;1418;67027449.78;4.72;4.72;4.68;4.68;4.68;4.68;4.68;4.68;0.0;0.0
170940;1474409;2026-02-13;FRC;V29;0.0;0.0;6;629;28992386.84;4.92;4.92;4.87;4.87;4.87;4.87;4.87;4.87;0.0;0.0
170941;1474410;2026-02-13;FRC;X26;0.0;0.0;5;2204;108813531.84;4.72;4.72;4.72;4.72;4.72;4.72;4.72;4.72;0.0;0.0
170942;1474411;2026-02-13;FRC;Z26;0.0;0.0;8;5563;274192152.38;4.7;4.7;4.69;4.69;4.69;4.69;4.69;4.69;0.0;0.0
170943;1474412;2026-02-13;FRC;F32;0.0;0.0;0;0;0.0;5.54;5.54;0.0;0.0;0.0;0.0;0.0;5.47;0.0;0.0
170944;1474413;2026-02-13;FRC;F33;0.0;0.0;0;0;0.0;5.87;5.87;0.0;0.0;0.0;0.0;0.0;5.8;0.0;0.0
170945;1474414;2026-02-13;FRC;F34;0.0;0.0;0;0;0.0;6.16;6.16;0.0;0.0;0.0;0.0;0.0;6.09;0.0;0.0
170946;1474415;2026-02-13;FRC;F35;0.0;0.0;0;0;0.0;6.47;6.47;0.0;0.0;0.0;0.0;0.0;6.4;0.0;0.0
170947;1474416;2026-02-13;FRC;F36;0.0;0.0;0;0;0.0;6.75;6.75;0.0;0.0;0.0;0.0;0.0;6.68;0.0;0.0
170948;1474417;2026-02-13;FRC;F37;0.0;0.0;0;0;0.0;7.03;7.03;0.0;0.0;0.0;0.0;0.0;6.96;0.0;0.0
170949;1474418;2026-02-13;FRC;F38;0.0;0.0;0;0;0.0;7.32;7.32;0.0;0.0;0.0;0.0;0.0;7.25;0.0;0.0
170950;1474419;2026-02-13;FRC;F39;0.0;0.0;0;0;0.0;7.63;7.63;0.0;0.0;0.0;0.0;0.0;7.56;0.0;0.0
170951;1474420;2026-02-13;FRC;F40;0.0;0.0;0;0;0.0;7.93;7.93;0.0;0.0;0.0;0.0;0.0;7.86;0.0;0.0
170952;1474421;2026-02-13;FRC;F41;0.0;0.0;0;0;0.0;8.2;8.2;0.0;0.0;0.0;0.0;0.0;8.13;0.0;0.0
170953;1474422;2026-02-13;FRC;J28;0.0;0.0;0;0;0.0;4.66;4.66;0.0;0.0;0.0;0.0;0.0;4.63;0.0;0.0
170954;1474423;2026-02-13;FRC;J29;0.0;0.0;0;0;0.0;4.81;4.81;0.0;0.0;0.0;0.0;0.0;4.77;0.0;0.0
170955;1474424;2026-02-13;FRC;J30;0.0;0.0;0;0;0.0;5.06;5.06;0.0;0.0;0.0;0.0;0.0;4.99;0.0;0.0
170956;1474425;2026-02-13;FRC;J31;0.0;0.0;0;0;0.0;5.32;5.32;0.0;0.0;0.0;0.0;0.0;5.25;0.0;0.0
170957;1474426;2026-02-13;FRC;N29;0.0;0.0;0;0;0.0;4.88;4.88;0.0;0.0;0.0;0.0;0.0;4.83;0.0;0.0
170958;1474427;2026-02-13;FRC;N30;0.0;0.0;0;0;0.0;5.13;5.13;0.0;0.0;0.0;0.0;0.0;5.06;0.0;0.0
170959;1474428;2026-02-13;FRC;N31;0.0;0.0;0;0;0.0;5.41;5.41;0.0;0.0;0.0;0.0;0.0;5.34;0.0;0.0
170960;1474429;2026-02-13;FRC;V30;0.0;0.0;0;0;0.0;5.2;5.2;0.0;0.0;0.0;0.0;0.0;5.13;0.0;0.0
170961;1474430;2026-02-13;FRC;V31;0.0;0.0;0;0;0.0;5.49;5.49;0.0;0.0;0.0;0.0;0.0;5.42;0.0;0.0
170962;1474617;2026-02-18;FRC;F27;0.0;0.0;19;20651;2459486924.68;4.7;4.7;4.7;4.7;4.7;4.7;4.7;4.7;4.7;0.0
170963;1474618;2026-02-18;FRC;F28;0.0;0.0;1;58;6724430.24;4.63;4.63;4.68;4.68;4.68;4.68;4.68;4.64;0.0;0.0
170964;1474619;2026-02-18;FRC;F35;0.0;0.0;1;164;6377714.92;6.4;6.4;6.39;6.39;6.39;6.39;6.39;6.39;0.0;0.0
170965;1474620;2026-02-18;FRC;G27;0.0;0.0;8;4778;233762251.64;4.64;4.64;4.66;4.66;4.66;4.66;4.66;4.66;0.0;0.0
170966;1474621;2026-02-18;FRC;J26;0.0;0.0;18;41937;2091986515.26;4.9;4.9;4.88;4.87;4.88;4.87;4.88;4.88;4.87;4.88
170967;1474622;2026-02-18;FRC;J27;0.0;0.0;4;1952;95167344.56;4.62;4.62;4.62;4.62;4.62;4.62;4.62;4.62;0.0;0.0
170968;1474623;2026-02-18;FRC;K26;0.0;0.0;10;9760;485780874.8;4.92;4.92;4.89;4.89;4.89;4.89;4.89;4.89;0.0;0.0
170969;1474624;2026-02-18;FRC;M26;0.0;0.0;13;4771;237027042.38;4.88;4.88;4.86;4.86;4.86;4.86;4.86;4.86;4.86;0.0
170970;1474625;2026-02-18;FRC;N26;0.0;0.0;10;4999;602431743.02;4.84;4.84;4.83;4.83;4.83;4.83;4.83;4.83;0.0;0.0
170971;1474626;2026-02-18;FRC;Q26;0.0;0.0;6;5266;260531468.88;4.84;4.84;4.84;4.84;4.84;4.84;4.84;4.84;0.0;0.0
170972;1474627;2026-02-18;FRC;U26;0.0;0.0;12;19465;961242009.2;4.8;4.8;4.81;4.81;4.81;4.81;4.81;4.81;0.0;4.81
170973;1474628;2026-02-18;FRC;V26;0.0;0.0;10;5069;249859400.32;4.77;4.77;4.77;4.77;4.77;4.77;4.77;4.77;0.0;4.77
170974;1474629;2026-02-18;FRC;X26;0.0;0.0;1;20;984124.3;4.72;4.72;4.73;4.73;4.73;4.73;4.73;4.73;0.0;0.0
170975;1474630;2026-02-18;FRC;Z26;0.0;0.0;4;4913;241275570.14;4.69;4.69;4.7;4.7;4.7;4.7;4.7;4.7;0.0;0.0
170976;1474631;2026-02-18;FRC;F29;0.0;0.0;0;0;0.0;4.74;4.74;0.0;0.0;0.0;0.0;0.0;4.75;0.0;0.0
170977;1474632;2026-02-18;FRC;F30;0.0;0.0;0;0;0.0;4.94;4.94;0.0;0.0;0.0;0.0;0.0;4.94;0.0;0.0
170978;1474633;2026-02-18;FRC;F31;0.0;0.0;0;0;0.0;5.18;5.18;0.0;0.0;0.0;0.0;0.0;5.18;0.0;0.0
170979;1474634;2026-02-18;FRC;F32;0.0;0.0;0;0;0.0;5.47;5.47;0.0;0.0;0.0;0.0;0.0;5.47;0.0;0.0
170980;1474635;2026-02-18;FRC;F33;0.0;0.0;0;0;0.0;5.8;5.8;0.0;0.0;0.0;0.0;0.0;5.8;0.0;0.0
170981;1474636;2026-02-18;FRC;F34;0.0;0.0;0;0;0.0;6.09;6.09;0.0;0.0;0.0;0.0;0.0;6.08;0.0;0.0
170982;1474637;2026-02-18;FRC;F36;0.0;0.0;0;0;0.0;6.68;6.68;0.0;0.0;0.0;0.0;0.0;6.67;0.0;0.0
170983;1474638;2026-02-18;FRC;F37;0.0;0.0;0;0;0.0;6.96;6.96;0.0;0.0;0.0;0.0;0.0;6.95;0.0;0.0
170984;1474639;2026-02-18;FRC;F38;0.0;0.0;0;0;0.0;7.25;7.25;0.0;0.0;0.0;0.0;0.0;7.24;0.0;0.0
170985;1474640;2026-02-18;FRC;F39;0.0;0.0;0;0;0.0;7.56;7.56;0.0;0.0;0.0;0.0;0.0;7.55;0.0;0.0
170986;1474641;2026-02-18;FRC;F40;0.0;0.0;0;0;0.0;7.86;7.86;0.0;0.0;0.0;0.0;0.0;7.85;0.0;0.0
170987;1474642;2026-02-18;FRC;F41;0.0;0.0;0;0;0.0;8.13;8.13;0.0;0.0;0.0;0.0;0.0;8.12;0.0;0.0
170988;1474643;2026-02-18;FRC;J28;0.0;0.0;0;0;0.0;4.63;4.63;0.0;0.0;0.0;0.0;0.0;4.64;0.0;0.0
170989;1474644;2026-02-18;FRC;J29;0.0;0.0;0;0;0.0;4.77;4.77;0.0;0.0;0.0;0.0;0.0;4.78;0.0;0.0
170990;1474645;2026-02-18;FRC;J30;0.0;0.0;0;0;0.0;4.99;4.99;0.0;0.0;0.0;0.0;0.0;4.99;0.0;0.0
170991;1474646;2026-02-18;FRC;J31;0.0;0.0;0;0;0.0;5.25;5.25;0.0;0.0;0.0;0.0;0.0;5.25;0.0;0.0
170992;1474647;2026-02-18;FRC;N27;0.0;0.0;0;0;0.0;4.6;4.6;0.0;0.0;0.0;0.0;0.0;4.6;0.0;0.0
170993;1474648;2026-02-18;FRC;N28;0.0;0.0;0;0;0.0;4.64;4.64;0.0;0.0;0.0;0.0;0.0;4.65;0.0;0.0
170994;1474649;2026-02-18;FRC;N29;0.0;0.0;0;0;0.0;4.83;4.83;0.0;0.0;0.0;0.0;0.0;4.84;0.0;0.0
170995;1474650;2026-02-18;FRC;N30;0.0;0.0;0;0;0.0;5.06;5.06;0.0;0.0;0.0;0.0;0.0;5.06;0.0;0.0
170996;1474651;2026-02-18;FRC;N31;0.0;0.0;0;0;0.0;5.34;5.34;0.0;0.0;0.0;0.0;0.0;5.34;0.0;0.0
170997;1474652;2026-02-18;FRC;Q27;0.0;0.0;0;0;0.0;4.6;4.6;0.0;0.0;0.0;0.0;0.0;4.6;0.0;0.0
170998;1474653;2026-02-18;FRC;V27;0.0;0.0;0;0;0.0;4.61;4.61;0.0;0.0;0.0;0.0;0.0;4.62;0.0;0.0
170999;1474654;2026-02-18;FRC;V28;0.0;0.0;0;0;0.0;4.68;4.68;0.0;0.0;0.0;0.0;0.0;4.69;0.0;0.0
171000;1474655;2026-02-18;FRC;V29;0.0;0.0;0;0;0.0;4.87;4.87;0.0;0.0;0.0;0.0;0.0;4.88;0.0;0.0
171001;1474656;2026-02-18;FRC;V30;0.0;0.0;0;0;0.0;5.13;5.13;0.0;0.0;0.0;0.0;0.0;5.13;0.0;0.0
171002;1474657;2026-02-18;FRC;V31;0.0;0.0;0;0;0.0;5.42;5.42;0.0;0.0;0.0;0.0;0.0;5.42;0.0;0.0
171003;1474844;2026-02-19;FRC;F27;0.0;0.0;26;32225;3837240641.12;4.7;4.7;4.7;4.7;4.7;4.7;4.7;4.7;0.0;0.0
171004;1474845;2026-02-19;FRC;F28;0.0;0.0;13;3129;364412043.78;4.64;4.64;4.64;4.64;4.65;4.64;4.65;4.65;0.0;4.67
171005;1474846;2026-02-19;FRC;F29;0.0;0.0;4;1372;156017415.88;4.75;4.75;4.75;4.75;4.77;4.75;4.77;4.77;0.0;0.0
171006;1474847;2026-02-19;FRC;F30;0.0;0.0;2;276;30581271.78;4.94;4.94;4.94;4.94;4.94;4.94;4.94;4.94;4.94;0.0
171007;1474848;2026-02-19;FRC;F31;0.0;0.0;16;1782;191877516.76;5.18;5.18;5.18;5.18;5.19;5.18;5.19;5.19;5.19;5.21
171008;1474849;2026-02-19;FRC;F32;0.0;0.0;2;299;12850985.95;5.47;5.47;5.47;5.46;5.47;5.46;5.46;5.46;0.0;0.0
171009;1474850;2026-02-19;FRC;F33;0.0;0.0;1;17;706389.16;5.8;5.8;5.8;5.8;5.8;5.8;5.8;5.77;0.0;0.0
171010;1474851;2026-02-19;FRC;F34;0.0;0.0;1;101;4067213.61;6.08;6.08;6.04;6.04;6.04;6.04;6.04;6.04;0.0;0.0
171011;1474852;2026-02-19;FRC;F35;0.0;0.0;1;98;3805092.18;6.39;6.39;6.33;6.33;6.33;6.33;6.33;6.33;6.33;0.0
171012;1474853;2026-02-19;FRC;G27;0.0;0.0;7;1351;66103665.38;4.66;4.66;4.66;4.65;4.66;4.65;4.65;4.65;0.0;0.0
171013;1474854;2026-02-19;FRC;J26;0.0;0.0;182;432122;21549754733.61;4.88;4.88;4.88;4.85;4.88;4.86;4.87;4.87;4.85;4.87
171014;1474855;2026-02-19;FRC;J27;0.0;0.0;10;2888;140797962.74;4.62;4.62;4.62;4.62;4.64;4.63;4.64;4.64;0.0;0.0
171015;1474856;2026-02-19;FRC;J28;0.0;0.0;1;19;905110.62;4.64;4.64;4.64;4.64;4.64;4.64;4.64;4.65;4.63;4.67
171016;1474857;2026-02-19;FRC;J29;0.0;0.0;4;1477;68700542.16;4.78;4.78;4.78;4.78;4.78;4.78;4.78;4.78;0.0;0.0
171017;1474858;2026-02-19;FRC;K26;0.0;0.0;31;45990;2289042396.89;4.89;4.89;4.89;4.87;4.89;4.88;4.87;4.87;0.0;0.0
171018;1474859;2026-02-19;FRC;M26;0.0;0.0;19;28568;1418314486.34;4.86;4.86;4.85;4.85;4.85;4.85;4.85;4.85;4.85;0.0
171019;1474860;2026-02-19;FRC;N26;0.0;0.0;14;11010;1326962166.9;4.83;4.83;4.83;4.82;4.83;4.82;4.82;4.82;4.82;0.0
171020;1474861;2026-02-19;FRC;N27;0.0;0.0;10;3454;167466381.62;4.6;4.6;4.6;4.59;4.61;4.6;4.61;4.61;0.0;0.0
171021;1474862;2026-02-19;FRC;Q26;0.0;0.0;7;1010;49974727.9;4.84;4.84;4.82;4.82;4.82;4.82;4.82;4.82;0.0;0.0
171022;1474863;2026-02-19;FRC;Q27;0.0;0.0;1;58;2806477.64;4.6;4.6;4.6;4.6;4.6;4.6;4.6;4.61;0.0;0.0
171023;1474864;2026-02-19;FRC;U26;0.0;0.0;10;4941;243645008.89;4.81;4.81;4.8;4.8;4.81;4.8;4.81;4.8;0.0;0.0
171024;1474865;2026-02-19;FRC;V26;0.0;0.0;13;8423;415227378.51;4.77;4.77;4.76;4.75;4.76;4.75;4.75;4.75;0.0;0.0
171025;1474866;2026-02-19;FRC;V30;0.0;0.0;2;1230;54830635.9;5.13;5.13;5.13;5.12;5.13;5.12;5.12;5.14;0.0;5.14
171026;1474867;2026-02-19;FRC;X26;0.0;0.0;2;256;12594208.28;4.73;4.73;4.73;4.73;4.73;4.73;4.73;4.73;0.0;0.0
171027;1474868;2026-02-19;FRC;Z26;0.0;0.0;20;18517;909161051.22;4.7;4.7;4.7;4.68;4.7;4.69;4.69;4.69;0.0;0.0
171028;1474869;2026-02-19;FRC;F36;0.0;0.0;0;0;0.0;6.67;6.67;0.0;0.0;0.0;0.0;0.0;6.61;0.0;0.0
171029;1474870;2026-02-19;FRC;F37;0.0;0.0;0;0;0.0;6.95;6.95;0.0;0.0;0.0;0.0;0.0;6.89;0.0;0.0
171030;1474871;2026-02-19;FRC;F38;0.0;0.0;0;0;0.0;7.24;7.24;0.0;0.0;0.0;0.0;0.0;7.18;0.0;0.0
171031;1474872;2026-02-19;FRC;F39;0.0;0.0;0;0;0.0;7.55;7.55;0.0;0.0;0.0;0.0;0.0;7.49;0.0;0.0
171032;1474873;2026-02-19;FRC;F40;0.0;0.0;0;0;0.0;7.85;7.85;0.0;0.0;0.0;0.0;0.0;7.79;0.0;0.0
171033;1474874;2026-02-19;FRC;F41;0.0;0.0;0;0;0.0;8.12;8.12;0.0;0.0;0.0;0.0;0.0;8.06;0.0;0.0
171034;1474875;2026-02-19;FRC;J30;0.0;0.0;0;0;0.0;4.99;4.99;0.0;0.0;0.0;0.0;0.0;5.0;0.0;0.0
171035;1474876;2026-02-19;FRC;J31;0.0;0.0;0;0;0.0;5.25;5.25;0.0;0.0;0.0;0.0;0.0;5.26;0.0;0.0
171036;1474877;2026-02-19;FRC;N28;0.0;0.0;0;0;0.0;4.65;4.65;0.0;0.0;0.0;0.0;0.0;4.66;0.0;0.0
171037;1474878;2026-02-19;FRC;N29;0.0;0.0;0;0;0.0;4.84;4.84;0.0;0.0;0.0;0.0;0.0;4.84;0.0;0.0
171038;1474879;2026-02-19;FRC;N30;0.0;0.0;0;0;0.0;5.06;5.06;0.0;0.0;0.0;0.0;0.0;5.07;0.0;0.0
171039;1474880;2026-02-19;FRC;N31;0.0;0.0;0;0;0.0;5.34;5.34;0.0;0.0;0.0;0.0;0.0;5.34;0.0;0.0
171040;1474881;2026-02-19;FRC;V27;0.0;0.0;0;0;0.0;4.62;4.62;0.0;0.0;0.0;0.0;0.0;4.63;0.0;0.0
171041;1474882;2026-02-19;FRC;V28;0.0;0.0;0;0;0.0;4.69;4.69;0.0;0.0;0.0;0.0;0.0;4.71;0.0;0.0
171042;1474883;2026-02-19;FRC;V29;0.0;0.0;0;0;0.0;4.88;4.88;0.0;0.0;0.0;0.0;0.0;4.88;0.0;0.0
171043;1474884;2026-02-19;FRC;V31;0.0;0.0;0;0;0.0;5.42;5.42;0.0;0.0;0.0;0.0;0.0;5.42;0.0;0.0
171044;1475068;2026-02-20;FRC;F27;0.0;0.0;15;12198;1451474620.38;4.7;4.7;4.73;4.73;4.73;4.73;4.73;4.73;4.71;4.73
171045;1475069;2026-02-20;FRC;F28;0.0;0.0;12;6891;801755148.61;4.65;4.65;4.65;4.65;4.67;4.66;4.67;4.67;0.0;0.0
171046;1475070;2026-02-20;FRC;F29;0.0;0.0;14;4079;463320636.09;4.77;4.77;4.77;4.77;4.77;4.77;4.77;4.77;0.0;0.0
171047;1475071;2026-02-20;FRC;F30;0.0;0.0;8;773;85523802.33;4.94;4.94;4.96;4.96;4.96;4.96;4.96;4.96;0.0;0.0
171048;1475072;2026-02-20;FRC;F31;0.0;0.0;6;486;52292009.16;5.19;5.19;5.19;5.19;5.19;5.19;5.19;5.19;0.0;5.2
171049;1475073;2026-02-20;FRC;F32;0.0;0.0;1;53;2276840.73;5.46;5.46;5.49;5.49;5.49;5.49;5.49;5.47;0.0;0.0
171050;1475074;2026-02-20;FRC;F33;0.0;0.0;5;565;23478695.85;5.77;5.77;5.77;5.77;5.77;5.77;5.77;5.77;0.0;0.0
171051;1475075;2026-02-20;FRC;F34;0.0;0.0;1;50;2001281.3;6.04;6.04;6.04;6.04;6.04;6.04;6.04;6.04;6.04;0.0
171052;1475076;2026-02-20;FRC;F35;0.0;0.0;9;1196;46467295.76;6.33;6.33;6.34;6.34;6.34;6.34;6.34;6.34;0.0;0.0
171053;1475077;2026-02-20;FRC;F36;0.0;0.0;5;848;31767339.28;6.61;6.61;6.64;6.64;6.64;6.64;6.64;6.64;6.62;0.0
171054;1475078;2026-02-20;FRC;G27;0.0;0.0;12;3213;156816087.77;4.65;4.65;4.69;4.68;4.69;4.68;4.68;4.69;4.67;0.0
171055;1475079;2026-02-20;FRC;J26;0.0;0.0;150;339272;16889639991.62;4.87;4.87;4.87;4.85;4.9;4.87;4.89;4.89;4.89;4.92
171056;1475080;2026-02-20;FRC;J27;0.0;0.0;11;4919;239282416.59;4.64;4.64;4.65;4.65;4.66;4.65;4.66;4.66;0.0;0.0
171057;1475081;2026-02-20;FRC;J28;0.0;0.0;3;267;12692889.07;4.65;4.65;4.65;4.65;4.67;4.65;4.67;4.67;0.0;4.67
171058;1475082;2026-02-20;FRC;J29;0.0;0.0;8;1121;52006985.01;4.78;4.78;4.81;4.81;4.81;4.81;4.81;4.81;0.0;4.81
171059;1475083;2026-02-20;FRC;J30;0.0;0.0;1;37;1667700.45;5.0;5.0;5.02;5.02;5.02;5.02;5.02;5.02;0.0;5.02
171060;1475084;2026-02-20;FRC;J31;0.0;0.0;1;179;7865700.99;5.26;5.26;5.26;5.26;5.26;5.26;5.26;5.26;0.0;0.0
171061;1475085;2026-02-20;FRC;K26;0.0;0.0;44;46440;2306761876.4;4.87;4.87;4.86;4.86;4.87;4.86;4.87;4.87;4.87;4.89
171062;1475086;2026-02-20;FRC;M26;0.0;0.0;15;31371;1555360035.31;4.85;4.85;4.85;4.85;4.86;4.85;4.86;4.86;0.0;0.0
171063;1475087;2026-02-20;FRC;N26;0.0;0.0;18;40872;4921157595.16;4.82;4.82;4.81;4.81;4.83;4.82;4.83;4.83;4.83;0.0
171064;1475088;2026-02-20;FRC;N27;0.0;0.0;13;11086;536049371.36;4.61;4.61;4.61;4.61;4.64;4.63;4.64;4.64;0.0;0.0
171065;1475089;2026-02-20;FRC;N28;0.0;0.0;1;19;894726.75;4.66;4.66;4.67;4.67;4.67;4.67;4.67;4.67;0.0;0.0
171066;1475090;2026-02-20;FRC;N29;0.0;0.0;1;19;877527.19;4.84;4.84;4.85;4.85;4.85;4.85;4.85;4.87;0.0;0.0
171067;1475091;2026-02-20;FRC;N30;0.0;0.0;2;36;1607588.3;5.07;5.07;5.08;5.08;5.1;5.09;5.1;5.08;0.0;5.09
171068;1475092;2026-02-20;FRC;N31;0.0;0.0;1;35;1521223.75;5.34;5.34;5.38;5.38;5.38;5.38;5.38;5.34;0.0;0.0
171069;1475093;2026-02-20;FRC;Q26;0.0;0.0;11;5127;253134646.57;4.82;4.82;4.84;4.84;4.84;4.84;4.84;4.84;0.0;4.84
171070;1475094;2026-02-20;FRC;Q27;0.0;0.0;3;4456;214313940.78;4.61;4.61;4.63;4.63;4.64;4.63;4.64;4.64;4.63;0.0
171071;1475095;2026-02-20;FRC;U26;0.0;0.0;2;80;3935500.8;4.8;4.8;4.81;4.81;4.82;4.81;4.82;4.82;4.82;0.0
171072;1475096;2026-02-20;FRC;V26;0.0;0.0;7;10061;494922025.41;4.75;4.75;4.76;4.76;4.76;4.76;4.76;4.76;0.0;0.0
171073;1475097;2026-02-20;FRC;V27;0.0;0.0;9;6892;330395884.1;4.63;4.63;4.65;4.65;4.67;4.65;4.65;4.65;4.65;0.0
171074;1475098;2026-02-20;FRC;V28;0.0;0.0;1;19;892760.59;4.71;4.71;4.73;4.73;4.73;4.73;4.73;4.72;0.0;4.72
171075;1475099;2026-02-20;FRC;V31;0.0;0.0;1;177;7658406.37;5.42;5.42;5.42;5.42;5.42;5.42;5.42;5.42;0.0;0.0
171076;1475100;2026-02-20;FRC;Z26;0.0;0.0;6;4129;202351112.49;4.69;4.69;4.71;4.71;4.71;4.71;4.71;4.71;4.7;4.71
171077;1475101;2026-02-20;FRC;F37;0.0;0.0;0;0;0.0;6.89;6.89;0.0;0.0;0.0;0.0;0.0;6.92;0.0;0.0
171078;1475102;2026-02-20;FRC;F38;0.0;0.0;0;0;0.0;7.18;7.18;0.0;0.0;0.0;0.0;0.0;7.21;0.0;0.0
171079;1475103;2026-02-20;FRC;F39;0.0;0.0;0;0;0.0;7.49;7.49;0.0;0.0;0.0;0.0;0.0;7.52;0.0;0.0
171080;1475104;2026-02-20;FRC;F40;0.0;0.0;0;0;0.0;7.79;7.79;0.0;0.0;0.0;0.0;0.0;7.82;0.0;0.0
171081;1475105;2026-02-20;FRC;F41;0.0;0.0;0;0;0.0;8.06;8.06;0.0;0.0;0.0;0.0;0.0;8.09;0.0;0.0
171082;1475106;2026-02-20;FRC;V29;0.0;0.0;0;0;0.0;4.88;4.88;0.0;0.0;0.0;0.0;0.0;4.9;0.0;0.0
171083;1475107;2026-02-20;FRC;V30;0.0;0.0;0;0;0.0;5.14;5.14;0.0;0.0;0.0;0.0;0.0;5.15;0.0;0.0
171084;1475108;2026-02-20;FRC;X26;0.0;0.0;0;0;0.0;4.73;4.73;0.0;0.0;0.0;0.0;0.0;4.75;0.0;0.0
171085;1475292;2026-02-23;FRC;F27;0.0;0.0;23;15510;1844505463.4;4.73;4.73;4.76;4.72;4.76;4.72;4.72;4.73;0.0;0.0
171086;1475293;2026-02-23;FRC;F28;0.0;0.0;25;4608;535838648.4;4.67;4.67;4.65;4.64;4.65;4.64;4.64;4.64;0.0;0.0
171087;1475294;2026-02-23;FRC;F29;0.0;0.0;15;2839;322531456.05;4.77;4.77;4.72;4.72;4.72;4.72;4.72;4.72;0.0;0.0
171088;1475295;2026-02-23;FRC;F30;0.0;0.0;2;239;26481201.15;4.96;4.96;4.9;4.9;4.9;4.9;4.9;4.9;0.0;0.0
171089;1475296;2026-02-23;FRC;F31;0.0;0.0;2;306;32962739.9;5.19;5.19;5.13;5.13;5.13;5.13;5.13;5.13;0.0;0.0
171090;1475297;2026-02-23;FRC;F34;0.0;0.0;1;168;6760070.2;6.04;6.04;5.97;5.97;5.97;5.97;5.97;5.97;0.0;0.0
171091;1475298;2026-02-23;FRC;F35;0.0;0.0;5;4643;180524539.65;6.34;6.34;6.25;6.25;6.25;6.25;6.25;6.25;6.25;0.0
171092;1475299;2026-02-23;FRC;F37;0.0;0.0;5;313;11299730.95;6.92;6.92;6.86;6.86;6.86;6.86;6.86;6.86;0.0;0.0
171093;1475300;2026-02-23;FRC;G27;0.0;0.0;10;2605;126893794.95;4.69;4.69;4.69;4.68;4.69;4.68;4.68;4.68;0.0;0.0
171094;1475301;2026-02-23;FRC;J26;0.0;0.0;657;536319;26639722971.85;4.89;4.89;4.91;4.88;4.95;4.92;4.92;4.92;4.88;4.94
171095;1475302;2026-02-23;FRC;J27;0.0;0.0;7;2245;108967733.75;4.66;4.66;4.64;4.64;4.65;4.64;4.65;4.65;0.0;0.0
171096;1475303;2026-02-23;FRC;J28;0.0;0.0;3;229;10862995.15;4.67;4.67;4.65;4.65;4.65;4.65;4.65;4.65;0.0;4.65
171097;1475304;2026-02-23;FRC;J29;0.0;0.0;1;37;1712949.35;4.81;4.81;4.75;4.75;4.75;4.75;4.75;4.76;0.0;0.0
171098;1475305;2026-02-23;FRC;K26;0.0;0.0;26;25472;1262422209.3;4.87;4.87;4.89;4.89;4.9;4.89;4.9;4.9;0.0;4.91
171099;1475306;2026-02-23;FRC;M26;0.0;0.0;17;11809;584179530.95;4.86;4.86;4.87;4.86;4.88;4.87;4.87;4.87;0.0;4.89
171100;1475307;2026-02-23;FRC;N26;0.0;0.0;22;25474;3065478273.1;4.83;4.83;4.83;4.83;4.84;4.83;4.83;4.83;4.83;0.0
171101;1475308;2026-02-23;FRC;N27;0.0;0.0;4;310;14962972.6;4.64;4.64;4.64;4.62;4.64;4.62;4.62;4.62;0.0;0.0
171102;1475309;2026-02-23;FRC;N28;0.0;0.0;2;228;10754513.4;4.67;4.67;4.66;4.66;4.66;4.66;4.66;4.66;0.0;4.66
171103;1475310;2026-02-23;FRC;Q26;0.0;0.0;11;6138;302383042.7;4.84;4.84;4.84;4.84;4.84;4.84;4.84;4.84;0.0;0.0
171104;1475311;2026-02-23;FRC;Q27;0.0;0.0;12;2073;99865638.75;4.64;4.64;4.64;4.62;4.64;4.62;4.62;4.62;0.0;0.0
171105;1475312;2026-02-23;FRC;U26;0.0;0.0;14;9862;484958202.5;4.82;4.82;4.8;4.8;4.8;4.8;4.8;4.8;4.8;0.0
171106;1475313;2026-02-23;FRC;V26;0.0;0.0;12;6550;321498909.5;4.76;4.76;4.75;4.75;4.77;4.75;4.77;4.77;4.75;0.0
171107;1475314;2026-02-23;FRC;V27;0.0;0.0;5;424;20345818.6;4.65;4.65;4.65;4.64;4.65;4.64;4.64;4.64;0.0;0.0
171108;1475315;2026-02-23;FRC;V28;0.0;0.0;2;303;14209246.65;4.72;4.72;4.69;4.69;4.69;4.69;4.69;4.69;0.0;4.7
171109;1475316;2026-02-23;FRC;X26;0.0;0.0;10;6163;301863543.55;4.75;4.75;4.75;4.75;4.75;4.75;4.75;4.75;0.0;0.0
171110;1475317;2026-02-23;FRC;Z26;0.0;0.0;7;4010;196083494.3;4.71;4.71;4.71;4.71;4.71;4.71;4.71;4.71;4.7;4.71
171111;1475318;2026-02-23;FRC;F32;0.0;0.0;0;0;0.0;5.47;5.47;0.0;0.0;0.0;0.0;0.0;5.41;0.0;0.0
171112;1475319;2026-02-23;FRC;F33;0.0;0.0;0;0;0.0;5.77;5.77;0.0;0.0;0.0;0.0;0.0;5.7;0.0;0.0
171113;1475320;2026-02-23;FRC;F36;0.0;0.0;0;0;0.0;6.64;6.64;0.0;0.0;0.0;0.0;0.0;6.56;0.0;0.0
171114;1475321;2026-02-23;FRC;F38;0.0;0.0;0;0;0.0;7.21;7.21;0.0;0.0;0.0;0.0;0.0;7.15;0.0;0.0
171115;1475322;2026-02-23;FRC;F39;0.0;0.0;0;0;0.0;7.52;7.52;0.0;0.0;0.0;0.0;0.0;7.46;0.0;0.0
171116;1475323;2026-02-23;FRC;F40;0.0;0.0;0;0;0.0;7.82;7.82;0.0;0.0;0.0;0.0;0.0;7.76;0.0;0.0
171117;1475324;2026-02-23;FRC;F41;0.0;0.0;0;0;0.0;8.09;8.09;0.0;0.0;0.0;0.0;0.0;8.03;0.0;0.0
171118;1475325;2026-02-23;FRC;J30;0.0;0.0;0;0;0.0;5.02;5.02;0.0;0.0;0.0;0.0;0.0;4.95;0.0;0.0
171119;1475326;2026-02-23;FRC;J31;0.0;0.0;0;0;0.0;5.26;5.26;0.0;0.0;0.0;0.0;0.0;5.2;0.0;0.0
171120;1475327;2026-02-23;FRC;N29;0.0;0.0;0;0;0.0;4.87;4.87;0.0;0.0;0.0;0.0;0.0;4.82;0.0;0.0
171121;1475328;2026-02-23;FRC;N30;0.0;0.0;0;0;0.0;5.08;5.08;0.0;0.0;0.0;0.0;0.0;5.02;0.0;0.0
171122;1475329;2026-02-23;FRC;N31;0.0;0.0;0;0;0.0;5.34;5.34;0.0;0.0;0.0;0.0;0.0;5.28;0.0;0.0
171123;1475330;2026-02-23;FRC;V29;0.0;0.0;0;0;0.0;4.9;4.9;0.0;0.0;0.0;0.0;0.0;4.84;0.0;0.0
171124;1475331;2026-02-23;FRC;V30;0.0;0.0;0;0;0.0;5.15;5.15;0.0;0.0;0.0;0.0;0.0;5.09;0.0;0.0
171125;1475332;2026-02-23;FRC;V31;0.0;0.0;0;0;0.0;5.42;5.42;0.0;0.0;0.0;0.0;0.0;5.36;0.0;0.0
