;id;time_stamp;contract;maturity_code;open_interest_open;open_interest_close;number_of_trades;trading_volume;financial_volume;previous_settlement;indexed_settlement;opening_price;minimum_price;maximum_price;average_price;last_price;settlement_price;last_bid;last_offer
18048;484561;2015-01-02;DAP;K15;550;0;0;0;0.0;98956.03;98983.25;0.0;0.0;0.0;0.0;0.0;98977.34;0.0;0.0
18049;484562;2015-01-02;DAP;K17;1110;0;0;0;0.0;87527.21;87600.17;0.0;0.0;0.0;0.0;0.0;87594.94;0.0;0.0
18050;484563;2015-01-02;DAP;Q20;0;0;0;0;0.0;71601.23;71744.16;0.0;0.0;0.0;0.0;0.0;71739.88;0.0;0.0
18051;484564;2015-01-02;DAP;Q22;0;0;0;0;0.0;63954.83;63935.23;0.0;0.0;0.0;0.0;0.0;63931.41;0.0;0.0
18052;484565;2015-01-02;DAP;K24;0;0;0;0;0.0;57590.09;57664.31;0.0;0.0;0.0;0.0;0.0;57660.87;0.0;0.0
18053;484566;2015-01-05;DAP;K15;550;550;0;0;0.0;98983.24;99014.95;0.0;0.0;0.0;0.0;0.0;99009.04;0.0;0.0
18054;484567;2015-01-05;DAP;K17;1110;1110;0;0;0.0;87600.16;87755.67;0.0;0.0;0.0;0.0;0.0;87750.43;0.0;0.0
18055;484568;2015-01-05;DAP;Q20;0;0;0;0;0.0;71744.16;71988.2;0.0;0.0;0.0;0.0;0.0;71983.9;0.0;0.0
18056;484569;2015-01-05;DAP;Q22;0;0;0;0;0.0;63935.22;64087.38;0.0;0.0;0.0;0.0;0.0;64083.55;0.0;0.0
18057;484570;2015-01-05;DAP;K24;0;0;0;0;0.0;57664.31;58084.33;0.0;0.0;0.0;0.0;0.0;58080.86;0.0;0.0
18058;484571;2015-01-06;DAP;K15;550;550;0;0;0.0;99014.95;99012.57;0.0;0.0;0.0;0.0;0.0;99006.67;0.0;0.0
18059;484572;2015-01-06;DAP;K17;1110;1110;0;0;0.0;87755.67;87911.06;0.0;0.0;0.0;0.0;0.0;87905.82;0.0;0.0
18060;484573;2015-01-06;DAP;Q20;0;0;0;0;0.0;71988.2;72461.57;0.0;0.0;0.0;0.0;0.0;72457.25;0.0;0.0
18061;484574;2015-01-06;DAP;Q22;0;0;0;0;0.0;64087.38;64792.97;0.0;0.0;0.0;0.0;0.0;64789.11;0.0;0.0
18062;484575;2015-01-06;DAP;K24;0;0;0;0;0.0;58084.33;58558.77;0.0;0.0;0.0;0.0;0.0;58555.28;0.0;0.0
18063;484576;2015-01-07;DAP;K15;550;550;0;0;0.0;99012.57;99023.82;0.0;0.0;0.0;0.0;0.0;99017.91;0.0;0.0
18064;484577;2015-01-07;DAP;K17;1110;1110;0;0;0.0;87911.06;87930.31;0.0;0.0;0.0;0.0;0.0;87925.06;0.0;0.0
18065;484578;2015-01-07;DAP;Q20;0;0;0;0;0.0;72461.57;72363.76;0.0;0.0;0.0;0.0;0.0;72359.44;0.0;0.0
18066;484579;2015-01-07;DAP;Q22;0;0;0;0;0.0;64792.97;64715.17;0.0;0.0;0.0;0.0;0.0;64711.31;0.0;0.0
18067;484580;2015-01-07;DAP;K24;0;0;0;0;0.0;58558.77;58366.8;0.0;0.0;0.0;0.0;0.0;58363.32;0.0;0.0
18068;484581;2015-01-08;DAP;K15;550;550;0;0;0.0;99023.82;99043.06;0.0;0.0;0.0;0.0;0.0;99029.14;0.0;0.0
18069;484582;2015-01-08;DAP;K17;1110;1110;0;0;0.0;87930.31;87976.07;0.0;0.0;0.0;0.0;0.0;87963.7;0.0;0.0
18070;484583;2015-01-08;DAP;Q20;0;0;0;0;0.0;72363.76;72424.37;0.0;0.0;0.0;0.0;0.0;72414.19;0.0;0.0
18071;484584;2015-01-08;DAP;Q22;0;0;0;0;0.0;64715.17;64688.97;0.0;0.0;0.0;0.0;0.0;64679.88;0.0;0.0
18072;484585;2015-01-08;DAP;K24;0;0;0;0;0.0;58366.8;58487.49;0.0;0.0;0.0;0.0;0.0;58479.27;0.0;0.0
18073;484586;2015-01-09;DAP;K15;550;550;0;0;0.0;99043.06;99050.0;0.0;0.0;0.0;0.0;0.0;99043.62;0.0;0.0
18074;484587;2015-01-09;DAP;K17;1110;1110;0;0;0.0;87976.07;88163.12;0.0;0.0;0.0;0.0;0.0;88157.44;0.0;0.0
18075;484588;2015-01-09;DAP;Q20;0;0;0;0;0.0;72424.37;72855.88;0.0;0.0;0.0;0.0;0.0;72851.19;0.0;0.0
18076;484589;2015-01-09;DAP;Q22;0;0;0;0;0.0;64688.97;65255.58;0.0;0.0;0.0;0.0;0.0;65251.38;0.0;0.0
18077;484590;2015-01-09;DAP;K24;0;0;0;0;0.0;58487.49;58805.23;0.0;0.0;0.0;0.0;0.0;58801.44;0.0;0.0
18078;484591;2015-01-12;DAP;K15;550;550;0;0;0.0;99050.0;99070.82;0.0;0.0;0.0;0.0;0.0;99064.45;0.0;0.0
18079;484592;2015-01-12;DAP;K17;1110;1110;0;0;0.0;88163.12;88085.19;0.0;0.0;0.0;0.0;0.0;88079.53;0.0;0.0
18080;484593;2015-01-12;DAP;Q20;0;0;0;0;0.0;72855.88;72452.12;0.0;0.0;0.0;0.0;0.0;72447.46;0.0;0.0
18081;484594;2015-01-12;DAP;Q22;0;0;0;0;0.0;65255.58;64759.79;0.0;0.0;0.0;0.0;0.0;64755.63;0.0;0.0
18082;484595;2015-01-12;DAP;K24;0;0;0;0;0.0;58805.23;58356.12;0.0;0.0;0.0;0.0;0.0;58352.37;0.0;0.0
18083;484596;2015-01-13;DAP;K15;550;550;0;0;0.0;99070.82;99113.67;0.0;0.0;0.0;0.0;0.0;99107.28;0.0;0.0
18084;484597;2015-01-13;DAP;K17;1110;1110;0;0;0.0;88085.19;88472.72;0.0;0.0;0.0;0.0;0.0;88467.01;0.0;0.0
18085;484598;2015-01-13;DAP;Q20;0;0;0;0;0.0;72452.12;72812.2;0.0;0.0;0.0;0.0;0.0;72807.5;0.0;0.0
18086;484599;2015-01-13;DAP;Q22;0;0;0;0;0.0;64759.79;64913.31;0.0;0.0;0.0;0.0;0.0;64909.12;0.0;0.0
18087;484600;2015-01-13;DAP;K24;0;0;0;0;0.0;58356.12;58471.96;0.0;0.0;0.0;0.0;0.0;58468.19;0.0;0.0
18088;484601;2015-01-14;DAP;K15;550;550;0;0;0.0;99113.67;99155.77;0.0;0.0;0.0;0.0;0.0;99149.39;0.0;0.0
18089;484602;2015-01-14;DAP;K17;1110;1110;0;0;0.0;88472.72;88588.44;0.0;0.0;0.0;0.0;0.0;88582.74;0.0;0.0
18090;484603;2015-01-14;DAP;Q20;0;0;0;0;0.0;72812.2;72790.43;0.0;0.0;0.0;0.0;0.0;72785.75;0.0;0.0
18091;484604;2015-01-14;DAP;Q22;0;0;0;0;0.0;64913.31;65067.04;0.0;0.0;0.0;0.0;0.0;65062.86;0.0;0.0
18092;484605;2015-01-14;DAP;K24;0;0;0;0;0.0;58471.96;58382.98;0.0;0.0;0.0;0.0;0.0;58379.23;0.0;0.0
18093;484606;2015-01-15;DAP;K15;550;550;0;0;0.0;99155.77;99185.9;0.0;0.0;0.0;0.0;0.0;99193.9;0.0;0.0
18094;484607;2015-01-15;DAP;K17;1110;1110;0;0;0.0;88588.44;88769.01;0.0;0.0;0.0;0.0;0.0;88776.17;0.0;0.0
18095;484608;2015-01-15;DAP;Q20;0;0;0;0;0.0;72790.43;72949.35;0.0;0.0;0.0;0.0;0.0;72955.24;0.0;0.0
18096;484609;2015-01-15;DAP;Q22;0;0;0;0;0.0;65067.04;65258.09;0.0;0.0;0.0;0.0;0.0;65263.36;0.0;0.0
18097;484610;2015-01-15;DAP;K24;0;0;0;0;0.0;58382.98;58695.56;0.0;0.0;0.0;0.0;0.0;58700.3;0.0;0.0
18098;484611;2015-01-16;DAP;K15;550;550;0;0;0.0;99185.9;99192.7;0.0;0.0;0.0;0.0;0.0;99200.74;0.0;0.0
18099;484612;2015-01-16;DAP;K17;1110;1110;0;0;0.0;88769.01;88903.9;0.0;0.0;0.0;0.0;0.0;88911.1;0.0;0.0
18100;484613;2015-01-16;DAP;Q20;0;0;0;0;0.0;72949.35;73234.25;0.0;0.0;0.0;0.0;0.0;73240.18;0.0;0.0
18101;484614;2015-01-16;DAP;Q22;0;0;0;0;0.0;65258.09;65599.2;0.0;0.0;0.0;0.0;0.0;65604.51;0.0;0.0
18102;484615;2015-01-16;DAP;K24;0;0;0;0;0.0;58695.56;59070.0;0.0;0.0;0.0;0.0;0.0;59074.79;0.0;0.0
18103;484616;2015-01-19;DAP;K15;550;550;0;0;0.0;99192.7;99202.68;0.0;0.0;0.0;0.0;0.0;99210.69;0.0;0.0
18104;484617;2015-01-19;DAP;K17;1110;1110;0;0;0.0;88903.9;88805.33;0.0;0.0;0.0;0.0;0.0;88812.5;0.0;0.0
18105;484618;2015-01-19;DAP;Q20;0;0;0;0;0.0;73234.25;73173.78;0.0;0.0;0.0;0.0;0.0;73179.69;0.0;0.0
18106;484619;2015-01-19;DAP;Q22;0;0;0;0;0.0;65599.2;65380.45;0.0;0.0;0.0;0.0;0.0;65385.73;0.0;0.0
18107;484620;2015-01-19;DAP;K24;0;0;0;0;0.0;59070.0;58876.74;0.0;0.0;0.0;0.0;0.0;58881.49;0.0;0.0
18108;484621;2015-01-20;DAP;K15;550;550;0;0;0.0;99202.68;99329.68;0.0;0.0;0.0;0.0;0.0;99337.72;0.0;0.0
18109;484622;2015-01-20;DAP;K17;1110;1110;0;0;0.0;88805.33;89017.61;0.0;0.0;0.0;0.0;0.0;89024.81;0.0;0.0
18110;484623;2015-01-20;DAP;Q20;0;0;0;0;0.0;73173.78;73536.26;0.0;0.0;0.0;0.0;0.0;73542.21;0.0;0.0
18111;484624;2015-01-20;DAP;Q22;0;0;0;0;0.0;65380.45;65909.45;0.0;0.0;0.0;0.0;0.0;65914.78;0.0;0.0
18112;484625;2015-01-20;DAP;K24;0;0;0;0;0.0;58876.74;59512.13;0.0;0.0;0.0;0.0;0.0;59516.94;0.0;0.0
18113;484626;2015-01-21;DAP;K15;550;550;0;0;0.0;99329.68;99370.85;0.0;0.0;0.0;0.0;0.0;99378.89;0.0;0.0
18114;484627;2015-01-21;DAP;K17;1110;1110;0;0;0.0;89017.61;88977.27;0.0;0.0;0.0;0.0;0.0;88984.47;0.0;0.0
18115;484628;2015-01-21;DAP;Q20;0;0;0;0;0.0;73536.26;73629.58;0.0;0.0;0.0;0.0;0.0;73635.54;0.0;0.0
18116;484629;2015-01-21;DAP;Q22;0;0;0;0;0.0;65909.45;65923.92;0.0;0.0;0.0;0.0;0.0;65929.25;0.0;0.0
18117;484630;2015-01-21;DAP;K24;0;0;0;0;0.0;59512.13;59629.72;0.0;0.0;0.0;0.0;0.0;59634.54;0.0;0.0
18118;484631;2015-01-22;DAP;K15;550;550;0;0;0.0;99370.85;99389.57;0.0;0.0;0.0;0.0;0.0;99395.74;0.0;0.0
18119;484632;2015-01-22;DAP;K17;1110;1110;0;0;0.0;88977.27;88745.66;0.0;0.0;0.0;0.0;0.0;88751.17;0.0;0.0
18120;484633;2015-01-22;DAP;Q20;0;0;0;0;0.0;73629.58;73224.19;0.0;0.0;0.0;0.0;0.0;73228.74;0.0;0.0
18121;484634;2015-01-22;DAP;Q22;0;0;0;0;0.0;65923.92;65518.7;0.0;0.0;0.0;0.0;0.0;65522.77;0.0;0.0
18122;484635;2015-01-22;DAP;K24;0;0;0;0;0.0;59629.72;59227.89;0.0;0.0;0.0;0.0;0.0;59231.57;0.0;0.0
18123;484636;2015-01-23;DAP;K15;550;550;0;0;0.0;99389.57;99409.03;0.0;0.0;0.0;0.0;0.0;99415.27;0.0;0.0
18124;484637;2015-01-23;DAP;K17;1110;1110;0;0;0.0;88745.66;88706.21;0.0;0.0;0.0;0.0;0.0;88711.78;0.0;0.0
18125;484638;2015-01-23;DAP;Q20;0;0;0;0;0.0;73224.19;73509.16;0.0;0.0;0.0;0.0;0.0;73513.78;0.0;0.0
18126;484639;2015-01-23;DAP;Q22;0;0;0;0;0.0;65518.7;66001.01;0.0;0.0;0.0;0.0;0.0;66005.16;0.0;0.0
18127;484640;2015-01-23;DAP;K24;0;0;0;0;0.0;59227.89;59814.07;0.0;0.0;0.0;0.0;0.0;59817.83;0.0;0.0
18128;484641;2015-01-26;DAP;K15;550;550;0;0;0.0;99409.03;99416.81;0.0;0.0;0.0;0.0;0.0;99423.04;0.0;0.0
18129;484642;2015-01-26;DAP;K17;1110;1110;0;0;0.0;88706.21;88532.85;0.0;0.0;0.0;0.0;0.0;88538.4;0.0;0.0
18130;484643;2015-01-26;DAP;Q20;0;0;0;0;0.0;73509.16;73256.87;0.0;0.0;0.0;0.0;0.0;73261.46;0.0;0.0
18131;484644;2015-01-26;DAP;Q22;0;0;0;0;0.0;66001.01;65641.1;0.0;0.0;0.0;0.0;0.0;65645.22;0.0;0.0
18132;484645;2015-01-26;DAP;K24;0;0;0;0;0.0;59814.07;59358.15;0.0;0.0;0.0;0.0;0.0;59361.87;0.0;0.0
18133;484646;2015-01-27;DAP;K15;550;550;0;0;0.0;99416.81;99393.54;0.0;0.0;0.0;0.0;0.0;99399.77;0.0;0.0
18134;484647;2015-01-27;DAP;K17;1110;1110;0;0;0.0;88532.85;88589.85;0.0;0.0;0.0;0.0;0.0;88595.4;0.0;0.0
18135;484648;2015-01-27;DAP;Q20;0;0;0;0;0.0;73256.87;73196.76;0.0;0.0;0.0;0.0;0.0;73201.35;0.0;0.0
18136;484649;2015-01-27;DAP;Q22;0;0;0;0;0.0;65641.1;65562.5;0.0;0.0;0.0;0.0;0.0;65566.61;0.0;0.0
18137;484650;2015-01-27;DAP;K24;0;0;0;0;0.0;59358.15;59216.0;0.0;0.0;0.0;0.0;0.0;59219.71;0.0;0.0
18138;484651;2015-01-28;DAP;K15;550;550;0;0;0.0;99393.54;99404.52;0.0;0.0;0.0;0.0;0.0;99410.75;0.0;0.0
18139;484652;2015-01-28;DAP;K17;1110;1110;0;0;0.0;88589.85;88494.02;0.0;0.0;0.0;0.0;0.0;88499.57;0.0;0.0
18140;484653;2015-01-28;DAP;Q20;0;0;0;0;0.0;73196.76;73098.7;0.0;0.0;0.0;0.0;0.0;73103.28;0.0;0.0
18141;484654;2015-01-28;DAP;Q22;0;0;0;0;0.0;65562.5;65484.11;0.0;0.0;0.0;0.0;0.0;65488.22;0.0;0.0
18142;484655;2015-01-28;DAP;K24;0;0;0;0;0.0;59216.0;59177.62;0.0;0.0;0.0;0.0;0.0;59181.33;0.0;0.0
18143;484656;2015-01-29;DAP;K15;550;550;0;0;0.0;99404.52;99404.46;0.0;0.0;0.0;0.0;0.0;99410.69;0.0;0.0
18144;484657;2015-01-29;DAP;K17;1110;1110;0;0;0.0;88494.02;88570.04;0.0;0.0;0.0;0.0;0.0;88575.59;0.0;0.0
18145;484658;2015-01-29;DAP;Q20;0;0;0;0;0.0;73098.7;73497.37;0.0;0.0;0.0;0.0;0.0;73501.98;0.0;0.0
18146;484659;2015-01-29;DAP;Q22;0;0;0;0;0.0;65484.11;65778.17;0.0;0.0;0.0;0.0;0.0;65782.29;0.0;0.0
18147;484660;2015-01-29;DAP;K24;0;0;0;0;0.0;59177.62;59398.01;0.0;0.0;0.0;0.0;0.0;59401.73;0.0;0.0
18148;484661;2015-01-30;DAP;K15;550;550;0;0;0.0;99404.46;99415.42;0.0;0.0;0.0;0.0;0.0;99421.67;0.0;0.0
18149;484662;2015-01-30;DAP;K17;1110;1110;0;0;0.0;88570.04;88550.76;0.0;0.0;0.0;0.0;0.0;88556.33;0.0;0.0
18150;484663;2015-01-30;DAP;Q20;0;0;0;0;0.0;73497.37;73398.78;0.0;0.0;0.0;0.0;0.0;73403.4;0.0;0.0
18151;484664;2015-01-30;DAP;Q22;0;0;0;0;0.0;65778.17;65652.9;0.0;0.0;0.0;0.0;0.0;65657.03;0.0;0.0
18152;484665;2015-01-30;DAP;K24;0;0;0;0;0.0;59398.01;59152.64;0.0;0.0;0.0;0.0;0.0;59156.36;0.0;0.0
18153;484666;2015-02-02;DAP;K15;550;550;0;0;0.0;99415.42;99466.38;0.0;0.0;0.0;0.0;0.0;99472.61;0.0;0.0
18154;484667;2015-02-02;DAP;K17;1110;1110;0;0;0.0;88550.76;88474.77;0.0;0.0;0.0;0.0;0.0;88480.31;0.0;0.0
18155;484668;2015-02-02;DAP;Q20;0;0;0;0;0.0;73398.78;73110.05;0.0;0.0;0.0;0.0;0.0;73114.63;0.0;0.0
18156;484669;2015-02-02;DAP;Q22;0;0;0;0;0.0;65652.9;65296.41;0.0;0.0;0.0;0.0;0.0;65300.5;0.0;0.0
18157;484670;2015-02-02;DAP;K24;0;0;0;0;0.0;59152.64;58652.56;0.0;0.0;0.0;0.0;0.0;58656.23;0.0;0.0
18158;484671;2015-02-03;DAP;K15;550;550;0;0;0.0;99466.38;99495.11;0.0;0.0;0.0;0.0;0.0;99501.3;0.0;0.0
18159;484672;2015-02-03;DAP;K17;1110;1110;0;0;0.0;88474.77;88664.4;0.0;0.0;0.0;0.0;0.0;88669.92;0.0;0.0
18160;484673;2015-02-03;DAP;Q20;0;0;0;0;0.0;73110.05;73164.62;0.0;0.0;0.0;0.0;0.0;73169.17;0.0;0.0
18161;484674;2015-02-03;DAP;Q22;0;0;0;0;0.0;65296.41;65357.41;0.0;0.0;0.0;0.0;0.0;65361.48;0.0;0.0
18162;484675;2015-02-03;DAP;K24;0;0;0;0;0.0;58652.56;58870.78;0.0;0.0;0.0;0.0;0.0;58874.44;0.0;0.0
18163;484676;2015-02-04;DAP;K15;550;550;0;0;0.0;99495.11;99520.6;0.0;0.0;0.0;0.0;0.0;99526.81;0.0;0.0
18164;484677;2015-02-04;DAP;K17;1110;1110;0;0;0.0;88664.4;88683.13;0.0;0.0;0.0;0.0;0.0;88688.66;0.0;0.0
18165;484678;2015-02-04;DAP;Q20;0;0;0;0;0.0;73164.62;72877.6;0.0;0.0;0.0;0.0;0.0;72882.15;0.0;0.0
18166;484679;2015-02-04;DAP;Q22;0;0;0;0;0.0;65357.41;65049.28;0.0;0.0;0.0;0.0;0.0;65053.34;0.0;0.0
18167;484680;2015-02-04;DAP;K24;0;0;0;0;0.0;58870.78;58628.43;0.0;0.0;0.0;0.0;0.0;58632.09;0.0;0.0
18168;484681;2015-02-05;DAP;K15;550;550;0;0;0.0;99520.6;99474.1;0.0;0.0;0.0;0.0;0.0;99551.79;0.0;0.0
18169;484682;2015-02-05;DAP;K17;1110;1110;0;0;0.0;88683.13;88676.0;0.0;0.0;0.0;0.0;0.0;88745.26;0.0;0.0
18170;484683;2015-02-05;DAP;Q20;0;0;0;0;0.0;72877.6;72728.61;0.0;0.0;0.0;0.0;0.0;72785.41;0.0;0.0
18171;484684;2015-02-05;DAP;Q22;0;0;0;0;0.0;65049.28;64833.9;0.0;0.0;0.0;0.0;0.0;64884.54;0.0;0.0
18172;484685;2015-02-05;DAP;K24;0;0;0;0;0.0;58628.43;58193.52;0.0;0.0;0.0;0.0;0.0;58238.97;0.0;0.0
18173;484686;2015-02-06;DAP;K15;550;550;0;0;0.0;99474.1;99649.09;0.0;0.0;0.0;0.0;0.0;99659.79;0.0;0.0
18174;484687;2015-02-06;DAP;K17;1110;1110;0;0;0.0;88676.0;88811.16;0.0;0.0;0.0;0.0;0.0;88820.7;0.0;0.0
18175;484688;2015-02-06;DAP;Q20;0;0;0;0;0.0;72728.61;72605.9;0.0;0.0;0.0;0.0;0.0;72613.7;0.0;0.0
18176;484689;2015-02-06;DAP;Q22;0;0;0;0;0.0;64833.9;64618.22;0.0;0.0;0.0;0.0;0.0;64625.16;0.0;0.0
18177;484690;2015-02-06;DAP;K24;0;0;0;0;0.0;58193.52;57792.72;0.0;0.0;0.0;0.0;0.0;57798.93;0.0;0.0
18178;484691;2015-02-09;DAP;K15;550;550;0;0;0.0;99649.09;99634.37;0.0;0.0;0.0;0.0;0.0;99645.04;0.0;0.0
18179;484692;2015-02-09;DAP;K17;1110;1110;0;0;0.0;88811.16;88810.9;0.0;0.0;0.0;0.0;0.0;88820.41;0.0;0.0
18180;484693;2015-02-09;DAP;Q20;0;0;0;0;0.0;72605.9;72360.08;0.0;0.0;0.0;0.0;0.0;72367.83;0.0;0.0
18181;484694;2015-02-09;DAP;Q22;0;0;0;0;0.0;64618.22;64360.38;0.0;0.0;0.0;0.0;0.0;64367.27;0.0;0.0
18182;484695;2015-02-09;DAP;K24;0;0;0;0;0.0;57792.72;57556.16;0.0;0.0;0.0;0.0;0.0;57562.32;0.0;0.0
18183;484696;2015-02-10;DAP;K15;550;550;0;0;0.0;99634.37;99634.97;0.0;0.0;0.0;0.0;0.0;99645.66;0.0;0.0
18184;484697;2015-02-10;DAP;K17;1110;1110;0;0;0.0;88810.9;88584.86;0.0;0.0;0.0;0.0;0.0;88594.37;0.0;0.0
18185;484698;2015-02-10;DAP;Q20;0;0;0;0;0.0;72360.08;72003.91;0.0;0.0;0.0;0.0;0.0;72011.64;0.0;0.0
18186;484699;2015-02-10;DAP;Q22;0;0;0;0;0.0;64360.38;64013.77;0.0;0.0;0.0;0.0;0.0;64020.64;0.0;0.0
18187;484700;2015-02-10;DAP;K24;0;0;0;0;0.0;57556.16;57569.84;0.0;0.0;0.0;0.0;0.0;57576.02;0.0;0.0
18188;484701;2015-02-11;DAP;K15;550;550;0;0;0.0;99634.97;99628.51;0.0;0.0;0.0;0.0;0.0;99639.19;0.0;0.0
18189;484702;2015-02-11;DAP;K17;1110;1110;0;0;0.0;88584.86;88006.74;0.0;0.0;0.0;0.0;0.0;88016.18;0.0;0.0
18190;484703;2015-02-11;DAP;Q20;0;0;0;0;0.0;72003.91;71576.57;0.0;0.0;0.0;0.0;0.0;71584.24;0.0;0.0
18191;484704;2015-02-11;DAP;Q22;0;0;0;0;0.0;64013.77;63268.29;0.0;0.0;0.0;0.0;0.0;63275.07;0.0;0.0
18192;484705;2015-02-11;DAP;K24;0;0;0;0;0.0;57569.84;56643.93;0.0;0.0;0.0;0.0;0.0;56650.0;0.0;0.0
18193;484706;2015-02-12;DAP;K15;550;550;0;0;0.0;99628.51;99641.45;0.0;0.0;0.0;0.0;0.0;99652.13;0.0;0.0
18194;484707;2015-02-12;DAP;K17;1110;1110;0;0;0.0;88006.74;88305.45;0.0;0.0;0.0;0.0;0.0;88314.92;0.0;0.0
18195;484708;2015-02-12;DAP;Q20;0;0;0;0;0.0;71576.57;71852.65;0.0;0.0;0.0;0.0;0.0;71860.35;0.0;0.0
18196;484709;2015-02-12;DAP;Q22;0;0;0;0;0.0;63268.29;63819.38;0.0;0.0;0.0;0.0;0.0;63826.22;0.0;0.0
18197;484710;2015-02-12;DAP;K24;0;0;0;0;0.0;56643.93;57497.56;0.0;0.0;0.0;0.0;0.0;57503.72;0.0;0.0
18198;484711;2015-02-13;DAP;K15;550;550;0;0;0.0;99641.45;99668.19;0.0;0.0;0.0;0.0;0.0;99678.89;0.0;0.0
18199;484712;2015-02-13;DAP;K17;1110;1110;0;0;0.0;88305.45;88232.06;0.0;0.0;0.0;0.0;0.0;88241.53;0.0;0.0
18200;484713;2015-02-13;DAP;Q20;0;0;0;0;0.0;71852.65;71943.94;0.0;0.0;0.0;0.0;0.0;71951.66;0.0;0.0
18201;484714;2015-02-13;DAP;Q22;0;0;0;0;0.0;63819.38;63834.61;0.0;0.0;0.0;0.0;0.0;63841.46;0.0;0.0
18202;484715;2015-02-13;DAP;K24;0;0;0;0;0.0;57497.56;57312.49;0.0;0.0;0.0;0.0;0.0;57318.64;0.0;0.0
18203;484716;2015-02-18;DAP;K15;550;550;0;0;0.0;99668.19;99684.14;0.0;0.0;0.0;0.0;0.0;99695.75;0.0;0.0
18204;484717;2015-02-18;DAP;K17;1110;1110;0;0;0.0;88232.06;88195.33;0.0;0.0;0.0;0.0;0.0;88205.61;0.0;0.0
18205;484718;2015-02-18;DAP;Q20;0;0;0;0;0.0;71943.94;71664.76;0.0;0.0;0.0;0.0;0.0;71673.11;0.0;0.0
18206;484719;2015-02-18;DAP;Q22;0;0;0;0;0.0;63834.61;63580.93;0.0;0.0;0.0;0.0;0.0;63588.34;0.0;0.0
18207;484720;2015-02-18;DAP;K24;0;0;0;0;0.0;57312.49;57078.37;0.0;0.0;0.0;0.0;0.0;57085.02;0.0;0.0
18208;484721;2015-02-19;DAP;K15;550;550;0;0;0.0;99684.14;99680.26;0.0;0.0;0.0;0.0;0.0;99691.84;0.0;0.0
18209;484722;2015-02-19;DAP;K17;1110;1110;0;0;0.0;88195.33;88233.62;0.0;0.0;0.0;0.0;0.0;88243.87;0.0;0.0
18210;484723;2015-02-19;DAP;Q20;0;0;0;0;0.0;71664.76;71792.77;0.0;0.0;0.0;0.0;0.0;71801.11;0.0;0.0
18211;484724;2015-02-19;DAP;Q22;0;0;0;0;0.0;63580.93;63730.23;0.0;0.0;0.0;0.0;0.0;63737.64;0.0;0.0
18212;484725;2015-02-19;DAP;K24;0;0;0;0;0.0;57078.37;57240.45;0.0;0.0;0.0;0.0;0.0;57247.1;0.0;0.0
18213;484726;2015-02-20;DAP;K15;550;550;0;0;0.0;99680.26;99683.3;0.0;0.0;0.0;0.0;0.0;99694.92;0.0;0.0
18214;484727;2015-02-20;DAP;K17;1110;1110;0;0;0.0;88233.62;88087.32;0.0;0.0;0.0;0.0;0.0;88097.59;0.0;0.0
18215;484728;2015-02-20;DAP;Q20;0;0;0;0;0.0;71792.77;71625.77;0.0;0.0;0.0;0.0;0.0;71634.12;0.0;0.0
18216;484729;2015-02-20;DAP;Q22;0;0;0;0;0.0;63730.23;63477.96;0.0;0.0;0.0;0.0;0.0;63485.36;0.0;0.0
18217;484730;2015-02-20;DAP;K24;0;0;0;0;0.0;57240.45;57007.43;0.0;0.0;0.0;0.0;0.0;57014.08;0.0;0.0
18218;484731;2015-02-23;DAP;K15;550;550;0;0;0.0;99683.3;99690.85;0.0;0.0;0.0;0.0;0.0;99702.45;0.0;0.0
18219;484732;2015-02-23;DAP;K17;1110;1110;0;0;0.0;88087.32;88125.75;0.0;0.0;0.0;0.0;0.0;88136.0;0.0;0.0
18220;484733;2015-02-23;DAP;Q20;0;0;0;0;0.0;71625.77;71716.75;0.0;0.0;0.0;0.0;0.0;71725.09;0.0;0.0
18221;484734;2015-02-23;DAP;Q22;0;0;0;0;0.0;63477.96;63582.36;0.0;0.0;0.0;0.0;0.0;63589.76;0.0;0.0
18222;484735;2015-02-23;DAP;K24;0;0;0;0;0.0;57007.43;57021.29;0.0;0.0;0.0;0.0;0.0;57027.92;0.0;0.0
18223;484736;2015-02-24;DAP;K15;550;550;0;0;0.0;99690.85;99685.42;0.0;0.0;0.0;0.0;0.0;99697.02;0.0;0.0
18224;484737;2015-02-24;DAP;K17;1110;1110;0;0;0.0;88125.75;88292.84;0.0;0.0;0.0;0.0;0.0;88303.12;0.0;0.0
18225;484738;2015-02-24;DAP;Q20;0;0;0;0;0.0;71716.75;71955.29;0.0;0.0;0.0;0.0;0.0;71963.67;0.0;0.0
18226;484739;2015-02-24;DAP;Q22;0;0;0;0;0.0;63582.36;63865.51;0.0;0.0;0.0;0.0;0.0;63872.94;0.0;0.0
18227;484740;2015-02-24;DAP;K24;0;0;0;0;0.0;57021.29;57232.4;0.0;0.0;0.0;0.0;0.0;57239.06;0.0;0.0
18228;484741;2015-02-25;DAP;K15;550;550;0;0;0.0;99685.42;99699.35;0.0;0.0;0.0;0.0;0.0;99710.95;0.0;0.0
18229;484742;2015-02-25;DAP;K17;1110;1110;0;0;0.0;88292.84;88202.41;0.0;0.0;0.0;0.0;0.0;88212.67;0.0;0.0
18230;484743;2015-02-25;DAP;Q20;0;0;0;0;0.0;71955.29;71825.04;0.0;0.0;0.0;0.0;0.0;71833.39;0.0;0.0
18231;484744;2015-02-25;DAP;Q22;0;0;0;0;0.0;63865.51;63702.15;0.0;0.0;0.0;0.0;0.0;63709.56;0.0;0.0
18232;484745;2015-02-25;DAP;K24;0;0;0;0;0.0;57232.4;57147.5;0.0;0.0;0.0;0.0;0.0;57154.15;0.0;0.0
18233;484746;2015-02-26;DAP;K15;550;550;0;0;0.0;99699.35;99750.26;0.0;0.0;0.0;0.0;0.0;99761.88;0.0;0.0
18234;484747;2015-02-26;DAP;K17;1110;1110;0;0;0.0;88202.41;88222.32;0.0;0.0;0.0;0.0;0.0;88232.6;0.0;0.0
18235;484748;2015-02-26;DAP;Q20;0;0;0;0;0.0;71825.04;71952.87;0.0;0.0;0.0;0.0;0.0;71961.25;0.0;0.0
18236;484749;2015-02-26;DAP;Q22;0;0;0;0;0.0;63702.15;63940.77;0.0;0.0;0.0;0.0;0.0;63948.22;0.0;0.0
18237;484750;2015-02-26;DAP;K24;0;0;0;0;0.0;57147.5;57309.43;0.0;0.0;0.0;0.0;0.0;57316.11;0.0;0.0
18238;484751;2015-02-27;DAP;K15;550;550;0;0;0.0;99750.26;99766.97;0.0;0.0;0.0;0.0;0.0;99778.58;0.0;0.0
18239;484752;2015-02-27;DAP;K17;1110;1110;0;0;0.0;88222.32;88590.83;0.0;0.0;0.0;0.0;0.0;88601.14;0.0;0.0
18240;484753;2015-02-27;DAP;Q20;0;0;0;0;0.0;71952.87;72973.51;0.0;0.0;0.0;0.0;0.0;72982.01;0.0;0.0
18241;484754;2015-02-27;DAP;Q22;0;0;0;0;0.0;63940.77;65085.63;0.0;0.0;0.0;0.0;0.0;65093.21;0.0;0.0
18242;484755;2015-02-27;DAP;K24;0;0;0;0;0.0;57309.43;58624.54;0.0;0.0;0.0;0.0;0.0;58631.36;0.0;0.0
18243;484756;2015-03-02;DAP;J15;0;0;0;0;0.0;0.0;99887.97;0.0;0.0;0.0;0.0;0.0;99899.59;0.0;0.0
18244;484757;2015-03-02;DAP;K15;550;550;0;0;0.0;99766.97;99813.23;0.0;0.0;0.0;0.0;0.0;99824.84;0.0;0.0
18245;484758;2015-03-02;DAP;M15;0;0;0;0;0.0;0.0;99739.07;0.0;0.0;0.0;0.0;0.0;99750.67;0.0;0.0
18246;484759;2015-03-02;DAP;Q16;0;0;0;0;0.0;0.0;92101.72;0.0;0.0;0.0;0.0;0.0;92112.43;0.0;0.0
18247;484760;2015-03-02;DAP;K17;1110;1110;0;0;0.0;88590.83;88665.36;0.0;0.0;0.0;0.0;0.0;88675.67;0.0;0.0
18248;484761;2015-03-02;DAP;Q18;0;0;0;0;0.0;0.0;81878.0;0.0;0.0;0.0;0.0;0.0;81887.52;0.0;0.0
18249;484762;2015-03-02;DAP;K19;0;0;0;0;0.0;0.0;78398.46;0.0;0.0;0.0;0.0;0.0;78407.58;0.0;0.0
18250;484763;2015-03-02;DAP;Q20;0;0;0;0;0.0;72973.51;72654.17;0.0;0.0;0.0;0.0;0.0;72662.62;0.0;0.0
18251;484764;2015-03-02;DAP;Q22;0;0;0;0;0.0;65085.63;64646.18;0.0;0.0;0.0;0.0;0.0;64653.7;0.0;0.0
18252;484765;2015-03-02;DAP;K24;0;0;0;0;0.0;58624.54;58083.71;0.0;0.0;0.0;0.0;0.0;58090.47;0.0;0.0
18253;484766;2015-03-03;DAP;J15;0;0;0;0;0.0;99887.97;99913.62;0.0;0.0;0.0;0.0;0.0;99925.26;0.0;0.0
18254;484767;2015-03-03;DAP;K15;550;550;0;0;0.0;99813.23;99854.0;0.0;0.0;0.0;0.0;0.0;99865.63;0.0;0.0
18255;484768;2015-03-03;DAP;M15;0;0;0;0;0.0;99739.07;99794.79;0.0;0.0;0.0;0.0;0.0;99806.42;0.0;0.0
18256;484769;2015-03-03;DAP;Q16;0;0;0;0;0.0;92101.72;92109.77;0.0;0.0;0.0;0.0;0.0;92120.5;0.0;0.0
18257;484770;2015-03-03;DAP;K17;1110;1110;0;0;0.0;88665.36;88666.29;0.0;0.0;0.0;0.0;0.0;88676.62;0.0;0.0
18258;484771;2015-03-03;DAP;Q18;0;0;0;0;0.0;81878.0;81923.41;0.0;0.0;0.0;0.0;0.0;81932.96;0.0;0.0
18259;484772;2015-03-03;DAP;K19;0;0;0;0;0.0;78398.46;78478.32;0.0;0.0;0.0;0.0;0.0;78487.46;0.0;0.0
18260;484773;2015-03-03;DAP;Q20;0;0;0;0;0.0;72654.17;72782.87;0.0;0.0;0.0;0.0;0.0;72791.35;0.0;0.0
18261;484774;2015-03-03;DAP;Q22;0;0;0;0;0.0;64646.18;64435.46;0.0;0.0;0.0;0.0;0.0;64442.97;0.0;0.0
18262;484775;2015-03-03;DAP;K24;0;0;0;0;0.0;58083.71;57997.22;0.0;0.0;0.0;0.0;0.0;58003.98;0.0;0.0
18263;484776;2015-03-04;DAP;J15;0;0;0;0;0.0;99913.62;99922.98;0.0;0.0;0.0;0.0;0.0;99934.61;0.0;0.0
18264;484777;2015-03-04;DAP;K15;550;550;0;0;0.0;99854.0;99868.26;0.0;0.0;0.0;0.0;0.0;99879.89;0.0;0.0
18265;484778;2015-03-04;DAP;M15;0;0;0;0;0.0;99794.79;99813.85;0.0;0.0;0.0;0.0;0.0;99825.47;0.0;0.0
18266;484779;2015-03-04;DAP;Q16;0;0;0;0;0.0;92109.77;92143.07;0.0;0.0;0.0;0.0;0.0;92153.8;0.0;0.0
18267;484780;2015-03-04;DAP;K17;1110;1110;0;0;0.0;88666.29;88612.4;0.0;0.0;0.0;0.0;0.0;88622.72;0.0;0.0
18268;484781;2015-03-04;DAP;Q18;0;0;0;0;0.0;81923.41;81650.98;0.0;0.0;0.0;0.0;0.0;81660.49;0.0;0.0
18269;484782;2015-03-04;DAP;K19;0;0;0;0;0.0;78478.32;78096.48;0.0;0.0;0.0;0.0;0.0;78105.57;0.0;0.0
18270;484783;2015-03-04;DAP;Q20;0;0;0;0;0.0;72782.87;72317.08;0.0;0.0;0.0;0.0;0.0;72325.5;0.0;0.0
18271;484784;2015-03-04;DAP;Q22;0;0;0;0;0.0;64435.46;64270.68;0.0;0.0;0.0;0.0;0.0;64278.16;0.0;0.0
18272;484785;2015-03-04;DAP;K24;0;0;0;0;0.0;57997.22;57612.29;0.0;0.0;0.0;0.0;0.0;57619.0;0.0;0.0
18273;484786;2015-03-05;DAP;J15;0;0;0;0;0.0;99922.98;99806.43;0.0;0.0;0.0;0.0;0.0;99941.28;0.0;0.0
18274;484787;2015-03-05;DAP;K15;550;550;0;0;0.0;99868.26;99755.12;0.0;0.0;0.0;0.0;0.0;99889.9;0.0;0.0
18275;484788;2015-03-05;DAP;M15;0;0;0;0;0.0;99813.85;99704.0;0.0;0.0;0.0;0.0;0.0;99838.71;0.0;0.0
18276;484789;2015-03-05;DAP;Q16;0;0;0;0;0.0;92143.07;92025.06;0.0;0.0;0.0;0.0;0.0;92149.4;0.0;0.0
18277;484790;2015-03-05;DAP;K17;1110;1110;0;0;0.0;88612.4;88358.58;0.0;0.0;0.0;0.0;0.0;88477.96;0.0;0.0
18278;484791;2015-03-05;DAP;Q18;0;0;0;0;0.0;81650.98;81358.84;0.0;0.0;0.0;0.0;0.0;81468.77;0.0;0.0
18279;484792;2015-03-05;DAP;K19;0;0;0;0;0.0;78096.48;77774.17;0.0;0.0;0.0;0.0;0.0;77879.25;0.0;0.0
18280;484793;2015-03-05;DAP;Q20;0;0;0;0;0.0;72317.08;71913.65;0.0;0.0;0.0;0.0;0.0;72010.81;0.0;0.0
18281;484794;2015-03-05;DAP;Q22;0;0;0;0;0.0;64270.68;63671.07;0.0;0.0;0.0;0.0;0.0;63757.1;0.0;0.0
18282;484795;2015-03-05;DAP;K24;0;0;0;0;0.0;57612.29;57012.64;0.0;0.0;0.0;0.0;0.0;57089.67;0.0;0.0
18283;484796;2015-03-06;DAP;J15;0;0;0;0;0.0;99806.43;99972.23;0.0;0.0;0.0;0.0;0.0;99992.5;0.0;0.0
18284;484797;2015-03-06;DAP;K15;550;550;0;0;0.0;99755.12;99949.93;0.0;0.0;0.0;0.0;0.0;99970.19;0.0;0.0
18285;484798;2015-03-06;DAP;M15;0;0;0;0;0.0;99704.0;99929.28;0.0;0.0;0.0;0.0;0.0;99949.54;0.0;0.0
18286;484799;2015-03-06;DAP;Q16;0;0;0;0;0.0;92025.06;91989.12;0.0;0.0;0.0;0.0;0.0;92007.77;0.0;0.0
18287;484800;2015-03-06;DAP;K17;1110;1110;0;0;0.0;88358.58;88316.26;0.0;0.0;0.0;0.0;0.0;88334.17;0.0;0.0
18288;484801;2015-03-06;DAP;Q18;0;0;0;0;0.0;81358.84;81314.08;0.0;0.0;0.0;0.0;0.0;81330.57;0.0;0.0
18289;484802;2015-03-06;DAP;K19;0;0;0;0;0.0;77774.17;77699.29;0.0;0.0;0.0;0.0;0.0;77715.04;0.0;0.0
18290;484803;2015-03-06;DAP;Q20;0;0;0;0;0.0;71913.65;71830.07;0.0;0.0;0.0;0.0;0.0;71844.63;0.0;0.0
18291;484804;2015-03-06;DAP;Q22;0;0;0;0;0.0;63671.07;63670.69;0.0;0.0;0.0;0.0;0.0;63683.6;0.0;0.0
18292;484805;2015-03-06;DAP;K24;0;0;0;0;0.0;57012.64;56993.88;0.0;0.0;0.0;0.0;0.0;57005.44;0.0;0.0
18293;484806;2015-03-09;DAP;J15;0;0;0;0;0.0;99972.23;99884.29;0.0;0.0;0.0;0.0;0.0;99904.54;0.0;0.0
18294;484807;2015-03-09;DAP;K15;550;550;0;0;0.0;99949.93;99792.89;0.0;0.0;0.0;0.0;0.0;99813.12;0.0;0.0
18295;484808;2015-03-09;DAP;M15;0;0;0;0;0.0;99929.28;99701.43;0.0;0.0;0.0;0.0;0.0;99721.64;0.0;0.0
18296;484809;2015-03-09;DAP;Q16;0;0;0;0;0.0;91989.12;91861.24;0.0;0.0;0.0;0.0;0.0;91879.86;0.0;0.0
18297;484810;2015-03-09;DAP;K17;1110;1110;0;0;0.0;88316.26;88083.23;0.0;0.0;0.0;0.0;0.0;88101.09;0.0;0.0
18298;484811;2015-03-09;DAP;Q18;0;0;0;0;0.0;81314.08;80941.9;0.0;0.0;0.0;0.0;0.0;80958.31;0.0;0.0
18299;484812;2015-03-09;DAP;K19;0;0;0;0;0.0;77699.29;77233.61;0.0;0.0;0.0;0.0;0.0;77249.27;0.0;0.0
18300;484813;2015-03-09;DAP;Q20;0;0;0;0;0.0;71830.07;71191.97;0.0;0.0;0.0;0.0;0.0;71206.4;0.0;0.0
18301;484814;2015-03-09;DAP;Q22;0;0;0;0;0.0;63670.69;62849.33;0.0;0.0;0.0;0.0;0.0;62862.07;0.0;0.0
18302;484815;2015-03-09;DAP;K24;0;0;0;0;0.0;56993.88;56133.44;0.0;0.0;0.0;0.0;0.0;56144.82;0.0;0.0
18303;484816;2015-03-10;DAP;J15;0;0;0;0;0.0;99884.29;99957.93;0.0;0.0;0.0;0.0;0.0;99978.2;0.0;0.0
18304;484817;2015-03-10;DAP;K15;550;550;0;0;0.0;99792.89;99924.48;0.0;0.0;0.0;0.0;0.0;99944.74;0.0;0.0
18305;484818;2015-03-10;DAP;M15;0;0;0;0;0.0;99701.43;99889.67;0.0;0.0;0.0;0.0;0.0;99909.92;0.0;0.0
18306;484819;2015-03-10;DAP;Q16;0;0;0;0;0.0;91861.24;91981.86;0.0;0.0;0.0;0.0;0.0;92000.51;0.0;0.0
18307;484820;2015-03-10;DAP;K17;1110;1110;0;0;0.0;88083.23;88247.86;0.0;0.0;0.0;0.0;0.0;88265.75;0.0;0.0
18308;484821;2015-03-10;DAP;Q18;0;0;0;0;0.0;80941.9;80987.75;0.0;0.0;0.0;0.0;0.0;81004.17;0.0;0.0
18309;484822;2015-03-10;DAP;K19;0;0;0;0;0.0;77233.61;77282.79;0.0;0.0;0.0;0.0;0.0;77298.46;0.0;0.0
18310;484823;2015-03-10;DAP;Q20;0;0;0;0;0.0;71191.97;71282.13;0.0;0.0;0.0;0.0;0.0;71296.58;0.0;0.0
18311;484824;2015-03-10;DAP;Q22;0;0;0;0;0.0;62849.33;63040.03;0.0;0.0;0.0;0.0;0.0;63052.81;0.0;0.0
18312;484825;2015-03-10;DAP;K24;0;0;0;0;0.0;56133.44;56437.24;0.0;0.0;0.0;0.0;0.0;56448.68;0.0;0.0
18313;484826;2015-03-11;DAP;J15;0;0;0;0;0.0;99957.93;99959.74;0.0;0.0;0.0;0.0;0.0;99980.02;0.0;0.0
18314;484827;2015-03-11;DAP;K15;550;550;0;0;0.0;99924.48;99925.7;0.0;0.0;0.0;0.0;0.0;99945.97;0.0;0.0
18315;484828;2015-03-11;DAP;M15;0;0;0;0;0.0;99889.67;99891.05;0.0;0.0;0.0;0.0;0.0;99911.31;0.0;0.0
18316;484829;2015-03-11;DAP;Q16;0;0;0;0;0.0;91981.86;92040.26;0.0;0.0;0.0;0.0;0.0;92058.93;0.0;0.0
18317;484830;2015-03-11;DAP;K17;1110;1110;0;0;0.0;88247.86;88268.03;0.0;0.0;0.0;0.0;0.0;88285.93;0.0;0.0
18318;484831;2015-03-11;DAP;Q18;0;0;0;0;0.0;80987.75;81007.56;0.0;0.0;0.0;0.0;0.0;81023.99;0.0;0.0
18319;484832;2015-03-11;DAP;K19;0;0;0;0;0.0;77282.79;77331.95;0.0;0.0;0.0;0.0;0.0;77347.64;0.0;0.0
18320;484833;2015-03-11;DAP;Q20;0;0;0;0;0.0;71282.13;71408.59;0.0;0.0;0.0;0.0;0.0;71423.07;0.0;0.0
18321;484834;2015-03-11;DAP;Q22;0;0;0;0;0.0;63040.03;63143.33;0.0;0.0;0.0;0.0;0.0;63156.14;0.0;0.0
18322;484835;2015-03-11;DAP;K24;0;0;0;0;0.0;56437.24;56596.72;0.0;0.0;0.0;0.0;0.0;56608.2;0.0;0.0
18323;484836;2015-03-12;DAP;J15;0;0;0;0;0.0;99959.74;99960.61;0.0;0.0;0.0;0.0;0.0;99980.86;0.0;0.0
18324;484837;2015-03-12;DAP;K15;550;550;0;0;0.0;99925.7;99925.26;0.0;0.0;0.0;0.0;0.0;99945.5;0.0;0.0
18325;484838;2015-03-12;DAP;M15;0;0;0;0;0.0;99891.05;99889.97;0.0;0.0;0.0;0.0;0.0;99910.2;0.0;0.0
18326;484839;2015-03-12;DAP;Q16;0;0;0;0;0.0;92040.26;91962.87;0.0;0.0;0.0;0.0;0.0;91981.5;0.0;0.0
18327;484840;2015-03-12;DAP;K17;1110;1110;0;0;0.0;88268.03;88162.42;0.0;0.0;0.0;0.0;0.0;88180.28;0.0;0.0
18328;484841;2015-03-12;DAP;Q18;0;0;0;0;0.0;81007.56;80897.7;0.0;0.0;0.0;0.0;0.0;80914.09;0.0;0.0
18329;484842;2015-03-12;DAP;K19;0;0;0;0;0.0;77331.95;77200.56;0.0;0.0;0.0;0.0;0.0;77216.2;0.0;0.0
18330;484843;2015-03-12;DAP;Q20;0;0;0;0;0.0;71408.59;71208.98;0.0;0.0;0.0;0.0;0.0;71223.4;0.0;0.0
18331;484844;2015-03-12;DAP;Q22;0;0;0;0;0.0;63143.33;62896.26;0.0;0.0;0.0;0.0;0.0;62909.0;0.0;0.0
18332;484845;2015-03-12;DAP;K24;0;0;0;0;0.0;56596.72;56368.57;0.0;0.0;0.0;0.0;0.0;56379.99;0.0;0.0
18333;484846;2015-03-13;DAP;J15;0;0;0;0;0.0;99960.61;99961.41;0.0;0.0;0.0;0.0;0.0;99981.69;0.0;0.0
18334;484847;2015-03-13;DAP;K15;550;550;0;0;0.0;99925.26;99924.84;0.0;0.0;0.0;0.0;0.0;99945.11;0.0;0.0
18335;484848;2015-03-13;DAP;M15;0;0;0;0;0.0;99889.97;99888.92;0.0;0.0;0.0;0.0;0.0;99909.18;0.0;0.0
18336;484849;2015-03-13;DAP;Q16;0;0;0;0;0.0;91962.87;92045.78;0.0;0.0;0.0;0.0;0.0;92064.45;0.0;0.0
18337;484850;2015-03-13;DAP;K17;1110;1110;0;0;0.0;88162.42;88344.33;0.0;0.0;0.0;0.0;0.0;88362.25;0.0;0.0
18338;484851;2015-03-13;DAP;Q18;0;0;0;0;0.0;80897.7;81151.08;0.0;0.0;0.0;0.0;0.0;81167.54;0.0;0.0
18339;484852;2015-03-13;DAP;K19;0;0;0;0;0.0;77200.56;77460.34;0.0;0.0;0.0;0.0;0.0;77476.05;0.0;0.0
18340;484853;2015-03-13;DAP;Q20;0;0;0;0;0.0;71208.98;71552.73;0.0;0.0;0.0;0.0;0.0;71567.24;0.0;0.0
18341;484854;2015-03-13;DAP;Q22;0;0;0;0;0.0;62896.26;63174.48;0.0;0.0;0.0;0.0;0.0;63187.29;0.0;0.0
18342;484855;2015-03-13;DAP;K24;0;0;0;0;0.0;56368.57;56770.53;0.0;0.0;0.0;0.0;0.0;56782.05;0.0;0.0
18343;484856;2015-03-16;DAP;J15;0;0;0;0;0.0;99961.41;99962.21;0.0;0.0;0.0;0.0;0.0;99980.86;0.0;0.0
18344;484857;2015-03-16;DAP;K15;550;550;0;0;0.0;99924.84;99924.53;0.0;0.0;0.0;0.0;0.0;99943.17;0.0;0.0
18345;484858;2015-03-16;DAP;M15;0;0;0;0;0.0;99888.92;99887.19;0.0;0.0;0.0;0.0;0.0;99905.82;0.0;0.0
18346;484859;2015-03-16;DAP;Q16;0;0;0;0;0.0;92045.78;92056.34;0.0;0.0;0.0;0.0;0.0;92073.51;0.0;0.0
18347;484860;2015-03-16;DAP;K17;1110;1110;0;0;0.0;88344.33;88365.91;0.0;0.0;0.0;0.0;0.0;88382.39;0.0;0.0
18348;484861;2015-03-16;DAP;Q18;0;0;0;0;0.0;81151.08;81172.14;0.0;0.0;0.0;0.0;0.0;81187.28;0.0;0.0
18349;484862;2015-03-16;DAP;K19;0;0;0;0;0.0;77460.34;77510.68;0.0;0.0;0.0;0.0;0.0;77525.14;0.0;0.0
18350;484863;2015-03-16;DAP;Q20;0;0;0;0;0.0;71552.73;71535.19;0.0;0.0;0.0;0.0;0.0;71548.53;0.0;0.0
18351;484864;2015-03-16;DAP;Q22;0;0;0;0;0.0;63174.48;63366.78;0.0;0.0;0.0;0.0;0.0;63378.6;0.0;0.0
18352;484865;2015-03-16;DAP;K24;0;0;0;0;0.0;56770.53;56834.13;0.0;0.0;0.0;0.0;0.0;56844.73;0.0;0.0
18353;484866;2015-03-17;DAP;J15;0;0;0;0;0.0;99962.21;99946.54;0.0;0.0;0.0;0.0;0.0;99965.16;0.0;0.0
18354;484867;2015-03-17;DAP;K15;550;550;0;0;0.0;99924.53;99889.63;0.0;0.0;0.0;0.0;0.0;99908.24;0.0;0.0
18355;484868;2015-03-17;DAP;M15;0;0;0;0;0.0;99887.19;99831.98;0.0;0.0;0.0;0.0;0.0;99850.58;0.0;0.0
18356;484869;2015-03-17;DAP;Q16;0;0;0;0;0.0;92056.34;91979.92;0.0;0.0;0.0;0.0;0.0;91997.06;0.0;0.0
18357;484870;2015-03-17;DAP;K17;1110;1110;0;0;0.0;88365.91;88439.83;0.0;0.0;0.0;0.0;0.0;88456.31;0.0;0.0
18358;484871;2015-03-17;DAP;Q18;0;0;0;0;0.0;81172.14;81425.79;0.0;0.0;0.0;0.0;0.0;81440.96;0.0;0.0
18359;484872;2015-03-17;DAP;K19;0;0;0;0;0.0;77510.68;77861.78;0.0;0.0;0.0;0.0;0.0;77876.29;0.0;0.0
18360;484873;2015-03-17;DAP;Q20;0;0;0;0;0.0;71535.19;72099.28;0.0;0.0;0.0;0.0;0.0;72112.71;0.0;0.0
18361;484874;2015-03-17;DAP;Q22;0;0;0;0;0.0;63366.78;63957.01;0.0;0.0;0.0;0.0;0.0;63968.93;0.0;0.0
18362;484875;2015-03-17;DAP;K24;0;0;0;0;0.0;56834.13;57386.69;0.0;0.0;0.0;0.0;0.0;57397.38;0.0;0.0
18363;484876;2015-03-18;DAP;J15;0;0;0;0;0.0;99946.54;99949.78;0.0;0.0;0.0;0.0;0.0;99968.4;0.0;0.0
18364;484877;2015-03-18;DAP;K15;550;550;0;0;0.0;99889.63;99893.46;0.0;0.0;0.0;0.0;0.0;99912.07;0.0;0.0
18365;484878;2015-03-18;DAP;M15;0;0;0;0;0.0;99831.98;99834.47;0.0;0.0;0.0;0.0;0.0;99853.07;0.0;0.0
18366;484879;2015-03-18;DAP;Q16;0;0;0;0;0.0;91979.92;91952.84;0.0;0.0;0.0;0.0;0.0;91969.97;0.0;0.0
18367;484880;2015-03-18;DAP;K17;1110;1110;0;0;0.0;88439.83;88388.32;0.0;0.0;0.0;0.0;0.0;88404.79;0.0;0.0
18368;484881;2015-03-18;DAP;Q18;0;0;0;0;0.0;81425.79;81601.59;0.0;0.0;0.0;0.0;0.0;81616.8;0.0;0.0
18369;484882;2015-03-18;DAP;K19;0;0;0;0;0.0;77861.78;78001.62;0.0;0.0;0.0;0.0;0.0;78016.15;0.0;0.0
18370;484883;2015-03-18;DAP;Q20;0;0;0;0;0.0;72099.28;72263.1;0.0;0.0;0.0;0.0;0.0;72276.57;0.0;0.0
18371;484884;2015-03-18;DAP;Q22;0;0;0;0;0.0;63957.01;64328.86;0.0;0.0;0.0;0.0;0.0;64340.85;0.0;0.0
18372;484885;2015-03-18;DAP;K24;0;0;0;0;0.0;57386.69;57795.72;0.0;0.0;0.0;0.0;0.0;57806.49;0.0;0.0
18373;484886;2015-03-19;DAP;J15;0;0;0;0;0.0;99949.78;99944.31;0.0;0.0;0.0;0.0;0.0;99962.96;0.0;0.0
18374;484887;2015-03-19;DAP;K15;550;550;0;0;0.0;99893.46;99877.72;0.0;0.0;0.0;0.0;0.0;99896.36;0.0;0.0
18375;484888;2015-03-19;DAP;M15;0;0;0;0;0.0;99834.47;99811.82;0.0;0.0;0.0;0.0;0.0;99830.45;0.0;0.0
18376;484889;2015-03-19;DAP;Q16;0;0;0;0;0.0;91952.84;91913.9;0.0;0.0;0.0;0.0;0.0;91931.05;0.0;0.0
18377;484890;2015-03-19;DAP;K17;1110;1110;0;0;0.0;88388.32;88230.2;0.0;0.0;0.0;0.0;0.0;88246.67;0.0;0.0
18378;484891;2015-03-19;DAP;Q18;0;0;0;0;0.0;81601.59;81360.97;0.0;0.0;0.0;0.0;0.0;81376.15;0.0;0.0
18379;484892;2015-03-19;DAP;K19;0;0;0;0;0.0;78001.62;77657.79;0.0;0.0;0.0;0.0;0.0;77672.28;0.0;0.0
18380;484893;2015-03-19;DAP;Q20;0;0;0;0;0.0;72263.1;71696.82;0.0;0.0;0.0;0.0;0.0;71710.2;0.0;0.0
18381;484894;2015-03-19;DAP;Q22;0;0;0;0;0.0;64328.86;63501.36;0.0;0.0;0.0;0.0;0.0;63513.21;0.0;0.0
18382;484895;2015-03-19;DAP;K24;0;0;0;0;0.0;57795.72;56827.38;0.0;0.0;0.0;0.0;0.0;56837.99;0.0;0.0
18383;484896;2015-03-20;DAP;J15;0;0;0;0;0.0;99944.31;99930.33;0.0;0.0;0.0;0.0;0.0;99948.94;0.0;0.0
18384;484897;2015-03-20;DAP;K15;550;550;0;0;0.0;99877.72;99842.68;0.0;0.0;0.0;0.0;0.0;99861.27;0.0;0.0
18385;484898;2015-03-20;DAP;M15;0;0;0;0;0.0;99811.82;99754.37;0.0;0.0;0.0;0.0;0.0;99772.95;0.0;0.0
18386;484899;2015-03-20;DAP;Q16;0;0;0;0;0.0;91913.9;91972.13;0.0;0.0;0.0;0.0;0.0;91989.26;0.0;0.0
18387;484900;2015-03-20;DAP;K17;1110;1110;0;0;0.0;88230.2;88321.83;0.0;0.0;0.0;0.0;0.0;88338.28;0.0;0.0
18388;484901;2015-03-20;DAP;Q18;0;0;0;0;0.0;81360.97;81406.56;0.0;0.0;0.0;0.0;0.0;81421.72;0.0;0.0
18389;484902;2015-03-20;DAP;K19;0;0;0;0;0.0;77657.79;77736.92;0.0;0.0;0.0;0.0;0.0;77751.4;0.0;0.0
18390;484903;2015-03-20;DAP;Q20;0;0;0;0;0.0;71696.82;71859.71;0.0;0.0;0.0;0.0;0.0;71873.09;0.0;0.0
18391;484904;2015-03-20;DAP;Q22;0;0;0;0;0.0;63501.36;63649.09;0.0;0.0;0.0;0.0;0.0;63660.94;0.0;0.0
18392;484905;2015-03-20;DAP;K24;0;0;0;0;0.0;56827.38;56890.06;0.0;0.0;0.0;0.0;0.0;56900.65;0.0;0.0
18393;484906;2015-03-23;DAP;J15;0;0;0;0;0.0;99930.33;99932.07;0.0;0.0;0.0;0.0;0.0;99950.68;0.0;0.0
18394;484907;2015-03-23;DAP;K15;550;550;0;0;0.0;99842.68;99840.78;0.0;0.0;0.0;0.0;0.0;99859.37;0.0;0.0
18395;484908;2015-03-23;DAP;M15;0;0;0;0;0.0;99754.37;99749.57;0.0;0.0;0.0;0.0;0.0;99768.15;0.0;0.0
18396;484909;2015-03-23;DAP;Q16;0;0;0;0;0.0;91972.13;91981.89;0.0;0.0;0.0;0.0;0.0;91999.02;0.0;0.0
18397;484910;2015-03-23;DAP;K17;1110;1110;0;0;0.0;88321.83;88359.95;0.0;0.0;0.0;0.0;0.0;88376.41;0.0;0.0
18398;484911;2015-03-23;DAP;Q18;0;0;0;0;0.0;81406.56;81503.95;0.0;0.0;0.0;0.0;0.0;81519.13;0.0;0.0
18399;484912;2015-03-23;DAP;K19;0;0;0;0;0.0;77736.92;77846.14;0.0;0.0;0.0;0.0;0.0;77860.64;0.0;0.0
18400;484913;2015-03-23;DAP;Q20;0;0;0;0;0.0;71859.71;72022.78;0.0;0.0;0.0;0.0;0.0;72036.19;0.0;0.0
18401;484914;2015-03-23;DAP;Q22;0;0;0;0;0.0;63649.09;63797.03;0.0;0.0;0.0;0.0;0.0;63808.91;0.0;0.0
18402;484915;2015-03-23;DAP;K24;0;0;0;0;0.0;56890.06;57099.09;0.0;0.0;0.0;0.0;0.0;57109.72;0.0;0.0
18403;484916;2015-03-24;DAP;J15;0;0;0;0;0.0;99932.07;99920.41;0.0;0.0;0.0;0.0;0.0;99939.02;0.0;0.0
18404;484917;2015-03-24;DAP;K15;550;550;0;0;0.0;99840.78;99804.92;0.0;0.0;0.0;0.0;0.0;99823.51;0.0;0.0
18405;484918;2015-03-24;DAP;M15;0;0;0;0;0.0;99749.57;99691.33;0.0;0.0;0.0;0.0;0.0;99709.9;0.0;0.0
18406;484919;2015-03-24;DAP;Q16;0;0;0;0;0.0;91981.89;91967.64;0.0;0.0;0.0;0.0;0.0;91984.77;0.0;0.0
18407;484920;2015-03-24;DAP;K17;1110;1110;0;0;0.0;88359.95;88327.1;0.0;0.0;0.0;0.0;0.0;88343.55;0.0;0.0
18408;484921;2015-03-24;DAP;Q18;0;0;0;0;0.0;81503.95;81445.8;0.0;0.0;0.0;0.0;0.0;81460.97;0.0;0.0
18409;484922;2015-03-24;DAP;K19;0;0;0;0;0.0;77846.14;77774.63;0.0;0.0;0.0;0.0;0.0;77789.11;0.0;0.0
18410;484923;2015-03-24;DAP;Q20;0;0;0;0;0.0;72022.78;71894.72;0.0;0.0;0.0;0.0;0.0;71908.11;0.0;0.0
18411;484924;2015-03-24;DAP;Q22;0;0;0;0;0.0;63797.03;63724.15;0.0;0.0;0.0;0.0;0.0;63736.02;0.0;0.0
18412;484925;2015-03-24;DAP;K24;0;0;0;0;0.0;57099.09;56918.03;0.0;0.0;0.0;0.0;0.0;56928.63;0.0;0.0
18413;484926;2015-03-25;DAP;J15;0;0;0;0;0.0;99920.41;99912.42;0.0;0.0;0.0;0.0;0.0;99931.01;0.0;0.0
18414;484927;2015-03-25;DAP;K15;550;550;0;0;0.0;99804.92;99776.78;0.0;0.0;0.0;0.0;0.0;99795.34;0.0;0.0
18415;484928;2015-03-25;DAP;M15;0;0;0;0;0.0;99691.33;99639.79;0.0;0.0;0.0;0.0;0.0;99658.33;0.0;0.0
18416;484929;2015-03-25;DAP;Q16;0;0;0;0;0.0;91967.64;91953.64;0.0;0.0;0.0;0.0;0.0;91970.75;0.0;0.0
18417;484930;2015-03-25;DAP;K17;1110;1110;0;0;0.0;88327.1;88294.48;0.0;0.0;0.0;0.0;0.0;88310.91;0.0;0.0
18418;484931;2015-03-25;DAP;Q18;0;0;0;0;0.0;81445.8;81439.59;0.0;0.0;0.0;0.0;0.0;81454.74;0.0;0.0
18419;484932;2015-03-25;DAP;K19;0;0;0;0;0.0;77774.63;77763.45;0.0;0.0;0.0;0.0;0.0;77777.92;0.0;0.0
18420;484933;2015-03-25;DAP;Q20;0;0;0;0;0.0;71894.72;71803.41;0.0;0.0;0.0;0.0;0.0;71816.77;0.0;0.0
18421;484934;2015-03-25;DAP;Q22;0;0;0;0;0.0;63724.15;63607.47;0.0;0.0;0.0;0.0;0.0;63619.3;0.0;0.0
18422;484935;2015-03-25;DAP;K24;0;0;0;0;0.0;56918.03;56786.3;0.0;0.0;0.0;0.0;0.0;56796.86;0.0;0.0
18423;484936;2015-03-26;DAP;J15;0;0;0;0;0.0;99912.42;99910.21;0.0;0.0;0.0;0.0;0.0;99928.81;0.0;0.0
18424;484937;2015-03-26;DAP;K15;550;550;0;0;0.0;99776.78;99760.93;0.0;0.0;0.0;0.0;0.0;99779.5;0.0;0.0
18425;484938;2015-03-26;DAP;M15;0;0;0;0;0.0;99639.79;99609.02;0.0;0.0;0.0;0.0;0.0;99627.56;0.0;0.0
18426;484939;2015-03-26;DAP;Q16;0;0;0;0;0.0;91953.64;91915.94;0.0;0.0;0.0;0.0;0.0;91933.05;0.0;0.0
18427;484940;2015-03-26;DAP;K17;1110;1110;0;0;0.0;88294.48;88191.56;0.0;0.0;0.0;0.0;0.0;88207.98;0.0;0.0
18428;484941;2015-03-26;DAP;Q18;0;0;0;0;0.0;81439.59;81356.02;0.0;0.0;0.0;0.0;0.0;81371.16;0.0;0.0
18429;484942;2015-03-26;DAP;K19;0;0;0;0;0.0;77763.45;77662.35;0.0;0.0;0.0;0.0;0.0;77676.81;0.0;0.0
18430;484943;2015-03-26;DAP;Q20;0;0;0;0;0.0;71803.41;71676.24;0.0;0.0;0.0;0.0;0.0;71689.58;0.0;0.0
18431;484944;2015-03-26;DAP;Q22;0;0;0;0;0.0;63607.47;63403.44;0.0;0.0;0.0;0.0;0.0;63415.24;0.0;0.0
18432;484945;2015-03-26;DAP;K24;0;0;0;0;0.0;56786.3;56655.01;0.0;0.0;0.0;0.0;0.0;56665.56;0.0;0.0
18433;484946;2015-03-27;DAP;J15;0;0;0;0;0.0;99910.21;99913.81;0.0;0.0;0.0;0.0;0.0;99932.41;0.0;0.0
18434;484947;2015-03-27;DAP;K15;550;550;0;0;0.0;99760.93;99756.39;0.0;0.0;0.0;0.0;0.0;99774.96;0.0;0.0
18435;484948;2015-03-27;DAP;M15;0;0;0;0;0.0;99609.02;99599.88;0.0;0.0;0.0;0.0;0.0;99618.42;0.0;0.0
18436;484949;2015-03-27;DAP;Q16;0;0;0;0;0.0;91915.94;91878.64;0.0;0.0;0.0;0.0;0.0;91895.74;0.0;0.0
18437;484950;2015-03-27;DAP;K17;1110;1110;0;0;0.0;88191.56;88124.43;0.0;0.0;0.0;0.0;0.0;88140.83;0.0;0.0
18438;484951;2015-03-27;DAP;Q18;0;0;0;0;0.0;81356.02;81221.42;0.0;0.0;0.0;0.0;0.0;81236.54;0.0;0.0
18439;484952;2015-03-27;DAP;K19;0;0;0;0;0.0;77662.35;77501.93;0.0;0.0;0.0;0.0;0.0;77516.36;0.0;0.0
18440;484953;2015-03-27;DAP;Q20;0;0;0;0;0.0;71676.24;71477.53;0.0;0.0;0.0;0.0;0.0;71490.83;0.0;0.0
18441;484954;2015-03-27;DAP;Q22;0;0;0;0;0.0;63403.44;63244.07;0.0;0.0;0.0;0.0;0.0;63255.84;0.0;0.0
18442;484955;2015-03-27;DAP;K24;0;0;0;0;0.0;56655.01;56476.01;0.0;0.0;0.0;0.0;0.0;56486.52;0.0;0.0
18443;484956;2015-03-30;DAP;J15;0;0;0;0;0.0;99913.81;99967.41;0.0;0.0;0.0;0.0;0.0;99986.06;0.0;0.0
18444;484957;2015-03-30;DAP;K15;550;550;0;0;0.0;99756.39;99787.52;0.0;0.0;0.0;0.0;0.0;99806.13;0.0;0.0
18445;484958;2015-03-30;DAP;M15;0;0;0;0;0.0;99599.88;99607.16;0.0;0.0;0.0;0.0;0.0;99625.74;0.0;0.0
18446;484959;2015-03-30;DAP;Q16;0;0;0;0;0.0;91878.64;91841.68;0.0;0.0;0.0;0.0;0.0;91858.81;0.0;0.0
18447;484960;2015-03-30;DAP;K17;1110;1110;0;0;0.0;88124.43;88040.18;0.0;0.0;0.0;0.0;0.0;88056.6;0.0;0.0
18448;484961;2015-03-30;DAP;Q18;0;0;0;0;0.0;81221.42;81215.63;0.0;0.0;0.0;0.0;0.0;81230.78;0.0;0.0
18449;484962;2015-03-30;DAP;K19;0;0;0;0;0.0;77501.93;77521.02;0.0;0.0;0.0;0.0;0.0;77535.48;0.0;0.0
18450;484963;2015-03-30;DAP;Q20;0;0;0;0;0.0;71477.53;71567.25;0.0;0.0;0.0;0.0;0.0;71580.6;0.0;0.0
18451;484964;2015-03-30;DAP;Q22;0;0;0;0;0.0;63244.07;63390.82;0.0;0.0;0.0;0.0;0.0;63402.64;0.0;0.0
18452;484965;2015-03-30;DAP;K24;0;0;0;0;0.0;56476.01;56683.1;0.0;0.0;0.0;0.0;0.0;56693.67;0.0;0.0
18453;484966;2015-03-31;DAP;J15;0;0;0;0;0.0;99967.41;99926.62;0.0;0.0;0.0;0.0;0.0;99945.24;0.0;0.0
18454;484967;2015-03-31;DAP;K15;550;550;0;0;0.0;99787.52;99762.26;0.0;0.0;0.0;0.0;0.0;99780.85;0.0;0.0
18455;484968;2015-03-31;DAP;M15;0;0;0;0;0.0;99607.16;99598.99;0.0;0.0;0.0;0.0;0.0;99617.55;0.0;0.0
18456;484969;2015-03-31;DAP;Q16;0;0;0;0;0.0;91841.68;91840.6;0.0;0.0;0.0;0.0;0.0;91857.71;0.0;0.0
18457;484970;2015-03-31;DAP;K17;1110;1110;0;0;0.0;88040.18;87991.4;0.0;0.0;0.0;0.0;0.0;88007.8;0.0;0.0
18458;484971;2015-03-31;DAP;Q18;0;0;0;0;0.0;81215.63;81158.72;0.0;0.0;0.0;0.0;0.0;81173.84;0.0;0.0
18459;484972;2015-03-31;DAP;K19;0;0;0;0;0.0;77521.02;77569.97;0.0;0.0;0.0;0.0;0.0;77584.42;0.0;0.0
18460;484973;2015-03-31;DAP;Q20;0;0;0;0;0.0;71567.25;71729.17;0.0;0.0;0.0;0.0;0.0;71742.54;0.0;0.0
18461;484974;2015-03-31;DAP;Q22;0;0;0;0;0.0;63390.82;63537.83;0.0;0.0;0.0;0.0;0.0;63549.67;0.0;0.0
18462;484975;2015-03-31;DAP;K24;0;0;0;0;0.0;56683.1;56988.02;0.0;0.0;0.0;0.0;0.0;56998.64;0.0;0.0
18463;484976;2015-04-01;DAP;J15;0;0;0;0;0.0;99926.62;99933.47;0.0;0.0;0.0;0.0;0.0;99952.12;0.0;0.0
18464;484977;2015-04-01;DAP;K15;550;550;0;0;0.0;99762.26;99766.14;0.0;0.0;0.0;0.0;0.0;99784.76;0.0;0.0
18465;484978;2015-04-01;DAP;M15;0;0;0;0;0.0;99598.99;99599.0;0.0;0.0;0.0;0.0;0.0;99617.59;0.0;0.0
18466;484979;2015-04-01;DAP;Q16;0;0;0;0;0.0;91840.6;91933.94;0.0;0.0;0.0;0.0;0.0;91951.1;0.0;0.0
18467;484980;2015-04-01;DAP;K17;1110;1110;0;0;0.0;87991.4;88117.17;0.0;0.0;0.0;0.0;0.0;88133.62;0.0;0.0
18468;484981;2015-04-01;DAP;Q18;0;0;0;0;0.0;81158.72;81486.43;0.0;0.0;0.0;0.0;0.0;81501.64;0.0;0.0
18469;484982;2015-04-01;DAP;K19;0;0;0;0;0.0;77569.97;77887.81;0.0;0.0;0.0;0.0;0.0;77902.35;0.0;0.0
18470;484983;2015-04-01;DAP;Q20;0;0;0;0;0.0;71729.17;72181.21;0.0;0.0;0.0;0.0;0.0;72194.68;0.0;0.0
18471;484984;2015-04-01;DAP;Q22;0;0;0;0;0.0;63537.83;64214.85;0.0;0.0;0.0;0.0;0.0;64226.83;0.0;0.0
18472;484985;2015-04-01;DAP;K24;0;0;0;0;0.0;56988.02;57588.58;0.0;0.0;0.0;0.0;0.0;57599.33;0.0;0.0
18473;484986;2015-04-02;DAP;J15;0;0;0;0;0.0;99933.47;99922.26;0.0;0.0;0.0;0.0;0.0;99940.89;0.0;0.0
18474;484987;2015-04-02;DAP;K15;550;550;0;0;0.0;99766.14;99698.78;0.0;0.0;0.0;0.0;0.0;99717.37;0.0;0.0
18475;484988;2015-04-02;DAP;M15;0;0;0;0;0.0;99599.0;99475.27;0.0;0.0;0.0;0.0;0.0;99493.82;0.0;0.0
18476;484989;2015-04-02;DAP;Q16;0;0;0;0;0.0;91933.94;91968.16;0.0;0.0;0.0;0.0;0.0;91985.31;0.0;0.0
18477;484990;2015-04-02;DAP;K17;1110;1110;0;0;0.0;88117.17;88173.05;0.0;0.0;0.0;0.0;0.0;88189.49;0.0;0.0
18478;484991;2015-04-02;DAP;Q18;0;0;0;0;0.0;81486.43;81480.5;0.0;0.0;0.0;0.0;0.0;81495.69;0.0;0.0
18479;484992;2015-04-02;DAP;K19;0;0;0;0;0.0;77887.81;77876.79;0.0;0.0;0.0;0.0;0.0;77891.31;0.0;0.0
18480;484993;2015-04-02;DAP;Q20;0;0;0;0;0.0;72181.21;72126.09;0.0;0.0;0.0;0.0;0.0;72139.54;0.0;0.0
18481;484994;2015-04-02;DAP;Q22;0;0;0;0;0.0;64214.85;64008.96;0.0;0.0;0.0;0.0;0.0;64020.89;0.0;0.0
18482;484995;2015-04-02;DAP;K24;0;0;0;0;0.0;57588.58;57357.33;0.0;0.0;0.0;0.0;0.0;57368.02;0.0;0.0
18483;484996;2015-04-06;DAP;J15;0;0;0;0;0.0;99922.26;99920.4;0.0;0.0;0.0;0.0;0.0;99939.03;0.0;0.0
18484;484997;2015-04-06;DAP;K15;550;550;0;0;0.0;99698.78;99654.86;0.0;0.0;0.0;0.0;0.0;99673.44;0.0;0.0
18485;484998;2015-04-06;DAP;M15;0;0;0;0;0.0;99475.27;99390.33;0.0;0.0;0.0;0.0;0.0;99408.86;0.0;0.0
18486;484999;2015-04-06;DAP;Q16;0;0;0;0;0.0;91968.16;91955.36;0.0;0.0;0.0;0.0;0.0;91972.5;0.0;0.0
18487;485000;2015-04-06;DAP;K17;1110;1110;0;0;0.0;88173.05;88194.0;0.0;0.0;0.0;0.0;0.0;88210.44;0.0;0.0
18488;485001;2015-04-06;DAP;Q18;0;0;0;0;0.0;81480.5;81500.26;0.0;0.0;0.0;0.0;0.0;81515.45;0.0;0.0
18489;485002;2015-04-06;DAP;K19;0;0;0;0;0.0;77876.79;77865.82;0.0;0.0;0.0;0.0;0.0;77880.34;0.0;0.0
18490;485003;2015-04-06;DAP;Q20;0;0;0;0;0.0;72126.09;72179.84;0.0;0.0;0.0;0.0;0.0;72193.3;0.0;0.0
18491;485004;2015-04-06;DAP;Q22;0;0;0;0;0.0;64008.96;64112.79;0.0;0.0;0.0;0.0;0.0;64124.74;0.0;0.0
18492;485005;2015-04-06;DAP;K24;0;0;0;0;0.0;57357.33;57469.19;0.0;0.0;0.0;0.0;0.0;57479.9;0.0;0.0
18493;485006;2015-04-07;DAP;J15;0;0;0;0;0.0;99920.4;99918.54;0.0;0.0;0.0;0.0;0.0;99947.04;0.0;0.0
18494;485007;2015-04-07;DAP;K15;550;550;0;0;0.0;99654.86;99631.19;0.0;0.0;0.0;0.0;0.0;99659.61;0.0;0.0
18495;485008;2015-04-07;DAP;M15;0;0;0;0;0.0;99390.33;99345.67;0.0;0.0;0.0;0.0;0.0;99374.01;0.0;0.0
18496;485009;2015-04-07;DAP;Q16;0;0;0;0;0.0;91955.36;91863.56;0.0;0.0;0.0;0.0;0.0;91889.77;0.0;0.0
18497;485010;2015-04-07;DAP;K17;1110;1110;0;0;0.0;88194.0;88102.09;0.0;0.0;0.0;0.0;0.0;88127.22;0.0;0.0
18498;485011;2015-04-07;DAP;Q18;0;0;0;0;0.0;81500.26;81486.34;0.0;0.0;0.0;0.0;0.0;81509.59;0.0;0.0
18499;485012;2015-04-07;DAP;K19;0;0;0;0;0.0;77865.82;77817.39;0.0;0.0;0.0;0.0;0.0;77839.59;0.0;0.0
18500;485013;2015-04-07;DAP;Q20;0;0;0;0;0.0;72179.84;72117.73;0.0;0.0;0.0;0.0;0.0;72138.3;0.0;0.0
18501;485014;2015-04-07;DAP;Q22;0;0;0;0;0.0;64112.79;64077.68;0.0;0.0;0.0;0.0;0.0;64095.96;0.0;0.0
18502;485015;2015-04-07;DAP;K24;0;0;0;0;0.0;57469.19;57477.43;0.0;0.0;0.0;0.0;0.0;57493.83;0.0;0.0
18503;485016;2015-04-08;DAP;J15;0;0;0;0;0.0;99918.54;99943.62;0.0;0.0;0.0;0.0;0.0;99958.97;0.0;0.0
18504;485017;2015-04-08;DAP;K15;550;550;0;0;0.0;99631.19;99666.94;0.0;0.0;0.0;0.0;0.0;99682.25;0.0;0.0
18505;485018;2015-04-08;DAP;M15;0;0;0;0;0.0;99345.67;99391.18;0.0;0.0;0.0;0.0;0.0;99406.45;0.0;0.0
18506;485019;2015-04-08;DAP;Q16;0;0;0;0;0.0;91863.56;91945.07;0.0;0.0;0.0;0.0;0.0;91959.19;0.0;0.0
18507;485020;2015-04-08;DAP;K17;1110;1110;0;0;0.0;88102.09;88204.13;0.0;0.0;0.0;0.0;0.0;88217.68;0.0;0.0
18508;485021;2015-04-08;DAP;Q18;0;0;0;0;0.0;81486.34;81696.25;0.0;0.0;0.0;0.0;0.0;81708.8;0.0;0.0
18509;485022;2015-04-08;DAP;K19;0;0;0;0;0.0;77817.39;78115.44;0.0;0.0;0.0;0.0;0.0;78127.44;0.0;0.0
18510;485023;2015-04-08;DAP;Q20;0;0;0;0;0.0;72117.73;72617.07;0.0;0.0;0.0;0.0;0.0;72628.23;0.0;0.0
18511;485024;2015-04-08;DAP;Q22;0;0;0;0;0.0;64077.68;64678.66;0.0;0.0;0.0;0.0;0.0;64688.6;0.0;0.0
18512;485025;2015-04-08;DAP;K24;0;0;0;0;0.0;57477.43;58139.65;0.0;0.0;0.0;0.0;0.0;58148.58;0.0;0.0
18513;485026;2015-04-09;DAP;J15;0;0;0;0;0.0;99943.62;99957.88;0.0;0.0;0.0;0.0;0.0;99973.25;0.0;0.0
18514;485027;2015-04-09;DAP;K15;550;550;0;0;0.0;99666.94;99679.62;0.0;0.0;0.0;0.0;0.0;99694.94;0.0;0.0
18515;485028;2015-04-09;DAP;M15;0;0;0;0;0.0;99391.18;99402.64;0.0;0.0;0.0;0.0;0.0;99417.92;0.0;0.0
18516;485029;2015-04-09;DAP;Q16;0;0;0;0;0.0;91945.07;91886.39;0.0;0.0;0.0;0.0;0.0;91900.52;0.0;0.0
18517;485030;2015-04-09;DAP;K17;1110;1110;0;0;0.0;88204.13;88104.11;0.0;0.0;0.0;0.0;0.0;88117.65;0.0;0.0
18518;485031;2015-04-09;DAP;Q18;0;0;0;0;0.0;81696.25;81460.0;0.0;0.0;0.0;0.0;0.0;81472.52;0.0;0.0
18519;485032;2015-04-09;DAP;K19;0;0;0;0;0.0;78115.44;77865.6;0.0;0.0;0.0;0.0;0.0;77877.57;0.0;0.0
18520;485033;2015-04-09;DAP;Q20;0;0;0;0;0.0;72617.07;72416.01;0.0;0.0;0.0;0.0;0.0;72427.14;0.0;0.0
18521;485034;2015-04-09;DAP;Q22;0;0;0;0;0.0;64678.66;64560.27;0.0;0.0;0.0;0.0;0.0;64570.19;0.0;0.0
18522;485035;2015-04-09;DAP;K24;0;0;0;0;0.0;58139.65;58103.9;0.0;0.0;0.0;0.0;0.0;58112.83;0.0;0.0
18523;485036;2015-04-10;DAP;J15;0;0;0;0;0.0;99957.88;99969.62;0.0;0.0;0.0;0.0;0.0;99984.98;0.0;0.0
18524;485037;2015-04-10;DAP;K15;550;550;0;0;0.0;99679.62;99668.56;0.0;0.0;0.0;0.0;0.0;99683.87;0.0;0.0
18525;485038;2015-04-10;DAP;M15;0;0;0;0;0.0;99402.64;99368.33;0.0;0.0;0.0;0.0;0.0;99383.6;0.0;0.0
18526;485039;2015-04-10;DAP;Q16;0;0;0;0;0.0;91886.39;91920.89;0.0;0.0;0.0;0.0;0.0;91935.01;0.0;0.0
18527;485040;2015-04-10;DAP;K17;1110;1110;0;0;0.0;88104.11;88142.59;0.0;0.0;0.0;0.0;0.0;88156.13;0.0;0.0
18528;485041;2015-04-10;DAP;Q18;0;0;0;0;0.0;81460.0;81607.56;0.0;0.0;0.0;0.0;0.0;81620.1;0.0;0.0
18529;485042;2015-04-10;DAP;K19;0;0;0;0;0.0;77865.6;78063.43;0.0;0.0;0.0;0.0;0.0;78075.42;0.0;0.0
18530;485043;2015-04-10;DAP;Q20;0;0;0;0;0.0;72416.01;72688.09;0.0;0.0;0.0;0.0;0.0;72699.26;0.0;0.0
18531;485044;2015-04-10;DAP;Q22;0;0;0;0;0.0;64560.27;64843.14;0.0;0.0;0.0;0.0;0.0;64853.1;0.0;0.0
18532;485045;2015-04-10;DAP;K24;0;0;0;0;0.0;58103.9;58365.93;0.0;0.0;0.0;0.0;0.0;58374.9;0.0;0.0
18533;485046;2015-04-13;DAP;J15;0;0;0;0;0.0;99969.62;99984.0;0.0;0.0;0.0;0.0;0.0;99999.37;0.0;0.0
18534;485047;2015-04-13;DAP;K15;550;550;0;0;0.0;99668.56;99669.68;0.0;0.0;0.0;0.0;0.0;99685.0;0.0;0.0
18535;485048;2015-04-13;DAP;M15;0;0;0;0;0.0;99368.33;99358.68;0.0;0.0;0.0;0.0;0.0;99373.95;0.0;0.0
18536;485049;2015-04-13;DAP;Q16;0;0;0;0;0.0;91920.89;91909.11;0.0;0.0;0.0;0.0;0.0;91923.24;0.0;0.0
18537;485050;2015-04-13;DAP;K17;1110;1110;0;0;0.0;88142.59;88077.75;0.0;0.0;0.0;0.0;0.0;88091.29;0.0;0.0
18538;485051;2015-04-13;DAP;Q18;0;0;0;0;0.0;81607.56;81550.74;0.0;0.0;0.0;0.0;0.0;81563.28;0.0;0.0
18539;485052;2015-04-13;DAP;K19;0;0;0;0;0.0;78063.43;77963.11;0.0;0.0;0.0;0.0;0.0;77975.09;0.0;0.0
18540;485053;2015-04-13;DAP;Q20;0;0;0;0;0.0;72688.09;72523.42;0.0;0.0;0.0;0.0;0.0;72534.57;0.0;0.0
18541;485054;2015-04-13;DAP;Q22;0;0;0;0;0.0;64843.14;64769.07;0.0;0.0;0.0;0.0;0.0;64779.03;0.0;0.0
18542;485055;2015-04-13;DAP;K24;0;0;0;0;0.0;58365.93;58230.68;0.0;0.0;0.0;0.0;0.0;58239.63;0.0;0.0
18543;485056;2015-04-14;DAP;J15;0;0;0;0;0.0;99984.0;99999.76;0.0;0.0;0.0;0.0;0.0;100015.13;0.0;0.0
18544;485057;2015-04-14;DAP;K15;550;550;0;0;0.0;99669.68;99653.58;0.0;0.0;0.0;0.0;0.0;99668.9;0.0;0.0
18545;485058;2015-04-14;DAP;M15;0;0;0;0;0.0;99358.68;99309.84;0.0;0.0;0.0;0.0;0.0;99325.11;0.0;0.0
18546;485059;2015-04-14;DAP;Q16;0;0;0;0;0.0;91909.11;91897.56;0.0;0.0;0.0;0.0;0.0;91911.69;0.0;0.0
18547;485060;2015-04-14;DAP;K17;1110;1110;0;0;0.0;88077.75;88150.63;0.0;0.0;0.0;0.0;0.0;88164.18;0.0;0.0
18548;485061;2015-04-14;DAP;Q18;0;0;0;0;0.0;81550.74;81723.66;0.0;0.0;0.0;0.0;0.0;81736.22;0.0;0.0
18549;485062;2015-04-14;DAP;K19;0;0;0;0;0.0;77963.11;78130.98;0.0;0.0;0.0;0.0;0.0;78142.99;0.0;0.0
18550;485063;2015-04-14;DAP;Q20;0;0;0;0;0.0;72523.42;72941.57;0.0;0.0;0.0;0.0;0.0;72952.78;0.0;0.0
18551;485064;2015-04-14;DAP;Q22;0;0;0;0;0.0;64769.07;65142.26;0.0;0.0;0.0;0.0;0.0;65152.27;0.0;0.0
18552;485065;2015-04-14;DAP;K24;0;0;0;0;0.0;58230.68;58742.81;0.0;0.0;0.0;0.0;0.0;58751.84;0.0;0.0
18553;485066;2015-04-15;DAP;J15;0;0;0;0;0.0;99999.76;;0.0;0.0;0.0;0.0;0.0;100000.0;0.0;0.0
18554;485067;2015-04-15;DAP;K15;550;550;0;0;0.0;99653.58;99704.88;0.0;0.0;0.0;0.0;0.0;99690.73;0.0;0.0
18555;485068;2015-04-15;DAP;M15;0;0;0;0;0.0;99309.84;99364.69;0.0;0.0;0.0;0.0;0.0;99350.59;0.0;0.0
18556;485069;2015-04-15;DAP;N15;0;0;0;0;0.0;0.0;98992.91;0.0;0.0;0.0;0.0;0.0;98978.86;0.0;0.0
18557;485070;2015-04-15;DAP;Q16;0;0;0;0;0.0;91897.56;91913.4;0.0;0.0;0.0;0.0;0.0;91900.36;0.0;0.0
18558;485071;2015-04-15;DAP;K17;1110;1110;0;0;0.0;88150.63;88197.97;0.0;0.0;0.0;0.0;0.0;88185.46;0.0;0.0
18559;485072;2015-04-15;DAP;Q18;0;0;0;0;0.0;81723.66;81869.72;0.0;0.0;0.0;0.0;0.0;81858.1;0.0;0.0
18560;485073;2015-04-15;DAP;K19;0;0;0;0;0.0;78130.98;78292.27;0.0;0.0;0.0;0.0;0.0;78281.16;0.0;0.0
18561;485074;2015-04-15;DAP;Q20;0;0;0;0;0.0;72941.57;73163.3;0.0;0.0;0.0;0.0;0.0;73152.92;0.0;0.0
18562;485075;2015-04-15;DAP;Q22;0;0;0;0;0.0;65142.26;65582.01;0.0;0.0;0.0;0.0;0.0;65572.71;0.0;0.0
18563;485076;2015-04-15;DAP;K24;0;0;0;0;0.0;58742.81;59226.46;0.0;0.0;0.0;0.0;0.0;59218.06;0.0;0.0
18564;485077;2015-04-16;DAP;K15;550;550;0;0;0.0;99704.88;99729.74;0.0;0.0;0.0;0.0;0.0;99715.58;0.0;0.0
18565;485078;2015-04-16;DAP;M15;0;0;0;0;0.0;99364.69;99398.61;0.0;0.0;0.0;0.0;0.0;99384.5;0.0;0.0
18566;485079;2015-04-16;DAP;N15;0;0;0;0;0.0;98992.91;99036.91;0.0;0.0;0.0;0.0;0.0;99022.85;0.0;0.0
18567;485080;2015-04-16;DAP;Q16;0;0;0;0;0.0;91913.4;91890.87;0.0;0.0;0.0;0.0;0.0;91877.82;0.0;0.0
18568;485081;2015-04-16;DAP;K17;1110;1110;0;0;0.0;88197.97;88167.9;0.0;0.0;0.0;0.0;0.0;88155.38;0.0;0.0
18569;485082;2015-04-16;DAP;Q18;0;0;0;0;0.0;81869.72;81787.23;0.0;0.0;0.0;0.0;0.0;81775.62;0.0;0.0
18570;485083;2015-04-16;DAP;K19;0;0;0;0;0.0;78292.27;78281.22;0.0;0.0;0.0;0.0;0.0;78270.11;0.0;0.0
18571;485084;2015-04-16;DAP;Q20;0;0;0;0;0.0;73163.3;73180.39;0.0;0.0;0.0;0.0;0.0;73170.0;0.0;0.0
18572;485085;2015-04-16;DAP;Q22;0;0;0;0;0.0;65582.01;65551.9;0.0;0.0;0.0;0.0;0.0;65542.59;0.0;0.0
18573;485086;2015-04-16;DAP;K24;0;0;0;0;0.0;59226.46;59139.22;0.0;0.0;0.0;0.0;0.0;59130.82;0.0;0.0
18574;485087;2015-04-17;DAP;K15;550;550;0;0;0.0;99729.74;99782.54;0.0;0.0;0.0;0.0;0.0;99768.36;0.0;0.0
18575;485088;2015-04-17;DAP;M15;0;0;0;0;0.0;99398.61;99493.83;0.0;0.0;0.0;0.0;0.0;99479.69;0.0;0.0
18576;485089;2015-04-17;DAP;N15;0;0;0;0;0.0;99036.91;99177.83;0.0;0.0;0.0;0.0;0.0;99163.74;0.0;0.0
18577;485090;2015-04-17;DAP;Q16;0;0;0;0;0.0;91890.87;91880.01;0.0;0.0;0.0;0.0;0.0;91866.96;0.0;0.0
18578;485091;2015-04-17;DAP;K17;1110;1110;0;0;0.0;88167.9;88138.04;0.0;0.0;0.0;0.0;0.0;88125.52;0.0;0.0
18579;485092;2015-04-17;DAP;Q18;0;0;0;0;0.0;81787.23;81705.11;0.0;0.0;0.0;0.0;0.0;81693.5;0.0;0.0
18580;485093;2015-04-17;DAP;K19;0;0;0;0;0.0;78281.22;78091.77;0.0;0.0;0.0;0.0;0.0;78080.67;0.0;0.0
18581;485094;2015-04-17;DAP;Q20;0;0;0;0;0.0;73180.39;72905.25;0.0;0.0;0.0;0.0;0.0;72894.89;0.0;0.0
18582;485095;2015-04-17;DAP;Q22;0;0;0;0;0.0;65551.9;65251.91;0.0;0.0;0.0;0.0;0.0;65242.64;0.0;0.0
18583;485096;2015-04-17;DAP;K24;0;0;0;0;0.0;59139.22;58851.43;0.0;0.0;0.0;0.0;0.0;58843.07;0.0;0.0
18584;485097;2015-04-20;DAP;K15;550;550;0;0;0.0;99782.54;99785.6;0.0;0.0;0.0;0.0;0.0;99771.45;0.0;0.0
18585;485098;2015-04-20;DAP;M15;0;0;0;0;0.0;99493.83;99483.48;0.0;0.0;0.0;0.0;0.0;99469.38;0.0;0.0
18586;485099;2015-04-20;DAP;N15;0;0;0;0;0.0;99177.83;99151.38;0.0;0.0;0.0;0.0;0.0;99137.32;0.0;0.0
18587;485100;2015-04-20;DAP;Q16;0;0;0;0;0.0;91880.01;91620.29;0.0;0.0;0.0;0.0;0.0;91607.3;0.0;0.0
18588;485101;2015-04-20;DAP;K17;1110;1110;0;0;0.0;88138.04;87701.11;0.0;0.0;0.0;0.0;0.0;87688.68;0.0;0.0
18589;485102;2015-04-20;DAP;Q18;0;0;0;0;0.0;81705.11;80967.1;0.0;0.0;0.0;0.0;0.0;80955.62;0.0;0.0
18590;485103;2015-04-20;DAP;K19;0;0;0;0;0.0;78091.77;77314.41;0.0;0.0;0.0;0.0;0.0;77303.45;0.0;0.0
18591;485104;2015-04-20;DAP;Q20;0;0;0;0;0.0;72905.25;72162.31;0.0;0.0;0.0;0.0;0.0;72152.08;0.0;0.0
18592;485105;2015-04-20;DAP;Q22;0;0;0;0;0.0;65251.91;64420.78;0.0;0.0;0.0;0.0;0.0;64411.65;0.0;0.0
18593;485106;2015-04-20;DAP;K24;0;0;0;0;0.0;58851.43;57676.54;0.0;0.0;0.0;0.0;0.0;57668.36;0.0;0.0
18594;485107;2015-04-22;DAP;K15;550;550;0;0;0.0;99785.6;99808.86;0.0;0.0;0.0;0.0;0.0;99794.68;0.0;0.0
18595;485108;2015-04-22;DAP;M15;0;0;0;0;0.0;99483.48;99517.03;0.0;0.0;0.0;0.0;0.0;99502.89;0.0;0.0
18596;485109;2015-04-22;DAP;N15;0;0;0;0;0.0;99151.38;99196.78;0.0;0.0;0.0;0.0;0.0;99182.69;0.0;0.0
18597;485110;2015-04-22;DAP;Q16;0;0;0;0;0.0;91620.29;91509.53;0.0;0.0;0.0;0.0;0.0;91496.53;0.0;0.0
18598;485111;2015-04-22;DAP;K17;1110;1110;0;0;0.0;87701.11;87554.8;0.0;0.0;0.0;0.0;0.0;87542.36;0.0;0.0
18599;485112;2015-04-22;DAP;Q18;0;0;0;0;0.0;80967.1;80862.38;0.0;0.0;0.0;0.0;0.0;80850.89;0.0;0.0
18600;485113;2015-04-22;DAP;K19;0;0;0;0;0.0;77314.41;77275.45;0.0;0.0;0.0;0.0;0.0;77264.47;0.0;0.0
18601;485114;2015-04-22;DAP;Q20;0;0;0;0;0.0;72162.31;72179.97;0.0;0.0;0.0;0.0;0.0;72169.71;0.0;0.0
18602;485115;2015-04-22;DAP;Q22;0;0;0;0;0.0;64420.78;64392.05;0.0;0.0;0.0;0.0;0.0;64382.9;0.0;0.0
18603;485116;2015-04-22;DAP;K24;0;0;0;0;0.0;57676.54;57837.59;0.0;0.0;0.0;0.0;0.0;57829.37;0.0;0.0
18604;485117;2015-04-23;DAP;K15;550;550;0;0;0.0;99808.86;99822.83;0.0;0.0;0.0;0.0;0.0;99808.66;0.0;0.0
18605;485118;2015-04-23;DAP;M15;0;0;0;0;0.0;99517.03;99530.8;0.0;0.0;0.0;0.0;0.0;99516.67;0.0;0.0
18606;485119;2015-04-23;DAP;N15;0;0;0;0;0.0;99196.78;99206.48;0.0;0.0;0.0;0.0;0.0;99192.39;0.0;0.0
18607;485120;2015-04-23;DAP;Q16;0;0;0;0;0.0;91509.53;91422.19;0.0;0.0;0.0;0.0;0.0;91409.21;0.0;0.0
18608;485121;2015-04-23;DAP;K17;1110;1110;0;0;0.0;87554.8;87426.26;0.0;0.0;0.0;0.0;0.0;87413.85;0.0;0.0
18609;485122;2015-04-23;DAP;Q18;0;0;0;0;0.0;80862.38;80833.03;0.0;0.0;0.0;0.0;0.0;80821.55;0.0;0.0
18610;485123;2015-04-23;DAP;K19;0;0;0;0;0.0;77275.45;77236.61;0.0;0.0;0.0;0.0;0.0;77225.64;0.0;0.0
18611;485124;2015-04-23;DAP;Q20;0;0;0;0;0.0;72179.97;72125.76;0.0;0.0;0.0;0.0;0.0;72115.52;0.0;0.0
18612;485125;2015-04-23;DAP;Q22;0;0;0;0;0.0;64392.05;64319.26;0.0;0.0;0.0;0.0;0.0;64310.13;0.0;0.0
18613;485126;2015-04-23;DAP;K24;0;0;0;0;0.0;57837.59;57802.46;0.0;0.0;0.0;0.0;0.0;57794.25;0.0;0.0
18614;485127;2015-04-24;DAP;K15;550;550;0;0;0.0;99822.83;99834.48;0.0;0.0;0.0;0.0;0.0;99820.33;0.0;0.0
18615;485128;2015-04-24;DAP;M15;0;0;0;0;0.0;99530.8;99536.77;0.0;0.0;0.0;0.0;0.0;99522.66;0.0;0.0
18616;485129;2015-04-24;DAP;N15;0;0;0;0;0.0;99206.48;99209.94;0.0;0.0;0.0;0.0;0.0;99195.87;0.0;0.0
18617;485130;2015-04-24;DAP;Q16;0;0;0;0;0.0;91422.19;91369.09;0.0;0.0;0.0;0.0;0.0;91356.14;0.0;0.0
18618;485131;2015-04-24;DAP;K17;1110;1110;0;0;0.0;87426.26;87382.13;0.0;0.0;0.0;0.0;0.0;87369.74;0.0;0.0
18619;485132;2015-04-24;DAP;Q18;0;0;0;0;0.0;80833.03;80704.12;0.0;0.0;0.0;0.0;0.0;80692.68;0.0;0.0
18620;485133;2015-04-24;DAP;K19;0;0;0;0;0.0;77236.61;77110.48;0.0;0.0;0.0;0.0;0.0;77099.55;0.0;0.0
18621;485134;2015-04-24;DAP;Q20;0;0;0;0;0.0;72125.76;72035.89;0.0;0.0;0.0;0.0;0.0;72025.68;0.0;0.0
18622;485135;2015-04-24;DAP;Q22;0;0;0;0;0.0;64319.26;64246.66;0.0;0.0;0.0;0.0;0.0;64237.55;0.0;0.0
18623;485136;2015-04-24;DAP;K24;0;0;0;0;0.0;57802.46;57816.4;0.0;0.0;0.0;0.0;0.0;57808.2;0.0;0.0
18624;485137;2015-04-27;DAP;K15;550;550;0;0;0.0;99834.48;99849.37;0.0;0.0;0.0;0.0;0.0;99835.14;0.0;0.0
18625;485138;2015-04-27;DAP;M15;0;0;0;0;0.0;99536.77;99552.11;0.0;0.0;0.0;0.0;0.0;99537.93;0.0;0.0
18626;485139;2015-04-27;DAP;N15;0;0;0;0;0.0;99209.94;99222.23;0.0;0.0;0.0;0.0;0.0;99208.09;0.0;0.0
18627;485140;2015-04-27;DAP;Q16;0;0;0;0;0.0;91369.09;91405.36;0.0;0.0;0.0;0.0;0.0;91392.34;0.0;0.0
18628;485141;2015-04-27;DAP;K17;1110;1110;0;0;0.0;87382.13;87538.76;0.0;0.0;0.0;0.0;0.0;87526.29;0.0;0.0
18629;485142;2015-04-27;DAP;Q18;0;0;0;0;0.0;80704.12;81024.33;0.0;0.0;0.0;0.0;0.0;81012.79;0.0;0.0
18630;485143;2015-04-27;DAP;K19;0;0;0;0;0.0;77110.48;77509.7;0.0;0.0;0.0;0.0;0.0;77498.66;0.0;0.0
18631;485144;2015-04-27;DAP;Q20;0;0;0;0;0.0;72035.89;72340.71;0.0;0.0;0.0;0.0;0.0;72330.4;0.0;0.0
18632;485145;2015-04-27;DAP;Q22;0;0;0;0;0.0;64246.66;64615.19;0.0;0.0;0.0;0.0;0.0;64605.98;0.0;0.0
18633;485146;2015-04-27;DAP;K24;0;0;0;0;0.0;57816.4;58224.04;0.0;0.0;0.0;0.0;0.0;58215.74;0.0;0.0
18634;485147;2015-04-28;DAP;K15;550;550;0;0;0.0;99849.37;99860.2;0.0;0.0;0.0;0.0;0.0;99845.97;0.0;0.0
18635;485148;2015-04-28;DAP;M15;0;0;0;0;0.0;99552.11;99555.1;0.0;0.0;0.0;0.0;0.0;99540.92;0.0;0.0
18636;485149;2015-04-28;DAP;N15;0;0;0;0;0.0;99222.23;99218.13;0.0;0.0;0.0;0.0;0.0;99203.99;0.0;0.0
18637;485150;2015-04-28;DAP;Q16;0;0;0;0;0.0;91405.36;91408.31;0.0;0.0;0.0;0.0;0.0;91395.29;0.0;0.0
18638;485151;2015-04-28;DAP;K17;1110;1110;0;0;0.0;87538.76;87578.16;0.0;0.0;0.0;0.0;0.0;87565.68;0.0;0.0
18639;485152;2015-04-28;DAP;Q18;0;0;0;0;0.0;81024.33;81019.94;0.0;0.0;0.0;0.0;0.0;81008.4;0.0;0.0
18640;485153;2015-04-28;DAP;K19;0;0;0;0;0.0;77509.7;77617.01;0.0;0.0;0.0;0.0;0.0;77605.95;0.0;0.0
18641;485154;2015-04-28;DAP;Q20;0;0;0;0;0.0;72340.71;72358.3;0.0;0.0;0.0;0.0;0.0;72347.99;0.0;0.0
18642;485155;2015-04-28;DAP;Q22;0;0;0;0;0.0;64615.19;64586.36;0.0;0.0;0.0;0.0;0.0;64577.16;0.0;0.0
18643;485156;2015-04-28;DAP;K24;0;0;0;0;0.0;58224.04;58237.91;0.0;0.0;0.0;0.0;0.0;58229.61;0.0;0.0
18644;485157;2015-04-29;DAP;K15;550;550;0;0;0.0;99860.2;99875.57;0.0;0.0;0.0;0.0;0.0;99861.33;0.0;0.0
18645;485158;2015-04-29;DAP;M15;0;0;0;0;0.0;99555.1;99570.62;0.0;0.0;0.0;0.0;0.0;99556.42;0.0;0.0
18646;485159;2015-04-29;DAP;N15;0;0;0;0;0.0;99218.13;99234.83;0.0;0.0;0.0;0.0;0.0;99220.68;0.0;0.0
18647;485160;2015-04-29;DAP;Q16;0;0;0;0;0.0;91408.31;91444.52;0.0;0.0;0.0;0.0;0.0;91431.48;0.0;0.0
18648;485161;2015-04-29;DAP;K17;1110;1110;0;0;0.0;87578.16;87650.88;0.0;0.0;0.0;0.0;0.0;87638.38;0.0;0.0
18649;485162;2015-04-29;DAP;Q18;0;0;0;0;0.0;81019.94;81190.41;0.0;0.0;0.0;0.0;0.0;81178.83;0.0;0.0
18650;485163;2015-04-29;DAP;K19;0;0;0;0;0.0;77617.01;77812.32;0.0;0.0;0.0;0.0;0.0;77801.23;0.0;0.0
18651;485164;2015-04-29;DAP;Q20;0;0;0;0;0.0;72358.3;72483.78;0.0;0.0;0.0;0.0;0.0;72473.45;0.0;0.0
18652;485165;2015-04-29;DAP;Q22;0;0;0;0;0.0;64586.36;64778.86;0.0;0.0;0.0;0.0;0.0;64769.62;0.0;0.0
18653;485166;2015-04-29;DAP;K24;0;0;0;0;0.0;58237.91;58350.63;0.0;0.0;0.0;0.0;0.0;58342.31;0.0;0.0
18654;485167;2015-04-30;DAP;K15;550;550;0;0;0.0;99875.57;99889.9;0.0;0.0;0.0;0.0;0.0;99873.93;0.0;0.0
18655;485168;2015-04-30;DAP;M15;0;0;0;0;0.0;99570.62;99583.19;0.0;0.0;0.0;0.0;0.0;99567.27;0.0;0.0
18656;485169;2015-04-30;DAP;N15;0;0;0;0;0.0;99234.83;99245.28;0.0;0.0;0.0;0.0;0.0;99229.41;0.0;0.0
18657;485170;2015-04-30;DAP;Q16;0;0;0;0;0.0;91444.52;91262.51;0.0;0.0;0.0;0.0;0.0;91247.92;0.0;0.0
18658;485171;2015-04-30;DAP;K17;1110;1110;0;0;0.0;87650.88;87392.44;0.0;0.0;0.0;0.0;0.0;87378.47;0.0;0.0
18659;485172;2015-04-30;DAP;Q18;0;0;0;0;0.0;81190.41;80714.67;0.0;0.0;0.0;0.0;0.0;80701.77;0.0;0.0
18660;485173;2015-04-30;DAP;K19;0;0;0;0;0.0;77812.32;77249.05;0.0;0.0;0.0;0.0;0.0;77236.7;0.0;0.0
18661;485174;2015-04-30;DAP;Q20;0;0;0;0;0.0;72483.78;71929.72;0.0;0.0;0.0;0.0;0.0;71918.22;0.0;0.0
18662;485175;2015-04-30;DAP;Q22;0;0;0;0;0.0;64778.86;64265.93;0.0;0.0;0.0;0.0;0.0;64255.66;0.0;0.0
18663;485176;2015-04-30;DAP;K24;0;0;0;0;0.0;58350.63;57873.28;0.0;0.0;0.0;0.0;0.0;57864.03;0.0;0.0
18664;485177;2015-05-04;DAP;K15;550;550;0;0;0.0;99889.9;99904.22;0.0;0.0;0.0;0.0;0.0;99888.26;0.0;0.0
18665;485178;2015-05-04;DAP;M15;0;0;0;0;0.0;99583.19;99593.15;0.0;0.0;0.0;0.0;0.0;99577.24;0.0;0.0
18666;485179;2015-05-04;DAP;N15;0;0;0;0;0.0;99245.28;99252.3;0.0;0.0;0.0;0.0;0.0;99236.44;0.0;0.0
18667;485180;2015-05-04;DAP;Q16;0;0;0;0;0.0;91262.51;91299.16;0.0;0.0;0.0;0.0;0.0;91284.57;0.0;0.0
18668;485181;2015-05-04;DAP;K17;1110;1110;0;0;0.0;87392.44;87398.96;0.0;0.0;0.0;0.0;0.0;87385.0;0.0;0.0
18669;485182;2015-05-04;DAP;Q18;0;0;0;0;0.0;80714.67;80661.39;0.0;0.0;0.0;0.0;0.0;80648.5;0.0;0.0
18670;485183;2015-05-04;DAP;K19;0;0;0;0;0.0;77249.05;77181.72;0.0;0.0;0.0;0.0;0.0;77169.39;0.0;0.0
18671;485184;2015-05-04;DAP;Q20;0;0;0;0;0.0;71929.72;71876.36;0.0;0.0;0.0;0.0;0.0;71864.88;0.0;0.0
18672;485185;2015-05-04;DAP;Q22;0;0;0;0;0.0;64265.93;64149.92;0.0;0.0;0.0;0.0;0.0;64139.67;0.0;0.0
18673;485186;2015-05-04;DAP;K24;0;0;0;0;0.0;57873.28;57691.69;0.0;0.0;0.0;0.0;0.0;57682.47;0.0;0.0
18674;485187;2015-05-05;DAP;K15;550;550;0;0;0.0;99904.22;99920.09;0.0;0.0;0.0;0.0;0.0;99904.05;0.0;0.0
18675;485188;2015-05-05;DAP;M15;0;0;0;0;0.0;99593.15;99610.98;0.0;0.0;0.0;0.0;0.0;99594.99;0.0;0.0
18676;485189;2015-05-05;DAP;N15;0;0;0;0;0.0;99252.3;99272.98;0.0;0.0;0.0;0.0;0.0;99257.04;0.0;0.0
18677;485190;2015-05-05;DAP;Q16;0;0;0;0;0.0;91299.16;91390.39;0.0;0.0;0.0;0.0;0.0;91375.72;0.0;0.0
18678;485191;2015-05-05;DAP;K17;1110;1110;0;0;0.0;87398.96;87554.45;0.0;0.0;0.0;0.0;0.0;87540.39;0.0;0.0
18679;485192;2015-05-05;DAP;Q18;0;0;0;0;0.0;80661.39;80806.13;0.0;0.0;0.0;0.0;0.0;80793.15;0.0;0.0
18680;485193;2015-05-05;DAP;K19;0;0;0;0;0.0;77181.72;77288.58;0.0;0.0;0.0;0.0;0.0;77276.17;0.0;0.0
18681;485194;2015-05-05;DAP;Q20;0;0;0;0;0.0;71876.36;71929.87;0.0;0.0;0.0;0.0;0.0;71918.32;0.0;0.0
18682;485195;2015-05-05;DAP;Q22;0;0;0;0;0.0;64149.92;64165.55;0.0;0.0;0.0;0.0;0.0;64155.25;0.0;0.0
18683;485196;2015-05-05;DAP;K24;0;0;0;0;0.0;57691.69;57803.41;0.0;0.0;0.0;0.0;0.0;57794.13;0.0;0.0
18684;485197;2015-05-06;DAP;K15;550;550;0;0;0.0;99920.09;99935.87;0.0;0.0;0.0;0.0;0.0;99919.81;0.0;0.0
18685;485198;2015-05-06;DAP;M15;0;0;0;0;0.0;99610.98;99627.5;0.0;0.0;0.0;0.0;0.0;99611.49;0.0;0.0
18686;485199;2015-05-06;DAP;N15;0;0;0;0;0.0;99272.98;99289.66;0.0;0.0;0.0;0.0;0.0;99273.71;0.0;0.0
18687;485200;2015-05-06;DAP;Q16;0;0;0;0;0.0;91390.39;91459.5;0.0;0.0;0.0;0.0;0.0;91444.8;0.0;0.0
18688;485201;2015-05-06;DAP;K17;1110;1110;0;0;0.0;87554.45;87643.5;0.0;0.0;0.0;0.0;0.0;87629.42;0.0;0.0
18689;485202;2015-05-06;DAP;Q18;0;0;0;0;0.0;80806.13;80975.61;0.0;0.0;0.0;0.0;0.0;80962.6;0.0;0.0
18690;485203;2015-05-06;DAP;K19;0;0;0;0;0.0;77288.58;77366.36;0.0;0.0;0.0;0.0;0.0;77353.93;0.0;0.0
18691;485204;2015-05-06;DAP;Q20;0;0;0;0;0.0;71929.87;71947.75;0.0;0.0;0.0;0.0;0.0;71936.19;0.0;0.0
18692;485205;2015-05-06;DAP;Q22;0;0;0;0;0.0;64165.55;64224.93;0.0;0.0;0.0;0.0;0.0;64214.61;0.0;0.0
18693;485206;2015-05-06;DAP;K24;0;0;0;0;0.0;57803.41;57866.31;0.0;0.0;0.0;0.0;0.0;57857.01;0.0;0.0
18694;485207;2015-05-07;DAP;K15;550;550;0;0;0.0;99935.87;99913.51;0.0;0.0;0.0;0.0;0.0;99934.73;0.0;0.0
18695;485208;2015-05-07;DAP;M15;0;0;0;0;0.0;99627.5;99602.72;0.0;0.0;0.0;0.0;0.0;99623.87;0.0;0.0
18696;485209;2015-05-07;DAP;N15;0;0;0;0;0.0;99289.66;99261.93;0.0;0.0;0.0;0.0;0.0;99283.01;0.0;0.0
18697;485210;2015-05-07;DAP;Q16;0;0;0;0;0.0;91459.5;91331.45;0.0;0.0;0.0;0.0;0.0;91350.84;0.0;0.0
18698;485211;2015-05-07;DAP;K17;1110;1110;0;0;0.0;87643.5;87501.64;0.0;0.0;0.0;0.0;0.0;87520.22;0.0;0.0
18699;485212;2015-05-07;DAP;Q18;0;0;0;0;0.0;80975.61;80891.96;0.0;0.0;0.0;0.0;0.0;80909.14;0.0;0.0
18700;485213;2015-05-07;DAP;K19;0;0;0;0;0.0;77366.36;77241.36;0.0;0.0;0.0;0.0;0.0;77257.76;0.0;0.0
18701;485214;2015-05-07;DAP;Q20;0;0;0;0;0.0;71947.75;71938.78;0.0;0.0;0.0;0.0;0.0;71954.06;0.0;0.0
18702;485215;2015-05-07;DAP;Q22;0;0;0;0;0.0;64224.93;64129.06;0.0;0.0;0.0;0.0;0.0;64142.68;0.0;0.0
18703;485216;2015-05-07;DAP;K24;0;0;0;0;0.0;57866.31;57761.02;0.0;0.0;0.0;0.0;0.0;57773.29;0.0;0.0
18704;485217;2015-05-08;DAP;K15;550;550;0;0;0.0;99913.51;99939.6;0.0;0.0;0.0;0.0;0.0;99926.03;0.0;0.0
18705;485218;2015-05-08;DAP;M15;0;0;0;0;0.0;99602.72;99638.5;0.0;0.0;0.0;0.0;0.0;99624.97;0.0;0.0
18706;485219;2015-05-08;DAP;N15;0;0;0;0;0.0;99261.93;99307.81;0.0;0.0;0.0;0.0;0.0;99294.33;0.0;0.0
18707;485220;2015-05-08;DAP;Q16;0;0;0;0;0.0;91331.45;91475.54;0.0;0.0;0.0;0.0;0.0;91463.12;0.0;0.0
18708;485221;2015-05-08;DAP;K17;1110;1110;0;0;0.0;87501.64;87719.89;0.0;0.0;0.0;0.0;0.0;87707.98;0.0;0.0
18709;485222;2015-05-08;DAP;Q18;0;0;0;0;0.0;80891.96;81163.79;0.0;0.0;0.0;0.0;0.0;81152.77;0.0;0.0
18710;485223;2015-05-08;DAP;K19;0;0;0;0;0.0;77241.36;77548.92;0.0;0.0;0.0;0.0;0.0;77538.39;0.0;0.0
18711;485224;2015-05-08;DAP;Q20;0;0;0;0;0.0;71938.78;72230.89;0.0;0.0;0.0;0.0;0.0;72221.08;0.0;0.0
18712;485225;2015-05-08;DAP;Q22;0;0;0;0;0.0;64129.06;64517.74;0.0;0.0;0.0;0.0;0.0;64508.98;0.0;0.0
18713;485226;2015-05-08;DAP;K24;0;0;0;0;0.0;57761.02;58532.38;0.0;0.0;0.0;0.0;0.0;58524.43;0.0;0.0
18714;485227;2015-05-11;DAP;K15;550;550;0;0;0.0;99939.6;99952.39;0.0;0.0;0.0;0.0;0.0;99938.83;0.0;0.0
18715;485228;2015-05-11;DAP;M15;0;0;0;0;0.0;99638.5;99636.13;0.0;0.0;0.0;0.0;0.0;99622.61;0.0;0.0
18716;485229;2015-05-11;DAP;N15;0;0;0;0;0.0;99307.81;99289.64;0.0;0.0;0.0;0.0;0.0;99276.17;0.0;0.0
18717;485230;2015-05-11;DAP;Q16;0;0;0;0;0.0;91475.54;91522.64;0.0;0.0;0.0;0.0;0.0;91510.22;0.0;0.0
18718;485231;2015-05-11;DAP;K17;1110;1110;0;0;0.0;87719.89;87709.68;0.0;0.0;0.0;0.0;0.0;87697.78;0.0;0.0
18719;485232;2015-05-11;DAP;Q18;0;0;0;0;0.0;81163.79;81060.67;0.0;0.0;0.0;0.0;0.0;81049.67;0.0;0.0
18720;485233;2015-05-11;DAP;K19;0;0;0;0;0.0;77548.92;77365.68;0.0;0.0;0.0;0.0;0.0;77355.18;0.0;0.0
18721;485234;2015-05-11;DAP;Q20;0;0;0;0;0.0;72230.89;72035.1;0.0;0.0;0.0;0.0;0.0;72025.33;0.0;0.0
18722;485235;2015-05-11;DAP;Q22;0;0;0;0;0.0;64517.74;64313.83;0.0;0.0;0.0;0.0;0.0;64305.1;0.0;0.0
18723;485236;2015-05-11;DAP;K24;0;0;0;0;0.0;58532.38;58200.97;0.0;0.0;0.0;0.0;0.0;58193.07;0.0;0.0
18724;485237;2015-05-12;DAP;K15;550;550;0;0;0.0;99952.39;99967.12;0.0;0.0;0.0;0.0;0.0;99953.55;0.0;0.0
18725;485238;2015-05-12;DAP;M15;0;0;0;0;0.0;99636.13;99638.73;0.0;0.0;0.0;0.0;0.0;99625.2;0.0;0.0
18726;485239;2015-05-12;DAP;N15;0;0;0;0;0.0;99289.64;99279.79;0.0;0.0;0.0;0.0;0.0;99266.31;0.0;0.0
18727;485240;2015-05-12;DAP;Q16;0;0;0;0;0.0;91522.64;91505.04;0.0;0.0;0.0;0.0;0.0;91492.62;0.0;0.0
18728;485241;2015-05-12;DAP;K17;1110;1110;0;0;0.0;87709.68;87683.22;0.0;0.0;0.0;0.0;0.0;87671.31;0.0;0.0
18729;485242;2015-05-12;DAP;Q18;0;0;0;0;0.0;81060.67;80958.05;0.0;0.0;0.0;0.0;0.0;80947.06;0.0;0.0
18730;485243;2015-05-12;DAP;K19;0;0;0;0;0.0;77365.68;77269.93;0.0;0.0;0.0;0.0;0.0;77259.44;0.0;0.0
18731;485244;2015-05-12;DAP;Q20;0;0;0;0;0.0;72035.1;71911.11;0.0;0.0;0.0;0.0;0.0;71901.35;0.0;0.0
18732;485245;2015-05-12;DAP;Q22;0;0;0;0;0.0;64313.83;64154.54;0.0;0.0;0.0;0.0;0.0;64145.83;0.0;0.0
18733;485246;2015-05-12;DAP;K24;0;0;0;0;0.0;58200.97;57920.83;0.0;0.0;0.0;0.0;0.0;57912.97;0.0;0.0
18734;485247;2015-05-13;DAP;K15;550;550;0;0;0.0;99967.12;99983.36;0.0;0.0;0.0;0.0;0.0;99969.79;0.0;0.0
18735;485248;2015-05-13;DAP;M15;0;0;0;0;0.0;99638.73;99652.48;0.0;0.0;0.0;0.0;0.0;99638.96;0.0;0.0
18736;485249;2015-05-13;DAP;N15;0;0;0;0;0.0;99279.79;99289.38;0.0;0.0;0.0;0.0;0.0;99275.91;0.0;0.0
18737;485250;2015-05-13;DAP;Q16;0;0;0;0;0.0;91505.04;91530.62;0.0;0.0;0.0;0.0;0.0;91518.2;0.0;0.0
18738;485251;2015-05-13;DAP;K17;1110;1110;0;0;0.0;87683.22;87722.49;0.0;0.0;0.0;0.0;0.0;87710.59;0.0;0.0
18739;485252;2015-05-13;DAP;Q18;0;0;0;0;0.0;80958.05;81077.55;0.0;0.0;0.0;0.0;0.0;81066.55;0.0;0.0
18740;485253;2015-05-13;DAP;K19;0;0;0;0;0.0;77269.93;77347.47;0.0;0.0;0.0;0.0;0.0;77336.98;0.0;0.0
18741;485254;2015-05-13;DAP;Q20;0;0;0;0;0.0;71911.11;71929.05;0.0;0.0;0.0;0.0;0.0;71919.29;0.0;0.0
18742;485255;2015-05-13;DAP;Q22;0;0;0;0;0.0;64154.54;64170.17;0.0;0.0;0.0;0.0;0.0;64161.46;0.0;0.0
18743;485256;2015-05-13;DAP;K24;0;0;0;0;0.0;57920.83;57983.72;0.0;0.0;0.0;0.0;0.0;57975.85;0.0;0.0
18744;485257;2015-05-14;DAP;K15;550;550;0;0;0.0;99983.36;99999.91;0.0;0.0;0.0;0.0;0.0;99986.35;0.0;0.0
18745;485258;2015-05-14;DAP;M15;0;0;0;0;0.0;99652.48;99672.04;0.0;0.0;0.0;0.0;0.0;99658.53;0.0;0.0
18746;485259;2015-05-14;DAP;N15;0;0;0;0;0.0;99289.38;99312.27;0.0;0.0;0.0;0.0;0.0;99298.81;0.0;0.0
18747;485260;2015-05-14;DAP;Q16;0;0;0;0;0.0;91530.62;91706.22;0.0;0.0;0.0;0.0;0.0;91693.79;0.0;0.0
18748;485261;2015-05-14;DAP;K17;1110;1110;0;0;0.0;87722.49;88057.18;0.0;0.0;0.0;0.0;0.0;88045.24;0.0;0.0
18749;485262;2015-05-14;DAP;Q18;0;0;0;0;0.0;81077.55;81618.09;0.0;0.0;0.0;0.0;0.0;81607.02;0.0;0.0
18750;485263;2015-05-14;DAP;K19;0;0;0;0;0.0;77347.47;78005.02;0.0;0.0;0.0;0.0;0.0;77994.44;0.0;0.0
18751;485264;2015-05-14;DAP;Q20;0;0;0;0;0.0;71929.05;72694.77;0.0;0.0;0.0;0.0;0.0;72684.91;0.0;0.0
18752;485265;2015-05-14;DAP;Q22;0;0;0;0;0.0;64170.17;64976.46;0.0;0.0;0.0;0.0;0.0;64967.65;0.0;0.0
18753;485266;2015-05-14;DAP;K24;0;0;0;0;0.0;57983.72;58736.41;0.0;0.0;0.0;0.0;0.0;58728.45;0.0;0.0
18754;485267;2015-05-15;DAP;K15;550;0;0;0;0.0;99999.91;;0.0;0.0;0.0;0.0;0.0;100000.0;0.0;0.0
18755;485268;2015-05-15;DAP;M15;0;0;0;0;0.0;99672.04;99699.01;0.0;0.0;0.0;0.0;0.0;99677.05;0.0;0.0
18756;485269;2015-05-15;DAP;N15;0;0;0;0;0.0;99312.27;99341.7;0.0;0.0;0.0;0.0;0.0;99319.82;0.0;0.0
18757;485270;2015-05-15;DAP;Q16;0;0;0;0;0.0;91706.22;91867.74;0.0;0.0;0.0;0.0;0.0;91847.51;0.0;0.0
18758;485271;2015-05-15;DAP;K17;1110;1110;0;0;0.0;88057.18;88267.96;0.0;0.0;0.0;0.0;0.0;88248.52;0.0;0.0
18759;485272;2015-05-15;DAP;Q18;0;0;0;0;0.0;81618.09;81968.94;0.0;0.0;0.0;0.0;0.0;81950.89;0.0;0.0
18760;485273;2015-05-15;DAP;K19;0;0;0;0;0.0;78005.02;78352.1;0.0;0.0;0.0;0.0;0.0;78334.84;0.0;0.0
18761;485274;2015-05-15;DAP;Q20;0;0;0;0;0.0;72694.77;73041.67;0.0;0.0;0.0;0.0;0.0;73025.58;0.0;0.0
18762;485275;2015-05-15;DAP;Q22;0;0;0;0;0.0;64976.46;65263.3;0.0;0.0;0.0;0.0;0.0;65248.93;0.0;0.0
18763;485276;2015-05-15;DAP;K24;0;0;0;0;0.0;58736.41;59153.44;0.0;0.0;0.0;0.0;0.0;59140.41;0.0;0.0
18764;485277;2015-05-18;DAP;M15;0;0;0;0;0.0;99699.01;99713.67;0.0;0.0;0.0;0.0;0.0;99691.73;0.0;0.0
18765;485278;2015-05-18;DAP;N15;0;0;0;0;0.0;99341.7;99354.72;0.0;0.0;0.0;0.0;0.0;99332.86;0.0;0.0
18766;485279;2015-05-18;DAP;Q16;0;0;0;0;0.0;91867.74;91785.67;0.0;0.0;0.0;0.0;0.0;91765.47;0.0;0.0
18767;485280;2015-05-18;DAP;K17;1110;1110;0;0;0.0;88267.96;88125.7;0.0;0.0;0.0;0.0;0.0;88106.31;0.0;0.0
18768;485281;2015-05-18;DAP;Q18;0;0;0;0;0.0;81968.94;81640.81;0.0;0.0;0.0;0.0;0.0;81622.84;0.0;0.0
18769;485282;2015-05-18;DAP;K19;0;0;0;0;0.0;78352.1;77905.01;0.0;0.0;0.0;0.0;0.0;77887.87;0.0;0.0
18770;485283;2015-05-18;DAP;Q20;0;0;0;0;0.0;73041.67;72450.38;0.0;0.0;0.0;0.0;0.0;72434.44;0.0;0.0
18771;485284;2015-05-18;DAP;Q22;0;0;0;0;0.0;65263.3;64616.24;0.0;0.0;0.0;0.0;0.0;64602.02;0.0;0.0
18772;485285;2015-05-18;DAP;K24;0;0;0;0;0.0;59153.44;58423.17;0.0;0.0;0.0;0.0;0.0;58410.31;0.0;0.0
18773;485286;2015-05-19;DAP;M15;0;0;0;0;0.0;99713.67;99729.89;0.0;0.0;0.0;0.0;0.0;99707.93;0.0;0.0
18774;485287;2015-05-19;DAP;N15;0;0;0;0;0.0;99354.72;99370.96;0.0;0.0;0.0;0.0;0.0;99349.08;0.0;0.0
18775;485288;2015-05-19;DAP;Q16;0;0;0;0;0.0;91785.67;91778.89;0.0;0.0;0.0;0.0;0.0;91758.68;0.0;0.0
18776;485289;2015-05-19;DAP;K17;1110;1110;0;0;0.0;88125.7;88049.86;0.0;0.0;0.0;0.0;0.0;88030.48;0.0;0.0
18777;485290;2015-05-19;DAP;Q18;0;0;0;0;0.0;81640.81;81413.92;0.0;0.0;0.0;0.0;0.0;81396.0;0.0;0.0
18778;485291;2015-05-19;DAP;K19;0;0;0;0;0.0;77905.01;77750.7;0.0;0.0;0.0;0.0;0.0;77733.58;0.0;0.0
18779;485292;2015-05-19;DAP;Q20;0;0;0;0;0.0;72450.38;72290.33;0.0;0.0;0.0;0.0;0.0;72274.42;0.0;0.0
18780;485293;2015-05-19;DAP;Q22;0;0;0;0;0.0;64616.24;64587.9;0.0;0.0;0.0;0.0;0.0;64573.68;0.0;0.0
18781;485294;2015-05-19;DAP;K24;0;0;0;0;0.0;58423.17;58240.49;0.0;0.0;0.0;0.0;0.0;58227.67;0.0;0.0
18782;485295;2015-05-20;DAP;M15;0;0;0;0;0.0;99729.89;99748.68;0.0;0.0;0.0;0.0;0.0;99726.71;0.0;0.0
18783;485296;2015-05-20;DAP;N15;0;0;0;0;0.0;99370.96;99393.1;0.0;0.0;0.0;0.0;0.0;99371.21;0.0;0.0
18784;485297;2015-05-20;DAP;Q16;0;0;0;0;0.0;91778.89;91942.18;0.0;0.0;0.0;0.0;0.0;91921.93;0.0;0.0
18785;485298;2015-05-20;DAP;K17;1110;1110;0;0;0.0;88049.86;88252.16;0.0;0.0;0.0;0.0;0.0;88232.72;0.0;0.0
18786;485299;2015-05-20;DAP;Q18;0;0;0;0;0.0;81413.92;81731.03;0.0;0.0;0.0;0.0;0.0;81713.03;0.0;0.0
18787;485300;2015-05-20;DAP;K19;0;0;0;0;0.0;77750.7;78089.06;0.0;0.0;0.0;0.0;0.0;78071.86;0.0;0.0
18788;485301;2015-05-20;DAP;Q20;0;0;0;0;0.0;72290.33;72664.06;0.0;0.0;0.0;0.0;0.0;72648.06;0.0;0.0
18789;485302;2015-05-20;DAP;Q22;0;0;0;0;0.0;64587.9;64999.39;0.0;0.0;0.0;0.0;0.0;64985.07;0.0;0.0
18790;485303;2015-05-20;DAP;K24;0;0;0;0;0.0;58240.49;58648.34;0.0;0.0;0.0;0.0;0.0;58635.42;0.0;0.0
18791;485304;2015-05-21;DAP;M15;0;0;0;0;0.0;99748.68;99765.36;0.0;0.0;0.0;0.0;0.0;99743.38;0.0;0.0
18792;485305;2015-05-21;DAP;N15;0;0;0;0;0.0;99393.1;99410.63;0.0;0.0;0.0;0.0;0.0;99388.72;0.0;0.0
18793;485306;2015-05-21;DAP;Q16;0;0;0;0;0.0;91942.18;91977.62;0.0;0.0;0.0;0.0;0.0;91957.35;0.0;0.0
18794;485307;2015-05-21;DAP;K17;1110;1110;0;0;0.0;88252.16;88290.7;0.0;0.0;0.0;0.0;0.0;88271.25;0.0;0.0
18795;485308;2015-05-21;DAP;Q18;0;0;0;0;0.0;81731.03;81825.62;0.0;0.0;0.0;0.0;0.0;81807.59;0.0;0.0
18796;485309;2015-05-21;DAP;K19;0;0;0;0;0.0;78089.06;78166.52;0.0;0.0;0.0;0.0;0.0;78149.3;0.0;0.0
18797;485310;2015-05-21;DAP;Q20;0;0;0;0;0.0;72664.06;72717.41;0.0;0.0;0.0;0.0;0.0;72701.39;0.0;0.0
18798;485311;2015-05-21;DAP;Q22;0;0;0;0;0.0;64999.39;64882.57;0.0;0.0;0.0;0.0;0.0;64868.27;0.0;0.0
18799;485312;2015-05-21;DAP;K24;0;0;0;0;0.0;58648.34;58662.24;0.0;0.0;0.0;0.0;0.0;58649.31;0.0;0.0
18800;485313;2015-05-22;DAP;M15;0;0;0;0;0.0;99765.36;99781.94;0.0;0.0;0.0;0.0;0.0;99759.97;0.0;0.0
18801;485314;2015-05-22;DAP;N15;0;0;0;0;0.0;99410.63;99426.65;0.0;0.0;0.0;0.0;0.0;99404.76;0.0;0.0
18802;485315;2015-05-22;DAP;Q16;0;0;0;0;0.0;91977.62;91991.82;0.0;0.0;0.0;0.0;0.0;91971.57;0.0;0.0
18803;485316;2015-05-22;DAP;K17;1110;1110;0;0;0.0;88290.7;88361.82;0.0;0.0;0.0;0.0;0.0;88342.37;0.0;0.0
18804;485317;2015-05-22;DAP;Q18;0;0;0;0;0.0;81825.62;81920.12;0.0;0.0;0.0;0.0;0.0;81902.09;0.0;0.0
18805;485318;2015-05-22;DAP;K19;0;0;0;0;0.0;78166.52;78243.95;0.0;0.0;0.0;0.0;0.0;78226.72;0.0;0.0
18806;485319;2015-05-22;DAP;Q20;0;0;0;0;0.0;72717.41;72806.43;0.0;0.0;0.0;0.0;0.0;72790.4;0.0;0.0
18807;485320;2015-05-22;DAP;Q22;0;0;0;0;0.0;64882.57;65251.25;0.0;0.0;0.0;0.0;0.0;65236.88;0.0;0.0
18808;485321;2015-05-22;DAP;K24;0;0;0;0;0.0;58662.24;59072.78;0.0;0.0;0.0;0.0;0.0;59059.78;0.0;0.0
18809;485322;2015-05-25;DAP;M15;0;0;0;0;0.0;99781.94;99798.46;0.0;0.0;0.0;0.0;0.0;99776.48;0.0;0.0
18810;485323;2015-05-25;DAP;N15;0;0;0;0;0.0;99426.65;99444.06;0.0;0.0;0.0;0.0;0.0;99422.16;0.0;0.0
18811;485324;2015-05-25;DAP;Q16;0;0;0;0;0.0;91991.82;91995.59;0.0;0.0;0.0;0.0;0.0;91975.33;0.0;0.0
18812;485325;2015-05-25;DAP;K17;1110;1110;0;0;0.0;88361.82;88351.32;0.0;0.0;0.0;0.0;0.0;88331.86;0.0;0.0
18813;485326;2015-05-25;DAP;Q18;0;0;0;0;0.0;81920.12;81940.31;0.0;0.0;0.0;0.0;0.0;81922.26;0.0;0.0
18814;485327;2015-05-25;DAP;K19;0;0;0;0;0.0;78243.95;78263.25;0.0;0.0;0.0;0.0;0.0;78246.01;0.0;0.0
18815;485328;2015-05-25;DAP;Q20;0;0;0;0;0.0;72806.43;72752.67;0.0;0.0;0.0;0.0;0.0;72736.65;0.0;0.0
18816;485329;2015-05-25;DAP;Q22;0;0;0;0;0.0;65251.25;64957.52;0.0;0.0;0.0;0.0;0.0;64943.21;0.0;0.0
18817;485330;2015-05-25;DAP;K24;0;0;0;0;0.0;59072.78;58739.43;0.0;0.0;0.0;0.0;0.0;58726.49;0.0;0.0
18818;485331;2015-05-26;DAP;M15;0;0;0;0;0.0;99798.46;99815.38;0.0;0.0;0.0;0.0;0.0;99793.42;0.0;0.0
18819;485332;2015-05-26;DAP;N15;0;0;0;0;0.0;99444.06;99462.71;0.0;0.0;0.0;0.0;0.0;99440.82;0.0;0.0
18820;485333;2015-05-26;DAP;Q16;0;0;0;0;0.0;91995.59;92073.04;0.0;0.0;0.0;0.0;0.0;92052.78;0.0;0.0
18821;485334;2015-05-26;DAP;K17;1110;1110;0;0;0.0;88351.32;88438.54;0.0;0.0;0.0;0.0;0.0;88419.08;0.0;0.0
18822;485335;2015-05-26;DAP;Q18;0;0;0;0;0.0;81940.31;82133.8;0.0;0.0;0.0;0.0;0.0;82115.73;0.0;0.0
18823;485336;2015-05-26;DAP;K19;0;0;0;0;0.0;78263.25;78485.98;0.0;0.0;0.0;0.0;0.0;78468.71;0.0;0.0
18824;485337;2015-05-26;DAP;Q20;0;0;0;0;0.0;72752.67;72877.32;0.0;0.0;0.0;0.0;0.0;72861.28;0.0;0.0
18825;485338;2015-05-26;DAP;Q22;0;0;0;0;0.0;64957.52;65061.08;0.0;0.0;0.0;0.0;0.0;65046.76;0.0;0.0
18826;485339;2015-05-26;DAP;K24;0;0;0;0;0.0;58739.43;58605.25;0.0;0.0;0.0;0.0;0.0;58592.35;0.0;0.0
18827;485340;2015-05-27;DAP;M15;0;0;0;0;0.0;99815.38;99831.73;0.0;0.0;0.0;0.0;0.0;99809.75;0.0;0.0
18828;485341;2015-05-27;DAP;N15;0;0;0;0;0.0;99462.71;99478.65;0.0;0.0;0.0;0.0;0.0;99456.75;0.0;0.0
18829;485342;2015-05-27;DAP;Q16;0;0;0;0;0.0;92073.04;92087.32;0.0;0.0;0.0;0.0;0.0;92067.05;0.0;0.0
18830;485343;2015-05-27;DAP;K17;1110;1110;0;0;0.0;88438.54;88460.58;0.0;0.0;0.0;0.0;0.0;88441.11;0.0;0.0
18831;485344;2015-05-27;DAP;Q18;0;0;0;0;0.0;82133.8;82054.8;0.0;0.0;0.0;0.0;0.0;82036.74;0.0;0.0
18832;485345;2015-05-27;DAP;K19;0;0;0;0;0.0;78485.98;78359.85;0.0;0.0;0.0;0.0;0.0;78342.6;0.0;0.0
18833;485346;2015-05-27;DAP;Q20;0;0;0;0;0.0;72877.32;72645.62;0.0;0.0;0.0;0.0;0.0;72629.63;0.0;0.0
18834;485347;2015-05-27;DAP;Q22;0;0;0;0;0.0;65061.08;64988.43;0.0;0.0;0.0;0.0;0.0;64974.12;0.0;0.0
18835;485348;2015-05-27;DAP;K24;0;0;0;0;0.0;58605.25;59213.81;0.0;0.0;0.0;0.0;0.0;59200.77;0.0;0.0
18836;485349;2015-05-28;DAP;M15;0;0;0;0;0.0;99831.73;99848.42;0.0;0.0;0.0;0.0;0.0;99826.43;0.0;0.0
18837;485350;2015-05-28;DAP;N15;0;0;0;0;0.0;99478.65;99497.1;0.0;0.0;0.0;0.0;0.0;99475.19;0.0;0.0
18838;485351;2015-05-28;DAP;Q16;0;0;0;0;0.0;92087.32;92153.95;0.0;0.0;0.0;0.0;0.0;92133.65;0.0;0.0
18839;485352;2015-05-28;DAP;K17;1110;1110;0;0;0.0;88460.58;88563.82;0.0;0.0;0.0;0.0;0.0;88544.31;0.0;0.0
18840;485353;2015-05-28;DAP;Q18;0;0;0;0;0.0;82054.8;82173.84;0.0;0.0;0.0;0.0;0.0;82155.74;0.0;0.0
18841;485354;2015-05-28;DAP;K19;0;0;0;0;0.0;78359.85;78495.24;0.0;0.0;0.0;0.0;0.0;78477.95;0.0;0.0
18842;485355;2015-05-28;DAP;Q20;0;0;0;0;0.0;72645.62;72876.85;0.0;0.0;0.0;0.0;0.0;72860.8;0.0;0.0
18843;485356;2015-05-28;DAP;Q22;0;0;0;0;0.0;64988.43;65401.24;0.0;0.0;0.0;0.0;0.0;65386.84;0.0;0.0
18844;485357;2015-05-28;DAP;K24;0;0;0;0;0.0;59213.81;58929.53;0.0;0.0;0.0;0.0;0.0;58916.55;0.0;0.0
18845;485358;2015-05-29;DAP;M15;0;0;0;0;0.0;99848.42;99864.57;0.0;0.0;0.0;0.0;0.0;99842.58;0.0;0.0
18846;485359;2015-05-29;DAP;N15;0;0;0;0;0.0;99497.1;99514.18;0.0;0.0;0.0;0.0;0.0;99492.27;0.0;0.0
18847;485360;2015-05-29;DAP;Q16;0;0;0;0;0.0;92153.95;92147.34;0.0;0.0;0.0;0.0;0.0;92127.05;0.0;0.0
18848;485361;2015-05-29;DAP;K17;1110;1110;0;0;0.0;88563.82;88488.48;0.0;0.0;0.0;0.0;0.0;88469.0;0.0;0.0
18849;485362;2015-05-29;DAP;Q18;0;0;0;0;0.0;82173.84;81971.73;0.0;0.0;0.0;0.0;0.0;81953.68;0.0;0.0
18850;485363;2015-05-29;DAP;K19;0;0;0;0;0.0;78495.24;78369.42;0.0;0.0;0.0;0.0;0.0;78352.16;0.0;0.0
18851;485364;2015-05-29;DAP;Q20;0;0;0;0;0.0;72876.85;72681.07;0.0;0.0;0.0;0.0;0.0;72665.07;0.0;0.0
18852;485365;2015-05-29;DAP;Q22;0;0;0;0;0.0;65401.24;65063.37;0.0;0.0;0.0;0.0;0.0;65049.04;0.0;0.0
18853;485366;2015-05-29;DAP;K24;0;0;0;0;0.0;58929.53;58647.04;0.0;0.0;0.0;0.0;0.0;58634.13;0.0;0.0
18854;485367;2015-06-01;DAP;M15;0;0;0;0;0.0;99864.65;99880.57;0.0;0.0;0.0;0.0;0.0;99858.65;0.0;0.0
18855;485368;2015-06-01;DAP;N15;0;0;0;0;0.0;99514.26;99529.94;0.0;0.0;0.0;0.0;0.0;99508.1;0.0;0.0
18856;485369;2015-06-01;DAP;Q15;0;0;0;0;0.0;0.0;99119.57;0.0;0.0;0.0;0.0;0.0;99097.82;0.0;0.0
18857;485370;2015-06-01;DAP;U15;0;0;0;0;0.0;0.0;98687.54;0.0;0.0;0.0;0.0;0.0;98665.88;0.0;0.0
18858;485371;2015-06-01;DAP;Q16;0;0;0;0;0.0;92147.41;92140.89;0.0;0.0;0.0;0.0;0.0;92120.67;0.0;0.0
18859;485372;2015-06-01;DAP;K17;1110;2220;0;0;0.0;88488.55;88494.35;0.0;0.0;0.0;0.0;0.0;88474.93;0.0;0.0
18860;485373;2015-06-01;DAP;Q18;0;0;0;0;0.0;81971.79;82041.15;0.0;0.0;0.0;0.0;0.0;82023.15;0.0;0.0
18861;485374;2015-06-01;DAP;K19;0;0;0;0;0.0;78369.48;78244.1;0.0;0.0;0.0;0.0;0.0;78226.93;0.0;0.0
18862;485375;2015-06-01;DAP;Q20;0;0;0;0;0.0;72681.13;72592.39;0.0;0.0;0.0;0.0;0.0;72576.46;0.0;0.0
18863;485376;2015-06-01;DAP;Q22;0;0;0;0;0.0;65063.42;65210.94;0.0;0.0;0.0;0.0;0.0;65196.63;0.0;0.0
18864;485377;2015-06-01;DAP;K24;0;0;0;0;0.0;58647.09;58808.88;0.0;0.0;0.0;0.0;0.0;58795.97;0.0;0.0
18865;485378;2015-06-02;DAP;M15;0;0;0;0;0.0;99880.57;99896.57;0.0;0.0;0.0;0.0;0.0;99874.65;0.0;0.0
18866;485379;2015-06-02;DAP;N15;0;0;0;0;0.0;99529.94;99546.91;0.0;0.0;0.0;0.0;0.0;99525.06;0.0;0.0
18867;485380;2015-06-02;DAP;Q15;0;0;0;0;0.0;99119.57;99174.22;0.0;0.0;0.0;0.0;0.0;99152.46;0.0;0.0
18868;485381;2015-06-02;DAP;U15;0;0;0;0;0.0;98687.54;98702.72;0.0;0.0;0.0;0.0;0.0;98681.06;0.0;0.0
18869;485382;2015-06-02;DAP;Q16;0;0;0;0;0.0;92140.89;92134.72;0.0;0.0;0.0;0.0;0.0;92114.5;0.0;0.0
18870;485383;2015-06-02;DAP;K17;2220;2220;0;0;0.0;88494.35;88419.77;0.0;0.0;0.0;0.0;0.0;88400.37;0.0;0.0
18871;485384;2015-06-02;DAP;Q18;0;0;0;0;0.0;82041.15;81840.29;0.0;0.0;0.0;0.0;0.0;81822.33;0.0;0.0
18872;485385;2015-06-02;DAP;K19;0;0;0;0;0.0;78244.1;77975.64;0.0;0.0;0.0;0.0;0.0;77958.53;0.0;0.0
18873;485386;2015-06-02;DAP;Q20;0;0;0;0;0.0;72592.39;72362.86;0.0;0.0;0.0;0.0;0.0;72346.98;0.0;0.0
18874;485387;2015-06-02;DAP;Q22;0;0;0;0;0.0;65210.94;64918.57;0.0;0.0;0.0;0.0;0.0;64904.32;0.0;0.0
18875;485388;2015-06-02;DAP;K24;0;0;0;0;0.0;58808.88;58625.66;0.0;0.0;0.0;0.0;0.0;58612.79;0.0;0.0
18876;485389;2015-06-03;DAP;M15;0;0;0;0;0.0;99896.57;99913.02;0.0;0.0;0.0;0.0;0.0;99890.85;0.0;0.0
18877;485390;2015-06-03;DAP;N15;0;0;0;0;0.0;99546.91;99562.95;0.0;0.0;0.0;0.0;0.0;99540.86;0.0;0.0
18878;485391;2015-06-03;DAP;Q15;0;0;0;0;0.0;99174.22;99190.39;0.0;0.0;0.0;0.0;0.0;99168.38;0.0;0.0
18879;485392;2015-06-03;DAP;U15;0;0;0;0;0.0;98702.72;98720.91;0.0;0.0;0.0;0.0;0.0;98699.01;0.0;0.0
18880;485393;2015-06-03;DAP;Q16;0;0;0;0;0.0;92134.72;92149.6;0.0;0.0;0.0;0.0;0.0;92129.16;0.0;0.0
18881;485394;2015-06-03;DAP;K17;2220;2220;0;0;0.0;88419.77;88410.14;0.0;0.0;0.0;0.0;0.0;88390.53;0.0;0.0
18882;485395;2015-06-03;DAP;Q18;0;0;0;0;0.0;81840.29;81763.01;0.0;0.0;0.0;0.0;0.0;81744.87;0.0;0.0
18883;485396;2015-06-03;DAP;K19;0;0;0;0;0.0;77975.64;77909.42;0.0;0.0;0.0;0.0;0.0;77892.14;0.0;0.0
18884;485397;2015-06-03;DAP;Q20;0;0;0;0;0.0;72362.86;72416.21;0.0;0.0;0.0;0.0;0.0;72400.14;0.0;0.0
18885;485398;2015-06-03;DAP;Q22;0;0;0;0;0.0;64918.57;64802.88;0.0;0.0;0.0;0.0;0.0;64788.5;0.0;0.0
18886;485399;2015-06-03;DAP;K24;0;0;0;0;0.0;58625.66;58492.43;0.0;0.0;0.0;0.0;0.0;58479.45;0.0;0.0
18887;485400;2015-06-05;DAP;M15;0;0;0;0;0.0;99913.02;99930.4;0.0;0.0;0.0;0.0;0.0;99906.66;0.0;0.0
18888;485401;2015-06-05;DAP;N15;0;0;0;0;0.0;99562.95;99580.31;0.0;0.0;0.0;0.0;0.0;99556.66;0.0;0.0
18889;485402;2015-06-05;DAP;Q15;0;0;0;0;0.0;99190.39;99207.88;0.0;0.0;0.0;0.0;0.0;99184.31;0.0;0.0
18890;485403;2015-06-05;DAP;U15;0;0;0;0;0.0;98720.91;98735.1;0.0;0.0;0.0;0.0;0.0;98711.65;0.0;0.0
18891;485404;2015-06-05;DAP;Q16;0;0;0;0;0.0;92149.6;92104.15;0.0;0.0;0.0;0.0;0.0;92082.27;0.0;0.0
18892;485405;2015-06-05;DAP;K17;2220;2220;0;0;0.0;88410.14;88305.76;0.0;0.0;0.0;0.0;0.0;88284.78;0.0;0.0
18893;485406;2015-06-05;DAP;Q18;0;0;0;0;0.0;81763.01;81662.77;0.0;0.0;0.0;0.0;0.0;81643.37;0.0;0.0
18894;485407;2015-06-05;DAP;K19;0;0;0;0;0.0;77909.42;77930.35;0.0;0.0;0.0;0.0;0.0;77911.84;0.0;0.0
18895;485408;2015-06-05;DAP;Q20;0;0;0;0;0.0;72416.21;72576.4;0.0;0.0;0.0;0.0;0.0;72559.16;0.0;0.0
18896;485409;2015-06-05;DAP;Q22;0;0;0;0;0.0;64802.88;64775.75;0.0;0.0;0.0;0.0;0.0;64760.36;0.0;0.0
18897;485410;2015-06-05;DAP;K24;0;0;0;0;0.0;58492.43;58409.35;0.0;0.0;0.0;0.0;0.0;58395.48;0.0;0.0
18898;485411;2015-06-08;DAP;M15;0;0;0;0;0.0;99930.4;99939.1;0.0;0.0;0.0;0.0;0.0;99915.36;0.0;0.0
18899;485412;2015-06-08;DAP;N15;0;0;0;0;0.0;99580.31;99559.28;0.0;0.0;0.0;0.0;0.0;99535.63;0.0;0.0
18900;485413;2015-06-08;DAP;Q15;0;0;0;0;0.0;99207.88;99155.88;0.0;0.0;0.0;0.0;0.0;99132.33;0.0;0.0
18901;485414;2015-06-08;DAP;U15;0;0;0;0;0.0;98735.1;98679.91;0.0;0.0;0.0;0.0;0.0;98656.47;0.0;0.0
18902;485415;2015-06-08;DAP;Q16;0;0;0;0;0.0;92104.15;92190.85;0.0;0.0;0.0;0.0;0.0;92168.95;0.0;0.0
18903;485416;2015-06-08;DAP;K17;2220;2220;0;0;0.0;88305.76;88472.27;0.0;0.0;0.0;0.0;0.0;88451.25;0.0;0.0
18904;485417;2015-06-08;DAP;Q18;0;0;0;0;0.0;81662.77;81903.06;0.0;0.0;0.0;0.0;0.0;81883.6;0.0;0.0
18905;485418;2015-06-08;DAP;K19;0;0;0;0;0.0;77930.35;78208.14;0.0;0.0;0.0;0.0;0.0;78189.56;0.0;0.0
18906;485419;2015-06-08;DAP;Q20;0;0;0;0;0.0;72576.4;72806.46;0.0;0.0;0.0;0.0;0.0;72789.17;0.0;0.0
18907;485420;2015-06-08;DAP;Q22;0;0;0;0;0.0;64775.75;65141.83;0.0;0.0;0.0;0.0;0.0;65126.36;0.0;0.0
18908;485421;2015-06-08;DAP;K24;0;0;0;0;0.0;58409.35;58767.0;0.0;0.0;0.0;0.0;0.0;58753.04;0.0;0.0
18909;485422;2015-06-09;DAP;M15;0;0;0;0;0.0;99939.1;99788.03;0.0;0.0;0.0;0.0;0.0;99932.74;0.0;0.0
18910;485423;2015-06-09;DAP;N15;0;0;0;0;0.0;99559.28;99408.63;0.0;0.0;0.0;0.0;0.0;99552.79;0.0;0.0
18911;485424;2015-06-09;DAP;Q15;0;0;0;0;0.0;99155.88;99007.88;0.0;0.0;0.0;0.0;0.0;99151.46;0.0;0.0
18912;485425;2015-06-09;DAP;U15;0;0;0;0;0.0;98679.91;98530.07;0.0;0.0;0.0;0.0;0.0;98672.96;0.0;0.0
18913;485426;2015-06-09;DAP;Q16;0;0;0;0;0.0;92190.85;92050.3;0.0;0.0;0.0;0.0;0.0;92183.79;0.0;0.0
18914;485427;2015-06-09;DAP;K17;2220;2220;0;0;0.0;88472.27;88345.47;0.0;0.0;0.0;0.0;0.0;88473.59;0.0;0.0
18915;485428;2015-06-09;DAP;Q18;0;0;0;0;0.0;81903.06;81785.43;0.0;0.0;0.0;0.0;0.0;81904.04;0.0;0.0
18916;485429;2015-06-09;DAP;K19;0;0;0;0;0.0;78208.14;78095.83;0.0;0.0;0.0;0.0;0.0;78209.08;0.0;0.0
18917;485430;2015-06-09;DAP;Q20;0;0;0;0;0.0;72806.46;72772.22;0.0;0.0;0.0;0.0;0.0;72877.75;0.0;0.0
18918;485431;2015-06-09;DAP;Q22;0;0;0;0;0.0;65141.83;65091.38;0.0;0.0;0.0;0.0;0.0;65185.78;0.0;0.0
18919;485432;2015-06-09;DAP;K24;0;0;0;0;0.0;58767.0;59324.81;0.0;0.0;0.0;0.0;0.0;59410.84;0.0;0.0
18920;485433;2015-06-10;DAP;M15;0;0;0;0;0.0;99788.03;99968.1;0.0;0.0;0.0;0.0;0.0;99954.35;0.0;0.0
18921;485434;2015-06-10;DAP;N15;0;0;0;0;0.0;99408.63;99618.72;0.0;0.0;0.0;0.0;0.0;99605.01;0.0;0.0
18922;485435;2015-06-10;DAP;Q15;0;0;0;0;0.0;99007.88;99247.57;0.0;0.0;0.0;0.0;0.0;99233.92;0.0;0.0
18923;485436;2015-06-10;DAP;U15;0;0;0;0;0.0;98530.07;98779.34;0.0;0.0;0.0;0.0;0.0;98765.75;0.0;0.0
18924;485437;2015-06-10;DAP;Q16;0;0;0;0;0.0;92050.3;92221.57;0.0;0.0;0.0;0.0;0.0;92208.88;0.0;0.0
18925;485438;2015-06-10;DAP;K17;2220;2220;0;0;0.0;88345.47;88412.48;0.0;0.0;0.0;0.0;0.0;88400.32;0.0;0.0
18926;485439;2015-06-10;DAP;Q18;0;0;0;0;0.0;81785.43;81667.98;0.0;0.0;0.0;0.0;0.0;81656.74;0.0;0.0
18927;485440;2015-06-10;DAP;K19;0;0;0;0;0.0;78095.83;77867.52;0.0;0.0;0.0;0.0;0.0;77856.81;0.0;0.0
18928;485441;2015-06-10;DAP;Q20;0;0;0;0;0.0;72772.22;72446.59;0.0;0.0;0.0;0.0;0.0;72436.62;0.0;0.0
18929;485442;2015-06-10;DAP;Q22;0;0;0;0;0.0;65091.38;64685.25;0.0;0.0;0.0;0.0;0.0;64676.35;0.0;0.0
18930;485443;2015-06-10;DAP;K24;0;0;0;0;0.0;59324.81;58543.45;0.0;0.0;0.0;0.0;0.0;58535.4;0.0;0.0
18931;485444;2015-06-11;DAP;M15;0;0;0;0;0.0;99968.1;99984.26;0.0;0.0;0.0;0.0;0.0;99970.25;0.0;0.0
18932;485445;2015-06-11;DAP;N15;0;0;0;0;0.0;99618.72;99634.74;0.0;0.0;0.0;0.0;0.0;99620.78;0.0;0.0
18933;485446;2015-06-11;DAP;Q15;0;0;0;0;0.0;99247.57;99263.72;0.0;0.0;0.0;0.0;0.0;99249.82;0.0;0.0
18934;485447;2015-06-11;DAP;U15;0;0;0;0;0.0;98779.34;98792.61;0.0;0.0;0.0;0.0;0.0;98778.77;0.0;0.0
18935;485448;2015-06-11;DAP;Q16;0;0;0;0;0.0;92221.57;92206.32;0.0;0.0;0.0;0.0;0.0;92193.4;0.0;0.0
18936;485449;2015-06-11;DAP;K17;2220;2220;0;0;0.0;88412.48;88339.93;0.0;0.0;0.0;0.0;0.0;88327.56;0.0;0.0
18937;485450;2015-06-11;DAP;Q18;0;0;0;0;0.0;81667.98;81543.46;0.0;0.0;0.0;0.0;0.0;81532.04;0.0;0.0
18938;485451;2015-06-11;DAP;K19;0;0;0;0;0.0;77867.52;78058.73;0.0;0.0;0.0;0.0;0.0;78047.8;0.0;0.0
18939;485452;2015-06-11;DAP;Q20;0;0;0;0;0.0;72446.59;72746.55;0.0;0.0;0.0;0.0;0.0;72736.36;0.0;0.0
18940;485453;2015-06-11;DAP;Q22;0;0;0;0;0.0;64685.25;64614.05;0.0;0.0;0.0;0.0;0.0;64605.0;0.0;0.0
18941;485454;2015-06-11;DAP;K24;0;0;0;0;0.0;58543.45;59049.74;0.0;0.0;0.0;0.0;0.0;59041.47;0.0;0.0
18942;485455;2015-06-12;DAP;M15;0;0;0;0;0.0;99984.26;99999.99;0.0;0.0;0.0;0.0;0.0;99986.2;0.0;0.0
18943;485456;2015-06-12;DAP;N15;0;0;0;0;0.0;99634.74;99652.04;0.0;0.0;0.0;0.0;0.0;99638.3;0.0;0.0
18944;485457;2015-06-12;DAP;Q15;0;0;0;0;0.0;99263.72;99281.16;0.0;0.0;0.0;0.0;0.0;99267.47;0.0;0.0
18945;485458;2015-06-12;DAP;U15;0;0;0;0;0.0;98792.61;98812.98;0.0;0.0;0.0;0.0;0.0;98799.36;0.0;0.0
18946;485459;2015-06-12;DAP;Q16;0;0;0;0;0.0;92206.32;92241.47;0.0;0.0;0.0;0.0;0.0;92228.75;0.0;0.0
18947;485460;2015-06-12;DAP;K17;2220;2220;0;0;0.0;88339.93;88409.98;0.0;0.0;0.0;0.0;0.0;88397.79;0.0;0.0
18948;485461;2015-06-12;DAP;Q18;0;0;0;0;0.0;81543.46;81660.97;0.0;0.0;0.0;0.0;0.0;81649.71;0.0;0.0
18949;485462;2015-06-12;DAP;K19;0;0;0;0;0.0;78058.73;77878.7;0.0;0.0;0.0;0.0;0.0;77867.96;0.0;0.0
18950;485463;2015-06-12;DAP;Q20;0;0;0;0;0.0;72746.55;72517.65;0.0;0.0;0.0;0.0;0.0;72507.65;0.0;0.0
18951;485464;2015-06-12;DAP;Q22;0;0;0;0;0.0;64614.05;64847.25;0.0;0.0;0.0;0.0;0.0;64838.31;0.0;0.0
18952;485465;2015-06-12;DAP;K24;0;0;0;0;0.0;59049.74;58620.47;0.0;0.0;0.0;0.0;0.0;58612.39;0.0;0.0
18953;485466;2015-06-15;DAP;M15;0;0;0;0;0.0;99999.99;;0.0;0.0;0.0;0.0;0.0;100000.0;0.0;0.0
18954;485467;2015-06-15;DAP;N15;0;0;0;0;0.0;99652.04;99517.98;0.0;0.0;0.0;0.0;0.0;99495.87;0.0;0.0
18955;485468;2015-06-15;DAP;Q15;0;0;0;0;0.0;99281.16;98988.54;0.0;0.0;0.0;0.0;0.0;98966.55;0.0;0.0
18956;485469;2015-06-15;DAP;U15;0;0;0;0;0.0;98812.98;98475.09;0.0;0.0;0.0;0.0;0.0;98453.21;0.0;0.0
18957;485470;2015-06-15;DAP;Q16;0;0;0;0;0.0;92241.47;92244.22;0.0;0.0;0.0;0.0;0.0;92223.73;0.0;0.0
18958;485471;2015-06-15;DAP;K17;2220;2220;0;0;0.0;88409.98;88360.98;0.0;0.0;0.0;0.0;0.0;88341.35;0.0;0.0
18959;485472;2015-06-15;DAP;Q18;0;0;0;0;0.0;81660.97;81519.45;0.0;0.0;0.0;0.0;0.0;81501.34;0.0;0.0
18960;485473;2015-06-15;DAP;K19;0;0;0;0;0.0;77878.7;77706.33;0.0;0.0;0.0;0.0;0.0;77689.07;0.0;0.0
18961;485474;2015-06-15;DAP;Q20;0;0;0;0;0.0;72517.65;72331.25;0.0;0.0;0.0;0.0;0.0;72315.18;0.0;0.0
18962;485475;2015-06-15;DAP;Q22;0;0;0;0;0.0;64847.25;64607.26;0.0;0.0;0.0;0.0;0.0;64592.91;0.0;0.0
18963;485476;2015-06-15;DAP;K24;0;0;0;0;0.0;58620.47;58297.41;0.0;0.0;0.0;0.0;0.0;58284.46;0.0;0.0
18964;485477;2015-06-16;DAP;N15;0;0;0;0;0.0;99517.98;99540.85;0.0;0.0;0.0;0.0;0.0;99518.73;0.0;0.0
18965;485478;2015-06-16;DAP;Q15;0;0;0;0;0.0;98988.54;99013.04;0.0;0.0;0.0;0.0;0.0;98991.03;0.0;0.0
18966;485479;2015-06-16;DAP;U15;0;0;0;0;0.0;98475.09;98501.07;0.0;0.0;0.0;0.0;0.0;98479.18;0.0;0.0
18967;485480;2015-06-16;DAP;Q16;0;0;0;0;0.0;92244.22;92299.69;0.0;0.0;0.0;0.0;0.0;92279.18;0.0;0.0
18968;485481;2015-06-16;DAP;K17;2220;2220;0;0;0.0;88360.98;88478.5;0.0;0.0;0.0;0.0;0.0;88458.84;0.0;0.0
18969;485482;2015-06-16;DAP;Q18;0;0;0;0;0.0;81519.45;81685.24;0.0;0.0;0.0;0.0;0.0;81667.09;0.0;0.0
18970;485483;2015-06-16;DAP;K19;0;0;0;0;0.0;77706.33;77868.15;0.0;0.0;0.0;0.0;0.0;77850.84;0.0;0.0
18971;485484;2015-06-16;DAP;Q20;0;0;0;0;0.0;72331.25;72770.7;0.0;0.0;0.0;0.0;0.0;72754.53;0.0;0.0
18972;485485;2015-06-16;DAP;Q22;0;0;0;0;0.0;64607.26;64709.82;0.0;0.0;0.0;0.0;0.0;64695.44;0.0;0.0
18973;485486;2015-06-16;DAP;K24;0;0;0;0;0.0;58297.41;58408.95;0.0;0.0;0.0;0.0;0.0;58395.97;0.0;0.0
18974;485487;2015-06-17;DAP;N15;0;0;0;0;0.0;99540.85;99564.47;0.0;0.0;0.0;0.0;0.0;99542.34;0.0;0.0
18975;485488;2015-06-17;DAP;Q15;0;0;0;0;0.0;99013.04;99037.45;0.0;0.0;0.0;0.0;0.0;99015.44;0.0;0.0
18976;485489;2015-06-17;DAP;U15;0;0;0;0;0.0;98501.07;98526.98;0.0;0.0;0.0;0.0;0.0;98505.08;0.0;0.0
18977;485490;2015-06-17;DAP;Q16;0;0;0;0;0.0;92299.69;92344.96;0.0;0.0;0.0;0.0;0.0;92324.44;0.0;0.0
18978;485491;2015-06-17;DAP;K17;2220;2220;0;0;0.0;88478.5;88485.34;0.0;0.0;0.0;0.0;0.0;88465.67;0.0;0.0
18979;485492;2015-06-17;DAP;Q18;0;0;0;0;0.0;81685.24;81778.54;0.0;0.0;0.0;0.0;0.0;81760.36;0.0;0.0
18980;485493;2015-06-17;DAP;K19;0;0;0;0;0.0;77868.15;78001.64;0.0;0.0;0.0;0.0;0.0;77984.3;0.0;0.0
18981;485494;2015-06-17;DAP;Q20;0;0;0;0;0.0;72770.7;72507.43;0.0;0.0;0.0;0.0;0.0;72491.32;0.0;0.0
18982;485495;2015-06-17;DAP;Q22;0;0;0;0;0.0;64709.82;64986.77;0.0;0.0;0.0;0.0;0.0;64972.33;0.0;0.0
18983;485496;2015-06-17;DAP;K24;0;0;0;0;0.0;58408.95;59258.64;0.0;0.0;0.0;0.0;0.0;59245.47;0.0;0.0
18984;485497;2015-06-18;DAP;N15;0;0;0;0;0.0;99564.47;99587.09;0.0;0.0;0.0;0.0;0.0;99565.18;0.0;0.0
18985;485498;2015-06-18;DAP;Q15;0;0;0;0;0.0;99037.45;99060.02;0.0;0.0;0.0;0.0;0.0;99038.22;0.0;0.0
18986;485499;2015-06-18;DAP;U15;0;0;0;0;0.0;98526.98;98550.33;0.0;0.0;0.0;0.0;0.0;98528.64;0.0;0.0
18987;485500;2015-06-18;DAP;Q16;0;0;0;0;0.0;92344.96;92359.94;0.0;0.0;0.0;0.0;0.0;92339.62;0.0;0.0
18988;485501;2015-06-18;DAP;K17;2220;2220;0;0;0.0;88485.34;88507.79;0.0;0.0;0.0;0.0;0.0;88488.31;0.0;0.0
18989;485502;2015-06-18;DAP;Q18;0;0;0;0;0.0;81778.54;81774.95;0.0;0.0;0.0;0.0;0.0;81756.96;0.0;0.0
18990;485503;2015-06-18;DAP;K19;0;0;0;0;0.0;78001.64;78049.69;0.0;0.0;0.0;0.0;0.0;78032.52;0.0;0.0
18991;485504;2015-06-18;DAP;Q20;0;0;0;0;0.0;72507.43;72560.31;0.0;0.0;0.0;0.0;0.0;72544.34;0.0;0.0
18992;485505;2015-06-18;DAP;Q22;0;0;0;0;0.0;64986.77;65045.87;0.0;0.0;0.0;0.0;0.0;65031.56;0.0;0.0
18993;485506;2015-06-18;DAP;K24;0;0;0;0;0.0;59258.64;58976.02;0.0;0.0;0.0;0.0;0.0;58963.04;0.0;0.0
18994;485507;2015-06-19;DAP;N15;0;0;0;0;0.0;99587.09;99611.52;0.0;0.0;0.0;0.0;0.0;99589.36;0.0;0.0
18995;485508;2015-06-19;DAP;Q15;0;0;0;0;0.0;99060.02;99086.1;0.0;0.0;0.0;0.0;0.0;99064.06;0.0;0.0
18996;485509;2015-06-19;DAP;U15;0;0;0;0;0.0;98550.33;98580.87;0.0;0.0;0.0;0.0;0.0;98558.94;0.0;0.0
18997;485510;2015-06-19;DAP;Q16;0;0;0;0;0.0;92359.94;92465.11;0.0;0.0;0.0;0.0;0.0;92444.54;0.0;0.0
18998;485511;2015-06-19;DAP;K17;2220;2220;0;0;0.0;88507.79;88609.25;0.0;0.0;0.0;0.0;0.0;88589.54;0.0;0.0
18999;485512;2015-06-19;DAP;Q18;0;0;0;0;0.0;81774.95;81868.3;0.0;0.0;0.0;0.0;0.0;81850.09;0.0;0.0
19000;485513;2015-06-19;DAP;K19;0;0;0;0;0.0;78049.69;78126.49;0.0;0.0;0.0;0.0;0.0;78109.11;0.0;0.0
19001;485514;2015-06-19;DAP;Q20;0;0;0;0;0.0;72560.31;72683.67;0.0;0.0;0.0;0.0;0.0;72667.5;0.0;0.0
19002;485515;2015-06-19;DAP;Q22;0;0;0;0;0.0;65045.87;65192.71;0.0;0.0;0.0;0.0;0.0;65178.21;0.0;0.0
19003;485516;2015-06-19;DAP;K24;0;0;0;0;0.0;58976.02;59088.69;0.0;0.0;0.0;0.0;0.0;59075.55;0.0;0.0
19004;485517;2015-06-22;DAP;N15;0;0;0;0;0.0;99611.52;99747.62;0.0;0.0;0.0;0.0;0.0;99725.42;0.0;0.0
19005;485518;2015-06-22;DAP;Q15;0;0;0;0;0.0;99086.1;99368.16;0.0;0.0;0.0;0.0;0.0;99346.05;0.0;0.0
19006;485519;2015-06-22;DAP;U15;0;0;0;0;0.0;98580.87;98907.45;0.0;0.0;0.0;0.0;0.0;98885.44;0.0;0.0
19007;485520;2015-06-22;DAP;Q16;0;0;0;0;0.0;92465.11;92490.09;0.0;0.0;0.0;0.0;0.0;92469.51;0.0;0.0
19008;485521;2015-06-22;DAP;K17;2220;2220;0;0;0.0;88609.25;88694.62;0.0;0.0;0.0;0.0;0.0;88674.88;0.0;0.0
19009;485522;2015-06-22;DAP;Q18;0;0;0;0;0.0;81868.3;82082.26;0.0;0.0;0.0;0.0;0.0;82063.99;0.0;0.0
19010;485523;2015-06-22;DAP;K19;0;0;0;0;0.0;78126.49;78345.36;0.0;0.0;0.0;0.0;0.0;78327.92;0.0;0.0
19011;485524;2015-06-22;DAP;Q20;0;0;0;0;0.0;72683.67;72806.93;0.0;0.0;0.0;0.0;0.0;72790.73;0.0;0.0
19012;485525;2015-06-22;DAP;Q22;0;0;0;0;0.0;65192.71;65295.81;0.0;0.0;0.0;0.0;0.0;65281.28;0.0;0.0
19013;485526;2015-06-22;DAP;K24;0;0;0;0;0.0;59088.69;59349.85;0.0;0.0;0.0;0.0;0.0;59336.64;0.0;0.0
19014;485527;2015-06-23;DAP;N15;0;0;0;0;0.0;99747.62;99764.98;0.0;0.0;0.0;0.0;0.0;99742.77;0.0;0.0
19015;485528;2015-06-23;DAP;Q15;0;0;0;0;0.0;99368.16;99387.43;0.0;0.0;0.0;0.0;0.0;99365.3;0.0;0.0
19016;485529;2015-06-23;DAP;U15;0;0;0;0;0.0;98907.45;98930.36;0.0;0.0;0.0;0.0;0.0;98908.33;0.0;0.0
19017;485530;2015-06-23;DAP;Q16;0;0;0;0;0.0;92490.09;92574.58;0.0;0.0;0.0;0.0;0.0;92553.97;0.0;0.0
19018;485531;2015-06-23;DAP;K17;2220;2220;0;0;0.0;88694.62;88795.54;0.0;0.0;0.0;0.0;0.0;88775.77;0.0;0.0
19019;485532;2015-06-23;DAP;Q18;0;0;0;0;0.0;82082.26;82223.74;0.0;0.0;0.0;0.0;0.0;82205.43;0.0;0.0
19020;485533;2015-06-23;DAP;K19;0;0;0;0;0.0;78345.36;78478.94;0.0;0.0;0.0;0.0;0.0;78461.47;0.0;0.0
19021;485534;2015-06-23;DAP;Q20;0;0;0;0;0.0;72806.93;72859.95;0.0;0.0;0.0;0.0;0.0;72843.73;0.0;0.0
19022;485535;2015-06-23;DAP;Q22;0;0;0;0;0.0;65295.81;65267.55;0.0;0.0;0.0;0.0;0.0;65253.02;0.0;0.0
19023;485536;2015-06-23;DAP;K24;0;0;0;0;0.0;59349.85;59215.29;0.0;0.0;0.0;0.0;0.0;59202.11;0.0;0.0
19024;485537;2015-06-24;DAP;N15;0;0;0;0;0.0;99764.98;99780.82;0.0;0.0;0.0;0.0;0.0;99758.83;0.0;0.0
19025;485538;2015-06-24;DAP;Q15;0;0;0;0;0.0;99387.43;99403.43;0.0;0.0;0.0;0.0;0.0;99381.53;0.0;0.0
19026;485539;2015-06-24;DAP;U15;0;0;0;0;0.0;98930.36;98944.19;0.0;0.0;0.0;0.0;0.0;98922.39;0.0;0.0
19027;485540;2015-06-24;DAP;Q16;0;0;0;0;0.0;92574.58;92529.96;0.0;0.0;0.0;0.0;0.0;92509.57;0.0;0.0
19028;485541;2015-06-24;DAP;K17;2220;2220;0;0;0.0;88795.54;88754.9;0.0;0.0;0.0;0.0;0.0;88735.34;0.0;0.0
19029;485542;2015-06-24;DAP;Q18;0;0;0;0;0.0;82223.74;82195.58;0.0;0.0;0.0;0.0;0.0;82177.47;0.0;0.0
19030;485543;2015-06-24;DAP;K19;0;0;0;0;0.0;78478.94;78441.32;0.0;0.0;0.0;0.0;0.0;78424.04;0.0;0.0
19031;485544;2015-06-24;DAP;Q20;0;0;0;0;0.0;72859.95;72737.3;0.0;0.0;0.0;0.0;0.0;72721.27;0.0;0.0
19032;485545;2015-06-24;DAP;Q22;0;0;0;0;0.0;65267.55;65239.21;0.0;0.0;0.0;0.0;0.0;65224.83;0.0;0.0
19033;485546;2015-06-24;DAP;K24;0;0;0;0;0.0;59215.29;59130.37;0.0;0.0;0.0;0.0;0.0;59117.34;0.0;0.0
19034;485547;2015-06-25;DAP;N15;0;0;0;0;0.0;99780.82;99797.12;0.0;0.0;0.0;0.0;0.0;99774.89;0.0;0.0
19035;485548;2015-06-25;DAP;Q15;0;0;0;0;0.0;99403.43;99419.9;0.0;0.0;0.0;0.0;0.0;99397.75;0.0;0.0
19036;485549;2015-06-25;DAP;U15;0;0;0;0;0.0;98944.19;98958.64;0.0;0.0;0.0;0.0;0.0;98936.6;0.0;0.0
19037;485550;2015-06-25;DAP;Q16;0;0;0;0;0.0;92529.96;92496.15;0.0;0.0;0.0;0.0;0.0;92475.55;0.0;0.0
19038;485551;2015-06-25;DAP;K17;2220;2220;0;0;0.0;88754.9;88652.53;0.0;0.0;0.0;0.0;0.0;88632.78;0.0;0.0
19039;485552;2015-06-25;DAP;Q18;0;0;0;0;0.0;82195.58;81999.29;0.0;0.0;0.0;0.0;0.0;81981.02;0.0;0.0
19040;485553;2015-06-25;DAP;K19;0;0;0;0;0.0;78441.32;78177.25;0.0;0.0;0.0;0.0;0.0;78159.84;0.0;0.0
19041;485554;2015-06-25;DAP;Q20;0;0;0;0;0.0;72737.3;72440.98;0.0;0.0;0.0;0.0;0.0;72424.84;0.0;0.0
19042;485555;2015-06-25;DAP;Q22;0;0;0;0;0.0;65239.21;64732.93;0.0;0.0;0.0;0.0;0.0;64718.51;0.0;0.0
19043;485556;2015-06-25;DAP;K24;0;0;0;0;0.0;59130.37;59045.95;0.0;0.0;0.0;0.0;0.0;59032.8;0.0;0.0
19044;485557;2015-06-26;DAP;N15;0;0;0;0;0.0;99797.12;99813.68;0.0;0.0;0.0;0.0;0.0;99791.44;0.0;0.0
19045;485558;2015-06-26;DAP;Q15;0;0;0;0;0.0;99419.9;99436.14;0.0;0.0;0.0;0.0;0.0;99413.98;0.0;0.0
19046;485559;2015-06-26;DAP;U15;0;0;0;0;0.0;98958.64;98975.12;0.0;0.0;0.0;0.0;0.0;98953.06;0.0;0.0
19047;485560;2015-06-26;DAP;Q16;0;0;0;0;0.0;92496.15;92491.97;0.0;0.0;0.0;0.0;0.0;92471.36;0.0;0.0
19048;485561;2015-06-26;DAP;K17;2220;2220;0;0;0.0;88652.53;88612.89;0.0;0.0;0.0;0.0;0.0;88593.14;0.0;0.0
19049;485562;2015-06-26;DAP;Q18;0;0;0;0;0.0;81999.29;81899.9;0.0;0.0;0.0;0.0;0.0;81881.65;0.0;0.0
19050;485563;2015-06-26;DAP;K19;0;0;0;0;0.0;78177.25;78253.68;0.0;0.0;0.0;0.0;0.0;78236.24;0.0;0.0
19051;485564;2015-06-26;DAP;Q20;0;0;0;0;0.0;72440.98;72843.41;0.0;0.0;0.0;0.0;0.0;72827.18;0.0;0.0
19052;485565;2015-06-26;DAP;Q22;0;0;0;0;0.0;64732.93;64748.65;0.0;0.0;0.0;0.0;0.0;64734.22;0.0;0.0
19053;485566;2015-06-26;DAP;K24;0;0;0;0;0.0;59045.95;59257.07;0.0;0.0;0.0;0.0;0.0;59243.86;0.0;0.0
19054;485567;2015-06-29;DAP;N15;0;0;0;0;0.0;99813.68;99829.96;0.0;0.0;0.0;0.0;0.0;99807.93;0.0;0.0
19055;485568;2015-06-29;DAP;Q15;0;0;0;0;0.0;99436.14;99453.48;0.0;0.0;0.0;0.0;0.0;99431.54;0.0;0.0
19056;485569;2015-06-29;DAP;U15;0;0;0;0;0.0;98975.12;98989.38;0.0;0.0;0.0;0.0;0.0;98967.54;0.0;0.0
19057;485570;2015-06-29;DAP;Q16;0;0;0;0;0.0;92491.97;92487.8;0.0;0.0;0.0;0.0;0.0;92467.39;0.0;0.0
19058;485571;2015-06-29;DAP;K17;2220;2220;0;0;0.0;88612.89;88573.34;0.0;0.0;0.0;0.0;0.0;88553.8;0.0;0.0
19059;485572;2015-06-29;DAP;Q18;0;0;0;0;0.0;81899.9;81776.88;0.0;0.0;0.0;0.0;0.0;81758.84;0.0;0.0
19060;485573;2015-06-29;DAP;K19;0;0;0;0;0.0;78253.68;77934.59;0.0;0.0;0.0;0.0;0.0;77917.39;6.63;6.83
19061;485574;2015-06-29;DAP;Q20;0;0;0;0;0.0;72843.41;72199.19;0.0;0.0;0.0;0.0;0.0;72183.26;0.0;0.0
19062;485575;2015-06-29;DAP;Q22;0;0;0;0;0.0;64748.65;64548.28;0.0;0.0;0.0;0.0;0.0;64534.04;0.0;0.0
19063;485576;2015-06-29;DAP;K24;0;0;0;0;0.0;59257.07;58292.59;0.0;0.0;0.0;0.0;0.0;58279.73;0.0;0.0
19064;485577;2015-06-30;DAP;N15;0;0;0;0;0.0;99829.96;99846.61;0.0;0.0;0.0;0.0;0.0;99824.34;0.0;0.0
19065;485578;2015-06-30;DAP;Q15;0;0;0;0;0.0;99453.48;99468.64;0.0;0.0;0.0;0.0;0.0;99446.45;0.0;0.0
19066;485579;2015-06-30;DAP;U15;0;0;0;0;0.0;98989.38;99004.25;0.0;0.0;0.0;0.0;0.0;98982.17;0.0;0.0
19067;485580;2015-06-30;DAP;Q16;0;0;0;0;0.0;92487.8;92435.67;0.0;0.0;0.0;0.0;0.0;92415.05;0.0;0.0
19068;485581;2015-06-30;DAP;K17;2220;2220;0;0;0.0;88573.34;88519.05;0.0;0.0;0.0;0.0;0.0;88499.31;0.0;0.0
19069;485582;2015-06-30;DAP;Q18;0;0;0;0;0.0;81776.88;81678.72;0.0;0.0;0.0;0.0;0.0;81660.5;0.0;0.0
19070;485583;2015-06-30;DAP;K19;0;0;0;0;0.0;77934.59;78039.24;0.0;0.0;0.0;0.0;0.0;78021.83;0.0;0.0
19071;485584;2015-06-30;DAP;Q20;0;0;0;0;0.0;72199.19;72460.54;0.0;0.0;0.0;0.0;0.0;72444.38;0.0;0.0
19072;485585;2015-06-30;DAP;Q22;0;0;0;0;0.0;64548.28;64220.52;0.0;0.0;0.0;0.0;0.0;64206.2;0.0;0.0
19073;485586;2015-06-30;DAP;K24;0;0;0;0;0.0;58292.59;58695.92;0.0;0.0;0.0;0.0;0.0;58682.83;0.0;0.0
19074;485587;2015-07-01;DAP;N15;0;0;0;0;0.0;99846.61;99862.33;0.0;0.0;0.0;0.0;0.0;99840.29;0.0;0.0
19075;485588;2015-07-01;DAP;Q15;0;0;0;0;0.0;99468.64;99485.9;0.0;0.0;0.0;0.0;0.0;99463.94;0.0;0.0
19076;485589;2015-07-01;DAP;U15;0;0;0;0;0.0;99004.25;99018.82;0.0;0.0;0.0;0.0;0.0;98996.96;0.0;0.0
19077;485590;2015-07-01;DAP;Q16;0;0;0;0;0.0;92435.67;92403.08;0.0;0.0;0.0;0.0;0.0;92382.68;0.0;0.0
19078;485591;2015-07-01;DAP;K17;2220;2220;0;0;0.0;88519.05;88403.14;0.0;0.0;0.0;0.0;0.0;88383.62;0.0;0.0
19079;485592;2015-07-01;DAP;Q18;0;0;0;0;0.0;81678.72;81509.37;0.0;0.0;0.0;0.0;0.0;81491.38;0.0;0.0
19080;485593;2015-07-01;DAP;K19;0;0;0;0;0.0;78039.24;77666.29;0.0;0.0;0.0;0.0;0.0;77649.15;0.0;0.0
19081;485594;2015-07-01;DAP;Q20;0;0;0;0;0.0;72460.54;71959.45;0.0;0.0;0.0;0.0;0.0;71943.56;0.0;0.0
19082;485595;2015-07-01;DAP;Q22;0;0;0;0;0.0;64220.52;64022.59;0.0;0.0;0.0;0.0;0.0;64008.46;0.0;0.0
19083;485596;2015-07-01;DAP;K24;0;0;0;0;0.0;58695.92;57790.71;0.0;0.0;0.0;0.0;0.0;57777.95;0.0;0.0
19084;485597;2015-07-02;DAP;N15;0;0;0;0;0.0;99862.33;99879.23;0.0;0.0;0.0;0.0;0.0;99856.94;0.0;0.0
19085;485598;2015-07-02;DAP;Q15;0;0;0;0;0.0;99485.9;99503.55;0.0;0.0;0.0;0.0;0.0;99481.35;0.0;0.0
19086;485599;2015-07-02;DAP;U15;0;0;0;0;0.0;99018.82;99039.84;0.0;0.0;0.0;0.0;0.0;99017.74;0.0;0.0
19087;485600;2015-07-02;DAP;Q16;0;0;0;0;0.0;92403.08;92477.4;0.0;0.0;0.0;0.0;0.0;92456.76;0.0;0.0
19088;485601;2015-07-02;DAP;K17;2220;2220;0;0;0.0;88403.14;88565.1;0.0;0.0;0.0;0.0;0.0;88545.34;0.0;0.0
19089;485602;2015-07-02;DAP;Q18;0;0;0;0;0.0;81509.37;81839.98;0.0;0.0;0.0;0.0;0.0;81821.72;0.0;0.0
19090;485603;2015-07-02;DAP;K19;0;0;0;0;0.0;77666.29;78079.19;0.0;0.0;0.0;0.0;0.0;78061.77;0.0;0.0
19091;485604;2015-07-02;DAP;Q20;0;0;0;0;0.0;71959.45;72392.71;0.0;0.0;0.0;0.0;0.0;72376.56;0.0;0.0
19092;485605;2015-07-02;DAP;Q22;0;0;0;0;0.0;64022.59;64466.79;0.0;0.0;0.0;0.0;0.0;64452.4;0.0;0.0
19093;485606;2015-07-02;DAP;K24;0;0;0;0;0.0;57790.71;58238.38;0.0;0.0;0.0;0.0;0.0;58225.38;0.0;0.0
19094;485607;2015-07-03;DAP;N15;0;0;0;0;0.0;99879.23;99895.5;0.0;0.0;0.0;0.0;0.0;99873.43;0.0;0.0
19095;485608;2015-07-03;DAP;Q15;0;0;0;0;0.0;99503.55;99520.68;0.0;0.0;0.0;0.0;0.0;99498.69;0.0;0.0
19096;485609;2015-07-03;DAP;U15;0;0;0;0;0.0;99039.84;99058.42;0.0;0.0;0.0;0.0;0.0;99036.53;0.0;0.0
19097;485610;2015-07-03;DAP;Q16;0;0;0;0;0.0;92477.4;92512.53;0.0;0.0;0.0;0.0;0.0;92492.09;0.0;0.0
19098;485611;2015-07-03;DAP;K17;2220;2220;0;0;0.0;88565.1;88649.47;0.0;0.0;0.0;0.0;0.0;88629.88;0.0;0.0
19099;485612;2015-07-03;DAP;Q18;0;0;0;0;0.0;81839.98;82099.37;0.0;0.0;0.0;0.0;0.0;82081.23;0.0;0.0
19100;485613;2015-07-03;DAP;K19;0;0;0;0;0.0;78079.19;78352.39;0.0;0.0;0.0;0.0;0.0;78335.08;0.0;0.0
19101;485614;2015-07-03;DAP;Q20;0;0;0;0;0.0;72392.71;72723.48;0.0;0.0;0.0;0.0;0.0;72707.41;0.0;0.0
19102;485615;2015-07-03;DAP;Q22;0;0;0;0;0.0;64466.79;64697.69;0.0;0.0;0.0;0.0;0.0;64683.39;0.0;0.0
19103;485616;2015-07-03;DAP;K24;0;0;0;0;0.0;58238.38;58397.61;0.0;0.0;0.0;0.0;0.0;58384.71;0.0;0.0
19104;485617;2015-07-06;DAP;N15;0;0;0;0;0.0;99895.5;99911.6;0.0;0.0;0.0;0.0;0.0;99889.51;0.0;0.0
19105;485618;2015-07-06;DAP;Q15;0;0;0;0;0.0;99520.68;99537.96;0.0;0.0;0.0;0.0;0.0;99515.96;0.0;0.0
19106;485619;2015-07-06;DAP;U15;0;0;0;0;0.0;99058.42;99077.24;0.0;0.0;0.0;0.0;0.0;99055.34;0.0;0.0
19107;485620;2015-07-06;DAP;Q16;0;0;0;0;0.0;92512.53;92528.65;0.0;0.0;0.0;0.0;0.0;92508.2;0.0;0.0
19108;485621;2015-07-06;DAP;K17;2220;2220;0;0;0.0;88649.47;88657.03;0.0;0.0;0.0;0.0;0.0;88637.43;0.0;0.0
19109;485622;2015-07-06;DAP;Q18;0;0;0;0;0.0;82099.37;82120.11;0.0;0.0;0.0;0.0;0.0;82101.96;0.0;0.0
19110;485623;2015-07-06;DAP;K19;0;0;0;0;0.0;78352.39;78344.01;0.0;0.0;0.0;0.0;0.0;78326.69;0.0;0.0
19111;485624;2015-07-06;DAP;Q20;0;0;0;0;0.0;72723.48;72637.16;0.0;0.0;0.0;0.0;0.0;72621.1;0.0;0.0
19112;485625;2015-07-06;DAP;Q22;0;0;0;0;0.0;64697.69;64627.33;0.0;0.0;0.0;0.0;0.0;64613.04;0.0;0.0
19113;485626;2015-07-06;DAP;K24;0;0;0;0;0.0;58397.61;58218.29;0.0;0.0;0.0;0.0;0.0;58205.42;0.0;0.0
19114;485627;2015-07-07;DAP;N15;0;0;0;0;0.0;99911.6;99805.22;0.0;0.0;0.0;0.0;0.0;99905.75;0.0;0.0
19115;485628;2015-07-07;DAP;Q15;0;0;0;0;0.0;99537.96;99433.01;0.0;0.0;0.0;0.0;0.0;99533.16;0.0;0.0
19116;485629;2015-07-07;DAP;U15;0;0;0;0;0.0;99077.24;98972.62;0.0;0.0;0.0;0.0;0.0;99072.31;0.0;0.0
19117;485630;2015-07-07;DAP;Q16;0;0;0;0;0.0;92528.65;92440.82;0.0;0.0;0.0;0.0;0.0;92533.93;0.0;0.0
19118;485631;2015-07-07;DAP;K17;2220;2220;0;0;0.0;88657.03;88586.48;0.0;0.0;0.0;0.0;0.0;88675.71;0.0;0.0
19119;485632;2015-07-07;DAP;Q18;0;0;0;0;0.0;82120.11;82087.74;0.0;0.0;0.0;0.0;0.0;82170.42;0.0;0.0
19120;485633;2015-07-07;DAP;K19;0;0;0;0;0.0;78344.01;78352.08;0.0;0.0;0.0;0.0;0.0;78431.0;0.0;0.0
19121;485634;2015-07-07;DAP;Q20;0;0;0;0;0.0;72637.16;72774.65;0.0;0.0;0.0;0.0;0.0;72847.95;0.0;0.0
19122;485635;2015-07-07;DAP;Q22;0;0;0;0;0.0;64627.33;64606.81;0.0;0.0;0.0;0.0;0.0;64671.88;0.0;0.0
19123;485636;2015-07-07;DAP;K24;0;0;0;0;0.0;58218.29;58112.83;0.0;0.0;0.0;0.0;0.0;58171.36;0.0;0.0
19124;485637;2015-07-08;DAP;N15;0;0;0;0;0.0;99805.22;99950.25;0.0;0.0;0.0;0.0;0.0;99920.12;0.0;0.0
19125;485638;2015-07-08;DAP;Q15;0;0;0;0;0.0;99433.01;99571.8;0.0;0.0;0.0;0.0;0.0;99541.79;0.0;0.0
19126;485639;2015-07-08;DAP;U15;0;0;0;0;0.0;98972.62;99113.84;0.0;0.0;0.0;0.0;0.0;99083.96;0.0;0.0
19127;485640;2015-07-08;DAP;Q16;0;0;0;0;0.0;92440.82;92654.28;0.0;0.0;0.0;0.0;0.0;92626.35;0.0;0.0
19128;485641;2015-07-08;DAP;K17;2220;2220;0;0;0.0;88586.48;88817.28;0.0;0.0;0.0;0.0;0.0;88790.51;0.0;0.0
19129;485642;2015-07-08;DAP;Q18;0;0;0;0;0.0;82087.74;82263.62;0.0;0.0;0.0;0.0;0.0;82238.82;0.0;0.0
19130;485643;2015-07-08;DAP;K19;0;0;0;0;0.0;78352.08;78474.4;0.0;0.0;0.0;0.0;0.0;78450.75;0.0;0.0
19131;485644;2015-07-08;DAP;Q20;0;0;0;0;0.0;72774.65;72818.26;0.0;0.0;0.0;0.0;0.0;72796.31;0.0;0.0
19132;485645;2015-07-08;DAP;Q22;0;0;0;0;0.0;64606.81;64578.19;0.0;0.0;0.0;0.0;0.0;64558.72;0.0;0.0
19133;485646;2015-07-08;DAP;K24;0;0;0;0;0.0;58112.83;57962.57;0.0;0.0;0.0;0.0;0.0;57945.1;0.0;0.0
19134;485647;2015-07-10;DAP;N15;0;0;0;0;0.0;99950.25;99967.83;0.0;0.0;0.0;0.0;0.0;99952.86;0.0;0.0
19135;485648;2015-07-10;DAP;Q15;0;0;0;0;0.0;99571.8;99591.34;0.0;0.0;0.0;0.0;0.0;99576.42;0.0;0.0
19136;485649;2015-07-10;DAP;U15;0;0;0;0;0.0;99113.84;99140.26;0.0;0.0;0.0;0.0;0.0;99125.41;0.0;0.0
19137;485650;2015-07-10;DAP;Q16;0;0;0;0;0.0;92654.28;92776.61;0.0;0.0;0.0;0.0;0.0;92762.71;0.0;0.0
19138;485651;2015-07-10;DAP;K17;2220;2220;0;0;0.0;88817.28;88941.03;0.0;0.0;0.0;0.0;0.0;88927.71;0.0;0.0
19139;485652;2015-07-10;DAP;Q18;0;0;0;0;0.0;82263.62;82387.79;0.0;0.0;0.0;0.0;0.0;82375.45;0.0;0.0
19140;485653;2015-07-10;DAP;K19;0;0;0;0;0.0;78474.4;78586.45;0.0;0.0;0.0;0.0;0.0;78574.68;0.0;0.0
19141;485654;2015-07-10;DAP;Q20;0;0;0;0;0.0;72818.26;72843.29;0.0;0.0;0.0;0.0;0.0;72832.38;0.0;0.0
19142;485655;2015-07-10;DAP;Q22;0;0;0;0;0.0;64578.19;64557.2;0.0;0.0;0.0;0.0;0.0;64547.53;0.0;0.0
19143;485656;2015-07-10;DAP;K24;0;0;0;0;0.0;57962.57;58030.26;0.0;0.0;0.0;0.0;0.0;58021.57;0.0;0.0
19144;485657;2015-07-13;DAP;N15;0;0;0;0;0.0;99967.83;99983.94;0.0;0.0;0.0;0.0;0.0;99968.95;0.0;0.0
19145;485658;2015-07-13;DAP;Q15;0;0;0;0;0.0;99591.34;99609.5;0.0;0.0;0.0;0.0;0.0;99594.57;0.0;0.0
19146;485659;2015-07-13;DAP;U15;0;0;0;0;0.0;99140.26;99160.88;0.0;0.0;0.0;0.0;0.0;99146.02;0.0;0.0
19147;485660;2015-07-13;DAP;Q16;0;0;0;0;0.0;92776.61;92830.25;0.0;0.0;0.0;0.0;0.0;92816.34;0.0;0.0
19148;485661;2015-07-13;DAP;K17;2220;2220;0;0;0.0;88941.03;88963.63;0.0;0.0;0.0;0.0;0.0;88950.3;0.0;0.0
19149;485662;2015-07-13;DAP;Q18;0;0;0;0;0.0;82387.79;82289.32;0.0;0.0;0.0;0.0;0.0;82276.99;0.0;0.0
19150;485663;2015-07-13;DAP;K19;0;0;0;0;0.0;78586.45;78493.69;0.0;0.0;0.0;0.0;0.0;78481.93;0.0;0.0
19151;485664;2015-07-13;DAP;Q20;0;0;0;0;0.0;72843.29;72826.61;0.0;0.0;0.0;0.0;0.0;72815.69;0.0;0.0
19152;485665;2015-07-13;DAP;Q22;0;0;0;0;0.0;64557.2;64573.07;0.0;0.0;0.0;0.0;0.0;64563.39;0.0;0.0
19153;485666;2015-07-13;DAP;K24;0;0;0;0;0.0;58030.26;57996.53;0.0;0.0;0.0;0.0;0.0;57987.84;0.0;0.0
19154;485667;2015-07-14;DAP;N15;0;0;0;0;0.0;99983.94;99999.78;0.0;0.0;0.0;0.0;0.0;99985.01;0.0;0.0
19155;485668;2015-07-14;DAP;Q15;0;0;0;0;0.0;99609.5;99560.14;0.0;0.0;0.0;0.0;0.0;99545.44;0.0;0.0
19156;485669;2015-07-14;DAP;U15;0;0;0;0;0.0;99160.88;99179.57;0.0;0.0;0.0;0.0;0.0;99164.92;0.0;0.0
19157;485670;2015-07-14;DAP;Q16;0;0;0;0;0.0;92830.25;92874.08;0.0;0.0;0.0;0.0;0.0;92860.36;0.0;0.0
19158;485671;2015-07-14;DAP;K17;2220;2220;0;0;0.0;88963.63;89031.77;0.0;0.0;0.0;0.0;0.0;89018.62;0.0;0.0
19159;485672;2015-07-14;DAP;Q18;0;0;0;0;0.0;82289.32;82333.59;0.0;0.0;0.0;0.0;0.0;82321.43;0.0;0.0
19160;485673;2015-07-14;DAP;K19;0;0;0;0;0.0;78493.69;78513.31;0.0;0.0;0.0;0.0;0.0;78501.72;0.0;0.0
19161;485674;2015-07-14;DAP;Q20;0;0;0;0;0.0;72826.61;72740.49;0.0;0.0;0.0;0.0;0.0;72729.75;0.0;0.0
19162;485675;2015-07-14;DAP;Q22;0;0;0;0;0.0;64573.07;64588.81;0.0;0.0;0.0;0.0;0.0;64579.27;0.0;0.0
19163;485676;2015-07-14;DAP;K24;0;0;0;0;0.0;57996.53;57962.74;0.0;0.0;0.0;0.0;0.0;57954.18;0.0;0.0
19164;485677;2015-07-15;DAP;N15;0;0;0;0;0.0;99999.78;;0.0;0.0;0.0;0.0;0.0;100000.0;0.0;0.0
19165;485678;2015-07-15;DAP;Q15;0;0;0;0;0.0;99560.14;99592.46;0.0;0.0;0.0;0.0;0.0;99564.34;0.0;0.0
19166;485679;2015-07-15;DAP;U15;0;0;0;0;0.0;99179.57;99211.83;0.0;0.0;0.0;0.0;0.0;99183.82;0.0;0.0
19167;485680;2015-07-15;DAP;V15;0;0;0;0;0.0;0.0;98746.3;0.0;0.0;0.0;0.0;0.0;98718.42;0.0;0.0
19168;485681;2015-07-15;DAP;Q16;0;0;0;0;0.0;92874.08;92921.1;0.0;0.0;0.0;0.0;0.0;92894.87;0.0;0.0
19169;485682;2015-07-15;DAP;K17;2220;2220;0;0;0.0;89031.77;89066.28;0.0;0.0;0.0;0.0;0.0;89041.13;0.0;0.0
19170;485683;2015-07-15;DAP;Q18;0;0;0;0;0.0;82333.59;82412.87;0.0;0.0;0.0;0.0;0.0;82389.6;0.0;0.0
19171;485684;2015-07-15;DAP;K19;0;0;0;0;0.0;78513.31;78599.82;0.0;0.0;0.0;0.0;0.0;78577.63;0.0;0.0
19172;485685;2015-07-15;DAP;Q20;0;0;0;0;0.0;72740.49;72803.05;0.0;0.0;0.0;0.0;0.0;72782.5;0.0;0.0
19173;485686;2015-07-15;DAP;Q22;0;0;0;0;0.0;64588.81;64785.04;0.0;0.0;0.0;0.0;0.0;64766.75;0.0;0.0
19174;485687;2015-07-15;DAP;K24;0;0;0;0;0.0;57962.74;58224.87;0.0;0.0;0.0;0.0;0.0;58208.43;0.0;0.0
19175;485688;2015-07-16;DAP;Q15;0;0;0;0;0.0;99592.46;99612.2;0.0;0.0;0.0;0.0;0.0;99584.07;0.0;0.0
19176;485689;2015-07-16;DAP;U15;0;0;0;0;0.0;99211.83;99230.75;0.0;0.0;0.0;0.0;0.0;99202.73;0.0;0.0
19177;485690;2015-07-16;DAP;V15;0;0;0;0;0.0;98746.3;98768.56;0.0;0.0;0.0;0.0;0.0;98740.67;0.0;0.0
19178;485691;2015-07-16;DAP;Q16;0;0;0;0;0.0;92921.1;92983.7;0.0;0.0;0.0;0.0;0.0;92957.44;0.0;0.0
19179;485692;2015-07-16;DAP;K17;2220;2220;0;0;0.0;89066.28;89164.82;0.0;0.0;0.0;0.0;0.0;89139.64;0.0;0.0
19180;485693;2015-07-16;DAP;Q18;0;0;0;0;0.0;82412.87;82528.54;0.0;0.0;0.0;0.0;0.0;82505.23;0.0;0.0
19181;485694;2015-07-16;DAP;K19;0;0;0;0;0.0;78599.82;78788.13;0.0;0.0;0.0;0.0;0.0;78765.88;0.0;0.0
19182;485695;2015-07-16;DAP;Q20;0;0;0;0;0.0;72803.05;72959.87;0.0;0.0;0.0;0.0;0.0;72939.26;0.0;0.0
19183;485696;2015-07-16;DAP;Q22;0;0;0;0;0.0;64785.04;64929.93;0.0;0.0;0.0;0.0;0.0;64911.59;0.0;0.0
19184;485697;2015-07-16;DAP;K24;0;0;0;0;0.0;58224.87;58383.64;0.0;0.0;0.0;0.0;0.0;58367.15;0.0;0.0
19185;485698;2015-07-17;DAP;Q15;0;0;0;0;0.0;99612.2;99630.06;0.0;0.0;0.0;0.0;0.0;99602.15;0.0;0.0
19186;485699;2015-07-17;DAP;U15;0;0;0;0;0.0;99230.75;99249.44;0.0;0.0;0.0;0.0;0.0;99221.64;0.0;0.0
19187;485700;2015-07-17;DAP;V15;0;0;0;0;0.0;98768.56;98788.2;0.0;0.0;0.0;0.0;0.0;98760.53;0.0;0.0
19188;485701;2015-07-17;DAP;Q16;0;0;0;0;0.0;92983.7;93017.81;0.0;0.0;0.0;0.0;0.0;92991.75;0.0;0.0
19189;485702;2015-07-17;DAP;K17;2220;2220;0;0;0.0;89164.82;89217.37;0.0;0.0;0.0;0.0;0.0;89192.38;0.0;0.0
19190;485703;2015-07-17;DAP;Q18;0;0;0;0;0.0;82528.54;82572.64;0.0;0.0;0.0;0.0;0.0;82549.51;0.0;0.0
19191;485704;2015-07-17;DAP;K19;0;0;0;0;0.0;78788.13;78835.7;0.0;0.0;0.0;0.0;0.0;78813.62;0.0;0.0
19192;485705;2015-07-17;DAP;Q20;0;0;0;0;0.0;72959.87;72943.05;0.0;0.0;0.0;0.0;0.0;72922.62;0.0;0.0
19193;485706;2015-07-17;DAP;Q22;0;0;0;0;0.0;64929.93;64859.53;0.0;0.0;0.0;0.0;0.0;64841.36;0.0;0.0
19194;485707;2015-07-17;DAP;K24;0;0;0;0;0.0;58383.64;58253.2;0.0;0.0;0.0;0.0;0.0;58236.88;0.0;0.0
19195;485708;2015-07-20;DAP;Q15;0;0;0;0;0.0;99630.06;99649.96;0.0;0.0;0.0;0.0;0.0;99621.81;0.0;0.0
19196;485709;2015-07-20;DAP;U15;0;0;0;0;0.0;99249.44;99270.1;0.0;0.0;0.0;0.0;0.0;99242.05;0.0;0.0
19197;485710;2015-07-20;DAP;V15;0;0;0;0;0.0;98788.2;98812.87;0.0;0.0;0.0;0.0;0.0;98784.95;0.0;0.0
19198;485711;2015-07-20;DAP;Q16;0;0;0;0;0.0;93017.81;93080.26;0.0;0.0;0.0;0.0;0.0;93053.96;0.0;0.0
19199;485712;2015-07-20;DAP;K17;2220;2220;0;0;0.0;89217.37;89406.93;0.0;0.0;0.0;0.0;0.0;89381.67;0.0;0.0
19200;485713;2015-07-20;DAP;Q18;0;0;0;0;0.0;82572.64;82902.69;0.0;0.0;0.0;0.0;0.0;82879.27;0.0;0.0
19201;485714;2015-07-20;DAP;K19;0;0;0;0;0.0;78835.7;79165.35;0.0;0.0;0.0;0.0;0.0;79142.98;0.0;0.0
19202;485715;2015-07-20;DAP;Q20;0;0;0;0;0.0;72943.05;73273.99;0.0;0.0;0.0;0.0;0.0;73253.29;0.0;0.0
19203;485716;2015-07-20;DAP;Q22;0;0;0;0;0.0;64859.53;65220.33;0.0;0.0;0.0;0.0;0.0;65201.9;0.0;0.0
19204;485717;2015-07-20;DAP;K24;0;0;0;0;0.0;58253.2;58605.31;0.0;0.0;0.0;0.0;0.0;58588.75;0.0;0.0
19205;485718;2015-07-21;DAP;Q15;0;0;0;0;0.0;99649.96;99668.85;0.0;0.0;0.0;0.0;0.0;99640.69;0.0;0.0
19206;485719;2015-07-21;DAP;U15;0;0;0;0;0.0;99270.1;99287.52;0.0;0.0;0.0;0.0;0.0;99259.47;0.0;0.0
19207;485720;2015-07-21;DAP;V15;0;0;0;0;0.0;98812.87;98832.67;0.0;0.0;0.0;0.0;0.0;98804.75;0.0;0.0
19208;485721;2015-07-21;DAP;Q16;0;0;0;0;0.0;93080.26;93114.38;0.0;0.0;0.0;0.0;0.0;93088.07;0.0;0.0
19209;485722;2015-07-21;DAP;K17;2220;2220;0;0;0.0;89406.93;89504.88;0.0;0.0;0.0;0.0;0.0;89479.59;0.0;0.0
19210;485723;2015-07-21;DAP;Q18;0;0;0;0;0.0;82902.69;83089.91;0.0;0.0;0.0;0.0;0.0;83066.44;0.0;0.0
19211;485724;2015-07-21;DAP;K19;0;0;0;0;0.0;79165.35;79410.84;0.0;0.0;0.0;0.0;0.0;79388.4;0.0;0.0
19212;485725;2015-07-21;DAP;Q20;0;0;0;0;0.0;73273.99;73501.13;0.0;0.0;0.0;0.0;0.0;73480.36;0.0;0.0
19213;485726;2015-07-21;DAP;Q22;0;0;0;0;0.0;65220.33;65495.94;0.0;0.0;0.0;0.0;0.0;65477.44;0.0;0.0
19214;485727;2015-07-21;DAP;K24;0;0;0;0;0.0;58605.31;58910.62;0.0;0.0;0.0;0.0;0.0;58893.98;0.0;0.0
19215;485728;2015-07-22;DAP;Q15;0;0;0;0;0.0;99668.85;99666.27;0.0;0.0;0.0;0.0;0.0;99658.89;0.0;0.0
19216;485729;2015-07-22;DAP;U15;0;0;0;0;0.0;99287.52;99284.32;0.0;0.0;0.0;0.0;0.0;99276.96;0.0;0.0
19217;485730;2015-07-22;DAP;V15;0;0;0;0;0.0;98832.67;98829.67;0.0;0.0;0.0;0.0;0.0;98822.35;0.0;0.0
19218;485731;2015-07-22;DAP;Q16;0;0;0;0;0.0;93114.38;93110.5;0.0;0.0;0.0;0.0;0.0;93103.6;0.0;0.0
19219;485732;2015-07-22;DAP;K17;2220;2220;0;0;0.0;89504.88;89447.46;0.0;0.0;0.0;0.0;0.0;89440.83;0.0;0.0
19220;485733;2015-07-22;DAP;Q18;0;0;0;0;0.0;83089.91;82925.79;0.0;0.0;0.0;0.0;0.0;82919.65;0.0;0.0
19221;485734;2015-07-22;DAP;K19;0;0;0;0;0.0;79410.84;79103.08;0.0;0.0;0.0;0.0;0.0;79097.22;0.0;0.0
19222;485735;2015-07-22;DAP;Q20;0;0;0;0;0.0;73501.13;73051.49;0.0;0.0;0.0;0.0;0.0;73046.08;0.0;0.0
19223;485736;2015-07-22;DAP;Q22;0;0;0;0;0.0;65495.94;65065.64;0.0;0.0;0.0;0.0;0.0;65060.82;0.0;0.0
19224;485737;2015-07-22;DAP;K24;0;0;0;0;0.0;58910.62;58428.29;0.0;0.0;0.0;0.0;0.0;58423.96;0.0;0.0
19225;485738;2015-07-23;DAP;Q15;0;0;0;0;0.0;99666.27;99698.68;0.0;0.0;0.0;0.0;0.0;99673.96;0.0;0.0
19226;485739;2015-07-23;DAP;U15;0;0;0;0;0.0;99284.32;99310.82;0.0;0.0;0.0;0.0;0.0;99286.2;0.0;0.0
19227;485740;2015-07-23;DAP;V15;0;0;0;0;0.0;98829.67;98849.41;0.0;0.0;0.0;0.0;0.0;98824.9;0.0;0.0
19228;485741;2015-07-23;DAP;Q16;0;0;0;0;0.0;93110.5;93004.1;0.0;0.0;0.0;0.0;0.0;92981.04;0.0;0.0
19229;485742;2015-07-23;DAP;K17;2220;2220;0;0;0.0;89447.46;89153.33;0.0;0.0;0.0;0.0;0.0;89131.23;0.0;0.0
19230;485743;2015-07-23;DAP;Q18;0;0;0;0;0.0;82925.79;82298.16;0.0;0.0;0.0;0.0;0.0;82277.76;0.0;0.0
19231;485744;2015-07-23;DAP;K19;0;0;0;0;0.0;79103.08;78242.57;0.0;0.0;0.0;0.0;0.0;78223.17;0.0;0.0
19232;485745;2015-07-23;DAP;Q20;0;0;0;0;0.0;73051.49;71949.87;0.0;0.0;0.0;0.0;0.0;71932.03;0.0;0.0
19233;485746;2015-07-23;DAP;Q22;0;0;0;0;0.0;65065.64;63605.41;0.0;0.0;0.0;0.0;0.0;63589.64;0.0;0.0
19234;485747;2015-07-23;DAP;K24;0;0;0;0;0.0;58428.29;56839.39;0.0;0.0;0.0;0.0;0.0;56825.3;0.0;0.0
19235;485748;2015-07-24;DAP;Q15;0;0;0;0;0.0;99698.68;99711.58;0.0;0.0;0.0;0.0;0.0;99687.08;0.0;0.0
19236;485749;2015-07-24;DAP;U15;0;0;0;0;0.0;99310.82;99314.98;0.0;0.0;0.0;0.0;0.0;99290.57;0.0;0.0
19237;485750;2015-07-24;DAP;V15;0;0;0;0;0.0;98849.41;98843.87;0.0;0.0;0.0;0.0;0.0;98819.58;0.0;0.0
19238;485751;2015-07-24;DAP;Q16;0;0;0;0;0.0;93004.1;92782.35;0.0;0.0;0.0;0.0;0.0;92759.55;0.0;0.0
19239;485752;2015-07-24;DAP;K17;2220;2220;0;0;0.0;89153.33;88846.66;0.0;0.0;0.0;0.0;0.0;88824.83;0.0;0.0
19240;485753;2015-07-24;DAP;Q18;0;0;0;0;0.0;82298.16;81967.36;0.0;0.0;0.0;0.0;0.0;81947.22;0.0;0.0
19241;485754;2015-07-24;DAP;K19;0;0;0;0;0.0;78242.57;77903.42;0.0;0.0;0.0;0.0;0.0;77884.28;0.0;0.0
19242;485755;2015-07-24;DAP;Q20;0;0;0;0;0.0;71949.87;71697.16;0.0;0.0;0.0;0.0;0.0;71679.54;0.0;0.0
19243;485756;2015-07-24;DAP;Q22;0;0;0;0;0.0;63605.41;63328.82;0.0;0.0;0.0;0.0;0.0;63313.26;0.0;0.0
19244;485757;2015-07-24;DAP;K24;0;0;0;0;0.0;56839.39;56527.92;0.0;0.0;0.0;0.0;0.0;56514.03;0.0;0.0
19245;485758;2015-07-27;DAP;Q15;0;0;0;0;0.0;99711.58;99730.8;0.0;0.0;0.0;0.0;0.0;99706.05;0.0;0.0
19246;485759;2015-07-27;DAP;U15;0;0;0;0;0.0;99314.98;99333.54;0.0;0.0;0.0;0.0;0.0;99308.89;0.0;0.0
19247;485760;2015-07-27;DAP;V15;0;0;0;0;0.0;98843.87;98862.61;0.0;0.0;0.0;0.0;0.0;98838.08;0.0;0.0
19248;485761;2015-07-27;DAP;Q16;0;0;0;0;0.0;92782.35;92799.71;0.0;0.0;0.0;0.0;0.0;92776.68;0.0;0.0
19249;485762;2015-07-27;DAP;K17;2220;2220;0;0;0.0;88846.66;88810.65;0.0;0.0;0.0;0.0;0.0;88788.61;0.0;0.0
19250;485763;2015-07-27;DAP;Q18;0;0;0;0;0.0;81967.36;81848.94;0.0;0.0;0.0;0.0;0.0;81828.63;0.0;0.0
19251;485764;2015-07-27;DAP;K19;0;0;0;0;0.0;77903.42;77814.07;0.0;0.0;0.0;0.0;0.0;77794.76;0.0;0.0
19252;485765;2015-07-27;DAP;Q20;0;0;0;0;0.0;71697.16;71648.56;0.0;0.0;0.0;0.0;0.0;71630.78;0.0;0.0
19253;485766;2015-07-27;DAP;Q22;0;0;0;0;0.0;63328.82;63303.65;0.0;0.0;0.0;0.0;0.0;63287.94;0.0;0.0
19254;485767;2015-07-27;DAP;K24;0;0;0;0;0.0;56527.92;56542.67;0.0;0.0;0.0;0.0;0.0;56528.64;0.0;0.0
19255;485768;2015-07-28;DAP;Q15;0;0;0;0;0.0;99730.8;99750.14;0.0;0.0;0.0;0.0;0.0;99725.62;0.0;0.0
19256;485769;2015-07-28;DAP;U15;0;0;0;0;0.0;99333.54;99351.72;0.0;0.0;0.0;0.0;0.0;99327.3;0.0;0.0
19257;485770;2015-07-28;DAP;V15;0;0;0;0;0.0;98862.61;98883.02;0.0;0.0;0.0;0.0;0.0;98858.71;0.0;0.0
19258;485771;2015-07-28;DAP;Q16;0;0;0;0;0.0;92799.71;92852.93;0.0;0.0;0.0;0.0;0.0;92830.1;0.0;0.0
19259;485772;2015-07-28;DAP;K17;2220;2220;0;0;0.0;88810.65;88804.18;0.0;0.0;0.0;0.0;0.0;88782.35;0.0;0.0
19260;485773;2015-07-28;DAP;Q18;0;0;0;0;0.0;81848.94;81777.18;0.0;0.0;0.0;0.0;0.0;81757.08;0.0;0.0
19261;485774;2015-07-28;DAP;K19;0;0;0;0;0.0;77814.07;77806.99;0.0;0.0;0.0;0.0;0.0;77787.86;0.0;0.0
19262;485775;2015-07-28;DAP;Q20;0;0;0;0;0.0;71648.56;71667.24;0.0;0.0;0.0;0.0;0.0;71649.62;0.0;0.0
19263;485776;2015-07-28;DAP;Q22;0;0;0;0;0.0;63303.65;63236.64;0.0;0.0;0.0;0.0;0.0;63221.09;0.0;0.0
19264;485777;2015-07-28;DAP;K24;0;0;0;0;0.0;56542.67;56603.57;0.0;0.0;0.0;0.0;0.0;56589.65;0.0;0.0
19265;485778;2015-07-29;DAP;Q15;0;0;0;0;0.0;99750.14;99687.39;0.0;0.0;0.0;0.0;0.0;99662.64;0.0;0.0
19266;485779;2015-07-29;DAP;U15;0;0;0;0;0.0;99351.72;99168.03;0.0;0.0;0.0;0.0;0.0;99143.41;0.0;0.0
19267;485780;2015-07-29;DAP;V15;0;0;0;0;0.0;98883.02;98614.74;0.0;0.0;0.0;0.0;0.0;98590.26;0.0;0.0
19268;485781;2015-07-29;DAP;Q16;0;0;0;0;0.0;92852.93;92888.35;0.0;0.0;0.0;0.0;0.0;92865.29;0.0;0.0
19269;485782;2015-07-29;DAP;K17;2220;2220;0;0;0.0;88804.18;88901.96;0.0;0.0;0.0;0.0;0.0;88879.89;0.0;0.0
19270;485783;2015-07-29;DAP;Q18;0;0;0;0;0.0;81777.18;81915.06;0.0;0.0;0.0;0.0;0.0;81894.73;0.0;0.0
19271;485784;2015-07-29;DAP;K19;0;0;0;0;0.0;77806.99;77937.53;0.0;0.0;0.0;0.0;0.0;77918.18;0.0;0.0
19272;485785;2015-07-29;DAP;Q20;0;0;0;0;0.0;71667.24;71787.54;0.0;0.0;0.0;0.0;0.0;71769.72;0.0;0.0
19273;485786;2015-07-29;DAP;Q22;0;0;0;0;0.0;63236.64;63128.6;0.0;0.0;0.0;0.0;0.0;63112.93;0.0;0.0
19274;485787;2015-07-29;DAP;K24;0;0;0;0;0.0;56603.57;56571.91;0.0;0.0;0.0;0.0;0.0;56557.87;0.0;0.0
19275;485788;2015-07-30;DAP;Q15;0;0;0;0;0.0;99687.39;99718.13;0.0;0.0;0.0;0.0;0.0;99691.66;0.0;0.0
19276;485789;2015-07-30;DAP;U15;0;0;0;0;0.0;99168.03;99203.85;0.0;0.0;0.0;0.0;0.0;99177.52;0.0;0.0
19277;485790;2015-07-30;DAP;V15;0;0;0;0;0.0;98614.74;98657.91;0.0;0.0;0.0;0.0;0.0;98631.72;0.0;0.0
19278;485791;2015-07-30;DAP;Q16;0;0;0;0;0.0;92888.35;93096.41;0.0;0.0;0.0;0.0;0.0;93071.7;0.0;0.0
19279;485792;2015-07-30;DAP;K17;2220;2220;0;0;0.0;88901.96;89372.48;0.0;0.0;0.0;0.0;0.0;89348.76;0.0;0.0
19280;485793;2015-07-30;DAP;Q18;0;0;0;0;0.0;81915.06;82638.66;0.0;0.0;0.0;0.0;0.0;82616.73;0.0;0.0
19281;485794;2015-07-30;DAP;K19;0;0;0;0;0.0;77937.53;78732.71;0.0;0.0;0.0;0.0;0.0;78711.81;0.0;0.0
19282;485795;2015-07-30;DAP;Q20;0;0;0;0;0.0;71787.54;72520.99;0.0;0.0;0.0;0.0;0.0;72501.74;0.0;0.0
19283;485796;2015-07-30;DAP;Q22;0;0;0;0;0.0;63128.6;63771.63;0.0;0.0;0.0;0.0;0.0;63754.7;0.0;0.0
19284;485797;2015-07-30;DAP;K24;0;0;0;0;0.0;56571.91;56959.84;0.0;0.0;0.0;0.0;0.0;56944.72;0.0;0.0
19285;485798;2015-07-31;DAP;Q15;0;0;0;0;0.0;99718.13;99731.75;0.0;0.0;0.0;0.0;0.0;99705.51;0.0;0.0
19286;485799;2015-07-31;DAP;U15;0;0;0;0;0.0;99203.85;99197.25;0.0;0.0;0.0;0.0;0.0;99171.15;0.0;0.0
19287;485800;2015-07-31;DAP;V15;0;0;0;0;0.0;98657.91;98637.62;0.0;0.0;0.0;0.0;0.0;98611.67;0.0;0.0
19288;485801;2015-07-31;DAP;Q16;0;0;0;0;0.0;93096.41;93157.73;0.0;0.0;0.0;0.0;0.0;93133.22;0.0;0.0
19289;485802;2015-07-31;DAP;K17;2220;2220;0;0;0.0;89372.48;89499.03;0.0;0.0;0.0;0.0;0.0;89475.48;0.0;0.0
19290;485803;2015-07-31;DAP;Q18;0;0;0;0;0.0;82638.66;82894.27;0.0;0.0;0.0;0.0;0.0;82872.46;0.0;0.0
19291;485804;2015-07-31;DAP;K19;0;0;0;0;0.0;78732.71;79030.74;0.0;0.0;0.0;0.0;0.0;79009.94;0.0;0.0
19292;485805;2015-07-31;DAP;Q20;0;0;0;0;0.0;72520.99;72778.81;0.0;0.0;0.0;0.0;0.0;72759.66;0.0;0.0
19293;485806;2015-07-31;DAP;Q22;0;0;0;0;0.0;63771.63;63955.68;0.0;0.0;0.0;0.0;0.0;63938.85;0.0;0.0
19294;485807;2015-07-31;DAP;K24;0;0;0;0;0.0;56959.84;57161.41;0.0;0.0;0.0;0.0;0.0;57146.37;0.0;0.0
19295;485808;2015-08-03;DAP;Q15;0;0;0;0;0.0;99731.75;99757.99;0.0;0.0;0.0;0.0;0.0;99731.5;0.0;0.0
19296;485809;2015-08-03;DAP;U15;0;0;0;0;0.0;99197.25;99221.92;0.0;0.0;0.0;0.0;0.0;99195.57;0.0;0.0
19297;485810;2015-08-03;DAP;V15;0;0;0;0;0.0;98637.62;98660.65;0.0;0.0;0.0;0.0;0.0;98634.45;0.0;0.0
19298;485811;2015-08-03;DAP;Q16;0;0;0;0;0.0;93157.73;93138.49;0.0;0.0;0.0;0.0;0.0;93113.76;0.0;0.0
19299;485812;2015-08-03;DAP;K17;2220;2220;0;0;0.0;89499.03;89402.59;0.0;0.0;0.0;0.0;0.0;89378.85;0.0;0.0
19300;485813;2015-08-03;DAP;Q18;0;0;0;0;0.0;82894.27;82656.61;0.0;0.0;0.0;0.0;0.0;82634.66;0.0;0.0
19301;485814;2015-08-03;DAP;K19;0;0;0;0;0.0;79030.74;78717.01;0.0;0.0;0.0;0.0;0.0;78696.11;0.0;0.0
19302;485815;2015-08-03;DAP;Q20;0;0;0;0;0.0;72778.81;72387.4;0.0;0.0;0.0;0.0;0.0;72368.18;0.0;0.0
19303;485816;2015-08-03;DAP;Q22;0;0;0;0;0.0;63955.68;63345.03;0.0;0.0;0.0;0.0;0.0;63328.21;0.0;0.0
19304;485817;2015-08-03;DAP;K24;0;0;0;0;0.0;57161.41;56616.77;0.0;0.0;0.0;0.0;0.0;56601.74;0.0;0.0
19305;485818;2015-08-04;DAP;Q15;0;0;0;0;0.0;99757.99;99784.26;0.0;0.0;0.0;0.0;0.0;99757.99;0.0;0.0
19306;485819;2015-08-04;DAP;U15;0;0;0;0;0.0;99221.92;99248.41;0.0;0.0;0.0;0.0;0.0;99222.28;0.0;0.0
19307;485820;2015-08-04;DAP;V15;0;0;0;0;0.0;98660.65;98685.2;0.0;0.0;0.0;0.0;0.0;98659.22;0.0;0.0
19308;485821;2015-08-04;DAP;Q16;0;0;0;0;0.0;93138.49;93154.91;0.0;0.0;0.0;0.0;0.0;93130.39;0.0;0.0
19309;485822;2015-08-04;DAP;K17;2220;2220;0;0;0.0;89402.59;89380.45;0.0;0.0;0.0;0.0;0.0;89356.92;0.0;0.0
19310;485823;2015-08-04;DAP;Q18;0;0;0;0;0.0;82656.61;82583.58;0.0;0.0;0.0;0.0;0.0;82561.84;0.0;0.0
19311;485824;2015-08-04;DAP;K19;0;0;0;0;0.0;78717.01;78626.07;0.0;0.0;0.0;0.0;0.0;78605.37;0.0;0.0
19312;485825;2015-08-04;DAP;Q20;0;0;0;0;0.0;72387.4;72235.87;0.0;0.0;0.0;0.0;0.0;72216.86;0.0;0.0
19313;485826;2015-08-04;DAP;Q22;0;0;0;0;0.0;63345.03;63319.75;0.0;0.0;0.0;0.0;0.0;63303.08;0.0;0.0
19314;485827;2015-08-04;DAP;K24;0;0;0;0;0.0;56616.77;56631.28;0.0;0.0;0.0;0.0;0.0;56616.37;0.0;0.0
19315;485828;2015-08-05;DAP;Q15;0;0;0;0;0.0;99784.26;99811.06;0.0;0.0;0.0;0.0;0.0;99784.55;0.0;0.0
19316;485829;2015-08-05;DAP;U15;0;0;0;0;0.0;99248.41;99273.3;0.0;0.0;0.0;0.0;0.0;99246.93;0.0;0.0
19317;485830;2015-08-05;DAP;V15;0;0;0;0;0.0;98685.2;98708.49;0.0;0.0;0.0;0.0;0.0;98682.27;0.0;0.0
19318;485831;2015-08-05;DAP;Q16;0;0;0;0;0.0;93154.91;93145.14;0.0;0.0;0.0;0.0;0.0;93120.4;0.0;0.0
19319;485832;2015-08-05;DAP;K17;2220;2220;0;0;0.0;89380.45;89314.66;0.0;0.0;0.0;0.0;0.0;89290.94;0.0;0.0
19320;485833;2015-08-05;DAP;Q18;0;0;0;0;0.0;82583.58;82371.56;0.0;0.0;0.0;0.0;0.0;82349.68;0.0;0.0
19321;485834;2015-08-05;DAP;K19;0;0;0;0;0.0;78626.07;78398.12;0.0;0.0;0.0;0.0;0.0;78377.3;0.0;0.0
19322;485835;2015-08-05;DAP;Q20;0;0;0;0;0.0;72235.87;71984.0;0.0;0.0;0.0;0.0;0.0;71964.88;0.0;0.0
19323;485836;2015-08-05;DAP;Q22;0;0;0;0;0.0;63319.75;63005.24;0.0;0.0;0.0;0.0;0.0;62988.5;0.0;0.0
19324;485837;2015-08-05;DAP;K24;0;0;0;0;0.0;56631.28;56047.26;0.0;0.0;0.0;0.0;0.0;56032.37;0.0;0.0
19325;485838;2015-08-06;DAP;Q15;0;0;0;0;0.0;99811.06;99821.93;0.0;0.0;0.0;0.0;0.0;99810.16;0.0;0.0
19326;485839;2015-08-06;DAP;U15;0;0;0;0;0.0;99273.3;99279.47;0.0;0.0;0.0;0.0;0.0;99267.77;0.0;0.0
19327;485840;2015-08-06;DAP;V15;0;0;0;0;0.0;98708.49;98710.1;0.0;0.0;0.0;0.0;0.0;98698.46;0.0;0.0
19328;485841;2015-08-06;DAP;Q16;0;0;0;0;0.0;93145.14;93042.05;0.0;0.0;0.0;0.0;0.0;93031.08;0.0;0.0
19329;485842;2015-08-06;DAP;K17;2220;2220;0;0;0.0;89314.66;88957.32;0.0;0.0;0.0;0.0;0.0;88946.83;0.0;0.0
19330;485843;2015-08-06;DAP;Q18;0;0;0;0;0.0;82371.56;81618.53;0.0;0.0;0.0;0.0;0.0;81608.91;0.0;0.0
19331;485844;2015-08-06;DAP;K19;0;0;0;0;0.0;78398.12;77506.12;0.0;0.0;0.0;0.0;0.0;77496.98;0.0;0.0
19332;485845;2015-08-06;DAP;Q20;0;0;0;0;0.0;71984.0;71088.19;0.0;0.0;0.0;0.0;0.0;71079.81;0.0;0.0
19333;485846;2015-08-06;DAP;Q22;0;0;0;0;0.0;63005.24;61950.51;0.0;0.0;0.0;0.0;0.0;61943.21;0.0;0.0
19334;485847;2015-08-06;DAP;K24;0;0;0;0;0.0;56047.26;55101.62;0.0;0.0;0.0;0.0;0.0;55095.12;0.0;0.0
19335;485848;2015-08-07;DAP;Q15;0;0;0;0;0.0;99821.93;99866.43;0.0;0.0;0.0;0.0;0.0;99841.04;0.0;0.0
19336;485849;2015-08-07;DAP;U15;0;0;0;0;0.0;99279.47;99334.4;0.0;0.0;0.0;0.0;0.0;99309.15;0.0;0.0
19337;485850;2015-08-07;DAP;V15;0;0;0;0;0.0;98710.1;98774.59;0.0;0.0;0.0;0.0;0.0;98749.48;0.0;0.0
19338;485851;2015-08-07;DAP;Q16;0;0;0;0;0.0;93042.05;93045.68;0.0;0.0;0.0;0.0;0.0;93022.02;0.0;0.0
19339;485852;2015-08-07;DAP;K17;2220;2220;0;0;0.0;88957.32;88832.56;0.0;0.0;0.0;0.0;0.0;88809.98;0.0;0.0
19340;485853;2015-08-07;DAP;Q18;0;0;0;0;0.0;81618.53;81263.05;0.0;0.0;0.0;0.0;0.0;81242.39;0.0;0.0
19341;485854;2015-08-07;DAP;K19;0;0;0;0;0.0;77506.12;77159.77;0.0;0.0;0.0;0.0;0.0;77140.15;0.0;0.0
19342;485855;2015-08-07;DAP;Q20;0;0;0;0;0.0;71088.19;70653.96;0.0;0.0;0.0;0.0;0.0;70636.0;0.0;0.0
19343;485856;2015-08-07;DAP;Q22;0;0;0;0;0.0;61950.51;61452.59;0.0;0.0;0.0;0.0;0.0;61436.97;0.0;0.0
19344;485857;2015-08-07;DAP;K24;0;0;0;0;0.0;55101.62;54766.12;0.0;0.0;0.0;0.0;0.0;54752.2;0.0;0.0
19345;485858;2015-08-10;DAP;Q15;0;0;0;0;0.0;99866.43;99893.52;0.0;0.0;0.0;0.0;0.0;99867.88;0.0;0.0
19346;485859;2015-08-10;DAP;U15;0;0;0;0;0.0;99334.4;99362.06;0.0;0.0;0.0;0.0;0.0;99336.56;0.0;0.0
19347;485860;2015-08-10;DAP;V15;0;0;0;0;0.0;98774.59;98804.66;0.0;0.0;0.0;0.0;0.0;98779.3;0.0;0.0
19348;485861;2015-08-10;DAP;Q16;0;0;0;0;0.0;93045.68;93107.28;0.0;0.0;0.0;0.0;0.0;93083.39;0.0;0.0
19349;485862;2015-08-10;DAP;K17;2220;2220;0;0;0.0;88832.56;88973.01;0.0;0.0;0.0;0.0;0.0;88950.18;0.0;0.0
19350;485863;2015-08-10;DAP;Q18;0;0;0;0;0.0;81263.05;81467.88;0.0;0.0;0.0;0.0;0.0;81446.97;0.0;0.0
19351;485864;2015-08-10;DAP;K19;0;0;0;0;0.0;77159.77;77369.72;0.0;0.0;0.0;0.0;0.0;77349.86;0.0;0.0
19352;485865;2015-08-10;DAP;Q20;0;0;0;0;0.0;70653.96;70937.72;0.0;0.0;0.0;0.0;0.0;70919.51;0.0;0.0
19353;485866;2015-08-10;DAP;Q22;0;0;0;0;0.0;61452.59;61750.76;0.0;0.0;0.0;0.0;0.0;61734.91;0.0;0.0
19354;485867;2015-08-10;DAP;K24;0;0;0;0;0.0;54766.12;54959.88;0.0;0.0;0.0;0.0;0.0;54945.78;0.0;0.0
19355;485868;2015-08-11;DAP;Q15;0;0;0;0;0.0;99893.52;99920.01;0.0;0.0;0.0;0.0;0.0;99894.59;0.0;0.0
19356;485869;2015-08-11;DAP;U15;0;0;0;0;0.0;99362.06;99388.3;0.0;0.0;0.0;0.0;0.0;99363.01;0.0;0.0
19357;485870;2015-08-11;DAP;V15;0;0;0;0;0.0;98804.66;98830.83;0.0;0.0;0.0;0.0;0.0;98805.68;0.0;0.0
19358;485871;2015-08-11;DAP;Q16;0;0;0;0;0.0;93107.28;93150.75;0.0;0.0;0.0;0.0;0.0;93127.05;0.0;0.0
19359;485872;2015-08-11;DAP;K17;2220;2220;0;0;0.0;88973.01;88996.44;0.0;0.0;0.0;0.0;0.0;88973.8;0.0;0.0
19360;485873;2015-08-11;DAP;Q18;0;0;0;0;0.0;81467.88;81581.08;0.0;0.0;0.0;0.0;0.0;81560.32;0.0;0.0
19361;485874;2015-08-11;DAP;K19;0;0;0;0;0.0;77369.72;77471.56;0.0;0.0;0.0;0.0;0.0;77451.85;0.0;0.0
19362;485875;2015-08-11;DAP;Q20;0;0;0;0;0.0;70937.72;70956.92;0.0;0.0;0.0;0.0;0.0;70938.87;0.0;0.0
19363;485876;2015-08-11;DAP;Q22;0;0;0;0;0.0;61750.76;61848.09;0.0;0.0;0.0;0.0;0.0;61832.35;0.0;0.0
19364;485877;2015-08-11;DAP;K24;0;0;0;0;0.0;54959.88;55109.1;0.0;0.0;0.0;0.0;0.0;55095.08;0.0;0.0
19365;485878;2015-08-12;DAP;Q15;0;0;0;0;0.0;99920.01;99946.94;0.0;0.0;0.0;0.0;0.0;99921.27;0.0;0.0
19366;485879;2015-08-12;DAP;U15;0;0;0;0;0.0;99388.3;99415.0;0.0;0.0;0.0;0.0;0.0;99389.47;0.0;0.0
19367;485880;2015-08-12;DAP;V15;0;0;0;0;0.0;98830.83;98859.06;0.0;0.0;0.0;0.0;0.0;98833.67;0.0;0.0
19368;485881;2015-08-12;DAP;Q16;0;0;0;0;0.0;93150.75;93194.53;0.0;0.0;0.0;0.0;0.0;93170.59;0.0;0.0
19369;485882;2015-08-12;DAP;K17;2220;2220;0;0;0.0;88996.44;89107.39;0.0;0.0;0.0;0.0;0.0;89084.5;0.0;0.0
19370;485883;2015-08-12;DAP;Q18;0;0;0;0;0.0;81581.08;81786.06;0.0;0.0;0.0;0.0;0.0;81765.05;0.0;0.0
19371;485884;2015-08-12;DAP;K19;0;0;0;0;0.0;77471.56;77735.97;0.0;0.0;0.0;0.0;0.0;77716.0;0.0;0.0
19372;485885;2015-08-12;DAP;Q20;0;0;0;0;0.0;70956.92;71241.46;0.0;0.0;0.0;0.0;0.0;71223.16;0.0;0.0
19373;485886;2015-08-12;DAP;Q22;0;0;0;0;0.0;61848.09;62107.39;0.0;0.0;0.0;0.0;0.0;62091.44;0.0;0.0
19374;485887;2015-08-12;DAP;K24;0;0;0;0;0.0;55109.1;55303.88;0.0;0.0;0.0;0.0;0.0;55289.68;0.0;0.0
19375;485888;2015-08-13;DAP;Q15;0;0;0;0;0.0;99946.94;99973.25;0.0;0.0;0.0;0.0;0.0;99947.8;0.0;0.0
19376;485889;2015-08-13;DAP;U15;0;0;0;0;0.0;99415.0;99439.63;0.0;0.0;0.0;0.0;0.0;99414.32;0.0;0.0
19377;485890;2015-08-13;DAP;V15;0;0;0;0;0.0;98859.06;98882.05;0.0;0.0;0.0;0.0;0.0;98856.88;0.0;0.0
19378;485891;2015-08-13;DAP;Q16;0;0;0;0;0.0;93194.53;93194.32;0.0;0.0;0.0;0.0;0.0;93170.6;0.0;0.0
19379;485892;2015-08-13;DAP;K17;2220;2220;0;0;0.0;89107.39;89058.21;0.0;0.0;0.0;0.0;0.0;89035.54;0.0;0.0
19380;485893;2015-08-13;DAP;Q18;0;0;0;0;0.0;81786.06;81670.74;0.0;0.0;0.0;0.0;0.0;81649.95;0.0;0.0
19381;485894;2015-08-13;DAP;K19;0;0;0;0;0.0;77735.97;77594.58;0.0;0.0;0.0;0.0;0.0;77574.83;0.0;0.0
19382;485895;2015-08-13;DAP;Q20;0;0;0;0;0.0;71241.46;71127.95;0.0;0.0;0.0;0.0;0.0;71109.85;0.0;0.0
19383;485896;2015-08-13;DAP;Q22;0;0;0;0;0.0;62107.39;61962.51;0.0;0.0;0.0;0.0;0.0;61946.74;0.0;0.0
19384;485897;2015-08-13;DAP;K24;0;0;0;0;0.0;55303.88;55228.78;0.0;0.0;0.0;0.0;0.0;55214.72;0.0;0.0
19385;485898;2015-08-14;DAP;Q15;0;0;0;0;0.0;99973.25;100000.22;0.0;0.0;0.0;0.0;0.0;99974.53;0.0;0.0
19386;485899;2015-08-14;DAP;U15;0;0;0;0;0.0;99439.63;99465.65;0.0;0.0;0.0;0.0;0.0;99440.09;0.0;0.0
19387;485900;2015-08-14;DAP;V15;0;0;0;0;0.0;98882.05;98907.18;0.0;0.0;0.0;0.0;0.0;98881.77;0.0;0.0
19388;485901;2015-08-14;DAP;Q16;0;0;0;0;0.0;93194.32;93194.75;0.0;0.0;0.0;0.0;0.0;93170.81;0.0;0.0
19389;485902;2015-08-14;DAP;K17;2220;2220;0;0;0.0;89058.21;89038.71;0.0;0.0;0.0;0.0;0.0;89015.83;0.0;0.0
19390;485903;2015-08-14;DAP;Q18;0;0;0;0;0.0;81670.74;81624.63;0.0;0.0;0.0;0.0;0.0;81603.66;0.0;0.0
19391;485904;2015-08-14;DAP;K19;0;0;0;0;0.0;77594.58;77588.83;0.0;0.0;0.0;0.0;0.0;77568.89;0.0;0.0
19392;485905;2015-08-14;DAP;Q20;0;0;0;0;0.0;71127.95;71246.79;0.0;0.0;0.0;0.0;0.0;71228.48;0.0;0.0
19393;485906;2015-08-14;DAP;Q22;0;0;0;0;0.0;61962.51;62141.09;0.0;0.0;0.0;0.0;0.0;62125.12;0.0;0.0
19394;485907;2015-08-14;DAP;K24;0;0;0;0;0.0;55228.78;55288.8;0.0;0.0;0.0;0.0;0.0;55274.59;0.0;0.0
19395;485908;2015-08-17;DAP;Q15;0;0;0;0;0.0;100000.22;;0.0;0.0;0.0;0.0;0.0;100000.0;0.0;0.0
19396;485909;2015-08-17;DAP;U15;0;0;0;0;0.0;99465.65;99592.79;0.0;0.0;0.0;0.0;0.0;99555.03;0.0;0.0
19397;485910;2015-08-17;DAP;V15;0;0;0;0;0.0;98907.18;99127.52;0.0;0.0;0.0;0.0;0.0;99089.94;0.0;0.0
19398;485911;2015-08-17;DAP;X15;0;0;0;0;0.0;0.0;98664.44;0.0;0.0;0.0;0.0;0.0;98627.03;0.0;0.0
19399;485912;2015-08-17;DAP;Q16;0;0;0;0;0.0;93194.75;94613.87;0.0;0.0;0.0;0.0;0.0;94578.0;0.0;0.0
19400;485913;2015-08-17;DAP;K17;2220;2220;0;0;0.0;89038.71;90770.07;0.0;0.0;0.0;0.0;0.0;90735.65;0.0;0.0
19401;485914;2015-08-17;DAP;Q18;0;0;0;0;0.0;81624.63;84613.22;0.0;0.0;0.0;0.0;0.0;84581.14;0.0;0.0
19402;485915;2015-08-17;DAP;K19;0;0;0;0;0.0;77588.83;81193.81;0.0;0.0;0.0;0.0;0.0;81163.02;0.0;0.0
19403;485916;2015-08-17;DAP;Q20;0;0;0;0;0.0;71246.79;75635.89;0.0;0.0;0.0;0.0;0.0;75607.21;0.0;0.0
19404;485917;2015-08-17;DAP;Q22;0;0;0;0;0.0;62141.09;67641.2;0.0;0.0;0.0;0.0;0.0;67615.55;0.0;0.0
19405;485918;2015-08-17;DAP;K24;0;0;0;0;0.0;55288.8;61361.01;0.0;0.0;0.0;0.0;0.0;61337.74;0.0;0.0
19406;485919;2015-08-18;DAP;U15;0;0;0;0;0.0;99592.79;99613.58;0.0;0.0;0.0;0.0;0.0;99575.81;0.0;0.0
19407;485920;2015-08-18;DAP;V15;0;0;0;0;0.0;99127.52;99146.66;0.0;0.0;0.0;0.0;0.0;99109.07;0.0;0.0
19408;485921;2015-08-18;DAP;X15;0;0;0;0;0.0;98664.44;98681.93;0.0;0.0;0.0;0.0;0.0;98644.51;0.0;0.0
19409;485922;2015-08-18;DAP;Q16;0;0;0;0;0.0;94613.87;94617.29;0.0;0.0;0.0;0.0;0.0;94581.42;0.0;0.0
19410;485923;2015-08-18;DAP;K17;2220;2220;0;0;0.0;90770.07;90760.68;0.0;0.0;0.0;0.0;0.0;90726.27;0.0;0.0
19411;485924;2015-08-18;DAP;Q18;0;0;0;0;0.0;84613.22;84584.48;0.0;0.0;0.0;0.0;0.0;84552.41;0.0;0.0
19412;485925;2015-08-18;DAP;K19;0;0;0;0;0.0;81193.81;81154.96;0.0;0.0;0.0;0.0;0.0;81124.19;0.0;0.0
19413;485926;2015-08-18;DAP;Q20;0;0;0;0;0.0;75635.89;75581.68;0.0;0.0;0.0;0.0;0.0;75553.02;0.0;0.0
19414;485927;2015-08-18;DAP;Q22;0;0;0;0;0.0;67641.2;67567.32;0.0;0.0;0.0;0.0;0.0;67541.7;0.0;0.0
19415;485928;2015-08-18;DAP;K24;0;0;0;0;0.0;61361.01;61273.88;0.0;0.0;0.0;0.0;0.0;61250.65;0.0;0.0
19416;485929;2015-08-19;DAP;U15;0;0;0;0;0.0;99613.58;99558.53;0.0;0.0;0.0;0.0;0.0;99520.55;0.0;0.0
19417;485930;2015-08-19;DAP;V15;0;0;0;0;0.0;99146.66;99000.42;0.0;0.0;0.0;0.0;0.0;98962.66;0.0;0.0
19418;485931;2015-08-19;DAP;X15;0;0;0;0;0.0;98681.93;98446.11;0.0;0.0;0.0;0.0;0.0;98408.56;0.0;0.0
19419;485932;2015-08-19;DAP;Q16;0;0;0;0;0.0;94617.29;93293.76;0.0;0.0;0.0;0.0;0.0;93258.17;0.0;0.0
19420;485933;2015-08-19;DAP;K17;2220;2220;0;0;0.0;90760.68;89063.57;0.0;0.0;0.0;0.0;0.0;89029.6;0.0;0.0
19421;485934;2015-08-19;DAP;Q18;0;0;0;0;0.0;84584.48;81882.77;0.0;0.0;0.0;0.0;0.0;81851.54;0.0;0.0
19422;485935;2015-08-19;DAP;K19;0;0;0;0;0.0;81154.96;77823.14;0.0;0.0;0.0;0.0;0.0;77793.45;0.0;0.0
19423;485936;2015-08-19;DAP;Q20;0;0;0;0;0.0;75581.68;71778.65;0.0;0.0;0.0;0.0;0.0;71751.27;0.0;0.0
19424;485937;2015-08-19;DAP;Q22;0;0;0;0;0.0;67567.32;62890.73;0.0;0.0;0.0;0.0;0.0;62866.74;0.0;0.0
19425;485938;2015-08-19;DAP;K24;0;0;0;0;0.0;61273.88;55973.52;0.0;0.0;0.0;0.0;0.0;55952.17;0.0;0.0
19426;485939;2015-08-20;DAP;U15;0;0;0;0;0.0;99558.53;99587.41;0.0;0.0;0.0;0.0;0.0;99549.64;0.0;0.0
19427;485940;2015-08-20;DAP;V15;0;0;0;0;0.0;99000.42;99032.27;0.0;0.0;0.0;0.0;0.0;98994.71;0.0;0.0
19428;485941;2015-08-20;DAP;X15;0;0;0;0;0.0;98446.11;98480.84;0.0;0.0;0.0;0.0;0.0;98443.49;0.0;0.0
19429;485942;2015-08-20;DAP;Q16;0;0;0;0;0.0;93293.76;93396.56;0.0;0.0;0.0;0.0;0.0;93361.14;0.0;0.0
19430;485943;2015-08-20;DAP;K17;2220;2220;0;0;0.0;89063.57;89187.47;0.0;0.0;0.0;0.0;0.0;89153.65;0.0;0.0
19431;485944;2015-08-20;DAP;Q18;0;0;0;0;0.0;81882.77;82041.0;0.0;0.0;0.0;0.0;0.0;82009.89;0.0;0.0
19432;485945;2015-08-20;DAP;K19;0;0;0;0;0.0;77823.14;77897.78;0.0;0.0;0.0;0.0;0.0;77868.24;0.0;0.0
19433;485946;2015-08-20;DAP;Q20;0;0;0;0;0.0;71778.65;71764.2;0.0;0.0;0.0;0.0;0.0;71736.98;0.0;0.0
19434;485947;2015-08-20;DAP;Q22;0;0;0;0;0.0;62890.73;62662.33;0.0;0.0;0.0;0.0;0.0;62638.56;0.0;0.0
19435;485948;2015-08-20;DAP;K24;0;0;0;0;0.0;55973.52;55716.03;0.0;0.0;0.0;0.0;0.0;55694.9;0.0;0.0
19436;485949;2015-08-21;DAP;U15;0;0;0;0;0.0;99587.41;99628.78;0.0;0.0;0.0;0.0;0.0;99576.07;0.0;0.0
19437;485950;2015-08-21;DAP;V15;0;0;0;0;0.0;99032.27;99073.44;0.0;0.0;0.0;0.0;0.0;99021.03;0.0;0.0
19438;485951;2015-08-21;DAP;X15;0;0;0;0;0.0;98480.84;98519.67;0.0;0.0;0.0;0.0;0.0;98467.55;0.0;0.0
19439;485952;2015-08-21;DAP;Q16;0;0;0;0;0.0;93396.56;93419.53;0.0;0.0;0.0;0.0;0.0;93370.11;0.0;0.0
19440;485953;2015-08-21;DAP;K17;2220;2220;0;0;0.0;89187.47;89124.44;0.0;0.0;0.0;0.0;0.0;89077.29;0.0;0.0
19441;485954;2015-08-21;DAP;Q18;0;0;0;0;0.0;82041.0;81825.24;0.0;0.0;0.0;0.0;0.0;81781.95;0.0;0.0
19442;485955;2015-08-21;DAP;K19;0;0;0;0;0.0;77897.78;77607.93;0.0;0.0;0.0;0.0;0.0;77566.87;0.0;0.0
19443;485956;2015-08-21;DAP;Q20;0;0;0;0;0.0;71764.2;71230.45;0.0;0.0;0.0;0.0;0.0;71192.77;0.0;0.0
19444;485957;2015-08-21;DAP;Q22;0;0;0;0;0.0;62662.33;62242.31;0.0;0.0;0.0;0.0;0.0;62209.38;0.0;0.0
19445;485958;2015-08-21;DAP;K24;0;0;0;0;0.0;55716.03;55333.75;0.0;0.0;0.0;0.0;0.0;55304.48;0.0;0.0
19446;485959;2015-08-24;DAP;U15;0;0;0;0;0.0;99628.78;99641.07;0.0;0.0;0.0;0.0;0.0;99600.3;0.0;0.0
19447;485960;2015-08-24;DAP;V15;0;0;0;0;0.0;99073.44;99082.61;0.0;0.0;0.0;0.0;0.0;99042.07;0.0;0.0
19448;485961;2015-08-24;DAP;X15;0;0;0;0;0.0;98519.67;98525.75;0.0;0.0;0.0;0.0;0.0;98485.44;0.0;0.0
19449;485962;2015-08-24;DAP;Q16;0;0;0;0;0.0;93419.53;93358.24;0.0;0.0;0.0;0.0;0.0;93320.04;0.0;0.0
19450;485963;2015-08-24;DAP;K17;2220;2220;0;0;0.0;89124.44;88981.08;0.0;0.0;0.0;0.0;0.0;88944.67;0.0;0.0
19451;485964;2015-08-24;DAP;Q18;0;0;0;0;0.0;81825.24;81566.41;0.0;0.0;0.0;0.0;0.0;81533.04;0.0;0.0
19452;485965;2015-08-24;DAP;K19;0;0;0;0;0.0;77607.93;77246.1;0.0;0.0;0.0;0.0;0.0;77214.5;0.0;0.0
19453;485966;2015-08-24;DAP;Q20;0;0;0;0;0.0;71230.45;70879.69;0.0;0.0;0.0;0.0;0.0;70850.69;0.0;0.0
19454;485967;2015-08-24;DAP;Q22;0;0;0;0;0.0;62242.31;61649.43;0.0;0.0;0.0;0.0;0.0;61624.21;0.0;0.0
19455;485968;2015-08-24;DAP;K24;0;0;0;0;0.0;55333.75;54762.31;0.0;0.0;0.0;0.0;0.0;54739.9;0.0;0.0
19456;485969;2015-08-25;DAP;U15;0;0;0;0;0.0;99641.07;99670.78;0.0;0.0;0.0;0.0;0.0;99630.0;0.0;0.0
19457;485970;2015-08-25;DAP;V15;0;0;0;0;0.0;99082.61;99116.83;0.0;0.0;0.0;0.0;0.0;99076.28;0.0;0.0
19458;485971;2015-08-25;DAP;X15;0;0;0;0;0.0;98525.75;98564.43;0.0;0.0;0.0;0.0;0.0;98524.1;0.0;0.0
19459;485972;2015-08-25;DAP;Q16;0;0;0;0;0.0;93358.24;93494.19;0.0;0.0;0.0;0.0;0.0;93455.94;0.0;0.0
19460;485973;2015-08-25;DAP;K17;2220;2220;0;0;0.0;88981.08;89047.82;0.0;0.0;0.0;0.0;0.0;89011.39;0.0;0.0
19461;485974;2015-08-25;DAP;Q18;0;0;0;0;0.0;81566.41;81521.23;0.0;0.0;0.0;0.0;0.0;81487.88;0.0;0.0
19462;485975;2015-08-25;DAP;K19;0;0;0;0;0.0;77246.1;77294.15;0.0;0.0;0.0;0.0;0.0;77262.53;0.0;0.0
19463;485976;2015-08-25;DAP;Q20;0;0;0;0;0.0;70879.69;70866.5;0.0;0.0;0.0;0.0;0.0;70837.51;0.0;0.0
19464;485977;2015-08-25;DAP;Q22;0;0;0;0;0.0;61649.43;61786.38;0.0;0.0;0.0;0.0;0.0;61761.1;0.0;0.0
19465;485978;2015-08-25;DAP;K24;0;0;0;0;0.0;54762.31;54777.4;0.0;0.0;0.0;0.0;0.0;54754.99;0.0;0.0
19466;485979;2015-08-26;DAP;U15;0;0;0;0;0.0;99670.78;99696.7;0.0;0.0;0.0;0.0;0.0;99655.9;0.0;0.0
19467;485980;2015-08-26;DAP;V15;0;0;0;0;0.0;99116.83;99141.87;0.0;0.0;0.0;0.0;0.0;99101.3;0.0;0.0
19468;485981;2015-08-26;DAP;X15;0;0;0;0;0.0;98564.43;98590.61;0.0;0.0;0.0;0.0;0.0;98550.26;0.0;0.0
19469;485982;2015-08-26;DAP;Q16;0;0;0;0;0.0;93494.19;93503.32;0.0;0.0;0.0;0.0;0.0;93465.06;0.0;0.0
19470;485983;2015-08-26;DAP;K17;2220;2220;0;0;0.0;89047.82;89227.95;0.0;0.0;0.0;0.0;0.0;89191.44;0.0;0.0
19471;485984;2015-08-26;DAP;Q18;0;0;0;0;0.0;81521.23;81791.25;0.0;0.0;0.0;0.0;0.0;81757.78;0.0;0.0
19472;485985;2015-08-26;DAP;K19;0;0;0;0;0.0;77294.15;77581.97;0.0;0.0;0.0;0.0;0.0;77550.22;0.0;0.0
19473;485986;2015-08-26;DAP;Q20;0;0;0;0;0.0;70866.5;71345.94;0.0;0.0;0.0;0.0;0.0;71316.74;0.0;0.0
19474;485987;2015-08-26;DAP;Q22;0;0;0;0;0.0;61786.38;62325.85;0.0;0.0;0.0;0.0;0.0;62300.34;0.0;0.0
19475;485988;2015-08-26;DAP;K24;0;0;0;0;0.0;54777.4;55327.25;0.0;0.0;0.0;0.0;0.0;55304.61;0.0;0.0
19476;485989;2015-08-27;DAP;U15;0;0;0;0;0.0;99696.7;99722.69;0.0;0.0;0.0;0.0;0.0;99681.88;0.0;0.0
19477;485990;2015-08-27;DAP;V15;0;0;0;0;0.0;99141.87;99166.98;0.0;0.0;0.0;0.0;0.0;99126.4;0.0;0.0
19478;485991;2015-08-27;DAP;X15;0;0;0;0;0.0;98590.61;98612.84;0.0;0.0;0.0;0.0;0.0;98572.48;0.0;0.0
19479;485992;2015-08-27;DAP;Q16;0;0;0;0;0.0;93503.32;93504.21;0.0;0.0;0.0;0.0;0.0;93465.95;0.0;0.0
19480;485993;2015-08-27;DAP;K17;2220;2220;0;0;0.0;89227.95;89180.93;0.0;0.0;0.0;0.0;0.0;89144.43;0.0;0.0
19481;485994;2015-08-27;DAP;Q18;0;0;0;0;0.0;81791.25;81700.84;0.0;0.0;0.0;0.0;0.0;81667.41;0.0;0.0
19482;485995;2015-08-27;DAP;K19;0;0;0;0;0.0;77581.97;77496.6;0.0;0.0;0.0;0.0;0.0;77464.89;0.0;0.0
19483;485996;2015-08-27;DAP;Q20;0;0;0;0;0.0;71345.94;71200.73;0.0;0.0;0.0;0.0;0.0;71171.59;0.0;0.0
19484;485997;2015-08-27;DAP;Q22;0;0;0;0;0.0;62325.85;62060.87;0.0;0.0;0.0;0.0;0.0;62035.47;0.0;0.0
19485;485998;2015-08-27;DAP;K24;0;0;0;0;0.0;55327.25;55118.78;0.0;0.0;0.0;0.0;0.0;55096.22;0.0;0.0
19486;485999;2015-08-28;DAP;U15;0;0;0;0;0.0;99722.69;99749.41;0.0;0.0;0.0;0.0;0.0;99708.36;0.0;0.0
19487;486000;2015-08-28;DAP;V15;0;0;0;0;0.0;99166.98;99192.4;0.0;0.0;0.0;0.0;0.0;99151.58;0.0;0.0
19488;486001;2015-08-28;DAP;X15;0;0;0;0;0.0;98612.84;98639.32;0.0;0.0;0.0;0.0;0.0;98598.73;0.0;0.0
19489;486002;2015-08-28;DAP;Q16;0;0;0;0;0.0;93504.21;93513.87;0.0;0.0;0.0;0.0;0.0;93475.39;0.0;0.0
19490;486003;2015-08-28;DAP;K17;2220;2220;0;0;0.0;89180.93;89190.95;0.0;0.0;0.0;0.0;0.0;89154.25;0.0;0.0
19491;486004;2015-08-28;DAP;Q18;0;0;0;0;0.0;81700.84;81678.39;0.0;0.0;0.0;0.0;0.0;81644.78;0.0;0.0
19492;486005;2015-08-28;DAP;K19;0;0;0;0;0.0;77496.6;77518.11;0.0;0.0;0.0;0.0;0.0;77486.21;0.0;0.0
19493;486006;2015-08-28;DAP;Q20;0;0;0;0;0.0;71200.73;71318.95;0.0;0.0;0.0;0.0;0.0;71289.6;0.0;0.0
19494;486007;2015-08-28;DAP;Q22;0;0;0;0;0.0;62060.87;62198.56;0.0;0.0;0.0;0.0;0.0;62172.96;0.0;0.0
19495;486008;2015-08-28;DAP;K24;0;0;0;0;0.0;55118.78;55223.2;0.0;0.0;0.0;0.0;0.0;55200.47;0.0;0.0
19496;486009;2015-08-31;DAP;U15;0;0;0;0;0.0;99749.41;99773.81;0.0;0.0;0.0;0.0;0.0;99732.98;0.0;0.0
19497;486010;2015-08-31;DAP;V15;0;0;0;0;0.0;99192.4;99212.89;0.0;0.0;0.0;0.0;0.0;99172.29;0.0;0.0
19498;486011;2015-08-31;DAP;X15;0;0;0;0;0.0;98639.32;98653.94;0.0;0.0;0.0;0.0;0.0;98613.57;0.0;0.0
19499;486012;2015-08-31;DAP;Q16;0;0;0;0;0.0;93513.87;93440.33;0.0;0.0;0.0;0.0;0.0;93402.09;0.0;0.0
19500;486013;2015-08-31;DAP;K17;2220;2220;0;0;0.0;89190.95;89073.97;0.0;0.0;0.0;0.0;0.0;89037.52;0.0;0.0
19501;486014;2015-08-31;DAP;Q18;0;0;0;0;0.0;81678.39;81432.02;0.0;0.0;0.0;0.0;0.0;81398.7;0.0;0.0
19502;486015;2015-08-31;DAP;K19;0;0;0;0;0.0;77518.11;77247.54;0.0;0.0;0.0;0.0;0.0;77215.93;0.0;0.0
19503;486016;2015-08-31;DAP;Q20;0;0;0;0;0.0;71318.95;70879.57;0.0;0.0;0.0;0.0;0.0;70850.56;0.0;0.0
19504;486017;2015-08-31;DAP;Q22;0;0;0;0;0.0;62198.56;61734.77;0.0;0.0;0.0;0.0;0.0;61709.51;0.0;0.0
19505;486018;2015-08-31;DAP;K24;0;0;0;0;0.0;55223.2;54882.12;0.0;0.0;0.0;0.0;0.0;54859.66;0.0;0.0
19506;486019;2015-09-01;DAP;U15;0;0;0;0;0.0;99773.81;99801.16;0.0;0.0;0.0;0.0;0.0;99760.32;0.0;0.0
19507;486020;2015-09-01;DAP;V15;0;0;0;0;0.0;99212.89;99241.7;0.0;0.0;0.0;0.0;0.0;99201.09;0.0;0.0
19508;486021;2015-09-01;DAP;X15;0;0;0;0;0.0;98653.94;98684.16;0.0;0.0;0.0;0.0;0.0;98643.78;0.0;0.0
19509;486022;2015-09-01;DAP;Q16;0;0;0;0;0.0;93440.33;93499.92;0.0;0.0;0.0;0.0;0.0;93461.66;0.0;0.0
19510;486023;2015-09-01;DAP;K17;2220;2220;0;0;0.0;89073.97;89084.23;0.0;0.0;0.0;0.0;0.0;89047.77;0.0;0.0
19511;486024;2015-09-01;DAP;Q18;0;0;0;0;0.0;81432.02;81254.25;0.0;0.0;0.0;0.0;0.0;81221.0;0.0;0.0
19512;486025;2015-09-01;DAP;K19;0;0;0;0;0.0;77247.54;77057.99;0.0;0.0;0.0;0.0;0.0;77026.46;0.0;0.0
19513;486026;2015-09-01;DAP;Q20;0;0;0;0;0.0;70879.57;70671.35;0.0;0.0;0.0;0.0;0.0;70642.43;0.0;0.0
19514;486027;2015-09-01;DAP;Q22;0;0;0;0;0.0;61734.77;61315.18;0.0;0.0;0.0;0.0;0.0;61290.09;0.0;0.0
19515;486028;2015-09-01;DAP;K24;0;0;0;0;0.0;54882.12;54852.92;0.0;0.0;0.0;0.0;0.0;54830.47;0.0;0.0
19516;486029;2015-09-02;DAP;U15;0;0;0;0;0.0;99801.16;99826.88;0.0;0.0;0.0;0.0;0.0;99786.03;0.0;0.0
19517;486030;2015-09-02;DAP;V15;0;0;0;0;0.0;99241.7;99262.9;0.0;0.0;0.0;0.0;0.0;99222.28;0.0;0.0
19518;486031;2015-09-02;DAP;X15;0;0;0;0;0.0;98684.16;98703.27;0.0;0.0;0.0;0.0;0.0;98662.88;0.0;0.0
19519;486032;2015-09-02;DAP;Q16;0;0;0;0;0.0;93499.92;93444.2;0.0;0.0;0.0;0.0;0.0;93405.96;0.0;0.0
19520;486033;2015-09-02;DAP;K17;2220;2220;0;0;0.0;89084.23;88885.05;0.0;0.0;0.0;0.0;0.0;88848.68;0.0;0.0
19521;486034;2015-09-02;DAP;Q18;0;0;0;0;0.0;81254.25;80878.72;0.0;0.0;0.0;0.0;0.0;80845.62;0.0;0.0
19522;486035;2015-09-02;DAP;K19;0;0;0;0;0.0;77057.99;76581.67;0.0;0.0;0.0;0.0;0.0;76550.33;0.0;0.0
19523;486036;2015-09-02;DAP;Q20;0;0;0;0;0.0;70671.35;70173.88;0.0;0.0;0.0;0.0;0.0;70145.16;0.0;0.0
19524;486037;2015-09-02;DAP;Q22;0;0;0;0;0.0;61315.18;60625.66;0.0;0.0;0.0;0.0;0.0;60600.85;0.0;0.0
19525;486038;2015-09-02;DAP;K24;0;0;0;0;0.0;54852.92;53600.48;0.0;0.0;0.0;0.0;0.0;53578.54;0.0;0.0
19526;486039;2015-09-03;DAP;U15;0;0;0;0;0.0;99826.88;99855.17;0.0;0.0;0.0;0.0;0.0;99814.31;0.0;0.0
19527;486040;2015-09-03;DAP;V15;0;0;0;0;0.0;99262.9;99295.82;0.0;0.0;0.0;0.0;0.0;99255.18;0.0;0.0
19528;486041;2015-09-03;DAP;X15;0;0;0;0;0.0;98703.27;98740.62;0.0;0.0;0.0;0.0;0.0;98700.21;0.0;0.0
19529;486042;2015-09-03;DAP;Q16;0;0;0;0;0.0;93444.2;93577.43;0.0;0.0;0.0;0.0;0.0;93539.14;0.0;0.0
19530;486043;2015-09-03;DAP;K17;2220;2220;0;0;0.0;88885.05;89090.98;0.0;0.0;0.0;0.0;0.0;89054.52;0.0;0.0
19531;486044;2015-09-03;DAP;Q18;0;0;0;0;0.0;80878.72;81078.54;0.0;0.0;0.0;0.0;0.0;81045.36;0.0;0.0
19532;486045;2015-09-03;DAP;K19;0;0;0;0;0.0;76581.67;76812.87;0.0;0.0;0.0;0.0;0.0;76781.44;0.0;0.0
19533;486046;2015-09-03;DAP;Q20;0;0;0;0;0.0;70173.88;70322.74;0.0;0.0;0.0;0.0;0.0;70293.96;0.0;0.0
19534;486047;2015-09-03;DAP;Q22;0;0;0;0;0.0;60625.66;60838.41;0.0;0.0;0.0;0.0;0.0;60813.51;0.0;0.0
19535;486048;2015-09-03;DAP;K24;0;0;0;0;0.0;53600.48;53745.4;0.0;0.0;0.0;0.0;0.0;53723.41;0.0;0.0
19536;486049;2015-09-04;DAP;U15;0;0;0;0;0.0;99855.17;99881.03;0.0;0.0;0.0;0.0;0.0;99840.15;0.0;0.0
19537;486050;2015-09-04;DAP;V15;0;0;0;0;0.0;99295.82;99318.36;0.0;0.0;0.0;0.0;0.0;99277.71;0.0;0.0
19538;486051;2015-09-04;DAP;X15;0;0;0;0;0.0;98740.62;98758.2;0.0;0.0;0.0;0.0;0.0;98717.78;0.0;0.0
19539;486052;2015-09-04;DAP;Q16;0;0;0;0;0.0;93577.43;93514.09;0.0;0.0;0.0;0.0;0.0;93475.81;0.0;0.0
19540;486053;2015-09-04;DAP;K17;2220;2220;0;0;0.0;89090.98;88962.42;0.0;0.0;0.0;0.0;0.0;88926.0;0.0;0.0
19541;486054;2015-09-04;DAP;Q18;0;1730;3;1730;152064422.0;81078.54;80969.32;7.5;7.5;7.5;7.5;7.5;80936.18;0.0;0.0
19542;486055;2015-09-04;DAP;K19;0;0;0;0;0.0;76812.87;76495.8;0.0;0.0;0.0;0.0;0.0;76464.49;0.0;0.0
19543;486056;2015-09-04;DAP;Q20;0;0;0;0;0.0;70322.74;69638.11;0.0;0.0;0.0;0.0;0.0;69609.6;0.0;0.0
19544;486057;2015-09-04;DAP;Q22;0;0;0;0;0.0;60838.41;60040.48;0.0;0.0;0.0;0.0;0.0;60015.9;0.0;0.0
19545;486058;2015-09-04;DAP;K24;0;0;0;0;0.0;53745.4;52988.61;0.0;0.0;0.0;0.0;0.0;52966.92;0.0;0.0
19546;486059;2015-09-08;DAP;U15;0;0;0;0;0.0;99881.03;99909.71;0.0;0.0;0.0;0.0;0.0;99868.81;0.0;0.0
19547;486060;2015-09-08;DAP;V15;0;0;0;0;0.0;99318.36;99356.53;0.0;0.0;0.0;0.0;0.0;99315.86;0.0;0.0
19548;486061;2015-09-08;DAP;X15;0;0;0;0;0.0;98758.2;98807.15;0.0;0.0;0.0;0.0;0.0;98766.71;0.0;0.0
19549;486062;2015-09-08;DAP;Q16;0;0;0;0;0.0;93514.09;93760.51;0.0;0.0;0.0;0.0;0.0;93722.13;0.0;0.0
19550;486063;2015-09-08;DAP;K17;2220;2220;0;0;0.0;88962.42;89209.37;0.0;0.0;0.0;0.0;0.0;89172.85;0.0;0.0
19551;486064;2015-09-08;DAP;Q18;1730;1730;0;0;0.0;80969.32;81213.01;0.0;0.0;0.0;0.0;0.0;81179.77;0.0;0.0
19552;486065;2015-09-08;DAP;K19;0;0;0;0;0.0;76495.8;76830.74;0.0;0.0;0.0;0.0;0.0;76799.29;0.0;0.0
19553;486066;2015-09-08;DAP;Q20;0;0;0;0;0.0;69638.11;70041.53;0.0;0.0;0.0;0.0;0.0;70012.86;0.0;0.0
19554;486067;2015-09-08;DAP;Q22;0;0;0;0;0.0;60040.48;60638.99;0.0;0.0;0.0;0.0;0.0;60614.17;0.0;0.0
19555;486068;2015-09-08;DAP;K24;0;0;0;0;0.0;52988.61;53560.37;0.0;0.0;0.0;0.0;0.0;53538.45;0.0;0.0
19556;486069;2015-09-09;DAP;U15;0;0;0;0;0.0;99909.71;99945.19;0.0;0.0;0.0;0.0;0.0;99895.78;0.0;0.0
19557;486070;2015-09-09;DAP;V15;0;0;0;0;0.0;99356.53;99395.84;0.0;0.0;0.0;0.0;0.0;99346.7;0.0;0.0
19558;486071;2015-09-09;DAP;X15;0;0;0;0;0.0;98807.15;98850.1;0.0;0.0;0.0;0.0;0.0;98801.23;0.0;0.0
19559;486072;2015-09-09;DAP;Q16;0;0;0;0;0.0;93760.51;93883.82;0.0;0.0;0.0;0.0;0.0;93837.41;0.0;0.0
19560;486073;2015-09-09;DAP;K17;2220;2220;0;0;0.0;89209.37;89547.61;0.0;0.0;0.0;0.0;0.0;89503.34;0.0;0.0
19561;486074;2015-09-09;DAP;Q18;1730;1730;0;0;0.0;81213.01;81463.97;0.0;0.0;0.0;0.0;0.0;81423.7;0.0;0.0
19562;486075;2015-09-09;DAP;K19;0;0;0;0;0.0;76830.74;77068.5;0.0;0.0;0.0;0.0;0.0;77030.4;0.0;0.0
19563;486076;2015-09-09;DAP;Q20;0;0;0;0;0.0;70041.53;70292.18;0.0;0.0;0.0;0.0;0.0;70257.43;0.0;0.0
19564;486077;2015-09-09;DAP;Q22;0;0;0;0;0.0;60638.99;60739.53;0.0;0.0;0.0;0.0;0.0;60709.5;0.0;0.0
19565;486078;2015-09-09;DAP;K24;0;0;0;0;0.0;53560.37;53709.59;0.0;0.0;0.0;0.0;0.0;53683.04;0.0;0.0
19566;486079;2015-09-10;DAP;U15;0;0;0;0;0.0;99945.19;99929.91;0.0;0.0;0.0;0.0;0.0;99888.55;0.0;0.0
19567;486080;2015-09-10;DAP;V15;0;0;0;0;0.0;99395.84;99196.86;0.0;0.0;0.0;0.0;0.0;99155.8;0.0;0.0
19568;486081;2015-09-10;DAP;X15;0;0;0;0;0.0;98850.1;98470.16;0.0;0.0;0.0;0.0;0.0;98429.4;0.0;0.0
19569;486082;2015-09-10;DAP;Q16;0;0;0;0;0.0;93883.82;93885.57;0.0;0.0;0.0;0.0;0.0;93846.71;0.0;0.0
19570;486083;2015-09-10;DAP;K17;2220;2220;0;0;0.0;89547.61;89522.27;0.0;0.0;0.0;0.0;0.0;89485.21;0.0;0.0
19571;486084;2015-09-10;DAP;Q18;1730;1730;0;0;0.0;81463.97;81303.5;0.0;0.0;0.0;0.0;0.0;81269.85;0.0;0.0
19572;486085;2015-09-10;DAP;K19;0;0;0;0;0.0;77068.5;76770.91;0.0;0.0;0.0;0.0;0.0;76739.13;0.0;0.0
19573;486086;2015-09-10;DAP;Q20;0;0;0;0;0.0;70292.18;69890.51;0.0;0.0;0.0;0.0;0.0;69861.58;0.0;0.0
19574;486087;2015-09-10;DAP;Q22;0;0;0;0;0.0;60739.53;60402.44;0.0;0.0;0.0;0.0;0.0;60377.44;0.0;0.0
19575;486088;2015-09-10;DAP;K24;0;0;0;0;0.0;53709.59;53205.67;0.0;0.0;0.0;0.0;0.0;53183.65;0.0;0.0
19576;486089;2015-09-11;DAP;U15;0;0;0;0;0.0;99929.91;99965.35;0.0;0.0;0.0;0.0;0.0;99923.74;0.0;0.0
19577;486090;2015-09-11;DAP;V15;0;0;0;0;0.0;99196.86;99236.27;0.0;0.0;0.0;0.0;0.0;99194.97;0.0;0.0
19578;486091;2015-09-11;DAP;X15;0;0;0;0;0.0;98470.16;98512.9;0.0;0.0;0.0;0.0;0.0;98471.9;0.0;0.0
19579;486092;2015-09-11;DAP;Q16;0;0;0;0;0.0;93885.57;94024.54;0.0;0.0;0.0;0.0;0.0;93985.4;0.0;0.0
19580;486093;2015-09-11;DAP;K17;2220;2220;0;0;0.0;89522.27;89685.32;0.0;0.0;0.0;0.0;0.0;89647.99;0.0;0.0
19581;486094;2015-09-11;DAP;Q18;1730;1730;0;0;0.0;81303.5;81525.26;0.0;0.0;0.0;0.0;0.0;81491.33;0.0;0.0
19582;486095;2015-09-11;DAP;K19;0;0;0;0;0.0;76770.91;77106.2;0.0;0.0;0.0;0.0;0.0;77074.11;0.0;0.0
19583;486096;2015-09-11;DAP;Q20;0;0;0;0;0.0;69890.51;70230.55;0.0;0.0;0.0;0.0;0.0;70201.32;0.0;0.0
19584;486097;2015-09-11;DAP;Q22;0;0;0;0;0.0;60402.44;60730.7;0.0;0.0;0.0;0.0;0.0;60705.42;0.0;0.0
19585;486098;2015-09-11;DAP;K24;0;0;0;0;0.0;53205.67;53477.99;0.0;0.0;0.0;0.0;0.0;53455.73;0.0;0.0
19586;486099;2015-09-14;DAP;U15;0;0;0;0;0.0;99965.35;99999.99;0.0;0.0;0.0;0.0;0.0;99958.6;0.0;0.0
19587;486100;2015-09-14;DAP;V15;0;0;0;0;0.0;99236.27;99275.69;0.0;0.0;0.0;0.0;0.0;99234.6;0.0;0.0
19588;486101;2015-09-14;DAP;X15;0;0;0;0;0.0;98512.9;98556.41;0.0;0.0;0.0;0.0;0.0;98515.61;0.0;0.0
19589;486102;2015-09-14;DAP;Q16;0;0;0;0;0.0;94024.54;94186.68;0.0;0.0;0.0;0.0;0.0;94147.69;0.0;0.0
19590;486103;2015-09-14;DAP;K17;2220;2220;0;0;0.0;89685.32;89889.53;0.0;0.0;0.0;0.0;0.0;89852.32;0.0;0.0
19591;486104;2015-09-14;DAP;Q18;1730;1730;0;0;0.0;81525.26;81835.53;0.0;0.0;0.0;0.0;0.0;81801.66;0.0;0.0
19592;486105;2015-09-14;DAP;K19;0;0;0;0;0.0;77106.2;77521.13;0.0;0.0;0.0;0.0;0.0;77489.04;0.0;0.0
19593;486106;2015-09-14;DAP;Q20;0;0;0;0;0.0;70230.55;70636.16;0.0;0.0;0.0;0.0;0.0;70606.92;0.0;0.0
19594;486107;2015-09-14;DAP;Q22;0;0;0;0;0.0;60730.7;61335.12;0.0;0.0;0.0;0.0;0.0;61309.73;0.0;0.0
19595;486108;2015-09-14;DAP;K24;0;0;0;0;0.0;53477.99;54271.67;0.0;0.0;0.0;0.0;0.0;54249.21;0.0;0.0
19596;486109;2015-09-15;DAP;U15;0;0;0;0;0.0;99999.99;;0.0;0.0;0.0;0.0;0.0;100000.0;0.0;0.0
19597;486110;2015-09-15;DAP;V15;0;0;0;0;0.0;99275.69;99297.52;0.0;0.0;0.0;0.0;0.0;99266.23;0.0;0.0
19598;486111;2015-09-15;DAP;X15;0;0;0;0;0.0;98556.41;98576.42;0.0;0.0;0.0;0.0;0.0;98545.36;0.0;0.0
19599;486112;2015-09-15;DAP;Z15;0;0;0;0;0.0;0.0;97859.08;0.0;0.0;0.0;0.0;0.0;97828.24;0.0;0.0
19600;486113;2015-09-15;DAP;Q16;0;0;0;0;0.0;94186.68;94153.68;0.0;0.0;0.0;0.0;0.0;94124.01;0.0;0.0
19601;486114;2015-09-15;DAP;K17;2220;2220;0;0;0.0;89889.53;89862.0;0.0;0.0;0.0;0.0;0.0;89833.68;0.0;0.0
19602;486115;2015-09-15;DAP;Q18;1730;1730;0;0;0.0;81835.53;81849.91;0.0;0.0;0.0;0.0;0.0;81824.12;0.0;0.0
19603;486116;2015-09-15;DAP;K19;0;0;0;0;0.0;77521.13;77508.75;0.0;0.0;0.0;0.0;0.0;77484.33;0.0;0.0
19604;486117;2015-09-15;DAP;Q20;0;0;0;0;0.0;70636.16;70681.31;0.0;0.0;0.0;0.0;0.0;70659.04;0.0;0.0
19605;486118;2015-09-15;DAP;Q22;0;0;0;0;0.0;61335.12;61503.94;0.0;0.0;0.0;0.0;0.0;61484.56;0.0;0.0
19606;486119;2015-09-15;DAP;K24;0;0;0;0;0.0;54271.67;54499.99;0.0;0.0;0.0;0.0;0.0;54482.82;0.0;0.0
19607;486120;2015-09-16;DAP;V15;0;0;0;0;0.0;99297.52;99331.63;0.0;0.0;0.0;0.0;0.0;99300.33;0.0;0.0
19608;486121;2015-09-16;DAP;X15;0;0;0;0;0.0;98576.42;98609.35;0.0;0.0;0.0;0.0;0.0;98578.28;0.0;0.0
19609;486122;2015-09-16;DAP;Z15;0;0;0;0;0.0;97859.08;97890.98;0.0;0.0;0.0;0.0;0.0;97860.13;0.0;0.0
19610;486123;2015-09-16;DAP;Q16;0;0;0;0;0.0;94153.68;94186.49;0.0;0.0;0.0;0.0;0.0;94156.81;0.0;0.0
19611;486124;2015-09-16;DAP;K17;2220;2220;0;0;0.0;89862.0;89926.79;0.0;0.0;0.0;0.0;0.0;89898.45;0.0;0.0
19612;486125;2015-09-16;DAP;Q18;1730;1730;0;0;0.0;81849.91;81960.97;0.0;0.0;0.0;0.0;0.0;81935.14;0.0;0.0
19613;486126;2015-09-16;DAP;K19;0;0;0;0;0.0;77508.75;77609.11;0.0;0.0;0.0;0.0;0.0;77584.66;0.0;0.0
19614;486127;2015-09-16;DAP;Q20;0;0;0;0;0.0;70681.31;70765.7;0.0;0.0;0.0;0.0;0.0;70743.4;0.0;0.0
19615;486128;2015-09-16;DAP;Q22;0;0;0;0;0.0;61503.94;61481.75;0.0;0.0;0.0;0.0;0.0;61462.38;0.0;0.0
19616;486129;2015-09-16;DAP;K24;0;0;0;0;0.0;54499.99;54471.47;0.0;0.0;0.0;0.0;0.0;54454.31;0.0;0.0
19617;486130;2015-09-17;DAP;V15;0;0;0;0;0.0;99331.63;99365.83;0.0;0.0;0.0;0.0;0.0;99334.51;0.0;0.0
19618;486131;2015-09-17;DAP;X15;0;0;0;0;0.0;98609.35;98643.8;0.0;0.0;0.0;0.0;0.0;98612.71;0.0;0.0
19619;486132;2015-09-17;DAP;Z15;0;0;0;0;0.0;97890.98;97925.15;0.0;0.0;0.0;0.0;0.0;97894.28;0.0;0.0
19620;486133;2015-09-17;DAP;Q16;0;0;0;0;0.0;94186.49;94227.22;0.0;0.0;0.0;0.0;0.0;94197.52;0.0;0.0
19621;486134;2015-09-17;DAP;K17;2220;2220;0;0;0.0;89926.79;89936.02;0.0;0.0;0.0;0.0;0.0;89907.67;0.0;0.0
19622;486135;2015-09-17;DAP;Q18;1730;1730;0;0;0.0;81960.97;81961.21;0.0;0.0;0.0;0.0;0.0;81935.38;0.0;0.0
19623;486136;2015-09-17;DAP;K19;0;0;0;0;0.0;77609.11;77630.66;0.0;0.0;0.0;0.0;0.0;77606.19;0.0;0.0
19624;486137;2015-09-17;DAP;Q20;0;0;0;0;0.0;70765.7;70753.33;0.0;0.0;0.0;0.0;0.0;70731.03;0.0;0.0
19625;486138;2015-09-17;DAP;Q22;0;0;0;0;0.0;61481.75;61420.27;0.0;0.0;0.0;0.0;0.0;61400.91;0.0;0.0
19626;486139;2015-09-17;DAP;K24;0;0;0;0;0.0;54471.47;54399.37;0.0;0.0;0.0;0.0;0.0;54382.22;0.0;0.0
19627;486140;2015-09-18;DAP;V15;0;0;0;0;0.0;99365.83;99396.21;0.0;0.0;0.0;0.0;0.0;99364.88;0.0;0.0
19628;486141;2015-09-18;DAP;X15;0;0;0;0;0.0;98643.8;98667.08;0.0;0.0;0.0;0.0;0.0;98635.98;0.0;0.0
19629;486142;2015-09-18;DAP;Z15;0;0;0;0;0.0;97925.15;97944.37;0.0;0.0;0.0;0.0;0.0;97913.5;0.0;0.0
19630;486143;2015-09-18;DAP;Q16;0;0;0;0;0.0;94227.22;94132.87;0.0;0.0;0.0;0.0;0.0;94103.2;0.0;0.0
19631;486144;2015-09-18;DAP;K17;2220;2220;0;0;0.0;89936.02;89710.95;0.0;0.0;0.0;0.0;0.0;89682.67;0.0;0.0
19632;486145;2015-09-18;DAP;Q18;1730;1730;0;0;0.0;81961.21;81323.97;0.0;0.0;0.0;0.0;0.0;81298.34;0.0;0.0
19633;486146;2015-09-18;DAP;K19;0;0;0;0;0.0;77630.66;76844.34;0.0;0.0;0.0;0.0;0.0;76820.12;0.0;0.0
19634;486147;2015-09-18;DAP;Q20;0;0;0;0;0.0;70753.33;69814.88;0.0;0.0;0.0;0.0;0.0;69792.87;0.0;0.0
19635;486148;2015-09-18;DAP;Q22;0;0;0;0;0.0;61420.27;60347.4;0.0;0.0;0.0;0.0;0.0;60328.38;0.0;0.0
19636;486149;2015-09-18;DAP;K24;0;0;0;0;0.0;54399.37;53378.51;0.0;0.0;0.0;0.0;0.0;53361.69;0.0;0.0
19637;486150;2015-09-21;DAP;V15;0;0;0;0;0.0;99396.21;99430.79;0.0;0.0;0.0;0.0;0.0;99399.44;0.0;0.0
19638;486151;2015-09-21;DAP;X15;0;0;0;0;0.0;98667.08;98701.84;0.0;0.0;0.0;0.0;0.0;98670.72;0.0;0.0
19639;486152;2015-09-21;DAP;Z15;0;0;0;0;0.0;97944.37;97978.81;0.0;0.0;0.0;0.0;0.0;97947.92;0.0;0.0
19640;486153;2015-09-21;DAP;Q16;0;0;0;0;0.0;94132.87;94181.78;0.0;0.0;0.0;0.0;0.0;94152.08;0.0;0.0
19641;486154;2015-09-21;DAP;K17;2220;2220;0;0;0.0;89710.95;89611.2;0.0;0.0;0.0;0.0;0.0;89582.95;0.0;0.0
19642;486155;2015-09-21;DAP;Q18;1730;1730;0;0;0.0;81323.97;81107.29;0.0;0.0;0.0;0.0;0.0;81081.72;0.0;0.0
19643;486156;2015-09-21;DAP;K19;0;0;0;0;0.0;76844.34;76556.96;0.0;0.0;0.0;0.0;0.0;76532.82;0.0;0.0
19644;486157;2015-09-21;DAP;Q20;0;0;0;0;0.0;69814.88;69582.5;0.0;0.0;0.0;0.0;0.0;69560.56;0.0;0.0
19645;486158;2015-09-21;DAP;Q22;0;0;0;0;0.0;60347.4;60019.42;0.0;0.0;0.0;0.0;0.0;60000.5;0.0;0.0
19646;486159;2015-09-21;DAP;K24;0;0;0;0;0.0;53378.51;53053.57;0.0;0.0;0.0;0.0;0.0;53036.84;0.0;0.0
19647;486160;2015-09-22;DAP;V15;0;0;0;0;0.0;99430.79;99445.23;0.0;0.0;0.0;0.0;0.0;99433.52;0.0;0.0
19648;486161;2015-09-22;DAP;X15;0;0;0;0;0.0;98701.84;98715.78;0.0;0.0;0.0;0.0;0.0;98704.15;0.0;0.0
19649;486162;2015-09-22;DAP;Z15;0;0;0;0;0.0;97978.81;97991.82;0.0;0.0;0.0;0.0;0.0;97980.28;0.0;0.0
19650;486163;2015-09-22;DAP;Q16;0;0;0;0;0.0;94181.78;94188.28;0.0;0.0;0.0;0.0;0.0;94177.19;0.0;0.0
19651;486164;2015-09-22;DAP;K17;2220;2220;0;0;0.0;89611.2;89576.44;0.0;0.0;0.0;0.0;0.0;89565.89;0.0;0.0
19652;486165;2015-09-22;DAP;Q18;1730;1730;0;0;0.0;81107.29;80876.11;0.0;0.0;0.0;0.0;0.0;80866.58;0.0;0.0
19653;486166;2015-09-22;DAP;K19;0;0;0;0;0.0;76556.96;76410.24;0.0;0.0;0.0;0.0;0.0;76401.24;0.0;0.0
19654;486167;2015-09-22;DAP;Q20;0;0;0;0;0.0;69582.5;69337.79;0.0;0.0;0.0;0.0;0.0;69329.62;0.0;0.0
19655;486168;2015-09-22;DAP;Q22;0;0;0;0;0.0;60019.42;59682.12;0.0;0.0;0.0;0.0;0.0;59675.09;0.0;0.0
19656;486169;2015-09-22;DAP;K24;0;0;0;0;0.0;53053.57;52510.81;0.0;0.0;0.0;0.0;0.0;52504.62;0.0;0.0
19657;486170;2015-09-23;DAP;V15;0;0;0;0;0.0;99445.23;99494.07;0.0;0.0;0.0;0.0;0.0;99466.12;0.0;0.0
19658;486171;2015-09-23;DAP;X15;0;0;0;0;0.0;98715.78;98758.95;0.0;0.0;0.0;0.0;0.0;98731.21;0.0;0.0
19659;486172;2015-09-23;DAP;Z15;0;0;0;0;0.0;97991.82;98032.15;0.0;0.0;0.0;0.0;0.0;98004.61;0.0;0.0
19660;486173;2015-09-23;DAP;Q16;0;0;0;0;0.0;94188.28;94150.53;0.0;0.0;0.0;0.0;0.0;94124.08;0.0;0.0
19661;486174;2015-09-23;DAP;K17;2220;2220;0;0;0.0;89576.44;89370.33;0.0;0.0;0.0;0.0;0.0;89345.22;0.0;0.0
19662;486175;2015-09-23;DAP;Q18;1730;1730;0;0;0.0;80876.11;80503.52;0.0;0.0;0.0;0.0;0.0;80480.9;0.0;0.0
19663;486176;2015-09-23;DAP;K19;0;0;0;0;0.0;76410.24;75985.83;0.0;0.0;0.0;0.0;0.0;75964.48;0.0;0.0
19664;486177;2015-09-23;DAP;Q20;0;0;0;0;0.0;69337.79;69025.87;0.0;0.0;0.0;0.0;0.0;69006.48;0.0;0.0
19665;486178;2015-09-23;DAP;Q22;0;0;0;0;0.0;59682.12;59406.56;0.0;0.0;0.0;0.0;0.0;59389.87;0.0;0.0
19666;486179;2015-09-23;DAP;K24;0;0;0;0;0.0;52510.81;52367.7;0.0;0.0;0.0;0.0;0.0;52352.99;0.0;0.0
19667;486180;2015-09-24;DAP;V15;0;0;0;0;0.0;99494.07;99535.38;0.0;0.0;0.0;0.0;0.0;99507.18;0.0;0.0
19668;486181;2015-09-24;DAP;X15;0;0;0;0;0.0;98758.95;98809.29;0.0;0.0;0.0;0.0;0.0;98781.3;0.0;0.0
19669;486182;2015-09-24;DAP;Z15;0;0;0;0;0.0;98032.15;98089.0;0.0;0.0;0.0;0.0;0.0;98061.21;0.0;0.0
19670;486183;2015-09-24;DAP;Q16;0;0;0;0;0.0;94150.53;94410.38;0.0;0.0;0.0;0.0;0.0;94383.63;0.0;0.0
19671;486184;2015-09-24;DAP;K17;2220;2220;0;0;0.0;89370.33;89789.11;0.0;0.0;0.0;0.0;0.0;89763.67;0.0;0.0
19672;486185;2015-09-24;DAP;Q18;1730;1730;0;0;0.0;80503.52;81719.53;0.0;0.0;0.0;0.0;0.0;81696.38;0.0;0.0
19673;486186;2015-09-24;DAP;K19;0;0;0;0;0.0;75985.83;77579.24;0.0;0.0;0.0;0.0;0.0;77557.26;0.0;0.0
19674;486187;2015-09-24;DAP;Q20;0;0;0;0;0.0;69025.87;71108.26;0.0;0.0;0.0;0.0;0.0;71088.11;0.0;0.0
19675;486188;2015-09-24;DAP;Q22;0;0;0;0;0.0;59406.56;61978.32;0.0;0.0;0.0;0.0;0.0;61960.76;0.0;0.0
19676;486189;2015-09-24;DAP;K24;0;0;0;0;0.0;52367.7;55265.26;0.0;0.0;0.0;0.0;0.0;55249.6;0.0;0.0
19677;486190;2015-09-25;DAP;V15;0;0;0;0;0.0;99535.38;99569.11;0.0;0.0;0.0;0.0;0.0;99540.9;0.0;0.0
19678;486191;2015-09-25;DAP;X15;0;0;0;0;0.0;98809.29;98841.47;0.0;0.0;0.0;0.0;0.0;98813.47;0.0;0.0
19679;486192;2015-09-25;DAP;Z15;0;0;0;0;0.0;98089.0;98121.34;0.0;0.0;0.0;0.0;0.0;98093.54;0.0;0.0
19680;486193;2015-09-25;DAP;Q16;0;0;0;0;0.0;94410.38;94427.06;0.0;0.0;0.0;0.0;0.0;94400.31;0.0;0.0
19681;486194;2015-09-25;DAP;K17;2220;0;0;0;0.0;89789.11;89949.04;0.0;0.0;0.0;0.0;0.0;89923.56;0.0;0.0
19682;486195;2015-09-25;DAP;Q18;1730;0;0;0;0.0;81719.53;81611.34;0.0;0.0;0.0;0.0;0.0;81588.22;0.0;0.0
19683;486196;2015-09-25;DAP;K19;0;0;0;0;0.0;77579.24;77340.9;0.0;0.0;0.0;0.0;0.0;77318.99;0.0;0.0
19684;486197;2015-09-25;DAP;Q20;0;0;0;0;0.0;71108.26;70742.15;0.0;0.0;0.0;0.0;0.0;70722.11;0.0;0.0
19685;486198;2015-09-25;DAP;Q22;0;0;0;0;0.0;61978.32;61522.11;0.0;0.0;0.0;0.0;0.0;61504.68;0.0;0.0
19686;486199;2015-09-25;DAP;K24;0;0;0;0;0.0;55265.26;54751.61;0.0;0.0;0.0;0.0;0.0;54736.1;0.0;0.0
19687;486200;2015-09-28;DAP;V15;0;0;0;0;0.0;99568.89;99599.36;0.0;0.0;0.0;0.0;0.0;99571.37;0.0;0.0
19688;486201;2015-09-28;DAP;X15;0;0;0;0;0.0;98841.26;98864.11;0.0;0.0;0.0;0.0;0.0;98836.32;0.0;0.0
19689;486202;2015-09-28;DAP;Z15;0;0;0;0;0.0;98121.12;98134.29;0.0;0.0;0.0;0.0;0.0;98106.71;0.0;0.0
19690;486203;2015-09-28;DAP;Q16;0;0;0;0;0.0;94426.86;94281.0;0.0;0.0;0.0;0.0;0.0;94254.5;0.0;0.0
19691;486204;2015-09-28;DAP;K17;2220;2220;0;0;0.0;89948.85;89497.98;0.0;0.0;0.0;0.0;0.0;89472.83;0.0;0.0
19692;486205;2015-09-28;DAP;Q18;1730;1730;0;0;0.0;81611.16;80683.03;0.0;0.0;0.0;0.0;0.0;80660.35;0.0;0.0
19693;486206;2015-09-28;DAP;K19;0;0;0;0;0.0;77340.73;76258.01;0.0;0.0;0.0;0.0;0.0;76236.58;0.0;0.0
19694;486207;2015-09-28;DAP;Q20;0;0;0;0;0.0;70742.0;69463.15;0.0;0.0;0.0;0.0;0.0;69443.63;0.0;0.0
19695;486208;2015-09-28;DAP;Q22;0;0;0;0;0.0;61521.98;59991.46;0.0;0.0;0.0;0.0;0.0;59974.6;0.0;0.0
19696;486209;2015-09-28;DAP;K24;0;0;0;0;0.0;54751.49;53171.78;0.0;0.0;0.0;0.0;0.0;53156.84;0.0;0.0
19697;486210;2015-09-29;DAP;V15;0;0;0;0;0.0;99599.6;99636.23;0.0;0.0;0.0;0.0;0.0;99608.21;0.0;0.0
19698;486211;2015-09-29;DAP;X15;0;0;0;0;0.0;98864.34;98904.94;0.0;0.0;0.0;0.0;0.0;98877.13;0.0;0.0
19699;486212;2015-09-29;DAP;Z15;0;0;0;0;0.0;98134.52;98178.5;0.0;0.0;0.0;0.0;0.0;98150.89;0.0;0.0
19700;486213;2015-09-29;DAP;Q16;0;0;0;0;0.0;94281.22;94406.42;0.0;0.0;0.0;0.0;0.0;94379.87;0.0;0.0
19701;486214;2015-09-29;DAP;K17;2220;2220;0;0;0.0;89498.2;89670.76;0.0;0.0;0.0;0.0;0.0;89645.54;0.0;0.0
19702;486215;2015-09-29;DAP;Q18;1730;1730;0;0;0.0;80683.22;80986.2;0.0;0.0;0.0;0.0;0.0;80963.42;0.0;0.0
19703;486216;2015-09-29;DAP;K19;0;0;0;0;0.0;76258.19;76561.26;0.0;0.0;0.0;0.0;0.0;76539.73;0.0;0.0
19704;486217;2015-09-29;DAP;Q20;0;0;0;0;0.0;69463.32;70018.59;0.0;0.0;0.0;0.0;0.0;69998.9;0.0;0.0
19705;486218;2015-09-29;DAP;Q22;0;0;0;0;0.0;59991.6;60545.7;0.0;0.0;0.0;0.0;0.0;60528.67;0.0;0.0
19706;486219;2015-09-29;DAP;K24;0;0;0;0;0.0;53171.91;53442.37;0.0;0.0;0.0;0.0;0.0;53427.34;0.0;0.0
19707;486220;2015-09-30;DAP;V15;0;0;0;0;0.0;99636.23;99673.11;0.0;0.0;0.0;0.0;0.0;99644.85;0.0;0.0
19708;486221;2015-09-30;DAP;X15;0;0;0;0;0.0;98904.94;98944.53;0.0;0.0;0.0;0.0;0.0;98916.48;0.0;0.0
19709;486222;2015-09-30;DAP;Z15;0;0;0;0;0.0;98178.5;98220.72;0.0;0.0;0.0;0.0;0.0;98192.87;0.0;0.0
19710;486223;2015-09-30;DAP;Q16;0;0;0;0;0.0;94406.42;94531.42;0.0;0.0;0.0;0.0;0.0;94504.62;0.0;0.0
19711;486224;2015-09-30;DAP;K17;2220;2220;0;0;0.0;89670.76;89938.1;0.0;0.0;0.0;0.0;0.0;89912.6;0.0;0.0
19712;486225;2015-09-30;DAP;Q18;1730;1730;0;0;0.0;80986.2;81419.98;0.0;0.0;0.0;0.0;0.0;81396.9;0.0;0.0
19713;486226;2015-09-30;DAP;K19;0;0;0;0;0.0;76561.26;77199.96;0.0;0.0;0.0;0.0;0.0;77178.07;0.0;0.0
19714;486227;2015-09-30;DAP;Q20;0;0;0;0;0.0;70018.59;70514.86;0.0;0.0;0.0;0.0;0.0;70494.87;0.0;0.0
19715;486228;2015-09-30;DAP;Q22;0;0;0;0;0.0;60545.7;61222.09;0.0;0.0;0.0;0.0;0.0;61204.73;0.0;0.0
19716;486229;2015-09-30;DAP;K24;0;0;0;0;0.0;53442.37;54231.19;0.0;0.0;0.0;0.0;0.0;54215.81;0.0;0.0
19717;486230;2015-10-01;DAP;V15;0;0;0;0;0.0;99673.11;99708.03;0.0;0.0;0.0;0.0;0.0;99679.98;0.0;0.0
19718;486231;2015-10-01;DAP;X15;0;0;0;0;0.0;98944.53;98980.18;0.0;0.0;0.0;0.0;0.0;98952.33;0.0;0.0
19719;486232;2015-10-01;DAP;Z15;0;0;0;0;0.0;98220.72;98256.78;0.0;0.0;0.0;0.0;0.0;98229.14;0.0;0.0
19720;486233;2015-10-01;DAP;Q16;0;0;0;0;0.0;94531.42;94601.62;0.0;0.0;0.0;0.0;0.0;94575.01;0.0;0.0
19721;486234;2015-10-01;DAP;K17;2220;2220;0;0;0.0;89938.1;90015.54;0.0;0.0;0.0;0.0;0.0;89990.22;0.0;0.0
19722;486235;2015-10-01;DAP;Q18;1730;1730;0;0;0.0;81419.98;81572.96;0.0;0.0;0.0;0.0;0.0;81550.01;0.0;0.0
19723;486236;2015-10-01;DAP;K19;0;0;0;0;0.0;77199.96;77299.27;0.0;0.0;0.0;0.0;0.0;77277.52;0.0;0.0
19724;486237;2015-10-01;DAP;Q20;0;0;0;0;0.0;70514.86;70598.56;0.0;0.0;0.0;0.0;0.0;70578.7;0.0;0.0
19725;486238;2015-10-01;DAP;Q22;0;0;0;0;0.0;61222.09;61161.51;0.0;0.0;0.0;0.0;0.0;61144.3;0.0;0.0
19726;486239;2015-10-01;DAP;K24;0;0;0;0;0.0;54231.19;54203.16;0.0;0.0;0.0;0.0;0.0;54187.91;0.0;0.0
19727;486240;2015-10-02;DAP;V15;0;0;0;0;0.0;99708.03;99744.14;0.0;0.0;0.0;0.0;0.0;99716.07;0.0;0.0
19728;486241;2015-10-02;DAP;X15;0;0;0;0;0.0;98980.18;99020.16;0.0;0.0;0.0;0.0;0.0;98992.29;0.0;0.0
19729;486242;2015-10-02;DAP;Z15;0;0;0;0;0.0;98256.78;98301.93;0.0;0.0;0.0;0.0;0.0;98274.27;0.0;0.0
19730;486243;2015-10-02;DAP;Q16;0;0;0;0;0.0;94601.62;94748.24;0.0;0.0;0.0;0.0;0.0;94721.58;0.0;0.0
19731;486244;2015-10-02;DAP;K17;2220;2220;0;0;0.0;90015.54;90417.85;0.0;0.0;0.0;0.0;0.0;90392.4;0.0;0.0
19732;486245;2015-10-02;DAP;Q18;1730;1730;0;0;0.0;81572.96;82446.18;0.0;0.0;0.0;0.0;0.0;82422.98;0.0;0.0
19733;486246;2015-10-02;DAP;K19;0;0;0;0;0.0;77299.27;78361.6;0.0;0.0;0.0;0.0;0.0;78339.55;0.0;0.0
19734;486247;2015-10-02;DAP;Q20;0;0;0;0;0.0;70598.56;71841.38;0.0;0.0;0.0;0.0;0.0;71821.16;0.0;0.0
19735;486248;2015-10-02;DAP;Q22;0;0;0;0;0.0;61161.51;62598.06;0.0;0.0;0.0;0.0;0.0;62580.44;0.0;0.0
19736;486249;2015-10-02;DAP;K24;0;0;0;0;0.0;54203.16;55400.38;0.0;0.0;0.0;0.0;0.0;55384.79;0.0;0.0
19737;486250;2015-10-05;DAP;V15;0;0;0;0;0.0;99744.14;99779.08;0.0;0.0;0.0;0.0;0.0;99751.01;0.0;0.0
19738;486251;2015-10-05;DAP;X15;0;0;0;0;0.0;99020.16;99055.74;0.0;0.0;0.0;0.0;0.0;99027.87;0.0;0.0
19739;486252;2015-10-05;DAP;Z15;0;0;0;0;0.0;98301.93;98336.16;0.0;0.0;0.0;0.0;0.0;98308.49;0.0;0.0
19740;486253;2015-10-05;DAP;Q16;0;0;0;0;0.0;94748.24;94810.08;0.0;0.0;0.0;0.0;0.0;94783.4;0.0;0.0
19741;486254;2015-10-05;DAP;K17;2220;0;0;0;0.0;90417.85;90467.6;0.0;0.0;0.0;0.0;0.0;90442.15;0.0;0.0
19742;486255;2015-10-05;DAP;Q18;1730;0;0;0;0.0;82446.18;82424.54;0.0;0.0;0.0;0.0;0.0;82401.35;0.0;0.0
19743;486256;2015-10-05;DAP;K19;0;0;0;0;0.0;78361.6;78251.89;0.0;0.0;0.0;0.0;0.0;78229.87;0.0;0.0
19744;486257;2015-10-05;DAP;Q20;0;0;0;0;0.0;71841.38;71666.21;0.0;0.0;0.0;0.0;0.0;71646.05;0.0;0.0
19745;486258;2015-10-05;DAP;Q22;0;0;0;0;0.0;62598.06;62296.61;0.0;0.0;0.0;0.0;0.0;62279.08;0.0;0.0
19746;486259;2015-10-05;DAP;K24;0;0;0;0;0.0;55400.38;55150.5;0.0;0.0;0.0;0.0;0.0;55134.98;0.0;0.0
19747;486260;2015-10-06;DAP;V15;0;0;0;0;0.0;99779.32;99791.34;0.0;0.0;0.0;0.0;0.0;99785.89;0.0;0.0
19748;486261;2015-10-06;DAP;X15;0;0;0;0;0.0;99055.97;99068.81;0.0;0.0;0.0;0.0;0.0;99063.4;0.0;0.0
19749;486262;2015-10-06;DAP;Z15;0;0;0;0;0.0;98336.39;98353.24;0.0;0.0;0.0;0.0;0.0;98347.87;0.0;0.0
19750;486263;2015-10-06;DAP;Q16;0;0;0;0;0.0;94810.3;94888.15;0.0;0.0;0.0;0.0;0.0;94882.97;0.0;0.0
19751;486264;2015-10-06;DAP;K17;2220;2220;0;0;0.0;90467.82;90564.39;0.0;0.0;0.0;0.0;0.0;90559.45;0.0;0.0
19752;486265;2015-10-06;DAP;Q18;1730;1730;0;0;0.0;82424.74;82537.6;0.0;0.0;0.0;0.0;0.0;82533.09;6.74;7.34
19753;486266;2015-10-06;DAP;K19;0;0;0;0;0.0;78252.07;78255.44;0.0;0.0;0.0;0.0;0.0;78251.17;0.0;0.0
19754;486267;2015-10-06;DAP;Q20;0;0;0;0;0.0;71666.38;71637.2;0.0;0.0;0.0;0.0;0.0;71633.29;0.0;0.0
19755;486268;2015-10-06;DAP;Q22;0;0;0;0;0.0;62296.75;62062.1;0.0;0.0;0.0;0.0;0.0;62058.71;0.0;0.0
19756;486269;2015-10-06;DAP;K24;0;0;0;0;0.0;55150.63;54933.5;0.0;0.0;0.0;0.0;0.0;54930.5;0.0;0.0
19757;486270;2015-10-07;DAP;V15;0;0;0;0;0.0;99791.34;99896.31;0.0;0.0;0.0;0.0;0.0;99869.55;0.0;0.0
19758;486271;2015-10-07;DAP;X15;0;0;0;0;0.0;99068.81;99353.02;0.0;0.0;0.0;0.0;0.0;99326.41;0.0;0.0
19759;486272;2015-10-07;DAP;Z15;0;0;0;0;0.0;98353.24;98813.87;0.0;0.0;0.0;0.0;0.0;98787.4;0.0;0.0
19760;486273;2015-10-07;DAP;Q16;0;0;0;0;0.0;94888.15;94886.11;0.0;0.0;0.0;0.0;0.0;94860.7;0.0;0.0
19761;486274;2015-10-07;DAP;K17;2220;2220;0;0;0.0;90564.39;90471.15;0.0;0.0;0.0;0.0;0.0;90446.92;0.0;0.0
19762;486275;2015-10-07;DAP;Q18;1730;1730;0;0;0.0;82537.6;82293.31;0.0;0.0;0.0;0.0;0.0;82271.27;0.0;0.0
19763;486276;2015-10-07;DAP;K19;0;0;0;0;0.0;78255.44;77877.13;0.0;0.0;0.0;0.0;0.0;77856.27;0.0;0.0
19764;486277;2015-10-07;DAP;Q20;0;0;0;0;0.0;71637.2;71092.94;0.0;0.0;0.0;0.0;0.0;71073.9;0.0;0.0
19765;486278;2015-10-07;DAP;Q22;0;0;0;0;0.0;62062.1;61503.34;0.0;0.0;0.0;0.0;0.0;61486.87;0.0;0.0
19766;486279;2015-10-07;DAP;K24;0;0;0;0;0.0;54933.5;54263.96;0.0;0.0;0.0;0.0;0.0;54249.43;0.0;0.0
19767;486280;2015-10-08;DAP;V15;0;0;0;0;0.0;99896.31;99922.84;0.0;0.0;0.0;0.0;0.0;99896.07;0.0;0.0
19768;486281;2015-10-08;DAP;X15;0;0;0;0;0.0;99353.02;99384.41;0.0;0.0;0.0;0.0;0.0;99357.78;0.0;0.0
19769;486282;2015-10-08;DAP;Z15;0;0;0;0;0.0;98813.87;98849.67;0.0;0.0;0.0;0.0;0.0;98823.19;0.0;0.0
19770;486283;2015-10-08;DAP;Q16;0;0;0;0;0.0;94886.11;95030.31;0.0;0.0;0.0;0.0;0.0;95004.85;0.0;0.0
19771;486284;2015-10-08;DAP;K17;2220;2220;0;0;0.0;90471.15;90736.5;0.0;0.0;0.0;0.0;0.0;90712.19;0.0;0.0
19772;486285;2015-10-08;DAP;Q18;1730;1730;0;0;0.0;82293.31;82665.15;0.0;0.0;0.0;0.0;0.0;82643.0;0.0;0.0
19773;486286;2015-10-08;DAP;K19;0;0;0;0;0.0;77877.13;78288.68;0.0;0.0;0.0;0.0;0.0;78267.7;0.0;0.0
19774;486287;2015-10-08;DAP;Q20;0;0;0;0;0.0;71092.94;71562.59;0.0;0.0;0.0;0.0;0.0;71543.42;0.0;0.0
19775;486288;2015-10-08;DAP;Q22;0;0;0;0;0.0;61503.34;61677.2;0.0;0.0;0.0;0.0;0.0;61660.67;0.0;0.0
19776;486289;2015-10-08;DAP;K24;0;0;0;0;0.0;54263.96;54713.45;0.0;0.0;0.0;0.0;0.0;54698.79;0.0;0.0
19777;486290;2015-10-09;DAP;V15;0;0;0;0;0.0;99922.84;99948.5;0.0;0.0;0.0;0.0;0.0;99921.71;0.0;0.0
19778;486291;2015-10-09;DAP;X15;0;0;0;0;0.0;99384.41;99409.14;0.0;0.0;0.0;0.0;0.0;99382.5;0.0;0.0
19779;486292;2015-10-09;DAP;Z15;0;0;0;0;0.0;98849.67;98873.47;0.0;0.0;0.0;0.0;0.0;98846.97;0.0;0.0
19780;486293;2015-10-09;DAP;Q16;0;0;0;0;0.0;95030.31;95038.13;0.0;0.0;0.0;0.0;0.0;95012.66;0.0;0.0
19781;486294;2015-10-09;DAP;K17;2220;2220;0;0;0.0;90736.5;90718.26;0.0;0.0;0.0;0.0;0.0;90693.94;0.0;0.0
19782;486295;2015-10-09;DAP;Q18;1730;1730;0;0;0.0;82665.15;82599.8;0.0;0.0;0.0;0.0;0.0;82577.66;0.0;0.0
19783;486296;2015-10-09;DAP;K19;0;0;0;0;0.0;78288.68;78127.93;0.0;0.0;0.0;0.0;0.0;78106.99;0.0;0.0
19784;486297;2015-10-09;DAP;Q20;0;0;0;0;0.0;71562.59;71164.81;0.0;0.0;0.0;0.0;0.0;71145.74;0.0;0.0
19785;486298;2015-10-09;DAP;Q22;0;0;0;0;0.0;61677.2;61226.72;0.0;0.0;0.0;0.0;0.0;61210.31;0.0;0.0
19786;486299;2015-10-09;DAP;K24;0;0;0;0;0.0;54713.45;54165.32;0.0;0.0;0.0;0.0;0.0;54150.8;0.0;0.0
19787;486300;2015-10-13;DAP;V15;0;0;0;0;0.0;99948.5;99974.23;0.0;0.0;0.0;0.0;0.0;99947.43;0.0;0.0
19788;486301;2015-10-13;DAP;X15;0;0;0;0;0.0;99409.14;99433.95;0.0;0.0;0.0;0.0;0.0;99407.3;0.0;0.0
19789;486302;2015-10-13;DAP;Z15;0;0;0;0;0.0;98873.47;98897.34;0.0;0.0;0.0;0.0;0.0;98870.83;0.0;0.0
19790;486303;2015-10-13;DAP;Q16;0;0;0;0;0.0;95038.13;95046.1;0.0;0.0;0.0;0.0;0.0;95020.62;0.0;0.0
19791;486304;2015-10-13;DAP;K17;2220;2220;0;0;0.0;90718.26;90619.72;0.0;0.0;0.0;0.0;0.0;90595.43;0.0;0.0
19792;486305;2015-10-13;DAP;Q18;1730;1730;0;0;0.0;82599.8;82339.02;0.0;0.0;0.0;0.0;0.0;82316.95;0.0;0.0
19793;486306;2015-10-13;DAP;K19;0;0;0;0;0.0;78127.93;77812.96;0.0;0.0;0.0;0.0;0.0;77792.1;0.0;0.0
19794;486307;2015-10-13;DAP;Q20;0;0;0;0;0.0;71164.81;70580.18;0.0;0.0;0.0;0.0;0.0;70561.26;0.0;0.0
19795;486308;2015-10-13;DAP;Q22;0;0;0;0;0.0;61226.72;60819.06;0.0;0.0;0.0;0.0;0.0;60802.76;0.0;0.0
19796;486309;2015-10-13;DAP;K24;0;0;0;0;0.0;54165.32;53751.81;0.0;0.0;0.0;0.0;0.0;53737.4;0.0;0.0
19797;486310;2015-10-14;DAP;V15;0;0;0;0;0.0;99974.23;100000.0;0.0;0.0;0.0;0.0;0.0;99973.19;0.0;0.0
19798;486311;2015-10-14;DAP;X15;0;0;0;0;0.0;99433.95;99462.11;0.0;0.0;0.0;0.0;0.0;99435.44;0.0;0.0
19799;486312;2015-10-14;DAP;Z15;0;0;0;0;0.0;98897.34;98927.63;0.0;0.0;0.0;0.0;0.0;98901.1;0.0;0.0
19800;486313;2015-10-14;DAP;Q16;0;0;0;0;0.0;95046.1;95136.25;0.0;0.0;0.0;0.0;0.0;95110.74;0.0;0.0
19801;486314;2015-10-14;DAP;K17;2220;2220;0;0;0.0;90619.72;90776.22;0.0;0.0;0.0;0.0;0.0;90751.88;0.0;0.0
19802;486315;2015-10-14;DAP;Q18;1730;1730;0;0;0.0;82339.02;82426.64;0.0;0.0;0.0;0.0;0.0;82404.54;0.0;0.0
19803;486316;2015-10-14;DAP;K19;0;0;0;0;0.0;77812.96;77808.97;0.0;0.0;0.0;0.0;0.0;77788.11;0.0;0.0
19804;486317;2015-10-14;DAP;Q20;0;0;0;0;0.0;70580.18;70695.44;0.0;0.0;0.0;0.0;0.0;70676.48;0.0;0.0
19805;486318;2015-10-14;DAP;Q22;0;0;0;0;0.0;60819.06;60913.73;0.0;0.0;0.0;0.0;0.0;60897.4;0.0;0.0
19806;486319;2015-10-14;DAP;K24;0;0;0;0;0.0;53751.81;53724.65;0.0;0.0;0.0;0.0;0.0;53710.24;0.0;0.0
19807;486320;2015-10-15;DAP;V15;0;0;0;0;0.0;100000.0;;0.0;0.0;0.0;0.0;0.0;100000.0;0.0;0.0
19808;486321;2015-10-15;DAP;X15;0;0;0;0;0.0;99462.11;99480.39;0.0;0.0;0.0;0.0;0.0;99462.59;0.0;0.0
19809;486322;2015-10-15;DAP;Z15;0;0;0;0;0.0;98927.63;98947.32;0.0;0.0;0.0;0.0;0.0;98929.61;0.0;0.0
19810;486323;2015-10-15;DAP;F16;0;0;0;0;0.0;0.0;98416.32;0.0;0.0;0.0;0.0;0.0;98398.71;0.0;0.0
19811;486324;2015-10-15;DAP;Q16;0;0;0;0;0.0;95136.25;95187.65;0.0;0.0;0.0;0.0;0.0;95170.61;0.0;0.0
19812;486325;2015-10-15;DAP;K17;2220;2220;0;0;0.0;90776.22;90951.15;0.0;0.0;0.0;0.0;0.0;90934.87;0.0;0.0
19813;486326;2015-10-15;DAP;Q18;1730;1730;0;0;0.0;82426.64;82702.54;0.0;0.0;0.0;0.0;0.0;82687.74;0.0;0.0
19814;486327;2015-10-15;DAP;K19;0;0;0;0;0.0;77808.97;78185.48;0.0;0.0;0.0;0.0;0.0;78171.49;0.0;0.0
19815;486328;2015-10-15;DAP;Q20;0;0;0;0;0.0;70695.44;71154.41;0.0;0.0;0.0;0.0;0.0;71141.68;0.0;0.0
19816;486329;2015-10-15;DAP;Q22;0;0;0;0;0.0;60913.73;61429.13;0.0;0.0;0.0;0.0;0.0;61418.14;0.0;0.0
19817;486330;2015-10-15;DAP;K24;0;0;0;0;0.0;53724.65;54336.15;0.0;0.0;0.0;0.0;0.0;54326.43;0.0;0.0
19818;486331;2015-10-16;DAP;X15;0;0;0;0;0.0;99480.39;99507.19;0.0;0.0;0.0;0.0;0.0;99489.59;0.0;0.0
19819;486332;2015-10-16;DAP;Z15;0;0;0;0;0.0;98947.32;98973.98;0.0;0.0;0.0;0.0;0.0;98956.47;0.0;0.0
19820;486333;2015-10-16;DAP;F16;0;0;0;0;0.0;98416.32;98445.88;0.0;0.0;0.0;0.0;0.0;98428.47;0.0;0.0
19821;486334;2015-10-16;DAP;Q16;0;0;0;0;0.0;95187.65;95247.03;0.0;0.0;0.0;0.0;0.0;95230.18;0.0;0.0
19822;486335;2015-10-16;DAP;K17;2220;2220;0;0;0.0;90951.15;90999.61;0.0;0.0;0.0;0.0;0.0;90983.52;0.0;0.0
19823;486336;2015-10-16;DAP;Q18;1730;1730;0;0;0.0;82702.54;82637.55;0.0;0.0;0.0;0.0;0.0;82622.93;0.0;0.0
19824;486337;2015-10-16;DAP;K19;0;0;0;0;0.0;78185.48;78155.08;0.0;0.0;0.0;0.0;0.0;78141.26;0.0;0.0
19825;486338;2015-10-16;DAP;Q20;0;0;0;0;0.0;71154.41;71078.63;0.0;0.0;0.0;0.0;0.0;71066.06;0.0;0.0
19826;486339;2015-10-16;DAP;Q22;0;0;0;0;0.0;61429.13;61252.43;0.0;0.0;0.0;0.0;0.0;61241.6;0.0;0.0
19827;486340;2015-10-16;DAP;K24;0;0;0;0;0.0;54336.15;54093.11;0.0;0.0;0.0;0.0;0.0;54083.54;0.0;0.0
19828;486341;2015-10-19;DAP;X15;0;0;0;0;0.0;99507.19;99532.89;0.0;0.0;0.0;0.0;0.0;99515.05;0.0;0.0
19829;486342;2015-10-19;DAP;Z15;0;0;0;0;0.0;98973.98;99001.01;0.0;0.0;0.0;0.0;0.0;98983.26;0.0;0.0
19830;486343;2015-10-19;DAP;F16;0;0;0;0;0.0;98445.88;98471.27;0.0;0.0;0.0;0.0;0.0;98453.62;0.0;0.0
19831;486344;2015-10-19;DAP;Q16;0;0;0;0;0.0;95247.03;95277.01;0.0;0.0;0.0;0.0;0.0;95259.93;0.0;0.0
19832;486345;2015-10-19;DAP;K17;2220;2220;0;0;0.0;90999.61;90968.24;0.0;0.0;0.0;0.0;0.0;90951.93;0.0;0.0
19833;486346;2015-10-19;DAP;Q18;1730;1730;0;0;0.0;82637.55;82594.94;0.0;0.0;0.0;0.0;0.0;82580.13;0.0;0.0
19834;486347;2015-10-19;DAP;K19;0;0;0;0;0.0;78155.08;77970.45;0.0;0.0;0.0;0.0;0.0;77956.47;0.0;0.0
19835;486348;2015-10-19;DAP;Q20;0;0;0;0;0.0;71078.63;70876.49;0.0;0.0;0.0;0.0;0.0;70863.78;0.0;0.0
19836;486349;2015-10-19;DAP;Q22;0;0;0;0;0.0;61252.43;60999.71;0.0;0.0;0.0;0.0;0.0;60988.77;0.0;0.0
19837;486350;2015-10-19;DAP;K24;0;0;0;0;0.0;54093.11;53937.27;0.0;0.0;0.0;0.0;0.0;53927.6;0.0;0.0
19838;486351;2015-10-20;DAP;X15;0;0;0;0;0.0;99532.89;99558.81;0.0;0.0;0.0;0.0;0.0;99541.18;0.0;0.0
19839;486352;2015-10-20;DAP;Z15;0;0;0;0;0.0;99001.01;99027.52;0.0;0.0;0.0;0.0;0.0;99009.99;0.0;0.0
19840;486353;2015-10-20;DAP;F16;0;0;0;0;0.0;98471.27;98498.42;0.0;0.0;0.0;0.0;0.0;98480.98;0.0;0.0
19841;486354;2015-10-20;DAP;Q16;0;0;0;0;0.0;95277.01;95335.89;0.0;0.0;0.0;0.0;0.0;95319.01;0.0;0.0
19842;486355;2015-10-20;DAP;K17;2220;2220;0;0;0.0;90968.24;91083.3;0.0;0.0;0.0;0.0;0.0;91067.17;0.0;0.0
19843;486356;2015-10-20;DAP;Q18;1730;1730;0;0;0.0;82594.94;82703.75;0.0;0.0;0.0;0.0;0.0;82689.11;0.0;0.0
19844;486357;2015-10-20;DAP;K19;0;0;0;0;0.0;77970.45;78043.51;0.0;0.0;0.0;0.0;0.0;78029.69;0.0;0.0
19845;486358;2015-10-20;DAP;Q20;0;0;0;0;0.0;70876.49;70864.81;0.0;0.0;0.0;0.0;0.0;70852.26;0.0;0.0
19846;486359;2015-10-20;DAP;Q22;0;0;0;0;0.0;60999.71;61017.19;0.0;0.0;0.0;0.0;0.0;61006.39;0.0;0.0
19847;486360;2015-10-20;DAP;K24;0;0;0;0;0.0;53937.27;53909.9;0.0;0.0;0.0;0.0;0.0;53900.35;0.0;0.0
19848;486361;2015-10-21;DAP;X15;0;0;0;0;0.0;99558.81;99556.93;0.0;0.0;0.0;0.0;0.0;99550.89;0.0;0.0
19849;486362;2015-10-21;DAP;Z15;0;0;0;0;0.0;99027.52;99032.86;0.0;0.0;0.0;0.0;0.0;99026.85;0.0;0.0
19850;486363;2015-10-21;DAP;F16;0;0;0;0;0.0;98498.42;98512.08;0.0;0.0;0.0;0.0;0.0;98506.1;0.0;0.0
19851;486364;2015-10-21;DAP;Q16;0;0;0;0;0.0;95335.89;95383.57;0.0;0.0;0.0;0.0;0.0;95377.78;0.0;0.0
19852;486365;2015-10-21;DAP;K17;2220;2220;0;0;0.0;91083.3;91201.02;0.0;0.0;0.0;0.0;0.0;91195.48;0.0;0.0
19853;486366;2015-10-21;DAP;Q18;1730;1735;1;5;452094.0;82703.75;82694.71;7.04;7.04;7.04;7.04;7.04;82689.69;0.0;0.0
19854;486367;2015-10-21;DAP;K19;0;0;0;0;0.0;78043.51;77850.64;0.0;0.0;0.0;0.0;0.0;77845.91;0.0;0.0
19855;486368;2015-10-21;DAP;Q20;0;0;0;0;0.0;70864.81;70750.28;0.0;0.0;0.0;0.0;0.0;70745.99;0.0;0.0
19856;486369;2015-10-21;DAP;Q22;0;0;0;0;0.0;61017.19;60912.33;0.0;0.0;0.0;0.0;0.0;60908.63;0.0;0.0
19857;486370;2015-10-21;DAP;K24;0;0;0;0;0.0;53909.9;53876.43;0.0;0.0;0.0;0.0;0.0;53873.16;0.0;0.0
19858;486371;2015-10-22;DAP;X15;0;0;0;0;0.0;99556.93;99594.44;0.0;0.0;0.0;0.0;0.0;99579.03;0.0;0.0
19859;486372;2015-10-22;DAP;Z15;0;0;0;0;0.0;99032.86;99081.32;0.0;0.0;0.0;0.0;0.0;99065.98;0.0;0.0
19860;486373;2015-10-22;DAP;F16;0;0;0;0;0.0;98512.08;98569.9;0.0;0.0;0.0;0.0;0.0;98554.64;0.0;0.0
19861;486374;2015-10-22;DAP;Q16;0;0;0;0;0.0;95383.57;95655.74;0.0;0.0;0.0;0.0;0.0;95640.93;0.0;0.0
19862;486375;2015-10-22;DAP;K17;2220;2220;0;0;0.0;91201.02;91631.69;0.0;0.0;0.0;0.0;0.0;91617.51;0.0;0.0
19863;486376;2015-10-22;DAP;Q18;1735;1730;1;5;452426.0;82694.71;83180.58;7.04;7.04;7.04;7.04;7.04;83167.71;0.0;0.0
19864;486377;2015-10-22;DAP;K19;0;0;0;0;0.0;77850.64;78446.21;0.0;0.0;0.0;0.0;0.0;78434.07;0.0;0.0
19865;486378;2015-10-22;DAP;Q20;0;0;0;0;0.0;70750.28;71348.17;0.0;0.0;0.0;0.0;0.0;71337.13;0.0;0.0
19866;486379;2015-10-22;DAP;Q22;0;0;0;0;0.0;60912.33;61631.69;0.0;0.0;0.0;0.0;0.0;61622.15;0.0;0.0
19867;486380;2015-10-22;DAP;K24;0;0;0;0;0.0;53876.43;54584.83;0.0;0.0;0.0;0.0;0.0;54576.38;0.0;0.0
19868;486381;2015-10-23;DAP;X15;0;0;0;0;0.0;99594.44;99620.17;0.0;0.0;0.0;0.0;0.0;99604.73;0.0;0.0
19869;486382;2015-10-23;DAP;Z15;0;0;0;0;0.0;99081.32;99105.14;0.0;0.0;0.0;0.0;0.0;99089.78;0.0;0.0
19870;486383;2015-10-23;DAP;F16;0;0;0;0;0.0;98569.9;98592.57;0.0;0.0;0.0;0.0;0.0;98577.29;0.0;0.0
19871;486384;2015-10-23;DAP;Q16;0;0;0;0;0.0;95655.74;95662.07;0.0;0.0;0.0;0.0;0.0;95647.24;0.0;0.0
19872;486385;2015-10-23;DAP;K17;2220;2220;0;0;0.0;91631.69;91625.55;0.0;0.0;0.0;0.0;0.0;91611.35;0.0;0.0
19873;486386;2015-10-23;DAP;Q18;1730;1730;0;0;0.0;83180.58;83202.35;0.0;0.0;0.0;0.0;0.0;83189.46;0.0;0.0
19874;486387;2015-10-23;DAP;K19;0;0;0;0;0.0;78446.21;78390.17;0.0;0.0;0.0;0.0;0.0;78378.02;0.0;0.0
19875;486388;2015-10-23;DAP;Q20;0;0;0;0;0.0;71348.17;71240.84;0.0;0.0;0.0;0.0;0.0;71229.8;0.0;0.0
19876;486389;2015-10-23;DAP;Q22;0;0;0;0;0.0;61631.69;61338.82;0.0;0.0;0.0;0.0;0.0;61329.31;0.0;0.0
19877;486390;2015-10-23;DAP;K24;0;0;0;0;0.0;54584.83;54341.22;0.0;0.0;0.0;0.0;0.0;54332.8;0.0;0.0
19878;486391;2015-10-26;DAP;X15;0;0;0;0;0.0;99620.17;99647.0;0.0;0.0;0.0;0.0;0.0;99631.55;0.0;0.0
19879;486392;2015-10-26;DAP;Z15;0;0;0;0;0.0;99105.14;99134.2;0.0;0.0;0.0;0.0;0.0;99118.83;0.0;0.0
19880;486393;2015-10-26;DAP;F16;0;0;0;0;0.0;98592.57;98623.54;0.0;0.0;0.0;0.0;0.0;98608.25;0.0;0.0
19881;486394;2015-10-26;DAP;Q16;0;0;0;0;0.0;95662.07;95748.42;0.0;0.0;0.0;0.0;0.0;95733.57;0.0;0.0
19882;486395;2015-10-26;DAP;K17;2220;2220;0;0;0.0;91625.55;91739.6;0.0;0.0;0.0;0.0;0.0;91725.37;0.0;0.0
19883;486396;2015-10-26;DAP;Q18;1730;1730;0;0;0.0;83202.35;83376.46;0.0;0.0;0.0;0.0;0.0;83363.53;0.0;0.0
19884;486397;2015-10-26;DAP;K19;0;0;0;0;0.0;78390.17;78592.44;0.0;0.0;0.0;0.0;0.0;78580.25;0.0;0.0
19885;486398;2015-10-26;DAP;Q20;0;0;0;0;0.0;71240.84;71388.1;0.0;0.0;0.0;0.0;0.0;71377.03;0.0;0.0
19886;486399;2015-10-26;DAP;Q22;0;0;0;0;0.0;61338.82;61472.52;0.0;0.0;0.0;0.0;0.0;61462.99;0.0;0.0
19887;486400;2015-10-26;DAP;K24;0;0;0;0;0.0;54341.22;54313.65;0.0;0.0;0.0;0.0;0.0;54305.23;0.0;0.0
19888;486401;2015-10-27;DAP;X15;0;0;0;0;0.0;99647.0;99673.08;0.0;0.0;0.0;0.0;0.0;99657.83;0.0;0.0
19889;486402;2015-10-27;DAP;Z15;0;0;0;0;0.0;99134.2;99160.32;0.0;0.0;0.0;0.0;0.0;99145.15;0.0;0.0
19890;486403;2015-10-27;DAP;F16;0;0;0;0;0.0;98623.54;98650.04;0.0;0.0;0.0;0.0;0.0;98634.95;0.0;0.0
19891;486404;2015-10-27;DAP;Q16;0;0;0;0;0.0;95748.42;95797.83;0.0;0.0;0.0;0.0;0.0;95783.18;0.0;0.0
19892;486405;2015-10-27;DAP;K17;2220;2220;0;0;0.0;91739.6;91839.83;0.0;0.0;0.0;0.0;0.0;91825.78;0.0;0.0
19893;486406;2015-10-27;DAP;Q18;1730;1730;0;0;0.0;83376.46;83725.22;0.0;0.0;0.0;0.0;0.0;83712.41;0.0;0.0
19894;486407;2015-10-27;DAP;K19;0;0;0;0;0.0;78592.44;78924.48;0.0;0.0;0.0;0.0;0.0;78912.41;0.0;0.0
19895;486408;2015-10-27;DAP;Q20;0;0;0;0;0.0;71388.1;71759.0;0.0;0.0;0.0;0.0;0.0;71748.02;0.0;0.0
19896;486409;2015-10-27;DAP;Q22;0;0;0;0;0.0;61472.52;61722.87;0.0;0.0;0.0;0.0;0.0;61713.43;0.0;0.0
19897;486410;2015-10-27;DAP;K24;0;0;0;0;0.0;54313.65;54674.24;0.0;0.0;0.0;0.0;0.0;54665.88;0.0;0.0
19898;486411;2015-10-28;DAP;X15;0;0;0;0;0.0;99673.08;99699.15;0.0;0.0;0.0;0.0;0.0;99683.66;0.0;0.0
19899;486412;2015-10-28;DAP;Z15;0;0;0;0;0.0;99160.32;99184.38;0.0;0.0;0.0;0.0;0.0;99168.97;0.0;0.0
19900;486413;2015-10-28;DAP;F16;0;0;0;0;0.0;98650.04;98670.96;0.0;0.0;0.0;0.0;0.0;98655.63;0.0;0.0
19901;486414;2015-10-28;DAP;Q16;0;0;0;0;0.0;95797.83;95789.79;0.0;0.0;0.0;0.0;0.0;95774.91;0.0;0.0
19902;486415;2015-10-28;DAP;K17;2220;2220;0;0;0.0;91839.83;91780.48;0.0;0.0;0.0;0.0;0.0;91766.22;0.0;0.0
19903;486416;2015-10-28;DAP;Q18;1730;1730;0;0;0.0;83725.22;83550.24;0.0;0.0;0.0;0.0;0.0;83537.26;0.0;0.0
19904;486417;2015-10-28;DAP;K19;0;0;0;0;0.0;78924.48;78764.37;0.0;0.0;0.0;0.0;0.0;78752.13;0.0;0.0
19905;486418;2015-10-28;DAP;Q20;0;0;0;0;0.0;71759.0;71555.41;0.0;0.0;0.0;0.0;0.0;71544.29;0.0;0.0
19906;486419;2015-10-28;DAP;Q22;0;0;0;0;0.0;61722.87;61507.61;0.0;0.0;0.0;0.0;0.0;61498.05;0.0;0.0
19907;486420;2015-10-28;DAP;K24;0;0;0;0;0.0;54674.24;54473.76;0.0;0.0;0.0;0.0;0.0;54465.3;0.0;0.0
19908;486421;2015-10-29;DAP;X15;0;0;0;0;0.0;99699.15;99725.48;0.0;0.0;0.0;0.0;0.0;99709.98;0.0;0.0
19909;486422;2015-10-29;DAP;Z15;0;0;0;0;0.0;99184.38;99209.47;0.0;0.0;0.0;0.0;0.0;99194.05;0.0;0.0
19910;486423;2015-10-29;DAP;F16;0;0;0;0;0.0;98670.96;98695.71;0.0;0.0;0.0;0.0;0.0;98680.37;0.0;0.0
19911;486424;2015-10-29;DAP;Q16;0;0;0;0;0.0;95789.79;95810.49;0.0;0.0;0.0;0.0;0.0;95795.59;0.0;0.0
19912;486425;2015-10-29;DAP;K17;2220;2220;0;0;0.0;91780.48;91787.66;0.0;0.0;0.0;0.0;0.0;91773.39;0.0;0.0
19913;486426;2015-10-29;DAP;Q18;1730;1730;0;0;0.0;83550.24;83528.19;0.0;0.0;0.0;0.0;0.0;83515.2;0.0;0.0
19914;486427;2015-10-29;DAP;K19;0;0;0;0;0.0;78764.37;78682.29;0.0;0.0;0.0;0.0;0.0;78670.06;0.0;0.0
19915;486428;2015-10-29;DAP;Q20;0;0;0;0;0.0;71555.41;71448.04;0.0;0.0;0.0;0.0;0.0;71436.93;0.0;0.0
19916;486429;2015-10-29;DAP;Q22;0;0;0;0;0.0;61507.61;61370.5;0.0;0.0;0.0;0.0;0.0;61360.96;0.0;0.0
19917;486430;2015-10-29;DAP;K24;0;0;0;0;0.0;54473.76;54317.12;0.0;0.0;0.0;0.0;0.0;54308.68;0.0;0.0
19918;486431;2015-10-30;DAP;X15;0;0;0;0;0.0;99725.48;99751.24;0.0;0.0;0.0;0.0;0.0;99735.94;0.0;0.0
19919;486432;2015-10-30;DAP;Z15;0;0;0;0;0.0;99209.47;99234.36;0.0;0.0;0.0;0.0;0.0;99219.14;0.0;0.0
19920;486433;2015-10-30;DAP;F16;0;0;0;0;0.0;98695.71;98720.24;0.0;0.0;0.0;0.0;0.0;98705.1;0.0;0.0
19921;486434;2015-10-30;DAP;Q16;0;0;0;0;0.0;95810.49;95838.1;0.0;0.0;0.0;0.0;0.0;95823.4;0.0;0.0
19922;486435;2015-10-30;DAP;K17;2220;2220;0;0;0.0;91787.66;91768.28;0.0;0.0;0.0;0.0;0.0;91754.2;0.0;0.0
19923;486436;2015-10-30;DAP;Q18;1730;1735;5;25;2294300.0;83528.19;83527.79;6.64;6.64;6.65;6.64;6.64;83514.98;0.0;0.0
19924;486437;2015-10-30;DAP;K19;0;0;0;0;0.0;78682.29;78574.67;0.0;0.0;0.0;0.0;0.0;78562.62;0.0;0.0
19925;486438;2015-10-30;DAP;Q20;0;0;0;0;0.0;71448.04;71467.86;0.0;0.0;0.0;0.0;0.0;71456.9;0.0;0.0
19926;486439;2015-10-30;DAP;Q22;0;0;0;0;0.0;61370.5;61195.34;0.0;0.0;0.0;0.0;0.0;61185.95;0.0;0.0
19927;486440;2015-10-30;DAP;K23;0;0;0;0;0.0;0.0;58119.91;0.0;0.0;0.0;0.0;0.0;58111.0;0.0;0.0
19928;486441;2015-10-30;DAP;K24;0;0;0;0;0.0;54317.12;54161.05;0.0;0.0;0.0;0.0;0.0;54152.74;0.0;0.0
19929;486442;2015-10-30;DAP;Q24;0;0;0;0;0.0;0.0;53204.65;0.0;0.0;0.0;0.0;0.0;53196.49;0.0;0.0
19930;486443;2015-10-30;DAP;Q30;0;0;0;0;0.0;0.0;36124.29;0.0;0.0;0.0;0.0;0.0;36118.75;0.0;0.0
19931;486444;2015-11-03;DAP;X15;0;0;0;0;0.0;99751.24;99777.86;0.0;0.0;0.0;0.0;0.0;99762.32;0.0;0.0
19932;486445;2015-11-03;DAP;Z15;0;0;0;0;0.0;99234.36;99260.8;0.0;0.0;0.0;0.0;0.0;99245.34;0.0;0.0
19933;486446;2015-11-03;DAP;F16;0;0;0;0;0.0;98720.24;98747.1;0.0;0.0;0.0;0.0;0.0;98731.72;0.0;0.0
19934;486447;2015-11-03;DAP;Q16;0;0;0;0;0.0;95838.1;95894.48;0.0;0.0;0.0;0.0;0.0;95879.54;0.0;0.0
19935;486448;2015-11-03;DAP;K17;2220;2220;0;0;0.0;91768.28;91841.83;0.0;0.0;0.0;0.0;0.0;91827.52;0.0;0.0
19936;486449;2015-11-03;DAP;Q18;1735;1735;0;0;0.0;83527.79;83723.26;0.0;0.0;0.0;0.0;0.0;83710.22;0.0;0.0
19937;486450;2015-11-03;DAP;K19;0;0;1;5;433594.0;78574.67;78776.54;6.95;6.95;6.95;6.95;6.95;78764.27;0.0;0.0
19938;486451;2015-11-03;DAP;Q20;0;0;0;0;0.0;71467.86;71774.48;0.0;0.0;0.0;0.0;0.0;71763.3;0.0;0.0
19939;486452;2015-11-03;DAP;Q22;0;0;0;0;0.0;61195.34;61444.31;0.0;0.0;0.0;0.0;0.0;61434.74;0.0;0.0
19940;486453;2015-11-03;DAP;K23;0;0;0;0;0.0;58119.91;58339.73;0.0;0.0;0.0;0.0;0.0;58330.64;0.0;0.0
19941;486454;2015-11-03;DAP;K24;0;0;0;0;0.0;54161.05;54434.07;0.0;0.0;0.0;0.0;0.0;54425.59;0.0;0.0
19942;486455;2015-11-03;DAP;Q24;0;0;0;0;0.0;53204.65;53480.56;0.0;0.0;0.0;0.0;0.0;53472.23;0.0;0.0
19943;486456;2015-11-03;DAP;Q30;0;0;0;0;0.0;36124.29;36785.85;0.0;0.0;0.0;0.0;0.0;36780.12;0.0;0.0
19944;486457;2015-11-04;DAP;X15;0;0;0;0;0.0;99777.86;99804.04;0.0;0.0;0.0;0.0;0.0;99788.7;0.0;0.0
19945;486458;2015-11-04;DAP;Z15;0;0;0;0;0.0;99260.8;99284.59;0.0;0.0;0.0;0.0;0.0;99269.33;0.0;0.0
19946;486459;2015-11-04;DAP;F16;0;0;0;0;0.0;98747.1;98767.94;0.0;0.0;0.0;0.0;0.0;98752.76;0.0;0.0
19947;486460;2015-11-04;DAP;Q16;0;0;0;0;0.0;95894.48;95872.37;0.0;0.0;0.0;0.0;0.0;95857.64;0.0;0.0
19948;486461;2015-11-04;DAP;K17;2220;2220;0;0;0.0;91841.83;91809.45;0.0;0.0;0.0;0.0;0.0;91795.34;0.0;0.0
19949;486462;2015-11-04;DAP;Q18;1735;1735;0;0;0.0;83723.26;83896.65;0.0;0.0;0.0;0.0;0.0;83883.76;0.0;0.0
19950;486463;2015-11-04;DAP;K19;0;0;0;0;0.0;78776.54;78978.28;0.0;0.0;0.0;0.0;0.0;78966.14;0.0;0.0
19951;486464;2015-11-04;DAP;Q20;0;0;0;0;0.0;71774.48;72017.81;0.0;0.0;0.0;0.0;0.0;72006.74;0.0;0.0
19952;486465;2015-11-04;DAP;Q22;0;0;0;0;0.0;61444.31;61693.87;0.0;0.0;0.0;0.0;0.0;61684.39;0.0;0.0
19953;486466;2015-11-04;DAP;K23;0;0;0;0;0.0;58339.73;58641.7;0.0;0.0;0.0;0.0;0.0;58632.69;0.0;0.0
19954;486467;2015-11-04;DAP;K24;0;0;0;0;0.0;54434.07;54751.37;0.0;0.0;0.0;0.0;0.0;54742.96;0.0;0.0
19955;486468;2015-11-04;DAP;Q24;0;0;0;0;0.0;53480.56;53801.37;0.0;0.0;0.0;0.0;0.0;53793.1;0.0;0.0
19956;486469;2015-11-04;DAP;Q30;0;0;0;0;0.0;36785.85;37459.81;0.0;0.0;0.0;0.0;0.0;37454.05;0.0;0.0
19957;486470;2015-11-05;DAP;X15;0;0;0;0;0.0;99804.04;99802.01;0.0;0.0;0.0;0.0;0.0;99814.83;0.0;0.0
19958;486471;2015-11-05;DAP;Z15;0;0;0;0;0.0;99284.59;99280.65;0.0;0.0;0.0;0.0;0.0;99293.4;0.0;0.0
19959;486472;2015-11-05;DAP;F16;0;0;0;0;0.0;98767.94;98761.26;0.0;0.0;0.0;0.0;0.0;98773.94;0.0;0.0
19960;486473;2015-11-05;DAP;Q16;0;0;0;0;0.0;95872.37;95830.9;0.0;0.0;0.0;0.0;0.0;95843.21;0.0;0.0
19961;486474;2015-11-05;DAP;K17;2220;2220;0;0;0.0;91809.45;91725.47;0.0;0.0;0.0;0.0;0.0;91737.25;0.0;0.0
19962;486475;2015-11-05;DAP;Q18;1735;1735;0;0;0.0;83896.65;83807.23;0.0;0.0;0.0;0.0;0.0;83817.99;0.0;0.0
19963;486476;2015-11-05;DAP;K19;0;0;1;5;432730.0;78978.28;78848.23;7.05;7.05;7.05;7.05;7.05;78858.36;0.0;0.0
19964;486477;2015-11-05;DAP;Q20;0;0;0;0;0.0;72017.81;71857.5;0.0;0.0;0.0;0.0;0.0;71866.73;0.0;0.0
19965;486478;2015-11-05;DAP;Q22;0;0;0;0;0.0;61693.87;61384.93;0.0;0.0;0.0;0.0;0.0;61392.81;0.0;0.0
19966;486479;2015-11-05;DAP;K23;0;0;0;0;0.0;58641.7;58315.83;0.0;0.0;0.0;0.0;0.0;58323.32;0.0;0.0
19967;486480;2015-11-05;DAP;K24;0;0;0;0;0.0;54751.37;54621.8;0.0;0.0;0.0;0.0;0.0;54628.81;0.0;0.0
19968;486481;2015-11-05;DAP;Q24;0;0;0;0;0.0;53801.37;53713.82;0.0;0.0;0.0;0.0;0.0;53720.72;0.0;0.0
19969;486482;2015-11-05;DAP;Q30;0;0;0;0;0.0;37459.81;37304.82;0.0;0.0;0.0;0.0;0.0;37309.61;0.0;0.0
19970;486483;2015-11-06;DAP;X15;0;0;0;0;0.0;99802.01;99928.02;0.0;0.0;0.0;0.0;0.0;99914.45;0.0;0.0
19971;486484;2015-11-06;DAP;Z15;0;0;0;0;0.0;99280.65;99579.83;0.0;0.0;0.0;0.0;0.0;99566.31;0.0;0.0
19972;486485;2015-11-06;DAP;F16;0;0;0;0;0.0;98761.26;99232.88;0.0;0.0;0.0;0.0;0.0;99219.41;0.0;0.0
19973;486486;2015-11-06;DAP;Q16;0;0;0;0;0.0;95830.9;95870.12;0.0;0.0;0.0;0.0;0.0;95857.1;0.0;0.0
19974;486487;2015-11-06;DAP;K17;2220;2220;0;0;0.0;91725.47;91744.34;0.0;0.0;0.0;0.0;0.0;91731.88;0.0;0.0
19975;486488;2015-11-06;DAP;Q18;1735;1735;0;0;0.0;83807.23;83807.27;0.0;0.0;0.0;0.0;0.0;83795.89;0.0;0.0
19976;486489;2015-11-06;DAP;K19;0;0;0;0;0.0;78848.23;78864.6;0.0;0.0;0.0;0.0;0.0;78853.89;0.0;0.0
19977;486490;2015-11-06;DAP;Q20;0;0;0;0;0.0;71857.5;71832.56;0.0;0.0;0.0;0.0;0.0;71822.81;0.0;0.0
19978;486491;2015-11-06;DAP;Q22;0;0;0;0;0.0;61384.93;61380.26;0.0;0.0;0.0;0.0;0.0;61371.93;0.0;0.0
19979;486492;2015-11-06;DAP;K23;0;0;0;0;0.0;58315.83;58307.33;0.0;0.0;0.0;0.0;0.0;58299.41;0.0;0.0
19980;486493;2015-11-06;DAP;K24;0;0;0;0;0.0;54621.8;54608.56;0.0;0.0;0.0;0.0;0.0;54601.15;0.0;0.0
19981;486494;2015-11-06;DAP;Q24;0;0;0;0;0.0;53713.82;53743.18;0.0;0.0;0.0;0.0;0.0;53735.88;0.0;0.0
19982;486495;2015-11-06;DAP;Q30;0;0;0;0;0.0;37304.82;37068.8;0.0;0.0;0.0;0.0;0.0;37063.77;0.0;0.0
19983;486496;2015-11-09;DAP;X15;0;0;0;0;0.0;99928.02;99942.1;0.0;0.0;0.0;0.0;0.0;99928.51;0.0;0.0
19984;486497;2015-11-09;DAP;Z15;0;0;0;0;0.0;99579.83;99595.88;0.0;0.0;0.0;0.0;0.0;99582.34;0.0;0.0
19985;486498;2015-11-09;DAP;F16;0;0;0;0;0.0;99232.88;99250.88;0.0;0.0;0.0;0.0;0.0;99237.38;0.0;0.0
19986;486499;2015-11-09;DAP;Q16;0;0;0;0;0.0;95870.12;95918.86;0.0;0.0;0.0;0.0;0.0;95905.82;0.0;0.0
19987;486500;2015-11-09;DAP;K17;2220;2220;0;0;0.0;91744.34;91817.36;0.0;0.0;0.0;0.0;0.0;91804.87;0.0;0.0
19988;486501;2015-11-09;DAP;Q18;1735;1735;0;0;0.0;83807.27;83958.66;0.0;0.0;0.0;0.0;0.0;83947.24;0.0;0.0
19989;486502;2015-11-09;DAP;K19;0;0;0;0;0.0;78864.6;78963.08;0.0;0.0;0.0;0.0;0.0;78952.34;0.0;0.0
19990;486503;2015-11-09;DAP;Q20;0;0;0;0;0.0;71832.56;71916.12;0.0;0.0;0.0;0.0;0.0;71906.34;0.0;0.0
19991;486504;2015-11-09;DAP;Q22;0;0;0;0;0.0;61380.26;61436.41;0.0;0.0;0.0;0.0;0.0;61428.06;0.0;0.0
19992;486505;2015-11-09;DAP;K23;0;0;0;0;0.0;58307.33;58364.62;0.0;0.0;0.0;0.0;0.0;58356.68;0.0;0.0
19993;486506;2015-11-09;DAP;K24;0;0;0;0;0.0;54608.56;54839.98;0.0;0.0;0.0;0.0;0.0;54832.52;0.0;0.0
19994;486507;2015-11-09;DAP;Q24;0;0;0;0;0.0;53743.18;53933.51;0.0;0.0;0.0;0.0;0.0;53926.18;0.0;0.0
19995;486508;2015-11-09;DAP;Q30;0;0;0;0;0.0;37068.8;37334.53;0.0;0.0;0.0;0.0;0.0;37329.45;0.0;0.0
19996;486509;2015-11-10;DAP;X15;0;0;0;0;0.0;99942.1;99956.1;0.0;0.0;0.0;0.0;0.0;99942.5;0.0;0.0
19997;486510;2015-11-10;DAP;Z15;0;0;0;0;0.0;99595.88;99612.88;0.0;0.0;0.0;0.0;0.0;99599.32;0.0;0.0
19998;486511;2015-11-10;DAP;F16;0;0;0;0;0.0;99250.88;99270.54;0.0;0.0;0.0;0.0;0.0;99257.03;0.0;0.0
19999;486512;2015-11-10;DAP;Q16;0;0;0;0;0.0;95918.86;95974.27;0.0;0.0;0.0;0.0;0.0;95961.21;0.0;0.0
20000;486513;2015-11-10;DAP;K17;2220;2220;0;0;0.0;91817.36;91851.1;0.0;0.0;0.0;0.0;0.0;91838.6;0.0;0.0
20001;486514;2015-11-10;DAP;Q18;1735;1735;0;0;0.0;83958.66;84023.19;0.0;0.0;0.0;0.0;0.0;84011.76;0.0;0.0
20002;486515;2015-11-10;DAP;K19;0;0;0;0;0.0;78963.08;79113.04;0.0;0.0;0.0;0.0;0.0;79102.27;0.0;0.0
20003;486516;2015-11-10;DAP;Q20;0;0;0;0;0.0;71916.12;72031.58;0.0;0.0;0.0;0.0;0.0;72021.78;0.0;0.0
20004;486517;2015-11-10;DAP;Q22;0;0;0;0;0.0;61436.41;61608.26;0.0;0.0;0.0;0.0;0.0;61599.88;0.0;0.0
20005;486518;2015-11-10;DAP;K23;0;0;0;0;0.0;58364.62;58625.44;0.0;0.0;0.0;0.0;0.0;58617.46;0.0;0.0
20006;486519;2015-11-10;DAP;K24;0;0;0;0;0.0;54839.98;55028.82;0.0;0.0;0.0;0.0;0.0;55021.33;0.0;0.0
20007;486520;2015-11-10;DAP;Q24;0;0;0;0;0.0;53933.51;54168.47;0.0;0.0;0.0;0.0;0.0;54161.1;0.0;0.0
20008;486521;2015-11-10;DAP;Q30;0;0;0;0;0.0;37334.53;37293.15;0.0;0.0;0.0;0.0;0.0;37288.08;0.0;0.0
20009;486522;2015-11-11;DAP;X15;0;0;0;0;0.0;99956.1;99967.63;0.0;0.0;0.0;0.0;0.0;99954.01;0.0;0.0
20010;486523;2015-11-11;DAP;Z15;0;0;0;0;0.0;99612.88;99628.89;0.0;0.0;0.0;0.0;0.0;99615.31;0.0;0.0
20011;486524;2015-11-11;DAP;F16;0;0;0;0;0.0;99270.54;99288.35;0.0;0.0;0.0;0.0;0.0;99274.82;0.0;0.0
20012;486525;2015-11-11;DAP;Q16;0;0;0;0;0.0;95974.27;96008.68;0.0;0.0;0.0;0.0;0.0;95995.6;0.0;0.0
20013;486526;2015-11-11;DAP;K17;2220;2220;0;0;0.0;91851.1;91923.78;0.0;0.0;0.0;0.0;0.0;91911.25;0.0;0.0
20014;486527;2015-11-11;DAP;Q18;1735;1735;0;0;0.0;84023.19;84283.09;0.0;0.0;0.0;0.0;0.0;84271.6;0.0;0.0
20015;486528;2015-11-11;DAP;K19;0;0;0;0;0.0;79113.04;79418.06;0.0;0.0;0.0;0.0;0.0;79407.24;0.0;0.0
20016;486529;2015-11-11;DAP;Q20;0;0;0;0;0.0;72031.58;72563.71;0.0;0.0;0.0;0.0;0.0;72553.82;0.0;0.0
20017;486530;2015-11-11;DAP;Q22;0;0;0;0;0.0;61608.26;62168.94;0.0;0.0;0.0;0.0;0.0;62160.47;0.0;0.0
20018;486531;2015-11-11;DAP;K23;0;0;0;0;0.0;58625.44;59133.69;0.0;0.0;0.0;0.0;0.0;59125.63;0.0;0.0
20019;486532;2015-11-11;DAP;K24;0;0;0;0;0.0;55028.82;55655.84;0.0;0.0;0.0;0.0;0.0;55648.26;0.0;0.0
20020;486533;2015-11-11;DAP;Q24;0;0;0;0;0.0;54168.47;54759.66;0.0;0.0;0.0;0.0;0.0;54752.2;0.0;0.0
20021;486534;2015-11-11;DAP;Q30;0;0;0;0;0.0;37293.15;37767.6;0.0;0.0;0.0;0.0;0.0;37762.45;0.0;0.0
20022;486535;2015-11-12;DAP;X15;0;0;0;0;0.0;99967.63;99983.82;0.0;0.0;0.0;0.0;0.0;99970.18;0.0;0.0
20023;486536;2015-11-12;DAP;Z15;0;0;0;0;0.0;99628.89;99643.16;0.0;0.0;0.0;0.0;0.0;99629.57;0.0;0.0
20024;486537;2015-11-12;DAP;F16;0;0;0;0;0.0;99288.35;99304.42;0.0;0.0;0.0;0.0;0.0;99290.88;0.0;0.0
20025;486538;2015-11-12;DAP;Q16;0;0;0;0;0.0;96008.68;96015.52;0.0;0.0;0.0;0.0;0.0;96002.43;0.0;0.0
20026;486539;2015-11-12;DAP;K17;2220;2220;0;0;0.0;91923.78;91866.61;0.0;0.0;0.0;0.0;0.0;91854.08;0.0;0.0
20027;486540;2015-11-12;DAP;Q18;1735;1735;2;10;926078.0;84283.09;84217.12;6.5;6.5;6.5;6.5;6.5;84205.63;0.0;0.0
20028;486541;2015-11-12;DAP;K19;0;0;0;0;0.0;79418.06;79387.29;0.0;0.0;0.0;0.0;0.0;79376.46;0.0;0.0
20029;486542;2015-11-12;DAP;Q20;0;0;0;0;0.0;72563.71;72583.2;0.0;0.0;0.0;0.0;0.0;72573.3;0.0;0.0
20030;486543;2015-11-12;DAP;Q22;0;0;0;0;0.0;62168.94;62186.37;0.0;0.0;0.0;0.0;0.0;62177.89;0.0;0.0
20031;486544;2015-11-12;DAP;K23;0;0;0;0;0.0;59133.69;59191.38;0.0;0.0;0.0;0.0;0.0;59183.31;0.0;0.0
20032;486545;2015-11-12;DAP;K24;0;0;0;0;0.0;55655.84;55803.16;0.0;0.0;0.0;0.0;0.0;55795.55;0.0;0.0
20033;486546;2015-11-12;DAP;Q24;0;0;0;0;0.0;54759.66;54998.02;0.0;0.0;0.0;0.0;0.0;54990.52;0.0;0.0
20034;486547;2015-11-12;DAP;Q30;0;0;0;0;0.0;37767.6;37881.59;0.0;0.0;0.0;0.0;0.0;37876.42;0.0;0.0
20035;486548;2015-11-13;DAP;X15;0;0;0;0;0.0;99983.82;100000.05;0.0;0.0;0.0;0.0;0.0;99986.39;0.0;0.0
20036;486549;2015-11-13;DAP;Z15;0;0;0;0;0.0;99643.16;99658.42;0.0;0.0;0.0;0.0;0.0;99644.81;0.0;0.0
20037;486550;2015-11-13;DAP;F16;0;0;0;0;0.0;99304.42;99318.88;0.0;0.0;0.0;0.0;0.0;99305.31;0.0;0.0
20038;486551;2015-11-13;DAP;Q16;0;0;0;0;0.0;96015.52;95988.42;0.0;0.0;0.0;0.0;0.0;95975.31;0.0;0.0
20039;486552;2015-11-13;DAP;K17;2220;2220;0;0;0.0;91866.61;91771.26;0.0;0.0;0.0;0.0;0.0;91758.73;0.0;0.0
20040;486553;2015-11-13;DAP;Q18;1735;1735;0;0;0.0;84217.12;84108.25;0.0;0.0;0.0;0.0;0.0;84096.76;0.0;0.0
20041;486554;2015-11-13;DAP;K19;0;0;0;0;0.0;79387.29;79279.37;0.0;0.0;0.0;0.0;0.0;79268.54;0.0;0.0
20042;486555;2015-11-13;DAP;Q20;0;0;0;0;0.0;72583.2;72506.41;0.0;0.0;0.0;0.0;0.0;72496.51;0.0;0.0
20043;486556;2015-11-13;DAP;Q22;0;0;0;0;0.0;62186.37;62242.8;0.0;0.0;0.0;0.0;0.0;62234.3;0.0;0.0
20044;486557;2015-11-13;DAP;K23;0;0;0;0;0.0;59191.38;59166.74;0.0;0.0;0.0;0.0;0.0;59158.66;0.0;0.0
20045;486558;2015-11-13;DAP;K24;0;0;0;0;0.0;55803.16;55906.65;0.0;0.0;0.0;0.0;0.0;55899.01;0.0;0.0
20046;486559;2015-11-13;DAP;Q24;0;0;0;0;0.0;54998.02;55147.47;0.0;0.0;0.0;0.0;0.0;55139.94;0.0;0.0
20047;486560;2015-11-13;DAP;Q30;0;0;0;0;0.0;37881.59;37891.53;0.0;0.0;0.0;0.0;0.0;37886.35;0.0;0.0
20048;486561;2015-11-16;DAP;X15;0;0;0;0;0.0;100000.05;;0.0;0.0;0.0;0.0;0.0;100000.0;0.0;0.0
20049;486562;2015-11-16;DAP;Z15;0;0;0;0;0.0;99658.42;99681.68;0.0;0.0;0.0;0.0;0.0;99660.13;0.0;0.0
20050;486563;2015-11-16;DAP;F16;0;0;0;0;0.0;99318.88;99339.71;0.0;0.0;0.0;0.0;0.0;99318.24;0.0;0.0
20051;486564;2015-11-16;DAP;G16;0;0;0;0;0.0;0.0;99032.76;0.0;0.0;0.0;0.0;0.0;99011.35;0.0;0.0
20052;486565;2015-11-16;DAP;Q16;0;0;0;0;0.0;95988.42;95976.27;0.0;0.0;0.0;0.0;0.0;95955.52;0.0;0.0
20053;486566;2015-11-16;DAP;K17;2220;2220;0;0;0.0;91771.26;91748.2;0.0;0.0;0.0;0.0;0.0;91728.37;0.0;0.0
20054;486567;2015-11-16;DAP;Q18;1735;1735;0;0;0.0;84108.25;84071.31;0.0;0.0;0.0;0.0;0.0;84053.14;0.0;0.0
20055;486568;2015-11-16;DAP;K19;0;0;0;0;0.0;79279.37;79281.02;0.0;0.0;0.0;0.0;0.0;79263.88;0.0;0.0
20056;486569;2015-11-16;DAP;Q20;0;0;0;0;0.0;72506.41;72563.79;0.0;0.0;0.0;0.0;0.0;72548.11;0.0;0.0
20057;486570;2015-11-16;DAP;Q22;0;0;2;10;689139.0;62242.8;62343.21;7.23;7.23;7.23;7.23;7.23;62329.73;0.0;0.0
20058;486571;2015-11-16;DAP;K23;0;0;0;0;0.0;59166.74;59311.52;0.0;0.0;0.0;0.0;0.0;59298.7;0.0;0.0
20059;486572;2015-11-16;DAP;K24;0;0;0;0;0.0;55906.65;56147.49;0.0;0.0;0.0;0.0;0.0;56135.35;0.0;0.0
20060;486573;2015-11-16;DAP;Q24;0;0;0;0;0.0;55147.47;55391.72;0.0;0.0;0.0;0.0;0.0;55379.75;0.0;0.0
20061;486574;2015-11-16;DAP;Q30;0;0;0;0;0.0;37891.53;38008.86;0.0;0.0;0.0;0.0;0.0;38000.64;0.0;0.0
20062;486575;2015-11-17;DAP;Z15;0;0;0;0;0.0;99681.68;99700.13;0.0;0.0;0.0;0.0;0.0;99678.57;0.0;0.0
20063;486576;2015-11-17;DAP;F16;0;0;0;0;0.0;99339.71;99360.56;0.0;0.0;0.0;0.0;0.0;99339.07;0.0;0.0
20064;486577;2015-11-17;DAP;G16;0;0;0;0;0.0;99032.76;99055.69;0.0;0.0;0.0;0.0;0.0;99034.27;0.0;0.0
20065;486578;2015-11-17;DAP;Q16;0;0;0;0;0.0;95976.27;96044.56;0.0;0.0;0.0;0.0;0.0;96023.79;0.0;0.0
20066;486579;2015-11-17;DAP;K17;2220;2220;0;0;0.0;91748.2;91795.03;0.0;0.0;0.0;0.0;0.0;91775.18;0.0;0.0
20067;486580;2015-11-17;DAP;Q18;1735;1735;0;0;0.0;84071.31;84157.19;0.0;0.0;0.0;0.0;0.0;84138.99;0.0;0.0
20068;486581;2015-11-17;DAP;K19;0;0;0;0;0.0;79281.02;79302.11;0.0;0.0;0.0;0.0;0.0;79284.96;0.0;0.0
20069;486582;2015-11-17;DAP;Q20;0;0;0;0;0.0;72563.79;72551.3;0.0;0.0;0.0;0.0;0.0;72535.61;0.0;0.0
20070;486583;2015-11-17;DAP;Q22;0;0;0;0;0.0;62343.21;62477.82;0.0;0.0;0.0;0.0;0.0;62464.31;0.0;0.0
20071;486584;2015-11-17;DAP;K23;0;0;0;0;0.0;59311.52;59410.54;0.0;0.0;0.0;0.0;0.0;59397.69;0.0;0.0
20072;486585;2015-11-17;DAP;K24;0;0;0;0;0.0;56147.49;56295.83;0.0;0.0;0.0;0.0;0.0;56283.66;0.0;0.0
20073;486586;2015-11-17;DAP;Q24;0;0;0;0;0.0;55391.72;55542.05;0.0;0.0;0.0;0.0;0.0;55530.04;0.0;0.0
20074;486587;2015-11-17;DAP;Q30;0;0;0;0;0.0;38008.86;38123.47;0.0;0.0;0.0;0.0;0.0;38115.23;0.0;0.0
20075;486588;2015-11-18;DAP;Z15;0;0;0;0;0.0;99700.13;99719.07;0.0;0.0;0.0;0.0;0.0;99697.5;0.0;0.0
20076;486589;2015-11-18;DAP;F16;0;0;0;0;0.0;99360.56;99384.21;0.0;0.0;0.0;0.0;0.0;99362.71;0.0;0.0
20077;486590;2015-11-18;DAP;G16;0;0;0;0;0.0;99055.69;99080.63;0.0;0.0;0.0;0.0;0.0;99059.19;0.0;0.0
20078;486591;2015-11-18;DAP;Q16;0;0;0;0;0.0;96044.56;96139.32;0.0;0.0;0.0;0.0;0.0;96118.52;0.0;0.0
20079;486592;2015-11-18;DAP;K17;2220;2220;0;0;0.0;91795.03;91944.22;0.0;0.0;0.0;0.0;0.0;91924.33;0.0;0.0
20080;486593;2015-11-18;DAP;Q18;1735;1735;0;0;0.0;84157.19;84329.3;0.0;0.0;0.0;0.0;0.0;84311.06;0.0;0.0
20081;486594;2015-11-18;DAP;K19;0;0;0;0;0.0;79302.11;79477.42;0.0;0.0;0.0;0.0;0.0;79460.22;0.0;0.0
20082;486595;2015-11-18;DAP;Q20;0;0;0;0;0.0;72551.3;72699.08;0.0;0.0;0.0;0.0;0.0;72683.35;0.0;0.0
20083;486596;2015-11-18;DAP;Q22;0;0;0;0;0.0;62477.82;62808.89;0.0;0.0;0.0;0.0;0.0;62795.3;0.0;0.0
20084;486597;2015-11-18;DAP;K23;0;0;0;0;0.0;59410.54;59758.27;0.0;0.0;0.0;0.0;0.0;59745.34;0.0;0.0
20085;486598;2015-11-18;DAP;K24;0;0;0;0;0.0;56295.83;56622.97;0.0;0.0;0.0;0.0;0.0;56610.72;0.0;0.0
20086;486599;2015-11-18;DAP;Q24;0;0;0;0;0.0;55542.05;55874.28;0.0;0.0;0.0;0.0;0.0;55862.19;0.0;0.0
20087;486600;2015-11-18;DAP;Q30;0;0;0;0;0.0;38123.47;38028.74;0.0;0.0;0.0;0.0;0.0;38020.51;0.0;0.0
20088;486601;2015-11-19;DAP;Z15;0;0;0;0;0.0;99719.07;99702.15;0.0;0.0;0.0;0.0;0.0;99715.45;0.0;0.0
20089;486602;2015-11-19;DAP;F16;0;0;0;0;0.0;99384.21;99369.76;0.0;0.0;0.0;0.0;0.0;99383.02;0.0;0.0
20090;486603;2015-11-19;DAP;G16;0;0;0;0;0.0;99080.63;99068.42;0.0;0.0;0.0;0.0;0.0;99081.64;0.0;0.0
20091;486604;2015-11-19;DAP;Q16;0;0;0;0;0.0;96139.32;96173.0;0.0;0.0;0.0;0.0;0.0;96185.83;0.0;0.0
20092;486605;2015-11-19;DAP;K17;2220;2220;0;0;0.0;91944.22;92060.87;0.0;0.0;0.0;0.0;0.0;92073.15;0.0;0.0
20093;486606;2015-11-19;DAP;Q18;1735;1735;0;0;0.0;84329.3;84558.38;0.0;0.0;0.0;0.0;0.0;84569.66;0.0;0.0
20094;486607;2015-11-19;DAP;K19;0;0;0;0;0.0;79477.42;79831.45;0.0;0.0;0.0;0.0;0.0;79842.1;0.0;0.0
20095;486608;2015-11-19;DAP;Q20;0;0;0;0;0.0;72699.08;73143.63;0.0;0.0;0.0;0.0;0.0;73153.39;0.0;0.0
20096;486609;2015-11-19;DAP;Q22;0;0;0;0;0.0;62808.89;63476.36;0.0;0.0;0.0;0.0;0.0;63484.83;0.0;0.0
20097;486610;2015-11-19;DAP;K23;0;0;0;0;0.0;59758.27;60422.15;0.0;0.0;0.0;0.0;0.0;60430.21;0.0;0.0
20098;486611;2015-11-19;DAP;K24;0;0;0;0;0.0;56622.97;57112.12;0.0;0.0;0.0;0.0;0.0;57119.74;0.0;0.0
20099;486612;2015-11-19;DAP;Q24;0;0;0;0;0.0;55874.28;56280.31;0.0;0.0;0.0;0.0;0.0;56287.82;0.0;0.0
20100;486613;2015-11-19;DAP;Q30;0;0;0;0;0.0;38028.74;38287.55;0.0;0.0;0.0;0.0;0.0;38292.66;0.0;0.0
20101;486614;2015-11-23;DAP;Z15;0;0;0;0;0.0;99702.15;99758.95;0.0;0.0;0.0;0.0;0.0;99748.85;0.0;0.0
20102;486615;2015-11-23;DAP;F16;0;0;0;0;0.0;99369.76;99427.45;0.0;0.0;0.0;0.0;0.0;99417.38;0.0;0.0
20103;486616;2015-11-23;DAP;G16;0;0;0;0;0.0;99068.42;99129.55;0.0;0.0;0.0;0.0;0.0;99119.51;0.0;0.0
20104;486617;2015-11-23;DAP;Q16;0;0;0;0;0.0;96173.0;96262.55;0.0;0.0;0.0;0.0;0.0;96252.8;0.0;0.0
20105;486618;2015-11-23;DAP;K17;2220;2220;0;0;0.0;92060.87;92187.29;0.0;0.0;0.0;0.0;0.0;92177.95;0.0;0.0
20106;486619;2015-11-23;DAP;Q18;1735;1735;0;0;0.0;84558.38;84706.01;0.0;0.0;0.0;0.0;0.0;84697.43;0.0;0.0
20107;486620;2015-11-23;DAP;K19;0;0;0;0;0.0;79831.45;79943.12;0.0;0.0;0.0;0.0;0.0;79935.02;0.0;0.0
20108;486621;2015-11-23;DAP;Q20;0;0;0;0;0.0;73143.63;73263.86;0.0;0.0;0.0;0.0;0.0;73256.44;0.0;0.0
20109;486622;2015-11-23;DAP;Q22;0;0;0;0;0.0;63476.36;63525.4;0.0;0.0;0.0;0.0;0.0;63518.97;0.0;0.0
20110;486623;2015-11-23;DAP;K23;0;0;0;0;0.0;60422.15;60510.84;0.0;0.0;0.0;0.0;0.0;60504.71;0.0;0.0
20111;486624;2015-11-23;DAP;K24;0;0;0;0;0.0;57112.12;57065.49;0.0;0.0;0.0;0.0;0.0;57059.71;0.0;0.0
20112;486625;2015-11-23;DAP;Q24;0;0;0;0;0.0;56280.31;56231.5;0.0;0.0;0.0;0.0;0.0;56225.8;0.0;0.0
20113;486626;2015-11-23;DAP;Q30;0;0;0;0;0.0;38287.55;38263.83;0.0;0.0;0.0;0.0;0.0;38259.95;0.0;0.0
20114;486627;2015-11-24;DAP;Z15;0;0;0;0;0.0;99758.95;99772.61;0.0;0.0;0.0;0.0;0.0;99762.25;0.0;0.0
20115;486628;2015-11-24;DAP;F16;0;0;0;0;0.0;99427.45;99437.94;0.0;0.0;0.0;0.0;0.0;99427.62;0.0;0.0
20116;486629;2015-11-24;DAP;G16;0;0;0;0;0.0;99129.55;99135.06;0.0;0.0;0.0;0.0;0.0;99124.77;0.0;0.0
20117;486630;2015-11-24;DAP;Q16;0;0;0;0;0.0;96262.55;96164.3;0.0;0.0;0.0;0.0;0.0;96154.32;0.0;0.0
20118;486631;2015-11-24;DAP;K17;2220;2220;0;0;0.0;92187.29;91991.77;0.0;0.0;0.0;0.0;0.0;91982.22;0.0;0.0
20119;486632;2015-11-24;DAP;Q18;1735;1735;0;0;0.0;84706.01;84317.74;0.0;0.0;0.0;0.0;0.0;84308.99;0.0;0.0
20120;486633;2015-11-24;DAP;K19;0;0;0;0;0.0;79943.12;79501.06;0.0;0.0;0.0;0.0;0.0;79492.81;0.0;0.0
20121;486634;2015-11-24;DAP;Q20;0;0;0;0;0.0;73263.86;72832.95;0.0;0.0;0.0;0.0;0.0;72825.39;0.0;0.0
20122;486635;2015-11-24;DAP;Q22;0;0;0;0;0.0;63525.4;63146.55;0.0;0.0;0.0;0.0;0.0;63140.0;0.0;0.0
20123;486636;2015-11-24;DAP;K23;0;0;0;0;0.0;60510.84;60025.01;0.0;0.0;0.0;0.0;0.0;60018.78;0.0;0.0
20124;486637;2015-11-24;DAP;K24;0;0;0;0;0.0;57065.49;56632.55;0.0;0.0;0.0;0.0;0.0;56626.67;0.0;0.0
20125;486638;2015-11-24;DAP;Q24;0;0;0;0;0.0;56231.5;55791.23;0.0;0.0;0.0;0.0;0.0;55785.44;0.0;0.0
20126;486639;2015-11-24;DAP;Q30;0;0;0;0;0.0;38263.83;37700.33;0.0;0.0;0.0;0.0;0.0;37696.42;0.0;0.0
20127;486640;2015-11-25;DAP;Z15;0;0;0;0;0.0;99772.61;99787.7;0.0;0.0;0.0;0.0;0.0;99777.55;0.0;0.0
20128;486641;2015-11-25;DAP;F16;0;0;0;0;0.0;99437.94;99450.93;0.0;0.0;0.0;0.0;0.0;99440.82;0.0;0.0
20129;486642;2015-11-25;DAP;G16;0;0;0;0;0.0;99135.06;99146.62;0.0;0.0;0.0;0.0;0.0;99136.54;0.0;0.0
20130;486643;2015-11-25;DAP;Q16;0;0;0;0;0.0;96164.3;96125.98;0.0;0.0;0.0;0.0;0.0;96116.2;0.0;0.0
20131;486644;2015-11-25;DAP;K17;2220;2220;0;0;0.0;91991.77;91835.59;0.0;0.0;0.0;0.0;0.0;91826.25;0.0;0.0
20132;486645;2015-11-25;DAP;Q18;1735;1740;1;10;926443.0;84317.74;83996.68;6.72;6.72;6.72;6.72;6.72;83988.14;0.0;0.0
20133;486646;2015-11-25;DAP;K19;0;0;0;0;0.0;79501.06;79139.18;0.0;0.0;0.0;0.0;0.0;79131.13;0.0;0.0
20134;486647;2015-11-25;DAP;Q20;0;0;0;0;0.0;72832.95;72246.86;0.0;0.0;0.0;0.0;0.0;72239.51;0.0;0.0
20135;486648;2015-11-25;DAP;Q22;0;0;0;0;0.0;63146.55;62458.03;0.0;0.0;0.0;0.0;0.0;62451.68;0.0;0.0
20136;486649;2015-11-25;DAP;K23;0;0;0;0;0.0;60025.01;59338.06;0.0;0.0;0.0;0.0;0.0;59332.03;0.0;0.0
20137;486650;2015-11-25;DAP;K24;0;0;0;0;0.0;56632.55;55982.84;0.0;0.0;0.0;0.0;0.0;55977.15;0.0;0.0
20138;486651;2015-11-25;DAP;Q24;0;0;0;0;0.0;55791.23;55131.01;0.0;0.0;0.0;0.0;0.0;55125.4;0.0;0.0
20139;486652;2015-11-25;DAP;Q30;0;0;0;0;0.0;37700.33;36942.87;0.0;0.0;0.0;0.0;0.0;36939.11;0.0;0.0
20140;486653;2015-11-26;DAP;Z15;0;0;0;0;0.0;99787.7;99799.86;0.0;0.0;0.0;0.0;0.0;99789.47;0.0;0.0
20141;486654;2015-11-26;DAP;F16;0;0;0;0;0.0;99450.93;99456.8;0.0;0.0;0.0;0.0;0.0;99446.45;0.0;0.0
20142;486655;2015-11-26;DAP;G16;0;0;0;0;0.0;99146.62;99146.77;0.0;0.0;0.0;0.0;0.0;99136.45;0.0;0.0
20143;486656;2015-11-26;DAP;Q16;0;0;0;0;0.0;96125.98;95946.28;0.0;0.0;0.0;0.0;0.0;95936.29;0.0;0.0
20144;486657;2015-11-26;DAP;K17;2220;2220;0;0;0.0;91835.59;91480.98;0.0;0.0;0.0;0.0;0.0;91471.46;0.0;0.0
20145;486658;2015-11-26;DAP;Q18;1740;1740;0;0;0.0;83996.68;83362.01;0.0;0.0;0.0;0.0;0.0;83353.33;0.0;0.0
20146;486659;2015-11-26;DAP;K19;0;0;0;0;0.0;79139.18;78428.12;0.0;0.0;0.0;0.0;0.0;78419.96;0.0;0.0
20147;486660;2015-11-26;DAP;Q20;0;0;0;0;0.0;72246.86;71542.53;0.0;0.0;0.0;0.0;0.0;71535.08;0.0;0.0
20148;486661;2015-11-26;DAP;Q22;0;0;0;0;0.0;62458.03;62010.39;0.0;0.0;0.0;0.0;0.0;62003.94;0.0;0.0
20149;486662;2015-11-26;DAP;K23;0;0;0;0;0.0;59338.06;58823.45;0.0;0.0;0.0;0.0;0.0;58817.33;0.0;0.0
20150;486663;2015-11-26;DAP;K24;0;0;0;0;0.0;55982.84;55472.87;0.0;0.0;0.0;0.0;0.0;55467.1;0.0;0.0
20151;486664;2015-11-26;DAP;Q24;0;0;0;0;0.0;55131.01;54657.03;0.0;0.0;0.0;0.0;0.0;54651.34;0.0;0.0
20152;486665;2015-11-26;DAP;Q30;0;0;0;0;0.0;36942.87;36851.88;0.0;0.0;0.0;0.0;0.0;36848.04;0.0;0.0
20153;486666;2015-11-27;DAP;Z15;0;0;0;0;0.0;99799.86;99816.28;0.0;0.0;0.0;0.0;0.0;99806.1;0.0;0.0
20154;486667;2015-11-27;DAP;F16;0;0;0;0;0.0;99456.8;99472.84;0.0;0.0;0.0;0.0;0.0;99462.69;0.0;0.0
20155;486668;2015-11-27;DAP;G16;0;0;0;0;0.0;99146.77;99162.78;0.0;0.0;0.0;0.0;0.0;99152.67;0.0;0.0
20156;486669;2015-11-27;DAP;Q16;0;0;0;0;0.0;95946.28;95948.9;0.0;0.0;0.0;0.0;0.0;95939.11;0.0;0.0
20157;486670;2015-11-27;DAP;K17;2220;2220;0;0;0.0;91480.98;91391.01;0.0;0.0;0.0;0.0;0.0;91381.69;0.0;0.0
20158;486671;2015-11-27;DAP;Q18;1740;1740;0;0;0.0;83362.01;83132.23;0.0;0.0;0.0;0.0;0.0;83123.75;0.0;0.0
20159;486672;2015-11-27;DAP;K19;0;0;0;0;0.0;78428.12;78174.61;0.0;0.0;0.0;0.0;0.0;78166.64;0.0;0.0
20160;486673;2015-11-27;DAP;Q20;0;0;0;0;0.0;71542.53;71219.51;0.0;0.0;0.0;0.0;0.0;71212.25;0.0;0.0
20161;486674;2015-11-27;DAP;Q22;0;0;0;0;0.0;62010.39;61528.5;0.0;0.0;0.0;0.0;0.0;61522.22;0.0;0.0
20162;486675;2015-11-27;DAP;K23;0;0;0;0;0.0;58823.45;58314.24;0.0;0.0;0.0;0.0;0.0;58308.29;0.0;0.0
20163;486676;2015-11-27;DAP;K24;0;0;0;0;0.0;55472.87;54925.29;0.0;0.0;0.0;0.0;0.0;54919.69;0.0;0.0
20164;486677;2015-11-27;DAP;Q24;0;0;0;0;0.0;54657.03;54100.31;0.0;0.0;0.0;0.0;0.0;54094.79;0.0;0.0
20165;486678;2015-11-27;DAP;Q30;0;0;0;0;0.0;36851.88;36311.26;0.0;0.0;0.0;0.0;0.0;36307.56;0.0;0.0
20166;486679;2015-11-30;DAP;Z15;0;0;0;0;0.0;99816.28;99832.86;0.0;0.0;0.0;0.0;0.0;99822.66;0.0;0.0
20167;486680;2015-11-30;DAP;F16;0;0;0;0;0.0;99472.84;99489.09;0.0;0.0;0.0;0.0;0.0;99478.92;0.0;0.0
20168;486681;2015-11-30;DAP;G16;0;0;0;0;0.0;99162.78;99179.04;0.0;0.0;0.0;0.0;0.0;99168.9;0.0;0.0
20169;486682;2015-11-30;DAP;Q16;0;0;0;0;0.0;95948.9;95951.97;0.0;0.0;0.0;0.0;0.0;95942.16;0.0;0.0
20170;486683;2015-11-30;DAP;K17;2220;2220;0;0;0.0;91391.01;91314.42;0.0;0.0;0.0;0.0;0.0;91305.09;0.0;0.0
20171;486684;2015-11-30;DAP;Q18;1740;1740;0;0;0.0;83132.23;83092.11;0.0;0.0;0.0;0.0;0.0;83083.62;0.0;0.0
20172;486685;2015-11-30;DAP;K19;0;0;0;0;0.0;78174.61;78097.16;0.0;0.0;0.0;0.0;0.0;78089.18;0.0;0.0
20173;486686;2015-11-30;DAP;Q20;0;0;0;0;0.0;71219.51;71146.79;0.0;0.0;0.0;0.0;0.0;71139.52;0.0;0.0
20174;486687;2015-11-30;DAP;Q22;0;0;0;0;0.0;61528.5;61431.72;0.0;0.0;0.0;0.0;0.0;61425.44;0.0;0.0
20175;486688;2015-11-30;DAP;K23;0;0;0;0;0.0;58314.24;58210.53;0.0;0.0;0.0;0.0;0.0;58204.58;0.0;0.0
20176;486689;2015-11-30;DAP;K24;0;0;0;0;0.0;54925.29;54640.44;0.0;0.0;0.0;0.0;0.0;54634.86;0.0;0.0
20177;486690;2015-11-30;DAP;Q24;0;0;0;0;0.0;54100.31;53767.07;0.0;0.0;0.0;0.0;0.0;53761.58;0.0;0.0
20178;486691;2015-11-30;DAP;Q30;0;0;0;0;0.0;36311.26;36271.63;0.0;0.0;0.0;0.0;0.0;36267.92;0.0;0.0
20179;486692;2015-12-01;DAP;Z15;0;0;0;0;0.0;99832.86;99850.35;0.0;0.0;0.0;0.0;0.0;99839.91;0.0;0.0
20180;486693;2015-12-01;DAP;F16;0;0;0;0;0.0;99489.09;99509.1;0.0;0.0;0.0;0.0;0.0;99498.69;0.0;0.0
20181;486694;2015-12-01;DAP;G16;0;0;0;0;0.0;99179.04;99201.17;0.0;0.0;0.0;0.0;0.0;99190.79;0.0;0.0
20182;486695;2015-12-01;DAP;Q16;0;0;0;0;0.0;95951.97;96019.05;0.0;0.0;0.0;0.0;0.0;96009.01;0.0;0.0
20183;486696;2015-12-01;DAP;K17;2220;2220;0;0;0.0;91314.42;91411.64;0.0;0.0;0.0;0.0;0.0;91402.08;0.0;0.0
20184;486697;2015-12-01;DAP;Q18;1740;1740;0;0;0.0;83092.11;83198.55;0.0;0.0;0.0;0.0;0.0;83189.85;0.0;0.0
20185;486698;2015-12-01;DAP;K19;0;0;0;0;0.0;78097.16;78244.29;0.0;0.0;0.0;0.0;0.0;78236.11;0.0;0.0
20186;486699;2015-12-01;DAP;Q20;0;0;0;0;0.0;71146.79;71353.86;0.0;0.0;0.0;0.0;0.0;71346.4;0.0;0.0
20187;486700;2015-12-01;DAP;Q22;0;0;0;0;0.0;61431.72;61678.92;0.0;0.0;0.0;0.0;0.0;61672.47;0.0;0.0
20188;486701;2015-12-01;DAP;K23;0;0;0;0;0.0;58210.53;58468.85;0.0;0.0;0.0;0.0;0.0;58462.73;0.0;0.0
20189;486702;2015-12-01;DAP;K24;0;0;0;0;0.0;54640.44;54870.48;0.0;0.0;0.0;0.0;0.0;54864.74;0.0;0.0
20190;486703;2015-12-01;DAP;Q24;0;0;0;0;0.0;53767.07;53956.35;0.0;0.0;0.0;0.0;0.0;53950.71;0.0;0.0
20191;486704;2015-12-01;DAP;Q30;0;0;0;0;0.0;36271.63;36530.45;0.0;0.0;0.0;0.0;0.0;36526.63;0.0;0.0
20192;486705;2015-12-02;DAP;Z15;0;0;0;0;0.0;99850.35;99867.19;0.0;0.0;0.0;0.0;0.0;99856.94;0.0;0.0
20193;486706;2015-12-02;DAP;F16;0;0;0;0;0.0;99509.1;99527.31;0.0;0.0;0.0;0.0;0.0;99517.1;0.0;0.0
20194;486707;2015-12-02;DAP;G16;0;0;0;0;0.0;99201.17;99222.65;0.0;0.0;0.0;0.0;0.0;99212.47;0.0;0.0
20195;486708;2015-12-02;DAP;Q16;0;0;0;0;0.0;96019.05;96066.29;0.0;0.0;0.0;0.0;0.0;96056.43;0.0;0.0
20196;486709;2015-12-02;DAP;K17;2220;2220;0;0;0.0;91411.64;91495.84;0.0;0.0;0.0;0.0;0.0;91486.45;0.0;0.0
20197;486710;2015-12-02;DAP;Q18;1740;1740;0;0;0.0;83198.55;83430.13;0.0;0.0;0.0;0.0;0.0;83421.57;0.0;0.0
20198;486711;2015-12-02;DAP;K19;0;0;0;0;0.0;78244.29;78516.11;0.0;0.0;0.0;0.0;0.0;78508.06;0.0;0.0
20199;486712;2015-12-02;DAP;Q20;0;0;0;0;0.0;71353.86;71685.92;0.0;0.0;0.0;0.0;0.0;71678.57;0.0;0.0
20200;486713;2015-12-02;DAP;Q22;0;0;0;0;0.0;61678.92;62003.64;0.0;0.0;0.0;0.0;0.0;61997.28;0.0;0.0
20201;486714;2015-12-02;DAP;K23;0;0;0;0;0.0;58468.85;58727.91;0.0;0.0;0.0;0.0;0.0;58721.89;0.0;0.0
20202;486715;2015-12-02;DAP;K24;0;0;0;0;0.0;54870.48;55144.31;0.0;0.0;0.0;0.0;0.0;55138.65;0.0;0.0
20203;486716;2015-12-02;DAP;Q24;0;0;0;0;0.0;53956.35;54277.25;0.0;0.0;0.0;0.0;0.0;54271.68;0.0;0.0
20204;486717;2015-12-02;DAP;Q30;0;0;0;0;0.0;36530.45;36590.32;0.0;0.0;0.0;0.0;0.0;36586.57;0.0;0.0
20205;486718;2015-12-03;DAP;Z15;0;0;0;0;0.0;99867.19;99883.39;0.0;0.0;0.0;0.0;0.0;99873.13;0.0;0.0
20206;486719;2015-12-03;DAP;F16;0;0;0;0;0.0;99527.31;99544.48;0.0;0.0;0.0;0.0;0.0;99534.26;0.0;0.0
20207;486720;2015-12-03;DAP;G16;0;0;0;0;0.0;99222.65;99238.67;0.0;0.0;0.0;0.0;0.0;99228.48;0.0;0.0
20208;486721;2015-12-03;DAP;Q16;0;0;0;0;0.0;96066.29;96075.66;0.0;0.0;0.0;0.0;0.0;96065.79;0.0;0.0
20209;486722;2015-12-03;DAP;K17;2220;2220;0;0;0.0;91495.84;91469.07;0.0;0.0;0.0;0.0;0.0;91459.68;0.0;0.0
20210;486723;2015-12-03;DAP;Q18;1740;1740;0;0;0.0;83430.13;83389.73;0.0;0.0;0.0;0.0;0.0;83381.17;0.0;0.0
20211;486724;2015-12-03;DAP;K19;0;0;0;0;0.0;78516.11;78388.34;0.0;0.0;0.0;0.0;0.0;78380.29;0.0;0.0
20212;486725;2015-12-03;DAP;Q20;0;0;0;0;0.0;71685.92;71612.5;0.0;0.0;0.0;0.0;0.0;71605.15;0.0;0.0
20213;486726;2015-12-03;DAP;Q22;0;0;0;0;0.0;62003.64;61829.19;0.0;0.0;0.0;0.0;0.0;61822.84;0.0;0.0
20214;486727;2015-12-03;DAP;K23;0;0;0;0;0.0;58727.91;58583.0;0.0;0.0;0.0;0.0;0.0;58576.98;0.0;0.0
20215;486728;2015-12-03;DAP;K24;0;0;0;0;0.0;55144.31;55073.56;0.0;0.0;0.0;0.0;0.0;55067.9;0.0;0.0
20216;486729;2015-12-03;DAP;Q24;0;0;0;0;0.0;54277.25;54204.91;0.0;0.0;0.0;0.0;0.0;54199.34;0.0;0.0
20217;486730;2015-12-03;DAP;Q30;0;0;0;0;0.0;36590.32;36550.32;0.0;0.0;0.0;0.0;0.0;36546.57;0.0;0.0
20218;486731;2015-12-04;DAP;Z15;0;0;0;0;0.0;99883.39;99899.79;0.0;0.0;0.0;0.0;0.0;99889.51;0.0;0.0
20219;486732;2015-12-04;DAP;F16;0;0;0;0;0.0;99544.48;99561.58;0.0;0.0;0.0;0.0;0.0;99551.34;0.0;0.0
20220;486733;2015-12-04;DAP;G16;0;0;0;0;0.0;99238.67;99256.48;0.0;0.0;0.0;0.0;0.0;99246.27;0.0;0.0
20221;486734;2015-12-04;DAP;Q16;0;0;0;0;0.0;96075.66;96097.72;0.0;0.0;0.0;0.0;0.0;96087.83;0.0;0.0
20222;486735;2015-12-04;DAP;K17;2220;2220;0;0;0.0;91469.07;91479.43;0.0;0.0;0.0;0.0;0.0;91470.02;0.0;0.0
20223;486736;2015-12-04;DAP;Q18;1740;1740;0;0;0.0;83389.73;83412.17;0.0;0.0;0.0;0.0;0.0;83403.59;0.0;0.0
20224;486737;2015-12-04;DAP;K19;0;0;0;0;0.0;78388.34;78460.39;0.0;0.0;0.0;0.0;0.0;78452.32;0.0;0.0
20225;486738;2015-12-04;DAP;Q20;0;0;0;0;0.0;71612.5;71695.2;0.0;0.0;0.0;0.0;0.0;71687.82;0.0;0.0
20226;486739;2015-12-04;DAP;Q22;0;0;0;0;0.0;61829.19;61962.05;0.0;0.0;0.0;0.0;0.0;61955.67;0.0;0.0
20227;486740;2015-12-04;DAP;K23;0;0;0;0;0.0;58583.0;58720.98;0.0;0.0;0.0;0.0;0.0;58714.94;0.0;0.0
20228;486741;2015-12-04;DAP;K24;0;0;0;0;0.0;55073.56;55218.51;0.0;0.0;0.0;0.0;0.0;55212.83;0.0;0.0
20229;486742;2015-12-04;DAP;Q24;0;0;0;0;0.0;54204.91;54351.48;0.0;0.0;0.0;0.0;0.0;54345.89;0.0;0.0
20230;486743;2015-12-04;DAP;Q30;0;0;0;0;0.0;36550.32;36560.31;0.0;0.0;0.0;0.0;0.0;36556.55;0.0;0.0
20231;486744;2015-12-07;DAP;Z15;0;0;0;0;0.0;99899.79;99916.5;0.0;0.0;0.0;0.0;0.0;99906.2;0.0;0.0
20232;486745;2015-12-07;DAP;F16;0;0;0;0;0.0;99561.58;99580.68;0.0;0.0;0.0;0.0;0.0;99570.41;0.0;0.0
20233;486746;2015-12-07;DAP;G16;0;0;0;0;0.0;99256.48;99277.7;0.0;0.0;0.0;0.0;0.0;99267.47;0.0;0.0
20234;486747;2015-12-07;DAP;Q16;0;0;0;0;0.0;96097.72;96169.63;0.0;0.0;0.0;0.0;0.0;96159.72;0.0;0.0
20235;486748;2015-12-07;DAP;K17;2220;2220;0;0;0.0;91479.43;91575.64;0.0;0.0;0.0;0.0;0.0;91566.2;0.0;0.0
20236;486749;2015-12-07;DAP;Q18;1740;1740;0;0;0.0;83412.17;83518.09;0.0;0.0;0.0;0.0;0.0;83509.48;0.0;0.0
20237;486750;2015-12-07;DAP;K19;0;0;0;0;0.0;78460.39;78457.64;0.0;0.0;0.0;0.0;0.0;78449.55;0.0;0.0
20238;486751;2015-12-07;DAP;Q20;0;0;0;0;0.0;71695.2;71684.29;0.0;0.0;0.0;0.0;0.0;71676.9;0.0;0.0
20239;486752;2015-12-07;DAP;Q22;0;0;0;0;0.0;61962.05;61902.96;0.0;0.0;0.0;0.0;0.0;61896.58;0.0;0.0
20240;486753;2015-12-07;DAP;K23;0;0;0;0;0.0;58720.98;58697.34;0.0;0.0;0.0;0.0;0.0;58691.29;0.0;0.0
20241;486754;2015-12-07;DAP;K24;0;0;0;0;0.0;55218.51;55190.86;0.0;0.0;0.0;0.0;0.0;55185.17;0.0;0.0
20242;486755;2015-12-07;DAP;Q24;0;0;0;0;0.0;54351.48;54322.88;0.0;0.0;0.0;0.0;0.0;54317.28;0.0;0.0
20243;486756;2015-12-07;DAP;Q30;0;0;0;0;0.0;36560.31;36520.39;0.0;0.0;0.0;0.0;0.0;36516.63;0.0;0.0
20244;486757;2015-12-08;DAP;Z15;0;0;0;0;0.0;99916.5;99836.62;0.0;0.0;0.0;0.0;0.0;99922.59;0.0;0.0
20245;486758;2015-12-08;DAP;F16;0;0;0;0;0.0;99580.68;99502.57;0.0;0.0;0.0;0.0;0.0;99588.26;0.0;0.0
20246;486759;2015-12-08;DAP;G16;0;0;0;0;0.0;99277.7;99201.31;0.0;0.0;0.0;0.0;0.0;99286.74;0.0;0.0
20247;486760;2015-12-08;DAP;Q16;0;0;0;0;0.0;96169.63;96117.33;0.0;0.0;0.0;0.0;0.0;96200.1;0.0;0.0
20248;486761;2015-12-08;DAP;K17;2220;2220;0;0;0.0;91575.64;91546.55;0.0;0.0;0.0;0.0;0.0;91625.38;0.0;0.0
20249;486762;2015-12-08;DAP;Q18;1740;1740;0;0;0.0;83518.09;83459.94;0.0;0.0;0.0;0.0;0.0;83531.81;0.0;0.0
20250;486763;2015-12-08;DAP;K19;0;0;0;0;0.0;78457.64;78404.2;0.0;0.0;0.0;0.0;0.0;78471.72;0.0;0.0
20251;486764;2015-12-08;DAP;Q20;0;0;0;0;0.0;71684.29;71635.49;0.0;0.0;0.0;0.0;0.0;71697.18;0.0;0.0
20252;486765;2015-12-08;DAP;Q22;0;0;0;0;0.0;61902.96;61822.71;0.0;0.0;0.0;0.0;0.0;61875.95;0.0;0.0
20253;486766;2015-12-08;DAP;K23;0;0;0;0;0.0;58697.34;58617.23;0.0;0.0;0.0;0.0;0.0;58667.71;0.0;0.0
20254;486767;2015-12-08;DAP;K24;0;0;0;0;0.0;55190.86;55067.05;0.0;0.0;0.0;0.0;0.0;55114.47;0.0;0.0
20255;486768;2015-12-08;DAP;Q24;0;0;0;0;0.0;54322.88;54198.34;0.0;0.0;0.0;0.0;0.0;54245.01;0.0;0.0
20256;486769;2015-12-08;DAP;Q30;0;0;0;0;0.0;36520.39;36445.41;0.0;0.0;0.0;0.0;0.0;36476.79;0.0;0.0
20257;486770;2015-12-09;DAP;Z15;0;0;0;0;0.0;99836.62;99972.17;0.0;0.0;0.0;0.0;0.0;99967.64;0.0;0.0
20258;486771;2015-12-09;DAP;F16;0;0;0;0;0.0;99502.57;99777.25;0.0;0.0;0.0;0.0;0.0;99772.73;0.0;0.0
20259;486772;2015-12-09;DAP;G16;0;0;0;0;0.0;99201.31;99601.46;0.0;0.0;0.0;0.0;0.0;99596.95;0.0;0.0
20260;486773;2015-12-09;DAP;Q16;0;0;0;0;0.0;96117.33;96219.96;0.0;0.0;0.0;0.0;0.0;96215.6;0.0;0.0
20261;486774;2015-12-09;DAP;K17;2220;2220;0;0;0.0;91546.55;91676.34;0.0;0.0;0.0;0.0;0.0;91672.19;0.0;0.0
20262;486775;2015-12-09;DAP;Q18;1740;1740;0;0;0.0;83459.94;83641.31;0.0;0.0;0.0;0.0;0.0;83637.52;0.0;0.0
20263;486776;2015-12-09;DAP;K19;0;0;0;0;0.0;78404.2;78547.2;0.0;0.0;0.0;0.0;0.0;78543.64;0.0;0.0
20264;486777;2015-12-09;DAP;Q20;0;0;0;0;0.0;71635.49;71783.03;0.0;0.0;0.0;0.0;0.0;71779.78;0.0;0.0
20265;486778;2015-12-09;DAP;Q22;0;0;0;0;0.0;61822.71;62011.5;0.0;0.0;0.0;0.0;0.0;62008.69;0.0;0.0
20266;486779;2015-12-09;DAP;K23;0;0;0;0;0.0;58617.23;58808.33;0.0;0.0;0.0;0.0;0.0;58805.67;0.0;0.0
20267;486780;2015-12-09;DAP;K24;0;0;0;0;0.0;55067.05;55218.7;0.0;0.0;0.0;0.0;0.0;55216.2;0.0;0.0
20268;486781;2015-12-09;DAP;Q24;0;0;0;0;0.0;54198.34;54350.16;0.0;0.0;0.0;0.0;0.0;54347.7;0.0;0.0
20269;486782;2015-12-09;DAP;Q30;0;0;0;0;0.0;36445.41;36438.68;0.0;0.0;0.0;0.0;0.0;36437.03;0.0;0.0
20270;486783;2015-12-10;DAP;Z15;0;0;0;0;0.0;99972.17;99981.68;0.0;0.0;0.0;0.0;0.0;99976.9;0.0;0.0
20271;486784;2015-12-10;DAP;F16;0;0;0;0;0.0;99777.25;99787.51;0.0;0.0;0.0;0.0;0.0;99782.74;0.0;0.0
20272;486785;2015-12-10;DAP;G16;0;0;0;0;0.0;99601.46;99612.51;0.0;0.0;0.0;0.0;0.0;99607.75;0.0;0.0
20273;486786;2015-12-10;DAP;Q16;0;0;0;0;0.0;96219.96;96211.25;0.0;0.0;0.0;0.0;0.0;96206.65;0.0;0.0
20274;486787;2015-12-10;DAP;K17;2220;2220;0;0;0.0;91676.34;91540.76;0.0;0.0;0.0;0.0;0.0;91536.38;0.0;0.0
20275;486788;2015-12-10;DAP;Q18;1740;1740;0;0;0.0;83641.31;83269.21;0.0;0.0;0.0;0.0;0.0;83265.23;0.0;0.0
20276;486789;2015-12-10;DAP;K19;0;0;0;0;0.0;78547.2;78123.71;0.0;0.0;0.0;0.0;0.0;78119.98;0.0;0.0
20277;486790;2015-12-10;DAP;Q20;0;0;0;0;0.0;71783.03;71368.9;0.0;0.0;0.0;0.0;0.0;71365.49;0.0;0.0
20278;486791;2015-12-10;DAP;Q22;0;0;0;0;0.0;62011.5;61761.4;0.0;0.0;0.0;0.0;0.0;61758.45;0.0;0.0
20279;486792;2015-12-10;DAP;K23;0;0;0;0;0.0;58808.33;58583.24;0.0;0.0;0.0;0.0;0.0;58580.44;0.0;0.0
20280;486793;2015-12-10;DAP;K24;0;0;0;0;0.0;55218.7;55062.15;0.0;0.0;0.0;0.0;0.0;55059.52;0.0;0.0
20281;486794;2015-12-10;DAP;Q24;0;0;0;0;0.0;54350.16;54190.76;0.0;0.0;0.0;0.0;0.0;54188.17;0.0;0.0
20282;486795;2015-12-10;DAP;Q30;0;0;0;0;0.0;36438.68;36201.08;0.0;0.0;0.0;0.0;0.0;36199.35;0.0;0.0
20283;486796;2015-12-11;DAP;Z15;0;0;0;0;0.0;99981.68;99990.81;0.0;0.0;0.0;0.0;0.0;99986.23;0.0;0.0
20284;486797;2015-12-11;DAP;F16;0;0;0;0;0.0;99787.51;99797.24;0.0;0.0;0.0;0.0;0.0;99792.67;0.0;0.0
20285;486798;2015-12-11;DAP;G16;0;0;0;0;0.0;99612.51;99623.04;0.0;0.0;0.0;0.0;0.0;99618.48;0.0;0.0
20286;486799;2015-12-11;DAP;Q16;0;0;0;0;0.0;96211.25;96208.58;0.0;0.0;0.0;0.0;0.0;96204.17;0.0;0.0
20287;486800;2015-12-11;DAP;K17;2220;2220;0;0;0.0;91540.76;91526.98;0.0;0.0;0.0;0.0;0.0;91522.79;0.0;0.0
20288;486801;2015-12-11;DAP;Q18;1740;1740;0;0;0.0;83269.21;83312.46;0.0;0.0;0.0;0.0;0.0;83308.64;0.0;0.0
20289;486802;2015-12-11;DAP;K19;0;0;0;0;0.0;78123.71;78170.75;0.0;0.0;0.0;0.0;0.0;78167.17;0.0;0.0
20290;486803;2015-12-11;DAP;Q20;0;0;0;0;0.0;71368.9;71389.27;0.0;0.0;0.0;0.0;0.0;71386.0;0.0;0.0
20291;486804;2015-12-11;DAP;Q22;0;0;0;0;0.0;61761.4;61779.06;0.0;0.0;0.0;0.0;0.0;61776.23;0.0;0.0
20292;486805;2015-12-11;DAP;K23;0;0;0;0;0.0;58583.24;58559.75;0.0;0.0;0.0;0.0;0.0;58557.07;0.0;0.0
20293;486806;2015-12-11;DAP;K24;0;0;0;0;0.0;55062.15;55034.66;0.0;0.0;0.0;0.0;0.0;55032.14;0.0;0.0
20294;486807;2015-12-11;DAP;Q24;0;0;0;0;0.0;54190.76;54205.91;0.0;0.0;0.0;0.0;0.0;54203.43;0.0;0.0
20295;486808;2015-12-11;DAP;Q30;0;0;0;0;0.0;36201.08;36014.16;0.0;0.0;0.0;0.0;0.0;36012.51;0.0;0.0
20296;486809;2015-12-14;DAP;Z15;0;0;0;0;0.0;99990.81;100000.02;0.0;0.0;0.0;0.0;0.0;99995.42;0.0;0.0
20297;486810;2015-12-14;DAP;F16;0;0;0;0;0.0;99797.24;99807.97;0.0;0.0;0.0;0.0;0.0;99803.38;0.0;0.0
20298;486811;2015-12-14;DAP;G16;0;0;0;0;0.0;99623.04;99635.3;0.0;0.0;0.0;0.0;0.0;99630.72;0.0;0.0
20299;486812;2015-12-14;DAP;H16;0;0;0;0;0.0;0.0;99208.95;0.0;0.0;0.0;0.0;0.0;99204.39;0.0;0.0
20300;486813;2015-12-14;DAP;Q16;0;0;0;0;0.0;96208.58;96224.58;0.0;0.0;0.0;0.0;0.0;96220.15;0.0;0.0
20301;486814;2015-12-14;DAP;K17;2220;2220;0;0;0.0;91526.98;91513.62;0.0;0.0;0.0;0.0;0.0;91509.41;0.0;0.0
20302;486815;2015-12-14;DAP;Q18;1740;1740;0;0;0.0;83312.46;83273.25;0.0;0.0;0.0;0.0;0.0;83269.42;0.0;0.0
20303;486816;2015-12-14;DAP;K19;0;0;0;0;0.0;78170.75;78094.8;0.0;0.0;0.0;0.0;0.0;78091.21;0.0;0.0
20304;486817;2015-12-14;DAP;Q20;0;0;0;0;0.0;71389.27;71378.91;0.0;0.0;0.0;0.0;0.0;71375.63;0.0;0.0
20305;486818;2015-12-14;DAP;Q22;0;0;0;0;0.0;61779.06;61720.59;0.0;0.0;0.0;0.0;0.0;61717.75;0.0;0.0
20306;486819;2015-12-14;DAP;K23;0;0;0;0;0.0;58559.75;58496.29;0.0;0.0;0.0;0.0;0.0;58493.6;0.0;0.0
20307;486820;2015-12-14;DAP;K24;0;0;0;0;0.0;55034.66;54964.48;0.0;0.0;0.0;0.0;0.0;54961.95;0.0;0.0
20308;486821;2015-12-14;DAP;Q24;0;0;0;0;0.0;54205.91;54090.58;0.0;0.0;0.0;0.0;0.0;54088.09;0.0;0.0
20309;486822;2015-12-14;DAP;Q30;0;0;0;0;0.0;36014.16;35877.27;0.0;0.0;0.0;0.0;0.0;35875.62;0.0;0.0
20310;486823;2015-12-15;DAP;Z15;0;0;0;0;0.0;100000.02;;0.0;0.0;0.0;0.0;0.0;100000.0;0.0;0.0
20311;486824;2015-12-15;DAP;F16;0;0;0;0;0.0;99807.97;99821.93;0.0;0.0;0.0;0.0;0.0;99813.94;0.0;0.0
20312;486825;2015-12-15;DAP;G16;0;0;0;0;0.0;99635.3;99649.22;0.0;0.0;0.0;0.0;0.0;99641.25;0.0;0.0
20313;486826;2015-12-15;DAP;H16;0;0;0;0;0.0;99208.95;99222.78;0.0;0.0;0.0;0.0;0.0;99214.84;0.0;0.0
20314;486827;2015-12-15;DAP;Q16;0;0;0;0;0.0;96224.58;96219.83;0.0;0.0;0.0;0.0;0.0;96212.13;0.0;0.0
20315;486828;2015-12-15;DAP;K17;2220;2220;0;0;0.0;91513.62;91455.48;0.0;0.0;0.0;0.0;0.0;91448.16;0.0;0.0
20316;486829;2015-12-15;DAP;Q18;1740;1740;0;0;0.0;83273.25;83195.92;0.0;0.0;0.0;0.0;0.0;83189.26;0.0;0.0
20317;486830;2015-12-15;DAP;K19;0;0;0;0;0.0;78094.8;78120.08;0.0;0.0;0.0;0.0;0.0;78113.83;0.0;0.0
20318;486831;2015-12-15;DAP;Q20;0;0;0;0;0.0;71378.91;71401.88;0.0;0.0;0.0;0.0;0.0;71396.17;0.0;0.0
20319;486832;2015-12-15;DAP;Q22;0;0;0;0;0.0;61720.59;61740.49;0.0;0.0;0.0;0.0;0.0;61735.55;0.0;0.0
20320;486833;2015-12-15;DAP;K23;0;0;0;0;0.0;58496.29;58394.94;0.0;0.0;0.0;0.0;0.0;58390.27;0.0;0.0
20321;486834;2015-12-15;DAP;K24;0;0;0;0;0.0;54964.48;54853.59;0.0;0.0;0.0;0.0;0.0;54849.2;0.0;0.0
20322;486835;2015-12-15;DAP;Q24;0;0;0;0;0.0;54090.58;53977.46;0.0;0.0;0.0;0.0;0.0;53973.14;0.0;0.0
20323;486836;2015-12-15;DAP;Q30;0;0;0;0;0.0;35877.27;35645.08;0.0;0.0;0.0;0.0;0.0;35642.23;0.0;0.0
20324;486837;2015-12-16;DAP;F16;0;0;0;0;0.0;99821.93;99831.34;0.0;0.0;0.0;0.0;0.0;99823.56;0.0;0.0
20325;486838;2015-12-16;DAP;G16;0;0;0;0;0.0;99649.22;99659.47;0.0;0.0;0.0;0.0;0.0;99651.71;0.0;0.0
20326;486839;2015-12-16;DAP;H16;0;0;0;0;0.0;99222.78;99233.11;0.0;0.0;0.0;0.0;0.0;99225.38;0.0;0.0
20327;486840;2015-12-16;DAP;Q16;0;0;0;0;0.0;96219.83;96217.96;0.0;0.0;0.0;0.0;0.0;96210.47;0.0;0.0
20328;486841;2015-12-16;DAP;K17;2220;2220;0;0;0.0;91455.48;91418.54;0.0;0.0;0.0;0.0;0.0;91411.42;0.0;0.0
20329;486842;2015-12-16;DAP;Q18;1740;1740;0;0;0.0;83195.92;83218.66;0.0;0.0;0.0;0.0;0.0;83212.18;0.0;0.0
20330;486843;2015-12-16;DAP;K19;0;0;0;0;0.0;78120.08;78191.68;0.0;0.0;0.0;0.0;0.0;78185.59;0.0;0.0
20331;486844;2015-12-16;DAP;Q20;0;0;0;0;0.0;71401.88;71422.28;0.0;0.0;0.0;0.0;0.0;71416.72;0.0;0.0
20332;486845;2015-12-16;DAP;Q22;0;0;0;0;0.0;61740.49;61758.17;0.0;0.0;0.0;0.0;0.0;61753.36;0.0;0.0
20333;486846;2015-12-16;DAP;K23;0;0;0;0;0.0;58394.94;58451.76;0.0;0.0;0.0;0.0;0.0;58447.21;0.0;0.0
20334;486847;2015-12-16;DAP;K24;0;0;0;0;0.0;54853.59;54869.09;0.0;0.0;0.0;0.0;0.0;54864.82;0.0;0.0
20335;486848;2015-12-16;DAP;Q24;0;0;0;0;0.0;53977.46;53992.67;0.0;0.0;0.0;0.0;0.0;53988.46;0.0;0.0
20336;486849;2015-12-16;DAP;Q30;0;0;0;0;0.0;35645.08;35413.37;0.0;0.0;0.0;0.0;0.0;35410.61;0.0;0.0
20337;486850;2015-12-17;DAP;F16;0;0;0;0;0.0;99831.34;99842.61;0.0;0.0;0.0;0.0;0.0;99834.59;0.0;0.0
20338;486851;2015-12-17;DAP;G16;0;0;0;0;0.0;99659.47;99673.04;0.0;0.0;0.0;0.0;0.0;99665.04;0.0;0.0
20339;486852;2015-12-17;DAP;H16;0;0;0;0;0.0;99233.11;99250.71;0.0;0.0;0.0;0.0;0.0;99242.74;0.0;0.0
20340;486853;2015-12-17;DAP;Q16;0;0;0;0;0.0;96217.96;96252.48;0.0;0.0;0.0;0.0;0.0;96244.75;0.0;0.0
20341;486854;2015-12-17;DAP;K17;2220;2220;0;0;0.0;91418.54;91525.75;0.0;0.0;0.0;0.0;0.0;91518.4;0.0;0.0
20342;486855;2015-12-17;DAP;Q18;1740;1740;0;0;0.0;83218.66;83447.38;0.0;0.0;0.0;0.0;0.0;83440.68;0.0;0.0
20343;486856;2015-12-17;DAP;K19;0;0;0;0;0.0;78191.68;78559.26;0.0;0.0;0.0;0.0;0.0;78552.95;0.0;0.0
20344;486857;2015-12-17;DAP;Q20;0;0;0;0;0.0;71422.28;71845.08;0.0;0.0;0.0;0.0;0.0;71839.31;0.0;0.0
20345;486858;2015-12-17;DAP;Q22;0;0;0;0;0.0;61758.17;62119.86;0.0;0.0;0.0;0.0;0.0;62114.87;0.0;0.0
20346;486859;2015-12-17;DAP;K23;0;0;0;0;0.0;58451.76;58830.4;0.0;0.0;0.0;0.0;0.0;58825.68;0.0;0.0
20347;486860;2015-12-17;DAP;K24;0;0;0;0;0.0;54869.09;55227.74;0.0;0.0;0.0;0.0;0.0;55223.31;0.0;0.0
20348;486861;2015-12-17;DAP;Q24;0;0;0;0;0.0;53992.67;54356.06;0.0;0.0;0.0;0.0;0.0;54351.7;0.0;0.0
20349;486862;2015-12-17;DAP;Q30;0;0;0;0;0.0;35413.37;35519.89;0.0;0.0;0.0;0.0;0.0;35517.04;0.0;0.0
20350;486863;2015-12-18;DAP;F16;0;0;0;0;0.0;99842.61;99838.2;0.0;0.0;0.0;0.0;0.0;99845.38;0.0;0.0
20351;486864;2015-12-18;DAP;G16;0;0;0;0;0.0;99673.04;99670.96;0.0;0.0;0.0;0.0;0.0;99678.13;0.0;0.0
20352;486865;2015-12-18;DAP;H16;0;0;0;0;0.0;99250.71;99252.81;0.0;0.0;0.0;0.0;0.0;99259.95;0.0;0.0
20353;486866;2015-12-18;DAP;Q16;0;0;0;0;0.0;96252.48;96277.89;0.0;0.0;0.0;0.0;0.0;96284.81;0.0;0.0
20354;486867;2015-12-18;DAP;K17;2220;2220;0;0;0.0;91525.75;91558.8;0.0;0.0;0.0;0.0;0.0;91565.38;0.0;0.0
20355;486868;2015-12-18;DAP;Q18;1740;1740;0;0;0.0;83447.38;83519.09;0.0;0.0;0.0;0.0;0.0;83525.1;0.0;0.0
20356;486869;2015-12-18;DAP;K19;0;0;0;0;0.0;78559.26;78693.07;0.0;0.0;0.0;0.0;0.0;78698.73;0.0;0.0
20357;486870;2015-12-18;DAP;Q20;0;0;0;0;0.0;71845.08;71978.65;0.0;0.0;0.0;0.0;0.0;71983.83;0.0;0.0
20358;486871;2015-12-18;DAP;Q22;0;0;0;0;0.0;62119.86;62166.42;0.0;0.0;0.0;0.0;0.0;62170.89;0.0;0.0
20359;486872;2015-12-18;DAP;K23;0;0;0;0;0.0;58830.4;58838.27;0.0;0.0;0.0;0.0;0.0;58842.5;0.0;0.0
20360;486873;2015-12-18;DAP;K24;0;0;0;0;0.0;55227.74;55106.08;0.0;0.0;0.0;0.0;0.0;55110.04;0.0;0.0
20361;486874;2015-12-18;DAP;Q24;0;0;0;0;0.0;54356.06;54232.32;0.0;0.0;0.0;0.0;0.0;54236.22;0.0;0.0
20362;486875;2015-12-18;DAP;Q30;0;0;0;0;0.0;35519.89;35379.95;0.0;0.0;0.0;0.0;0.0;35382.49;0.0;0.0
20363;486876;2015-12-21;DAP;F16;0;0;0;0;0.0;99838.2;99859.31;0.0;0.0;0.0;0.0;0.0;99855.28;0.0;0.0
20364;486877;2015-12-21;DAP;G16;0;0;0;0;0.0;99670.96;99692.24;0.0;0.0;0.0;0.0;0.0;99688.21;0.0;0.0
20365;486878;2015-12-21;DAP;H16;0;0;0;0;0.0;99252.81;99274.5;0.0;0.0;0.0;0.0;0.0;99270.49;0.0;0.0
20366;486879;2015-12-21;DAP;Q16;0;0;0;0;0.0;96277.89;96281.55;0.0;0.0;0.0;0.0;0.0;96277.66;0.0;0.0
20367;486880;2015-12-21;DAP;K17;2220;2220;0;0;0.0;91558.8;91556.44;0.0;0.0;0.0;0.0;0.0;91552.74;0.0;0.0
20368;486881;2015-12-21;DAP;Q18;1740;1740;0;0;0.0;83519.09;83489.43;0.0;0.0;0.0;0.0;0.0;83486.06;0.0;0.0
20369;486882;2015-12-21;DAP;K19;0;0;0;0;0.0;78693.07;78724.1;0.0;0.0;0.0;0.0;0.0;78720.92;0.0;0.0
20370;486883;2015-12-21;DAP;Q20;0;0;0;0;0.0;71978.65;71913.89;0.0;0.0;0.0;0.0;0.0;71910.98;0.0;0.0
20371;486884;2015-12-21;DAP;Q22;0;0;0;0;0.0;62166.42;62152.81;0.0;0.0;0.0;0.0;0.0;62150.3;0.0;0.0
20372;486885;2015-12-21;DAP;K23;0;0;0;0;0.0;58838.27;58821.42;0.0;0.0;0.0;0.0;0.0;58819.04;0.0;0.0
20373;486886;2015-12-21;DAP;K24;0;0;0;0;0.0;55106.08;55042.17;0.0;0.0;0.0;0.0;0.0;55039.95;0.0;0.0
20374;486887;2015-12-21;DAP;Q24;0;0;0;0;0.0;54232.32;54123.33;0.0;0.0;0.0;0.0;0.0;54121.14;0.0;0.0
20375;486888;2015-12-21;DAP;Q30;0;0;0;0;0.0;35379.95;35393.91;0.0;0.0;0.0;0.0;0.0;35392.48;0.0;0.0
20376;486889;2015-12-22;DAP;F16;0;0;0;0;0.0;99859.31;99870.55;0.0;0.0;0.0;0.0;0.0;99866.27;0.0;0.0
20377;486890;2015-12-22;DAP;G16;0;0;0;0;0.0;99692.24;99706.56;0.0;0.0;0.0;0.0;0.0;99702.28;0.0;0.0
20378;486891;2015-12-22;DAP;H16;0;0;0;0;0.0;99274.5;99296.05;0.0;0.0;0.0;0.0;0.0;99291.79;0.0;0.0
20379;486892;2015-12-22;DAP;Q16;0;0;0;0;0.0;96281.55;96350.94;0.0;0.0;0.0;0.0;0.0;96346.81;0.0;0.0
20380;486893;2015-12-22;DAP;K17;2220;2220;0;0;0.0;91556.44;91686.72;0.0;0.0;0.0;0.0;0.0;91682.79;0.0;0.0
20381;486894;2015-12-22;DAP;Q18;1740;1740;0;0;0.0;83489.43;83635.57;0.0;0.0;0.0;0.0;0.0;83631.98;0.0;0.0
20382;486895;2015-12-22;DAP;K19;0;0;0;0;0.0;78724.1;78746.48;0.0;0.0;0.0;0.0;0.0;78743.1;0.0;0.0
20383;486896;2015-12-22;DAP;Q20;0;0;0;0;0.0;71913.89;71934.39;0.0;0.0;0.0;0.0;0.0;71931.3;0.0;0.0
20384;486897;2015-12-22;DAP;Q22;0;0;0;0;0.0;62152.81;62132.43;0.0;0.0;0.0;0.0;0.0;62129.76;0.0;0.0
20385;486898;2015-12-22;DAP;K23;0;0;0;0;0.0;58821.42;58798.16;0.0;0.0;0.0;0.0;0.0;58795.64;0.0;0.0
20386;486899;2015-12-22;DAP;K24;0;0;0;0;0.0;55042.17;55015.15;0.0;0.0;0.0;0.0;0.0;55012.79;0.0;0.0
20387;486900;2015-12-22;DAP;Q24;0;0;0;0;0.0;54123.33;54095.4;0.0;0.0;0.0;0.0;0.0;54093.08;0.0;0.0
20388;486901;2015-12-22;DAP;Q30;0;0;0;0;0.0;35393.91;35500.31;0.0;0.0;0.0;0.0;0.0;35498.79;0.0;0.0
20389;486902;2015-12-23;DAP;F16;0;0;0;0;0.0;99870.55;99880.47;0.0;0.0;0.0;0.0;0.0;99876.37;0.0;0.0
20390;486903;2015-12-23;DAP;G16;0;0;0;0;0.0;99706.56;99718.82;0.0;0.0;0.0;0.0;0.0;99714.72;0.0;0.0
20391;486904;2015-12-23;DAP;H16;0;0;0;0;0.0;99296.05;99314.77;0.0;0.0;0.0;0.0;0.0;99310.69;0.0;0.0
20392;486905;2015-12-23;DAP;Q16;0;0;0;0;0.0;96350.94;96396.15;0.0;0.0;0.0;0.0;0.0;96392.19;0.0;0.0
20393;486906;2015-12-23;DAP;K17;2220;2220;0;0;0.0;91686.72;91792.51;0.0;0.0;0.0;0.0;0.0;91788.74;0.0;0.0
20394;486907;2015-12-23;DAP;Q18;1740;1740;0;0;0.0;83635.57;83657.97;0.0;0.0;0.0;0.0;0.0;83654.53;0.0;0.0
20395;486908;2015-12-23;DAP;K19;0;0;0;0;0.0;78746.48;78768.54;0.0;0.0;0.0;0.0;0.0;78765.3;0.0;0.0
20396;486909;2015-12-23;DAP;Q20;0;0;0;0;0.0;71934.39;71954.59;0.0;0.0;0.0;0.0;0.0;71951.63;0.0;0.0
20397;486910;2015-12-23;DAP;Q22;0;0;0;0;0.0;62132.43;62150.05;0.0;0.0;0.0;0.0;0.0;62147.5;0.0;0.0
20398;486911;2015-12-23;DAP;K23;0;0;0;0;0.0;58798.16;58814.92;0.0;0.0;0.0;0.0;0.0;58812.5;0.0;0.0
20399;486912;2015-12-23;DAP;K24;0;0;0;0;0.0;55015.15;55030.68;0.0;0.0;0.0;0.0;0.0;55028.42;0.0;0.0
20400;486913;2015-12-23;DAP;Q24;0;0;0;0;0.0;54095.4;54110.63;0.0;0.0;0.0;0.0;0.0;54108.41;0.0;0.0
20401;486914;2015-12-23;DAP;Q30;0;0;0;0;0.0;35500.31;35510.25;0.0;0.0;0.0;0.0;0.0;35508.79;0.0;0.0
20402;486915;2015-12-28;DAP;F16;0;0;0;0;0.0;99884.57;99900.02;0.0;0.0;0.0;0.0;0.0;99895.88;0.0;0.0
20403;486916;2015-12-28;DAP;G16;0;0;0;0;0.0;99722.91;99741.81;0.0;0.0;0.0;0.0;0.0;99737.68;0.0;0.0
20404;486917;2015-12-28;DAP;H16;0;0;0;0;0.0;99318.84;99341.8;0.0;0.0;0.0;0.0;0.0;99337.69;0.0;0.0
20405;486918;2015-12-28;DAP;Q16;0;0;0;0;0.0;96400.1;96440.19;0.0;0.0;0.0;0.0;0.0;96436.2;0.0;0.0
20406;486919;2015-12-28;DAP;K17;2220;2220;0;0;0.0;91796.28;91861.51;0.0;0.0;0.0;0.0;0.0;91857.71;0.0;0.0
20407;486920;2015-12-28;DAP;Q18;1740;1740;0;0;0.0;83661.4;83826.13;0.0;0.0;0.0;0.0;0.0;83822.66;0.0;0.0
20408;486921;2015-12-28;DAP;K19;0;0;0;0;0.0;78771.77;79059.62;0.0;0.0;0.0;0.0;0.0;79056.35;0.0;0.0
20409;486922;2015-12-28;DAP;Q20;0;0;0;0;0.0;71957.54;72305.52;0.0;0.0;0.0;0.0;0.0;72302.53;0.0;0.0
20410;486923;2015-12-28;DAP;Q22;0;0;0;0;0.0;62152.6;62569.05;0.0;0.0;0.0;0.0;0.0;62566.46;0.0;0.0
20411;486924;2015-12-28;DAP;K23;0;0;0;0;0.0;58817.33;59171.2;0.0;0.0;0.0;0.0;0.0;59168.75;0.0;0.0
20412;486925;2015-12-28;DAP;K24;0;0;0;0;0.0;55032.94;55319.05;0.0;0.0;0.0;0.0;0.0;55316.76;0.0;0.0
20413;486926;2015-12-28;DAP;Q24;0;0;0;0;0.0;54112.85;54358.45;0.0;0.0;0.0;0.0;0.0;54356.2;0.0;0.0
20414;486927;2015-12-28;DAP;Q30;0;0;0;0;0.0;35511.71;35772.27;0.0;0.0;0.0;0.0;0.0;35770.79;0.0;0.0
20415;486928;2015-12-29;DAP;F16;0;0;0;0;0.0;99900.02;99908.97;0.0;0.0;0.0;0.0;0.0;99904.81;0.0;0.0
20416;486929;2015-12-29;DAP;G16;0;0;0;0;0.0;99741.81;99752.42;0.0;0.0;0.0;0.0;0.0;99748.27;0.0;0.0
20417;486930;2015-12-29;DAP;H16;0;0;0;0;0.0;99341.8;99356.27;0.0;0.0;0.0;0.0;0.0;99352.14;0.0;0.0
20418;486931;2015-12-29;DAP;Q16;0;0;0;0;0.0;96440.19;96456.51;0.0;0.0;0.0;0.0;0.0;96452.5;0.0;0.0
20419;486932;2015-12-29;DAP;K17;2220;2220;0;0;0.0;91861.51;91860.58;0.0;0.0;0.0;0.0;0.0;91856.76;0.0;0.0
20420;486933;2015-12-29;DAP;Q18;1740;1740;0;0;0.0;83826.13;83951.14;0.0;0.0;0.0;0.0;0.0;83947.65;0.0;0.0
20421;486934;2015-12-29;DAP;K19;0;0;0;0;0.0;79059.62;79180.48;0.0;0.0;0.0;0.0;0.0;79177.19;0.0;0.0
20422;486935;2015-12-29;DAP;Q20;0;0;0;0;0.0;72305.52;72450.18;0.0;0.0;0.0;0.0;0.0;72447.17;0.0;0.0
20423;486936;2015-12-29;DAP;Q22;0;0;0;0;0.0;62569.05;62740.8;0.0;0.0;0.0;0.0;0.0;62738.19;0.0;0.0
20424;486937;2015-12-29;DAP;K23;0;0;0;0;0.0;59171.2;59228.44;0.0;0.0;0.0;0.0;0.0;59225.98;0.0;0.0
20425;486938;2015-12-29;DAP;K24;0;0;0;0;0.0;55319.05;55377.62;0.0;0.0;0.0;0.0;0.0;55375.32;0.0;0.0
20426;486939;2015-12-29;DAP;Q24;0;0;0;0;0.0;54358.45;54417.29;0.0;0.0;0.0;0.0;0.0;54415.03;0.0;0.0
20427;486940;2015-12-29;DAP;Q30;0;0;0;0;0.0;35772.27;35830.91;0.0;0.0;0.0;0.0;0.0;35829.42;0.0;0.0
20428;486941;2015-12-30;DAP;F16;0;0;0;0;0.0;99908.97;99922.4;0.0;0.0;0.0;0.0;0.0;99914.02;0.0;0.0
20429;486942;2015-12-30;DAP;G16;0;0;0;0;0.0;99752.42;99767.08;0.0;0.0;0.0;0.0;0.0;99758.71;0.0;0.0
20430;486943;2015-12-30;DAP;H16;0;0;0;0;0.0;99356.27;99372.89;0.0;0.0;0.0;0.0;0.0;99364.55;0.0;0.0
20431;486944;2015-12-30;DAP;Q16;0;0;0;0;0.0;96456.51;96471.3;0.0;0.0;0.0;0.0;0.0;96463.21;0.0;0.0
20432;486945;2015-12-30;DAP;K17;2220;2220;0;0;0.0;91860.58;91887.15;0.0;0.0;0.0;0.0;0.0;91879.44;0.0;0.0
20433;486946;2015-12-30;DAP;Q18;1740;1740;0;0;0.0;83951.14;83915.49;0.0;0.0;0.0;0.0;0.0;83908.45;0.0;0.0
20434;486947;2015-12-30;DAP;K19;0;0;0;0;0.0;79180.48;79156.34;0.0;0.0;0.0;0.0;0.0;79149.7;0.0;0.0
20435;486948;2015-12-30;DAP;Q20;0;0;0;0;0.0;72450.18;72380.01;0.0;0.0;0.0;0.0;0.0;72373.94;0.0;0.0
20436;486949;2015-12-30;DAP;Q22;0;0;0;0;0.0;62740.8;62645.46;0.0;0.0;0.0;0.0;0.0;62640.2;0.0;0.0
20437;486950;2015-12-30;DAP;K23;0;0;0;0;0.0;59228.44;59247.73;0.0;0.0;0.0;0.0;0.0;59242.76;0.0;0.0
20438;486951;2015-12-30;DAP;K24;0;0;0;0;0.0;55377.62;55309.67;0.0;0.0;0.0;0.0;0.0;55305.03;0.0;0.0
20439;486952;2015-12-30;DAP;Q24;0;0;0;0;0.0;54417.29;54347.87;0.0;0.0;0.0;0.0;0.0;54343.31;0.0;0.0
20440;486953;2015-12-30;DAP;Q30;0;0;0;0;0.0;35830.91;35745.29;0.0;0.0;0.0;0.0;0.0;35742.29;0.0;0.0
