;id;time_stamp;contract;maturity_code;open_interest_open;open_interest_close;number_of_trades;trading_volume;financial_volume;previous_settlement;indexed_settlement;opening_price;minimum_price;maximum_price;average_price;last_price;settlement_price;last_bid;last_offer
105798;590977;2019-01-02;FRC;H19;;;35;56600;10828800803.0;;;3.31;3.28;3.31;3.28;3.28;3.28;0.0;0.0
105799;590978;2019-01-02;FRC;J19;;;26;44384;8481750564.0;;;3.13;3.07;3.13;3.08;3.07;3.07;0.0;0.0
105800;590979;2019-01-02;FRC;K19;;;3;418;79767775.0;;;3.2;3.13;3.2;3.13;3.13;3.13;0.0;0.0
105801;590980;2019-01-02;FRC;M19;;;1;80;15242050.0;;;3.23;3.23;3.23;3.23;3.23;3.17;0.0;0.0
105802;590981;2019-01-02;FRC;N19;;;17;20800;3957903791.0;;;3.29;3.23;3.29;3.24;3.23;3.23;0.0;3.23
105803;590982;2019-01-02;FRC;Q19;;;0;0;0.0;;;0.0;0.0;0.0;0.0;0.0;3.33;0.0;0.0
105804;590983;2019-01-02;FRC;U19;;;4;1188;225375295.0;;;3.31;3.31;3.31;3.31;3.31;3.31;0.0;0.0
105805;590984;2019-01-02;FRC;V19;;;13;3266;618624031.0;;;3.42;3.37;3.42;3.37;3.37;3.37;3.35;0.0
105806;590985;2019-01-02;FRC;X19;;;6;1242;234831125.0;;;3.48;3.46;3.48;3.46;3.46;3.46;0.0;0.0
105807;590986;2019-01-02;FRC;Z19;;;5;985;185958816.0;;;3.47;3.47;3.47;3.47;3.47;3.47;3.44;0.0
105808;590987;2019-01-02;FRC;F20;;;23;10179;1918847069.0;;;3.52;3.45;3.52;3.47;3.45;3.45;0.0;0.0
105809;590988;2019-01-02;FRC;J20;;;5;1607;301617053.0;;;3.57;3.49;3.57;3.49;3.49;3.49;0.0;0.0
105810;590989;2019-01-02;FRC;N20;;;9;1816;339272022.0;;;3.58;3.53;3.58;3.53;3.53;3.53;0.0;0.0
105811;590990;2019-01-02;FRC;V20;;;2;78;14501707.0;;;3.6;3.6;3.6;3.6;3.6;3.54;0.0;0.0
105812;590991;2019-01-02;FRC;F21;;;23;9252;1712830275.0;;;3.62;3.55;3.62;3.55;3.55;3.55;0.0;0.0
105813;590992;2019-01-02;FRC;J21;;;0;0;0.0;;;0.0;0.0;0.0;0.0;0.0;3.55;0.0;0.0
105814;590993;2019-01-02;FRC;N21;;;1;19;3484488.0;;;3.61;3.61;3.61;3.61;3.61;3.54;0.0;0.0
105815;590994;2019-01-02;FRC;V21;;;1;19;3468717.0;;;3.63;3.63;3.63;3.63;3.63;3.56;0.0;0.0
105816;590995;2019-01-02;FRC;F22;;;10;2072;376898022.0;;;3.64;3.56;3.64;3.58;3.56;3.56;0.0;0.0
105817;590996;2019-01-02;FRC;J22;;;0;0;0.0;;;0.0;0.0;0.0;0.0;0.0;3.57;0.0;0.0
105818;590997;2019-01-02;FRC;N22;;;0;0;0.0;;;0.0;0.0;0.0;0.0;0.0;3.62;0.0;0.0
105819;590998;2019-01-02;FRC;V22;;;0;0;0.0;;;0.0;0.0;0.0;0.0;0.0;3.59;0.0;0.0
105820;590999;2019-01-02;FRC;F23;;;8;2096;374282555.0;;;3.7;3.63;3.7;3.66;3.63;3.63;0.0;0.0
105821;591000;2019-01-02;FRC;J23;;;0;0;0.0;;;0.0;0.0;0.0;0.0;0.0;3.67;0.0;0.0
105822;591001;2019-01-02;FRC;N23;;;0;0;0.0;;;0.0;0.0;0.0;0.0;0.0;3.67;0.0;0.0
105823;591002;2019-01-02;FRC;V23;;;0;0;0.0;;;0.0;0.0;0.0;0.0;0.0;3.67;0.0;0.0
105824;591003;2019-01-02;FRC;F24;;;3;423;74126509.0;;;3.79;3.72;3.79;3.72;3.72;3.72;0.0;0.0
105825;591004;2019-01-02;FRC;N24;;;0;0;0.0;;;0.0;0.0;0.0;0.0;0.0;3.7;0.0;0.0
105826;591005;2019-01-02;FRC;F25;;;6;1051;180765413.0;;;3.83;3.78;3.83;3.78;3.78;3.78;0.0;0.0
105827;591006;2019-01-02;FRC;N25;;;0;0;0.0;;;0.0;0.0;0.0;0.0;0.0;3.85;0.0;0.0
105828;591007;2019-01-02;FRC;F26;;;1;36;6066229.0;;;3.94;3.94;3.94;3.94;3.94;3.84;0.0;0.0
105829;591008;2019-01-02;FRC;N26;;;0;0;0.0;;;0.0;0.0;0.0;0.0;0.0;3.97;0.0;0.0
105830;591009;2019-01-02;FRC;F27;;;2;579;95398363.0;;;4.05;4.05;4.05;4.05;4.05;3.92;0.0;0.0
105831;591010;2019-01-02;FRC;F28;;;0;0;0.0;;;0.0;0.0;0.0;0.0;0.0;4.1;0.0;0.0
105832;591011;2019-01-02;FRC;F29;;;0;0;0.0;;;0.0;0.0;0.0;0.0;0.0;4.21;0.0;0.0
105833;591012;2019-01-02;FRC;F30;;;0;0;0.0;;;0.0;0.0;0.0;0.0;0.0;4.26;0.0;0.0
105834;591013;2019-01-02;FRC;F31;;;0;0;0.0;;;0.0;0.0;0.0;0.0;0.0;4.32;0.0;0.0
105835;591189;2019-01-03;FRC;H19;;;67;105955;20073792920.0;;;3.3;3.3;3.45;3.41;3.44;3.44;3.44;3.45
105836;591190;2019-01-03;FRC;J19;;;16;9971;1886902349.0;;;3.1;3.1;3.16;3.15;3.16;3.16;3.16;0.0
105837;591191;2019-01-03;FRC;K19;;;4;2191;414033287.0;;;3.2;3.2;3.2;3.2;3.2;3.2;0.0;0.0
105838;591192;2019-01-03;FRC;M19;;;4;2985;563253352.0;;;3.22;3.22;3.22;3.22;3.22;3.22;0.0;0.0
105839;591193;2019-01-03;FRC;N19;;;18;14760;2781478080.0;;;3.23;3.23;3.3;3.25;3.25;3.25;3.22;3.28
105840;591194;2019-01-03;FRC;Q19;;;0;0;0.0;;;0.0;0.0;0.0;0.0;0.0;3.34;0.0;0.0
105841;591195;2019-01-03;FRC;U19;;;2;10102;1898030644.0;;;3.3;3.3;3.3;3.3;3.3;3.3;0.0;0.0
105842;591196;2019-01-03;FRC;V19;;;5;990;185728704.0;;;3.35;3.35;3.35;3.35;3.35;3.35;0.0;0.0
105843;591197;2019-01-03;FRC;X19;;;5;34160;6397382933.0;;;3.43;3.43;3.43;3.43;3.43;3.43;0.0;0.0
105844;591198;2019-01-03;FRC;Z19;;;6;5915;1106034654.0;;;3.45;3.45;3.45;3.45;3.45;3.45;0.0;0.0
105845;591199;2019-01-03;FRC;F20;;;27;25082;4682807280.0;;;3.45;3.45;3.47;3.46;3.46;3.47;0.0;0.0
105846;591200;2019-01-03;FRC;J20;;;0;0;0.0;;;0.0;0.0;0.0;0.0;0.0;3.49;0.0;0.0
105847;591201;2019-01-03;FRC;N20;;;8;3512;649966241.0;;;3.5;3.5;3.5;3.5;3.5;3.5;0.0;0.0
105848;591202;2019-01-03;FRC;V20;;;11;2718;500833810.0;;;3.5;3.5;3.5;3.5;3.5;3.5;0.0;0.0
105849;591203;2019-01-03;FRC;F21;;;18;8618;1580614750.0;;;3.55;3.52;3.55;3.52;3.52;3.52;0.0;0.0
105850;591204;2019-01-03;FRC;J21;;;5;965;176311671.0;;;3.5;3.5;3.5;3.5;3.5;3.5;0.0;0.0
105851;591205;2019-01-03;FRC;N21;;;4;768;139703863.0;;;3.51;3.51;3.51;3.51;3.51;3.51;0.0;0.0
105852;591206;2019-01-03;FRC;V21;;;0;0;0.0;;;0.0;0.0;0.0;0.0;0.0;3.53;0.0;0.0
105853;591207;2019-01-03;FRC;F22;;;7;1908;344016105.0;;;3.53;3.53;3.53;3.53;3.53;3.53;0.0;0.0
105854;591208;2019-01-03;FRC;J22;;;0;0;0.0;;;0.0;0.0;0.0;0.0;0.0;3.54;0.0;0.0
105855;591209;2019-01-03;FRC;N22;;;3;567;101282625.0;;;3.59;3.59;3.59;3.59;3.59;3.59;0.0;0.0
105856;591210;2019-01-03;FRC;V22;;;0;0;0.0;;;0.0;0.0;0.0;0.0;0.0;3.55;0.0;0.0
105857;591211;2019-01-03;FRC;F23;;;5;1877;332421070.0;;;3.59;3.59;3.59;3.59;3.59;3.59;0.0;0.0
105858;591212;2019-01-03;FRC;J23;;;0;0;0.0;;;0.0;0.0;0.0;0.0;0.0;3.62;0.0;0.0
105859;591213;2019-01-03;FRC;N23;;;0;0;0.0;;;0.0;0.0;0.0;0.0;0.0;3.61;0.0;0.0
105860;591214;2019-01-03;FRC;V23;;;0;0;0.0;;;0.0;0.0;0.0;0.0;0.0;3.61;0.0;0.0
105861;591215;2019-01-03;FRC;F24;;;8;1664;289402944.0;;;3.65;3.65;3.65;3.65;3.65;3.65;0.0;0.0
105862;591216;2019-01-03;FRC;N24;;;0;0;0.0;;;0.0;0.0;0.0;0.0;0.0;3.63;0.0;0.0
105863;591217;2019-01-03;FRC;F25;;;18;3415;582516671.0;;;3.8;3.72;3.8;3.74;3.72;3.72;3.72;0.0
105864;591218;2019-01-03;FRC;N25;;;0;0;0.0;;;0.0;0.0;0.0;0.0;0.0;3.79;0.0;0.0
105865;591219;2019-01-03;FRC;F26;;;0;0;0.0;;;0.0;0.0;0.0;0.0;0.0;3.78;0.0;0.0
105866;591220;2019-01-03;FRC;N26;;;0;0;0.0;;;0.0;0.0;0.0;0.0;0.0;3.91;0.0;0.0
105867;591221;2019-01-03;FRC;F27;;;1;176;28866030.0;;;3.9;3.9;3.9;3.9;3.9;3.86;0.0;0.0
105868;591222;2019-01-03;FRC;F28;;;0;0;0.0;;;0.0;0.0;0.0;0.0;0.0;4.04;0.0;0.0
105869;591223;2019-01-03;FRC;F29;;;0;0;0.0;;;0.0;0.0;0.0;0.0;0.0;4.15;0.0;0.0
105870;591224;2019-01-03;FRC;F30;;;2;168;25843502.0;;;4.21;4.21;4.21;4.21;4.21;4.2;0.0;0.0
105871;591225;2019-01-03;FRC;F31;;;0;0;0.0;;;0.0;0.0;0.0;0.0;0.0;4.26;0.0;0.0
105872;591400;2019-01-04;FRC;H19;;;20;40348;7514912314.0;;;3.46;3.46;3.5;3.47;3.48;3.48;3.48;3.5
105873;591401;2019-01-04;FRC;J19;;;68;30789;5727945661.0;;;3.19;3.17;3.22;3.19;3.2;3.2;3.18;3.2
105874;591402;2019-01-04;FRC;K19;;;9;4781;888183811.0;;;3.23;3.23;3.23;3.23;3.23;3.23;3.21;0.0
105875;591403;2019-01-04;FRC;M19;;;0;0;0.0;;;0.0;0.0;0.0;0.0;0.0;3.24;0.0;0.0
105876;591404;2019-01-04;FRC;N19;;;27;6756;1251573391.0;;;3.3;3.27;3.32;3.28;3.27;3.27;3.27;3.3
105877;591405;2019-01-04;FRC;Q19;;;6;2975;550317683.0;;;3.31;3.31;3.31;3.31;3.31;3.31;0.0;0.0
105878;591406;2019-01-04;FRC;U19;;;1;396;73143454.0;;;3.32;3.32;3.32;3.32;3.32;3.32;0.0;0.0
105879;591407;2019-01-04;FRC;V19;;;3;1187;218924394.0;;;3.36;3.36;3.36;3.36;3.36;3.36;0.0;0.0
105880;591408;2019-01-04;FRC;X19;;;9;32186;5926298172.0;;;3.42;3.42;3.42;3.42;3.42;3.42;0.0;0.0
105881;591409;2019-01-04;FRC;Z19;;;12;14983;2754163551.0;;;3.45;3.45;3.47;3.46;3.47;3.47;0.0;0.0
105882;591410;2019-01-04;FRC;F20;;;28;17462;3204795763.0;;;3.47;3.45;3.52;3.49;3.51;3.51;0.0;0.0
105883;591411;2019-01-04;FRC;J20;;;1;2353;430007719.0;;;3.49;3.49;3.49;3.49;3.49;3.54;0.0;0.0
105884;591412;2019-01-04;FRC;N20;;;8;5853;1064482402.0;;;3.56;3.56;3.56;3.56;3.56;3.56;0.0;0.0
105885;591413;2019-01-04;FRC;V20;;;0;0;0.0;;;0.0;0.0;0.0;0.0;0.0;3.56;0.0;0.0
105886;591414;2019-01-04;FRC;F21;;;19;5824;1049650591.0;;;3.52;3.52;3.59;3.57;3.59;3.59;0.0;0.0
105887;591415;2019-01-04;FRC;J21;;;0;0;0.0;;;0.0;0.0;0.0;0.0;0.0;3.57;0.0;0.0
105888;591416;2019-01-04;FRC;N21;;;0;0;0.0;;;0.0;0.0;0.0;0.0;0.0;3.59;0.0;0.0
105889;591417;2019-01-04;FRC;V21;;;0;0;0.0;;;0.0;0.0;0.0;0.0;0.0;3.61;0.0;0.0
105890;591418;2019-01-04;FRC;F22;;;4;760;134526985.0;;;3.62;3.62;3.62;3.62;3.62;3.62;0.0;0.0
105891;591419;2019-01-04;FRC;J22;;;0;0;0.0;;;0.0;0.0;0.0;0.0;0.0;3.62;0.0;0.0
105892;591420;2019-01-04;FRC;N22;;;0;0;0.0;;;0.0;0.0;0.0;0.0;0.0;3.66;0.0;0.0
105893;591421;2019-01-04;FRC;V22;;;0;0;0.0;;;0.0;0.0;0.0;0.0;0.0;3.61;0.0;0.0
105894;591422;2019-01-04;FRC;F23;;;6;2529;439894556.0;;;3.64;3.64;3.64;3.64;3.64;3.64;0.0;0.0
105895;591423;2019-01-04;FRC;J23;;;0;0;0.0;;;0.0;0.0;0.0;0.0;0.0;3.68;0.0;0.0
105896;591424;2019-01-04;FRC;N23;;;1;186;32059895.0;;;3.67;3.67;3.67;3.67;3.67;3.67;0.0;0.0
105897;591425;2019-01-04;FRC;V23;;;0;0;0.0;;;0.0;0.0;0.0;0.0;0.0;3.68;0.0;0.0
105898;591426;2019-01-04;FRC;F24;;;4;736;125553640.0;;;3.74;3.74;3.74;3.74;3.74;3.74;0.0;0.0
105899;591427;2019-01-04;FRC;N24;;;0;0;0.0;;;0.0;0.0;0.0;0.0;0.0;3.72;0.0;0.0
105900;591428;2019-01-04;FRC;F25;;;3;543;90868168.0;;;3.81;3.81;3.81;3.81;3.81;3.81;3.78;0.0
105901;591429;2019-01-04;FRC;N25;;;0;0;0.0;;;0.0;0.0;0.0;0.0;0.0;3.89;0.0;0.0
105902;591430;2019-01-04;FRC;F26;;;0;0;0.0;;;0.0;0.0;0.0;0.0;0.0;3.89;0.0;0.0
105903;591431;2019-01-04;FRC;N26;;;0;0;0.0;;;0.0;0.0;0.0;0.0;0.0;4.03;0.0;0.0
105904;591432;2019-01-04;FRC;F27;;;1;176;28291244.0;;;4.0;4.0;4.0;4.0;4.0;4.0;0.0;0.0
105905;591433;2019-01-04;FRC;F28;;;5;778;122120304.0;;;4.16;4.16;4.18;4.17;4.18;4.18;0.0;0.0
105906;591434;2019-01-04;FRC;F29;;;0;0;0.0;;;0.0;0.0;0.0;0.0;0.0;4.29;0.0;0.0
105907;591435;2019-01-04;FRC;F30;;;0;0;0.0;;;0.0;0.0;0.0;0.0;0.0;4.34;0.0;0.0
105908;591436;2019-01-04;FRC;F31;;;0;0;0.0;;;0.0;0.0;0.0;0.0;0.0;4.4;0.0;0.0
105909;591611;2019-01-07;FRC;H19;;;58;78092;14561916689.0;;;3.53;3.53;3.57;3.56;3.56;3.57;0.0;3.57
105910;591612;2019-01-07;FRC;J19;;;29;19739;3676361101.0;;;3.25;3.25;3.29;3.27;3.29;3.29;0.0;3.29
105911;591613;2019-01-07;FRC;K19;;;11;5178;962931207.0;;;3.3;3.3;3.36;3.35;3.36;3.36;3.32;3.36
105912;591614;2019-01-07;FRC;M19;;;19;10304;1913439481.0;;;3.3;3.3;3.34;3.33;3.34;3.34;0.0;0.0
105913;591615;2019-01-07;FRC;N19;;;32;26537;4921486895.0;;;3.3;3.3;3.34;3.33;3.34;3.34;3.33;3.36
105914;591616;2019-01-07;FRC;Q19;;;0;0;0.0;;;0.0;0.0;0.0;0.0;0.0;3.38;0.0;0.0
105915;591617;2019-01-07;FRC;U19;;;0;0;0.0;;;0.0;0.0;0.0;0.0;0.0;3.38;0.0;0.0
105916;591618;2019-01-07;FRC;V19;;;7;3956;730363582.0;;;3.42;3.42;3.42;3.42;3.42;3.42;0.0;0.0
105917;591619;2019-01-07;FRC;X19;;;3;1579;291047724.0;;;3.44;3.44;3.47;3.45;3.47;3.47;0.0;0.0
105918;591620;2019-01-07;FRC;Z19;;;17;7704;1417562093.0;;;3.5;3.5;3.52;3.51;3.52;3.52;0.0;0.0
105919;591621;2019-01-07;FRC;F20;;;22;15096;2773051374.0;;;3.52;3.52;3.57;3.56;3.56;3.56;3.55;3.56
105920;591622;2019-01-07;FRC;J20;;;10;3528;645102153.0;;;3.6;3.6;3.6;3.6;3.6;3.6;3.55;3.59
105921;591623;2019-01-07;FRC;N20;;;1;585;106478134.0;;;3.62;3.62;3.62;3.62;3.62;3.62;0.0;0.0
105922;591624;2019-01-07;FRC;V20;;;0;0;0.0;;;0.0;0.0;0.0;0.0;0.0;3.62;0.0;0.0
105923;591625;2019-01-07;FRC;F21;;;11;4099;739220411.0;;;3.6;3.6;3.65;3.63;3.65;3.65;3.6;0.0
105924;591626;2019-01-07;FRC;J21;;;0;0;0.0;;;0.0;0.0;0.0;0.0;0.0;3.63;0.0;0.0
105925;591627;2019-01-07;FRC;N21;;;0;0;0.0;;;0.0;0.0;0.0;0.0;0.0;3.65;0.0;0.0
105926;591628;2019-01-07;FRC;V21;;;0;0;0.0;;;0.0;0.0;0.0;0.0;0.0;3.67;0.0;0.0
105927;591629;2019-01-07;FRC;F22;;;2;380;67290455.0;;;3.68;3.68;3.68;3.68;3.68;3.68;0.0;0.0
105928;591630;2019-01-07;FRC;J22;;;0;0;0.0;;;0.0;0.0;0.0;0.0;0.0;3.68;0.0;0.0
105929;591631;2019-01-07;FRC;N22;;;2;378;66339555.0;;;3.71;3.71;3.71;3.71;3.71;3.71;0.0;0.0
105930;591632;2019-01-07;FRC;V22;;;0;0;0.0;;;0.0;0.0;0.0;0.0;0.0;3.67;0.0;0.0
105931;591633;2019-01-07;FRC;F23;;;13;4400;765693751.0;;;3.64;3.64;3.7;3.68;3.7;3.7;0.0;0.0
105932;591634;2019-01-07;FRC;J23;;;0;0;0.0;;;0.0;0.0;0.0;0.0;0.0;3.75;0.0;0.0
105933;591635;2019-01-07;FRC;N23;;;1;186;32055356.0;;;3.74;3.74;3.74;3.74;3.74;3.74;0.0;0.0
105934;591636;2019-01-07;FRC;V23;;;1;185;31734226.0;;;3.75;3.75;3.75;3.75;3.75;3.75;0.0;0.0
105935;591637;2019-01-07;FRC;F24;;;3;552;94199619.0;;;3.78;3.78;3.78;3.78;3.78;3.78;0.0;0.0
105936;591638;2019-01-07;FRC;N24;;;0;0;0.0;;;0.0;0.0;0.0;0.0;0.0;3.77;0.0;0.0
105937;591639;2019-01-07;FRC;F25;;;2;362;60607373.0;;;3.84;3.84;3.84;3.84;3.84;3.87;0.0;0.0
105938;591640;2019-01-07;FRC;N25;;;0;0;0.0;;;0.0;0.0;0.0;0.0;0.0;3.95;0.0;0.0
105939;591641;2019-01-07;FRC;F26;;;3;534;87543769.0;;;3.96;3.96;3.96;3.96;3.96;3.96;0.0;0.0
105940;591642;2019-01-07;FRC;N26;;;0;0;0.0;;;0.0;0.0;0.0;0.0;0.0;4.11;0.0;0.0
105941;591643;2019-01-07;FRC;F27;;;2;350;56107352.0;;;4.1;4.1;4.1;4.1;4.1;4.1;0.0;0.0
105942;591644;2019-01-07;FRC;F28;;;0;0;0.0;;;0.0;0.0;0.0;0.0;0.0;4.28;0.0;0.0
105943;591645;2019-01-07;FRC;F29;;;0;0;0.0;;;0.0;0.0;0.0;0.0;0.0;4.39;0.0;0.0
105944;591646;2019-01-07;FRC;F30;;;0;0;0.0;;;0.0;0.0;0.0;0.0;0.0;4.44;0.0;0.0
105945;591647;2019-01-07;FRC;F31;;;0;0;0.0;;;0.0;0.0;0.0;0.0;0.0;4.5;0.0;0.0
105946;591822;2019-01-08;FRC;H19;;;73;129639;23951933930.0;;;3.6;3.6;3.66;3.64;3.65;3.65;3.65;3.7
105947;591823;2019-01-08;FRC;J19;;;27;106907;19727603282.0;;;3.33;3.33;3.39;3.35;3.35;3.35;0.0;3.35
105948;591824;2019-01-08;FRC;K19;;;21;98242;18100765047.0;;;3.4;3.4;3.43;3.42;3.43;3.43;0.0;3.43
105949;591825;2019-01-08;FRC;M19;;;6;3977;731661168.0;;;3.41;3.41;3.41;3.41;3.41;3.41;0.0;0.0
105950;591826;2019-01-08;FRC;N19;;;23;26813;4926506099.0;;;3.36;3.36;3.42;3.4;3.42;3.42;3.38;3.44
105951;591827;2019-01-08;FRC;Q19;;;3;594;108974328.0;;;3.4;3.4;3.45;3.41;3.45;3.45;0.0;0.0
105952;591828;2019-01-08;FRC;U19;;;0;0;0.0;;;0.0;0.0;0.0;0.0;0.0;3.45;0.0;0.0
105953;591829;2019-01-08;FRC;V19;;;1;19771;3615888258.0;;;3.49;3.49;3.49;3.49;3.49;3.49;3.47;0.0
105954;591830;2019-01-08;FRC;X19;;;4;1183;215998333.0;;;3.53;3.53;3.53;3.53;3.53;3.53;0.0;0.0
105955;591831;2019-01-08;FRC;Z19;;;15;8077;1472224280.0;;;3.58;3.58;3.58;3.58;3.58;3.58;0.0;3.58
105956;591832;2019-01-08;FRC;F20;;;18;10720;1950639051.0;;;3.62;3.62;3.62;3.62;3.62;3.62;0.0;0.0
105957;591833;2019-01-08;FRC;J20;;;4;1372;248538096.0;;;3.63;3.63;3.63;3.63;3.63;3.63;0.0;3.65
105958;591834;2019-01-08;FRC;N20;;;7;2925;527397415.0;;;3.66;3.65;3.66;3.65;3.65;3.66;0.0;0.0
105959;591835;2019-01-08;FRC;V20;;;0;0;0.0;;;0.0;0.0;0.0;0.0;0.0;3.66;0.0;0.0
105960;591836;2019-01-08;FRC;F21;;;24;8544;1526168853.0;;;3.65;3.65;3.7;3.67;3.68;3.68;3.65;3.7
105961;591837;2019-01-08;FRC;J21;;;0;0;0.0;;;0.0;0.0;0.0;0.0;0.0;3.66;0.0;0.0
105962;591838;2019-01-08;FRC;N21;;;3;959;169805865.0;;;3.68;3.68;3.68;3.68;3.68;3.68;0.0;0.0
105963;591839;2019-01-08;FRC;V21;;;0;0;0.0;;;0.0;0.0;0.0;0.0;0.0;3.7;0.0;0.0
105964;591840;2019-01-08;FRC;F22;;;3;1330;233268580.0;;;3.71;3.71;3.71;3.71;3.71;3.71;0.0;0.0
105965;591841;2019-01-08;FRC;J22;;;3;567;99012608.0;;;3.71;3.71;3.71;3.71;3.71;3.71;0.0;0.0
105966;591842;2019-01-08;FRC;N22;;;0;0;0.0;;;0.0;0.0;0.0;0.0;0.0;3.74;0.0;0.0
105967;591843;2019-01-08;FRC;V22;;;0;0;0.0;;;0.0;0.0;0.0;0.0;0.0;3.71;0.0;0.0
105968;591844;2019-01-08;FRC;F23;;;8;1683;289873585.0;;;3.74;3.74;3.74;3.74;3.74;3.74;0.0;0.0
105969;591845;2019-01-08;FRC;J23;;;0;0;0.0;;;0.0;0.0;0.0;0.0;0.0;3.8;0.0;0.0
105970;591846;2019-01-08;FRC;N23;;;4;926;157920049.0;;;3.79;3.79;3.79;3.79;3.79;3.79;0.0;0.0
105971;591847;2019-01-08;FRC;V23;;;0;0;0.0;;;0.0;0.0;0.0;0.0;0.0;3.8;0.0;0.0
105972;591848;2019-01-08;FRC;F24;;;1;166;28063743.0;;;3.8;3.8;3.8;3.8;3.8;3.83;0.0;0.0
105973;591849;2019-01-08;FRC;N24;;;0;0;0.0;;;0.0;0.0;0.0;0.0;0.0;3.82;0.0;0.0
105974;591850;2019-01-08;FRC;F25;;;3;543;89924630.0;;;3.91;3.91;3.91;3.91;3.91;3.91;0.0;0.0
105975;591851;2019-01-08;FRC;N25;;;0;0;0.0;;;0.0;0.0;0.0;0.0;0.0;3.99;0.0;0.0
105976;591852;2019-01-08;FRC;F26;;;0;0;0.0;;;0.0;0.0;0.0;0.0;0.0;4.0;0.0;0.0
105977;591853;2019-01-08;FRC;N26;;;0;0;0.0;;;0.0;0.0;0.0;0.0;0.0;4.08;0.0;0.0
105978;591854;2019-01-08;FRC;F27;;;0;0;0.0;;;0.0;0.0;0.0;0.0;0.0;4.13;0.0;0.0
105979;591855;2019-01-08;FRC;F28;;;0;0;0.0;;;0.0;0.0;0.0;0.0;0.0;4.31;0.0;0.0
105980;591856;2019-01-08;FRC;F29;;;0;0;0.0;;;0.0;0.0;0.0;0.0;0.0;4.42;0.0;0.0
105981;591857;2019-01-08;FRC;F30;;;0;0;0.0;;;0.0;0.0;0.0;0.0;0.0;4.47;0.0;0.0
105982;591858;2019-01-08;FRC;F31;;;0;0;0.0;;;0.0;0.0;0.0;0.0;0.0;4.53;0.0;0.0
105983;592033;2019-01-09;FRC;H19;;;59;89594;16534231935.0;;;3.6;3.58;3.62;3.6;3.6;3.6;0.0;0.0
105984;592034;2019-01-09;FRC;J19;;;55;58117;10712188006.0;;;3.32;3.31;3.33;3.31;3.31;3.31;0.0;0.0
105985;592035;2019-01-09;FRC;K19;;;22;20948;3855166783.0;;;3.41;3.39;3.42;3.4;3.39;3.39;0.0;3.5
105986;592036;2019-01-09;FRC;M19;;;0;0;0.0;;;0.0;0.0;0.0;0.0;0.0;3.36;0.0;0.0
105987;592037;2019-01-09;FRC;N19;;;7;2782;510585602.0;;;3.38;3.37;3.38;3.37;3.37;3.37;0.0;0.0
105988;592038;2019-01-09;FRC;Q19;;;3;594;108848719.0;;;3.41;3.41;3.41;3.41;3.41;3.41;0.0;0.0
105989;592039;2019-01-09;FRC;U19;;;0;0;0.0;;;0.0;0.0;0.0;0.0;0.0;3.4;0.0;0.0
105990;592040;2019-01-09;FRC;V19;;;6;3756;686242372.0;;;3.44;3.44;3.44;3.44;3.44;3.44;0.0;0.0
105991;592041;2019-01-09;FRC;X19;;;2;1185;216139077.0;;;3.5;3.5;3.5;3.5;3.5;3.49;0.0;0.0
105992;592042;2019-01-09;FRC;Z19;;;17;19706;3588116467.0;;;3.55;3.55;3.74;3.55;3.55;3.55;0.0;0.0
105993;592043;2019-01-09;FRC;F20;;;17;17572;3194118391.0;;;3.57;3.57;3.61;3.59;3.59;3.61;3.55;3.6
105994;592044;2019-01-09;FRC;J20;;;9;2352;425638451.0;;;3.6;3.59;3.61;3.6;3.6;3.6;0.0;0.0
105995;592045;2019-01-09;FRC;N20;;;2;585;105366294.0;;;3.64;3.64;3.64;3.64;3.64;3.64;0.0;0.0
105996;592046;2019-01-09;FRC;V20;;;0;0;0.0;;;0.0;0.0;0.0;0.0;0.0;3.64;0.0;0.0
105997;592047;2019-01-09;FRC;F21;;;6;1933;344952824.0;;;3.65;3.65;3.65;3.65;3.65;3.65;3.6;3.65
105998;592048;2019-01-09;FRC;J21;;;2;386;68590575.0;;;3.66;3.66;3.66;3.66;3.66;3.66;0.0;0.0
105999;592049;2019-01-09;FRC;N21;;;1;192;33961777.0;;;3.67;3.67;3.67;3.67;3.67;3.67;0.0;0.0
106000;592050;2019-01-09;FRC;V21;;;0;0;0.0;;;0.0;0.0;0.0;0.0;0.0;3.68;0.0;0.0
106001;592051;2019-01-09;FRC;F22;;;4;1140;199791183.0;;;3.68;3.68;3.68;3.68;3.68;3.68;0.0;0.0
106002;592052;2019-01-09;FRC;J22;;;0;0;0.0;;;0.0;0.0;0.0;0.0;0.0;3.68;0.0;0.0
106003;592053;2019-01-09;FRC;N22;;;2;378;65666295.0;;;3.7;3.7;3.7;3.7;3.7;3.7;0.0;0.0
106004;592054;2019-01-09;FRC;V22;;;0;0;0.0;;;0.0;0.0;0.0;0.0;0.0;3.68;0.0;0.0
106005;592055;2019-01-09;FRC;F23;;;6;1309;225310625.0;;;3.71;3.71;3.71;3.71;3.71;3.71;0.0;0.0
106006;592056;2019-01-09;FRC;J23;;;0;0;0.0;;;0.0;0.0;0.0;0.0;0.0;3.78;0.0;0.0
106007;592057;2019-01-09;FRC;N23;;;0;0;0.0;;;0.0;0.0;0.0;0.0;0.0;3.78;0.0;0.0
106008;592058;2019-01-09;FRC;V23;;;0;0;0.0;;;0.0;0.0;0.0;0.0;0.0;3.79;0.0;0.0
106009;592059;2019-01-09;FRC;F24;;;6;1288;217301910.0;;;3.83;3.83;3.83;3.83;3.83;3.83;0.0;0.0
106010;592060;2019-01-09;FRC;N24;;;0;0;0.0;;;0.0;0.0;0.0;0.0;0.0;3.89;0.0;0.0
106011;592061;2019-01-09;FRC;F25;;;0;0;0.0;;;0.0;0.0;0.0;0.0;0.0;3.98;0.0;4.0
106012;592062;2019-01-09;FRC;N25;;;0;0;0.0;;;0.0;0.0;0.0;0.0;0.0;4.06;0.0;0.0
106013;592063;2019-01-09;FRC;F26;;;0;0;0.0;;;0.0;0.0;0.0;0.0;0.0;4.06;0.0;4.1
106014;592064;2019-01-09;FRC;N26;;;0;0;0.0;;;0.0;0.0;0.0;0.0;0.0;4.14;0.0;0.0
106015;592065;2019-01-09;FRC;F27;;;0;0;0.0;;;0.0;0.0;0.0;0.0;0.0;4.18;0.0;4.25
106016;592066;2019-01-09;FRC;F28;;;0;0;0.0;;;0.0;0.0;0.0;0.0;0.0;4.35;0.0;4.35
106017;592067;2019-01-09;FRC;F29;;;0;0;0.0;;;0.0;0.0;0.0;0.0;0.0;4.45;0.0;0.0
106018;592068;2019-01-09;FRC;F30;;;2;334;49447248.0;;;4.49;4.49;4.5;4.49;4.5;4.49;0.0;0.0
106019;592069;2019-01-09;FRC;F31;;;0;0;0.0;;;0.0;0.0;0.0;0.0;0.0;4.55;0.0;0.0
106020;592244;2019-01-10;FRC;H19;;;31;30038;5538161164.0;;;3.58;3.58;3.72;3.7;3.72;3.72;3.72;3.75
106021;592245;2019-01-10;FRC;J19;;;15;83587;15391889231.0;;;3.34;3.34;3.4;3.39;3.4;3.4;3.38;3.45
106022;592246;2019-01-10;FRC;K19;;;308;13387;2461410047.0;;;3.41;3.41;3.46;3.43;3.46;3.46;0.0;0.0
106023;592247;2019-01-10;FRC;M19;;;1;1392;255554034.0;;;3.43;3.43;3.43;3.43;3.43;3.43;0.0;0.0
106024;592248;2019-01-10;FRC;N19;;;110;15266;2799050698.0;;;3.37;3.37;3.44;3.41;3.44;3.44;3.42;3.44
106025;592249;2019-01-10;FRC;Q19;;;2;2974;544430007.0;;;3.45;3.45;3.46;3.45;3.46;3.45;0.0;0.0
106026;592250;2019-01-10;FRC;U19;;;7;2178;398116846.0;;;3.44;3.44;3.45;3.44;3.45;3.45;0.0;0.0
106027;592251;2019-01-10;FRC;V19;;;1;1977;360852980.0;;;3.47;3.47;3.47;3.47;3.47;3.49;3.49;0.0
106028;592252;2019-01-10;FRC;X19;;;4;3158;575382469.0;;;3.55;3.55;3.55;3.55;3.55;3.55;0.0;0.0
106029;592253;2019-01-10;FRC;Z19;;;8;36844;6700740945.0;;;3.62;3.62;3.62;3.62;3.62;3.62;0.0;0.0
106030;592254;2019-01-10;FRC;F20;;;23;15479;2810318822.0;;;3.62;3.62;3.68;3.65;3.68;3.68;0.0;3.68
106031;592255;2019-01-10;FRC;J20;;;3;588;106278827.0;;;3.66;3.66;3.66;3.66;3.66;3.66;3.66;0.0
106032;592256;2019-01-10;FRC;N20;;;11;2731;491338731.0;;;3.65;3.65;3.68;3.67;3.68;3.68;3.65;0.0
106033;592257;2019-01-10;FRC;V20;;;3;776;138966642.0;;;3.68;3.68;3.68;3.68;3.68;3.68;0.0;0.0
106034;592258;2019-01-10;FRC;F21;;;12;6573;1171711116.0;;;3.65;3.65;3.7;3.67;3.7;3.7;3.68;0.0
106035;592259;2019-01-10;FRC;J21;;;2;230;40805752.0;;;3.7;3.7;3.7;3.7;3.7;3.7;0.0;0.0
106036;592260;2019-01-10;FRC;N21;;;6;1343;237286376.0;;;3.69;3.69;3.69;3.69;3.69;3.69;3.69;0.0
106037;592261;2019-01-10;FRC;V21;;;0;0;0.0;;;0.0;0.0;0.0;0.0;0.0;3.72;0.0;0.0
106038;592262;2019-01-10;FRC;F22;;;2;570;99725937.0;;;3.74;3.74;3.74;3.74;3.74;3.74;3.72;0.0
106039;592263;2019-01-10;FRC;J22;;;0;0;0.0;;;0.0;0.0;0.0;0.0;0.0;3.74;0.0;0.0
106040;592264;2019-01-10;FRC;N22;;;0;0;0.0;;;0.0;0.0;0.0;0.0;0.0;3.76;3.74;3.77
106041;592265;2019-01-10;FRC;V22;;;0;0;0.0;;;0.0;0.0;0.0;0.0;0.0;3.74;0.0;0.0
106042;592266;2019-01-10;FRC;F23;;;6;1122;192749838.0;;;3.77;3.77;3.77;3.77;3.77;3.77;3.75;0.0
106043;592267;2019-01-10;FRC;J23;;;1;186;31785024.0;;;3.81;3.81;3.81;3.81;3.81;3.81;0.0;0.0
106044;592268;2019-01-10;FRC;N23;;;0;0;0.0;;;0.0;0.0;0.0;0.0;0.0;3.85;0.0;0.0
106045;592269;2019-01-10;FRC;V23;;;1;185;31309903.0;;;3.86;3.86;3.86;3.86;3.86;3.86;0.0;0.0
106046;592270;2019-01-10;FRC;F24;;;5;920;154915919.0;;;3.88;3.88;3.88;3.88;3.88;3.88;0.0;0.0
106047;592271;2019-01-10;FRC;N24;;;0;0;0.0;;;0.0;0.0;0.0;0.0;0.0;3.94;0.0;0.0
106048;592272;2019-01-10;FRC;F25;;;0;0;0.0;;;0.0;0.0;0.0;0.0;0.0;4.03;0.0;4.05
106049;592273;2019-01-10;FRC;N25;;;0;0;0.0;;;0.0;0.0;0.0;0.0;0.0;4.11;0.0;0.0
106050;592274;2019-01-10;FRC;F26;;;0;0;0.0;;;0.0;0.0;0.0;0.0;0.0;4.11;0.0;0.0
106051;592275;2019-01-10;FRC;N26;;;0;0;0.0;;;0.0;0.0;0.0;0.0;0.0;4.19;0.0;0.0
106052;592276;2019-01-10;FRC;F27;;;0;0;0.0;;;0.0;0.0;0.0;0.0;0.0;4.23;0.0;0.0
106053;592277;2019-01-10;FRC;F28;;;0;0;0.0;;;0.0;0.0;0.0;0.0;0.0;4.4;0.0;0.0
106054;592278;2019-01-10;FRC;F29;;;0;0;0.0;;;0.0;0.0;0.0;0.0;0.0;4.5;0.0;0.0
106055;592279;2019-01-10;FRC;F30;;;0;0;0.0;;;0.0;0.0;0.0;0.0;0.0;4.54;0.0;0.0
106056;592280;2019-01-10;FRC;F31;;;0;0;0.0;;;0.0;0.0;0.0;0.0;0.0;4.6;0.0;0.0
106057;592455;2019-01-11;FRC;H19;;;89;147389;27153145718.0;;;3.72;3.72;3.83;3.77;3.75;3.75;0.0;0.0
106058;592456;2019-01-11;FRC;J19;;;8;10169;1871062560.0;;;3.48;3.43;3.48;3.44;3.43;3.43;0.0;3.45
106059;592457;2019-01-11;FRC;K19;;;3;995;182793568.0;;;3.49;3.49;3.49;3.49;3.49;3.51;3.46;3.5
106060;592458;2019-01-11;FRC;M19;;;7;1989;364836921.0;;;3.5;3.5;3.5;3.5;3.5;3.5;0.0;3.5
106061;592459;2019-01-11;FRC;N19;;;45;33860;6202594950.0;;;3.46;3.46;3.52;3.49;3.49;3.49;0.0;0.0
106062;592460;2019-01-11;FRC;Q19;;;0;0;0.0;;;0.0;0.0;0.0;0.0;0.0;3.5;0.0;3.5
106063;592461;2019-01-11;FRC;U19;;;0;0;0.0;;;0.0;0.0;0.0;0.0;0.0;3.49;0.0;0.0
106064;592462;2019-01-11;FRC;V19;;;7;29377;5357290774.0;;;3.49;3.49;3.55;3.51;3.55;3.53;0.0;0.0
106065;592463;2019-01-11;FRC;X19;;;8;2366;430691830.0;;;3.58;3.57;3.6;3.58;3.6;3.59;3.59;3.6
106066;592464;2019-01-11;FRC;Z19;;;14;8275;1503701644.0;;;3.6;3.6;3.67;3.64;3.67;3.67;0.0;3.67
106067;592465;2019-01-11;FRC;F20;;;27;32610;5915215256.0;;;3.68;3.68;3.7;3.69;3.7;3.7;3.67;3.7
106068;592466;2019-01-11;FRC;J20;;;7;2350;424331811.0;;;3.7;3.7;3.7;3.7;3.7;3.7;3.68;0.0
106069;592467;2019-01-11;FRC;N20;;;5;1170;210305695.0;;;3.69;3.69;3.7;3.69;3.7;3.7;0.0;0.0
106070;592468;2019-01-11;FRC;V20;;;6;1164;208264777.0;;;3.73;3.69;3.73;3.69;3.69;3.69;0.0;0.0
106071;592469;2019-01-11;FRC;F21;;;8;2900;516443956.0;;;3.7;3.7;3.7;3.7;3.7;3.7;0.0;0.0
106072;592470;2019-01-11;FRC;J21;;;1;192;34041242.0;;;3.7;3.7;3.7;3.7;3.7;3.7;0.0;0.0
106073;592471;2019-01-11;FRC;N21;;;0;0;0.0;;;0.0;0.0;0.0;0.0;0.0;3.69;0.0;0.0
106074;592472;2019-01-11;FRC;V21;;;0;0;0.0;;;0.0;0.0;0.0;0.0;0.0;3.72;0.0;0.0
106075;592473;2019-01-11;FRC;F22;;;6;1140;199304436.0;;;3.74;3.74;3.74;3.74;3.74;3.74;0.0;0.0
106076;592474;2019-01-11;FRC;J22;;;3;567;98706605.0;;;3.73;3.73;3.73;3.73;3.73;3.73;0.0;0.0
106077;592475;2019-01-11;FRC;N22;;;0;0;0.0;;;0.0;0.0;0.0;0.0;0.0;3.75;0.0;0.0
106078;592476;2019-01-11;FRC;V22;;;0;0;0.0;;;0.0;0.0;0.0;0.0;0.0;3.76;0.0;0.0
106079;592477;2019-01-11;FRC;F23;;;7;1870;321067972.0;;;3.76;3.76;3.76;3.76;3.76;3.76;3.75;0.0
106080;592478;2019-01-11;FRC;J23;;;3;558;95319473.0;;;3.79;3.79;3.79;3.79;3.79;3.79;0.0;0.0
106081;592479;2019-01-11;FRC;N23;;;0;0;0.0;;;0.0;0.0;0.0;0.0;0.0;3.84;0.0;0.0
106082;592480;2019-01-11;FRC;V23;;;2;370;62586159.0;;;3.85;3.85;3.85;3.85;3.85;3.85;0.0;0.0
106083;592481;2019-01-11;FRC;F24;;;1;184;30966777.0;;;3.87;3.87;3.87;3.87;3.87;3.87;0.0;0.0
106084;592482;2019-01-11;FRC;N24;;;0;0;0.0;;;0.0;0.0;0.0;0.0;0.0;3.93;0.0;0.0
106085;592483;2019-01-11;FRC;F25;;;3;361;59400880.0;;;4.08;4.01;4.08;4.04;4.01;4.01;0.0;0.0
106086;592484;2019-01-11;FRC;N25;;;0;0;0.0;;;0.0;0.0;0.0;0.0;0.0;4.1;0.0;0.0
106087;592485;2019-01-11;FRC;F26;;;2;356;57445059.0;;;4.1;4.1;4.1;4.1;4.1;4.1;0.0;0.0
106088;592486;2019-01-11;FRC;N26;;;0;0;0.0;;;0.0;0.0;0.0;0.0;0.0;4.18;0.0;0.0
106089;592487;2019-01-11;FRC;F27;;;3;525;82831466.0;;;4.23;4.23;4.23;4.23;4.23;4.23;0.0;0.0
106090;592488;2019-01-11;FRC;F28;;;2;344;53002821.0;;;4.38;4.38;4.38;4.38;4.38;4.38;0.0;0.0
106091;592489;2019-01-11;FRC;F29;;;0;0;0.0;;;0.0;0.0;0.0;0.0;0.0;4.48;0.0;0.0
106092;592490;2019-01-11;FRC;F30;;;0;0;0.0;;;0.0;0.0;0.0;0.0;0.0;4.52;0.0;0.0
106093;592491;2019-01-11;FRC;F31;;;0;0;0.0;;;0.0;0.0;0.0;0.0;0.0;4.58;0.0;0.0
106094;592666;2019-01-14;FRC;H19;;;73;132807;24501813113.0;;;3.76;3.7;3.77;3.73;3.71;3.73;3.7;3.73
106095;592667;2019-01-14;FRC;J19;;;15;15156;2792637574.0;;;3.43;3.4;3.43;3.41;3.41;3.41;0.0;0.0
106096;592668;2019-01-14;FRC;K19;;;23;11548;2124537851.0;;;3.47;3.47;3.47;3.47;3.47;3.47;0.0;0.0
106097;592669;2019-01-14;FRC;M19;;;5;1194;219325644.0;;;3.48;3.48;3.48;3.48;3.48;3.48;0.0;0.0
106098;592670;2019-01-14;FRC;N19;;;28;22703;4164732345.0;;;3.52;3.47;3.52;3.47;3.47;3.47;3.45;3.5
106099;592671;2019-01-14;FRC;Q19;;;4;2578;472215267.0;;;3.48;3.48;3.48;3.48;3.48;3.48;0.0;0.0
106100;592672;2019-01-14;FRC;U19;;;7;4554;832886511.0;;;3.48;3.48;3.48;3.48;3.48;3.48;0.0;0.0
106101;592673;2019-01-14;FRC;V19;;;11;12272;2240106326.0;;;3.7;3.51;3.7;3.63;3.51;3.51;3.51;0.0
106102;592674;2019-01-14;FRC;X19;;;7;5152;939210352.0;;;3.58;3.57;3.58;3.57;3.57;3.57;0.0;0.0
106103;592675;2019-01-14;FRC;Z19;;;16;27641;5029771343.0;;;3.67;3.62;3.67;3.64;3.62;3.63;0.0;3.65
106104;592676;2019-01-14;FRC;F20;;;44;73384;13331006519.0;;;3.7;3.65;3.7;3.67;3.65;3.65;3.64;0.0
106105;592677;2019-01-14;FRC;J20;;;8;4505;814832392.0;;;3.65;3.65;3.65;3.65;3.65;3.65;0.0;0.0
106106;592678;2019-01-14;FRC;N20;;;3;1365;245782635.0;;;3.65;3.65;3.65;3.65;3.65;3.65;0.0;0.0
106107;592679;2019-01-14;FRC;V20;;;6;2135;382657174.0;;;3.66;3.66;3.66;3.66;3.66;3.66;0.0;0.0
106108;592680;2019-01-14;FRC;F21;;;24;19128;3411277315.0;;;3.71;3.66;3.71;3.69;3.67;3.66;3.65;0.0
106109;592681;2019-01-14;FRC;J21;;;1;193;34280467.0;;;3.68;3.68;3.68;3.68;3.68;3.68;0.0;0.0
106110;592682;2019-01-14;FRC;N21;;;0;0;0.0;;;0.0;0.0;0.0;0.0;0.0;3.67;0.0;0.0
106111;592683;2019-01-14;FRC;V21;;;0;0;0.0;;;0.0;0.0;0.0;0.0;0.0;3.7;0.0;0.0
106112;592684;2019-01-14;FRC;F22;;;2;380;66545290.0;;;3.72;3.72;3.72;3.72;3.72;3.72;0.0;0.0
106113;592685;2019-01-14;FRC;J22;;;0;0;0.0;;;0.0;0.0;0.0;0.0;0.0;3.71;0.0;0.0
106114;592686;2019-01-14;FRC;N22;;;1;189;32805109.0;;;3.74;3.74;3.74;3.74;3.74;3.74;0.0;0.0
106115;592687;2019-01-14;FRC;V22;;;2;376;64928686.0;;;3.77;3.77;3.77;3.77;3.77;3.77;0.0;0.0
106116;592688;2019-01-14;FRC;F23;;;11;3366;578779768.0;;;3.76;3.75;3.76;3.75;3.75;3.75;0.0;0.0
106117;592689;2019-01-14;FRC;J23;;;0;0;0.0;;;0.0;0.0;0.0;0.0;0.0;3.76;0.0;0.0
106118;592690;2019-01-14;FRC;N23;;;1;185;31502597.0;;;3.79;3.79;3.79;3.79;3.79;3.79;0.0;0.0
106119;592691;2019-01-14;FRC;V23;;;0;0;0.0;;;0.0;0.0;0.0;0.0;0.0;3.8;0.0;0.0
106120;592692;2019-01-14;FRC;F24;;;0;0;0.0;;;0.0;0.0;0.0;0.0;0.0;3.82;3.82;0.0
106121;592693;2019-01-14;FRC;N24;;;0;0;0.0;;;0.0;0.0;0.0;0.0;0.0;3.88;0.0;0.0
106122;592694;2019-01-14;FRC;F25;;;2;362;59791004.0;;;3.96;3.96;3.96;3.96;3.96;3.96;0.0;0.0
106123;592695;2019-01-14;FRC;N25;;;0;0;0.0;;;0.0;0.0;0.0;0.0;0.0;4.06;0.0;0.0
106124;592696;2019-01-14;FRC;F26;;;0;0;0.0;;;0.0;0.0;0.0;0.0;0.0;4.07;0.0;0.0
106125;592697;2019-01-14;FRC;N26;;;0;0;0.0;;;0.0;0.0;0.0;0.0;0.0;4.16;0.0;0.0
106126;592698;2019-01-14;FRC;F27;;;4;699;110408651.0;;;4.23;4.23;4.23;4.23;4.23;4.23;0.0;0.0
106127;592699;2019-01-14;FRC;F28;;;0;0;0.0;;;0.0;0.0;0.0;0.0;0.0;4.38;0.0;0.0
106128;592700;2019-01-14;FRC;F29;;;0;0;0.0;;;0.0;0.0;0.0;0.0;0.0;4.48;0.0;0.0
106129;592701;2019-01-14;FRC;F30;;;0;0;0.0;;;0.0;0.0;0.0;0.0;0.0;4.52;0.0;0.0
106130;592702;2019-01-14;FRC;F31;;;0;0;0.0;;;0.0;0.0;0.0;0.0;0.0;4.58;0.0;0.0
106131;592878;2019-01-15;FRC;H19;;;43;63114;11712726605.0;;;3.8;3.77;3.8;3.78;3.78;3.79;0.0;0.0
106132;592879;2019-01-15;FRC;J19;;;21;15352;2845416367.0;;;3.45;3.45;3.45;3.45;3.45;3.45;0.0;0.0
106133;592880;2019-01-15;FRC;K19;;;10;10953;2026938162.0;;;3.5;3.5;3.5;3.5;3.5;3.5;0.0;0.0
106134;592881;2019-01-15;FRC;M19;;;0;0;0.0;;;0.0;0.0;0.0;0.0;0.0;3.5;0.0;0.0
106135;592882;2019-01-15;FRC;N19;;;16;11955;2206003589.0;;;3.5;3.49;3.5;3.49;3.49;3.49;3.46;3.51
106136;592883;2019-01-15;FRC;Q19;;;8;3571;657935524.0;;;3.49;3.49;3.51;3.5;3.51;3.51;0.0;0.0
106137;592884;2019-01-15;FRC;U19;;;2;396;72847719.0;;;3.51;3.51;3.51;3.51;3.51;3.51;0.0;0.0
106138;592885;2019-01-15;FRC;V19;;;27;14037;2578429218.0;;;3.55;3.53;3.55;3.53;3.53;3.53;0.0;3.55
106139;592886;2019-01-15;FRC;X19;;;9;2761;506300574.0;;;3.58;3.58;3.58;3.58;3.58;3.58;0.0;0.0
106140;592887;2019-01-15;FRC;Z19;;;16;34579;6330281724.0;;;3.65;3.62;3.65;3.62;3.62;3.62;3.6;3.65
106141;592888;2019-01-15;FRC;F20;;;45;74158;13553018381.0;;;3.66;3.64;3.67;3.65;3.64;3.64;3.63;3.66
106142;592889;2019-01-15;FRC;J20;;;2;431;78419080.0;;;3.65;3.65;3.65;3.65;3.65;3.65;0.0;0.0
106143;592890;2019-01-15;FRC;N20;;;3;1170;211905710.0;;;3.66;3.66;3.66;3.66;3.66;3.66;0.0;0.0
106144;592891;2019-01-15;FRC;V20;;;4;640;115385172.0;;;3.66;3.66;3.66;3.66;3.66;3.66;0.0;0.0
106145;592892;2019-01-15;FRC;F21;;;26;36516;6552202215.0;;;3.68;3.66;3.68;3.67;3.66;3.66;0.0;0.0
106146;592893;2019-01-15;FRC;J21;;;0;0;0.0;;;0.0;0.0;0.0;0.0;0.0;3.68;0.0;0.0
106147;592894;2019-01-15;FRC;N21;;;1;383;68117601.0;;;3.68;3.68;3.68;3.68;3.68;3.68;0.0;0.0
106148;592895;2019-01-15;FRC;V21;;;0;0;0.0;;;0.0;0.0;0.0;0.0;0.0;3.7;0.0;0.0
106149;592896;2019-01-15;FRC;F22;;;7;1520;267795933.0;;;3.71;3.71;3.71;3.71;3.71;3.71;3.7;0.0
106150;592897;2019-01-15;FRC;J22;;;0;0;0.0;;;0.0;0.0;0.0;0.0;0.0;3.7;0.0;0.0
106151;592898;2019-01-15;FRC;N22;;;0;0;0.0;;;0.0;0.0;0.0;0.0;0.0;3.74;3.72;0.0
106152;592899;2019-01-15;FRC;V22;;;0;0;0.0;;;0.0;0.0;0.0;0.0;0.0;3.78;0.0;0.0
106153;592900;2019-01-15;FRC;F23;;;12;8808;1523361713.0;;;3.76;3.76;3.76;3.76;3.76;3.76;3.72;0.0
106154;592901;2019-01-15;FRC;J23;;;0;0;0.0;;;0.0;0.0;0.0;0.0;0.0;3.77;0.0;0.0
106155;592902;2019-01-15;FRC;N23;;;0;0;0.0;;;0.0;0.0;0.0;0.0;0.0;3.79;0.0;0.0
106156;592903;2019-01-15;FRC;V23;;;0;0;0.0;;;0.0;0.0;0.0;0.0;0.0;3.8;0.0;0.0
106157;592904;2019-01-15;FRC;F24;;;0;0;0.0;;;0.0;0.0;0.0;0.0;0.0;3.84;0.0;0.0
106158;592905;2019-01-15;FRC;N24;;;0;0;0.0;;;0.0;0.0;0.0;0.0;0.0;3.86;0.0;0.0
106159;592906;2019-01-15;FRC;F25;;;8;1810;300948969.0;;;3.93;3.93;3.93;3.93;3.93;3.93;0.0;0.0
106160;592907;2019-01-15;FRC;N25;;;0;0;0.0;;;0.0;0.0;0.0;0.0;0.0;4.04;0.0;0.0
106161;592908;2019-01-15;FRC;F26;;;0;0;0.0;;;0.0;0.0;0.0;0.0;0.0;4.06;0.0;0.0
106162;592909;2019-01-15;FRC;N26;;;0;0;0.0;;;0.0;0.0;0.0;0.0;0.0;4.15;0.0;0.0
106163;592910;2019-01-15;FRC;F27;;;1;175;27812289.0;;;4.23;4.23;4.23;4.23;4.23;4.23;0.0;0.0
106164;592911;2019-01-15;FRC;F28;;;0;0;0.0;;;0.0;0.0;0.0;0.0;0.0;4.38;0.0;0.0
106165;592912;2019-01-15;FRC;F29;;;0;0;0.0;;;0.0;0.0;0.0;0.0;0.0;4.48;0.0;0.0
106166;592913;2019-01-15;FRC;F30;;;0;0;0.0;;;0.0;0.0;0.0;0.0;0.0;4.52;0.0;0.0
106167;592914;2019-01-15;FRC;F31;;;0;0;0.0;;;0.0;0.0;0.0;0.0;0.0;4.58;0.0;0.0
106168;593090;2019-01-16;FRC;H19;;;89;109525;20274347683.0;;;3.78;3.78;3.87;3.85;3.86;3.86;3.86;3.88
106169;593091;2019-01-16;FRC;J19;;;22;29394;5434084677.0;;;3.47;3.47;3.52;3.51;3.52;3.52;3.47;0.0
106170;593092;2019-01-16;FRC;K19;;;10;5375;992077551.0;;;3.59;3.59;3.59;3.59;3.59;3.59;0.0;3.59
106171;593093;2019-01-16;FRC;M19;;;0;0;0.0;;;0.0;0.0;0.0;0.0;0.0;3.57;0.0;0.0
106172;593094;2019-01-16;FRC;N19;;;14;17434;3208692770.0;;;3.53;3.53;3.55;3.53;3.55;3.55;0.0;3.55
106173;593095;2019-01-16;FRC;Q19;;;2;792;145539026.0;;;3.55;3.55;3.55;3.55;3.55;3.56;0.0;0.0
106174;593096;2019-01-16;FRC;U19;;;0;0;0.0;;;0.0;0.0;0.0;0.0;0.0;3.55;0.0;0.0
106175;593097;2019-01-16;FRC;V19;;;16;11582;2121888214.0;;;3.55;3.55;3.57;3.56;3.57;3.57;0.0;0.0
106176;593098;2019-01-16;FRC;X19;;;4;986;180329765.0;;;3.62;3.62;3.62;3.62;3.62;3.62;0.0;0.0
106177;593099;2019-01-16;FRC;Z19;;;4;6560;1197775965.0;;;3.64;3.64;3.65;3.64;3.65;3.67;0.0;0.0
106178;593100;2019-01-16;FRC;F20;;;37;31233;5693270269.0;;;3.64;3.64;3.68;3.67;3.68;3.68;3.67;0.0
106179;593101;2019-01-16;FRC;J20;;;1;294;53356736.0;;;3.66;3.66;3.66;3.66;3.66;3.69;0.0;0.0
106180;593102;2019-01-16;FRC;N20;;;4;780;140879387.0;;;3.7;3.7;3.7;3.7;3.7;3.7;0.0;0.0
106181;593103;2019-01-16;FRC;V20;;;6;1863;335003169.0;;;3.66;3.66;3.7;3.67;3.7;3.7;3.69;0.0
106182;593104;2019-01-16;FRC;F21;;;12;7245;1296389163.0;;;3.68;3.68;3.72;3.7;3.72;3.72;0.0;3.72
106183;593105;2019-01-16;FRC;J21;;;5;1442;256886551.0;;;3.69;3.69;3.74;3.7;3.74;3.74;0.0;0.0
106184;593106;2019-01-16;FRC;N21;;;4;768;136174215.0;;;3.74;3.74;3.74;3.74;3.74;3.74;0.0;0.0
106185;593107;2019-01-16;FRC;V21;;;3;573;101107401.0;;;3.76;3.76;3.76;3.76;3.76;3.76;0.0;0.0
106186;593108;2019-01-16;FRC;F22;;;3;570;100105580.0;;;3.76;3.76;3.76;3.76;3.76;3.76;0.0;0.0
106187;593109;2019-01-16;FRC;J22;;;1;189;33046387.0;;;3.76;3.76;3.76;3.76;3.76;3.76;0.0;0.0
106188;593110;2019-01-16;FRC;N22;;;2;2072;360461839.0;;;3.8;3.8;3.8;3.8;3.8;3.8;0.0;0.0
106189;593111;2019-01-16;FRC;V22;;;0;0;0.0;;;0.0;0.0;0.0;0.0;0.0;3.83;0.0;0.0
106190;593112;2019-01-16;FRC;F23;;;8;5738;989023493.0;;;3.81;3.81;3.81;3.81;3.81;3.81;0.0;0.0
106191;593113;2019-01-16;FRC;J23;;;0;0;0.0;;;0.0;0.0;0.0;0.0;0.0;3.83;0.0;0.0
106192;593114;2019-01-16;FRC;N23;;;1;185;31573323.0;;;3.85;3.85;3.85;3.85;3.85;3.85;0.0;0.0
106193;593115;2019-01-16;FRC;V23;;;1;185;31437332.0;;;3.86;3.86;3.86;3.86;3.86;3.86;0.0;0.0
106194;593116;2019-01-16;FRC;F24;;;3;552;93347300.0;;;3.87;3.87;3.87;3.87;3.87;3.87;3.85;0.0
106195;593117;2019-01-16;FRC;N24;;;0;0;0.0;;;0.0;0.0;0.0;0.0;0.0;3.89;0.0;0.0
106196;593118;2019-01-16;FRC;F25;;;9;1629;270047628.0;;;3.95;3.95;3.95;3.95;3.95;3.95;0.0;0.0
106197;593119;2019-01-16;FRC;N25;;;0;0;0.0;;;0.0;0.0;0.0;0.0;0.0;4.06;0.0;0.0
106198;593120;2019-01-16;FRC;F26;;;0;0;0.0;;;0.0;0.0;0.0;0.0;0.0;4.08;0.0;0.0
106199;593121;2019-01-16;FRC;N26;;;0;0;0.0;;;0.0;0.0;0.0;0.0;0.0;4.17;0.0;0.0
106200;593122;2019-01-16;FRC;F27;;;0;0;0.0;;;0.0;0.0;0.0;0.0;0.0;4.25;0.0;0.0
106201;593123;2019-01-16;FRC;F28;;;0;0;0.0;;;0.0;0.0;0.0;0.0;0.0;4.4;0.0;0.0
106202;593124;2019-01-16;FRC;F29;;;0;0;0.0;;;0.0;0.0;0.0;0.0;0.0;4.5;0.0;0.0
106203;593125;2019-01-16;FRC;F30;;;0;0;0.0;;;0.0;0.0;0.0;0.0;0.0;4.54;0.0;0.0
106204;593126;2019-01-16;FRC;F31;;;0;0;0.0;;;0.0;0.0;0.0;0.0;0.0;4.6;0.0;0.0
106205;593300;2019-01-17;FRC;H19;;;85;120391;22410420746.0;;;3.86;3.86;4.0;3.92;3.92;3.95;3.92;3.95
106206;593301;2019-01-17;FRC;J19;;;51;56638;10529003118.0;;;3.6;3.57;3.6;3.57;3.57;3.58;0.0;3.58
106207;593302;2019-01-17;FRC;K19;;;56;52981;9833308584.0;;;3.65;3.62;3.66;3.63;3.63;3.64;0.0;0.0
106208;593303;2019-01-17;FRC;M19;;;2;994;184196056.0;;;3.62;3.62;3.62;3.62;3.62;3.62;0.0;0.0
106209;593304;2019-01-17;FRC;N19;;;21;15490;2866583067.0;;;3.6;3.59;3.6;3.59;3.59;3.6;0.0;3.62
106210;593305;2019-01-17;FRC;Q19;;;2;3271;604360828.0;;;3.62;3.62;3.63;3.62;3.63;3.63;0.0;0.0
106211;593306;2019-01-17;FRC;U19;;;4;1386;255693254.0;;;3.6;3.6;3.6;3.6;3.6;3.6;0.0;3.6
106212;593307;2019-01-17;FRC;V19;;;3;594;109409663.0;;;3.65;3.65;3.65;3.65;3.65;3.62;0.0;3.65
106213;593308;2019-01-17;FRC;X19;;;8;2604;478837104.0;;;3.66;3.66;3.73;3.67;3.67;3.67;0.0;0.0
106214;593309;2019-01-17;FRC;Z19;;;7;2265;415812502.0;;;3.75;3.69;3.75;3.69;3.69;3.69;0.0;0.0
106215;593310;2019-01-17;FRC;F20;;;24;10520;1928156272.0;;;3.68;3.6;3.75;3.7;3.6;3.69;3.68;3.71
106216;593311;2019-01-17;FRC;J20;;;9;4014;732339946.0;;;3.72;3.7;3.74;3.71;3.7;3.7;0.0;3.72
106217;593312;2019-01-17;FRC;N20;;;7;2730;495785372.0;;;3.72;3.72;3.72;3.72;3.72;3.72;0.0;3.72
106218;593313;2019-01-17;FRC;V20;;;2;388;70137168.0;;;3.72;3.72;3.72;3.72;3.72;3.71;0.0;0.0
106219;593314;2019-01-17;FRC;F21;;;17;4113;739952868.0;;;3.72;3.72;3.8;3.72;3.8;3.72;3.72;0.0
106220;593315;2019-01-17;FRC;J21;;;0;0;0.0;;;0.0;0.0;0.0;0.0;0.0;3.74;0.0;0.0
106221;593316;2019-01-17;FRC;N21;;;0;0;0.0;;;0.0;0.0;0.0;0.0;0.0;3.74;0.0;0.0
106222;593317;2019-01-17;FRC;V21;;;1;191;33892256.0;;;3.76;3.76;3.76;3.76;3.76;3.76;0.0;0.0
106223;593318;2019-01-17;FRC;F22;;;0;0;0.0;;;0.0;0.0;0.0;0.0;0.0;3.76;0.0;0.0
106224;593319;2019-01-17;FRC;J22;;;0;0;0.0;;;0.0;0.0;0.0;0.0;0.0;3.76;0.0;0.0
106225;593320;2019-01-17;FRC;N22;;;3;753;131750018.0;;;3.79;3.79;3.79;3.79;3.79;3.79;0.0;0.0
106226;593321;2019-01-17;FRC;V22;;;0;0;0.0;;;0.0;0.0;0.0;0.0;0.0;3.83;0.0;0.0
106227;593322;2019-01-17;FRC;F23;;;7;1496;259312412.0;;;3.82;3.81;3.82;3.81;3.81;3.81;3.8;0.0
106228;593323;2019-01-17;FRC;J23;;;0;0;0.0;;;0.0;0.0;0.0;0.0;0.0;3.84;0.0;0.0
106229;593324;2019-01-17;FRC;N23;;;0;0;0.0;;;0.0;0.0;0.0;0.0;0.0;3.86;0.0;0.0
106230;593325;2019-01-17;FRC;V23;;;0;0;0.0;;;0.0;0.0;0.0;0.0;0.0;3.88;0.0;0.0
106231;593326;2019-01-17;FRC;F24;;;13;3181;540685185.0;;;3.87;3.87;3.9;3.89;3.9;3.9;0.0;0.0
106232;593327;2019-01-17;FRC;N24;;;2;912;153639915.0;;;3.89;3.89;3.89;3.89;3.89;3.9;0.0;0.0
106233;593328;2019-01-17;FRC;F25;;;3;904;150646990.0;;;3.96;3.96;3.96;3.96;3.96;3.94;3.94;0.0
106234;593329;2019-01-17;FRC;N25;;;1;179;29502981.0;;;4.03;4.03;4.03;4.03;4.03;4.03;0.0;0.0
106235;593330;2019-01-17;FRC;F26;;;0;0;0.0;;;0.0;0.0;0.0;0.0;0.0;4.08;0.0;0.0
106236;593331;2019-01-17;FRC;N26;;;0;0;0.0;;;0.0;0.0;0.0;0.0;0.0;4.15;0.0;0.0
106237;593332;2019-01-17;FRC;F27;;;0;0;0.0;;;0.0;0.0;0.0;0.0;0.0;4.24;0.0;0.0
106238;593333;2019-01-17;FRC;F28;;;1;172;26761330.0;;;4.4;4.4;4.4;4.4;4.4;4.4;0.0;0.0
106239;593334;2019-01-17;FRC;F29;;;0;0;0.0;;;0.0;0.0;0.0;0.0;0.0;4.5;0.0;0.0
106240;593335;2019-01-17;FRC;F30;;;0;0;0.0;;;0.0;0.0;0.0;0.0;0.0;4.54;0.0;0.0
106241;593336;2019-01-17;FRC;F31;;;0;0;0.0;;;0.0;0.0;0.0;0.0;0.0;4.6;0.0;0.0
106242;593510;2019-01-18;FRC;H19;;;126;111489;20909532069.0;;;3.95;3.85;3.99;3.91;3.91;3.91;3.89;3.95
106243;593511;2019-01-18;FRC;J19;;;27;52463;9826349907.0;;;3.57;3.53;3.59;3.55;3.55;3.55;0.0;0.0
106244;593512;2019-01-18;FRC;K19;;;19;18124;3389223229.0;;;3.63;3.58;3.63;3.6;3.58;3.58;0.0;0.0
106245;593513;2019-01-18;FRC;M19;;;8;3579;668287864.0;;;3.55;3.55;3.55;3.55;3.55;3.55;0.0;0.0
106246;593514;2019-01-18;FRC;N19;;;51;35753;6666370910.0;;;3.62;3.54;3.62;3.58;3.54;3.54;0.0;0.0
106247;593515;2019-01-18;FRC;Q19;;;0;0;0.0;;;0.0;0.0;0.0;0.0;0.0;3.57;0.0;0.0
106248;593516;2019-01-18;FRC;U19;;;5;1822;338714666.0;;;3.6;3.54;3.6;3.54;3.54;3.54;0.0;0.0
106249;593517;2019-01-18;FRC;V19;;;4;535;99314863.0;;;3.65;3.55;3.65;3.55;3.55;3.55;0.0;0.0
106250;593518;2019-01-18;FRC;X19;;;7;1498;277585333.0;;;3.7;3.6;3.7;3.61;3.6;3.6;0.0;0.0
106251;593519;2019-01-18;FRC;Z19;;;17;27381;5064692003.0;;;3.73;3.68;3.73;3.68;3.68;3.68;0.0;0.0
106252;593520;2019-01-18;FRC;F20;;;32;25037;4623671135.0;;;3.71;3.66;3.73;3.69;3.67;3.67;0.0;0.0
106253;593521;2019-01-18;FRC;J20;;;5;1568;288274976.0;;;3.71;3.68;3.71;3.68;3.68;3.68;0.0;0.0
106254;593522;2019-01-18;FRC;N20;;;4;2144;392323705.0;;;3.73;3.7;3.73;3.7;3.7;3.7;0.0;0.0
106255;593523;2019-01-18;FRC;V20;;;2;291;52998136.0;;;3.72;3.72;3.72;3.72;3.72;3.7;0.0;0.0
106256;593524;2019-01-18;FRC;F21;;;9;6182;1120574008.0;;;3.72;3.72;3.72;3.72;3.72;3.72;0.0;0.0
106257;593525;2019-01-18;FRC;J21;;;0;0;0.0;;;0.0;0.0;0.0;0.0;0.0;3.75;0.0;0.0
106258;593526;2019-01-18;FRC;N21;;;4;1151;206788955.0;;;3.73;3.73;3.73;3.73;3.73;3.73;0.0;0.0
106259;593527;2019-01-18;FRC;V21;;;2;382;68310350.0;;;3.74;3.74;3.74;3.74;3.74;3.74;0.0;0.0
106260;593528;2019-01-18;FRC;F22;;;3;760;135197125.0;;;3.78;3.78;3.78;3.78;3.78;3.78;0.0;0.0
106261;593529;2019-01-18;FRC;J22;;;0;0;0.0;;;0.0;0.0;0.0;0.0;0.0;3.78;0.0;0.0
106262;593530;2019-01-18;FRC;N22;;;1;19;3350372.0;;;3.81;3.81;3.81;3.81;3.81;3.81;0.0;0.0
106263;593531;2019-01-18;FRC;V22;;;0;0;0.0;;;0.0;0.0;0.0;0.0;0.0;3.86;0.0;0.0
106264;593532;2019-01-18;FRC;F23;;;3;393;68602684.0;;;3.84;3.84;3.84;3.84;3.84;3.84;0.0;0.0
106265;593533;2019-01-18;FRC;J23;;;1;186;32299526.0;;;3.87;3.87;3.87;3.87;3.87;3.87;0.0;0.0
106266;593534;2019-01-18;FRC;N23;;;0;0;0.0;;;0.0;0.0;0.0;0.0;0.0;3.9;0.0;0.0
106267;593535;2019-01-18;FRC;V23;;;2;368;63301456.0;;;3.88;3.88;3.88;3.88;3.88;3.88;0.0;0.0
106268;593536;2019-01-18;FRC;F24;;;3;386;66059526.0;;;3.92;3.92;3.92;3.92;3.92;3.92;0.0;0.0
106269;593537;2019-01-18;FRC;N24;;;0;0;0.0;;;0.0;0.0;0.0;0.0;0.0;3.94;0.0;0.0
106270;593538;2019-01-18;FRC;F25;;;2;362;60712652.0;;;4.01;4.01;4.01;4.01;4.01;4.01;0.0;0.0
106271;593539;2019-01-18;FRC;N25;;;1;179;29709251.0;;;4.05;4.05;4.05;4.05;4.05;4.05;0.0;0.0
106272;593540;2019-01-18;FRC;F26;;;0;0;0.0;;;0.0;0.0;0.0;0.0;0.0;4.11;0.0;0.0
106273;593541;2019-01-18;FRC;N26;;;0;0;0.0;;;0.0;0.0;0.0;0.0;0.0;4.18;0.0;0.0
106274;593542;2019-01-18;FRC;F27;;;0;0;0.0;;;0.0;0.0;0.0;0.0;0.0;4.28;0.0;0.0
106275;593543;2019-01-18;FRC;F28;;;0;0;0.0;;;0.0;0.0;0.0;0.0;0.0;4.45;0.0;0.0
106276;593544;2019-01-18;FRC;F29;;;0;0;0.0;;;0.0;0.0;0.0;0.0;0.0;4.55;0.0;0.0
106277;593545;2019-01-18;FRC;F30;;;0;0;0.0;;;0.0;0.0;0.0;0.0;0.0;4.59;0.0;0.0
106278;593546;2019-01-18;FRC;F31;;;0;0;0.0;;;0.0;0.0;0.0;0.0;0.0;4.65;0.0;0.0
106279;593720;2019-01-21;FRC;H19;;;139;374881;70154242705.0;;;3.91;3.9;3.95;3.91;3.9;3.92;3.9;3.92
106280;593721;2019-01-21;FRC;J19;;;24;25125;4695647959.0;;;3.54;3.54;3.54;3.54;3.54;3.54;0.0;3.54
106281;593722;2019-01-21;FRC;K19;;;10;12584;2348187333.0;;;3.58;3.55;3.58;3.56;3.55;3.55;0.0;0.0
106282;593723;2019-01-21;FRC;M19;;;12;10040;1870682544.0;;;3.55;3.52;3.55;3.52;3.53;3.52;0.0;0.0
106283;593724;2019-01-21;FRC;N19;;;11;9334;1736740468.0;;;3.56;3.53;3.56;3.53;3.53;3.53;0.0;3.56
106284;593725;2019-01-21;FRC;Q19;;;13;3963;736190768.0;;;3.57;3.57;3.57;3.57;3.57;3.57;3.55;3.56
106285;593726;2019-01-21;FRC;U19;;;10;2772;514200422.0;;;3.54;3.52;3.54;3.53;3.52;3.54;0.0;0.0
106286;593727;2019-01-21;FRC;V19;;;3;1620;300055459.0;;;3.55;3.55;3.57;3.55;3.55;3.55;3.55;0.0
106287;593728;2019-01-21;FRC;X19;;;9;2169;401080537.0;;;3.59;3.59;3.59;3.59;3.59;3.59;3.59;0.0
106288;593729;2019-01-21;FRC;Z19;;;15;32997;6090340096.0;;;3.66;3.66;3.67;3.66;3.67;3.67;0.0;0.0
106289;593730;2019-01-21;FRC;F20;;;25;10404;1917273284.0;;;3.66;3.66;3.68;3.67;3.68;3.68;3.67;3.68
106290;593731;2019-01-21;FRC;J20;;;13;3372;618602820.0;;;3.68;3.68;3.69;3.68;3.69;3.68;0.0;0.0
106291;593732;2019-01-21;FRC;N20;;;4;1170;213626457.0;;;3.7;3.7;3.71;3.7;3.71;3.71;0.0;0.0
106292;593733;2019-01-21;FRC;V20;;;9;871;158280216.0;;;3.71;3.71;3.72;3.71;3.72;3.71;3.71;3.73
106293;593734;2019-01-21;FRC;F21;;;5;1448;261861325.0;;;3.73;3.73;3.73;3.73;3.73;3.73;0.0;3.73
106294;593735;2019-01-21;FRC;J21;;;0;0;0.0;;;0.0;0.0;0.0;0.0;0.0;3.78;0.0;0.0
106295;593736;2019-01-21;FRC;N21;;;0;0;0.0;;;0.0;0.0;0.0;0.0;0.0;3.78;0.0;0.0
106296;593737;2019-01-21;FRC;V21;;;0;0;0.0;;;0.0;0.0;0.0;0.0;0.0;3.78;0.0;0.0
106297;593738;2019-01-21;FRC;F22;;;0;0;0.0;;;0.0;0.0;0.0;0.0;0.0;3.81;0.0;0.0
106298;593739;2019-01-21;FRC;J22;;;0;0;0.0;;;0.0;0.0;0.0;0.0;0.0;3.8;0.0;0.0
106299;593740;2019-01-21;FRC;N22;;;0;0;0.0;;;0.0;0.0;0.0;0.0;0.0;3.82;0.0;0.0
106300;593741;2019-01-21;FRC;V22;;;0;0;0.0;;;0.0;0.0;0.0;0.0;0.0;3.86;0.0;0.0
106301;593742;2019-01-21;FRC;F23;;;9;2057;358320631.0;;;3.83;3.83;3.83;3.83;3.83;3.83;3.8;0.0
106302;593743;2019-01-21;FRC;J23;;;0;0;0.0;;;0.0;0.0;0.0;0.0;0.0;3.86;0.0;0.0
106303;593744;2019-01-21;FRC;N23;;;0;0;0.0;;;0.0;0.0;0.0;0.0;0.0;3.9;0.0;0.0
106304;593745;2019-01-21;FRC;V23;;;0;0;0.0;;;0.0;0.0;0.0;0.0;0.0;3.88;0.0;0.0
106305;593746;2019-01-21;FRC;F24;;;0;0;0.0;;;0.0;0.0;0.0;0.0;0.0;3.93;0.0;0.0
106306;593747;2019-01-21;FRC;N24;;;0;0;0.0;;;0.0;0.0;0.0;0.0;0.0;3.96;0.0;0.0
106307;593748;2019-01-21;FRC;F25;;;6;1080;180477150.0;;;4.04;4.04;4.04;4.04;4.04;4.04;0.0;0.0
106308;593749;2019-01-21;FRC;N25;;;0;0;0.0;;;0.0;0.0;0.0;0.0;0.0;4.08;0.0;0.0
106309;593750;2019-01-21;FRC;F26;;;0;0;0.0;;;0.0;0.0;0.0;0.0;0.0;4.14;0.0;0.0
106310;593751;2019-01-21;FRC;N26;;;0;0;0.0;;;0.0;0.0;0.0;0.0;0.0;4.21;0.0;0.0
106311;593752;2019-01-21;FRC;F27;;;0;0;0.0;;;0.0;0.0;0.0;0.0;0.0;4.31;0.0;0.0
106312;593753;2019-01-21;FRC;F28;;;1;171;26654012.0;;;4.47;4.47;4.47;4.47;4.47;4.47;0.0;0.0
106313;593754;2019-01-21;FRC;F29;;;0;0;0.0;;;0.0;0.0;0.0;0.0;0.0;4.57;0.0;0.0
106314;593755;2019-01-21;FRC;F30;;;0;0;0.0;;;0.0;0.0;0.0;0.0;0.0;4.61;0.0;0.0
106315;593756;2019-01-21;FRC;F31;;;0;0;0.0;;;0.0;0.0;0.0;0.0;0.0;4.67;0.0;0.0
106316;593931;2019-01-22;FRC;H19;;;150;316941;59679236245.0;;;3.9;3.87;3.93;3.9;3.87;3.87;0.0;0.0
106317;593932;2019-01-22;FRC;J19;;;22;44070;8287251679.0;;;3.57;3.51;3.57;3.53;3.51;3.51;0.0;0.0
106318;593933;2019-01-22;FRC;K19;;;7;7965;1495568305.0;;;3.52;3.52;3.52;3.52;3.52;3.52;0.0;0.0
106319;593934;2019-01-22;FRC;M19;;;4;1988;372715090.0;;;3.5;3.5;3.5;3.5;3.5;3.5;0.0;0.0
106320;593935;2019-01-22;FRC;N19;;;17;4194;785205159.0;;;3.53;3.52;3.55;3.52;3.52;3.52;0.0;0.0
106321;593936;2019-01-22;FRC;Q19;;;6;2041;381504435.0;;;3.59;3.55;3.59;3.55;3.55;3.55;0.0;0.0
106322;593937;2019-01-22;FRC;U19;;;4;1584;295656080.0;;;3.52;3.52;3.52;3.52;3.52;3.52;0.0;0.0
106323;593938;2019-01-22;FRC;V19;;;6;1286;239681875.0;;;3.55;3.54;3.57;3.54;3.54;3.54;0.0;0.0
106324;593939;2019-01-22;FRC;X19;;;10;7498;1395006649.0;;;3.6;3.6;3.61;3.6;3.61;3.6;0.0;0.0
106325;593940;2019-01-22;FRC;Z19;;;24;14638;2718488321.0;;;3.67;3.66;3.67;3.66;3.67;3.67;0.0;0.0
106326;593941;2019-01-22;FRC;F20;;;16;11211;2078614770.0;;;3.69;3.69;3.69;3.69;3.69;3.69;0.0;0.0
106327;593942;2019-01-22;FRC;J20;;;3;784;144715996.0;;;3.68;3.68;3.68;3.68;3.68;3.68;0.0;0.0
106328;593943;2019-01-22;FRC;N20;;;3;585;107462706.0;;;3.72;3.72;3.72;3.72;3.72;3.72;0.0;0.0
106329;593944;2019-01-22;FRC;V20;;;5;1552;283755328.0;;;3.73;3.73;3.73;3.73;3.73;3.73;0.0;0.0
106330;593945;2019-01-22;FRC;F21;;;9;2665;484942589.0;;;3.73;3.72;3.73;3.72;3.72;3.73;0.0;0.0
106331;593946;2019-01-22;FRC;J21;;;10;2113;382803914.0;;;3.73;3.73;3.73;3.73;3.73;3.73;0.0;0.0
106332;593947;2019-01-22;FRC;N21;;;0;0;0.0;;;0.0;0.0;0.0;0.0;0.0;3.76;0.0;0.0
106333;593948;2019-01-22;FRC;V21;;;0;0;0.0;;;0.0;0.0;0.0;0.0;0.0;3.76;0.0;0.0
106334;593949;2019-01-22;FRC;F22;;;0;0;0.0;;;0.0;0.0;0.0;0.0;0.0;3.79;0.0;0.0
106335;593950;2019-01-22;FRC;J22;;;0;0;0.0;;;0.0;0.0;0.0;0.0;0.0;3.78;0.0;0.0
106336;593951;2019-01-22;FRC;N22;;;1;188;33264014.0;;;3.8;3.8;3.8;3.8;3.8;3.8;0.0;0.0
106337;593952;2019-01-22;FRC;V22;;;0;0;0.0;;;0.0;0.0;0.0;0.0;0.0;3.84;0.0;0.0
106338;593953;2019-01-22;FRC;F23;;;7;3924;687811667.0;;;3.84;3.81;3.84;3.82;3.81;3.81;0.0;0.0
106339;593954;2019-01-22;FRC;J23;;;0;0;0.0;;;0.0;0.0;0.0;0.0;0.0;3.84;0.0;0.0
106340;593955;2019-01-22;FRC;N23;;;0;0;0.0;;;0.0;0.0;0.0;0.0;0.0;3.88;0.0;0.0
106341;593956;2019-01-22;FRC;V23;;;0;0;0.0;;;0.0;0.0;0.0;0.0;0.0;3.86;0.0;0.0
106342;593957;2019-01-22;FRC;F24;;;8;1212;208260806.0;;;3.92;3.91;3.92;3.91;3.91;3.91;0.0;0.0
106343;593958;2019-01-22;FRC;N24;;;0;0;0.0;;;0.0;0.0;0.0;0.0;0.0;3.94;0.0;0.0
106344;593959;2019-01-22;FRC;F25;;;7;1446;243307989.0;;;4.04;4.03;4.04;4.03;4.03;4.03;0.0;0.0
106345;593960;2019-01-22;FRC;N25;;;0;0;0.0;;;0.0;0.0;0.0;0.0;0.0;4.07;0.0;0.0
106346;593961;2019-01-22;FRC;F26;;;0;0;0.0;;;0.0;0.0;0.0;0.0;0.0;4.13;0.0;0.0
106347;593962;2019-01-22;FRC;N26;;;0;0;0.0;;;0.0;0.0;0.0;0.0;0.0;4.2;0.0;0.0
106348;593963;2019-01-22;FRC;F27;;;0;0;0.0;;;0.0;0.0;0.0;0.0;0.0;4.3;0.0;0.0
106349;593964;2019-01-22;FRC;F28;;;0;0;0.0;;;0.0;0.0;0.0;0.0;0.0;4.47;0.0;0.0
106350;593965;2019-01-22;FRC;F29;;;0;0;0.0;;;0.0;0.0;0.0;0.0;0.0;4.58;0.0;0.0
106351;593966;2019-01-22;FRC;F30;;;1;166;24914341.0;;;4.63;4.63;4.63;4.63;4.63;4.63;0.0;0.0
106352;593967;2019-01-22;FRC;F31;;;0;0;0.0;;;0.0;0.0;0.0;0.0;0.0;4.69;0.0;0.0
106353;594142;2019-01-23;FRC;H19;;;98;252686;47457837942.0;;;3.88;3.83;3.9;3.85;3.83;3.83;0.0;0.0
106354;594143;2019-01-23;FRC;J19;;;35;49954;9369712177.0;;;3.52;3.48;3.52;3.49;3.48;3.48;0.0;0.0
106355;594144;2019-01-23;FRC;K19;;;15;17425;3263402727.0;;;3.53;3.5;3.53;3.5;3.51;3.51;3.48;3.52
106356;594145;2019-01-23;FRC;M19;;;6;9943;1859362330.0;;;3.48;3.47;3.48;3.47;3.47;3.47;3.47;0.0
106357;594146;2019-01-23;FRC;N19;;;22;18728;3497200348.0;;;3.53;3.5;3.54;3.51;3.5;3.5;0.0;0.0
106358;594147;2019-01-23;FRC;Q19;;;0;0;0.0;;;0.0;0.0;0.0;0.0;0.0;3.54;3.55;0.0
106359;594148;2019-01-23;FRC;U19;;;0;0;0.0;;;0.0;0.0;0.0;0.0;0.0;3.52;0.0;0.0
106360;594149;2019-01-23;FRC;V19;;;3;692;128632145.0;;;3.55;3.55;3.57;3.55;3.55;3.55;3.55;0.0
106361;594150;2019-01-23;FRC;X19;;;4;3552;659125975.0;;;3.63;3.6;3.63;3.6;3.6;3.62;0.0;0.0
106362;594151;2019-01-23;FRC;Z19;;;35;75965;14071946421.0;;;3.65;3.65;3.66;3.65;3.66;3.66;3.66;0.0
106363;594152;2019-01-23;FRC;F20;;;28;36801;6805740167.0;;;3.69;3.67;3.69;3.68;3.69;3.69;3.68;0.0
106364;594153;2019-01-23;FRC;J20;;;21;6466;1190334546.0;;;3.7;3.69;3.7;3.69;3.69;3.69;0.0;0.0
106365;594154;2019-01-23;FRC;N20;;;14;10917;2000393995.0;;;3.73;3.7;3.73;3.7;3.72;3.72;0.0;0.0
106366;594155;2019-01-23;FRC;V20;;;0;0;0.0;;;0.0;0.0;0.0;0.0;0.0;3.73;0.0;0.0
106367;594156;2019-01-23;FRC;F21;;;18;5947;1079254128.0;;;3.73;3.69;3.74;3.73;3.74;3.74;0.0;0.0
106368;594157;2019-01-23;FRC;J21;;;6;1152;208134733.0;;;3.74;3.74;3.74;3.74;3.74;3.74;0.0;0.0
106369;594158;2019-01-23;FRC;N21;;;6;2186;393150156.0;;;3.7;3.7;3.76;3.75;3.76;3.76;0.0;0.0
106370;594159;2019-01-23;FRC;V21;;;0;0;0.0;;;0.0;0.0;0.0;0.0;0.0;3.76;0.0;0.0
106371;594160;2019-01-23;FRC;F22;;;9;2584;460290117.0;;;3.78;3.78;3.78;3.78;3.78;3.78;0.0;0.0
106372;594161;2019-01-23;FRC;J22;;;1;284;50370296.0;;;3.78;3.78;3.78;3.78;3.78;3.78;0.0;0.0
106373;594162;2019-01-23;FRC;N22;;;0;0;0.0;;;0.0;0.0;0.0;0.0;0.0;3.81;0.0;0.0
106374;594163;2019-01-23;FRC;V22;;;0;0;0.0;;;0.0;0.0;0.0;0.0;0.0;3.87;0.0;3.87
106375;594164;2019-01-23;FRC;F23;;;14;3607;630344683.0;;;3.81;3.81;3.85;3.84;3.85;3.85;0.0;0.0
106376;594165;2019-01-23;FRC;J23;;;0;0;0.0;;;0.0;0.0;0.0;0.0;0.0;3.88;0.0;0.0
106377;594166;2019-01-23;FRC;N23;;;0;0;0.0;;;0.0;0.0;0.0;0.0;0.0;3.92;0.0;3.92
106378;594167;2019-01-23;FRC;V23;;;1;184;31680376.0;;;3.9;3.9;3.9;3.9;3.9;3.9;0.0;0.0
106379;594168;2019-01-23;FRC;F24;;;3;1468;251487079.0;;;3.91;3.91;3.98;3.92;3.98;3.98;0.0;0.0
106380;594169;2019-01-23;FRC;N24;;;0;0;0.0;;;0.0;0.0;0.0;0.0;0.0;4.0;0.0;0.0
106381;594170;2019-01-23;FRC;F25;;;10;2705;453594233.0;;;4.03;4.03;4.08;4.05;4.08;4.08;0.0;0.0
106382;594171;2019-01-23;FRC;N25;;;0;0;0.0;;;0.0;0.0;0.0;0.0;0.0;4.12;0.0;0.0
106383;594172;2019-01-23;FRC;F26;;;1;355;58291716.0;;;4.15;4.15;4.15;4.15;4.15;4.18;0.0;0.0
106384;594173;2019-01-23;FRC;N26;;;0;0;0.0;;;0.0;0.0;0.0;0.0;0.0;4.25;0.0;0.0
106385;594174;2019-01-23;FRC;F27;;;0;0;0.0;;;0.0;0.0;0.0;0.0;0.0;4.35;0.0;0.0
106386;594175;2019-01-23;FRC;F28;;;6;1368;213887355.0;;;4.48;4.47;4.52;4.48;4.52;4.52;0.0;0.0
106387;594176;2019-01-23;FRC;F29;;;4;674;102976274.0;;;4.6;4.6;4.6;4.6;4.6;4.63;0.0;0.0
106388;594177;2019-01-23;FRC;F30;;;0;0;0.0;;;0.0;0.0;0.0;0.0;0.0;4.68;0.0;0.0
106389;594178;2019-01-23;FRC;F31;;;0;0;0.0;;;0.0;0.0;0.0;0.0;0.0;4.74;0.0;0.0
106390;594353;2019-01-24;FRC;H19;;;225;303171;57212622744.0;;;3.83;3.83;4.02;3.95;4.01;4.0;0.0;0.0
106391;594354;2019-01-24;FRC;J19;;;69;75411;14211906754.0;;;3.52;3.52;3.6;3.58;3.55;3.6;0.0;0.0
106392;594355;2019-01-24;FRC;K19;;;24;56346;10602043231.0;;;3.55;3.55;3.63;3.62;3.63;3.63;0.0;0.0
106393;594356;2019-01-24;FRC;M19;;;1;1988;373471969.0;;;3.61;3.61;3.61;3.61;3.61;3.61;0.0;0.0
106394;594357;2019-01-24;FRC;N19;;;21;16223;3043642913.0;;;3.53;3.53;3.6;3.58;3.6;3.6;0.0;0.0
106395;594358;2019-01-24;FRC;Q19;;;0;0;0.0;;;0.0;0.0;0.0;0.0;0.0;3.64;0.0;0.0
106396;594359;2019-01-24;FRC;U19;;;5;1188;222168623.0;;;3.62;3.62;3.62;3.62;3.62;3.62;0.0;0.0
106397;594360;2019-01-24;FRC;V19;;;4;2767;516713611.0;;;3.58;3.58;3.63;3.61;3.63;3.63;0.0;0.0
106398;594361;2019-01-24;FRC;X19;;;1;592;110359751.0;;;3.67;3.67;3.67;3.67;3.67;3.7;0.0;0.0
106399;594362;2019-01-24;FRC;Z19;;;28;23047;4288698731.0;;;3.7;3.7;3.73;3.72;3.73;3.73;0.0;0.0
106400;594363;2019-01-24;FRC;F20;;;30;17403;3232977946.0;;;3.72;3.71;3.77;3.74;3.77;3.77;0.0;0.0
106401;594364;2019-01-24;FRC;J20;;;6;1566;289548668.0;;;3.77;3.77;3.77;3.77;3.77;3.77;0.0;0.0
106402;594365;2019-01-24;FRC;N20;;;11;9414;1732593123.0;;;3.73;3.73;3.78;3.76;3.78;3.78;0.0;0.0
106403;594366;2019-01-24;FRC;V20;;;7;1358;248736497.0;;;3.73;3.73;3.79;3.78;3.79;3.79;0.0;0.0
106404;594367;2019-01-24;FRC;F21;;;28;51096;9313570505.0;;;3.75;3.75;3.79;3.78;3.79;3.79;0.0;3.79
106405;594368;2019-01-24;FRC;J21;;;6;1345;244090371.0;;;3.78;3.78;3.78;3.78;3.78;3.78;0.0;0.0
106406;594369;2019-01-24;FRC;N21;;;3;5746;1038064609.0;;;3.78;3.78;3.78;3.78;3.78;3.8;0.0;0.0
106407;594370;2019-01-24;FRC;V21;;;0;0;0.0;;;0.0;0.0;0.0;0.0;0.0;3.8;0.0;0.0
106408;594371;2019-01-24;FRC;F22;;;16;36543;6537058632.0;;;3.83;3.82;3.83;3.82;3.82;3.82;0.0;0.0
106409;594372;2019-01-24;FRC;J22;;;0;0;0.0;;;0.0;0.0;0.0;0.0;0.0;3.81;0.0;0.0
106410;594373;2019-01-24;FRC;N22;;;0;0;0.0;;;0.0;0.0;0.0;0.0;0.0;3.84;0.0;0.0
106411;594374;2019-01-24;FRC;V22;;;0;0;0.0;;;0.0;0.0;0.0;0.0;0.0;3.89;0.0;0.0
106412;594375;2019-01-24;FRC;F23;;;11;2243;393721832.0;;;3.87;3.87;3.87;3.87;3.87;3.87;0.0;0.0
106413;594376;2019-01-24;FRC;J23;;;0;0;0.0;;;0.0;0.0;0.0;0.0;0.0;3.9;0.0;0.0
106414;594377;2019-01-24;FRC;N23;;;0;0;0.0;;;0.0;0.0;0.0;0.0;0.0;3.93;0.0;0.0
106415;594378;2019-01-24;FRC;V23;;;0;0;0.0;;;0.0;0.0;0.0;0.0;0.0;3.92;0.0;0.0
106416;594379;2019-01-24;FRC;F24;;;0;0;0.0;;;0.0;0.0;0.0;0.0;0.0;3.99;0.0;0.0
106417;594380;2019-01-24;FRC;N24;;;0;0;0.0;;;0.0;0.0;0.0;0.0;0.0;4.0;0.0;0.0
106418;594381;2019-01-24;FRC;F25;;;5;900;151554931.0;;;4.07;4.07;4.07;4.07;4.07;4.07;0.0;0.0
106419;594382;2019-01-24;FRC;N25;;;0;0;0.0;;;0.0;0.0;0.0;0.0;0.0;4.11;0.0;0.0
106420;594383;2019-01-24;FRC;F26;;;0;0;0.0;;;0.0;0.0;0.0;0.0;0.0;4.17;0.0;0.0
106421;594384;2019-01-24;FRC;N26;;;0;0;0.0;;;0.0;0.0;0.0;0.0;0.0;4.24;0.0;0.0
106422;594385;2019-01-24;FRC;F27;;;0;0;0.0;;;0.0;0.0;0.0;0.0;0.0;4.34;0.0;0.0
106423;594386;2019-01-24;FRC;F28;;;0;0;0.0;;;0.0;0.0;0.0;0.0;0.0;4.51;0.0;0.0
106424;594387;2019-01-24;FRC;F29;;;0;0;0.0;;;0.0;0.0;0.0;0.0;0.0;4.62;0.0;0.0
106425;594388;2019-01-24;FRC;F30;;;0;0;0.0;;;0.0;0.0;0.0;0.0;0.0;4.67;0.0;0.0
106426;594389;2019-01-24;FRC;F31;;;0;0;0.0;;;0.0;0.0;0.0;0.0;0.0;4.73;0.0;0.0
106427;594573;2019-01-28;FRC;H19;;;194;347098;65198158515.0;;;4.0;4.0;4.1;4.06;4.05;4.07;4.0;4.07
106428;594574;2019-01-28;FRC;J19;;;86;118061;22145778708.0;;;3.66;3.6;3.67;3.64;3.6;3.62;0.0;3.62
106429;594575;2019-01-28;FRC;K19;;;23;20303;3802416773.0;;;3.69;3.65;3.7;3.65;3.65;3.65;0.0;3.65
106430;594576;2019-01-28;FRC;M19;;;7;4970;929354595.0;;;3.62;3.62;3.62;3.62;3.62;3.62;0.0;0.0
106431;594577;2019-01-28;FRC;N19;;;13;8041;1501569998.0;;;3.64;3.6;3.64;3.6;3.6;3.6;0.0;3.6
106432;594578;2019-01-28;FRC;Q19;;;4;1188;221481218.0;;;3.64;3.64;3.64;3.64;3.64;3.64;0.0;0.0
106433;594579;2019-01-28;FRC;U19;;;2;990;184275336.0;;;3.64;3.64;3.64;3.64;3.64;3.64;0.0;0.0
106434;594580;2019-01-28;FRC;V19;;;1;11857;2203814682.0;;;3.64;3.64;3.64;3.64;3.64;3.64;3.6;0.0
106435;594581;2019-01-28;FRC;X19;;;4;2368;439352753.0;;;3.7;3.7;3.7;3.7;3.7;3.7;0.0;0.0
106436;594582;2019-01-28;FRC;Z19;;;15;10045;1860475094.0;;;3.78;3.74;3.78;3.74;3.74;3.74;0.0;0.0
106437;594583;2019-01-28;FRC;F20;;;25;7966;1472825002.0;;;3.8;3.77;3.8;3.77;3.78;3.78;0.0;0.0
106438;594584;2019-01-28;FRC;J20;;;10;5086;935914459.0;;;3.8;3.79;3.8;3.79;3.79;3.79;0.0;0.0
106439;594585;2019-01-28;FRC;N20;;;9;2184;400012652.0;;;3.8;3.8;3.8;3.8;3.8;3.8;0.0;0.0
106440;594586;2019-01-28;FRC;V20;;;0;0;0.0;;;0.0;0.0;0.0;0.0;0.0;3.8;0.0;0.0
106441;594587;2019-01-28;FRC;F21;;;15;11857;2151372155.0;;;3.78;3.78;3.78;3.78;3.78;3.78;0.0;0.0
106442;594588;2019-01-28;FRC;J21;;;0;0;0.0;;;0.0;0.0;0.0;0.0;0.0;3.78;0.0;0.0
106443;594589;2019-01-28;FRC;N21;;;3;2297;412949705.0;;;3.8;3.8;3.81;3.8;3.81;3.81;0.0;0.0
106444;594590;2019-01-28;FRC;V21;;;0;0;0.0;;;0.0;0.0;0.0;0.0;0.0;3.81;0.0;0.0
106445;594591;2019-01-28;FRC;F22;;;5;5335;949964597.0;;;3.82;3.82;3.82;3.82;3.82;3.82;0.0;0.0
106446;594592;2019-01-28;FRC;J22;;;3;662;117343651.0;;;3.83;3.83;3.83;3.83;3.83;3.83;0.0;0.0
106447;594593;2019-01-28;FRC;N22;;;2;1695;299035679.0;;;3.84;3.84;3.84;3.84;3.84;3.84;0.0;0.0
106448;594594;2019-01-28;FRC;V22;;;0;0;0.0;;;0.0;0.0;0.0;0.0;0.0;3.86;0.0;0.0
106449;594595;2019-01-28;FRC;F23;;;7;1513;264386915.0;;;3.86;3.86;3.86;3.86;3.86;3.86;0.0;0.0
106450;594596;2019-01-28;FRC;J23;;;0;0;0.0;;;0.0;0.0;0.0;0.0;0.0;3.88;0.0;0.0
106451;594597;2019-01-28;FRC;N23;;;0;0;0.0;;;0.0;0.0;0.0;0.0;0.0;3.9;0.0;0.0
106452;594598;2019-01-28;FRC;V23;;;0;0;0.0;;;0.0;0.0;0.0;0.0;0.0;3.88;0.0;0.0
106453;594599;2019-01-28;FRC;F24;;;9;2829;484659745.0;;;3.94;3.94;3.94;3.94;3.94;3.94;0.0;0.0
106454;594600;2019-01-28;FRC;N24;;;2;218;36990706.0;;;3.95;3.95;3.95;3.95;3.95;3.95;0.0;0.0
106455;594601;2019-01-28;FRC;F25;;;1;90;15103437.0;;;4.02;4.02;4.02;4.02;4.02;4.02;0.0;4.06
106456;594602;2019-01-28;FRC;N25;;;0;0;0.0;;;0.0;0.0;0.0;0.0;0.0;4.06;0.0;0.0
106457;594603;2019-01-28;FRC;F26;;;0;0;0.0;;;0.0;0.0;0.0;0.0;0.0;4.12;0.0;0.0
106458;594604;2019-01-28;FRC;N26;;;0;0;0.0;;;0.0;0.0;0.0;0.0;0.0;4.19;0.0;0.0
106459;594605;2019-01-28;FRC;F27;;;0;0;0.0;;;0.0;0.0;0.0;0.0;0.0;4.29;0.0;0.0
106460;594606;2019-01-28;FRC;F28;;;0;0;0.0;;;0.0;0.0;0.0;0.0;0.0;4.46;0.0;0.0
106461;594607;2019-01-28;FRC;F29;;;0;0;0.0;;;0.0;0.0;0.0;0.0;0.0;4.57;0.0;0.0
106462;594608;2019-01-28;FRC;F30;;;0;0;0.0;;;0.0;0.0;0.0;0.0;0.0;4.62;0.0;0.0
106463;594609;2019-01-28;FRC;F31;;;0;0;0.0;;;0.0;0.0;0.0;0.0;0.0;4.68;0.0;0.0
106464;594784;2019-01-29;FRC;H19;;;241;389510;72825826631.0;;;4.07;4.02;4.13;4.07;4.07;4.11;4.07;4.1
106465;594785;2019-01-29;FRC;J19;;;55;60812;11354543416.0;;;3.6;3.6;3.68;3.61;3.6;3.6;0.0;3.67
106466;594786;2019-01-29;FRC;K19;;;32;44600;8314359135.0;;;3.63;3.62;3.67;3.63;3.63;3.63;0.0;0.0
106467;594787;2019-01-29;FRC;M19;;;4;2982;555022400.0;;;3.62;3.62;3.64;3.62;3.64;3.64;0.0;0.0
106468;594788;2019-01-29;FRC;N19;;;26;83779;15572050304.0;;;3.59;3.59;3.61;3.6;3.61;3.61;0.0;0.0
106469;594789;2019-01-29;FRC;Q19;;;6;2577;478201967.0;;;3.65;3.65;3.65;3.65;3.65;3.65;0.0;0.0
106470;594790;2019-01-29;FRC;U19;;;7;3365;623407782.0;;;3.66;3.66;3.66;3.66;3.66;3.66;0.0;0.0
106471;594791;2019-01-29;FRC;V19;;;29;28892;5344814809.0;;;3.65;3.65;3.67;3.65;3.66;3.66;3.65;0.0
106472;594792;2019-01-29;FRC;X19;;;29;7316;1351090101.0;;;3.68;3.68;3.71;3.7;3.71;3.71;0.0;0.0
106473;594793;2019-01-29;FRC;Z19;;;24;43449;8010133845.0;;;3.71;3.71;3.75;3.73;3.74;3.74;3.7;0.0
106474;594794;2019-01-29;FRC;F20;;;21;14511;2670539771.0;;;3.78;3.77;3.78;3.77;3.77;3.77;0.0;0.0
106475;594795;2019-01-29;FRC;J20;;;17;11587;2122397779.0;;;3.8;3.78;3.8;3.78;3.78;3.78;0.0;0.0
106476;594796;2019-01-29;FRC;N20;;;6;1949;355360089.0;;;3.78;3.78;3.78;3.78;3.78;3.78;0.0;0.0
106477;594797;2019-01-29;FRC;V20;;;6;1552;281627431.0;;;3.79;3.79;3.79;3.79;3.79;3.79;0.0;0.0
106478;594798;2019-01-29;FRC;F21;;;5;1737;313700812.0;;;3.78;3.78;3.78;3.78;3.78;3.78;3.76;3.8
106479;594799;2019-01-29;FRC;J21;;;0;0;0.0;;;0.0;0.0;0.0;0.0;0.0;3.77;0.0;0.0
106480;594800;2019-01-29;FRC;N21;;;0;0;0.0;;;0.0;0.0;0.0;0.0;0.0;3.79;0.0;0.0
106481;594801;2019-01-29;FRC;V21;;;0;0;0.0;;;0.0;0.0;0.0;0.0;0.0;3.78;0.0;0.0
106482;594802;2019-01-29;FRC;F22;;;10;1900;336944113.0;;;3.78;3.78;3.78;3.78;3.78;3.78;0.0;0.0
106483;594803;2019-01-29;FRC;J22;;;0;0;0.0;;;0.0;0.0;0.0;0.0;0.0;3.79;0.0;0.0
106484;594804;2019-01-29;FRC;N22;;;1;188;33025280.0;;;3.81;3.81;3.81;3.81;3.81;3.81;0.0;0.0
106485;594805;2019-01-29;FRC;V22;;;0;0;0.0;;;0.0;0.0;0.0;0.0;0.0;3.83;0.0;0.0
106486;594806;2019-01-29;FRC;F23;;;7;1309;227814438.0;;;3.83;3.83;3.83;3.83;3.83;3.83;0.0;0.0
106487;594807;2019-01-29;FRC;J23;;;0;0;0.0;;;0.0;0.0;0.0;0.0;0.0;3.86;0.0;0.0
106488;594808;2019-01-29;FRC;N23;;;0;0;0.0;;;0.0;0.0;0.0;0.0;0.0;3.89;0.0;0.0
106489;594809;2019-01-29;FRC;V23;;;0;0;0.0;;;0.0;0.0;0.0;0.0;0.0;3.88;0.0;0.0
106490;594810;2019-01-29;FRC;F24;;;3;552;94182273.0;;;3.92;3.92;3.92;3.92;3.92;3.92;0.0;0.0
106491;594811;2019-01-29;FRC;N24;;;0;0;0.0;;;0.0;0.0;0.0;0.0;0.0;3.93;0.0;0.0
106492;594812;2019-01-29;FRC;F25;;;0;0;0.0;;;0.0;0.0;0.0;0.0;0.0;4.0;0.0;0.0
106493;594813;2019-01-29;FRC;N25;;;0;0;0.0;;;0.0;0.0;0.0;0.0;0.0;4.04;0.0;0.0
106494;594814;2019-01-29;FRC;F26;;;4;712;116563097.0;;;4.11;4.11;4.11;4.11;4.11;4.11;0.0;0.0
106495;594815;2019-01-29;FRC;N26;;;0;0;0.0;;;0.0;0.0;0.0;0.0;0.0;4.18;0.0;0.0
106496;594816;2019-01-29;FRC;F27;;;2;174;27791679.0;;;4.28;4.28;4.28;4.28;4.28;4.28;0.0;0.0
106497;594817;2019-01-29;FRC;F28;;;0;0;0.0;;;0.0;0.0;0.0;0.0;0.0;4.45;0.0;0.0
106498;594818;2019-01-29;FRC;F29;;;0;0;0.0;;;0.0;0.0;0.0;0.0;0.0;4.56;0.0;0.0
106499;594819;2019-01-29;FRC;F30;;;0;0;0.0;;;0.0;0.0;0.0;0.0;0.0;4.61;0.0;0.0
106500;594820;2019-01-29;FRC;F31;;;0;0;0.0;;;0.0;0.0;0.0;0.0;0.0;4.67;0.0;0.0
106501;594995;2019-01-30;FRC;J19;;;39;139542;25914196562.0;;;3.05;3.03;3.05;3.04;3.04;3.04;3.0;0.0
106502;594996;2019-01-30;FRC;K19;;;14;9012;1670856279.0;;;3.32;3.31;3.32;3.31;3.31;3.31;0.0;0.0
106503;594997;2019-01-30;FRC;M19;;;30;20012;3704524365.0;;;3.35;3.34;3.37;3.36;3.37;3.37;0.0;0.0
106504;594998;2019-01-30;FRC;N19;;;37;21105;3901642270.0;;;3.36;3.35;3.4;3.38;3.4;3.4;0.0;0.0
106505;594999;2019-01-30;FRC;Q19;;;0;0;0.0;;;0.0;0.0;0.0;0.0;0.0;3.47;0.0;0.0
106506;595000;2019-01-30;FRC;U19;;;0;0;0.0;;;0.0;0.0;0.0;0.0;0.0;3.51;0.0;3.51
106507;595001;2019-01-30;FRC;V19;;;17;13462;2476943372.0;;;3.5;3.5;3.52;3.51;3.52;3.52;3.49;3.52
106508;595002;2019-01-30;FRC;X19;;;10;4547;835221097.0;;;3.57;3.57;3.57;3.57;3.57;3.57;0.0;0.0
106509;595003;2019-01-30;FRC;Z19;;;12;3155;578550941.0;;;3.61;3.61;3.61;3.61;3.61;3.61;0.0;0.0
106510;595004;2019-01-30;FRC;F20;;;26;7545;1381251996.0;;;3.68;3.61;3.68;3.64;3.61;3.65;3.61;3.64
106511;595005;2019-01-30;FRC;J20;;;8;2137;389444899.0;;;3.66;3.62;3.66;3.65;3.62;3.66;0.0;0.0
106512;595006;2019-01-30;FRC;N20;;;4;1170;212206894.0;;;3.69;3.69;3.69;3.69;3.69;3.69;0.0;0.0
106513;595007;2019-01-30;FRC;V20;;;5;1165;210334455.0;;;3.69;3.69;3.69;3.69;3.69;3.69;0.0;0.0
106514;595008;2019-01-30;FRC;F21;;;9;7257;1303565413.0;;;3.75;3.67;3.75;3.73;3.67;3.7;3.67;3.7
106515;595009;2019-01-30;FRC;J21;;;2;386;69057683.0;;;3.71;3.71;3.71;3.71;3.71;3.71;0.0;0.0
106516;595010;2019-01-30;FRC;N21;;;1;192;34190973.0;;;3.72;3.72;3.72;3.72;3.72;3.72;0.0;0.0
106517;595011;2019-01-30;FRC;V21;;;1;191;33857567.0;;;3.72;3.72;3.72;3.72;3.72;3.72;0.0;0.0
106518;595012;2019-01-30;FRC;F22;;;4;760;134076262.0;;;3.73;3.73;3.73;3.73;3.73;3.73;0.0;0.0
106519;595013;2019-01-30;FRC;J22;;;1;76;13350927.0;;;3.74;3.74;3.74;3.74;3.74;3.74;0.0;0.0
106520;595014;2019-01-30;FRC;N22;;;1;19;3322757.0;;;3.76;3.76;3.76;3.76;3.76;3.76;0.0;0.0
106521;595015;2019-01-30;FRC;V22;;;0;0;0.0;;;0.0;0.0;0.0;0.0;0.0;3.78;0.0;0.0
106522;595016;2019-01-30;FRC;F23;;;10;5819;1007387251.0;;;3.8;3.78;3.8;3.79;3.78;3.78;0.0;0.0
106523;595017;2019-01-30;FRC;J23;;;0;0;0.0;;;0.0;0.0;0.0;0.0;0.0;3.81;0.0;0.0
106524;595018;2019-01-30;FRC;N23;;;1;37;6341766.0;;;3.84;3.84;3.84;3.84;3.84;3.84;0.0;0.0
106525;595019;2019-01-30;FRC;V23;;;0;0;0.0;;;0.0;0.0;0.0;0.0;0.0;3.83;0.0;0.0
106526;595020;2019-01-30;FRC;F24;;;5;1104;187455356.0;;;3.87;3.87;3.87;3.87;3.87;3.87;0.0;0.0
106527;595021;2019-01-30;FRC;N24;;;0;0;0.0;;;0.0;0.0;0.0;0.0;0.0;3.88;0.0;0.0
106528;595022;2019-01-30;FRC;F25;;;2;5068;843358074.0;;;3.96;3.96;3.96;3.96;3.96;3.96;0.0;0.0
106529;595023;2019-01-30;FRC;N25;;;0;0;0.0;;;0.0;0.0;0.0;0.0;0.0;4.0;0.0;0.0
106530;595024;2019-01-30;FRC;F26;;;0;0;0.0;;;0.0;0.0;0.0;0.0;0.0;4.07;0.0;0.0
106531;595025;2019-01-30;FRC;N26;;;0;0;0.0;;;0.0;0.0;0.0;0.0;0.0;4.14;0.0;0.0
106532;595026;2019-01-30;FRC;F27;;;0;0;0.0;;;0.0;0.0;0.0;0.0;0.0;4.24;0.0;0.0
106533;595027;2019-01-30;FRC;F28;;;0;0;0.0;;;0.0;0.0;0.0;0.0;0.0;4.41;0.0;0.0
106534;595028;2019-01-30;FRC;F29;;;0;0;0.0;;;0.0;0.0;0.0;0.0;0.0;4.52;0.0;0.0
106535;595029;2019-01-30;FRC;F30;;;0;0;0.0;;;0.0;0.0;0.0;0.0;0.0;4.57;0.0;0.0
106536;595030;2019-01-30;FRC;F31;;;0;0;0.0;;;0.0;0.0;0.0;0.0;0.0;4.63;0.0;0.0
106537;595208;2019-01-31;FRC;J19;;;87;124717;22853470797.0;;;3.0;2.95;3.09;3.05;3.09;3.09;0.0;3.1
106538;595209;2019-01-31;FRC;K19;;;75;81796;14964180338.0;;;3.27;3.23;3.34;3.3;3.32;3.32;0.0;3.33
106539;595210;2019-01-31;FRC;M19;;;55;56712;10359408545.0;;;3.31;3.31;3.37;3.34;3.35;3.35;0.0;0.0
106540;595211;2019-01-31;FRC;N19;;;46;24268;4427182625.0;;;3.32;3.32;3.39;3.34;3.35;3.35;0.0;0.0
106541;595212;2019-01-31;FRC;Q19;;;13;5364;976972279.0;;;3.47;3.42;3.47;3.42;3.42;3.42;0.0;0.0
106542;595213;2019-01-31;FRC;U19;;;2;396;72013380.0;;;3.45;3.43;3.45;3.44;3.43;3.43;0.0;0.0
106543;595214;2019-01-31;FRC;V19;;;8;2970;539356078.0;;;3.43;3.43;3.46;3.44;3.46;3.46;0.0;0.0
106544;595215;2019-01-31;FRC;X19;;;5;1385;251078101.0;;;3.52;3.52;3.52;3.52;3.52;3.52;0.0;0.0
106545;595216;2019-01-31;FRC;Z19;;;12;7596;1374702214.0;;;3.6;3.56;3.6;3.56;3.56;3.56;0.0;0.0
106546;595217;2019-01-31;FRC;F20;;;62;33609;6072527978.0;;;3.65;3.5;3.65;3.59;3.5;3.6;0.0;0.0
106547;595218;2019-01-31;FRC;G20;;;0;0;0.0;;;0.0;0.0;0.0;0.0;0.0;3.61;0.0;0.0
106548;595219;2019-01-31;FRC;J20;;;9;2353;423236705.0;;;3.61;3.61;3.61;3.61;3.61;3.61;0.0;0.0
106549;595220;2019-01-31;FRC;N20;;;10;2342;419268070.0;;;3.65;3.65;3.65;3.65;3.65;3.65;0.0;0.0
106550;595221;2019-01-31;FRC;V20;;;3;388;69132851.0;;;3.69;3.65;3.69;3.67;3.65;3.65;0.0;0.0
106551;595222;2019-01-31;FRC;F21;;;14;4068;721577841.0;;;3.7;3.65;3.73;3.65;3.65;3.65;0.0;0.0
106552;595223;2019-01-31;FRC;J21;;;0;0;0.0;;;0.0;0.0;0.0;0.0;0.0;3.66;0.0;0.0
106553;595224;2019-01-31;FRC;N21;;;1;192;33756492.0;;;3.67;3.67;3.67;3.67;3.67;3.67;0.0;0.0
106554;595225;2019-01-31;FRC;V21;;;0;0;0.0;;;0.0;0.0;0.0;0.0;0.0;3.67;0.0;0.0
106555;595226;2019-01-31;FRC;F22;;;12;3044;530354219.0;;;3.67;3.67;3.67;3.67;3.67;3.67;0.0;0.0
106556;595227;2019-01-31;FRC;J22;;;0;0;0.0;;;0.0;0.0;0.0;0.0;0.0;3.68;0.0;0.0
106557;595228;2019-01-31;FRC;N22;;;4;756;130554900.0;;;3.69;3.69;3.69;3.69;3.69;3.69;0.0;0.0
106558;595229;2019-01-31;FRC;V22;;;0;0;0.0;;;0.0;0.0;0.0;0.0;0.0;3.71;0.0;0.0
106559;595230;2019-01-31;FRC;F23;;;8;6126;1048332436.0;;;3.7;3.7;3.7;3.7;3.7;3.7;0.0;3.7
106560;595231;2019-01-31;FRC;J23;;;0;0;0.0;;;0.0;0.0;0.0;0.0;0.0;3.74;0.0;0.0
106561;595232;2019-01-31;FRC;N23;;;0;0;0.0;;;0.0;0.0;0.0;0.0;0.0;3.78;0.0;0.0
106562;595233;2019-01-31;FRC;V23;;;0;0;0.0;;;0.0;0.0;0.0;0.0;0.0;3.77;0.0;0.0
106563;595234;2019-01-31;FRC;F24;;;9;2502;419569635.0;;;3.87;3.77;3.87;3.82;3.77;3.77;0.0;0.0
106564;595235;2019-01-31;FRC;N24;;;2;146;24239148.0;;;3.88;3.88;3.88;3.88;3.88;3.78;0.0;0.0
106565;595236;2019-01-31;FRC;F25;;;10;4314;710256119.0;;;3.95;3.85;3.95;3.85;3.85;3.85;0.0;0.0
106566;595237;2019-01-31;FRC;N25;;;2;305;49580682.0;;;4.0;4.0;4.0;4.0;4.0;3.9;0.0;0.0
106567;595238;2019-01-31;FRC;F26;;;3;534;86040202.0;;;3.99;3.99;3.99;3.99;3.99;3.99;0.0;0.0
106568;595239;2019-01-31;FRC;N26;;;2;142;22594925.0;;;4.14;4.14;4.14;4.14;4.14;4.05;0.0;0.0
106569;595240;2019-01-31;FRC;F27;;;3;701;110459177.0;;;4.13;4.13;4.13;4.13;4.13;4.13;0.0;0.0
106570;595241;2019-01-31;FRC;F28;;;6;1889;289704504.0;;;4.41;4.28;4.41;4.37;4.28;4.28;4.2;0.0
106571;595242;2019-01-31;FRC;F29;;;0;0;0.0;;;0.0;0.0;0.0;0.0;0.0;4.39;0.0;0.0
106572;595243;2019-01-31;FRC;F30;;;0;0;0.0;;;0.0;0.0;0.0;0.0;0.0;4.44;0.0;0.0
106573;595244;2019-01-31;FRC;F31;;;0;0;0.0;;;0.0;0.0;0.0;0.0;0.0;4.5;0.0;0.0
106574;595423;2019-02-01;FRC;J19;;;67;123656;22496580675.0;;;3.15;3.01;3.15;3.05;3.01;3.01;3.01;0.0
106575;595424;2019-02-01;FRC;K19;;;30;35878;6516820509.0;;;3.38;3.27;3.38;3.28;3.27;3.27;0.0;0.0
106576;595425;2019-02-01;FRC;M19;;;12;13063;2369216049.0;;;3.35;3.3;3.37;3.3;3.3;3.3;0.0;0.0
106577;595426;2019-02-01;FRC;N19;;;62;94589;17132707764.0;;;3.37;3.3;3.4;3.33;3.3;3.3;0.0;0.0
106578;595427;2019-02-01;FRC;Q19;;;5;4012;725639853.0;;;3.42;3.34;3.42;3.34;3.34;3.34;3.34;0.0
106579;595428;2019-02-01;FRC;U19;;;9;4363;787921401.0;;;3.36;3.36;3.36;3.36;3.36;3.36;0.0;0.0
106580;595429;2019-02-01;FRC;V19;;;10;4060;732025550.0;;;3.48;3.42;3.48;3.44;3.42;3.39;3.39;0.0
106581;595430;2019-02-01;FRC;X19;;;2;218;39239627.0;;;3.51;3.5;3.51;3.5;3.5;3.45;0.0;0.0
106582;595431;2019-02-01;FRC;Z19;;;23;8038;1444737788.0;;;3.56;3.49;3.56;3.49;3.49;3.49;0.0;0.0
106583;595432;2019-02-01;FRC;F20;;;37;14168;2542145655.0;;;3.6;3.54;3.6;3.54;3.54;3.54;0.0;3.54
106584;595433;2019-02-01;FRC;G20;;;1;590;105690599.0;;;3.56;3.56;3.56;3.56;3.56;3.56;0.0;0.0
106585;595434;2019-02-01;FRC;J20;;;5;276;49303585.0;;;3.62;3.56;3.62;3.57;3.56;3.55;0.0;0.0
106586;595435;2019-02-01;FRC;N20;;;3;293;52092671.0;;;3.65;3.59;3.65;3.61;3.59;3.59;0.0;0.0
106587;595436;2019-02-01;FRC;V20;;;2;214;37878992.0;;;3.65;3.6;3.65;3.6;3.6;3.6;0.0;0.0
106588;595437;2019-02-01;FRC;F21;;;27;7011;1235401456.0;;;3.64;3.59;3.64;3.59;3.59;3.59;0.0;0.0
106589;595438;2019-02-01;FRC;J21;;;1;193;33861369.0;;;3.61;3.61;3.61;3.61;3.61;3.61;0.0;0.0
106590;595439;2019-02-01;FRC;N21;;;1;192;33529794.0;;;3.63;3.63;3.63;3.63;3.63;3.63;0.0;0.0
106591;595440;2019-02-01;FRC;V21;;;1;19;3300742.0;;;3.67;3.67;3.67;3.67;3.67;3.63;0.0;0.0
106592;595441;2019-02-01;FRC;F22;;;4;285;49310319.0;;;3.67;3.64;3.67;3.64;3.64;3.64;0.0;0.0
106593;595442;2019-02-01;FRC;J22;;;0;0;0.0;;;0.0;0.0;0.0;0.0;0.0;3.65;0.0;0.0
106594;595443;2019-02-01;FRC;N22;;;0;0;0.0;;;0.0;0.0;0.0;0.0;0.0;3.67;0.0;0.0
106595;595444;2019-02-01;FRC;V22;;;0;0;0.0;;;0.0;0.0;0.0;0.0;0.0;3.7;0.0;0.0
106596;595445;2019-02-01;FRC;F23;;;8;1910;324540440.0;;;3.7;3.69;3.7;3.69;3.69;3.69;0.0;0.0
106597;595446;2019-02-01;FRC;J23;;;4;748;126531819.0;;;3.71;3.71;3.71;3.71;3.71;3.71;0.0;0.0
106598;595447;2019-02-01;FRC;N23;;;1;186;31305832.0;;;3.74;3.74;3.74;3.74;3.74;3.74;0.0;0.0
106599;595448;2019-02-01;FRC;V23;;;2;370;62008574.0;;;3.73;3.73;3.73;3.73;3.73;3.73;0.0;0.0
106600;595449;2019-02-01;FRC;F24;;;4;257;42836005.0;;;3.78;3.76;3.78;3.76;3.76;3.76;0.0;0.0
106601;595450;2019-02-01;FRC;N24;;;0;0;0.0;;;0.0;0.0;0.0;0.0;0.0;3.77;0.0;0.0
106602;595451;2019-02-01;FRC;F25;;;8;1395;228154972.0;;;3.85;3.83;3.85;3.83;3.83;3.83;0.0;0.0
106603;595452;2019-02-01;FRC;N25;;;1;72;11655291.0;;;3.9;3.9;3.9;3.9;3.9;3.88;0.0;0.0
106604;595453;2019-02-01;FRC;F26;;;6;908;145371228.0;;;3.99;3.96;3.99;3.96;3.96;3.96;0.0;0.0
106605;595454;2019-02-01;FRC;N26;;;0;0;0.0;;;0.0;0.0;0.0;0.0;0.0;4.02;0.0;0.0
106606;595455;2019-02-01;FRC;F27;;;0;0;0.0;;;0.0;0.0;0.0;0.0;0.0;4.1;0.0;0.0
106607;595456;2019-02-01;FRC;F28;;;0;0;0.0;;;0.0;0.0;0.0;0.0;0.0;4.25;0.0;0.0
106608;595457;2019-02-01;FRC;F29;;;0;0;0.0;;;0.0;0.0;0.0;0.0;0.0;4.36;0.0;0.0
106609;595458;2019-02-01;FRC;F30;;;0;0;0.0;;;0.0;0.0;0.0;0.0;0.0;4.41;0.0;0.0
106610;595459;2019-02-01;FRC;F31;;;0;0;0.0;;;0.0;0.0;0.0;0.0;0.0;4.47;0.0;0.0
106611;595634;2019-02-04;FRC;J19;;;18;25645;4684492304.0;;;3.03;3.03;3.05;3.04;3.05;3.05;3.01;0.0
106612;595635;2019-02-04;FRC;K19;;;19;26524;4837210631.0;;;3.31;3.31;3.31;3.31;3.31;3.31;0.0;0.0
106613;595636;2019-02-04;FRC;M19;;;13;8341;1518882500.0;;;3.33;3.33;3.33;3.33;3.33;3.33;0.0;0.0
106614;595637;2019-02-04;FRC;N19;;;0;0;0.0;;;0.0;0.0;0.0;0.0;0.0;3.33;0.0;0.0
106615;595638;2019-02-04;FRC;Q19;;;10;7747;1406766049.0;;;3.38;3.36;3.38;3.37;3.36;3.38;0.0;0.0
106616;595639;2019-02-04;FRC;U19;;;2;396;71799623.0;;;3.38;3.38;3.38;3.38;3.38;3.38;0.0;0.0
106617;595640;2019-02-04;FRC;V19;;;2;396;71701463.0;;;3.39;3.39;3.39;3.39;3.39;3.43;0.0;3.43
106618;595641;2019-02-04;FRC;X19;;;21;13243;2393497772.0;;;3.49;3.49;3.49;3.49;3.49;3.49;0.0;0.0
106619;595642;2019-02-04;FRC;Z19;;;10;6709;1210568776.0;;;3.53;3.53;3.53;3.53;3.53;3.53;0.0;0.0
106620;595643;2019-02-04;FRC;F20;;;14;9122;1643223641.0;;;3.6;3.56;3.6;3.56;3.57;3.57;0.0;0.0
106621;595644;2019-02-04;FRC;G20;;;0;0;0.0;;;0.0;0.0;0.0;0.0;0.0;3.59;0.0;0.0
106622;595645;2019-02-04;FRC;J20;;;12;4726;847591415.0;;;3.56;3.56;3.58;3.57;3.58;3.58;0.0;0.0
106623;595646;2019-02-04;FRC;N20;;;12;8203;1464441442.0;;;3.6;3.6;3.6;3.6;3.6;3.6;0.0;0.0
106624;595647;2019-02-04;FRC;V20;;;2;390;69313912.0;;;3.61;3.61;3.61;3.61;3.61;3.61;0.0;0.0
106625;595648;2019-02-04;FRC;F21;;;8;2131;376940314.0;;;3.62;3.62;3.62;3.62;3.62;3.62;0.0;3.62
106626;595649;2019-02-04;FRC;J21;;;4;1929;339737356.0;;;3.63;3.63;3.63;3.63;3.63;3.63;0.0;0.0
106627;595650;2019-02-04;FRC;N21;;;6;1037;181814020.0;;;3.63;3.63;3.64;3.63;3.64;3.64;0.0;0.0
106628;595651;2019-02-04;FRC;V21;;;0;0;0.0;;;0.0;0.0;0.0;0.0;0.0;3.64;0.0;0.0
106629;595652;2019-02-04;FRC;F22;;;12;4701;816726648.0;;;3.65;3.64;3.65;3.64;3.65;3.65;0.0;0.0
106630;595653;2019-02-04;FRC;J22;;;0;0;0.0;;;0.0;0.0;0.0;0.0;0.0;3.65;0.0;0.0
106631;595654;2019-02-04;FRC;N22;;;2;378;65113131.0;;;3.65;3.65;3.65;3.65;3.65;3.65;0.0;0.0
106632;595655;2019-02-04;FRC;V22;;;1;188;32221249.0;;;3.68;3.68;3.68;3.68;3.68;3.68;0.0;0.0
106633;595656;2019-02-04;FRC;F23;;;8;7197;1228333457.0;;;3.69;3.67;3.7;3.67;3.67;3.7;3.65;3.69
106634;595657;2019-02-04;FRC;J23;;;0;0;0.0;;;0.0;0.0;0.0;0.0;0.0;3.72;0.0;0.0
106635;595658;2019-02-04;FRC;N23;;;0;0;0.0;;;0.0;0.0;0.0;0.0;0.0;3.74;0.0;0.0
106636;595659;2019-02-04;FRC;V23;;;0;0;0.0;;;0.0;0.0;0.0;0.0;0.0;3.73;0.0;0.0
106637;595660;2019-02-04;FRC;F24;;;13;3869;647855869.0;;;3.75;3.75;3.76;3.75;3.75;3.75;0.0;0.0
106638;595661;2019-02-04;FRC;N24;;;0;0;0.0;;;0.0;0.0;0.0;0.0;0.0;3.76;0.0;0.0
106639;595662;2019-02-04;FRC;F25;;;9;6538;1074242514.0;;;3.82;3.82;3.82;3.82;3.82;3.82;0.0;3.82
106640;595663;2019-02-04;FRC;N25;;;0;0;0.0;;;0.0;0.0;0.0;0.0;0.0;3.87;0.0;0.0
106641;595664;2019-02-04;FRC;F26;;;0;0;0.0;;;0.0;0.0;0.0;0.0;0.0;3.95;0.0;0.0
106642;595665;2019-02-04;FRC;N26;;;0;0;0.0;;;0.0;0.0;0.0;0.0;0.0;4.01;0.0;0.0
106643;595666;2019-02-04;FRC;F27;;;3;525;82521768.0;;;4.1;4.1;4.1;4.1;4.1;4.1;0.0;0.0
106644;595667;2019-02-04;FRC;F28;;;0;0;0.0;;;0.0;0.0;0.0;0.0;0.0;4.25;0.0;0.0
106645;595668;2019-02-04;FRC;F29;;;0;0;0.0;;;0.0;0.0;0.0;0.0;0.0;4.36;0.0;0.0
106646;595669;2019-02-04;FRC;F30;;;0;0;0.0;;;0.0;0.0;0.0;0.0;0.0;4.41;4.41;0.0
106647;595670;2019-02-04;FRC;F31;;;0;0;0.0;;;0.0;0.0;0.0;0.0;0.0;4.47;0.0;0.0
106648;595844;2019-02-05;FRC;J19;;;78;103926;19010413147.0;;;3.07;3.07;3.12;3.1;3.1;3.1;0.0;0.0
106649;595845;2019-02-05;FRC;K19;;;54;111678;20395485709.0;;;3.35;3.34;3.36;3.34;3.34;3.34;0.0;0.0
106650;595846;2019-02-05;FRC;M19;;;8;6571;1198258783.0;;;3.35;3.35;3.35;3.35;3.35;3.35;0.0;0.0
106651;595847;2019-02-05;FRC;N19;;;9;18934;3448259740.0;;;3.35;3.35;3.35;3.35;3.35;3.35;0.0;3.37
106652;595848;2019-02-05;FRC;Q19;;;17;21606;3928781346.0;;;3.4;3.4;3.43;3.4;3.4;3.4;3.38;3.4
106653;595849;2019-02-05;FRC;U19;;;0;0;0.0;;;0.0;0.0;0.0;0.0;0.0;3.4;0.0;0.0
106654;595850;2019-02-05;FRC;V19;;;38;7509;1361334332.0;;;3.43;3.42;3.45;3.44;3.45;3.45;3.42;0.0
106655;595851;2019-02-05;FRC;X19;;;6;2767;500784916.0;;;3.51;3.51;3.51;3.51;3.51;3.51;0.0;0.0
106656;595852;2019-02-05;FRC;Z19;;;15;18354;3316188558.0;;;3.54;3.54;3.56;3.55;3.56;3.56;0.0;0.0
106657;595853;2019-02-05;FRC;F20;;;84;50944;9189342827.0;;;3.57;3.57;3.6;3.59;3.6;3.6;3.55;3.6
106658;595854;2019-02-05;FRC;G20;;;1;20;3602748.0;;;3.6;3.6;3.6;3.6;3.6;3.62;0.0;0.0
106659;595855;2019-02-05;FRC;J20;;;2;9809;1761499061.0;;;3.6;3.6;3.6;3.6;3.6;3.61;0.0;0.0
106660;595856;2019-02-05;FRC;N20;;;15;5275;942932541.0;;;3.6;3.6;3.63;3.62;3.63;3.63;0.0;0.0
106661;595857;2019-02-05;FRC;V20;;;0;0;0.0;;;0.0;0.0;0.0;0.0;0.0;3.64;0.0;0.0
106662;595858;2019-02-05;FRC;F21;;;35;10487;1857182748.0;;;3.62;3.61;3.65;3.64;3.65;3.65;0.0;0.0
106663;595859;2019-02-05;FRC;J21;;;0;0;0.0;;;0.0;0.0;0.0;0.0;0.0;3.66;0.0;0.0
106664;595860;2019-02-05;FRC;N21;;;2;3649;640761050.0;;;3.63;3.63;3.63;3.63;3.63;3.67;0.0;0.0
106665;595861;2019-02-05;FRC;V21;;;1;191;33384909.0;;;3.64;3.64;3.64;3.64;3.64;3.67;0.0;0.0
106666;595862;2019-02-05;FRC;F22;;;4;5923;1030530489.0;;;3.65;3.65;3.67;3.65;3.67;3.68;0.0;0.0
106667;595863;2019-02-05;FRC;J22;;;2;436;75536186.0;;;3.65;3.65;3.65;3.65;3.65;3.68;0.0;0.0
106668;595864;2019-02-05;FRC;N22;;;8;4535;782062642.0;;;3.67;3.67;3.67;3.67;3.67;3.67;3.67;0.0
106669;595865;2019-02-05;FRC;V22;;;2;377;64718472.0;;;3.68;3.68;3.68;3.68;3.68;3.68;3.68;0.0
106670;595866;2019-02-05;FRC;F23;;;14;7511;1282966548.0;;;3.72;3.69;3.72;3.7;3.69;3.69;3.69;0.0
106671;595867;2019-02-05;FRC;J23;;;2;224;38088294.0;;;3.72;3.72;3.72;3.72;3.72;3.7;0.0;0.0
106672;595868;2019-02-05;FRC;N23;;;2;372;62992492.0;;;3.71;3.71;3.71;3.71;3.71;3.71;0.0;0.0
106673;595869;2019-02-05;FRC;V23;;;2;204;34370129.0;;;3.75;3.75;3.75;3.75;3.75;3.72;0.0;0.0
106674;595870;2019-02-05;FRC;F24;;;4;681;114181182.0;;;3.75;3.75;3.77;3.75;3.77;3.77;3.73;3.8
106675;595871;2019-02-05;FRC;N24;;;0;0;0.0;;;0.0;0.0;0.0;0.0;0.0;3.77;0.0;0.0
106676;595872;2019-02-05;FRC;F25;;;4;728;119816899.0;;;3.82;3.82;3.82;3.82;3.82;3.82;0.0;0.0
106677;595873;2019-02-05;FRC;N25;;;0;0;0.0;;;0.0;0.0;0.0;0.0;0.0;3.87;0.0;0.0
106678;595874;2019-02-05;FRC;F26;;;0;0;0.0;;;0.0;0.0;0.0;0.0;0.0;3.95;0.0;0.0
106679;595875;2019-02-05;FRC;N26;;;0;0;0.0;;;0.0;0.0;0.0;0.0;0.0;4.01;0.0;0.0
106680;595876;2019-02-05;FRC;F27;;;0;0;0.0;;;0.0;0.0;0.0;0.0;0.0;4.1;0.0;0.0
106681;595877;2019-02-05;FRC;F28;;;0;0;0.0;;;0.0;0.0;0.0;0.0;0.0;4.25;0.0;0.0
106682;595878;2019-02-05;FRC;F29;;;0;0;0.0;;;0.0;0.0;0.0;0.0;0.0;4.36;0.0;0.0
106683;595879;2019-02-05;FRC;F30;;;0;0;0.0;;;0.0;0.0;0.0;0.0;0.0;4.41;0.0;0.0
106684;595880;2019-02-05;FRC;F31;;;0;0;0.0;;;0.0;0.0;0.0;0.0;0.0;4.47;0.0;0.0
106685;596054;2019-02-06;FRC;J19;;;55;131427;24131188894.0;;;3.15;3.08;3.15;3.11;3.1;3.1;0.0;0.0
106686;596055;2019-02-06;FRC;K19;;;21;20738;3801563260.0;;;3.38;3.32;3.38;3.34;3.32;3.32;0.0;0.0
106687;596056;2019-02-06;FRC;M19;;;4;3485;637902127.0;;;3.35;3.35;3.35;3.35;3.35;3.34;0.0;0.0
106688;596057;2019-02-06;FRC;N19;;;7;18576;3395680228.0;;;3.37;3.35;3.37;3.36;3.35;3.35;0.0;0.0
106689;596058;2019-02-06;FRC;Q19;;;6;1609;293674595.0;;;3.43;3.38;3.43;3.4;3.38;3.38;0.0;0.0
106690;596059;2019-02-06;FRC;U19;;;2;595;108438677.0;;;3.4;3.4;3.4;3.4;3.4;3.4;0.0;0.0
106691;596060;2019-02-06;FRC;V19;;;2;1584;288222072.0;;;3.47;3.47;3.48;3.47;3.48;3.45;0.0;0.0
106692;596061;2019-02-06;FRC;X19;;;5;6127;1113004844.0;;;3.54;3.51;3.54;3.52;3.52;3.51;0.0;0.0
106693;596062;2019-02-06;FRC;Z19;;;12;14603;2648298084.0;;;3.56;3.56;3.57;3.56;3.57;3.57;0.0;0.0
106694;596063;2019-02-06;FRC;F20;;;22;26795;4851256678.0;;;3.6;3.6;3.61;3.6;3.6;3.61;3.61;0.0
106695;596064;2019-02-06;FRC;G20;;;13;17311;3129164113.0;;;3.61;3.6;3.61;3.6;3.61;3.6;0.0;0.0
106696;596065;2019-02-06;FRC;J20;;;6;3922;706907340.0;;;3.61;3.61;3.62;3.61;3.62;3.62;0.0;0.0
106697;596066;2019-02-06;FRC;N20;;;12;8007;1436529533.0;;;3.63;3.63;3.64;3.63;3.64;3.64;0.0;0.0
106698;596067;2019-02-06;FRC;V20;;;2;777;138766504.0;;;3.64;3.64;3.64;3.64;3.64;3.65;0.0;0.0
106699;596068;2019-02-06;FRC;F21;;;23;10689;1899955491.0;;;3.66;3.63;3.66;3.65;3.66;3.66;0.0;3.66
106700;596069;2019-02-06;FRC;J21;;;2;964;170593908.0;;;3.67;3.67;3.67;3.67;3.67;3.67;0.0;0.0
106701;596070;2019-02-06;FRC;N21;;;3;576;101467983.0;;;3.68;3.68;3.68;3.68;3.68;3.68;0.0;0.0
106702;596071;2019-02-06;FRC;V21;;;0;0;0.0;;;0.0;0.0;0.0;0.0;0.0;3.68;0.0;0.0
106703;596072;2019-02-06;FRC;F22;;;18;5994;1046159074.0;;;3.68;3.68;3.7;3.69;3.7;3.7;0.0;0.0
106704;596073;2019-02-06;FRC;J22;;;0;0;0.0;;;0.0;0.0;0.0;0.0;0.0;3.71;0.0;0.0
106705;596074;2019-02-06;FRC;N22;;;2;378;65392674.0;;;3.71;3.71;3.71;3.71;3.71;3.71;0.0;0.0
106706;596075;2019-02-06;FRC;V22;;;0;0;0.0;;;0.0;0.0;0.0;0.0;0.0;3.73;3.7;0.0
106707;596076;2019-02-06;FRC;F23;;;22;22875;3921896123.0;;;3.7;3.7;3.74;3.71;3.74;3.74;0.0;0.0
106708;596077;2019-02-06;FRC;J23;;;3;5077;866680279.0;;;3.71;3.71;3.71;3.71;3.71;3.76;0.0;3.76
106709;596078;2019-02-06;FRC;N23;;;5;5949;1010800192.0;;;3.73;3.72;3.77;3.72;3.77;3.77;0.0;0.0
106710;596079;2019-02-06;FRC;V23;;;2;370;62534129.0;;;3.77;3.77;3.77;3.77;3.77;3.77;0.0;0.0
106711;596080;2019-02-06;FRC;F24;;;9;3868;650370754.0;;;3.78;3.78;3.82;3.8;3.82;3.82;0.0;0.0
106712;596081;2019-02-06;FRC;N24;;;3;3291;548316802.0;;;3.8;3.8;3.84;3.82;3.84;3.82;0.0;0.0
106713;596082;2019-02-06;FRC;F25;;;5;3156;520584155.0;;;3.84;3.84;3.88;3.86;3.88;3.87;0.0;0.0
106714;596083;2019-02-06;FRC;N25;;;0;0;0.0;;;0.0;0.0;0.0;0.0;0.0;3.92;0.0;0.0
106715;596084;2019-02-06;FRC;F26;;;0;0;0.0;;;0.0;0.0;0.0;0.0;0.0;4.0;0.0;0.0
106716;596085;2019-02-06;FRC;N26;;;0;0;0.0;;;0.0;0.0;0.0;0.0;0.0;4.06;0.0;0.0
106717;596086;2019-02-06;FRC;F27;;;4;700;110434529.0;;;4.15;4.15;4.15;4.15;4.15;4.15;0.0;0.0
106718;596087;2019-02-06;FRC;F28;;;0;0;0.0;;;0.0;0.0;0.0;0.0;0.0;4.33;0.0;0.0
106719;596088;2019-02-06;FRC;F29;;;0;0;0.0;;;0.0;0.0;0.0;0.0;0.0;4.44;0.0;0.0
106720;596089;2019-02-06;FRC;F30;;;0;0;0.0;;;0.0;0.0;0.0;0.0;0.0;4.49;0.0;0.0
106721;596090;2019-02-06;FRC;F31;;;0;0;0.0;;;0.0;0.0;0.0;0.0;0.0;4.55;0.0;0.0
106722;596264;2019-02-07;FRC;J19;;;50;130249;24059475374.0;;;3.11;3.03;3.11;3.05;3.03;3.03;0.0;0.0
106723;596265;2019-02-07;FRC;K19;;;55;179048;33021415315.0;;;3.32;3.28;3.32;3.28;3.28;3.28;0.0;0.0
106724;596266;2019-02-07;FRC;M19;;;5;2191;403474520.0;;;3.32;3.32;3.32;3.32;3.32;3.32;0.0;0.0
106725;596267;2019-02-07;FRC;N19;;;7;54696;10059724337.0;;;3.3;3.3;3.31;3.3;3.31;3.3;3.3;0.0
106726;596268;2019-02-07;FRC;Q19;;;5;2383;437605546.0;;;3.36;3.36;3.36;3.36;3.36;3.36;0.0;3.36
106727;596269;2019-02-07;FRC;U19;;;3;991;181708787.0;;;3.37;3.37;3.37;3.37;3.37;3.37;0.0;0.0
106728;596270;2019-02-07;FRC;V19;;;10;2198;402417961.0;;;3.46;3.41;3.48;3.42;3.43;3.41;0.0;0.0
106729;596271;2019-02-07;FRC;X19;;;0;0;0.0;;;0.0;0.0;0.0;0.0;0.0;3.47;0.0;0.0
106730;596272;2019-02-07;FRC;Z19;;;9;5921;1080457216.0;;;3.52;3.52;3.52;3.52;3.52;3.52;0.0;0.0
106731;596273;2019-02-07;FRC;F20;;;25;21044;3833839271.0;;;3.58;3.54;3.58;3.55;3.55;3.55;3.54;3.55
106732;596274;2019-02-07;FRC;G20;;;4;2361;429486885.0;;;3.54;3.54;3.54;3.54;3.54;3.54;0.0;0.0
106733;596275;2019-02-07;FRC;J20;;;17;6865;1245099610.0;;;3.57;3.57;3.57;3.57;3.57;3.57;0.0;0.0
106734;596276;2019-02-07;FRC;N20;;;0;0;0.0;;;0.0;0.0;0.0;0.0;0.0;3.59;0.0;0.0
106735;596277;2019-02-07;FRC;V20;;;1;39;7010009.0;;;3.6;3.6;3.6;3.6;3.6;3.6;0.0;0.0
106736;596278;2019-02-07;FRC;F21;;;20;17041;3047583839.0;;;3.66;3.61;3.66;3.64;3.61;3.61;0.0;3.61
106737;596279;2019-02-07;FRC;J21;;;2;1927;343018191.0;;;3.68;3.68;3.68;3.68;3.68;3.62;0.0;0.0
106738;596280;2019-02-07;FRC;N21;;;0;0;0.0;;;0.0;0.0;0.0;0.0;0.0;3.63;0.0;0.0
106739;596281;2019-02-07;FRC;V21;;;1;191;33711785.0;;;3.64;3.64;3.64;3.64;3.64;3.64;0.0;0.0
106740;596282;2019-02-07;FRC;F22;;;9;3425;601524183.0;;;3.69;3.66;3.69;3.67;3.66;3.66;0.0;0.0
106741;596283;2019-02-07;FRC;J22;;;0;0;0.0;;;0.0;0.0;0.0;0.0;0.0;3.67;0.0;0.0
106742;596284;2019-02-07;FRC;N22;;;3;567;98723275.0;;;3.68;3.68;3.68;3.68;3.68;3.68;0.0;0.0
106743;596285;2019-02-07;FRC;V22;;;0;0;0.0;;;0.0;0.0;0.0;0.0;0.0;3.7;0.0;0.0
106744;596286;2019-02-07;FRC;F23;;;4;5245;904386099.0;;;3.74;3.71;3.74;3.72;3.71;3.71;0.0;0.0
106745;596287;2019-02-07;FRC;J23;;;0;0;0.0;;;0.0;0.0;0.0;0.0;0.0;3.73;0.0;0.0
106746;596288;2019-02-07;FRC;N23;;;0;0;0.0;;;0.0;0.0;0.0;0.0;0.0;3.75;0.0;0.0
106747;596289;2019-02-07;FRC;V23;;;0;0;0.0;;;0.0;0.0;0.0;0.0;0.0;3.75;0.0;0.0
106748;596290;2019-02-07;FRC;F24;;;10;2890;488695494.0;;;3.82;3.81;3.82;3.81;3.81;3.81;0.0;0.0
106749;596291;2019-02-07;FRC;N24;;;0;0;0.0;;;0.0;0.0;0.0;0.0;0.0;3.81;0.0;0.0
106750;596292;2019-02-07;FRC;F25;;;11;4623;767077535.0;;;3.87;3.85;3.87;3.86;3.87;3.87;0.0;0.0
106751;596293;2019-02-07;FRC;N25;;;0;0;0.0;;;0.0;0.0;0.0;0.0;0.0;3.92;0.0;0.0
106752;596294;2019-02-07;FRC;F26;;;0;0;0.0;;;0.0;0.0;0.0;0.0;0.0;4.0;0.0;0.0
106753;596295;2019-02-07;FRC;N26;;;0;0;0.0;;;0.0;0.0;0.0;0.0;0.0;4.06;0.0;0.0
106754;596296;2019-02-07;FRC;F27;;;2;1049;166211694.0;;;4.2;4.2;4.2;4.2;4.2;4.15;0.0;0.0
106755;596297;2019-02-07;FRC;F28;;;0;0;0.0;;;0.0;0.0;0.0;0.0;0.0;4.33;0.0;0.0
106756;596298;2019-02-07;FRC;F29;;;0;0;0.0;;;0.0;0.0;0.0;0.0;0.0;4.44;0.0;0.0
106757;596299;2019-02-07;FRC;F30;;;0;0;0.0;;;0.0;0.0;0.0;0.0;0.0;4.49;0.0;0.0
106758;596300;2019-02-07;FRC;F31;;;0;0;0.0;;;0.0;0.0;0.0;0.0;0.0;4.55;0.0;0.0
106759;596474;2019-02-08;FRC;J19;;;40;162651;30201233214.0;;;3.02;2.94;3.03;2.96;2.94;2.94;2.94;0.0
106760;596475;2019-02-08;FRC;K19;;;62;181097;33573080190.0;;;3.25;3.21;3.28;3.23;3.22;3.21;3.2;0.0
106761;596476;2019-02-08;FRC;M19;;;12;9758;1806380775.0;;;3.25;3.25;3.25;3.25;3.25;3.25;0.0;0.0
106762;596477;2019-02-08;FRC;N19;;;11;12732;2353921738.0;;;3.26;3.26;3.26;3.26;3.26;3.26;3.25;3.3
106763;596478;2019-02-08;FRC;Q19;;;6;7348;1356460303.0;;;3.31;3.31;3.31;3.31;3.31;3.31;0.0;0.0
106764;596479;2019-02-08;FRC;U19;;;5;5553;1023495827.0;;;3.36;3.32;3.36;3.34;3.32;3.32;0.0;0.0
106765;596480;2019-02-08;FRC;V19;;;4;2970;546644928.0;;;3.36;3.36;3.5;3.36;3.5;3.36;0.0;0.0
106766;596481;2019-02-08;FRC;X19;;;7;3914;719151220.0;;;3.41;3.41;3.55;3.44;3.55;3.44;0.0;0.0
106767;596482;2019-02-08;FRC;Z19;;;5;2566;470743964.0;;;3.47;3.47;3.47;3.47;3.47;3.47;0.0;0.0
106768;596483;2019-02-08;FRC;F20;;;52;24964;4571818535.0;;;3.54;3.51;3.54;3.52;3.53;3.53;3.52;3.53
106769;596484;2019-02-08;FRC;G20;;;3;1771;323849731.0;;;3.52;3.52;3.52;3.52;3.52;3.52;3.52;0.0
106770;596485;2019-02-08;FRC;J20;;;9;3335;608047356.0;;;3.55;3.55;3.55;3.55;3.55;3.55;0.0;0.0
106771;596486;2019-02-08;FRC;N20;;;9;3320;602579084.0;;;3.57;3.57;3.57;3.57;3.57;3.57;0.0;0.0
106772;596487;2019-02-08;FRC;V20;;;0;0;0.0;;;0.0;0.0;0.0;0.0;0.0;3.58;0.0;0.0
106773;596488;2019-02-08;FRC;F21;;;11;6392;1149554250.0;;;3.6;3.58;3.6;3.59;3.58;3.58;3.55;0.0
106774;596489;2019-02-08;FRC;J21;;;1;193;34561882.0;;;3.6;3.6;3.6;3.6;3.6;3.6;0.0;0.0
106775;596490;2019-02-08;FRC;N21;;;1;192;34223731.0;;;3.62;3.62;3.62;3.62;3.62;3.62;0.0;3.62
106776;596491;2019-02-08;FRC;V21;;;0;0;0.0;;;0.0;0.0;0.0;0.0;0.0;3.62;0.0;0.0
106777;596492;2019-02-08;FRC;F22;;;9;3810;672954052.0;;;3.64;3.63;3.64;3.63;3.63;3.63;0.0;0.0
106778;596493;2019-02-08;FRC;J22;;;0;0;0.0;;;0.0;0.0;0.0;0.0;0.0;3.64;0.0;0.0
106779;596494;2019-02-08;FRC;N22;;;0;0;0.0;;;0.0;0.0;0.0;0.0;0.0;3.65;0.0;0.0
106780;596495;2019-02-08;FRC;V22;;;0;0;0.0;;;0.0;0.0;0.0;0.0;0.0;3.68;0.0;0.0
106781;596496;2019-02-08;FRC;F23;;;14;9686;1679763452.0;;;3.7;3.69;3.7;3.69;3.7;3.69;0.0;0.0
106782;596497;2019-02-08;FRC;J23;;;0;0;0.0;;;0.0;0.0;0.0;0.0;0.0;3.72;0.0;0.0
106783;596498;2019-02-08;FRC;N23;;;1;186;31949830.0;;;3.74;3.74;3.74;3.74;3.74;3.74;0.0;0.0
106784;596499;2019-02-08;FRC;V23;;;2;370;63258436.0;;;3.75;3.75;3.75;3.75;3.75;3.75;0.0;0.0
106785;596500;2019-02-08;FRC;F24;;;10;3205;545064266.0;;;3.79;3.79;3.79;3.79;3.79;3.79;0.0;0.0
106786;596501;2019-02-08;FRC;N24;;;0;0;0.0;;;0.0;0.0;0.0;0.0;0.0;3.79;0.0;0.0
106787;596502;2019-02-08;FRC;F25;;;6;1086;181125016.0;;;3.86;3.86;3.86;3.86;3.86;3.86;0.0;0.0
106788;596503;2019-02-08;FRC;N25;;;0;0;0.0;;;0.0;0.0;0.0;0.0;0.0;3.9;0.0;0.0
106789;596504;2019-02-08;FRC;F26;;;2;179;29261470.0;;;3.97;3.97;3.97;3.97;3.97;3.97;0.0;0.0
106790;596505;2019-02-08;FRC;N26;;;0;0;0.0;;;0.0;0.0;0.0;0.0;0.0;4.02;0.0;0.0
106791;596506;2019-02-08;FRC;F27;;;0;0;0.0;;;0.0;0.0;0.0;0.0;0.0;4.1;0.0;0.0
106792;596507;2019-02-08;FRC;F28;;;1;172;26826959.0;;;4.27;4.27;4.27;4.27;4.27;4.27;0.0;0.0
106793;596508;2019-02-08;FRC;F29;;;0;0;0.0;;;0.0;0.0;0.0;0.0;0.0;4.38;0.0;0.0
106794;596509;2019-02-08;FRC;F30;;;0;0;0.0;;;0.0;0.0;0.0;0.0;0.0;4.43;0.0;0.0
106795;596510;2019-02-08;FRC;F31;;;0;0;0.0;;;0.0;0.0;0.0;0.0;0.0;4.49;0.0;0.0
106796;596684;2019-02-11;FRC;J19;;;43;59277;11047652442.0;;;2.96;2.94;2.99;2.94;2.95;2.94;2.94;2.96
106797;596685;2019-02-11;FRC;K19;;;27;32586;6063524519.0;;;3.23;3.23;3.26;3.24;3.24;3.24;3.24;0.0
106798;596686;2019-02-11;FRC;M19;;;8;6971;1295214269.0;;;3.28;3.28;3.28;3.28;3.28;3.28;3.28;3.32
106799;596687;2019-02-11;FRC;N19;;;19;12731;2362390245.0;;;3.29;3.27;3.32;3.28;3.32;3.29;3.3;0.0
106800;596688;2019-02-11;FRC;Q19;;;6;4369;809481304.0;;;3.33;3.33;3.45;3.34;3.45;3.33;0.0;0.0
106801;596689;2019-02-11;FRC;U19;;;0;0;0.0;;;0.0;0.0;0.0;0.0;0.0;3.35;0.0;0.0
106802;596690;2019-02-11;FRC;V19;;;11;4554;841251695.0;;;3.5;3.39;3.5;3.39;3.39;3.39;0.0;0.0
106803;596691;2019-02-11;FRC;X19;;;0;0;0.0;;;0.0;0.0;0.0;0.0;0.0;3.47;0.0;0.0
106804;596692;2019-02-11;FRC;Z19;;;15;23686;4360868558.0;;;3.5;3.5;3.51;3.5;3.51;3.51;0.0;0.0
106805;596693;2019-02-11;FRC;F20;;;26;38444;7065749628.0;;;3.55;3.55;3.57;3.56;3.56;3.56;3.56;0.0
106806;596694;2019-02-11;FRC;G20;;;2;394;72301855.0;;;3.57;3.57;3.57;3.57;3.57;3.57;0.0;0.0
106807;596695;2019-02-11;FRC;J20;;;7;2550;466583489.0;;;3.58;3.58;3.58;3.58;3.58;3.58;0.0;0.0
106808;596696;2019-02-11;FRC;N20;;;10;3905;711258501.0;;;3.6;3.6;3.6;3.6;3.6;3.6;0.0;0.0
106809;596697;2019-02-11;FRC;V20;;;2;58;10513287.0;;;3.62;3.62;3.62;3.62;3.62;3.61;0.0;0.0
106810;596698;2019-02-11;FRC;F21;;;29;10793;1948305907.0;;;3.57;3.57;3.6;3.59;3.6;3.6;3.6;0.0
106811;596699;2019-02-11;FRC;J21;;;1;193;34680691.0;;;3.63;3.63;3.63;3.63;3.63;3.63;0.0;0.0
106812;596700;2019-02-11;FRC;N21;;;1;192;34340130.0;;;3.65;3.65;3.65;3.65;3.65;3.65;0.0;0.0
106813;596701;2019-02-11;FRC;V21;;;0;0;0.0;;;0.0;0.0;0.0;0.0;0.0;3.65;0.0;0.0
106814;596702;2019-02-11;FRC;F22;;;0;0;0.0;;;0.0;0.0;0.0;0.0;0.0;3.66;0.0;0.0
106815;596703;2019-02-11;FRC;J22;;;0;0;0.0;;;0.0;0.0;0.0;0.0;0.0;3.68;0.0;3.7
106816;596704;2019-02-11;FRC;N22;;;0;0;0.0;;;0.0;0.0;0.0;0.0;0.0;3.7;0.0;0.0
106817;596705;2019-02-11;FRC;V22;;;2;188;32852037.0;;;3.72;3.72;3.72;3.72;3.72;3.72;0.0;0.0
106818;596706;2019-02-11;FRC;F23;;;3;505;87847607.0;;;3.7;3.7;3.73;3.72;3.73;3.73;3.72;0.0
106819;596707;2019-02-11;FRC;J23;;;0;0;0.0;;;0.0;0.0;0.0;0.0;0.0;3.76;0.0;0.0
106820;596708;2019-02-11;FRC;N23;;;0;0;0.0;;;0.0;0.0;0.0;0.0;0.0;3.78;0.0;0.0
106821;596709;2019-02-11;FRC;V23;;;3;555;95184501.0;;;3.78;3.78;3.78;3.78;3.78;3.78;0.0;0.0
106822;596710;2019-02-11;FRC;F24;;;5;1289;219968432.0;;;3.79;3.79;3.82;3.8;3.82;3.82;0.0;0.0
106823;596711;2019-02-11;FRC;N24;;;0;0;0.0;;;0.0;0.0;0.0;0.0;0.0;3.82;0.0;0.0
106824;596712;2019-02-11;FRC;F25;;;2;362;60555602.0;;;3.89;3.89;3.89;3.89;3.89;3.89;0.0;0.0
106825;596713;2019-02-11;FRC;N25;;;0;0;0.0;;;0.0;0.0;0.0;0.0;0.0;3.93;0.0;0.0
106826;596714;2019-02-11;FRC;F26;;;0;0;0.0;;;0.0;0.0;0.0;0.0;0.0;4.0;0.0;0.0
106827;596715;2019-02-11;FRC;N26;;;0;0;0.0;;;0.0;0.0;0.0;0.0;0.0;4.05;0.0;0.0
106828;596716;2019-02-11;FRC;F27;;;3;525;84088591.0;;;4.14;4.14;4.14;4.14;4.14;4.14;0.0;0.0
106829;596717;2019-02-11;FRC;F28;;;2;517;80967682.0;;;4.27;4.27;4.27;4.27;4.27;4.3;0.0;0.0
106830;596718;2019-02-11;FRC;F29;;;0;0;0.0;;;0.0;0.0;0.0;0.0;0.0;4.41;0.0;0.0
106831;596719;2019-02-11;FRC;F30;;;0;0;0.0;;;0.0;0.0;0.0;0.0;0.0;4.46;0.0;0.0
106832;596720;2019-02-11;FRC;F31;;;0;0;0.0;;;0.0;0.0;0.0;0.0;0.0;4.52;0.0;0.0
106833;596894;2019-02-12;FRC;J19;;;40;67911;12612212666.0;;;3.0;2.94;3.0;2.96;2.96;2.95;2.93;2.97
106834;596895;2019-02-12;FRC;K19;;;33;53466;9913727732.0;;;3.26;3.25;3.26;3.25;3.26;3.25;0.0;0.0
106835;596896;2019-02-12;FRC;M19;;;2;398;73686504.0;;;3.3;3.3;3.3;3.3;3.3;3.3;0.0;0.0
106836;596897;2019-02-12;FRC;N19;;;14;18998;3512829683.0;;;3.35;3.3;3.35;3.3;3.3;3.3;0.0;0.0
106837;596898;2019-02-12;FRC;Q19;;;13;45877;8470391587.0;;;3.33;3.33;3.33;3.33;3.33;3.33;0.0;0.0
106838;596899;2019-02-12;FRC;U19;;;1;992;182877477.0;;;3.35;3.35;3.35;3.35;3.35;3.35;0.0;0.0
106839;596900;2019-02-12;FRC;V19;;;38;31880;5868552276.0;;;3.39;3.39;3.39;3.39;3.39;3.39;3.39;0.0
106840;596901;2019-02-12;FRC;X19;;;2;593;108976205.0;;;3.46;3.46;3.46;3.46;3.46;3.46;0.0;0.0
106841;596902;2019-02-12;FRC;Z19;;;2;394;72286651.0;;;3.5;3.5;3.5;3.5;3.5;3.5;0.0;0.0
106842;596903;2019-02-12;FRC;F20;;;25;21277;3896944333.0;;;3.58;3.54;3.58;3.55;3.54;3.55;3.54;0.0
106843;596904;2019-02-12;FRC;G20;;;8;5373;982547626.0;;;3.56;3.56;3.56;3.56;3.56;3.56;3.55;0.0
106844;596905;2019-02-12;FRC;J20;;;16;5764;1050954290.0;;;3.58;3.58;3.58;3.58;3.58;3.58;0.0;3.59
106845;596906;2019-02-12;FRC;N20;;;12;4495;815855700.0;;;3.61;3.6;3.61;3.6;3.6;3.6;3.6;0.0
106846;596907;2019-02-12;FRC;V20;;;1;39;7046941.0;;;3.61;3.61;3.61;3.61;3.61;3.61;0.0;3.62
106847;596908;2019-02-12;FRC;F21;;;17;15996;2876691118.0;;;3.62;3.61;3.64;3.61;3.64;3.61;3.61;0.0
106848;596909;2019-02-12;FRC;J21;;;0;0;0.0;;;0.0;0.0;0.0;0.0;0.0;3.64;0.0;0.0
106849;596910;2019-02-12;FRC;N21;;;2;634;112998923.0;;;3.65;3.65;3.65;3.65;3.65;3.66;0.0;0.0
106850;596911;2019-02-12;FRC;V21;;;2;574;101838047.0;;;3.66;3.66;3.66;3.66;3.66;3.66;0.0;0.0
106851;596912;2019-02-12;FRC;F22;;;1;190;33547623.0;;;3.67;3.67;3.67;3.67;3.67;3.67;0.0;0.0
106852;596913;2019-02-12;FRC;J22;;;0;0;0.0;;;0.0;0.0;0.0;0.0;0.0;3.69;0.0;0.0
106853;596914;2019-02-12;FRC;N22;;;2;378;66147375.0;;;3.7;3.7;3.7;3.7;3.7;3.7;0.0;0.0
106854;596915;2019-02-12;FRC;V22;;;0;0;0.0;;;0.0;0.0;0.0;0.0;0.0;3.72;0.0;0.0
106855;596916;2019-02-12;FRC;F23;;;2;374;64822342.0;;;3.73;3.73;3.73;3.73;3.73;3.73;0.0;0.0
106856;596917;2019-02-12;FRC;J23;;;0;0;0.0;;;0.0;0.0;0.0;0.0;0.0;3.76;0.0;0.0
106857;596918;2019-02-12;FRC;N23;;;0;0;0.0;;;0.0;0.0;0.0;0.0;0.0;3.79;0.0;0.0
106858;596919;2019-02-12;FRC;V23;;;1;185;31610457.0;;;3.79;3.79;3.79;3.79;3.79;3.79;0.0;0.0
106859;596920;2019-02-12;FRC;F24;;;4;1841;312848901.0;;;3.84;3.83;3.84;3.83;3.83;3.83;0.0;0.0
106860;596921;2019-02-12;FRC;N24;;;0;0;0.0;;;0.0;0.0;0.0;0.0;0.0;3.84;0.0;0.0
106861;596922;2019-02-12;FRC;F25;;;6;1050;174923836.0;;;3.89;3.89;3.92;3.91;3.92;3.92;0.0;0.0
106862;596923;2019-02-12;FRC;N25;;;0;0;0.0;;;0.0;0.0;0.0;0.0;0.0;3.96;0.0;0.0
106863;596924;2019-02-12;FRC;F26;;;0;0;0.0;;;0.0;0.0;0.0;0.0;0.0;4.03;0.0;0.0
106864;596925;2019-02-12;FRC;N26;;;0;0;0.0;;;0.0;0.0;0.0;0.0;0.0;4.08;0.0;0.0
106865;596926;2019-02-12;FRC;F27;;;0;0;0.0;;;0.0;0.0;0.0;0.0;0.0;4.17;0.0;0.0
106866;596927;2019-02-12;FRC;F28;;;2;1721;268160609.0;;;4.31;4.31;4.31;4.31;4.31;4.33;0.0;0.0
106867;596928;2019-02-12;FRC;F29;;;0;0;0.0;;;0.0;0.0;0.0;0.0;0.0;4.44;0.0;0.0
106868;596929;2019-02-12;FRC;F30;;;0;0;0.0;;;0.0;0.0;0.0;0.0;0.0;4.49;0.0;0.0
106869;596930;2019-02-12;FRC;F31;;;0;0;0.0;;;0.0;0.0;0.0;0.0;0.0;4.55;0.0;0.0
106870;597104;2019-02-13;FRC;J19;;;45;150006;27965861086.0;;;2.98;2.94;3.0;2.95;2.94;2.94;0.0;0.0
106871;597105;2019-02-13;FRC;K19;;;65;85550;15923705611.0;;;3.28;3.24;3.3;3.26;3.24;3.24;0.0;0.0
106872;597106;2019-02-13;FRC;M19;;;30;44612;8291184298.0;;;3.32;3.28;3.32;3.31;3.28;3.28;0.0;0.0
106873;597107;2019-02-13;FRC;N19;;;34;78422;14555729359.0;;;3.34;3.28;3.38;3.33;3.28;3.28;3.28;3.33
106874;597108;2019-02-13;FRC;Q19;;;7;2383;441681105.0;;;3.36;3.32;3.36;3.32;3.32;3.32;0.0;0.0
106875;597109;2019-02-13;FRC;U19;;;9;6150;1138218811.0;;;3.35;3.32;3.35;3.32;3.32;3.32;0.0;3.39
106876;597110;2019-02-13;FRC;V19;;;80;84035;15528795577.0;;;3.41;3.38;3.41;3.39;3.39;3.38;3.39;3.41
106877;597111;2019-02-13;FRC;X19;;;7;1681;310131536.0;;;3.47;3.44;3.47;3.44;3.44;3.44;0.0;0.0
106878;597112;2019-02-13;FRC;Z19;;;7;3552;654279337.0;;;3.47;3.47;3.47;3.47;3.47;3.47;0.0;0.0
106879;597113;2019-02-13;FRC;F20;;;34;20295;3731652226.0;;;3.55;3.54;3.6;3.54;3.54;3.54;3.53;3.55
106880;597114;2019-02-13;FRC;G20;;;0;0;0.0;;;0.0;0.0;0.0;0.0;0.0;3.55;3.54;0.0
106881;597115;2019-02-13;FRC;J20;;;2;2747;502819895.0;;;3.57;3.57;3.58;3.57;3.58;3.57;3.55;0.0
106882;597116;2019-02-13;FRC;N20;;;11;5155;939311561.0;;;3.59;3.59;3.59;3.59;3.59;3.59;0.0;3.59
106883;597117;2019-02-13;FRC;V20;;;2;291;52776016.0;;;3.61;3.61;3.61;3.61;3.61;3.6;0.0;0.0
106884;597118;2019-02-13;FRC;F21;;;25;13228;2388135706.0;;;3.61;3.6;3.66;3.61;3.61;3.61;3.61;3.63
106885;597119;2019-02-13;FRC;J21;;;0;0;0.0;;;0.0;0.0;0.0;0.0;0.0;3.64;0.0;0.0
106886;597120;2019-02-13;FRC;N21;;;5;1440;257620913.0;;;3.66;3.65;3.66;3.65;3.65;3.66;0.0;3.66
106887;597121;2019-02-13;FRC;V21;;;0;0;0.0;;;0.0;0.0;0.0;0.0;0.0;3.66;0.0;0.0
106888;597122;2019-02-13;FRC;F22;;;11;3711;657790088.0;;;3.69;3.67;3.69;3.67;3.67;3.67;0.0;0.0
106889;597123;2019-02-13;FRC;J22;;;0;0;0.0;;;0.0;0.0;0.0;0.0;0.0;3.69;0.0;0.0
106890;597124;2019-02-13;FRC;N22;;;2;378;66402531.0;;;3.7;3.7;3.7;3.7;3.7;3.7;0.0;0.0
106891;597125;2019-02-13;FRC;V22;;;0;0;0.0;;;0.0;0.0;0.0;0.0;0.0;3.72;0.0;0.0
106892;597126;2019-02-13;FRC;F23;;;23;4753;827081860.0;;;3.74;3.71;3.74;3.72;3.71;3.73;0.0;0.0
106893;597127;2019-02-13;FRC;J23;;;0;0;0.0;;;0.0;0.0;0.0;0.0;0.0;3.76;0.0;0.0
106894;597128;2019-02-13;FRC;N23;;;0;0;0.0;;;0.0;0.0;0.0;0.0;0.0;3.79;0.0;0.0
106895;597129;2019-02-13;FRC;V23;;;0;0;0.0;;;0.0;0.0;0.0;0.0;0.0;3.79;0.0;0.0
106896;597130;2019-02-13;FRC;F24;;;3;1197;204221391.0;;;3.83;3.83;3.83;3.83;3.83;3.83;0.0;0.0
106897;597131;2019-02-13;FRC;N24;;;0;0;0.0;;;0.0;0.0;0.0;0.0;0.0;3.84;0.0;0.0
106898;597132;2019-02-13;FRC;F25;;;8;7390;1235817576.0;;;3.92;3.92;3.92;3.92;3.92;3.92;0.0;0.0
106899;597133;2019-02-13;FRC;N25;;;0;0;0.0;;;0.0;0.0;0.0;0.0;0.0;3.96;0.0;0.0
106900;597134;2019-02-13;FRC;F26;;;0;0;0.0;;;0.0;0.0;0.0;0.0;0.0;4.03;0.0;0.0
106901;597135;2019-02-13;FRC;N26;;;0;0;0.0;;;0.0;0.0;0.0;0.0;0.0;4.08;0.0;0.0
106902;597136;2019-02-13;FRC;F27;;;3;874;139779790.0;;;4.19;4.19;4.2;4.19;4.2;4.17;0.0;0.0
106903;597137;2019-02-13;FRC;F28;;;0;0;0.0;;;0.0;0.0;0.0;0.0;0.0;4.33;0.0;0.0
106904;597138;2019-02-13;FRC;F29;;;0;0;0.0;;;0.0;0.0;0.0;0.0;0.0;4.44;0.0;0.0
106905;597139;2019-02-13;FRC;F30;;;0;0;0.0;;;0.0;0.0;0.0;0.0;0.0;4.49;0.0;0.0
106906;597140;2019-02-13;FRC;F31;;;0;0;0.0;;;0.0;0.0;0.0;0.0;0.0;4.55;0.0;0.0
106907;597314;2019-02-14;FRC;J19;;;67;164202;30558821666.0;;;2.94;2.92;3.01;2.94;2.93;2.93;0.0;0.0
106908;597315;2019-02-14;FRC;K19;;;28;27763;5159007380.0;;;3.29;3.17;3.29;3.18;3.17;3.17;0.0;3.25
106909;597316;2019-02-14;FRC;M19;;;11;10656;1977103990.0;;;3.28;3.24;3.28;3.26;3.24;3.24;3.23;0.0
106910;597317;2019-02-14;FRC;N19;;;25;65640;12163246936.0;;;3.3;3.26;3.33;3.27;3.26;3.26;0.0;0.0
106911;597318;2019-02-14;FRC;Q19;;;3;597;110465358.0;;;3.3;3.3;3.3;3.3;3.3;3.3;0.0;0.0
106912;597319;2019-02-14;FRC;U19;;;5;1388;256452745.0;;;3.33;3.29;3.33;3.29;3.29;3.29;3.28;0.0
106913;597320;2019-02-14;FRC;V19;;;25;74218;13691137608.0;;;3.4;3.35;3.4;3.38;3.35;3.35;0.0;0.0
106914;597321;2019-02-14;FRC;X19;;;13;27090;4989668007.0;;;3.41;3.41;3.41;3.41;3.41;3.41;0.0;0.0
106915;597322;2019-02-14;FRC;Z19;;;6;2170;399058349.0;;;3.44;3.44;3.44;3.44;3.44;3.44;0.0;0.0
106916;597323;2019-02-14;FRC;F20;;;43;40594;7451181577.0;;;3.57;3.52;3.57;3.53;3.52;3.52;3.5;3.55
106917;597324;2019-02-14;FRC;G20;;;11;6141;1125392599.0;;;3.58;3.55;3.58;3.55;3.55;3.55;0.0;0.0
106918;597325;2019-02-14;FRC;J20;;;4;3591;656209648.0;;;3.55;3.55;3.57;3.55;3.56;3.57;0.0;0.0
106919;597326;2019-02-14;FRC;N20;;;12;2732;496961986.0;;;3.57;3.57;3.58;3.57;3.58;3.58;0.0;0.0
106920;597327;2019-02-14;FRC;V20;;;0;0;0.0;;;0.0;0.0;0.0;0.0;0.0;3.59;0.0;0.0
106921;597328;2019-02-14;FRC;F21;;;16;11949;2153565787.0;;;3.63;3.6;3.63;3.6;3.6;3.6;0.0;0.0
106922;597329;2019-02-14;FRC;J21;;;5;4820;864672793.0;;;3.65;3.65;3.65;3.65;3.65;3.63;0.0;0.0
106923;597330;2019-02-14;FRC;N21;;;4;479;85533825.0;;;3.66;3.64;3.66;3.65;3.65;3.65;0.0;0.0
106924;597331;2019-02-14;FRC;V21;;;1;191;33959031.0;;;3.65;3.65;3.65;3.65;3.65;3.65;0.0;0.0
106925;597332;2019-02-14;FRC;F22;;;12;13613;2409195058.0;;;3.67;3.64;3.67;3.65;3.66;3.66;0.0;0.0
106926;597333;2019-02-14;FRC;J22;;;1;190;33477372.0;;;3.68;3.68;3.68;3.68;3.68;3.68;0.0;0.0
106927;597334;2019-02-14;FRC;N22;;;3;208;36481383.0;;;3.69;3.69;3.69;3.69;3.69;3.69;0.0;0.0
106928;597335;2019-02-14;FRC;V22;;;0;0;0.0;;;0.0;0.0;0.0;0.0;0.0;3.71;0.0;0.0
106929;597336;2019-02-14;FRC;F23;;;12;6368;1106432768.0;;;3.7;3.68;3.72;3.71;3.72;3.72;0.0;0.0
106930;597337;2019-02-14;FRC;J23;;;1;187;32334390.0;;;3.75;3.75;3.75;3.75;3.75;3.75;0.0;0.0
106931;597338;2019-02-14;FRC;N23;;;0;0;0.0;;;0.0;0.0;0.0;0.0;0.0;3.77;0.0;0.0
106932;597339;2019-02-14;FRC;V23;;;6;1110;190172337.0;;;3.76;3.76;3.76;3.76;3.76;3.76;0.0;0.0
106933;597340;2019-02-14;FRC;F24;;;3;552;94043443.0;;;3.81;3.81;3.81;3.81;3.81;3.81;0.0;0.0
106934;597341;2019-02-14;FRC;N24;;;2;366;61811303.0;;;3.82;3.82;3.82;3.82;3.82;3.82;0.0;0.0
106935;597342;2019-02-14;FRC;F25;;;5;1178;196738628.0;;;3.91;3.89;3.91;3.9;3.91;3.89;0.0;0.0
106936;597343;2019-02-14;FRC;N25;;;0;0;0.0;;;0.0;0.0;0.0;0.0;0.0;3.93;0.0;0.0
106937;597344;2019-02-14;FRC;F26;;;0;0;0.0;;;0.0;0.0;0.0;0.0;0.0;4.0;0.0;0.0
106938;597345;2019-02-14;FRC;N26;;;0;0;0.0;;;0.0;0.0;0.0;0.0;0.0;4.05;0.0;0.0
106939;597346;2019-02-14;FRC;F27;;;2;526;84154825.0;;;4.14;4.14;4.14;4.14;4.14;4.14;0.0;0.0
106940;597347;2019-02-14;FRC;F28;;;0;0;0.0;;;0.0;0.0;0.0;0.0;0.0;4.3;0.0;0.0
106941;597348;2019-02-14;FRC;F29;;;0;0;0.0;;;0.0;0.0;0.0;0.0;0.0;4.41;0.0;0.0
106942;597349;2019-02-14;FRC;F30;;;0;0;0.0;;;0.0;0.0;0.0;0.0;0.0;4.46;0.0;0.0
106943;597350;2019-02-14;FRC;F31;;;0;0;0.0;;;0.0;0.0;0.0;0.0;0.0;4.52;0.0;0.0
106944;597522;2019-02-15;FRC;J19;;;41;95093;17750690985.0;;;2.95;2.92;2.97;2.94;2.94;2.94;0.0;0.0
106945;597523;2019-02-15;FRC;K19;;;44;85879;16006240419.0;;;3.17;3.17;3.22;3.19;3.17;3.17;3.17;0.0
106946;597524;2019-02-15;FRC;M19;;;1;4979;926646418.0;;;3.22;3.22;3.22;3.22;3.22;3.24;0.0;0.0
106947;597525;2019-02-15;FRC;N19;;;4;12173;2262457406.0;;;3.31;3.26;3.35;3.27;3.26;3.26;0.0;0.0
106948;597526;2019-02-15;FRC;Q19;;;0;0;0.0;;;0.0;0.0;0.0;0.0;0.0;3.3;0.0;0.0
106949;597527;2019-02-15;FRC;U19;;;0;0;0.0;;;0.0;0.0;0.0;0.0;0.0;3.29;0.0;0.0
106950;597528;2019-02-15;FRC;V19;;;16;20218;3741219885.0;;;3.38;3.35;3.38;3.35;3.35;3.35;3.35;0.0
106951;597529;2019-02-15;FRC;X19;;;2;1187;219292055.0;;;3.41;3.41;3.41;3.41;3.41;3.41;3.41;0.0
106952;597530;2019-02-15;FRC;Z19;;;1;99;18260565.0;;;3.45;3.45;3.45;3.45;3.45;3.45;0.0;0.0
106953;597531;2019-02-15;FRC;F20;;;16;10680;1966419599.0;;;3.53;3.5;3.53;3.51;3.53;3.53;0.0;0.0
106954;597532;2019-02-15;FRC;G20;;;16;6732;1237426867.0;;;3.55;3.55;3.55;3.55;3.55;3.55;3.55;3.57
106955;597533;2019-02-15;FRC;J20;;;2;393;72032868.0;;;3.56;3.56;3.56;3.56;3.56;3.57;0.0;0.0
106956;597534;2019-02-15;FRC;N20;;;0;0;0.0;;;0.0;0.0;0.0;0.0;0.0;3.58;0.0;0.0
106957;597535;2019-02-15;FRC;V20;;;0;0;0.0;;;0.0;0.0;0.0;0.0;0.0;3.59;0.0;0.0
106958;597536;2019-02-15;FRC;F21;;;26;9666;1747487825.0;;;3.6;3.58;3.61;3.59;3.61;3.61;0.0;0.0
106959;597537;2019-02-15;FRC;J21;;;1;193;34731944.0;;;3.64;3.64;3.64;3.64;3.64;3.64;0.0;0.0
106960;597538;2019-02-15;FRC;N21;;;1;192;34390941.0;;;3.66;3.66;3.66;3.66;3.66;3.66;0.0;0.0
106961;597539;2019-02-15;FRC;V21;;;0;0;0.0;;;0.0;0.0;0.0;0.0;0.0;3.66;0.0;0.0
106962;597540;2019-02-15;FRC;F22;;;5;779;138251785.0;;;3.64;3.64;3.68;3.66;3.68;3.68;0.0;0.0
106963;597541;2019-02-15;FRC;J22;;;0;0;0.0;;;0.0;0.0;0.0;0.0;0.0;3.7;0.0;0.0
106964;597542;2019-02-15;FRC;N22;;;0;0;0.0;;;0.0;0.0;0.0;0.0;0.0;3.7;0.0;0.0
106965;597543;2019-02-15;FRC;V22;;;1;188;32898860.0;;;3.73;3.73;3.73;3.73;3.73;3.73;0.0;0.0
106966;597544;2019-02-15;FRC;F23;;;4;1310;228185838.0;;;3.74;3.74;3.74;3.74;3.74;3.74;0.0;3.74
106967;597545;2019-02-15;FRC;J23;;;0;0;0.0;;;0.0;0.0;0.0;0.0;0.0;3.77;0.0;0.0
106968;597546;2019-02-15;FRC;N23;;;0;0;0.0;;;0.0;0.0;0.0;0.0;0.0;3.79;0.0;0.0
106969;597547;2019-02-15;FRC;V23;;;0;0;0.0;;;0.0;0.0;0.0;0.0;0.0;3.78;0.0;0.0
106970;597548;2019-02-15;FRC;F24;;;3;1105;188769588.0;;;3.82;3.82;3.83;3.82;3.83;3.82;0.0;0.0
106971;597549;2019-02-15;FRC;N24;;;0;0;0.0;;;0.0;0.0;0.0;0.0;0.0;3.84;0.0;0.0
106972;597550;2019-02-15;FRC;F25;;;3;435;72849734.0;;;3.89;3.89;3.92;3.91;3.92;3.92;0.0;0.0
106973;597551;2019-02-15;FRC;N25;;;0;0;0.0;;;0.0;0.0;0.0;0.0;0.0;3.96;0.0;0.0
106974;597552;2019-02-15;FRC;F26;;;0;0;0.0;;;0.0;0.0;0.0;0.0;0.0;4.03;0.0;0.0
106975;597553;2019-02-15;FRC;N26;;;0;0;0.0;;;0.0;0.0;0.0;0.0;0.0;4.08;0.0;0.0
106976;597554;2019-02-15;FRC;F27;;;0;0;0.0;;;0.0;0.0;0.0;0.0;0.0;4.17;0.0;0.0
106977;597555;2019-02-15;FRC;F28;;;0;0;0.0;;;0.0;0.0;0.0;0.0;0.0;4.33;0.0;0.0
106978;597556;2019-02-15;FRC;F29;;;0;0;0.0;;;0.0;0.0;0.0;0.0;0.0;4.44;0.0;0.0
106979;597557;2019-02-15;FRC;F30;;;0;0;0.0;;;0.0;0.0;0.0;0.0;0.0;4.49;0.0;0.0
106980;597558;2019-02-15;FRC;F31;;;0;0;0.0;;;0.0;0.0;0.0;0.0;0.0;4.55;0.0;0.0
106981;597730;2019-02-18;FRC;J19;;;28;34152;6342102387.0;;;2.96;2.96;3.0;2.99;3.0;3.0;2.97;0.0
106982;597731;2019-02-18;FRC;K19;;;13;21382;3964715956.0;;;3.21;3.2;3.22;3.2;3.2;3.2;3.2;3.25
106983;597732;2019-02-18;FRC;M19;;;0;0;0.0;;;0.0;0.0;0.0;0.0;0.0;3.28;0.0;3.28
106984;597733;2019-02-18;FRC;N19;;;22;18320;3387389575.0;;;3.29;3.28;3.3;3.29;3.3;3.3;3.3;3.32
106985;597734;2019-02-18;FRC;Q19;;;0;0;0.0;;;0.0;0.0;0.0;0.0;0.0;3.34;0.0;0.0
106986;597735;2019-02-18;FRC;U19;;;0;0;0.0;;;0.0;0.0;0.0;0.0;0.0;3.32;0.0;0.0
106987;597736;2019-02-18;FRC;V19;;;6;4554;838311244.0;;;3.38;3.38;3.38;3.38;3.38;3.38;3.38;0.0
106988;597737;2019-02-18;FRC;X19;;;5;1385;254519460.0;;;3.46;3.46;3.46;3.46;3.46;3.46;0.0;0.0
106989;597738;2019-02-18;FRC;Z19;;;5;1974;362165887.0;;;3.5;3.5;3.5;3.5;3.5;3.5;0.0;0.0
106990;597739;2019-02-18;FRC;F20;;;17;10244;1875998538.0;;;3.58;3.58;3.58;3.58;3.58;3.58;0.0;0.0
106991;597740;2019-02-18;FRC;G20;;;2;394;72053159.0;;;3.55;3.55;3.55;3.55;3.55;3.6;0.0;0.0
106992;597741;2019-02-18;FRC;J20;;;1;196;35737676.0;;;3.57;3.57;3.57;3.57;3.57;3.62;0.0;0.0
106993;597742;2019-02-18;FRC;N20;;;0;0;0.0;;;0.0;0.0;0.0;0.0;0.0;3.64;0.0;0.0
106994;597743;2019-02-18;FRC;V20;;;0;0;0.0;;;0.0;0.0;0.0;0.0;0.0;3.65;0.0;0.0
106995;597744;2019-02-18;FRC;F21;;;3;736;132343775.0;;;3.61;3.61;3.68;3.62;3.68;3.68;0.0;0.0
106996;597745;2019-02-18;FRC;J21;;;0;0;0.0;;;0.0;0.0;0.0;0.0;0.0;3.71;0.0;0.0
106997;597746;2019-02-18;FRC;N21;;;0;0;0.0;;;0.0;0.0;0.0;0.0;0.0;3.73;0.0;0.0
106998;597747;2019-02-18;FRC;V21;;;0;0;0.0;;;0.0;0.0;0.0;0.0;0.0;3.73;0.0;0.0
106999;597748;2019-02-18;FRC;F22;;;9;3672;648154243.0;;;3.68;3.68;3.74;3.69;3.74;3.74;0.0;0.0
107000;597749;2019-02-18;FRC;J22;;;2;378;66365279.0;;;3.76;3.76;3.76;3.76;3.76;3.76;0.0;0.0
107001;597750;2019-02-18;FRC;N22;;;0;0;0.0;;;0.0;0.0;0.0;0.0;0.0;3.76;0.0;0.0
107002;597751;2019-02-18;FRC;V22;;;0;0;0.0;;;0.0;0.0;0.0;0.0;0.0;3.79;0.0;0.0
107003;597752;2019-02-18;FRC;F23;;;3;1367;236870831.0;;;3.74;3.74;3.8;3.74;3.8;3.8;0.0;0.0
107004;597753;2019-02-18;FRC;J23;;;0;0;0.0;;;0.0;0.0;0.0;0.0;0.0;3.83;0.0;0.0
107005;597754;2019-02-18;FRC;N23;;;0;0;0.0;;;0.0;0.0;0.0;0.0;0.0;3.85;0.0;0.0
107006;597755;2019-02-18;FRC;V23;;;0;0;0.0;;;0.0;0.0;0.0;0.0;0.0;3.84;0.0;0.0
107007;597756;2019-02-18;FRC;F24;;;0;0;0.0;;;0.0;0.0;0.0;0.0;0.0;3.89;0.0;0.0
107008;597757;2019-02-18;FRC;N24;;;0;0;0.0;;;0.0;0.0;0.0;0.0;0.0;3.91;0.0;0.0
107009;597758;2019-02-18;FRC;F25;;;0;0;0.0;;;0.0;0.0;0.0;0.0;0.0;3.99;0.0;0.0
107010;597759;2019-02-18;FRC;N25;;;0;0;0.0;;;0.0;0.0;0.0;0.0;0.0;4.03;0.0;0.0
107011;597760;2019-02-18;FRC;F26;;;0;0;0.0;;;0.0;0.0;0.0;0.0;0.0;4.1;0.0;0.0
107012;597761;2019-02-18;FRC;N26;;;0;0;0.0;;;0.0;0.0;0.0;0.0;0.0;4.15;0.0;0.0
107013;597762;2019-02-18;FRC;F27;;;0;0;0.0;;;0.0;0.0;0.0;0.0;0.0;4.24;0.0;0.0
107014;597763;2019-02-18;FRC;F28;;;0;0;0.0;;;0.0;0.0;0.0;0.0;0.0;4.4;0.0;0.0
107015;597764;2019-02-18;FRC;F29;;;0;0;0.0;;;0.0;0.0;0.0;0.0;0.0;4.51;0.0;0.0
107016;597765;2019-02-18;FRC;F30;;;0;0;0.0;;;0.0;0.0;0.0;0.0;0.0;4.56;0.0;0.0
107017;597766;2019-02-18;FRC;F31;;;0;0;0.0;;;0.0;0.0;0.0;0.0;0.0;4.62;0.0;0.0
107018;597937;2019-02-19;FRC;J19;;;97;129433;24011306809.0;;;3.02;3.0;3.04;3.02;3.04;3.04;0.0;0.0
107019;597938;2019-02-19;FRC;K19;;;59;52252;9678883561.0;;;3.22;3.2;3.25;3.21;3.21;3.21;0.0;0.0
107020;597939;2019-02-19;FRC;M19;;;4;7388;1366407959.0;;;3.3;3.3;3.3;3.3;3.3;3.3;0.0;0.0
107021;597940;2019-02-19;FRC;N19;;;23;25595;4727644332.0;;;3.33;3.27;3.33;3.31;3.3;3.3;0.0;0.0
107022;597941;2019-02-19;FRC;Q19;;;11;7150;1318723925.0;;;3.34;3.34;3.34;3.34;3.34;3.34;0.0;0.0
107023;597942;2019-02-19;FRC;U19;;;10;6741;1241459260.0;;;3.34;3.34;3.34;3.34;3.34;3.34;0.0;0.0
107024;597943;2019-02-19;FRC;V19;;;30;17919;3295199331.0;;;3.42;3.38;3.42;3.38;3.39;3.39;0.0;0.0
107025;597944;2019-02-19;FRC;X19;;;17;17795;3266962244.0;;;3.45;3.45;3.45;3.45;3.45;3.45;0.0;0.0
107026;597945;2019-02-19;FRC;Z19;;;9;12040;2206995070.0;;;3.48;3.46;3.48;3.46;3.46;3.46;0.0;0.0
107027;597946;2019-02-19;FRC;F20;;;25;13499;2469887739.0;;;3.59;3.55;3.61;3.55;3.55;3.55;0.0;3.55
107028;597947;2019-02-19;FRC;G20;;;0;0;0.0;;;0.0;0.0;0.0;0.0;0.0;3.57;0.0;0.0
107029;597948;2019-02-19;FRC;J20;;;9;2941;535628450.0;;;3.6;3.6;3.6;3.6;3.6;3.6;0.0;0.0
107030;597949;2019-02-19;FRC;N20;;;4;780;141413568.0;;;3.61;3.61;3.61;3.61;3.61;3.61;3.61;0.0
107031;597950;2019-02-19;FRC;V20;;;10;2623;473349339.0;;;3.63;3.63;3.63;3.63;3.63;3.63;3.62;0.0
107032;597951;2019-02-19;FRC;F21;;;7;7260;1303829878.0;;;3.68;3.65;3.68;3.65;3.65;3.65;0.0;0.0
107033;597952;2019-02-19;FRC;J21;;;0;0;0.0;;;0.0;0.0;0.0;0.0;0.0;3.67;0.0;0.0
107034;597953;2019-02-19;FRC;N21;;;1;192;34173042.0;;;3.68;3.68;3.68;3.68;3.68;3.68;0.0;0.0
107035;597954;2019-02-19;FRC;V21;;;1;191;33820541.0;;;3.73;3.73;3.73;3.73;3.73;3.73;0.0;0.0
107036;597955;2019-02-19;FRC;F22;;;5;950;167520116.0;;;3.69;3.69;3.69;3.69;3.69;3.69;0.0;0.0
107037;597956;2019-02-19;FRC;J22;;;0;0;0.0;;;0.0;0.0;0.0;0.0;0.0;3.71;0.0;0.0
107038;597957;2019-02-19;FRC;N22;;;0;0;0.0;;;0.0;0.0;0.0;0.0;0.0;3.71;0.0;0.0
107039;597958;2019-02-19;FRC;V22;;;0;0;0.0;;;0.0;0.0;0.0;0.0;0.0;3.75;0.0;0.0
107040;597959;2019-02-19;FRC;F23;;;11;5634;975038794.0;;;3.76;3.76;3.76;3.76;3.76;3.76;0.0;0.0
107041;597960;2019-02-19;FRC;J23;;;0;0;0.0;;;0.0;0.0;0.0;0.0;0.0;3.79;0.0;0.0
107042;597961;2019-02-19;FRC;N23;;;0;0;0.0;;;0.0;0.0;0.0;0.0;0.0;3.81;0.0;0.0
107043;597962;2019-02-19;FRC;V23;;;0;0;0.0;;;0.0;0.0;0.0;0.0;0.0;3.8;0.0;0.0
107044;597963;2019-02-19;FRC;F24;;;6;1104;187304802.0;;;3.86;3.86;3.86;3.86;3.86;3.86;0.0;0.0
107045;597964;2019-02-19;FRC;N24;;;0;0;0.0;;;0.0;0.0;0.0;0.0;0.0;3.88;0.0;0.0
107046;597965;2019-02-19;FRC;F25;;;0;0;0.0;;;0.0;0.0;0.0;0.0;0.0;3.96;0.0;0.0
107047;597966;2019-02-19;FRC;N25;;;0;0;0.0;;;0.0;0.0;0.0;0.0;0.0;4.0;0.0;0.0
107048;597967;2019-02-19;FRC;F26;;;0;0;0.0;;;0.0;0.0;0.0;0.0;0.0;4.07;0.0;0.0
107049;597968;2019-02-19;FRC;N26;;;0;0;0.0;;;0.0;0.0;0.0;0.0;0.0;4.12;0.0;0.0
107050;597969;2019-02-19;FRC;F27;;;0;0;0.0;;;0.0;0.0;0.0;0.0;0.0;4.21;0.0;0.0
107051;597970;2019-02-19;FRC;F28;;;0;0;0.0;;;0.0;0.0;0.0;0.0;0.0;4.37;0.0;0.0
107052;597971;2019-02-19;FRC;F29;;;0;0;0.0;;;0.0;0.0;0.0;0.0;0.0;4.48;0.0;0.0
107053;597972;2019-02-19;FRC;F30;;;0;0;0.0;;;0.0;0.0;0.0;0.0;0.0;4.53;0.0;0.0
107054;597973;2019-02-19;FRC;F31;;;0;0;0.0;;;0.0;0.0;0.0;0.0;0.0;4.59;0.0;0.0
107055;598144;2019-02-20;FRC;J19;;;109;252142;46756117573.0;;;3.04;3.03;3.11;3.09;3.11;3.11;3.11;0.0
107056;598145;2019-02-20;FRC;K19;;;29;35398;6554371624.0;;;3.23;3.23;3.25;3.24;3.25;3.25;3.25;0.0
107057;598146;2019-02-20;FRC;M19;;;9;6570;1214603215.0;;;3.34;3.34;3.34;3.34;3.34;3.34;0.0;0.0
107058;598147;2019-02-20;FRC;N19;;;13;8415;1553751279.0;;;3.31;3.31;3.32;3.31;3.32;3.32;3.32;0.0
107059;598148;2019-02-20;FRC;Q19;;;2;398;73373348.0;;;3.38;3.38;3.38;3.38;3.38;3.38;0.0;0.0
107060;598149;2019-02-20;FRC;U19;;;2;1983;365037372.0;;;3.37;3.37;3.37;3.37;3.37;3.37;0.0;0.0
107061;598150;2019-02-20;FRC;V19;;;5;6534;1201001329.0;;;3.42;3.42;3.42;3.42;3.42;3.42;0.0;0.0
107062;598151;2019-02-20;FRC;X19;;;0;0;0.0;;;0.0;0.0;0.0;0.0;0.0;3.47;0.0;0.0
107063;598152;2019-02-20;FRC;Z19;;;7;10066;1844377572.0;;;3.49;3.46;3.49;3.48;3.46;3.46;0.0;0.0
107064;598153;2019-02-20;FRC;F20;;;23;22759;4162748237.0;;;3.55;3.52;3.55;3.54;3.52;3.55;3.52;0.0
107065;598154;2019-02-20;FRC;G20;;;3;984;179683801.0;;;3.57;3.57;3.57;3.57;3.57;3.57;0.0;0.0
107066;598155;2019-02-20;FRC;J20;;;2;785;142918024.0;;;3.6;3.6;3.6;3.6;3.6;3.6;0.0;0.0
107067;598156;2019-02-20;FRC;N20;;;2;59;10694843.0;;;3.61;3.61;3.61;3.61;3.61;3.61;0.0;0.0
107068;598157;2019-02-20;FRC;V20;;;12;2894;522057394.0;;;3.63;3.63;3.63;3.63;3.63;3.63;0.0;0.0
107069;598158;2019-02-20;FRC;F21;;;14;7515;1349253558.0;;;3.65;3.64;3.67;3.64;3.65;3.64;0.0;0.0
107070;598159;2019-02-20;FRC;J21;;;0;0;0.0;;;0.0;0.0;0.0;0.0;0.0;3.66;0.0;0.0
107071;598160;2019-02-20;FRC;N21;;;0;0;0.0;;;0.0;0.0;0.0;0.0;0.0;3.68;0.0;0.0
107072;598161;2019-02-20;FRC;V21;;;0;0;0.0;;;0.0;0.0;0.0;0.0;0.0;3.73;0.0;0.0
107073;598162;2019-02-20;FRC;F22;;;10;3786;667379017.0;;;3.69;3.69;3.7;3.69;3.7;3.7;0.0;0.0
107074;598163;2019-02-20;FRC;J22;;;0;0;0.0;;;0.0;0.0;0.0;0.0;0.0;3.72;0.0;0.0
107075;598164;2019-02-20;FRC;N22;;;0;0;0.0;;;0.0;0.0;0.0;0.0;0.0;3.72;0.0;0.0
107076;598165;2019-02-20;FRC;V22;;;0;0;0.0;;;0.0;0.0;0.0;0.0;0.0;3.76;0.0;0.0
107077;598166;2019-02-20;FRC;F23;;;4;1873;324043970.0;;;3.76;3.76;3.76;3.76;3.76;3.77;0.0;0.0
107078;598167;2019-02-20;FRC;J23;;;0;0;0.0;;;0.0;0.0;0.0;0.0;0.0;3.8;0.0;0.0
107079;598168;2019-02-20;FRC;N23;;;0;0;0.0;;;0.0;0.0;0.0;0.0;0.0;3.82;0.0;0.0
107080;598169;2019-02-20;FRC;V23;;;5;925;157797835.0;;;3.8;3.8;3.8;3.8;3.8;3.8;0.0;0.0
107081;598170;2019-02-20;FRC;F24;;;9;2208;374627261.0;;;3.84;3.84;3.84;3.84;3.84;3.84;0.0;0.0
107082;598171;2019-02-20;FRC;N24;;;0;0;0.0;;;0.0;0.0;0.0;0.0;0.0;3.86;0.0;0.0
107083;598172;2019-02-20;FRC;F25;;;2;471;78295936.0;;;3.95;3.95;3.95;3.95;3.95;3.94;0.0;0.0
107084;598173;2019-02-20;FRC;N25;;;0;0;0.0;;;0.0;0.0;0.0;0.0;0.0;3.98;0.0;0.0
107085;598174;2019-02-20;FRC;F26;;;2;356;57953112.0;;;4.05;4.05;4.05;4.05;4.05;4.05;0.0;0.0
107086;598175;2019-02-20;FRC;N26;;;0;0;0.0;;;0.0;0.0;0.0;0.0;0.0;4.1;0.0;0.0
107087;598176;2019-02-20;FRC;F27;;;0;0;0.0;;;0.0;0.0;0.0;0.0;0.0;4.19;0.0;0.0
107088;598177;2019-02-20;FRC;F28;;;0;0;0.0;;;0.0;0.0;0.0;0.0;0.0;4.35;0.0;0.0
107089;598178;2019-02-20;FRC;F29;;;0;0;0.0;;;0.0;0.0;0.0;0.0;0.0;4.46;0.0;0.0
107090;598179;2019-02-20;FRC;F30;;;0;0;0.0;;;0.0;0.0;0.0;0.0;0.0;4.51;0.0;0.0
107091;598180;2019-02-20;FRC;F31;;;0;0;0.0;;;0.0;0.0;0.0;0.0;0.0;4.57;0.0;0.0
107092;598351;2019-02-21;FRC;J19;;;114;245287;45653797351.0;;;3.13;3.1;3.18;3.16;3.18;3.16;3.18;3.2
107093;598352;2019-02-21;FRC;K19;;;80;84884;15775479129.0;;;3.28;3.28;3.32;3.29;3.29;3.29;0.0;0.0
107094;598353;2019-02-21;FRC;M19;;;12;7168;1330104331.0;;;3.37;3.34;3.38;3.35;3.34;3.34;3.34;0.0
107095;598354;2019-02-21;FRC;N19;;;7;37926;7028529334.0;;;3.33;3.33;3.36;3.35;3.35;3.31;0.0;0.0
107096;598355;2019-02-21;FRC;Q19;;;7;4172;772040881.0;;;3.41;3.36;3.41;3.36;3.36;3.36;0.0;0.0
107097;598356;2019-02-21;FRC;U19;;;1;595;109941016.0;;;3.37;3.37;3.37;3.37;3.37;3.35;0.0;0.0
107098;598357;2019-02-21;FRC;V19;;;4;15841;2922771320.0;;;3.43;3.4;3.43;3.4;3.4;3.4;0.0;0.0
107099;598358;2019-02-21;FRC;X19;;;1;198;36468412.0;;;3.5;3.5;3.5;3.5;3.5;3.46;3.46;0.0
107100;598359;2019-02-21;FRC;Z19;;;5;1598;293891202.0;;;3.51;3.48;3.51;3.48;3.48;3.46;0.0;0.0
107101;598360;2019-02-21;FRC;F20;;;16;13793;2532285752.0;;;3.56;3.55;3.56;3.55;3.55;3.55;3.53;0.0
107102;598361;2019-02-21;FRC;G20;;;0;0;0.0;;;0.0;0.0;0.0;0.0;0.0;3.57;0.0;0.0
107103;598362;2019-02-21;FRC;J20;;;12;4314;788337700.0;;;3.65;3.6;3.65;3.6;3.6;3.6;0.0;0.0
107104;598363;2019-02-21;FRC;N20;;;11;3709;674730129.0;;;3.61;3.61;3.61;3.61;3.61;3.61;0.0;0.0
107105;598364;2019-02-21;FRC;V20;;;2;5445;985961920.0;;;3.63;3.63;3.63;3.63;3.63;3.63;0.0;0.0
107106;598365;2019-02-21;FRC;F21;;;10;5809;1046771310.0;;;3.66;3.65;3.66;3.65;3.65;3.65;0.0;0.0
107107;598366;2019-02-21;FRC;J21;;;0;0;0.0;;;0.0;0.0;0.0;0.0;0.0;3.67;0.0;0.0
107108;598367;2019-02-21;FRC;N21;;;0;0;0.0;;;0.0;0.0;0.0;0.0;0.0;3.69;0.0;0.0
107109;598368;2019-02-21;FRC;V21;;;0;0;0.0;;;0.0;0.0;0.0;0.0;0.0;3.74;0.0;0.0
107110;598369;2019-02-21;FRC;F22;;;3;570;100810989.0;;;3.72;3.72;3.72;3.72;3.72;3.72;0.0;0.0
107111;598370;2019-02-21;FRC;J22;;;3;570;100388232.0;;;3.73;3.73;3.73;3.73;3.73;3.73;0.0;0.0
107112;598371;2019-02-21;FRC;N22;;;0;0;0.0;;;0.0;0.0;0.0;0.0;0.0;3.73;0.0;0.0
107113;598372;2019-02-21;FRC;V22;;;2;376;65574144.0;;;3.77;3.77;3.77;3.77;3.77;3.77;0.0;0.0
107114;598373;2019-02-21;FRC;F23;;;4;2246;389892079.0;;;3.78;3.77;3.78;3.77;3.77;3.77;0.0;0.0
107115;598374;2019-02-21;FRC;J23;;;0;0;0.0;;;0.0;0.0;0.0;0.0;0.0;3.8;0.0;0.0
107116;598375;2019-02-21;FRC;N23;;;0;0;0.0;;;0.0;0.0;0.0;0.0;0.0;3.82;0.0;0.0
107117;598376;2019-02-21;FRC;V23;;;0;0;0.0;;;0.0;0.0;0.0;0.0;0.0;3.8;0.0;0.0
107118;598377;2019-02-21;FRC;F24;;;1;184;31329454.0;;;3.85;3.85;3.85;3.85;3.85;3.85;0.0;0.0
107119;598378;2019-02-21;FRC;N24;;;0;0;0.0;;;0.0;0.0;0.0;0.0;0.0;3.87;0.0;0.0
107120;598379;2019-02-21;FRC;F25;;;0;0;0.0;;;0.0;0.0;0.0;0.0;0.0;3.95;0.0;0.0
107121;598380;2019-02-21;FRC;N25;;;0;0;0.0;;;0.0;0.0;0.0;0.0;0.0;3.99;0.0;0.0
107122;598381;2019-02-21;FRC;F26;;;3;748;122232757.0;;;4.05;4.05;4.05;4.05;4.05;4.06;0.0;0.0
107123;598382;2019-02-21;FRC;N26;;;0;0;0.0;;;0.0;0.0;0.0;0.0;0.0;4.11;0.0;0.0
107124;598383;2019-02-21;FRC;F27;;;4;874;139542064.0;;;4.2;4.2;4.2;4.2;4.2;4.2;0.0;0.0
107125;598384;2019-02-21;FRC;F28;;;0;0;0.0;;;0.0;0.0;0.0;0.0;0.0;4.36;0.0;0.0
107126;598385;2019-02-21;FRC;F29;;;0;0;0.0;;;0.0;0.0;0.0;0.0;0.0;4.47;0.0;0.0
107127;598386;2019-02-21;FRC;F30;;;0;0;0.0;;;0.0;0.0;0.0;0.0;0.0;4.52;0.0;0.0
107128;598387;2019-02-21;FRC;F31;;;0;0;0.0;;;0.0;0.0;0.0;0.0;0.0;4.58;0.0;0.0
107129;598558;2019-02-22;FRC;J19;;;251;402107;75169568485.0;;;3.2;3.03;3.22;3.2;3.22;3.22;3.21;3.24
107130;598559;2019-02-22;FRC;K19;;;33;59228;11055651036.0;;;3.34;3.31;3.34;3.31;3.31;3.31;0.0;0.0
107131;598560;2019-02-22;FRC;M19;;;10;4381;816517546.0;;;3.36;3.36;3.36;3.36;3.36;3.36;0.0;0.0
107132;598561;2019-02-22;FRC;N19;;;7;6763;1258876050.0;;;3.34;3.34;3.34;3.34;3.34;3.34;0.0;0.0
107133;598562;2019-02-22;FRC;Q19;;;4;1986;369117239.0;;;3.38;3.38;3.38;3.38;3.38;3.38;0.0;0.0
107134;598563;2019-02-22;FRC;U19;;;6;23399;4342467770.0;;;3.38;3.36;3.38;3.37;3.36;3.36;0.0;0.0
107135;598564;2019-02-22;FRC;V19;;;14;7644;1416509761.0;;;3.43;3.41;3.43;3.42;3.42;3.42;3.41;3.43
107136;598565;2019-02-22;FRC;X19;;;10;7749;1433617174.0;;;3.47;3.47;3.48;3.47;3.48;3.47;0.0;0.0
107137;598566;2019-02-22;FRC;Z19;;;8;17469;3226908332.0;;;3.49;3.49;3.49;3.49;3.49;3.49;0.0;0.0
107138;598567;2019-02-22;FRC;F20;;;14;24237;4469154259.0;;;3.55;3.55;3.56;3.55;3.56;3.56;0.0;0.0
107139;598568;2019-02-22;FRC;G20;;;0;0;0.0;;;0.0;0.0;0.0;0.0;0.0;3.58;0.0;0.0
107140;598569;2019-02-22;FRC;J20;;;11;18205;3341502154.0;;;3.6;3.6;3.6;3.6;3.6;3.6;3.59;3.6
107141;598570;2019-02-22;FRC;N20;;;12;16602;3033376447.0;;;3.62;3.6;3.62;3.61;3.61;3.61;0.0;0.0
107142;598571;2019-02-22;FRC;V20;;;0;0;0.0;;;0.0;0.0;0.0;0.0;0.0;3.63;0.0;0.0
107143;598572;2019-02-22;FRC;F21;;;9;9295;1682568268.0;;;3.63;3.63;3.64;3.63;3.64;3.64;0.0;0.0
107144;598573;2019-02-22;FRC;J21;;;0;0;0.0;;;0.0;0.0;0.0;0.0;0.0;3.66;0.0;0.0
107145;598574;2019-02-22;FRC;N21;;;3;768;137774435.0;;;3.67;3.67;3.67;3.67;3.67;3.67;0.0;0.0
107146;598575;2019-02-22;FRC;V21;;;0;0;0.0;;;0.0;0.0;0.0;0.0;0.0;3.72;0.0;0.0
107147;598576;2019-02-22;FRC;F22;;;0;0;0.0;;;0.0;0.0;0.0;0.0;0.0;3.7;0.0;0.0
107148;598577;2019-02-22;FRC;J22;;;0;0;0.0;;;0.0;0.0;0.0;0.0;0.0;3.71;0.0;0.0
107149;598578;2019-02-22;FRC;N22;;;2;378;66594349.0;;;3.7;3.7;3.7;3.7;3.7;3.7;0.0;0.0
107150;598579;2019-02-22;FRC;V22;;;0;0;0.0;;;0.0;0.0;0.0;0.0;0.0;3.73;0.0;0.0
107151;598580;2019-02-22;FRC;F23;;;6;1873;326915708.0;;;3.72;3.72;3.72;3.72;3.72;3.72;0.0;0.0
107152;598581;2019-02-22;FRC;J23;;;0;0;0.0;;;0.0;0.0;0.0;0.0;0.0;3.76;0.0;0.0
107153;598582;2019-02-22;FRC;N23;;;0;0;0.0;;;0.0;0.0;0.0;0.0;0.0;3.8;0.0;0.0
107154;598583;2019-02-22;FRC;V23;;;1;185;31823752.0;;;3.79;3.79;3.79;3.79;3.79;3.79;0.0;0.0
107155;598584;2019-02-22;FRC;F24;;;1;184;31500328.0;;;3.8;3.8;3.8;3.8;3.8;3.8;0.0;0.0
107156;598585;2019-02-22;FRC;N24;;;0;0;0.0;;;0.0;0.0;0.0;0.0;0.0;3.82;0.0;0.0
107157;598586;2019-02-22;FRC;F25;;;0;0;0.0;;;0.0;0.0;0.0;0.0;0.0;3.9;0.0;0.0
107158;598587;2019-02-22;FRC;N25;;;0;0;0.0;;;0.0;0.0;0.0;0.0;0.0;3.94;0.0;0.0
107159;598588;2019-02-22;FRC;F26;;;0;0;0.0;;;0.0;0.0;0.0;0.0;0.0;4.0;0.0;0.0
107160;598589;2019-02-22;FRC;N26;;;0;0;0.0;;;0.0;0.0;0.0;0.0;0.0;4.05;0.0;0.0
107161;598590;2019-02-22;FRC;F27;;;3;525;84383772.0;;;4.13;4.13;4.13;4.13;4.13;4.13;0.0;0.0
107162;598591;2019-02-22;FRC;F28;;;0;0;0.0;;;0.0;0.0;0.0;0.0;0.0;4.29;0.0;0.0
107163;598592;2019-02-22;FRC;F29;;;0;0;0.0;;;0.0;0.0;0.0;0.0;0.0;4.4;0.0;0.0
107164;598593;2019-02-22;FRC;F30;;;0;0;0.0;;;0.0;0.0;0.0;0.0;0.0;4.45;0.0;0.0
107165;598594;2019-02-22;FRC;F31;;;0;0;0.0;;;0.0;0.0;0.0;0.0;0.0;4.51;0.0;0.0
107166;598765;2019-02-25;FRC;J19;;;294;428163;79933445706.0;;;3.15;3.13;3.2;3.15;3.16;3.14;3.13;0.0
107167;598766;2019-02-25;FRC;K19;;;64;74661;13917687190.0;;;3.31;3.2;3.31;3.3;3.3;3.3;0.0;0.0
107168;598767;2019-02-25;FRC;M19;;;13;9497;1767694891.0;;;3.36;3.33;3.36;3.33;3.33;3.33;3.33;0.0
107169;598768;2019-02-25;FRC;N19;;;12;13923;2588203814.0;;;3.34;3.32;3.35;3.32;3.32;3.32;0.0;0.0
107170;598769;2019-02-25;FRC;Q19;;;1;596;110629729.0;;;3.35;3.35;3.35;3.35;3.35;3.35;0.0;0.0
107171;598770;2019-02-25;FRC;U19;;;2;992;183859189.0;;;3.36;3.36;3.36;3.36;3.36;3.36;0.0;0.0
107172;598771;2019-02-25;FRC;V19;;;11;6138;1135882850.0;;;3.44;3.41;3.44;3.42;3.41;3.41;0.0;0.0
107173;598772;2019-02-25;FRC;X19;;;5;1978;365492221.0;;;3.44;3.44;3.44;3.44;3.44;3.44;3.44;0.0
107174;598773;2019-02-25;FRC;Z19;;;5;3553;655479864.0;;;3.47;3.47;3.47;3.47;3.47;3.47;0.0;0.0
107175;598774;2019-02-25;FRC;F20;;;12;14384;2648954688.0;;;3.56;3.53;3.56;3.54;3.53;3.54;3.52;3.54
107176;598775;2019-02-25;FRC;G20;;;0;0;0.0;;;0.0;0.0;0.0;0.0;0.0;3.56;0.0;0.0
107177;598776;2019-02-25;FRC;J20;;;0;0;0.0;;;0.0;0.0;0.0;0.0;0.0;3.58;0.0;0.0
107178;598777;2019-02-25;FRC;N20;;;2;98;17886323.0;;;3.59;3.59;3.59;3.59;3.59;3.59;0.0;0.0
107179;598778;2019-02-25;FRC;V20;;;0;0;0.0;;;0.0;0.0;0.0;0.0;0.0;3.61;0.0;0.0
107180;598779;2019-02-25;FRC;F21;;;8;3777;682882108.0;;;3.62;3.62;3.63;3.62;3.62;3.63;0.0;0.0
107181;598780;2019-02-25;FRC;J21;;;0;0;0.0;;;0.0;0.0;0.0;0.0;0.0;3.65;0.0;0.0
107182;598781;2019-02-25;FRC;N21;;;2;576;103213705.0;;;3.65;3.65;3.65;3.65;3.65;3.65;0.0;0.0
107183;598782;2019-02-25;FRC;V21;;;0;0;0.0;;;0.0;0.0;0.0;0.0;0.0;3.7;0.0;0.0
107184;598783;2019-02-25;FRC;F22;;;6;1331;236285860.0;;;3.67;3.67;3.67;3.67;3.67;3.67;0.0;0.0
107185;598784;2019-02-25;FRC;J22;;;0;0;0.0;;;0.0;0.0;0.0;0.0;0.0;3.68;0.0;0.0
107186;598785;2019-02-25;FRC;N22;;;2;378;66524239.0;;;3.68;3.68;3.68;3.68;3.68;3.68;0.0;0.0
107187;598786;2019-02-25;FRC;V22;;;0;0;0.0;;;0.0;0.0;0.0;0.0;0.0;3.7;0.0;0.0
107188;598787;2019-02-25;FRC;F23;;;11;3558;620589691.0;;;3.68;3.68;3.68;3.68;3.68;3.68;0.0;0.0
107189;598788;2019-02-25;FRC;J23;;;0;0;0.0;;;0.0;0.0;0.0;0.0;0.0;3.72;0.0;0.0
107190;598789;2019-02-25;FRC;N23;;;0;0;0.0;;;0.0;0.0;0.0;0.0;0.0;3.76;0.0;0.0
107191;598790;2019-02-25;FRC;V23;;;0;0;0.0;;;0.0;0.0;0.0;0.0;0.0;3.75;0.0;0.0
107192;598791;2019-02-25;FRC;F24;;;0;0;0.0;;;0.0;0.0;0.0;0.0;0.0;3.76;0.0;0.0
107193;598792;2019-02-25;FRC;N24;;;0;0;0.0;;;0.0;0.0;0.0;0.0;0.0;3.78;0.0;0.0
107194;598793;2019-02-25;FRC;F25;;;0;0;0.0;;;0.0;0.0;0.0;0.0;0.0;3.86;0.0;0.0
107195;598794;2019-02-25;FRC;N25;;;0;0;0.0;;;0.0;0.0;0.0;0.0;0.0;3.9;0.0;0.0
107196;598795;2019-02-25;FRC;F26;;;0;0;0.0;;;0.0;0.0;0.0;0.0;0.0;3.96;0.0;0.0
107197;598796;2019-02-25;FRC;N26;;;0;0;0.0;;;0.0;0.0;0.0;0.0;0.0;4.01;0.0;0.0
107198;598797;2019-02-25;FRC;F27;;;0;0;0.0;;;0.0;0.0;0.0;0.0;0.0;4.09;0.0;0.0
107199;598798;2019-02-25;FRC;F28;;;0;0;0.0;;;0.0;0.0;0.0;0.0;0.0;4.25;0.0;0.0
107200;598799;2019-02-25;FRC;F29;;;0;0;0.0;;;0.0;0.0;0.0;0.0;0.0;4.36;0.0;0.0
107201;598800;2019-02-25;FRC;F30;;;0;0;0.0;;;0.0;0.0;0.0;0.0;0.0;4.41;0.0;0.0
107202;598801;2019-02-25;FRC;F31;;;0;0;0.0;;;0.0;0.0;0.0;0.0;0.0;4.47;0.0;0.0
107203;598972;2019-02-26;FRC;J19;;;271;365763;68265705297.0;;;3.14;3.04;3.17;3.12;3.09;3.1;2.91;3.09
107204;598973;2019-02-26;FRC;K19;;;30;29514;5500262070.0;;;3.31;3.28;3.31;3.29;3.28;3.28;0.0;0.0
107205;598974;2019-02-26;FRC;M19;;;12;10276;1912162149.0;;;3.34;3.31;3.34;3.32;3.34;3.34;3.29;3.33
107206;598975;2019-02-26;FRC;N19;;;3;2029;377077660.0;;;3.3;3.3;3.32;3.31;3.32;3.33;0.0;3.31
107207;598976;2019-02-26;FRC;Q19;;;0;0;0.0;;;0.0;0.0;0.0;0.0;0.0;3.35;0.0;0.0
107208;598977;2019-02-26;FRC;U19;;;4;4959;918852922.0;;;3.36;3.36;3.36;3.36;3.36;3.35;0.0;0.0
107209;598978;2019-02-26;FRC;V19;;;14;7385;1366360987.0;;;3.4;3.4;3.41;3.4;3.4;3.4;0.0;0.0
107210;598979;2019-02-26;FRC;X19;;;15;5143;950097796.0;;;3.43;3.42;3.43;3.42;3.43;3.43;3.41;0.0
107211;598980;2019-02-26;FRC;Z19;;;3;5863;1081421139.0;;;3.46;3.45;3.47;3.45;3.45;3.45;3.4;3.45
107212;598981;2019-02-26;FRC;F20;;;13;11532;2123458092.0;;;3.54;3.5;3.54;3.5;3.5;3.5;0.0;3.5
107213;598982;2019-02-26;FRC;G20;;;0;0;0.0;;;0.0;0.0;0.0;0.0;0.0;3.52;0.0;3.53
107214;598983;2019-02-26;FRC;J20;;;17;6431;1178787225.0;;;3.56;3.54;3.56;3.54;3.54;3.54;0.0;3.54
107215;598984;2019-02-26;FRC;N20;;;3;585;106754892.0;;;3.55;3.55;3.55;3.55;3.55;3.55;0.0;3.55
107216;598985;2019-02-26;FRC;V20;;;0;0;0.0;;;0.0;0.0;0.0;0.0;0.0;3.56;0.0;3.56
107217;598986;2019-02-26;FRC;F21;;;7;2539;459056985.0;;;3.63;3.57;3.63;3.59;3.57;3.57;0.0;3.57
107218;598987;2019-02-26;FRC;J21;;;0;0;0.0;;;0.0;0.0;0.0;0.0;0.0;3.59;0.0;0.0
107219;598988;2019-02-26;FRC;N21;;;0;0;0.0;;;0.0;0.0;0.0;0.0;0.0;3.59;0.0;0.0
107220;598989;2019-02-26;FRC;V21;;;0;0;0.0;;;0.0;0.0;0.0;0.0;0.0;3.64;0.0;0.0
107221;598990;2019-02-26;FRC;F22;;;1;191;33932633.0;;;3.61;3.61;3.61;3.61;3.61;3.61;0.0;0.0
107222;598991;2019-02-26;FRC;J22;;;0;0;0.0;;;0.0;0.0;0.0;0.0;0.0;3.63;0.0;0.0
107223;598992;2019-02-26;FRC;N22;;;0;0;0.0;;;0.0;0.0;0.0;0.0;0.0;3.64;0.0;0.0
107224;598993;2019-02-26;FRC;V22;;;0;0;0.0;;;0.0;0.0;0.0;0.0;0.0;3.67;0.0;0.0
107225;598994;2019-02-26;FRC;F23;;;5;1690;294848041.0;;;3.66;3.66;3.66;3.66;3.66;3.66;0.0;0.0
107226;598995;2019-02-26;FRC;J23;;;0;0;0.0;;;0.0;0.0;0.0;0.0;0.0;3.7;0.0;0.0
107227;598996;2019-02-26;FRC;N23;;;0;0;0.0;;;0.0;0.0;0.0;0.0;0.0;3.74;0.0;0.0
107228;598997;2019-02-26;FRC;V23;;;0;0;0.0;;;0.0;0.0;0.0;0.0;0.0;3.73;0.0;0.0
107229;598998;2019-02-26;FRC;F24;;;1;184;31487488.0;;;3.74;3.74;3.74;3.74;3.74;3.74;0.0;0.0
107230;598999;2019-02-26;FRC;N24;;;0;0;0.0;;;0.0;0.0;0.0;0.0;0.0;3.76;0.0;0.0
107231;599000;2019-02-26;FRC;F25;;;2;362;60723197.0;;;3.84;3.84;3.84;3.84;3.84;3.84;0.0;0.0
107232;599001;2019-02-26;FRC;N25;;;0;0;0.0;;;0.0;0.0;0.0;0.0;0.0;3.88;0.0;0.0
107233;599002;2019-02-26;FRC;F26;;;0;0;0.0;;;0.0;0.0;0.0;0.0;0.0;3.94;0.0;0.0
107234;599003;2019-02-26;FRC;N26;;;0;0;0.0;;;0.0;0.0;0.0;0.0;0.0;3.99;0.0;0.0
107235;599004;2019-02-26;FRC;F27;;;0;0;0.0;;;0.0;0.0;0.0;0.0;0.0;4.07;0.0;0.0
107236;599005;2019-02-26;FRC;F28;;;0;0;0.0;;;0.0;0.0;0.0;0.0;0.0;4.23;0.0;0.0
107237;599006;2019-02-26;FRC;F29;;;0;0;0.0;;;0.0;0.0;0.0;0.0;0.0;4.34;0.0;0.0
107238;599007;2019-02-26;FRC;F30;;;0;0;0.0;;;0.0;0.0;0.0;0.0;0.0;4.39;0.0;0.0
107239;599008;2019-02-26;FRC;F31;;;0;0;0.0;;;0.0;0.0;0.0;0.0;0.0;4.45;0.0;0.0
107240;599179;2019-02-27;FRC;K19;;;20;26161;4872130804.0;;;3.5;3.47;3.51;3.5;3.51;3.51;0.0;0.0
107241;599180;2019-02-27;FRC;M19;;;7;4985;926953968.0;;;3.5;3.5;3.5;3.5;3.5;3.5;0.0;0.0
107242;599181;2019-02-27;FRC;N19;;;20;13344;2478271311.0;;;3.41;3.41;3.46;3.42;3.46;3.46;0.0;0.0
107243;599182;2019-02-27;FRC;Q19;;;0;0;0.0;;;0.0;0.0;0.0;0.0;0.0;3.46;0.0;0.0
107244;599183;2019-02-27;FRC;U19;;;0;0;0.0;;;0.0;0.0;0.0;0.0;0.0;3.43;0.0;0.0
107245;599184;2019-02-27;FRC;V19;;;19;6543;1209792926.0;;;3.46;3.46;3.46;3.46;3.46;3.46;0.0;0.0
107246;599185;2019-02-27;FRC;X19;;;0;0;0.0;;;0.0;0.0;0.0;0.0;0.0;3.48;0.0;0.0
107247;599186;2019-02-27;FRC;Z19;;;0;0;0.0;;;0.0;0.0;0.0;0.0;0.0;3.5;0.0;0.0
107248;599187;2019-02-27;FRC;F20;;;28;22302;4104145571.0;;;3.46;3.46;3.54;3.53;3.54;3.54;3.51;3.55
107249;599188;2019-02-27;FRC;G20;;;1;197;36198203.0;;;3.53;3.53;3.53;3.53;3.53;3.53;0.0;0.0
107250;599189;2019-02-27;FRC;J20;;;12;4916;900698940.0;;;3.55;3.55;3.55;3.55;3.55;3.55;0.0;0.0
107251;599190;2019-02-27;FRC;N20;;;12;10197;1859796898.0;;;3.52;3.52;3.58;3.57;3.57;3.58;0.0;0.0
107252;599191;2019-02-27;FRC;V20;;;1;19;3449195.0;;;3.53;3.53;3.53;3.53;3.53;3.58;0.0;0.0
107253;599192;2019-02-27;FRC;F21;;;5;1106;199894484.0;;;3.58;3.55;3.59;3.58;3.59;3.59;0.0;0.0
107254;599193;2019-02-27;FRC;J21;;;0;0;0.0;;;0.0;0.0;0.0;0.0;0.0;3.61;0.0;0.0
107255;599194;2019-02-27;FRC;N21;;;0;0;0.0;;;0.0;0.0;0.0;0.0;0.0;3.61;0.0;0.0
107256;599195;2019-02-27;FRC;V21;;;0;0;0.0;;;0.0;0.0;0.0;0.0;0.0;3.66;0.0;0.0
107257;599196;2019-02-27;FRC;F22;;;17;12193;2164281624.0;;;3.63;3.63;3.64;3.63;3.64;3.64;0.0;0.0
107258;599197;2019-02-27;FRC;J22;;;0;0;0.0;;;0.0;0.0;0.0;0.0;0.0;3.66;0.0;0.0
107259;599198;2019-02-27;FRC;N22;;;0;0;0.0;;;0.0;0.0;0.0;0.0;0.0;3.67;0.0;0.0
107260;599199;2019-02-27;FRC;V22;;;0;0;0.0;;;0.0;0.0;0.0;0.0;0.0;3.7;0.0;0.0
107261;599200;2019-02-27;FRC;F23;;;9;13026;2270244501.0;;;3.69;3.69;3.69;3.69;3.69;3.69;0.0;0.0
107262;599201;2019-02-27;FRC;J23;;;0;0;0.0;;;0.0;0.0;0.0;0.0;0.0;3.73;0.0;0.0
107263;599202;2019-02-27;FRC;N23;;;0;0;0.0;;;0.0;0.0;0.0;0.0;0.0;3.77;0.0;0.0
107264;599203;2019-02-27;FRC;V23;;;0;0;0.0;;;0.0;0.0;0.0;0.0;0.0;3.76;0.0;0.0
107265;599204;2019-02-27;FRC;F24;;;8;4433;758393550.0;;;3.74;3.74;3.76;3.74;3.76;3.76;0.0;0.0
107266;599205;2019-02-27;FRC;N24;;;0;0;0.0;;;0.0;0.0;0.0;0.0;0.0;3.77;0.0;0.0
107267;599206;2019-02-27;FRC;F25;;;9;1892;317476037.0;;;3.83;3.83;3.83;3.83;3.83;3.83;0.0;0.0
107268;599207;2019-02-27;FRC;N25;;;0;0;0.0;;;0.0;0.0;0.0;0.0;0.0;3.87;0.0;0.0
107269;599208;2019-02-27;FRC;F26;;;0;0;0.0;;;0.0;0.0;0.0;0.0;0.0;3.93;0.0;0.0
107270;599209;2019-02-27;FRC;N26;;;0;0;0.0;;;0.0;0.0;0.0;0.0;0.0;3.98;0.0;0.0
107271;599210;2019-02-27;FRC;F27;;;0;0;0.0;;;0.0;0.0;0.0;0.0;0.0;4.06;0.0;0.0
107272;599211;2019-02-27;FRC;F28;;;0;0;0.0;;;0.0;0.0;0.0;0.0;0.0;4.22;0.0;0.0
107273;599212;2019-02-27;FRC;F29;;;0;0;0.0;;;0.0;0.0;0.0;0.0;0.0;4.33;0.0;0.0
107274;599213;2019-02-27;FRC;F30;;;0;0;0.0;;;0.0;0.0;0.0;0.0;0.0;4.38;0.0;0.0
107275;599214;2019-02-27;FRC;F31;;;0;0;0.0;;;0.0;0.0;0.0;0.0;0.0;4.44;0.0;0.0
107276;599389;2019-02-28;FRC;K19;;;28;73906;13751215056.0;;;3.65;3.48;3.65;3.51;3.48;3.52;3.46;3.52
107277;599390;2019-02-28;FRC;M19;;;18;26737;4967030715.0;;;3.76;3.5;3.76;3.52;3.5;3.5;0.0;0.0
107278;599391;2019-02-28;FRC;N19;;;0;0;0.0;;;0.0;0.0;0.0;0.0;0.0;3.46;0.0;0.0
107279;599392;2019-02-28;FRC;Q19;;;2;597;110604668.0;;;3.46;3.46;3.46;3.46;3.46;3.46;0.0;0.0
107280;599393;2019-02-28;FRC;U19;;;6;31451;5818270026.0;;;3.48;3.42;3.48;3.43;3.42;3.42;0.0;0.0
107281;599394;2019-02-28;FRC;V19;;;10;6541;1208419527.0;;;3.43;3.43;3.43;3.43;3.43;3.43;3.43;0.0
107282;599395;2019-02-28;FRC;X19;;;11;6811;1256289185.0;;;3.48;3.47;3.48;3.47;3.47;3.47;0.0;0.0
107283;599396;2019-02-28;FRC;Z19;;;15;20873;3844026769.0;;;3.49;3.48;3.5;3.49;3.48;3.49;0.0;0.0
107284;599397;2019-02-28;FRC;F20;;;41;70323;12930027763.0;;;3.56;3.52;3.56;3.52;3.52;3.52;3.5;3.54
107285;599398;2019-02-28;FRC;G20;;;0;0;0.0;;;0.0;0.0;0.0;0.0;0.0;3.52;0.0;0.0
107286;599399;2019-02-28;FRC;H20;;;0;0;0.0;;;0.0;0.0;0.0;0.0;0.0;3.54;0.0;0.0
107287;599400;2019-02-28;FRC;J20;;;10;7272;1331134148.0;;;3.55;3.55;3.55;3.55;3.55;3.55;0.0;0.0
107288;599401;2019-02-28;FRC;N20;;;0;0;0.0;;;0.0;0.0;0.0;0.0;0.0;3.58;0.0;0.0
107289;599402;2019-02-28;FRC;V20;;;9;17436;3162936808.0;;;3.58;3.58;3.58;3.58;3.58;3.58;0.0;0.0
107290;599403;2019-02-28;FRC;F21;;;8;3201;578022348.0;;;3.58;3.58;3.58;3.58;3.58;3.58;0.0;0.0
107291;599404;2019-02-28;FRC;J21;;;0;0;0.0;;;0.0;0.0;0.0;0.0;0.0;3.6;0.0;0.0
107292;599405;2019-02-28;FRC;N21;;;3;11927;2134723581.0;;;3.61;3.61;3.61;3.61;3.61;3.61;0.0;0.0
107293;599406;2019-02-28;FRC;V21;;;3;576;102613830.0;;;3.64;3.64;3.64;3.64;3.64;3.64;0.0;0.0
107294;599407;2019-02-28;FRC;F22;;;2;382;67743009.0;;;3.64;3.64;3.64;3.64;3.64;3.64;0.0;0.0
107295;599408;2019-02-28;FRC;J22;;;3;570;100621795.0;;;3.66;3.66;3.66;3.66;3.66;3.66;0.0;0.0
107296;599409;2019-02-28;FRC;N22;;;4;756;132824653.0;;;3.68;3.68;3.68;3.68;3.68;3.68;0.0;0.0
107297;599410;2019-02-28;FRC;V22;;;4;941;164475566.0;;;3.72;3.72;3.72;3.72;3.72;3.72;0.0;0.0
107298;599411;2019-02-28;FRC;F23;;;5;7506;1306521892.0;;;3.71;3.71;3.71;3.71;3.71;3.71;0.0;0.0
107299;599412;2019-02-28;FRC;J23;;;0;0;0.0;;;0.0;0.0;0.0;0.0;0.0;3.75;0.0;0.0
107300;599413;2019-02-28;FRC;N23;;;0;0;0.0;;;0.0;0.0;0.0;0.0;0.0;3.79;0.0;0.0
107301;599414;2019-02-28;FRC;V23;;;0;0;0.0;;;0.0;0.0;0.0;0.0;0.0;3.79;0.0;0.0
107302;599415;2019-02-28;FRC;F24;;;5;1145;195573787.0;;;3.76;3.76;3.8;3.77;3.8;3.8;0.0;0.0
107303;599416;2019-02-28;FRC;N24;;;4;915;154870256.0;;;3.78;3.78;3.81;3.79;3.81;3.81;0.0;0.0
107304;599417;2019-02-28;FRC;F25;;;4;909;152261247.0;;;3.87;3.85;3.87;3.86;3.85;3.87;0.0;0.0
107305;599418;2019-02-28;FRC;N25;;;0;0;0.0;;;0.0;0.0;0.0;0.0;0.0;3.91;0.0;0.0
107306;599419;2019-02-28;FRC;F26;;;0;0;0.0;;;0.0;0.0;0.0;0.0;0.0;3.97;0.0;0.0
107307;599420;2019-02-28;FRC;N26;;;0;0;0.0;;;0.0;0.0;0.0;0.0;0.0;4.02;0.0;0.0
107308;599421;2019-02-28;FRC;F27;;;0;0;0.0;;;0.0;0.0;0.0;0.0;0.0;4.1;0.0;0.0
107309;599422;2019-02-28;FRC;F28;;;0;0;0.0;;;0.0;0.0;0.0;0.0;0.0;4.26;0.0;0.0
107310;599423;2019-02-28;FRC;F29;;;0;0;0.0;;;0.0;0.0;0.0;0.0;0.0;4.37;0.0;0.0
107311;599424;2019-02-28;FRC;F30;;;0;0;0.0;;;0.0;0.0;0.0;0.0;0.0;4.42;0.0;0.0
107312;599425;2019-02-28;FRC;F31;;;0;0;0.0;;;0.0;0.0;0.0;0.0;0.0;4.48;0.0;0.0
107313;599600;2019-03-01;FRC;K19;;;24;56634;10591225530.0;;;3.52;3.52;3.55;3.54;3.55;3.55;0.0;0.0
107314;599601;2019-03-01;FRC;M19;;;12;15811;2952356630.0;;;3.5;3.5;3.51;3.5;3.51;3.51;0.0;0.0
107315;599602;2019-03-01;FRC;N19;;;9;10852;2023762349.0;;;3.46;3.46;3.47;3.46;3.47;3.47;0.0;0.0
107316;599603;2019-03-01;FRC;Q19;;;4;637;118605934.0;;;3.46;3.46;3.61;3.51;3.61;3.48;0.0;0.0
107317;599604;2019-03-01;FRC;U19;;;0;0;0.0;;;0.0;0.0;0.0;0.0;0.0;3.45;0.0;0.0
107318;599605;2019-03-01;FRC;V19;;;8;5154;956970133.0;;;3.46;3.46;3.46;3.46;3.46;3.46;3.46;0.0
107319;599606;2019-03-01;FRC;X19;;;4;1980;367073610.0;;;3.48;3.48;3.48;3.48;3.48;3.48;3.48;0.0
107320;599607;2019-03-01;FRC;Z19;;;3;594;109962189.0;;;3.48;3.48;3.48;3.48;3.48;3.48;3.48;0.0
107321;599608;2019-03-01;FRC;F20;;;13;7676;1418570517.0;;;3.52;3.52;3.54;3.52;3.54;3.53;3.53;3.54
107322;599609;2019-03-01;FRC;G20;;;2;788;145387680.0;;;3.55;3.55;3.55;3.55;3.55;3.55;3.54;3.57
107323;599610;2019-03-01;FRC;H20;;;0;0;0.0;;;0.0;0.0;0.0;0.0;0.0;3.54;0.0;0.0
107324;599611;2019-03-01;FRC;J20;;;9;3731;686368577.0;;;3.57;3.57;3.57;3.57;3.57;3.57;0.0;0.0
107325;599612;2019-03-01;FRC;N20;;;8;2390;437741400.0;;;3.58;3.57;3.59;3.57;3.59;3.59;0.0;0.0
107326;599613;2019-03-01;FRC;V20;;;5;1170;213334543.0;;;3.58;3.58;3.58;3.58;3.58;3.58;0.0;0.0
107327;599614;2019-03-01;FRC;F21;;;16;4656;844853154.0;;;3.58;3.58;3.61;3.6;3.61;3.61;0.0;3.62
107328;599615;2019-03-01;FRC;J21;;;2;386;69729742.0;;;3.63;3.63;3.63;3.63;3.63;3.63;0.0;0.0
107329;599616;2019-03-01;FRC;N21;;;0;0;0.0;;;0.0;0.0;0.0;0.0;0.0;3.64;0.0;0.0
107330;599617;2019-03-01;FRC;V21;;;0;0;0.0;;;0.0;0.0;0.0;0.0;0.0;3.67;0.0;0.0
107331;599618;2019-03-01;FRC;F22;;;6;1146;204191198.0;;;3.67;3.67;3.67;3.67;3.67;3.67;0.0;0.0
107332;599619;2019-03-01;FRC;J22;;;0;0;0.0;;;0.0;0.0;0.0;0.0;0.0;3.68;0.0;0.0
107333;599620;2019-03-01;FRC;N22;;;0;0;0.0;;;0.0;0.0;0.0;0.0;0.0;3.71;0.0;0.0
107334;599621;2019-03-01;FRC;V22;;;0;0;0.0;;;0.0;0.0;0.0;0.0;0.0;3.75;0.0;0.0
107335;599622;2019-03-01;FRC;F23;;;6;1015;177551616.0;;;3.71;3.71;3.74;3.72;3.74;3.74;0.0;0.0
107336;599623;2019-03-01;FRC;J23;;;0;0;0.0;;;0.0;0.0;0.0;0.0;0.0;3.76;0.0;0.0
107337;599624;2019-03-01;FRC;N23;;;0;0;0.0;;;0.0;0.0;0.0;0.0;0.0;3.8;0.0;0.0
107338;599625;2019-03-01;FRC;V23;;;0;0;0.0;;;0.0;0.0;0.0;0.0;0.0;3.8;0.0;0.0
107339;599626;2019-03-01;FRC;F24;;;5;920;157790843.0;;;3.81;3.81;3.81;3.81;3.81;3.81;0.0;0.0
107340;599627;2019-03-01;FRC;N24;;;0;0;0.0;;;0.0;0.0;0.0;0.0;0.0;3.82;0.0;0.0
107341;599628;2019-03-01;FRC;F25;;;2;54;9079063.0;;;3.87;3.87;3.87;3.87;3.87;3.88;0.0;0.0
107342;599629;2019-03-01;FRC;N25;;;0;0;0.0;;;0.0;0.0;0.0;0.0;0.0;3.92;0.0;0.0
107343;599630;2019-03-01;FRC;F26;;;0;0;0.0;;;0.0;0.0;0.0;0.0;0.0;3.98;0.0;0.0
107344;599631;2019-03-01;FRC;N26;;;0;0;0.0;;;0.0;0.0;0.0;0.0;0.0;4.03;0.0;0.0
107345;599632;2019-03-01;FRC;F27;;;0;0;0.0;;;0.0;0.0;0.0;0.0;0.0;4.11;0.0;0.0
107346;599633;2019-03-01;FRC;F28;;;0;0;0.0;;;0.0;0.0;0.0;0.0;0.0;4.27;0.0;0.0
107347;599634;2019-03-01;FRC;F29;;;0;0;0.0;;;0.0;0.0;0.0;0.0;0.0;4.38;0.0;0.0
107348;599635;2019-03-01;FRC;F30;;;0;0;0.0;;;0.0;0.0;0.0;0.0;0.0;4.43;0.0;0.0
107349;599636;2019-03-01;FRC;F31;;;0;0;0.0;;;0.0;0.0;0.0;0.0;0.0;4.49;0.0;0.0
107357;599829;2019-03-06;FRC;K19;;;15;57773;10951033013.0;;;3.55;3.55;3.56;3.55;3.56;3.56;0.0;0.0
107358;599830;2019-03-06;FRC;M19;;;9;8175;1547230593.0;;;3.52;3.52;3.52;3.52;3.52;3.52;0.0;0.0
107359;599831;2019-03-06;FRC;N19;;;19;20788;3929279626.0;;;3.47;3.47;3.49;3.48;3.49;3.49;0.0;0.0
107360;599832;2019-03-06;FRC;Q19;;;1;596;112481976.0;;;3.5;3.5;3.5;3.5;3.5;3.5;0.0;0.0
107361;599833;2019-03-06;FRC;U19;;;2;398;75008600.0;;;3.46;3.46;3.46;3.46;3.46;3.46;0.0;0.0
107362;599834;2019-03-06;FRC;V19;;;1;2776;522424033.0;;;3.47;3.47;3.47;3.47;3.47;3.47;3.47;0.0
107363;599835;2019-03-06;FRC;X19;;;5;1386;260425635.0;;;3.5;3.5;3.5;3.5;3.5;3.5;3.5;0.0
107364;599836;2019-03-06;FRC;Z19;;;8;3954;741814543.0;;;3.51;3.51;3.51;3.51;3.51;3.51;0.0;0.0
107365;599837;2019-03-06;FRC;F20;;;20;16575;3104121828.0;;;3.58;3.58;3.58;3.58;3.58;3.58;0.0;0.0
107366;599838;2019-03-06;FRC;G20;;;0;0;0.0;;;0.0;0.0;0.0;0.0;0.0;3.6;0.0;0.0
107367;599839;2019-03-06;FRC;H20;;;0;0;0.0;;;0.0;0.0;0.0;0.0;0.0;3.59;0.0;0.0
107368;599840;2019-03-06;FRC;J20;;;10;2433;453561741.0;;;3.61;3.61;3.61;3.61;3.61;3.61;0.0;0.0
107369;599841;2019-03-06;FRC;N20;;;15;3916;726771706.0;;;3.62;3.62;3.62;3.62;3.62;3.62;3.62;0.0
107370;599842;2019-03-06;FRC;V20;;;0;0;0.0;;;0.0;0.0;0.0;0.0;0.0;3.61;3.62;3.64
107371;599843;2019-03-06;FRC;F21;;;12;2852;524412593.0;;;3.61;3.61;3.64;3.63;3.64;3.64;0.0;0.0
107372;599844;2019-03-06;FRC;J21;;;1;193;35328150.0;;;3.66;3.66;3.66;3.66;3.66;3.66;0.0;0.0
107373;599845;2019-03-06;FRC;N21;;;0;0;0.0;;;0.0;0.0;0.0;0.0;0.0;3.67;0.0;0.0
107374;599846;2019-03-06;FRC;V21;;;0;0;0.0;;;0.0;0.0;0.0;0.0;0.0;3.7;0.0;0.0
107375;599847;2019-03-06;FRC;F22;;;6;1146;206884600.0;;;3.7;3.7;3.7;3.7;3.7;3.7;0.0;0.0
107376;599848;2019-03-06;FRC;J22;;;0;0;0.0;;;0.0;0.0;0.0;0.0;0.0;3.71;0.0;0.0
107377;599849;2019-03-06;FRC;N22;;;0;0;0.0;;;0.0;0.0;0.0;0.0;0.0;3.75;0.0;0.0
107378;599850;2019-03-06;FRC;V22;;;5;1505;267813601.0;;;3.76;3.76;3.76;3.76;3.76;3.76;0.0;0.0
107379;599851;2019-03-06;FRC;F23;;;7;1497;265181242.0;;;3.76;3.76;3.76;3.76;3.76;3.76;0.0;0.0
107380;599852;2019-03-06;FRC;J23;;;0;0;0.0;;;0.0;0.0;0.0;0.0;0.0;3.78;0.0;0.0
107381;599853;2019-03-06;FRC;N23;;;0;0;0.0;;;0.0;0.0;0.0;0.0;0.0;3.82;0.0;0.0
107382;599854;2019-03-06;FRC;V23;;;0;0;0.0;;;0.0;0.0;0.0;0.0;0.0;3.82;0.0;0.0
107383;599855;2019-03-06;FRC;F24;;;2;1107;192530869.0;;;3.8;3.8;3.8;3.8;3.8;3.83;0.0;0.0
107384;599856;2019-03-06;FRC;N24;;;2;549;94605271.0;;;3.82;3.82;3.82;3.82;3.82;3.84;0.0;0.0
107385;599857;2019-03-06;FRC;F25;;;3;725;123532060.0;;;3.91;3.91;3.91;3.91;3.91;3.91;0.0;0.0
107386;599858;2019-03-06;FRC;N25;;;0;0;0.0;;;0.0;0.0;0.0;0.0;0.0;3.95;0.0;0.0
107387;599859;2019-03-06;FRC;F26;;;2;357;59595603.0;;;4.01;4.01;4.01;4.01;4.01;4.01;4.0;0.0
107388;599860;2019-03-06;FRC;N26;;;0;0;0.0;;;0.0;0.0;0.0;0.0;0.0;4.06;0.0;0.0
107389;599861;2019-03-06;FRC;F27;;;2;176;28775429.0;;;4.11;4.11;4.11;4.11;4.11;4.14;0.0;0.0
107390;599862;2019-03-06;FRC;F28;;;1;172;27408422.0;;;4.3;4.3;4.3;4.3;4.3;4.3;0.0;0.0
107391;599863;2019-03-06;FRC;F29;;;0;0;0.0;;;0.0;0.0;0.0;0.0;0.0;4.41;0.0;0.0
107392;599864;2019-03-06;FRC;F30;;;0;0;0.0;;;0.0;0.0;0.0;0.0;0.0;4.46;0.0;0.0
107393;599865;2019-03-06;FRC;F31;;;0;0;0.0;;;0.0;0.0;0.0;0.0;0.0;4.52;0.0;0.0
107394;600035;2019-03-07;FRC;K19;;;20;41017;7878328678.0;;;3.56;3.56;3.6;3.58;3.6;3.6;0.0;0.0
107395;600036;2019-03-07;FRC;M19;;;20;33899;6501291068.0;;;3.53;3.52;3.54;3.52;3.54;3.54;0.0;0.0
107396;600037;2019-03-07;FRC;N19;;;25;15867;3039002934.0;;;3.5;3.5;3.52;3.5;3.5;3.5;0.0;0.0
107397;600038;2019-03-07;FRC;Q19;;;7;3480;665500607.0;;;3.51;3.51;3.53;3.52;3.53;3.53;0.0;0.0
107398;600039;2019-03-07;FRC;U19;;;2;993;189623949.0;;;3.48;3.48;3.48;3.48;3.48;3.48;0.0;0.0
107399;600040;2019-03-07;FRC;V19;;;7;4083;778560717.0;;;3.5;3.49;3.51;3.49;3.49;3.49;3.49;3.53
107400;600041;2019-03-07;FRC;X19;;;9;6335;1206096504.0;;;3.52;3.52;3.53;3.52;3.52;3.53;3.52;0.0
107401;600042;2019-03-07;FRC;Z19;;;16;85497;16250870098.0;;;3.52;3.52;3.57;3.56;3.56;3.57;0.0;3.56
107402;600043;2019-03-07;FRC;F20;;;33;109975;20866938214.0;;;3.6;3.59;3.62;3.61;3.59;3.62;3.59;3.62
107403;600044;2019-03-07;FRC;G20;;;7;1556;294764900.0;;;3.6;3.6;3.63;3.62;3.63;3.63;3.6;3.63
107404;600045;2019-03-07;FRC;H20;;;0;0;0.0;;;0.0;0.0;0.0;0.0;0.0;3.62;0.0;0.0
107405;600046;2019-03-07;FRC;J20;;;11;19406;3665427085.0;;;3.61;3.61;3.64;3.63;3.64;3.64;0.0;0.0
107406;600047;2019-03-07;FRC;N20;;;9;2956;555827820.0;;;3.63;3.63;3.66;3.64;3.66;3.66;0.0;0.0
107407;600048;2019-03-07;FRC;V20;;;6;1947;364418340.0;;;3.62;3.62;3.67;3.64;3.67;3.67;0.0;0.0
107408;600049;2019-03-07;FRC;F21;;;12;3723;693420556.0;;;3.65;3.64;3.69;3.67;3.69;3.69;0.0;0.0
107409;600050;2019-03-07;FRC;J21;;;5;2123;393746121.0;;;3.66;3.66;3.7;3.67;3.7;3.7;0.0;0.0
107410;600051;2019-03-07;FRC;N21;;;6;787;145246606.0;;;3.67;3.67;3.72;3.7;3.72;3.72;0.0;3.72
107411;600052;2019-03-07;FRC;V21;;;0;0;0.0;;;0.0;0.0;0.0;0.0;0.0;3.74;0.0;0.0
107412;600053;2019-03-07;FRC;F22;;;7;2097;383419871.0;;;3.73;3.73;3.73;3.73;3.73;3.73;0.0;0.0
107413;600054;2019-03-07;FRC;J22;;;2;190;34601343.0;;;3.71;3.71;3.71;3.71;3.71;3.74;0.0;0.0
107414;600055;2019-03-07;FRC;N22;;;0;0;0.0;;;0.0;0.0;0.0;0.0;0.0;3.78;0.0;0.0
107415;600056;2019-03-07;FRC;V22;;;2;2183;393648843.0;;;3.76;3.76;3.76;3.76;3.76;3.78;0.0;0.0
107416;600057;2019-03-07;FRC;F23;;;5;2623;470782704.0;;;3.77;3.77;3.78;3.77;3.78;3.78;0.0;0.0
107417;600058;2019-03-07;FRC;J23;;;0;0;0.0;;;0.0;0.0;0.0;0.0;0.0;3.8;0.0;0.0
107418;600059;2019-03-07;FRC;N23;;;0;0;0.0;;;0.0;0.0;0.0;0.0;0.0;3.84;0.0;0.0
107419;600060;2019-03-07;FRC;V23;;;0;0;0.0;;;0.0;0.0;0.0;0.0;0.0;3.84;0.0;0.0
107420;600061;2019-03-07;FRC;F24;;;8;1731;304743444.0;;;3.83;3.83;3.85;3.84;3.85;3.85;0.0;0.0
107421;600062;2019-03-07;FRC;N24;;;2;2012;351001179.0;;;3.86;3.86;3.86;3.86;3.86;3.86;0.0;0.0
107422;600063;2019-03-07;FRC;F25;;;5;3626;625932573.0;;;3.92;3.92;3.92;3.92;3.92;3.92;0.0;0.0
107423;600064;2019-03-07;FRC;N25;;;0;0;0.0;;;0.0;0.0;0.0;0.0;0.0;3.96;0.0;0.0
107424;600065;2019-03-07;FRC;F26;;;0;0;0.0;;;0.0;0.0;0.0;0.0;0.0;4.02;0.0;0.0
107425;600066;2019-03-07;FRC;N26;;;0;0;0.0;;;0.0;0.0;0.0;0.0;0.0;4.07;0.0;0.0
107426;600067;2019-03-07;FRC;F27;;;0;0;0.0;;;0.0;0.0;0.0;0.0;0.0;4.15;0.0;0.0
107427;600068;2019-03-07;FRC;F28;;;0;0;0.0;;;0.0;0.0;0.0;0.0;0.0;4.31;0.0;0.0
107428;600069;2019-03-07;FRC;F29;;;0;0;0.0;;;0.0;0.0;0.0;0.0;0.0;4.42;0.0;0.0
107429;600070;2019-03-07;FRC;F30;;;0;0;0.0;;;0.0;0.0;0.0;0.0;0.0;4.47;0.0;0.0
107430;600071;2019-03-07;FRC;F31;;;0;0;0.0;;;0.0;0.0;0.0;0.0;0.0;4.53;0.0;0.0
107431;600242;2019-03-08;FRC;K19;;;28;64899;12467841353.0;;;3.62;3.62;3.63;3.62;3.62;3.62;0.0;0.0
107432;600243;2019-03-08;FRC;M19;;;25;43328;8311113496.0;;;3.56;3.54;3.56;3.55;3.56;3.56;3.56;0.0
107433;600244;2019-03-08;FRC;N19;;;30;39885;7640653289.0;;;3.5;3.5;3.53;3.51;3.51;3.52;3.51;0.0
107434;600245;2019-03-08;FRC;Q19;;;12;6165;1179210868.0;;;3.53;3.53;3.53;3.53;3.53;3.53;0.0;0.0
107435;600246;2019-03-08;FRC;U19;;;2;398;76016386.0;;;3.5;3.5;3.5;3.5;3.5;3.5;0.0;0.0
107436;600247;2019-03-08;FRC;V19;;;9;7333;1398539725.0;;;3.52;3.51;3.52;3.51;3.51;3.51;3.51;0.0
107437;600248;2019-03-08;FRC;X19;;;4;2573;489925624.0;;;3.55;3.55;3.55;3.55;3.55;3.55;3.55;0.0
107438;600249;2019-03-08;FRC;Z19;;;7;5928;1126885003.0;;;3.59;3.59;3.59;3.59;3.59;3.59;3.57;3.59
107439;600250;2019-03-08;FRC;F20;;;24;44094;8367795708.0;;;3.62;3.62;3.64;3.63;3.64;3.64;0.0;0.0
107440;600251;2019-03-08;FRC;G20;;;12;4038;765040554.0;;;3.63;3.63;3.65;3.64;3.65;3.65;0.0;0.0
107441;600252;2019-03-08;FRC;H20;;;0;0;0.0;;;0.0;0.0;0.0;0.0;0.0;3.64;0.0;0.0
107442;600253;2019-03-08;FRC;J20;;;13;9956;1880811147.0;;;3.64;3.63;3.67;3.64;3.67;3.67;0.0;0.0
107443;600254;2019-03-08;FRC;N20;;;10;15644;2941318568.0;;;3.66;3.66;3.69;3.68;3.69;3.69;0.0;3.69
107444;600255;2019-03-08;FRC;V20;;;0;0;0.0;;;0.0;0.0;0.0;0.0;0.0;3.69;0.0;0.0
107445;600256;2019-03-08;FRC;F21;;;15;13278;2472912723.0;;;3.71;3.71;3.71;3.71;3.71;3.71;0.0;0.0
107446;600257;2019-03-08;FRC;J21;;;0;0;0.0;;;0.0;0.0;0.0;0.0;0.0;3.72;0.0;0.0
107447;600258;2019-03-08;FRC;N21;;;0;0;0.0;;;0.0;0.0;0.0;0.0;0.0;3.74;0.0;0.0
107448;600259;2019-03-08;FRC;V21;;;0;0;0.0;;;0.0;0.0;0.0;0.0;0.0;3.76;0.0;0.0
107449;600260;2019-03-08;FRC;F22;;;8;1902;347705979.0;;;3.75;3.75;3.75;3.75;3.75;3.75;3.72;3.75
107450;600261;2019-03-08;FRC;J22;;;0;0;0.0;;;0.0;0.0;0.0;0.0;0.0;3.75;0.0;0.0
107451;600262;2019-03-08;FRC;N22;;;1;189;34236188.0;;;3.78;3.78;3.78;3.78;3.78;3.78;0.0;0.0
107452;600263;2019-03-08;FRC;V22;;;0;0;0.0;;;0.0;0.0;0.0;0.0;0.0;3.78;0.0;0.0
107453;600264;2019-03-08;FRC;F23;;;6;1497;268682851.0;;;3.78;3.78;3.78;3.78;3.78;3.78;3.75;0.0
107454;600265;2019-03-08;FRC;J23;;;0;0;0.0;;;0.0;0.0;0.0;0.0;0.0;3.8;0.0;0.0
107455;600266;2019-03-08;FRC;N23;;;0;0;0.0;;;0.0;0.0;0.0;0.0;0.0;3.84;0.0;0.0
107456;600267;2019-03-08;FRC;V23;;;0;0;0.0;;;0.0;0.0;0.0;0.0;0.0;3.84;0.0;0.0
107457;600268;2019-03-08;FRC;F24;;;4;4791;843396221.0;;;3.86;3.86;3.86;3.86;3.86;3.86;0.0;0.0
107458;600269;2019-03-08;FRC;N24;;;0;0;0.0;;;0.0;0.0;0.0;0.0;0.0;3.88;0.0;0.0
107459;600270;2019-03-08;FRC;F25;;;3;543;93669076.0;;;3.95;3.95;3.95;3.95;3.95;3.95;0.0;0.0
107460;600271;2019-03-08;FRC;N25;;;0;0;0.0;;;0.0;0.0;0.0;0.0;0.0;3.99;0.0;0.0
107461;600272;2019-03-08;FRC;F26;;;0;0;0.0;;;0.0;0.0;0.0;0.0;0.0;4.05;0.0;0.0
107462;600273;2019-03-08;FRC;N26;;;0;0;0.0;;;0.0;0.0;0.0;0.0;0.0;4.1;0.0;0.0
107463;600274;2019-03-08;FRC;F27;;;0;0;0.0;;;0.0;0.0;0.0;0.0;0.0;4.18;0.0;0.0
107464;600275;2019-03-08;FRC;F28;;;0;0;0.0;;;0.0;0.0;0.0;0.0;0.0;4.34;0.0;0.0
107465;600276;2019-03-08;FRC;F29;;;0;0;0.0;;;0.0;0.0;0.0;0.0;0.0;4.45;0.0;0.0
107466;600277;2019-03-08;FRC;F30;;;0;0;0.0;;;0.0;0.0;0.0;0.0;0.0;4.52;0.0;0.0
107467;600278;2019-03-08;FRC;F31;;;0;0;0.0;;;0.0;0.0;0.0;0.0;0.0;4.58;0.0;0.0
107468;600449;2019-03-11;FRC;K19;;;25;50918;9775297745.0;;;3.63;3.57;3.63;3.59;3.59;3.59;0.0;0.0
107469;600450;2019-03-11;FRC;M19;;;9;5980;1146307738.0;;;3.53;3.53;3.53;3.53;3.53;3.53;0.0;3.53
107470;600451;2019-03-11;FRC;N19;;;16;10552;2020112384.0;;;3.48;3.48;3.48;3.48;3.48;3.48;0.0;0.0
107471;600452;2019-03-11;FRC;Q19;;;6;2645;505604882.0;;;3.53;3.49;3.53;3.49;3.49;3.49;0.0;3.49
107472;600453;2019-03-11;FRC;U19;;;1;20;3817152.0;;;3.51;3.51;3.51;3.51;3.51;3.46;0.0;0.0
107473;600454;2019-03-11;FRC;V19;;;11;7336;1398291433.0;;;3.47;3.47;3.47;3.47;3.47;3.47;0.0;0.0
107474;600455;2019-03-11;FRC;X19;;;43;22174;4219611106.0;;;3.54;3.51;3.54;3.51;3.52;3.53;0.0;0.0
107475;600456;2019-03-11;FRC;Z19;;;8;2174;413050265.0;;;3.59;3.54;3.59;3.54;3.54;3.54;0.0;3.54
107476;600457;2019-03-11;FRC;F20;;;9;9472;1796576897.0;;;3.64;3.59;3.64;3.59;3.59;3.59;3.57;3.59
107477;600458;2019-03-11;FRC;G20;;;4;1182;223831579.0;;;3.6;3.6;3.6;3.6;3.6;3.6;0.0;0.0
107478;600459;2019-03-11;FRC;H20;;;3;787;148812715.0;;;3.62;3.62;3.62;3.62;3.62;3.62;0.0;0.0
107479;600460;2019-03-11;FRC;J20;;;14;5106;964003279.0;;;3.63;3.63;3.63;3.63;3.63;3.63;0.0;3.63
107480;600461;2019-03-11;FRC;N20;;;11;4501;845935257.0;;;3.64;3.64;3.64;3.64;3.64;3.64;0.0;0.0
107481;600462;2019-03-11;FRC;V20;;;2;973;182038245.0;;;3.64;3.64;3.64;3.64;3.64;3.64;3.64;0.0
107482;600463;2019-03-11;FRC;F21;;;10;6882;1281009784.0;;;3.71;3.65;3.71;3.69;3.65;3.65;0.0;0.0
107483;600464;2019-03-11;FRC;J21;;;1;193;35774480.0;;;3.68;3.68;3.68;3.68;3.68;3.68;0.0;0.0
107484;600465;2019-03-11;FRC;N21;;;0;0;0.0;;;0.0;0.0;0.0;0.0;0.0;3.7;0.0;0.0
107485;600466;2019-03-11;FRC;V21;;;0;0;0.0;;;0.0;0.0;0.0;0.0;0.0;3.72;0.0;0.0
107486;600467;2019-03-11;FRC;F22;;;8;11432;2088649023.0;;;3.75;3.7;3.77;3.74;3.7;3.7;0.0;0.0
107487;600468;2019-03-11;FRC;J22;;;0;0;0.0;;;0.0;0.0;0.0;0.0;0.0;3.7;0.0;0.0
107488;600469;2019-03-11;FRC;N22;;;0;0;0.0;;;0.0;0.0;0.0;0.0;0.0;3.73;0.0;0.0
107489;600470;2019-03-11;FRC;V22;;;0;0;0.0;;;0.0;0.0;0.0;0.0;0.0;3.73;0.0;0.0
107490;600471;2019-03-11;FRC;F23;;;10;7649;1372175695.0;;;3.78;3.73;3.78;3.77;3.73;3.73;0.0;0.0
107491;600472;2019-03-11;FRC;J23;;;2;616;109964631.0;;;3.8;3.8;3.8;3.8;3.8;3.75;0.0;0.0
107492;600473;2019-03-11;FRC;N23;;;0;0;0.0;;;0.0;0.0;0.0;0.0;0.0;3.79;0.0;0.0
107493;600474;2019-03-11;FRC;V23;;;0;0;0.0;;;0.0;0.0;0.0;0.0;0.0;3.79;0.0;0.0
107494;600475;2019-03-11;FRC;F24;;;5;1659;291834571.0;;;3.88;3.8;3.88;3.86;3.8;3.8;0.0;0.0
107495;600476;2019-03-11;FRC;N24;;;0;0;0.0;;;0.0;0.0;0.0;0.0;0.0;3.83;0.0;0.0
107496;600477;2019-03-11;FRC;F25;;;12;2681;462354231.0;;;3.95;3.92;3.95;3.93;3.92;3.92;0.0;0.0
107497;600478;2019-03-11;FRC;N25;;;0;0;0.0;;;0.0;0.0;0.0;0.0;0.0;3.96;0.0;0.0
107498;600479;2019-03-11;FRC;F26;;;0;0;0.0;;;0.0;0.0;0.0;0.0;0.0;4.02;0.0;0.0
107499;600480;2019-03-11;FRC;N26;;;0;0;0.0;;;0.0;0.0;0.0;0.0;0.0;4.07;0.0;0.0
107500;600481;2019-03-11;FRC;F27;;;0;0;0.0;;;0.0;0.0;0.0;0.0;0.0;4.15;0.0;0.0
107501;600482;2019-03-11;FRC;F28;;;0;0;0.0;;;0.0;0.0;0.0;0.0;0.0;4.31;0.0;0.0
107502;600483;2019-03-11;FRC;F29;;;0;0;0.0;;;0.0;0.0;0.0;0.0;0.0;4.42;0.0;0.0
107503;600484;2019-03-11;FRC;F30;;;2;334;51468794.0;;;4.55;4.55;4.55;4.55;4.55;4.49;0.0;0.0
107504;600485;2019-03-11;FRC;F31;;;0;0;0.0;;;0.0;0.0;0.0;0.0;0.0;4.55;0.0;0.0
107505;600659;2019-03-12;FRC;K19;;;35;87665;16720250380.0;;;3.59;3.59;3.64;3.6;3.6;3.6;3.6;0.0
107506;600660;2019-03-12;FRC;M19;;;17;21338;4063689588.0;;;3.53;3.51;3.54;3.51;3.51;3.51;3.51;0.0
107507;600661;2019-03-12;FRC;N19;;;35;33398;6352363544.0;;;3.48;3.45;3.48;3.45;3.46;3.46;3.45;0.0
107508;600662;2019-03-12;FRC;Q19;;;9;6721;1276472871.0;;;3.46;3.45;3.46;3.45;3.45;3.45;0.0;0.0
107509;600663;2019-03-12;FRC;U19;;;0;0;0.0;;;0.0;0.0;0.0;0.0;0.0;3.43;0.0;3.43
107510;600664;2019-03-12;FRC;V19;;;11;8128;1539282992.0;;;3.44;3.44;3.44;3.44;3.44;3.44;0.0;0.0
107511;600665;2019-03-12;FRC;X19;;;11;11880;2246260436.0;;;3.48;3.48;3.48;3.48;3.48;3.48;3.48;0.0
107512;600666;2019-03-12;FRC;Z19;;;6;5140;970389599.0;;;3.54;3.48;3.54;3.49;3.48;3.48;0.0;0.0
107513;600667;2019-03-12;FRC;F20;;;35;63982;12058088869.0;;;3.59;3.53;3.59;3.55;3.53;3.53;0.0;0.0
107514;600668;2019-03-12;FRC;G20;;;6;2956;556295566.0;;;3.53;3.53;3.53;3.53;3.53;3.53;0.0;0.0
107515;600669;2019-03-12;FRC;H20;;;0;0;0.0;;;0.0;0.0;0.0;0.0;0.0;3.55;0.0;0.0
107516;600670;2019-03-12;FRC;J20;;;21;18856;3537622035.0;;;3.61;3.57;3.61;3.58;3.57;3.57;0.0;0.0
107517;600671;2019-03-12;FRC;K20;;;0;0;0.0;;;0.0;0.0;0.0;0.0;0.0;3.57;0.0;0.0
107518;600672;2019-03-12;FRC;N20;;;3;1174;219305099.0;;;3.57;3.57;3.57;3.57;3.57;3.57;0.0;0.0
107519;600673;2019-03-12;FRC;V20;;;9;5958;1107507276.0;;;3.64;3.57;3.64;3.63;3.57;3.57;0.0;0.0
107520;600674;2019-03-12;FRC;F21;;;21;21482;3974652071.0;;;3.66;3.58;3.66;3.63;3.59;3.59;3.56;3.59
107521;600675;2019-03-12;FRC;J21;;;5;1158;213414472.0;;;3.6;3.6;3.6;3.6;3.6;3.6;3.58;3.6
107522;600676;2019-03-12;FRC;N21;;;0;0;0.0;;;0.0;0.0;0.0;0.0;0.0;3.62;0.0;0.0
107523;600677;2019-03-12;FRC;V21;;;0;0;0.0;;;0.0;0.0;0.0;0.0;0.0;3.64;0.0;0.0
107524;600678;2019-03-12;FRC;F22;;;11;5914;1075171116.0;;;3.7;3.61;3.7;3.63;3.61;3.61;3.58;3.61
107525;600679;2019-03-12;FRC;J22;;;0;0;0.0;;;0.0;0.0;0.0;0.0;0.0;3.61;0.0;0.0
107526;600680;2019-03-12;FRC;N22;;;2;378;68130743.0;;;3.63;3.63;3.63;3.63;3.63;3.63;0.0;0.0
107527;600681;2019-03-12;FRC;V22;;;2;565;101222488.0;;;3.73;3.73;3.73;3.73;3.73;3.64;0.0;0.0
107528;600682;2019-03-12;FRC;F23;;;7;2778;495695238.0;;;3.74;3.65;3.74;3.7;3.65;3.65;0.0;0.0
107529;600683;2019-03-12;FRC;J23;;;0;0;0.0;;;0.0;0.0;0.0;0.0;0.0;3.67;0.0;0.0
107530;600684;2019-03-12;FRC;N23;;;0;0;0.0;;;0.0;0.0;0.0;0.0;0.0;3.71;0.0;0.0
107531;600685;2019-03-12;FRC;V23;;;0;0;0.0;;;0.0;0.0;0.0;0.0;0.0;3.71;0.0;0.0
107532;600686;2019-03-12;FRC;F24;;;2;407;71360178.0;;;3.72;3.72;3.72;3.72;3.72;3.72;0.0;0.0
107533;600687;2019-03-12;FRC;N24;;;0;0;0.0;;;0.0;0.0;0.0;0.0;0.0;3.75;0.0;0.0
107534;600688;2019-03-12;FRC;F25;;;2;363;62365482.0;;;3.83;3.83;3.83;3.83;3.83;3.84;0.0;0.0
107535;600689;2019-03-12;FRC;N25;;;0;0;0.0;;;0.0;0.0;0.0;0.0;0.0;3.88;0.0;0.0
107536;600690;2019-03-12;FRC;F26;;;4;895;150715541.0;;;3.93;3.93;3.93;3.93;3.93;3.93;0.0;0.0
107537;600691;2019-03-12;FRC;N26;;;0;0;0.0;;;0.0;0.0;0.0;0.0;0.0;3.98;0.0;0.0
107538;600692;2019-03-12;FRC;F27;;;2;176;28996464.0;;;4.06;4.06;4.06;4.06;4.06;4.06;0.0;0.0
107539;600693;2019-03-12;FRC;F28;;;0;0;0.0;;;0.0;0.0;0.0;0.0;0.0;4.23;4.15;0.0
107540;600694;2019-03-12;FRC;F29;;;0;0;0.0;;;0.0;0.0;0.0;0.0;0.0;4.34;0.0;0.0
107541;600695;2019-03-12;FRC;F30;;;0;0;0.0;;;0.0;0.0;0.0;0.0;0.0;4.41;0.0;0.0
107542;600696;2019-03-12;FRC;F31;;;0;0;0.0;;;0.0;0.0;0.0;0.0;0.0;4.47;0.0;0.0
107543;600870;2019-03-13;FRC;K19;;;59;147067;27934142839.0;;;3.61;3.61;3.7;3.66;3.66;3.66;3.66;3.68
107544;600871;2019-03-13;FRC;M19;;;9;11962;2268679473.0;;;3.56;3.53;3.56;3.55;3.56;3.56;0.0;3.56
107545;600872;2019-03-13;FRC;N19;;;18;46475;8803112989.0;;;3.49;3.48;3.49;3.48;3.49;3.49;0.0;3.5
107546;600873;2019-03-13;FRC;Q19;;;4;5568;1053139606.0;;;3.48;3.46;3.48;3.46;3.46;3.46;0.0;0.0
107547;600874;2019-03-13;FRC;U19;;;1;993;187539117.0;;;3.45;3.45;3.45;3.45;3.45;3.43;0.0;3.43
107548;600875;2019-03-13;FRC;V19;;;2;396;74685142.0;;;3.45;3.45;3.45;3.45;3.45;3.44;3.43;3.45
107549;600876;2019-03-13;FRC;X19;;;10;9108;1715149669.0;;;3.47;3.47;3.47;3.47;3.47;3.47;3.46;0.0
107550;600877;2019-03-13;FRC;Z19;;;5;3992;750631353.0;;;3.47;3.47;3.47;3.47;3.47;3.47;0.0;0.0
107551;600878;2019-03-13;FRC;F20;;;27;60024;11268110633.0;;;3.55;3.51;3.55;3.51;3.51;3.51;3.5;0.0
107552;600879;2019-03-13;FRC;G20;;;9;25620;4802200292.0;;;3.51;3.51;3.51;3.51;3.51;3.51;0.0;0.0
107553;600880;2019-03-13;FRC;H20;;;3;1181;221058973.0;;;3.52;3.52;3.52;3.52;3.52;3.52;0.0;0.0
107554;600881;2019-03-13;FRC;J20;;;9;5741;1073055235.0;;;3.56;3.52;3.56;3.52;3.52;3.52;0.0;0.0
107555;600882;2019-03-13;FRC;K20;;;0;0;0.0;;;0.0;0.0;0.0;0.0;0.0;3.49;0.0;0.0
107556;600883;2019-03-13;FRC;N20;;;0;0;0.0;;;0.0;0.0;0.0;0.0;0.0;3.53;3.53;0.0
107557;600884;2019-03-13;FRC;V20;;;0;0;0.0;;;0.0;0.0;0.0;0.0;0.0;3.54;0.0;0.0
107558;600885;2019-03-13;FRC;F21;;;18;3415;629622290.0;;;3.58;3.55;3.6;3.57;3.55;3.55;0.0;0.0
107559;600886;2019-03-13;FRC;J21;;;0;0;0.0;;;0.0;0.0;0.0;0.0;0.0;3.56;3.55;0.0
107560;600887;2019-03-13;FRC;N21;;;0;0;0.0;;;0.0;0.0;0.0;0.0;0.0;3.58;3.56;0.0
107561;600888;2019-03-13;FRC;V21;;;0;0;0.0;;;0.0;0.0;0.0;0.0;0.0;3.6;0.0;0.0
107562;600889;2019-03-13;FRC;F22;;;5;955;173032796.0;;;3.58;3.58;3.58;3.58;3.58;3.58;0.0;0.0
107563;600890;2019-03-13;FRC;J22;;;0;0;0.0;;;0.0;0.0;0.0;0.0;0.0;3.57;0.0;0.0
107564;600891;2019-03-13;FRC;N22;;;0;0;0.0;;;0.0;0.0;0.0;0.0;0.0;3.59;0.0;0.0
107565;600892;2019-03-13;FRC;V22;;;2;566;101224505.0;;;3.59;3.59;3.59;3.59;3.59;3.59;0.0;0.0
107566;600893;2019-03-13;FRC;F23;;;18;7946;1414049532.0;;;3.65;3.59;3.65;3.62;3.59;3.59;3.59;0.0
107567;600894;2019-03-13;FRC;J23;;;1;56;9917568.0;;;3.65;3.65;3.65;3.65;3.65;3.6;0.0;0.0
107568;600895;2019-03-13;FRC;N23;;;2;372;65624551.0;;;3.63;3.63;3.63;3.63;3.63;3.63;0.0;0.0
107569;600896;2019-03-13;FRC;V23;;;2;205;36010582.0;;;3.69;3.65;3.69;3.65;3.65;3.65;0.0;0.0
107570;600897;2019-03-13;FRC;F24;;;4;740;129309143.0;;;3.7;3.68;3.7;3.68;3.68;3.68;0.0;0.0
107571;600898;2019-03-13;FRC;N24;;;0;0;0.0;;;0.0;0.0;0.0;0.0;0.0;3.71;0.0;0.0
107572;600899;2019-03-13;FRC;F25;;;2;146;25005875.0;;;3.82;3.81;3.82;3.81;3.81;3.8;0.0;0.0
107573;600900;2019-03-13;FRC;N25;;;0;0;0.0;;;0.0;0.0;0.0;0.0;0.0;3.84;0.0;0.0
107574;600901;2019-03-13;FRC;F26;;;0;0;0.0;;;0.0;0.0;0.0;0.0;0.0;3.89;0.0;0.0
107575;600902;2019-03-13;FRC;N26;;;0;0;0.0;;;0.0;0.0;0.0;0.0;0.0;3.94;0.0;0.0
107576;600903;2019-03-13;FRC;F27;;;2;1231;201955784.0;;;4.06;4.06;4.06;4.06;4.06;4.02;0.0;0.0
107577;600904;2019-03-13;FRC;F28;;;0;0;0.0;;;0.0;0.0;0.0;0.0;0.0;4.19;0.0;0.0
107578;600905;2019-03-13;FRC;F29;;;0;0;0.0;;;0.0;0.0;0.0;0.0;0.0;4.3;0.0;0.0
107579;600906;2019-03-13;FRC;F30;;;2;1005;154132556.0;;;4.41;4.41;4.41;4.41;4.41;4.37;0.0;0.0
107580;600907;2019-03-13;FRC;F31;;;0;0;0.0;;;0.0;0.0;0.0;0.0;0.0;4.43;0.0;0.0
107581;601081;2019-03-14;FRC;K19;;;32;53396;10205195680.0;;;3.66;3.66;3.74;3.72;3.74;3.74;3.74;0.0
107582;601082;2019-03-14;FRC;M19;;;13;16348;3119694785.0;;;3.61;3.61;3.62;3.61;3.62;3.62;3.62;0.0
107583;601083;2019-03-14;FRC;N19;;;49;68454;13046699053.0;;;3.48;3.48;3.53;3.52;3.53;3.53;3.52;3.53
107584;601084;2019-03-14;FRC;Q19;;;5;856;162906689.0;;;3.49;3.48;3.52;3.5;3.52;3.52;3.52;0.0
107585;601085;2019-03-14;FRC;U19;;;1;397;75442925.0;;;3.47;3.47;3.47;3.47;3.47;3.47;0.0;0.0
107586;601086;2019-03-14;FRC;V19;;;5;990;187869553.0;;;3.47;3.47;3.47;3.47;3.47;3.47;3.47;0.0
107587;601087;2019-03-14;FRC;X19;;;8;4356;825341366.0;;;3.5;3.5;3.5;3.5;3.5;3.5;3.5;0.0
107588;601088;2019-03-14;FRC;Z19;;;8;7117;1346468369.0;;;3.5;3.5;3.5;3.5;3.5;3.5;0.0;0.0
107589;601089;2019-03-14;FRC;F20;;;41;79973;15105871014.0;;;3.51;3.5;3.54;3.52;3.54;3.54;3.54;0.0
107590;601090;2019-03-14;FRC;G20;;;11;9654;1820689204.0;;;3.53;3.53;3.53;3.53;3.53;3.53;3.53;0.0
107591;601091;2019-03-14;FRC;H20;;;0;0;0.0;;;0.0;0.0;0.0;0.0;0.0;3.55;0.0;0.0
107592;601092;2019-03-14;FRC;J20;;;28;18481;3475238314.0;;;3.53;3.53;3.56;3.55;3.56;3.56;0.0;0.0
107593;601093;2019-03-14;FRC;K20;;;0;0;0.0;;;0.0;0.0;0.0;0.0;0.0;3.58;0.0;0.0
107594;601094;2019-03-14;FRC;N20;;;11;4617;864266088.0;;;3.54;3.54;3.58;3.57;3.58;3.58;0.0;0.0
107595;601095;2019-03-14;FRC;V20;;;12;2574;479662311.0;;;3.57;3.57;3.59;3.58;3.59;3.59;0.0;0.0
107596;601096;2019-03-14;FRC;F21;;;25;5195;963755725.0;;;3.57;3.55;3.66;3.57;3.66;3.58;0.0;0.0
107597;601097;2019-03-14;FRC;J21;;;1;39;7208499.0;;;3.56;3.56;3.56;3.56;3.56;3.59;3.56;0.0
107598;601098;2019-03-14;FRC;N21;;;1;38;6986249.0;;;3.57;3.57;3.57;3.57;3.57;3.6;3.57;0.0
107599;601099;2019-03-14;FRC;V21;;;2;1150;210546731.0;;;3.6;3.6;3.6;3.6;3.6;3.62;0.0;0.0
107600;601100;2019-03-14;FRC;F22;;;8;1508;274893271.0;;;3.59;3.59;3.59;3.59;3.59;3.59;3.59;0.0
107601;601101;2019-03-14;FRC;J22;;;0;0;0.0;;;0.0;0.0;0.0;0.0;0.0;3.59;0.0;0.0
107602;601102;2019-03-14;FRC;N22;;;0;0;0.0;;;0.0;0.0;0.0;0.0;0.0;3.62;0.0;0.0
107603;601103;2019-03-14;FRC;V22;;;3;755;135787131.0;;;3.63;3.63;3.63;3.63;3.63;3.63;0.0;0.0
107604;601104;2019-03-14;FRC;F23;;;11;3195;572142417.0;;;3.63;3.63;3.63;3.63;3.63;3.63;3.61;3.63
107605;601105;2019-03-14;FRC;J23;;;0;0;0.0;;;0.0;0.0;0.0;0.0;0.0;3.64;0.0;0.0
107606;601106;2019-03-14;FRC;N23;;;0;0;0.0;;;0.0;0.0;0.0;0.0;0.0;3.67;0.0;0.0
107607;601107;2019-03-14;FRC;V23;;;0;0;0.0;;;0.0;0.0;0.0;0.0;0.0;3.69;0.0;0.0
107608;601108;2019-03-14;FRC;F24;;;5;1479;259989596.0;;;3.68;3.68;3.72;3.69;3.72;3.72;0.0;0.0
107609;601109;2019-03-14;FRC;N24;;;0;0;0.0;;;0.0;0.0;0.0;0.0;0.0;3.73;0.0;0.0
107610;601110;2019-03-14;FRC;F25;;;7;1274;219572127.0;;;3.8;3.8;3.8;3.8;3.8;3.8;0.0;0.0
107611;601111;2019-03-14;FRC;N25;;;0;0;0.0;;;0.0;0.0;0.0;0.0;0.0;3.84;3.84;0.0
107612;601112;2019-03-14;FRC;F26;;;0;0;0.0;;;0.0;0.0;0.0;0.0;0.0;3.89;0.0;0.0
107613;601113;2019-03-14;FRC;N26;;;0;0;0.0;;;0.0;0.0;0.0;0.0;0.0;3.94;0.0;0.0
107614;601114;2019-03-14;FRC;F27;;;3;194;32079465.0;;;4.02;4.02;4.02;4.02;4.02;4.02;0.0;0.0
107615;601115;2019-03-14;FRC;F28;;;0;0;0.0;;;0.0;0.0;0.0;0.0;0.0;4.19;0.0;0.0
107616;601116;2019-03-14;FRC;F29;;;0;0;0.0;;;0.0;0.0;0.0;0.0;0.0;4.3;0.0;0.0
107617;601117;2019-03-14;FRC;F30;;;0;0;0.0;;;0.0;0.0;0.0;0.0;0.0;4.37;0.0;0.0
107618;601118;2019-03-14;FRC;F31;;;0;0;0.0;;;0.0;0.0;0.0;0.0;0.0;4.43;0.0;0.0
107619;601293;2019-03-15;FRC;K19;;;64;91631;17463473899.0;;;3.75;3.74;3.79;3.77;3.79;3.79;0.0;0.0
107620;601294;2019-03-15;FRC;M19;;;18;25919;4932155024.0;;;3.61;3.61;3.67;3.66;3.67;3.67;0.0;0.0
107621;601295;2019-03-15;FRC;N19;;;22;81294;15449671166.0;;;3.54;3.54;3.58;3.57;3.58;3.58;3.57;3.6
107622;601296;2019-03-15;FRC;Q19;;;4;1591;301899494.0;;;3.58;3.58;3.58;3.58;3.58;3.58;0.0;0.0
107623;601297;2019-03-15;FRC;U19;;;4;1589;301094632.0;;;3.51;3.51;3.51;3.51;3.51;3.51;0.0;0.0
107624;601298;2019-03-15;FRC;V19;;;10;4161;787346849.0;;;3.51;3.51;3.51;3.51;3.51;3.51;3.51;0.0
107625;601299;2019-03-15;FRC;X19;;;7;30285;5721629918.0;;;3.53;3.53;3.54;3.53;3.54;3.54;3.54;0.0
107626;601300;2019-03-15;FRC;Z19;;;1;593;111873594.0;;;3.51;3.51;3.51;3.51;3.51;3.51;0.0;0.0
107627;601301;2019-03-15;FRC;F20;;;26;51919;9777907926.0;;;3.57;3.55;3.59;3.57;3.59;3.57;3.57;3.61
107628;601302;2019-03-15;FRC;G20;;;7;3546;666784066.0;;;3.55;3.55;3.57;3.56;3.57;3.57;3.57;3.59
107629;601303;2019-03-15;FRC;H20;;;14;6687;1255441446.0;;;3.61;3.61;3.61;3.61;3.61;3.61;0.0;0.0
107630;601304;2019-03-15;FRC;J20;;;10;7462;1398635077.0;;;3.61;3.61;3.75;3.64;3.75;3.61;0.0;0.0
107631;601305;2019-03-15;FRC;K20;;;0;0;0.0;;;0.0;0.0;0.0;0.0;0.0;3.63;0.0;0.0
107632;601306;2019-03-15;FRC;N20;;;13;6278;1171602338.0;;;3.59;3.59;3.62;3.61;3.62;3.62;0.0;0.0
107633;601307;2019-03-15;FRC;V20;;;1;234;43484034.0;;;3.59;3.59;3.59;3.59;3.59;3.63;3.6;0.0
107634;601308;2019-03-15;FRC;F21;;;15;5238;968572593.0;;;3.59;3.59;3.63;3.62;3.63;3.63;3.6;3.65
107635;601309;2019-03-15;FRC;J21;;;17;7726;1423172773.0;;;3.62;3.45;3.62;3.58;3.45;3.62;0.0;0.0
107636;601310;2019-03-15;FRC;N21;;;3;635;116412449.0;;;3.59;3.59;3.63;3.62;3.63;3.63;0.0;0.0
107637;601311;2019-03-15;FRC;V21;;;0;0;0.0;;;0.0;0.0;0.0;0.0;0.0;3.66;0.0;0.0
107638;601312;2019-03-15;FRC;F22;;;13;4771;866600812.0;;;3.65;3.65;3.65;3.65;3.65;3.65;0.0;0.0
107639;601313;2019-03-15;FRC;J22;;;2;570;103080163.0;;;3.66;3.66;3.66;3.66;3.66;3.66;0.0;0.0
107640;601314;2019-03-15;FRC;N22;;;0;0;0.0;;;0.0;0.0;0.0;0.0;0.0;3.69;0.0;0.0
107641;601315;2019-03-15;FRC;V22;;;0;0;0.0;;;0.0;0.0;0.0;0.0;0.0;3.7;3.66;0.0
107642;601316;2019-03-15;FRC;F23;;;10;2292;408805774.0;;;3.64;3.64;3.7;3.69;3.7;3.7;3.66;3.69
107643;601317;2019-03-15;FRC;J23;;;0;0;0.0;;;0.0;0.0;0.0;0.0;0.0;3.71;0.0;0.0
107644;601318;2019-03-15;FRC;N23;;;1;186;32857267.0;;;3.74;3.74;3.74;3.74;3.74;3.74;0.0;0.0
107645;601319;2019-03-15;FRC;V23;;;0;0;0.0;;;0.0;0.0;0.0;0.0;0.0;3.77;0.0;0.0
107646;601320;2019-03-15;FRC;F24;;;12;2404;420513610.0;;;3.8;3.8;3.8;3.8;3.8;3.8;3.75;3.79
107647;601321;2019-03-15;FRC;N24;;;1;183;31717229.0;;;3.81;3.81;3.81;3.81;3.81;3.81;0.0;0.0
107648;601322;2019-03-15;FRC;F25;;;2;364;62439713.0;;;3.88;3.88;3.88;3.88;3.88;3.88;0.0;0.0
107649;601323;2019-03-15;FRC;N25;;;0;0;0.0;;;0.0;0.0;0.0;0.0;0.0;3.92;0.0;0.0
107650;601324;2019-03-15;FRC;F26;;;4;716;120329987.0;;;3.98;3.98;3.98;3.98;3.98;3.98;0.0;0.0
107651;601325;2019-03-15;FRC;N26;;;0;0;0.0;;;0.0;0.0;0.0;0.0;0.0;4.03;0.0;0.0
107652;601326;2019-03-15;FRC;F27;;;1;176;28942720.0;;;4.1;4.1;4.1;4.1;4.1;4.1;4.08;0.0
107653;601327;2019-03-15;FRC;F28;;;3;516;82736031.0;;;4.28;4.28;4.28;4.28;4.28;4.28;0.0;4.28
107654;601328;2019-03-15;FRC;F29;;;0;0;0.0;;;0.0;0.0;0.0;0.0;0.0;4.39;0.0;0.0
107655;601329;2019-03-15;FRC;F30;;;0;0;0.0;;;0.0;0.0;0.0;0.0;0.0;4.46;0.0;0.0
107656;601330;2019-03-15;FRC;F31;;;0;0;0.0;;;0.0;0.0;0.0;0.0;0.0;4.52;0.0;0.0
107657;601505;2019-03-18;FRC;K19;;;81;140360;26671815362.0;;;3.81;3.81;3.86;3.85;3.86;3.86;0.0;0.0
107658;601506;2019-03-18;FRC;M19;;;12;10368;1967134555.0;;;3.69;3.69;3.7;3.69;3.7;3.7;0.0;0.0
107659;601507;2019-03-18;FRC;N19;;;40;78581;14890167924.0;;;3.6;3.59;3.61;3.59;3.6;3.6;3.6;0.0
107660;601508;2019-03-18;FRC;Q19;;;16;8769;1659058721.0;;;3.58;3.58;3.61;3.59;3.59;3.59;0.0;0.0
107661;601509;2019-03-18;FRC;U19;;;6;1689;319104268.0;;;3.52;3.52;3.52;3.52;3.52;3.52;0.0;0.0
107662;601510;2019-03-18;FRC;V19;;;5;1783;336389828.0;;;3.52;3.52;3.52;3.52;3.52;3.52;0.0;0.0
107663;601511;2019-03-18;FRC;X19;;;7;3564;671334578.0;;;3.55;3.55;3.55;3.55;3.55;3.55;3.55;0.0
107664;601512;2019-03-18;FRC;Z19;;;6;3637;684051397.0;;;3.55;3.55;3.55;3.55;3.55;3.55;0.0;0.0
107665;601513;2019-03-18;FRC;F20;;;22;33976;6379507234.0;;;3.59;3.59;3.6;3.59;3.6;3.6;0.0;0.0
107666;601514;2019-03-18;FRC;G20;;;11;25216;4726912540.0;;;3.61;3.61;3.61;3.61;3.61;3.61;0.0;0.0
107667;601515;2019-03-18;FRC;H20;;;9;4132;773468368.0;;;3.62;3.62;3.62;3.62;3.62;3.62;0.0;0.0
107668;601516;2019-03-18;FRC;J20;;;11;6480;1211129035.0;;;3.61;3.61;3.63;3.62;3.63;3.63;0.0;0.0
107669;601517;2019-03-18;FRC;K20;;;2;588;109712816.0;;;3.64;3.64;3.64;3.64;3.64;3.64;0.0;0.0
107670;601518;2019-03-18;FRC;N20;;;9;2350;437181699.0;;;3.66;3.66;3.66;3.66;3.66;3.66;0.0;0.0
107671;601519;2019-03-18;FRC;V20;;;2;389;72040607.0;;;3.65;3.65;3.65;3.65;3.65;3.66;0.0;0.0
107672;601520;2019-03-18;FRC;F21;;;13;3510;647044814.0;;;3.61;3.61;3.65;3.64;3.65;3.65;0.0;0.0
107673;601521;2019-03-18;FRC;J21;;;6;1351;248018185.0;;;3.63;3.5;3.66;3.63;3.5;3.66;0.0;0.0
107674;601522;2019-03-18;FRC;N21;;;0;0;0.0;;;0.0;0.0;0.0;0.0;0.0;3.67;0.0;0.0
107675;601523;2019-03-18;FRC;V21;;;0;0;0.0;;;0.0;0.0;0.0;0.0;0.0;3.7;0.0;0.0
107676;601524;2019-03-18;FRC;F22;;;8;1527;276422092.0;;;3.67;3.67;3.69;3.68;3.69;3.69;0.0;0.0
107677;601525;2019-03-18;FRC;J22;;;0;0;0.0;;;0.0;0.0;0.0;0.0;0.0;3.7;0.0;0.0
107678;601526;2019-03-18;FRC;N22;;;0;0;0.0;;;0.0;0.0;0.0;0.0;0.0;3.72;0.0;0.0
107679;601527;2019-03-18;FRC;V22;;;0;0;0.0;;;0.0;0.0;0.0;0.0;0.0;3.72;0.0;0.0
107680;601528;2019-03-18;FRC;F23;;;5;940;167118349.0;;;3.72;3.72;3.72;3.72;3.72;3.72;0.0;3.71
107681;601529;2019-03-18;FRC;J23;;;0;0;0.0;;;0.0;0.0;0.0;0.0;0.0;3.73;0.0;0.0
107682;601530;2019-03-18;FRC;N23;;;0;0;0.0;;;0.0;0.0;0.0;0.0;0.0;3.76;0.0;0.0
107683;601531;2019-03-18;FRC;V23;;;0;0;0.0;;;0.0;0.0;0.0;0.0;0.0;3.79;0.0;0.0
107684;601532;2019-03-18;FRC;F24;;;2;368;64142265.0;;;3.81;3.81;3.81;3.81;3.81;3.81;0.0;0.0
107685;601533;2019-03-18;FRC;N24;;;0;0;0.0;;;0.0;0.0;0.0;0.0;0.0;3.83;0.0;0.0
107686;601534;2019-03-18;FRC;F25;;;2;362;61833334.0;;;3.91;3.91;3.91;3.91;3.91;3.91;0.0;0.0
107687;601535;2019-03-18;FRC;N25;;;0;0;0.0;;;0.0;0.0;0.0;0.0;0.0;3.95;0.0;0.0
107688;601536;2019-03-18;FRC;F26;;;6;1430;239608095.0;;;3.98;3.97;3.98;3.97;3.97;4.02;0.0;0.0
107689;601537;2019-03-18;FRC;N26;;;0;0;0.0;;;0.0;0.0;0.0;0.0;0.0;4.07;0.0;0.0
107690;601538;2019-03-18;FRC;F27;;;5;875;143127167.0;;;4.15;4.15;4.15;4.15;4.15;4.15;0.0;0.0
107691;601539;2019-03-18;FRC;F28;;;1;172;27453682.0;;;4.33;4.33;4.33;4.33;4.33;4.33;0.0;0.0
107692;601540;2019-03-18;FRC;F29;;;0;0;0.0;;;0.0;0.0;0.0;0.0;0.0;4.44;0.0;0.0
107693;601541;2019-03-18;FRC;F30;;;0;0;0.0;;;0.0;0.0;0.0;0.0;0.0;4.51;0.0;0.0
107694;601542;2019-03-18;FRC;F31;;;0;0;0.0;;;0.0;0.0;0.0;0.0;0.0;4.57;0.0;0.0
107695;601715;2019-03-19;FRC;K19;;;103;204699;38718713600.0;;;3.86;3.86;3.97;3.95;3.86;3.97;3.95;3.98
107696;601716;2019-03-19;FRC;M19;;;17;37477;7077723715.0;;;3.71;3.71;3.78;3.77;3.78;3.78;3.76;3.8
107697;601717;2019-03-19;FRC;N19;;;19;27769;5237611886.0;;;3.64;3.63;3.66;3.64;3.65;3.65;3.65;3.7
107698;601718;2019-03-19;FRC;Q19;;;1;318;59887470.0;;;3.63;3.63;3.63;3.63;3.63;3.65;0.0;0.0
107699;601719;2019-03-19;FRC;U19;;;1;1985;373314034.0;;;3.53;3.53;3.53;3.53;3.53;3.58;0.0;0.0
107700;601720;2019-03-19;FRC;V19;;;1;198;37179771.0;;;3.58;3.58;3.58;3.58;3.58;3.58;3.58;0.0
107701;601721;2019-03-19;FRC;X19;;;8;3959;742187919.0;;;3.62;3.62;3.62;3.62;3.62;3.62;0.0;0.0
107702;601722;2019-03-19;FRC;Z19;;;4;6323;1183538534.0;;;3.62;3.62;3.62;3.62;3.62;3.62;0.0;3.63
107703;601723;2019-03-19;FRC;F20;;;27;9520;1779005925.0;;;3.64;3.62;3.67;3.64;3.67;3.67;3.65;0.0
107704;601724;2019-03-19;FRC;G20;;;11;4393;819553350.0;;;3.62;3.62;3.67;3.66;3.67;3.67;3.65;3.69
107705;601725;2019-03-19;FRC;H20;;;0;0;0.0;;;0.0;0.0;0.0;0.0;0.0;3.68;0.0;0.0
107706;601726;2019-03-19;FRC;J20;;;0;0;0.0;;;0.0;0.0;0.0;0.0;0.0;3.69;0.0;0.0
107707;601727;2019-03-19;FRC;K20;;;0;0;0.0;;;0.0;0.0;0.0;0.0;0.0;3.7;0.0;0.0
107708;601728;2019-03-19;FRC;N20;;;9;3132;579828289.0;;;3.71;3.71;3.71;3.71;3.71;3.71;0.0;0.0
107709;601729;2019-03-19;FRC;V20;;;14;10378;1912842719.0;;;3.66;3.66;3.7;3.67;3.7;3.7;0.0;0.0
107710;601730;2019-03-19;FRC;F21;;;24;15160;2780897132.0;;;3.68;3.67;3.71;3.68;3.7;3.7;0.0;0.0
107711;601731;2019-03-19;FRC;J21;;;0;0;0.0;;;0.0;0.0;0.0;0.0;0.0;3.71;0.0;0.0
107712;601732;2019-03-19;FRC;N21;;;2;1153;209579981.0;;;3.72;3.72;3.72;3.72;3.72;3.7;0.0;0.0
107713;601733;2019-03-19;FRC;V21;;;2;191;34565884.0;;;3.7;3.7;3.7;3.7;3.7;3.75;0.0;0.0
107714;601734;2019-03-19;FRC;F22;;;14;2938;529158026.0;;;3.7;3.7;3.73;3.72;3.73;3.73;0.0;0.0
107715;601735;2019-03-19;FRC;J22;;;3;987;177053786.0;;;3.7;3.7;3.7;3.7;3.7;3.74;0.0;0.0
107716;601736;2019-03-19;FRC;N22;;;3;756;134985836.0;;;3.71;3.71;3.72;3.71;3.72;3.76;0.0;0.0
107717;601737;2019-03-19;FRC;V22;;;0;0;0.0;;;0.0;0.0;0.0;0.0;0.0;3.75;0.0;0.0
107718;601738;2019-03-19;FRC;F23;;;7;5082;899062875.0;;;3.73;3.73;3.75;3.73;3.74;3.75;3.75;0.0
107719;601739;2019-03-19;FRC;J23;;;3;4241;746830323.0;;;3.74;3.74;3.75;3.74;3.75;3.76;0.0;0.0
107720;601740;2019-03-19;FRC;N23;;;0;0;0.0;;;0.0;0.0;0.0;0.0;0.0;3.79;0.0;0.0
107721;601741;2019-03-19;FRC;V23;;;2;667;116323469.0;;;3.79;3.79;3.79;3.79;3.79;3.82;0.0;0.0
107722;601742;2019-03-19;FRC;F24;;;14;3039;527113720.0;;;3.83;3.82;3.83;3.82;3.83;3.83;0.0;0.0
107723;601743;2019-03-19;FRC;N24;;;0;0;0.0;;;0.0;0.0;0.0;0.0;0.0;3.85;0.0;0.0
107724;601744;2019-03-19;FRC;F25;;;3;1741;296090190.0;;;3.91;3.91;3.91;3.91;3.91;3.94;0.0;0.0
107725;601745;2019-03-19;FRC;N25;;;0;0;0.0;;;0.0;0.0;0.0;0.0;0.0;3.98;0.0;0.0
107726;601746;2019-03-19;FRC;F26;;;0;0;0.0;;;0.0;0.0;0.0;0.0;0.0;4.06;0.0;0.0
107727;601747;2019-03-19;FRC;N26;;;0;0;0.0;;;0.0;0.0;0.0;0.0;0.0;4.11;0.0;0.0
107728;601748;2019-03-19;FRC;F27;;;4;700;113809977.0;;;4.2;4.2;4.2;4.2;4.2;4.2;0.0;0.0
107729;601749;2019-03-19;FRC;F28;;;0;0;0.0;;;0.0;0.0;0.0;0.0;0.0;4.38;0.0;0.0
107730;601750;2019-03-19;FRC;F29;;;0;0;0.0;;;0.0;0.0;0.0;0.0;0.0;4.49;0.0;0.0
107731;601751;2019-03-19;FRC;F30;;;0;0;0.0;;;0.0;0.0;0.0;0.0;0.0;4.56;0.0;0.0
107732;601752;2019-03-19;FRC;F31;;;0;0;0.0;;;0.0;0.0;0.0;0.0;0.0;4.62;0.0;0.0
107733;601926;2019-03-20;FRC;K19;;;205;430903;80747571841.0;;;3.98;3.97;4.04;4.0;4.0;3.98;4.0;4.02
107734;601927;2019-03-20;FRC;M19;;;49;99810;18674388180.0;;;3.8;3.78;3.82;3.79;3.78;3.78;0.0;0.0
107735;601928;2019-03-20;FRC;N19;;;35;44412;8298721799.0;;;3.69;3.64;3.7;3.67;3.64;3.64;0.0;3.68
107736;601929;2019-03-20;FRC;Q19;;;6;2425;452449849.0;;;3.69;3.63;3.69;3.63;3.63;3.63;0.0;0.0
107737;601930;2019-03-20;FRC;U19;;;3;1449;269934050.0;;;3.61;3.6;3.61;3.6;3.6;3.55;0.0;0.0
107738;601931;2019-03-20;FRC;V19;;;28;17279;3214718347.0;;;3.61;3.55;3.61;3.55;3.55;3.55;0.0;0.0
107739;601932;2019-03-20;FRC;X19;;;24;11285;2096305470.0;;;3.64;3.55;3.64;3.56;3.55;3.55;3.55;3.6
107740;601933;2019-03-20;FRC;Z19;;;11;4606;854291325.0;;;3.64;3.55;3.64;3.57;3.55;3.55;0.0;0.0
107741;601934;2019-03-20;FRC;F20;;;57;34051;6304633789.0;;;3.69;3.57;3.69;3.62;3.58;3.58;0.0;3.59
107742;601935;2019-03-20;FRC;G20;;;17;21631;3998973521.0;;;3.68;3.61;3.68;3.61;3.61;3.61;0.0;0.0
107743;601936;2019-03-20;FRC;H20;;;0;0;0.0;;;0.0;0.0;0.0;0.0;0.0;3.61;0.0;0.0
107744;601937;2019-03-20;FRC;J20;;;10;6875;1267450391.0;;;3.6;3.6;3.6;3.6;3.6;3.6;0.0;0.0
107745;601938;2019-03-20;FRC;K20;;;3;1962;361164652.0;;;3.58;3.58;3.58;3.58;3.58;3.58;3.58;0.0
107746;601939;2019-03-20;FRC;N20;;;35;14672;2692459529.0;;;3.7;3.62;3.7;3.62;3.62;3.62;3.6;0.0
107747;601940;2019-03-20;FRC;V20;;;2;390;71250771.0;;;3.62;3.62;3.62;3.62;3.62;3.62;0.0;0.0
107748;601941;2019-03-20;FRC;F21;;;27;5431;987301343.0;;;3.7;3.62;3.7;3.65;3.62;3.62;0.0;3.65
107749;601942;2019-03-20;FRC;J21;;;8;734;132923353.0;;;3.68;3.55;3.68;3.61;3.55;3.62;0.0;0.0
107750;601943;2019-03-20;FRC;N21;;;2;423;76253540.0;;;3.69;3.62;3.69;3.62;3.62;3.62;0.0;0.0
107751;601944;2019-03-20;FRC;V21;;;2;76;13626636.0;;;3.71;3.65;3.71;3.68;3.65;3.64;0.0;3.65
107752;601945;2019-03-20;FRC;F22;;;9;2005;358216362.0;;;3.7;3.63;3.7;3.63;3.63;3.63;0.0;0.0
107753;601946;2019-03-20;FRC;J22;;;0;0;0.0;;;0.0;0.0;0.0;0.0;0.0;3.64;0.0;3.64
107754;601947;2019-03-20;FRC;N22;;;0;0;0.0;;;0.0;0.0;0.0;0.0;0.0;3.67;0.0;0.0
107755;601948;2019-03-20;FRC;V22;;;1;38;6691618.0;;;3.75;3.75;3.75;3.75;3.75;3.67;0.0;0.0
107756;601949;2019-03-20;FRC;F23;;;0;0;0.0;;;0.0;0.0;0.0;0.0;0.0;3.68;0.0;3.68
107757;601950;2019-03-20;FRC;J23;;;1;187;32658985.0;;;3.69;3.69;3.69;3.69;3.69;3.69;0.0;0.0
107758;601951;2019-03-20;FRC;N23;;;0;0;0.0;;;0.0;0.0;0.0;0.0;0.0;3.71;0.0;0.0
107759;601952;2019-03-20;FRC;V23;;;1;19;3287591.0;;;3.82;3.82;3.82;3.82;3.82;3.73;0.0;0.0
107760;601953;2019-03-20;FRC;F24;;;8;1294;222825748.0;;;3.83;3.73;3.83;3.74;3.73;3.73;0.0;0.0
107761;601954;2019-03-20;FRC;N24;;;0;0;0.0;;;0.0;0.0;0.0;0.0;0.0;3.74;0.0;0.0
107762;601955;2019-03-20;FRC;F25;;;4;910;153755064.0;;;3.81;3.81;3.81;3.81;3.81;3.81;0.0;0.0
107763;601956;2019-03-20;FRC;N25;;;0;0;0.0;;;0.0;0.0;0.0;0.0;0.0;3.86;0.0;0.0
107764;601957;2019-03-20;FRC;F26;;;11;1609;265903079.0;;;4.06;3.95;4.06;3.97;3.95;3.95;0.0;0.0
107765;601958;2019-03-20;FRC;N26;;;0;0;0.0;;;0.0;0.0;0.0;0.0;0.0;4.0;0.0;0.0
107766;601959;2019-03-20;FRC;F27;;;5;1055;170573531.0;;;4.1;4.1;4.1;4.1;4.1;4.1;0.0;0.0
107767;601960;2019-03-20;FRC;F28;;;0;0;0.0;;;0.0;0.0;0.0;0.0;0.0;4.28;0.0;0.0
107768;601961;2019-03-20;FRC;F29;;;0;0;0.0;;;0.0;0.0;0.0;0.0;0.0;4.39;0.0;0.0
107769;601962;2019-03-20;FRC;F30;;;0;0;0.0;;;0.0;0.0;0.0;0.0;0.0;4.46;0.0;0.0
107770;601963;2019-03-20;FRC;F31;;;0;0;0.0;;;0.0;0.0;0.0;0.0;0.0;4.52;0.0;0.0
107771;602138;2019-03-21;FRC;K19;;;97;268328;50741268596.0;;;4.02;4.01;4.09;4.04;4.04;4.04;0.0;0.0
107772;602139;2019-03-21;FRC;M19;;;22;27707;5231374607.0;;;3.8;3.8;3.8;3.8;3.8;3.8;0.0;3.85
107773;602140;2019-03-21;FRC;N19;;;34;55025;10376413031.0;;;3.64;3.63;3.7;3.63;3.63;3.63;3.63;0.0
107774;602141;2019-03-21;FRC;Q19;;;12;28071;5285376798.0;;;3.63;3.6;3.67;3.62;3.6;3.6;0.0;0.0
107775;602142;2019-03-21;FRC;U19;;;3;993;186711839.0;;;3.53;3.53;3.53;3.53;3.53;3.53;0.0;0.0
107776;602143;2019-03-21;FRC;V19;;;10;2576;483683457.0;;;3.6;3.5;3.6;3.52;3.5;3.5;3.5;3.55
107777;602144;2019-03-21;FRC;X19;;;16;12473;2338587287.0;;;3.51;3.51;3.52;3.51;3.52;3.51;3.51;0.0
107778;602145;2019-03-21;FRC;Z19;;;6;2767;518015915.0;;;3.51;3.51;3.51;3.51;3.51;3.51;0.0;0.0
107779;602146;2019-03-21;FRC;F20;;;30;30606;5720016074.0;;;3.6;3.55;3.63;3.56;3.55;3.55;3.55;0.0
107780;602147;2019-03-21;FRC;G20;;;12;9456;1764538541.0;;;3.56;3.56;3.56;3.56;3.56;3.56;0.0;0.0
107781;602148;2019-03-21;FRC;H20;;;3;984;183353552.0;;;3.58;3.58;3.58;3.58;3.58;3.58;0.0;0.0
107782;602149;2019-03-21;FRC;J20;;;23;20901;3888758221.0;;;3.63;3.57;3.64;3.58;3.57;3.57;0.0;0.0
107783;602150;2019-03-21;FRC;K20;;;3;3531;655759332.0;;;3.63;3.57;3.63;3.62;3.57;3.57;0.0;0.0
107784;602151;2019-03-21;FRC;N20;;;25;15850;2935962785.0;;;3.64;3.58;3.66;3.58;3.58;3.58;0.0;0.0
107785;602152;2019-03-21;FRC;V20;;;4;780;143847621.0;;;3.58;3.58;3.58;3.58;3.58;3.58;0.0;0.0
107786;602153;2019-03-21;FRC;F21;;;24;14602;2679346813.0;;;3.62;3.59;3.65;3.63;3.59;3.59;0.0;0.0
107787;602154;2019-03-21;FRC;J21;;;2;1757;320972724.0;;;3.62;3.62;3.65;3.64;3.65;3.59;0.0;0.0
107788;602155;2019-03-21;FRC;N21;;;4;749;136286730.0;;;3.6;3.6;3.6;3.6;3.6;3.6;0.0;0.0
107789;602156;2019-03-21;FRC;V21;;;1;96;17385997.0;;;3.64;3.64;3.64;3.64;3.64;3.62;0.0;0.0
107790;602157;2019-03-21;FRC;F22;;;12;5077;915509469.0;;;3.63;3.6;3.63;3.61;3.6;3.6;0.0;0.0
107791;602158;2019-03-21;FRC;J22;;;4;1900;341088315.0;;;3.64;3.61;3.64;3.63;3.61;3.61;0.0;0.0
107792;602159;2019-03-21;FRC;N22;;;0;0;0.0;;;0.0;0.0;0.0;0.0;0.0;3.64;0.0;0.0
107793;602160;2019-03-21;FRC;V22;;;1;189;33634459.0;;;3.64;3.64;3.64;3.64;3.64;3.64;0.0;0.0
107794;602161;2019-03-21;FRC;F23;;;15;7494;1327434542.0;;;3.66;3.64;3.69;3.65;3.64;3.64;0.0;0.0
107795;602162;2019-03-21;FRC;J23;;;1;187;32975091.0;;;3.66;3.66;3.66;3.66;3.66;3.66;0.0;0.0
107796;602163;2019-03-21;FRC;N23;;;1;186;32641698.0;;;3.68;3.68;3.68;3.68;3.68;3.68;0.0;0.0
107797;602164;2019-03-21;FRC;V23;;;0;0;0.0;;;0.0;0.0;0.0;0.0;0.0;3.71;0.0;0.0
107798;602165;2019-03-21;FRC;F24;;;6;1295;225164716.0;;;3.72;3.72;3.72;3.72;3.72;3.72;0.0;0.0
107799;602166;2019-03-21;FRC;N24;;;0;0;0.0;;;0.0;0.0;0.0;0.0;0.0;3.73;0.0;0.0
107800;602167;2019-03-21;FRC;F25;;;0;0;0.0;;;0.0;0.0;0.0;0.0;0.0;3.8;3.75;0.0
107801;602168;2019-03-21;FRC;N25;;;0;0;0.0;;;0.0;0.0;0.0;0.0;0.0;3.85;0.0;0.0
107802;602169;2019-03-21;FRC;F26;;;0;0;0.0;;;0.0;0.0;0.0;0.0;0.0;3.94;0.0;0.0
107803;602170;2019-03-21;FRC;N26;;;0;0;0.0;;;0.0;0.0;0.0;0.0;0.0;3.99;0.0;0.0
107804;602171;2019-03-21;FRC;F27;;;0;0;0.0;;;0.0;0.0;0.0;0.0;0.0;4.09;0.0;0.0
107805;602172;2019-03-21;FRC;F28;;;4;692;110295317.0;;;4.26;4.26;4.26;4.26;4.26;4.26;0.0;0.0
107806;602173;2019-03-21;FRC;F29;;;0;0;0.0;;;0.0;0.0;0.0;0.0;0.0;4.37;0.0;0.0
107807;602174;2019-03-21;FRC;F30;;;0;0;0.0;;;0.0;0.0;0.0;0.0;0.0;4.44;0.0;0.0
107808;602175;2019-03-21;FRC;F31;;;0;0;0.0;;;0.0;0.0;0.0;0.0;0.0;4.5;0.0;0.0
107809;602350;2019-03-22;FRC;K19;;;145;409454;78436447660.0;;;4.07;3.94;4.1;3.99;3.94;3.95;0.0;0.0
107810;602351;2019-03-22;FRC;M19;;;44;67770;12961778856.0;;;3.84;3.77;3.88;3.8;3.77;3.77;0.0;0.0
107811;602352;2019-03-22;FRC;N19;;;100;45899;8768090084.0;;;3.63;3.59;3.7;3.61;3.59;3.59;3.59;0.0
107812;602353;2019-03-22;FRC;Q19;;;3;1551;295834934.0;;;3.65;3.6;3.65;3.61;3.6;3.55;0.0;0.0
107813;602354;2019-03-22;FRC;U19;;;8;3417;650938999.0;;;3.56;3.46;3.56;3.46;3.46;3.46;0.0;0.0
107814;602355;2019-03-22;FRC;V19;;;8;3706;705011876.0;;;3.53;3.44;3.57;3.45;3.44;3.44;3.44;0.0
107815;602356;2019-03-22;FRC;X19;;;10;10098;1918286560.0;;;3.44;3.44;3.44;3.44;3.44;3.44;3.45;3.5
107816;602357;2019-03-22;FRC;Z19;;;3;12654;2400326924.0;;;3.44;3.44;3.44;3.44;3.44;3.44;0.0;0.0
107817;602358;2019-03-22;FRC;F20;;;87;60217;11401981709.0;;;3.56;3.5;3.6;3.52;3.5;3.5;0.0;0.0
107818;602359;2019-03-22;FRC;G20;;;7;6954;1314383668.0;;;3.58;3.57;3.58;3.57;3.57;3.51;0.0;0.0
107819;602360;2019-03-22;FRC;H20;;;11;7518;1419022154.0;;;3.59;3.58;3.61;3.58;3.61;3.53;0.0;0.0
107820;602361;2019-03-22;FRC;J20;;;75;22396;4221815247.0;;;3.57;3.52;3.6;3.55;3.52;3.52;3.5;0.0
107821;602362;2019-03-22;FRC;K20;;;2;392;73785955.0;;;3.52;3.52;3.52;3.52;3.52;3.52;0.0;0.0
107822;602363;2019-03-22;FRC;N20;;;42;23586;4426721154.0;;;3.58;3.52;3.6;3.54;3.52;3.52;3.5;0.0
107823;602364;2019-03-22;FRC;V20;;;0;0;0.0;;;0.0;0.0;0.0;0.0;0.0;3.52;0.0;0.0
107824;602365;2019-03-22;FRC;F21;;;16;5820;1082627218.0;;;3.54;3.54;3.54;3.54;3.54;3.54;0.0;0.0
107825;602366;2019-03-22;FRC;J21;;;0;0;0.0;;;0.0;0.0;0.0;0.0;0.0;3.54;0.0;0.0
107826;602367;2019-03-22;FRC;N21;;;0;0;0.0;;;0.0;0.0;0.0;0.0;0.0;3.55;0.0;0.0
107827;602368;2019-03-22;FRC;V21;;;0;0;0.0;;;0.0;0.0;0.0;0.0;0.0;3.57;0.0;0.0
107828;602369;2019-03-22;FRC;F22;;;15;5632;1029382598.0;;;3.61;3.55;3.61;3.57;3.55;3.55;3.55;0.0
107829;602370;2019-03-22;FRC;J22;;;0;0;0.0;;;0.0;0.0;0.0;0.0;0.0;3.56;0.0;0.0
107830;602371;2019-03-22;FRC;N22;;;0;0;0.0;;;0.0;0.0;0.0;0.0;0.0;3.58;0.0;0.0
107831;602372;2019-03-22;FRC;V22;;;2;189;34109311.0;;;3.57;3.57;3.57;3.57;3.57;3.57;0.0;0.0
107832;602373;2019-03-22;FRC;F23;;;15;5226;938727721.0;;;3.64;3.57;3.64;3.59;3.57;3.57;3.55;0.0
107833;602374;2019-03-22;FRC;J23;;;0;0;0.0;;;0.0;0.0;0.0;0.0;0.0;3.59;0.0;0.0
107834;602375;2019-03-22;FRC;N23;;;0;0;0.0;;;0.0;0.0;0.0;0.0;0.0;3.61;0.0;0.0
107835;602376;2019-03-22;FRC;V23;;;0;0;0.0;;;0.0;0.0;0.0;0.0;0.0;3.63;0.0;0.0
107836;602377;2019-03-22;FRC;F24;;;1;37;6516852.0;;;3.72;3.72;3.72;3.72;3.72;3.65;3.65;0.0
107837;602378;2019-03-22;FRC;N24;;;0;0;0.0;;;0.0;0.0;0.0;0.0;0.0;3.66;0.0;0.0
107838;602379;2019-03-22;FRC;F25;;;2;728;126010427.0;;;3.72;3.72;3.72;3.72;3.72;3.72;0.0;0.0
107839;602380;2019-03-22;FRC;N25;;;0;0;0.0;;;0.0;0.0;0.0;0.0;0.0;3.77;0.0;0.0
107840;602381;2019-03-22;FRC;F26;;;0;0;0.0;;;0.0;0.0;0.0;0.0;0.0;3.85;0.0;0.0
107841;602382;2019-03-22;FRC;N26;;;0;0;0.0;;;0.0;0.0;0.0;0.0;0.0;3.9;0.0;0.0
107842;602383;2019-03-22;FRC;F27;;;4;2289;379649038.0;;;3.99;3.99;3.99;3.99;3.99;3.99;0.0;0.0
107843;602384;2019-03-22;FRC;F28;;;0;0;0.0;;;0.0;0.0;0.0;0.0;0.0;4.16;0.0;0.0
107844;602385;2019-03-22;FRC;F29;;;0;0;0.0;;;0.0;0.0;0.0;0.0;0.0;4.27;0.0;0.0
107845;602386;2019-03-22;FRC;F30;;;0;0;0.0;;;0.0;0.0;0.0;0.0;0.0;4.34;0.0;0.0
107846;602387;2019-03-22;FRC;F31;;;0;0;0.0;;;0.0;0.0;0.0;0.0;0.0;4.4;0.0;0.0
107847;602561;2019-03-25;FRC;K19;;;256;498799;96340282516.0;;;3.96;3.8;3.99;3.88;3.8;3.8;3.77;3.85
107848;602562;2019-03-25;FRC;M19;;;102;147044;28355926153.0;;;3.79;3.72;3.79;3.73;3.72;3.72;0.0;0.0
107849;602563;2019-03-25;FRC;N19;;;33;40363;7774525774.0;;;3.6;3.52;3.6;3.53;3.52;3.52;3.52;0.0
107850;602564;2019-03-25;FRC;Q19;;;11;11133;2141127780.0;;;3.56;3.48;3.56;3.53;3.48;3.48;0.0;0.0
107851;602565;2019-03-25;FRC;U19;;;0;0;0.0;;;0.0;0.0;0.0;0.0;0.0;3.4;0.0;0.0
107852;602566;2019-03-25;FRC;V19;;;28;12532;2403896105.0;;;3.45;3.39;3.45;3.39;3.39;3.39;3.39;0.0
107853;602567;2019-03-25;FRC;X19;;;1;99;18959243.0;;;3.46;3.46;3.46;3.46;3.46;3.39;3.39;0.0
107854;602568;2019-03-25;FRC;Z19;;;7;2077;397272884.0;;;3.39;3.39;3.39;3.39;3.39;3.39;3.39;0.0
107855;602569;2019-03-25;FRC;F20;;;65;27112;5176304552.0;;;3.51;3.48;3.51;3.48;3.48;3.48;3.46;3.49
107856;602570;2019-03-25;FRC;G20;;;34;33282;6344543775.0;;;3.51;3.49;3.51;3.49;3.49;3.49;0.0;0.0
107857;602571;2019-03-25;FRC;H20;;;6;2756;524629392.0;;;3.51;3.51;3.51;3.51;3.51;3.51;0.0;0.0
107858;602572;2019-03-25;FRC;J20;;;17;7942;1509660666.0;;;3.51;3.51;3.51;3.51;3.51;3.51;0.0;0.0
107859;602573;2019-03-25;FRC;K20;;;3;980;185975544.0;;;3.52;3.52;3.52;3.52;3.52;3.52;0.0;0.0
107860;602574;2019-03-25;FRC;N20;;;8;1959;370768322.0;;;3.51;3.51;3.51;3.51;3.51;3.51;0.0;0.0
107861;602575;2019-03-25;FRC;V20;;;11;8674;1634363250.0;;;3.52;3.52;3.52;3.52;3.52;3.52;0.0;0.0
107862;602576;2019-03-25;FRC;F21;;;14;26140;4902631432.0;;;3.54;3.53;3.54;3.53;3.53;3.53;3.5;3.53
107863;602577;2019-03-25;FRC;J21;;;0;0;0.0;;;0.0;0.0;0.0;0.0;0.0;3.53;0.0;0.0
107864;602578;2019-03-25;FRC;N21;;;3;3080;572703408.0;;;3.55;3.55;3.55;3.55;3.55;3.54;0.0;0.0
107865;602579;2019-03-25;FRC;V21;;;0;0;0.0;;;0.0;0.0;0.0;0.0;0.0;3.55;0.0;0.0
107866;602580;2019-03-25;FRC;F22;;;1;76;14004928.0;;;3.55;3.55;3.55;3.55;3.55;3.53;0.0;0.0
107867;602581;2019-03-25;FRC;J22;;;0;0;0.0;;;0.0;0.0;0.0;0.0;0.0;3.54;0.0;0.0
107868;602582;2019-03-25;FRC;N22;;;0;0;0.0;;;0.0;0.0;0.0;0.0;0.0;3.55;0.0;0.0
107869;602583;2019-03-25;FRC;V22;;;2;2644;481337861.0;;;3.53;3.53;3.53;3.53;3.53;3.53;0.0;0.0
107870;602584;2019-03-25;FRC;F23;;;9;4324;783474809.0;;;3.58;3.53;3.58;3.55;3.57;3.53;0.0;0.0
107871;602585;2019-03-25;FRC;J23;;;0;0;0.0;;;0.0;0.0;0.0;0.0;0.0;3.55;0.0;0.0
107872;602586;2019-03-25;FRC;N23;;;0;0;0.0;;;0.0;0.0;0.0;0.0;0.0;3.56;0.0;0.0
107873;602587;2019-03-25;FRC;V23;;;0;0;0.0;;;0.0;0.0;0.0;0.0;0.0;3.58;0.0;0.0
107874;602588;2019-03-25;FRC;F24;;;1;37;6579400.0;;;3.65;3.65;3.65;3.65;3.65;3.59;0.0;0.0
107875;602589;2019-03-25;FRC;N24;;;0;0;0.0;;;0.0;0.0;0.0;0.0;0.0;3.6;0.0;0.0
107876;602590;2019-03-25;FRC;F25;;;4;1003;175319796.0;;;3.66;3.66;3.66;3.66;3.66;3.66;0.0;0.0
107877;602591;2019-03-25;FRC;N25;;;2;72;12456966.0;;;3.71;3.71;3.71;3.71;3.71;3.71;0.0;0.0
107878;602592;2019-03-25;FRC;F26;;;0;0;0.0;;;0.0;0.0;0.0;0.0;0.0;3.79;0.0;0.0
107879;602593;2019-03-25;FRC;N26;;;0;0;0.0;;;0.0;0.0;0.0;0.0;0.0;3.84;0.0;0.0
107880;602594;2019-03-25;FRC;F27;;;0;0;0.0;;;0.0;0.0;0.0;0.0;0.0;3.93;0.0;0.0
107881;602595;2019-03-25;FRC;F28;;;0;0;0.0;;;0.0;0.0;0.0;0.0;0.0;4.1;0.0;4.1
107882;602596;2019-03-25;FRC;F29;;;0;0;0.0;;;0.0;0.0;0.0;0.0;0.0;4.21;0.0;0.0
107883;602597;2019-03-25;FRC;F30;;;0;0;0.0;;;0.0;0.0;0.0;0.0;0.0;4.28;0.0;0.0
107884;602598;2019-03-25;FRC;F31;;;0;0;0.0;;;0.0;0.0;0.0;0.0;0.0;4.34;0.0;0.0
107885;602773;2019-03-26;FRC;K19;;;224;427313;82507681807.0;;;3.8;3.77;3.85;3.81;3.81;3.81;0.0;3.85
107886;602774;2019-03-26;FRC;M19;;;48;98683;19023774903.0;;;3.72;3.7;3.74;3.72;3.72;3.72;0.0;3.73
107887;602775;2019-03-26;FRC;N19;;;21;38070;7330141925.0;;;3.54;3.54;3.57;3.54;3.54;3.54;3.54;0.0
107888;602776;2019-03-26;FRC;Q19;;;8;3780;726799444.0;;;3.48;3.48;3.48;3.48;3.48;3.48;0.0;0.0
107889;602777;2019-03-26;FRC;U19;;;6;3972;762627664.0;;;3.43;3.43;3.43;3.43;3.43;3.43;0.0;0.0
107890;602778;2019-03-26;FRC;V19;;;27;28157;5398871726.0;;;3.42;3.41;3.47;3.42;3.47;3.41;3.43;3.45
107891;602779;2019-03-26;FRC;X19;;;18;13167;2520839357.0;;;3.41;3.41;3.46;3.44;3.44;3.44;3.45;3.49
107892;602780;2019-03-26;FRC;Z19;;;10;18426;3522383509.0;;;3.45;3.43;3.46;3.45;3.45;3.45;0.0;0.0
107893;602781;2019-03-26;FRC;F20;;;39;35464;6767726427.0;;;3.49;3.49;3.53;3.51;3.53;3.53;0.0;0.0
107894;602782;2019-03-26;FRC;G20;;;12;25321;4824237221.0;;;3.51;3.51;3.54;3.53;3.54;3.54;0.0;3.56
107895;602783;2019-03-26;FRC;H20;;;0;0;0.0;;;0.0;0.0;0.0;0.0;0.0;3.56;0.0;0.0
107896;602784;2019-03-26;FRC;J20;;;9;7271;1381306414.0;;;3.51;3.51;3.7;3.55;3.7;3.56;0.0;0.0
107897;602785;2019-03-26;FRC;K20;;;2;2668;505974751.0;;;3.58;3.58;3.58;3.58;3.58;3.57;0.0;0.0
107898;602786;2019-03-26;FRC;N20;;;15;5697;1077448533.0;;;3.53;3.53;3.57;3.56;3.57;3.57;0.0;0.0
107899;602787;2019-03-26;FRC;V20;;;8;3314;624155826.0;;;3.52;3.52;3.56;3.53;3.56;3.56;0.0;0.0
107900;602788;2019-03-26;FRC;F21;;;9;3376;632809531.0;;;3.53;3.53;3.58;3.55;3.58;3.58;0.0;3.58
107901;602789;2019-03-26;FRC;J21;;;0;0;0.0;;;0.0;0.0;0.0;0.0;0.0;3.58;0.0;0.0
107902;602790;2019-03-26;FRC;N21;;;0;0;0.0;;;0.0;0.0;0.0;0.0;0.0;3.58;0.0;0.0
107903;602791;2019-03-26;FRC;V21;;;0;0;0.0;;;0.0;0.0;0.0;0.0;0.0;3.59;0.0;0.0
107904;602792;2019-03-26;FRC;F22;;;7;2101;387077107.0;;;3.56;3.55;3.56;3.55;3.55;3.56;0.0;3.56
107905;602793;2019-03-26;FRC;J22;;;0;0;0.0;;;0.0;0.0;0.0;0.0;0.0;3.57;0.0;3.57
107906;602794;2019-03-26;FRC;N22;;;0;0;0.0;;;0.0;0.0;0.0;0.0;0.0;3.59;0.0;0.0
107907;602795;2019-03-26;FRC;V22;;;2;378;68749749.0;;;3.57;3.57;3.57;3.57;3.57;3.58;0.0;0.0
107908;602796;2019-03-26;FRC;F23;;;3;752;136158283.0;;;3.58;3.58;3.58;3.58;3.58;3.58;0.0;3.58
107909;602797;2019-03-26;FRC;J23;;;0;0;0.0;;;0.0;0.0;0.0;0.0;0.0;3.59;0.0;3.59
107910;602798;2019-03-26;FRC;N23;;;0;0;0.0;;;0.0;0.0;0.0;0.0;0.0;3.59;0.0;0.0
107911;602799;2019-03-26;FRC;V23;;;3;558;99728209.0;;;3.6;3.6;3.6;3.6;3.6;3.6;0.0;0.0
107912;602800;2019-03-26;FRC;F24;;;10;2072;368530341.0;;;3.62;3.62;3.63;3.62;3.63;3.62;0.0;0.0
107913;602801;2019-03-26;FRC;N24;;;0;0;0.0;;;0.0;0.0;0.0;0.0;0.0;3.62;0.0;0.0
107914;602802;2019-03-26;FRC;F25;;;8;1456;254296726.0;;;3.67;3.67;3.67;3.67;3.67;3.67;0.0;0.0
107915;602803;2019-03-26;FRC;N25;;;0;0;0.0;;;0.0;0.0;0.0;0.0;0.0;3.72;0.0;0.0
107916;602804;2019-03-26;FRC;F26;;;0;0;0.0;;;0.0;0.0;0.0;0.0;0.0;3.8;0.0;0.0
107917;602805;2019-03-26;FRC;N26;;;0;0;0.0;;;0.0;0.0;0.0;0.0;0.0;3.85;0.0;0.0
107918;602806;2019-03-26;FRC;F27;;;0;0;0.0;;;0.0;0.0;0.0;0.0;0.0;3.94;0.0;0.0
107919;602807;2019-03-26;FRC;F28;;;0;0;0.0;;;0.0;0.0;0.0;0.0;0.0;4.11;0.0;0.0
107920;602808;2019-03-26;FRC;F29;;;0;0;0.0;;;0.0;0.0;0.0;0.0;0.0;4.22;0.0;0.0
107921;602809;2019-03-26;FRC;F30;;;0;0;0.0;;;0.0;0.0;0.0;0.0;0.0;4.29;0.0;0.0
107922;602810;2019-03-26;FRC;F31;;;0;0;0.0;;;0.0;0.0;0.0;0.0;0.0;4.35;0.0;0.0
107923;602985;2019-03-27;FRC;K19;;;363;595603;116105926838.0;;;3.8;3.75;3.85;3.77;3.76;3.75;3.76;0.0
107924;602986;2019-03-27;FRC;M19;;;68;123146;23968121138.0;;;3.7;3.65;3.74;3.67;3.7;3.68;3.7;3.74
107925;602987;2019-03-27;FRC;N19;;;60;80859;15717863859.0;;;3.52;3.52;3.58;3.55;3.54;3.54;3.54;0.0
107926;602988;2019-03-27;FRC;Q19;;;0;0;0.0;;;0.0;0.0;0.0;0.0;0.0;3.48;0.0;0.0
107927;602989;2019-03-27;FRC;U19;;;8;6356;1232072189.0;;;3.42;3.42;3.42;3.42;3.42;3.42;0.0;0.0
107928;602990;2019-03-27;FRC;V19;;;42;45027;8715872578.0;;;3.45;3.41;3.46;3.43;3.43;3.43;3.43;0.0
107929;602991;2019-03-27;FRC;X19;;;0;0;0.0;;;0.0;0.0;0.0;0.0;0.0;3.45;3.44;0.0
107930;602992;2019-03-27;FRC;Z19;;;6;3953;762930092.0;;;3.44;3.44;3.44;3.44;3.44;3.44;0.0;0.0
107931;602993;2019-03-27;FRC;F20;;;59;25161;4847365346.0;;;3.57;3.5;3.57;3.52;3.53;3.53;3.53;0.0
107932;602994;2019-03-27;FRC;G20;;;17;19900;3827531574.0;;;3.55;3.55;3.55;3.55;3.55;3.55;0.0;0.0
107933;602995;2019-03-27;FRC;H20;;;0;0;0.0;;;0.0;0.0;0.0;0.0;0.0;3.57;0.0;0.0
107934;602996;2019-03-27;FRC;J20;;;57;48324;9267484142.0;;;3.58;3.54;3.58;3.56;3.57;3.57;0.0;0.0
107935;602997;2019-03-27;FRC;K20;;;0;0;0.0;;;0.0;0.0;0.0;0.0;0.0;3.58;0.0;0.0
107936;602998;2019-03-27;FRC;N20;;;19;5479;1046064497.0;;;3.58;3.58;3.58;3.58;3.58;3.58;0.0;0.0
107937;602999;2019-03-27;FRC;V20;;;9;4793;911161536.0;;;3.58;3.55;3.58;3.55;3.58;3.55;0.0;0.0
107938;603000;2019-03-27;FRC;F21;;;25;9797;1853870265.0;;;3.6;3.55;3.6;3.56;3.56;3.56;0.0;0.0
107939;603001;2019-03-27;FRC;J21;;;0;0;0.0;;;0.0;0.0;0.0;0.0;0.0;3.56;0.0;0.0
107940;603002;2019-03-27;FRC;N21;;;2;1983;372124753.0;;;3.55;3.55;3.55;3.55;3.55;3.56;0.0;0.0
107941;603003;2019-03-27;FRC;V21;;;0;0;0.0;;;0.0;0.0;0.0;0.0;0.0;3.57;0.0;0.0
107942;603004;2019-03-27;FRC;F22;;;14;3438;639536781.0;;;3.55;3.55;3.55;3.55;3.55;3.55;0.0;0.0
107943;603005;2019-03-27;FRC;J22;;;3;1331;246561802.0;;;3.55;3.55;3.55;3.55;3.55;3.55;0.0;0.0
107944;603006;2019-03-27;FRC;N22;;;3;285;52567074.0;;;3.57;3.57;3.57;3.57;3.57;3.57;0.0;0.0
107945;603007;2019-03-27;FRC;V22;;;0;0;0.0;;;0.0;0.0;0.0;0.0;0.0;3.57;0.0;0.0
107946;603008;2019-03-27;FRC;F23;;;14;4813;879854054.0;;;3.58;3.57;3.58;3.57;3.57;3.57;0.0;0.0
107947;603009;2019-03-27;FRC;J23;;;0;0;0.0;;;0.0;0.0;0.0;0.0;0.0;3.58;0.0;0.0
107948;603010;2019-03-27;FRC;N23;;;0;0;0.0;;;0.0;0.0;0.0;0.0;0.0;3.58;0.0;0.0
107949;603011;2019-03-27;FRC;V23;;;5;930;167870834.0;;;3.58;3.58;3.58;3.58;3.58;3.58;0.0;0.0
107950;603012;2019-03-27;FRC;F24;;;11;3628;651619439.0;;;3.62;3.6;3.62;3.61;3.6;3.6;0.0;0.0
107951;603013;2019-03-27;FRC;N24;;;0;0;0.0;;;0.0;0.0;0.0;0.0;0.0;3.6;0.0;0.0
107952;603014;2019-03-27;FRC;F25;;;11;5469;964563527.0;;;3.67;3.64;3.68;3.66;3.66;3.64;0.0;0.0
107953;603015;2019-03-27;FRC;N25;;;0;0;0.0;;;0.0;0.0;0.0;0.0;0.0;3.69;0.0;0.0
107954;603016;2019-03-27;FRC;F26;;;0;0;0.0;;;0.0;0.0;0.0;0.0;0.0;3.77;0.0;0.0
107955;603017;2019-03-27;FRC;N26;;;0;0;0.0;;;0.0;0.0;0.0;0.0;0.0;3.82;0.0;0.0
107956;603018;2019-03-27;FRC;F27;;;2;354;59950209.0;;;3.9;3.9;3.9;3.9;3.9;3.9;0.0;0.0
107957;603019;2019-03-27;FRC;F28;;;0;0;0.0;;;0.0;0.0;0.0;0.0;0.0;4.07;0.0;0.0
107958;603020;2019-03-27;FRC;F29;;;0;0;0.0;;;0.0;0.0;0.0;0.0;0.0;4.18;0.0;0.0
107959;603021;2019-03-27;FRC;F30;;;0;0;0.0;;;0.0;0.0;0.0;0.0;0.0;4.25;0.0;0.0
107960;603022;2019-03-27;FRC;F31;;;0;0;0.0;;;0.0;0.0;0.0;0.0;0.0;4.31;0.0;0.0
107961;603197;2019-03-28;FRC;M19;;;16;28154;5495074509.0;;;3.65;3.54;3.65;3.54;3.54;3.54;0.0;3.57
107962;603198;2019-03-28;FRC;N19;;;18;38310;7468406151.0;;;3.44;3.4;3.46;3.4;3.42;3.4;3.4;3.42
107963;603199;2019-03-28;FRC;Q19;;;19;23896;4651858315.0;;;3.36;3.36;3.4;3.38;3.38;3.38;0.0;0.0
107964;603200;2019-03-28;FRC;U19;;;4;18895;3673490323.0;;;3.3;3.3;3.3;3.3;3.3;3.3;0.0;0.0
107965;603201;2019-03-28;FRC;V19;;;15;10031;1947346094.0;;;3.34;3.34;3.38;3.35;3.38;3.34;3.38;3.4
107966;603202;2019-03-28;FRC;X19;;;0;0;0.0;;;0.0;0.0;0.0;0.0;0.0;3.39;0.0;0.0
107967;603203;2019-03-28;FRC;Z19;;;44;18810;3640481554.0;;;3.41;3.41;3.42;3.41;3.42;3.41;3.41;3.43
107968;603204;2019-03-28;FRC;F20;;;17;13442;2597340136.0;;;3.46;3.46;3.46;3.46;3.46;3.46;3.46;0.0
107969;603205;2019-03-28;FRC;G20;;;0;0;0.0;;;0.0;0.0;0.0;0.0;0.0;3.5;0.0;0.0
107970;603206;2019-03-28;FRC;H20;;;9;5912;1138744545.0;;;3.53;3.53;3.53;3.53;3.53;3.53;0.0;0.0
107971;603207;2019-03-28;FRC;J20;;;10;3938;757431964.0;;;3.53;3.53;3.53;3.53;3.53;3.53;0.0;0.0
107972;603208;2019-03-28;FRC;K20;;;0;0;0.0;;;0.0;0.0;0.0;0.0;0.0;3.54;0.0;0.0
107973;603209;2019-03-28;FRC;N20;;;0;0;0.0;;;0.0;0.0;0.0;0.0;0.0;3.54;0.0;0.0
107974;603210;2019-03-28;FRC;V20;;;2;371;70715212.0;;;3.57;3.57;3.57;3.57;3.57;3.52;0.0;3.53
107975;603211;2019-03-28;FRC;F21;;;13;14960;2839170556.0;;;3.54;3.54;3.54;3.54;3.54;3.54;0.0;3.54
107976;603212;2019-03-28;FRC;J21;;;2;581;109812294.0;;;3.54;3.54;3.54;3.54;3.54;3.54;0.0;0.0
107977;603213;2019-03-28;FRC;N21;;;0;0;0.0;;;0.0;0.0;0.0;0.0;0.0;3.54;0.0;0.0
107978;603214;2019-03-28;FRC;V21;;;0;0;0.0;;;0.0;0.0;0.0;0.0;0.0;3.55;0.0;0.0
107979;603215;2019-03-28;FRC;F22;;;11;2292;427567784.0;;;3.54;3.53;3.54;3.53;3.53;3.54;0.0;3.54
107980;603216;2019-03-28;FRC;J22;;;1;190;35290415.0;;;3.55;3.55;3.55;3.55;3.55;3.55;0.0;0.0
107981;603217;2019-03-28;FRC;N22;;;0;0;0.0;;;0.0;0.0;0.0;0.0;0.0;3.56;0.0;3.56
107982;603218;2019-03-28;FRC;V22;;;2;189;34808037.0;;;3.55;3.55;3.55;3.55;3.55;3.55;0.0;0.0
107983;603219;2019-03-28;FRC;F23;;;4;941;172570804.0;;;3.55;3.55;3.55;3.55;3.55;3.55;3.53;0.0
107984;603220;2019-03-28;FRC;J23;;;0;0;0.0;;;0.0;0.0;0.0;0.0;0.0;3.56;0.0;0.0
107985;603221;2019-03-28;FRC;N23;;;0;0;0.0;;;0.0;0.0;0.0;0.0;0.0;3.56;0.0;0.0
107986;603222;2019-03-28;FRC;V23;;;0;0;0.0;;;0.0;0.0;0.0;0.0;0.0;3.56;0.0;0.0
107987;603223;2019-03-28;FRC;F24;;;2;742;133712187.0;;;3.59;3.59;3.59;3.59;3.59;3.58;0.0;0.0
107988;603224;2019-03-28;FRC;N24;;;0;0;0.0;;;0.0;0.0;0.0;0.0;0.0;3.58;0.0;0.0
107989;603225;2019-03-28;FRC;F25;;;3;457;80911982.0;;;3.63;3.63;3.63;3.63;3.63;3.63;0.0;0.0
107990;603226;2019-03-28;FRC;N25;;;0;0;0.0;;;0.0;0.0;0.0;0.0;0.0;3.68;0.0;0.0
107991;603227;2019-03-28;FRC;F26;;;0;0;0.0;;;0.0;0.0;0.0;0.0;0.0;3.76;0.0;0.0
107992;603228;2019-03-28;FRC;N26;;;2;713;122419437.0;;;3.82;3.82;3.82;3.82;3.82;3.81;0.0;0.0
107993;603229;2019-03-28;FRC;F27;;;2;4772;810342865.0;;;3.89;3.89;3.89;3.89;3.89;3.89;0.0;0.0
107994;603230;2019-03-28;FRC;F28;;;0;0;0.0;;;0.0;0.0;0.0;0.0;0.0;4.06;0.0;0.0
107995;603231;2019-03-28;FRC;F29;;;0;0;0.0;;;0.0;0.0;0.0;0.0;0.0;4.17;0.0;0.0
107996;603232;2019-03-28;FRC;F30;;;0;0;0.0;;;0.0;0.0;0.0;0.0;0.0;4.24;0.0;0.0
107997;603233;2019-03-28;FRC;F31;;;0;0;0.0;;;0.0;0.0;0.0;0.0;0.0;4.3;0.0;0.0
107998;603411;2019-03-29;FRC;M19;;;53;105091;20595700113.0;;;3.37;3.37;3.37;3.37;3.37;3.37;0.0;3.43
107999;603412;2019-03-29;FRC;N19;;;49;67165;13146465967.0;;;3.38;3.32;3.38;3.33;3.33;3.32;3.32;3.36
108000;603413;2019-03-29;FRC;Q19;;;15;19721;3854719546.0;;;3.31;3.31;3.31;3.31;3.31;3.31;0.0;0.0
108001;603414;2019-03-29;FRC;U19;;;0;0;0.0;;;0.0;0.0;0.0;0.0;0.0;3.24;0.0;0.0
108002;603415;2019-03-29;FRC;V19;;;15;8642;1684565783.0;;;3.35;3.29;3.37;3.29;3.29;3.29;3.29;0.0
108003;603416;2019-03-29;FRC;X19;;;31;15527;3022015027.0;;;3.37;3.33;3.38;3.33;3.33;3.33;3.33;0.0
108004;603417;2019-03-29;FRC;Z19;;;8;5148;1000462642.0;;;3.4;3.34;3.4;3.35;3.34;3.34;3.34;0.0
108005;603418;2019-03-29;FRC;F20;;;26;18918;3670171222.0;;;3.47;3.42;3.47;3.43;3.44;3.42;3.44;3.45
108006;603419;2019-03-29;FRC;G20;;;2;2171;420509184.0;;;3.46;3.46;3.46;3.46;3.46;3.46;0.0;0.0
108007;603420;2019-03-29;FRC;H20;;;6;2956;571695803.0;;;3.5;3.5;3.5;3.5;3.5;3.5;0.0;0.0
108008;603421;2019-03-29;FRC;J20;;;16;10927;2110313668.0;;;3.5;3.49;3.5;3.49;3.5;3.5;3.49;3.5
108009;603422;2019-03-29;FRC;K20;;;0;0;0.0;;;0.0;0.0;0.0;0.0;0.0;3.51;0.0;0.0
108010;603423;2019-03-29;FRC;N20;;;7;5488;1055273882.0;;;3.51;3.5;3.51;3.5;3.5;3.51;0.0;0.0
108011;603424;2019-03-29;FRC;V20;;;11;7123;1363533880.0;;;3.53;3.5;3.53;3.51;3.5;3.51;0.0;0.0
108012;603425;2019-03-29;FRC;F21;;;19;9191;1751497962.0;;;3.54;3.5;3.54;3.51;3.5;3.5;0.0;0.0
108013;603426;2019-03-29;FRC;J21;;;0;0;0.0;;;0.0;0.0;0.0;0.0;0.0;3.5;0.0;0.0
108014;603427;2019-03-29;FRC;N21;;;6;1158;218884952.0;;;3.5;3.5;3.5;3.5;3.5;3.5;0.0;0.0
108015;603428;2019-03-29;FRC;V21;;;0;0;0.0;;;0.0;0.0;0.0;0.0;0.0;3.51;0.0;0.0
108016;603429;2019-03-29;FRC;F22;;;13;7132;1335960449.0;;;3.54;3.49;3.54;3.52;3.49;3.49;0.0;0.0
108017;603430;2019-03-29;FRC;J22;;;0;0;0.0;;;0.0;0.0;0.0;0.0;0.0;3.5;0.0;0.0
108018;603431;2019-03-29;FRC;N22;;;2;570;105936971.0;;;3.5;3.5;3.5;3.5;3.5;3.5;0.0;0.0
108019;603432;2019-03-29;FRC;V22;;;0;0;0.0;;;0.0;0.0;0.0;0.0;0.0;3.51;0.0;0.0
108020;603433;2019-03-29;FRC;F23;;;10;5666;1043146773.0;;;3.56;3.52;3.57;3.55;3.52;3.52;0.0;0.0
108021;603434;2019-03-29;FRC;J23;;;0;0;0.0;;;0.0;0.0;0.0;0.0;0.0;3.53;0.0;0.0
108022;603435;2019-03-29;FRC;N23;;;2;561;102472587.0;;;3.53;3.53;3.53;3.53;3.53;3.53;0.0;0.0
108023;603436;2019-03-29;FRC;V23;;;0;0;0.0;;;0.0;0.0;0.0;0.0;0.0;3.53;0.0;0.0
108024;603437;2019-03-29;FRC;F24;;;0;0;0.0;;;0.0;0.0;0.0;0.0;0.0;3.55;0.0;0.0
108025;603438;2019-03-29;FRC;J24;;;0;0;0.0;;;0.0;0.0;0.0;0.0;0.0;3.55;0.0;0.0
108026;603439;2019-03-29;FRC;N24;;;0;0;0.0;;;0.0;0.0;0.0;0.0;0.0;3.55;0.0;0.0
108027;603440;2019-03-29;FRC;F25;;;4;640;113844505.0;;;3.6;3.6;3.6;3.6;3.6;3.6;0.0;0.0
108028;603441;2019-03-29;FRC;N25;;;0;0;0.0;;;0.0;0.0;0.0;0.0;0.0;3.65;0.0;0.0
108029;603442;2019-03-29;FRC;F26;;;2;54;9405590.0;;;3.76;3.76;3.76;3.76;3.76;3.73;0.0;0.0
108030;603443;2019-03-29;FRC;N26;;;0;0;0.0;;;0.0;0.0;0.0;0.0;0.0;3.78;0.0;0.0
108031;603444;2019-03-29;FRC;F27;;;1;177;30208874.0;;;3.86;3.86;3.86;3.86;3.86;3.86;0.0;0.0
108032;603445;2019-03-29;FRC;F28;;;3;522;87054633.0;;;4.03;4.03;4.03;4.03;4.03;4.03;0.0;0.0
108033;603446;2019-03-29;FRC;F29;;;0;0;0.0;;;0.0;0.0;0.0;0.0;0.0;4.14;0.0;0.0
108034;603447;2019-03-29;FRC;F30;;;0;0;0.0;;;0.0;0.0;0.0;0.0;0.0;4.21;0.0;0.0
108035;603448;2019-03-29;FRC;F31;;;0;0;0.0;;;0.0;0.0;0.0;0.0;0.0;4.27;0.0;0.0
108036;603626;2019-04-01;FRC;M19;;;29;68738;13289509064.0;;;3.37;3.35;3.4;3.35;3.35;3.35;3.35;3.37
108037;603627;2019-04-01;FRC;N19;;;43;78716;15199324885.0;;;3.34;3.33;3.35;3.33;3.33;3.33;3.33;3.35
108038;603628;2019-04-01;FRC;Q19;;;2;159;30657605.0;;;3.33;3.33;3.34;3.33;3.34;3.33;3.3;0.0
108039;603629;2019-04-01;FRC;U19;;;0;0;0.0;;;0.0;0.0;0.0;0.0;0.0;3.27;3.27;0.0
108040;603630;2019-04-01;FRC;V19;;;16;18493;3555923628.0;;;3.3;3.3;3.32;3.31;3.32;3.32;3.32;0.0
108041;603631;2019-04-01;FRC;X19;;;17;10313;1979911524.0;;;3.37;3.37;3.37;3.37;3.37;3.37;3.36;0.0
108042;603632;2019-04-01;FRC;Z19;;;3;1584;303653444.0;;;3.38;3.38;3.38;3.38;3.38;3.38;3.37;0.0
108043;603633;2019-04-01;FRC;F20;;;12;4130;790382108.0;;;3.42;3.42;3.45;3.44;3.45;3.45;3.45;3.47
108044;603634;2019-04-01;FRC;G20;;;6;1262;241119149.0;;;3.46;3.46;3.48;3.47;3.48;3.48;0.0;0.0
108045;603635;2019-04-01;FRC;H20;;;5;2758;526148942.0;;;3.52;3.52;3.52;3.52;3.52;3.52;0.0;0.0
108046;603636;2019-04-01;FRC;J20;;;11;6338;1207380362.0;;;3.52;3.52;3.52;3.52;3.52;3.52;0.0;0.0
108047;603637;2019-04-01;FRC;K20;;;0;0;0.0;;;0.0;0.0;0.0;0.0;0.0;3.53;0.0;0.0
108048;603638;2019-04-01;FRC;N20;;;13;6037;1145071840.0;;;3.49;3.49;3.53;3.51;3.53;3.53;3.52;0.0
108049;603639;2019-04-01;FRC;V20;;;8;2145;404997096.0;;;3.54;3.54;3.54;3.54;3.54;3.54;0.0;0.0
108050;603640;2019-04-01;FRC;F21;;;10;2623;493022411.0;;;3.5;3.5;3.54;3.53;3.54;3.54;3.52;0.0
108051;603641;2019-04-01;FRC;J21;;;4;698;130661497.0;;;3.54;3.54;3.54;3.54;3.54;3.54;0.0;0.0
108052;603642;2019-04-01;FRC;N21;;;4;1350;251616911.0;;;3.54;3.54;3.54;3.54;3.54;3.54;0.0;0.0
108053;603643;2019-04-01;FRC;V21;;;0;0;0.0;;;0.0;0.0;0.0;0.0;0.0;3.55;0.0;0.0
108054;603644;2019-04-01;FRC;F22;;;12;2483;458730038.0;;;3.54;3.54;3.54;3.54;3.54;3.54;0.0;0.0
108055;603645;2019-04-01;FRC;J22;;;1;190;34940994.0;;;3.57;3.57;3.57;3.57;3.57;3.57;0.0;0.0
108056;603646;2019-04-01;FRC;N22;;;0;0;0.0;;;0.0;0.0;0.0;0.0;0.0;3.56;0.0;0.0
108057;603647;2019-04-01;FRC;V22;;;0;0;0.0;;;0.0;0.0;0.0;0.0;0.0;3.56;0.0;0.0
108058;603648;2019-04-01;FRC;F23;;;7;1279;232262993.0;;;3.52;3.52;3.57;3.55;3.57;3.57;3.56;0.0
108059;603649;2019-04-01;FRC;J23;;;0;0;0.0;;;0.0;0.0;0.0;0.0;0.0;3.59;0.0;0.0
108060;603650;2019-04-01;FRC;N23;;;0;0;0.0;;;0.0;0.0;0.0;0.0;0.0;3.6;0.0;0.0
108061;603651;2019-04-01;FRC;V23;;;0;0;0.0;;;0.0;0.0;0.0;0.0;0.0;3.6;0.0;0.0
108062;603652;2019-04-01;FRC;F24;;;7;1167;208094080.0;;;3.55;3.55;3.63;3.62;3.63;3.63;0.0;0.0
108063;603653;2019-04-01;FRC;J24;;;0;0;0.0;;;0.0;0.0;0.0;0.0;0.0;3.63;0.0;0.0
108064;603654;2019-04-01;FRC;N24;;;0;0;0.0;;;0.0;0.0;0.0;0.0;0.0;3.63;0.0;0.0
108065;603655;2019-04-01;FRC;F25;;;11;3343;585839514.0;;;3.6;3.6;3.67;3.65;3.67;3.67;0.0;0.0
108066;603656;2019-04-01;FRC;N25;;;0;0;0.0;;;0.0;0.0;0.0;0.0;0.0;3.72;0.0;0.0
108067;603657;2019-04-01;FRC;F26;;;1;18;3095367.0;;;3.73;3.73;3.73;3.73;3.73;3.8;0.0;0.0
108068;603658;2019-04-01;FRC;N26;;;0;0;0.0;;;0.0;0.0;0.0;0.0;0.0;3.85;0.0;0.0
108069;603659;2019-04-01;FRC;F27;;;0;0;0.0;;;0.0;0.0;0.0;0.0;0.0;3.93;0.0;0.0
108070;603660;2019-04-01;FRC;F28;;;0;0;0.0;;;0.0;0.0;0.0;0.0;0.0;4.1;0.0;0.0
108071;603661;2019-04-01;FRC;F29;;;0;0;0.0;;;0.0;0.0;0.0;0.0;0.0;4.21;0.0;0.0
108072;603662;2019-04-01;FRC;F30;;;0;0;0.0;;;0.0;0.0;0.0;0.0;0.0;4.28;0.0;0.0
108073;603663;2019-04-01;FRC;F31;;;0;0;0.0;;;0.0;0.0;0.0;0.0;0.0;4.34;0.0;0.0
108074;603837;2019-04-02;FRC;M19;;;14;25766;4953762728.0;;;3.32;3.32;3.33;3.32;3.33;3.33;3.27;0.0
108075;603838;2019-04-02;FRC;N19;;;17;13760;2642084162.0;;;3.33;3.33;3.33;3.33;3.33;3.33;3.33;0.0
108076;603839;2019-04-02;FRC;Q19;;;12;11351;2176423887.0;;;3.33;3.33;3.33;3.33;3.33;3.33;3.33;0.0
108077;603840;2019-04-02;FRC;U19;;;22;9348;1789852633.0;;;3.3;3.3;3.31;3.3;3.3;3.3;3.3;3.33
108078;603841;2019-04-02;FRC;V19;;;16;40519;7747377369.0;;;3.32;3.32;3.36;3.32;3.36;3.36;3.35;0.0
108079;603842;2019-04-02;FRC;X19;;;24;31726;6056083384.0;;;3.41;3.41;3.41;3.41;3.41;3.41;3.4;0.0
108080;603843;2019-04-02;FRC;Z19;;;0;0;0.0;;;0.0;0.0;0.0;0.0;0.0;3.42;0.0;0.0
108081;603844;2019-04-02;FRC;F20;;;24;30046;5717286705.0;;;3.45;3.45;3.48;3.47;3.48;3.48;3.46;3.5
108082;603845;2019-04-02;FRC;G20;;;2;1974;375003371.0;;;3.51;3.51;3.51;3.51;3.51;3.51;0.0;3.51
108083;603846;2019-04-02;FRC;H20;;;10;5556;1053961519.0;;;3.53;3.53;3.53;3.53;3.53;3.53;0.0;3.55
108084;603847;2019-04-02;FRC;J20;;;19;11218;2124760604.0;;;3.55;3.55;3.55;3.55;3.55;3.55;0.0;0.0
108085;603848;2019-04-02;FRC;K20;;;0;0;0.0;;;0.0;0.0;0.0;0.0;0.0;3.56;0.0;0.0
108086;603849;2019-04-02;FRC;N20;;;14;3332;628261834.0;;;3.57;3.57;3.57;3.57;3.57;3.57;0.0;0.0
108087;603850;2019-04-02;FRC;V20;;;11;3764;706558065.0;;;3.57;3.57;3.57;3.57;3.57;3.57;0.0;0.0
108088;603851;2019-04-02;FRC;F21;;;7;16496;3082724506.0;;;3.56;3.56;3.57;3.56;3.56;3.56;3.5;3.56
108089;603852;2019-04-02;FRC;J21;;;1;193;35907681.0;;;3.58;3.58;3.58;3.58;3.58;3.58;0.0;0.0
108090;603853;2019-04-02;FRC;N21;;;0;0;0.0;;;0.0;0.0;0.0;0.0;0.0;3.57;3.52;0.0
108091;603854;2019-04-02;FRC;V21;;;0;0;0.0;;;0.0;0.0;0.0;0.0;0.0;3.57;0.0;3.57
108092;603855;2019-04-02;FRC;F22;;;10;4319;793386400.0;;;3.55;3.55;3.55;3.55;3.55;3.55;0.0;0.0
108093;603856;2019-04-02;FRC;J22;;;0;0;0.0;;;0.0;0.0;0.0;0.0;0.0;3.58;0.0;0.0
108094;603857;2019-04-02;FRC;N22;;;2;95;17304912.0;;;3.56;3.56;3.56;3.56;3.56;3.57;0.0;0.0
108095;603858;2019-04-02;FRC;V22;;;2;378;68549558.0;;;3.56;3.56;3.56;3.56;3.56;3.57;0.0;0.0
108096;603859;2019-04-02;FRC;F23;;;7;1316;237545731.0;;;3.58;3.58;3.58;3.58;3.58;3.58;0.0;0.0
108097;603860;2019-04-02;FRC;J23;;;0;0;0.0;;;0.0;0.0;0.0;0.0;0.0;3.6;0.0;0.0
108098;603861;2019-04-02;FRC;N23;;;0;0;0.0;;;0.0;0.0;0.0;0.0;0.0;3.61;0.0;0.0
108099;603862;2019-04-02;FRC;V23;;;0;0;0.0;;;0.0;0.0;0.0;0.0;0.0;3.61;0.0;0.0
108100;603863;2019-04-02;FRC;F24;;;6;1110;196705696.0;;;3.65;3.65;3.65;3.65;3.65;3.65;0.0;3.65
108101;603864;2019-04-02;FRC;J24;;;0;0;0.0;;;0.0;0.0;0.0;0.0;0.0;3.65;0.0;0.0
108102;603865;2019-04-02;FRC;N24;;;0;0;0.0;;;0.0;0.0;0.0;0.0;0.0;3.65;0.0;0.0
108103;603866;2019-04-02;FRC;F25;;;7;1639;285188841.0;;;3.7;3.7;3.7;3.7;3.7;3.7;0.0;0.0
108104;603867;2019-04-02;FRC;N25;;;0;0;0.0;;;0.0;0.0;0.0;0.0;0.0;3.74;0.0;0.0
108105;603868;2019-04-02;FRC;F26;;;0;0;0.0;;;0.0;0.0;0.0;0.0;0.0;3.81;0.0;0.0
108106;603869;2019-04-02;FRC;N26;;;0;0;0.0;;;0.0;0.0;0.0;0.0;0.0;3.86;0.0;0.0
108107;603870;2019-04-02;FRC;F27;;;0;0;0.0;;;0.0;0.0;0.0;0.0;0.0;3.93;0.0;0.0
108108;603871;2019-04-02;FRC;F28;;;0;0;0.0;;;0.0;0.0;0.0;0.0;0.0;4.09;0.0;0.0
108109;603872;2019-04-02;FRC;F29;;;0;0;0.0;;;0.0;0.0;0.0;0.0;0.0;4.22;0.0;0.0
108110;603873;2019-04-02;FRC;F30;;;1;168;26225143.0;;;4.31;4.31;4.31;4.31;4.31;4.31;0.0;0.0
108111;603874;2019-04-02;FRC;F31;;;0;0;0.0;;;0.0;0.0;0.0;0.0;0.0;4.37;0.0;0.0
108112;604047;2019-04-03;FRC;M19;;;56;84832;16337598415.0;;;3.33;3.33;3.36;3.35;3.36;3.36;3.36;0.0
108113;604048;2019-04-03;FRC;N19;;;18;36498;7019956822.0;;;3.36;3.35;3.36;3.35;3.35;3.35;3.35;3.37
108114;604049;2019-04-03;FRC;Q19;;;11;9757;1873932369.0;;;3.36;3.36;3.36;3.36;3.36;3.36;3.35;0.0
108115;604050;2019-04-03;FRC;U19;;;6;2984;572296621.0;;;3.33;3.33;3.33;3.33;3.33;3.33;0.0;0.0
108116;604051;2019-04-03;FRC;V19;;;13;6355;1217020302.0;;;3.37;3.37;3.39;3.38;3.39;3.39;0.0;3.41
108117;604052;2019-04-03;FRC;X19;;;12;5951;1137806116.0;;;3.45;3.45;3.45;3.45;3.45;3.45;0.0;0.0
108118;604053;2019-04-03;FRC;Z19;;;12;12751;2434336378.0;;;3.46;3.43;3.46;3.45;3.46;3.46;0.0;0.0
108119;604054;2019-04-03;FRC;F20;;;26;17001;3240290147.0;;;3.49;3.49;3.53;3.5;3.53;3.51;3.53;0.0
108120;604055;2019-04-03;FRC;G20;;;5;1775;337736522.0;;;3.54;3.54;3.54;3.54;3.54;3.54;3.55;0.0
108121;604056;2019-04-03;FRC;H20;;;7;5517;1048233252.0;;;3.56;3.56;3.56;3.56;3.56;3.56;0.0;0.0
108122;604057;2019-04-03;FRC;J20;;;17;7677;1456380799.0;;;3.58;3.58;3.58;3.58;3.58;3.58;0.0;3.58
108123;604058;2019-04-03;FRC;K20;;;0;0;0.0;;;0.0;0.0;0.0;0.0;0.0;3.59;0.0;0.0
108124;604059;2019-04-03;FRC;N20;;;13;12306;2324282953.0;;;3.57;3.57;3.6;3.57;3.6;3.6;0.0;3.6
108125;604060;2019-04-03;FRC;V20;;;0;0;0.0;;;0.0;0.0;0.0;0.0;0.0;3.6;0.0;0.0
108126;604061;2019-04-03;FRC;F21;;;22;19191;3592388248.0;;;3.56;3.56;3.59;3.56;3.59;3.59;0.0;0.0
108127;604062;2019-04-03;FRC;J21;;;0;0;0.0;;;0.0;0.0;0.0;0.0;0.0;3.61;0.0;0.0
108128;604063;2019-04-03;FRC;N21;;;0;0;0.0;;;0.0;0.0;0.0;0.0;0.0;3.6;0.0;0.0
108129;604064;2019-04-03;FRC;V21;;;1;192;35471754.0;;;3.59;3.59;3.59;3.59;3.59;3.59;0.0;0.0
108130;604065;2019-04-03;FRC;F22;;;12;11146;2050755337.0;;;3.56;3.55;3.59;3.56;3.58;3.59;0.0;0.0
108131;604066;2019-04-03;FRC;J22;;;6;1331;243730617.0;;;3.6;3.6;3.6;3.6;3.6;3.6;0.0;0.0
108132;604067;2019-04-03;FRC;N22;;;0;0;0.0;;;0.0;0.0;0.0;0.0;0.0;3.6;0.0;0.0
108133;604068;2019-04-03;FRC;V22;;;0;0;0.0;;;0.0;0.0;0.0;0.0;0.0;3.61;0.0;0.0
108134;604069;2019-04-03;FRC;F23;;;7;4101;741099281.0;;;3.62;3.61;3.62;3.61;3.62;3.62;0.0;0.0
108135;604070;2019-04-03;FRC;J23;;;0;0;0.0;;;0.0;0.0;0.0;0.0;0.0;3.64;0.0;0.0
108136;604071;2019-04-03;FRC;N23;;;0;0;0.0;;;0.0;0.0;0.0;0.0;0.0;3.65;0.0;0.0
108137;604072;2019-04-03;FRC;V23;;;0;0;0.0;;;0.0;0.0;0.0;0.0;0.0;3.65;0.0;0.0
108138;604073;2019-04-03;FRC;F24;;;5;2592;459873803.0;;;3.68;3.68;3.68;3.68;3.68;3.68;0.0;3.7
108139;604074;2019-04-03;FRC;J24;;;3;552;97459160.0;;;3.7;3.7;3.7;3.7;3.7;3.7;0.0;0.0
108140;604075;2019-04-03;FRC;N24;;;2;551;96884623.0;;;3.7;3.7;3.7;3.7;3.7;3.69;0.0;0.0
108141;604076;2019-04-03;FRC;F25;;;10;4376;762444766.0;;;3.71;3.71;3.73;3.72;3.73;3.73;0.0;0.0
108142;604077;2019-04-03;FRC;N25;;;0;0;0.0;;;0.0;0.0;0.0;0.0;0.0;3.77;0.0;0.0
108143;604078;2019-04-03;FRC;F26;;;0;0;0.0;;;0.0;0.0;0.0;0.0;0.0;3.84;0.0;0.0
108144;604079;2019-04-03;FRC;N26;;;0;0;0.0;;;0.0;0.0;0.0;0.0;0.0;3.89;0.0;0.0
108145;604080;2019-04-03;FRC;F27;;;0;0;0.0;;;0.0;0.0;0.0;0.0;0.0;3.96;0.0;0.0
108146;604081;2019-04-03;FRC;F28;;;0;0;0.0;;;0.0;0.0;0.0;0.0;0.0;4.12;0.0;0.0
108147;604082;2019-04-03;FRC;F29;;;0;0;0.0;;;0.0;0.0;0.0;0.0;0.0;4.25;0.0;0.0
108148;604083;2019-04-03;FRC;F30;;;0;0;0.0;;;0.0;0.0;0.0;0.0;0.0;4.34;0.0;0.0
108149;604084;2019-04-03;FRC;F31;;;0;0;0.0;;;0.0;0.0;0.0;0.0;0.0;4.4;0.0;0.0
108150;604257;2019-04-04;FRC;M19;;;335;143816;27554673186.0;;;3.36;3.34;3.36;3.34;3.35;3.35;3.35;3.36
108151;604258;2019-04-04;FRC;N19;;;30;140803;26942384997.0;;;3.36;3.34;3.37;3.35;3.34;3.34;3.34;0.0
108152;604259;2019-04-04;FRC;Q19;;;13;9561;1826860361.0;;;3.35;3.35;3.35;3.35;3.35;3.35;0.0;0.0
108153;604260;2019-04-04;FRC;U19;;;7;4177;796988181.0;;;3.32;3.32;3.32;3.32;3.32;3.32;3.32;0.0
108154;604261;2019-04-04;FRC;V19;;;17;18389;3503409804.0;;;3.41;3.38;3.41;3.39;3.38;3.38;3.38;0.0
108155;604262;2019-04-04;FRC;X19;;;10;8724;1659439894.0;;;3.44;3.44;3.44;3.44;3.44;3.44;3.44;0.0
108156;604263;2019-04-04;FRC;Z19;;;6;8910;1692287109.0;;;3.45;3.45;3.45;3.45;3.45;3.45;0.0;0.0
108157;604264;2019-04-04;FRC;F20;;;47;67602;12818202064.0;;;3.53;3.49;3.53;3.5;3.5;3.5;3.5;3.52
108158;604265;2019-04-04;FRC;G20;;;1;197;37293367.0;;;3.52;3.52;3.52;3.52;3.52;3.52;0.0;3.55
108159;604266;2019-04-04;FRC;H20;;;6;5320;1005642025.0;;;3.55;3.55;3.55;3.55;3.55;3.55;0.0;0.0
108160;604267;2019-04-04;FRC;J20;;;19;16373;3090373144.0;;;3.58;3.54;3.6;3.55;3.57;3.57;3.55;3.6
108161;604268;2019-04-04;FRC;K20;;;0;0;0.0;;;0.0;0.0;0.0;0.0;0.0;3.58;0.0;0.0
108162;604269;2019-04-04;FRC;N20;;;3;980;184142657.0;;;3.58;3.57;3.58;3.57;3.58;3.59;0.0;0.0
108163;604270;2019-04-04;FRC;V20;;;0;0;0.0;;;0.0;0.0;0.0;0.0;0.0;3.59;0.0;3.59
108164;604271;2019-04-04;FRC;F21;;;15;6215;1157210187.0;;;3.59;3.58;3.59;3.58;3.58;3.58;0.0;3.6
108165;604272;2019-04-04;FRC;J21;;;0;0;0.0;;;0.0;0.0;0.0;0.0;0.0;3.6;0.0;0.0
108166;604273;2019-04-04;FRC;N21;;;3;770;142152782.0;;;3.58;3.58;3.58;3.58;3.58;3.59;0.0;0.0
108167;604274;2019-04-04;FRC;V21;;;0;0;0.0;;;0.0;0.0;0.0;0.0;0.0;3.58;0.0;0.0
108168;604275;2019-04-04;FRC;F22;;;0;0;0.0;;;0.0;0.0;0.0;0.0;0.0;3.58;3.57;0.0
108169;604276;2019-04-04;FRC;J22;;;2;381;69434583.0;;;3.58;3.58;3.58;3.58;3.58;3.59;0.0;0.0
108170;604277;2019-04-04;FRC;N22;;;0;0;0.0;;;0.0;0.0;0.0;0.0;0.0;3.59;0.0;0.0
108171;604278;2019-04-04;FRC;V22;;;0;0;0.0;;;0.0;0.0;0.0;0.0;0.0;3.6;0.0;0.0
108172;604279;2019-04-04;FRC;F23;;;18;5301;952788193.0;;;3.65;3.61;3.65;3.62;3.61;3.61;3.59;0.0
108173;604280;2019-04-04;FRC;J23;;;0;0;0.0;;;0.0;0.0;0.0;0.0;0.0;3.63;0.0;0.0
108174;604281;2019-04-04;FRC;N23;;;0;0;0.0;;;0.0;0.0;0.0;0.0;0.0;3.64;0.0;0.0
108175;604282;2019-04-04;FRC;V23;;;0;0;0.0;;;0.0;0.0;0.0;0.0;0.0;3.64;0.0;0.0
108176;604283;2019-04-04;FRC;F24;;;0;0;0.0;;;0.0;0.0;0.0;0.0;0.0;3.68;0.0;0.0
108177;604284;2019-04-04;FRC;J24;;;0;0;0.0;;;0.0;0.0;0.0;0.0;0.0;3.7;0.0;0.0
108178;604285;2019-04-04;FRC;N24;;;0;0;0.0;;;0.0;0.0;0.0;0.0;0.0;3.69;0.0;0.0
108179;604286;2019-04-04;FRC;F25;;;11;4098;709817014.0;;;3.78;3.73;3.78;3.74;3.73;3.73;0.0;0.0
108180;604287;2019-04-04;FRC;N25;;;0;0;0.0;;;0.0;0.0;0.0;0.0;0.0;3.77;0.0;0.0
108181;604288;2019-04-04;FRC;F26;;;0;0;0.0;;;0.0;0.0;0.0;0.0;0.0;3.83;0.0;0.0
108182;604289;2019-04-04;FRC;N26;;;0;0;0.0;;;0.0;0.0;0.0;0.0;0.0;3.88;0.0;0.0
108183;604290;2019-04-04;FRC;F27;;;0;0;0.0;;;0.0;0.0;0.0;0.0;0.0;3.94;0.0;0.0
108184;604291;2019-04-04;FRC;F28;;;2;347;56415078.0;;;4.1;4.1;4.1;4.1;4.1;4.09;0.0;0.0
108185;604292;2019-04-04;FRC;F29;;;0;0;0.0;;;0.0;0.0;0.0;0.0;0.0;4.23;0.0;0.0
108186;604293;2019-04-04;FRC;F30;;;1;168;26105711.0;;;4.34;4.34;4.34;4.34;4.34;4.34;0.0;0.0
108187;604294;2019-04-04;FRC;F31;;;0;0;0.0;;;0.0;0.0;0.0;0.0;0.0;4.4;0.0;0.0
108188;604467;2019-04-05;FRC;M19;;;20;75688;14580405808.0;;;3.32;3.32;3.34;3.33;3.34;3.34;0.0;0.0
108189;604468;2019-04-05;FRC;N19;;;26;46346;8916544247.0;;;3.33;3.33;3.34;3.33;3.33;3.33;0.0;0.0
108190;604469;2019-04-05;FRC;Q19;;;25;20117;3864636660.0;;;3.35;3.35;3.36;3.35;3.36;3.36;0.0;0.0
108191;604470;2019-04-05;FRC;U19;;;11;2984;572443765.0;;;3.32;3.32;3.33;3.32;3.33;3.32;0.0;0.0
108192;604471;2019-04-05;FRC;V19;;;8;2443;467972324.0;;;3.39;3.38;3.39;3.38;3.38;3.38;3.38;0.0
108193;604472;2019-04-05;FRC;X19;;;5;2973;568577260.0;;;3.44;3.44;3.44;3.44;3.44;3.44;0.0;0.0
108194;604473;2019-04-05;FRC;Z19;;;8;4356;831774633.0;;;3.47;3.47;3.47;3.47;3.47;3.47;0.0;0.0
108195;604474;2019-04-05;FRC;F20;;;7;3243;618223411.0;;;3.52;3.52;3.52;3.52;3.52;3.52;3.5;0.0
108196;604475;2019-04-05;FRC;G20;;;7;4145;788890446.0;;;3.54;3.54;3.54;3.54;3.54;3.54;3.53;3.56
108197;604476;2019-04-05;FRC;H20;;;5;4375;831471687.0;;;3.55;3.55;3.57;3.55;3.57;3.57;0.0;0.0
108198;604477;2019-04-05;FRC;J20;;;19;9902;1878945399.0;;;3.57;3.56;3.59;3.58;3.59;3.59;3.57;3.59
108199;604478;2019-04-05;FRC;K20;;;2;235;44515784.0;;;3.58;3.58;3.59;3.58;3.59;3.59;0.0;0.0
108200;604479;2019-04-05;FRC;N20;;;2;3526;666108729.0;;;3.58;3.58;3.58;3.58;3.58;3.6;0.0;0.0
108201;604480;2019-04-05;FRC;V20;;;0;0;0.0;;;0.0;0.0;0.0;0.0;0.0;3.6;0.0;0.0
108202;604481;2019-04-05;FRC;F21;;;6;2135;399658431.0;;;3.59;3.59;3.59;3.59;3.59;3.59;0.0;0.0
108203;604482;2019-04-05;FRC;J21;;;2;386;71943421.0;;;3.6;3.6;3.6;3.6;3.6;3.6;0.0;0.0
108204;604483;2019-04-05;FRC;N21;;;2;578;107267000.0;;;3.6;3.6;3.6;3.6;3.6;3.6;0.0;0.0
108205;604484;2019-04-05;FRC;V21;;;0;0;0.0;;;0.0;0.0;0.0;0.0;0.0;3.59;0.0;0.0
108206;604485;2019-04-05;FRC;F22;;;13;3438;632455370.0;;;3.59;3.59;3.59;3.59;3.59;3.59;3.57;3.59
108207;604486;2019-04-05;FRC;J22;;;0;0;0.0;;;0.0;0.0;0.0;0.0;0.0;3.6;0.0;0.0
108208;604487;2019-04-05;FRC;N22;;;0;0;0.0;;;0.0;0.0;0.0;0.0;0.0;3.6;0.0;0.0
108209;604488;2019-04-05;FRC;V22;;;0;0;0.0;;;0.0;0.0;0.0;0.0;0.0;3.61;0.0;0.0
108210;604489;2019-04-05;FRC;F23;;;9;2257;407958901.0;;;3.61;3.61;3.62;3.61;3.62;3.62;0.0;0.0
108211;604490;2019-04-05;FRC;J23;;;2;375;67481824.0;;;3.63;3.63;3.63;3.63;3.63;3.65;0.0;0.0
108212;604491;2019-04-05;FRC;N23;;;0;0;0.0;;;0.0;0.0;0.0;0.0;0.0;3.67;0.0;0.0
108213;604492;2019-04-05;FRC;V23;;;0;0;0.0;;;0.0;0.0;0.0;0.0;0.0;3.68;0.0;0.0
108214;604493;2019-04-05;FRC;F24;;;3;926;164267864.0;;;3.7;3.7;3.7;3.7;3.7;3.72;0.0;0.0
108215;604494;2019-04-05;FRC;J24;;;0;0;0.0;;;0.0;0.0;0.0;0.0;0.0;3.74;0.0;0.0
108216;604495;2019-04-05;FRC;N24;;;0;0;0.0;;;0.0;0.0;0.0;0.0;0.0;3.73;0.0;0.0
108217;604496;2019-04-05;FRC;F25;;;0;0;0.0;;;0.0;0.0;0.0;0.0;0.0;3.77;0.0;3.78
108218;604497;2019-04-05;FRC;N25;;;0;0;0.0;;;0.0;0.0;0.0;0.0;0.0;3.81;0.0;0.0
108219;604498;2019-04-05;FRC;F26;;;0;0;0.0;;;0.0;0.0;0.0;0.0;0.0;3.87;0.0;0.0
108220;604499;2019-04-05;FRC;N26;;;0;0;0.0;;;0.0;0.0;0.0;0.0;0.0;3.92;0.0;0.0
108221;604500;2019-04-05;FRC;F27;;;0;0;0.0;;;0.0;0.0;0.0;0.0;0.0;3.97;0.0;0.0
108222;604501;2019-04-05;FRC;F28;;;0;0;0.0;;;0.0;0.0;0.0;0.0;0.0;4.11;0.0;0.0
108223;604502;2019-04-05;FRC;F29;;;0;0;0.0;;;0.0;0.0;0.0;0.0;0.0;4.25;0.0;0.0
108224;604503;2019-04-05;FRC;F30;;;0;0;0.0;;;0.0;0.0;0.0;0.0;0.0;4.36;0.0;0.0
108225;604504;2019-04-05;FRC;F31;;;0;0;0.0;;;0.0;0.0;0.0;0.0;0.0;4.42;0.0;0.0
108226;604677;2019-04-08;FRC;M19;;;14;27161;5214298388.0;;;3.34;3.34;3.34;3.34;3.34;3.34;0.0;0.0
108227;604678;2019-04-08;FRC;N19;;;14;20342;3900157175.0;;;3.34;3.34;3.34;3.34;3.34;3.34;0.0;0.0
108228;604679;2019-04-08;FRC;Q19;;;15;19119;3660202544.0;;;3.38;3.38;3.38;3.38;3.38;3.38;0.0;0.0
108229;604680;2019-04-08;FRC;U19;;;1;994;190033769.0;;;3.32;3.32;3.32;3.32;3.32;3.32;0.0;0.0
108230;604681;2019-04-08;FRC;V19;;;12;8341;1592220834.0;;;3.4;3.4;3.4;3.4;3.4;3.4;0.0;0.0
108231;604682;2019-04-08;FRC;X19;;;14;8724;1662683509.0;;;3.45;3.45;3.45;3.45;3.45;3.45;3.45;0.0
108232;604683;2019-04-08;FRC;Z19;;;14;10890;2072183348.0;;;3.49;3.49;3.49;3.49;3.49;3.49;0.0;0.0
108233;604684;2019-04-08;FRC;F20;;;18;14647;2782476652.0;;;3.52;3.52;3.54;3.53;3.54;3.54;3.53;0.0
108234;604685;2019-04-08;FRC;G20;;;1;197;37361539.0;;;3.56;3.56;3.56;3.56;3.56;3.56;0.0;0.0
108235;604686;2019-04-08;FRC;H20;;;10;3546;671523101.0;;;3.59;3.58;3.59;3.58;3.58;3.59;3.57;3.59
108236;604687;2019-04-08;FRC;J20;;;20;16375;3096354776.0;;;3.59;3.59;3.6;3.59;3.6;3.6;0.0;0.0
108237;604688;2019-04-08;FRC;K20;;;0;0;0.0;;;0.0;0.0;0.0;0.0;0.0;3.6;0.0;0.0
108238;604689;2019-04-08;FRC;N20;;;6;1960;368918907.0;;;3.62;3.62;3.62;3.62;3.62;3.62;3.6;3.62
108239;604690;2019-04-08;FRC;V20;;;1;390;73081168.0;;;3.61;3.61;3.61;3.61;3.61;3.62;0.0;3.62
108240;604691;2019-04-08;FRC;F21;;;24;11902;2220229632.0;;;3.6;3.57;3.61;3.59;3.61;3.61;3.6;3.61
108241;604692;2019-04-08;FRC;J21;;;0;0;0.0;;;0.0;0.0;0.0;0.0;0.0;3.62;0.0;0.0
108242;604693;2019-04-08;FRC;N21;;;2;385;71202383.0;;;3.6;3.6;3.6;3.6;3.6;3.62;0.0;0.0
108243;604694;2019-04-08;FRC;V21;;;0;0;0.0;;;0.0;0.0;0.0;0.0;0.0;3.61;0.0;0.0
108244;604695;2019-04-08;FRC;F22;;;4;2790;511479541.0;;;3.6;3.59;3.6;3.59;3.59;3.61;3.6;0.0
108245;604696;2019-04-08;FRC;J22;;;0;0;0.0;;;0.0;0.0;0.0;0.0;0.0;3.62;0.0;0.0
108246;604697;2019-04-08;FRC;N22;;;2;759;137922223.0;;;3.62;3.62;3.62;3.62;3.62;3.62;0.0;0.0
108247;604698;2019-04-08;FRC;V22;;;0;0;0.0;;;0.0;0.0;0.0;0.0;0.0;3.63;0.0;0.0
108248;604699;2019-04-08;FRC;F23;;;3;564;101553423.0;;;3.64;3.64;3.64;3.64;3.64;3.64;0.0;0.0
108249;604700;2019-04-08;FRC;J23;;;0;0;0.0;;;0.0;0.0;0.0;0.0;0.0;3.67;0.0;0.0
108250;604701;2019-04-08;FRC;N23;;;3;561;100093451.0;;;3.68;3.68;3.68;3.68;3.68;3.68;0.0;0.0
108251;604702;2019-04-08;FRC;V23;;;0;0;0.0;;;0.0;0.0;0.0;0.0;0.0;3.69;0.0;0.0
108252;604703;2019-04-08;FRC;F24;;;5;796;140662604.0;;;3.7;3.7;3.72;3.71;3.72;3.72;0.0;0.0
108253;604704;2019-04-08;FRC;J24;;;0;0;0.0;;;0.0;0.0;0.0;0.0;0.0;3.76;0.0;0.0
108254;604705;2019-04-08;FRC;N24;;;0;0;0.0;;;0.0;0.0;0.0;0.0;0.0;3.78;0.0;0.0
108255;604706;2019-04-08;FRC;F25;;;9;2877;499038762.0;;;3.76;3.76;3.77;3.76;3.77;3.77;0.0;0.0
108256;604707;2019-04-08;FRC;N25;;;0;0;0.0;;;0.0;0.0;0.0;0.0;0.0;3.81;0.0;0.0
108257;604708;2019-04-08;FRC;F26;;;5;2061;350359798.0;;;3.87;3.87;3.88;3.87;3.88;3.87;0.0;0.0
108258;604709;2019-04-08;FRC;N26;;;0;0;0.0;;;0.0;0.0;0.0;0.0;0.0;3.92;0.0;0.0
108259;604710;2019-04-08;FRC;F27;;;4;2080;346132037.0;;;3.97;3.97;4.0;3.99;3.99;3.98;0.0;0.0
108260;604711;2019-04-08;FRC;F28;;;6;1646;267845285.0;;;4.1;4.1;4.13;4.12;4.13;4.13;0.0;0.0
108261;604712;2019-04-08;FRC;F29;;;0;0;0.0;;;0.0;0.0;0.0;0.0;0.0;4.27;0.0;0.0
108262;604713;2019-04-08;FRC;F30;;;0;0;0.0;;;0.0;0.0;0.0;0.0;0.0;4.38;0.0;0.0
108263;604714;2019-04-08;FRC;F31;;;0;0;0.0;;;0.0;0.0;0.0;0.0;0.0;4.44;0.0;0.0
108264;604887;2019-04-09;FRC;M19;;;16;28357;5452875319.0;;;3.34;3.34;3.37;3.36;3.37;3.37;0.0;0.0
108265;604888;2019-04-09;FRC;N19;;;14;17349;3331714739.0;;;3.38;3.38;3.38;3.38;3.38;3.38;3.37;0.0
108266;604889;2019-04-09;FRC;Q19;;;12;13343;2558534031.0;;;3.42;3.42;3.42;3.42;3.42;3.42;3.42;0.0
108267;604890;2019-04-09;FRC;U19;;;16;10241;1960957899.0;;;3.37;3.37;3.37;3.37;3.37;3.37;0.0;0.0
108268;604891;2019-04-09;FRC;V19;;;15;6753;1291100887.0;;;3.4;3.4;3.45;3.44;3.45;3.45;0.0;3.45
108269;604892;2019-04-09;FRC;X19;;;15;13974;2667259418.0;;;3.51;3.51;3.54;3.51;3.51;3.51;0.0;0.0
108270;604893;2019-04-09;FRC;Z19;;;1;1979;377137471.0;;;3.54;3.54;3.54;3.54;3.54;3.54;3.53;0.0
108271;604894;2019-04-09;FRC;F20;;;17;4846;921993592.0;;;3.54;3.54;3.58;3.57;3.58;3.58;3.56;0.0
108272;604895;2019-04-09;FRC;G20;;;6;1283;243703970.0;;;3.57;3.57;3.6;3.59;3.6;3.6;0.0;0.0
108273;604896;2019-04-09;FRC;H20;;;10;4137;784638400.0;;;3.62;3.62;3.62;3.62;3.62;3.62;3.6;3.62
108274;604897;2019-04-09;FRC;J20;;;24;30594;5794162653.0;;;3.6;3.6;3.64;3.61;3.64;3.64;3.61;3.67
108275;604898;2019-04-09;FRC;K20;;;4;1257;237674632.0;;;3.6;3.6;3.63;3.61;3.63;3.63;0.0;0.0
108276;604899;2019-04-09;FRC;N20;;;20;8054;1518189438.0;;;3.62;3.62;3.66;3.65;3.65;3.66;0.0;0.0
108277;604900;2019-04-09;FRC;V20;;;10;2535;475685902.0;;;3.65;3.65;3.65;3.65;3.65;3.65;0.0;0.0
108278;604901;2019-04-09;FRC;F21;;;22;20521;3833176831.0;;;3.62;3.62;3.66;3.63;3.66;3.66;0.0;3.66
108279;604902;2019-04-09;FRC;J21;;;0;0;0.0;;;0.0;0.0;0.0;0.0;0.0;3.67;0.0;0.0
108280;604903;2019-04-09;FRC;N21;;;2;1984;367468097.0;;;3.62;3.62;3.62;3.62;3.62;3.67;0.0;0.0
108281;604904;2019-04-09;FRC;V21;;;0;0;0.0;;;0.0;0.0;0.0;0.0;0.0;3.66;0.0;0.0
108282;604905;2019-04-09;FRC;F22;;;12;6303;1156666844.0;;;3.61;3.61;3.65;3.64;3.65;3.65;0.0;0.0
108283;604906;2019-04-09;FRC;J22;;;0;0;0.0;;;0.0;0.0;0.0;0.0;0.0;3.66;0.0;0.0
108284;604907;2019-04-09;FRC;N22;;;0;0;0.0;;;0.0;0.0;0.0;0.0;0.0;3.66;0.0;0.0
108285;604908;2019-04-09;FRC;V22;;;0;0;0.0;;;0.0;0.0;0.0;0.0;0.0;3.67;0.0;0.0
108286;604909;2019-04-09;FRC;F23;;;4;414;74646576.0;;;3.64;3.64;3.68;3.66;3.68;3.68;3.65;0.0
108287;604910;2019-04-09;FRC;J23;;;0;0;0.0;;;0.0;0.0;0.0;0.0;0.0;3.71;0.0;0.0
108288;604911;2019-04-09;FRC;N23;;;0;0;0.0;;;0.0;0.0;0.0;0.0;0.0;3.71;0.0;0.0
108289;604912;2019-04-09;FRC;V23;;;0;0;0.0;;;0.0;0.0;0.0;0.0;0.0;3.72;0.0;0.0
108290;604913;2019-04-09;FRC;F24;;;12;8267;1462564594.0;;;3.74;3.73;3.74;3.73;3.74;3.74;0.0;0.0
108291;604914;2019-04-09;FRC;J24;;;0;0;0.0;;;0.0;0.0;0.0;0.0;0.0;3.78;0.0;0.0
108292;604915;2019-04-09;FRC;N24;;;0;0;0.0;;;0.0;0.0;0.0;0.0;0.0;3.78;0.0;0.0
108293;604916;2019-04-09;FRC;F25;;;10;7172;1244767297.0;;;3.78;3.77;3.82;3.81;3.82;3.8;3.77;0.0
108294;604917;2019-04-09;FRC;N25;;;2;181;31145578.0;;;3.82;3.82;3.82;3.82;3.82;3.84;0.0;0.0
108295;604918;2019-04-09;FRC;F26;;;1;179;30460698.0;;;3.89;3.89;3.89;3.89;3.89;3.89;0.0;0.0
108296;604919;2019-04-09;FRC;N26;;;0;0;0.0;;;0.0;0.0;0.0;0.0;0.0;3.94;0.0;0.0
108297;604920;2019-04-09;FRC;F27;;;0;0;0.0;;;0.0;0.0;0.0;0.0;0.0;4.02;3.98;0.0
108298;604921;2019-04-09;FRC;F28;;;0;0;0.0;;;0.0;0.0;0.0;0.0;0.0;4.17;0.0;0.0
108299;604922;2019-04-09;FRC;F29;;;0;0;0.0;;;0.0;0.0;0.0;0.0;0.0;4.31;0.0;0.0
108300;604923;2019-04-09;FRC;F30;;;0;0;0.0;;;0.0;0.0;0.0;0.0;0.0;4.42;0.0;0.0
108301;604924;2019-04-09;FRC;F31;;;0;0;0.0;;;0.0;0.0;0.0;0.0;0.0;4.48;0.0;0.0
108302;605097;2019-04-10;FRC;M19;;;48;50681;9686805166.0;;;3.4;3.39;3.42;3.41;3.42;3.42;0.0;0.0
108303;605098;2019-04-10;FRC;N19;;;38;29115;5557489244.0;;;3.4;3.4;3.42;3.41;3.42;3.42;3.42;0.0
108304;605099;2019-04-10;FRC;Q19;;;15;1735;330679754.0;;;3.44;3.43;3.44;3.43;3.43;3.47;3.45;0.0
108305;605100;2019-04-10;FRC;U19;;;6;2189;416585053.0;;;3.43;3.43;3.43;3.43;3.43;3.43;3.42;0.0
108306;605101;2019-04-10;FRC;V19;;;24;10421;1980230075.0;;;3.47;3.46;3.49;3.48;3.49;3.49;3.49;0.0
108307;605102;2019-04-10;FRC;X19;;;9;14866;2820174449.0;;;3.52;3.52;3.56;3.54;3.56;3.56;3.55;0.0
108308;605103;2019-04-10;FRC;Z19;;;6;4950;937538725.0;;;3.58;3.58;3.58;3.58;3.58;3.58;0.0;0.0
108309;605104;2019-04-10;FRC;F20;;;31;19031;3598600421.0;;;3.58;3.58;3.62;3.61;3.62;3.62;3.61;3.62
108310;605105;2019-04-10;FRC;G20;;;4;986;186135178.0;;;3.63;3.63;3.63;3.63;3.63;3.63;0.0;0.0
108311;605106;2019-04-10;FRC;H20;;;13;7092;1336842343.0;;;3.65;3.65;3.65;3.65;3.65;3.65;0.0;0.0
108312;605107;2019-04-10;FRC;J20;;;54;63829;12014397719.0;;;3.64;3.63;3.66;3.64;3.66;3.66;0.0;0.0
108313;605108;2019-04-10;FRC;K20;;;15;30247;5683872444.0;;;3.64;3.64;3.66;3.64;3.66;3.66;0.0;0.0
108314;605109;2019-04-10;FRC;N20;;;9;3389;634932250.0;;;3.66;3.66;3.68;3.66;3.68;3.68;0.0;0.0
108315;605110;2019-04-10;FRC;V20;;;11;4290;800002160.0;;;3.68;3.68;3.68;3.68;3.68;3.68;0.0;0.0
108316;605111;2019-04-10;FRC;F21;;;19;22716;4217192659.0;;;3.66;3.63;3.67;3.65;3.67;3.67;0.0;0.0
108317;605112;2019-04-10;FRC;J21;;;1;193;35662931.0;;;3.69;3.69;3.69;3.69;3.69;3.69;0.0;0.0
108318;605113;2019-04-10;FRC;N21;;;0;0;0.0;;;0.0;0.0;0.0;0.0;0.0;3.68;0.0;0.0
108319;605114;2019-04-10;FRC;V21;;;0;0;0.0;;;0.0;0.0;0.0;0.0;0.0;3.66;0.0;0.0
108320;605115;2019-04-10;FRC;F22;;;23;16617;3031054088.0;;;3.65;3.64;3.65;3.64;3.64;3.64;3.64;0.0
108321;605116;2019-04-10;FRC;J22;;;0;0;0.0;;;0.0;0.0;0.0;0.0;0.0;3.65;0.0;0.0
108322;605117;2019-04-10;FRC;N22;;;0;0;0.0;;;0.0;0.0;0.0;0.0;0.0;3.65;0.0;0.0
108323;605118;2019-04-10;FRC;V22;;;0;0;0.0;;;0.0;0.0;0.0;0.0;0.0;3.66;0.0;0.0
108324;605119;2019-04-10;FRC;F23;;;4;752;134748272.0;;;3.67;3.67;3.67;3.67;3.67;3.67;0.0;0.0
108325;605120;2019-04-10;FRC;J23;;;0;0;0.0;;;0.0;0.0;0.0;0.0;0.0;3.7;0.0;0.0
108326;605121;2019-04-10;FRC;N23;;;0;0;0.0;;;0.0;0.0;0.0;0.0;0.0;3.7;0.0;0.0
108327;605122;2019-04-10;FRC;V23;;;0;0;0.0;;;0.0;0.0;0.0;0.0;0.0;3.71;0.0;0.0
108328;605123;2019-04-10;FRC;F24;;;2;924;162477042.0;;;3.74;3.74;3.74;3.74;3.74;3.72;0.0;0.0
108329;605124;2019-04-10;FRC;J24;;;0;0;0.0;;;0.0;0.0;0.0;0.0;0.0;3.76;0.0;0.0
108330;605125;2019-04-10;FRC;N24;;;0;0;0.0;;;0.0;0.0;0.0;0.0;0.0;3.76;0.0;0.0
108331;605126;2019-04-10;FRC;F25;;;4;910;157145165.0;;;3.77;3.77;3.77;3.77;3.77;3.77;0.0;0.0
108332;605127;2019-04-10;FRC;N25;;;0;0;0.0;;;0.0;0.0;0.0;0.0;0.0;3.81;0.0;0.0
108333;605128;2019-04-10;FRC;F26;;;0;0;0.0;;;0.0;0.0;0.0;0.0;0.0;3.86;0.0;0.0
108334;605129;2019-04-10;FRC;N26;;;0;0;0.0;;;0.0;0.0;0.0;0.0;0.0;3.91;0.0;0.0
108335;605130;2019-04-10;FRC;F27;;;0;0;0.0;;;0.0;0.0;0.0;0.0;0.0;3.99;0.0;0.0
108336;605131;2019-04-10;FRC;F28;;;0;0;0.0;;;0.0;0.0;0.0;0.0;0.0;4.14;0.0;0.0
108337;605132;2019-04-10;FRC;F29;;;2;340;53785550.0;;;4.27;4.27;4.27;4.27;4.27;4.27;0.0;0.0
108338;605133;2019-04-10;FRC;F30;;;0;0;0.0;;;0.0;0.0;0.0;0.0;0.0;4.38;0.0;0.0
108339;605134;2019-04-10;FRC;F31;;;0;0;0.0;;;0.0;0.0;0.0;0.0;0.0;4.44;0.0;0.0
108340;605307;2019-04-11;FRC;M19;;;42;70831;13575090284.0;;;3.46;3.45;3.49;3.47;3.49;3.48;3.48;3.52
108341;605308;2019-04-11;FRC;N19;;;11;24589;4706251496.0;;;3.45;3.45;3.48;3.47;3.48;3.48;3.48;3.5
108342;605309;2019-04-11;FRC;Q19;;;5;67622;12922939881.0;;;3.5;3.5;3.5;3.5;3.5;3.53;0.0;0.0
108343;605310;2019-04-11;FRC;U19;;;0;0;0.0;;;0.0;0.0;0.0;0.0;0.0;3.49;0.0;0.0
108344;605311;2019-04-11;FRC;V19;;;13;15290;2913127767.0;;;3.55;3.54;3.55;3.54;3.54;3.54;3.53;3.57
108345;605312;2019-04-11;FRC;X19;;;25;24773;4712182239.0;;;3.58;3.58;3.61;3.58;3.61;3.58;3.59;3.63
108346;605313;2019-04-11;FRC;Z19;;;3;792;150409513.0;;;3.6;3.6;3.62;3.61;3.62;3.61;0.0;0.0
108347;605314;2019-04-11;FRC;F20;;;9;26871;5094504336.0;;;3.64;3.64;3.66;3.64;3.65;3.66;3.64;3.7
108348;605315;2019-04-11;FRC;G20;;;9;4536;858505071.0;;;3.68;3.68;3.68;3.68;3.68;3.68;0.0;0.0
108349;605316;2019-04-11;FRC;H20;;;2;1970;372296577.0;;;3.7;3.7;3.7;3.7;3.7;3.7;0.0;0.0
108350;605317;2019-04-11;FRC;J20;;;22;26749;5047304979.0;;;3.68;3.68;3.71;3.7;3.71;3.71;0.0;0.0
108351;605318;2019-04-11;FRC;K20;;;0;0;0.0;;;0.0;0.0;0.0;0.0;0.0;3.71;3.69;0.0
108352;605319;2019-04-11;FRC;N20;;;2;1332;250168729.0;;;3.72;3.72;3.72;3.72;3.72;3.73;0.0;0.0
108353;605320;2019-04-11;FRC;V20;;;17;5733;1071693142.0;;;3.69;3.69;3.73;3.72;3.73;3.73;0.0;0.0
108354;605321;2019-04-11;FRC;F21;;;25;25541;4753132958.0;;;3.68;3.68;3.71;3.69;3.7;3.71;3.69;3.71
108355;605322;2019-04-11;FRC;J21;;;5;6763;1252962513.0;;;3.71;3.71;3.71;3.71;3.71;3.71;0.0;0.0
108356;605323;2019-04-11;FRC;N21;;;2;1982;365548746.0;;;3.71;3.71;3.71;3.71;3.71;3.71;0.0;0.0
108357;605324;2019-04-11;FRC;V21;;;3;767;140841412.0;;;3.7;3.7;3.7;3.7;3.7;3.7;0.0;0.0
108358;605325;2019-04-11;FRC;F22;;;9;2292;419051581.0;;;3.68;3.68;3.68;3.68;3.68;3.68;0.0;0.0
108359;605326;2019-04-11;FRC;J22;;;2;76;13840642.0;;;3.65;3.65;3.65;3.65;3.65;3.69;0.0;0.0
108360;605327;2019-04-11;FRC;N22;;;0;0;0.0;;;0.0;0.0;0.0;0.0;0.0;3.68;0.0;0.0
108361;605328;2019-04-11;FRC;V22;;;0;0;0.0;;;0.0;0.0;0.0;0.0;0.0;3.68;0.0;0.0
108362;605329;2019-04-11;FRC;F23;;;4;602;108139271.0;;;3.69;3.69;3.69;3.69;3.69;3.69;0.0;0.0
108363;605330;2019-04-11;FRC;J23;;;0;0;0.0;;;0.0;0.0;0.0;0.0;0.0;3.72;0.0;0.0
108364;605331;2019-04-11;FRC;N23;;;2;75;13358430.0;;;3.7;3.7;3.7;3.7;3.7;3.72;0.0;0.0
108365;605332;2019-04-11;FRC;V23;;;4;391;69264724.0;;;3.73;3.73;3.75;3.74;3.75;3.73;0.0;0.0
108366;605333;2019-04-11;FRC;F24;;;6;1295;228320837.0;;;3.75;3.75;3.75;3.75;3.75;3.75;0.0;0.0
108367;605334;2019-04-11;FRC;J24;;;0;0;0.0;;;0.0;0.0;0.0;0.0;0.0;3.79;0.0;0.0
108368;605335;2019-04-11;FRC;N24;;;0;0;0.0;;;0.0;0.0;0.0;0.0;0.0;3.79;0.0;0.0
108369;605336;2019-04-11;FRC;F25;;;7;1164;201426665.0;;;3.78;3.78;3.81;3.79;3.79;3.79;0.0;0.0
108370;605337;2019-04-11;FRC;N25;;;2;181;31036700.0;;;3.83;3.83;3.83;3.83;3.83;3.82;0.0;0.0
108371;605338;2019-04-11;FRC;F26;;;0;0;0.0;;;0.0;0.0;0.0;0.0;0.0;3.86;0.0;0.0
108372;605339;2019-04-11;FRC;N26;;;0;0;0.0;;;0.0;0.0;0.0;0.0;0.0;3.9;0.0;0.0
108373;605340;2019-04-11;FRC;F27;;;0;0;0.0;;;0.0;0.0;0.0;0.0;0.0;3.98;0.0;0.0
108374;605341;2019-04-11;FRC;F28;;;0;0;0.0;;;0.0;0.0;0.0;0.0;0.0;4.13;0.0;0.0
108375;605342;2019-04-11;FRC;F29;;;0;0;0.0;;;0.0;0.0;0.0;0.0;0.0;4.26;0.0;0.0
108376;605343;2019-04-11;FRC;F30;;;0;0;0.0;;;0.0;0.0;0.0;0.0;0.0;4.37;0.0;0.0
108377;605344;2019-04-11;FRC;F31;;;0;0;0.0;;;0.0;0.0;0.0;0.0;0.0;4.43;0.0;0.0
108378;605518;2019-04-12;FRC;M19;;;31;51116;9832389211.0;;;3.5;3.5;3.56;3.53;3.56;3.55;0.0;0.0
108379;605519;2019-04-12;FRC;N19;;;28;27538;5289803558.0;;;3.51;3.51;3.56;3.53;3.56;3.55;0.0;3.56
108380;605520;2019-04-12;FRC;Q19;;;10;11347;2176141921.0;;;3.6;3.6;3.6;3.6;3.6;3.6;0.0;0.0
108381;605521;2019-04-12;FRC;U19;;;10;5766;1104145988.0;;;3.56;3.56;3.56;3.56;3.56;3.56;0.0;0.0
108382;605522;2019-04-12;FRC;V19;;;16;13524;2585890078.0;;;3.6;3.58;3.6;3.59;3.6;3.6;0.0;0.0
108383;605523;2019-04-12;FRC;X19;;;11;17440;3329026153.0;;;3.64;3.64;3.66;3.64;3.66;3.64;0.0;0.0
108384;605524;2019-04-12;FRC;Z19;;;9;8114;1546310799.0;;;3.67;3.67;3.68;3.67;3.67;3.67;0.0;0.0
108385;605525;2019-04-12;FRC;F20;;;5;1799;342243749.0;;;3.72;3.7;3.73;3.72;3.73;3.73;3.74;3.75
108386;605526;2019-04-12;FRC;G20;;;8;3745;711190730.0;;;3.72;3.72;3.76;3.75;3.76;3.76;0.0;0.0
108387;605527;2019-04-12;FRC;H20;;;5;3151;597472897.0;;;3.78;3.78;3.78;3.78;3.78;3.78;0.0;0.0
108388;605528;2019-04-12;FRC;J20;;;32;24482;4634679792.0;;;3.76;3.72;3.8;3.79;3.8;3.8;0.0;0.0
108389;605529;2019-04-12;FRC;K20;;;8;7007;1324386449.0;;;3.76;3.72;3.8;3.76;3.8;3.8;0.0;0.0
108390;605530;2019-04-12;FRC;N20;;;9;11259;2122139053.0;;;3.73;3.73;3.82;3.74;3.82;3.82;0.0;0.0
108391;605531;2019-04-12;FRC;V20;;;2;312;58528799.0;;;3.75;3.75;3.76;3.75;3.76;3.82;0.0;0.0
108392;605532;2019-04-12;FRC;F21;;;18;14413;2690524932.0;;;3.71;3.71;3.81;3.76;3.8;3.8;3.76;3.8
108393;605533;2019-04-12;FRC;J21;;;1;193;35856852.0;;;3.8;3.8;3.8;3.8;3.8;3.8;0.0;0.0
108394;605534;2019-04-12;FRC;N21;;;0;0;0.0;;;0.0;0.0;0.0;0.0;0.0;3.8;0.0;0.0
108395;605535;2019-04-12;FRC;V21;;;1;192;35380652.0;;;3.72;3.72;3.72;3.72;3.72;3.79;0.0;3.79
108396;605536;2019-04-12;FRC;F22;;;10;2309;423237641.0;;;3.77;3.75;3.77;3.76;3.77;3.77;0.0;0.0
108397;605537;2019-04-12;FRC;J22;;;4;1140;208065633.0;;;3.76;3.76;3.76;3.76;3.76;3.76;0.0;0.0
108398;605538;2019-04-12;FRC;N22;;;1;189;34332962.0;;;3.77;3.77;3.77;3.77;3.77;3.77;0.0;0.0
108399;605539;2019-04-12;FRC;V22;;;1;188;33990747.0;;;3.77;3.77;3.77;3.77;3.77;3.77;0.0;0.0
108400;605540;2019-04-12;FRC;F23;;;4;638;114877803.0;;;3.77;3.75;3.77;3.75;3.77;3.77;0.0;3.77
108401;605541;2019-04-12;FRC;J23;;;1;187;33505045.0;;;3.79;3.79;3.79;3.79;3.79;3.79;0.0;0.0
108402;605542;2019-04-12;FRC;N23;;;1;186;33168013.0;;;3.8;3.8;3.8;3.8;3.8;3.8;0.0;0.0
108403;605543;2019-04-12;FRC;V23;;;0;0;0.0;;;0.0;0.0;0.0;0.0;0.0;3.81;0.0;0.0
108404;605544;2019-04-12;FRC;F24;;;2;370;65369618.0;;;3.83;3.83;3.83;3.83;3.83;3.83;0.0;0.0
108405;605545;2019-04-12;FRC;J24;;;0;0;0.0;;;0.0;0.0;0.0;0.0;0.0;3.87;0.0;0.0
108406;605546;2019-04-12;FRC;N24;;;0;0;0.0;;;0.0;0.0;0.0;0.0;0.0;3.88;0.0;0.0
108407;605547;2019-04-12;FRC;F25;;;2;364;63084876.0;;;3.89;3.89;3.89;3.89;3.89;3.89;0.0;0.0
108408;605548;2019-04-12;FRC;N25;;;0;0;0.0;;;0.0;0.0;0.0;0.0;0.0;3.92;0.0;0.0
108409;605549;2019-04-12;FRC;F26;;;0;0;0.0;;;0.0;0.0;0.0;0.0;0.0;3.96;0.0;0.0
108410;605550;2019-04-12;FRC;N26;;;0;0;0.0;;;0.0;0.0;0.0;0.0;0.0;4.0;0.0;0.0
108411;605551;2019-04-12;FRC;F27;;;0;0;0.0;;;0.0;0.0;0.0;0.0;0.0;4.08;0.0;0.0
108412;605552;2019-04-12;FRC;F28;;;0;0;0.0;;;0.0;0.0;0.0;0.0;0.0;4.23;0.0;0.0
108413;605553;2019-04-12;FRC;F29;;;0;0;0.0;;;0.0;0.0;0.0;0.0;0.0;4.36;0.0;0.0
108414;605554;2019-04-12;FRC;F30;;;0;0;0.0;;;0.0;0.0;0.0;0.0;0.0;4.47;0.0;0.0
108415;605555;2019-04-12;FRC;F31;;;0;0;0.0;;;0.0;0.0;0.0;0.0;0.0;4.53;0.0;0.0
108416;605730;2019-04-15;FRC;M19;;;41;68593;13224511619.0;;;3.55;3.55;3.59;3.57;3.59;3.59;0.0;3.62
108417;605731;2019-04-15;FRC;N19;;;12;16012;3082712488.0;;;3.6;3.6;3.6;3.6;3.6;3.6;3.58;0.0
108418;605732;2019-04-15;FRC;Q19;;;27;18310;3519448072.0;;;3.62;3.62;3.65;3.64;3.65;3.65;3.64;0.0
108419;605733;2019-04-15;FRC;U19;;;0;0;0.0;;;0.0;0.0;0.0;0.0;0.0;3.6;3.59;0.0
108420;605734;2019-04-15;FRC;V19;;;23;18651;3574140032.0;;;3.6;3.6;3.65;3.63;3.65;3.64;0.0;3.67
108421;605735;2019-04-15;FRC;X19;;;0;0;0.0;;;0.0;0.0;0.0;0.0;0.0;3.68;3.67;3.72
108422;605736;2019-04-15;FRC;Z19;;;1;2968;566925134.0;;;3.68;3.68;3.68;3.68;3.68;3.71;0.0;0.0
108423;605737;2019-04-15;FRC;F20;;;20;21376;4075883056.0;;;3.73;3.72;3.76;3.73;3.76;3.76;0.0;0.0
108424;605738;2019-04-15;FRC;G20;;;8;4336;825235420.0;;;3.79;3.79;3.79;3.79;3.79;3.79;0.0;0.0
108425;605739;2019-04-15;FRC;H20;;;0;0;0.0;;;0.0;0.0;0.0;0.0;0.0;3.81;0.0;0.0
108426;605740;2019-04-15;FRC;J20;;;35;29861;5665168570.0;;;3.8;3.8;3.83;3.82;3.83;3.83;0.0;0.0
108427;605741;2019-04-15;FRC;K20;;;0;0;0.0;;;0.0;0.0;0.0;0.0;0.0;3.83;0.0;3.83
108428;605742;2019-04-15;FRC;N20;;;7;1372;259040740.0;;;3.85;3.85;3.85;3.85;3.85;3.85;0.0;3.85
108429;605743;2019-04-15;FRC;V20;;;10;1793;336915031.0;;;3.81;3.81;3.85;3.84;3.85;3.85;3.8;3.84
108430;605744;2019-04-15;FRC;F21;;;17;5101;953921026.0;;;3.83;3.82;3.83;3.82;3.82;3.83;3.8;3.82
108431;605745;2019-04-15;FRC;J21;;;0;0;0.0;;;0.0;0.0;0.0;0.0;0.0;3.83;3.8;0.0
108432;605746;2019-04-15;FRC;N21;;;0;0;0.0;;;0.0;0.0;0.0;0.0;0.0;3.83;0.0;0.0
108433;605747;2019-04-15;FRC;V21;;;4;956;176338283.0;;;3.82;3.82;3.82;3.82;3.82;3.82;0.0;3.82
108434;605748;2019-04-15;FRC;F22;;;13;3435;630890037.0;;;3.79;3.79;3.8;3.79;3.8;3.79;0.0;0.0
108435;605749;2019-04-15;FRC;J22;;;0;0;0.0;;;0.0;0.0;0.0;0.0;0.0;3.78;0.0;0.0
108436;605750;2019-04-15;FRC;N22;;;0;0;0.0;;;0.0;0.0;0.0;0.0;0.0;3.79;0.0;0.0
108437;605751;2019-04-15;FRC;V22;;;0;0;0.0;;;0.0;0.0;0.0;0.0;0.0;3.78;0.0;0.0
108438;605752;2019-04-15;FRC;F23;;;9;2067;372949311.0;;;3.78;3.78;3.78;3.78;3.78;3.78;0.0;0.0
108439;605753;2019-04-15;FRC;J23;;;0;0;0.0;;;0.0;0.0;0.0;0.0;0.0;3.8;0.0;0.0
108440;605754;2019-04-15;FRC;N23;;;0;0;0.0;;;0.0;0.0;0.0;0.0;0.0;3.81;0.0;0.0
108441;605755;2019-04-15;FRC;V23;;;0;0;0.0;;;0.0;0.0;0.0;0.0;0.0;3.82;0.0;0.0
108442;605756;2019-04-15;FRC;F24;;;3;555;98240954.0;;;3.85;3.85;3.85;3.85;3.85;3.85;0.0;0.0
108443;605757;2019-04-15;FRC;J24;;;0;0;0.0;;;0.0;0.0;0.0;0.0;0.0;3.88;0.0;0.0
108444;605758;2019-04-15;FRC;N24;;;0;0;0.0;;;0.0;0.0;0.0;0.0;0.0;3.88;0.0;0.0
108445;605759;2019-04-15;FRC;F25;;;3;546;94867936.0;;;3.88;3.88;3.88;3.88;3.88;3.88;0.0;0.0
108446;605760;2019-04-15;FRC;N25;;;0;0;0.0;;;0.0;0.0;0.0;0.0;0.0;3.92;0.0;0.0
108447;605761;2019-04-15;FRC;F26;;;0;0;0.0;;;0.0;0.0;0.0;0.0;0.0;3.97;0.0;0.0
108448;605762;2019-04-15;FRC;N26;;;0;0;0.0;;;0.0;0.0;0.0;0.0;0.0;4.02;0.0;0.0
108449;605763;2019-04-15;FRC;F27;;;0;0;0.0;;;0.0;0.0;0.0;0.0;0.0;4.12;0.0;0.0
108450;605764;2019-04-15;FRC;F28;;;0;0;0.0;;;0.0;0.0;0.0;0.0;0.0;4.27;0.0;0.0
108451;605765;2019-04-15;FRC;F29;;;0;0;0.0;;;0.0;0.0;0.0;0.0;0.0;4.4;0.0;0.0
108452;605766;2019-04-15;FRC;F30;;;0;0;0.0;;;0.0;0.0;0.0;0.0;0.0;4.51;0.0;0.0
108453;605767;2019-04-15;FRC;F31;;;0;0;0.0;;;0.0;0.0;0.0;0.0;0.0;4.57;0.0;0.0
108454;605942;2019-04-16;FRC;M19;;;66;138518;26821425076.0;;;3.61;3.55;3.63;3.58;3.58;3.59;0.0;0.0
108455;605943;2019-04-16;FRC;N19;;;46;135588;26216814272.0;;;3.6;3.58;3.63;3.61;3.63;3.63;0.0;0.0
108456;605944;2019-04-16;FRC;Q19;;;13;9950;1920787592.0;;;3.65;3.65;3.67;3.66;3.67;3.67;0.0;0.0
108457;605945;2019-04-16;FRC;U19;;;6;2784;536582856.0;;;3.65;3.65;3.65;3.65;3.65;3.65;0.0;0.0
108458;605946;2019-04-16;FRC;V19;;;21;9915;1908103867.0;;;3.65;3.65;3.67;3.66;3.67;3.67;0.0;0.0
108459;605947;2019-04-16;FRC;X19;;;11;11096;2131888938.0;;;3.69;3.68;3.71;3.69;3.71;3.71;3.71;0.0
108460;605948;2019-04-16;FRC;Z19;;;2;2077;398414426.0;;;3.72;3.71;3.72;3.71;3.71;3.74;0.0;0.0
108461;605949;2019-04-16;FRC;F20;;;27;33169;6351622656.0;;;3.77;3.74;3.77;3.75;3.75;3.79;3.77;0.0
108462;605950;2019-04-16;FRC;G20;;;4;3943;753653436.0;;;3.79;3.79;3.82;3.8;3.82;3.82;0.0;0.0
108463;605951;2019-04-16;FRC;H20;;;0;0;0.0;;;0.0;0.0;0.0;0.0;0.0;3.83;3.8;0.0
108464;605952;2019-04-16;FRC;J20;;;54;60666;11559864635.0;;;3.83;3.8;3.86;3.81;3.86;3.84;3.82;3.85
108465;605953;2019-04-16;FRC;K20;;;0;0;0.0;;;0.0;0.0;0.0;0.0;0.0;3.84;0.0;0.0
108466;605954;2019-04-16;FRC;N20;;;4;1565;296731747.0;;;3.86;3.86;3.86;3.86;3.86;3.86;0.0;0.0
108467;605955;2019-04-16;FRC;V20;;;9;3504;661208685.0;;;3.83;3.83;3.86;3.85;3.86;3.86;0.0;0.0
108468;605956;2019-04-16;FRC;F21;;;20;29007;5447977833.0;;;3.83;3.82;3.83;3.82;3.82;3.83;3.81;3.82
108469;605957;2019-04-16;FRC;J21;;;0;0;0.0;;;0.0;0.0;0.0;0.0;0.0;3.83;3.78;0.0
108470;605958;2019-04-16;FRC;N21;;;0;0;0.0;;;0.0;0.0;0.0;0.0;0.0;3.83;0.0;0.0
108471;605959;2019-04-16;FRC;V21;;;0;0;0.0;;;0.0;0.0;0.0;0.0;0.0;3.82;0.0;0.0
108472;605960;2019-04-16;FRC;F22;;;4;4194;773690902.0;;;3.79;3.78;3.79;3.78;3.78;3.79;0.0;3.79
108473;605961;2019-04-16;FRC;J22;;;0;0;0.0;;;0.0;0.0;0.0;0.0;0.0;3.77;0.0;0.0
108474;605962;2019-04-16;FRC;N22;;;3;567;103685839.0;;;3.77;3.77;3.77;3.77;3.77;3.77;0.0;0.0
108475;605963;2019-04-16;FRC;V22;;;0;0;0.0;;;0.0;0.0;0.0;0.0;0.0;3.77;0.0;0.0
108476;605964;2019-04-16;FRC;F23;;;6;7883;1428401230.0;;;3.77;3.77;3.78;3.77;3.78;3.77;0.0;0.0
108477;605965;2019-04-16;FRC;J23;;;0;0;0.0;;;0.0;0.0;0.0;0.0;0.0;3.79;0.0;0.0
108478;605966;2019-04-16;FRC;N23;;;0;0;0.0;;;0.0;0.0;0.0;0.0;0.0;3.8;0.0;0.0
108479;605967;2019-04-16;FRC;V23;;;0;0;0.0;;;0.0;0.0;0.0;0.0;0.0;3.81;0.0;0.0
108480;605968;2019-04-16;FRC;F24;;;1;185;32895721.0;;;3.84;3.84;3.84;3.84;3.84;3.84;0.0;0.0
108481;605969;2019-04-16;FRC;J24;;;0;0;0.0;;;0.0;0.0;0.0;0.0;0.0;3.88;0.0;0.0
108482;605970;2019-04-16;FRC;N24;;;0;0;0.0;;;0.0;0.0;0.0;0.0;0.0;3.89;0.0;0.0
108483;605971;2019-04-16;FRC;F25;;;2;364;63489607.0;;;3.9;3.9;3.9;3.9;3.9;3.9;0.0;0.0
108484;605972;2019-04-16;FRC;N25;;;0;0;0.0;;;0.0;0.0;0.0;0.0;0.0;3.94;0.0;0.0
108485;605973;2019-04-16;FRC;F26;;;3;537;91806665.0;;;3.98;3.98;3.98;3.98;3.98;3.98;0.0;0.0
108486;605974;2019-04-16;FRC;N26;;;0;0;0.0;;;0.0;0.0;0.0;0.0;0.0;4.03;0.0;0.0
108487;605975;2019-04-16;FRC;F27;;;0;0;0.0;;;0.0;0.0;0.0;0.0;0.0;4.13;0.0;0.0
108488;605976;2019-04-16;FRC;F28;;;0;0;0.0;;;0.0;0.0;0.0;0.0;0.0;4.27;0.0;0.0
108489;605977;2019-04-16;FRC;F29;;;0;0;0.0;;;0.0;0.0;0.0;0.0;0.0;4.4;0.0;0.0
108490;605978;2019-04-16;FRC;F30;;;0;0;0.0;;;0.0;0.0;0.0;0.0;0.0;4.51;0.0;0.0
108491;605979;2019-04-16;FRC;F31;;;0;0;0.0;;;0.0;0.0;0.0;0.0;0.0;4.57;0.0;0.0
108492;606153;2019-04-17;FRC;M19;;;158;227908;44442916735.0;;;3.59;3.53;3.62;3.55;3.54;3.54;0.0;0.0
108493;606154;2019-04-17;FRC;N19;;;36;23536;4583117797.0;;;3.65;3.56;3.65;3.59;3.58;3.58;3.56;0.0
108494;606155;2019-04-17;FRC;Q19;;;16;10947;2128214635.0;;;3.69;3.63;3.69;3.65;3.63;3.63;0.0;0.0
108495;606156;2019-04-17;FRC;U19;;;12;9145;1775175440.0;;;3.61;3.61;3.61;3.61;3.61;3.61;0.0;0.0
108496;606157;2019-04-17;FRC;V19;;;17;19408;3761598389.0;;;3.67;3.63;3.67;3.64;3.63;3.63;3.63;0.0
108497;606158;2019-04-17;FRC;X19;;;16;11158;2159128556.0;;;3.67;3.67;3.67;3.67;3.67;3.67;3.67;3.68
108498;606159;2019-04-17;FRC;Z19;;;29;7720;1491298634.0;;;3.76;3.7;3.76;3.72;3.7;3.7;0.0;3.7
108499;606160;2019-04-17;FRC;F20;;;31;41806;8061076209.0;;;3.79;3.73;3.81;3.78;3.74;3.74;0.0;0.0
108500;606161;2019-04-17;FRC;G20;;;19;7293;1404084702.0;;;3.84;3.74;3.84;3.75;3.74;3.75;3.73;3.76
108501;606162;2019-04-17;FRC;H20;;;10;3743;719518747.0;;;3.85;3.76;3.85;3.78;3.76;3.77;3.74;3.76
108502;606163;2019-04-17;FRC;J20;;;46;44550;8549814910.0;;;3.88;3.77;3.88;3.79;3.77;3.77;3.76;3.77
108503;606164;2019-04-17;FRC;K20;;;0;0;0.0;;;0.0;0.0;0.0;0.0;0.0;3.77;0.0;3.78
108504;606165;2019-04-17;FRC;N20;;;0;0;0.0;;;0.0;0.0;0.0;0.0;0.0;3.79;3.75;0.0
108505;606166;2019-04-17;FRC;V20;;;2;116;22042828.0;;;3.83;3.83;3.83;3.83;3.83;3.79;3.75;3.81
108506;606167;2019-04-17;FRC;F21;;;10;9112;1723350637.0;;;3.86;3.77;3.86;3.83;3.77;3.77;3.75;0.0
108507;606168;2019-04-17;FRC;J21;;;0;0;0.0;;;0.0;0.0;0.0;0.0;0.0;3.77;0.0;0.0
108508;606169;2019-04-17;FRC;N21;;;3;576;108028853.0;;;3.76;3.76;3.76;3.76;3.76;3.76;0.0;0.0
108509;606170;2019-04-17;FRC;V21;;;0;0;0.0;;;0.0;0.0;0.0;0.0;0.0;3.75;0.0;0.0
108510;606171;2019-04-17;FRC;F22;;;10;8010;1488243478.0;;;3.79;3.73;3.79;3.77;3.73;3.73;0.0;0.0
108511;606172;2019-04-17;FRC;J22;;;2;2470;456959149.0;;;3.77;3.77;3.77;3.77;3.77;3.71;0.0;0.0
108512;606173;2019-04-17;FRC;N22;;;1;189;34831121.0;;;3.72;3.72;3.72;3.72;3.72;3.72;0.0;0.0
108513;606174;2019-04-17;FRC;V22;;;3;2921;535488654.0;;;3.77;3.77;3.77;3.77;3.77;3.72;0.0;0.0
108514;606175;2019-04-17;FRC;F23;;;6;2441;445609737.0;;;3.78;3.72;3.78;3.75;3.72;3.72;3.7;0.0
108515;606176;2019-04-17;FRC;J23;;;2;748;135865946.0;;;3.79;3.79;3.79;3.79;3.79;3.74;0.0;0.0
108516;606177;2019-04-17;FRC;N23;;;0;0;0.0;;;0.0;0.0;0.0;0.0;0.0;3.75;0.0;0.0
108517;606178;2019-04-17;FRC;V23;;;0;0;0.0;;;0.0;0.0;0.0;0.0;0.0;3.76;0.0;0.0
108518;606179;2019-04-17;FRC;F24;;;9;4800;859535823.0;;;3.84;3.79;3.84;3.83;3.79;3.79;0.0;3.79
108519;606180;2019-04-17;FRC;J24;;;1;184;32813342.0;;;3.82;3.82;3.82;3.82;3.82;3.82;0.0;0.0
108520;606181;2019-04-17;FRC;N24;;;0;0;0.0;;;0.0;0.0;0.0;0.0;0.0;3.83;0.0;0.0
108521;606182;2019-04-17;FRC;F25;;;4;619;108862024.0;;;3.85;3.85;3.85;3.85;3.85;3.85;0.0;0.0
108522;606183;2019-04-17;FRC;N25;;;0;0;0.0;;;0.0;0.0;0.0;0.0;0.0;3.89;0.0;0.0
108523;606184;2019-04-17;FRC;F26;;;4;591;101895226.0;;;3.93;3.93;3.93;3.93;3.93;3.93;0.0;0.0
108524;606185;2019-04-17;FRC;N26;;;0;0;0.0;;;0.0;0.0;0.0;0.0;0.0;3.98;0.0;0.0
108525;606186;2019-04-17;FRC;F27;;;2;352;59335609.0;;;4.08;4.08;4.08;4.08;4.08;4.08;0.0;0.0
108526;606187;2019-04-17;FRC;F28;;;0;0;0.0;;;0.0;0.0;0.0;0.0;0.0;4.22;0.0;0.0
108527;606188;2019-04-17;FRC;F29;;;2;340;54743574.0;;;4.34;4.34;4.34;4.34;4.34;4.34;0.0;0.0
108528;606189;2019-04-17;FRC;F30;;;0;0;0.0;;;0.0;0.0;0.0;0.0;0.0;4.45;0.0;0.0
108529;606190;2019-04-17;FRC;F31;;;0;0;0.0;;;0.0;0.0;0.0;0.0;0.0;4.51;0.0;0.0
108530;606364;2019-04-18;FRC;M19;;;92;179884;35159164290.0;;;3.54;3.53;3.61;3.55;3.53;3.53;0.0;3.53
108531;606365;2019-04-18;FRC;N19;;;38;49410;9643764486.0;;;3.59;3.57;3.62;3.59;3.57;3.57;0.0;3.6
108532;606366;2019-04-18;FRC;Q19;;;17;22297;4344959631.0;;;3.67;3.63;3.67;3.63;3.63;3.63;0.0;0.0
108533;606367;2019-04-18;FRC;U19;;;0;0;0.0;;;0.0;0.0;0.0;0.0;0.0;3.61;0.0;0.0
108534;606368;2019-04-18;FRC;V19;;;22;25996;5050138591.0;;;3.64;3.63;3.66;3.64;3.63;3.63;0.0;3.65
108535;606369;2019-04-18;FRC;X19;;;8;36658;7109694683.0;;;3.7;3.68;3.7;3.68;3.68;3.68;0.0;0.0
108536;606370;2019-04-18;FRC;Z19;;;10;7124;1379518097.0;;;3.68;3.68;3.68;3.68;3.68;3.68;0.0;3.7
108537;606371;2019-04-18;FRC;F20;;;30;8263;1597280749.0;;;3.77;3.73;3.77;3.73;3.73;3.73;0.0;0.0
108538;606372;2019-04-18;FRC;G20;;;9;4694;905851054.0;;;3.76;3.73;3.76;3.74;3.73;3.73;0.0;0.0
108539;606373;2019-04-18;FRC;H20;;;1;985;189809796.0;;;3.75;3.75;3.75;3.75;3.75;3.75;0.0;3.75
108540;606374;2019-04-18;FRC;J20;;;51;44517;8564715167.0;;;3.77;3.74;3.77;3.76;3.76;3.76;0.0;3.76
108541;606375;2019-04-18;FRC;K20;;;11;4613;886054046.0;;;3.77;3.75;3.77;3.75;3.75;3.75;3.74;3.76
108542;606376;2019-04-18;FRC;N20;;;20;5973;1143780907.0;;;3.79;3.77;3.79;3.77;3.77;3.77;0.0;0.0
108543;606377;2019-04-18;FRC;V20;;;28;8812;1679762095.0;;;3.78;3.75;3.78;3.75;3.75;3.75;0.0;0.0
108544;606378;2019-04-18;FRC;F21;;;23;18410;3492572801.0;;;3.76;3.73;3.77;3.74;3.73;3.73;0.0;0.0
108545;606379;2019-04-18;FRC;J21;;;4;579;109363698.0;;;3.77;3.73;3.77;3.74;3.73;3.73;0.0;0.0
108546;606380;2019-04-18;FRC;N21;;;4;422;79344830.0;;;3.76;3.72;3.76;3.73;3.72;3.72;0.0;0.0
108547;606381;2019-04-18;FRC;V21;;;3;1150;215337234.0;;;3.71;3.71;3.71;3.71;3.71;3.71;0.0;0.0
108548;606382;2019-04-18;FRC;F22;;;17;9162;1707581414.0;;;3.72;3.7;3.73;3.71;3.7;3.7;0.0;0.0
108549;606383;2019-04-18;FRC;J22;;;0;0;0.0;;;0.0;0.0;0.0;0.0;0.0;3.68;0.0;0.0
108550;606384;2019-04-18;FRC;N22;;;1;189;34927161.0;;;3.69;3.69;3.69;3.69;3.69;3.69;0.0;0.0
108551;606385;2019-04-18;FRC;V22;;;0;0;0.0;;;0.0;0.0;0.0;0.0;0.0;3.7;0.0;0.0
108552;606386;2019-04-18;FRC;F23;;;9;1955;358048343.0;;;3.72;3.7;3.72;3.7;3.7;3.7;0.0;0.0
108553;606387;2019-04-18;FRC;J23;;;2;824;150215133.0;;;3.72;3.72;3.72;3.72;3.72;3.72;0.0;0.0
108554;606388;2019-04-18;FRC;N23;;;0;0;0.0;;;0.0;0.0;0.0;0.0;0.0;3.73;0.0;0.0
108555;606389;2019-04-18;FRC;V23;;;2;743;134190742.0;;;3.75;3.75;3.75;3.75;3.75;3.74;0.0;0.0
108556;606390;2019-04-18;FRC;F24;;;7;4215;757634176.0;;;3.77;3.76;3.77;3.76;3.76;3.76;0.0;0.0
108557;606391;2019-04-18;FRC;J24;;;2;1564;279675110.0;;;3.8;3.8;3.8;3.8;3.8;3.79;0.0;0.0
108558;606392;2019-04-18;FRC;N24;;;2;550;97900767.0;;;3.81;3.81;3.81;3.81;3.81;3.8;0.0;0.0
108559;606393;2019-04-18;FRC;F25;;;7;2366;417113404.0;;;3.85;3.82;3.85;3.84;3.82;3.83;0.0;0.0
108560;606394;2019-04-18;FRC;N25;;;0;0;0.0;;;0.0;0.0;0.0;0.0;0.0;3.87;0.0;0.0
108561;606395;2019-04-18;FRC;F26;;;3;1074;185683763.0;;;3.91;3.91;3.91;3.91;3.91;3.92;0.0;0.0
108562;606396;2019-04-18;FRC;N26;;;0;0;0.0;;;0.0;0.0;0.0;0.0;0.0;3.97;0.0;0.0
108563;606397;2019-04-18;FRC;F27;;;4;1056;178443112.0;;;4.08;4.05;4.08;4.07;4.05;4.08;0.0;0.0
108564;606398;2019-04-18;FRC;F28;;;0;0;0.0;;;0.0;0.0;0.0;0.0;0.0;4.21;0.0;0.0
108565;606399;2019-04-18;FRC;F29;;;2;511;82586324.0;;;4.31;4.31;4.31;4.31;4.31;4.31;0.0;0.0
108566;606400;2019-04-18;FRC;F30;;;0;0;0.0;;;0.0;0.0;0.0;0.0;0.0;4.42;0.0;0.0
108567;606401;2019-04-18;FRC;F31;;;0;0;0.0;;;0.0;0.0;0.0;0.0;0.0;4.48;0.0;0.0
108579;606584;2019-04-22;FRC;M19;;;194;241332;47359491382.0;;;3.54;3.48;3.56;3.53;3.56;3.48;0.0;3.56
108580;606585;2019-04-22;FRC;N19;;;24;39880;7815337274.0;;;3.57;3.54;3.57;3.54;3.54;3.54;0.0;0.0
108581;606586;2019-04-22;FRC;Q19;;;13;7363;1440610673.0;;;3.61;3.61;3.61;3.61;3.61;3.61;3.61;0.0
108582;606587;2019-04-22;FRC;U19;;;9;5368;1048646314.0;;;3.59;3.59;3.59;3.59;3.59;3.59;0.0;0.0
108583;606588;2019-04-22;FRC;V19;;;31;18414;3591725917.0;;;3.64;3.62;3.65;3.62;3.62;3.62;0.0;0.0
108584;606589;2019-04-22;FRC;X19;;;11;8720;1698058385.0;;;3.67;3.67;3.67;3.67;3.67;3.67;0.0;0.0
108585;606590;2019-04-22;FRC;Z19;;;11;7125;1385340121.0;;;3.66;3.66;3.66;3.66;3.66;3.66;0.0;0.0
108586;606591;2019-04-22;FRC;F20;;;16;13849;2687968356.0;;;3.73;3.71;3.73;3.71;3.71;3.71;3.7;0.0
108587;606592;2019-04-22;FRC;G20;;;7;2009;389300148.0;;;3.72;3.71;3.72;3.71;3.71;3.71;0.0;0.0
108588;606593;2019-04-22;FRC;H20;;;3;512;99064913.0;;;3.75;3.73;3.75;3.73;3.73;3.73;0.0;0.0
108589;606594;2019-04-22;FRC;J20;;;27;26014;5025488007.0;;;3.76;3.74;3.76;3.74;3.74;3.74;0.0;0.0
108590;606595;2019-04-22;FRC;K20;;;2;2120;408839568.0;;;3.75;3.75;3.78;3.75;3.78;3.73;0.0;0.0
108591;606596;2019-04-22;FRC;N20;;;9;3133;602458056.0;;;3.74;3.74;3.74;3.74;3.74;3.74;0.0;0.0
108592;606597;2019-04-22;FRC;V20;;;15;4582;877001399.0;;;3.74;3.74;3.74;3.74;3.74;3.74;0.0;0.0
108593;606598;2019-04-22;FRC;F21;;;9;4074;776285805.0;;;3.7;3.7;3.7;3.7;3.7;3.7;3.69;0.0
108594;606599;2019-04-22;FRC;J21;;;3;579;109856245.0;;;3.69;3.69;3.69;3.69;3.69;3.69;0.0;0.0
108595;606600;2019-04-22;FRC;N21;;;0;0;0.0;;;0.0;0.0;0.0;0.0;0.0;3.68;0.0;0.0
108596;606601;2019-04-22;FRC;V21;;;2;383;72025709.0;;;3.68;3.68;3.68;3.68;3.68;3.67;0.0;0.0
108597;606602;2019-04-22;FRC;F22;;;4;1394;261001065.0;;;3.67;3.67;3.67;3.67;3.67;3.67;3.66;0.0
108598;606603;2019-04-22;FRC;J22;;;3;570;106261791.0;;;3.67;3.67;3.67;3.67;3.67;3.67;0.0;3.68
108599;606604;2019-04-22;FRC;N22;;;3;757;140494495.0;;;3.68;3.67;3.68;3.67;3.67;3.68;0.0;0.0
108600;606605;2019-04-22;FRC;V22;;;0;0;0.0;;;0.0;0.0;0.0;0.0;0.0;3.69;0.0;0.0
108601;606606;2019-04-22;FRC;F23;;;4;1936;356070347.0;;;3.69;3.69;3.69;3.69;3.69;3.69;0.0;0.0
108602;606607;2019-04-22;FRC;J23;;;0;0;0.0;;;0.0;0.0;0.0;0.0;0.0;3.72;0.0;0.0
108603;606608;2019-04-22;FRC;N23;;;0;0;0.0;;;0.0;0.0;0.0;0.0;0.0;3.74;0.0;0.0
108604;606609;2019-04-22;FRC;V23;;;0;0;0.0;;;0.0;0.0;0.0;0.0;0.0;3.75;0.0;0.0
108605;606610;2019-04-22;FRC;F24;;;5;1849;333576170.0;;;3.78;3.78;3.78;3.78;3.78;3.78;0.0;0.0
108606;606611;2019-04-22;FRC;J24;;;0;0;0.0;;;0.0;0.0;0.0;0.0;0.0;3.79;0.0;0.0
108607;606612;2019-04-22;FRC;N24;;;0;0;0.0;;;0.0;0.0;0.0;0.0;0.0;3.78;0.0;0.0
108608;606613;2019-04-22;FRC;F25;;;8;1928;341274347.0;;;3.83;3.83;3.85;3.83;3.85;3.85;0.0;0.0
108609;606614;2019-04-22;FRC;N25;;;2;541;94822365.0;;;3.88;3.88;3.88;3.88;3.88;3.89;0.0;0.0
108610;606615;2019-04-22;FRC;F26;;;2;358;62108088.0;;;3.93;3.93;3.93;3.93;3.93;3.93;0.0;0.0
108611;606616;2019-04-22;FRC;N26;;;2;533;91534907.0;;;3.98;3.98;3.98;3.98;3.98;3.98;0.0;0.0
108612;606617;2019-04-22;FRC;F27;;;0;0;0.0;;;0.0;0.0;0.0;0.0;0.0;4.09;0.0;0.0
108613;606618;2019-04-22;FRC;F28;;;0;0;0.0;;;0.0;0.0;0.0;0.0;0.0;4.22;0.0;0.0
108614;606619;2019-04-22;FRC;F29;;;0;0;0.0;;;0.0;0.0;0.0;0.0;0.0;4.32;0.0;0.0
108615;606620;2019-04-22;FRC;F30;;;0;0;0.0;;;0.0;0.0;0.0;0.0;0.0;4.43;0.0;0.0
108616;606621;2019-04-22;FRC;F31;;;0;0;0.0;;;0.0;0.0;0.0;0.0;0.0;4.49;0.0;0.0
108617;606793;2019-04-23;FRC;M19;;;182;263393;51520574938.0;;;3.48;3.44;3.52;3.47;3.47;3.47;3.47;0.0
108618;606794;2019-04-23;FRC;N19;;;21;70428;13756435395.0;;;3.54;3.51;3.57;3.55;3.51;3.51;0.0;0.0
108619;606795;2019-04-23;FRC;Q19;;;17;36175;7054464250.0;;;3.63;3.57;3.65;3.62;3.57;3.57;0.0;0.0
108620;606796;2019-04-23;FRC;U19;;;1;596;116055077.0;;;3.55;3.55;3.55;3.55;3.55;3.55;0.0;0.0
108621;606797;2019-04-23;FRC;V19;;;31;71280;13857987533.0;;;3.63;3.58;3.65;3.62;3.58;3.58;0.0;0.0
108622;606798;2019-04-23;FRC;X19;;;9;39672;7699880245.0;;;3.67;3.65;3.68;3.67;3.65;3.65;0.0;0.0
108623;606799;2019-04-23;FRC;Z19;;;10;7124;1380763958.0;;;3.62;3.62;3.62;3.62;3.62;3.62;0.0;0.0
108624;606800;2019-04-23;FRC;F20;;;28;42635;8248854043.0;;;3.71;3.66;3.73;3.68;3.67;3.66;0.0;0.0
108625;606801;2019-04-23;FRC;G20;;;0;0;0.0;;;0.0;0.0;0.0;0.0;0.0;3.66;3.66;3.68
108626;606802;2019-04-23;FRC;H20;;;2;1576;303973183.0;;;3.72;3.68;3.72;3.7;3.68;3.68;0.0;0.0
108627;606803;2019-04-23;FRC;J20;;;20;27338;5264967627.0;;;3.7;3.7;3.7;3.7;3.7;3.7;3.68;3.7
108628;606804;2019-04-23;FRC;K20;;;9;4694;902575609.0;;;3.76;3.68;3.76;3.68;3.68;3.68;3.68;3.7
108629;606805;2019-04-23;FRC;N20;;;13;3683;706041827.0;;;3.74;3.7;3.74;3.7;3.7;3.7;0.0;0.0
108630;606806;2019-04-23;FRC;V20;;;7;1872;357221132.0;;;3.74;3.7;3.74;3.7;3.7;3.7;0.0;0.0
108631;606807;2019-04-23;FRC;F21;;;18;16284;3093253541.0;;;3.7;3.62;3.7;3.67;3.62;3.65;0.0;0.0
108632;606808;2019-04-23;FRC;J21;;;4;4156;786003163.0;;;3.69;3.65;3.69;3.68;3.65;3.64;0.0;0.0
108633;606809;2019-04-23;FRC;N21;;;2;386;72718909.0;;;3.64;3.64;3.64;3.64;3.64;3.64;3.64;0.0
108634;606810;2019-04-23;FRC;V21;;;0;0;0.0;;;0.0;0.0;0.0;0.0;0.0;3.62;3.62;0.0
108635;606811;2019-04-23;FRC;F22;;;11;3285;613560569.0;;;3.6;3.6;3.61;3.6;3.61;3.6;0.0;0.0
108636;606812;2019-04-23;FRC;J22;;;2;1903;353867299.0;;;3.62;3.62;3.62;3.62;3.62;3.6;0.0;0.0
108637;606813;2019-04-23;FRC;N22;;;1;190;35182974.0;;;3.62;3.62;3.62;3.62;3.62;3.62;0.0;3.62
108638;606814;2019-04-23;FRC;V22;;;0;0;0.0;;;0.0;0.0;0.0;0.0;0.0;3.62;0.0;0.0
108639;606815;2019-04-23;FRC;F23;;;3;395;72493565.0;;;3.68;3.62;3.68;3.62;3.62;3.62;0.0;0.0
108640;606816;2019-04-23;FRC;J23;;;0;0;0.0;;;0.0;0.0;0.0;0.0;0.0;3.65;0.0;0.0
108641;606817;2019-04-23;FRC;N23;;;0;0;0.0;;;0.0;0.0;0.0;0.0;0.0;3.67;0.0;3.67
108642;606818;2019-04-23;FRC;V23;;;0;0;0.0;;;0.0;0.0;0.0;0.0;0.0;3.68;0.0;0.0
108643;606819;2019-04-23;FRC;F24;;;1;185;33314627.0;;;3.71;3.71;3.71;3.71;3.71;3.71;3.71;3.73
108644;606820;2019-04-23;FRC;J24;;;0;0;0.0;;;0.0;0.0;0.0;0.0;0.0;3.72;0.0;0.0
108645;606821;2019-04-23;FRC;N24;;;0;0;0.0;;;0.0;0.0;0.0;0.0;0.0;3.71;0.0;0.0
108646;606822;2019-04-23;FRC;F25;;;6;1965;346817938.0;;;3.85;3.79;3.85;3.82;3.79;3.79;0.0;0.0
108647;606823;2019-04-23;FRC;N25;;;0;0;0.0;;;0.0;0.0;0.0;0.0;0.0;3.84;0.0;0.0
108648;606824;2019-04-23;FRC;F26;;;2;358;61970350.0;;;3.89;3.89;3.89;3.89;3.89;3.89;0.0;0.0
108649;606825;2019-04-23;FRC;N26;;;0;0;0.0;;;0.0;0.0;0.0;0.0;0.0;3.94;0.0;0.0
108650;606826;2019-04-23;FRC;F27;;;2;880;148738508.0;;;4.09;4.09;4.09;4.09;4.09;4.05;0.0;0.0
108651;606827;2019-04-23;FRC;F28;;;0;0;0.0;;;0.0;0.0;0.0;0.0;0.0;4.18;0.0;0.0
108652;606828;2019-04-23;FRC;F29;;;0;0;0.0;;;0.0;0.0;0.0;0.0;0.0;4.28;0.0;0.0
108653;606829;2019-04-23;FRC;F30;;;0;0;0.0;;;0.0;0.0;0.0;0.0;0.0;4.39;0.0;0.0
108654;606830;2019-04-23;FRC;F31;;;0;0;0.0;;;0.0;0.0;0.0;0.0;0.0;4.45;0.0;0.0
108655;607002;2019-04-24;FRC;M19;;;187;313075;61946021821.0;;;3.47;3.35;3.49;3.43;3.39;3.39;0.0;0.0
108656;607003;2019-04-24;FRC;N19;;;48;118691;23452598199.0;;;3.51;3.43;3.55;3.46;3.44;3.43;3.42;0.0
108657;607004;2019-04-24;FRC;Q19;;;17;18416;3633175623.0;;;3.57;3.49;3.58;3.52;3.49;3.49;0.0;0.0
108658;607005;2019-04-24;FRC;U19;;;9;8947;1762537217.0;;;3.47;3.47;3.47;3.47;3.47;3.47;0.0;0.0
108659;607006;2019-04-24;FRC;V19;;;10;14294;2811616371.0;;;3.58;3.5;3.58;3.52;3.5;3.5;3.5;3.53
108660;607007;2019-04-24;FRC;X19;;;13;16056;3153270879.0;;;3.55;3.55;3.55;3.55;3.55;3.55;0.0;0.0
108661;607008;2019-04-24;FRC;Z19;;;33;46641;9145525354.0;;;3.62;3.51;3.63;3.57;3.52;3.51;3.51;0.0
108662;607009;2019-04-24;FRC;F20;;;20;30257;5923566615.0;;;3.66;3.57;3.66;3.58;3.57;3.57;3.55;3.59
108663;607010;2019-04-24;FRC;G20;;;9;11599;2266749619.0;;;3.66;3.58;3.66;3.63;3.58;3.58;3.57;3.6
108664;607011;2019-04-24;FRC;H20;;;9;10837;2115333732.0;;;3.59;3.59;3.59;3.59;3.59;3.59;0.0;3.61
108665;607012;2019-04-24;FRC;J20;;;39;46331;9028507286.0;;;3.7;3.62;3.7;3.63;3.62;3.62;3.6;3.62
108666;607013;2019-04-24;FRC;K20;;;10;4712;916775344.0;;;3.62;3.62;3.62;3.62;3.62;3.62;0.0;0.0
108667;607014;2019-04-24;FRC;N20;;;15;4900;950497670.0;;;3.68;3.64;3.68;3.64;3.64;3.64;0.0;3.64
108668;607015;2019-04-24;FRC;V20;;;38;14430;2786725892.0;;;3.63;3.63;3.63;3.63;3.63;3.63;3.62;3.63
108669;607016;2019-04-24;FRC;F21;;;44;17622;3387877369.0;;;3.65;3.59;3.66;3.6;3.59;3.59;3.58;0.0
108670;607017;2019-04-24;FRC;J21;;;0;0;0.0;;;0.0;0.0;0.0;0.0;0.0;3.59;0.0;0.0
108671;607018;2019-04-24;FRC;N21;;;0;0;0.0;;;0.0;0.0;0.0;0.0;0.0;3.59;0.0;0.0
108672;607019;2019-04-24;FRC;V21;;;1;192;36448780.0;;;3.58;3.58;3.58;3.58;3.58;3.58;0.0;0.0
108673;607020;2019-04-24;FRC;F22;;;20;7529;1422940984.0;;;3.59;3.56;3.59;3.57;3.56;3.56;3.56;0.0
108674;607021;2019-04-24;FRC;J22;;;2;952;179144417.0;;;3.59;3.59;3.59;3.59;3.59;3.56;0.0;0.0
108675;607022;2019-04-24;FRC;N22;;;4;760;142437812.0;;;3.58;3.58;3.58;3.58;3.58;3.58;0.0;0.0
108676;607023;2019-04-24;FRC;V22;;;1;19;3544631.0;;;3.61;3.61;3.61;3.61;3.61;3.58;3.61;0.0
108677;607024;2019-04-24;FRC;F23;;;7;959;178129101.0;;;3.6;3.58;3.6;3.58;3.58;3.58;0.0;0.0
108678;607025;2019-04-24;FRC;J23;;;0;0;0.0;;;0.0;0.0;0.0;0.0;0.0;3.61;0.0;0.0
108679;607026;2019-04-24;FRC;N23;;;0;0;0.0;;;0.0;0.0;0.0;0.0;0.0;3.64;0.0;0.0
108680;607027;2019-04-24;FRC;V23;;;0;0;0.0;;;0.0;0.0;0.0;0.0;0.0;3.65;0.0;0.0
108681;607028;2019-04-24;FRC;F24;;;3;555;101136252.0;;;3.69;3.69;3.69;3.69;3.69;3.69;0.0;0.0
108682;607029;2019-04-24;FRC;J24;;;0;0;0.0;;;0.0;0.0;0.0;0.0;0.0;3.7;0.0;0.0
108683;607030;2019-04-24;FRC;N24;;;0;0;0.0;;;0.0;0.0;0.0;0.0;0.0;3.69;0.0;0.0
108684;607031;2019-04-24;FRC;F25;;;6;1457;260531821.0;;;3.76;3.76;3.76;3.76;3.76;3.76;0.0;0.0
108685;607032;2019-04-24;FRC;N25;;;0;0;0.0;;;0.0;0.0;0.0;0.0;0.0;3.82;0.0;0.0
108686;607033;2019-04-24;FRC;F26;;;5;1970;345028879.0;;;3.88;3.88;3.89;3.88;3.88;3.88;0.0;0.0
108687;607034;2019-04-24;FRC;N26;;;0;0;0.0;;;0.0;0.0;0.0;0.0;0.0;3.92;0.0;0.0
108688;607035;2019-04-24;FRC;F27;;;1;176;30152887.0;;;4.02;4.02;4.02;4.02;4.02;4.02;0.0;0.0
108689;607036;2019-04-24;FRC;F28;;;0;0;0.0;;;0.0;0.0;0.0;0.0;0.0;4.15;0.0;0.0
108690;607037;2019-04-24;FRC;F29;;;0;0;0.0;;;0.0;0.0;0.0;0.0;0.0;4.25;0.0;0.0
108691;607038;2019-04-24;FRC;F30;;;0;0;0.0;;;0.0;0.0;0.0;0.0;0.0;4.36;0.0;0.0
108692;607039;2019-04-24;FRC;F31;;;0;0;0.0;;;0.0;0.0;0.0;0.0;0.0;4.42;0.0;0.0
108693;607211;2019-04-25;FRC;M19;;;317;466195;92098414541.0;;;3.39;3.28;3.39;3.3;3.3;3.28;3.21;0.0
108694;607212;2019-04-25;FRC;N19;;;20;76887;15169760665.0;;;3.43;3.3;3.43;3.31;3.31;3.3;3.31;3.35
108695;607213;2019-04-25;FRC;Q19;;;13;17723;3491070934.0;;;3.46;3.45;3.46;3.45;3.46;3.37;0.0;0.0
108696;607214;2019-04-25;FRC;U19;;;0;0;0.0;;;0.0;0.0;0.0;0.0;0.0;3.36;0.0;0.0
108697;607215;2019-04-25;FRC;V19;;;38;56824;11160390652.0;;;3.5;3.4;3.5;3.46;3.41;3.4;3.41;3.42
108698;607216;2019-04-25;FRC;X19;;;15;32373;6348107839.0;;;3.53;3.47;3.53;3.5;3.47;3.47;0.0;0.0
108699;607217;2019-04-25;FRC;Z19;;;42;19106;3741434175.0;;;3.5;3.44;3.51;3.46;3.44;3.44;3.44;3.48
108700;607218;2019-04-25;FRC;F20;;;67;78450;15336672524.0;;;3.55;3.5;3.57;3.52;3.52;3.5;3.51;3.53
108701;607219;2019-04-25;FRC;G20;;;16;5030;981784338.0;;;3.56;3.51;3.56;3.53;3.51;3.51;3.48;0.0
108702;607220;2019-04-25;FRC;H20;;;12;5320;1036995294.0;;;3.56;3.53;3.56;3.53;3.53;3.53;0.0;0.0
108703;607221;2019-04-25;FRC;J20;;;23;22241;4328503899.0;;;3.58;3.55;3.58;3.55;3.56;3.56;0.0;3.58
108704;607222;2019-04-25;FRC;K20;;;16;6422;1247744156.0;;;3.6;3.56;3.6;3.57;3.56;3.56;0.0;3.58
108705;607223;2019-04-25;FRC;N20;;;30;9466;1833907552.0;;;3.6;3.57;3.6;3.58;3.57;3.57;0.0;3.58
108706;607224;2019-04-25;FRC;V20;;;7;860;165860446.0;;;3.62;3.57;3.62;3.59;3.57;3.57;0.0;0.0
108707;607225;2019-04-25;FRC;F21;;;11;5830;1119613839.0;;;3.55;3.54;3.55;3.54;3.54;3.55;3.54;3.56
108708;607226;2019-04-25;FRC;J21;;;0;0;0.0;;;0.0;0.0;0.0;0.0;0.0;3.54;0.0;0.0
108709;607227;2019-04-25;FRC;N21;;;4;1350;257120899.0;;;3.53;3.53;3.53;3.53;3.53;3.53;0.0;0.0
108710;607228;2019-04-25;FRC;V21;;;0;0;0.0;;;0.0;0.0;0.0;0.0;0.0;3.52;0.0;0.0
108711;607229;2019-04-25;FRC;F22;;;9;4092;772706296.0;;;3.55;3.51;3.55;3.51;3.51;3.51;0.0;0.0
108712;607230;2019-04-25;FRC;J22;;;1;191;35922522.0;;;3.52;3.52;3.52;3.52;3.52;3.52;0.0;0.0
108713;607231;2019-04-25;FRC;N22;;;0;0;0.0;;;0.0;0.0;0.0;0.0;0.0;3.54;0.0;0.0
108714;607232;2019-04-25;FRC;V22;;;1;189;35221833.0;;;3.55;3.55;3.55;3.55;3.55;3.55;0.0;0.0
108715;607233;2019-04-25;FRC;F23;;;2;1413;262265703.0;;;3.58;3.54;3.58;3.54;3.54;3.55;0.0;0.0
108716;607234;2019-04-25;FRC;J23;;;0;0;0.0;;;0.0;0.0;0.0;0.0;0.0;3.58;0.0;0.0
108717;607235;2019-04-25;FRC;N23;;;0;0;0.0;;;0.0;0.0;0.0;0.0;0.0;3.61;0.0;0.0
108718;607236;2019-04-25;FRC;V23;;;1;186;34043543.0;;;3.61;3.61;3.61;3.61;3.61;3.61;0.0;0.0
108719;607237;2019-04-25;FRC;F24;;;5;925;168489812.0;;;3.63;3.63;3.63;3.63;3.63;3.63;0.0;0.0
108720;607238;2019-04-25;FRC;J24;;;0;0;0.0;;;0.0;0.0;0.0;0.0;0.0;3.64;0.0;0.0
108721;607239;2019-04-25;FRC;N24;;;0;0;0.0;;;0.0;0.0;0.0;0.0;0.0;3.64;0.0;0.0
108722;607240;2019-04-25;FRC;F25;;;11;4810;859000999.0;;;3.76;3.72;3.76;3.74;3.72;3.72;0.0;0.0
108723;607241;2019-04-25;FRC;N25;;;0;0;0.0;;;0.0;0.0;0.0;0.0;0.0;3.78;0.0;0.0
108724;607242;2019-04-25;FRC;F26;;;5;2296;401959074.0;;;3.88;3.83;3.88;3.84;3.84;3.84;0.0;0.0
108725;607243;2019-04-25;FRC;N26;;;0;0;0.0;;;0.0;0.0;0.0;0.0;0.0;3.88;0.0;0.0
108726;607244;2019-04-25;FRC;F27;;;4;2643;452191681.0;;;4.02;4.01;4.02;4.01;4.01;3.98;0.0;0.0
108727;607245;2019-04-25;FRC;F28;;;2;433;72436998.0;;;4.15;4.15;4.15;4.15;4.15;4.11;0.0;0.0
108728;607246;2019-04-25;FRC;F29;;;0;0;0.0;;;0.0;0.0;0.0;0.0;0.0;4.21;0.0;0.0
108729;607247;2019-04-25;FRC;F30;;;0;0;0.0;;;0.0;0.0;0.0;0.0;0.0;4.32;0.0;0.0
108730;607248;2019-04-25;FRC;F31;;;0;0;0.0;;;0.0;0.0;0.0;0.0;0.0;4.38;0.0;0.0
108731;607420;2019-04-26;FRC;M19;;;321;741284;146203054752.0;;;3.28;3.16;3.28;3.21;3.21;3.21;0.0;3.25
108732;607421;2019-04-26;FRC;N19;;;79;73642;14505502034.0;;;3.26;3.23;3.29;3.27;3.28;3.28;3.28;0.0
108733;607422;2019-04-26;FRC;Q19;;;35;45067;8863673279.0;;;3.32;3.3;3.38;3.34;3.35;3.35;0.0;0.0
108734;607423;2019-04-26;FRC;U19;;;8;7160;1406170435.0;;;3.33;3.33;3.33;3.33;3.33;3.33;0.0;0.0
108735;607424;2019-04-26;FRC;V19;;;61;36547;7167365997.0;;;3.41;3.36;3.41;3.37;3.38;3.38;0.0;0.0
108736;607425;2019-04-26;FRC;X19;;;18;98644;19313635367.0;;;3.45;3.45;3.45;3.45;3.45;3.45;0.0;3.46
108737;607426;2019-04-26;FRC;Z19;;;15;81180;15871928733.0;;;3.45;3.43;3.45;3.43;3.43;3.43;3.43;0.0
108738;607427;2019-04-26;FRC;F20;;;22;27975;5460819523.0;;;3.5;3.45;3.5;3.46;3.49;3.49;0.0;0.0
108739;607428;2019-04-26;FRC;G20;;;6;9671;1884719127.0;;;3.5;3.5;3.5;3.5;3.5;3.5;3.49;0.0
108740;607429;2019-04-26;FRC;H20;;;0;0;0.0;;;0.0;0.0;0.0;0.0;0.0;3.52;0.0;0.0
108741;607430;2019-04-26;FRC;J20;;;30;28143;5468050266.0;;;3.56;3.55;3.56;3.55;3.55;3.55;0.0;0.0
108742;607431;2019-04-26;FRC;K20;;;0;0;0.0;;;0.0;0.0;0.0;0.0;0.0;3.55;0.0;3.55
108743;607432;2019-04-26;FRC;N20;;;7;2352;454956783.0;;;3.56;3.56;3.56;3.56;3.56;3.56;3.54;3.56
108744;607433;2019-04-26;FRC;V20;;;5;7103;1367816818.0;;;3.57;3.54;3.57;3.56;3.54;3.54;3.54;0.0
108745;607434;2019-04-26;FRC;F21;;;11;3790;726762433.0;;;3.54;3.5;3.54;3.52;3.52;3.52;3.5;0.0
108746;607435;2019-04-26;FRC;J21;;;0;0;0.0;;;0.0;0.0;0.0;0.0;0.0;3.51;0.0;0.0
108747;607436;2019-04-26;FRC;N21;;;0;0;0.0;;;0.0;0.0;0.0;0.0;0.0;3.5;3.5;0.0
108748;607437;2019-04-26;FRC;V21;;;0;0;0.0;;;0.0;0.0;0.0;0.0;0.0;3.49;0.0;0.0
108749;607438;2019-04-26;FRC;F22;;;13;3748;706853909.0;;;3.5;3.48;3.5;3.48;3.48;3.48;0.0;0.0
108750;607439;2019-04-26;FRC;J22;;;3;573;107628054.0;;;3.49;3.49;3.49;3.49;3.49;3.49;0.0;0.0
108751;607440;2019-04-26;FRC;N22;;;3;570;106594991.0;;;3.5;3.5;3.5;3.5;3.5;3.5;0.0;0.0
108752;607441;2019-04-26;FRC;V22;;;2;378;70357626.0;;;3.52;3.52;3.52;3.52;3.52;3.52;0.0;0.0
108753;607442;2019-04-26;FRC;F23;;;7;1316;243902588.0;;;3.52;3.52;3.52;3.52;3.52;3.52;0.0;0.0
108754;607443;2019-04-26;FRC;J23;;;0;0;0.0;;;0.0;0.0;0.0;0.0;0.0;3.56;0.0;0.0
108755;607444;2019-04-26;FRC;N23;;;0;0;0.0;;;0.0;0.0;0.0;0.0;0.0;3.59;0.0;0.0
108756;607445;2019-04-26;FRC;V23;;;0;0;0.0;;;0.0;0.0;0.0;0.0;0.0;3.6;0.0;0.0
108757;607446;2019-04-26;FRC;F24;;;0;0;0.0;;;0.0;0.0;0.0;0.0;0.0;3.63;0.0;0.0
108758;607447;2019-04-26;FRC;J24;;;2;370;67008123.0;;;3.64;3.64;3.64;3.64;3.64;3.64;0.0;0.0
108759;607448;2019-04-26;FRC;N24;;;0;0;0.0;;;0.0;0.0;0.0;0.0;0.0;3.63;0.0;0.0
108760;607449;2019-04-26;FRC;F25;;;0;0;0.0;;;0.0;0.0;0.0;0.0;0.0;3.68;0.0;0.0
108761;607450;2019-04-26;FRC;N25;;;0;0;0.0;;;0.0;0.0;0.0;0.0;0.0;3.74;0.0;0.0
108762;607451;2019-04-26;FRC;F26;;;0;0;0.0;;;0.0;0.0;0.0;0.0;0.0;3.8;0.0;0.0
108763;607452;2019-04-26;FRC;N26;;;0;0;0.0;;;0.0;0.0;0.0;0.0;0.0;3.84;0.0;0.0
108764;607453;2019-04-26;FRC;F27;;;0;0;0.0;;;0.0;0.0;0.0;0.0;0.0;3.94;0.0;0.0
108765;607454;2019-04-26;FRC;F28;;;0;0;0.0;;;0.0;0.0;0.0;0.0;0.0;4.07;0.0;0.0
108766;607455;2019-04-26;FRC;F29;;;0;0;0.0;;;0.0;0.0;0.0;0.0;0.0;4.17;0.0;0.0
108767;607456;2019-04-26;FRC;F30;;;0;0;0.0;;;0.0;0.0;0.0;0.0;0.0;4.28;0.0;0.0
108768;607457;2019-04-26;FRC;F31;;;0;0;0.0;;;0.0;0.0;0.0;0.0;0.0;4.34;0.0;0.0
108769;607629;2019-04-29;FRC;N19;;;10;19413;3803384005.0;;;3.3;3.3;3.45;3.44;3.45;3.45;0.0;0.0
108770;607630;2019-04-29;FRC;Q19;;;13;16354;3199211748.0;;;3.48;3.48;3.48;3.48;3.48;3.48;0.0;0.0
108771;607631;2019-04-29;FRC;U19;;;0;0;0.0;;;0.0;0.0;0.0;0.0;0.0;3.41;0.0;0.0
108772;607632;2019-04-29;FRC;V19;;;3;2982;581665865.0;;;3.46;3.46;3.46;3.46;3.46;3.46;0.0;0.0
108773;607633;2019-04-29;FRC;X19;;;5;1788;348209126.0;;;3.51;3.51;3.51;3.51;3.51;3.51;0.0;0.0
108774;607634;2019-04-29;FRC;Z19;;;10;15663;3045948339.0;;;3.49;3.49;3.49;3.49;3.49;3.49;0.0;0.0
108775;607635;2019-04-29;FRC;F20;;;12;33867;6574820854.0;;;3.52;3.52;3.56;3.55;3.56;3.55;3.55;3.57
108776;607636;2019-04-29;FRC;G20;;;11;9092;1762379098.0;;;3.55;3.55;3.55;3.55;3.55;3.55;0.0;0.0
108777;607637;2019-04-29;FRC;H20;;;0;0;0.0;;;0.0;0.0;0.0;0.0;0.0;3.57;0.0;0.0
108778;607638;2019-04-29;FRC;J20;;;28;17692;3418960501.0;;;3.58;3.58;3.6;3.59;3.6;3.6;0.0;0.0
108779;607639;2019-04-29;FRC;K20;;;6;1829;352881897.0;;;3.55;3.55;3.6;3.59;3.6;3.6;0.0;0.0
108780;607640;2019-04-29;FRC;N20;;;1;392;75410957.0;;;3.61;3.61;3.61;3.61;3.61;3.61;0.0;0.0
108781;607641;2019-04-29;FRC;V20;;;0;0;0.0;;;0.0;0.0;0.0;0.0;0.0;3.59;0.0;0.0
108782;607642;2019-04-29;FRC;F21;;;14;8171;1558167239.0;;;3.57;3.57;3.57;3.57;3.57;3.57;0.0;0.0
108783;607643;2019-04-29;FRC;J21;;;0;0;0.0;;;0.0;0.0;0.0;0.0;0.0;3.55;0.0;0.0
108784;607644;2019-04-29;FRC;N21;;;0;0;0.0;;;0.0;0.0;0.0;0.0;0.0;3.55;0.0;0.0
108785;607645;2019-04-29;FRC;V21;;;1;192;36155111.0;;;3.54;3.54;3.54;3.54;3.54;3.54;0.0;0.0
108786;607646;2019-04-29;FRC;F22;;;7;8430;1581166762.0;;;3.51;3.51;3.51;3.51;3.51;3.51;0.0;0.0
108787;607647;2019-04-29;FRC;J22;;;0;0;0.0;;;0.0;0.0;0.0;0.0;0.0;3.51;0.0;0.0
108788;607648;2019-04-29;FRC;N22;;;5;1330;247392288.0;;;3.51;3.51;3.51;3.51;3.51;3.51;0.0;0.0
108789;607649;2019-04-29;FRC;V22;;;5;945;174978384.0;;;3.52;3.52;3.52;3.52;3.52;3.52;0.0;0.0
108790;607650;2019-04-29;FRC;F23;;;6;1134;209078123.0;;;3.54;3.54;3.54;3.54;3.54;3.54;0.0;0.0
108791;607651;2019-04-29;FRC;J23;;;2;244;44773803.0;;;3.56;3.56;3.56;3.56;3.56;3.56;0.0;0.0
108792;607652;2019-04-29;FRC;N23;;;5;935;170759584.0;;;3.59;3.59;3.59;3.59;3.59;3.59;0.0;0.0
108793;607653;2019-04-29;FRC;V23;;;1;56;10183947.0;;;3.6;3.6;3.6;3.6;3.6;3.59;0.0;0.0
108794;607654;2019-04-29;FRC;F24;;;6;1301;235534073.0;;;3.61;3.61;3.61;3.61;3.61;3.61;0.0;0.0
108795;607655;2019-04-29;FRC;J24;;;3;555;99968684.0;;;3.65;3.65;3.65;3.65;3.65;3.65;0.0;0.0
108796;607656;2019-04-29;FRC;N24;;;1;368;66024708.0;;;3.63;3.63;3.63;3.63;3.63;3.63;0.0;0.0
108797;607657;2019-04-29;FRC;F25;;;5;915;162573718.0;;;3.69;3.69;3.69;3.69;3.69;3.69;0.0;0.0
108798;607658;2019-04-29;FRC;N25;;;0;0;0.0;;;0.0;0.0;0.0;0.0;0.0;3.75;0.0;0.0
108799;607659;2019-04-29;FRC;F26;;;4;720;125320884.0;;;3.82;3.82;3.82;3.82;3.82;3.82;0.0;0.0
108800;607660;2019-04-29;FRC;N26;;;0;0;0.0;;;0.0;0.0;0.0;0.0;0.0;3.86;0.0;0.0
108801;607661;2019-04-29;FRC;F27;;;3;2826;481158824.0;;;3.96;3.96;3.96;3.96;3.96;3.96;0.0;0.0
108802;607662;2019-04-29;FRC;F28;;;0;0;0.0;;;0.0;0.0;0.0;0.0;0.0;4.09;0.0;0.0
108803;607663;2019-04-29;FRC;F29;;;0;0;0.0;;;0.0;0.0;0.0;0.0;0.0;4.19;0.0;0.0
108804;607664;2019-04-29;FRC;F30;;;0;0;0.0;;;0.0;0.0;0.0;0.0;0.0;4.3;0.0;0.0
108805;607665;2019-04-29;FRC;F31;;;0;0;0.0;;;0.0;0.0;0.0;0.0;0.0;4.36;0.0;0.0
108806;607837;2019-04-30;FRC;N19;;;42;114169;22327583980.0;;;3.49;3.45;3.49;3.46;3.47;3.47;0.0;0.0
108807;607838;2019-04-30;FRC;Q19;;;8;19563;3820016016.0;;;3.5;3.5;3.5;3.5;3.5;3.5;0.0;0.0
108808;607839;2019-04-30;FRC;U19;;;5;5995;1168942213.0;;;3.44;3.44;3.44;3.44;3.44;3.44;0.0;0.0
108809;607840;2019-04-30;FRC;V19;;;32;38404;7477205930.0;;;3.49;3.48;3.49;3.48;3.49;3.49;0.0;0.0
108810;607841;2019-04-30;FRC;X19;;;9;13224;2570531029.0;;;3.53;3.53;3.54;3.53;3.54;3.54;0.0;0.0
108811;607842;2019-04-30;FRC;Z19;;;13;15263;2962493729.0;;;3.53;3.53;3.53;3.53;3.53;3.53;0.0;0.0
108812;607843;2019-04-30;FRC;F20;;;19;48417;9382646787.0;;;3.55;3.55;3.57;3.55;3.57;3.57;0.0;0.0
108813;607844;2019-04-30;FRC;G20;;;14;7311;1414415490.0;;;3.55;3.55;3.59;3.58;3.59;3.59;0.0;0.0
108814;607845;2019-04-30;FRC;H20;;;0;0;0.0;;;0.0;0.0;0.0;0.0;0.0;3.6;0.0;0.0
108815;607846;2019-04-30;FRC;J20;;;21;20864;4024364786.0;;;3.62;3.62;3.62;3.62;3.62;3.62;3.61;0.0
108816;607847;2019-04-30;FRC;K20;;;6;3936;758005962.0;;;3.61;3.61;3.61;3.61;3.61;3.61;0.0;0.0
108817;607848;2019-04-30;FRC;N20;;;22;16166;3104256353.0;;;3.61;3.61;3.62;3.61;3.62;3.62;0.0;0.0
108818;607849;2019-04-30;FRC;V20;;;9;3319;634493005.0;;;3.61;3.61;3.61;3.61;3.61;3.61;3.59;3.61
108819;607850;2019-04-30;FRC;F21;;;11;3602;685501519.0;;;3.6;3.6;3.6;3.6;3.6;3.6;0.0;0.0
108820;607851;2019-04-30;FRC;J21;;;3;446;84538217.0;;;3.58;3.58;3.58;3.58;3.58;3.58;0.0;0.0
108821;607852;2019-04-30;FRC;N21;;;4;714;134745357.0;;;3.58;3.58;3.58;3.58;3.58;3.58;0.0;0.0
108822;607853;2019-04-30;FRC;V21;;;4;1153;216688918.0;;;3.56;3.56;3.56;3.56;3.56;3.56;0.0;0.0
108823;607854;2019-04-30;FRC;F22;;;8;2735;511837895.0;;;3.54;3.54;3.54;3.54;3.54;3.54;0.0;0.0
108824;607855;2019-04-30;FRC;J22;;;3;516;96183164.0;;;3.54;3.54;3.54;3.54;3.54;3.54;0.0;0.0
108825;607856;2019-04-30;FRC;N22;;;1;38;7053639.0;;;3.53;3.53;3.53;3.53;3.53;3.53;0.0;0.0
108826;607857;2019-04-30;FRC;V22;;;1;114;21073857.0;;;3.53;3.53;3.53;3.53;3.53;3.53;0.0;0.0
108827;607858;2019-04-30;FRC;F23;;;4;925;170196877.0;;;3.55;3.55;3.55;3.55;3.55;3.55;3.54;0.0
108828;607859;2019-04-30;FRC;J23;;;0;0;0.0;;;0.0;0.0;0.0;0.0;0.0;3.57;0.0;0.0
108829;607860;2019-04-30;FRC;N23;;;0;0;0.0;;;0.0;0.0;0.0;0.0;0.0;3.6;0.0;0.0
108830;607861;2019-04-30;FRC;V23;;;3;968;175683002.0;;;3.6;3.6;3.6;3.6;3.6;3.6;0.0;0.0
108831;607862;2019-04-30;FRC;F24;;;1;297;53656094.0;;;3.62;3.62;3.62;3.62;3.62;3.62;3.61;0.0
108832;607863;2019-04-30;FRC;J24;;;0;0;0.0;;;0.0;0.0;0.0;0.0;0.0;3.66;3.63;0.0
108833;607864;2019-04-30;FRC;N24;;;2;368;65891827.0;;;3.64;3.64;3.64;3.64;3.64;3.64;0.0;0.0
108834;607865;2019-04-30;FRC;F25;;;3;732;129886747.0;;;3.67;3.67;3.67;3.67;3.67;3.67;0.0;0.0
108835;607866;2019-04-30;FRC;N25;;;0;0;0.0;;;0.0;0.0;0.0;0.0;0.0;3.72;0.0;0.0
108836;607867;2019-04-30;FRC;F26;;;4;900;156520948.0;;;3.78;3.78;3.79;3.78;3.79;3.78;0.0;0.0
108837;607868;2019-04-30;FRC;N26;;;0;0;0.0;;;0.0;0.0;0.0;0.0;0.0;3.83;0.0;0.0
108838;607869;2019-04-30;FRC;F27;;;2;354;60219364.0;;;3.94;3.94;3.94;3.94;3.94;3.94;0.0;0.0
108839;607870;2019-04-30;FRC;F28;;;6;1044;173615910.0;;;4.09;4.09;4.09;4.09;4.09;4.09;0.0;0.0
108840;607871;2019-04-30;FRC;F29;;;0;0;0.0;;;0.0;0.0;0.0;0.0;0.0;4.19;0.0;0.0
108841;607872;2019-04-30;FRC;F30;;;0;0;0.0;;;0.0;0.0;0.0;0.0;0.0;4.3;0.0;0.0
108842;607873;2019-04-30;FRC;F31;;;0;0;0.0;;;0.0;0.0;0.0;0.0;0.0;4.36;0.0;0.0
108854;608057;2019-05-02;FRC;N19;;;37;88939;17511953133.0;;;3.47;3.39;3.47;3.39;3.39;3.39;3.38;3.41
108855;608058;2019-05-02;FRC;Q19;;;20;19505;3834598067.0;;;3.5;3.46;3.52;3.46;3.46;3.46;0.0;0.0
108856;608059;2019-05-02;FRC;U19;;;5;1792;351783907.0;;;3.44;3.4;3.44;3.42;3.4;3.4;0.0;0.0
108857;608060;2019-05-02;FRC;V19;;;42;13746;2694580063.0;;;3.49;3.45;3.49;3.45;3.45;3.45;0.0;0.0
108858;608061;2019-05-02;FRC;X19;;;11;9948;1946932143.0;;;3.58;3.51;3.58;3.51;3.51;3.51;0.0;0.0
108859;608062;2019-05-02;FRC;Z19;;;2;992;193873693.0;;;3.48;3.48;3.48;3.48;3.48;3.48;0.0;0.0
108860;608063;2019-05-02;FRC;F20;;;27;42128;8219734304.0;;;3.57;3.52;3.57;3.53;3.52;3.52;3.52;0.0
108861;608064;2019-05-02;FRC;G20;;;0;0;0.0;;;0.0;0.0;0.0;0.0;0.0;3.56;3.52;3.56
108862;608065;2019-05-02;FRC;H20;;;1;197;38317140.0;;;3.58;3.58;3.58;3.58;3.58;3.56;0.0;0.0
108863;608066;2019-05-02;FRC;J20;;;8;12966;2517904624.0;;;3.62;3.57;3.62;3.61;3.57;3.57;0.0;0.0
108864;608067;2019-05-02;FRC;K20;;;2;6926;1342831920.0;;;3.61;3.61;3.61;3.61;3.61;3.56;0.0;0.0
108865;608068;2019-05-02;FRC;N20;;;6;3570;690196702.0;;;3.62;3.58;3.62;3.6;3.58;3.58;3.56;0.0
108866;608069;2019-05-02;FRC;V20;;;6;8028;1545014471.0;;;3.61;3.58;3.62;3.61;3.58;3.58;0.0;0.0
108867;608070;2019-05-02;FRC;F21;;;17;11092;2125300964.0;;;3.6;3.57;3.6;3.59;3.58;3.58;0.0;0.0
108868;608071;2019-05-02;FRC;J21;;;6;4341;828396998.0;;;3.58;3.56;3.58;3.57;3.56;3.56;0.0;0.0
108869;608072;2019-05-02;FRC;N21;;;1;19;3607580.0;;;3.58;3.58;3.58;3.58;3.58;3.56;0.0;0.0
108870;608073;2019-05-02;FRC;V21;;;0;0;0.0;;;0.0;0.0;0.0;0.0;0.0;3.54;3.54;0.0
108871;608074;2019-05-02;FRC;F22;;;13;6113;1151899781.0;;;3.54;3.52;3.54;3.53;3.52;3.52;0.0;0.0
108872;608075;2019-05-02;FRC;J22;;;0;0;0.0;;;0.0;0.0;0.0;0.0;0.0;3.53;0.0;0.0
108873;608076;2019-05-02;FRC;N22;;;0;0;0.0;;;0.0;0.0;0.0;0.0;0.0;3.52;0.0;0.0
108874;608077;2019-05-02;FRC;V22;;;1;189;35162834.0;;;3.53;3.53;3.53;3.53;3.53;3.53;0.0;0.0
108875;608078;2019-05-02;FRC;F23;;;3;1113;206160364.0;;;3.55;3.55;3.55;3.55;3.55;3.55;0.0;0.0
108876;608079;2019-05-02;FRC;J23;;;0;0;0.0;;;0.0;0.0;0.0;0.0;0.0;3.56;0.0;0.0
108877;608080;2019-05-02;FRC;N23;;;0;0;0.0;;;0.0;0.0;0.0;0.0;0.0;3.59;0.0;0.0
108878;608081;2019-05-02;FRC;V23;;;1;186;33995501.0;;;3.58;3.58;3.58;3.58;3.58;3.58;0.0;0.0
108879;608082;2019-05-02;FRC;F24;;;3;966;175655802.0;;;3.64;3.61;3.64;3.63;3.61;3.61;3.6;0.0
108880;608083;2019-05-02;FRC;J24;;;0;0;0.0;;;0.0;0.0;0.0;0.0;0.0;3.65;0.0;0.0
108881;608084;2019-05-02;FRC;N24;;;0;0;0.0;;;0.0;0.0;0.0;0.0;0.0;3.63;0.0;0.0
108882;608085;2019-05-02;FRC;F25;;;2;201;35892739.0;;;3.67;3.67;3.68;3.67;3.68;3.66;3.65;0.0
108883;608086;2019-05-02;FRC;N25;;;0;0;0.0;;;0.0;0.0;0.0;0.0;0.0;3.71;0.0;0.0
108884;608087;2019-05-02;FRC;F26;;;1;18;3151020.0;;;3.79;3.79;3.79;3.79;3.79;3.77;3.77;0.0
108885;608088;2019-05-02;FRC;N26;;;0;0;0.0;;;0.0;0.0;0.0;0.0;0.0;3.82;3.8;0.0
108886;608089;2019-05-02;FRC;F27;;;0;0;0.0;;;0.0;0.0;0.0;0.0;0.0;3.93;0.0;0.0
108887;608090;2019-05-02;FRC;F28;;;0;0;0.0;;;0.0;0.0;0.0;0.0;0.0;4.08;0.0;0.0
108888;608091;2019-05-02;FRC;F29;;;0;0;0.0;;;0.0;0.0;0.0;0.0;0.0;4.18;0.0;0.0
108889;608092;2019-05-02;FRC;F30;;;0;0;0.0;;;0.0;0.0;0.0;0.0;0.0;4.29;0.0;0.0
108890;608093;2019-05-02;FRC;F31;;;0;0;0.0;;;0.0;0.0;0.0;0.0;0.0;4.35;0.0;0.0
108891;608262;2019-05-03;FRC;N19;;;41;56607;11139654194.0;;;3.32;3.28;3.38;3.33;3.33;3.33;3.33;0.0
108892;608263;2019-05-03;FRC;Q19;;;41;41482;8150700295.0;;;3.45;3.41;3.45;3.41;3.41;3.41;3.41;0.0
108893;608264;2019-05-03;FRC;U19;;;4;1194;234271327.0;;;3.37;3.37;3.37;3.37;3.37;3.37;3.37;0.0
108894;608265;2019-05-03;FRC;V19;;;23;36376;7126868711.0;;;3.44;3.41;3.44;3.42;3.41;3.41;3.41;0.0
108895;608266;2019-05-03;FRC;X19;;;25;89833;17571906584.0;;;3.5;3.45;3.5;3.48;3.45;3.45;0.0;0.0
108896;608267;2019-05-03;FRC;Z19;;;9;11501;2246552006.0;;;3.45;3.45;3.45;3.45;3.45;3.45;0.0;0.0
108897;608268;2019-05-03;FRC;F20;;;21;70357;13720065106.0;;;3.52;3.5;3.52;3.51;3.5;3.5;3.48;3.52
108898;608269;2019-05-03;FRC;G20;;;3;2610;508175075.0;;;3.54;3.52;3.54;3.52;3.52;3.52;3.5;3.55
108899;608270;2019-05-03;FRC;H20;;;1;4935;959563811.0;;;3.52;3.52;3.52;3.52;3.52;3.52;3.52;0.0
108900;608271;2019-05-03;FRC;J20;;;22;17938;3482576200.0;;;3.54;3.53;3.54;3.53;3.53;3.54;0.0;0.0
108901;608272;2019-05-03;FRC;K20;;;4;985;190938087.0;;;3.53;3.53;3.53;3.53;3.53;3.53;0.0;0.0
108902;608273;2019-05-03;FRC;N20;;;17;13263;2563288298.0;;;3.57;3.55;3.57;3.56;3.56;3.56;0.0;3.56
108903;608274;2019-05-03;FRC;V20;;;0;0;0.0;;;0.0;0.0;0.0;0.0;0.0;3.55;3.53;3.56
108904;608275;2019-05-03;FRC;F21;;;21;15257;2922726970.0;;;3.57;3.53;3.57;3.54;3.53;3.53;3.52;0.0
108905;608276;2019-05-03;FRC;J21;;;3;7249;1382834019.0;;;3.55;3.53;3.55;3.54;3.53;3.53;0.0;0.0
108906;608277;2019-05-03;FRC;N21;;;4;3320;630608484.0;;;3.55;3.53;3.55;3.54;3.53;3.53;0.0;0.0
108907;608278;2019-05-03;FRC;V21;;;3;2845;538155169.0;;;3.53;3.51;3.53;3.52;3.51;3.51;0.0;0.0
108908;608279;2019-05-03;FRC;F22;;;8;1727;325348179.0;;;3.51;3.51;3.51;3.51;3.51;3.51;0.0;0.0
108909;608280;2019-05-03;FRC;J22;;;2;2366;443816742.0;;;3.52;3.52;3.52;3.52;3.52;3.52;0.0;0.0
108910;608281;2019-05-03;FRC;N22;;;0;0;0.0;;;0.0;0.0;0.0;0.0;0.0;3.51;0.0;0.0
108911;608282;2019-05-03;FRC;V22;;;5;1514;281572089.0;;;3.52;3.52;3.52;3.52;3.52;3.52;0.0;0.0
108912;608283;2019-05-03;FRC;F23;;;6;4432;820592781.0;;;3.55;3.53;3.55;3.53;3.53;3.53;0.0;0.0
108913;608284;2019-05-03;FRC;J23;;;0;0;0.0;;;0.0;0.0;0.0;0.0;0.0;3.54;0.0;0.0
108914;608285;2019-05-03;FRC;N23;;;6;2432;446320831.0;;;3.57;3.56;3.57;3.56;3.56;3.56;0.0;0.0
108915;608286;2019-05-03;FRC;V23;;;1;186;33988585.0;;;3.56;3.56;3.56;3.56;3.56;3.56;0.0;0.0
108916;608287;2019-05-03;FRC;F24;;;2;372;67669753.0;;;3.59;3.59;3.59;3.59;3.59;3.59;0.0;0.0
108917;608288;2019-05-03;FRC;J24;;;0;0;0.0;;;0.0;0.0;0.0;0.0;0.0;3.63;0.0;0.0
108918;608289;2019-05-03;FRC;N24;;;3;1013;182590704.0;;;3.62;3.62;3.62;3.62;3.62;3.62;0.0;0.0
108919;608290;2019-05-03;FRC;F25;;;4;3327;594024837.0;;;3.68;3.66;3.68;3.66;3.66;3.65;0.0;0.0
108920;608291;2019-05-03;FRC;N25;;;6;5096;901166843.0;;;3.71;3.71;3.71;3.71;3.71;3.7;0.0;0.0
108921;608292;2019-05-03;FRC;F26;;;8;5487;960342074.0;;;3.77;3.77;3.79;3.77;3.77;3.76;0.0;0.0
108922;608293;2019-05-03;FRC;N26;;;2;750;129987250.0;;;3.82;3.82;3.82;3.82;3.82;3.81;0.0;0.0
108923;608294;2019-05-03;FRC;F27;;;2;1026;175640584.0;;;3.93;3.93;3.93;3.93;3.93;3.92;0.0;0.0
108924;608295;2019-05-03;FRC;F28;;;2;590;98702849.0;;;4.08;4.08;4.08;4.08;4.08;4.07;0.0;0.0
108925;608296;2019-05-03;FRC;F29;;;0;0;0.0;;;0.0;0.0;0.0;0.0;0.0;4.17;0.0;0.0
108926;608297;2019-05-03;FRC;F30;;;0;0;0.0;;;0.0;0.0;0.0;0.0;0.0;4.28;0.0;0.0
108927;608298;2019-05-03;FRC;F31;;;0;0;0.0;;;0.0;0.0;0.0;0.0;0.0;4.34;0.0;0.0
108928;608466;2019-05-06;FRC;N19;;;24;49532;9735404186.0;;;3.34;3.31;3.35;3.31;3.31;3.31;0.0;0.0
108929;608467;2019-05-06;FRC;Q19;;;9;15156;2974325358.0;;;3.41;3.4;3.41;3.4;3.4;3.4;0.0;0.0
108930;608468;2019-05-06;FRC;U19;;;2;398;77994390.0;;;3.36;3.36;3.36;3.36;3.36;3.36;0.0;0.0
108931;608469;2019-05-06;FRC;V19;;;7;14300;2798330477.0;;;3.41;3.4;3.41;3.4;3.4;3.4;0.0;0.0
108932;608470;2019-05-06;FRC;X19;;;13;6950;1357891147.0;;;3.45;3.45;3.45;3.45;3.45;3.45;0.0;0.0
108933;608471;2019-05-06;FRC;Z19;;;5;13999;2731181001.0;;;3.45;3.44;3.45;3.44;3.44;3.44;0.0;0.0
108934;608472;2019-05-06;FRC;F20;;;20;16771;3266779751.0;;;3.5;3.48;3.5;3.48;3.48;3.48;0.0;3.5
108935;608473;2019-05-06;FRC;G20;;;0;0;0.0;;;0.0;0.0;0.0;0.0;0.0;3.5;3.49;0.0
108936;608474;2019-05-06;FRC;H20;;;1;59;11458060.0;;;3.5;3.5;3.5;3.5;3.5;3.5;0.0;0.0
108937;608475;2019-05-06;FRC;J20;;;14;7786;1509855451.0;;;3.53;3.52;3.53;3.52;3.52;3.52;0.0;3.53
108938;608476;2019-05-06;FRC;K20;;;1;197;38142352.0;;;3.52;3.52;3.52;3.52;3.52;3.52;0.0;0.0
108939;608477;2019-05-06;FRC;N20;;;11;6692;1291901008.0;;;3.56;3.54;3.56;3.54;3.54;3.54;0.0;0.0
108940;608478;2019-05-06;FRC;V20;;;5;1367;262753621.0;;;3.53;3.53;3.53;3.53;3.53;3.53;0.0;3.53
108941;608479;2019-05-06;FRC;F21;;;7;2919;558632347.0;;;3.51;3.51;3.51;3.51;3.51;3.51;0.0;0.0
108942;608480;2019-05-06;FRC;J21;;;2;252;48020930.0;;;3.53;3.53;3.53;3.53;3.53;3.49;3.49;0.0
108943;608481;2019-05-06;FRC;N21;;;2;772;146523053.0;;;3.5;3.5;3.5;3.5;3.5;3.5;0.0;0.0
108944;608482;2019-05-06;FRC;V21;;;0;0;0.0;;;0.0;0.0;0.0;0.0;0.0;3.48;3.47;3.49
108945;608483;2019-05-06;FRC;F22;;;0;0;0.0;;;0.0;0.0;0.0;0.0;0.0;3.48;3.47;3.49
108946;608484;2019-05-06;FRC;J22;;;0;0;0.0;;;0.0;0.0;0.0;0.0;0.0;3.49;0.0;0.0
108947;608485;2019-05-06;FRC;N22;;;1;190;35460553.0;;;3.49;3.49;3.49;3.49;3.49;3.49;0.0;0.0
108948;608486;2019-05-06;FRC;V22;;;0;0;0.0;;;0.0;0.0;0.0;0.0;0.0;3.49;0.0;0.0
108949;608487;2019-05-06;FRC;F23;;;6;1567;289921340.0;;;3.51;3.51;3.51;3.51;3.51;3.51;0.0;0.0
108950;608488;2019-05-06;FRC;J23;;;2;4456;820994883.0;;;3.51;3.51;3.51;3.51;3.51;3.51;0.0;0.0
108951;608489;2019-05-06;FRC;N23;;;2;562;103061624.0;;;3.54;3.54;3.54;3.54;3.54;3.53;0.0;0.0
108952;608490;2019-05-06;FRC;V23;;;2;4216;769916173.0;;;3.53;3.53;3.54;3.53;3.54;3.53;0.0;0.0
108953;608491;2019-05-06;FRC;F24;;;2;372;67626399.0;;;3.56;3.56;3.56;3.56;3.56;3.56;0.0;0.0
108954;608492;2019-05-06;FRC;J24;;;0;0;0.0;;;0.0;0.0;0.0;0.0;0.0;3.61;0.0;0.0
108955;608493;2019-05-06;FRC;N24;;;1;184;33120700.0;;;3.62;3.62;3.62;3.62;3.62;3.62;0.0;0.0
108956;608494;2019-05-06;FRC;F25;;;5;915;163342634.0;;;3.62;3.62;3.62;3.62;3.62;3.62;0.0;0.0
108957;608495;2019-05-06;FRC;N25;;;0;0;0.0;;;0.0;0.0;0.0;0.0;0.0;3.67;0.0;0.0
108958;608496;2019-05-06;FRC;F26;;;0;0;0.0;;;0.0;0.0;0.0;0.0;0.0;3.73;0.0;0.0
108959;608497;2019-05-06;FRC;N26;;;0;0;0.0;;;0.0;0.0;0.0;0.0;0.0;3.78;0.0;0.0
108960;608498;2019-05-06;FRC;F27;;;0;0;0.0;;;0.0;0.0;0.0;0.0;0.0;3.89;0.0;0.0
108961;608499;2019-05-06;FRC;F28;;;0;0;0.0;;;0.0;0.0;0.0;0.0;0.0;4.04;0.0;0.0
108962;608500;2019-05-06;FRC;F29;;;1;171;28007608.0;;;4.14;4.14;4.14;4.14;4.14;4.14;0.0;0.0
108963;608501;2019-05-06;FRC;F30;;;0;0;0.0;;;0.0;0.0;0.0;0.0;0.0;4.25;0.0;0.0
108964;608502;2019-05-06;FRC;F31;;;0;0;0.0;;;0.0;0.0;0.0;0.0;0.0;4.31;0.0;0.0
108965;608670;2019-05-07;FRC;N19;;;37;85928;16994503341.0;;;3.3;3.28;3.31;3.3;3.31;3.31;0.0;0.0
108966;608671;2019-05-07;FRC;Q19;;;15;29357;5797290004.0;;;3.39;3.39;3.39;3.39;3.39;3.39;0.0;0.0
108967;608672;2019-05-07;FRC;U19;;;14;9997;1971325578.0;;;3.36;3.35;3.36;3.35;3.35;3.35;0.0;0.0
108968;608673;2019-05-07;FRC;V19;;;9;7161;1410067846.0;;;3.4;3.4;3.4;3.4;3.4;3.4;3.4;0.0
108969;608674;2019-05-07;FRC;X19;;;13;36935;7261404170.0;;;3.45;3.45;3.45;3.45;3.45;3.45;0.0;0.0
108970;608675;2019-05-07;FRC;Z19;;;11;11500;2257572319.0;;;3.45;3.45;3.45;3.45;3.45;3.45;0.0;0.0
108971;608676;2019-05-07;FRC;F20;;;18;22907;4489707024.0;;;3.48;3.48;3.49;3.48;3.49;3.49;0.0;0.0
108972;608677;2019-05-07;FRC;G20;;;17;18011;3524581919.0;;;3.5;3.5;3.5;3.5;3.5;3.5;3.49;3.52
108973;608678;2019-05-07;FRC;H20;;;6;1775;346879268.0;;;3.5;3.5;3.5;3.5;3.5;3.5;0.0;0.0
108974;608679;2019-05-07;FRC;J20;;;39;88209;17211497393.0;;;3.52;3.5;3.53;3.52;3.53;3.53;3.51;3.53
108975;608680;2019-05-07;FRC;K20;;;1;590;114937269.0;;;3.53;3.53;3.53;3.53;3.53;3.53;0.0;0.0
108976;608681;2019-05-07;FRC;N20;;;16;40335;7835440986.0;;;3.52;3.52;3.54;3.53;3.54;3.54;3.52;0.0
108977;608682;2019-05-07;FRC;V20;;;4;30984;5993628843.0;;;3.51;3.51;3.51;3.51;3.51;3.51;3.51;0.0
108978;608683;2019-05-07;FRC;F21;;;13;6659;1282368945.0;;;3.53;3.5;3.53;3.5;3.53;3.53;0.0;0.0
108979;608684;2019-05-07;FRC;J21;;;2;387;74222131.0;;;3.5;3.5;3.5;3.5;3.5;3.49;0.0;0.0
108980;608685;2019-05-07;FRC;N21;;;6;2123;405400286.0;;;3.5;3.5;3.52;3.51;3.52;3.52;0.0;0.0
108981;608686;2019-05-07;FRC;V21;;;8;1921;365290544.0;;;3.5;3.5;3.5;3.5;3.5;3.5;0.0;0.0
108982;608687;2019-05-07;FRC;F22;;;16;4316;817285563.0;;;3.49;3.48;3.5;3.49;3.5;3.5;0.0;0.0
108983;608688;2019-05-07;FRC;J22;;;0;0;0.0;;;0.0;0.0;0.0;0.0;0.0;3.5;0.0;0.0
108984;608689;2019-05-07;FRC;N22;;;0;0;0.0;;;0.0;0.0;0.0;0.0;0.0;3.5;0.0;0.0
108985;608690;2019-05-07;FRC;V22;;;0;0;0.0;;;0.0;0.0;0.0;0.0;0.0;3.49;0.0;0.0
108986;608691;2019-05-07;FRC;F23;;;15;5395;1004386898.0;;;3.49;3.48;3.51;3.5;3.51;3.51;0.0;0.0
108987;608692;2019-05-07;FRC;J23;;;0;0;0.0;;;0.0;0.0;0.0;0.0;0.0;3.51;0.0;0.0
108988;608693;2019-05-07;FRC;N23;;;2;468;86370052.0;;;3.53;3.53;3.53;3.53;3.53;3.54;0.0;0.0
108989;608694;2019-05-07;FRC;V23;;;2;374;68737646.0;;;3.54;3.54;3.54;3.54;3.54;3.54;0.0;0.0
108990;608695;2019-05-07;FRC;F24;;;0;0;0.0;;;0.0;0.0;0.0;0.0;0.0;3.57;0.0;0.0
108991;608696;2019-05-07;FRC;J24;;;0;0;0.0;;;0.0;0.0;0.0;0.0;0.0;3.62;0.0;0.0
108992;608697;2019-05-07;FRC;N24;;;0;0;0.0;;;0.0;0.0;0.0;0.0;0.0;3.63;0.0;0.0
108993;608698;2019-05-07;FRC;F25;;;6;2872;515893211.0;;;3.62;3.6;3.62;3.61;3.62;3.62;0.0;0.0
108994;608699;2019-05-07;FRC;N25;;;3;2178;387398640.0;;;3.68;3.68;3.68;3.68;3.68;3.69;0.0;0.0
108995;608700;2019-05-07;FRC;F26;;;2;360;63329334.0;;;3.77;3.77;3.77;3.77;3.77;3.77;0.0;0.0
108996;608701;2019-05-07;FRC;N26;;;0;0;0.0;;;0.0;0.0;0.0;0.0;0.0;3.83;0.0;0.0
108997;608702;2019-05-07;FRC;F27;;;0;0;0.0;;;0.0;0.0;0.0;0.0;0.0;3.94;0.0;0.0
108998;608703;2019-05-07;FRC;F28;;;0;0;0.0;;;0.0;0.0;0.0;0.0;0.0;4.09;0.0;0.0
108999;608704;2019-05-07;FRC;F29;;;0;0;0.0;;;0.0;0.0;0.0;0.0;0.0;4.19;0.0;0.0
109000;608705;2019-05-07;FRC;F30;;;0;0;0.0;;;0.0;0.0;0.0;0.0;0.0;4.3;0.0;0.0
109001;608706;2019-05-07;FRC;F31;;;0;0;0.0;;;0.0;0.0;0.0;0.0;0.0;4.36;0.0;0.0
109002;608874;2019-05-08;FRC;N19;;;23;27964;5515502519.0;;;3.29;3.25;3.3;3.29;3.3;3.3;0.0;0.0
109003;608875;2019-05-08;FRC;Q19;;;18;25927;5106040094.0;;;3.38;3.37;3.39;3.37;3.37;3.37;3.37;0.0
109004;608876;2019-05-08;FRC;U19;;;7;6573;1292625361.0;;;3.34;3.34;3.34;3.34;3.34;3.34;0.0;0.0
109005;608877;2019-05-08;FRC;V19;;;16;13325;2616692377.0;;;3.39;3.39;3.39;3.39;3.39;3.39;3.39;0.0
109006;608878;2019-05-08;FRC;X19;;;1;199;39017301.0;;;3.44;3.44;3.44;3.44;3.44;3.44;3.44;0.0
109007;608879;2019-05-08;FRC;Z19;;;4;2776;543484387.0;;;3.44;3.44;3.44;3.44;3.44;3.44;0.0;0.0
109008;608880;2019-05-08;FRC;F20;;;16;21977;4295654035.0;;;3.49;3.49;3.49;3.49;3.49;3.49;0.0;0.0
109009;608881;2019-05-08;FRC;G20;;;2;10892;2125630299.0;;;3.5;3.5;3.5;3.5;3.5;3.5;0.0;0.0
109010;608882;2019-05-08;FRC;H20;;;0;0;0.0;;;0.0;0.0;0.0;0.0;0.0;3.51;3.51;3.53
109011;608883;2019-05-08;FRC;J20;;;14;9736;1894507062.0;;;3.53;3.53;3.53;3.53;3.53;3.53;3.52;3.55
109012;608884;2019-05-08;FRC;K20;;;5;1772;344246947.0;;;3.54;3.54;3.54;3.54;3.54;3.54;0.0;0.0
109013;608885;2019-05-08;FRC;N20;;;10;10283;1992096877.0;;;3.53;3.53;3.54;3.53;3.54;3.55;0.0;0.0
109014;608886;2019-05-08;FRC;V20;;;36;14591;2814409795.0;;;3.51;3.51;3.54;3.52;3.53;3.53;3.51;0.0
109015;608887;2019-05-08;FRC;F21;;;14;8564;1644539116.0;;;3.51;3.5;3.53;3.52;3.53;3.53;3.53;0.0
109016;608888;2019-05-08;FRC;J21;;;3;582;111304777.0;;;3.52;3.52;3.52;3.52;3.52;3.52;0.0;0.0
109017;608889;2019-05-08;FRC;N21;;;3;965;183756197.0;;;3.52;3.52;3.52;3.52;3.52;3.52;0.0;0.0
109018;608890;2019-05-08;FRC;V21;;;6;1287;244031686.0;;;3.5;3.5;3.52;3.51;3.52;3.52;0.0;0.0
109019;608891;2019-05-08;FRC;F22;;;9;3239;611405231.0;;;3.5;3.5;3.53;3.52;3.53;3.53;0.0;3.53
109020;608892;2019-05-08;FRC;J22;;;4;1431;268979464.0;;;3.54;3.53;3.54;3.53;3.53;3.54;0.0;0.0
109021;608893;2019-05-08;FRC;N22;;;2;380;71127677.0;;;3.53;3.53;3.53;3.53;3.53;3.53;0.0;0.0
109022;608894;2019-05-08;FRC;V22;;;0;0;0.0;;;0.0;0.0;0.0;0.0;0.0;3.53;0.0;0.0
109023;608895;2019-05-08;FRC;F23;;;10;3964;735811472.0;;;3.5;3.5;3.55;3.52;3.55;3.55;3.52;0.0
109024;608896;2019-05-08;FRC;J23;;;1;188;34734123.0;;;3.55;3.55;3.55;3.55;3.55;3.55;0.0;0.0
109025;608897;2019-05-08;FRC;N23;;;2;374;68777811.0;;;3.57;3.57;3.57;3.57;3.57;3.57;0.0;0.0
109026;608898;2019-05-08;FRC;V23;;;5;930;170256659.0;;;3.58;3.58;3.58;3.58;3.58;3.58;0.0;0.0
109027;608899;2019-05-08;FRC;F24;;;2;873;159044374.0;;;3.62;3.62;3.62;3.62;3.62;3.63;0.0;0.0
109028;608900;2019-05-08;FRC;J24;;;2;370;67125257.0;;;3.62;3.62;3.62;3.62;3.62;3.62;0.0;0.0
109029;608901;2019-05-08;FRC;N24;;;0;0;0.0;;;0.0;0.0;0.0;0.0;0.0;3.64;0.0;0.0
109030;608902;2019-05-08;FRC;F25;;;5;2634;471405787.0;;;3.62;3.62;3.66;3.65;3.66;3.66;0.0;0.0
109031;608903;2019-05-08;FRC;N25;;;2;1812;320868081.0;;;3.74;3.74;3.74;3.74;3.74;3.72;0.0;0.0
109032;608904;2019-05-08;FRC;F26;;;5;1619;283978174.0;;;3.77;3.77;3.78;3.77;3.78;3.78;0.0;0.0
109033;608905;2019-05-08;FRC;N26;;;1;178;30852905.0;;;3.88;3.88;3.88;3.88;3.88;3.88;0.0;0.0
109034;608906;2019-05-08;FRC;F27;;;3;1592;273382542.0;;;3.9;3.9;3.9;3.9;3.9;3.95;0.0;3.97
109035;608907;2019-05-08;FRC;F28;;;3;522;87608996.0;;;4.07;4.06;4.07;4.06;4.06;4.06;0.0;0.0
109036;608908;2019-05-08;FRC;F29;;;0;0;0.0;;;0.0;0.0;0.0;0.0;0.0;4.16;0.0;0.0
109037;608909;2019-05-08;FRC;F30;;;0;0;0.0;;;0.0;0.0;0.0;0.0;0.0;4.27;0.0;0.0
109038;608910;2019-05-08;FRC;F31;;;0;0;0.0;;;0.0;0.0;0.0;0.0;0.0;4.33;0.0;0.0
109039;609078;2019-05-09;FRC;N19;;;51;130528;25624663081.0;;;3.35;3.35;3.4;3.36;3.37;3.36;0.0;0.0
109040;609079;2019-05-09;FRC;Q19;;;20;27519;5394215265.0;;;3.43;3.43;3.43;3.43;3.43;3.43;0.0;0.0
109041;609080;2019-05-09;FRC;U19;;;8;8603;1683923066.0;;;3.38;3.38;3.38;3.38;3.38;3.38;0.0;0.0
109042;609081;2019-05-09;FRC;V19;;;15;10421;2036734733.0;;;3.4;3.4;3.45;3.44;3.45;3.45;0.0;0.0
109043;609082;2019-05-09;FRC;X19;;;14;10385;2026530113.0;;;3.45;3.45;3.49;3.48;3.49;3.49;3.49;0.0
109044;609083;2019-05-09;FRC;Z19;;;12;8702;1695617290.0;;;3.48;3.48;3.48;3.48;3.48;3.48;0.0;0.0
109045;609084;2019-05-09;FRC;F20;;;46;14358;2793082626.0;;;3.51;3.51;3.55;3.53;3.54;3.54;0.0;0.0
109046;609085;2019-05-09;FRC;G20;;;3;455;88374984.0;;;3.52;3.52;3.55;3.53;3.55;3.55;0.0;0.0
109047;609086;2019-05-09;FRC;H20;;;16;6316;1224984422.0;;;3.53;3.53;3.56;3.55;3.56;3.56;0.0;0.0
109048;609087;2019-05-09;FRC;J20;;;36;29683;5748597164.0;;;3.53;3.53;3.58;3.55;3.58;3.58;0.0;0.0
109049;609088;2019-05-09;FRC;K20;;;12;4861;939805957.0;;;3.58;3.58;3.58;3.58;3.58;3.58;0.0;0.0
109050;609089;2019-05-09;FRC;N20;;;15;4395;847278282.0;;;3.55;3.55;3.59;3.58;3.59;3.59;0.0;0.0
109051;609090;2019-05-09;FRC;V20;;;1;195;37432133.0;;;3.55;3.55;3.55;3.55;3.55;3.57;0.0;0.0
109052;609091;2019-05-09;FRC;F21;;;29;8703;1662864024.0;;;3.53;3.53;3.58;3.57;3.58;3.58;0.0;3.58
109053;609092;2019-05-09;FRC;J21;;;1;194;36913996.0;;;3.57;3.57;3.57;3.57;3.57;3.57;0.0;0.0
109054;609093;2019-05-09;FRC;N21;;;1;193;36562988.0;;;3.57;3.57;3.57;3.57;3.57;3.57;0.0;0.0
109055;609094;2019-05-09;FRC;V21;;;1;192;36212887.0;;;3.57;3.57;3.57;3.57;3.57;3.57;0.0;0.0
109056;609095;2019-05-09;FRC;F22;;;11;3138;589168539.0;;;3.58;3.58;3.58;3.58;3.58;3.58;0.0;3.58
109057;609096;2019-05-09;FRC;J22;;;7;2288;427799929.0;;;3.58;3.58;3.58;3.58;3.58;3.58;0.0;0.0
109058;609097;2019-05-09;FRC;N22;;;1;380;70748366.0;;;3.58;3.58;3.58;3.58;3.58;3.58;0.0;0.0
109059;609098;2019-05-09;FRC;V22;;;0;0;0.0;;;0.0;0.0;0.0;0.0;0.0;3.57;0.0;0.0
109060;609099;2019-05-09;FRC;F23;;;6;1318;243232365.0;;;3.55;3.55;3.59;3.58;3.59;3.59;0.0;0.0
109061;609100;2019-05-09;FRC;J23;;;0;0;0.0;;;0.0;0.0;0.0;0.0;0.0;3.59;0.0;0.0
109062;609101;2019-05-09;FRC;N23;;;2;748;136844459.0;;;3.6;3.6;3.6;3.6;3.6;3.6;0.0;0.0
109063;609102;2019-05-09;FRC;V23;;;0;0;0.0;;;0.0;0.0;0.0;0.0;0.0;3.6;0.0;0.0
109064;609103;2019-05-09;FRC;F24;;;6;1301;235842663.0;;;3.64;3.64;3.64;3.64;3.64;3.64;0.0;0.0
109065;609104;2019-05-09;FRC;J24;;;2;370;66759347.0;;;3.66;3.66;3.66;3.66;3.66;3.66;0.0;0.0
109066;609105;2019-05-09;FRC;N24;;;0;0;0.0;;;0.0;0.0;0.0;0.0;0.0;3.68;0.0;0.0
109067;609106;2019-05-09;FRC;F25;;;11;2195;390632618.0;;;3.7;3.7;3.7;3.7;3.7;3.7;0.0;0.0
109068;609107;2019-05-09;FRC;N25;;;0;0;0.0;;;0.0;0.0;0.0;0.0;0.0;3.75;0.0;0.0
109069;609108;2019-05-09;FRC;F26;;;0;0;0.0;;;0.0;0.0;0.0;0.0;0.0;3.8;0.0;0.0
109070;609109;2019-05-09;FRC;N26;;;5;1855;320403725.0;;;3.85;3.85;3.85;3.85;3.85;3.89;0.0;0.0
109071;609110;2019-05-09;FRC;F27;;;4;1768;302089653.0;;;3.91;3.91;3.91;3.91;3.91;3.96;0.0;0.0
109072;609111;2019-05-09;FRC;F28;;;0;0;0.0;;;0.0;0.0;0.0;0.0;0.0;4.08;0.0;0.0
109073;609112;2019-05-09;FRC;F29;;;0;0;0.0;;;0.0;0.0;0.0;0.0;0.0;4.18;0.0;0.0
109074;609113;2019-05-09;FRC;F30;;;0;0;0.0;;;0.0;0.0;0.0;0.0;0.0;4.29;0.0;0.0
109075;609114;2019-05-09;FRC;F31;;;0;0;0.0;;;0.0;0.0;0.0;0.0;0.0;4.35;0.0;0.0
109076;609282;2019-05-10;FRC;N19;;;40;57441;11332934894.0;;;3.39;3.29;3.39;3.3;3.29;3.29;0.0;0.0
109077;609283;2019-05-10;FRC;Q19;;;17;19962;3932525613.0;;;3.45;3.38;3.45;3.38;3.38;3.38;0.0;0.0
109078;609284;2019-05-10;FRC;U19;;;0;0;0.0;;;0.0;0.0;0.0;0.0;0.0;3.33;0.0;0.0
109079;609285;2019-05-10;FRC;V19;;;15;9946;1953727141.0;;;3.4;3.4;3.4;3.4;3.4;3.4;3.4;3.44
109080;609286;2019-05-10;FRC;X19;;;6;3377;662330686.0;;;3.44;3.44;3.44;3.44;3.44;3.44;3.44;0.0
109081;609287;2019-05-10;FRC;Z19;;;4;2181;427143586.0;;;3.43;3.43;3.43;3.43;3.43;3.43;0.0;0.0
109082;609288;2019-05-10;FRC;F20;;;26;9920;1939448234.0;;;3.53;3.5;3.53;3.51;3.5;3.5;0.0;0.0
109083;609289;2019-05-10;FRC;G20;;;7;3163;617451520.0;;;3.51;3.51;3.51;3.51;3.51;3.51;0.0;0.0
109084;609290;2019-05-10;FRC;H20;;;2;4540;885028240.0;;;3.52;3.52;3.52;3.52;3.52;3.52;0.0;0.0
109085;609291;2019-05-10;FRC;J20;;;13;12886;2508008844.0;;;3.58;3.55;3.58;3.55;3.55;3.55;0.0;0.0
109086;609292;2019-05-10;FRC;K20;;;2;1692;328752870.0;;;3.58;3.57;3.58;3.57;3.57;3.55;0.0;0.0
109087;609293;2019-05-10;FRC;N20;;;9;4436;859577118.0;;;3.58;3.55;3.58;3.55;3.55;3.55;0.0;0.0
109088;609294;2019-05-10;FRC;V20;;;11;4883;941962340.0;;;3.56;3.56;3.56;3.56;3.56;3.56;0.0;0.0
109089;609295;2019-05-10;FRC;F21;;;10;2726;523483408.0;;;3.56;3.56;3.56;3.56;3.56;3.56;0.0;0.0
109090;609296;2019-05-10;FRC;J21;;;2;193;36902951.0;;;3.56;3.56;3.56;3.56;3.56;3.55;0.0;0.0
109091;609297;2019-05-10;FRC;N21;;;0;0;0.0;;;0.0;0.0;0.0;0.0;0.0;3.55;0.0;0.0
109092;609298;2019-05-10;FRC;V21;;;0;0;0.0;;;0.0;0.0;0.0;0.0;0.0;3.55;0.0;0.0
109093;609299;2019-05-10;FRC;F22;;;5;3694;697014728.0;;;3.58;3.56;3.58;3.57;3.56;3.56;0.0;0.0
109094;609300;2019-05-10;FRC;J22;;;3;3432;644879324.0;;;3.58;3.58;3.58;3.58;3.58;3.57;0.0;0.0
109095;609301;2019-05-10;FRC;N22;;;0;0;0.0;;;0.0;0.0;0.0;0.0;0.0;3.57;0.0;0.0
109096;609302;2019-05-10;FRC;V22;;;1;189;35209510.0;;;3.57;3.57;3.57;3.57;3.57;3.57;0.0;0.0
109097;609303;2019-05-10;FRC;F23;;;3;1639;303959122.0;;;3.59;3.58;3.59;3.58;3.58;3.59;0.0;0.0
109098;609304;2019-05-10;FRC;J23;;;0;0;0.0;;;0.0;0.0;0.0;0.0;0.0;3.59;0.0;0.0
109099;609305;2019-05-10;FRC;N23;;;4;7313;1344536889.0;;;3.6;3.6;3.6;3.6;3.6;3.6;0.0;0.0
109100;609306;2019-05-10;FRC;V23;;;6;1527;279551253.0;;;3.6;3.6;3.6;3.6;3.6;3.6;0.0;0.0
109101;609307;2019-05-10;FRC;F24;;;2;149;27148723.0;;;3.64;3.64;3.64;3.64;3.64;3.64;0.0;0.0
109102;609308;2019-05-10;FRC;J24;;;0;0;0.0;;;0.0;0.0;0.0;0.0;0.0;3.66;0.0;0.0
109103;609309;2019-05-10;FRC;N24;;;2;276;49804058.0;;;3.68;3.68;3.68;3.68;3.68;3.68;0.0;0.0
109104;609310;2019-05-10;FRC;F25;;;5;2099;375266241.0;;;3.7;3.7;3.73;3.7;3.7;3.7;0.0;0.0
109105;609311;2019-05-10;FRC;N25;;;1;18;3185193.0;;;3.75;3.75;3.75;3.75;3.75;3.75;0.0;0.0
109106;609312;2019-05-10;FRC;F26;;;5;935;163900581.0;;;3.8;3.8;3.81;3.8;3.81;3.81;0.0;0.0
109107;609313;2019-05-10;FRC;N26;;;2;356;61671974.0;;;3.91;3.91;3.91;3.91;3.91;3.91;0.0;0.0
109108;609314;2019-05-10;FRC;F27;;;3;1007;172650927.0;;;3.96;3.92;3.96;3.95;3.92;3.98;0.0;0.0
109109;609315;2019-05-10;FRC;F28;;;3;1043;175009575.0;;;4.07;4.07;4.1;4.07;4.1;4.1;0.0;0.0
109110;609316;2019-05-10;FRC;F29;;;2;120;19711429.0;;;4.18;4.18;4.18;4.18;4.18;4.2;0.0;0.0
109111;609317;2019-05-10;FRC;F30;;;0;0;0.0;;;0.0;0.0;0.0;0.0;0.0;4.31;0.0;0.0
109112;609318;2019-05-10;FRC;F31;;;0;0;0.0;;;0.0;0.0;0.0;0.0;0.0;4.37;0.0;0.0
109113;609486;2019-05-13;FRC;N19;;;28;84477;16704552166.0;;;3.29;3.22;3.29;3.24;3.22;3.22;0.0;3.24
109114;609487;2019-05-13;FRC;Q19;;;13;41686;8230650705.0;;;3.38;3.31;3.38;3.34;3.31;3.31;0.0;0.0
109115;609488;2019-05-13;FRC;U19;;;9;6054;1193694499.0;;;3.28;3.26;3.28;3.27;3.26;3.26;3.26;3.3
109116;609489;2019-05-13;FRC;V19;;;17;22513;4432439084.0;;;3.4;3.35;3.4;3.35;3.35;3.35;3.35;3.38
109117;609490;2019-05-13;FRC;X19;;;9;8937;1756840103.0;;;3.45;3.39;3.45;3.4;3.39;3.39;0.0;0.0
109118;609491;2019-05-13;FRC;Z19;;;24;4618;906580595.0;;;3.38;3.36;3.38;3.36;3.37;3.36;0.0;3.4
109119;609492;2019-05-13;FRC;F20;;;29;15740;3084554239.0;;;3.5;3.44;3.5;3.46;3.44;3.44;3.44;0.0
109120;609493;2019-05-13;FRC;G20;;;9;3046;596052971.0;;;3.51;3.45;3.51;3.45;3.45;3.45;0.0;0.0
109121;609494;2019-05-13;FRC;H20;;;5;1579;308552051.0;;;3.47;3.47;3.47;3.47;3.47;3.47;0.0;0.0
109122;609495;2019-05-13;FRC;J20;;;27;11729;2288298691.0;;;3.55;3.5;3.55;3.51;3.51;3.51;0.0;0.0
109123;609496;2019-05-13;FRC;K20;;;4;788;153497119.0;;;3.51;3.51;3.51;3.51;3.51;3.51;0.0;0.0
109124;609497;2019-05-13;FRC;N20;;;19;9387;1823444462.0;;;3.55;3.51;3.55;3.51;3.51;3.51;0.0;0.0
109125;609498;2019-05-13;FRC;V20;;;7;2149;415613187.0;;;3.51;3.51;3.51;3.51;3.51;3.51;0.0;0.0
109126;609499;2019-05-13;FRC;F21;;;11;4575;880770142.0;;;3.56;3.51;3.56;3.51;3.51;3.51;0.0;0.0
109127;609500;2019-05-13;FRC;J21;;;8;5564;1066580509.0;;;3.53;3.52;3.55;3.53;3.52;3.52;0.0;0.0
109128;609501;2019-05-13;FRC;N21;;;6;1853;353677756.0;;;3.55;3.52;3.55;3.53;3.52;3.52;0.0;0.0
109129;609502;2019-05-13;FRC;V21;;;5;960;182472659.0;;;3.51;3.51;3.52;3.51;3.52;3.52;0.0;0.0
109130;609503;2019-05-13;FRC;F22;;;9;2301;435495234.0;;;3.56;3.51;3.56;3.51;3.51;3.51;0.0;0.0
109131;609504;2019-05-13;FRC;J22;;;4;764;144001069.0;;;3.52;3.52;3.52;3.52;3.52;3.52;0.0;0.0
109132;609505;2019-05-13;FRC;N22;;;3;608;114041319.0;;;3.56;3.56;3.56;3.56;3.56;3.53;0.0;0.0
109133;609506;2019-05-13;FRC;V22;;;4;662;123635614.0;;;3.57;3.54;3.57;3.55;3.54;3.54;0.0;0.0
109134;609507;2019-05-13;FRC;F23;;;11;3208;596786663.0;;;3.54;3.54;3.54;3.54;3.54;3.54;0.0;0.0
109135;609508;2019-05-13;FRC;J23;;;2;376;69643190.0;;;3.55;3.55;3.55;3.55;3.55;3.55;0.0;0.0
109136;609509;2019-05-13;FRC;N23;;;0;0;0.0;;;0.0;0.0;0.0;0.0;0.0;3.57;0.0;0.0
109137;609510;2019-05-13;FRC;V23;;;3;558;102407985.0;;;3.58;3.58;3.58;3.58;3.58;3.58;0.0;0.0
109138;609511;2019-05-13;FRC;F24;;;16;3272;597507179.0;;;3.64;3.63;3.64;3.63;3.63;3.63;0.0;0.0
109139;609512;2019-05-13;FRC;J24;;;2;1145;208039392.0;;;3.66;3.66;3.66;3.66;3.66;3.65;0.0;0.0
109140;609513;2019-05-13;FRC;N24;;;4;1122;202920094.0;;;3.68;3.67;3.68;3.67;3.67;3.67;3.65;3.69
109141;609514;2019-05-13;FRC;F25;;;10;2194;393231273.0;;;3.7;3.7;3.7;3.7;3.7;3.7;0.0;0.0
109142;609515;2019-05-13;FRC;N25;;;0;0;0.0;;;0.0;0.0;0.0;0.0;0.0;3.75;0.0;0.0
109143;609516;2019-05-13;FRC;F26;;;6;1080;189688528.0;;;3.82;3.82;3.82;3.82;3.82;3.82;0.0;0.0
109144;609517;2019-05-13;FRC;N26;;;0;0;0.0;;;0.0;0.0;0.0;0.0;0.0;3.92;0.0;0.0
109145;609518;2019-05-13;FRC;F27;;;0;0;0.0;;;0.0;0.0;0.0;0.0;0.0;3.99;0.0;0.0
109146;609519;2019-05-13;FRC;F28;;;0;0;0.0;;;0.0;0.0;0.0;0.0;0.0;4.11;0.0;0.0
109147;609520;2019-05-13;FRC;F29;;;0;0;0.0;;;0.0;0.0;0.0;0.0;0.0;4.21;0.0;0.0
109148;609521;2019-05-13;FRC;F30;;;0;0;0.0;;;0.0;0.0;0.0;0.0;0.0;4.32;0.0;0.0
109149;609522;2019-05-13;FRC;F31;;;0;0;0.0;;;0.0;0.0;0.0;0.0;0.0;4.38;0.0;0.0
109150;609690;2019-05-14;FRC;N19;;;37;44343;8806211458.0;;;3.22;3.2;3.23;3.22;3.23;3.23;0.0;0.0
109151;609691;2019-05-14;FRC;Q19;;;6;6980;1384133969.0;;;3.32;3.31;3.32;3.31;3.31;3.31;0.0;0.0
109152;609692;2019-05-14;FRC;U19;;;23;29079;5758276525.0;;;3.27;3.27;3.37;3.27;3.28;3.28;0.0;0.0
109153;609693;2019-05-14;FRC;V19;;;15;52230;10327398945.0;;;3.36;3.36;3.36;3.36;3.36;3.36;3.35;0.0
109154;609694;2019-05-14;FRC;X19;;;23;82077;16203486626.0;;;3.4;3.4;3.42;3.41;3.42;3.42;0.0;0.0
109155;609695;2019-05-14;FRC;Z19;;;32;40971;8077200355.0;;;3.37;3.37;3.4;3.39;3.39;3.39;0.0;0.0
109156;609696;2019-05-14;FRC;F20;;;34;16098;3168438896.0;;;3.44;3.44;3.46;3.45;3.46;3.46;3.46;0.0
109157;609697;2019-05-14;FRC;G20;;;8;2767;543754101.0;;;3.45;3.45;3.47;3.46;3.47;3.47;3.46;0.0
109158;609698;2019-05-14;FRC;H20;;;1;197;38660469.0;;;3.47;3.47;3.47;3.47;3.47;3.49;0.0;0.0
109159;609699;2019-05-14;FRC;J20;;;16;10287;2015513805.0;;;3.49;3.49;3.52;3.51;3.52;3.52;0.0;0.0
109160;609700;2019-05-14;FRC;K20;;;3;984;192479071.0;;;3.53;3.53;3.53;3.53;3.53;3.53;0.0;0.0
109161;609701;2019-05-14;FRC;N20;;;14;16487;3216205121.0;;;3.51;3.51;3.52;3.51;3.52;3.52;0.0;0.0
109162;609702;2019-05-14;FRC;V20;;;9;2147;416948340.0;;;3.53;3.53;3.53;3.53;3.53;3.53;0.0;0.0
109163;609703;2019-05-14;FRC;F21;;;4;780;150792637.0;;;3.54;3.54;3.54;3.54;3.54;3.54;0.0;3.55
109164;609704;2019-05-14;FRC;J21;;;1;194;37348668.0;;;3.54;3.54;3.54;3.54;3.54;3.54;0.0;0.0
109165;609705;2019-05-14;FRC;N21;;;4;772;147994128.0;;;3.53;3.53;3.53;3.53;3.53;3.53;3.52;0.0
109166;609706;2019-05-14;FRC;V21;;;0;0;0.0;;;0.0;0.0;0.0;0.0;0.0;3.53;3.52;0.0
109167;609707;2019-05-14;FRC;F22;;;15;3833;728523238.0;;;3.52;3.52;3.52;3.52;3.52;3.52;0.0;0.0
109168;609708;2019-05-14;FRC;J22;;;0;0;0.0;;;0.0;0.0;0.0;0.0;0.0;3.53;0.0;0.0
109169;609709;2019-05-14;FRC;N22;;;0;0;0.0;;;0.0;0.0;0.0;0.0;0.0;3.54;0.0;0.0
109170;609710;2019-05-14;FRC;V22;;;0;0;0.0;;;0.0;0.0;0.0;0.0;0.0;3.55;0.0;0.0
109171;609711;2019-05-14;FRC;F23;;;10;4168;778430118.0;;;3.57;3.55;3.57;3.55;3.55;3.55;3.55;0.0
109172;609712;2019-05-14;FRC;J23;;;3;564;104877169.0;;;3.57;3.57;3.57;3.57;3.57;3.56;0.0;0.0
109173;609713;2019-05-14;FRC;N23;;;0;0;0.0;;;0.0;0.0;0.0;0.0;0.0;3.59;0.0;0.0
109174;609714;2019-05-14;FRC;V23;;;2;242;44590444.0;;;3.6;3.6;3.6;3.6;3.6;3.6;0.0;0.0
109175;609715;2019-05-14;FRC;F24;;;24;8862;1624241870.0;;;3.66;3.65;3.66;3.65;3.65;3.65;0.0;0.0
109176;609716;2019-05-14;FRC;J24;;;0;0;0.0;;;0.0;0.0;0.0;0.0;0.0;3.67;0.0;0.0
109177;609717;2019-05-14;FRC;N24;;;0;0;0.0;;;0.0;0.0;0.0;0.0;0.0;3.69;0.0;0.0
109178;609718;2019-05-14;FRC;F25;;;14;2799;503493774.0;;;3.73;3.73;3.73;3.73;3.73;3.73;0.0;0.0
109179;609719;2019-05-14;FRC;N25;;;0;0;0.0;;;0.0;0.0;0.0;0.0;0.0;3.78;0.0;0.0
109180;609720;2019-05-14;FRC;F26;;;0;0;0.0;;;0.0;0.0;0.0;0.0;0.0;3.84;0.0;0.0
109181;609721;2019-05-14;FRC;N26;;;0;0;0.0;;;0.0;0.0;0.0;0.0;0.0;3.94;0.0;0.0
109182;609722;2019-05-14;FRC;F27;;;0;0;0.0;;;0.0;0.0;0.0;0.0;0.0;4.0;0.0;0.0
109183;609723;2019-05-14;FRC;F28;;;0;0;0.0;;;0.0;0.0;0.0;0.0;0.0;4.11;0.0;0.0
109184;609724;2019-05-14;FRC;F29;;;0;0;0.0;;;0.0;0.0;0.0;0.0;0.0;4.2;0.0;0.0
109185;609725;2019-05-14;FRC;F30;;;0;0;0.0;;;0.0;0.0;0.0;0.0;0.0;4.3;0.0;0.0
109186;609726;2019-05-14;FRC;F31;;;0;0;0.0;;;0.0;0.0;0.0;0.0;0.0;4.36;0.0;0.0
109187;609895;2019-05-15;FRC;N19;;;44;74111;14716845922.0;;;3.25;3.15;3.25;3.19;3.18;3.18;3.15;3.2
109188;609896;2019-05-15;FRC;Q19;;;40;57243;11350608838.0;;;3.32;3.27;3.33;3.27;3.27;3.27;0.0;0.0
109189;609897;2019-05-15;FRC;U19;;;22;38521;7627380984.0;;;3.29;3.23;3.29;3.26;3.23;3.23;3.23;3.28
109190;609898;2019-05-15;FRC;V19;;;22;31943;6315498037.0;;;3.37;3.33;3.38;3.35;3.33;3.33;0.0;0.0
109191;609899;2019-05-15;FRC;X19;;;12;37952;7492236495.0;;;3.43;3.38;3.43;3.38;3.38;3.38;3.38;3.46
109192;609900;2019-05-15;FRC;Z19;;;9;11343;2235980880.0;;;3.41;3.38;3.41;3.39;3.38;3.38;0.0;0.0
109193;609901;2019-05-15;FRC;F20;;;27;22236;4375970265.0;;;3.48;3.46;3.48;3.46;3.47;3.46;0.0;0.0
109194;609902;2019-05-15;FRC;G20;;;1;40;7860390.0;;;3.49;3.49;3.49;3.49;3.49;3.47;0.0;0.0
109195;609903;2019-05-15;FRC;H20;;;1;59;11575722.0;;;3.5;3.5;3.5;3.5;3.5;3.49;0.0;0.0
109196;609904;2019-05-15;FRC;J20;;;12;6148;1204440655.0;;;3.53;3.52;3.55;3.52;3.55;3.52;0.0;0.0
109197;609905;2019-05-15;FRC;K20;;;9;5708;1116487561.0;;;3.52;3.52;3.52;3.52;3.52;3.52;0.0;0.0
109198;609906;2019-05-15;FRC;N20;;;21;9712;1894212040.0;;;3.52;3.52;3.54;3.53;3.54;3.54;0.0;0.0
109199;609907;2019-05-15;FRC;V20;;;11;9985;1938829570.0;;;3.54;3.53;3.54;3.53;3.54;3.54;0.0;0.0
109200;609908;2019-05-15;FRC;F21;;;14;5799;1120876228.0;;;3.54;3.53;3.55;3.54;3.55;3.55;0.0;0.0
109201;609909;2019-05-15;FRC;J21;;;1;58;11163763.0;;;3.54;3.54;3.54;3.54;3.54;3.55;0.0;0.0
109202;609910;2019-05-15;FRC;N21;;;2;386;73982590.0;;;3.54;3.54;3.54;3.54;3.54;3.54;0.0;0.0
109203;609911;2019-05-15;FRC;V21;;;6;1979;377678247.0;;;3.53;3.53;3.54;3.53;3.54;3.54;0.0;0.0
109204;609912;2019-05-15;FRC;F22;;;21;5300;1007006078.0;;;3.53;3.51;3.54;3.53;3.54;3.54;0.0;0.0
109205;609913;2019-05-15;FRC;J22;;;1;572;108226857.0;;;3.54;3.54;3.54;3.54;3.54;3.54;0.0;0.0
109206;609914;2019-05-15;FRC;N22;;;2;570;107393688.0;;;3.54;3.54;3.54;3.54;3.54;3.54;0.0;0.0
109207;609915;2019-05-15;FRC;V22;;;2;95;17817115.0;;;3.57;3.57;3.57;3.57;3.57;3.56;0.0;0.0
109208;609916;2019-05-15;FRC;F23;;;4;2094;390997868.0;;;3.56;3.55;3.57;3.56;3.57;3.57;0.0;0.0
109209;609917;2019-05-15;FRC;J23;;;0;0;0.0;;;0.0;0.0;0.0;0.0;0.0;3.58;0.0;0.0
109210;609918;2019-05-15;FRC;N23;;;0;0;0.0;;;0.0;0.0;0.0;0.0;0.0;3.61;0.0;0.0
109211;609919;2019-05-15;FRC;V23;;;0;0;0.0;;;0.0;0.0;0.0;0.0;0.0;3.62;0.0;0.0
109212;609920;2019-05-15;FRC;F24;;;6;7422;1360324414.0;;;3.65;3.64;3.65;3.64;3.64;3.66;0.0;0.0
109213;609921;2019-05-15;FRC;J24;;;4;4618;842428017.0;;;3.67;3.67;3.67;3.67;3.67;3.68;0.0;0.0
109214;609922;2019-05-15;FRC;N24;;;0;0;0.0;;;0.0;0.0;0.0;0.0;0.0;3.69;0.0;0.0
109215;609923;2019-05-15;FRC;F25;;;5;2372;426293291.0;;;3.76;3.72;3.76;3.75;3.72;3.72;3.72;0.0
109216;609924;2019-05-15;FRC;N25;;;0;0;0.0;;;0.0;0.0;0.0;0.0;0.0;3.77;0.0;0.0
109217;609925;2019-05-15;FRC;F26;;;2;1455;256419707.0;;;3.84;3.84;3.84;3.84;3.84;3.83;3.83;0.0
109218;609926;2019-05-15;FRC;N26;;;0;0;0.0;;;0.0;0.0;0.0;0.0;0.0;3.93;0.0;0.0
109219;609927;2019-05-15;FRC;F27;;;2;707;121954412.0;;;3.97;3.97;3.97;3.97;3.97;3.98;3.9;0.0
109220;609928;2019-05-15;FRC;F28;;;0;0;0.0;;;0.0;0.0;0.0;0.0;0.0;4.08;4.05;0.0
109221;609929;2019-05-15;FRC;F29;;;3;1248;206053421.0;;;4.2;4.2;4.2;4.2;4.2;4.16;0.0;0.0
109222;609930;2019-05-15;FRC;F30;;;0;0;0.0;;;0.0;0.0;0.0;0.0;0.0;4.25;0.0;0.0
109223;609931;2019-05-15;FRC;F31;;;0;0;0.0;;;0.0;0.0;0.0;0.0;0.0;4.31;0.0;0.0
109224;610100;2019-05-16;FRC;N19;;;45;72240;14477806141.0;;;3.13;3.13;3.19;3.16;3.19;3.16;0.0;0.0
109225;610101;2019-05-16;FRC;Q19;;;20;15158;3033348864.0;;;3.28;3.28;3.28;3.28;3.28;3.28;0.0;0.0
109226;610102;2019-05-16;FRC;U19;;;4;995;198830791.0;;;3.26;3.26;3.26;3.26;3.26;3.26;3.27;0.0
109227;610103;2019-05-16;FRC;V19;;;1;199;39708019.0;;;3.35;3.35;3.35;3.35;3.35;3.35;0.0;0.0
109228;610104;2019-05-16;FRC;X19;;;5;2186;435506311.0;;;3.41;3.41;3.41;3.41;3.41;3.41;0.0;0.0
109229;610105;2019-05-16;FRC;Z19;;;4;1784;354877320.0;;;3.43;3.43;3.43;3.43;3.43;3.43;0.0;0.0
109230;610106;2019-05-16;FRC;F20;;;63;12682;2518649656.0;;;3.46;3.46;3.51;3.48;3.51;3.51;0.0;0.0
109231;610107;2019-05-16;FRC;G20;;;0;0;0.0;;;0.0;0.0;0.0;0.0;0.0;3.52;3.52;0.0
109232;610108;2019-05-16;FRC;H20;;;0;0;0.0;;;0.0;0.0;0.0;0.0;0.0;3.54;0.0;0.0
109233;610109;2019-05-16;FRC;J20;;;12;11548;2282861140.0;;;3.52;3.52;3.58;3.55;3.58;3.57;3.57;0.0
109234;610110;2019-05-16;FRC;K20;;;2;1378;271945816.0;;;3.58;3.58;3.58;3.58;3.58;3.58;0.0;0.0
109235;610111;2019-05-16;FRC;N20;;;6;5690;1119771077.0;;;3.54;3.54;3.59;3.57;3.59;3.59;0.0;0.0
109236;610112;2019-05-16;FRC;V20;;;10;6250;1224352169.0;;;3.59;3.59;3.59;3.59;3.59;3.59;0.0;0.0
109237;610113;2019-05-16;FRC;F21;;;19;9827;1916397878.0;;;3.55;3.55;3.59;3.58;3.59;3.59;0.0;3.62
109238;610114;2019-05-16;FRC;J21;;;2;272;52822548.0;;;3.59;3.59;3.59;3.59;3.59;3.59;0.0;0.0
109239;610115;2019-05-16;FRC;N21;;;0;0;0.0;;;0.0;0.0;0.0;0.0;0.0;3.58;0.0;0.0
109240;610116;2019-05-16;FRC;V21;;;1;96;18479674.0;;;3.58;3.58;3.58;3.58;3.58;3.58;0.0;3.58
109241;610117;2019-05-16;FRC;F22;;;3;765;146604292.0;;;3.58;3.58;3.58;3.58;3.58;3.58;0.0;0.0
109242;610118;2019-05-16;FRC;J22;;;0;0;0.0;;;0.0;0.0;0.0;0.0;0.0;3.58;0.0;0.0
109243;610119;2019-05-16;FRC;N22;;;0;0;0.0;;;0.0;0.0;0.0;0.0;0.0;3.58;0.0;0.0
109244;610120;2019-05-16;FRC;V22;;;0;0;0.0;;;0.0;0.0;0.0;0.0;0.0;3.6;0.0;0.0
109245;610121;2019-05-16;FRC;F23;;;7;1129;212593885.0;;;3.57;3.57;3.61;3.6;3.61;3.61;0.0;0.0
109246;610122;2019-05-16;FRC;J23;;;0;0;0.0;;;0.0;0.0;0.0;0.0;0.0;3.62;0.0;0.0
109247;610123;2019-05-16;FRC;N23;;;0;0;0.0;;;0.0;0.0;0.0;0.0;0.0;3.64;0.0;0.0
109248;610124;2019-05-16;FRC;V23;;;4;744;138195328.0;;;3.65;3.65;3.65;3.65;3.65;3.65;0.0;0.0
109249;610125;2019-05-16;FRC;F24;;;3;2114;390925983.0;;;3.66;3.66;3.66;3.66;3.66;3.68;0.0;0.0
109250;610126;2019-05-16;FRC;J24;;;2;1847;339964561.0;;;3.68;3.68;3.68;3.68;3.68;3.7;0.0;0.0
109251;610127;2019-05-16;FRC;N24;;;0;0;0.0;;;0.0;0.0;0.0;0.0;0.0;3.71;0.0;0.0
109252;610128;2019-05-16;FRC;F25;;;2;293;53205255.0;;;3.72;3.72;3.72;3.72;3.72;3.75;0.0;0.0
109253;610129;2019-05-16;FRC;N25;;;2;362;65069741.0;;;3.77;3.77;3.77;3.77;3.77;3.8;0.0;0.0
109254;610130;2019-05-16;FRC;F26;;;1;179;31796100.0;;;3.87;3.87;3.87;3.87;3.87;3.87;0.0;0.0
109255;610131;2019-05-16;FRC;N26;;;2;356;62550839.0;;;3.96;3.96;3.96;3.96;3.96;3.96;0.0;0.0
109256;610132;2019-05-16;FRC;F27;;;1;176;30582278.0;;;4.01;4.01;4.01;4.01;4.01;4.01;0.0;0.0
109257;610133;2019-05-16;FRC;F28;;;0;0;0.0;;;0.0;0.0;0.0;0.0;0.0;4.15;0.0;0.0
109258;610134;2019-05-16;FRC;F29;;;0;0;0.0;;;0.0;0.0;0.0;0.0;0.0;4.23;0.0;0.0
109259;610135;2019-05-16;FRC;F30;;;2;84;13701647.0;;;4.27;4.27;4.27;4.27;4.27;4.32;0.0;0.0
109260;610136;2019-05-16;FRC;F31;;;0;0;0.0;;;0.0;0.0;0.0;0.0;0.0;4.38;0.0;0.0
109261;610305;2019-05-17;FRC;N19;;;46;83546;16904577638.0;;;3.22;3.16;3.23;3.2;3.2;3.2;3.2;0.0
109262;610306;2019-05-17;FRC;Q19;;;10;4785;966719400.0;;;3.29;3.29;3.4;3.33;3.4;3.34;0.0;0.0
109263;610307;2019-05-17;FRC;U19;;;11;7167;1445793040.0;;;3.35;3.35;3.35;3.35;3.35;3.35;0.0;0.0
109264;610308;2019-05-17;FRC;V19;;;21;20584;4146266749.0;;;3.41;3.39;3.45;3.42;3.43;3.43;3.43;0.0
109265;610309;2019-05-17;FRC;X19;;;6;1194;240152373.0;;;3.45;3.45;3.46;3.45;3.46;3.46;3.46;0.0
109266;610310;2019-05-17;FRC;Z19;;;10;5950;1194815034.0;;;3.49;3.49;3.49;3.49;3.49;3.51;0.0;0.0
109267;610311;2019-05-17;FRC;F20;;;88;78386;15711952177.0;;;3.55;3.55;3.62;3.59;3.62;3.62;3.6;0.0
109268;610312;2019-05-17;FRC;G20;;;8;5928;1186239032.0;;;3.56;3.56;3.63;3.62;3.63;3.63;0.0;0.0
109269;610313;2019-05-17;FRC;H20;;;9;20914;4178765460.0;;;3.57;3.57;3.66;3.65;3.66;3.66;0.0;0.0
109270;610314;2019-05-17;FRC;J20;;;29;27011;5388818974.0;;;3.61;3.6;3.68;3.65;3.68;3.68;0.0;0.0
109271;610315;2019-05-17;FRC;K20;;;8;17405;3465931128.0;;;3.7;3.7;3.7;3.7;3.7;3.7;0.0;0.0
109272;610316;2019-05-17;FRC;M20;;;0;0;0.0;;;0.0;0.0;0.0;0.0;0.0;3.72;0.0;0.0
109273;610317;2019-05-17;FRC;N20;;;7;17493;3473366204.0;;;3.63;3.61;3.71;3.69;3.71;3.71;0.0;0.0
109274;610318;2019-05-17;FRC;V20;;;18;10700;2115270810.0;;;3.63;3.63;3.7;3.66;3.7;3.7;0.0;0.0
109275;610319;2019-05-17;FRC;F21;;;36;13629;2682294716.0;;;3.61;3.59;3.69;3.63;3.69;3.69;0.0;0.0
109276;610320;2019-05-17;FRC;J21;;;5;853;167093361.0;;;3.59;3.59;3.75;3.68;3.75;3.68;0.0;0.0
109277;610321;2019-05-17;FRC;N21;;;2;251;48960050.0;;;3.61;3.61;3.68;3.66;3.68;3.68;0.0;0.0
109278;610322;2019-05-17;FRC;V21;;;0;0;0.0;;;0.0;0.0;0.0;0.0;0.0;3.68;0.0;0.0
109279;610323;2019-05-17;FRC;F22;;;0;0;0.0;;;0.0;0.0;0.0;0.0;0.0;3.69;0.0;0.0
109280;610324;2019-05-17;FRC;J22;;;13;3042;585215119.0;;;3.69;3.69;3.69;3.69;3.69;3.69;0.0;0.0
109281;610325;2019-05-17;FRC;N22;;;4;949;181764905.0;;;3.7;3.7;3.7;3.7;3.7;3.7;0.0;0.0
109282;610326;2019-05-17;FRC;V22;;;0;0;0.0;;;0.0;0.0;0.0;0.0;0.0;3.69;0.0;0.0
109283;610327;2019-05-17;FRC;F23;;;4;733;139203167.0;;;3.67;3.65;3.67;3.66;3.65;3.67;3.65;3.67
109284;610328;2019-05-17;FRC;J23;;;0;0;0.0;;;0.0;0.0;0.0;0.0;0.0;3.67;0.0;0.0
109285;610329;2019-05-17;FRC;N23;;;0;0;0.0;;;0.0;0.0;0.0;0.0;0.0;3.68;0.0;0.0
109286;610330;2019-05-17;FRC;V23;;;4;1116;209170413.0;;;3.68;3.68;3.68;3.68;3.68;3.68;0.0;0.0
109287;610331;2019-05-17;FRC;F24;;;8;2614;487535140.0;;;3.72;3.71;3.72;3.71;3.71;3.71;0.0;0.0
109288;610332;2019-05-17;FRC;J24;;;0;0;0.0;;;0.0;0.0;0.0;0.0;0.0;3.73;0.0;0.0
109289;610333;2019-05-17;FRC;N24;;;0;0;0.0;;;0.0;0.0;0.0;0.0;0.0;3.73;0.0;0.0
109290;610334;2019-05-17;FRC;F25;;;2;364;66625786.0;;;3.76;3.76;3.76;3.76;3.76;3.76;3.76;0.0
109291;610335;2019-05-17;FRC;N25;;;0;0;0.0;;;0.0;0.0;0.0;0.0;0.0;3.82;3.82;0.0
109292;610336;2019-05-17;FRC;F26;;;2;717;128510306.0;;;3.9;3.9;3.9;3.9;3.9;3.9;0.0;0.0
109293;610337;2019-05-17;FRC;N26;;;5;890;157753519.0;;;3.99;3.99;3.99;3.99;3.99;3.99;0.0;0.0
109294;610338;2019-05-17;FRC;F27;;;1;176;30858302.0;;;4.03;4.03;4.03;4.03;4.03;4.03;0.0;0.0
109295;610339;2019-05-17;FRC;F28;;;0;0;0.0;;;0.0;0.0;0.0;0.0;0.0;4.16;0.0;0.0
109296;610340;2019-05-17;FRC;F29;;;1;171;28749596.0;;;4.22;4.22;4.22;4.22;4.22;4.22;0.0;0.0
109297;610341;2019-05-17;FRC;F30;;;0;0;0.0;;;0.0;0.0;0.0;0.0;0.0;4.31;0.0;0.0
109298;610342;2019-05-17;FRC;F31;;;0;0;0.0;;;0.0;0.0;0.0;0.0;0.0;4.37;0.0;0.0
109299;610511;2019-05-20;FRC;N19;;;53;168607;34419407866.0;;;3.2;3.12;3.2;3.15;3.15;3.15;0.0;3.17
109300;610512;2019-05-20;FRC;Q19;;;8;9375;1910956871.0;;;3.29;3.29;3.29;3.29;3.29;3.29;3.3;0.0
109301;610513;2019-05-20;FRC;U19;;;5;2988;608148502.0;;;3.32;3.32;3.32;3.32;3.32;3.32;0.0;0.0
109302;610514;2019-05-20;FRC;V19;;;49;29043;5902522616.0;;;3.37;3.37;3.41;3.38;3.41;3.39;3.39;3.42
109303;610515;2019-05-20;FRC;X19;;;6;4965;1007521226.0;;;3.41;3.41;3.43;3.42;3.43;3.43;3.43;0.0
109304;610516;2019-05-20;FRC;Z19;;;13;15268;3093498274.0;;;3.45;3.45;3.46;3.45;3.46;3.45;0.0;3.47
109305;610517;2019-05-20;FRC;F20;;;97;76359;15444334312.0;;;3.6;3.52;3.6;3.53;3.55;3.55;0.0;3.56
109306;610518;2019-05-20;FRC;G20;;;10;12727;2569878372.0;;;3.6;3.57;3.6;3.57;3.57;3.57;3.56;3.57
109307;610519;2019-05-20;FRC;H20;;;1;138;27823606.0;;;3.6;3.6;3.6;3.6;3.6;3.6;0.0;0.0
109308;610520;2019-05-20;FRC;J20;;;21;73969;14890678810.0;;;3.63;3.6;3.63;3.61;3.62;3.62;0.0;3.62
109309;610521;2019-05-20;FRC;K20;;;1;393;78976192.0;;;3.64;3.64;3.64;3.64;3.64;3.64;0.0;0.0
109310;610522;2019-05-20;FRC;M20;;;0;0;0.0;;;0.0;0.0;0.0;0.0;0.0;3.63;0.0;0.0
109311;610523;2019-05-20;FRC;N20;;;3;490;98181173.0;;;3.65;3.65;3.65;3.65;3.65;3.65;0.0;0.0
109312;610524;2019-05-20;FRC;V20;;;20;39918;7962132442.0;;;3.65;3.65;3.65;3.65;3.65;3.65;0.0;3.64
109313;610525;2019-05-20;FRC;F21;;;30;7714;1531662986.0;;;3.61;3.6;3.64;3.63;3.64;3.64;0.0;3.64
109314;610526;2019-05-20;FRC;J21;;;1;387;76501765.0;;;3.65;3.65;3.65;3.65;3.65;3.65;0.0;0.0
109315;610527;2019-05-20;FRC;N21;;;0;0;0.0;;;0.0;0.0;0.0;0.0;0.0;3.64;0.0;0.0
109316;610528;2019-05-20;FRC;V21;;;1;38;7443303.0;;;3.63;3.63;3.63;3.63;3.63;3.63;0.0;0.0
109317;610529;2019-05-20;FRC;F22;;;13;2867;559362276.0;;;3.62;3.62;3.62;3.62;3.62;3.62;0.0;0.0
109318;610530;2019-05-20;FRC;J22;;;0;0;0.0;;;0.0;0.0;0.0;0.0;0.0;3.62;0.0;0.0
109319;610531;2019-05-20;FRC;N22;;;0;0;0.0;;;0.0;0.0;0.0;0.0;0.0;3.64;0.0;0.0
109320;610532;2019-05-20;FRC;V22;;;0;0;0.0;;;0.0;0.0;0.0;0.0;0.0;3.64;0.0;0.0
109321;610533;2019-05-20;FRC;F23;;;6;790;151480929.0;;;3.62;3.62;3.62;3.62;3.62;3.62;0.0;0.0
109322;610534;2019-05-20;FRC;J23;;;0;0;0.0;;;0.0;0.0;0.0;0.0;0.0;3.62;0.0;0.0
109323;610535;2019-05-20;FRC;N23;;;0;0;0.0;;;0.0;0.0;0.0;0.0;0.0;3.63;0.0;0.0
109324;610536;2019-05-20;FRC;V23;;;0;0;0.0;;;0.0;0.0;0.0;0.0;0.0;3.63;0.0;0.0
109325;610537;2019-05-20;FRC;F24;;;5;2059;387697423.0;;;3.68;3.67;3.68;3.67;3.67;3.67;0.0;0.0
109326;610538;2019-05-20;FRC;J24;;;0;0;0.0;;;0.0;0.0;0.0;0.0;0.0;3.69;0.0;0.0
109327;610539;2019-05-20;FRC;N24;;;0;0;0.0;;;0.0;0.0;0.0;0.0;0.0;3.69;0.0;0.0
109328;610540;2019-05-20;FRC;F25;;;0;0;0.0;;;0.0;0.0;0.0;0.0;0.0;3.72;0.0;0.0
109329;610541;2019-05-20;FRC;N25;;;0;0;0.0;;;0.0;0.0;0.0;0.0;0.0;3.78;0.0;0.0
109330;610542;2019-05-20;FRC;F26;;;2;358;64774661.0;;;3.87;3.87;3.87;3.87;3.87;3.87;0.0;0.0
109331;610543;2019-05-20;FRC;N26;;;0;0;0.0;;;0.0;0.0;0.0;0.0;0.0;3.96;0.0;0.0
109332;610544;2019-05-20;FRC;F27;;;0;0;0.0;;;0.0;0.0;0.0;0.0;0.0;4.0;0.0;0.0
109333;610545;2019-05-20;FRC;F28;;;0;0;0.0;;;0.0;0.0;0.0;0.0;0.0;4.14;0.0;0.0
109334;610546;2019-05-20;FRC;F29;;;0;0;0.0;;;0.0;0.0;0.0;0.0;0.0;4.21;0.0;0.0
109335;610547;2019-05-20;FRC;F30;;;1;168;27881786.0;;;4.3;4.3;4.3;4.3;4.3;4.3;0.0;0.0
109336;610548;2019-05-20;FRC;F31;;;0;0;0.0;;;0.0;0.0;0.0;0.0;0.0;4.36;0.0;0.0
109337;610717;2019-05-21;FRC;N19;;;121;155087;31549495713.0;;;3.16;3.13;3.18;3.16;3.16;3.16;3.16;0.0
109338;610718;2019-05-21;FRC;Q19;;;16;19587;3978624388.0;;;3.29;3.29;3.31;3.3;3.31;3.31;3.31;0.0
109339;610719;2019-05-21;FRC;U19;;;16;10696;2169419553.0;;;3.32;3.31;3.32;3.31;3.32;3.32;3.32;0.0
109340;610720;2019-05-21;FRC;V19;;;102;84471;17107549278.0;;;3.39;3.39;3.43;3.4;3.4;3.4;3.4;0.0
109341;610721;2019-05-21;FRC;X19;;;15;10603;2144039426.0;;;3.43;3.43;3.45;3.44;3.45;3.45;3.45;0.0
109342;610722;2019-05-21;FRC;Z19;;;22;26628;5376564686.0;;;3.45;3.43;3.45;3.44;3.45;3.45;3.45;0.0
109343;610723;2019-05-21;FRC;F20;;;87;75455;15209067237.0;;;3.55;3.51;3.55;3.53;3.53;3.54;3.52;3.53
109344;610724;2019-05-21;FRC;G20;;;9;4941;994289902.0;;;3.53;3.53;3.56;3.55;3.56;3.56;3.54;3.56
109345;610725;2019-05-21;FRC;H20;;;1;1954;392670214.0;;;3.56;3.56;3.56;3.56;3.56;3.58;0.0;3.58
109346;610726;2019-05-21;FRC;J20;;;45;59159;11870292226.0;;;3.62;3.56;3.62;3.57;3.58;3.58;3.56;3.58
109347;610727;2019-05-21;FRC;K20;;;12;8285;1659550759.0;;;3.61;3.59;3.62;3.59;3.59;3.59;0.0;0.0
109348;610728;2019-05-21;FRC;M20;;;0;0;0.0;;;0.0;0.0;0.0;0.0;0.0;3.58;3.57;0.0
109349;610729;2019-05-21;FRC;N20;;;19;6688;1335743329.0;;;3.63;3.61;3.63;3.61;3.61;3.61;3.59;0.0
109350;610730;2019-05-21;FRC;V20;;;25;16798;3339831760.0;;;3.65;3.59;3.65;3.61;3.62;3.62;0.0;0.0
109351;610731;2019-05-21;FRC;F21;;;19;10660;2109826391.0;;;3.64;3.58;3.64;3.6;3.6;3.6;3.59;0.0
109352;610732;2019-05-21;FRC;J21;;;0;0;0.0;;;0.0;0.0;0.0;0.0;0.0;3.61;0.0;0.0
109353;610733;2019-05-21;FRC;N21;;;3;116;22754687.0;;;3.64;3.64;3.64;3.64;3.64;3.6;0.0;0.0
109354;610734;2019-05-21;FRC;V21;;;2;384;75017015.0;;;3.6;3.6;3.6;3.6;3.6;3.6;0.0;0.0
109355;610735;2019-05-21;FRC;F22;;;17;11441;2224987353.0;;;3.62;3.57;3.62;3.6;3.58;3.58;0.0;0.0
109356;610736;2019-05-21;FRC;J22;;;1;191;36994860.0;;;3.6;3.6;3.6;3.6;3.6;3.6;0.0;0.0
109357;610737;2019-05-21;FRC;N22;;;3;114;21971885.0;;;3.64;3.64;3.64;3.64;3.64;3.62;0.0;0.0
109358;610738;2019-05-21;FRC;V22;;;0;0;0.0;;;0.0;0.0;0.0;0.0;0.0;3.61;0.0;0.0
109359;610739;2019-05-21;FRC;F23;;;10;5650;1079775923.0;;;3.63;3.59;3.63;3.61;3.59;3.59;0.0;0.0
109360;610740;2019-05-21;FRC;J23;;;0;0;0.0;;;0.0;0.0;0.0;0.0;0.0;3.59;0.0;0.0
109361;610741;2019-05-21;FRC;N23;;;0;0;0.0;;;0.0;0.0;0.0;0.0;0.0;3.6;0.0;0.0
109362;610742;2019-05-21;FRC;V23;;;0;0;0.0;;;0.0;0.0;0.0;0.0;0.0;3.6;0.0;0.0
109363;610743;2019-05-21;FRC;F24;;;1;185;34726533.0;;;3.65;3.65;3.65;3.65;3.65;3.65;0.0;0.0
109364;610744;2019-05-21;FRC;J24;;;0;0;0.0;;;0.0;0.0;0.0;0.0;0.0;3.67;0.0;0.0
109365;610745;2019-05-21;FRC;N24;;;0;0;0.0;;;0.0;0.0;0.0;0.0;0.0;3.67;0.0;0.0
109366;610746;2019-05-21;FRC;F25;;;3;549;101206477.0;;;3.71;3.71;3.71;3.71;3.71;3.71;0.0;0.0
109367;610747;2019-05-21;FRC;N25;;;0;0;0.0;;;0.0;0.0;0.0;0.0;0.0;3.77;0.0;0.0
109368;610748;2019-05-21;FRC;F26;;;7;1439;259762288.0;;;3.85;3.85;3.85;3.85;3.85;3.85;0.0;0.0
109369;610749;2019-05-21;FRC;N26;;;0;0;0.0;;;0.0;0.0;0.0;0.0;0.0;3.94;0.0;0.0
109370;610750;2019-05-21;FRC;F27;;;0;0;0.0;;;0.0;0.0;0.0;0.0;0.0;3.99;0.0;0.0
109371;610751;2019-05-21;FRC;F28;;;0;0;0.0;;;0.0;0.0;0.0;0.0;0.0;4.14;0.0;0.0
109372;610752;2019-05-21;FRC;F29;;;0;0;0.0;;;0.0;0.0;0.0;0.0;0.0;4.22;0.0;0.0
109373;610753;2019-05-21;FRC;F30;;;0;0;0.0;;;0.0;0.0;0.0;0.0;0.0;4.31;0.0;0.0
109374;610754;2019-05-21;FRC;F31;;;0;0;0.0;;;0.0;0.0;0.0;0.0;0.0;4.37;0.0;0.0
109375;610924;2019-05-22;FRC;N19;;;75;204340;41388124796.0;;;3.16;3.11;3.23;3.18;3.18;3.18;3.18;3.24
109376;610925;2019-05-22;FRC;Q19;;;13;24533;4961566665.0;;;3.33;3.32;3.35;3.32;3.33;3.33;3.33;0.0
109377;610926;2019-05-22;FRC;U19;;;7;5039;1017587106.0;;;3.32;3.32;3.35;3.33;3.35;3.35;0.0;0.0
109378;610927;2019-05-22;FRC;V19;;;73;15121;3049000846.0;;;3.39;3.39;3.43;3.42;3.42;3.42;3.42;0.0
109379;610928;2019-05-22;FRC;X19;;;20;11400;2295086692.0;;;3.48;3.47;3.48;3.47;3.47;3.47;3.47;0.0
109380;610929;2019-05-22;FRC;Z19;;;11;15665;3149116028.0;;;3.46;3.45;3.48;3.46;3.48;3.48;3.47;0.0
109381;610930;2019-05-22;FRC;F20;;;92;24201;4856726679.0;;;3.53;3.53;3.56;3.54;3.55;3.56;3.55;0.0
109382;610931;2019-05-22;FRC;G20;;;5;2768;554557804.0;;;3.58;3.58;3.58;3.58;3.58;3.58;3.57;0.0
109383;610932;2019-05-22;FRC;H20;;;4;1381;276285810.0;;;3.59;3.59;3.59;3.59;3.59;3.59;0.0;0.0
109384;610933;2019-05-22;FRC;J20;;;25;27803;5553973416.0;;;3.58;3.58;3.6;3.59;3.6;3.6;0.0;0.0
109385;610934;2019-05-22;FRC;K20;;;7;7949;1585346450.0;;;3.59;3.59;3.61;3.59;3.61;3.61;0.0;0.0
109386;610935;2019-05-22;FRC;M20;;;5;11004;2191690607.0;;;3.59;3.59;3.59;3.59;3.59;3.6;0.0;0.0
109387;610936;2019-05-22;FRC;N20;;;13;8826;1755040538.0;;;3.61;3.61;3.63;3.61;3.63;3.63;0.0;0.0
109388;610937;2019-05-22;FRC;V20;;;9;2050;405770137.0;;;3.61;3.61;3.63;3.62;3.63;3.63;0.0;0.0
109389;610938;2019-05-22;FRC;F21;;;34;16248;3201441394.0;;;3.6;3.59;3.62;3.61;3.62;3.62;3.59;0.0
109390;610939;2019-05-22;FRC;J21;;;2;406;79659927.0;;;3.61;3.61;3.61;3.61;3.61;3.63;0.0;0.0
109391;610940;2019-05-22;FRC;N21;;;5;656;128157080.0;;;3.6;3.6;3.62;3.6;3.62;3.62;0.0;0.0
109392;610941;2019-05-22;FRC;V21;;;3;3881;754826939.0;;;3.6;3.6;3.61;3.6;3.61;3.63;0.0;0.0
109393;610942;2019-05-22;FRC;F22;;;10;3060;592614779.0;;;3.58;3.58;3.59;3.58;3.59;3.59;3.55;0.0
109394;610943;2019-05-22;FRC;J22;;;0;0;0.0;;;0.0;0.0;0.0;0.0;0.0;3.59;0.0;0.0
109395;610944;2019-05-22;FRC;N22;;;1;190;36486989.0;;;3.59;3.59;3.59;3.59;3.59;3.59;0.0;0.0
109396;610945;2019-05-22;FRC;V22;;;2;246;47010822.0;;;3.62;3.62;3.62;3.62;3.62;3.59;0.0;0.0
109397;610946;2019-05-22;FRC;F23;;;8;1864;354903568.0;;;3.59;3.57;3.59;3.57;3.57;3.58;3.56;0.0
109398;610947;2019-05-22;FRC;J23;;;2;38;7207728.0;;;3.6;3.6;3.6;3.6;3.6;3.58;0.0;0.0
109399;610948;2019-05-22;FRC;N23;;;2;75;14157117.0;;;3.6;3.6;3.6;3.6;3.6;3.59;0.0;0.0
109400;610949;2019-05-22;FRC;V23;;;2;522;98104698.0;;;3.6;3.6;3.6;3.6;3.6;3.59;0.0;0.0
109401;610950;2019-05-22;FRC;F24;;;4;2208;412762143.0;;;3.65;3.65;3.65;3.65;3.65;3.64;0.0;0.0
109402;610951;2019-05-22;FRC;J24;;;0;0;0.0;;;0.0;0.0;0.0;0.0;0.0;3.66;0.0;0.0
109403;610952;2019-05-22;FRC;N24;;;3;1840;340826204.0;;;3.68;3.68;3.68;3.68;3.68;3.66;0.0;0.0
109404;610953;2019-05-22;FRC;F25;;;6;951;174584045.0;;;3.71;3.69;3.75;3.69;3.69;3.69;0.0;0.0
109405;610954;2019-05-22;FRC;N25;;;0;0;0.0;;;0.0;0.0;0.0;0.0;0.0;3.74;0.0;0.0
109406;610955;2019-05-22;FRC;F26;;;3;540;97168095.0;;;3.81;3.81;3.81;3.81;3.81;3.81;0.0;0.0
109407;610956;2019-05-22;FRC;N26;;;0;0;0.0;;;0.0;0.0;0.0;0.0;0.0;3.9;0.0;0.0
109408;610957;2019-05-22;FRC;F27;;;0;0;0.0;;;0.0;0.0;0.0;0.0;0.0;3.95;0.0;0.0
109409;610958;2019-05-22;FRC;F28;;;0;0;0.0;;;0.0;0.0;0.0;0.0;0.0;4.1;0.0;0.0
109410;610959;2019-05-22;FRC;F29;;;0;0;0.0;;;0.0;0.0;0.0;0.0;0.0;4.18;0.0;0.0
109411;610960;2019-05-22;FRC;F30;;;0;0;0.0;;;0.0;0.0;0.0;0.0;0.0;4.27;0.0;0.0
109412;610961;2019-05-22;FRC;F31;;;0;0;0.0;;;0.0;0.0;0.0;0.0;0.0;4.33;0.0;0.0
109413;611131;2019-05-23;FRC;N19;;;119;233955;47105776022.0;;;3.21;3.1;3.23;3.16;3.11;3.1;0.0;0.0
109414;611132;2019-05-23;FRC;Q19;;;75;55285;11114852224.0;;;3.35;3.26;3.37;3.29;3.26;3.26;3.26;0.0
109415;611133;2019-05-23;FRC;U19;;;31;19417;3897770207.0;;;3.37;3.3;3.37;3.34;3.3;3.3;0.0;0.0
109416;611134;2019-05-23;FRC;V19;;;82;49372;9896968604.0;;;3.45;3.37;3.45;3.38;3.37;3.37;3.37;0.0
109417;611135;2019-05-23;FRC;X19;;;17;27010;5405974206.0;;;3.47;3.43;3.47;3.43;3.43;3.43;3.43;0.0
109418;611136;2019-05-23;FRC;Z19;;;4;2578;515238290.0;;;3.42;3.42;3.42;3.42;3.42;3.42;0.0;0.0
109419;611137;2019-05-23;FRC;F20;;;25;67430;13453292848.0;;;3.56;3.49;3.56;3.5;3.5;3.5;3.48;0.0
109420;611138;2019-05-23;FRC;G20;;;2;988;196807795.0;;;3.52;3.52;3.52;3.52;3.52;3.52;0.0;0.0
109421;611139;2019-05-23;FRC;H20;;;12;4934;981481205.0;;;3.53;3.53;3.53;3.53;3.53;3.53;0.0;0.0
109422;611140;2019-05-23;FRC;J20;;;6;21838;4337301405.0;;;3.6;3.52;3.6;3.55;3.53;3.53;0.0;0.0
109423;611141;2019-05-23;FRC;K20;;;0;0;0.0;;;0.0;0.0;0.0;0.0;0.0;3.55;3.53;0.0
109424;611142;2019-05-23;FRC;M20;;;10;2951;584402841.0;;;3.55;3.55;3.55;3.55;3.55;3.55;0.0;0.0
109425;611143;2019-05-23;FRC;N20;;;2;19821;3919302944.0;;;3.53;3.53;3.56;3.55;3.56;3.56;0.0;0.0
109426;611144;2019-05-23;FRC;V20;;;1;98;19290931.0;;;3.58;3.58;3.58;3.58;3.58;3.57;3.53;0.0
109427;611145;2019-05-23;FRC;F21;;;28;11737;2299679729.0;;;3.62;3.55;3.63;3.57;3.55;3.55;0.0;0.0
109428;611146;2019-05-23;FRC;J21;;;0;0;0.0;;;0.0;0.0;0.0;0.0;0.0;3.55;0.0;0.0
109429;611147;2019-05-23;FRC;N21;;;0;0;0.0;;;0.0;0.0;0.0;0.0;0.0;3.53;0.0;0.0
109430;611148;2019-05-23;FRC;V21;;;0;0;0.0;;;0.0;0.0;0.0;0.0;0.0;3.52;0.0;0.0
109431;611149;2019-05-23;FRC;F22;;;5;1380;265984370.0;;;3.5;3.5;3.5;3.5;3.5;3.5;0.0;0.0
109432;611150;2019-05-23;FRC;J22;;;0;0;0.0;;;0.0;0.0;0.0;0.0;0.0;3.5;0.0;0.0
109433;611151;2019-05-23;FRC;N22;;;0;0;0.0;;;0.0;0.0;0.0;0.0;0.0;3.49;0.0;0.0
109434;611152;2019-05-23;FRC;V22;;;0;0;0.0;;;0.0;0.0;0.0;0.0;0.0;3.48;0.0;0.0
109435;611153;2019-05-23;FRC;F23;;;7;1398;265104098.0;;;3.53;3.47;3.53;3.47;3.47;3.47;0.0;0.0
109436;611154;2019-05-23;FRC;J23;;;0;0;0.0;;;0.0;0.0;0.0;0.0;0.0;3.47;0.0;0.0
109437;611155;2019-05-23;FRC;N23;;;0;0;0.0;;;0.0;0.0;0.0;0.0;0.0;3.48;0.0;0.0
109438;611156;2019-05-23;FRC;V23;;;0;0;0.0;;;0.0;0.0;0.0;0.0;0.0;3.48;0.0;0.0
109439;611157;2019-05-23;FRC;F24;;;3;1225;227702024.0;;;3.64;3.63;3.64;3.63;3.63;3.53;0.0;0.0
109440;611158;2019-05-23;FRC;J24;;;0;0;0.0;;;0.0;0.0;0.0;0.0;0.0;3.55;0.0;0.0
109441;611159;2019-05-23;FRC;N24;;;2;920;169474509.0;;;3.66;3.66;3.66;3.66;3.66;3.55;0.0;0.0
109442;611160;2019-05-23;FRC;F25;;;5;915;167462733.0;;;3.58;3.58;3.58;3.58;3.58;3.58;0.0;0.0
109443;611161;2019-05-23;FRC;N25;;;0;0;0.0;;;0.0;0.0;0.0;0.0;0.0;3.61;3.61;0.0
109444;611162;2019-05-23;FRC;F26;;;3;504;90539946.0;;;3.65;3.65;3.65;3.65;3.65;3.65;0.0;0.0
109445;611163;2019-05-23;FRC;N26;;;0;0;0.0;;;0.0;0.0;0.0;0.0;0.0;3.74;0.0;0.0
109446;611164;2019-05-23;FRC;F27;;;3;531;93330619.0;;;3.81;3.81;3.81;3.81;3.81;3.81;0.0;0.0
109447;611165;2019-05-23;FRC;F28;;;0;0;0.0;;;0.0;0.0;0.0;0.0;0.0;3.95;0.0;0.0
109448;611166;2019-05-23;FRC;F29;;;1;172;29009280.0;;;4.02;4.02;4.02;4.02;4.02;4.02;0.0;0.0
109449;611167;2019-05-23;FRC;F30;;;0;0;0.0;;;0.0;0.0;0.0;0.0;0.0;4.11;0.0;0.0
109450;611168;2019-05-23;FRC;F31;;;0;0;0.0;;;0.0;0.0;0.0;0.0;0.0;4.17;0.0;0.0
109451;611339;2019-05-24;FRC;N19;;;105;268693;54065952520.0;;;3.13;3.04;3.15;3.09;3.04;3.04;0.0;3.1
109452;611340;2019-05-24;FRC;Q19;;;30;24538;4930256591.0;;;3.27;3.23;3.27;3.24;3.23;3.23;0.0;0.0
109453;611341;2019-05-24;FRC;U19;;;16;11153;2237595746.0;;;3.27;3.27;3.27;3.27;3.27;3.27;0.0;0.0
109454;611342;2019-05-24;FRC;V19;;;41;47810;9577917739.0;;;3.38;3.34;3.38;3.35;3.34;3.34;3.33;3.36
109455;611343;2019-05-24;FRC;X19;;;17;17874;3575283908.0;;;3.4;3.4;3.4;3.4;3.4;3.4;0.0;0.0
109456;611344;2019-05-24;FRC;Z19;;;15;10232;2043760480.0;;;3.42;3.39;3.42;3.39;3.39;3.39;0.0;3.4
109457;611345;2019-05-24;FRC;F20;;;21;61513;12265242318.0;;;3.5;3.45;3.5;3.49;3.45;3.45;0.0;0.0
109458;611346;2019-05-24;FRC;G20;;;12;7315;1456427136.0;;;3.47;3.47;3.47;3.47;3.47;3.47;0.0;0.0
109459;611347;2019-05-24;FRC;H20;;;3;591;117501067.0;;;3.49;3.49;3.49;3.49;3.49;3.49;0.0;0.0
109460;611348;2019-05-24;FRC;J20;;;17;17349;3444407671.0;;;3.49;3.49;3.49;3.49;3.49;3.49;3.47;3.49
109461;611349;2019-05-24;FRC;K20;;;8;5866;1162782982.0;;;3.49;3.49;3.49;3.49;3.49;3.49;0.0;0.0
109462;611350;2019-05-24;FRC;M20;;;3;787;155788343.0;;;3.5;3.5;3.5;3.5;3.5;3.5;0.0;0.0
109463;611351;2019-05-24;FRC;N20;;;7;3533;698355704.0;;;3.5;3.5;3.5;3.5;3.5;3.5;0.0;0.0
109464;611352;2019-05-24;FRC;V20;;;9;2538;499476462.0;;;3.5;3.5;3.5;3.5;3.5;3.5;3.48;0.0
109465;611353;2019-05-24;FRC;F21;;;15;25512;4996547180.0;;;3.55;3.51;3.57;3.54;3.51;3.51;3.46;0.0
109466;611354;2019-05-24;FRC;J21;;;2;388;75727489.0;;;3.47;3.47;3.47;3.47;3.47;3.47;0.0;0.0
109467;611355;2019-05-24;FRC;N21;;;4;1737;337537753.0;;;3.48;3.48;3.48;3.48;3.48;3.48;0.0;0.0
109468;611356;2019-05-24;FRC;V21;;;0;0;0.0;;;0.0;0.0;0.0;0.0;0.0;3.47;0.0;0.0
109469;611357;2019-05-24;FRC;F22;;;3;767;147826776.0;;;3.45;3.45;3.45;3.45;3.45;3.45;0.0;0.0
109470;611358;2019-05-24;FRC;J22;;;0;0;0.0;;;0.0;0.0;0.0;0.0;0.0;3.45;0.0;0.0
109471;611359;2019-05-24;FRC;N22;;;0;0;0.0;;;0.0;0.0;0.0;0.0;0.0;3.44;0.0;0.0
109472;611360;2019-05-24;FRC;V22;;;1;190;36176895.0;;;3.44;3.44;3.44;3.44;3.44;3.44;0.0;0.0
109473;611361;2019-05-24;FRC;F23;;;4;945;179240415.0;;;3.42;3.42;3.42;3.42;3.42;3.42;0.0;0.0
109474;611362;2019-05-24;FRC;J23;;;0;0;0.0;;;0.0;0.0;0.0;0.0;0.0;3.42;0.0;0.0
109475;611363;2019-05-24;FRC;N23;;;0;0;0.0;;;0.0;0.0;0.0;0.0;0.0;3.43;0.0;0.0
109476;611364;2019-05-24;FRC;V23;;;2;374;70069487.0;;;3.43;3.43;3.43;3.43;3.43;3.43;3.4;0.0
109477;611365;2019-05-24;FRC;F24;;;2;372;69346511.0;;;3.47;3.47;3.47;3.47;3.47;3.47;0.0;0.0
109478;611366;2019-05-24;FRC;J24;;;0;0;0.0;;;0.0;0.0;0.0;0.0;0.0;3.49;0.0;0.0
109479;611367;2019-05-24;FRC;N24;;;0;0;0.0;;;0.0;0.0;0.0;0.0;0.0;3.5;0.0;0.0
109480;611368;2019-05-24;FRC;F25;;;3;733;134209234.0;;;3.54;3.54;3.54;3.54;3.54;3.54;0.0;0.0
109481;611369;2019-05-24;FRC;N25;;;0;0;0.0;;;0.0;0.0;0.0;0.0;0.0;3.56;0.0;0.0
109482;611370;2019-05-24;FRC;F26;;;0;0;0.0;;;0.0;0.0;0.0;0.0;0.0;3.61;0.0;0.0
109483;611371;2019-05-24;FRC;N26;;;0;0;0.0;;;0.0;0.0;0.0;0.0;0.0;3.68;0.0;0.0
109484;611372;2019-05-24;FRC;F27;;;1;178;31356017.0;;;3.74;3.74;3.74;3.74;3.74;3.74;0.0;0.0
109485;611373;2019-05-24;FRC;F28;;;0;0;0.0;;;0.0;0.0;0.0;0.0;0.0;3.88;0.0;0.0
109486;611374;2019-05-24;FRC;F29;;;0;0;0.0;;;0.0;0.0;0.0;0.0;0.0;3.95;0.0;0.0
109487;611375;2019-05-24;FRC;F30;;;0;0;0.0;;;0.0;0.0;0.0;0.0;0.0;4.04;0.0;0.0
109488;611376;2019-05-24;FRC;F31;;;0;0;0.0;;;0.0;0.0;0.0;0.0;0.0;4.1;0.0;0.0
109489;611547;2019-05-27;FRC;N19;;;82;126023;25371049623.0;;;3.04;2.95;3.07;3.03;3.04;3.04;0.0;3.04
109490;611548;2019-05-27;FRC;Q19;;;15;16355;3287700501.0;;;3.24;3.24;3.24;3.24;3.24;3.24;0.0;0.0
109491;611549;2019-05-27;FRC;U19;;;3;2589;519679749.0;;;3.27;3.25;3.27;3.26;3.25;3.25;0.0;0.0
109492;611550;2019-05-27;FRC;V19;;;16;11142;2233296233.0;;;3.36;3.33;3.36;3.33;3.33;3.33;0.0;0.0
109493;611551;2019-05-27;FRC;X19;;;4;1986;397457645.0;;;3.39;3.39;3.39;3.39;3.39;3.39;0.0;0.0
109494;611552;2019-05-27;FRC;Z19;;;4;1190;237803991.0;;;3.4;3.4;3.4;3.4;3.4;3.4;3.38;3.39
109495;611553;2019-05-27;FRC;F20;;;17;51123;10199829609.0;;;3.45;3.45;3.45;3.45;3.45;3.45;3.44;0.0
109496;611554;2019-05-27;FRC;G20;;;3;1976;393616054.0;;;3.47;3.47;3.47;3.47;3.47;3.47;0.0;0.0
109497;611555;2019-05-27;FRC;H20;;;4;1184;235527753.0;;;3.48;3.48;3.48;3.48;3.48;3.48;0.0;0.0
109498;611556;2019-05-27;FRC;J20;;;14;7885;1566163123.0;;;3.5;3.5;3.5;3.5;3.5;3.5;0.0;0.0
109499;611557;2019-05-27;FRC;K20;;;8;1773;351629188.0;;;3.49;3.49;3.49;3.49;3.49;3.49;0.0;0.0
109500;611558;2019-05-27;FRC;M20;;;8;1772;350950004.0;;;3.5;3.5;3.5;3.5;3.5;3.5;0.0;0.0
109501;611559;2019-05-27;FRC;N20;;;5;1570;310488018.0;;;3.5;3.5;3.5;3.5;3.5;3.5;0.0;0.0
109502;611560;2019-05-27;FRC;V20;;;9;2930;576908315.0;;;3.5;3.5;3.5;3.5;3.5;3.5;0.0;0.0
109503;611561;2019-05-27;FRC;F21;;;13;18495;3625315644.0;;;3.5;3.5;3.51;3.5;3.5;3.51;0.0;3.51
109504;611562;2019-05-27;FRC;J21;;;1;194;37875592.0;;;3.49;3.49;3.49;3.49;3.49;3.49;0.0;0.0
109505;611563;2019-05-27;FRC;N21;;;0;0;0.0;;;0.0;0.0;0.0;0.0;0.0;3.5;0.0;0.0
109506;611564;2019-05-27;FRC;V21;;;0;0;0.0;;;0.0;0.0;0.0;0.0;0.0;3.49;0.0;0.0
109507;611565;2019-05-27;FRC;F22;;;0;0;0.0;;;0.0;0.0;0.0;0.0;0.0;3.47;0.0;0.0
109508;611566;2019-05-27;FRC;J22;;;0;0;0.0;;;0.0;0.0;0.0;0.0;0.0;3.47;0.0;0.0
109509;611567;2019-05-27;FRC;N22;;;0;0;0.0;;;0.0;0.0;0.0;0.0;0.0;3.45;0.0;0.0
109510;611568;2019-05-27;FRC;V22;;;0;0;0.0;;;0.0;0.0;0.0;0.0;0.0;3.44;0.0;0.0
109511;611569;2019-05-27;FRC;F23;;;9;1701;322787604.0;;;3.42;3.42;3.42;3.42;3.42;3.42;0.0;0.0
109512;611570;2019-05-27;FRC;J23;;;0;0;0.0;;;0.0;0.0;0.0;0.0;0.0;3.42;0.0;0.0
109513;611571;2019-05-27;FRC;N23;;;0;0;0.0;;;0.0;0.0;0.0;0.0;0.0;3.42;0.0;0.0
109514;611572;2019-05-27;FRC;V23;;;0;0;0.0;;;0.0;0.0;0.0;0.0;0.0;3.42;0.0;0.0
109515;611573;2019-05-27;FRC;F24;;;0;0;0.0;;;0.0;0.0;0.0;0.0;0.0;3.45;0.0;0.0
109516;611574;2019-05-27;FRC;J24;;;0;0;0.0;;;0.0;0.0;0.0;0.0;0.0;3.47;0.0;0.0
109517;611575;2019-05-27;FRC;N24;;;5;925;171156980.0;;;3.47;3.47;3.47;3.47;3.47;3.47;0.0;0.0
109518;611576;2019-05-27;FRC;F25;;;0;0;0.0;;;0.0;0.0;0.0;0.0;0.0;3.5;0.0;0.0
109519;611577;2019-05-27;FRC;N25;;;0;0;0.0;;;0.0;0.0;0.0;0.0;0.0;3.52;0.0;0.0
109520;611578;2019-05-27;FRC;F26;;;2;362;65220019.0;;;3.56;3.56;3.56;3.56;3.56;3.56;0.0;0.0
109521;611579;2019-05-27;FRC;N26;;;0;0;0.0;;;0.0;0.0;0.0;0.0;0.0;3.63;0.0;0.0
109522;611580;2019-05-27;FRC;F27;;;0;0;0.0;;;0.0;0.0;0.0;0.0;0.0;3.69;0.0;0.0
109523;611581;2019-05-27;FRC;F28;;;0;0;0.0;;;0.0;0.0;0.0;0.0;0.0;3.82;0.0;0.0
109524;611582;2019-05-27;FRC;F29;;;0;0;0.0;;;0.0;0.0;0.0;0.0;0.0;3.89;0.0;0.0
109525;611583;2019-05-27;FRC;F30;;;0;0;0.0;;;0.0;0.0;0.0;0.0;0.0;3.98;0.0;0.0
109526;611584;2019-05-27;FRC;F31;;;0;0;0.0;;;0.0;0.0;0.0;0.0;0.0;4.04;0.0;0.0
109527;611755;2019-05-28;FRC;N19;;;301;487909;97870365533.0;;;3.02;2.92;3.05;2.99;2.95;2.95;0.0;2.96
109528;611756;2019-05-28;FRC;Q19;;;109;102400;20510748718.0;;;3.22;3.17;3.22;3.17;3.17;3.17;0.0;3.18
109529;611757;2019-05-28;FRC;U19;;;16;17489;3497944498.0;;;3.23;3.2;3.25;3.21;3.2;3.2;3.19;3.2
109530;611758;2019-05-28;FRC;V19;;;44;18999;3794609649.0;;;3.33;3.27;3.33;3.28;3.28;3.27;3.27;0.0
109531;611759;2019-05-28;FRC;X19;;;47;78063;15567687054.0;;;3.39;3.33;3.39;3.33;3.33;3.33;3.33;3.35
109532;611760;2019-05-28;FRC;Z19;;;69;36108;7190169296.0;;;3.38;3.33;3.38;3.35;3.33;3.33;0.0;0.0
109533;611761;2019-05-28;FRC;F20;;;15;22376;4449038723.0;;;3.42;3.38;3.42;3.38;3.38;3.38;3.36;0.0
109534;611762;2019-05-28;FRC;G20;;;3;1581;313872704.0;;;3.39;3.39;3.39;3.39;3.39;3.39;0.0;0.0
109535;611763;2019-05-28;FRC;H20;;;3;789;156427546.0;;;3.4;3.4;3.4;3.4;3.4;3.4;0.0;0.0
109536;611764;2019-05-28;FRC;J20;;;23;32555;6444897846.0;;;3.45;3.42;3.45;3.42;3.42;3.42;0.0;0.0
109537;611765;2019-05-28;FRC;K20;;;7;2167;428362139.0;;;3.41;3.41;3.41;3.41;3.41;3.41;0.0;0.0
109538;611766;2019-05-28;FRC;M20;;;3;60;11841327.0;;;3.53;3.53;3.53;3.53;3.53;3.42;0.0;0.0
109539;611767;2019-05-28;FRC;N20;;;10;4850;956070507.0;;;3.48;3.42;3.48;3.42;3.42;3.42;0.0;0.0
109540;611768;2019-05-28;FRC;V20;;;7;2739;537568338.0;;;3.44;3.44;3.44;3.44;3.44;3.44;0.0;3.43
109541;611769;2019-05-28;FRC;F21;;;13;3038;593688131.0;;;3.53;3.42;3.53;3.42;3.42;3.42;0.0;0.0
109542;611770;2019-05-28;FRC;J21;;;0;0;0.0;;;0.0;0.0;0.0;0.0;0.0;3.4;0.0;0.0
109543;611771;2019-05-28;FRC;N21;;;0;0;0.0;;;0.0;0.0;0.0;0.0;0.0;3.41;0.0;0.0
109544;611772;2019-05-28;FRC;V21;;;0;0;0.0;;;0.0;0.0;0.0;0.0;0.0;3.4;0.0;0.0
109545;611773;2019-05-28;FRC;F22;;;7;1344;258481025.0;;;3.37;3.37;3.37;3.37;3.37;3.37;0.0;0.0
109546;611774;2019-05-28;FRC;J22;;;0;0;0.0;;;0.0;0.0;0.0;0.0;0.0;3.37;0.0;0.0
109547;611775;2019-05-28;FRC;N22;;;0;0;0.0;;;0.0;0.0;0.0;0.0;0.0;3.35;0.0;0.0
109548;611776;2019-05-28;FRC;V22;;;0;0;0.0;;;0.0;0.0;0.0;0.0;0.0;3.35;0.0;0.0
109549;611777;2019-05-28;FRC;F23;;;5;1702;322201842.0;;;3.4;3.33;3.4;3.34;3.33;3.33;0.0;0.0
109550;611778;2019-05-28;FRC;J23;;;0;0;0.0;;;0.0;0.0;0.0;0.0;0.0;3.33;0.0;0.0
109551;611779;2019-05-28;FRC;N23;;;0;0;0.0;;;0.0;0.0;0.0;0.0;0.0;3.33;0.0;0.0
109552;611780;2019-05-28;FRC;V23;;;0;0;0.0;;;0.0;0.0;0.0;0.0;0.0;3.33;0.0;0.0
109553;611781;2019-05-28;FRC;F24;;;1;186;34640021.0;;;3.36;3.36;3.36;3.36;3.36;3.36;0.0;0.0
109554;611782;2019-05-28;FRC;J24;;;0;0;0.0;;;0.0;0.0;0.0;0.0;0.0;3.38;0.0;0.0
109555;611783;2019-05-28;FRC;N24;;;2;186;34374792.0;;;3.38;3.38;3.38;3.38;3.38;3.38;0.0;0.0
109556;611784;2019-05-28;FRC;F25;;;9;2572;470468655.0;;;3.47;3.41;3.47;3.45;3.41;3.41;0.0;0.0
109557;611785;2019-05-28;FRC;N25;;;0;0;0.0;;;0.0;0.0;0.0;0.0;0.0;3.44;0.0;0.0
109558;611786;2019-05-28;FRC;F26;;;0;0;0.0;;;0.0;0.0;0.0;0.0;0.0;3.5;0.0;0.0
109559;611787;2019-05-28;FRC;N26;;;2;360;64120659.0;;;3.56;3.56;3.56;3.56;3.56;3.56;0.0;0.0
109560;611788;2019-05-28;FRC;F27;;;3;534;94165968.0;;;3.6;3.6;3.6;3.6;3.6;3.6;0.0;0.0
109561;611789;2019-05-28;FRC;F28;;;2;352;60861017.0;;;3.72;3.72;3.72;3.72;3.72;3.72;0.0;0.0
109562;611790;2019-05-28;FRC;F29;;;1;173;29313876.0;;;3.81;3.81;3.81;3.81;3.81;3.81;0.0;0.0
109563;611791;2019-05-28;FRC;F30;;;0;0;0.0;;;0.0;0.0;0.0;0.0;0.0;3.9;0.0;0.0
109564;611792;2019-05-28;FRC;F31;;;0;0;0.0;;;0.0;0.0;0.0;0.0;0.0;3.96;0.0;0.0
109565;611964;2019-05-29;FRC;N19;;;411;637385;127441129152.0;;;2.94;2.75;2.95;2.8;2.77;2.76;2.77;0.0
109566;611965;2019-05-29;FRC;Q19;;;31;78611;15696064723.0;;;3.1;3.0;3.1;3.0;3.0;3.0;0.0;0.0
109567;611966;2019-05-29;FRC;U19;;;26;26913;5366169600.0;;;3.15;3.04;3.15;3.05;3.04;3.04;3.04;0.0
109568;611967;2019-05-29;FRC;V19;;;18;24495;4877338583.0;;;3.15;3.13;3.18;3.14;3.13;3.13;3.1;0.0
109569;611968;2019-05-29;FRC;X19;;;13;17502;3479846606.0;;;3.22;3.18;3.22;3.19;3.18;3.18;3.18;3.2
109570;611969;2019-05-29;FRC;Z19;;;23;8128;1613856534.0;;;3.21;3.18;3.21;3.19;3.18;3.18;3.18;0.0
109571;611970;2019-05-29;FRC;F20;;;43;43822;8688139457.0;;;3.3;3.22;3.3;3.23;3.22;3.22;3.2;3.22
109572;611971;2019-05-29;FRC;G20;;;11;6332;1253618042.0;;;3.23;3.23;3.23;3.23;3.23;3.23;0.0;0.0
109573;611972;2019-05-29;FRC;H20;;;2;396;78304332.0;;;3.23;3.23;3.23;3.23;3.23;3.23;3.23;0.0
109574;611973;2019-05-29;FRC;J20;;;13;10851;2142219102.0;;;3.32;3.26;3.32;3.29;3.26;3.26;0.0;0.0
109575;611974;2019-05-29;FRC;K20;;;14;13200;2602347654.0;;;3.32;3.25;3.32;3.27;3.25;3.25;3.25;0.0
109576;611975;2019-05-29;FRC;M20;;;1;118;23216907.0;;;3.42;3.42;3.42;3.42;3.42;3.26;0.0;0.0
109577;611976;2019-05-29;FRC;N20;;;19;9456;1859519926.0;;;3.26;3.26;3.26;3.26;3.26;3.26;0.0;0.0
109578;611977;2019-05-29;FRC;V20;;;0;0;0.0;;;0.0;0.0;0.0;0.0;0.0;3.28;3.23;0.0
109579;611978;2019-05-29;FRC;F21;;;20;32693;6370123858.0;;;3.4;3.25;3.4;3.37;3.25;3.25;3.23;0.0
109580;611979;2019-05-29;FRC;J21;;;2;194;37699395.0;;;3.23;3.23;3.23;3.23;3.23;3.23;3.23;0.0
109581;611980;2019-05-29;FRC;N21;;;0;0;0.0;;;0.0;0.0;0.0;0.0;0.0;3.24;0.0;0.0
109582;611981;2019-05-29;FRC;V21;;;7;1254;241800817.0;;;3.22;3.21;3.22;3.21;3.21;3.22;3.18;0.0
109583;611982;2019-05-29;FRC;F22;;;13;4033;774211447.0;;;3.35;3.19;3.35;3.24;3.19;3.19;0.0;0.0
109584;611983;2019-05-29;FRC;J22;;;0;0;0.0;;;0.0;0.0;0.0;0.0;0.0;3.2;0.0;0.0
109585;611984;2019-05-29;FRC;N22;;;1;191;36417653.0;;;3.19;3.19;3.19;3.19;3.19;3.19;0.0;0.0
109586;611985;2019-05-29;FRC;V22;;;4;760;144346502.0;;;3.18;3.18;3.18;3.18;3.18;3.18;0.0;0.0
109587;611986;2019-05-29;FRC;F23;;;14;11168;2108785151.0;;;3.34;3.17;3.34;3.3;3.17;3.17;3.15;0.0
109588;611987;2019-05-29;FRC;J23;;;2;4467;839436715.0;;;3.35;3.35;3.35;3.35;3.35;3.18;0.0;0.0
109589;611988;2019-05-29;FRC;N23;;;3;564;105904370.0;;;3.18;3.18;3.18;3.18;3.18;3.18;0.0;0.0
109590;611989;2019-05-29;FRC;V23;;;4;752;140704235.0;;;3.18;3.18;3.18;3.18;3.18;3.18;0.0;0.0
109591;611990;2019-05-29;FRC;F24;;;8;2242;417040625.0;;;3.36;3.21;3.36;3.27;3.21;3.21;0.0;0.0
109592;611991;2019-05-29;FRC;J24;;;0;0;0.0;;;0.0;0.0;0.0;0.0;0.0;3.23;0.0;0.0
109593;611992;2019-05-29;FRC;N24;;;0;0;0.0;;;0.0;0.0;0.0;0.0;0.0;3.23;0.0;0.0
109594;611993;2019-05-29;FRC;F25;;;9;8543;1563108813.0;;;3.38;3.26;3.38;3.31;3.26;3.26;3.25;0.0
109595;611994;2019-05-29;FRC;N25;;;0;0;0.0;;;0.0;0.0;0.0;0.0;0.0;3.28;3.27;0.0
109596;611995;2019-05-29;FRC;F26;;;4;728;131147802.0;;;3.33;3.33;3.33;3.33;3.33;3.33;3.3;0.0
109597;611996;2019-05-29;FRC;N26;;;0;0;0.0;;;0.0;0.0;0.0;0.0;0.0;3.41;0.0;0.0
109598;611997;2019-05-29;FRC;F27;;;0;0;0.0;;;0.0;0.0;0.0;0.0;0.0;3.45;0.0;0.0
109599;611998;2019-05-29;FRC;F28;;;10;1936;335065209.0;;;3.59;3.59;3.59;3.59;3.59;3.59;0.0;0.0
109600;611999;2019-05-29;FRC;F29;;;0;0;0.0;;;0.0;0.0;0.0;0.0;0.0;3.68;0.0;0.0
109601;612000;2019-05-29;FRC;F30;;;0;0;0.0;;;0.0;0.0;0.0;0.0;0.0;3.77;0.0;0.0
109602;612001;2019-05-29;FRC;F31;;;0;0;0.0;;;0.0;0.0;0.0;0.0;0.0;3.83;0.0;0.0
109603;612173;2019-05-30;FRC;Q19;;;14;13982;2772107355.0;;;3.25;3.25;3.25;3.25;3.25;3.25;0.0;0.0
109604;612174;2019-05-30;FRC;U19;;;5;4986;987169492.0;;;3.21;3.21;3.21;3.21;3.21;3.21;3.2;0.0
109605;612175;2019-05-30;FRC;V19;;;10;8764;1732704327.0;;;3.29;3.29;3.29;3.29;3.29;3.29;0.0;0.0
109606;612176;2019-05-30;FRC;X19;;;10;9944;1963069719.0;;;3.33;3.33;3.33;3.33;3.33;3.33;0.0;0.0
109607;612177;2019-05-30;FRC;Z19;;;6;6953;1370766766.0;;;3.3;3.3;3.3;3.3;3.3;3.3;0.0;0.0
109608;612178;2019-05-30;FRC;F20;;;19;27568;5426957161.0;;;3.3;3.3;3.35;3.32;3.33;3.35;0.0;0.0
109609;612179;2019-05-30;FRC;G20;;;0;0;0.0;;;0.0;0.0;0.0;0.0;0.0;3.35;0.0;0.0
109610;612180;2019-05-30;FRC;H20;;;1;198;38874928.0;;;3.3;3.3;3.3;3.3;3.3;3.36;0.0;0.0
109611;612181;2019-05-30;FRC;J20;;;21;13641;2673693889.0;;;3.38;3.38;3.38;3.38;3.38;3.38;0.0;3.38
109612;612182;2019-05-30;FRC;K20;;;1;296;57934889.0;;;3.36;3.36;3.36;3.36;3.36;3.36;0.0;3.38
109613;612183;2019-05-30;FRC;M20;;;2;394;77016767.0;;;3.36;3.36;3.36;3.36;3.36;3.36;0.0;0.0
109614;612184;2019-05-30;FRC;N20;;;6;3737;729442305.0;;;3.37;3.37;3.37;3.37;3.37;3.37;0.0;3.37
109615;612185;2019-05-30;FRC;V20;;;19;9408;1829197536.0;;;3.32;3.32;3.33;3.32;3.33;3.33;0.0;0.0
109616;612186;2019-05-30;FRC;F21;;;21;19654;3805829423.0;;;3.29;3.29;3.3;3.29;3.3;3.3;0.0;0.0
109617;612187;2019-05-30;FRC;J21;;;2;584;112682278.0;;;3.27;3.27;3.27;3.27;3.27;3.27;0.0;0.0
109618;612188;2019-05-30;FRC;N21;;;27;10272;1974621903.0;;;3.25;3.24;3.25;3.24;3.24;3.24;0.0;0.0
109619;612189;2019-05-30;FRC;V21;;;1;193;36956914.0;;;3.23;3.23;3.23;3.23;3.23;3.23;0.0;0.0
109620;612190;2019-05-30;FRC;F22;;;6;1730;330063570.0;;;3.2;3.19;3.2;3.19;3.2;3.2;0.0;0.0
109621;612191;2019-05-30;FRC;J22;;;2;3106;590149631.0;;;3.2;3.2;3.23;3.22;3.23;3.2;0.0;0.0
109622;612192;2019-05-30;FRC;N22;;;0;0;0.0;;;0.0;0.0;0.0;0.0;0.0;3.18;0.0;0.0
109623;612193;2019-05-30;FRC;V22;;;0;0;0.0;;;0.0;0.0;0.0;0.0;0.0;3.18;0.0;0.0
109624;612194;2019-05-30;FRC;F23;;;12;2755;517832713.0;;;3.17;3.17;3.18;3.17;3.18;3.18;3.18;0.0
109625;612195;2019-05-30;FRC;J23;;;0;0;0.0;;;0.0;0.0;0.0;0.0;0.0;3.19;0.0;0.0
109626;612196;2019-05-30;FRC;N23;;;0;0;0.0;;;0.0;0.0;0.0;0.0;0.0;3.18;0.0;0.0
109627;612197;2019-05-30;FRC;V23;;;4;1128;209615907.0;;;3.18;3.18;3.18;3.18;3.18;3.18;0.0;0.0
109628;612198;2019-05-30;FRC;F24;;;4;655;121202411.0;;;3.21;3.19;3.21;3.19;3.19;3.19;3.19;0.0
109629;612199;2019-05-30;FRC;J24;;;0;0;0.0;;;0.0;0.0;0.0;0.0;0.0;3.23;0.0;0.0
109630;612200;2019-05-30;FRC;N24;;;4;1116;204744913.0;;;3.25;3.25;3.25;3.25;3.25;3.25;0.0;0.0
109631;612201;2019-05-30;FRC;F25;;;3;590;107338407.0;;;3.26;3.26;3.28;3.27;3.28;3.28;0.0;0.0
109632;612202;2019-05-30;FRC;N25;;;3;824;148681786.0;;;3.3;3.3;3.3;3.3;3.3;3.29;0.0;0.0
109633;612203;2019-05-30;FRC;F26;;;5;728;130181127.0;;;3.35;3.35;3.35;3.35;3.35;3.34;0.0;0.0
109634;612204;2019-05-30;FRC;N26;;;0;0;0.0;;;0.0;0.0;0.0;0.0;0.0;3.41;0.0;0.0
109635;612205;2019-05-30;FRC;F27;;;8;1970;345730373.0;;;3.45;3.45;3.45;3.45;3.45;3.45;0.0;0.0
109636;612206;2019-05-30;FRC;F28;;;0;0;0.0;;;0.0;0.0;0.0;0.0;0.0;3.59;0.0;0.0
109637;612207;2019-05-30;FRC;F29;;;0;0;0.0;;;0.0;0.0;0.0;0.0;0.0;3.68;0.0;0.0
109638;612208;2019-05-30;FRC;F30;;;0;0;0.0;;;0.0;0.0;0.0;0.0;0.0;3.77;0.0;0.0
109639;612209;2019-05-30;FRC;F31;;;0;0;0.0;;;0.0;0.0;0.0;0.0;0.0;3.83;0.0;0.0
109640;612381;2019-05-31;FRC;Q19;;;54;47583;9353183330.0;;;3.31;3.25;3.33;3.3;3.3;3.3;0.0;3.31
109641;612382;2019-05-31;FRC;U19;;;27;15788;3099267222.0;;;3.33;3.17;3.33;3.2;3.2;3.2;0.0;3.21
109642;612383;2019-05-31;FRC;V19;;;17;19721;3865926797.0;;;3.27;3.27;3.27;3.27;3.27;3.27;3.27;0.0
109643;612384;2019-05-31;FRC;X19;;;22;15216;2978363071.0;;;3.34;3.31;3.34;3.31;3.31;3.31;3.31;0.0
109644;612385;2019-05-31;FRC;Z19;;;20;16702;3264887164.0;;;3.3;3.28;3.3;3.28;3.28;3.28;0.0;0.0
109645;612386;2019-05-31;FRC;F20;;;29;33358;6511008612.0;;;3.35;3.3;3.35;3.31;3.3;3.32;3.28;0.0
109646;612387;2019-05-31;FRC;G20;;;8;3564;694666321.0;;;3.3;3.3;3.3;3.3;3.3;3.3;0.0;3.3
109647;612388;2019-05-31;FRC;H20;;;13;7320;1424871605.0;;;3.36;3.3;3.36;3.31;3.3;3.31;0.0;3.31
109648;612389;2019-05-31;FRC;J20;;;17;15628;3037967192.0;;;3.38;3.31;3.38;3.31;3.31;3.31;3.25;0.0
109649;612390;2019-05-31;FRC;K20;;;6;2170;421224981.0;;;3.3;3.3;3.3;3.3;3.3;3.3;0.0;0.0
109650;612391;2019-05-31;FRC;M20;;;8;3566;691390570.0;;;3.3;3.28;3.3;3.28;3.28;3.28;0.0;0.0
109651;612392;2019-05-31;FRC;N20;;;23;47045;9107580864.0;;;3.31;3.3;3.32;3.31;3.3;3.3;0.0;0.0
109652;612393;2019-05-31;FRC;V20;;;40;38652;7454389055.0;;;3.28;3.25;3.28;3.26;3.25;3.25;0.0;0.0
109653;612394;2019-05-31;FRC;F21;;;32;46527;8936341167.0;;;3.27;3.18;3.3;3.25;3.2;3.2;0.0;0.0
109654;612395;2019-05-31;FRC;J21;;;6;2043;391214692.0;;;3.16;3.16;3.16;3.16;3.16;3.16;0.0;0.0
109655;612396;2019-05-31;FRC;N21;;;2;271;51665629.0;;;3.21;3.21;3.21;3.21;3.21;3.13;0.0;0.0
109656;612397;2019-05-31;FRC;V21;;;3;11763;2233586534.0;;;3.2;3.2;3.22;3.21;3.22;3.12;0.0;0.0
109657;612398;2019-05-31;FRC;F22;;;15;19320;3658071350.0;;;3.2;3.08;3.2;3.12;3.08;3.08;0.0;0.0
109658;612399;2019-05-31;FRC;J22;;;0;0;0.0;;;0.0;0.0;0.0;0.0;0.0;3.08;0.0;0.0
109659;612400;2019-05-31;FRC;N22;;;4;1015;190975577.0;;;3.05;3.05;3.05;3.05;3.05;3.05;0.0;0.0
109660;612401;2019-05-31;FRC;V22;;;1;95;17809016.0;;;3.03;3.03;3.03;3.03;3.03;3.03;0.0;0.0
109661;612402;2019-05-31;FRC;F23;;;20;6471;1209341263.0;;;3.01;3.01;3.01;3.01;3.01;3.01;3.01;0.0
109662;612403;2019-05-31;FRC;J23;;;0;0;0.0;;;0.0;0.0;0.0;0.0;0.0;3.01;0.0;0.0
109663;612404;2019-05-31;FRC;N23;;;0;0;0.0;;;0.0;0.0;0.0;0.0;0.0;3.0;0.0;0.0
109664;612405;2019-05-31;FRC;V23;;;3;963;178134430.0;;;2.99;2.99;2.99;2.99;2.99;2.99;0.0;0.0
109665;612406;2019-05-31;FRC;F24;;;12;3812;701394582.0;;;3.14;3.02;3.14;3.06;3.03;3.02;3.02;0.0
109666;612407;2019-05-31;FRC;J24;;;0;0;0.0;;;0.0;0.0;0.0;0.0;0.0;3.06;0.0;0.0
109667;612408;2019-05-31;FRC;N24;;;0;0;0.0;;;0.0;0.0;0.0;0.0;0.0;3.07;0.0;0.0
109668;612409;2019-05-31;FRC;F25;;;14;3331;603674642.0;;;3.09;3.09;3.1;3.09;3.1;3.09;3.1;0.0
109669;612410;2019-05-31;FRC;N25;;;0;0;0.0;;;0.0;0.0;0.0;0.0;0.0;3.11;0.0;0.0
109670;612411;2019-05-31;FRC;F26;;;2;364;64589339.0;;;3.32;3.32;3.32;3.32;3.32;3.17;0.0;0.0
109671;612412;2019-05-31;FRC;N26;;;0;0;0.0;;;0.0;0.0;0.0;0.0;0.0;3.25;0.0;0.0
109672;612413;2019-05-31;FRC;F27;;;0;0;0.0;;;0.0;0.0;0.0;0.0;0.0;3.3;0.0;0.0
109673;612414;2019-05-31;FRC;F28;;;4;885;151662931.0;;;3.45;3.45;3.45;3.45;3.45;3.45;0.0;0.0
109674;612415;2019-05-31;FRC;F29;;;1;175;29498284.0;;;3.49;3.49;3.49;3.49;3.49;3.49;0.0;0.0
109675;612416;2019-05-31;FRC;F30;;;0;0;0.0;;;0.0;0.0;0.0;0.0;0.0;3.58;0.0;0.0
109676;612417;2019-05-31;FRC;F31;;;0;0;0.0;;;0.0;0.0;0.0;0.0;0.0;3.64;0.0;0.0
109677;612589;2019-06-03;FRC;Q19;;;34;54400;10620657066.0;;;3.3;3.27;3.3;3.27;3.28;3.27;0.0;0.0
109678;612590;2019-06-03;FRC;U19;;;1;15397;3002004877.0;;;3.18;3.18;3.18;3.18;3.18;3.18;0.0;0.0
109679;612591;2019-06-03;FRC;V19;;;3;4183;814441207.0;;;3.25;3.25;3.25;3.25;3.25;3.25;0.0;0.0
109680;612592;2019-06-03;FRC;X19;;;13;13586;2641286983.0;;;3.31;3.27;3.32;3.29;3.27;3.27;0.0;0.0
109681;612593;2019-06-03;FRC;Z19;;;8;7151;1388667163.0;;;3.19;3.19;3.19;3.19;3.19;3.19;0.0;0.0
109682;612594;2019-06-03;FRC;F20;;;19;16025;3107325898.0;;;3.3;3.22;3.32;3.23;3.22;3.22;0.0;0.0
109683;612595;2019-06-03;FRC;G20;;;8;3189;617528622.0;;;3.21;3.21;3.21;3.21;3.21;3.21;0.0;0.0
109684;612596;2019-06-03;FRC;H20;;;0;0;0.0;;;0.0;0.0;0.0;0.0;0.0;3.22;0.0;0.0
109685;612597;2019-06-03;FRC;J20;;;23;18418;3557283841.0;;;3.31;3.2;3.31;3.22;3.22;3.22;3.18;3.22
109686;612598;2019-06-03;FRC;K20;;;1;20;3858010.0;;;3.2;3.2;3.2;3.2;3.2;3.2;0.0;0.0
109687;612599;2019-06-03;FRC;M20;;;6;5244;1010181556.0;;;3.22;3.18;3.24;3.2;3.18;3.18;0.0;3.18
109688;612600;2019-06-03;FRC;N20;;;20;14805;2848340627.0;;;3.3;3.19;3.3;3.2;3.19;3.19;0.0;0.0
109689;612601;2019-06-03;FRC;V20;;;5;1610;308714335.0;;;3.25;3.1;3.25;3.1;3.1;3.1;0.0;0.0
109690;612602;2019-06-03;FRC;F21;;;39;33851;6467214900.0;;;3.2;3.05;3.2;3.05;3.05;3.05;0.0;0.0
109691;612603;2019-06-03;FRC;J21;;;3;604;115051605.0;;;3.16;2.98;3.16;2.98;2.98;2.98;0.0;0.0
109692;612604;2019-06-03;FRC;N21;;;2;5051;958678187.0;;;2.98;2.98;2.98;2.98;2.98;2.95;0.0;0.0
109693;612605;2019-06-03;FRC;V21;;;1;19;3585333.0;;;3.12;3.12;3.12;3.12;3.12;2.94;0.0;0.0
109694;612606;2019-06-03;FRC;F22;;;10;13343;2516281605.0;;;3.08;2.9;3.08;2.9;2.9;2.9;0.0;0.0
109695;612607;2019-06-03;FRC;J22;;;0;0;0.0;;;0.0;0.0;0.0;0.0;0.0;2.9;0.0;0.0
109696;612608;2019-06-03;FRC;N22;;;0;0;0.0;;;0.0;0.0;0.0;0.0;0.0;2.87;0.0;0.0
109697;612609;2019-06-03;FRC;V22;;;0;0;0.0;;;0.0;0.0;0.0;0.0;0.0;2.86;0.0;0.0
109698;612610;2019-06-03;FRC;F23;;;18;4656;866576917.0;;;3.01;2.84;3.01;2.85;2.85;2.84;2.84;0.0
109699;612611;2019-06-03;FRC;J23;;;0;0;0.0;;;0.0;0.0;0.0;0.0;0.0;2.84;0.0;2.84
109700;612612;2019-06-03;FRC;N23;;;8;1520;281116577.0;;;2.83;2.83;2.83;2.83;2.83;2.83;0.0;0.0
109701;612613;2019-06-03;FRC;V23;;;5;945;174130190.0;;;2.84;2.84;2.84;2.84;2.84;2.84;2.84;0.0
109702;612614;2019-06-03;FRC;F24;;;10;2654;487031105.0;;;3.02;2.87;3.02;2.87;2.87;2.87;2.87;0.0
109703;612615;2019-06-03;FRC;J24;;;0;0;0.0;;;0.0;0.0;0.0;0.0;0.0;2.91;0.0;0.0
109704;612616;2019-06-03;FRC;N24;;;2;2807;511199870.0;;;2.91;2.91;2.91;2.91;2.91;2.92;0.0;0.0
109705;612617;2019-06-03;FRC;F25;;;12;2939;531233028.0;;;3.09;2.93;3.09;2.93;2.93;2.93;2.93;3.0
109706;612618;2019-06-03;FRC;N25;;;0;0;0.0;;;0.0;0.0;0.0;0.0;0.0;2.95;0.0;0.0
109707;612619;2019-06-03;FRC;F26;;;3;549;97639823.0;;;3.01;3.01;3.01;3.01;3.01;3.01;0.0;0.0
109708;612620;2019-06-03;FRC;N26;;;0;0;0.0;;;0.0;0.0;0.0;0.0;0.0;3.09;0.0;0.0
109709;612621;2019-06-03;FRC;F27;;;0;0;0.0;;;0.0;0.0;0.0;0.0;0.0;3.14;0.0;0.0
109710;612622;2019-06-03;FRC;F28;;;0;0;0.0;;;0.0;0.0;0.0;0.0;0.0;3.29;0.0;0.0
109711;612623;2019-06-03;FRC;F29;;;0;0;0.0;;;0.0;0.0;0.0;0.0;0.0;3.34;0.0;0.0
109712;612624;2019-06-03;FRC;F30;;;2;346;57193150.0;;;3.43;3.43;3.43;3.43;3.43;3.43;0.0;0.0
109713;612625;2019-06-03;FRC;F31;;;0;0;0.0;;;0.0;0.0;0.0;0.0;0.0;3.49;0.0;0.0
109714;612793;2019-06-04;FRC;Q19;;;40;79486;15351481242.0;;;3.3;3.3;3.35;3.3;3.3;3.3;3.3;3.33
109715;612794;2019-06-04;FRC;U19;;;7;6999;1349906907.0;;;3.22;3.22;3.24;3.22;3.24;3.2;3.2;0.0
109716;612795;2019-06-04;FRC;V19;;;11;8824;1699576867.0;;;3.28;3.26;3.28;3.26;3.27;3.26;3.26;0.0
109717;612796;2019-06-04;FRC;X19;;;2;1054;202712900.0;;;3.29;3.29;3.3;3.29;3.3;3.29;0.0;0.0
109718;612797;2019-06-04;FRC;Z19;;;10;4173;801610954.0;;;3.22;3.22;3.22;3.22;3.22;3.22;3.23;0.0
109719;612798;2019-06-04;FRC;F20;;;44;56155;10771198349.0;;;3.24;3.24;3.27;3.25;3.26;3.26;3.24;3.28
109720;612799;2019-06-04;FRC;G20;;;8;4752;910199466.0;;;3.25;3.25;3.25;3.25;3.25;3.25;0.0;0.0
109721;612800;2019-06-04;FRC;H20;;;0;0;0.0;;;0.0;0.0;0.0;0.0;0.0;3.26;0.0;0.0
109722;612801;2019-06-04;FRC;J20;;;19;17191;3284243211.0;;;3.25;3.25;3.27;3.25;3.25;3.25;3.25;0.0
109723;612802;2019-06-04;FRC;K20;;;7;5644;1076863918.0;;;3.2;3.2;3.22;3.21;3.22;3.22;0.0;0.0
109724;612803;2019-06-04;FRC;M20;;;3;3351;638646878.0;;;3.18;3.18;3.22;3.19;3.19;3.19;0.0;0.0
109725;612804;2019-06-04;FRC;N20;;;23;15949;3035697603.0;;;3.19;3.19;3.19;3.19;3.19;3.19;0.0;0.0
109726;612805;2019-06-04;FRC;V20;;;6;3924;744182973.0;;;3.14;3.12;3.14;3.13;3.12;3.12;0.0;0.0
109727;612806;2019-06-04;FRC;F21;;;37;44866;8478424766.0;;;3.1;3.06;3.1;3.07;3.06;3.06;3.04;0.0
109728;612807;2019-06-04;FRC;J21;;;3;447;84231116.0;;;2.98;2.98;3.01;2.98;3.01;2.98;2.98;0.0
109729;612808;2019-06-04;FRC;N21;;;13;13405;2517093528.0;;;2.98;2.94;2.98;2.97;2.94;2.94;0.0;0.0
109730;612809;2019-06-04;FRC;V21;;;0;0;0.0;;;0.0;0.0;0.0;0.0;0.0;2.93;0.0;0.0
109731;612810;2019-06-04;FRC;F22;;;20;6600;1231143088.0;;;2.93;2.9;2.96;2.9;2.9;2.9;2.91;0.0
109732;612811;2019-06-04;FRC;J22;;;1;19;3531023.0;;;2.9;2.9;2.9;2.9;2.9;2.91;0.0;0.0
109733;612812;2019-06-04;FRC;N22;;;1;19;3520455.0;;;2.87;2.87;2.87;2.87;2.87;2.89;0.0;0.0
109734;612813;2019-06-04;FRC;V22;;;0;0;0.0;;;0.0;0.0;0.0;0.0;0.0;2.89;2.89;0.0
109735;612814;2019-06-04;FRC;F23;;;19;7248;1334049773.0;;;2.88;2.87;2.88;2.87;2.87;2.87;0.0;0.0
109736;612815;2019-06-04;FRC;J23;;;1;57;10460597.0;;;2.84;2.84;2.84;2.84;2.84;2.88;0.0;0.0
109737;612816;2019-06-04;FRC;N23;;;5;950;173682349.0;;;2.87;2.87;2.87;2.87;2.87;2.87;0.0;0.0
109738;612817;2019-06-04;FRC;V23;;;9;1701;309886967.0;;;2.87;2.87;2.87;2.87;2.87;2.87;0.0;0.0
109739;612818;2019-06-04;FRC;F24;;;15;3818;692482446.0;;;2.88;2.88;2.92;2.91;2.92;2.92;0.0;0.0
109740;612819;2019-06-04;FRC;J24;;;0;0;0.0;;;0.0;0.0;0.0;0.0;0.0;2.96;0.0;0.0
109741;612820;2019-06-04;FRC;N24;;;2;187;33643036.0;;;2.97;2.97;2.97;2.97;2.97;2.97;0.0;0.0
109742;612821;2019-06-04;FRC;F25;;;12;4273;763185836.0;;;2.96;2.96;2.98;2.97;2.98;2.98;0.0;0.0
109743;612822;2019-06-04;FRC;N25;;;0;0;0.0;;;0.0;0.0;0.0;0.0;0.0;3.0;0.0;0.0
109744;612823;2019-06-04;FRC;F26;;;0;0;0.0;;;0.0;0.0;0.0;0.0;0.0;3.06;0.0;0.0
109745;612824;2019-06-04;FRC;N26;;;0;0;0.0;;;0.0;0.0;0.0;0.0;0.0;3.14;0.0;0.0
109746;612825;2019-06-04;FRC;F27;;;2;722;124543506.0;;;3.19;3.19;3.19;3.19;3.19;3.19;0.0;0.0
109747;612826;2019-06-04;FRC;F28;;;2;89;15052754.0;;;3.34;3.34;3.34;3.34;3.34;3.34;0.0;0.0
109748;612827;2019-06-04;FRC;F29;;;0;0;0.0;;;0.0;0.0;0.0;0.0;0.0;3.39;0.0;0.0
109749;612828;2019-06-04;FRC;F30;;;0;0;0.0;;;0.0;0.0;0.0;0.0;0.0;3.48;0.0;0.0
109750;612829;2019-06-04;FRC;F31;;;0;0;0.0;;;0.0;0.0;0.0;0.0;0.0;3.54;0.0;0.0
109751;612996;2019-06-05;FRC;Q19;;;27;51526;9947718785.0;;;3.32;3.28;3.35;3.29;3.28;3.28;3.28;0.0
109752;612997;2019-06-05;FRC;U19;;;33;28198;5436652644.0;;;3.22;3.18;3.22;3.2;3.22;3.18;0.0;0.0
109753;612998;2019-06-05;FRC;V19;;;25;42644;8210593692.0;;;3.28;3.24;3.28;3.25;3.26;3.24;3.24;0.0
109754;612999;2019-06-05;FRC;X19;;;2;13385;2573370864.0;;;3.29;3.27;3.29;3.28;3.27;3.29;3.28;0.0
109755;613000;2019-06-05;FRC;Z19;;;18;33630;6457663597.0;;;3.21;3.21;3.23;3.21;3.23;3.23;3.23;0.0
109756;613001;2019-06-05;FRC;F20;;;32;69088;13246709925.0;;;3.23;3.21;3.26;3.25;3.26;3.26;0.0;0.0
109757;613002;2019-06-05;FRC;G20;;;10;6139;1175412578.0;;;3.25;3.25;3.25;3.25;3.25;3.25;0.0;0.0
109758;613003;2019-06-05;FRC;H20;;;2;792;151454241.0;;;3.25;3.25;3.25;3.25;3.25;3.25;0.0;0.0
109759;613004;2019-06-05;FRC;J20;;;24;21717;4147727463.0;;;3.22;3.2;3.24;3.22;3.22;3.22;3.2;3.22
109760;613005;2019-06-05;FRC;K20;;;6;3355;639950584.0;;;3.19;3.19;3.19;3.19;3.19;3.19;0.0;0.0
109761;613006;2019-06-05;FRC;M20;;;1;118;22481860.0;;;3.17;3.17;3.17;3.17;3.17;3.15;0.0;0.0
109762;613007;2019-06-05;FRC;N20;;;24;50527;9615495741.0;;;3.18;3.14;3.18;3.15;3.14;3.14;0.0;0.0
109763;613008;2019-06-05;FRC;V20;;;8;2549;483390794.0;;;3.08;3.08;3.08;3.08;3.08;3.08;0.0;0.0
109764;613009;2019-06-05;FRC;F21;;;24;17546;3315860347.0;;;3.03;3.01;3.04;3.01;3.01;3.01;0.0;0.0
109765;613010;2019-06-05;FRC;J21;;;0;0;0.0;;;0.0;0.0;0.0;0.0;0.0;2.95;0.0;0.0
109766;613011;2019-06-05;FRC;N21;;;2;6221;1168449454.0;;;2.91;2.91;2.91;2.91;2.91;2.91;0.0;0.0
109767;613012;2019-06-05;FRC;V21;;;2;388;72624947.0;;;2.9;2.9;2.9;2.9;2.9;2.9;0.0;0.0
109768;613013;2019-06-05;FRC;F22;;;20;15508;2892761776.0;;;2.9;2.86;2.91;2.88;2.86;2.86;2.86;0.0
109769;613014;2019-06-05;FRC;J22;;;0;0;0.0;;;0.0;0.0;0.0;0.0;0.0;2.88;0.0;0.0
109770;613015;2019-06-05;FRC;N22;;;0;0;0.0;;;0.0;0.0;0.0;0.0;0.0;2.87;0.0;0.0
109771;613016;2019-06-05;FRC;V22;;;0;0;0.0;;;0.0;0.0;0.0;0.0;0.0;2.89;0.0;0.0
109772;613017;2019-06-05;FRC;F23;;;20;4810;884944311.0;;;2.85;2.85;2.88;2.87;2.88;2.88;2.85;0.0
109773;613018;2019-06-05;FRC;J23;;;0;0;0.0;;;0.0;0.0;0.0;0.0;0.0;2.9;0.0;0.0
109774;613019;2019-06-05;FRC;N23;;;0;0;0.0;;;0.0;0.0;0.0;0.0;0.0;2.9;0.0;0.0
109775;613020;2019-06-05;FRC;V23;;;6;1323;240888178.0;;;2.85;2.85;2.9;2.87;2.9;2.9;0.0;0.0
109776;613021;2019-06-05;FRC;F24;;;7;1260;228259053.0;;;2.95;2.95;2.96;2.95;2.95;2.95;0.0;0.0
109777;613022;2019-06-05;FRC;J24;;;0;0;0.0;;;0.0;0.0;0.0;0.0;0.0;3.0;0.0;0.0
109778;613023;2019-06-05;FRC;N24;;;0;0;0.0;;;0.0;0.0;0.0;0.0;0.0;3.02;0.0;0.0
109779;613024;2019-06-05;FRC;F25;;;6;1110;197756409.0;;;3.05;3.05;3.05;3.05;3.05;3.05;0.0;0.0
109780;613025;2019-06-05;FRC;N25;;;0;0;0.0;;;0.0;0.0;0.0;0.0;0.0;3.07;0.0;0.0
109781;613026;2019-06-05;FRC;F26;;;6;2104;368892082.0;;;3.12;3.12;3.12;3.12;3.12;3.12;3.1;0.0
109782;613027;2019-06-05;FRC;N26;;;0;0;0.0;;;0.0;0.0;0.0;0.0;0.0;3.19;0.0;0.0
109783;613028;2019-06-05;FRC;F27;;;3;1441;248102161.0;;;3.23;3.23;3.23;3.23;3.23;3.23;0.0;0.0
109784;613029;2019-06-05;FRC;F28;;;0;0;0.0;;;0.0;0.0;0.0;0.0;0.0;3.38;0.0;0.0
109785;613030;2019-06-05;FRC;F29;;;0;0;0.0;;;0.0;0.0;0.0;0.0;0.0;3.43;0.0;0.0
109786;613031;2019-06-05;FRC;F30;;;0;0;0.0;;;0.0;0.0;0.0;0.0;0.0;3.52;0.0;0.0
109787;613032;2019-06-05;FRC;F31;;;0;0;0.0;;;0.0;0.0;0.0;0.0;0.0;3.58;0.0;0.0
109788;613199;2019-06-06;FRC;Q19;;;5;14379;2771505194.0;;;3.35;3.31;3.35;3.32;3.33;3.33;0.0;0.0
109789;613200;2019-06-06;FRC;U19;;;28;13652;2627865554.0;;;3.21;3.19;3.24;3.21;3.19;3.19;0.0;0.0
109790;613201;2019-06-06;FRC;V19;;;31;116973;22485591153.0;;;3.26;3.24;3.27;3.25;3.26;3.26;0.0;0.0
109791;613202;2019-06-06;FRC;X19;;;5;55689;10689375785.0;;;3.29;3.29;3.3;3.29;3.3;3.32;0.0;0.0
109792;613203;2019-06-06;FRC;Z19;;;5;31225;5985925212.0;;;3.23;3.23;3.28;3.23;3.28;3.28;0.0;0.0
109793;613204;2019-06-06;FRC;F20;;;51;85154;16300015955.0;;;3.29;3.25;3.29;3.27;3.28;3.28;0.0;0.0
109794;613205;2019-06-06;FRC;G20;;;0;0;0.0;;;0.0;0.0;0.0;0.0;0.0;3.26;0.0;0.0
109795;613206;2019-06-06;FRC;H20;;;0;0;0.0;;;0.0;0.0;0.0;0.0;0.0;3.25;0.0;0.0
109796;613207;2019-06-06;FRC;J20;;;15;6960;1327305231.0;;;3.23;3.2;3.26;3.2;3.2;3.2;0.0;0.0
109797;613208;2019-06-06;FRC;K20;;;1;197;37515248.0;;;3.19;3.19;3.19;3.19;3.19;3.19;0.0;0.0
109798;613209;2019-06-06;FRC;M20;;;0;0;0.0;;;0.0;0.0;0.0;0.0;0.0;3.15;0.0;0.0
109799;613210;2019-06-06;FRC;N20;;;8;23119;4392918098.0;;;3.12;3.12;3.14;3.13;3.14;3.14;0.0;0.0
109800;613211;2019-06-06;FRC;V20;;;52;9978;1888794817.0;;;3.11;3.11;3.11;3.11;3.11;3.1;0.0;0.0
109801;613212;2019-06-06;FRC;F21;;;33;32544;6139212526.0;;;3.06;2.93;3.06;3.04;2.93;3.05;3.0;0.0
109802;613213;2019-06-06;FRC;J21;;;2;390;73336079.0;;;3.0;3.0;3.0;3.0;3.0;3.0;3.0;0.0
109803;613214;2019-06-06;FRC;N21;;;5;2331;436914362.0;;;2.96;2.94;2.96;2.95;2.94;2.96;0.0;0.0
109804;613215;2019-06-06;FRC;V21;;;3;2324;434169413.0;;;2.92;2.92;2.95;2.92;2.95;2.95;2.95;0.0
109805;613216;2019-06-06;FRC;F22;;;17;8129;1513593646.0;;;2.87;2.87;2.92;2.89;2.92;2.92;2.92;0.0
109806;613217;2019-06-06;FRC;J22;;;0;0;0.0;;;0.0;0.0;0.0;0.0;0.0;2.95;0.0;0.0
109807;613218;2019-06-06;FRC;N22;;;0;0;0.0;;;0.0;0.0;0.0;0.0;0.0;2.94;0.0;2.94
109808;613219;2019-06-06;FRC;V22;;;0;0;0.0;;;0.0;0.0;0.0;0.0;0.0;2.97;0.0;0.0
109809;613220;2019-06-06;FRC;F23;;;2;1010;185289576.0;;;2.87;2.87;2.95;2.94;2.95;2.96;0.0;0.0
109810;613221;2019-06-06;FRC;J23;;;0;0;0.0;;;0.0;0.0;0.0;0.0;0.0;2.98;0.0;0.0
109811;613222;2019-06-06;FRC;N23;;;1;189;34410290.0;;;2.97;2.97;2.97;2.97;2.97;2.97;0.0;0.0
109812;613223;2019-06-06;FRC;V23;;;3;567;102868359.0;;;2.98;2.98;2.98;2.98;2.98;2.98;0.0;0.0
109813;613224;2019-06-06;FRC;F24;;;29;6615;1195039489.0;;;2.95;2.95;3.07;3.0;3.07;3.06;3.02;3.07
109814;613225;2019-06-06;FRC;J24;;;0;0;0.0;;;0.0;0.0;0.0;0.0;0.0;3.09;0.0;0.0
109815;613226;2019-06-06;FRC;N24;;;2;2053;367983130.0;;;3.04;3.04;3.04;3.04;3.04;3.09;0.0;0.0
109816;613227;2019-06-06;FRC;F25;;;3;2041;363253999.0;;;3.03;3.03;3.09;3.03;3.09;3.09;0.0;0.0
109817;613228;2019-06-06;FRC;N25;;;0;0;0.0;;;0.0;0.0;0.0;0.0;0.0;3.12;0.0;0.0
109818;613229;2019-06-06;FRC;F26;;;11;3403;595186995.0;;;3.12;3.12;3.19;3.15;3.19;3.19;0.0;0.0
109819;613230;2019-06-06;FRC;N26;;;0;0;0.0;;;0.0;0.0;0.0;0.0;0.0;3.25;0.0;0.0
109820;613231;2019-06-06;FRC;F27;;;2;901;154885397.0;;;3.23;3.23;3.23;3.23;3.23;3.3;0.0;0.0
109821;613232;2019-06-06;FRC;F28;;;0;0;0.0;;;0.0;0.0;0.0;0.0;0.0;3.47;0.0;0.0
109822;613233;2019-06-06;FRC;F29;;;0;0;0.0;;;0.0;0.0;0.0;0.0;0.0;3.52;0.0;0.0
109823;613234;2019-06-06;FRC;F30;;;0;0;0.0;;;0.0;0.0;0.0;0.0;0.0;3.61;0.0;0.0
109824;613235;2019-06-06;FRC;F31;;;0;0;0.0;;;0.0;0.0;0.0;0.0;0.0;3.67;0.0;0.0
109825;613402;2019-06-07;FRC;Q19;;;28;46134;8896286771.0;;;3.34;3.34;3.34;3.34;3.34;3.34;0.0;0.0
109826;613403;2019-06-07;FRC;U19;;;15;19544;3763812094.0;;;3.2;3.2;3.21;3.2;3.21;3.21;0.0;0.0
109827;613404;2019-06-07;FRC;V19;;;18;34915;6714725638.0;;;3.27;3.26;3.27;3.26;3.26;3.26;0.0;0.0
109828;613405;2019-06-07;FRC;X19;;;18;12928;2482676851.0;;;3.29;3.29;3.29;3.29;3.29;3.29;0.0;0.0
109829;613406;2019-06-07;FRC;Z19;;;17;13108;2513802546.0;;;3.27;3.27;3.29;3.27;3.29;3.29;0.0;0.0
109830;613407;2019-06-07;FRC;F20;;;93;76641;14677416035.0;;;3.23;3.23;3.31;3.27;3.31;3.31;0.0;3.3
109831;613408;2019-06-07;FRC;G20;;;0;0;0.0;;;0.0;0.0;0.0;0.0;0.0;3.28;0.0;0.0
109832;613409;2019-06-07;FRC;H20;;;5;2769;528887087.0;;;3.26;3.26;3.26;3.26;3.26;3.26;0.0;0.0
109833;613410;2019-06-07;FRC;J20;;;32;31539;6017852427.0;;;3.15;3.15;3.21;3.18;3.21;3.21;0.0;0.0
109834;613411;2019-06-07;FRC;K20;;;7;1775;338168636.0;;;3.2;3.2;3.2;3.2;3.2;3.2;0.0;0.0
109835;613412;2019-06-07;FRC;M20;;;8;3548;675298452.0;;;3.15;3.15;3.15;3.15;3.15;3.15;0.0;0.0
109836;613413;2019-06-07;FRC;N20;;;17;10045;1909620988.0;;;3.08;3.08;3.15;3.13;3.15;3.15;0.0;0.0
109837;613414;2019-06-07;FRC;V20;;;29;23152;4385436944.0;;;3.11;3.08;3.11;3.08;3.08;3.11;0.0;3.11
109838;613415;2019-06-07;FRC;F21;;;55;35408;6683390169.0;;;3.01;3.0;3.07;3.02;3.05;3.05;0.0;0.0
109839;613416;2019-06-07;FRC;J21;;;6;1521;286144170.0;;;3.0;3.0;3.0;3.0;3.0;3.0;0.0;0.0
109840;613417;2019-06-07;FRC;N21;;;2;194;36372011.0;;;2.97;2.97;2.97;2.97;2.97;2.96;0.0;0.0
109841;613418;2019-06-07;FRC;V21;;;6;1164;217527893.0;;;2.94;2.94;2.94;2.94;2.94;2.94;2.94;0.0
109842;613419;2019-06-07;FRC;F22;;;25;10715;1995251845.0;;;2.88;2.88;2.95;2.92;2.95;2.95;0.0;2.96
109843;613420;2019-06-07;FRC;J22;;;6;1212;224823051.0;;;2.97;2.95;2.97;2.95;2.96;2.97;0.0;0.0
109844;613421;2019-06-07;FRC;N22;;;4;710;131234001.0;;;2.98;2.95;2.98;2.95;2.95;2.96;0.0;0.0
109845;613422;2019-06-07;FRC;V22;;;5;955;175800731.0;;;2.98;2.98;2.98;2.98;2.98;2.98;2.95;0.0
109846;613423;2019-06-07;FRC;F23;;;9;2207;404951430.0;;;2.96;2.95;2.96;2.95;2.96;2.96;0.0;0.0
109847;613424;2019-06-07;FRC;J23;;;0;0;0.0;;;0.0;0.0;0.0;0.0;0.0;2.99;0.0;0.0
109848;613425;2019-06-07;FRC;N23;;;0;0;0.0;;;0.0;0.0;0.0;0.0;0.0;2.99;0.0;0.0
109849;613426;2019-06-07;FRC;V23;;;2;378;68583847.0;;;3.0;3.0;3.0;3.0;3.0;3.0;0.0;0.0
109850;613427;2019-06-07;FRC;F24;;;8;1504;271603876.0;;;3.05;3.04;3.05;3.04;3.05;3.05;0.0;0.0
109851;613428;2019-06-07;FRC;J24;;;0;0;0.0;;;0.0;0.0;0.0;0.0;0.0;3.09;0.0;0.0
109852;613429;2019-06-07;FRC;N24;;;0;0;0.0;;;0.0;0.0;0.0;0.0;0.0;3.1;0.0;0.0
109853;613430;2019-06-07;FRC;F25;;;7;1074;190873306.0;;;3.07;3.07;3.12;3.1;3.12;3.12;0.0;0.0
109854;613431;2019-06-07;FRC;N25;;;0;0;0.0;;;0.0;0.0;0.0;0.0;0.0;3.15;0.0;0.0
109855;613432;2019-06-07;FRC;F26;;;6;1279;223419177.0;;;3.2;3.2;3.21;3.2;3.21;3.21;0.0;0.0
109856;613433;2019-06-07;FRC;N26;;;0;0;0.0;;;0.0;0.0;0.0;0.0;0.0;3.27;0.0;0.0
109857;613434;2019-06-07;FRC;F27;;;0;0;0.0;;;0.0;0.0;0.0;0.0;0.0;3.32;3.3;0.0
109858;613435;2019-06-07;FRC;F28;;;6;1415;237773995.0;;;3.46;3.46;3.46;3.46;3.46;3.49;0.0;0.0
109859;613436;2019-06-07;FRC;F29;;;0;0;0.0;;;0.0;0.0;0.0;0.0;0.0;3.54;0.0;0.0
109860;613437;2019-06-07;FRC;F30;;;0;0;0.0;;;0.0;0.0;0.0;0.0;0.0;3.63;0.0;0.0
109861;613438;2019-06-07;FRC;F31;;;0;0;0.0;;;0.0;0.0;0.0;0.0;0.0;3.69;0.0;0.0
109862;613605;2019-06-10;FRC;Q19;;;13;35950;6927007131.0;;;3.29;3.29;3.29;3.29;3.29;3.29;0.0;0.0
109863;613606;2019-06-10;FRC;U19;;;12;14557;2801115839.0;;;3.2;3.2;3.2;3.2;3.2;3.2;0.0;0.0
109864;613607;2019-06-10;FRC;V19;;;0;0;0.0;;;0.0;0.0;0.0;0.0;0.0;3.24;0.0;0.0
109865;613608;2019-06-10;FRC;X19;;;19;57265;10988693140.0;;;3.26;3.26;3.26;3.26;3.26;3.26;0.0;0.0
109866;613609;2019-06-10;FRC;Z19;;;15;18669;3577397074.0;;;3.26;3.26;3.27;3.26;3.27;3.26;3.25;0.0
109867;613610;2019-06-10;FRC;F20;;;25;64855;12409666378.0;;;3.27;3.27;3.29;3.28;3.29;3.27;0.0;3.29
109868;613611;2019-06-10;FRC;G20;;;0;0;0.0;;;0.0;0.0;0.0;0.0;0.0;3.24;0.0;0.0
109869;613612;2019-06-10;FRC;H20;;;0;0;0.0;;;0.0;0.0;0.0;0.0;0.0;3.22;0.0;0.0
109870;613613;2019-06-10;FRC;J20;;;23;34037;6489706400.0;;;3.21;3.16;3.21;3.16;3.16;3.16;3.16;0.0
109871;613614;2019-06-10;FRC;K20;;;8;1774;337753921.0;;;3.16;3.16;3.16;3.16;3.16;3.16;0.0;0.0
109872;613615;2019-06-10;FRC;M20;;;3;1262;240007953.0;;;3.15;3.11;3.15;3.14;3.11;3.11;0.0;0.0
109873;613616;2019-06-10;FRC;N20;;;14;25032;4755255775.0;;;3.15;3.11;3.15;3.11;3.11;3.11;0.0;0.0
109874;613617;2019-06-10;FRC;V20;;;66;23740;4493282425.0;;;3.06;3.06;3.08;3.07;3.06;3.06;0.0;0.0
109875;613618;2019-06-10;FRC;F21;;;10;4459;841002816.0;;;3.05;3.01;3.05;3.01;3.02;3.02;0.0;0.0
109876;613619;2019-06-10;FRC;J21;;;6;1170;220002366.0;;;2.96;2.96;2.96;2.96;2.96;2.96;0.0;0.0
109877;613620;2019-06-10;FRC;N21;;;4;2527;473588210.0;;;2.93;2.93;2.93;2.93;2.93;2.93;0.0;0.0
109878;613621;2019-06-10;FRC;V21;;;2;388;72456271.0;;;2.93;2.93;2.93;2.93;2.93;2.93;0.0;0.0
109879;613622;2019-06-10;FRC;F22;;;6;1254;233314670.0;;;2.96;2.92;2.96;2.92;2.92;2.92;0.0;0.0
109880;613623;2019-06-10;FRC;J22;;;0;0;0.0;;;0.0;0.0;0.0;0.0;0.0;2.94;0.0;0.0
109881;613624;2019-06-10;FRC;N22;;;0;0;0.0;;;0.0;0.0;0.0;0.0;0.0;2.94;0.0;0.0
109882;613625;2019-06-10;FRC;V22;;;0;0;0.0;;;0.0;0.0;0.0;0.0;0.0;2.97;0.0;0.0
109883;613626;2019-06-10;FRC;F23;;;7;3813;699210530.0;;;2.95;2.95;2.95;2.95;2.95;2.95;0.0;0.0
109884;613627;2019-06-10;FRC;J23;;;0;0;0.0;;;0.0;0.0;0.0;0.0;0.0;2.98;0.0;0.0
109885;613628;2019-06-10;FRC;N23;;;0;0;0.0;;;0.0;0.0;0.0;0.0;0.0;2.98;0.0;0.0
109886;613629;2019-06-10;FRC;V23;;;0;0;0.0;;;0.0;0.0;0.0;0.0;0.0;2.99;0.0;0.0
109887;613630;2019-06-10;FRC;F24;;;4;752;135682095.0;;;3.05;3.05;3.05;3.05;3.05;3.05;0.0;0.0
109888;613631;2019-06-10;FRC;J24;;;0;0;0.0;;;0.0;0.0;0.0;0.0;0.0;3.09;0.0;0.0
109889;613632;2019-06-10;FRC;N24;;;0;0;0.0;;;0.0;0.0;0.0;0.0;0.0;3.1;0.0;0.0
109890;613633;2019-06-10;FRC;F25;;;5;1110;197027605.0;;;3.12;3.12;3.12;3.12;3.12;3.12;0.0;0.0
109891;613634;2019-06-10;FRC;N25;;;0;0;0.0;;;0.0;0.0;0.0;0.0;0.0;3.15;0.0;0.0
109892;613635;2019-06-10;FRC;F26;;;0;0;0.0;;;0.0;0.0;0.0;0.0;0.0;3.21;0.0;0.0
109893;613636;2019-06-10;FRC;N26;;;0;0;0.0;;;0.0;0.0;0.0;0.0;0.0;3.27;0.0;0.0
109894;613637;2019-06-10;FRC;F27;;;0;0;0.0;;;0.0;0.0;0.0;0.0;0.0;3.32;0.0;0.0
109895;613638;2019-06-10;FRC;F28;;;2;354;59372087.0;;;3.48;3.48;3.51;3.49;3.51;3.49;0.0;0.0
109896;613639;2019-06-10;FRC;F29;;;0;0;0.0;;;0.0;0.0;0.0;0.0;0.0;3.54;0.0;0.0
109897;613640;2019-06-10;FRC;F30;;;0;0;0.0;;;0.0;0.0;0.0;0.0;0.0;3.63;0.0;0.0
109898;613641;2019-06-10;FRC;F31;;;0;0;0.0;;;0.0;0.0;0.0;0.0;0.0;3.69;0.0;0.0
109899;613808;2019-06-11;FRC;Q19;;;48;106073;20424100902.0;;;3.29;3.28;3.32;3.28;3.28;3.28;0.0;0.0
109900;613809;2019-06-11;FRC;U19;;;13;7972;1532892953.0;;;3.19;3.19;3.25;3.2;3.2;3.18;0.0;0.0
109901;613810;2019-06-11;FRC;V19;;;12;8425;1617889117.0;;;3.22;3.22;3.22;3.22;3.22;3.22;0.0;0.0
109902;613811;2019-06-11;FRC;X19;;;10;7260;1392167910.0;;;3.25;3.25;3.25;3.25;3.25;3.25;0.0;0.0
109903;613812;2019-06-11;FRC;Z19;;;35;8433;1614902829.0;;;3.25;3.21;3.26;3.23;3.26;3.21;3.21;3.26
109904;613813;2019-06-11;FRC;F20;;;50;48911;9353538444.0;;;3.29;3.22;3.29;3.23;3.26;3.22;3.21;3.23
109905;613814;2019-06-11;FRC;G20;;;0;0;0.0;;;0.0;0.0;0.0;0.0;0.0;3.2;0.0;0.0
109906;613815;2019-06-11;FRC;H20;;;0;0;0.0;;;0.0;0.0;0.0;0.0;0.0;3.18;0.0;0.0
109907;613816;2019-06-11;FRC;J20;;;22;62972;11998447871.0;;;3.16;3.13;3.16;3.15;3.13;3.13;3.12;3.13
109908;613817;2019-06-11;FRC;K20;;;2;21710;4130518419.0;;;3.16;3.16;3.16;3.16;3.16;3.14;0.0;0.0
109909;613818;2019-06-11;FRC;M20;;;4;7493;1424369697.0;;;3.09;3.09;3.09;3.09;3.09;3.09;0.0;0.0
109910;613819;2019-06-11;FRC;N20;;;19;59836;11359961506.0;;;3.11;3.08;3.11;3.09;3.08;3.08;0.0;0.0
109911;613820;2019-06-11;FRC;V20;;;54;23578;4460169093.0;;;3.05;3.05;3.05;3.05;3.05;3.03;0.0;0.0
109912;613821;2019-06-11;FRC;F21;;;41;52928;9975798607.0;;;3.02;2.99;3.05;3.01;2.99;2.99;0.0;0.0
109913;613822;2019-06-11;FRC;J21;;;6;1170;219863394.0;;;2.95;2.95;2.95;2.95;2.95;2.95;0.0;0.0
109914;613823;2019-06-11;FRC;N21;;;0;0;0.0;;;0.0;0.0;0.0;0.0;0.0;2.92;0.0;0.0
109915;613824;2019-06-11;FRC;V21;;;0;0;0.0;;;0.0;0.0;0.0;0.0;0.0;2.92;0.0;0.0
109916;613825;2019-06-11;FRC;F22;;;11;6140;1141880963.0;;;2.92;2.9;2.92;2.9;2.9;2.9;2.9;0.0
109917;613826;2019-06-11;FRC;J22;;;0;0;0.0;;;0.0;0.0;0.0;0.0;0.0;2.92;0.0;0.0
109918;613827;2019-06-11;FRC;N22;;;0;0;0.0;;;0.0;0.0;0.0;0.0;0.0;2.93;0.0;0.0
109919;613828;2019-06-11;FRC;V22;;;0;0;0.0;;;0.0;0.0;0.0;0.0;0.0;2.97;2.94;2.97
109920;613829;2019-06-11;FRC;F23;;;23;15057;2759041208.0;;;2.95;2.95;2.95;2.95;2.95;2.95;0.0;0.0
109921;613830;2019-06-11;FRC;J23;;;0;0;0.0;;;0.0;0.0;0.0;0.0;0.0;2.98;0.0;0.0
109922;613831;2019-06-11;FRC;N23;;;0;0;0.0;;;0.0;0.0;0.0;0.0;0.0;2.98;0.0;0.0
109923;613832;2019-06-11;FRC;V23;;;1;189;34244416.0;;;2.99;2.99;2.99;2.99;2.99;2.99;0.0;0.0
109924;613833;2019-06-11;FRC;F24;;;8;4940;890795430.0;;;3.04;3.04;3.04;3.04;3.04;3.04;0.0;0.0
109925;613834;2019-06-11;FRC;J24;;;0;0;0.0;;;0.0;0.0;0.0;0.0;0.0;3.09;0.0;0.0
109926;613835;2019-06-11;FRC;N24;;;0;0;0.0;;;0.0;0.0;0.0;0.0;0.0;3.11;0.0;0.0
109927;613836;2019-06-11;FRC;F25;;;9;3700;655838579.0;;;3.13;3.13;3.15;3.14;3.15;3.15;0.0;0.0
109928;613837;2019-06-11;FRC;N25;;;0;0;0.0;;;0.0;0.0;0.0;0.0;0.0;3.18;0.0;0.0
109929;613838;2019-06-11;FRC;F26;;;3;1458;253781550.0;;;3.27;3.27;3.27;3.27;3.27;3.24;0.0;0.0
109930;613839;2019-06-11;FRC;N26;;;0;0;0.0;;;0.0;0.0;0.0;0.0;0.0;3.3;0.0;0.0
109931;613840;2019-06-11;FRC;F27;;;0;0;0.0;;;0.0;0.0;0.0;0.0;0.0;3.35;0.0;0.0
109932;613841;2019-06-11;FRC;F28;;;0;0;0.0;;;0.0;0.0;0.0;0.0;0.0;3.52;0.0;0.0
109933;613842;2019-06-11;FRC;F29;;;0;0;0.0;;;0.0;0.0;0.0;0.0;0.0;3.57;0.0;0.0
109934;613843;2019-06-11;FRC;F30;;;0;0;0.0;;;0.0;0.0;0.0;0.0;0.0;3.66;0.0;0.0
109935;613844;2019-06-11;FRC;F31;;;0;0;0.0;;;0.0;0.0;0.0;0.0;0.0;3.72;0.0;0.0
109936;614011;2019-06-12;FRC;Q19;;;34;83382;16038707513.0;;;3.3;3.29;3.3;3.29;3.29;3.29;3.28;0.0
109937;614012;2019-06-12;FRC;U19;;;25;40681;7814516358.0;;;3.18;3.18;3.2;3.19;3.2;3.2;0.0;0.0
109938;614013;2019-06-12;FRC;V19;;;12;6353;1218758288.0;;;3.22;3.22;3.22;3.22;3.22;3.22;0.0;0.0
109939;614014;2019-06-12;FRC;X19;;;9;2089;400170927.0;;;3.26;3.26;3.26;3.26;3.26;3.26;0.0;0.0
109940;614015;2019-06-12;FRC;Z19;;;10;5662;1083211852.0;;;3.22;3.22;3.22;3.22;3.22;3.22;3.22;0.0
109941;614016;2019-06-12;FRC;F20;;;28;38801;7412842292.0;;;3.23;3.22;3.23;3.22;3.22;3.23;3.19;0.0
109942;614017;2019-06-12;FRC;G20;;;2;2595;495103836.0;;;3.2;3.2;3.21;3.2;3.21;3.21;0.0;0.0
109943;614018;2019-06-12;FRC;H20;;;1;119;22677615.0;;;3.19;3.19;3.19;3.19;3.19;3.19;0.0;0.0
109944;614019;2019-06-12;FRC;J20;;;19;23404;4455261036.0;;;3.12;3.12;3.14;3.12;3.14;3.14;0.0;3.14
109945;614020;2019-06-12;FRC;K20;;;4;630;119753958.0;;;3.13;3.13;3.13;3.13;3.13;3.13;0.0;3.13
109946;614021;2019-06-12;FRC;M20;;;8;2758;523789349.0;;;3.07;3.07;3.07;3.07;3.07;3.07;0.0;0.0
109947;614022;2019-06-12;FRC;N20;;;16;23361;4430886560.0;;;3.08;3.08;3.08;3.08;3.08;3.08;0.0;0.0
109948;614023;2019-06-12;FRC;V20;;;16;6478;1224502488.0;;;3.01;3.01;3.01;3.01;3.01;3.01;0.0;0.0
109949;614024;2019-06-12;FRC;F21;;;14;5186;976718566.0;;;2.98;2.98;2.98;2.98;2.98;2.98;0.0;0.0
109950;614025;2019-06-12;FRC;J21;;;0;0;0.0;;;0.0;0.0;0.0;0.0;0.0;2.94;0.0;0.0
109951;614026;2019-06-12;FRC;N21;;;3;582;108910061.0;;;2.9;2.9;2.9;2.9;2.9;2.9;0.0;0.0
109952;614027;2019-06-12;FRC;V21;;;2;2131;397324701.0;;;2.91;2.91;2.91;2.91;2.91;2.91;0.0;0.0
109953;614028;2019-06-12;FRC;F22;;;9;3861;717247128.0;;;2.91;2.91;2.91;2.91;2.91;2.91;2.91;0.0
109954;614029;2019-06-12;FRC;J22;;;0;0;0.0;;;0.0;0.0;0.0;0.0;0.0;2.91;0.0;0.0
109955;614030;2019-06-12;FRC;N22;;;0;0;0.0;;;0.0;0.0;0.0;0.0;0.0;2.91;0.0;0.0
109956;614031;2019-06-12;FRC;V22;;;2;2198;403770471.0;;;2.95;2.95;2.95;2.95;2.95;2.93;0.0;0.0
109957;614032;2019-06-12;FRC;F23;;;7;5716;1046200144.0;;;2.95;2.95;2.96;2.95;2.96;2.95;0.0;0.0
109958;614033;2019-06-12;FRC;J23;;;0;0;0.0;;;0.0;0.0;0.0;0.0;0.0;2.98;0.0;0.0
109959;614034;2019-06-12;FRC;N23;;;0;0;0.0;;;0.0;0.0;0.0;0.0;0.0;2.98;0.0;0.0
109960;614035;2019-06-12;FRC;V23;;;0;0;0.0;;;0.0;0.0;0.0;0.0;0.0;2.99;0.0;0.0
109961;614036;2019-06-12;FRC;F24;;;9;2256;406418122.0;;;3.04;3.04;3.04;3.04;3.04;3.04;0.0;0.0
109962;614037;2019-06-12;FRC;J24;;;0;0;0.0;;;0.0;0.0;0.0;0.0;0.0;3.09;0.0;0.0
109963;614038;2019-06-12;FRC;N24;;;0;0;0.0;;;0.0;0.0;0.0;0.0;0.0;3.11;0.0;0.0
109964;614039;2019-06-12;FRC;F25;;;11;2091;370258172.0;;;3.13;3.13;3.15;3.14;3.15;3.15;0.0;0.0
109965;614040;2019-06-12;FRC;N25;;;0;0;0.0;;;0.0;0.0;0.0;0.0;0.0;3.18;0.0;0.0
109966;614041;2019-06-12;FRC;F26;;;2;546;94900814.0;;;3.28;3.28;3.28;3.28;3.28;3.24;0.0;0.0
109967;614042;2019-06-12;FRC;N26;;;0;0;0.0;;;0.0;0.0;0.0;0.0;0.0;3.3;0.0;0.0
109968;614043;2019-06-12;FRC;F27;;;0;0;0.0;;;0.0;0.0;0.0;0.0;0.0;3.35;0.0;0.0
109969;614044;2019-06-12;FRC;F28;;;0;0;0.0;;;0.0;0.0;0.0;0.0;0.0;3.52;0.0;0.0
109970;614045;2019-06-12;FRC;F29;;;0;0;0.0;;;0.0;0.0;0.0;0.0;0.0;3.57;0.0;0.0
109971;614046;2019-06-12;FRC;F30;;;0;0;0.0;;;0.0;0.0;0.0;0.0;0.0;3.66;0.0;0.0
109972;614047;2019-06-12;FRC;F31;;;0;0;0.0;;;0.0;0.0;0.0;0.0;0.0;3.72;0.0;0.0
109973;614214;2019-06-13;FRC;Q19;;;68;224904;43158965220.0;;;3.32;3.2;3.32;3.29;3.31;3.29;0.0;0.0
109974;614215;2019-06-13;FRC;U19;;;19;40084;7681812487.0;;;3.2;3.18;3.21;3.18;3.19;3.18;0.0;0.0
109975;614216;2019-06-13;FRC;V19;;;14;21055;4029671268.0;;;3.22;3.2;3.23;3.22;3.22;3.22;0.0;0.0
109976;614217;2019-06-13;FRC;X19;;;9;18241;3486239031.0;;;3.26;3.23;3.26;3.23;3.23;3.23;0.0;0.0
109977;614218;2019-06-13;FRC;Z19;;;7;14462;2760248541.0;;;3.23;3.2;3.23;3.22;3.2;3.2;0.0;0.0
109978;614219;2019-06-13;FRC;F20;;;95;37615;7169384724.0;;;3.23;3.2;3.26;3.22;3.2;3.2;0.0;0.0
109979;614220;2019-06-13;FRC;G20;;;6;1782;339232496.0;;;3.16;3.16;3.16;3.16;3.16;3.16;0.0;0.0
109980;614221;2019-06-13;FRC;H20;;;7;2772;527080492.0;;;3.15;3.15;3.15;3.15;3.15;3.15;0.0;0.0
109981;614222;2019-06-13;FRC;J20;;;17;21492;4082285003.0;;;3.16;3.05;3.16;3.08;3.05;3.05;0.0;0.0
109982;614223;2019-06-13;FRC;K20;;;7;3848;729844237.0;;;3.14;3.08;3.14;3.09;3.08;3.08;0.0;0.0
109983;614224;2019-06-13;FRC;M20;;;0;0;0.0;;;0.0;0.0;0.0;0.0;0.0;3.0;0.0;0.0
109984;614225;2019-06-13;FRC;N20;;;6;18523;3506821794.0;;;2.98;2.98;2.98;2.98;2.98;2.98;0.0;0.0
109985;614226;2019-06-13;FRC;V20;;;5;3534;666648741.0;;;3.01;2.9;3.01;2.96;2.9;2.9;0.0;0.0
109986;614227;2019-06-13;FRC;F21;;;16;11038;2074771877.0;;;2.98;2.89;3.0;2.92;2.89;2.89;0.0;0.0
109987;614228;2019-06-13;FRC;J21;;;4;975;182791477.0;;;2.83;2.83;2.83;2.83;2.83;2.83;0.0;0.0
109988;614229;2019-06-13;FRC;N21;;;1;194;36220998.0;;;2.89;2.89;2.89;2.89;2.89;2.79;0.0;0.0
109989;614230;2019-06-13;FRC;V21;;;0;0;0.0;;;0.0;0.0;0.0;0.0;0.0;2.8;0.0;0.0
109990;614231;2019-06-13;FRC;F22;;;16;5336;990252662.0;;;2.92;2.8;2.92;2.8;2.8;2.8;0.0;0.0
109991;614232;2019-06-13;FRC;J22;;;0;0;0.0;;;0.0;0.0;0.0;0.0;0.0;2.81;0.0;0.0
109992;614233;2019-06-13;FRC;N22;;;0;0;0.0;;;0.0;0.0;0.0;0.0;0.0;2.82;0.0;0.0
109993;614234;2019-06-13;FRC;V22;;;0;0;0.0;;;0.0;0.0;0.0;0.0;0.0;2.85;0.0;0.0
109994;614235;2019-06-13;FRC;F23;;;16;4008;732784463.0;;;2.93;2.88;2.93;2.88;2.88;2.88;0.0;0.0
109995;614236;2019-06-13;FRC;J23;;;0;0;0.0;;;0.0;0.0;0.0;0.0;0.0;2.91;0.0;0.0
109996;614237;2019-06-13;FRC;N23;;;0;0;0.0;;;0.0;0.0;0.0;0.0;0.0;2.91;0.0;0.0
109997;614238;2019-06-13;FRC;V23;;;0;0;0.0;;;0.0;0.0;0.0;0.0;0.0;2.92;0.0;0.0
109998;614239;2019-06-13;FRC;F24;;;8;6580;1184031571.0;;;2.98;2.98;2.98;2.98;2.98;2.98;0.0;0.0
109999;614240;2019-06-13;FRC;J24;;;0;0;0.0;;;0.0;0.0;0.0;0.0;0.0;3.03;0.0;0.0
110000;614241;2019-06-13;FRC;N24;;;0;0;0.0;;;0.0;0.0;0.0;0.0;0.0;3.04;0.0;0.0
110001;614242;2019-06-13;FRC;F25;;;8;2961;523385891.0;;;3.15;3.07;3.15;3.12;3.07;3.07;3.07;0.0
110002;614243;2019-06-13;FRC;N25;;;0;0;0.0;;;0.0;0.0;0.0;0.0;0.0;3.1;0.0;0.0
110003;614244;2019-06-13;FRC;F26;;;0;0;0.0;;;0.0;0.0;0.0;0.0;0.0;3.16;0.0;0.0
110004;614245;2019-06-13;FRC;N26;;;0;0;0.0;;;0.0;0.0;0.0;0.0;0.0;3.22;0.0;0.0
110005;614246;2019-06-13;FRC;F27;;;2;1437;244768177.0;;;3.37;3.37;3.37;3.37;3.37;3.27;0.0;0.0
110006;614247;2019-06-13;FRC;F28;;;2;177;29539926.0;;;3.52;3.52;3.52;3.52;3.52;3.44;0.0;0.0
110007;614248;2019-06-13;FRC;F29;;;0;0;0.0;;;0.0;0.0;0.0;0.0;0.0;3.49;0.0;0.0
110008;614249;2019-06-13;FRC;F30;;;0;0;0.0;;;0.0;0.0;0.0;0.0;0.0;3.58;0.0;0.0
110009;614250;2019-06-13;FRC;F31;;;0;0;0.0;;;0.0;0.0;0.0;0.0;0.0;3.64;0.0;0.0
110010;614415;2019-06-19;FRC;Q19;;;113;231006;44387094010.0;;;3.25;3.21;3.27;3.23;3.22;3.22;0.0;0.0
110011;614416;2019-06-19;FRC;U19;;;30;24125;4629488406.0;;;3.17;3.08;3.17;3.11;3.08;3.08;3.07;0.0
110012;614417;2019-06-19;FRC;V19;;;12;26474;5074232768.0;;;3.1;3.07;3.1;3.07;3.07;3.07;0.0;0.0
110013;614418;2019-06-19;FRC;X19;;;5;3781;723734095.0;;;3.08;3.08;3.08;3.08;3.08;3.08;0.0;0.0
110014;614419;2019-06-19;FRC;Z19;;;13;17469;3340009405.0;;;3.0;3.0;3.0;3.0;3.0;3.0;0.0;0.0
110015;614420;2019-06-19;FRC;F20;;;23;29407;5614277917.0;;;3.17;3.03;3.17;3.06;3.03;3.03;0.0;0.0
110016;614421;2019-06-19;FRC;G20;;;8;3567;680266167.0;;;2.98;2.98;2.98;2.98;2.98;2.98;0.0;0.0
110017;614422;2019-06-19;FRC;H20;;;1;2969;565373513.0;;;3.08;3.08;3.08;3.08;3.08;2.97;0.0;0.0
110018;614423;2019-06-19;FRC;J20;;;22;15231;2897731210.0;;;3.05;2.93;3.05;2.98;2.93;2.93;0.0;0.0
110019;614424;2019-06-19;FRC;K20;;;5;4148;788112921.0;;;3.02;2.9;3.02;2.98;2.9;2.9;0.0;0.0
110020;614425;2019-06-19;FRC;M20;;;0;0;0.0;;;0.0;0.0;0.0;0.0;0.0;2.86;0.0;0.0
110021;614426;2019-06-19;FRC;N20;;;33;9164;1737769273.0;;;2.96;2.84;2.96;2.9;2.84;2.84;0.0;0.0
110022;614427;2019-06-19;FRC;V20;;;6;4130;780988921.0;;;2.77;2.77;2.77;2.77;2.77;2.77;0.0;0.0
110023;614428;2019-06-19;FRC;F21;;;15;11169;2104920869.0;;;2.85;2.71;2.85;2.74;2.71;2.71;0.0;0.0
110024;614429;2019-06-19;FRC;J21;;;0;0;0.0;;;0.0;0.0;0.0;0.0;0.0;2.68;0.0;0.0
110025;614430;2019-06-19;FRC;N21;;;5;1170;219234431.0;;;2.66;2.66;2.66;2.66;2.66;2.66;0.0;0.0
110026;614431;2019-06-19;FRC;V21;;;0;0;0.0;;;0.0;0.0;0.0;0.0;0.0;2.66;0.0;0.0
110027;614432;2019-06-19;FRC;F22;;;15;5814;1082309139.0;;;2.7;2.65;2.7;2.65;2.65;2.65;0.0;0.0
110028;614433;2019-06-19;FRC;J22;;;1;193;35810490.0;;;2.66;2.66;2.66;2.66;2.66;2.66;0.0;0.0
110029;614434;2019-06-19;FRC;N22;;;1;193;35703978.0;;;2.65;2.65;2.65;2.65;2.65;2.65;0.0;0.0
110030;614435;2019-06-19;FRC;V22;;;3;768;141528858.0;;;2.68;2.68;2.68;2.68;2.68;2.68;0.0;0.0
110031;614436;2019-06-19;FRC;F23;;;12;2618;480634224.0;;;2.79;2.67;2.79;2.7;2.68;2.68;0.0;0.0
110032;614437;2019-06-19;FRC;J23;;;0;0;0.0;;;0.0;0.0;0.0;0.0;0.0;2.71;0.0;0.0
110033;614438;2019-06-19;FRC;N23;;;0;0;0.0;;;0.0;0.0;0.0;0.0;0.0;2.73;0.0;0.0
110034;614439;2019-06-19;FRC;V23;;;4;756;137343612.0;;;2.74;2.74;2.74;2.74;2.74;2.74;0.0;0.0
110035;614440;2019-06-19;FRC;F24;;;12;2455;444086088.0;;;2.87;2.76;2.89;2.79;2.76;2.76;0.0;0.0
110036;614441;2019-06-19;FRC;J24;;;0;0;0.0;;;0.0;0.0;0.0;0.0;0.0;2.81;0.0;0.0
110037;614442;2019-06-19;FRC;N24;;;0;0;0.0;;;0.0;0.0;0.0;0.0;0.0;2.83;0.0;0.0
110038;614443;2019-06-19;FRC;F25;;;12;2510;446884599.0;;;2.98;2.86;2.98;2.89;2.86;2.86;0.0;0.0
110039;614444;2019-06-19;FRC;N25;;;0;0;0.0;;;0.0;0.0;0.0;0.0;0.0;2.89;0.0;0.0
110040;614445;2019-06-19;FRC;F26;;;0;0;0.0;;;0.0;0.0;0.0;0.0;0.0;2.97;0.0;0.0
110041;614446;2019-06-19;FRC;N26;;;0;0;0.0;;;0.0;0.0;0.0;0.0;0.0;3.01;0.0;0.0
110042;614447;2019-06-19;FRC;F27;;;0;0;0.0;;;0.0;0.0;0.0;0.0;0.0;3.1;0.0;0.0
110043;614448;2019-06-19;FRC;F28;;;0;0;0.0;;;0.0;0.0;0.0;0.0;0.0;3.24;0.0;0.0
110044;614449;2019-06-19;FRC;F29;;;2;352;58422553.0;;;3.31;3.31;3.31;3.31;3.31;3.31;0.0;0.0
110045;614450;2019-06-19;FRC;F30;;;0;0;0.0;;;0.0;0.0;0.0;0.0;0.0;3.4;0.0;0.0
110046;614451;2019-06-19;FRC;F31;;;0;0;0.0;;;0.0;0.0;0.0;0.0;0.0;3.46;0.0;0.0
110047;614616;2019-06-25;FRC;Q19;;;391;541093;103537191299.0;;;3.3;3.22;3.39;3.28;3.22;3.22;0.0;0.0
110048;614617;2019-06-25;FRC;U19;;;15;31559;6031566139.0;;;3.09;3.0;3.09;3.0;3.0;3.0;0.0;0.0
110049;614618;2019-06-25;FRC;V19;;;55;37565;7170821435.0;;;3.05;2.98;3.05;3.0;2.98;2.98;0.0;0.0
110050;614619;2019-06-25;FRC;X19;;;0;0;0.0;;;0.0;0.0;0.0;0.0;0.0;2.95;0.0;0.0
110051;614620;2019-06-25;FRC;Z19;;;26;26634;5071842925.0;;;2.96;2.88;2.96;2.93;2.88;2.88;0.0;0.0
110052;614621;2019-06-25;FRC;F20;;;24;12946;2462541526.0;;;2.96;2.87;2.96;2.88;2.87;2.87;0.0;0.0
110053;614622;2019-06-25;FRC;G20;;;8;3965;753507924.0;;;2.77;2.77;2.77;2.77;2.77;2.77;2.77;0.0
110054;614623;2019-06-25;FRC;H20;;;6;2774;526593205.0;;;2.78;2.78;2.78;2.78;2.78;2.78;0.0;0.0
110055;614624;2019-06-25;FRC;J20;;;18;14671;2782265847.0;;;2.85;2.74;2.85;2.74;2.74;2.74;0.0;0.0
110056;614625;2019-06-25;FRC;K20;;;9;5536;1048742464.0;;;2.7;2.7;2.7;2.7;2.7;2.7;0.0;0.0
110057;614626;2019-06-25;FRC;M20;;;16;5338;1010526474.0;;;2.63;2.63;2.63;2.63;2.63;2.63;0.0;0.0
110058;614627;2019-06-25;FRC;N20;;;13;9275;1753729684.0;;;2.67;2.62;2.67;2.65;2.62;2.62;0.0;0.0
110059;614628;2019-06-25;FRC;V20;;;0;0;0.0;;;0.0;0.0;0.0;0.0;0.0;2.54;0.0;0.0
110060;614629;2019-06-25;FRC;F21;;;37;19586;3682306925.0;;;2.59;2.49;2.59;2.51;2.49;2.49;0.0;0.0
110061;614630;2019-06-25;FRC;J21;;;6;1078;202096057.0;;;2.52;2.46;2.65;2.5;2.65;2.46;0.0;0.0
110062;614631;2019-06-25;FRC;N21;;;0;0;0.0;;;0.0;0.0;0.0;0.0;0.0;2.45;0.0;0.0
110063;614632;2019-06-25;FRC;V21;;;4;780;145393754.0;;;2.46;2.46;2.46;2.46;2.46;2.46;0.0;0.0
110064;614633;2019-06-25;FRC;F22;;;23;5626;1045127751.0;;;2.53;2.46;2.53;2.47;2.46;2.46;0.0;0.0
110065;614634;2019-06-25;FRC;J22;;;0;0;0.0;;;0.0;0.0;0.0;0.0;0.0;2.5;2.52;0.0
110066;614635;2019-06-25;FRC;N22;;;0;0;0.0;;;0.0;0.0;0.0;0.0;0.0;2.52;0.0;0.0
110067;614636;2019-06-25;FRC;V22;;;2;577;106135882.0;;;2.53;2.53;2.53;2.53;2.53;2.53;2.54;0.0
110068;614637;2019-06-25;FRC;F23;;;11;2972;545015559.0;;;2.53;2.52;2.53;2.52;2.52;2.53;0.0;0.0
110069;614638;2019-06-25;FRC;J23;;;0;0;0.0;;;0.0;0.0;0.0;0.0;0.0;2.55;0.0;0.0
110070;614639;2019-06-25;FRC;N23;;;0;0;0.0;;;0.0;0.0;0.0;0.0;0.0;2.56;0.0;0.0
110071;614640;2019-06-25;FRC;V23;;;4;1140;206980856.0;;;2.57;2.57;2.57;2.57;2.57;2.57;0.0;0.0
110072;614641;2019-06-25;FRC;F24;;;0;0;0.0;;;0.0;0.0;0.0;0.0;0.0;2.61;0.0;0.0
110073;614642;2019-06-25;FRC;J24;;;0;0;0.0;;;0.0;0.0;0.0;0.0;0.0;2.66;0.0;0.0
110074;614643;2019-06-25;FRC;N24;;;0;0;0.0;;;0.0;0.0;0.0;0.0;0.0;2.67;0.0;0.0
110075;614644;2019-06-25;FRC;F25;;;14;10792;1920709135.0;;;2.76;2.7;2.76;2.74;2.7;2.7;0.0;0.0
110076;614645;2019-06-25;FRC;N25;;;0;0;0.0;;;0.0;0.0;0.0;0.0;0.0;2.74;0.0;0.0
110077;614646;2019-06-25;FRC;F26;;;0;0;0.0;;;0.0;0.0;0.0;0.0;0.0;2.83;0.0;0.0
110078;614647;2019-06-25;FRC;N26;;;0;0;0.0;;;0.0;0.0;0.0;0.0;0.0;2.87;0.0;0.0
110079;614648;2019-06-25;FRC;F27;;;4;1741;299393227.0;;;3.0;3.0;3.0;3.0;3.0;2.97;0.0;0.0
110080;614649;2019-06-25;FRC;F28;;;8;7871;1330274926.0;;;3.1;3.1;3.11;3.1;3.1;3.1;0.0;0.0
110081;614650;2019-06-25;FRC;F29;;;0;0;0.0;;;0.0;0.0;0.0;0.0;0.0;3.17;0.0;0.0
110082;614651;2019-06-25;FRC;F30;;;0;0;0.0;;;0.0;0.0;0.0;0.0;0.0;3.26;0.0;0.0
110083;614652;2019-06-25;FRC;F31;;;0;0;0.0;;;0.0;0.0;0.0;0.0;0.0;3.32;0.0;0.0
110084;614817;2019-06-26;FRC;Q19;;;398;983958;188616202666.0;;;3.18;3.12;3.25;3.17;3.18;3.17;3.17;3.25
110085;614818;2019-06-26;FRC;U19;;;36;36298;6949675561.0;;;2.98;2.94;2.98;2.94;2.94;2.94;0.0;0.0
110086;614819;2019-06-26;FRC;V19;;;23;27896;5334845107.0;;;2.91;2.91;2.95;2.92;2.92;2.92;0.0;2.93
110087;614820;2019-06-26;FRC;X19;;;18;16915;3230999410.0;;;2.89;2.89;2.89;2.89;2.89;2.89;0.0;0.0
110088;614821;2019-06-26;FRC;Z19;;;7;3579;682884802.0;;;2.83;2.83;2.83;2.83;2.83;2.83;0.0;0.0
110089;614822;2019-06-26;FRC;F20;;;19;11917;2271084955.0;;;2.85;2.82;2.85;2.82;2.82;2.82;0.0;2.82
110090;614823;2019-06-26;FRC;G20;;;3;992;188858508.0;;;2.75;2.75;2.75;2.75;2.75;2.75;0.0;0.0
110091;614824;2019-06-26;FRC;H20;;;6;5349;1017267408.0;;;2.75;2.75;2.75;2.75;2.75;2.75;0.0;0.0
110092;614825;2019-06-26;FRC;J20;;;16;21776;4137020883.0;;;2.74;2.7;2.76;2.72;2.72;2.72;0.0;0.0
110093;614826;2019-06-26;FRC;K20;;;6;2592;491904114.0;;;2.7;2.69;2.7;2.69;2.69;2.69;0.0;2.69
110094;614827;2019-06-26;FRC;M20;;;17;6524;1237219448.0;;;2.63;2.62;2.63;2.62;2.62;2.62;0.0;0.0
110095;614828;2019-06-26;FRC;N20;;;16;8980;1701261270.0;;;2.6;2.6;2.62;2.6;2.62;2.6;0.0;0.0
110096;614829;2019-06-26;FRC;V20;;;22;12012;2269048974.0;;;2.56;2.55;2.56;2.55;2.55;2.55;0.0;0.0
110097;614830;2019-06-26;FRC;F21;;;36;53923;10155919915.0;;;2.53;2.49;2.53;2.5;2.5;2.5;0.0;0.0
110098;614831;2019-06-26;FRC;J21;;;1;20;3757797.0;;;2.5;2.5;2.5;2.5;2.5;2.47;0.0;0.0
110099;614832;2019-06-26;FRC;N21;;;7;1365;255612194.0;;;2.47;2.47;2.47;2.47;2.47;2.47;0.0;0.0
110100;614833;2019-06-26;FRC;V21;;;0;0;0.0;;;0.0;0.0;0.0;0.0;0.0;2.48;0.0;0.0
110101;614834;2019-06-26;FRC;F22;;;32;19111;3555921092.0;;;2.48;2.48;2.5;2.48;2.5;2.49;2.5;0.0
110102;614835;2019-06-26;FRC;J22;;;0;0;0.0;;;0.0;0.0;0.0;0.0;0.0;2.52;0.0;0.0
110103;614836;2019-06-26;FRC;N22;;;5;1351;249733808.0;;;2.53;2.53;2.53;2.53;2.53;2.53;0.0;0.0
110104;614837;2019-06-26;FRC;V22;;;0;0;0.0;;;0.0;0.0;0.0;0.0;0.0;2.55;0.0;0.0
110105;614838;2019-06-26;FRC;F23;;;15;4985;915271757.0;;;2.56;2.56;2.56;2.56;2.56;2.56;0.0;0.0
110106;614839;2019-06-26;FRC;J23;;;2;3630;664176714.0;;;2.58;2.58;2.58;2.58;2.58;2.58;0.0;0.0
110107;614840;2019-06-26;FRC;N23;;;0;0;0.0;;;0.0;0.0;0.0;0.0;0.0;2.59;0.0;0.0
110108;614841;2019-06-26;FRC;V23;;;1;190;34536140.0;;;2.6;2.6;2.6;2.6;2.6;2.6;0.0;0.0
110109;614842;2019-06-26;FRC;F24;;;3;567;102598534.0;;;2.66;2.66;2.66;2.66;2.66;2.66;0.0;0.0
110110;614843;2019-06-26;FRC;J24;;;0;0;0.0;;;0.0;0.0;0.0;0.0;0.0;2.71;0.0;0.0
110111;614844;2019-06-26;FRC;N24;;;0;0;0.0;;;0.0;0.0;0.0;0.0;0.0;2.71;0.0;0.0
110112;614845;2019-06-26;FRC;F25;;;0;0;0.0;;;0.0;0.0;0.0;0.0;0.0;2.73;0.0;0.0
110113;614846;2019-06-26;FRC;N25;;;0;0;0.0;;;0.0;0.0;0.0;0.0;0.0;2.77;0.0;0.0
110114;614847;2019-06-26;FRC;F26;;;7;4235;743038363.0;;;2.85;2.85;2.85;2.85;2.85;2.85;0.0;0.0
110115;614848;2019-06-26;FRC;N26;;;0;0;0.0;;;0.0;0.0;0.0;0.0;0.0;2.89;0.0;0.0
110116;614849;2019-06-26;FRC;F27;;;2;3810;656556747.0;;;2.99;2.99;2.99;2.99;2.99;2.99;0.0;0.0
110117;614850;2019-06-26;FRC;F28;;;2;3504;592796305.0;;;3.12;3.12;3.12;3.12;3.12;3.12;0.0;0.0
110118;614851;2019-06-26;FRC;F29;;;0;0;0.0;;;0.0;0.0;0.0;0.0;0.0;3.19;0.0;0.0
110119;614852;2019-06-26;FRC;F30;;;0;0;0.0;;;0.0;0.0;0.0;0.0;0.0;3.28;0.0;0.0
110120;614853;2019-06-26;FRC;F31;;;0;0;0.0;;;0.0;0.0;0.0;0.0;0.0;3.34;0.0;0.0
110121;615018;2019-06-28;FRC;U19;;;13;14386;2758868367.0;;;2.62;2.6;2.62;2.61;2.6;2.62;0.0;0.0
110122;615019;2019-06-28;FRC;V19;;;21;14170;2714547756.0;;;2.75;2.62;2.75;2.62;2.62;2.62;2.6;0.0
110123;615020;2019-06-28;FRC;X19;;;9;6975;1334762321.0;;;2.6;2.6;2.6;2.6;2.6;2.6;0.0;0.0
110124;615021;2019-06-28;FRC;Z19;;;18;8184;1564447363.0;;;2.58;2.58;2.58;2.58;2.58;2.58;0.0;0.0
110125;615022;2019-06-28;FRC;F20;;;85;81668;15596006630.0;;;2.65;2.54;2.65;2.54;2.54;2.54;0.0;0.0
110126;615023;2019-06-28;FRC;G20;;;27;22457;4284427101.0;;;2.49;2.49;2.49;2.49;2.49;2.49;2.48;0.0
110127;615024;2019-06-28;FRC;H20;;;5;1590;303066368.0;;;2.48;2.48;2.48;2.48;2.48;2.48;0.0;0.0
110128;615025;2019-06-28;FRC;J20;;;18;14679;2795352742.0;;;2.49;2.45;2.49;2.45;2.45;2.45;2.45;0.0
110129;615026;2019-06-28;FRC;K20;;;15;12485;2375436303.0;;;2.4;2.4;2.4;2.4;2.4;2.4;0.0;0.0
110130;615027;2019-06-28;FRC;M20;;;11;4752;903464488.0;;;2.36;2.36;2.36;2.36;2.36;2.36;2.36;0.0
110131;615028;2019-06-28;FRC;N20;;;16;53466;10152376976.0;;;2.45;2.38;2.45;2.41;2.39;2.38;2.38;0.0
110132;615029;2019-06-28;FRC;V20;;;16;18027;3413258376.0;;;2.4;2.37;2.4;2.38;2.37;2.37;0.0;0.0
110133;615030;2019-06-28;FRC;F21;;;40;47557;8981130538.0;;;2.35;2.31;2.37;2.32;2.31;2.31;2.31;2.35
110134;615031;2019-06-28;FRC;J21;;;6;1589;299238215.0;;;2.33;2.33;2.33;2.33;2.33;2.33;2.31;0.0
110135;615032;2019-06-28;FRC;N21;;;7;8649;1624137985.0;;;2.35;2.31;2.35;2.32;2.31;2.31;0.0;0.0
110136;615033;2019-06-28;FRC;V21;;;1;20;3747041.0;;;2.32;2.32;2.32;2.32;2.32;2.32;0.0;0.0
110137;615034;2019-06-28;FRC;F22;;;13;2980;556320720.0;;;2.37;2.33;2.37;2.33;2.33;2.33;0.0;0.0
110138;615035;2019-06-28;FRC;J22;;;0;0;0.0;;;0.0;0.0;0.0;0.0;0.0;2.36;0.0;0.0
110139;615036;2019-06-28;FRC;N22;;;8;1757;326048460.0;;;2.35;2.35;2.35;2.35;2.35;2.35;0.0;0.0
110140;615037;2019-06-28;FRC;V22;;;1;19;3511636.0;;;2.39;2.39;2.39;2.39;2.39;2.39;0.0;0.0
110141;615038;2019-06-28;FRC;F23;;;18;16932;3119750149.0;;;2.45;2.4;2.45;2.43;2.4;2.4;0.0;0.0
110142;615039;2019-06-28;FRC;J23;;;0;0;0.0;;;0.0;0.0;0.0;0.0;0.0;2.43;0.0;0.0
110143;615040;2019-06-28;FRC;N23;;;0;0;0.0;;;0.0;0.0;0.0;0.0;0.0;2.45;0.0;0.0
110144;615041;2019-06-28;FRC;V23;;;10;1852;338015690.0;;;2.47;2.47;2.47;2.47;2.47;2.47;0.0;0.0
110145;615042;2019-06-28;FRC;F24;;;13;3134;569527918.0;;;2.55;2.52;2.55;2.52;2.52;2.52;0.0;0.0
110146;615043;2019-06-28;FRC;J24;;;0;0;0.0;;;0.0;0.0;0.0;0.0;0.0;2.57;0.0;0.0
110147;615044;2019-06-28;FRC;N24;;;2;1886;340264056.0;;;2.58;2.58;2.58;2.58;2.58;2.58;0.0;0.0
110148;615045;2019-06-28;FRC;F25;;;7;1535;274783879.0;;;2.65;2.63;2.65;2.64;2.63;2.63;0.0;0.0
110149;615046;2019-06-28;FRC;N25;;;0;0;0.0;;;0.0;0.0;0.0;0.0;0.0;2.68;0.0;0.0
110150;615047;2019-06-28;FRC;F26;;;13;2590;456993652.0;;;2.71;2.71;2.71;2.71;2.71;2.71;0.0;0.0
110151;615048;2019-06-28;FRC;N26;;;0;0;0.0;;;0.0;0.0;0.0;0.0;0.0;2.76;0.0;0.0
110152;615049;2019-06-28;FRC;F27;;;0;0;0.0;;;0.0;0.0;0.0;0.0;0.0;2.87;0.0;0.0
110153;615050;2019-06-28;FRC;F28;;;11;1969;334748720.0;;;3.02;3.02;3.02;3.02;3.02;3.02;0.0;0.0
110154;615051;2019-06-28;FRC;F29;;;3;531;88857445.0;;;3.08;3.08;3.08;3.08;3.08;3.08;0.0;0.0
110155;615052;2019-06-28;FRC;F30;;;0;0;0.0;;;0.0;0.0;0.0;0.0;0.0;3.17;0.0;0.0
110156;615053;2019-06-28;FRC;F31;;;0;0;0.0;;;0.0;0.0;0.0;0.0;0.0;3.23;0.0;0.0
110157;615219;2019-07-01;FRC;U19;;;12;13785;2654975307.0;;;2.62;2.59;2.62;2.59;2.59;2.59;0.0;0.0
110158;615220;2019-07-01;FRC;V19;;;11;10217;1965669484.0;;;2.62;2.62;2.62;2.62;2.62;2.62;0.0;0.0
110159;615221;2019-07-01;FRC;X19;;;19;15808;3037979092.0;;;2.6;2.6;2.61;2.6;2.61;2.61;0.0;0.0
110160;615222;2019-07-01;FRC;Z19;;;11;12585;2415983859.0;;;2.58;2.58;2.61;2.58;2.58;2.58;0.0;0.0
110161;615223;2019-07-01;FRC;F20;;;27;28965;5554540358.0;;;2.45;2.45;2.58;2.57;2.58;2.58;0.0;0.0
110162;615224;2019-07-01;FRC;G20;;;0;0;0.0;;;0.0;0.0;0.0;0.0;0.0;2.54;0.0;0.0
110163;615225;2019-07-01;FRC;H20;;;1;993;190056746.0;;;2.52;2.52;2.52;2.52;2.52;2.53;0.0;0.0
110164;615226;2019-07-01;FRC;J20;;;4;21361;4084601149.0;;;2.45;2.45;2.51;2.49;2.51;2.51;0.0;0.0
110165;615227;2019-07-01;FRC;K20;;;19;11885;2270341572.0;;;2.41;2.41;2.47;2.46;2.47;2.47;0.0;0.0
110166;615228;2019-07-01;FRC;M20;;;6;3366;642508906.0;;;2.42;2.42;2.42;2.42;2.42;2.42;0.0;0.0
110167;615229;2019-07-01;FRC;N20;;;34;56933;10857560514.0;;;2.38;2.38;2.45;2.4;2.45;2.45;0.0;0.0
110168;615230;2019-07-01;FRC;V20;;;9;3154;599535007.0;;;2.44;2.44;2.44;2.44;2.44;2.44;0.0;0.0
110169;615231;2019-07-01;FRC;F21;;;35;35936;6812899486.0;;;2.31;2.31;2.4;2.37;2.4;2.4;0.0;0.0
110170;615232;2019-07-01;FRC;J21;;;8;1666;314840278.0;;;2.35;2.35;2.42;2.41;2.42;2.42;0.0;0.0
110171;615233;2019-07-01;FRC;N21;;;3;1174;221220012.0;;;2.41;2.41;2.41;2.41;2.41;2.41;0.0;0.0
110172;615234;2019-07-01;FRC;V21;;;0;0;0.0;;;0.0;0.0;0.0;0.0;0.0;2.42;0.0;0.0
110173;615235;2019-07-01;FRC;F22;;;31;27515;5155623805.0;;;2.33;2.33;2.44;2.37;2.44;2.44;0.0;0.0
110174;615236;2019-07-01;FRC;J22;;;0;0;0.0;;;0.0;0.0;0.0;0.0;0.0;2.47;0.0;0.0
110175;615237;2019-07-01;FRC;N22;;;3;579;107747977.0;;;2.45;2.45;2.45;2.45;2.45;2.45;0.0;0.0
110176;615238;2019-07-01;FRC;V22;;;0;0;0.0;;;0.0;0.0;0.0;0.0;0.0;2.48;0.0;0.0
110177;615239;2019-07-01;FRC;F23;;;7;1440;266213761.0;;;2.4;2.4;2.49;2.48;2.49;2.49;0.0;0.0
110178;615240;2019-07-01;FRC;J23;;;0;0;0.0;;;0.0;0.0;0.0;0.0;0.0;2.52;0.0;0.0
110179;615241;2019-07-01;FRC;N23;;;0;0;0.0;;;0.0;0.0;0.0;0.0;0.0;2.55;0.0;0.0
110180;615242;2019-07-01;FRC;V23;;;0;0;0.0;;;0.0;0.0;0.0;0.0;0.0;2.57;0.0;0.0
110181;615243;2019-07-01;FRC;F24;;;8;2236;407672639.0;;;2.54;2.54;2.63;2.57;2.63;2.63;0.0;0.0
110182;615244;2019-07-01;FRC;J24;;;0;0;0.0;;;0.0;0.0;0.0;0.0;0.0;2.67;0.0;0.0
110183;615245;2019-07-01;FRC;N24;;;2;1019;184634631.0;;;2.58;2.58;2.58;2.58;2.58;2.68;0.0;0.0
110184;615246;2019-07-01;FRC;F25;;;7;2268;407707775.0;;;2.65;2.63;2.71;2.64;2.71;2.71;0.0;0.0
110185;615247;2019-07-01;FRC;N25;;;0;0;0.0;;;0.0;0.0;0.0;0.0;0.0;2.77;0.0;0.0
110186;615248;2019-07-01;FRC;F26;;;5;942;166441112.0;;;2.71;2.71;2.81;2.8;2.81;2.81;0.0;0.0
110187;615249;2019-07-01;FRC;N26;;;0;0;0.0;;;0.0;0.0;0.0;0.0;0.0;2.86;0.0;0.0
110188;615250;2019-07-01;FRC;F27;;;0;0;0.0;;;0.0;0.0;0.0;0.0;0.0;2.97;0.0;0.0
110189;615251;2019-07-01;FRC;F28;;;2;358;60914186.0;;;3.12;3.12;3.12;3.12;3.12;3.12;0.0;0.0
110190;615252;2019-07-01;FRC;F29;;;0;0;0.0;;;0.0;0.0;0.0;0.0;0.0;3.18;0.0;0.0
110191;615253;2019-07-01;FRC;F30;;;0;0;0.0;;;0.0;0.0;0.0;0.0;0.0;3.27;0.0;0.0
110192;615254;2019-07-01;FRC;F31;;;0;0;0.0;;;0.0;0.0;0.0;0.0;0.0;3.33;0.0;0.0
110193;615416;2019-07-02;FRC;U19;;;10;23612;4560741515.0;;;2.61;2.61;2.65;2.64;2.65;2.65;0.0;0.0
110194;615417;2019-07-02;FRC;V19;;;20;25645;4948133034.0;;;2.65;2.65;2.65;2.65;2.65;2.65;0.0;0.0
110195;615418;2019-07-02;FRC;X19;;;31;29418;5669501405.0;;;2.67;2.65;2.67;2.66;2.65;2.67;0.0;2.72
110196;615419;2019-07-02;FRC;Z19;;;11;14574;2805637627.0;;;2.65;2.65;2.65;2.65;2.65;2.65;0.0;2.7
110197;615420;2019-07-02;FRC;F20;;;47;41148;7912577397.0;;;2.59;2.59;2.66;2.64;2.66;2.66;2.66;0.0
110198;615421;2019-07-02;FRC;G20;;;7;2584;496319811.0;;;2.64;2.64;2.64;2.64;2.64;2.64;0.0;0.0
110199;615422;2019-07-02;FRC;H20;;;3;992;190361253.0;;;2.61;2.61;2.61;2.61;2.61;2.61;0.0;0.0
110200;615423;2019-07-02;FRC;J20;;;19;21491;4120203145.0;;;2.53;2.53;2.6;2.57;2.6;2.6;0.0;0.0
110201;615424;2019-07-02;FRC;K20;;;5;10855;2079105441.0;;;2.51;2.51;2.58;2.52;2.58;2.58;0.0;0.0
110202;615425;2019-07-02;FRC;M20;;;9;12273;2348809419.0;;;2.46;2.46;2.56;2.48;2.56;2.56;0.0;0.0
110203;615426;2019-07-02;FRC;N20;;;14;22534;4306175101.0;;;2.51;2.51;2.58;2.57;2.58;2.58;0.0;0.0
110204;615427;2019-07-02;FRC;V20;;;8;3191;607905641.0;;;2.46;2.46;2.56;2.55;2.56;2.56;0.0;0.0
110205;615428;2019-07-02;FRC;F21;;;42;27214;5170646725.0;;;2.42;2.42;2.51;2.46;2.51;2.51;0.0;0.0
110206;615429;2019-07-02;FRC;J21;;;0;0;0.0;;;0.0;0.0;0.0;0.0;0.0;2.53;0.0;0.0
110207;615430;2019-07-02;FRC;N21;;;3;429;80980418.0;;;2.52;2.52;2.52;2.52;2.52;2.52;0.0;0.0
110208;615431;2019-07-02;FRC;V21;;;0;0;0.0;;;0.0;0.0;0.0;0.0;0.0;2.52;0.0;0.0
110209;615432;2019-07-02;FRC;F22;;;16;5084;953678534.0;;;2.5;2.5;2.52;2.51;2.52;2.52;0.0;0.0
110210;615433;2019-07-02;FRC;J22;;;0;0;0.0;;;0.0;0.0;0.0;0.0;0.0;2.55;0.0;0.0
110211;615434;2019-07-02;FRC;N22;;;9;1177;219504320.0;;;2.45;2.45;2.52;2.5;2.52;2.52;0.0;0.0
110212;615435;2019-07-02;FRC;V22;;;0;0;0.0;;;0.0;0.0;0.0;0.0;0.0;2.56;2.55;0.0
110213;615436;2019-07-02;FRC;F23;;;6;979;181261535.0;;;2.57;2.56;2.57;2.56;2.56;2.57;0.0;0.0
110214;615437;2019-07-02;FRC;J23;;;0;0;0.0;;;0.0;0.0;0.0;0.0;0.0;2.59;0.0;0.0
110215;615438;2019-07-02;FRC;N23;;;0;0;0.0;;;0.0;0.0;0.0;0.0;0.0;2.62;0.0;0.0
110216;615439;2019-07-02;FRC;V23;;;4;722;132278008.0;;;2.63;2.63;2.63;2.63;2.63;2.63;0.0;0.0
110217;615440;2019-07-02;FRC;F24;;;12;2760;503273303.0;;;2.7;2.7;2.7;2.7;2.7;2.7;0.0;0.0
110218;615441;2019-07-02;FRC;J24;;;0;0;0.0;;;0.0;0.0;0.0;0.0;0.0;2.74;0.0;0.0
110219;615442;2019-07-02;FRC;N24;;;0;0;0.0;;;0.0;0.0;0.0;0.0;0.0;2.75;0.0;0.0
110220;615443;2019-07-02;FRC;F25;;;0;0;0.0;;;0.0;0.0;0.0;0.0;0.0;2.78;2.78;0.0
110221;615444;2019-07-02;FRC;N25;;;0;0;0.0;;;0.0;0.0;0.0;0.0;0.0;2.84;0.0;0.0
110222;615445;2019-07-02;FRC;F26;;;4;736;130115626.0;;;2.88;2.88;2.88;2.88;2.88;2.88;0.0;0.0
110223;615446;2019-07-02;FRC;N26;;;3;549;96332851.0;;;2.92;2.91;2.92;2.91;2.91;2.93;0.0;0.0
110224;615447;2019-07-02;FRC;F27;;;0;0;0.0;;;0.0;0.0;0.0;0.0;0.0;3.03;0.0;0.0
110225;615448;2019-07-02;FRC;F28;;;5;1431;243762497.0;;;3.1;3.1;3.18;3.16;3.18;3.18;0.0;0.0
110226;615449;2019-07-02;FRC;F29;;;2;352;58796870.0;;;3.3;3.3;3.3;3.3;3.3;3.3;0.0;0.0
110227;615450;2019-07-02;FRC;F30;;;0;0;0.0;;;0.0;0.0;0.0;0.0;0.0;3.39;0.0;0.0
110228;615451;2019-07-02;FRC;F31;;;0;0;0.0;;;0.0;0.0;0.0;0.0;0.0;3.45;0.0;0.0
110229;615612;2019-07-03;FRC;U19;;;11;15203;2917332165.0;;;2.68;2.67;2.7;2.69;2.7;2.7;2.7;0.0
110230;615613;2019-07-03;FRC;V19;;;12;7086;1358287734.0;;;2.67;2.67;2.69;2.68;2.69;2.69;2.65;0.0
110231;615614;2019-07-03;FRC;X19;;;12;11721;2244017231.0;;;2.69;2.69;2.73;2.72;2.73;2.73;2.7;2.73
110232;615615;2019-07-03;FRC;Z19;;;13;9416;1800576464.0;;;2.67;2.67;2.74;2.73;2.74;2.74;2.65;0.0
110233;615616;2019-07-03;FRC;F20;;;18;12827;2450009927.0;;;2.68;2.68;2.74;2.73;2.74;2.74;2.65;2.75
110234;615617;2019-07-03;FRC;G20;;;1;199;37967006.0;;;2.71;2.71;2.71;2.71;2.71;2.71;0.0;0.0
110235;615618;2019-07-03;FRC;H20;;;0;0;0.0;;;0.0;0.0;0.0;0.0;0.0;2.68;0.0;0.0
110236;615619;2019-07-03;FRC;J20;;;3;29160;5552401138.0;;;2.66;2.66;2.66;2.66;2.66;2.68;0.0;0.0
110237;615620;2019-07-03;FRC;K20;;;8;3960;753121767.0;;;2.66;2.66;2.66;2.66;2.66;2.66;0.0;0.0
110238;615621;2019-07-03;FRC;M20;;;10;4610;876006283.0;;;2.62;2.62;2.62;2.62;2.62;2.62;0.0;0.0
110239;615622;2019-07-03;FRC;N20;;;14;11838;2247037504.0;;;2.64;2.62;2.64;2.62;2.62;2.62;0.0;0.0
110240;615623;2019-07-03;FRC;V20;;;23;11032;2087440691.0;;;2.62;2.6;2.62;2.6;2.6;2.6;0.0;0.0
110241;615624;2019-07-03;FRC;F21;;;22;14730;2778634385.0;;;2.55;2.55;2.57;2.56;2.56;2.56;0.0;0.0
110242;615625;2019-07-03;FRC;J21;;;2;588;110594936.0;;;2.55;2.55;2.55;2.55;2.55;2.55;0.0;0.0
110243;615626;2019-07-03;FRC;N21;;;0;0;0.0;;;0.0;0.0;0.0;0.0;0.0;2.56;0.0;0.0
110244;615627;2019-07-03;FRC;V21;;;1;389;72679103.0;;;2.58;2.58;2.58;2.58;2.58;2.58;0.0;0.0
110245;615628;2019-07-03;FRC;F22;;;5;1552;289096960.0;;;2.56;2.56;2.56;2.56;2.56;2.56;0.0;0.0
110246;615629;2019-07-03;FRC;J22;;;0;0;0.0;;;0.0;0.0;0.0;0.0;0.0;2.6;0.0;0.0
110247;615630;2019-07-03;FRC;N22;;;4;772;142885281.0;;;2.58;2.58;2.58;2.58;2.58;2.58;0.0;0.0
110248;615631;2019-07-03;FRC;V22;;;1;192;35407819.0;;;2.6;2.6;2.6;2.6;2.6;2.6;0.0;0.0
110249;615632;2019-07-03;FRC;F23;;;4;2875;528295532.0;;;2.63;2.63;2.63;2.63;2.63;2.63;0.0;0.0
110250;615633;2019-07-03;FRC;J23;;;0;0;0.0;;;0.0;0.0;0.0;0.0;0.0;2.65;0.0;0.0
110251;615634;2019-07-03;FRC;N23;;;0;0;0.0;;;0.0;0.0;0.0;0.0;0.0;2.67;0.0;0.0
110252;615635;2019-07-03;FRC;V23;;;4;760;138202239.0;;;2.68;2.68;2.68;2.68;2.68;2.68;0.0;0.0
110253;615636;2019-07-03;FRC;F24;;;6;1323;239529310.0;;;2.73;2.73;2.73;2.73;2.73;2.73;0.0;0.0
110254;615637;2019-07-03;FRC;J24;;;0;0;0.0;;;0.0;0.0;0.0;0.0;0.0;2.77;0.0;0.0
110255;615638;2019-07-03;FRC;N24;;;0;0;0.0;;;0.0;0.0;0.0;0.0;0.0;2.78;0.0;0.0
110256;615639;2019-07-03;FRC;F25;;;15;7468;1331664071.0;;;2.82;2.82;2.82;2.82;2.82;2.82;0.0;0.0
110257;615640;2019-07-03;FRC;N25;;;0;0;0.0;;;0.0;0.0;0.0;0.0;0.0;2.88;0.0;0.0
110258;615641;2019-07-03;FRC;F26;;;4;736;129128651.0;;;2.92;2.92;2.92;2.92;2.92;2.92;0.0;0.0
110259;615642;2019-07-03;FRC;N26;;;0;0;0.0;;;0.0;0.0;0.0;0.0;0.0;2.97;0.0;0.0
110260;615643;2019-07-03;FRC;F27;;;0;0;0.0;;;0.0;0.0;0.0;0.0;0.0;3.07;0.0;0.0
110261;615644;2019-07-03;FRC;F28;;;2;179;30255257.0;;;3.21;3.21;3.21;3.21;3.21;3.22;0.0;0.0
110262;615645;2019-07-03;FRC;F29;;;3;352;58415446.0;;;3.3;3.3;3.3;3.3;3.3;3.34;0.0;0.0
110263;615646;2019-07-03;FRC;F30;;;0;0;0.0;;;0.0;0.0;0.0;0.0;0.0;3.43;0.0;0.0
110264;615647;2019-07-03;FRC;F31;;;0;0;0.0;;;0.0;0.0;0.0;0.0;0.0;3.49;0.0;0.0
110265;615808;2019-07-04;FRC;U19;;;14;37957;7254969392.0;;;2.76;2.76;2.76;2.76;2.76;2.76;0.0;0.0
110266;615809;2019-07-04;FRC;V19;;;22;51342;9802494384.0;;;2.73;2.73;2.76;2.75;2.76;2.76;0.0;0.0
110267;615810;2019-07-04;FRC;X19;;;17;12573;2397667018.0;;;2.76;2.76;2.76;2.76;2.76;2.76;0.0;0.0
110268;615811;2019-07-04;FRC;Z19;;;9;21696;4132361785.0;;;2.78;2.78;2.78;2.78;2.78;2.78;0.0;0.0
110269;615812;2019-07-04;FRC;F20;;;35;31812;6052020078.0;;;2.77;2.77;2.8;2.77;2.77;2.77;0.0;0.0
110270;615813;2019-07-04;FRC;G20;;;10;6158;1170169278.0;;;2.75;2.75;2.75;2.75;2.75;2.75;0.0;0.0
110271;615814;2019-07-04;FRC;H20;;;7;2777;527191327.0;;;2.72;2.72;2.72;2.72;2.72;2.72;0.0;0.0
110272;615815;2019-07-04;FRC;J20;;;11;9057;1717472548.0;;;2.72;2.72;2.72;2.72;2.72;2.72;0.0;0.0
110273;615816;2019-07-04;FRC;K20;;;2;416;78796031.0;;;2.66;2.66;2.7;2.69;2.7;2.69;0.0;0.0
110274;615817;2019-07-04;FRC;M20;;;2;31648;5989656298.0;;;2.65;2.65;2.65;2.65;2.65;2.65;0.0;0.0
110275;615818;2019-07-04;FRC;N20;;;9;2966;560759607.0;;;2.64;2.64;2.64;2.64;2.64;2.64;2.62;0.0
110276;615819;2019-07-04;FRC;V20;;;6;1773;334158046.0;;;2.61;2.61;2.61;2.61;2.61;2.61;0.0;2.63
110277;615820;2019-07-04;FRC;F21;;;29;12213;2294975356.0;;;2.6;2.55;2.6;2.55;2.55;2.55;2.55;0.0
110278;615821;2019-07-04;FRC;J21;;;0;0;0.0;;;0.0;0.0;0.0;0.0;0.0;2.55;0.0;0.0
110279;615822;2019-07-04;FRC;N21;;;0;0;0.0;;;0.0;0.0;0.0;0.0;0.0;2.56;0.0;0.0
110280;615823;2019-07-04;FRC;V21;;;1;195;36289445.0;;;2.59;2.59;2.59;2.59;2.59;2.59;0.0;0.0
110281;615824;2019-07-04;FRC;F22;;;0;0;0.0;;;0.0;0.0;0.0;0.0;0.0;2.57;0.0;0.0
110282;615825;2019-07-04;FRC;J22;;;0;0;0.0;;;0.0;0.0;0.0;0.0;0.0;2.62;0.0;0.0
110283;615826;2019-07-04;FRC;N22;;;4;772;142289198.0;;;2.6;2.6;2.6;2.6;2.6;2.6;0.0;0.0
110284;615827;2019-07-04;FRC;V22;;;0;0;0.0;;;0.0;0.0;0.0;0.0;0.0;2.63;2.6;0.0
110285;615828;2019-07-04;FRC;F23;;;0;0;0.0;;;0.0;0.0;0.0;0.0;0.0;2.66;0.0;0.0
110286;615829;2019-07-04;FRC;J23;;;0;0;0.0;;;0.0;0.0;0.0;0.0;0.0;2.68;0.0;0.0
110287;615830;2019-07-04;FRC;N23;;;0;0;0.0;;;0.0;0.0;0.0;0.0;0.0;2.7;0.0;0.0
110288;615831;2019-07-04;FRC;V23;;;5;6585;1192487327.0;;;2.69;2.69;2.69;2.69;2.69;2.71;0.0;0.0
110289;615832;2019-07-04;FRC;F24;;;11;7411;1336445316.0;;;2.73;2.73;2.76;2.73;2.76;2.76;0.0;0.0
110290;615833;2019-07-04;FRC;J24;;;0;0;0.0;;;0.0;0.0;0.0;0.0;0.0;2.8;0.0;0.0
110291;615834;2019-07-04;FRC;N24;;;0;0;0.0;;;0.0;0.0;0.0;0.0;0.0;2.81;0.0;0.0
110292;615835;2019-07-04;FRC;F25;;;6;1116;198030132.0;;;2.85;2.85;2.85;2.85;2.85;2.85;0.0;0.0
110293;615836;2019-07-04;FRC;N25;;;0;0;0.0;;;0.0;0.0;0.0;0.0;0.0;2.91;0.0;0.0
110294;615837;2019-07-04;FRC;F26;;;0;0;0.0;;;0.0;0.0;0.0;0.0;0.0;2.95;0.0;0.0
110295;615838;2019-07-04;FRC;N26;;;0;0;0.0;;;0.0;0.0;0.0;0.0;0.0;2.99;0.0;0.0
110296;615839;2019-07-04;FRC;F27;;;3;543;93080027.0;;;3.09;3.09;3.09;3.09;3.09;3.09;0.0;0.0
110297;615840;2019-07-04;FRC;F28;;;0;0;0.0;;;0.0;0.0;0.0;0.0;0.0;3.24;0.0;0.0
110298;615841;2019-07-04;FRC;F29;;;0;0;0.0;;;0.0;0.0;0.0;0.0;0.0;3.36;0.0;0.0
110299;615842;2019-07-04;FRC;F30;;;0;0;0.0;;;0.0;0.0;0.0;0.0;0.0;3.45;0.0;0.0
110300;615843;2019-07-04;FRC;F31;;;0;0;0.0;;;0.0;0.0;0.0;0.0;0.0;3.51;0.0;0.0
110301;616004;2019-07-08;FRC;U19;;;7;7591;1458694648.0;;;2.8;2.8;2.8;2.8;2.8;2.8;0.0;2.8
110302;616005;2019-07-08;FRC;V19;;;19;48288;9268544788.0;;;2.81;2.81;2.81;2.81;2.81;2.81;0.0;0.0
110303;616006;2019-07-08;FRC;X19;;;19;17736;3400204939.0;;;2.81;2.81;2.81;2.81;2.81;2.81;0.0;0.0
110304;616007;2019-07-08;FRC;Z19;;;1;3981;762334718.0;;;2.78;2.78;2.78;2.78;2.78;2.8;2.75;2.8
110305;616008;2019-07-08;FRC;F20;;;11;8946;1711063600.0;;;2.78;2.78;2.78;2.78;2.78;2.78;0.0;0.0
110306;616009;2019-07-08;FRC;G20;;;9;2187;417800598.0;;;2.77;2.77;2.77;2.77;2.77;2.77;0.0;0.0
110307;616010;2019-07-08;FRC;H20;;;2;615;117370225.0;;;2.75;2.75;2.75;2.75;2.75;2.75;0.0;0.0
110308;616011;2019-07-08;FRC;J20;;;16;47504;9056104260.0;;;2.75;2.73;2.75;2.73;2.73;2.75;0.0;0.0
110309;616012;2019-07-08;FRC;K20;;;7;2970;565605824.0;;;2.69;2.69;2.69;2.69;2.69;2.69;0.0;0.0
110310;616013;2019-07-08;FRC;M20;;;5;3324;632381734.0;;;2.7;2.67;2.7;2.68;2.67;2.67;0.0;0.0
110311;616014;2019-07-08;FRC;N20;;;19;14939;2839521862.0;;;2.69;2.64;2.69;2.64;2.64;2.64;0.0;0.0
110312;616015;2019-07-08;FRC;V20;;;10;5122;970537318.0;;;2.61;2.61;2.61;2.61;2.61;2.61;2.6;0.0
110313;616016;2019-07-08;FRC;F21;;;25;18831;3556825397.0;;;2.62;2.57;2.62;2.58;2.57;2.57;0.0;0.0
110314;616017;2019-07-08;FRC;J21;;;8;2548;479826033.0;;;2.58;2.58;2.58;2.58;2.58;2.58;0.0;0.0
110315;616018;2019-07-08;FRC;N21;;;0;0;0.0;;;0.0;0.0;0.0;0.0;0.0;2.58;0.0;0.0
110316;616019;2019-07-08;FRC;V21;;;2;1944;363462476.0;;;2.65;2.65;2.65;2.65;2.65;2.6;0.0;0.0
110317;616020;2019-07-08;FRC;F22;;;15;10861;2024737397.0;;;2.66;2.59;2.66;2.61;2.59;2.59;0.0;0.0
110318;616021;2019-07-08;FRC;J22;;;2;1932;358791461.0;;;2.67;2.67;2.67;2.67;2.67;2.62;0.0;0.0
110319;616022;2019-07-08;FRC;N22;;;0;0;0.0;;;0.0;0.0;0.0;0.0;0.0;2.6;0.0;0.0
110320;616023;2019-07-08;FRC;V22;;;2;384;70865253.0;;;2.65;2.65;2.65;2.65;2.65;2.65;0.0;0.0
110321;616024;2019-07-08;FRC;F23;;;18;9865;1813558905.0;;;2.72;2.66;2.72;2.69;2.66;2.66;0.0;0.0
110322;616025;2019-07-08;FRC;J23;;;0;0;0.0;;;0.0;0.0;0.0;0.0;0.0;2.68;0.0;0.0
110323;616026;2019-07-08;FRC;N23;;;2;3803;693828222.0;;;2.75;2.75;2.75;2.75;2.75;2.68;0.0;0.0
110324;616027;2019-07-08;FRC;V23;;;3;5686;1033749367.0;;;2.76;2.76;2.76;2.76;2.76;2.71;0.0;0.0
110325;616028;2019-07-08;FRC;F24;;;11;8090;1466293123.0;;;2.81;2.73;2.81;2.74;2.73;2.73;0.0;0.0
110326;616029;2019-07-08;FRC;J24;;;0;0;0.0;;;0.0;0.0;0.0;0.0;0.0;2.78;0.0;0.0
110327;616030;2019-07-08;FRC;N24;;;0;0;0.0;;;0.0;0.0;0.0;0.0;0.0;2.79;0.0;0.0
110328;616031;2019-07-08;FRC;F25;;;14;5162;921172463.0;;;2.93;2.83;2.93;2.84;2.84;2.84;0.0;0.0
110329;616032;2019-07-08;FRC;N25;;;2;184;32468630.0;;;3.0;3.0;3.0;3.0;3.0;2.91;0.0;0.0
110330;616033;2019-07-08;FRC;F26;;;4;5286;926071049.0;;;3.05;2.95;3.05;3.01;2.95;2.95;0.0;0.0
110331;616034;2019-07-08;FRC;N26;;;3;546;94774090.0;;;3.09;3.09;3.09;3.09;3.09;2.99;0.0;0.0
110332;616035;2019-07-08;FRC;F27;;;10;5478;942210456.0;;;3.17;3.07;3.17;3.14;3.07;3.07;0.0;0.0
110333;616036;2019-07-08;FRC;F28;;;2;54;9147543.0;;;3.21;3.21;3.21;3.21;3.21;3.21;0.0;0.0
110334;616037;2019-07-08;FRC;F29;;;0;0;0.0;;;0.0;0.0;0.0;0.0;0.0;3.33;0.0;0.0
110335;616038;2019-07-08;FRC;F30;;;0;0;0.0;;;0.0;0.0;0.0;0.0;0.0;3.42;0.0;0.0
110336;616039;2019-07-08;FRC;F31;;;0;0;0.0;;;0.0;0.0;0.0;0.0;0.0;3.48;0.0;0.0
110337;616200;2019-07-11;FRC;U19;;;45;62614;12034510534.0;;;2.75;2.75;2.78;2.75;2.77;2.75;0.0;0.0
110338;616201;2019-07-11;FRC;V19;;;26;29751;5711917946.0;;;2.78;2.74;2.79;2.74;2.75;2.74;0.0;0.0
110339;616202;2019-07-11;FRC;X19;;;20;20173;3868433606.0;;;2.76;2.75;2.77;2.75;2.75;2.75;0.0;0.0
110340;616203;2019-07-11;FRC;Z19;;;14;70675;13538122838.0;;;2.74;2.7;2.74;2.7;2.7;2.7;0.0;0.0
110341;616204;2019-07-11;FRC;F20;;;29;41423;7925674023.0;;;2.72;2.69;2.74;2.7;2.69;2.69;0.0;0.0
110342;616205;2019-07-11;FRC;G20;;;9;3000;573368406.0;;;2.7;2.67;2.7;2.67;2.67;2.67;0.0;0.0
110343;616206;2019-07-11;FRC;H20;;;7;2777;530257665.0;;;2.64;2.64;2.64;2.64;2.64;2.64;0.0;0.0
110344;616207;2019-07-11;FRC;J20;;;29;19641;3746431968.0;;;2.66;2.62;2.66;2.62;2.63;2.63;0.0;0.0
110345;616208;2019-07-11;FRC;K20;;;2;396;75460611.0;;;2.58;2.58;2.58;2.58;2.58;2.58;0.0;0.0
110346;616209;2019-07-11;FRC;M20;;;11;44720;8513788647.0;;;2.57;2.55;2.57;2.56;2.55;2.55;0.0;0.0
110347;616210;2019-07-11;FRC;N20;;;17;27165;5167045696.0;;;2.53;2.53;2.54;2.53;2.54;2.54;0.0;0.0
110348;616211;2019-07-11;FRC;V20;;;25;67938;12881601925.0;;;2.53;2.53;2.53;2.53;2.53;2.53;0.0;0.0
110349;616212;2019-07-11;FRC;F21;;;53;85719;16202449260.0;;;2.5;2.48;2.52;2.5;2.51;2.51;0.0;0.0
110350;616213;2019-07-11;FRC;J21;;;8;1764;332408688.0;;;2.52;2.52;2.52;2.52;2.52;2.52;0.0;0.0
110351;616214;2019-07-11;FRC;N21;;;12;3515;660301864.0;;;2.52;2.52;2.52;2.52;2.52;2.52;2.5;2.52
110352;616215;2019-07-11;FRC;V21;;;7;2142;401079569.0;;;2.53;2.53;2.53;2.53;2.53;2.53;0.0;0.0
110353;616216;2019-07-11;FRC;F22;;;20;8733;1629901136.0;;;2.51;2.51;2.54;2.53;2.54;2.54;0.0;0.0
110354;616217;2019-07-11;FRC;J22;;;0;0;0.0;;;0.0;0.0;0.0;0.0;0.0;2.58;0.0;0.0
110355;616218;2019-07-11;FRC;N22;;;0;0;0.0;;;0.0;0.0;0.0;0.0;0.0;2.57;0.0;0.0
110356;616219;2019-07-11;FRC;V22;;;0;0;0.0;;;0.0;0.0;0.0;0.0;0.0;2.61;0.0;0.0
110357;616220;2019-07-11;FRC;F23;;;16;4582;843498725.0;;;2.58;2.58;2.62;2.61;2.62;2.62;0.0;0.0
110358;616221;2019-07-11;FRC;J23;;;0;0;0.0;;;0.0;0.0;0.0;0.0;0.0;2.65;0.0;0.0
110359;616222;2019-07-11;FRC;N23;;;0;0;0.0;;;0.0;0.0;0.0;0.0;0.0;2.66;0.0;0.0
110360;616223;2019-07-11;FRC;V23;;;0;0;0.0;;;0.0;0.0;0.0;0.0;0.0;2.71;0.0;0.0
110361;616224;2019-07-11;FRC;F24;;;10;1741;315791393.0;;;2.69;2.69;2.74;2.72;2.74;2.74;0.0;0.0
110362;616225;2019-07-11;FRC;J24;;;0;0;0.0;;;0.0;0.0;0.0;0.0;0.0;2.79;0.0;0.0
110363;616226;2019-07-11;FRC;N24;;;0;0;0.0;;;0.0;0.0;0.0;0.0;0.0;2.79;0.0;0.0
110364;616227;2019-07-11;FRC;F25;;;7;1489;265754925.0;;;2.84;2.84;2.84;2.84;2.84;2.84;0.0;0.0
110365;616228;2019-07-11;FRC;N25;;;0;0;0.0;;;0.0;0.0;0.0;0.0;0.0;2.92;0.0;0.0
110366;616229;2019-07-11;FRC;F26;;;0;0;0.0;;;0.0;0.0;0.0;0.0;0.0;2.94;0.0;0.0
110367;616230;2019-07-11;FRC;N26;;;0;0;0.0;;;0.0;0.0;0.0;0.0;0.0;2.98;0.0;0.0
110368;616231;2019-07-11;FRC;F27;;;2;109;18859858.0;;;2.98;2.98;2.98;2.98;2.98;3.06;0.0;0.0
110369;616232;2019-07-11;FRC;F28;;;0;0;0.0;;;0.0;0.0;0.0;0.0;0.0;3.2;0.0;0.0
110370;616233;2019-07-11;FRC;F29;;;2;89;14851968.0;;;3.24;3.24;3.24;3.24;3.24;3.32;0.0;0.0
110371;616234;2019-07-11;FRC;F30;;;0;0;0.0;;;0.0;0.0;0.0;0.0;0.0;3.41;0.0;0.0
110372;616235;2019-07-11;FRC;F31;;;0;0;0.0;;;0.0;0.0;0.0;0.0;0.0;3.47;0.0;0.0
110373;616396;2019-07-12;FRC;U19;;;101;219353;42195109353.0;;;2.75;2.65;2.75;2.7;2.68;2.68;0.0;0.0
110374;616397;2019-07-12;FRC;V19;;;52;132100;25383360920.0;;;2.74;2.67;2.74;2.7;2.67;2.67;0.0;0.0
110375;616398;2019-07-12;FRC;X19;;;16;17601;3378286700.0;;;2.72;2.68;2.72;2.68;2.68;2.68;0.0;0.0
110376;616399;2019-07-12;FRC;Z19;;;10;6870;1317238888.0;;;2.58;2.58;2.63;2.62;2.63;2.63;0.0;2.63
110377;616400;2019-07-12;FRC;F20;;;51;53418;10230313924.0;;;2.7;2.6;2.7;2.64;2.61;2.61;2.6;2.61
110378;616401;2019-07-12;FRC;G20;;;11;17681;3382646189.0;;;2.6;2.6;2.6;2.6;2.6;2.6;2.59;2.6
110379;616402;2019-07-12;FRC;H20;;;6;1349;257840188.0;;;2.62;2.57;2.62;2.58;2.57;2.57;0.0;0.0
110380;616403;2019-07-12;FRC;J20;;;18;13701;2616007239.0;;;2.61;2.53;2.61;2.57;2.55;2.55;0.0;2.55
110381;616404;2019-07-12;FRC;K20;;;6;8319;1586750719.0;;;2.56;2.5;2.56;2.54;2.5;2.5;0.0;0.0
110382;616405;2019-07-12;FRC;M20;;;4;3168;603892471.0;;;2.46;2.46;2.46;2.46;2.46;2.46;2.46;0.0
110383;616406;2019-07-12;FRC;N20;;;20;8112;1544789827.0;;;2.52;2.45;2.52;2.45;2.45;2.45;0.0;0.0
110384;616407;2019-07-12;FRC;V20;;;2;789;149784704.0;;;2.46;2.46;2.46;2.46;2.46;2.44;0.0;0.0
110385;616408;2019-07-12;FRC;F21;;;37;24023;4546742654.0;;;2.52;2.42;2.52;2.43;2.42;2.42;2.42;2.44
110386;616409;2019-07-12;FRC;J21;;;0;0;0.0;;;0.0;0.0;0.0;0.0;0.0;2.43;0.0;0.0
110387;616410;2019-07-12;FRC;N21;;;8;1756;330409161.0;;;2.43;2.43;2.43;2.43;2.43;2.43;0.0;0.0
110388;616411;2019-07-12;FRC;V21;;;0;0;0.0;;;0.0;0.0;0.0;0.0;0.0;2.44;0.0;0.0
110389;616412;2019-07-12;FRC;F22;;;9;1941;362910940.0;;;2.45;2.45;2.45;2.45;2.45;2.45;0.0;0.0
110390;616413;2019-07-12;FRC;J22;;;5;970;180802137.0;;;2.47;2.47;2.47;2.47;2.47;2.47;0.0;0.0
110391;616414;2019-07-12;FRC;N22;;;9;1737;322722114.0;;;2.48;2.48;2.48;2.48;2.48;2.48;0.0;0.0
110392;616415;2019-07-12;FRC;V22;;;0;0;0.0;;;0.0;0.0;0.0;0.0;0.0;2.53;0.0;0.0
110393;616416;2019-07-12;FRC;F23;;;19;6911;1274982161.0;;;2.58;2.53;2.58;2.53;2.53;2.54;0.0;0.0
110394;616417;2019-07-12;FRC;J23;;;0;0;0.0;;;0.0;0.0;0.0;0.0;0.0;2.57;0.0;0.0
110395;616418;2019-07-12;FRC;N23;;;0;0;0.0;;;0.0;0.0;0.0;0.0;0.0;2.58;0.0;0.0
110396;616419;2019-07-12;FRC;V23;;;3;570;104002807.0;;;2.63;2.63;2.63;2.63;2.63;2.63;0.0;0.0
110397;616420;2019-07-12;FRC;F24;;;8;8507;1544050748.0;;;2.74;2.64;2.74;2.72;2.64;2.64;0.0;0.0
110398;616421;2019-07-12;FRC;J24;;;0;0;0.0;;;0.0;0.0;0.0;0.0;0.0;2.69;0.0;0.0
110399;616422;2019-07-12;FRC;N24;;;0;0;0.0;;;0.0;0.0;0.0;0.0;0.0;2.69;0.0;0.0
110400;616423;2019-07-12;FRC;F25;;;5;6902;1233266263.0;;;2.84;2.75;2.84;2.83;2.75;2.75;0.0;0.0
110401;616424;2019-07-12;FRC;N25;;;0;0;0.0;;;0.0;0.0;0.0;0.0;0.0;2.82;0.0;0.0
110402;616425;2019-07-12;FRC;F26;;;4;921;162308594.0;;;2.85;2.85;2.85;2.85;2.85;2.85;0.0;0.0
110403;616426;2019-07-12;FRC;N26;;;4;1098;191598076.0;;;2.97;2.96;2.97;2.96;2.96;2.93;0.0;0.0
110404;616427;2019-07-12;FRC;F27;;;3;546;94595865.0;;;2.97;2.97;2.97;2.97;2.97;2.97;0.0;0.0
110405;616428;2019-07-12;FRC;F28;;;2;358;60905096.0;;;3.09;3.09;3.09;3.09;3.09;3.09;0.0;0.0
110406;616429;2019-07-12;FRC;F29;;;0;0;0.0;;;0.0;0.0;0.0;0.0;0.0;3.21;0.0;0.0
110407;616430;2019-07-12;FRC;F30;;;0;0;0.0;;;0.0;0.0;0.0;0.0;0.0;3.3;0.0;0.0
110408;616431;2019-07-12;FRC;F31;;;0;0;0.0;;;0.0;0.0;0.0;0.0;0.0;3.36;0.0;0.0
110409;616593;2019-07-15;FRC;U19;;;49;117984;22768378025.0;;;2.65;2.61;2.65;2.62;2.61;2.61;0.0;0.0
110410;616594;2019-07-15;FRC;V19;;;12;10798;2081591869.0;;;2.68;2.62;2.68;2.62;2.62;2.62;0.0;0.0
110411;616595;2019-07-15;FRC;X19;;;12;9010;1734982984.0;;;2.68;2.61;2.68;2.61;2.61;2.61;2.61;0.0
110412;616596;2019-07-15;FRC;Z19;;;11;10755;2068971736.0;;;2.54;2.54;2.54;2.54;2.54;2.54;0.0;0.0
110413;616597;2019-07-15;FRC;F20;;;16;12733;2446882179.0;;;2.53;2.53;2.53;2.53;2.53;2.53;2.53;0.0
110414;616598;2019-07-15;FRC;G20;;;21;17688;3395286147.0;;;2.53;2.53;2.53;2.53;2.53;2.53;0.0;0.0
110415;616599;2019-07-15;FRC;H20;;;0;0;0.0;;;0.0;0.0;0.0;0.0;0.0;2.5;0.0;0.0
110416;616600;2019-07-15;FRC;J20;;;0;0;0.0;;;0.0;0.0;0.0;0.0;0.0;2.48;0.0;0.0
110417;616601;2019-07-15;FRC;K20;;;9;8400;1607957878.0;;;2.43;2.43;2.43;2.43;2.43;2.43;0.0;0.0
110418;616602;2019-07-15;FRC;M20;;;5;1188;227219409.0;;;2.41;2.41;2.41;2.41;2.41;2.41;0.0;0.0
110419;616603;2019-07-15;FRC;N20;;;12;22809;4358382920.0;;;2.4;2.4;2.4;2.4;2.4;2.4;0.0;0.0
110420;616604;2019-07-15;FRC;V20;;;12;4139;788536880.0;;;2.39;2.39;2.39;2.39;2.39;2.39;0.0;0.0
110421;616605;2019-07-15;FRC;F21;;;32;37663;7153709265.0;;;2.4;2.38;2.4;2.38;2.38;2.38;0.0;0.0
110422;616606;2019-07-15;FRC;J21;;;6;2942;557276812.0;;;2.37;2.37;2.37;2.37;2.37;2.37;0.0;0.0
110423;616607;2019-07-15;FRC;N21;;;14;3524;665457114.0;;;2.39;2.39;2.39;2.39;2.39;2.39;0.0;0.0
110424;616608;2019-07-15;FRC;V21;;;0;0;0.0;;;0.0;0.0;0.0;0.0;0.0;2.4;0.0;0.0
110425;616609;2019-07-15;FRC;F22;;;10;2719;510214909.0;;;2.41;2.41;2.41;2.41;2.41;2.41;0.0;0.0
110426;616610;2019-07-15;FRC;J22;;;0;0;0.0;;;0.0;0.0;0.0;0.0;0.0;2.43;0.0;0.0
110427;616611;2019-07-15;FRC;N22;;;0;0;0.0;;;0.0;0.0;0.0;0.0;0.0;2.44;0.0;0.0
110428;616612;2019-07-15;FRC;V22;;;0;0;0.0;;;0.0;0.0;0.0;0.0;0.0;2.5;0.0;0.0
110429;616613;2019-07-15;FRC;F23;;;2;384;71103239.0;;;2.51;2.5;2.51;2.5;2.5;2.51;0.0;0.0
110430;616614;2019-07-15;FRC;J23;;;0;0;0.0;;;0.0;0.0;0.0;0.0;0.0;2.54;0.0;0.0
110431;616615;2019-07-15;FRC;N23;;;0;0;0.0;;;0.0;0.0;0.0;0.0;0.0;2.54;0.0;0.0
110432;616616;2019-07-15;FRC;V23;;;0;0;0.0;;;0.0;0.0;0.0;0.0;0.0;2.59;0.0;0.0
110433;616617;2019-07-15;FRC;F24;;;0;0;0.0;;;0.0;0.0;0.0;0.0;0.0;2.6;0.0;0.0
110434;616618;2019-07-15;FRC;J24;;;0;0;0.0;;;0.0;0.0;0.0;0.0;0.0;2.64;0.0;0.0
110435;616619;2019-07-15;FRC;N24;;;0;0;0.0;;;0.0;0.0;0.0;0.0;0.0;2.64;0.0;0.0
110436;616620;2019-07-15;FRC;F25;;;3;561;100919981.0;;;2.69;2.69;2.69;2.69;2.69;2.69;0.0;0.0
110437;616621;2019-07-15;FRC;N25;;;0;0;0.0;;;0.0;0.0;0.0;0.0;0.0;2.77;0.0;0.0
110438;616622;2019-07-15;FRC;F26;;;3;555;98289814.0;;;2.8;2.8;2.8;2.8;2.8;2.8;0.0;0.0
110439;616623;2019-07-15;FRC;N26;;;0;0;0.0;;;0.0;0.0;0.0;0.0;0.0;2.88;0.0;0.0
110440;616624;2019-07-15;FRC;F27;;;0;0;0.0;;;0.0;0.0;0.0;0.0;0.0;2.91;0.0;0.0
110441;616625;2019-07-15;FRC;F28;;;1;179;30610460.0;;;3.03;3.03;3.03;3.03;3.03;3.03;3.0;0.0
110442;616626;2019-07-15;FRC;F29;;;1;177;29748314.0;;;3.13;3.13;3.13;3.13;3.13;3.13;0.0;0.0
110443;616627;2019-07-15;FRC;F30;;;0;0;0.0;;;0.0;0.0;0.0;0.0;0.0;3.22;0.0;0.0
110444;616628;2019-07-15;FRC;F31;;;0;0;0.0;;;0.0;0.0;0.0;0.0;0.0;3.28;0.0;0.0
110445;616790;2019-07-16;FRC;U19;;;59;81912;15822459070.0;;;2.65;2.64;2.67;2.66;2.66;2.66;0.0;2.7
110446;616791;2019-07-16;FRC;V19;;;22;23989;4628920379.0;;;2.65;2.64;2.65;2.64;2.65;2.65;0.0;0.0
110447;616792;2019-07-16;FRC;X19;;;12;5502;1060463788.0;;;2.61;2.61;2.65;2.64;2.65;2.65;0.0;0.0
110448;616793;2019-07-16;FRC;Z19;;;3;220;42365122.0;;;2.54;2.53;2.54;2.53;2.54;2.58;2.58;0.0
110449;616794;2019-07-16;FRC;F20;;;30;28665;5513376925.0;;;2.56;2.56;2.58;2.57;2.58;2.57;2.58;2.59
110450;616795;2019-07-16;FRC;G20;;;2;1490;286263589.0;;;2.53;2.53;2.57;2.56;2.57;2.57;0.0;0.0
110451;616796;2019-07-16;FRC;H20;;;0;0;0.0;;;0.0;0.0;0.0;0.0;0.0;2.54;0.0;0.0
110452;616797;2019-07-16;FRC;J20;;;13;12853;2464696067.0;;;2.52;2.52;2.53;2.52;2.52;2.52;0.0;0.0
110453;616798;2019-07-16;FRC;K20;;;4;26749;5124841045.0;;;2.43;2.43;2.46;2.45;2.46;2.48;0.0;0.0
110454;616799;2019-07-16;FRC;M20;;;17;20333;3892499354.0;;;2.41;2.41;2.46;2.42;2.46;2.46;0.0;0.0
110455;616800;2019-07-16;FRC;N20;;;19;26743;5114551987.0;;;2.4;2.4;2.46;2.42;2.46;2.46;0.0;2.48
110456;616801;2019-07-16;FRC;V20;;;15;17905;3414042978.0;;;2.41;2.4;2.43;2.41;2.43;2.43;0.0;0.0
110457;616802;2019-07-16;FRC;F21;;;26;30083;5718131986.0;;;2.41;2.41;2.43;2.41;2.42;2.42;2.42;2.44
110458;616803;2019-07-16;FRC;J21;;;6;1960;371470295.0;;;2.42;2.42;2.42;2.42;2.42;2.42;0.0;0.0
110459;616804;2019-07-16;FRC;N21;;;7;2540;479908681.0;;;2.43;2.43;2.43;2.43;2.43;2.43;0.0;0.0
110460;616805;2019-07-16;FRC;V21;;;1;195;36725184.0;;;2.45;2.45;2.45;2.45;2.45;2.45;0.0;0.0
110461;616806;2019-07-16;FRC;F22;;;14;4505;845581867.0;;;2.47;2.47;2.47;2.47;2.47;2.47;0.0;0.0
110462;616807;2019-07-16;FRC;J22;;;0;0;0.0;;;0.0;0.0;0.0;0.0;0.0;2.49;0.0;0.0
110463;616808;2019-07-16;FRC;N22;;;2;386;71980971.0;;;2.51;2.51;2.51;2.51;2.51;2.51;0.0;0.0
110464;616809;2019-07-16;FRC;V22;;;1;192;35666324.0;;;2.55;2.55;2.55;2.55;2.55;2.55;0.0;0.0
110465;616810;2019-07-16;FRC;F23;;;16;4414;817248091.0;;;2.57;2.57;2.57;2.57;2.57;2.57;0.0;0.0
110466;616811;2019-07-16;FRC;J23;;;0;0;0.0;;;0.0;0.0;0.0;0.0;0.0;2.6;0.0;0.0
110467;616812;2019-07-16;FRC;N23;;;0;0;0.0;;;0.0;0.0;0.0;0.0;0.0;2.6;0.0;0.0
110468;616813;2019-07-16;FRC;V23;;;0;0;0.0;;;0.0;0.0;0.0;0.0;0.0;2.64;0.0;0.0
110469;616814;2019-07-16;FRC;F24;;;3;1325;241876435.0;;;2.65;2.65;2.65;2.65;2.65;2.65;0.0;0.0
110470;616815;2019-07-16;FRC;J24;;;0;0;0.0;;;0.0;0.0;0.0;0.0;0.0;2.69;0.0;0.0
110471;616816;2019-07-16;FRC;N24;;;2;302;54807589.0;;;2.64;2.64;2.64;2.64;2.64;2.69;0.0;0.0
110472;616817;2019-07-16;FRC;F25;;;8;1590;286079263.0;;;2.7;2.7;2.73;2.72;2.73;2.73;0.0;0.0
110473;616818;2019-07-16;FRC;N25;;;1;186;33190271.0;;;2.8;2.8;2.8;2.8;2.8;2.8;0.0;0.0
110474;616819;2019-07-16;FRC;F26;;;1;184;32565704.0;;;2.84;2.84;2.84;2.84;2.84;2.84;0.0;0.0
110475;616820;2019-07-16;FRC;N26;;;0;0;0.0;;;0.0;0.0;0.0;0.0;0.0;2.89;0.0;0.0
110476;616821;2019-07-16;FRC;F27;;;2;364;63383104.0;;;2.94;2.94;2.94;2.94;2.94;2.94;0.0;0.0
110477;616822;2019-07-16;FRC;F28;;;0;0;0.0;;;0.0;0.0;0.0;0.0;0.0;3.06;0.0;0.0
110478;616823;2019-07-16;FRC;F29;;;0;0;0.0;;;0.0;0.0;0.0;0.0;0.0;3.16;0.0;0.0
110479;616824;2019-07-16;FRC;F30;;;0;0;0.0;;;0.0;0.0;0.0;0.0;0.0;3.25;0.0;0.0
110480;616825;2019-07-16;FRC;F31;;;0;0;0.0;;;0.0;0.0;0.0;0.0;0.0;3.31;0.0;0.0
110481;616985;2019-07-17;FRC;U19;;;76;127462;24557025637.0;;;2.7;2.69;2.7;2.69;2.7;2.7;0.0;2.72
110482;616986;2019-07-17;FRC;V19;;;20;50085;9638985691.0;;;2.7;2.66;2.7;2.69;2.7;2.7;0.0;0.0
110483;616987;2019-07-17;FRC;X19;;;9;16743;3218548962.0;;;2.67;2.67;2.69;2.68;2.69;2.69;0.0;0.0
110484;616988;2019-07-17;FRC;Z19;;;13;37235;7150518836.0;;;2.61;2.61;2.65;2.61;2.65;2.65;2.6;2.65
110485;616989;2019-07-17;FRC;F20;;;74;121088;23227921562.0;;;2.59;2.59;2.62;2.6;2.61;2.61;2.6;2.61
110486;616990;2019-07-17;FRC;G20;;;5;8343;1598597054.0;;;2.61;2.6;2.61;2.6;2.6;2.61;0.0;0.0
110487;616991;2019-07-17;FRC;H20;;;0;0;0.0;;;0.0;0.0;0.0;0.0;0.0;2.58;0.0;0.0
110488;616992;2019-07-17;FRC;J20;;;8;11499;2199143736.0;;;2.55;2.54;2.56;2.55;2.54;2.55;0.0;2.55
110489;616993;2019-07-17;FRC;K20;;;3;990;189144893.0;;;2.51;2.51;2.51;2.51;2.51;2.51;0.0;0.0
110490;616994;2019-07-17;FRC;M20;;;1;11878;2267775498.0;;;2.45;2.45;2.45;2.45;2.45;2.45;0.0;0.0
110491;616995;2019-07-17;FRC;N20;;;6;11767;2243970391.0;;;2.5;2.47;2.5;2.48;2.47;2.47;0.0;0.0
110492;616996;2019-07-17;FRC;V20;;;5;985;187287404.0;;;2.45;2.45;2.45;2.45;2.45;2.44;0.0;0.0
110493;616997;2019-07-17;FRC;F21;;;22;12132;2299587611.0;;;2.45;2.44;2.47;2.44;2.44;2.44;2.42;2.44
110494;616998;2019-07-17;FRC;J21;;;1;196;37044911.0;;;2.44;2.44;2.44;2.44;2.44;2.44;0.0;0.0
110495;616999;2019-07-17;FRC;N21;;;4;780;146958334.0;;;2.45;2.45;2.45;2.45;2.45;2.45;0.0;0.0
110496;617000;2019-07-17;FRC;V21;;;8;1560;292979605.0;;;2.47;2.47;2.47;2.47;2.47;2.47;0.0;0.0
110497;617001;2019-07-17;FRC;F22;;;16;4272;799760174.0;;;2.48;2.47;2.48;2.47;2.47;2.47;0.0;0.0
110498;617002;2019-07-17;FRC;J22;;;0;0;0.0;;;0.0;0.0;0.0;0.0;0.0;2.49;0.0;0.0
110499;617003;2019-07-17;FRC;N22;;;2;772;143530057.0;;;2.54;2.54;2.54;2.54;2.54;2.51;0.0;0.0
110500;617004;2019-07-17;FRC;V22;;;0;0;0.0;;;0.0;0.0;0.0;0.0;0.0;2.54;0.0;0.0
110501;617005;2019-07-17;FRC;F23;;;8;2496;461020971.0;;;2.56;2.56;2.56;2.56;2.56;2.56;0.0;2.56
110502;617006;2019-07-17;FRC;J23;;;0;0;0.0;;;0.0;0.0;0.0;0.0;0.0;2.59;0.0;0.0
110503;617007;2019-07-17;FRC;N23;;;1;191;35043213.0;;;2.59;2.59;2.59;2.59;2.59;2.59;0.0;0.0
110504;617008;2019-07-17;FRC;V23;;;3;570;104241810.0;;;2.59;2.59;2.59;2.59;2.59;2.59;2.59;0.0
110505;617009;2019-07-17;FRC;F24;;;3;757;137914485.0;;;2.62;2.62;2.62;2.62;2.62;2.62;2.6;0.0
110506;617010;2019-07-17;FRC;J24;;;0;0;0.0;;;0.0;0.0;0.0;0.0;0.0;2.66;0.0;0.0
110507;617011;2019-07-17;FRC;N24;;;0;0;0.0;;;0.0;0.0;0.0;0.0;0.0;2.66;0.0;0.0
110508;617012;2019-07-17;FRC;F25;;;7;2993;537441451.0;;;2.7;2.7;2.7;2.7;2.7;2.7;0.0;0.0
110509;617013;2019-07-17;FRC;N25;;;0;0;0.0;;;0.0;0.0;0.0;0.0;0.0;2.77;0.0;0.0
110510;617014;2019-07-17;FRC;F26;;;3;773;136348782.0;;;2.87;2.87;2.87;2.87;2.87;2.82;0.0;0.0
110511;617015;2019-07-17;FRC;N26;;;0;0;0.0;;;0.0;0.0;0.0;0.0;0.0;2.87;2.87;0.0
110512;617016;2019-07-17;FRC;F27;;;2;327;56744497.0;;;2.97;2.96;2.97;2.96;2.96;2.92;0.0;0.0
110513;617017;2019-07-17;FRC;F28;;;1;36;6138396.0;;;3.09;3.09;3.09;3.09;3.09;3.04;0.0;0.0
110514;617018;2019-07-17;FRC;F29;;;1;18;3021355.0;;;3.19;3.19;3.19;3.19;3.19;3.14;0.0;0.0
110515;617019;2019-07-17;FRC;F30;;;0;0;0.0;;;0.0;0.0;0.0;0.0;0.0;3.23;0.0;0.0
110516;617020;2019-07-17;FRC;F31;;;0;0;0.0;;;0.0;0.0;0.0;0.0;0.0;3.29;0.0;0.0
110517;617181;2019-07-18;FRC;U19;;;79;110278;21163689133.0;;;2.71;2.69;2.75;2.71;2.69;2.69;2.67;2.7
110518;617182;2019-07-18;FRC;V19;;;19;90492;17347917578.0;;;2.7;2.69;2.7;2.69;2.7;2.7;2.67;0.0
110519;617183;2019-07-18;FRC;X19;;;16;43051;8243846090.0;;;2.76;2.68;2.76;2.68;2.68;2.68;0.0;0.0
110520;617184;2019-07-18;FRC;Z19;;;13;17800;3405038349.0;;;2.67;2.61;2.67;2.61;2.61;2.62;0.0;2.61
110521;617185;2019-07-18;FRC;F20;;;36;66136;12637307514.0;;;2.62;2.59;2.64;2.61;2.59;2.59;0.0;2.59
110522;617186;2019-07-18;FRC;G20;;;5;4370;834102798.0;;;2.62;2.57;2.63;2.59;2.57;2.57;0.0;0.0
110523;617187;2019-07-18;FRC;H20;;;5;1788;341004973.0;;;2.53;2.53;2.53;2.53;2.53;2.53;0.0;0.0
110524;617188;2019-07-18;FRC;J20;;;25;16242;3094546557.0;;;2.54;2.5;2.56;2.51;2.5;2.5;0.0;0.0
110525;617189;2019-07-18;FRC;K20;;;10;4160;791933909.0;;;2.44;2.44;2.44;2.44;2.44;2.44;0.0;0.0
110526;617190;2019-07-18;FRC;M20;;;2;475;90332407.0;;;2.46;2.46;2.46;2.46;2.46;2.38;0.0;0.0
110527;617191;2019-07-18;FRC;N20;;;23;6729;1278654595.0;;;2.48;2.4;2.48;2.41;2.4;2.4;0.0;0.0
110528;617192;2019-07-18;FRC;V20;;;8;3057;579312677.0;;;2.43;2.35;2.43;2.36;2.35;2.35;0.0;0.0
110529;617193;2019-07-18;FRC;F21;;;30;14420;2724389624.0;;;2.44;2.35;2.46;2.35;2.35;2.35;2.34;0.0
110530;617194;2019-07-18;FRC;J21;;;1;196;36904351.0;;;2.43;2.43;2.43;2.43;2.43;2.35;0.0;0.0
110531;617195;2019-07-18;FRC;N21;;;11;2136;401203367.0;;;2.45;2.36;2.45;2.37;2.36;2.36;0.0;0.0
110532;617196;2019-07-18;FRC;V21;;;4;975;182576663.0;;;2.38;2.38;2.38;2.38;2.38;2.38;0.0;0.0
110533;617197;2019-07-18;FRC;F22;;;6;1963;366345519.0;;;2.47;2.39;2.47;2.4;2.39;2.39;0.0;0.0
110534;617198;2019-07-18;FRC;J22;;;0;0;0.0;;;0.0;0.0;0.0;0.0;0.0;2.42;0.0;0.0
110535;617199;2019-07-18;FRC;N22;;;2;386;71576983.0;;;2.45;2.45;2.45;2.45;2.45;2.45;0.0;0.0
110536;617200;2019-07-18;FRC;V22;;;2;386;71331355.0;;;2.48;2.48;2.48;2.48;2.48;2.48;0.0;0.0
110537;617201;2019-07-18;FRC;F23;;;19;5626;1036782088.0;;;2.55;2.46;2.55;2.46;2.46;2.46;0.0;0.0
110538;617202;2019-07-18;FRC;J23;;;0;0;0.0;;;0.0;0.0;0.0;0.0;0.0;2.49;0.0;0.0
110539;617203;2019-07-18;FRC;N23;;;2;191;34970956.0;;;2.49;2.49;2.49;2.49;2.49;2.49;0.0;0.0
110540;617204;2019-07-18;FRC;V23;;;1;190;34612606.0;;;2.59;2.59;2.59;2.59;2.59;2.49;0.0;0.0
110541;617205;2019-07-18;FRC;F24;;;9;2242;407792756.0;;;2.52;2.52;2.52;2.52;2.52;2.52;0.0;0.0
110542;617206;2019-07-18;FRC;J24;;;0;0;0.0;;;0.0;0.0;0.0;0.0;0.0;2.56;0.0;0.0
110543;617207;2019-07-18;FRC;N24;;;2;188;33874647.0;;;2.66;2.66;2.66;2.66;2.66;2.56;0.0;0.0
110544;617208;2019-07-18;FRC;F25;;;12;2791;500297546.0;;;2.7;2.61;2.7;2.61;2.61;2.61;0.0;0.0
110545;617209;2019-07-18;FRC;N25;;;0;0;0.0;;;0.0;0.0;0.0;0.0;0.0;2.68;0.0;0.0
110546;617210;2019-07-18;FRC;F26;;;6;2773;489323018.0;;;2.73;2.73;2.73;2.73;2.73;2.73;0.0;0.0
110547;617211;2019-07-18;FRC;N26;;;0;0;0.0;;;0.0;0.0;0.0;0.0;0.0;2.78;0.0;0.0
110548;617212;2019-07-18;FRC;F27;;;0;0;0.0;;;0.0;0.0;0.0;0.0;0.0;2.83;0.0;0.0
110549;617213;2019-07-18;FRC;F28;;;0;0;0.0;;;0.0;0.0;0.0;0.0;0.0;2.95;0.0;0.0
110550;617214;2019-07-18;FRC;F29;;;0;0;0.0;;;0.0;0.0;0.0;0.0;0.0;3.05;0.0;0.0
110551;617215;2019-07-18;FRC;F30;;;0;0;0.0;;;0.0;0.0;0.0;0.0;0.0;3.14;0.0;0.0
110552;617216;2019-07-18;FRC;F31;;;0;0;0.0;;;0.0;0.0;0.0;0.0;0.0;3.2;0.0;0.0
110553;617377;2019-07-19;FRC;U19;;;112;241131;46462337571.0;;;2.65;2.65;2.77;2.72;2.76;2.76;2.75;2.8
110554;617378;2019-07-19;FRC;V19;;;17;22908;4409060154.0;;;2.7;2.7;2.76;2.75;2.76;2.76;2.75;0.0
110555;617379;2019-07-19;FRC;X19;;;15;11738;2256605988.0;;;2.69;2.69;2.73;2.72;2.73;2.73;0.0;0.0
110556;617380;2019-07-19;FRC;Z19;;;9;11007;2113835585.0;;;2.62;2.62;2.67;2.66;2.67;2.67;0.0;2.67
110557;617381;2019-07-19;FRC;F20;;;42;46978;9012389310.0;;;2.61;2.61;2.64;2.63;2.64;2.64;2.6;0.0
110558;617382;2019-07-19;FRC;G20;;;7;4568;875321566.0;;;2.63;2.63;2.63;2.63;2.63;2.63;0.0;0.0
110559;617383;2019-07-19;FRC;H20;;;3;1190;227824561.0;;;2.59;2.59;2.59;2.59;2.59;2.59;0.0;0.0
110560;617384;2019-07-19;FRC;J20;;;25;17587;3363699478.0;;;2.53;2.53;2.57;2.56;2.57;2.57;0.0;0.0
110561;617385;2019-07-19;FRC;K20;;;4;2972;567918674.0;;;2.5;2.5;2.5;2.5;2.5;2.5;0.0;0.0
110562;617386;2019-07-19;FRC;M20;;;0;0;0.0;;;0.0;0.0;0.0;0.0;0.0;2.44;0.0;0.0
110563;617387;2019-07-19;FRC;N20;;;9;5539;1056584075.0;;;2.44;2.44;2.46;2.45;2.46;2.46;0.0;0.0
110564;617388;2019-07-19;FRC;V20;;;1;394;74947086.0;;;2.4;2.4;2.4;2.4;2.4;2.4;0.0;0.0
110565;617389;2019-07-19;FRC;F21;;;31;20846;3953086901.0;;;2.4;2.4;2.4;2.4;2.4;2.4;0.0;0.0
110566;617390;2019-07-19;FRC;J21;;;0;0;0.0;;;0.0;0.0;0.0;0.0;0.0;2.4;0.0;0.0
110567;617391;2019-07-19;FRC;N21;;;4;784;147818433.0;;;2.4;2.4;2.4;2.4;2.4;2.4;0.0;0.0
110568;617392;2019-07-19;FRC;V21;;;9;3120;586284184.0;;;2.43;2.43;2.43;2.43;2.43;2.43;0.0;0.0
110569;617393;2019-07-19;FRC;F22;;;8;3049;571092785.0;;;2.44;2.44;2.44;2.44;2.44;2.44;0.0;0.0
110570;617394;2019-07-19;FRC;J22;;;0;0;0.0;;;0.0;0.0;0.0;0.0;0.0;2.46;0.0;0.0
110571;617395;2019-07-19;FRC;N22;;;3;579;107766782.0;;;2.47;2.47;2.47;2.47;2.47;2.47;0.0;0.0
110572;617396;2019-07-19;FRC;V22;;;5;965;178993578.0;;;2.5;2.5;2.5;2.5;2.5;2.5;0.0;0.0
110573;617397;2019-07-19;FRC;F23;;;12;3648;674757693.0;;;2.48;2.48;2.48;2.48;2.48;2.48;0.0;0.0
110574;617398;2019-07-19;FRC;J23;;;0;0;0.0;;;0.0;0.0;0.0;0.0;0.0;2.5;0.0;2.5
110575;617399;2019-07-19;FRC;N23;;;0;0;0.0;;;0.0;0.0;0.0;0.0;0.0;2.5;0.0;0.0
110576;617400;2019-07-19;FRC;V23;;;3;570;104456700.0;;;2.49;2.49;2.49;2.49;2.49;2.49;0.0;0.0
110577;617401;2019-07-19;FRC;F24;;;8;2090;381676449.0;;;2.52;2.52;2.52;2.52;2.52;2.52;0.0;0.0
110578;617402;2019-07-19;FRC;J24;;;0;0;0.0;;;0.0;0.0;0.0;0.0;0.0;2.56;0.0;0.0
110579;617403;2019-07-19;FRC;N24;;;0;0;0.0;;;0.0;0.0;0.0;0.0;0.0;2.56;0.0;0.0
110580;617404;2019-07-19;FRC;F25;;;6;1873;337143060.0;;;2.66;2.6;2.66;2.6;2.61;2.6;0.0;0.0
110581;617405;2019-07-19;FRC;N25;;;0;0;0.0;;;0.0;0.0;0.0;0.0;0.0;2.67;0.0;0.0
110582;617406;2019-07-19;FRC;F26;;;0;0;0.0;;;0.0;0.0;0.0;0.0;0.0;2.72;0.0;0.0
110583;617407;2019-07-19;FRC;N26;;;0;0;0.0;;;0.0;0.0;0.0;0.0;0.0;2.77;0.0;0.0
110584;617408;2019-07-19;FRC;F27;;;0;0;0.0;;;0.0;0.0;0.0;0.0;0.0;2.82;0.0;0.0
110585;617409;2019-07-19;FRC;F28;;;0;0;0.0;;;0.0;0.0;0.0;0.0;0.0;2.94;0.0;0.0
110586;617410;2019-07-19;FRC;F29;;;0;0;0.0;;;0.0;0.0;0.0;0.0;0.0;3.04;0.0;0.0
110587;617411;2019-07-19;FRC;F30;;;0;0;0.0;;;0.0;0.0;0.0;0.0;0.0;3.13;0.0;0.0
110588;617412;2019-07-19;FRC;F31;;;0;0;0.0;;;0.0;0.0;0.0;0.0;0.0;3.19;0.0;0.0
110589;617573;2019-07-22;FRC;U19;;;127;212026;40840435510.0;;;2.76;2.74;2.78;2.77;2.78;2.78;2.77;2.78
110590;617574;2019-07-22;FRC;V19;;;18;23150;4454199508.0;;;2.78;2.77;2.78;2.77;2.77;2.77;2.75;0.0
110591;617575;2019-07-22;FRC;X19;;;10;4804;923312028.0;;;2.7;2.7;2.71;2.7;2.71;2.7;0.0;0.0
110592;617576;2019-07-22;FRC;Z19;;;7;6173;1185166317.0;;;2.65;2.65;2.65;2.65;2.65;2.65;2.62;2.64
110593;617577;2019-07-22;FRC;F20;;;11;10939;2097960337.0;;;2.62;2.62;2.62;2.62;2.62;2.62;2.6;2.62
110594;617578;2019-07-22;FRC;G20;;;5;1788;342537637.0;;;2.6;2.6;2.6;2.6;2.6;2.6;0.0;0.0
110595;617579;2019-07-22;FRC;H20;;;3;597;114272106.0;;;2.56;2.56;2.56;2.56;2.56;2.56;0.0;0.0
110596;617580;2019-07-22;FRC;J20;;;24;16524;3159690371.0;;;2.55;2.54;2.57;2.54;2.54;2.54;2.52;0.0
110597;617581;2019-07-22;FRC;K20;;;4;3568;681672364.0;;;2.47;2.47;2.47;2.47;2.47;2.47;0.0;0.0
110598;617582;2019-07-22;FRC;M20;;;9;10890;2078929884.0;;;2.43;2.43;2.43;2.43;2.43;2.43;0.0;0.0
110599;617583;2019-07-22;FRC;N20;;;6;1781;339674843.0;;;2.42;2.42;2.42;2.42;2.42;2.42;0.0;0.0
110600;617584;2019-07-22;FRC;V20;;;6;2760;524875639.0;;;2.39;2.39;2.39;2.39;2.39;2.39;0.0;2.4
110601;617585;2019-07-22;FRC;F21;;;21;10620;2013483239.0;;;2.38;2.38;2.57;2.38;2.38;2.38;0.0;0.0
110602;617586;2019-07-22;FRC;J21;;;0;0;0.0;;;0.0;0.0;0.0;0.0;0.0;2.38;0.0;0.0
110603;617587;2019-07-22;FRC;N21;;;4;784;147797733.0;;;2.38;2.38;2.38;2.38;2.38;2.38;0.0;0.0
110604;617588;2019-07-22;FRC;V21;;;0;0;0.0;;;0.0;0.0;0.0;0.0;0.0;2.4;0.0;0.0
110605;617589;2019-07-22;FRC;F22;;;0;0;0.0;;;0.0;0.0;0.0;0.0;0.0;2.41;0.0;0.0
110606;617590;2019-07-22;FRC;J22;;;0;0;0.0;;;0.0;0.0;0.0;0.0;0.0;2.42;0.0;0.0
110607;617591;2019-07-22;FRC;N22;;;1;193;35930588.0;;;2.43;2.43;2.43;2.43;2.43;2.43;0.0;0.0
110608;617592;2019-07-22;FRC;V22;;;0;0;0.0;;;0.0;0.0;0.0;0.0;0.0;2.47;0.0;0.0
110609;617593;2019-07-22;FRC;F23;;;4;7108;1314766586.0;;;2.46;2.46;2.46;2.46;2.46;2.46;0.0;0.0
110610;617594;2019-07-22;FRC;J23;;;0;0;0.0;;;0.0;0.0;0.0;0.0;0.0;2.48;0.0;0.0
110611;617595;2019-07-22;FRC;N23;;;0;0;0.0;;;0.0;0.0;0.0;0.0;0.0;2.49;0.0;0.0
110612;617596;2019-07-22;FRC;V23;;;0;0;0.0;;;0.0;0.0;0.0;0.0;0.0;2.48;0.0;0.0
110613;617597;2019-07-22;FRC;F24;;;2;380;69372921.0;;;2.52;2.52;2.52;2.52;2.52;2.52;0.0;0.0
110614;617598;2019-07-22;FRC;J24;;;0;0;0.0;;;0.0;0.0;0.0;0.0;0.0;2.56;0.0;0.0
110615;617599;2019-07-22;FRC;N24;;;0;0;0.0;;;0.0;0.0;0.0;0.0;0.0;2.56;0.0;0.0
110616;617600;2019-07-22;FRC;F25;;;2;2812;506140932.0;;;2.6;2.6;2.6;2.6;2.6;2.6;0.0;0.0
110617;617601;2019-07-22;FRC;N25;;;0;0;0.0;;;0.0;0.0;0.0;0.0;0.0;2.67;0.0;0.0
110618;617602;2019-07-22;FRC;F26;;;2;1571;278237272.0;;;2.73;2.73;2.73;2.73;2.73;2.73;0.0;0.0
110619;617603;2019-07-22;FRC;N26;;;0;0;0.0;;;0.0;0.0;0.0;0.0;0.0;2.78;0.0;0.0
110620;617604;2019-07-22;FRC;F27;;;2;5016;874197329.0;;;2.83;2.83;2.83;2.83;2.83;2.83;0.0;0.0
110621;617605;2019-07-22;FRC;F28;;;0;0;0.0;;;0.0;0.0;0.0;0.0;0.0;2.96;0.0;0.0
110622;617606;2019-07-22;FRC;F29;;;1;178;30009271.0;;;3.02;3.02;3.02;3.02;3.02;3.02;0.0;0.0
110623;617607;2019-07-22;FRC;F30;;;0;0;0.0;;;0.0;0.0;0.0;0.0;0.0;3.11;0.0;0.0
110624;617608;2019-07-22;FRC;F31;;;0;0;0.0;;;0.0;0.0;0.0;0.0;0.0;3.17;0.0;0.0
110625;617769;2019-07-23;FRC;U19;;;118;175468;33968004257.0;;;2.76;2.76;2.84;2.8;2.81;2.81;0.0;2.83
110626;617770;2019-07-23;FRC;V19;;;8;14366;2777926545.0;;;2.79;2.79;2.8;2.79;2.79;2.79;0.0;2.79
110627;617771;2019-07-23;FRC;X19;;;16;12376;2390543591.0;;;2.73;2.7;2.73;2.71;2.7;2.71;2.7;0.0
110628;617772;2019-07-23;FRC;Z19;;;21;8203;1582879192.0;;;2.66;2.61;2.66;2.63;2.62;2.63;2.6;2.63
110629;617773;2019-07-23;FRC;F20;;;27;35242;6793084137.0;;;2.67;2.6;2.67;2.6;2.6;2.61;2.6;0.0
110630;617774;2019-07-23;FRC;G20;;;2;318;61233205.0;;;2.58;2.54;2.58;2.56;2.54;2.58;0.0;0.0
110631;617775;2019-07-23;FRC;H20;;;5;2186;420549877.0;;;2.54;2.54;2.54;2.54;2.54;2.54;2.54;0.0
110632;617776;2019-07-23;FRC;J20;;;11;5433;1044172749.0;;;2.54;2.52;2.54;2.52;2.52;2.52;2.52;0.0
110633;617777;2019-07-23;FRC;K20;;;7;1980;380221782.0;;;2.44;2.44;2.44;2.44;2.44;2.44;2.44;0.0
110634;617778;2019-07-23;FRC;M20;;;11;7882;1512288222.0;;;2.43;2.41;2.43;2.42;2.41;2.41;2.41;0.0
110635;617779;2019-07-23;FRC;N20;;;16;5345;1024590870.0;;;2.42;2.4;2.43;2.4;2.4;2.4;0.0;2.42
110636;617780;2019-07-23;FRC;V20;;;4;1184;226324571.0;;;2.37;2.37;2.37;2.37;2.37;2.37;0.0;2.37
110637;617781;2019-07-23;FRC;F21;;;19;8574;1634007295.0;;;2.36;2.36;2.36;2.36;2.36;2.36;0.0;2.36
110638;617782;2019-07-23;FRC;J21;;;0;0;0.0;;;0.0;0.0;0.0;0.0;0.0;2.36;0.0;0.0
110639;617783;2019-07-23;FRC;N21;;;0;0;0.0;;;0.0;0.0;0.0;0.0;0.0;2.36;0.0;0.0
110640;617784;2019-07-23;FRC;V21;;;2;116;21901269.0;;;2.4;2.4;2.4;2.4;2.4;2.38;2.38;0.0
110641;617785;2019-07-23;FRC;F22;;;3;330;62123933.0;;;2.42;2.39;2.42;2.4;2.39;2.4;0.0;2.39
110642;617786;2019-07-23;FRC;J22;;;0;0;0.0;;;0.0;0.0;0.0;0.0;0.0;2.41;0.0;0.0
110643;617787;2019-07-23;FRC;N22;;;0;0;0.0;;;0.0;0.0;0.0;0.0;0.0;2.42;0.0;0.0
110644;617788;2019-07-23;FRC;V22;;;0;0;0.0;;;0.0;0.0;0.0;0.0;0.0;2.44;0.0;0.0
110645;617789;2019-07-23;FRC;F23;;;6;2439;453434168.0;;;2.46;2.44;2.46;2.45;2.44;2.44;0.0;0.0
110646;617790;2019-07-23;FRC;J23;;;0;0;0.0;;;0.0;0.0;0.0;0.0;0.0;2.46;0.0;2.46
110647;617791;2019-07-23;FRC;N23;;;0;0;0.0;;;0.0;0.0;0.0;0.0;0.0;2.47;0.0;0.0
110648;617792;2019-07-23;FRC;V23;;;0;0;0.0;;;0.0;0.0;0.0;0.0;0.0;2.46;0.0;0.0
110649;617793;2019-07-23;FRC;F24;;;9;7463;1369418155.0;;;2.52;2.49;2.52;2.51;2.52;2.49;0.0;0.0
110650;617794;2019-07-23;FRC;J24;;;0;0;0.0;;;0.0;0.0;0.0;0.0;0.0;2.53;0.0;0.0
110651;617795;2019-07-23;FRC;N24;;;0;0;0.0;;;0.0;0.0;0.0;0.0;0.0;2.53;0.0;0.0
110652;617796;2019-07-23;FRC;F25;;;10;3474;628818175.0;;;2.58;2.58;2.58;2.58;2.58;2.58;2.55;0.0
110653;617797;2019-07-23;FRC;N25;;;1;186;33384824.0;;;2.66;2.66;2.66;2.66;2.66;2.66;0.0;0.0
110654;617798;2019-07-23;FRC;F26;;;4;3883;691273912.0;;;2.75;2.72;2.75;2.72;2.72;2.72;0.0;0.0
110655;617799;2019-07-23;FRC;N26;;;0;0;0.0;;;0.0;0.0;0.0;0.0;0.0;2.77;0.0;0.0
110656;617800;2019-07-23;FRC;F27;;;5;6742;1179410477.0;;;2.85;2.85;2.87;2.86;2.87;2.82;0.0;0.0
110657;617801;2019-07-23;FRC;F28;;;2;629;108224605.0;;;2.96;2.96;2.96;2.96;2.96;2.96;0.0;2.95
110658;617802;2019-07-23;FRC;F29;;;2;356;60320709.0;;;3.02;3.02;3.02;3.02;3.02;3.02;0.0;0.0
110659;617803;2019-07-23;FRC;F30;;;0;0;0.0;;;0.0;0.0;0.0;0.0;0.0;3.11;0.0;0.0
110660;617804;2019-07-23;FRC;F31;;;0;0;0.0;;;0.0;0.0;0.0;0.0;0.0;3.17;0.0;0.0
110661;617965;2019-07-24;FRC;U19;;;168;296242;57163799107.0;;;2.82;2.8;2.84;2.82;2.8;2.83;2.8;0.0
110662;617966;2019-07-24;FRC;V19;;;35;77622;14961856800.0;;;2.79;2.78;2.79;2.78;2.78;2.78;0.0;2.79
110663;617967;2019-07-24;FRC;X19;;;15;15586;3001037872.0;;;2.71;2.69;2.71;2.69;2.69;2.69;0.0;0.0
110664;617968;2019-07-24;FRC;Z19;;;22;34450;6626652060.0;;;2.6;2.6;2.61;2.6;2.6;2.6;0.0;0.0
110665;617969;2019-07-24;FRC;F20;;;35;96198;18484800731.0;;;2.6;2.57;2.6;2.57;2.57;2.57;0.0;0.0
110666;617970;2019-07-24;FRC;G20;;;8;32945;6323900754.0;;;2.54;2.53;2.54;2.53;2.54;2.53;0.0;0.0
110667;617971;2019-07-24;FRC;H20;;;6;2185;419084614.0;;;2.48;2.48;2.48;2.48;2.48;2.48;2.47;0.0
110668;617972;2019-07-24;FRC;J20;;;12;9460;1812633038.0;;;2.47;2.41;2.47;2.46;2.41;2.47;0.0;0.0
110669;617973;2019-07-24;FRC;K20;;;29;36861;7056530271.0;;;2.41;2.41;2.43;2.41;2.41;2.41;2.41;0.0
110670;617974;2019-07-24;FRC;M20;;;4;7684;1469918403.0;;;2.37;2.37;2.37;2.37;2.37;2.37;2.37;0.0
110671;617975;2019-07-24;FRC;N20;;;12;11280;2155900973.0;;;2.37;2.35;2.37;2.35;2.35;2.35;2.35;0.0
110672;617976;2019-07-24;FRC;V20;;;9;3354;639180754.0;;;2.34;2.34;2.34;2.34;2.34;2.34;0.0;2.34
110673;617977;2019-07-24;FRC;F21;;;22;16234;3084831274.0;;;2.33;2.31;2.33;2.31;2.31;2.31;2.29;2.33
110674;617978;2019-07-24;FRC;J21;;;27;11768;2229654961.0;;;2.33;2.32;2.46;2.33;2.32;2.32;0.0;2.33
110675;617979;2019-07-24;FRC;N21;;;9;5482;1036074465.0;;;2.33;2.26;2.33;2.29;2.26;2.31;0.0;0.0
110676;617980;2019-07-24;FRC;V21;;;0;0;0.0;;;0.0;0.0;0.0;0.0;0.0;2.32;0.0;0.0
110677;617981;2019-07-24;FRC;F22;;;7;2531;475414710.0;;;2.33;2.33;2.33;2.33;2.33;2.33;0.0;0.0
110678;617982;2019-07-24;FRC;J22;;;0;0;0.0;;;0.0;0.0;0.0;0.0;0.0;2.34;0.0;0.0
110679;617983;2019-07-24;FRC;N22;;;2;774;144427317.0;;;2.4;2.4;2.4;2.4;2.4;2.35;0.0;0.0
110680;617984;2019-07-24;FRC;V22;;;0;0;0.0;;;0.0;0.0;0.0;0.0;0.0;2.37;2.35;2.38
110681;617985;2019-07-24;FRC;F23;;;2;577;107080099.0;;;2.37;2.37;2.37;2.37;2.37;2.37;0.0;0.0
110682;617986;2019-07-24;FRC;J23;;;0;0;0.0;;;0.0;0.0;0.0;0.0;0.0;2.39;0.0;0.0
110683;617987;2019-07-24;FRC;N23;;;0;0;0.0;;;0.0;0.0;0.0;0.0;0.0;2.4;0.0;0.0
110684;617988;2019-07-24;FRC;V23;;;0;0;0.0;;;0.0;0.0;0.0;0.0;0.0;2.38;0.0;0.0
110685;617989;2019-07-24;FRC;F24;;;4;2092;383478336.0;;;2.41;2.41;2.41;2.41;2.41;2.41;0.0;0.0
110686;617990;2019-07-24;FRC;J24;;;1;474;86471630.0;;;2.5;2.5;2.5;2.5;2.5;2.45;0.0;0.0
110687;617991;2019-07-24;FRC;N24;;;2;6079;1104844981.0;;;2.53;2.53;2.53;2.53;2.53;2.45;0.0;0.0
110688;617992;2019-07-24;FRC;F25;;;2;5630;1016244222.0;;;2.56;2.56;2.56;2.56;2.56;2.51;0.0;0.0
110689;617993;2019-07-24;FRC;N25;;;0;0;0.0;;;0.0;0.0;0.0;0.0;0.0;2.59;0.0;0.0
110690;617994;2019-07-24;FRC;F26;;;2;371;65901637.0;;;2.7;2.7;2.7;2.7;2.7;2.65;0.0;0.0
110691;617995;2019-07-24;FRC;N26;;;0;0;0.0;;;0.0;0.0;0.0;0.0;0.0;2.7;0.0;0.0
110692;617996;2019-07-24;FRC;F27;;;0;0;0.0;;;0.0;0.0;0.0;0.0;0.0;2.75;0.0;0.0
110693;617997;2019-07-24;FRC;F28;;;0;0;0.0;;;0.0;0.0;0.0;0.0;0.0;2.89;0.0;0.0
110694;617998;2019-07-24;FRC;F29;;;0;0;0.0;;;0.0;0.0;0.0;0.0;0.0;2.95;0.0;0.0
110695;617999;2019-07-24;FRC;F30;;;0;0;0.0;;;0.0;0.0;0.0;0.0;0.0;3.04;0.0;0.0
110696;618000;2019-07-24;FRC;F31;;;0;0;0.0;;;0.0;0.0;0.0;0.0;0.0;3.1;0.0;0.0
110697;618160;2019-07-25;FRC;U19;;;74;97191;18795634323.0;;;2.85;2.83;2.9;2.85;2.85;2.85;2.85;0.0
110698;618161;2019-07-25;FRC;V19;;;22;41805;8075808742.0;;;2.78;2.78;2.8;2.79;2.79;2.8;0.0;0.0
110699;618162;2019-07-25;FRC;X19;;;17;21725;4192187019.0;;;2.72;2.72;2.72;2.72;2.72;2.72;2.72;0.0
110700;618163;2019-07-25;FRC;Z19;;;9;9636;1857559924.0;;;2.62;2.62;2.63;2.62;2.63;2.63;2.63;0.0
110701;618164;2019-07-25;FRC;F20;;;18;29714;5721757052.0;;;2.57;2.57;2.62;2.61;2.62;2.62;2.62;0.0
110702;618165;2019-07-25;FRC;G20;;;13;6957;1338272133.0;;;2.57;2.57;2.57;2.57;2.57;2.57;0.0;0.0
110703;618166;2019-07-25;FRC;H20;;;1;15288;2938729522.0;;;2.48;2.48;2.48;2.48;2.48;2.52;2.52;0.0
110704;618167;2019-07-25;FRC;J20;;;29;56782;10902621211.0;;;2.47;2.47;2.51;2.5;2.51;2.51;0.0;0.0
110705;618168;2019-07-25;FRC;K20;;;8;3763;721839480.0;;;2.46;2.46;2.46;2.46;2.46;2.46;2.46;0.0
110706;618169;2019-07-25;FRC;M20;;;12;8316;1593994432.0;;;2.42;2.42;2.42;2.42;2.42;2.42;0.0;0.0
110707;618170;2019-07-25;FRC;N20;;;21;44033;8432267100.0;;;2.37;2.37;2.42;2.4;2.42;2.42;0.0;0.0
110708;618171;2019-07-25;FRC;V20;;;6;985;188105093.0;;;2.34;2.34;2.39;2.35;2.39;2.4;0.0;2.39
110709;618172;2019-07-25;FRC;F21;;;14;17510;3334473966.0;;;2.33;2.31;2.35;2.32;2.35;2.35;2.35;0.0
110710;618173;2019-07-25;FRC;J21;;;3;588;111632639.0;;;2.36;2.36;2.36;2.36;2.36;2.36;0.0;0.0
110711;618174;2019-07-25;FRC;N21;;;5;1371;259589378.0;;;2.34;2.34;2.34;2.34;2.34;2.34;2.3;0.0
110712;618175;2019-07-25;FRC;V21;;;0;0;0.0;;;0.0;0.0;0.0;0.0;0.0;2.34;2.32;0.0
110713;618176;2019-07-25;FRC;F22;;;8;2336;439703668.0;;;2.34;2.34;2.34;2.34;2.34;2.34;0.0;0.0
110714;618177;2019-07-25;FRC;J22;;;0;0;0.0;;;0.0;0.0;0.0;0.0;0.0;2.35;0.0;0.0
110715;618178;2019-07-25;FRC;N22;;;0;0;0.0;;;0.0;0.0;0.0;0.0;0.0;2.36;0.0;0.0
110716;618179;2019-07-25;FRC;V22;;;0;0;0.0;;;0.0;0.0;0.0;0.0;0.0;2.38;0.0;0.0
110717;618180;2019-07-25;FRC;F23;;;13;3075;571810424.0;;;2.38;2.38;2.38;2.38;2.38;2.38;0.0;0.0
110718;618181;2019-07-25;FRC;J23;;;0;0;0.0;;;0.0;0.0;0.0;0.0;0.0;2.4;0.0;0.0
110719;618182;2019-07-25;FRC;N23;;;0;0;0.0;;;0.0;0.0;0.0;0.0;0.0;2.41;0.0;0.0
110720;618183;2019-07-25;FRC;V23;;;0;0;0.0;;;0.0;0.0;0.0;0.0;0.0;2.4;0.0;0.0
110721;618184;2019-07-25;FRC;F24;;;7;1901;349086344.0;;;2.43;2.43;2.43;2.43;2.43;2.43;0.0;0.0
110722;618185;2019-07-25;FRC;J24;;;0;0;0.0;;;0.0;0.0;0.0;0.0;0.0;2.46;0.0;0.0
110723;618186;2019-07-25;FRC;N24;;;0;0;0.0;;;0.0;0.0;0.0;0.0;0.0;2.46;0.0;0.0
110724;618187;2019-07-25;FRC;F25;;;8;2086;377909798.0;;;2.51;2.5;2.51;2.5;2.5;2.5;0.0;0.0
110725;618188;2019-07-25;FRC;N25;;;2;374;67212717.0;;;2.59;2.59;2.59;2.59;2.59;2.59;0.0;0.0
110726;618189;2019-07-25;FRC;F26;;;6;1116;199331650.0;;;2.59;2.59;2.59;2.59;2.59;2.59;2.59;0.0
110727;618190;2019-07-25;FRC;N26;;;0;0;0.0;;;0.0;0.0;0.0;0.0;0.0;2.64;0.0;0.0
110728;618191;2019-07-25;FRC;F27;;;0;0;0.0;;;0.0;0.0;0.0;0.0;0.0;2.69;0.0;0.0
110729;618192;2019-07-25;FRC;F28;;;0;0;0.0;;;0.0;0.0;0.0;0.0;0.0;2.83;0.0;0.0
110730;618193;2019-07-25;FRC;F29;;;0;0;0.0;;;0.0;0.0;0.0;0.0;0.0;2.89;0.0;0.0
110731;618194;2019-07-25;FRC;F30;;;0;0;0.0;;;0.0;0.0;0.0;0.0;0.0;2.98;0.0;0.0
110732;618195;2019-07-25;FRC;F31;;;0;0;0.0;;;0.0;0.0;0.0;0.0;0.0;3.04;0.0;0.0
110733;618356;2019-07-29;FRC;U19;;;301;640215;123642271965.0;;;2.92;2.92;3.09;3.04;3.09;3.08;3.08;0.0
110734;618357;2019-07-29;FRC;V19;;;22;52476;10123358948.0;;;2.85;2.85;2.91;2.9;2.91;2.91;2.93;3.0
110735;618358;2019-07-29;FRC;X19;;;10;12153;2341670356.0;;;2.87;2.87;2.87;2.87;2.87;2.87;2.87;0.0
110736;618359;2019-07-29;FRC;Z19;;;41;31862;6132236513.0;;;2.82;2.82;2.82;2.82;2.82;2.82;2.82;0.0
110737;618360;2019-07-29;FRC;F20;;;42;171628;33000524044.0;;;2.66;2.66;2.77;2.7;2.77;2.77;2.76;0.0
110738;618361;2019-07-29;FRC;G20;;;1;993;190721498.0;;;2.67;2.67;2.67;2.67;2.67;2.75;0.0;0.0
110739;618362;2019-07-29;FRC;H20;;;3;1388;266272079.0;;;2.72;2.72;2.72;2.72;2.72;2.72;2.71;0.0
110740;618363;2019-07-29;FRC;J20;;;18;69457;13315722949.0;;;2.57;2.57;2.66;2.58;2.66;2.66;2.66;0.0
110741;618364;2019-07-29;FRC;K20;;;7;3168;606503616.0;;;2.64;2.64;2.64;2.64;2.64;2.64;0.0;0.0
110742;618365;2019-07-29;FRC;M20;;;1;6491;1241894206.0;;;2.55;2.55;2.55;2.55;2.55;2.61;0.0;0.0
110743;618366;2019-07-29;FRC;N20;;;26;71641;13696289169.0;;;2.4;2.4;2.59;2.48;2.58;2.58;2.58;0.0
110744;618367;2019-07-29;FRC;V20;;;5;4925;938208514.0;;;2.56;2.56;2.56;2.56;2.56;2.56;0.0;0.0
110745;618368;2019-07-29;FRC;F21;;;28;19459;3696308528.0;;;2.5;2.49;2.5;2.49;2.49;2.5;2.5;0.0
110746;618369;2019-07-29;FRC;J21;;;0;0;0.0;;;0.0;0.0;0.0;0.0;0.0;2.5;0.0;0.0
110747;618370;2019-07-29;FRC;N21;;;21;15633;2952416045.0;;;2.47;2.47;2.47;2.47;2.47;2.47;0.0;0.0
110748;618371;2019-07-29;FRC;V21;;;0;0;0.0;;;0.0;0.0;0.0;0.0;0.0;2.47;2.45;0.0
110749;618372;2019-07-29;FRC;F22;;;15;3981;747266790.0;;;2.46;2.46;2.46;2.46;2.46;2.46;2.4;0.0
110750;618373;2019-07-29;FRC;J22;;;0;0;0.0;;;0.0;0.0;0.0;0.0;0.0;2.46;0.0;0.0
110751;618374;2019-07-29;FRC;N22;;;0;0;0.0;;;0.0;0.0;0.0;0.0;0.0;2.46;0.0;0.0
110752;618375;2019-07-29;FRC;V22;;;0;0;0.0;;;0.0;0.0;0.0;0.0;0.0;2.46;0.0;0.0
110753;618376;2019-07-29;FRC;F23;;;8;1728;320436037.0;;;2.47;2.47;2.47;2.47;2.47;2.47;0.0;2.47
110754;618377;2019-07-29;FRC;J23;;;0;0;0.0;;;0.0;0.0;0.0;0.0;0.0;2.48;0.0;0.0
110755;618378;2019-07-29;FRC;N23;;;0;0;0.0;;;0.0;0.0;0.0;0.0;0.0;2.49;0.0;0.0
110756;618379;2019-07-29;FRC;V23;;;0;0;0.0;;;0.0;0.0;0.0;0.0;0.0;2.47;0.0;0.0
110757;618380;2019-07-29;FRC;F24;;;11;1995;365417663.0;;;2.49;2.49;2.49;2.49;2.49;2.49;0.0;0.0
110758;618381;2019-07-29;FRC;J24;;;0;0;0.0;;;0.0;0.0;0.0;0.0;0.0;2.52;0.0;0.0
110759;618382;2019-07-29;FRC;N24;;;0;0;0.0;;;0.0;0.0;0.0;0.0;0.0;2.52;0.0;0.0
110760;618383;2019-07-29;FRC;F25;;;10;2067;373478720.0;;;2.56;2.56;2.56;2.56;2.56;2.56;0.0;0.0
110761;618384;2019-07-29;FRC;N25;;;0;0;0.0;;;0.0;0.0;0.0;0.0;0.0;2.61;0.0;0.0
110762;618385;2019-07-29;FRC;F26;;;0;0;0.0;;;0.0;0.0;0.0;0.0;0.0;2.65;0.0;0.0
110763;618386;2019-07-29;FRC;N26;;;0;0;0.0;;;0.0;0.0;0.0;0.0;0.0;2.7;0.0;0.0
110764;618387;2019-07-29;FRC;F27;;;6;4207;737480413.0;;;2.74;2.74;2.74;2.74;2.74;2.74;0.0;0.0
110765;618388;2019-07-29;FRC;F28;;;2;360;62045176.0;;;2.85;2.85;2.85;2.85;2.85;2.85;0.0;0.0
110766;618389;2019-07-29;FRC;F29;;;0;0;0.0;;;0.0;0.0;0.0;0.0;0.0;2.91;0.0;0.0
110767;618390;2019-07-29;FRC;F30;;;0;0;0.0;;;0.0;0.0;0.0;0.0;0.0;3.0;0.0;0.0
110768;618391;2019-07-29;FRC;F31;;;0;0;0.0;;;0.0;0.0;0.0;0.0;0.0;3.06;0.0;0.0
110769;618552;2019-07-30;FRC;V19;;;33;51745;9954746770.0;;;2.81;2.75;2.86;2.85;2.86;2.86;2.86;2.96
110770;618553;2019-07-30;FRC;X19;;;25;23368;4490185513.0;;;2.82;2.82;2.86;2.83;2.83;2.83;2.83;0.0
110771;618554;2019-07-30;FRC;Z19;;;35;60186;11551718674.0;;;2.75;2.75;2.8;2.78;2.8;2.8;0.0;0.0
110772;618555;2019-07-30;FRC;F20;;;25;36545;7006226330.0;;;2.7;2.7;2.79;2.76;2.79;2.79;0.0;0.0
110773;618556;2019-07-30;FRC;G20;;;16;26105;4998635909.0;;;2.7;2.7;2.78;2.76;2.78;2.78;0.0;0.0
110774;618557;2019-07-30;FRC;H20;;;9;5363;1025840237.0;;;2.65;2.65;2.76;2.75;2.76;2.76;0.0;0.0
110775;618558;2019-07-30;FRC;J20;;;20;24486;4679387949.0;;;2.6;2.6;2.72;2.69;2.72;2.72;0.0;2.72
110776;618559;2019-07-30;FRC;K20;;;4;2101;401020084.0;;;2.58;2.58;2.7;2.69;2.7;2.7;0.0;0.0
110777;618560;2019-07-30;FRC;M20;;;1;40;7632194.0;;;2.55;2.55;2.55;2.55;2.55;2.66;0.0;0.0
110778;618561;2019-07-30;FRC;N20;;;25;35879;6837918743.0;;;2.52;2.52;2.61;2.55;2.61;2.62;0.0;0.0
110779;618562;2019-07-30;FRC;V20;;;25;14177;2692731657.0;;;2.54;2.54;2.59;2.58;2.59;2.59;0.0;0.0
110780;618563;2019-07-30;FRC;F21;;;35;19867;3762872629.0;;;2.46;2.46;2.54;2.51;2.54;2.54;0.0;0.0
110781;618564;2019-07-30;FRC;J21;;;0;0;0.0;;;0.0;0.0;0.0;0.0;0.0;2.54;0.0;0.0
110782;618565;2019-07-30;FRC;N21;;;3;3542;667319236.0;;;2.43;2.43;2.43;2.43;2.43;2.5;0.0;0.0
110783;618566;2019-07-30;FRC;V21;;;0;0;0.0;;;0.0;0.0;0.0;0.0;0.0;2.51;0.0;0.0
110784;618567;2019-07-30;FRC;F22;;;4;9332;1746333263.0;;;2.43;2.43;2.49;2.48;2.49;2.49;0.0;2.49
110785;618568;2019-07-30;FRC;J22;;;11;2328;434343529.0;;;2.49;2.49;2.49;2.49;2.49;2.49;2.43;2.47
110786;618569;2019-07-30;FRC;N22;;;5;6639;1236419389.0;;;2.43;2.37;2.43;2.4;2.37;2.49;0.0;2.45
110787;618570;2019-07-30;FRC;V22;;;0;0;0.0;;;0.0;0.0;0.0;0.0;0.0;2.49;0.0;0.0
110788;618571;2019-07-30;FRC;F23;;;8;2305;426031754.0;;;2.5;2.5;2.5;2.5;2.5;2.5;0.0;0.0
110789;618572;2019-07-30;FRC;J23;;;0;0;0.0;;;0.0;0.0;0.0;0.0;0.0;2.51;0.0;0.0
110790;618573;2019-07-30;FRC;N23;;;0;0;0.0;;;0.0;0.0;0.0;0.0;0.0;2.52;0.0;0.0
110791;618574;2019-07-30;FRC;V23;;;0;0;0.0;;;0.0;0.0;0.0;0.0;0.0;2.51;0.0;0.0
110792;618575;2019-07-30;FRC;F24;;;3;1520;277515959.0;;;2.51;2.51;2.51;2.51;2.51;2.53;0.0;0.0
110793;618576;2019-07-30;FRC;J24;;;0;0;0.0;;;0.0;0.0;0.0;0.0;0.0;2.55;0.0;0.0
110794;618577;2019-07-30;FRC;N24;;;0;0;0.0;;;0.0;0.0;0.0;0.0;0.0;2.55;0.0;0.0
110795;618578;2019-07-30;FRC;F25;;;6;1410;253995474.0;;;2.57;2.57;2.57;2.57;2.57;2.57;0.0;0.0
110796;618579;2019-07-30;FRC;N25;;;0;0;0.0;;;0.0;0.0;0.0;0.0;0.0;2.62;0.0;0.0
110797;618580;2019-07-30;FRC;F26;;;2;370;65674411.0;;;2.65;2.65;2.65;2.65;2.65;2.65;0.0;0.0
110798;618581;2019-07-30;FRC;N26;;;0;0;0.0;;;0.0;0.0;0.0;0.0;0.0;2.7;0.0;0.0
110799;618582;2019-07-30;FRC;F27;;;2;366;63951387.0;;;2.75;2.75;2.76;2.75;2.76;2.75;0.0;0.0
110800;618583;2019-07-30;FRC;F28;;;0;0;0.0;;;0.0;0.0;0.0;0.0;0.0;2.86;0.0;0.0
110801;618584;2019-07-30;FRC;F29;;;2;4103;694710236.0;;;2.91;2.91;2.91;2.91;2.91;2.91;0.0;0.0
110802;618585;2019-07-30;FRC;F30;;;0;0;0.0;;;0.0;0.0;0.0;0.0;0.0;3.0;0.0;0.0
110803;618586;2019-07-30;FRC;F31;;;0;0;0.0;;;0.0;0.0;0.0;0.0;0.0;3.06;0.0;0.0
110804;618751;2019-07-31;FRC;V19;;;16;23176;4469460706.0;;;2.87;2.85;2.87;2.85;2.85;2.85;2.85;0.0
110805;618752;2019-07-31;FRC;X19;;;13;9979;1922126318.0;;;2.81;2.81;2.84;2.83;2.84;2.84;0.0;0.0
110806;618753;2019-07-31;FRC;Z19;;;13;14946;2875538096.0;;;2.8;2.8;2.8;2.8;2.8;2.8;0.0;0.0
110807;618754;2019-07-31;FRC;F20;;;80;79603;15297347045.0;;;2.78;2.75;2.8;2.78;2.79;2.79;0.0;0.0
110808;618755;2019-07-31;FRC;G20;;;7;6958;1335574637.0;;;2.75;2.75;2.76;2.75;2.76;2.76;0.0;0.0
110809;618756;2019-07-31;FRC;H20;;;5;1788;342826906.0;;;2.74;2.74;2.78;2.77;2.78;2.78;2.75;2.78
110810;618757;2019-07-31;FRC;J20;;;48;46864;8976830904.0;;;2.72;2.72;2.73;2.72;2.72;2.72;0.0;0.0
110811;618758;2019-07-31;FRC;K20;;;8;4557;871951910.0;;;2.68;2.68;2.68;2.68;2.68;2.68;0.0;0.0
110812;618759;2019-07-31;FRC;M20;;;10;3762;719188371.0;;;2.63;2.63;2.65;2.64;2.65;2.65;0.0;0.0
110813;618760;2019-07-31;FRC;N20;;;17;10825;2067563987.0;;;2.6;2.57;2.62;2.6;2.62;2.62;2.61;0.0
110814;618761;2019-07-31;FRC;Q20;;;0;0;0.0;;;0.0;0.0;0.0;0.0;0.0;2.61;0.0;0.0
110815;618762;2019-07-31;FRC;V20;;;14;8004;1523906221.0;;;2.55;2.55;2.59;2.58;2.59;2.59;0.0;0.0
110816;618763;2019-07-31;FRC;F21;;;29;21628;4105394475.0;;;2.54;2.54;2.55;2.54;2.55;2.54;2.54;0.0
110817;618764;2019-07-31;FRC;J21;;;2;1373;259868047.0;;;2.53;2.53;2.53;2.53;2.53;2.54;0.0;0.0
110818;618765;2019-07-31;FRC;N21;;;23;5504;1038828243.0;;;2.46;2.46;2.5;2.49;2.5;2.5;0.0;0.0
110819;618766;2019-07-31;FRC;V21;;;0;0;0.0;;;0.0;0.0;0.0;0.0;0.0;2.51;0.0;0.0
110820;618767;2019-07-31;FRC;F22;;;16;6610;1239862620.0;;;2.49;2.49;2.49;2.49;2.49;2.49;0.0;0.0
110821;618768;2019-07-31;FRC;J22;;;0;0;0.0;;;0.0;0.0;0.0;0.0;0.0;2.49;0.0;0.0
110822;618769;2019-07-31;FRC;N22;;;3;2049;382044714.0;;;2.49;2.49;2.49;2.49;2.49;2.49;0.0;0.0
110823;618770;2019-07-31;FRC;V22;;;3;2043;379679572.0;;;2.5;2.5;2.5;2.5;2.5;2.49;0.0;0.0
110824;618771;2019-07-31;FRC;F23;;;12;2881;533781320.0;;;2.5;2.5;2.5;2.5;2.5;2.5;0.0;0.0
110825;618772;2019-07-31;FRC;J23;;;0;0;0.0;;;0.0;0.0;0.0;0.0;0.0;2.52;0.0;0.0
110826;618773;2019-07-31;FRC;N23;;;0;0;0.0;;;0.0;0.0;0.0;0.0;0.0;2.53;0.0;0.0
110827;618774;2019-07-31;FRC;V23;;;4;764;140217153.0;;;2.53;2.53;2.53;2.53;2.53;2.53;0.0;0.0
110828;618775;2019-07-31;FRC;F24;;;4;5891;1077955615.0;;;2.52;2.52;2.52;2.52;2.52;2.52;0.0;0.0
110829;618776;2019-07-31;FRC;J24;;;0;0;0.0;;;0.0;0.0;0.0;0.0;0.0;2.54;0.0;0.0
110830;618777;2019-07-31;FRC;N24;;;1;38;6912714.0;;;2.53;2.53;2.53;2.53;2.53;2.54;0.0;0.0
110831;618778;2019-07-31;FRC;F25;;;3;564;101893689.0;;;2.55;2.55;2.55;2.55;2.55;2.55;0.0;0.0
110832;618779;2019-07-31;FRC;N25;;;3;561;100620854.0;;;2.6;2.6;2.6;2.6;2.6;2.6;0.0;0.0
110833;618780;2019-07-31;FRC;F26;;;0;0;0.0;;;0.0;0.0;0.0;0.0;0.0;2.64;0.0;0.0
110834;618781;2019-07-31;FRC;N26;;;0;0;0.0;;;0.0;0.0;0.0;0.0;0.0;2.69;0.0;0.0
110835;618782;2019-07-31;FRC;F27;;;3;549;96174579.0;;;2.75;2.75;2.75;2.75;2.75;2.75;0.0;0.0
110836;618783;2019-07-31;FRC;F28;;;6;1080;185804856.0;;;2.89;2.89;2.89;2.89;2.89;2.89;0.0;0.0
110837;618784;2019-07-31;FRC;F29;;;2;3208;543805909.0;;;2.94;2.94;2.94;2.94;2.94;2.94;0.0;0.0
110838;618785;2019-07-31;FRC;F30;;;0;0;0.0;;;0.0;0.0;0.0;0.0;0.0;3.03;0.0;0.0
110839;618786;2019-07-31;FRC;F31;;;0;0;0.0;;;0.0;0.0;0.0;0.0;0.0;3.09;0.0;0.0
110840;618951;2019-08-01;FRC;V19;;;45;139863;27201507218.0;;;2.85;2.84;2.88;2.84;2.85;2.84;2.85;0.0
110841;618952;2019-08-01;FRC;X19;;;34;81094;15752543495.0;;;2.87;2.83;2.88;2.84;2.83;2.83;0.0;0.0
110842;618953;2019-08-01;FRC;Z19;;;19;22782;4420568197.0;;;2.8;2.76;2.8;2.76;2.76;2.77;0.0;0.0
110843;618954;2019-08-01;FRC;F20;;;88;72823;14113134030.0;;;2.8;2.74;2.82;2.78;2.74;2.74;0.0;0.0
110844;618955;2019-08-01;FRC;G20;;;1;40;7743568.0;;;2.77;2.77;2.77;2.77;2.77;2.7;0.0;0.0
110845;618956;2019-08-01;FRC;H20;;;8;5962;1153016416.0;;;2.72;2.72;2.72;2.72;2.72;2.72;0.0;0.0
110846;618957;2019-08-01;FRC;J20;;;32;29647;5727911476.0;;;2.75;2.66;2.75;2.67;2.66;2.66;0.0;0.0
110847;618958;2019-08-01;FRC;K20;;;48;22609;4362783194.0;;;2.7;2.62;2.73;2.67;2.62;2.62;0.0;0.0
110848;618959;2019-08-01;FRC;M20;;;13;9128;1759934390.0;;;2.7;2.58;2.7;2.63;2.58;2.58;0.0;0.0
110849;618960;2019-08-01;FRC;N20;;;26;13533;2606635344.0;;;2.66;2.58;2.66;2.61;2.58;2.58;0.0;0.0
110850;618961;2019-08-01;FRC;Q20;;;0;0;0.0;;;0.0;0.0;0.0;0.0;0.0;2.56;0.0;0.0
110851;618962;2019-08-01;FRC;V20;;;15;9092;1745839876.0;;;2.63;2.55;2.63;2.57;2.55;2.55;0.0;0.0
110852;618963;2019-08-01;FRC;F21;;;60;31056;5945767305.0;;;2.58;2.49;2.58;2.52;2.49;2.49;0.0;0.0
110853;618964;2019-08-01;FRC;J21;;;6;1764;336804522.0;;;2.49;2.49;2.49;2.49;2.49;2.49;0.0;0.0
110854;618965;2019-08-01;FRC;N21;;;10;1784;339735384.0;;;2.5;2.45;2.5;2.45;2.45;2.45;0.0;0.0
110855;618966;2019-08-01;FRC;V21;;;0;0;0.0;;;0.0;0.0;0.0;0.0;0.0;2.45;0.0;0.0
110856;618967;2019-08-01;FRC;F22;;;16;6153;1164781472.0;;;2.5;2.42;2.5;2.43;2.42;2.42;0.0;0.0
110857;618968;2019-08-01;FRC;J22;;;0;0;0.0;;;0.0;0.0;0.0;0.0;0.0;2.42;0.0;0.0
110858;618969;2019-08-01;FRC;N22;;;1;19;3569792.0;;;2.49;2.49;2.49;2.49;2.49;2.41;0.0;0.0
110859;618970;2019-08-01;FRC;V22;;;0;0;0.0;;;0.0;0.0;0.0;0.0;0.0;2.41;0.0;0.0
110860;618971;2019-08-01;FRC;F23;;;23;6344;1186996796.0;;;2.5;2.41;2.5;2.41;2.41;2.41;0.0;0.0
110861;618972;2019-08-01;FRC;J23;;;0;0;0.0;;;0.0;0.0;0.0;0.0;0.0;2.43;0.0;0.0
110862;618973;2019-08-01;FRC;N23;;;0;0;0.0;;;0.0;0.0;0.0;0.0;0.0;2.43;0.0;0.0
110863;618974;2019-08-01;FRC;V23;;;0;0;0.0;;;0.0;0.0;0.0;0.0;0.0;2.43;0.0;0.0
110864;618975;2019-08-01;FRC;F24;;;7;1007;186210442.0;;;2.52;2.41;2.52;2.41;2.41;2.41;0.0;0.0
110865;618976;2019-08-01;FRC;J24;;;0;0;0.0;;;0.0;0.0;0.0;0.0;0.0;2.43;0.0;0.0
110866;618977;2019-08-01;FRC;N24;;;1;189;34669053.0;;;2.52;2.52;2.52;2.52;2.52;2.44;0.0;0.0
110867;618978;2019-08-01;FRC;F25;;;10;2276;415513634.0;;;2.55;2.46;2.55;2.46;2.46;2.46;0.0;0.0
110868;618979;2019-08-01;FRC;N25;;;1;187;33842423.0;;;2.58;2.58;2.58;2.58;2.58;2.51;0.0;0.0
110869;618980;2019-08-01;FRC;F26;;;3;501;89958605.0;;;2.64;2.62;2.64;2.63;2.62;2.54;0.0;0.0
110870;618981;2019-08-01;FRC;N26;;;0;0;0.0;;;0.0;0.0;0.0;0.0;0.0;2.59;0.0;0.0
110871;618982;2019-08-01;FRC;F27;;;3;550;97296994.0;;;2.75;2.64;2.75;2.71;2.64;2.64;0.0;0.0
110872;618983;2019-08-01;FRC;F28;;;0;0;0.0;;;0.0;0.0;0.0;0.0;0.0;2.78;0.0;0.0
110873;618984;2019-08-01;FRC;F29;;;0;0;0.0;;;0.0;0.0;0.0;0.0;0.0;2.83;0.0;0.0
110874;618985;2019-08-01;FRC;F30;;;0;0;0.0;;;0.0;0.0;0.0;0.0;0.0;2.92;0.0;0.0
110875;618986;2019-08-01;FRC;F31;;;0;0;0.0;;;0.0;0.0;0.0;0.0;0.0;2.98;0.0;0.0
110876;619147;2019-08-02;FRC;V19;;;65;54659;10597603212.0;;;2.83;2.83;2.85;2.83;2.85;2.85;2.85;0.0
110877;619148;2019-08-02;FRC;X19;;;13;32925;6375820182.0;;;2.84;2.84;2.86;2.85;2.86;2.86;2.86;0.0
110878;619149;2019-08-02;FRC;Z19;;;8;26448;5116179129.0;;;2.75;2.75;2.75;2.75;2.75;2.75;2.75;0.0
110879;619150;2019-08-02;FRC;F20;;;12;24087;4654213857.0;;;2.72;2.72;2.73;2.72;2.73;2.73;0.0;0.0
110880;619151;2019-08-02;FRC;G20;;;9;5967;1151659308.0;;;2.71;2.7;2.71;2.7;2.7;2.7;2.69;0.0
110881;619152;2019-08-02;FRC;H20;;;10;5562;1072349709.0;;;2.71;2.71;2.71;2.71;2.71;2.71;0.0;0.0
110882;619153;2019-08-02;FRC;J20;;;28;39450;7599132767.0;;;2.66;2.63;2.66;2.64;2.65;2.65;2.65;0.0
110883;619154;2019-08-02;FRC;K20;;;13;6976;1342269597.0;;;2.62;2.6;2.62;2.61;2.62;2.62;2.62;0.0
110884;619155;2019-08-02;FRC;M20;;;2;1980;380654840.0;;;2.58;2.58;2.58;2.58;2.58;2.58;0.0;0.0
110885;619156;2019-08-02;FRC;N20;;;32;24639;4731977817.0;;;2.57;2.55;2.75;2.57;2.75;2.59;0.0;0.0
110886;619157;2019-08-02;FRC;Q20;;;0;0;0.0;;;0.0;0.0;0.0;0.0;0.0;2.57;0.0;0.0
110887;619158;2019-08-02;FRC;V20;;;14;4596;879837969.0;;;2.55;2.55;2.57;2.56;2.57;2.57;0.0;2.57
110888;619159;2019-08-02;FRC;F21;;;29;28072;5359393542.0;;;2.48;2.47;2.49;2.48;2.49;2.49;0.0;0.0
110889;619160;2019-08-02;FRC;J21;;;6;1764;335788048.0;;;2.48;2.48;2.48;2.48;2.48;2.48;0.0;0.0
110890;619161;2019-08-02;FRC;N21;;;4;2153;408731021.0;;;2.45;2.44;2.45;2.44;2.44;2.44;0.0;0.0
110891;619162;2019-08-02;FRC;V21;;;0;0;0.0;;;0.0;0.0;0.0;0.0;0.0;2.43;2.4;0.0
110892;619163;2019-08-02;FRC;F22;;;0;0;0.0;;;0.0;0.0;0.0;0.0;0.0;2.4;0.0;0.0
110893;619164;2019-08-02;FRC;J22;;;0;0;0.0;;;0.0;0.0;0.0;0.0;0.0;2.39;0.0;0.0
110894;619165;2019-08-02;FRC;N22;;;0;0;0.0;;;0.0;0.0;0.0;0.0;0.0;2.38;0.0;2.36
110895;619166;2019-08-02;FRC;V22;;;0;0;0.0;;;0.0;0.0;0.0;0.0;0.0;2.37;0.0;0.0
110896;619167;2019-08-02;FRC;F23;;;7;4624;863206613.0;;;2.37;2.37;2.37;2.37;2.37;2.37;2.35;2.37
110897;619168;2019-08-02;FRC;J23;;;0;0;0.0;;;0.0;0.0;0.0;0.0;0.0;2.38;0.0;0.0
110898;619169;2019-08-02;FRC;N23;;;4;768;142564528.0;;;2.37;2.37;2.37;2.37;2.37;2.37;0.0;0.0
110899;619170;2019-08-02;FRC;V23;;;0;0;0.0;;;0.0;0.0;0.0;0.0;0.0;2.39;0.0;0.0
110900;619171;2019-08-02;FRC;F24;;;11;6700;1235680595.0;;;2.4;2.39;2.4;2.39;2.39;2.39;0.0;0.0
110901;619172;2019-08-02;FRC;J24;;;0;0;0.0;;;0.0;0.0;0.0;0.0;0.0;2.41;0.0;0.0
110902;619173;2019-08-02;FRC;N24;;;0;0;0.0;;;0.0;0.0;0.0;0.0;0.0;2.42;0.0;0.0
110903;619174;2019-08-02;FRC;F25;;;6;2635;479899148.0;;;2.44;2.44;2.44;2.44;2.44;2.44;0.0;0.0
110904;619175;2019-08-02;FRC;N25;;;0;0;0.0;;;0.0;0.0;0.0;0.0;0.0;2.49;0.0;0.0
110905;619176;2019-08-02;FRC;F26;;;0;0;0.0;;;0.0;0.0;0.0;0.0;0.0;2.52;0.0;0.0
110906;619177;2019-08-02;FRC;N26;;;0;0;0.0;;;0.0;0.0;0.0;0.0;0.0;2.57;0.0;0.0
110907;619178;2019-08-02;FRC;F27;;;0;0;0.0;;;0.0;0.0;0.0;0.0;0.0;2.62;0.0;0.0
110908;619179;2019-08-02;FRC;F28;;;0;0;0.0;;;0.0;0.0;0.0;0.0;0.0;2.76;0.0;0.0
110909;619180;2019-08-02;FRC;F29;;;0;0;0.0;;;0.0;0.0;0.0;0.0;0.0;2.81;0.0;0.0
110910;619181;2019-08-02;FRC;F30;;;0;0;0.0;;;0.0;0.0;0.0;0.0;0.0;2.9;0.0;0.0
110911;619182;2019-08-02;FRC;F31;;;0;0;0.0;;;0.0;0.0;0.0;0.0;0.0;2.96;0.0;0.0
110912;619342;2019-08-05;FRC;V19;;;10;24055;4682206137.0;;;2.87;2.85;2.92;2.91;2.92;2.92;2.92;2.95
110913;619343;2019-08-05;FRC;X19;;;24;22751;4423153275.0;;;2.87;2.86;2.87;2.86;2.86;2.86;2.86;0.0
110914;619344;2019-08-05;FRC;Z19;;;12;44987;8737491358.0;;;2.75;2.7;2.75;2.71;2.7;2.7;2.72;0.0
110915;619345;2019-08-05;FRC;F20;;;32;137851;26743987990.0;;;2.73;2.67;2.73;2.69;2.7;2.7;2.68;2.7
110916;619346;2019-08-05;FRC;G20;;;8;4078;790286486.0;;;2.7;2.65;2.7;2.66;2.65;2.65;2.63;0.0
110917;619347;2019-08-05;FRC;H20;;;5;5980;1157703236.0;;;2.71;2.63;2.71;2.65;2.63;2.64;2.6;2.64
110918;619348;2019-08-05;FRC;J20;;;9;3635;703077529.0;;;2.65;2.56;2.65;2.6;2.56;2.56;2.53;2.56
110919;619349;2019-08-05;FRC;K20;;;7;2657;513369323.0;;;2.62;2.54;2.62;2.56;2.55;2.55;0.0;0.0
110920;619350;2019-08-05;FRC;M20;;;19;8141;1571900419.0;;;2.51;2.49;2.51;2.49;2.49;2.49;0.0;0.0
110921;619351;2019-08-05;FRC;N20;;;13;11541;2225996752.0;;;2.59;2.48;2.59;2.5;2.48;2.48;0.0;0.0
110922;619352;2019-08-05;FRC;Q20;;;2;2967;362140872.0;;;2.46;2.46;2.46;2.46;2.46;2.45;0.0;0.0
110923;619353;2019-08-05;FRC;V20;;;20;5426;1043592899.0;;;2.57;2.42;2.57;2.44;2.42;2.42;0.0;2.42
110924;619354;2019-08-05;FRC;F21;;;43;32287;6192379485.0;;;2.49;2.36;2.5;2.39;2.36;2.36;2.34;2.36
110925;619355;2019-08-05;FRC;J21;;;2;1002;191700807.0;;;2.48;2.35;2.48;2.35;2.35;2.35;0.0;0.0
110926;619356;2019-08-05;FRC;N21;;;19;6350;1211938962.0;;;2.3;2.3;2.3;2.3;2.3;2.3;0.0;0.0
110927;619357;2019-08-05;FRC;V21;;;0;0;0.0;;;0.0;0.0;0.0;0.0;0.0;2.28;0.0;0.0
110928;619358;2019-08-05;FRC;F22;;;13;3900;740652543.0;;;2.23;2.23;2.23;2.23;2.23;2.23;0.0;0.0
110929;619359;2019-08-05;FRC;J22;;;0;0;0.0;;;0.0;0.0;0.0;0.0;0.0;2.22;0.0;0.0
110930;619360;2019-08-05;FRC;N22;;;2;388;73320199.0;;;2.2;2.2;2.2;2.2;2.2;2.21;0.0;0.0
110931;619361;2019-08-05;FRC;V22;;;0;0;0.0;;;0.0;0.0;0.0;0.0;0.0;2.19;0.0;0.0
110932;619362;2019-08-05;FRC;F23;;;20;11972;2250435317.0;;;2.19;2.19;2.19;2.19;2.19;2.19;0.0;0.0
110933;619363;2019-08-05;FRC;J23;;;0;0;0.0;;;0.0;0.0;0.0;0.0;0.0;2.2;0.0;0.0
110934;619364;2019-08-05;FRC;N23;;;0;0;0.0;;;0.0;0.0;0.0;0.0;0.0;2.2;0.0;0.0
110935;619365;2019-08-05;FRC;V23;;;0;0;0.0;;;0.0;0.0;0.0;0.0;0.0;2.22;0.0;0.0
110936;619366;2019-08-05;FRC;F24;;;9;5532;1026196657.0;;;2.35;2.23;2.35;2.31;2.23;2.23;0.0;0.0
110937;619367;2019-08-05;FRC;J24;;;0;0;0.0;;;0.0;0.0;0.0;0.0;0.0;2.25;0.0;0.0
110938;619368;2019-08-05;FRC;N24;;;0;0;0.0;;;0.0;0.0;0.0;0.0;0.0;2.26;0.0;0.0
110939;619369;2019-08-05;FRC;F25;;;7;1796;329748057.0;;;2.28;2.28;2.29;2.28;2.28;2.28;0.0;0.0
110940;619370;2019-08-05;FRC;N25;;;0;0;0.0;;;0.0;0.0;0.0;0.0;0.0;2.33;0.0;0.0
110941;619371;2019-08-05;FRC;F26;;;1;75;13548834.0;;;2.48;2.48;2.48;2.48;2.48;2.36;0.0;0.0
110942;619372;2019-08-05;FRC;N26;;;0;0;0.0;;;0.0;0.0;0.0;0.0;0.0;2.41;0.0;0.0
110943;619373;2019-08-05;FRC;F27;;;0;0;0.0;;;0.0;0.0;0.0;0.0;0.0;2.46;0.0;0.0
110944;619374;2019-08-05;FRC;F28;;;0;0;0.0;;;0.0;0.0;0.0;0.0;0.0;2.6;0.0;0.0
110945;619375;2019-08-05;FRC;F29;;;0;0;0.0;;;0.0;0.0;0.0;0.0;0.0;2.65;0.0;0.0
110946;619376;2019-08-05;FRC;F30;;;0;0;0.0;;;0.0;0.0;0.0;0.0;0.0;2.74;0.0;0.0
110947;619377;2019-08-05;FRC;F31;;;0;0;0.0;;;0.0;0.0;0.0;0.0;0.0;2.8;0.0;0.0
110948;619537;2019-08-06;FRC;V19;;;22;99544;19218705238.0;;;2.92;2.92;2.98;2.95;2.98;2.98;0.0;0.0
110949;619538;2019-08-06;FRC;X19;;;22;110911;21386622454.0;;;2.87;2.86;2.98;2.94;2.98;2.98;0.0;0.0
110950;619539;2019-08-06;FRC;Z19;;;10;47657;9181378449.0;;;2.71;2.71;2.76;2.71;2.76;2.76;0.0;0.0
110951;619540;2019-08-06;FRC;F20;;;32;28880;5556936449.0;;;2.7;2.7;2.76;2.75;2.76;2.76;2.76;0.0
110952;619541;2019-08-06;FRC;G20;;;26;38083;7319350209.0;;;2.65;2.65;2.73;2.72;2.73;2.73;2.7;0.0
110953;619542;2019-08-06;FRC;H20;;;5;3379;648880541.0;;;2.65;2.65;2.68;2.65;2.68;2.68;2.65;0.0
110954;619543;2019-08-06;FRC;J20;;;21;24272;4656802550.0;;;2.59;2.58;2.61;2.59;2.6;2.61;0.0;0.0
110955;619544;2019-08-06;FRC;K20;;;1;99;18971158.0;;;2.6;2.6;2.6;2.6;2.6;2.59;0.0;0.0
110956;619545;2019-08-06;FRC;M20;;;6;1940;371495496.0;;;2.53;2.53;2.53;2.53;2.53;2.53;0.0;0.0
110957;619546;2019-08-06;FRC;N20;;;20;31334;5994762999.0;;;2.51;2.48;2.65;2.5;2.51;2.51;2.49;2.51
110958;619547;2019-08-06;FRC;Q20;;;2;396;47742184.0;;;2.49;2.49;2.49;2.49;2.49;2.49;0.0;0.0
110959;619548;2019-08-06;FRC;V20;;;9;12199;2327504078.0;;;2.44;2.42;2.45;2.43;2.45;2.45;0.0;0.0
110960;619549;2019-08-06;FRC;F21;;;43;28470;5416821181.0;;;2.39;2.37;2.39;2.37;2.38;2.38;0.0;0.0
110961;619550;2019-08-06;FRC;J21;;;2;59;11196075.0;;;2.36;2.36;2.36;2.36;2.36;2.37;0.0;0.0
110962;619551;2019-08-06;FRC;N21;;;5;2038;385775896.0;;;2.31;2.31;2.32;2.31;2.32;2.32;0.0;0.0
110963;619552;2019-08-06;FRC;V21;;;1;59;11140502.0;;;2.29;2.29;2.29;2.29;2.29;2.29;2.29;0.0
110964;619553;2019-08-06;FRC;F22;;;18;9515;1792383750.0;;;2.24;2.22;2.25;2.23;2.23;2.23;2.23;0.0
110965;619554;2019-08-06;FRC;J22;;;0;0;0.0;;;0.0;0.0;0.0;0.0;0.0;2.22;0.0;0.0
110966;619555;2019-08-06;FRC;N22;;;0;0;0.0;;;0.0;0.0;0.0;0.0;0.0;2.21;0.0;0.0
110967;619556;2019-08-06;FRC;V22;;;0;0;0.0;;;0.0;0.0;0.0;0.0;0.0;2.2;0.0;0.0
110968;619557;2019-08-06;FRC;F23;;;19;20018;3731414418.0;;;2.21;2.2;2.21;2.2;2.2;2.2;0.0;0.0
110969;619558;2019-08-06;FRC;J23;;;0;0;0.0;;;0.0;0.0;0.0;0.0;0.0;2.21;0.0;0.0
110970;619559;2019-08-06;FRC;N23;;;0;0;0.0;;;0.0;0.0;0.0;0.0;0.0;2.21;0.0;0.0
110971;619560;2019-08-06;FRC;V23;;;2;325;60051882.0;;;2.24;2.24;2.24;2.24;2.24;2.24;0.0;0.0
110972;619561;2019-08-06;FRC;F24;;;12;8767;1615306655.0;;;2.25;2.25;2.25;2.25;2.25;2.25;0.0;0.0
110973;619562;2019-08-06;FRC;J24;;;0;0;0.0;;;0.0;0.0;0.0;0.0;0.0;2.27;0.0;0.0
110974;619563;2019-08-06;FRC;N24;;;0;0;0.0;;;0.0;0.0;0.0;0.0;0.0;2.28;0.0;0.0
110975;619564;2019-08-06;FRC;F25;;;7;4535;825597761.0;;;2.29;2.29;2.31;2.29;2.3;2.3;0.0;0.0
110976;619565;2019-08-06;FRC;N25;;;0;0;0.0;;;0.0;0.0;0.0;0.0;0.0;2.34;0.0;0.0
110977;619566;2019-08-06;FRC;F26;;;2;374;67224033.0;;;2.36;2.36;2.36;2.36;2.36;2.36;0.0;0.0
110978;619567;2019-08-06;FRC;N26;;;0;0;0.0;;;0.0;0.0;0.0;0.0;0.0;2.41;0.0;0.0
110979;619568;2019-08-06;FRC;F27;;;4;740;131153424.0;;;2.45;2.45;2.45;2.45;2.45;2.45;0.0;0.0
110980;619569;2019-08-06;FRC;F28;;;3;801;139590520.0;;;2.59;2.59;2.59;2.59;2.59;2.59;0.0;0.0
110981;619570;2019-08-06;FRC;F29;;;0;0;0.0;;;0.0;0.0;0.0;0.0;0.0;2.64;0.0;0.0
110982;619571;2019-08-06;FRC;F30;;;0;0;0.0;;;0.0;0.0;0.0;0.0;0.0;2.73;0.0;0.0
110983;619572;2019-08-06;FRC;F31;;;0;0;0.0;;;0.0;0.0;0.0;0.0;0.0;2.79;0.0;0.0
110984;619732;2019-08-07;FRC;V19;;;79;427914;82545736601.0;;;2.98;2.97;3.04;3.02;3.03;3.03;0.0;0.0
110985;619733;2019-08-07;FRC;X19;;;67;279098;53769698061.0;;;3.02;2.97;3.04;3.01;2.97;2.97;0.0;3.03
110986;619734;2019-08-07;FRC;Z19;;;29;209408;40306873068.0;;;2.79;2.75;2.8;2.77;2.76;2.75;2.75;2.78
110987;619735;2019-08-07;FRC;F20;;;19;34122;6560736919.0;;;2.74;2.72;2.75;2.72;2.72;2.72;0.0;0.0
110988;619736;2019-08-07;FRC;G20;;;8;16922;3250015027.0;;;2.7;2.67;2.7;2.68;2.67;2.67;0.0;0.0
110989;619737;2019-08-07;FRC;H20;;;1;993;190542513.0;;;2.64;2.64;2.64;2.64;2.64;2.62;0.0;0.0
110990;619738;2019-08-07;FRC;J20;;;19;14515;2783111196.0;;;2.54;2.54;2.56;2.54;2.54;2.54;0.0;0.0
110991;619739;2019-08-07;FRC;K20;;;7;1466;280780211.0;;;2.53;2.52;2.56;2.52;2.52;2.52;0.0;0.0
110992;619740;2019-08-07;FRC;M20;;;1;4954;948169863.0;;;2.46;2.46;2.46;2.46;2.46;2.46;0.0;0.0
110993;619741;2019-08-07;FRC;N20;;;13;6930;1325137120.0;;;2.46;2.44;2.46;2.44;2.44;2.44;0.0;0.0
110994;619742;2019-08-07;FRC;Q20;;;2;1385;166703541.0;;;2.43;2.43;2.43;2.43;2.43;2.42;2.43;0.0
110995;619743;2019-08-07;FRC;V20;;;10;6535;1246169524.0;;;2.41;2.38;2.41;2.38;2.39;2.39;0.0;0.0
110996;619744;2019-08-07;FRC;F21;;;35;14460;2750230700.0;;;2.35;2.3;2.35;2.31;2.32;2.32;0.0;0.0
110997;619745;2019-08-07;FRC;J21;;;3;5894;1118090522.0;;;2.29;2.29;2.3;2.29;2.3;2.29;2.29;0.0
110998;619746;2019-08-07;FRC;N21;;;2;196;37092511.0;;;2.25;2.25;2.25;2.25;2.25;2.25;0.0;0.0
110999;619747;2019-08-07;FRC;V21;;;0;0;0.0;;;0.0;0.0;0.0;0.0;0.0;2.23;2.23;0.0
111000;619748;2019-08-07;FRC;F22;;;14;5344;1006468063.0;;;2.19;2.16;2.19;2.17;2.18;2.18;2.17;0.0
111001;619749;2019-08-07;FRC;J22;;;2;1226;230358783.0;;;2.16;2.16;2.16;2.16;2.16;2.17;0.0;0.0
111002;619750;2019-08-07;FRC;N22;;;1;194;36354434.0;;;2.16;2.16;2.16;2.16;2.16;2.16;0.0;0.0
111003;619751;2019-08-07;FRC;V22;;;0;0;0.0;;;0.0;0.0;0.0;0.0;0.0;2.16;0.0;0.0
111004;619752;2019-08-07;FRC;F23;;;10;4153;774109029.0;;;2.15;2.15;2.16;2.15;2.16;2.16;0.0;0.0
111005;619753;2019-08-07;FRC;J23;;;1;193;35882418.0;;;2.16;2.16;2.16;2.16;2.16;2.16;0.0;0.0
111006;619754;2019-08-07;FRC;N23;;;0;0;0.0;;;0.0;0.0;0.0;0.0;0.0;2.16;0.0;0.0
111007;619755;2019-08-07;FRC;V23;;;0;0;0.0;;;0.0;0.0;0.0;0.0;0.0;2.2;0.0;0.0
111008;619756;2019-08-07;FRC;F24;;;9;6882;1268424202.0;;;2.21;2.19;2.21;2.19;2.19;2.21;0.0;0.0
111009;619757;2019-08-07;FRC;J24;;;0;0;0.0;;;0.0;0.0;0.0;0.0;0.0;2.23;0.0;0.0
111010;619758;2019-08-07;FRC;N24;;;0;0;0.0;;;0.0;0.0;0.0;0.0;0.0;2.24;0.0;0.0
111011;619759;2019-08-07;FRC;F25;;;4;2458;447414853.0;;;2.28;2.25;2.28;2.27;2.27;2.27;0.0;0.0
111012;619760;2019-08-07;FRC;N25;;;0;0;0.0;;;0.0;0.0;0.0;0.0;0.0;2.31;0.0;0.0
111013;619761;2019-08-07;FRC;F26;;;3;561;100839156.0;;;2.33;2.33;2.33;2.33;2.33;2.33;0.0;0.0
111014;619762;2019-08-07;FRC;N26;;;0;0;0.0;;;0.0;0.0;0.0;0.0;0.0;2.38;0.0;0.0
111015;619763;2019-08-07;FRC;F27;;;0;0;0.0;;;0.0;0.0;0.0;0.0;0.0;2.42;0.0;0.0
111016;619764;2019-08-07;FRC;F28;;;0;0;0.0;;;0.0;0.0;0.0;0.0;0.0;2.56;0.0;0.0
111017;619765;2019-08-07;FRC;F29;;;0;0;0.0;;;0.0;0.0;0.0;0.0;0.0;2.61;0.0;0.0
111018;619766;2019-08-07;FRC;F30;;;0;0;0.0;;;0.0;0.0;0.0;0.0;0.0;2.7;0.0;0.0
111019;619767;2019-08-07;FRC;F31;;;0;0;0.0;;;0.0;0.0;0.0;0.0;0.0;2.76;0.0;0.0
111020;619927;2019-08-08;FRC;V19;;;10;11328;2165436055.0;;;2.98;2.98;3.0;2.99;3.0;3.0;0.0;3.05
111021;619928;2019-08-08;FRC;X19;;;8;3295;629081760.0;;;2.97;2.96;2.99;2.96;2.96;2.96;0.0;2.99
111022;619929;2019-08-08;FRC;Z19;;;17;14950;2851612006.0;;;2.76;2.75;2.78;2.75;2.75;2.75;2.72;0.0
111023;619930;2019-08-08;FRC;F20;;;31;45991;8762936245.0;;;2.72;2.68;2.72;2.7;2.71;2.71;0.0;0.0
111024;619931;2019-08-08;FRC;G20;;;8;4576;870993942.0;;;2.64;2.64;2.64;2.64;2.64;2.64;0.0;0.0
111025;619932;2019-08-08;FRC;H20;;;9;5208;990375213.0;;;2.61;2.6;2.61;2.6;2.61;2.61;0.0;0.0
111026;619933;2019-08-08;FRC;J20;;;12;3734;709507201.0;;;2.54;2.52;2.54;2.52;2.52;2.52;2.53;2.55
111027;619934;2019-08-08;FRC;K20;;;9;2757;523303943.0;;;2.52;2.5;2.52;2.5;2.5;2.5;0.0;0.0
111028;619935;2019-08-08;FRC;M20;;;6;1823;345760690.0;;;2.48;2.45;2.48;2.45;2.45;2.45;0.0;2.45
111029;619936;2019-08-08;FRC;N20;;;6;6752;1279458020.0;;;2.45;2.41;2.45;2.42;2.41;2.41;2.39;2.41
111030;619937;2019-08-08;FRC;Q20;;;0;0;0.0;;;0.0;0.0;0.0;0.0;0.0;2.38;0.0;0.0
111031;619938;2019-08-08;FRC;V20;;;13;37969;7174932524.0;;;2.4;2.34;2.4;2.37;2.34;2.34;0.0;0.0
111032;619939;2019-08-08;FRC;F21;;;31;32340;6094413823.0;;;2.32;2.29;2.34;2.33;2.29;2.29;2.27;2.31
111033;619940;2019-08-08;FRC;J21;;;2;806;151522066.0;;;2.29;2.29;2.29;2.29;2.29;2.26;0.0;0.0
111034;619941;2019-08-08;FRC;N21;;;8;19677;3690027491.0;;;2.25;2.22;2.25;2.24;2.22;2.22;0.0;0.0
111035;619942;2019-08-08;FRC;V21;;;3;607;113574018.0;;;2.2;2.2;2.2;2.2;2.2;2.21;0.0;0.0
111036;619943;2019-08-08;FRC;F22;;;7;13753;2566531546.0;;;2.18;2.16;2.19;2.18;2.16;2.16;0.0;0.0
111037;619944;2019-08-08;FRC;J22;;;1;19;3536328.0;;;2.15;2.15;2.15;2.15;2.15;2.15;0.0;0.0
111038;619945;2019-08-08;FRC;N22;;;1;39;7244956.0;;;2.14;2.14;2.14;2.14;2.14;2.14;0.0;0.0
111039;619946;2019-08-08;FRC;V22;;;1;39;7224860.0;;;2.15;2.15;2.15;2.15;2.15;2.15;0.0;0.0
111040;619947;2019-08-08;FRC;F23;;;6;4964;917009118.0;;;2.15;2.15;2.16;2.15;2.15;2.15;0.0;0.0
111041;619948;2019-08-08;FRC;J23;;;0;0;0.0;;;0.0;0.0;0.0;0.0;0.0;2.15;0.0;0.0
111042;619949;2019-08-08;FRC;N23;;;1;19;3490284.0;;;2.15;2.15;2.15;2.15;2.15;2.15;0.0;0.0
111043;619950;2019-08-08;FRC;V23;;;0;0;0.0;;;0.0;0.0;0.0;0.0;0.0;2.19;0.0;0.0
111044;619951;2019-08-08;FRC;F24;;;10;6574;1200332588.0;;;2.21;2.2;2.21;2.2;2.2;2.2;0.0;0.0
111045;619952;2019-08-08;FRC;J24;;;0;0;0.0;;;0.0;0.0;0.0;0.0;0.0;2.22;0.0;0.0
111046;619953;2019-08-08;FRC;N24;;;0;0;0.0;;;0.0;0.0;0.0;0.0;0.0;2.23;0.0;0.0
111047;619954;2019-08-08;FRC;F25;;;8;1739;313738525.0;;;2.26;2.26;2.26;2.26;2.26;2.26;0.0;0.0
111048;619955;2019-08-08;FRC;N25;;;0;0;0.0;;;0.0;0.0;0.0;0.0;0.0;2.3;0.0;0.0
111049;619956;2019-08-08;FRC;F26;;;0;0;0.0;;;0.0;0.0;0.0;0.0;0.0;2.32;0.0;0.0
111050;619957;2019-08-08;FRC;N26;;;0;0;0.0;;;0.0;0.0;0.0;0.0;0.0;2.37;0.0;0.0
111051;619958;2019-08-08;FRC;F27;;;0;0;0.0;;;0.0;0.0;0.0;0.0;0.0;2.41;0.0;0.0
111052;619959;2019-08-08;FRC;F28;;;3;2371;410055154.0;;;2.53;2.53;2.53;2.53;2.53;2.55;0.0;0.0
111053;619960;2019-08-08;FRC;F29;;;0;0;0.0;;;0.0;0.0;0.0;0.0;0.0;2.6;0.0;0.0
111054;619961;2019-08-08;FRC;F30;;;0;0;0.0;;;0.0;0.0;0.0;0.0;0.0;2.69;0.0;0.0
111055;619962;2019-08-08;FRC;F31;;;0;0;0.0;;;0.0;0.0;0.0;0.0;0.0;2.75;0.0;0.0
111056;620122;2019-08-09;FRC;V19;;;29;108674;20937461248.0;;;2.98;2.98;3.02;3.0;3.02;3.02;0.0;0.0
111057;620123;2019-08-09;FRC;X19;;;32;84954;16346082633.0;;;2.96;2.96;3.03;3.02;3.03;3.01;0.0;0.0
111058;620124;2019-08-09;FRC;Z19;;;7;5062;973081570.0;;;2.75;2.75;2.79;2.78;2.79;2.79;0.0;0.0
111059;620125;2019-08-09;FRC;F20;;;31;33501;6433139856.0;;;2.71;2.71;2.73;2.72;2.73;2.73;0.0;0.0
111060;620126;2019-08-09;FRC;G20;;;8;2984;572415580.0;;;2.66;2.66;2.66;2.66;2.66;2.66;0.0;0.0
111061;620127;2019-08-09;FRC;H20;;;3;1391;266596909.0;;;2.61;2.61;2.61;2.61;2.61;2.61;0.0;0.0
111062;620128;2019-08-09;FRC;J20;;;16;15885;3042005851.0;;;2.53;2.53;2.53;2.53;2.53;2.53;0.0;0.0
111063;620129;2019-08-09;FRC;K20;;;5;1784;341282923.0;;;2.5;2.5;2.5;2.5;2.5;2.5;0.0;0.0
111064;620130;2019-08-09;FRC;M20;;;4;2378;454555121.0;;;2.46;2.46;2.46;2.46;2.46;2.46;0.0;0.0
111065;620131;2019-08-09;FRC;N20;;;26;14335;2738009383.0;;;2.39;2.39;2.41;2.4;2.4;2.41;0.0;0.0
111066;620132;2019-08-09;FRC;Q20;;;6;2177;261551981.0;;;2.37;2.37;2.37;2.37;2.37;2.37;0.0;0.0
111067;620133;2019-08-09;FRC;V20;;;4;986;187757541.0;;;2.34;2.34;2.5;2.4;2.5;2.34;0.0;0.0
111068;620134;2019-08-09;FRC;F21;;;21;23620;4487965504.0;;;2.28;2.26;2.45;2.27;2.27;2.27;0.0;0.0
111069;620135;2019-08-09;FRC;J21;;;11;11657;2209570569.0;;;2.25;2.23;2.25;2.23;2.23;2.24;0.0;0.0
111070;620136;2019-08-09;FRC;N21;;;8;5294;1001242036.0;;;2.18;2.18;2.18;2.18;2.18;2.18;0.0;0.0
111071;620137;2019-08-09;FRC;V21;;;5;3326;627464621.0;;;2.16;2.16;2.16;2.16;2.16;2.16;0.0;0.0
111072;620138;2019-08-09;FRC;F22;;;19;19910;3747729747.0;;;2.16;2.11;2.16;2.11;2.11;2.12;0.0;0.0
111073;620139;2019-08-09;FRC;J22;;;4;780;146451610.0;;;2.12;2.12;2.12;2.12;2.12;2.12;0.0;0.0
111074;620140;2019-08-09;FRC;N22;;;4;1184;221674111.0;;;2.13;2.13;2.14;2.13;2.14;2.14;0.0;0.0
111075;620141;2019-08-09;FRC;V22;;;2;388;72434353.0;;;2.15;2.15;2.15;2.15;2.15;2.15;0.0;0.0
111076;620142;2019-08-09;FRC;F23;;;4;909;169259202.0;;;2.14;2.14;2.15;2.14;2.15;2.15;0.0;2.15
111077;620143;2019-08-09;FRC;J23;;;2;386;71672127.0;;;2.16;2.16;2.16;2.16;2.16;2.16;0.0;0.0
111078;620144;2019-08-09;FRC;N23;;;3;576;106659318.0;;;2.16;2.16;2.16;2.16;2.16;2.16;0.0;0.0
111079;620145;2019-08-09;FRC;V23;;;0;0;0.0;;;0.0;0.0;0.0;0.0;0.0;2.2;0.0;0.0
111080;620146;2019-08-09;FRC;F24;;;8;2101;386528320.0;;;2.22;2.22;2.22;2.22;2.22;2.22;0.0;2.22
111081;620147;2019-08-09;FRC;J24;;;0;0;0.0;;;0.0;0.0;0.0;0.0;0.0;2.24;0.0;0.0
111082;620148;2019-08-09;FRC;N24;;;0;0;0.0;;;0.0;0.0;0.0;0.0;0.0;2.25;0.0;0.0
111083;620149;2019-08-09;FRC;F25;;;16;6577;1195058499.0;;;2.26;2.26;2.29;2.28;2.29;2.29;0.0;0.0
111084;620150;2019-08-09;FRC;N25;;;2;320;57819029.0;;;2.3;2.3;2.3;2.3;2.3;2.33;0.0;0.0
111085;620151;2019-08-09;FRC;F26;;;0;0;0.0;;;0.0;0.0;0.0;0.0;0.0;2.35;0.0;0.0
111086;620152;2019-08-09;FRC;N26;;;0;0;0.0;;;0.0;0.0;0.0;0.0;0.0;2.4;0.0;0.0
111087;620153;2019-08-09;FRC;F27;;;0;0;0.0;;;0.0;0.0;0.0;0.0;0.0;2.44;0.0;0.0
111088;620154;2019-08-09;FRC;F28;;;0;0;0.0;;;0.0;0.0;0.0;0.0;0.0;2.56;0.0;0.0
111089;620155;2019-08-09;FRC;F29;;;2;901;154846080.0;;;2.59;2.59;2.59;2.59;2.59;2.61;0.0;0.0
111090;620156;2019-08-09;FRC;F30;;;0;0;0.0;;;0.0;0.0;0.0;0.0;0.0;2.7;0.0;0.0
111091;620157;2019-08-09;FRC;F31;;;0;0;0.0;;;0.0;0.0;0.0;0.0;0.0;2.76;0.0;0.0
111100;620339;2019-08-12;FRC;V19;;;10;15583;3019191444.0;;;3.02;3.02;3.02;3.02;3.02;3.02;3.02;0.0
111101;620340;2019-08-12;FRC;X19;;;2;2394;463244579.0;;;3.0;3.0;3.0;3.0;3.0;3.0;3.01;0.0
111102;620341;2019-08-12;FRC;Z19;;;28;40652;7858220840.0;;;2.82;2.82;2.84;2.82;2.83;2.83;2.84;0.0
111103;620342;2019-08-12;FRC;F20;;;28;101183;19536888424.0;;;2.72;2.72;2.81;2.79;2.81;2.79;2.79;2.83
111104;620343;2019-08-12;FRC;G20;;;0;0;0.0;;;0.0;0.0;0.0;0.0;0.0;2.7;0.0;0.0
111105;620344;2019-08-12;FRC;H20;;;0;0;0.0;;;0.0;0.0;0.0;0.0;0.0;2.63;0.0;2.65
111106;620345;2019-08-12;FRC;J20;;;26;11101;2137822995.0;;;2.55;2.51;2.55;2.53;2.55;2.53;2.54;2.57
111107;620346;2019-08-12;FRC;K20;;;9;3786;728344758.0;;;2.49;2.49;2.5;2.49;2.5;2.5;0.0;0.0
111108;620347;2019-08-12;FRC;M20;;;0;0;0.0;;;0.0;0.0;0.0;0.0;0.0;2.47;0.0;0.0
111109;620348;2019-08-12;FRC;N20;;;19;7742;1486953375.0;;;2.4;2.4;2.43;2.42;2.41;2.43;2.42;2.44
111110;620349;2019-08-12;FRC;Q20;;;1;59;7123683.0;;;2.35;2.35;2.35;2.35;2.35;2.38;2.37;0.0
111111;620350;2019-08-12;FRC;V20;;;10;2966;568218377.0;;;2.38;2.33;2.38;2.33;2.33;2.33;0.0;0.0
111112;620351;2019-08-12;FRC;F21;;;16;11703;2236445710.0;;;2.26;2.24;2.27;2.25;2.25;2.25;2.25;2.28
111113;620352;2019-08-12;FRC;J21;;;5;5897;1124214459.0;;;2.22;2.22;2.22;2.22;2.22;2.22;0.0;0.0
111114;620353;2019-08-12;FRC;N21;;;5;2746;522357694.0;;;2.16;2.16;2.16;2.16;2.16;2.16;2.16;0.0
111115;620354;2019-08-12;FRC;V21;;;6;1958;371580201.0;;;2.13;2.13;2.13;2.13;2.13;2.13;0.0;0.0
111116;620355;2019-08-12;FRC;F22;;;26;23372;4425175440.0;;;2.12;2.09;2.12;2.09;2.11;2.11;0.0;2.11
111117;620356;2019-08-12;FRC;J22;;;0;0;0.0;;;0.0;0.0;0.0;0.0;0.0;2.1;0.0;0.0
111118;620357;2019-08-12;FRC;N22;;;0;0;0.0;;;0.0;0.0;0.0;0.0;0.0;2.11;0.0;0.0
111119;620358;2019-08-12;FRC;V22;;;0;0;0.0;;;0.0;0.0;0.0;0.0;0.0;2.1;0.0;0.0
111120;620359;2019-08-12;FRC;F23;;;14;6358;1191191785.0;;;2.13;2.09;2.14;2.1;2.09;2.09;2.08;0.0
111121;620360;2019-08-12;FRC;J23;;;0;0;0.0;;;0.0;0.0;0.0;0.0;0.0;2.1;0.0;2.12
111122;620361;2019-08-12;FRC;N23;;;0;0;0.0;;;0.0;0.0;0.0;0.0;0.0;2.1;0.0;0.0
111123;620362;2019-08-12;FRC;V23;;;0;0;0.0;;;0.0;0.0;0.0;0.0;0.0;2.14;0.0;0.0
111124;620363;2019-08-12;FRC;F24;;;3;382;70750265.0;;;2.17;2.16;2.17;2.16;2.16;2.16;0.0;0.0
111125;620364;2019-08-12;FRC;J24;;;0;0;0.0;;;0.0;0.0;0.0;0.0;0.0;2.18;0.0;0.0
111126;620365;2019-08-12;FRC;N24;;;0;0;0.0;;;0.0;0.0;0.0;0.0;0.0;2.19;0.0;0.0
111127;620366;2019-08-12;FRC;F25;;;7;4200;768569220.0;;;2.24;2.23;2.24;2.23;2.23;2.23;0.0;0.0
111128;620367;2019-08-12;FRC;N25;;;0;0;0.0;;;0.0;0.0;0.0;0.0;0.0;2.27;0.0;0.0
111129;620368;2019-08-12;FRC;F26;;;0;0;0.0;;;0.0;0.0;0.0;0.0;0.0;2.29;0.0;0.0
111130;620369;2019-08-12;FRC;N26;;;0;0;0.0;;;0.0;0.0;0.0;0.0;0.0;2.34;0.0;0.0
111131;620370;2019-08-12;FRC;F27;;;0;0;0.0;;;0.0;0.0;0.0;0.0;0.0;2.38;0.0;0.0
111132;620371;2019-08-12;FRC;F28;;;3;1278;224384283.0;;;2.48;2.48;2.5;2.48;2.5;2.5;0.0;0.0
111133;620372;2019-08-12;FRC;F29;;;0;0;0.0;;;0.0;0.0;0.0;0.0;0.0;2.55;0.0;0.0
111134;620373;2019-08-12;FRC;F30;;;0;0;0.0;;;0.0;0.0;0.0;0.0;0.0;2.64;0.0;0.0
111135;620374;2019-08-12;FRC;F31;;;0;0;0.0;;;0.0;0.0;0.0;0.0;0.0;2.7;0.0;0.0
111136;620545;2019-08-13;FRC;V19;;;71;242049;46414955718.0;;;3.03;3.01;3.2;3.17;3.2;3.2;3.2;3.25
111137;620546;2019-08-13;FRC;X19;;;15;31657;6062663281.0;;;3.05;3.05;3.14;3.11;3.14;3.14;3.14;0.0
111138;620547;2019-08-13;FRC;Z19;;;16;11560;2211393430.0;;;2.97;2.97;2.97;2.97;2.97;2.97;2.97;0.0
111139;620548;2019-08-13;FRC;F20;;;51;74532;14240625092.0;;;2.79;2.79;2.96;2.93;2.96;2.95;2.96;0.0
111140;620549;2019-08-13;FRC;G20;;;3;994;189713622.0;;;2.85;2.85;2.85;2.85;2.85;2.85;0.0;0.0
111141;620550;2019-08-13;FRC;H20;;;3;2185;416660989.0;;;2.77;2.77;2.77;2.77;2.77;2.77;0.0;0.0
111142;620551;2019-08-13;FRC;J20;;;17;12739;2427434574.0;;;2.57;2.57;2.67;2.64;2.67;2.67;2.67;0.0
111143;620552;2019-08-13;FRC;K20;;;12;9909;1886058657.0;;;2.62;2.62;2.62;2.62;2.62;2.62;0.0;0.0
111144;620553;2019-08-13;FRC;M20;;;6;2376;451805479.0;;;2.61;2.61;2.61;2.61;2.61;2.61;2.6;0.0
111145;620554;2019-08-13;FRC;N20;;;16;6354;1207227116.0;;;2.48;2.47;2.57;2.55;2.57;2.57;0.0;2.57
111146;620555;2019-08-13;FRC;Q20;;;3;8086;963311313.0;;;2.44;2.44;2.52;2.51;2.52;2.52;0.0;0.0
111147;620556;2019-08-13;FRC;V20;;;14;29010;5496714259.0;;;2.47;2.47;2.47;2.47;2.47;2.47;2.47;2.49
111148;620557;2019-08-13;FRC;F21;;;14;9454;1787417430.0;;;2.25;2.25;2.4;2.32;2.4;2.4;0.0;0.0
111149;620558;2019-08-13;FRC;J21;;;3;785;147960701.0;;;2.36;2.36;2.36;2.36;2.36;2.36;0.0;0.0
111150;620559;2019-08-13;FRC;N21;;;0;0;0.0;;;0.0;0.0;0.0;0.0;0.0;2.3;0.0;0.0
111151;620560;2019-08-13;FRC;V21;;;0;0;0.0;;;0.0;0.0;0.0;0.0;0.0;2.27;0.0;0.0
111152;620561;2019-08-13;FRC;F22;;;9;10559;1977998341.0;;;2.11;2.11;2.25;2.13;2.25;2.25;0.0;0.0
111153;620562;2019-08-13;FRC;J22;;;2;194;36261180.0;;;2.1;2.1;2.1;2.1;2.1;2.23;0.0;0.0
111154;620563;2019-08-13;FRC;N22;;;4;776;144568871.0;;;2.08;2.08;2.23;2.15;2.23;2.23;0.0;0.0
111155;620564;2019-08-13;FRC;V22;;;3;387;71896468.0;;;2.1;2.1;2.22;2.16;2.22;2.22;0.0;0.0
111156;620565;2019-08-13;FRC;F23;;;19;7536;1396691283.0;;;2.09;2.09;2.23;2.14;2.23;2.23;0.0;0.0
111157;620566;2019-08-13;FRC;J23;;;0;0;0.0;;;0.0;0.0;0.0;0.0;0.0;2.23;2.2;0.0
111158;620567;2019-08-13;FRC;N23;;;0;0;0.0;;;0.0;0.0;0.0;0.0;0.0;2.23;0.0;0.0
111159;620568;2019-08-13;FRC;V23;;;0;0;0.0;;;0.0;0.0;0.0;0.0;0.0;2.26;0.0;2.26
111160;620569;2019-08-13;FRC;F24;;;9;1394;255033578.0;;;2.16;2.16;2.27;2.26;2.27;2.27;2.25;0.0
111161;620570;2019-08-13;FRC;J24;;;1;190;34644804.0;;;2.29;2.29;2.29;2.29;2.29;2.29;0.0;0.0
111162;620571;2019-08-13;FRC;N24;;;0;0;0.0;;;0.0;0.0;0.0;0.0;0.0;2.3;0.0;0.0
111163;620572;2019-08-13;FRC;F25;;;3;265;47925672.0;;;2.23;2.23;2.32;2.29;2.32;2.34;0.0;0.0
111164;620573;2019-08-13;FRC;N25;;;0;0;0.0;;;0.0;0.0;0.0;0.0;0.0;2.38;0.0;0.0
111165;620574;2019-08-13;FRC;F26;;;0;0;0.0;;;0.0;0.0;0.0;0.0;0.0;2.4;0.0;0.0
111166;620575;2019-08-13;FRC;N26;;;0;0;0.0;;;0.0;0.0;0.0;0.0;0.0;2.45;0.0;0.0
111167;620576;2019-08-13;FRC;F27;;;0;0;0.0;;;0.0;0.0;0.0;0.0;0.0;2.49;0.0;0.0
111168;620577;2019-08-13;FRC;F28;;;0;0;0.0;;;0.0;0.0;0.0;0.0;0.0;2.57;2.55;0.0
111169;620578;2019-08-13;FRC;F29;;;0;0;0.0;;;0.0;0.0;0.0;0.0;0.0;2.62;0.0;0.0
111170;620579;2019-08-13;FRC;F30;;;0;0;0.0;;;0.0;0.0;0.0;0.0;0.0;2.71;0.0;0.0
111171;620580;2019-08-13;FRC;F31;;;0;0;0.0;;;0.0;0.0;0.0;0.0;0.0;2.77;0.0;0.0
111172;620740;2019-08-15;FRC;V19;;;106;150458;28939641504.0;;;2.91;2.91;3.05;2.98;3.04;3.04;0.0;3.09
111173;620741;2019-08-15;FRC;X19;;;10;24701;4745184400.0;;;2.92;2.92;3.0;2.94;3.0;3.0;0.0;3.0
111174;620742;2019-08-15;FRC;Z19;;;23;43192;8289212081.0;;;2.75;2.73;2.77;2.76;2.77;2.77;0.0;0.0
111175;620743;2019-08-15;FRC;F20;;;122;151596;29060457125.0;;;2.8;2.7;2.8;2.74;2.74;2.74;0.0;0.0
111176;620744;2019-08-15;FRC;G20;;;16;7099;1359444886.0;;;2.66;2.65;2.67;2.66;2.67;2.67;0.0;0.0
111177;620745;2019-08-15;FRC;H20;;;5;2583;494210570.0;;;2.58;2.58;2.61;2.6;2.61;2.61;0.0;0.0
111178;620746;2019-08-15;FRC;J20;;;30;24445;4673167942.0;;;2.56;2.5;2.56;2.53;2.54;2.54;0.0;0.0
111179;620747;2019-08-15;FRC;K20;;;6;5771;1101999179.0;;;2.48;2.48;2.53;2.52;2.53;2.53;0.0;0.0
111180;620748;2019-08-15;FRC;M20;;;10;4556;869247196.0;;;2.48;2.48;2.5;2.49;2.5;2.5;0.0;0.0
111181;620749;2019-08-15;FRC;N20;;;35;12633;2408484980.0;;;2.4;2.35;2.46;2.43;2.42;2.44;2.41;2.43
111182;620750;2019-08-15;FRC;Q20;;;1;40;4821479.0;;;2.4;2.4;2.4;2.4;2.4;2.39;0.0;0.0
111183;620751;2019-08-15;FRC;V20;;;4;1698;322887089.0;;;2.35;2.33;2.35;2.34;2.35;2.35;0.0;0.0
111184;620752;2019-08-15;FRC;F21;;;37;26877;5098491899.0;;;2.26;2.23;2.28;2.25;2.24;2.28;2.24;0.0
111185;620753;2019-08-15;FRC;J21;;;3;2949;558213010.0;;;2.2;2.19;2.2;2.19;2.19;2.24;0.0;0.0
111186;620754;2019-08-15;FRC;N21;;;6;2786;526115192.0;;;2.15;2.14;2.18;2.15;2.18;2.18;0.0;0.0
111187;620755;2019-08-15;FRC;V21;;;1;196;36909276.0;;;2.17;2.17;2.17;2.17;2.17;2.17;0.0;0.0
111188;620756;2019-08-15;FRC;F22;;;10;7589;1425197725.0;;;2.17;2.1;2.17;2.16;2.1;2.14;2.05;2.15
111189;620757;2019-08-15;FRC;J22;;;2;77;14429102.0;;;2.11;2.11;2.11;2.11;2.11;2.11;0.0;0.0
111190;620758;2019-08-15;FRC;N22;;;3;777;145289032.0;;;2.1;2.1;2.1;2.1;2.1;2.1;0.0;0.0
111191;620759;2019-08-15;FRC;V22;;;0;0;0.0;;;0.0;0.0;0.0;0.0;0.0;2.09;0.0;0.0
111192;620760;2019-08-15;FRC;F23;;;15;13356;2483771221.0;;;2.16;2.07;2.16;2.11;2.1;2.1;0.0;0.0
111193;620761;2019-08-15;FRC;J23;;;1;96;17811923.0;;;2.09;2.09;2.09;2.09;2.09;2.09;0.0;0.0
111194;620762;2019-08-15;FRC;N23;;;1;96;17768141.0;;;2.09;2.09;2.09;2.09;2.09;2.09;0.0;0.0
111195;620763;2019-08-15;FRC;V23;;;3;153;28225182.0;;;2.15;2.11;2.15;2.12;2.11;2.11;0.0;0.0
111196;620764;2019-08-15;FRC;F24;;;8;1112;204675755.0;;;2.15;2.11;2.15;2.11;2.11;2.11;0.0;0.0
111197;620765;2019-08-15;FRC;J24;;;1;95;17432070.0;;;2.13;2.13;2.13;2.13;2.13;2.13;0.0;0.0
111198;620766;2019-08-15;FRC;N24;;;1;95;17389297.0;;;2.13;2.13;2.13;2.13;2.13;2.12;0.0;0.0
111199;620767;2019-08-15;FRC;F25;;;10;1615;294076767.0;;;2.15;2.14;2.15;2.14;2.14;2.14;0.0;0.0
111200;620768;2019-08-15;FRC;N25;;;0;0;0.0;;;0.0;0.0;0.0;0.0;0.0;2.18;0.0;0.0
111201;620769;2019-08-15;FRC;F26;;;1;113;20328864.0;;;2.21;2.21;2.21;2.21;2.21;2.19;0.0;0.0
111202;620770;2019-08-15;FRC;N26;;;5;2047;364908047.0;;;2.33;2.32;2.33;2.32;2.32;2.24;0.0;0.0
111203;620771;2019-08-15;FRC;F27;;;2;278;49324065.0;;;2.3;2.3;2.3;2.3;2.3;2.28;0.0;0.0
111204;620772;2019-08-15;FRC;F28;;;7;459;80389448.0;;;2.38;2.34;2.38;2.36;2.34;2.36;0.0;0.0
111205;620773;2019-08-15;FRC;F29;;;2;272;46987260.0;;;2.43;2.43;2.43;2.43;2.43;2.41;0.0;0.0
111206;620774;2019-08-15;FRC;F30;;;1;90;15322751.0;;;2.52;2.52;2.52;2.52;2.52;2.5;0.0;0.0
111207;620775;2019-08-15;FRC;F31;;;0;0;0.0;;;0.0;0.0;0.0;0.0;0.0;2.56;0.0;0.0
111208;620931;2019-08-16;FRC;V19;;;28;60870;11701767904.0;;;3.06;3.0;3.06;3.04;3.04;3.04;3.03;3.05
111209;620932;2019-08-16;FRC;X19;;;3;4270;819855575.0;;;3.0;2.98;3.0;2.98;2.98;2.98;0.0;0.0
111210;620933;2019-08-16;FRC;Z19;;;5;5383;1032591395.0;;;2.75;2.75;2.75;2.75;2.75;2.75;0.0;0.0
111211;620934;2019-08-16;FRC;F20;;;17;17279;3310913905.0;;;2.74;2.6;2.74;2.7;2.71;2.71;0.0;0.0
111212;620935;2019-08-16;FRC;G20;;;6;3581;685359615.0;;;2.65;2.65;2.84;2.7;2.65;2.65;0.0;0.0
111213;620936;2019-08-16;FRC;H20;;;4;2245;429274233.0;;;2.57;2.57;2.76;2.65;2.57;2.57;0.0;0.0
111214;620937;2019-08-16;FRC;J20;;;29;19362;3699838277.0;;;2.51;2.4;2.54;2.51;2.4;2.52;2.52;0.0
111215;620938;2019-08-16;FRC;K20;;;10;8129;1551546573.0;;;2.53;2.51;2.53;2.52;2.53;2.51;0.0;0.0
111216;620939;2019-08-16;FRC;M20;;;8;4893;933082519.0;;;2.5;2.48;2.65;2.49;2.65;2.48;0.0;0.0
111217;620940;2019-08-16;FRC;N20;;;26;23621;4501211944.0;;;2.44;2.25;2.47;2.42;2.25;2.42;0.0;0.0
111218;620941;2019-08-16;FRC;Q20;;;2;2216;265172946.0;;;2.39;2.39;2.39;2.39;2.39;2.36;0.0;0.0
111219;620942;2019-08-16;FRC;V20;;;13;3756;714035470.0;;;2.31;2.31;2.31;2.31;2.31;2.31;0.0;0.0
111220;620943;2019-08-16;FRC;F21;;;14;13001;2464810487.0;;;2.29;2.24;2.4;2.26;2.4;2.24;0.0;0.0
111221;620944;2019-08-16;FRC;J21;;;0;0;0.0;;;0.0;0.0;0.0;0.0;0.0;2.2;0.0;0.0
111222;620945;2019-08-16;FRC;N21;;;2;11767;2220474933.0;;;2.18;2.18;2.18;2.18;2.18;2.15;0.0;0.0
111223;620946;2019-08-16;FRC;V21;;;0;0;0.0;;;0.0;0.0;0.0;0.0;0.0;2.14;0.0;0.0
111224;620947;2019-08-16;FRC;F22;;;8;7221;1355851458.0;;;2.14;2.12;2.14;2.13;2.12;2.12;0.0;0.0
111225;620948;2019-08-16;FRC;J22;;;0;0;0.0;;;0.0;0.0;0.0;0.0;0.0;2.09;0.0;0.0
111226;620949;2019-08-16;FRC;N22;;;0;0;0.0;;;0.0;0.0;0.0;0.0;0.0;2.08;0.0;0.0
111227;620950;2019-08-16;FRC;V22;;;2;2811;524047587.0;;;2.09;2.09;2.09;2.09;2.09;2.07;0.0;0.0
111228;620951;2019-08-16;FRC;F23;;;5;5626;1046088893.0;;;2.1;2.08;2.1;2.09;2.08;2.08;0.0;0.0
111229;620952;2019-08-16;FRC;J23;;;2;2450;454422441.0;;;2.09;2.09;2.09;2.09;2.09;2.07;0.0;0.0
111230;620953;2019-08-16;FRC;N23;;;0;0;0.0;;;0.0;0.0;0.0;0.0;0.0;2.07;0.0;0.0
111231;620954;2019-08-16;FRC;V23;;;0;0;0.0;;;0.0;0.0;0.0;0.0;0.0;2.1;0.0;0.0
111232;620955;2019-08-16;FRC;F24;;;1;192;35337598.0;;;2.1;2.1;2.1;2.1;2.1;2.1;0.0;0.0
111233;620956;2019-08-16;FRC;J24;;;0;0;0.0;;;0.0;0.0;0.0;0.0;0.0;2.12;0.0;0.0
111234;620957;2019-08-16;FRC;N24;;;0;0;0.0;;;0.0;0.0;0.0;0.0;0.0;2.1;0.0;0.0
111235;620958;2019-08-16;FRC;F25;;;3;570;103819790.0;;;2.11;2.11;2.11;2.11;2.11;2.11;0.0;0.0
111236;620959;2019-08-16;FRC;N25;;;0;0;0.0;;;0.0;0.0;0.0;0.0;0.0;2.15;0.0;0.0
111237;620960;2019-08-16;FRC;F26;;;0;0;0.0;;;0.0;0.0;0.0;0.0;0.0;2.16;0.0;0.0
111238;620961;2019-08-16;FRC;N26;;;0;0;0.0;;;0.0;0.0;0.0;0.0;0.0;2.2;0.0;0.0
111239;620962;2019-08-16;FRC;F27;;;2;372;66115079.0;;;2.24;2.24;2.24;2.24;2.24;2.24;0.0;0.0
111240;620963;2019-08-16;FRC;F28;;;0;0;0.0;;;0.0;0.0;0.0;0.0;0.0;2.31;0.0;0.0
111241;620964;2019-08-16;FRC;F29;;;0;0;0.0;;;0.0;0.0;0.0;0.0;0.0;2.36;0.0;0.0
111242;620965;2019-08-16;FRC;F30;;;0;0;0.0;;;0.0;0.0;0.0;0.0;0.0;2.45;0.0;0.0
111243;620966;2019-08-16;FRC;F31;;;0;0;0.0;;;0.0;0.0;0.0;0.0;0.0;2.51;0.0;0.0
111244;621124;2019-08-19;FRC;V19;;;60;96890;18844394431.0;;;3.04;3.04;3.05;3.04;3.05;3.05;0.0;0.0
111245;621125;2019-08-19;FRC;X19;;;5;7980;1550098018.0;;;3.0;3.0;3.0;3.0;3.0;3.0;0.0;0.0
111246;621126;2019-08-19;FRC;Z19;;;3;3987;773742065.0;;;2.76;2.76;2.76;2.76;2.76;2.76;0.0;0.0
111247;621127;2019-08-19;FRC;F20;;;19;29980;5811653879.0;;;2.72;2.7;2.72;2.71;2.72;2.72;2.72;0.0
111248;621128;2019-08-19;FRC;G20;;;15;6665;1290711123.0;;;2.64;2.64;2.64;2.64;2.64;2.64;0.0;0.0
111249;621129;2019-08-19;FRC;H20;;;7;2384;461286242.0;;;2.57;2.57;2.57;2.57;2.57;2.57;0.0;0.0
111250;621130;2019-08-19;FRC;J20;;;10;4092;791039409.0;;;2.53;2.53;2.53;2.53;2.53;2.53;2.53;0.0
111251;621131;2019-08-19;FRC;K20;;;5;1388;268017612.0;;;2.52;2.52;2.52;2.52;2.52;2.52;0.0;0.0
111252;621132;2019-08-19;FRC;M20;;;5;1782;343828842.0;;;2.49;2.3;2.49;2.46;2.3;2.49;0.0;0.0
111253;621133;2019-08-19;FRC;N20;;;23;9583;1847366737.0;;;2.42;2.42;2.48;2.44;2.44;2.44;0.0;0.0
111254;621134;2019-08-19;FRC;Q20;;;8;7815;952438119.0;;;2.37;2.37;2.4;2.37;2.4;2.4;2.39;0.0
111255;621135;2019-08-19;FRC;V20;;;4;1578;303427504.0;;;2.34;2.34;2.34;2.34;2.34;2.34;0.0;0.0
111256;621136;2019-08-19;FRC;F21;;;3;1615;309748160.0;;;2.27;2.27;2.3;2.27;2.28;2.28;0.0;0.0
111257;621137;2019-08-19;FRC;J21;;;2;394;75388735.0;;;2.24;2.24;2.24;2.24;2.24;2.24;0.0;0.0
111258;621138;2019-08-19;FRC;N21;;;3;588;112240559.0;;;2.19;2.19;2.19;2.19;2.19;2.19;0.0;0.0
111259;621139;2019-08-19;FRC;V21;;;0;0;0.0;;;0.0;0.0;0.0;0.0;0.0;2.18;0.0;0.0
111260;621140;2019-08-19;FRC;F22;;;8;2145;407320407.0;;;2.17;2.16;2.17;2.16;2.16;2.16;0.0;0.0
111261;621141;2019-08-19;FRC;J22;;;0;0;0.0;;;0.0;0.0;0.0;0.0;0.0;2.13;0.0;0.0
111262;621142;2019-08-19;FRC;N22;;;3;583;110200890.0;;;2.12;2.12;2.12;2.12;2.12;2.12;0.0;0.0
111263;621143;2019-08-19;FRC;V22;;;0;0;0.0;;;0.0;0.0;0.0;0.0;0.0;2.12;0.0;0.0
111264;621144;2019-08-19;FRC;F23;;;11;6030;1133607857.0;;;2.13;2.13;2.23;2.13;2.13;2.13;0.0;0.0
111265;621145;2019-08-19;FRC;J23;;;3;579;108573400.0;;;2.13;2.13;2.13;2.13;2.13;2.13;0.0;0.0
111266;621146;2019-08-19;FRC;N23;;;0;0;0.0;;;0.0;0.0;0.0;0.0;0.0;2.12;0.0;0.0
111267;621147;2019-08-19;FRC;V23;;;0;0;0.0;;;0.0;0.0;0.0;0.0;0.0;2.15;0.0;0.0
111268;621148;2019-08-19;FRC;F24;;;6;1146;213153661.0;;;2.14;2.14;2.14;2.14;2.14;2.14;0.0;0.0
111269;621149;2019-08-19;FRC;J24;;;0;0;0.0;;;0.0;0.0;0.0;0.0;0.0;2.16;0.0;0.0
111270;621150;2019-08-19;FRC;N24;;;2;1333;246636756.0;;;2.15;2.15;2.15;2.15;2.15;2.15;0.0;0.0
111271;621151;2019-08-19;FRC;F25;;;5;5114;940776929.0;;;2.17;2.17;2.17;2.17;2.17;2.17;0.0;0.0
111272;621152;2019-08-19;FRC;N25;;;0;0;0.0;;;0.0;0.0;0.0;0.0;0.0;2.21;0.0;0.0
111273;621153;2019-08-19;FRC;F26;;;0;0;0.0;;;0.0;0.0;0.0;0.0;0.0;2.23;0.0;0.0
111274;621154;2019-08-19;FRC;N26;;;0;0;0.0;;;0.0;0.0;0.0;0.0;0.0;2.27;0.0;0.0
111275;621155;2019-08-19;FRC;F27;;;6;1112;199422547.0;;;2.27;2.27;2.32;2.31;2.32;2.32;0.0;0.0
111276;621156;2019-08-19;FRC;F28;;;2;3299;584006214.0;;;2.37;2.37;2.37;2.37;2.37;2.37;0.0;0.0
111277;621157;2019-08-19;FRC;F29;;;0;0;0.0;;;0.0;0.0;0.0;0.0;0.0;2.42;0.0;0.0
111278;621158;2019-08-19;FRC;F30;;;0;0;0.0;;;0.0;0.0;0.0;0.0;0.0;2.51;0.0;0.0
111279;621159;2019-08-19;FRC;F31;;;0;0;0.0;;;0.0;0.0;0.0;0.0;0.0;2.57;0.0;0.0
111280;621317;2019-08-20;FRC;V19;;;45;113031;21824747693.0;;;3.05;3.03;3.06;3.05;3.05;3.05;0.0;0.0
111281;621318;2019-08-20;FRC;X19;;;23;51434;9918712000.0;;;3.0;2.99;3.0;2.99;3.0;3.0;0.0;0.0
111282;621319;2019-08-20;FRC;Z19;;;6;2294;441969338.0;;;2.75;2.75;2.76;2.75;2.76;2.76;0.0;0.0
111283;621320;2019-08-20;FRC;F20;;;40;51819;9972576048.0;;;2.71;2.7;2.72;2.71;2.72;2.72;0.0;0.0
111284;621321;2019-08-20;FRC;G20;;;16;15116;2905928757.0;;;2.67;2.66;2.67;2.66;2.66;2.67;0.0;0.0
111285;621322;2019-08-20;FRC;H20;;;15;12817;2461983707.0;;;2.56;2.56;2.59;2.58;2.59;2.59;0.0;0.0
111286;621323;2019-08-20;FRC;J20;;;18;78423;15050458518.0;;;2.53;2.52;2.53;2.52;2.53;2.52;0.0;0.0
111287;621324;2019-08-20;FRC;K20;;;17;62272;11937926882.0;;;2.51;2.51;2.51;2.51;2.51;2.51;0.0;0.0
111288;621325;2019-08-20;FRC;M20;;;7;7727;1479954761.0;;;2.5;2.49;2.5;2.49;2.49;2.5;0.0;0.0
111289;621326;2019-08-20;FRC;N20;;;13;6989;1337583016.0;;;2.45;2.43;2.45;2.43;2.43;2.43;0.0;0.0
111290;621327;2019-08-20;FRC;Q20;;;4;1603;193142895.0;;;2.4;2.4;2.4;2.4;2.4;2.4;0.0;0.0
111291;621328;2019-08-20;FRC;V20;;;2;78;14884081.0;;;2.38;2.38;2.38;2.38;2.38;2.36;0.0;0.0
111292;621329;2019-08-20;FRC;F21;;;2;394;75016929.0;;;2.28;2.28;2.28;2.28;2.28;2.28;0.0;0.0
111293;621330;2019-08-20;FRC;J21;;;1;197;37423734.0;;;2.23;2.23;2.23;2.23;2.23;2.23;0.0;0.0
111294;621331;2019-08-20;FRC;N21;;;1;98;18569683.0;;;2.2;2.2;2.2;2.2;2.2;2.18;0.0;0.0
111295;621332;2019-08-20;FRC;V21;;;5;980;185255702.0;;;2.17;2.17;2.17;2.17;2.17;2.17;0.0;0.0
111296;621333;2019-08-20;FRC;F22;;;4;1365;257344428.0;;;2.16;2.15;2.16;2.15;2.15;2.16;0.0;0.0
111297;621334;2019-08-20;FRC;J22;;;3;974;183228042.0;;;2.13;2.13;2.13;2.13;2.13;2.13;0.0;0.0
111298;621335;2019-08-20;FRC;N22;;;3;446;83686549.0;;;2.13;2.12;2.13;2.12;2.12;2.12;0.0;0.0
111299;621336;2019-08-20;FRC;V22;;;0;0;0.0;;;0.0;0.0;0.0;0.0;0.0;2.12;0.0;0.0
111300;621337;2019-08-20;FRC;F23;;;6;1197;223370306.0;;;2.13;2.13;2.15;2.13;2.13;2.13;0.0;0.0
111301;621338;2019-08-20;FRC;J23;;;0;0;0.0;;;0.0;0.0;0.0;0.0;0.0;2.13;0.0;0.0
111302;621339;2019-08-20;FRC;N23;;;1;38;7051752.0;;;2.13;2.13;2.13;2.13;2.13;2.12;0.0;0.0
111303;621340;2019-08-20;FRC;V23;;;2;96;17778951.0;;;2.13;2.13;2.13;2.13;2.13;2.16;0.0;0.0
111304;621341;2019-08-20;FRC;F24;;;3;287;52992974.0;;;2.14;2.14;2.15;2.14;2.15;2.15;0.0;0.0
111305;621342;2019-08-20;FRC;J24;;;0;0;0.0;;;0.0;0.0;0.0;0.0;0.0;2.17;0.0;0.0
111306;621343;2019-08-20;FRC;N24;;;0;0;0.0;;;0.0;0.0;0.0;0.0;0.0;2.16;0.0;0.0
111307;621344;2019-08-20;FRC;F25;;;6;1040;189915192.0;;;2.17;2.17;2.17;2.17;2.17;2.17;0.0;0.0
111308;621345;2019-08-20;FRC;N25;;;0;0;0.0;;;0.0;0.0;0.0;0.0;0.0;2.21;0.0;0.0
111309;621346;2019-08-20;FRC;F26;;;4;748;134899156.0;;;2.24;2.24;2.24;2.24;2.24;2.24;0.0;0.0
111310;621347;2019-08-20;FRC;N26;;;0;0;0.0;;;0.0;0.0;0.0;0.0;0.0;2.28;0.0;0.0
111311;621348;2019-08-20;FRC;F27;;;2;370;65825035.0;;;2.33;2.33;2.33;2.33;2.33;2.33;0.0;0.0
111312;621349;2019-08-20;FRC;F28;;;2;73;12823686.0;;;2.37;2.37;2.37;2.37;2.37;2.38;0.0;0.0
111313;621350;2019-08-20;FRC;F29;;;2;72;12479504.0;;;2.42;2.42;2.42;2.42;2.42;2.43;0.0;0.0
111314;621351;2019-08-20;FRC;F30;;;0;0;0.0;;;0.0;0.0;0.0;0.0;0.0;2.52;0.0;0.0
111315;621352;2019-08-20;FRC;F31;;;0;0;0.0;;;0.0;0.0;0.0;0.0;0.0;2.58;0.0;0.0
111316;621510;2019-08-21;FRC;V19;;;87;145333;27958645036.0;;;3.08;3.05;3.16;3.12;3.13;3.13;3.1;3.12
111317;621511;2019-08-21;FRC;X19;;;10;4984;957590056.0;;;3.05;3.05;3.05;3.05;3.05;3.05;0.0;0.0
111318;621512;2019-08-21;FRC;Z19;;;24;12795;2455917680.0;;;2.83;2.81;2.84;2.82;2.81;2.81;2.81;2.83
111319;621513;2019-08-21;FRC;F20;;;24;32730;6275515473.0;;;2.72;2.72;2.79;2.75;2.78;2.78;2.76;2.8
111320;621514;2019-08-21;FRC;G20;;;16;7837;1500928954.0;;;2.73;2.72;2.73;2.72;2.72;2.72;0.0;0.0
111321;621515;2019-08-21;FRC;H20;;;3;994;190210403.0;;;2.64;2.64;2.64;2.64;2.64;2.64;0.0;0.0
111322;621516;2019-08-21;FRC;J20;;;12;5717;1093034401.0;;;2.55;2.55;2.59;2.57;2.57;2.57;0.0;0.0
111323;621517;2019-08-21;FRC;K20;;;8;4026;768916719.0;;;2.56;2.54;2.56;2.54;2.54;2.54;2.54;0.0
111324;621518;2019-08-21;FRC;M20;;;10;4812;918165297.0;;;2.54;2.53;2.55;2.53;2.53;2.53;0.0;0.0
111325;621519;2019-08-21;FRC;N20;;;28;15661;2985718338.0;;;2.47;2.47;2.5;2.48;2.48;2.48;2.46;2.5
111326;621520;2019-08-21;FRC;Q20;;;6;1583;189592576.0;;;2.44;2.44;2.44;2.44;2.44;2.44;0.0;0.0
111327;621521;2019-08-21;FRC;V20;;;3;5923;1126303325.0;;;2.38;2.38;2.39;2.38;2.39;2.39;0.0;0.0
111328;621522;2019-08-21;FRC;F21;;;26;9652;1830335103.0;;;2.32;2.32;2.34;2.33;2.34;2.34;0.0;0.0
111329;621523;2019-08-21;FRC;J21;;;11;3533;668401914.0;;;2.28;2.28;2.28;2.28;2.28;2.28;0.0;0.0
111330;621524;2019-08-21;FRC;N21;;;8;2156;407010350.0;;;2.2;2.2;2.21;2.2;2.21;2.21;0.0;0.0
111331;621525;2019-08-21;FRC;V21;;;7;1957;368542968.0;;;2.18;2.18;2.18;2.18;2.18;2.18;0.0;0.0
111332;621526;2019-08-21;FRC;F22;;;9;1950;366157094.0;;;2.19;2.19;2.19;2.19;2.19;2.19;0.0;0.0
111333;621527;2019-08-21;FRC;J22;;;1;1947;364834890.0;;;2.15;2.15;2.15;2.15;2.15;2.16;0.0;0.0
111334;621528;2019-08-21;FRC;N22;;;5;1164;217502716.0;;;2.16;2.16;2.16;2.16;2.16;2.16;0.0;0.0
111335;621529;2019-08-21;FRC;V22;;;0;0;0.0;;;0.0;0.0;0.0;0.0;0.0;2.15;0.0;0.0
111336;621530;2019-08-21;FRC;F23;;;4;1545;287183145.0;;;2.15;2.15;2.16;2.15;2.16;2.16;0.0;0.0
111337;621531;2019-08-21;FRC;J23;;;0;0;0.0;;;0.0;0.0;0.0;0.0;0.0;2.16;0.0;2.16
111338;621532;2019-08-21;FRC;N23;;;4;1153;213212407.0;;;2.15;2.15;2.15;2.15;2.15;2.15;0.0;0.0
111339;621533;2019-08-21;FRC;V23;;;0;0;0.0;;;0.0;0.0;0.0;0.0;0.0;2.19;0.0;0.0
111340;621534;2019-08-21;FRC;F24;;;0;0;0.0;;;0.0;0.0;0.0;0.0;0.0;2.19;0.0;0.0
111341;621535;2019-08-21;FRC;J24;;;0;0;0.0;;;0.0;0.0;0.0;0.0;0.0;2.21;0.0;0.0
111342;621536;2019-08-21;FRC;N24;;;0;0;0.0;;;0.0;0.0;0.0;0.0;0.0;2.2;0.0;0.0
111343;621537;2019-08-21;FRC;F25;;;2;379;68898731.0;;;2.21;2.21;2.21;2.21;2.21;2.21;2.2;0.0
111344;621538;2019-08-21;FRC;N25;;;0;0;0.0;;;0.0;0.0;0.0;0.0;0.0;2.25;0.0;0.0
111345;621539;2019-08-21;FRC;F26;;;0;0;0.0;;;0.0;0.0;0.0;0.0;0.0;2.28;0.0;0.0
111346;621540;2019-08-21;FRC;N26;;;0;0;0.0;;;0.0;0.0;0.0;0.0;0.0;2.32;0.0;0.0
111347;621541;2019-08-21;FRC;F27;;;0;0;0.0;;;0.0;0.0;0.0;0.0;0.0;2.37;0.0;0.0
111348;621542;2019-08-21;FRC;F28;;;0;0;0.0;;;0.0;0.0;0.0;0.0;0.0;2.42;0.0;0.0
111349;621543;2019-08-21;FRC;F29;;;0;0;0.0;;;0.0;0.0;0.0;0.0;0.0;2.47;0.0;0.0
111350;621544;2019-08-21;FRC;F30;;;0;0;0.0;;;0.0;0.0;0.0;0.0;0.0;2.56;0.0;0.0
111351;621545;2019-08-21;FRC;F31;;;0;0;0.0;;;0.0;0.0;0.0;0.0;0.0;2.62;0.0;0.0
111352;621703;2019-08-22;FRC;V19;;;43;107551;20843399883.0;;;3.14;3.14;3.17;3.15;3.16;3.16;3.16;3.2
111353;621704;2019-08-22;FRC;X19;;;8;6181;1196363932.0;;;3.06;3.06;3.06;3.06;3.06;3.06;3.06;0.0
111354;621705;2019-08-22;FRC;Z19;;;17;14945;2889832859.0;;;2.83;2.83;2.83;2.83;2.83;2.83;2.83;0.0
111355;621706;2019-08-22;FRC;F20;;;18;17416;3363738116.0;;;2.8;2.8;2.81;2.8;2.8;2.8;2.8;0.0
111356;621707;2019-08-22;FRC;G20;;;12;4674;901751272.0;;;2.74;2.74;2.74;2.74;2.74;2.74;0.0;0.0
111357;621708;2019-08-22;FRC;H20;;;3;795;153249417.0;;;2.66;2.66;2.66;2.66;2.66;2.66;0.0;0.0
111358;621709;2019-08-22;FRC;J20;;;12;3766;725278110.0;;;2.6;2.6;2.6;2.6;2.6;2.6;2.6;0.0
111359;621710;2019-08-22;FRC;K20;;;8;3570;686795479.0;;;2.55;2.55;2.58;2.57;2.58;2.58;0.0;0.0
111360;621711;2019-08-22;FRC;M20;;;7;2772;532777670.0;;;2.54;2.54;2.56;2.55;2.56;2.56;0.0;0.0
111361;621712;2019-08-22;FRC;N20;;;18;6137;1178509952.0;;;2.46;2.46;2.65;2.51;2.65;2.52;0.0;0.0
111362;621713;2019-08-22;FRC;Q20;;;0;0;0.0;;;0.0;0.0;0.0;0.0;0.0;2.49;0.0;0.0
111363;621714;2019-08-22;FRC;V20;;;10;2564;490986085.0;;;2.45;2.45;2.45;2.45;2.45;2.45;0.0;0.0
111364;621715;2019-08-22;FRC;F21;;;22;26999;5157234227.0;;;2.34;2.34;2.42;2.35;2.42;2.42;2.42;2.45
111365;621716;2019-08-22;FRC;J21;;;3;588;111991359.0;;;2.36;2.36;2.36;2.36;2.36;2.36;0.0;0.0
111366;621717;2019-08-22;FRC;N21;;;24;36292;6901766171.0;;;2.21;2.21;2.3;2.21;2.3;2.3;0.0;0.0
111367;621718;2019-08-22;FRC;V21;;;2;390;73913489.0;;;2.27;2.27;2.27;2.27;2.27;2.27;0.0;0.0
111368;621719;2019-08-22;FRC;F22;;;21;24692;4669860239.0;;;2.19;2.19;2.28;2.2;2.27;2.27;2.27;0.0
111369;621720;2019-08-22;FRC;J22;;;4;776;146230648.0;;;2.28;2.28;2.28;2.28;2.28;2.28;0.0;0.0
111370;621721;2019-08-22;FRC;N22;;;4;1939;364445833.0;;;2.27;2.27;2.27;2.27;2.27;2.27;0.0;0.0
111371;621722;2019-08-22;FRC;V22;;;3;579;108490361.0;;;2.28;2.28;2.28;2.28;2.28;2.28;0.0;0.0
111372;621723;2019-08-22;FRC;F23;;;6;1930;360841377.0;;;2.25;2.25;2.25;2.25;2.25;2.25;0.0;0.0
111373;621724;2019-08-22;FRC;J23;;;2;38;7092455.0;;;2.15;2.15;2.16;2.15;2.16;2.25;0.0;0.0
111374;621725;2019-08-22;FRC;N23;;;1;192;35707907.0;;;2.24;2.24;2.24;2.24;2.24;2.24;0.0;0.0
111375;621726;2019-08-22;FRC;V23;;;0;0;0.0;;;0.0;0.0;0.0;0.0;0.0;2.28;0.0;0.0
111376;621727;2019-08-22;FRC;F24;;;5;955;176538134.0;;;2.27;2.27;2.27;2.27;2.27;2.27;2.27;0.0
111377;621728;2019-08-22;FRC;J24;;;0;0;0.0;;;0.0;0.0;0.0;0.0;0.0;2.29;0.0;0.0
111378;621729;2019-08-22;FRC;N24;;;0;0;0.0;;;0.0;0.0;0.0;0.0;0.0;2.29;0.0;0.0
111379;621730;2019-08-22;FRC;F25;;;6;1380;252080931.0;;;2.31;2.31;2.31;2.31;2.31;2.31;0.0;0.0
111380;621731;2019-08-22;FRC;N25;;;0;0;0.0;;;0.0;0.0;0.0;0.0;0.0;2.36;0.0;0.0
111381;621732;2019-08-22;FRC;F26;;;1;373;67203121.0;;;2.4;2.4;2.4;2.4;2.4;2.4;0.0;0.0
111382;621733;2019-08-22;FRC;N26;;;0;0;0.0;;;0.0;0.0;0.0;0.0;0.0;2.44;0.0;0.0
111383;621734;2019-08-22;FRC;F27;;;0;0;0.0;;;0.0;0.0;0.0;0.0;0.0;2.49;0.0;0.0
111384;621735;2019-08-22;FRC;F28;;;3;546;95668769.0;;;2.54;2.54;2.54;2.54;2.54;2.54;0.0;0.0
111385;621736;2019-08-22;FRC;F29;;;2;721;124565752.0;;;2.62;2.6;2.62;2.6;2.6;2.62;0.0;0.0
111386;621737;2019-08-22;FRC;F30;;;0;0;0.0;;;0.0;0.0;0.0;0.0;0.0;2.71;0.0;0.0
111387;621738;2019-08-22;FRC;F31;;;0;0;0.0;;;0.0;0.0;0.0;0.0;0.0;2.77;0.0;0.0
111388;621896;2019-08-23;FRC;V19;;;218;429730;83573405760.0;;;3.2;3.16;3.27;3.23;3.25;3.27;0.0;3.27
111389;621897;2019-08-23;FRC;X19;;;10;75004;14567887562.0;;;3.06;3.06;3.15;3.13;3.15;3.15;3.15;0.0
111390;621898;2019-08-23;FRC;Z19;;;16;15504;3008226430.0;;;2.85;2.85;2.91;2.9;2.91;2.91;0.0;0.0
111391;621899;2019-08-23;FRC;F20;;;29;30132;5839770091.0;;;2.81;2.78;2.86;2.85;2.86;2.86;0.0;0.0
111392;621900;2019-08-23;FRC;G20;;;9;7993;1547374580.0;;;2.79;2.78;2.79;2.78;2.79;2.78;0.0;0.0
111393;621901;2019-08-23;FRC;H20;;;0;0;0.0;;;0.0;0.0;0.0;0.0;0.0;2.7;0.0;0.0
111394;621902;2019-08-23;FRC;J20;;;14;9206;1779024162.0;;;2.64;2.64;2.64;2.64;2.64;2.64;2.64;2.66
111395;621903;2019-08-23;FRC;K20;;;12;3368;650114576.0;;;2.62;2.62;2.62;2.62;2.62;2.62;0.0;0.0
111396;621904;2019-08-23;FRC;M20;;;8;2970;572781385.0;;;2.59;2.59;2.59;2.59;2.59;2.59;2.59;0.0
111397;621905;2019-08-23;FRC;N20;;;16;7246;1396075332.0;;;2.65;2.53;2.65;2.57;2.54;2.54;0.0;0.0
111398;621906;2019-08-23;FRC;Q20;;;0;0;0.0;;;0.0;0.0;0.0;0.0;0.0;2.53;0.0;0.0
111399;621907;2019-08-23;FRC;V20;;;9;4084;784699697.0;;;2.45;2.45;2.48;2.47;2.48;2.48;0.0;0.0
111400;621908;2019-08-23;FRC;F21;;;13;9841;1885619840.0;;;2.4;2.4;2.46;2.41;2.42;2.42;0.0;2.43
111401;621909;2019-08-23;FRC;J21;;;1;59;11277056.0;;;2.37;2.37;2.37;2.37;2.37;2.37;0.0;0.0
111402;621910;2019-08-23;FRC;N21;;;9;2625;500430792.0;;;2.31;2.31;2.33;2.32;2.33;2.33;0.0;0.0
111403;621911;2019-08-23;FRC;V21;;;4;1367;259923129.0;;;2.3;2.3;2.3;2.3;2.3;2.3;0.0;0.0
111404;621912;2019-08-23;FRC;F22;;;9;2261;428832006.0;;;2.28;2.25;2.28;2.26;2.25;2.27;0.0;0.0
111405;621913;2019-08-23;FRC;J22;;;0;0;0.0;;;0.0;0.0;0.0;0.0;0.0;2.26;0.0;0.0
111406;621914;2019-08-23;FRC;N22;;;4;776;146450828.0;;;2.23;2.23;2.23;2.23;2.23;2.23;0.0;0.0
111407;621915;2019-08-23;FRC;V22;;;5;1257;236555197.0;;;2.23;2.23;2.23;2.23;2.23;2.23;0.0;0.0
111408;621916;2019-08-23;FRC;F23;;;15;2856;536095925.0;;;2.23;2.22;2.23;2.22;2.22;2.22;0.0;0.0
111409;621917;2019-08-23;FRC;J23;;;0;0;0.0;;;0.0;0.0;0.0;0.0;0.0;2.22;0.0;0.0
111410;621918;2019-08-23;FRC;N23;;;2;384;71706447.0;;;2.21;2.21;2.21;2.21;2.21;2.21;0.0;0.0
111411;621919;2019-08-23;FRC;V23;;;0;0;0.0;;;0.0;0.0;0.0;0.0;0.0;2.25;0.0;0.0
111412;621920;2019-08-23;FRC;F24;;;7;1528;283628557.0;;;2.24;2.24;2.24;2.24;2.24;2.24;0.0;0.0
111413;621921;2019-08-23;FRC;J24;;;0;0;0.0;;;0.0;0.0;0.0;0.0;0.0;2.26;0.0;0.0
111414;621922;2019-08-23;FRC;N24;;;1;190;35063415.0;;;2.26;2.26;2.26;2.26;2.26;2.26;0.0;0.0
111415;621923;2019-08-23;FRC;F25;;;11;1965;360435748.0;;;2.29;2.28;2.29;2.28;2.28;2.28;0.0;0.0
111416;621924;2019-08-23;FRC;N25;;;2;564;102824601.0;;;2.31;2.31;2.31;2.31;2.31;2.31;0.0;0.0
111417;621925;2019-08-23;FRC;F26;;;0;0;0.0;;;0.0;0.0;0.0;0.0;0.0;2.35;0.0;0.0
111418;621926;2019-08-23;FRC;N26;;;0;0;0.0;;;0.0;0.0;0.0;0.0;0.0;2.39;0.0;0.0
111419;621927;2019-08-23;FRC;F27;;;0;0;0.0;;;0.0;0.0;0.0;0.0;0.0;2.43;0.0;0.0
111420;621928;2019-08-23;FRC;F28;;;1;183;32265293.0;;;2.48;2.48;2.48;2.48;2.48;2.48;0.0;0.0
111421;621929;2019-08-23;FRC;F29;;;2;360;62487456.0;;;2.57;2.57;2.57;2.57;2.57;2.57;0.0;0.0
111422;621930;2019-08-23;FRC;F30;;;0;0;0.0;;;0.0;0.0;0.0;0.0;0.0;2.66;0.0;0.0
111423;621931;2019-08-23;FRC;F31;;;0;0;0.0;;;0.0;0.0;0.0;0.0;0.0;2.72;0.0;0.0
111424;622089;2019-08-26;FRC;V19;;;132;293724;57082904392.0;;;3.25;3.21;3.33;3.28;3.33;3.33;3.3;3.36
111425;622090;2019-08-26;FRC;X19;;;26;41307;8017509664.0;;;3.12;3.12;3.14;3.13;3.14;3.14;3.14;0.0
111426;622091;2019-08-26;FRC;Z19;;;21;13747;2665487872.0;;;2.9;2.9;2.9;2.9;2.9;2.9;2.9;0.0
111427;622092;2019-08-26;FRC;F20;;;30;18114;3508149602.0;;;2.86;2.84;2.86;2.85;2.86;2.86;2.86;2.88
111428;622093;2019-08-26;FRC;G20;;;6;4572;884473684.0;;;2.79;2.79;2.79;2.79;2.79;2.79;0.0;0.0
111429;622094;2019-08-26;FRC;H20;;;3;1590;307328445.0;;;2.71;2.71;2.71;2.71;2.71;2.71;0.0;0.0
111430;622095;2019-08-26;FRC;J20;;;24;10417;2011571587.0;;;2.66;2.64;2.69;2.65;2.65;2.65;0.0;0.0
111431;622096;2019-08-26;FRC;K20;;;20;11355;2190137879.0;;;2.62;2.62;2.64;2.63;2.64;2.64;0.0;0.0
111432;622097;2019-08-26;FRC;M20;;;11;5961;1148716067.0;;;2.59;2.59;2.63;2.61;2.63;2.61;2.63;0.0
111433;622098;2019-08-26;FRC;N20;;;15;6789;1307209471.0;;;2.53;2.53;2.57;2.55;2.57;2.55;2.55;2.58
111434;622099;2019-08-26;FRC;Q20;;;1;198;24100407.0;;;2.55;2.55;2.55;2.55;2.55;2.55;2.57;0.0
111435;622100;2019-08-26;FRC;V20;;;7;1873;359578260.0;;;2.48;2.48;2.5;2.49;2.5;2.5;0.0;0.0
111436;622101;2019-08-26;FRC;F21;;;10;8877;1699179060.0;;;2.42;2.42;2.46;2.45;2.46;2.46;0.0;0.0
111437;622102;2019-08-26;FRC;J21;;;2;392;74841671.0;;;2.41;2.41;2.41;2.41;2.41;2.41;0.0;0.0
111438;622103;2019-08-26;FRC;N21;;;6;1078;205291535.0;;;2.37;2.37;2.37;2.37;2.37;2.37;0.0;0.0
111439;622104;2019-08-26;FRC;V21;;;2;215;40856197.0;;;2.29;2.29;2.29;2.29;2.29;2.33;0.0;0.0
111440;622105;2019-08-26;FRC;F22;;;10;4404;834446359.0;;;2.28;2.28;2.29;2.28;2.29;2.29;0.0;0.0
111441;622106;2019-08-26;FRC;J22;;;0;0;0.0;;;0.0;0.0;0.0;0.0;0.0;2.28;0.0;0.0
111442;622107;2019-08-26;FRC;N22;;;7;1552;292610713.0;;;2.25;2.25;2.25;2.25;2.25;2.25;2.27;2.28
111443;622108;2019-08-26;FRC;V22;;;0;0;0.0;;;0.0;0.0;0.0;0.0;0.0;2.26;0.0;0.0
111444;622109;2019-08-26;FRC;F23;;;9;1852;347267050.0;;;2.22;2.22;2.25;2.24;2.25;2.25;0.0;0.0
111445;622110;2019-08-26;FRC;J23;;;0;0;0.0;;;0.0;0.0;0.0;0.0;0.0;2.25;0.0;0.0
111446;622111;2019-08-26;FRC;N23;;;0;0;0.0;;;0.0;0.0;0.0;0.0;0.0;2.24;0.0;0.0
111447;622112;2019-08-26;FRC;V23;;;0;0;0.0;;;0.0;0.0;0.0;0.0;0.0;2.27;0.0;0.0
111448;622113;2019-08-26;FRC;F24;;;2;382;70827382.0;;;2.26;2.26;2.26;2.26;2.26;2.26;0.0;0.0
111449;622114;2019-08-26;FRC;J24;;;0;0;0.0;;;0.0;0.0;0.0;0.0;0.0;2.28;0.0;0.0
111450;622115;2019-08-26;FRC;N24;;;0;0;0.0;;;0.0;0.0;0.0;0.0;0.0;2.28;0.0;0.0
111451;622116;2019-08-26;FRC;F25;;;4;473;86694770.0;;;2.28;2.28;2.29;2.28;2.29;2.29;0.0;0.0
111452;622117;2019-08-26;FRC;N25;;;0;0;0.0;;;0.0;0.0;0.0;0.0;0.0;2.32;0.0;0.0
111453;622118;2019-08-26;FRC;F26;;;2;187;33793771.0;;;2.4;2.4;2.4;2.4;2.4;2.36;0.0;0.0
111454;622119;2019-08-26;FRC;N26;;;0;0;0.0;;;0.0;0.0;0.0;0.0;0.0;2.4;0.0;0.0
111455;622120;2019-08-26;FRC;F27;;;4;276;49189291.0;;;2.43;2.43;2.48;2.46;2.48;2.44;0.0;0.0
111456;622121;2019-08-26;FRC;F28;;;0;0;0.0;;;0.0;0.0;0.0;0.0;0.0;2.49;0.0;0.0
111457;622122;2019-08-26;FRC;F29;;;2;180;31209294.0;;;2.58;2.58;2.58;2.58;2.58;2.58;0.0;0.0
111458;622123;2019-08-26;FRC;F30;;;0;0;0.0;;;0.0;0.0;0.0;0.0;0.0;2.67;0.0;0.0
111459;622124;2019-08-26;FRC;F31;;;0;0;0.0;;;0.0;0.0;0.0;0.0;0.0;2.73;0.0;0.0
111460;622282;2019-08-27;FRC;V19;;;337;551705;106508192737.0;;;3.33;3.22;3.35;3.28;3.28;3.25;3.2;3.24
111461;622283;2019-08-27;FRC;X19;;;54;74160;14299350305.0;;;3.14;3.06;3.14;3.07;3.06;3.06;0.0;3.06
111462;622284;2019-08-27;FRC;Z19;;;24;25369;4886686076.0;;;2.86;2.81;2.89;2.84;2.81;2.81;0.0;2.81
111463;622285;2019-08-27;FRC;F20;;;36;25981;4999226555.0;;;2.84;2.74;2.84;2.75;2.74;2.75;2.73;2.75
111464;622286;2019-08-27;FRC;G20;;;9;7359;1414559279.0;;;2.67;2.66;2.67;2.66;2.66;2.67;0.0;0.0
111465;622287;2019-08-27;FRC;H20;;;14;6735;1293477967.0;;;2.71;2.59;2.71;2.6;2.59;2.59;0.0;0.0
111466;622288;2019-08-27;FRC;J20;;;26;9196;1764527335.0;;;2.65;2.51;2.65;2.55;2.51;2.51;2.51;0.0
111467;622289;2019-08-27;FRC;K20;;;15;9264;1775940477.0;;;2.61;2.48;2.61;2.48;2.48;2.48;0.0;0.0
111468;622290;2019-08-27;FRC;M20;;;11;4813;921773563.0;;;2.61;2.47;2.61;2.48;2.47;2.47;2.47;0.0
111469;622291;2019-08-27;FRC;N20;;;21;6636;1269784410.0;;;2.52;2.41;2.52;2.45;2.41;2.44;2.41;2.44
111470;622292;2019-08-27;FRC;Q20;;;2;1047;125924161.0;;;2.53;2.53;2.53;2.53;2.53;2.43;0.0;2.44
111471;622293;2019-08-27;FRC;V20;;;11;2167;413357136.0;;;2.48;2.45;2.48;2.45;2.45;2.37;2.34;0.0
111472;622294;2019-08-27;FRC;F21;;;26;25264;4806961147.0;;;2.45;2.31;2.45;2.35;2.31;2.31;2.29;0.0
111473;622295;2019-08-27;FRC;J21;;;2;392;74382716.0;;;2.4;2.29;2.4;2.34;2.29;2.29;0.0;0.0
111474;622296;2019-08-27;FRC;N21;;;5;3055;577991308.0;;;2.37;2.24;2.37;2.35;2.24;2.24;0.0;0.0
111475;622297;2019-08-27;FRC;V21;;;0;0;0.0;;;0.0;0.0;0.0;0.0;0.0;2.2;0.0;0.0
111476;622298;2019-08-27;FRC;F22;;;12;11560;2177070477.0;;;2.29;2.15;2.29;2.23;2.15;2.16;2.15;0.0
111477;622299;2019-08-27;FRC;J22;;;0;0;0.0;;;0.0;0.0;0.0;0.0;0.0;2.16;0.0;0.0
111478;622300;2019-08-27;FRC;N22;;;4;621;116452390.0;;;2.25;2.15;2.25;2.15;2.15;2.15;0.0;0.0
111479;622301;2019-08-27;FRC;V22;;;1;39;7285405.0;;;2.25;2.25;2.25;2.25;2.25;2.16;0.0;0.0
111480;622302;2019-08-27;FRC;F23;;;4;579;107932947.0;;;2.24;2.15;2.24;2.19;2.15;2.15;0.0;0.0
111481;622303;2019-08-27;FRC;J23;;;0;0;0.0;;;0.0;0.0;0.0;0.0;0.0;2.15;0.0;0.0
111482;622304;2019-08-27;FRC;N23;;;0;0;0.0;;;0.0;0.0;0.0;0.0;0.0;2.14;0.0;0.0
111483;622305;2019-08-27;FRC;V23;;;1;38;7014134.0;;;2.27;2.27;2.27;2.27;2.27;2.16;0.0;0.0
111484;622306;2019-08-27;FRC;F24;;;7;1089;201001971.0;;;2.26;2.15;2.26;2.15;2.15;2.15;2.15;0.0
111485;622307;2019-08-27;FRC;J24;;;0;0;0.0;;;0.0;0.0;0.0;0.0;0.0;2.17;0.0;0.0
111486;622308;2019-08-27;FRC;N24;;;0;0;0.0;;;0.0;0.0;0.0;0.0;0.0;2.17;0.0;0.0
111487;622309;2019-08-27;FRC;F25;;;9;2079;379081952.0;;;2.28;2.18;2.28;2.22;2.18;2.18;0.0;0.0
111488;622310;2019-08-27;FRC;N25;;;0;0;0.0;;;0.0;0.0;0.0;0.0;0.0;2.21;0.0;0.0
111489;622311;2019-08-27;FRC;F26;;;2;934;167836611.0;;;2.36;2.36;2.36;2.36;2.36;2.25;0.0;0.0
111490;622312;2019-08-27;FRC;N26;;;0;0;0.0;;;0.0;0.0;0.0;0.0;0.0;2.29;0.0;0.0
111491;622313;2019-08-27;FRC;F27;;;0;0;0.0;;;0.0;0.0;0.0;0.0;0.0;2.33;0.0;0.0
111492;622314;2019-08-27;FRC;F28;;;0;0;0.0;;;0.0;0.0;0.0;0.0;0.0;2.38;0.0;0.0
111493;622315;2019-08-27;FRC;F29;;;0;0;0.0;;;0.0;0.0;0.0;0.0;0.0;2.47;0.0;0.0
111494;622316;2019-08-27;FRC;F30;;;0;0;0.0;;;0.0;0.0;0.0;0.0;0.0;2.56;0.0;0.0
111495;622317;2019-08-27;FRC;F31;;;0;0;0.0;;;0.0;0.0;0.0;0.0;0.0;2.62;0.0;0.0
111496;622475;2019-08-28;FRC;V19;;;220;383774;74056904668.0;;;3.25;3.11;3.25;3.16;3.17;3.2;3.15;3.2
111497;622476;2019-08-28;FRC;X19;;;66;79698;15361146401.0;;;2.96;2.86;3.02;2.96;3.0;3.02;2.96;0.0
111498;622477;2019-08-28;FRC;Z19;;;8;11400;2195066508.0;;;2.8;2.76;2.8;2.76;2.76;2.76;2.74;0.0
111499;622478;2019-08-28;FRC;F20;;;36;16503;3174288813.0;;;2.75;2.67;2.75;2.68;2.69;2.69;0.0;0.0
111500;622479;2019-08-28;FRC;G20;;;9;2189;420599107.0;;;2.68;2.62;2.68;2.63;2.64;2.64;0.0;0.0
111501;622480;2019-08-28;FRC;H20;;;11;31479;6043401762.0;;;2.56;2.56;2.56;2.56;2.56;2.56;0.0;0.0
111502;622481;2019-08-28;FRC;J20;;;15;54583;10469904166.0;;;2.5;2.47;2.51;2.49;2.48;2.48;2.48;0.0
111503;622482;2019-08-28;FRC;K20;;;4;1210;231886991.0;;;2.48;2.42;2.48;2.42;2.48;2.45;2.46;0.0
111504;622483;2019-08-28;FRC;M20;;;11;43005;8233511415.0;;;2.44;2.44;2.44;2.44;2.44;2.44;0.0;0.0
111505;622484;2019-08-28;FRC;N20;;;43;7033;1345425256.0;;;2.4;2.37;2.4;2.39;2.4;2.4;2.4;0.0
111506;622485;2019-08-28;FRC;Q20;;;5;1406;169254869.0;;;2.37;2.37;2.4;2.39;2.4;2.4;2.4;0.0
111507;622486;2019-08-28;FRC;V20;;;12;2781;530545371.0;;;2.35;2.34;2.35;2.34;2.34;2.34;2.34;0.0
111508;622487;2019-08-28;FRC;F21;;;16;16547;3148430325.0;;;2.29;2.27;2.29;2.28;2.28;2.28;0.0;0.0
111509;622488;2019-08-28;FRC;J21;;;1;79;14996095.0;;;2.25;2.25;2.25;2.25;2.25;2.26;0.0;0.0
111510;622489;2019-08-28;FRC;N21;;;8;2470;467678213.0;;;2.24;2.2;2.24;2.21;2.21;2.21;0.0;0.0
111511;622490;2019-08-28;FRC;V21;;;1;78;14730375.0;;;2.19;2.19;2.19;2.19;2.19;2.17;0.0;0.0
111512;622491;2019-08-28;FRC;F22;;;3;585;110251881.0;;;2.13;2.13;2.13;2.13;2.13;2.13;0.0;0.0
111513;622492;2019-08-28;FRC;J22;;;0;0;0.0;;;0.0;0.0;0.0;0.0;0.0;2.13;0.0;2.13
111514;622493;2019-08-28;FRC;N22;;;2;388;72767509.0;;;2.11;2.11;2.11;2.11;2.11;2.11;0.0;0.0
111515;622494;2019-08-28;FRC;V22;;;0;0;0.0;;;0.0;0.0;0.0;0.0;0.0;2.11;0.0;0.0
111516;622495;2019-08-28;FRC;F23;;;10;2687;501369125.0;;;2.15;2.09;2.15;2.1;2.11;2.09;2.09;0.0
111517;622496;2019-08-28;FRC;J23;;;0;0;0.0;;;0.0;0.0;0.0;0.0;0.0;2.1;0.0;0.0
111518;622497;2019-08-28;FRC;N23;;;0;0;0.0;;;0.0;0.0;0.0;0.0;0.0;2.1;0.0;0.0
111519;622498;2019-08-28;FRC;V23;;;0;0;0.0;;;0.0;0.0;0.0;0.0;0.0;2.13;0.0;0.0
111520;622499;2019-08-28;FRC;F24;;;8;1969;363412567.0;;;2.13;2.13;2.14;2.13;2.14;2.13;0.0;0.0
111521;622500;2019-08-28;FRC;J24;;;0;0;0.0;;;0.0;0.0;0.0;0.0;0.0;2.15;0.0;0.0
111522;622501;2019-08-28;FRC;N24;;;0;0;0.0;;;0.0;0.0;0.0;0.0;0.0;2.16;0.0;0.0
111523;622502;2019-08-28;FRC;F25;;;3;567;103442972.0;;;2.18;2.18;2.18;2.18;2.18;2.18;0.0;0.0
111524;622503;2019-08-28;FRC;N25;;;0;0;0.0;;;0.0;0.0;0.0;0.0;0.0;2.21;0.0;0.0
111525;622504;2019-08-28;FRC;F26;;;0;0;0.0;;;0.0;0.0;0.0;0.0;0.0;2.25;0.0;0.0
111526;622505;2019-08-28;FRC;N26;;;0;0;0.0;;;0.0;0.0;0.0;0.0;0.0;2.29;0.0;0.0
111527;622506;2019-08-28;FRC;F27;;;0;0;0.0;;;0.0;0.0;0.0;0.0;0.0;2.33;0.0;0.0
111528;622507;2019-08-28;FRC;F28;;;0;0;0.0;;;0.0;0.0;0.0;0.0;0.0;2.38;0.0;0.0
111529;622508;2019-08-28;FRC;F29;;;0;0;0.0;;;0.0;0.0;0.0;0.0;0.0;2.47;0.0;0.0
111530;622509;2019-08-28;FRC;F30;;;0;0;0.0;;;0.0;0.0;0.0;0.0;0.0;2.56;0.0;0.0
111531;622510;2019-08-28;FRC;F31;;;0;0;0.0;;;0.0;0.0;0.0;0.0;0.0;2.62;0.0;0.0
111532;622668;2019-08-29;FRC;X19;;;22;18181;3499786328.0;;;2.9;2.87;2.9;2.89;2.9;2.9;0.0;0.0
111533;622669;2019-08-29;FRC;Z19;;;10;7186;1382106407.0;;;2.63;2.59;2.63;2.6;2.61;2.59;0.0;0.0
111534;622670;2019-08-29;FRC;F20;;;11;9089;1746228833.0;;;2.6;2.58;2.6;2.58;2.58;2.58;0.0;0.0
111535;622671;2019-08-29;FRC;G20;;;8;2229;427788309.0;;;2.53;2.53;2.55;2.54;2.55;2.55;0.0;0.0
111536;622672;2019-08-29;FRC;H20;;;3;995;190801728.0;;;2.49;2.49;2.49;2.49;2.49;2.49;0.0;0.0
111537;622673;2019-08-29;FRC;J20;;;23;40574;7773871338.0;;;2.5;2.39;2.5;2.42;2.43;2.43;2.43;0.0
111538;622674;2019-08-29;FRC;K20;;;6;1789;342403530.0;;;2.42;2.42;2.42;2.42;2.42;2.42;0.0;0.0
111539;622675;2019-08-29;FRC;M20;;;2;27774;5310779964.0;;;2.42;2.42;2.42;2.42;2.42;2.42;0.0;0.0
111540;622676;2019-08-29;FRC;N20;;;14;4577;874458065.0;;;2.4;2.38;2.4;2.38;2.38;2.38;0.0;0.0
111541;622677;2019-08-29;FRC;Q20;;;3;594;71344825.0;;;2.39;2.39;2.39;2.39;2.39;2.39;0.0;0.0
111542;622678;2019-08-29;FRC;V20;;;14;3600;685929122.0;;;2.35;2.33;2.35;2.33;2.33;2.33;0.0;0.0
111543;622679;2019-08-29;FRC;F21;;;12;2955;561510781.0;;;2.28;2.28;2.28;2.28;2.28;2.28;0.0;0.0
111544;622680;2019-08-29;FRC;J21;;;1;197;37340289.0;;;2.26;2.26;2.26;2.26;2.26;2.26;0.0;0.0
111545;622681;2019-08-29;FRC;N21;;;0;0;0.0;;;0.0;0.0;0.0;0.0;0.0;2.22;0.0;0.0
111546;622682;2019-08-29;FRC;V21;;;0;0;0.0;;;0.0;0.0;0.0;0.0;0.0;2.18;0.0;0.0
111547;622683;2019-08-29;FRC;F22;;;6;1170;220157229.0;;;2.15;2.15;2.15;2.15;2.15;2.15;0.0;0.0
111548;622684;2019-08-29;FRC;J22;;;0;0;0.0;;;0.0;0.0;0.0;0.0;0.0;2.15;0.0;0.0
111549;622685;2019-08-29;FRC;N22;;;0;0;0.0;;;0.0;0.0;0.0;0.0;0.0;2.13;0.0;0.0
111550;622686;2019-08-29;FRC;V22;;;0;0;0.0;;;0.0;0.0;0.0;0.0;0.0;2.13;0.0;0.0
111551;622687;2019-08-29;FRC;F23;;;8;4624;861749177.0;;;2.06;2.06;2.11;2.09;2.11;2.11;0.0;0.0
111552;622688;2019-08-29;FRC;J23;;;0;0;0.0;;;0.0;0.0;0.0;0.0;0.0;2.11;0.0;0.0
111553;622689;2019-08-29;FRC;N23;;;3;2504;464176955.0;;;2.11;2.11;2.11;2.11;2.11;2.11;0.0;0.0
111554;622690;2019-08-29;FRC;V23;;;0;0;0.0;;;0.0;0.0;0.0;0.0;0.0;2.15;0.0;0.0
111555;622691;2019-08-29;FRC;F24;;;6;1722;317445668.0;;;2.1;2.1;2.16;2.12;2.16;2.16;0.0;0.0
111556;622692;2019-08-29;FRC;J24;;;0;0;0.0;;;0.0;0.0;0.0;0.0;0.0;2.15;0.0;0.0
111557;622693;2019-08-29;FRC;N24;;;2;2058;377188568.0;;;2.16;2.16;2.16;2.16;2.16;2.16;0.0;0.0
111558;622694;2019-08-29;FRC;F25;;;5;2650;482387842.0;;;2.22;2.22;2.22;2.22;2.22;2.22;0.0;0.0
111559;622695;2019-08-29;FRC;N25;;;0;0;0.0;;;0.0;0.0;0.0;0.0;0.0;2.25;0.0;0.0
111560;622696;2019-08-29;FRC;F26;;;4;748;134476412.0;;;2.28;2.28;2.28;2.28;2.28;2.28;0.0;0.0
111561;622697;2019-08-29;FRC;N26;;;0;0;0.0;;;0.0;0.0;0.0;0.0;0.0;2.32;0.0;0.0
111562;622698;2019-08-29;FRC;F27;;;0;0;0.0;;;0.0;0.0;0.0;0.0;0.0;2.37;0.0;0.0
111563;622699;2019-08-29;FRC;F28;;;0;0;0.0;;;0.0;0.0;0.0;0.0;0.0;2.43;0.0;0.0
111564;622700;2019-08-29;FRC;F29;;;0;0;0.0;;;0.0;0.0;0.0;0.0;0.0;2.52;0.0;0.0
111565;622701;2019-08-29;FRC;F30;;;0;0;0.0;;;0.0;0.0;0.0;0.0;0.0;2.61;0.0;0.0
111566;622702;2019-08-29;FRC;F31;;;0;0;0.0;;;0.0;0.0;0.0;0.0;0.0;2.67;0.0;0.0
111567;622864;2019-08-30;FRC;X19;;;6;3596;688464220.0;;;2.91;2.91;2.91;2.91;2.91;2.91;2.91;0.0
111568;622865;2019-08-30;FRC;Z19;;;19;7189;1375208347.0;;;2.59;2.59;2.59;2.59;2.59;2.59;2.59;0.0
111569;622866;2019-08-30;FRC;F20;;;18;20393;3896689706.0;;;2.58;2.58;2.6;2.59;2.6;2.6;0.0;0.0
111570;622867;2019-08-30;FRC;G20;;;6;1592;303874217.0;;;2.56;2.56;2.56;2.56;2.56;2.56;0.0;0.0
111571;622868;2019-08-30;FRC;H20;;;1;199;37951563.0;;;2.51;2.51;2.51;2.51;2.51;2.51;0.0;0.0
111572;622869;2019-08-30;FRC;J20;;;6;1632;310973755.0;;;2.45;2.45;2.45;2.45;2.45;2.45;2.45;2.47
111573;622870;2019-08-30;FRC;K20;;;9;2386;454157165.0;;;2.44;2.44;2.44;2.44;2.44;2.44;0.0;0.0
111574;622871;2019-08-30;FRC;M20;;;4;792;150614257.0;;;2.43;2.43;2.43;2.43;2.43;2.43;0.0;0.0
111575;622872;2019-08-30;FRC;N20;;;37;28540;5423036165.0;;;2.38;2.38;2.39;2.38;2.39;2.39;0.0;2.39
111576;622873;2019-08-30;FRC;Q20;;;0;0;0.0;;;0.0;0.0;0.0;0.0;0.0;2.39;0.0;0.0
111577;622874;2019-08-30;FRC;U20;;;0;0;0.0;;;0.0;0.0;0.0;0.0;0.0;2.35;0.0;0.0
111578;622875;2019-08-30;FRC;V20;;;8;3163;599459315.0;;;2.31;2.31;2.31;2.31;2.31;2.31;2.31;2.32
111579;622876;2019-08-30;FRC;F21;;;9;2759;521470595.0;;;2.27;2.24;2.27;2.26;2.24;2.27;2.25;2.27
111580;622877;2019-08-30;FRC;J21;;;4;788;148584694.0;;;2.23;2.23;2.23;2.23;2.23;2.23;0.0;0.0
111581;622878;2019-08-30;FRC;N21;;;3;588;110603549.0;;;2.19;2.19;2.19;2.19;2.19;2.19;0.0;2.19
111582;622879;2019-08-30;FRC;V21;;;1;196;36783536.0;;;2.15;2.15;2.15;2.15;2.15;2.15;0.0;0.0
111583;622880;2019-08-30;FRC;F22;;;11;2928;548172114.0;;;2.12;2.12;2.12;2.12;2.12;2.12;2.1;2.12
111584;622881;2019-08-30;FRC;J22;;;4;780;145701952.0;;;2.1;2.1;2.1;2.1;2.1;2.1;0.0;0.0
111585;622882;2019-08-30;FRC;N22;;;1;195;36348669.0;;;2.07;2.07;2.07;2.07;2.07;2.07;0.0;0.0
111586;622883;2019-08-30;FRC;V22;;;0;0;0.0;;;0.0;0.0;0.0;0.0;0.0;2.09;0.0;0.0
111587;622884;2019-08-30;FRC;F23;;;11;2230;413479023.0;;;2.08;2.07;2.08;2.07;2.07;2.08;2.05;2.07
111588;622885;2019-08-30;FRC;J23;;;0;0;0.0;;;0.0;0.0;0.0;0.0;0.0;2.09;2.08;0.0
111589;622886;2019-08-30;FRC;N23;;;0;0;0.0;;;0.0;0.0;0.0;0.0;0.0;2.08;0.0;0.0
111590;622887;2019-08-30;FRC;V23;;;1;192;35307270.0;;;2.11;2.11;2.11;2.11;2.11;2.11;0.0;0.0
111591;622888;2019-08-30;FRC;F24;;;5;960;175991358.0;;;2.14;2.14;2.14;2.14;2.14;2.14;0.0;2.14
111592;622889;2019-08-30;FRC;J24;;;0;0;0.0;;;0.0;0.0;0.0;0.0;0.0;2.13;2.11;0.0
111593;622890;2019-08-30;FRC;N24;;;0;0;0.0;;;0.0;0.0;0.0;0.0;0.0;2.14;2.14;0.0
111594;622891;2019-08-30;FRC;F25;;;0;0;0.0;;;0.0;0.0;0.0;0.0;0.0;2.19;0.0;0.0
111595;622892;2019-08-30;FRC;N25;;;0;0;0.0;;;0.0;0.0;0.0;0.0;0.0;2.22;0.0;0.0
111596;622893;2019-08-30;FRC;F26;;;5;940;168281018.0;;;2.25;2.25;2.25;2.25;2.25;2.25;0.0;0.0
111597;622894;2019-08-30;FRC;N26;;;0;0;0.0;;;0.0;0.0;0.0;0.0;0.0;2.29;0.0;0.0
111598;622895;2019-08-30;FRC;F27;;;0;0;0.0;;;0.0;0.0;0.0;0.0;0.0;2.33;0.0;0.0
111599;622896;2019-08-30;FRC;F28;;;0;0;0.0;;;0.0;0.0;0.0;0.0;0.0;2.38;0.0;0.0
111600;622897;2019-08-30;FRC;F29;;;0;0;0.0;;;0.0;0.0;0.0;0.0;0.0;2.46;0.0;0.0
111601;622898;2019-08-30;FRC;F30;;;1;179;30317868.0;;;2.54;2.54;2.54;2.54;2.54;2.54;0.0;0.0
111602;622899;2019-08-30;FRC;F31;;;0;0;0.0;;;0.0;0.0;0.0;0.0;0.0;2.6;0.0;0.0
111603;623061;2019-09-02;FRC;X19;;;7;5952;1151272881.0;;;2.91;2.91;2.96;2.95;2.96;2.96;0.0;0.0
111604;623062;2019-09-02;FRC;Z19;;;1;299;57787284.0;;;2.59;2.59;2.59;2.59;2.59;2.64;2.64;0.0
111605;623063;2019-09-02;FRC;F20;;;9;3786;730836391.0;;;2.6;2.6;2.66;2.64;2.66;2.66;0.0;2.66
111606;623064;2019-09-02;FRC;G20;;;7;2488;479772814.0;;;2.56;2.56;2.59;2.58;2.59;2.59;0.0;0.0
111607;623065;2019-09-02;FRC;H20;;;0;0;0.0;;;0.0;0.0;0.0;0.0;0.0;2.54;0.0;0.0
111608;623066;2019-09-02;FRC;J20;;;10;14830;2854746760.0;;;2.48;2.48;2.48;2.48;2.48;2.48;2.48;0.0
111609;623067;2019-09-02;FRC;K20;;;2;398;76535049.0;;;2.44;2.44;2.48;2.46;2.48;2.48;2.48;0.0
111610;623068;2019-09-02;FRC;M20;;;6;1130;217097540.0;;;2.43;2.43;2.45;2.44;2.45;2.45;2.45;0.0
111611;623069;2019-09-02;FRC;N20;;;19;7849;1506681616.0;;;2.39;2.39;2.41;2.4;2.41;2.41;2.39;2.42
111612;623070;2019-09-02;FRC;Q20;;;0;0;0.0;;;0.0;0.0;0.0;0.0;0.0;2.41;0.0;0.0
111613;623071;2019-09-02;FRC;U20;;;0;0;0.0;;;0.0;0.0;0.0;0.0;0.0;2.35;0.0;0.0
111614;623072;2019-09-02;FRC;V20;;;6;1582;302902437.0;;;2.32;2.32;2.32;2.32;2.32;2.32;0.0;0.0
111615;623073;2019-09-02;FRC;F21;;;3;10291;1964979749.0;;;2.27;2.27;2.28;2.27;2.28;2.28;0.0;0.0
111616;623074;2019-09-02;FRC;J21;;;0;0;0.0;;;0.0;0.0;0.0;0.0;0.0;2.24;0.0;0.0
111617;623075;2019-09-02;FRC;N21;;;7;1923;365452669.0;;;2.19;2.19;2.19;2.19;2.19;2.19;0.0;0.0
111618;623076;2019-09-02;FRC;V21;;;0;0;0.0;;;0.0;0.0;0.0;0.0;0.0;2.15;0.0;0.0
111619;623077;2019-09-02;FRC;F22;;;15;5955;1126240281.0;;;2.12;2.12;2.13;2.12;2.13;2.13;0.0;2.13
111620;623078;2019-09-02;FRC;J22;;;2;390;73583648.0;;;2.12;2.12;2.12;2.12;2.12;2.12;0.0;0.0
111621;623079;2019-09-02;FRC;N22;;;8;1948;366801626.0;;;2.08;2.08;2.08;2.08;2.08;2.08;0.0;0.0
111622;623080;2019-09-02;FRC;V22;;;3;329;61774174.0;;;2.09;2.08;2.09;2.08;2.08;2.08;0.0;0.0
111623;623081;2019-09-02;FRC;F23;;;11;1667;312234678.0;;;2.08;2.08;2.09;2.08;2.09;2.09;2.08;2.1
111624;623082;2019-09-02;FRC;J23;;;0;0;0.0;;;0.0;0.0;0.0;0.0;0.0;2.1;2.08;0.0
111625;623083;2019-09-02;FRC;N23;;;0;0;0.0;;;0.0;0.0;0.0;0.0;0.0;2.09;0.0;0.0
111626;623084;2019-09-02;FRC;V23;;;0;0;0.0;;;0.0;0.0;0.0;0.0;0.0;2.12;0.0;0.0
111627;623085;2019-09-02;FRC;F24;;;3;1283;237602247.0;;;2.14;2.14;2.14;2.14;2.14;2.15;0.0;0.0
111628;623086;2019-09-02;FRC;J24;;;0;0;0.0;;;0.0;0.0;0.0;0.0;0.0;2.13;2.1;0.0
111629;623087;2019-09-02;FRC;N24;;;0;0;0.0;;;0.0;0.0;0.0;0.0;0.0;2.14;0.0;0.0
111630;623088;2019-09-02;FRC;F25;;;3;266;48700912.0;;;2.19;2.19;2.19;2.19;2.19;2.19;2.14;0.0
111631;623089;2019-09-02;FRC;N25;;;0;0;0.0;;;0.0;0.0;0.0;0.0;0.0;2.22;0.0;0.0
111632;623090;2019-09-02;FRC;F26;;;0;0;0.0;;;0.0;0.0;0.0;0.0;0.0;2.25;0.0;0.0
111633;623091;2019-09-02;FRC;N26;;;0;0;0.0;;;0.0;0.0;0.0;0.0;0.0;2.29;0.0;0.0
111634;623092;2019-09-02;FRC;F27;;;0;0;0.0;;;0.0;0.0;0.0;0.0;0.0;2.33;0.0;0.0
111635;623093;2019-09-02;FRC;F28;;;2;733;129132517.0;;;2.38;2.38;2.38;2.38;2.38;2.38;2.33;0.0
111636;623094;2019-09-02;FRC;F29;;;0;0;0.0;;;0.0;0.0;0.0;0.0;0.0;2.46;0.0;0.0
111637;623095;2019-09-02;FRC;F30;;;0;0;0.0;;;0.0;0.0;0.0;0.0;0.0;2.54;0.0;0.0
111638;623096;2019-09-02;FRC;F31;;;0;0;0.0;;;0.0;0.0;0.0;0.0;0.0;2.6;0.0;0.0
111639;623256;2019-09-03;FRC;X19;;;85;157229;30343918748.0;;;2.96;2.9;2.96;2.92;2.9;2.94;2.94;0.0
111640;623257;2019-09-03;FRC;Z19;;;10;40770;7861421530.0;;;2.62;2.6;2.62;2.61;2.62;2.62;2.62;0.0
111641;623258;2019-09-03;FRC;F20;;;16;15866;3055871353.0;;;2.63;2.61;2.65;2.62;2.65;2.65;0.0;0.0
111642;623259;2019-09-03;FRC;G20;;;2;1195;229914209.0;;;2.59;2.59;2.59;2.59;2.59;2.59;0.0;0.0
111643;623260;2019-09-03;FRC;H20;;;14;8575;1648399408.0;;;2.5;2.5;2.53;2.52;2.53;2.53;0.0;0.0
111644;623261;2019-09-03;FRC;J20;;;21;24591;4723249347.0;;;2.48;2.45;2.48;2.45;2.46;2.46;2.46;0.0
111645;623262;2019-09-03;FRC;K20;;;10;2782;533784209.0;;;2.44;2.44;2.44;2.44;2.44;2.44;0.0;0.0
111646;623263;2019-09-03;FRC;M20;;;6;1387;265889098.0;;;2.42;2.42;2.42;2.42;2.42;2.42;0.0;0.0
111647;623264;2019-09-03;FRC;N20;;;22;10798;2068332900.0;;;2.4;2.36;2.4;2.37;2.37;2.37;0.0;0.0
111648;623265;2019-09-03;FRC;Q20;;;7;1980;238749697.0;;;2.36;2.36;2.36;2.36;2.36;2.36;0.0;0.0
111649;623266;2019-09-03;FRC;U20;;;0;0;0.0;;;0.0;0.0;0.0;0.0;0.0;2.3;0.0;0.0
111650;623267;2019-09-03;FRC;V20;;;16;7874;1504490014.0;;;2.3;2.26;2.32;2.28;2.26;2.26;2.26;0.0
111651;623268;2019-09-03;FRC;F21;;;23;8476;1615329702.0;;;2.24;2.22;2.24;2.22;2.22;2.22;0.0;0.0
111652;623269;2019-09-03;FRC;J21;;;3;787;149640360.0;;;2.18;2.18;2.18;2.18;2.18;2.18;0.0;0.0
111653;623270;2019-09-03;FRC;N21;;;3;492;93335317.0;;;2.14;2.14;2.14;2.14;2.14;2.14;0.0;0.0
111654;623271;2019-09-03;FRC;V21;;;0;0;0.0;;;0.0;0.0;0.0;0.0;0.0;2.1;0.0;0.0
111655;623272;2019-09-03;FRC;F22;;;4;624;117794129.0;;;2.09;2.09;2.09;2.09;2.09;2.09;0.0;2.1
111656;623273;2019-09-03;FRC;J22;;;3;585;110178082.0;;;2.08;2.08;2.08;2.08;2.08;2.08;0.0;0.0
111657;623274;2019-09-03;FRC;N22;;;2;390;73280070.0;;;2.07;2.07;2.07;2.07;2.07;2.07;0.0;0.0
111658;623275;2019-09-03;FRC;V22;;;1;194;36353751.0;;;2.07;2.07;2.07;2.07;2.07;2.07;0.0;0.0
111659;623276;2019-09-03;FRC;F23;;;22;6840;1279052482.0;;;2.07;2.04;2.07;2.04;2.05;2.05;2.04;2.05
111660;623277;2019-09-03;FRC;J23;;;2;386;71985103.0;;;2.06;2.05;2.06;2.05;2.05;2.06;0.0;0.0
111661;623278;2019-09-03;FRC;N23;;;1;193;35909286.0;;;2.05;2.05;2.05;2.05;2.05;2.05;0.0;0.0
111662;623279;2019-09-03;FRC;V23;;;0;0;0.0;;;0.0;0.0;0.0;0.0;0.0;2.07;0.0;0.0
111663;623280;2019-09-03;FRC;F24;;;11;4504;832429255.0;;;2.15;2.09;2.15;2.12;2.09;2.09;0.0;0.0
111664;623281;2019-09-03;FRC;J24;;;0;0;0.0;;;0.0;0.0;0.0;0.0;0.0;2.07;0.0;0.0
111665;623282;2019-09-03;FRC;N24;;;0;0;0.0;;;0.0;0.0;0.0;0.0;0.0;2.08;0.0;0.0
111666;623283;2019-09-03;FRC;F25;;;6;2239;409137071.0;;;2.15;2.13;2.2;2.17;2.13;2.13;2.13;2.15
111667;623284;2019-09-03;FRC;N25;;;0;0;0.0;;;0.0;0.0;0.0;0.0;0.0;2.16;0.0;0.0
111668;623285;2019-09-03;FRC;F26;;;8;2066;373085001.0;;;2.25;2.2;2.25;2.22;2.2;2.2;0.0;0.0
111669;623286;2019-09-03;FRC;N26;;;0;0;0.0;;;0.0;0.0;0.0;0.0;0.0;2.24;0.0;0.0
111670;623287;2019-09-03;FRC;F27;;;0;0;0.0;;;0.0;0.0;0.0;0.0;0.0;2.28;0.0;0.0
111671;623288;2019-09-03;FRC;F28;;;2;1833;322192363.0;;;2.38;2.38;2.38;2.38;2.38;2.33;2.3;0.0
111672;623289;2019-09-03;FRC;F29;;;5;1270;220246991.0;;;2.46;2.4;2.46;2.44;2.4;2.41;0.0;0.0
111673;623290;2019-09-03;FRC;F30;;;0;0;0.0;;;0.0;0.0;0.0;0.0;0.0;2.49;0.0;0.0
111674;623291;2019-09-03;FRC;F31;;;0;0;0.0;;;0.0;0.0;0.0;0.0;0.0;2.55;0.0;0.0
111675;623461;2019-09-04;FRC;X19;;;42;137823;26327306257.0;;;2.91;2.91;3.03;2.97;3.03;3.03;0.0;3.08
111676;623462;2019-09-04;FRC;Z19;;;14;28377;5415955460.0;;;2.62;2.62;2.68;2.64;2.68;2.68;0.0;0.0
111677;623463;2019-09-04;FRC;F20;;;23;29736;5668664575.0;;;2.63;2.63;2.69;2.66;2.69;2.69;0.0;0.0
111678;623464;2019-09-04;FRC;G20;;;3;2988;569008747.0;;;2.61;2.61;2.61;2.61;2.61;2.61;0.0;0.0
111679;623465;2019-09-04;FRC;H20;;;0;0;0.0;;;0.0;0.0;0.0;0.0;0.0;2.54;0.0;0.0
111680;623466;2019-09-04;FRC;J20;;;21;20317;3862609019.0;;;2.46;2.46;2.46;2.46;2.46;2.46;0.0;2.48
111681;623467;2019-09-04;FRC;K20;;;1;1986;377176005.0;;;2.44;2.44;2.44;2.44;2.44;2.44;0.0;0.0
111682;623468;2019-09-04;FRC;M20;;;8;2023;383870703.0;;;2.42;2.42;2.42;2.42;2.42;2.42;0.0;0.0
111683;623469;2019-09-04;FRC;N20;;;22;12112;2296723624.0;;;2.35;2.34;2.36;2.34;2.34;2.34;0.0;0.0
111684;623470;2019-09-04;FRC;Q20;;;2;79;9357875.0;;;2.34;2.34;2.34;2.34;2.34;2.33;0.0;0.0
111685;623471;2019-09-04;FRC;U20;;;0;0;0.0;;;0.0;0.0;0.0;0.0;0.0;2.27;0.0;0.0
111686;623472;2019-09-04;FRC;V20;;;7;2572;486569731.0;;;2.23;2.23;2.23;2.23;2.23;2.23;0.0;0.0
111687;623473;2019-09-04;FRC;F21;;;4;1973;372269424.0;;;2.19;2.19;2.19;2.19;2.19;2.19;0.0;2.2
111688;623474;2019-09-04;FRC;J21;;;2;610;114805130.0;;;2.2;2.18;2.2;2.18;2.18;2.15;0.0;0.0
111689;623475;2019-09-04;FRC;N21;;;1;196;36811442.0;;;2.11;2.11;2.11;2.11;2.11;2.11;0.0;0.0
111690;623476;2019-09-04;FRC;V21;;;2;1372;257086426.0;;;2.08;2.08;2.08;2.08;2.08;2.08;0.0;0.0
111691;623477;2019-09-04;FRC;F22;;;11;2272;424794315.0;;;2.09;2.04;2.09;2.04;2.04;2.04;0.0;0.0
111692;623478;2019-09-04;FRC;J22;;;2;116;21621602.0;;;2.08;2.08;2.08;2.08;2.08;2.03;0.0;0.0
111693;623479;2019-09-04;FRC;N22;;;2;1168;217366158.0;;;2.02;2.02;2.02;2.02;2.02;2.02;0.0;0.0
111694;623480;2019-09-04;FRC;V22;;;2;1456;270269080.0;;;2.02;2.02;2.02;2.02;2.02;2.02;0.0;0.0
111695;623481;2019-09-04;FRC;F23;;;6;1202;222583248.0;;;2.05;2.0;2.05;2.01;2.0;2.0;0.0;0.0
111696;623482;2019-09-04;FRC;J23;;;0;0;0.0;;;0.0;0.0;0.0;0.0;0.0;2.01;0.0;0.0
111697;623483;2019-09-04;FRC;N23;;;2;386;71151185.0;;;2.0;2.0;2.0;2.0;2.0;2.0;0.0;0.0
111698;623484;2019-09-04;FRC;V23;;;3;672;123430229.0;;;2.05;2.05;2.07;2.05;2.07;2.02;0.0;0.0
111699;623485;2019-09-04;FRC;F24;;;9;1843;337761270.0;;;2.09;2.04;2.09;2.04;2.04;2.04;0.0;0.0
111700;623486;2019-09-04;FRC;J24;;;0;0;0.0;;;0.0;0.0;0.0;0.0;0.0;2.03;0.0;0.0
111701;623487;2019-09-04;FRC;N24;;;0;0;0.0;;;0.0;0.0;0.0;0.0;0.0;2.05;0.0;0.0
111702;623488;2019-09-04;FRC;F25;;;8;1387;251181167.0;;;2.14;2.12;2.14;2.12;2.12;2.12;0.0;0.0
111703;623489;2019-09-04;FRC;N25;;;0;0;0.0;;;0.0;0.0;0.0;0.0;0.0;2.15;0.0;0.0
111704;623490;2019-09-04;FRC;F26;;;4;752;134547660.0;;;2.19;2.19;2.19;2.19;2.19;2.19;0.0;0.0
111705;623491;2019-09-04;FRC;N26;;;0;0;0.0;;;0.0;0.0;0.0;0.0;0.0;2.23;0.0;0.0
111706;623492;2019-09-04;FRC;F27;;;4;558;98500814.0;;;2.29;2.28;2.29;2.28;2.28;2.28;0.0;0.0
111707;623493;2019-09-04;FRC;F28;;;0;0;0.0;;;0.0;0.0;0.0;0.0;0.0;2.34;0.0;0.0
111708;623494;2019-09-04;FRC;F29;;;0;0;0.0;;;0.0;0.0;0.0;0.0;0.0;2.42;0.0;0.0
111709;623495;2019-09-04;FRC;F30;;;0;0;0.0;;;0.0;0.0;0.0;0.0;0.0;2.5;0.0;0.0
111710;623496;2019-09-04;FRC;F31;;;0;0;0.0;;;0.0;0.0;0.0;0.0;0.0;2.56;0.0;0.0
111711;623655;2019-09-05;FRC;X19;;;14;28244;5418960217.0;;;3.01;3.01;3.11;3.1;3.11;3.11;0.0;3.11
111712;623656;2019-09-05;FRC;Z19;;;0;0;0.0;;;0.0;0.0;0.0;0.0;0.0;2.77;0.0;0.0
111713;623657;2019-09-05;FRC;F20;;;56;65213;12486302500.0;;;2.68;2.68;2.78;2.73;2.78;2.78;0.0;0.0
111714;623658;2019-09-05;FRC;G20;;;0;0;0.0;;;0.0;0.0;0.0;0.0;0.0;2.69;0.0;0.0
111715;623659;2019-09-05;FRC;H20;;;4;11537;2204664184.0;;;2.61;2.61;2.61;2.61;2.61;2.61;0.0;0.0
111716;623660;2019-09-05;FRC;J20;;;24;17251;3293608765.0;;;2.53;2.53;2.55;2.54;2.55;2.55;0.0;0.0
111717;623661;2019-09-05;FRC;K20;;;0;0;0.0;;;0.0;0.0;0.0;0.0;0.0;2.52;0.0;2.52
111718;623662;2019-09-05;FRC;M20;;;0;0;0.0;;;0.0;0.0;0.0;0.0;0.0;2.49;0.0;0.0
111719;623663;2019-09-05;FRC;N20;;;28;17082;3252651658.0;;;2.4;2.4;2.43;2.42;2.43;2.43;0.0;2.43
111720;623664;2019-09-05;FRC;Q20;;;9;2436;291068263.0;;;2.36;2.33;2.42;2.39;2.41;2.41;0.0;2.41
111721;623665;2019-09-05;FRC;U20;;;5;1485;177361301.0;;;2.33;2.33;2.35;2.33;2.35;2.35;0.0;0.0
111722;623666;2019-09-05;FRC;V20;;;2;396;75223924.0;;;2.3;2.3;2.3;2.3;2.3;2.3;0.0;0.0
111723;623667;2019-09-05;FRC;F21;;;30;14057;2663140897.0;;;2.2;2.2;2.28;2.24;2.27;2.26;0.0;0.0
111724;623668;2019-09-05;FRC;J21;;;7;1438;271821090.0;;;2.15;2.15;2.22;2.19;2.22;2.22;0.0;0.0
111725;623669;2019-09-05;FRC;N21;;;5;1767;333222283.0;;;2.11;2.11;2.17;2.15;2.17;2.17;0.0;0.0
111726;623670;2019-09-05;FRC;V21;;;0;0;0.0;;;0.0;0.0;0.0;0.0;0.0;2.15;0.0;0.0
111727;623671;2019-09-05;FRC;F22;;;11;4296;806075778.0;;;2.12;2.12;2.12;2.12;2.12;2.12;0.0;0.0
111728;623672;2019-09-05;FRC;J22;;;5;975;182508829.0;;;2.11;2.11;2.11;2.11;2.11;2.11;0.0;2.11
111729;623673;2019-09-05;FRC;N22;;;4;776;144872769.0;;;2.11;2.11;2.11;2.11;2.11;2.11;0.0;0.0
111730;623674;2019-09-05;FRC;V22;;;2;136;25358639.0;;;2.02;2.02;2.02;2.02;2.02;2.1;0.0;0.0
111731;623675;2019-09-05;FRC;F23;;;12;3002;557830420.0;;;2.08;2.08;2.08;2.08;2.08;2.08;0.0;0.0
111732;623676;2019-09-05;FRC;J23;;;2;116;21526463.0;;;2.01;2.01;2.01;2.01;2.01;2.07;0.0;0.0
111733;623677;2019-09-05;FRC;N23;;;1;19;3512216.0;;;2.06;2.06;2.06;2.06;2.06;2.05;0.0;0.0
111734;623678;2019-09-05;FRC;V23;;;4;768;141622714.0;;;2.08;2.08;2.08;2.08;2.08;2.08;0.0;0.0
111735;623679;2019-09-05;FRC;F24;;;12;2379;437196254.0;;;2.04;2.04;2.13;2.12;2.13;2.13;0.0;2.13
111736;623680;2019-09-05;FRC;J24;;;0;0;0.0;;;0.0;0.0;0.0;0.0;0.0;2.12;0.0;0.0
111737;623681;2019-09-05;FRC;N24;;;3;2062;377662111.0;;;2.05;2.05;2.05;2.05;2.05;2.14;0.0;0.0
111738;623682;2019-09-05;FRC;F25;;;10;2847;517819473.0;;;2.12;2.1;2.2;2.12;2.2;2.2;0.0;2.2
111739;623683;2019-09-05;FRC;N25;;;0;0;0.0;;;0.0;0.0;0.0;0.0;0.0;2.23;0.0;0.0
111740;623684;2019-09-05;FRC;F26;;;8;3904;701162192.0;;;2.2;2.2;2.27;2.21;2.27;2.26;0.0;0.0
111741;623685;2019-09-05;FRC;N26;;;2;934;166734398.0;;;2.24;2.24;2.24;2.24;2.24;2.3;0.0;0.0
111742;623686;2019-09-05;FRC;F27;;;3;1857;329273002.0;;;2.28;2.28;2.28;2.28;2.28;2.35;0.0;0.0
111743;623687;2019-09-05;FRC;F28;;;0;0;0.0;;;0.0;0.0;0.0;0.0;0.0;2.41;0.0;2.45
111744;623688;2019-09-05;FRC;F29;;;0;0;0.0;;;0.0;0.0;0.0;0.0;0.0;2.49;0.0;0.0
111745;623689;2019-09-05;FRC;F30;;;0;0;0.0;;;0.0;0.0;0.0;0.0;0.0;2.57;0.0;0.0
111746;623690;2019-09-05;FRC;F31;;;0;0;0.0;;;0.0;0.0;0.0;0.0;0.0;2.63;0.0;0.0
111747;623849;2019-09-06;FRC;X19;;;86;65396;12572701474.0;;;3.11;3.11;3.21;3.19;3.2;3.2;3.2;3.22
111748;623850;2019-09-06;FRC;Z19;;;17;41800;8028243317.0;;;2.78;2.78;2.91;2.88;2.91;2.85;2.89;2.91
111749;623851;2019-09-06;FRC;F20;;;30;27957;5363146486.0;;;2.79;2.79;2.86;2.85;2.86;2.86;0.0;0.0
111750;623852;2019-09-06;FRC;G20;;;0;0;0.0;;;0.0;0.0;0.0;0.0;0.0;2.75;0.0;0.0
111751;623853;2019-09-06;FRC;H20;;;4;1393;266723358.0;;;2.66;2.66;2.66;2.66;2.66;2.66;0.0;0.0
111752;623854;2019-09-06;FRC;J20;;;16;10331;1976238497.0;;;2.58;2.58;2.61;2.6;2.61;2.61;2.61;0.0
111753;623855;2019-09-06;FRC;K20;;;4;991;189361548.0;;;2.58;2.58;2.58;2.58;2.58;2.58;0.0;0.0
111754;623856;2019-09-06;FRC;M20;;;3;8924;1703720170.0;;;2.55;2.55;2.55;2.55;2.55;2.55;0.0;0.0
111755;623857;2019-09-06;FRC;N20;;;92;26357;5028257529.0;;;2.43;2.43;2.49;2.47;2.49;2.49;0.0;0.0
111756;623858;2019-09-06;FRC;Q20;;;0;0;0.0;;;0.0;0.0;0.0;0.0;0.0;2.48;0.0;0.0
111757;623859;2019-09-06;FRC;U20;;;2;594;71172092.0;;;2.37;2.37;2.42;2.38;2.42;2.42;0.0;0.0
111758;623860;2019-09-06;FRC;V20;;;8;6683;1271995343.0;;;2.3;2.3;2.37;2.32;2.37;2.37;0.0;0.0
111759;623861;2019-09-06;FRC;F21;;;16;9718;1844597637.0;;;2.24;2.24;2.31;2.27;2.31;2.3;2.3;0.0
111760;623862;2019-09-06;FRC;J21;;;1;197;37293038.0;;;2.28;2.28;2.28;2.28;2.28;2.28;0.0;0.0
111761;623863;2019-09-06;FRC;N21;;;1;196;37010804.0;;;2.24;2.24;2.24;2.24;2.24;2.24;0.0;0.0
111762;623864;2019-09-06;FRC;V21;;;0;0;0.0;;;0.0;0.0;0.0;0.0;0.0;2.21;0.0;0.0
111763;623865;2019-09-06;FRC;F22;;;8;2148;403654730.0;;;2.17;2.17;2.17;2.17;2.17;2.17;0.0;0.0
111764;623866;2019-09-06;FRC;J22;;;0;0;0.0;;;0.0;0.0;0.0;0.0;0.0;2.15;0.0;0.0
111765;623867;2019-09-06;FRC;N22;;;2;583;109029774.0;;;2.14;2.14;2.14;2.14;2.14;2.14;0.0;0.0
111766;623868;2019-09-06;FRC;V22;;;0;0;0.0;;;0.0;0.0;0.0;0.0;0.0;2.15;0.0;0.0
111767;623869;2019-09-06;FRC;F23;;;8;2319;431429967.0;;;2.08;2.08;2.15;2.13;2.15;2.15;2.12;2.15
111768;623870;2019-09-06;FRC;J23;;;0;0;0.0;;;0.0;0.0;0.0;0.0;0.0;2.14;0.0;0.0
111769;623871;2019-09-06;FRC;N23;;;0;0;0.0;;;0.0;0.0;0.0;0.0;0.0;2.12;0.0;0.0
111770;623872;2019-09-06;FRC;V23;;;0;0;0.0;;;0.0;0.0;0.0;0.0;0.0;2.15;0.0;0.0
111771;623873;2019-09-06;FRC;F24;;;0;0;0.0;;;0.0;0.0;0.0;0.0;0.0;2.2;0.0;0.0
111772;623874;2019-09-06;FRC;J24;;;0;0;0.0;;;0.0;0.0;0.0;0.0;0.0;2.19;0.0;0.0
111773;623875;2019-09-06;FRC;N24;;;0;0;0.0;;;0.0;0.0;0.0;0.0;0.0;2.21;0.0;0.0
111774;623876;2019-09-06;FRC;F25;;;2;379;68950382.0;;;2.2;2.2;2.2;2.2;2.2;2.26;0.0;0.0
111775;623877;2019-09-06;FRC;N25;;;0;0;0.0;;;0.0;0.0;0.0;0.0;0.0;2.29;0.0;0.0
111776;623878;2019-09-06;FRC;F26;;;2;374;67087092.0;;;2.32;2.32;2.32;2.32;2.32;2.32;0.0;0.0
111777;623879;2019-09-06;FRC;N26;;;0;0;0.0;;;0.0;0.0;0.0;0.0;0.0;2.36;0.0;0.0
111778;623880;2019-09-06;FRC;F27;;;3;555;98209886.0;;;2.4;2.4;2.4;2.4;2.4;2.4;0.0;0.0
111779;623881;2019-09-06;FRC;F28;;;0;0;0.0;;;0.0;0.0;0.0;0.0;0.0;2.46;0.0;0.0
111780;623882;2019-09-06;FRC;F29;;;0;0;0.0;;;0.0;0.0;0.0;0.0;0.0;2.54;0.0;0.0
111781;623883;2019-09-06;FRC;F30;;;0;0;0.0;;;0.0;0.0;0.0;0.0;0.0;2.62;0.0;0.0
111782;623884;2019-09-06;FRC;F31;;;0;0;0.0;;;0.0;0.0;0.0;0.0;0.0;2.68;0.0;0.0
111783;624043;2019-09-09;FRC;X19;;;33;57581;11132217550.0;;;3.21;3.19;3.23;3.21;3.19;3.2;0.0;3.19
111784;624044;2019-09-09;FRC;Z19;;;9;7423;1433724832.0;;;2.85;2.85;2.86;2.85;2.86;2.85;2.85;2.87
111785;624045;2019-09-09;FRC;F20;;;29;35546;6857111480.0;;;2.86;2.84;2.88;2.85;2.84;2.85;2.83;2.85
111786;624046;2019-09-09;FRC;G20;;;2;1175;226423127.0;;;2.77;2.74;2.77;2.76;2.74;2.75;2.73;2.75
111787;624047;2019-09-09;FRC;H20;;;4;657;126499553.0;;;2.67;2.67;2.67;2.67;2.67;2.67;0.0;0.0
111788;624048;2019-09-09;FRC;J20;;;16;7988;1536540996.0;;;2.61;2.6;2.63;2.61;2.63;2.62;2.61;2.63
111789;624049;2019-09-09;FRC;K20;;;5;2182;419241976.0;;;2.6;2.6;2.6;2.6;2.6;2.6;0.0;0.0
111790;624050;2019-09-09;FRC;M20;;;8;2260;433874213.0;;;2.55;2.55;2.56;2.55;2.55;2.55;0.0;0.0
111791;624051;2019-09-09;FRC;N20;;;8;3923;752503556.0;;;2.49;2.49;2.5;2.49;2.5;2.5;0.0;0.0
111792;624052;2019-09-09;FRC;Q20;;;2;317;38337932.0;;;2.48;2.48;2.48;2.48;2.48;2.48;0.0;0.0
111793;624053;2019-09-09;FRC;U20;;;7;2769;334440027.0;;;2.42;2.42;2.42;2.42;2.42;2.42;0.0;0.0
111794;624054;2019-09-09;FRC;V20;;;5;990;189417669.0;;;2.39;2.39;2.39;2.39;2.39;2.39;2.38;2.4
111795;624055;2019-09-09;FRC;F21;;;6;1340;255686597.0;;;2.3;2.3;2.33;2.32;2.33;2.33;2.32;2.35
111796;624056;2019-09-09;FRC;J21;;;5;1220;232183882.0;;;2.28;2.28;2.31;2.3;2.31;2.31;0.0;0.0
111797;624057;2019-09-09;FRC;N21;;;5;745;141442833.0;;;2.24;2.24;2.26;2.25;2.26;2.26;2.26;0.0
111798;624058;2019-09-09;FRC;V21;;;0;0;0.0;;;0.0;0.0;0.0;0.0;0.0;2.24;0.0;0.0
111799;624059;2019-09-09;FRC;F22;;;12;6929;1309056063.0;;;2.17;2.17;2.21;2.18;2.21;2.21;0.0;0.0
111800;624060;2019-09-09;FRC;J22;;;7;2337;440470085.0;;;2.15;2.15;2.2;2.17;2.2;2.2;0.0;0.0
111801;624061;2019-09-09;FRC;N22;;;4;2993;562851052.0;;;2.14;2.14;2.14;2.14;2.14;2.19;0.0;0.0
111802;624062;2019-09-09;FRC;V22;;;0;0;0.0;;;0.0;0.0;0.0;0.0;0.0;2.19;0.0;0.0
111803;624063;2019-09-09;FRC;F23;;;5;1159;216621572.0;;;2.19;2.19;2.19;2.19;2.19;2.19;0.0;0.0
111804;624064;2019-09-09;FRC;J23;;;0;0;0.0;;;0.0;0.0;0.0;0.0;0.0;2.19;0.0;0.0
111805;624065;2019-09-09;FRC;N23;;;3;576;107117642.0;;;2.17;2.17;2.17;2.17;2.17;2.17;0.0;0.0
111806;624066;2019-09-09;FRC;V23;;;0;0;0.0;;;0.0;0.0;0.0;0.0;0.0;2.2;0.0;0.0
111807;624067;2019-09-09;FRC;F24;;;4;1146;211654207.0;;;2.25;2.25;2.25;2.25;2.25;2.25;0.0;0.0
111808;624068;2019-09-09;FRC;J24;;;0;0;0.0;;;0.0;0.0;0.0;0.0;0.0;2.24;0.0;0.0
111809;624069;2019-09-09;FRC;N24;;;0;0;0.0;;;0.0;0.0;0.0;0.0;0.0;2.26;0.0;0.0
111810;624070;2019-09-09;FRC;F25;;;6;794;144893572.0;;;2.26;2.26;2.31;2.29;2.31;2.31;0.0;0.0
111811;624071;2019-09-09;FRC;N25;;;0;0;0.0;;;0.0;0.0;0.0;0.0;0.0;2.34;0.0;0.0
111812;624072;2019-09-09;FRC;F26;;;2;187;33664555.0;;;2.39;2.39;2.39;2.39;2.39;2.38;0.0;0.0
111813;624073;2019-09-09;FRC;N26;;;0;0;0.0;;;0.0;0.0;0.0;0.0;0.0;2.42;0.0;0.0
111814;624074;2019-09-09;FRC;F27;;;3;739;131346846.0;;;2.42;2.42;2.47;2.43;2.47;2.47;0.0;0.0
111815;624075;2019-09-09;FRC;F28;;;0;0;0.0;;;0.0;0.0;0.0;0.0;0.0;2.53;0.0;0.0
111816;624076;2019-09-09;FRC;F29;;;2;126;21790544.0;;;2.54;2.54;2.54;2.54;2.54;2.6;0.0;0.0
111817;624077;2019-09-09;FRC;F30;;;0;0;0.0;;;0.0;0.0;0.0;0.0;0.0;2.68;0.0;0.0
111818;624078;2019-09-09;FRC;F31;;;0;0;0.0;;;0.0;0.0;0.0;0.0;0.0;2.74;0.0;0.0
111819;624237;2019-09-10;FRC;X19;;;25;36750;7094266457.0;;;3.12;3.12;3.22;3.19;3.22;3.22;0.0;3.24
111820;624238;2019-09-10;FRC;Z19;;;17;19557;3771524213.0;;;2.85;2.85;2.89;2.87;2.89;2.89;2.89;2.92
111821;624239;2019-09-10;FRC;F20;;;16;16337;3146686719.0;;;2.85;2.85;2.88;2.87;2.88;2.88;2.86;0.0
111822;624240;2019-09-10;FRC;G20;;;7;2189;421169136.0;;;2.78;2.78;2.78;2.78;2.78;2.78;0.0;0.0
111823;624241;2019-09-10;FRC;H20;;;2;696;133803830.0;;;2.67;2.67;2.67;2.67;2.67;2.7;0.0;0.0
111824;624242;2019-09-10;FRC;J20;;;9;4431;850931657.0;;;2.67;2.66;2.67;2.66;2.66;2.66;2.68;2.7
111825;624243;2019-09-10;FRC;K20;;;0;0;0.0;;;0.0;0.0;0.0;0.0;0.0;2.64;0.0;0.0
111826;624244;2019-09-10;FRC;M20;;;0;0;0.0;;;0.0;0.0;0.0;0.0;0.0;2.6;0.0;0.0
111827;624245;2019-09-10;FRC;N20;;;9;8120;1554873029.0;;;2.55;2.55;2.55;2.55;2.55;2.55;2.54;0.0
111828;624246;2019-09-10;FRC;Q20;;;3;990;119378257.0;;;2.54;2.54;2.54;2.54;2.54;2.54;0.0;2.55
111829;624247;2019-09-10;FRC;U20;;;2;1384;166690277.0;;;2.49;2.49;2.49;2.49;2.49;2.49;0.0;0.0
111830;624248;2019-09-10;FRC;V20;;;6;1583;302286185.0;;;2.47;2.47;2.47;2.47;2.47;2.47;0.0;0.0
111831;624249;2019-09-10;FRC;F21;;;19;11465;2182981348.0;;;2.35;2.35;2.43;2.42;2.42;2.43;0.0;2.43
111832;624250;2019-09-10;FRC;J21;;;5;1767;335551668.0;;;2.39;2.39;2.39;2.39;2.39;2.39;2.39;0.0
111833;624251;2019-09-10;FRC;N21;;;2;98;18563722.0;;;2.34;2.34;2.34;2.34;2.34;2.34;2.34;0.0
111834;624252;2019-09-10;FRC;V21;;;2;586;110688942.0;;;2.33;2.33;2.33;2.33;2.33;2.33;0.0;0.0
111835;624253;2019-09-10;FRC;F22;;;10;4095;771406029.0;;;2.31;2.31;2.31;2.31;2.31;2.31;2.3;0.0
111836;624254;2019-09-10;FRC;J22;;;0;0;0.0;;;0.0;0.0;0.0;0.0;0.0;2.3;0.0;0.0
111837;624255;2019-09-10;FRC;N22;;;4;970;181760238.0;;;2.29;2.29;2.29;2.29;2.29;2.29;0.0;0.0
111838;624256;2019-09-10;FRC;V22;;;0;0;0.0;;;0.0;0.0;0.0;0.0;0.0;2.3;0.0;0.0
111839;624257;2019-09-10;FRC;F23;;;6;1158;215726946.0;;;2.3;2.3;2.3;2.3;2.3;2.3;2.28;2.29
111840;624258;2019-09-10;FRC;J23;;;1;192;35664460.0;;;2.3;2.3;2.3;2.3;2.3;2.3;0.0;0.0
111841;624259;2019-09-10;FRC;N23;;;1;192;35569220.0;;;2.3;2.3;2.3;2.3;2.3;2.3;0.0;0.0
111842;624260;2019-09-10;FRC;V23;;;0;0;0.0;;;0.0;0.0;0.0;0.0;0.0;2.33;0.0;2.33
111843;624261;2019-09-10;FRC;F24;;;7;1337;245919321.0;;;2.38;2.38;2.38;2.38;2.38;2.38;2.35;2.38
111844;624262;2019-09-10;FRC;J24;;;0;0;0.0;;;0.0;0.0;0.0;0.0;0.0;2.37;0.0;0.0
111845;624263;2019-09-10;FRC;N24;;;0;0;0.0;;;0.0;0.0;0.0;0.0;0.0;2.39;0.0;0.0
111846;624264;2019-09-10;FRC;F25;;;2;376;68251650.0;;;2.44;2.44;2.44;2.44;2.44;2.44;0.0;0.0
111847;624265;2019-09-10;FRC;N25;;;0;0;0.0;;;0.0;0.0;0.0;0.0;0.0;2.47;0.0;0.0
111848;624266;2019-09-10;FRC;F26;;;3;558;99897789.0;;;2.52;2.52;2.52;2.52;2.52;2.52;0.0;0.0
111849;624267;2019-09-10;FRC;N26;;;0;0;0.0;;;0.0;0.0;0.0;0.0;0.0;2.56;0.0;0.0
111850;624268;2019-09-10;FRC;F27;;;2;368;64941387.0;;;2.6;2.6;2.6;2.6;2.6;2.6;0.0;0.0
111851;624269;2019-09-10;FRC;F28;;;0;0;0.0;;;0.0;0.0;0.0;0.0;0.0;2.68;0.0;0.0
111852;624270;2019-09-10;FRC;F29;;;0;0;0.0;;;0.0;0.0;0.0;0.0;0.0;2.71;0.0;0.0
111853;624271;2019-09-10;FRC;F30;;;0;0;0.0;;;0.0;0.0;0.0;0.0;0.0;2.79;0.0;0.0
111854;624272;2019-09-10;FRC;F31;;;0;0;0.0;;;0.0;0.0;0.0;0.0;0.0;2.85;0.0;0.0
111855;624431;2019-09-11;FRC;X19;;;17;34951;6696531491.0;;;3.23;3.23;3.23;3.23;3.23;3.23;0.0;3.23
111856;624432;2019-09-11;FRC;Z19;;;8;15961;3054954715.0;;;2.91;2.91;2.94;2.91;2.91;2.91;0.0;0.0
111857;624433;2019-09-11;FRC;F20;;;14;17138;3276355738.0;;;2.88;2.87;2.88;2.87;2.87;2.87;0.0;0.0
111858;624434;2019-09-11;FRC;G20;;;0;0;0.0;;;0.0;0.0;0.0;0.0;0.0;2.78;0.0;0.0
111859;624435;2019-09-11;FRC;H20;;;0;0;0.0;;;0.0;0.0;0.0;0.0;0.0;2.7;0.0;0.0
111860;624436;2019-09-11;FRC;J20;;;14;8446;1609821658.0;;;2.67;2.67;2.68;2.67;2.68;2.67;2.68;0.0
111861;624437;2019-09-11;FRC;K20;;;3;4446;846460910.0;;;2.64;2.64;2.65;2.64;2.65;2.65;0.0;0.0
111862;624438;2019-09-11;FRC;M20;;;0;0;0.0;;;0.0;0.0;0.0;0.0;0.0;2.6;0.0;0.0
111863;624439;2019-09-11;FRC;N20;;;14;12954;2462013897.0;;;2.55;2.55;2.55;2.55;2.55;2.55;0.0;0.0
111864;624440;2019-09-11;FRC;Q20;;;0;0;0.0;;;0.0;0.0;0.0;0.0;0.0;2.54;0.0;0.0
111865;624441;2019-09-11;FRC;U20;;;3;594;70753377.0;;;2.49;2.49;2.49;2.49;2.49;2.49;0.0;0.0
111866;624442;2019-09-11;FRC;V20;;;4;4108;778554843.0;;;2.47;2.46;2.6;2.47;2.48;2.47;0.0;0.0
111867;624443;2019-09-11;FRC;F21;;;11;10756;2032817939.0;;;2.43;2.41;2.43;2.41;2.41;2.41;2.41;2.42
111868;624444;2019-09-11;FRC;J21;;;4;981;184899819.0;;;2.39;2.39;2.39;2.39;2.39;2.39;0.0;0.0
111869;624445;2019-09-11;FRC;N21;;;6;1960;368470182.0;;;2.35;2.35;2.35;2.35;2.35;2.35;0.0;0.0
111870;624446;2019-09-11;FRC;V21;;;2;390;73114867.0;;;2.33;2.33;2.33;2.33;2.33;2.33;0.0;0.0
111871;624447;2019-09-11;FRC;F22;;;12;6648;1242836904.0;;;2.32;2.32;2.32;2.32;2.32;2.32;0.0;2.32
111872;624448;2019-09-11;FRC;J22;;;2;194;36179719.0;;;2.29;2.29;2.29;2.29;2.29;2.3;0.0;0.0
111873;624449;2019-09-11;FRC;N22;;;5;970;180427231.0;;;2.28;2.28;2.28;2.28;2.28;2.28;0.0;2.3
111874;624450;2019-09-11;FRC;V22;;;5;1063;197122901.0;;;2.29;2.29;2.29;2.29;2.29;2.29;0.0;0.0
111875;624451;2019-09-11;FRC;F23;;;8;2123;392606664.0;;;2.29;2.29;2.29;2.29;2.29;2.29;0.0;0.0
111876;624452;2019-09-11;FRC;J23;;;0;0;0.0;;;0.0;0.0;0.0;0.0;0.0;2.29;0.0;0.0
111877;624453;2019-09-11;FRC;N23;;;0;0;0.0;;;0.0;0.0;0.0;0.0;0.0;2.29;0.0;0.0
111878;624454;2019-09-11;FRC;V23;;;0;0;0.0;;;0.0;0.0;0.0;0.0;0.0;2.31;0.0;0.0
111879;624455;2019-09-11;FRC;F24;;;5;687;125456631.0;;;2.38;2.36;2.38;2.36;2.36;2.36;0.0;0.0
111880;624456;2019-09-11;FRC;J24;;;0;0;0.0;;;0.0;0.0;0.0;0.0;0.0;2.35;0.0;0.0
111881;624457;2019-09-11;FRC;N24;;;0;0;0.0;;;0.0;0.0;0.0;0.0;0.0;2.37;0.0;0.0
111882;624458;2019-09-11;FRC;F25;;;13;2473;445759007.0;;;2.44;2.43;2.44;2.43;2.43;2.43;0.0;0.0
111883;624459;2019-09-11;FRC;N25;;;0;0;0.0;;;0.0;0.0;0.0;0.0;0.0;2.46;0.0;0.0
111884;624460;2019-09-11;FRC;F26;;;3;558;99180314.0;;;2.51;2.51;2.51;2.51;2.51;2.51;0.0;0.0
111885;624461;2019-09-11;FRC;N26;;;0;0;0.0;;;0.0;0.0;0.0;0.0;0.0;2.55;0.0;0.0
111886;624462;2019-09-11;FRC;F27;;;2;202;35374604.0;;;2.6;2.6;2.6;2.6;2.6;2.6;0.0;0.0
111887;624463;2019-09-11;FRC;F28;;;3;108;18616969.0;;;2.68;2.68;2.68;2.68;2.68;2.68;0.0;0.0
111888;624464;2019-09-11;FRC;F29;;;0;0;0.0;;;0.0;0.0;0.0;0.0;0.0;2.71;2.7;0.0
111889;624465;2019-09-11;FRC;F30;;;0;0;0.0;;;0.0;0.0;0.0;0.0;0.0;2.79;0.0;0.0
111890;624466;2019-09-11;FRC;F31;;;0;0;0.0;;;0.0;0.0;0.0;0.0;0.0;2.85;0.0;0.0
111891;624636;2019-09-12;FRC;X19;;;55;95446;18371810388.0;;;3.23;3.22;3.29;3.25;3.25;3.25;3.23;0.0
111892;624637;2019-09-12;FRC;Z19;;;7;5983;1150451340.0;;;2.92;2.92;2.92;2.92;2.92;2.92;2.92;0.0
111893;624638;2019-09-12;FRC;F20;;;15;20267;3892372366.0;;;2.86;2.86;2.91;2.89;2.9;2.9;2.9;0.0
111894;624639;2019-09-12;FRC;G20;;;0;0;0.0;;;0.0;0.0;0.0;0.0;0.0;2.81;0.0;0.0
111895;624640;2019-09-12;FRC;H20;;;0;0;0.0;;;0.0;0.0;0.0;0.0;0.0;2.73;0.0;0.0
111896;624641;2019-09-12;FRC;J20;;;4;1788;342346173.0;;;2.7;2.7;2.7;2.7;2.7;2.7;0.0;0.0
111897;624642;2019-09-12;FRC;K20;;;4;396;75737258.0;;;2.66;2.66;2.66;2.66;2.66;2.69;0.0;0.0
111898;624643;2019-09-12;FRC;M20;;;0;0;0.0;;;0.0;0.0;0.0;0.0;0.0;2.64;0.0;0.0
111899;624644;2019-09-12;FRC;N20;;;8;2970;566979186.0;;;2.57;2.57;2.6;2.59;2.6;2.6;2.59;2.61
111900;624645;2019-09-12;FRC;Q20;;;0;0;0.0;;;0.0;0.0;0.0;0.0;0.0;2.59;0.0;0.0
111901;624646;2019-09-12;FRC;U20;;;7;1542;184843017.0;;;2.49;2.49;2.52;2.5;2.52;2.53;0.0;0.0
111902;624647;2019-09-12;FRC;V20;;;10;3419;650914449.0;;;2.47;2.47;2.51;2.49;2.51;2.51;0.0;0.0
111903;624648;2019-09-12;FRC;F21;;;15;14438;2740600224.0;;;2.42;2.41;2.48;2.45;2.48;2.48;0.0;2.5
111904;624649;2019-09-12;FRC;J21;;;4;1768;334695836.0;;;2.42;2.42;2.45;2.42;2.45;2.45;0.0;0.0
111905;624650;2019-09-12;FRC;N21;;;6;1176;221987791.0;;;2.41;2.41;2.41;2.41;2.41;2.41;0.0;0.0
111906;624651;2019-09-12;FRC;V21;;;0;0;0.0;;;0.0;0.0;0.0;0.0;0.0;2.39;0.0;0.0
111907;624652;2019-09-12;FRC;F22;;;11;2593;486764290.0;;;2.32;2.32;2.39;2.36;2.39;2.39;0.0;2.39
111908;624653;2019-09-12;FRC;J22;;;4;1165;218058286.0;;;2.37;2.37;2.37;2.37;2.37;2.37;0.0;0.0
111909;624654;2019-09-12;FRC;N22;;;0;0;0.0;;;0.0;0.0;0.0;0.0;0.0;2.35;0.0;0.0
111910;624655;2019-09-12;FRC;V22;;;0;0;0.0;;;0.0;0.0;0.0;0.0;0.0;2.35;0.0;0.0
111911;624656;2019-09-12;FRC;F23;;;26;6580;1222254191.0;;;2.26;2.26;2.35;2.3;2.35;2.35;0.0;0.0
111912;624657;2019-09-12;FRC;J23;;;0;0;0.0;;;0.0;0.0;0.0;0.0;0.0;2.34;0.0;0.0
111913;624658;2019-09-12;FRC;N23;;;2;576;106312343.0;;;2.34;2.34;2.35;2.34;2.35;2.34;0.0;0.0
111914;624659;2019-09-12;FRC;V23;;;2;382;70280352.0;;;2.36;2.36;2.36;2.36;2.36;2.36;0.0;2.38
111915;624660;2019-09-12;FRC;F24;;;2;610;111799898.0;;;2.4;2.4;2.41;2.4;2.41;2.41;0.0;0.0
111916;624661;2019-09-12;FRC;J24;;;0;0;0.0;;;0.0;0.0;0.0;0.0;0.0;2.41;2.41;0.0
111917;624662;2019-09-12;FRC;N24;;;0;0;0.0;;;0.0;0.0;0.0;0.0;0.0;2.43;0.0;0.0
111918;624663;2019-09-12;FRC;F25;;;6;828;149750391.0;;;2.42;2.42;2.5;2.47;2.5;2.5;0.0;0.0
111919;624664;2019-09-12;FRC;N25;;;0;0;0.0;;;0.0;0.0;0.0;0.0;0.0;2.53;0.0;0.0
111920;624665;2019-09-12;FRC;F26;;;0;0;0.0;;;0.0;0.0;0.0;0.0;0.0;2.58;0.0;0.0
111921;624666;2019-09-12;FRC;N26;;;0;0;0.0;;;0.0;0.0;0.0;0.0;0.0;2.63;0.0;0.0
111922;624667;2019-09-12;FRC;F27;;;4;570;100051724.0;;;2.6;2.6;2.68;2.67;2.68;2.68;0.0;0.0
111923;624668;2019-09-12;FRC;F28;;;7;2037;353445439.0;;;2.65;2.65;2.68;2.65;2.68;2.76;0.0;0.0
111924;624669;2019-09-12;FRC;F29;;;3;2155;368264179.0;;;2.69;2.69;2.79;2.73;2.79;2.79;0.0;0.0
111925;624670;2019-09-12;FRC;F30;;;0;0;0.0;;;0.0;0.0;0.0;0.0;0.0;2.87;0.0;0.0
111926;624671;2019-09-12;FRC;F31;;;0;0;0.0;;;0.0;0.0;0.0;0.0;0.0;2.93;0.0;0.0
111927;624841;2019-09-13;FRC;X19;;;29;53122;10276710222.0;;;3.28;3.28;3.3;3.29;3.3;3.3;0.0;0.0
111928;624842;2019-09-13;FRC;Z19;;;1;12368;2390105132.0;;;2.98;2.98;2.98;2.98;2.98;2.98;0.0;0.0
111929;624843;2019-09-13;FRC;F20;;;11;20520;3960470065.0;;;2.97;2.97;2.97;2.97;2.97;2.97;0.0;0.0
111930;624844;2019-09-13;FRC;G20;;;4;4179;805702041.0;;;2.85;2.85;2.85;2.85;2.85;2.85;0.0;0.0
111931;624845;2019-09-13;FRC;H20;;;0;0;0.0;;;0.0;0.0;0.0;0.0;0.0;2.78;0.0;0.0
111932;624846;2019-09-13;FRC;J20;;;14;5980;1150586198.0;;;2.72;2.72;2.77;2.76;2.77;2.77;0.0;0.0
111933;624847;2019-09-13;FRC;K20;;;0;0;0.0;;;0.0;0.0;0.0;0.0;0.0;2.76;0.0;0.0
111934;624848;2019-09-13;FRC;M20;;;0;0;0.0;;;0.0;0.0;0.0;0.0;0.0;2.72;0.0;0.0
111935;624849;2019-09-13;FRC;N20;;;9;6435;1234292234.0;;;2.65;2.65;2.68;2.67;2.68;2.68;0.0;2.7
111936;624850;2019-09-13;FRC;Q20;;;0;0;0.0;;;0.0;0.0;0.0;0.0;0.0;2.67;0.0;0.0
111937;624851;2019-09-13;FRC;U20;;;0;0;0.0;;;0.0;0.0;0.0;0.0;0.0;2.61;0.0;0.0
111938;624852;2019-09-13;FRC;V20;;;5;1401;267923286.0;;;2.56;2.56;2.6;2.59;2.6;2.6;0.0;0.0
111939;624853;2019-09-13;FRC;F21;;;20;11125;2121276643.0;;;2.5;2.5;2.6;2.53;2.56;2.56;0.0;0.0
111940;624854;2019-09-13;FRC;J21;;;2;589;111966776.0;;;2.54;2.54;2.54;2.54;2.54;2.54;0.0;0.0
111941;624855;2019-09-13;FRC;N21;;;0;0;0.0;;;0.0;0.0;0.0;0.0;0.0;2.5;0.0;0.0
111942;624856;2019-09-13;FRC;V21;;;0;0;0.0;;;0.0;0.0;0.0;0.0;0.0;2.49;0.0;0.0
111943;624857;2019-09-13;FRC;F22;;;7;2142;403559496.0;;;2.49;2.49;2.49;2.49;2.49;2.49;0.0;0.0
111944;624858;2019-09-13;FRC;J22;;;1;194;36445736.0;;;2.48;2.48;2.48;2.48;2.48;2.48;0.0;0.0
111945;624859;2019-09-13;FRC;N22;;;2;388;72688382.0;;;2.47;2.47;2.47;2.47;2.47;2.47;0.0;0.0
111946;624860;2019-09-13;FRC;V22;;;1;193;36041462.0;;;2.47;2.47;2.47;2.47;2.47;2.47;0.0;0.0
111947;624861;2019-09-13;FRC;F23;;;11;3655;680985431.0;;;2.38;2.38;2.47;2.42;2.47;2.47;0.0;0.0
111948;624862;2019-09-13;FRC;J23;;;0;0;0.0;;;0.0;0.0;0.0;0.0;0.0;2.46;0.0;0.0
111949;624863;2019-09-13;FRC;N23;;;0;0;0.0;;;0.0;0.0;0.0;0.0;0.0;2.46;0.0;0.0
111950;624864;2019-09-13;FRC;V23;;;3;573;105716672.0;;;2.48;2.48;2.48;2.48;2.48;2.48;0.0;0.0
111951;624865;2019-09-13;FRC;F24;;;9;2662;489410391.0;;;2.51;2.5;2.51;2.5;2.5;2.5;0.0;0.0
111952;624866;2019-09-13;FRC;J24;;;0;0;0.0;;;0.0;0.0;0.0;0.0;0.0;2.5;0.0;0.0
111953;624867;2019-09-13;FRC;N24;;;0;0;0.0;;;0.0;0.0;0.0;0.0;0.0;2.52;0.0;0.0
111954;624868;2019-09-13;FRC;F25;;;15;4605;834622286.0;;;2.55;2.55;2.6;2.59;2.59;2.6;0.0;2.6
111955;624869;2019-09-13;FRC;N25;;;0;0;0.0;;;0.0;0.0;0.0;0.0;0.0;2.63;0.0;0.0
111956;624870;2019-09-13;FRC;F26;;;5;2324;416099452.0;;;2.58;2.58;2.71;2.59;2.71;2.68;0.0;0.0
111957;624871;2019-09-13;FRC;N26;;;0;0;0.0;;;0.0;0.0;0.0;0.0;0.0;2.73;0.0;0.0
111958;624872;2019-09-13;FRC;F27;;;5;1928;340087008.0;;;2.67;2.67;2.78;2.67;2.78;2.79;0.0;0.0
111959;624873;2019-09-13;FRC;F28;;;1;90;15566876.0;;;2.86;2.86;2.86;2.86;2.86;2.87;0.0;0.0
111960;624874;2019-09-13;FRC;F29;;;2;358;61077250.0;;;2.9;2.9;2.9;2.9;2.9;2.9;0.0;0.0
111961;624875;2019-09-13;FRC;F30;;;0;0;0.0;;;0.0;0.0;0.0;0.0;0.0;2.98;0.0;0.0
111962;624876;2019-09-13;FRC;F31;;;0;0;0.0;;;0.0;0.0;0.0;0.0;0.0;3.04;0.0;0.0
111963;625036;2019-09-16;FRC;X19;;;67;151443;29280421943.0;;;3.26;3.26;3.34;3.31;3.33;3.33;0.0;3.34
111964;625037;2019-09-16;FRC;Z19;;;10;14981;2893332313.0;;;3.01;2.99;3.02;2.99;3.02;2.99;2.99;3.01
111965;625038;2019-09-16;FRC;F20;;;17;24524;4730389273.0;;;2.98;2.97;3.0;2.98;2.98;2.98;0.0;0.0
111966;625039;2019-09-16;FRC;G20;;;2;1194;230057052.0;;;2.87;2.87;2.87;2.87;2.87;2.87;0.0;0.0
111967;625040;2019-09-16;FRC;H20;;;0;0;0.0;;;0.0;0.0;0.0;0.0;0.0;2.8;0.0;0.0
111968;625041;2019-09-16;FRC;J20;;;2;596;114594931.0;;;2.8;2.8;2.8;2.8;2.8;2.8;0.0;2.8
111969;625042;2019-09-16;FRC;K20;;;2;396;76053574.0;;;2.75;2.75;2.75;2.75;2.75;2.75;0.0;0.0
111970;625043;2019-09-16;FRC;M20;;;10;3289;631080089.0;;;2.69;2.69;2.72;2.71;2.72;2.72;0.0;0.0
111971;625044;2019-09-16;FRC;N20;;;18;5643;1081799010.0;;;2.66;2.66;2.66;2.66;2.66;2.66;0.0;0.0
111972;625045;2019-09-16;FRC;Q20;;;4;1386;167481272.0;;;2.63;2.63;2.63;2.63;2.63;2.63;0.0;0.0
111973;625046;2019-09-16;FRC;U20;;;4;1385;167229319.0;;;2.59;2.59;2.59;2.59;2.59;2.59;0.0;0.0
111974;625047;2019-09-16;FRC;V20;;;4;1578;301632054.0;;;2.58;2.56;2.58;2.57;2.56;2.56;0.0;2.6
111975;625048;2019-09-16;FRC;F21;;;15;5062;964740367.0;;;2.56;2.51;2.57;2.51;2.51;2.51;2.5;0.0
111976;625049;2019-09-16;FRC;J21;;;9;1607;305400529.0;;;2.54;2.49;2.54;2.49;2.49;2.49;0.0;0.0
111977;625050;2019-09-16;FRC;N21;;;6;1196;226672624.0;;;2.46;2.46;2.46;2.46;2.46;2.46;0.0;2.47
111978;625051;2019-09-16;FRC;V21;;;2;254;47991463.0;;;2.46;2.46;2.46;2.46;2.46;2.46;0.0;0.0
111979;625052;2019-09-16;FRC;F22;;;12;3506;660509974.0;;;2.44;2.44;2.44;2.44;2.44;2.44;0.0;2.43
111980;625053;2019-09-16;FRC;J22;;;2;388;72873786.0;;;2.45;2.45;2.45;2.45;2.45;2.45;0.0;0.0
111981;625054;2019-09-16;FRC;N22;;;0;0;0.0;;;0.0;0.0;0.0;0.0;0.0;2.43;0.0;2.44
111982;625055;2019-09-16;FRC;V22;;;4;772;144181612.0;;;2.42;2.42;2.42;2.42;2.42;2.42;2.43;0.0
111983;625056;2019-09-16;FRC;F23;;;13;2584;481283056.0;;;2.45;2.41;2.45;2.41;2.41;2.41;0.0;0.0
111984;625057;2019-09-16;FRC;J23;;;0;0;0.0;;;0.0;0.0;0.0;0.0;0.0;2.4;0.0;0.0
111985;625058;2019-09-16;FRC;N23;;;0;0;0.0;;;0.0;0.0;0.0;0.0;0.0;2.41;0.0;0.0
111986;625059;2019-09-16;FRC;V23;;;1;191;35250131.0;;;2.43;2.43;2.43;2.43;2.43;2.43;0.0;0.0
111987;625060;2019-09-16;FRC;F24;;;4;760;139773680.0;;;2.45;2.45;2.45;2.45;2.45;2.45;0.0;0.0
111988;625061;2019-09-16;FRC;J24;;;0;0;0.0;;;0.0;0.0;0.0;0.0;0.0;2.45;0.0;0.0
111989;625062;2019-09-16;FRC;N24;;;0;0;0.0;;;0.0;0.0;0.0;0.0;0.0;2.46;2.46;0.0
111990;625063;2019-09-16;FRC;F25;;;6;790;143317222.0;;;2.59;2.53;2.59;2.53;2.54;2.53;0.0;0.0
111991;625064;2019-09-16;FRC;N25;;;0;0;0.0;;;0.0;0.0;0.0;0.0;0.0;2.56;0.0;0.0
111992;625065;2019-09-16;FRC;F26;;;0;0;0.0;;;0.0;0.0;0.0;0.0;0.0;2.61;0.0;0.0
111993;625066;2019-09-16;FRC;N26;;;0;0;0.0;;;0.0;0.0;0.0;0.0;0.0;2.67;0.0;0.0
111994;625067;2019-09-16;FRC;F27;;;2;366;64394272.0;;;2.73;2.73;2.73;2.73;2.73;2.73;0.0;0.0
111995;625068;2019-09-16;FRC;F28;;;0;0;0.0;;;0.0;0.0;0.0;0.0;0.0;2.82;0.0;0.0
111996;625069;2019-09-16;FRC;F29;;;3;716;122305596.0;;;2.85;2.85;2.85;2.85;2.85;2.85;0.0;0.0
111997;625070;2019-09-16;FRC;F30;;;0;0;0.0;;;0.0;0.0;0.0;0.0;0.0;2.93;0.0;0.0
111998;625071;2019-09-16;FRC;F31;;;0;0;0.0;;;0.0;0.0;0.0;0.0;0.0;2.99;0.0;0.0
111999;625231;2019-09-17;FRC;X19;;;89;212299;40869103013.0;;;3.33;3.33;3.41;3.38;3.41;3.41;3.41;3.43
112000;625232;2019-09-17;FRC;Z19;;;26;22796;4383520488.0;;;3.02;3.02;3.08;3.05;3.06;3.05;0.0;3.09
112001;625233;2019-09-17;FRC;F20;;;15;16314;3133046544.0;;;3.05;3.04;3.05;3.04;3.04;3.04;0.0;0.0
112002;625234;2019-09-17;FRC;G20;;;3;1393;267218488.0;;;2.93;2.93;2.93;2.93;2.93;2.93;0.0;0.0
112003;625235;2019-09-17;FRC;H20;;;2;398;76277943.0;;;2.84;2.84;2.84;2.84;2.84;2.84;0.0;0.0
112004;625236;2019-09-17;FRC;J20;;;21;9135;1748728593.0;;;2.85;2.83;2.85;2.83;2.84;2.83;0.0;2.83
112005;625237;2019-09-17;FRC;K20;;;1;198;37861603.0;;;2.77;2.77;2.77;2.77;2.77;2.77;0.0;0.0
112006;625238;2019-09-17;FRC;M20;;;5;3369;643633854.0;;;2.73;2.73;2.73;2.73;2.73;2.73;0.0;0.0
112007;625239;2019-09-17;FRC;N20;;;21;7524;1436056024.0;;;2.68;2.68;2.69;2.68;2.69;2.69;0.0;0.0
112008;625240;2019-09-17;FRC;Q20;;;4;1859;222931214.0;;;2.65;2.65;2.65;2.65;2.65;2.65;0.0;0.0
112009;625241;2019-09-17;FRC;U20;;;4;2174;260504419.0;;;2.61;2.61;2.63;2.62;2.63;2.63;0.0;0.0
112010;625242;2019-09-17;FRC;V20;;;9;5667;1078545486.0;;;2.56;2.56;2.59;2.58;2.59;2.59;0.0;0.0
112011;625243;2019-09-17;FRC;F21;;;17;7088;1344815335.0;;;2.51;2.51;2.55;2.54;2.55;2.55;0.0;0.0
112012;625244;2019-09-17;FRC;J21;;;0;0;0.0;;;0.0;0.0;0.0;0.0;0.0;2.53;2.5;0.0
112013;625245;2019-09-17;FRC;N21;;;0;0;0.0;;;0.0;0.0;0.0;0.0;0.0;2.5;0.0;2.5
112014;625246;2019-09-17;FRC;V21;;;3;488;91790195.0;;;2.47;2.47;2.48;2.47;2.48;2.5;0.0;2.5
112015;625247;2019-09-17;FRC;F22;;;4;1888;354107322.0;;;2.46;2.45;2.46;2.45;2.45;2.47;0.0;2.46
112016;625248;2019-09-17;FRC;J22;;;0;0;0.0;;;0.0;0.0;0.0;0.0;0.0;2.48;0.0;0.0
112017;625249;2019-09-17;FRC;N22;;;0;0;0.0;;;0.0;0.0;0.0;0.0;0.0;2.46;0.0;2.46
112018;625250;2019-09-17;FRC;V22;;;2;386;71750386.0;;;2.45;2.45;2.45;2.45;2.45;2.45;0.0;2.45
112019;625251;2019-09-17;FRC;F23;;;5;1157;214474736.0;;;2.44;2.44;2.44;2.44;2.44;2.44;0.0;2.43
112020;625252;2019-09-17;FRC;J23;;;0;0;0.0;;;0.0;0.0;0.0;0.0;0.0;2.43;0.0;0.0
112021;625253;2019-09-17;FRC;N23;;;0;0;0.0;;;0.0;0.0;0.0;0.0;0.0;2.44;0.0;0.0
112022;625254;2019-09-17;FRC;V23;;;0;0;0.0;;;0.0;0.0;0.0;0.0;0.0;2.45;0.0;0.0
112023;625255;2019-09-17;FRC;F24;;;9;2091;382771987.0;;;2.47;2.47;2.47;2.47;2.47;2.47;0.0;0.0
112024;625256;2019-09-17;FRC;J24;;;0;0;0.0;;;0.0;0.0;0.0;0.0;0.0;2.47;0.0;0.0
112025;625257;2019-09-17;FRC;N24;;;3;947;172317343.0;;;2.48;2.48;2.48;2.48;2.48;2.48;0.0;0.0
112026;625258;2019-09-17;FRC;F25;;;8;1391;251143318.0;;;2.55;2.55;2.55;2.55;2.55;2.55;0.0;0.0
112027;625259;2019-09-17;FRC;N25;;;0;0;0.0;;;0.0;0.0;0.0;0.0;0.0;2.58;0.0;0.0
112028;625260;2019-09-17;FRC;F26;;;0;0;0.0;;;0.0;0.0;0.0;0.0;0.0;2.63;2.62;2.65
112029;625261;2019-09-17;FRC;N26;;;0;0;0.0;;;0.0;0.0;0.0;0.0;0.0;2.69;0.0;0.0
112030;625262;2019-09-17;FRC;F27;;;0;0;0.0;;;0.0;0.0;0.0;0.0;0.0;2.75;0.0;2.75
112031;625263;2019-09-17;FRC;F28;;;0;0;0.0;;;0.0;0.0;0.0;0.0;0.0;2.84;0.0;0.0
112032;625264;2019-09-17;FRC;F29;;;0;0;0.0;;;0.0;0.0;0.0;0.0;0.0;2.87;0.0;0.0
112033;625265;2019-09-17;FRC;F30;;;0;0;0.0;;;0.0;0.0;0.0;0.0;0.0;2.95;0.0;0.0
112034;625266;2019-09-17;FRC;F31;;;0;0;0.0;;;0.0;0.0;0.0;0.0;0.0;3.01;0.0;0.0
112035;625424;2019-09-18;FRC;X19;;;90;166677;32119712027.0;;;3.43;3.3;3.44;3.34;3.35;3.34;3.35;3.37
112036;625425;2019-09-18;FRC;Z19;;;36;20356;3918346683.0;;;3.09;2.98;3.09;3.04;3.02;3.02;3.02;3.05
112037;625426;2019-09-18;FRC;F20;;;18;16952;3258956596.0;;;3.04;3.02;3.04;3.02;3.02;3.02;0.0;0.0
112038;625427;2019-09-18;FRC;G20;;;2;1194;229275172.0;;;2.93;2.93;2.93;2.93;2.93;2.93;0.0;0.0
112039;625428;2019-09-18;FRC;H20;;;6;4772;915489408.0;;;2.84;2.78;2.85;2.83;2.85;2.85;0.0;0.0
112040;625429;2019-09-18;FRC;J20;;;23;15013;2877064414.0;;;2.83;2.8;2.83;2.8;2.8;2.8;2.8;2.83
112041;625430;2019-09-18;FRC;K20;;;0;0;0.0;;;0.0;0.0;0.0;0.0;0.0;2.77;0.0;0.0
112042;625431;2019-09-18;FRC;M20;;;8;4163;796069636.0;;;2.75;2.75;2.75;2.75;2.75;2.75;0.0;2.75
112043;625432;2019-09-18;FRC;N20;;;26;8831;1687127245.0;;;2.66;2.64;2.7;2.69;2.7;2.7;0.0;2.7
112044;625433;2019-09-18;FRC;Q20;;;5;1781;213966734.0;;;2.67;2.67;2.85;2.7;2.85;2.67;0.0;2.67
112045;625434;2019-09-18;FRC;U20;;;1;593;71170710.0;;;2.65;2.65;2.65;2.65;2.65;2.65;0.0;2.65
112046;625435;2019-09-18;FRC;V20;;;7;2191;417330996.0;;;2.56;2.56;2.62;2.61;2.62;2.62;2.6;2.62
112047;625436;2019-09-18;FRC;F21;;;27;7209;1368929202.0;;;2.54;2.5;2.59;2.56;2.59;2.58;0.0;2.58
112048;625437;2019-09-18;FRC;J21;;;0;0;0.0;;;0.0;0.0;0.0;0.0;0.0;2.55;0.0;0.0
112049;625438;2019-09-18;FRC;N21;;;0;0;0.0;;;0.0;0.0;0.0;0.0;0.0;2.51;0.0;0.0
112050;625439;2019-09-18;FRC;V21;;;1;98;18458505.0;;;2.45;2.45;2.45;2.45;2.45;2.5;0.0;0.0
112051;625440;2019-09-18;FRC;F22;;;11;7263;1363547313.0;;;2.46;2.45;2.47;2.45;2.47;2.47;0.0;0.0
112052;625441;2019-09-18;FRC;J22;;;0;0;0.0;;;0.0;0.0;0.0;0.0;0.0;2.48;0.0;0.0
112053;625442;2019-09-18;FRC;N22;;;0;0;0.0;;;0.0;0.0;0.0;0.0;0.0;2.46;0.0;0.0
112054;625443;2019-09-18;FRC;V22;;;0;0;0.0;;;0.0;0.0;0.0;0.0;0.0;2.46;0.0;0.0
112055;625444;2019-09-18;FRC;F23;;;6;1158;214849084.0;;;2.45;2.45;2.45;2.45;2.45;2.45;0.0;0.0
112056;625445;2019-09-18;FRC;J23;;;0;0;0.0;;;0.0;0.0;0.0;0.0;0.0;2.44;0.0;0.0
112057;625446;2019-09-18;FRC;N23;;;0;0;0.0;;;0.0;0.0;0.0;0.0;0.0;2.45;0.0;0.0
112058;625447;2019-09-18;FRC;V23;;;2;382;70228218.0;;;2.46;2.46;2.46;2.46;2.46;2.46;0.0;0.0
112059;625448;2019-09-18;FRC;F24;;;3;3808;697972855.0;;;2.46;2.46;2.46;2.46;2.46;2.48;0.0;0.0
112060;625449;2019-09-18;FRC;J24;;;0;0;0.0;;;0.0;0.0;0.0;0.0;0.0;2.48;0.0;0.0
112061;625450;2019-09-18;FRC;N24;;;2;95;17295636.0;;;2.51;2.51;2.51;2.51;2.51;2.51;0.0;0.0
112062;625451;2019-09-18;FRC;F25;;;15;2595;468795018.0;;;2.55;2.55;2.57;2.56;2.57;2.57;0.0;0.0
112063;625452;2019-09-18;FRC;N25;;;0;0;0.0;;;0.0;0.0;0.0;0.0;0.0;2.6;0.0;0.0
112064;625453;2019-09-18;FRC;F26;;;7;2043;363826029.0;;;2.64;2.64;2.65;2.64;2.65;2.65;0.0;0.0
112065;625454;2019-09-18;FRC;N26;;;0;0;0.0;;;0.0;0.0;0.0;0.0;0.0;2.71;0.0;0.0
112066;625455;2019-09-18;FRC;F27;;;3;293;51323042.0;;;2.75;2.75;2.78;2.76;2.78;2.78;0.0;0.0
112067;625456;2019-09-18;FRC;F28;;;4;904;155782897.0;;;2.87;2.87;2.87;2.87;2.87;2.87;0.0;0.0
112068;625457;2019-09-18;FRC;F29;;;2;356;60407154.0;;;2.92;2.92;2.92;2.92;2.92;2.92;0.0;0.0
112069;625458;2019-09-18;FRC;F30;;;0;0;0.0;;;0.0;0.0;0.0;0.0;0.0;3.0;0.0;0.0
112070;625459;2019-09-18;FRC;F31;;;0;0;0.0;;;0.0;0.0;0.0;0.0;0.0;3.06;0.0;0.0
112071;625617;2019-09-20;FRC;X19;;;129;237560;45897806496.0;;;3.46;3.36;3.48;3.39;3.47;3.39;3.38;3.41
112072;625618;2019-09-20;FRC;Z19;;;25;23933;4618579203.0;;;3.05;3.05;3.12;3.1;3.09;3.12;3.08;3.12
112073;625619;2019-09-20;FRC;F20;;;17;31932;6154177436.0;;;3.1;3.08;3.1;3.08;3.09;3.09;0.0;3.1
112074;625620;2019-09-20;FRC;G20;;;1;199;38307677.0;;;2.99;2.99;2.99;2.99;2.99;2.99;0.0;0.0
112075;625621;2019-09-20;FRC;H20;;;5;1671;321357162.0;;;2.92;2.91;2.92;2.91;2.91;2.91;0.0;0.0
112076;625622;2019-09-20;FRC;J20;;;36;12530;2407205766.0;;;2.86;2.83;2.86;2.84;2.83;2.83;2.83;0.0
112077;625623;2019-09-20;FRC;K20;;;13;5870;1126346461.0;;;2.82;2.82;2.82;2.82;2.82;2.82;0.0;0.0
112078;625624;2019-09-20;FRC;M20;;;1;396;75912802.0;;;2.78;2.78;2.78;2.78;2.78;2.78;0.0;0.0
112079;625625;2019-09-20;FRC;N20;;;24;11722;2245066782.0;;;2.75;2.72;2.75;2.72;2.72;2.72;0.0;0.0
112080;625626;2019-09-20;FRC;Q20;;;3;1977;238342767.0;;;2.69;2.69;2.69;2.69;2.69;2.69;0.0;0.0
112081;625627;2019-09-20;FRC;U20;;;3;2964;357089074.0;;;2.66;2.66;2.66;2.66;2.66;2.66;0.0;0.0
112082;625628;2019-09-20;FRC;V20;;;10;5330;1017810904.0;;;2.63;2.63;2.63;2.63;2.63;2.63;0.0;0.0
112083;625629;2019-09-20;FRC;F21;;;22;12262;2334420555.0;;;2.58;2.55;2.58;2.57;2.58;2.57;0.0;0.0
112084;625630;2019-09-20;FRC;J21;;;3;431;81807074.0;;;2.57;2.56;2.57;2.56;2.56;2.56;0.0;0.0
112085;625631;2019-09-20;FRC;N21;;;0;0;0.0;;;0.0;0.0;0.0;0.0;0.0;2.51;0.0;0.0
112086;625632;2019-09-20;FRC;V21;;;1;39;7360167.0;;;2.5;2.5;2.5;2.5;2.5;2.49;0.0;0.0
112087;625633;2019-09-20;FRC;F22;;;13;3895;733180991.0;;;2.45;2.45;2.45;2.45;2.45;2.45;0.0;0.0
112088;625634;2019-09-20;FRC;J22;;;0;0;0.0;;;0.0;0.0;0.0;0.0;0.0;2.46;0.0;0.0
112089;625635;2019-09-20;FRC;N22;;;0;0;0.0;;;0.0;0.0;0.0;0.0;0.0;2.44;0.0;0.0
112090;625636;2019-09-20;FRC;V22;;;0;0;0.0;;;0.0;0.0;0.0;0.0;0.0;2.43;0.0;0.0
112091;625637;2019-09-20;FRC;F23;;;17;5357;996697928.0;;;2.45;2.42;2.45;2.43;2.42;2.42;0.0;0.0
112092;625638;2019-09-20;FRC;J23;;;7;3842;712962775.0;;;2.41;2.41;2.41;2.41;2.41;2.41;0.0;0.0
112093;625639;2019-09-20;FRC;N23;;;0;0;0.0;;;0.0;0.0;0.0;0.0;0.0;2.43;0.0;0.0
112094;625640;2019-09-20;FRC;V23;;;0;0;0.0;;;0.0;0.0;0.0;0.0;0.0;2.45;0.0;0.0
112095;625641;2019-09-20;FRC;F24;;;2;1522;279513204.0;;;2.49;2.49;2.49;2.49;2.49;2.48;0.0;0.0
112096;625642;2019-09-20;FRC;J24;;;0;0;0.0;;;0.0;0.0;0.0;0.0;0.0;2.48;0.0;0.0
112097;625643;2019-09-20;FRC;N24;;;0;0;0.0;;;0.0;0.0;0.0;0.0;0.0;2.51;0.0;0.0
112098;625644;2019-09-20;FRC;F25;;;5;940;170285612.0;;;2.56;2.56;2.56;2.56;2.56;2.56;0.0;0.0
112099;625645;2019-09-20;FRC;N25;;;0;0;0.0;;;0.0;0.0;0.0;0.0;0.0;2.6;0.0;0.0
112100;625646;2019-09-20;FRC;F26;;;7;2878;513614582.0;;;2.66;2.66;2.67;2.66;2.67;2.66;0.0;0.0
112101;625647;2019-09-20;FRC;N26;;;9;2395;423910138.0;;;2.72;2.72;2.73;2.72;2.73;2.73;0.0;0.0
112102;625648;2019-09-20;FRC;F27;;;2;366;64229400.0;;;2.79;2.79;2.79;2.79;2.79;2.8;0.0;0.0
112103;625649;2019-09-20;FRC;F28;;;2;542;93602470.0;;;2.88;2.88;2.88;2.88;2.88;2.89;0.0;0.0
112104;625650;2019-09-20;FRC;F29;;;0;0;0.0;;;0.0;0.0;0.0;0.0;0.0;2.94;0.0;0.0
112105;625651;2019-09-20;FRC;F30;;;0;0;0.0;;;0.0;0.0;0.0;0.0;0.0;3.02;0.0;0.0
112106;625652;2019-09-20;FRC;F31;;;0;0;0.0;;;0.0;0.0;0.0;0.0;0.0;3.08;0.0;0.0
112107;625810;2019-09-23;FRC;X19;;;142;218017;42042962855.0;;;3.39;3.18;3.39;3.28;3.27;3.27;3.23;3.27
112108;625811;2019-09-23;FRC;Z19;;;107;103059;19851041851.0;;;3.04;2.98;3.05;3.02;3.02;3.02;3.0;3.04
112109;625812;2019-09-23;FRC;F20;;;68;28302;5444507692.0;;;3.0;2.95;3.02;3.01;3.02;3.02;0.0;0.0
112110;625813;2019-09-23;FRC;G20;;;15;3577;687321805.0;;;2.91;2.91;2.92;2.91;2.91;2.91;0.0;0.0
112111;625814;2019-09-23;FRC;H20;;;8;3082;591641609.0;;;2.84;2.84;2.84;2.84;2.84;2.84;0.0;0.0
112112;625815;2019-09-23;FRC;J20;;;12;4687;898875558.0;;;2.79;2.76;2.79;2.76;2.76;2.76;2.76;0.0
112113;625816;2019-09-23;FRC;K20;;;5;2241;429241249.0;;;2.8;2.76;2.8;2.76;2.76;2.76;0.0;0.0
112114;625817;2019-09-23;FRC;M20;;;7;3170;606601357.0;;;2.73;2.73;2.73;2.73;2.73;2.73;0.0;0.0
112115;625818;2019-09-23;FRC;N20;;;11;5425;1037225980.0;;;2.66;2.66;2.66;2.66;2.66;2.66;2.63;0.0
112116;625819;2019-09-23;FRC;Q20;;;0;0;0.0;;;0.0;0.0;0.0;0.0;0.0;2.63;0.0;0.0
112117;625820;2019-09-23;FRC;U20;;;6;1976;237286780.0;;;2.6;2.6;2.79;2.65;2.79;2.6;0.0;0.0
112118;625821;2019-09-23;FRC;V20;;;9;3573;681226670.0;;;2.57;2.45;2.57;2.55;2.57;2.57;0.0;0.0
112119;625822;2019-09-23;FRC;F21;;;11;3702;703664099.0;;;2.52;2.51;2.52;2.51;2.51;2.51;2.51;2.55
112120;625823;2019-09-23;FRC;J21;;;3;588;111438445.0;;;2.5;2.5;2.5;2.5;2.5;2.5;0.0;0.0
112121;625824;2019-09-23;FRC;N21;;;10;1705;322316755.0;;;2.47;2.43;2.47;2.44;2.43;2.43;0.0;0.0
112122;625825;2019-09-23;FRC;V21;;;0;0;0.0;;;0.0;0.0;0.0;0.0;0.0;2.41;0.0;0.0
112123;625826;2019-09-23;FRC;F22;;;5;1170;219976673.0;;;2.38;2.38;2.38;2.38;2.38;2.38;2.38;0.0
112124;625827;2019-09-23;FRC;J22;;;0;0;0.0;;;0.0;0.0;0.0;0.0;0.0;2.39;0.0;0.0
112125;625828;2019-09-23;FRC;N22;;;1;194;36271272.0;;;2.37;2.37;2.37;2.37;2.37;2.37;0.0;0.0
112126;625829;2019-09-23;FRC;V22;;;0;0;0.0;;;0.0;0.0;0.0;0.0;0.0;2.37;0.0;0.0
112127;625830;2019-09-23;FRC;F23;;;6;2179;405004794.0;;;2.37;2.37;2.37;2.37;2.37;2.37;0.0;0.0
112128;625831;2019-09-23;FRC;J23;;;0;0;0.0;;;0.0;0.0;0.0;0.0;0.0;2.36;0.0;0.0
112129;625832;2019-09-23;FRC;N23;;;0;0;0.0;;;0.0;0.0;0.0;0.0;0.0;2.39;0.0;0.0
112130;625833;2019-09-23;FRC;V23;;;0;0;0.0;;;0.0;0.0;0.0;0.0;0.0;2.41;0.0;0.0
112131;625834;2019-09-23;FRC;F24;;;7;1330;243942535.0;;;2.45;2.45;2.45;2.45;2.45;2.45;2.46;0.0
112132;625835;2019-09-23;FRC;J24;;;0;0;0.0;;;0.0;0.0;0.0;0.0;0.0;2.45;0.0;0.0
112133;625836;2019-09-23;FRC;N24;;;0;0;0.0;;;0.0;0.0;0.0;0.0;0.0;2.48;0.0;0.0
112134;625837;2019-09-23;FRC;F25;;;2;583;105406303.0;;;2.56;2.56;2.56;2.56;2.56;2.54;0.0;0.0
112135;625838;2019-09-23;FRC;N25;;;0;0;0.0;;;0.0;0.0;0.0;0.0;0.0;2.58;0.0;0.0
112136;625839;2019-09-23;FRC;F26;;;4;929;165546784.0;;;2.64;2.64;2.65;2.64;2.65;2.64;0.0;0.0
112137;625840;2019-09-23;FRC;N26;;;0;0;0.0;;;0.0;0.0;0.0;0.0;0.0;2.71;0.0;0.0
112138;625841;2019-09-23;FRC;F27;;;2;457;80006575.0;;;2.8;2.8;2.8;2.8;2.8;2.78;0.0;0.0
112139;625842;2019-09-23;FRC;F28;;;0;0;0.0;;;0.0;0.0;0.0;0.0;0.0;2.87;0.0;0.0
112140;625843;2019-09-23;FRC;F29;;;0;0;0.0;;;0.0;0.0;0.0;0.0;0.0;2.92;0.0;0.0
112141;625844;2019-09-23;FRC;F30;;;0;0;0.0;;;0.0;0.0;0.0;0.0;0.0;3.0;0.0;0.0
112142;625845;2019-09-23;FRC;F31;;;0;0;0.0;;;0.0;0.0;0.0;0.0;0.0;3.06;0.0;0.0
112143;626002;2019-09-24;FRC;X19;;;220;321724;62000216301.0;;;3.27;3.22;3.34;3.28;3.34;3.33;3.33;0.0
112144;626003;2019-09-24;FRC;Z19;;;86;95063;18298864238.0;;;3.0;2.95;3.05;3.0;3.04;3.04;3.04;3.07
112145;626004;2019-09-24;FRC;F20;;;21;30898;5939932158.0;;;2.99;2.98;3.04;3.0;3.04;3.04;0.0;0.0
112146;626005;2019-09-24;FRC;G20;;;9;3781;726036923.0;;;2.91;2.91;2.91;2.91;2.91;2.91;2.91;2.92
112147;626006;2019-09-24;FRC;H20;;;2;1789;343202307.0;;;2.81;2.81;2.84;2.83;2.84;2.81;2.82;0.0
112148;626007;2019-09-24;FRC;J20;;;43;44390;8507300956.0;;;2.75;2.74;2.78;2.76;2.78;2.77;2.77;2.79
112149;626008;2019-09-24;FRC;K20;;;7;2380;455584833.0;;;2.74;2.74;2.74;2.74;2.74;2.74;0.0;0.0
112150;626009;2019-09-24;FRC;M20;;;5;2180;416903751.0;;;2.71;2.71;2.71;2.71;2.71;2.71;0.0;0.0
112151;626010;2019-09-24;FRC;N20;;;29;11446;2187001896.0;;;2.66;2.64;2.66;2.64;2.65;2.65;2.65;2.68
112152;626011;2019-09-24;FRC;Q20;;;4;1188;142745144.0;;;2.62;2.62;2.62;2.62;2.62;2.62;0.0;0.0
112153;626012;2019-09-24;FRC;U20;;;7;2767;331973018.0;;;2.61;2.61;2.61;2.61;2.61;2.61;0.0;0.0
112154;626013;2019-09-24;FRC;V20;;;9;3929;748479969.0;;;2.57;2.57;2.58;2.57;2.58;2.58;2.58;0.0
112155;626014;2019-09-24;FRC;F21;;;13;15201;2887267716.0;;;2.51;2.51;2.53;2.51;2.53;2.53;0.0;0.0
112156;626015;2019-09-24;FRC;J21;;;8;3533;669088608.0;;;2.51;2.51;2.51;2.51;2.51;2.51;0.0;0.0
112157;626016;2019-09-24;FRC;N21;;;7;1959;370048553.0;;;2.45;2.45;2.45;2.45;2.45;2.45;0.0;0.0
112158;626017;2019-09-24;FRC;V21;;;0;0;0.0;;;0.0;0.0;0.0;0.0;0.0;2.43;0.0;0.0
112159;626018;2019-09-24;FRC;F22;;;12;3314;622577829.0;;;2.39;2.39;2.39;2.39;2.39;2.39;2.39;0.0
112160;626019;2019-09-24;FRC;J22;;;0;0;0.0;;;0.0;0.0;0.0;0.0;0.0;2.4;0.0;0.0
112161;626020;2019-09-24;FRC;N22;;;0;0;0.0;;;0.0;0.0;0.0;0.0;0.0;2.38;0.0;0.0
112162;626021;2019-09-24;FRC;V22;;;2;579;107831360.0;;;2.38;2.38;2.38;2.38;2.38;2.38;0.0;0.0
112163;626022;2019-09-24;FRC;F23;;;30;7340;1363253522.0;;;2.37;2.37;2.38;2.37;2.37;2.37;0.0;0.0
112164;626023;2019-09-24;FRC;J23;;;0;0;0.0;;;0.0;0.0;0.0;0.0;0.0;2.36;0.0;0.0
112165;626024;2019-09-24;FRC;N23;;;0;0;0.0;;;0.0;0.0;0.0;0.0;0.0;2.38;0.0;0.0
112166;626025;2019-09-24;FRC;V23;;;3;764;140599960.0;;;2.4;2.4;2.4;2.4;2.4;2.4;0.0;0.0
112167;626026;2019-09-24;FRC;F24;;;53;15885;2911628589.0;;;2.45;2.44;2.48;2.45;2.44;2.44;0.0;0.0
112168;626027;2019-09-24;FRC;J24;;;1;19;3472888.0;;;2.45;2.45;2.45;2.45;2.45;2.45;2.45;0.0
112169;626028;2019-09-24;FRC;N24;;;3;133;24231704.0;;;2.48;2.45;2.48;2.47;2.48;2.48;2.45;0.0
112170;626029;2019-09-24;FRC;F25;;;8;2068;373740646.0;;;2.54;2.54;2.56;2.54;2.56;2.56;0.0;0.0
112171;626030;2019-09-24;FRC;N25;;;0;0;0.0;;;0.0;0.0;0.0;0.0;0.0;2.61;0.0;0.0
112172;626031;2019-09-24;FRC;F26;;;14;4075;724690859.0;;;2.68;2.68;2.7;2.68;2.68;2.68;0.0;0.0
112173;626032;2019-09-24;FRC;N26;;;0;0;0.0;;;0.0;0.0;0.0;0.0;0.0;2.75;0.0;0.0
112174;626033;2019-09-24;FRC;F27;;;6;2193;383417802.0;;;2.82;2.82;2.82;2.82;2.82;2.82;0.0;0.0
112175;626034;2019-09-24;FRC;F28;;;7;2525;434506267.0;;;2.9;2.89;2.91;2.9;2.91;2.91;0.0;0.0
112176;626035;2019-09-24;FRC;F29;;;8;1959;331823625.0;;;2.96;2.96;2.98;2.96;2.98;2.98;0.0;0.0
112177;626036;2019-09-24;FRC;F30;;;0;0;0.0;;;0.0;0.0;0.0;0.0;0.0;3.06;0.0;0.0
112178;626037;2019-09-24;FRC;F31;;;2;347;56856165.0;;;3.11;3.11;3.11;3.11;3.11;3.12;0.0;0.0
112179;626194;2019-09-25;FRC;X19;;;362;670200;129000126993.0;;;3.35;3.35;3.41;3.38;3.39;3.41;3.38;3.41
112180;626195;2019-09-25;FRC;Z19;;;33;45718;8789636122.0;;;3.06;3.05;3.09;3.07;3.07;3.07;3.07;3.08
112181;626196;2019-09-25;FRC;F20;;;24;40239;7726130279.0;;;3.09;3.05;3.09;3.06;3.06;3.06;3.04;3.06
112182;626197;2019-09-25;FRC;G20;;;5;4875;934990713.0;;;2.94;2.93;2.94;2.93;2.93;2.93;0.0;0.0
112183;626198;2019-09-25;FRC;H20;;;0;0;0.0;;;0.0;0.0;0.0;0.0;0.0;2.83;2.83;0.0
112184;626199;2019-09-25;FRC;J20;;;25;10566;2022443317.0;;;2.8;2.79;2.81;2.79;2.8;2.79;2.79;2.8
112185;626200;2019-09-25;FRC;K20;;;1;1984;379307088.0;;;2.77;2.77;2.77;2.77;2.77;2.75;0.0;0.0
112186;626201;2019-09-25;FRC;M20;;;4;990;189100232.0;;;2.72;2.72;2.72;2.72;2.72;2.72;0.0;0.0
112187;626202;2019-09-25;FRC;N20;;;23;8316;1586973943.0;;;2.68;2.67;2.68;2.67;2.67;2.67;2.67;0.0
112188;626203;2019-09-25;FRC;Q20;;;0;0;0.0;;;0.0;0.0;0.0;0.0;0.0;2.63;0.0;0.0
112189;626204;2019-09-25;FRC;U20;;;2;2569;307597943.0;;;2.63;2.62;2.63;2.62;2.62;2.62;0.0;0.0
112190;626205;2019-09-25;FRC;V20;;;9;5132;976461323.0;;;2.59;2.59;2.59;2.59;2.59;2.59;2.59;0.0
112191;626206;2019-09-25;FRC;F21;;;13;5513;1045761797.0;;;2.54;2.54;2.57;2.54;2.54;2.54;2.54;2.56
112192;626207;2019-09-25;FRC;J21;;;1;196;37072094.0;;;2.52;2.52;2.52;2.52;2.52;2.52;2.52;0.0
112193;626208;2019-09-25;FRC;N21;;;4;784;147885672.0;;;2.48;2.48;2.48;2.48;2.48;2.48;2.45;0.0
112194;626209;2019-09-25;FRC;V21;;;1;195;36671002.0;;;2.47;2.47;2.47;2.47;2.47;2.47;2.42;0.0
112195;626210;2019-09-25;FRC;F22;;;8;1754;328908556.0;;;2.45;2.45;2.45;2.45;2.45;2.45;2.44;2.45
112196;626211;2019-09-25;FRC;J22;;;1;39;7293614.0;;;2.44;2.44;2.44;2.44;2.44;2.46;0.0;0.0
112197;626212;2019-09-25;FRC;N22;;;0;0;0.0;;;0.0;0.0;0.0;0.0;0.0;2.44;0.0;0.0
112198;626213;2019-09-25;FRC;V22;;;2;868;161300446.0;;;2.45;2.45;2.45;2.45;2.45;2.45;0.0;0.0
112199;626214;2019-09-25;FRC;F23;;;17;5976;1108114209.0;;;2.37;2.37;2.45;2.4;2.44;2.44;2.43;2.45
112200;626215;2019-09-25;FRC;J23;;;0;0;0.0;;;0.0;0.0;0.0;0.0;0.0;2.43;0.0;0.0
112201;626216;2019-09-25;FRC;N23;;;0;0;0.0;;;0.0;0.0;0.0;0.0;0.0;2.45;0.0;0.0
112202;626217;2019-09-25;FRC;V23;;;0;0;0.0;;;0.0;0.0;0.0;0.0;0.0;2.47;0.0;0.0
112203;626218;2019-09-25;FRC;F24;;;9;1710;312691810.0;;;2.51;2.51;2.51;2.51;2.51;2.51;0.0;0.0
112204;626219;2019-09-25;FRC;J24;;;0;0;0.0;;;0.0;0.0;0.0;0.0;0.0;2.52;0.0;0.0
112205;626220;2019-09-25;FRC;N24;;;3;474;86209623.0;;;2.49;2.49;2.5;2.49;2.5;2.55;0.0;0.0
112206;626221;2019-09-25;FRC;F25;;;16;5639;1016808505.0;;;2.56;2.56;2.64;2.59;2.64;2.64;2.62;0.0
112207;626222;2019-09-25;FRC;N25;;;0;0;0.0;;;0.0;0.0;0.0;0.0;0.0;2.69;0.0;0.0
112208;626223;2019-09-25;FRC;F26;;;2;186;32982589.0;;;2.76;2.76;2.76;2.76;2.76;2.76;0.0;2.8
112209;626224;2019-09-25;FRC;N26;;;0;0;0.0;;;0.0;0.0;0.0;0.0;0.0;2.84;0.0;0.0
112210;626225;2019-09-25;FRC;F27;;;0;0;0.0;;;0.0;0.0;0.0;0.0;0.0;2.91;0.0;0.0
112211;626226;2019-09-25;FRC;F28;;;0;0;0.0;;;0.0;0.0;0.0;0.0;0.0;3.01;0.0;0.0
112212;626227;2019-09-25;FRC;F29;;;1;178;29988930.0;;;3.08;3.08;3.08;3.08;3.08;3.08;0.0;0.0
112213;626228;2019-09-25;FRC;F30;;;0;0;0.0;;;0.0;0.0;0.0;0.0;0.0;3.16;0.0;0.0
112214;626229;2019-09-25;FRC;F31;;;0;0;0.0;;;0.0;0.0;0.0;0.0;0.0;3.22;0.0;0.0
112215;626392;2019-09-26;FRC;X19;;;354;542777;104426398910.0;;;3.4;3.35;3.44;3.4;3.35;3.41;3.35;3.4
112216;626393;2019-09-26;FRC;Z19;;;26;47873;9199780542.0;;;3.05;3.05;3.08;3.07;3.08;3.08;0.0;3.07
112217;626394;2019-09-26;FRC;F20;;;36;63308;12150482664.0;;;3.04;3.04;3.04;3.04;3.04;3.04;0.0;3.04
112218;626395;2019-09-26;FRC;G20;;;1;995;190754838.0;;;2.91;2.91;2.91;2.91;2.91;2.92;0.0;0.0
112219;626396;2019-09-26;FRC;H20;;;12;3580;685701967.0;;;2.81;2.81;2.82;2.81;2.82;2.82;0.0;0.0
112220;626397;2019-09-26;FRC;J20;;;15;19087;3652023632.0;;;2.79;2.76;2.79;2.77;2.76;2.76;0.0;2.78
112221;626398;2019-09-26;FRC;K20;;;3;694;132628947.0;;;2.8;2.74;2.8;2.74;2.74;2.74;0.0;0.0
112222;626399;2019-09-26;FRC;M20;;;5;2378;454049905.0;;;2.7;2.7;2.7;2.7;2.7;2.7;0.0;2.7
112223;626400;2019-09-26;FRC;N20;;;14;5346;1019890266.0;;;2.63;2.63;2.63;2.63;2.63;2.63;2.62;2.63
112224;626401;2019-09-26;FRC;Q20;;;2;396;47456949.0;;;2.6;2.6;2.6;2.6;2.6;2.59;2.58;2.6
112225;626402;2019-09-26;FRC;U20;;;0;0;0.0;;;0.0;0.0;0.0;0.0;0.0;2.57;0.0;0.0
112226;626403;2019-09-26;FRC;V20;;;8;4087;777467994.0;;;2.6;2.54;2.6;2.54;2.54;2.54;2.52;0.0
112227;626404;2019-09-26;FRC;F21;;;27;16755;3177338101.0;;;2.53;2.5;2.53;2.51;2.5;2.5;0.0;2.5
112228;626405;2019-09-26;FRC;J21;;;2;354;66943986.0;;;2.5;2.49;2.5;2.49;2.49;2.48;0.0;0.0
112229;626406;2019-09-26;FRC;N21;;;3;588;110891859.0;;;2.45;2.45;2.45;2.45;2.45;2.45;2.42;2.45
112230;626407;2019-09-26;FRC;V21;;;5;975;183324714.0;;;2.44;2.44;2.44;2.44;2.44;2.44;0.0;0.0
112231;626408;2019-09-26;FRC;F22;;;12;3704;694636323.0;;;2.4;2.4;2.4;2.4;2.4;2.4;0.0;0.0
112232;626409;2019-09-26;FRC;J22;;;0;0;0.0;;;0.0;0.0;0.0;0.0;0.0;2.41;0.0;0.0
112233;626410;2019-09-26;FRC;N22;;;0;0;0.0;;;0.0;0.0;0.0;0.0;0.0;2.39;0.0;0.0
112234;626411;2019-09-26;FRC;V22;;;5;1158;215250477.0;;;2.4;2.4;2.4;2.4;2.4;2.4;0.0;0.0
112235;626412;2019-09-26;FRC;F23;;;6;1503;278513945.0;;;2.44;2.39;2.44;2.41;2.39;2.39;0.0;0.0
112236;626413;2019-09-26;FRC;J23;;;0;0;0.0;;;0.0;0.0;0.0;0.0;0.0;2.38;0.0;0.0
112237;626414;2019-09-26;FRC;N23;;;0;0;0.0;;;0.0;0.0;0.0;0.0;0.0;2.4;0.0;0.0
112238;626415;2019-09-26;FRC;V23;;;5;2139;392854519.0;;;2.42;2.42;2.42;2.42;2.42;2.42;0.0;0.0
112239;626416;2019-09-26;FRC;F24;;;8;4551;832889674.0;;;2.45;2.45;2.45;2.45;2.45;2.45;0.0;0.0
112240;626417;2019-09-26;FRC;J24;;;2;399;72752579.0;;;2.48;2.48;2.49;2.48;2.49;2.48;0.0;0.0
112241;626418;2019-09-26;FRC;N24;;;3;5296;961925530.0;;;2.53;2.52;2.53;2.52;2.52;2.53;0.0;0.0
112242;626419;2019-09-26;FRC;F25;;;6;4321;778766778.0;;;2.58;2.58;2.61;2.59;2.59;2.58;0.0;0.0
112243;626420;2019-09-26;FRC;N25;;;0;0;0.0;;;0.0;0.0;0.0;0.0;0.0;2.62;0.0;0.0
112244;626421;2019-09-26;FRC;F26;;;0;0;0.0;;;0.0;0.0;0.0;0.0;0.0;2.67;0.0;0.0
112245;626422;2019-09-26;FRC;N26;;;0;0;0.0;;;0.0;0.0;0.0;0.0;0.0;2.74;0.0;0.0
112246;626423;2019-09-26;FRC;F27;;;8;1702;297384962.0;;;2.86;2.79;2.86;2.79;2.79;2.79;0.0;0.0
112247;626424;2019-09-26;FRC;F28;;;3;720;123254777.0;;;2.99;2.99;3.01;3.0;3.01;2.89;0.0;0.0
112248;626425;2019-09-26;FRC;F29;;;0;0;0.0;;;0.0;0.0;0.0;0.0;0.0;2.96;0.0;0.0
112249;626426;2019-09-26;FRC;F30;;;0;0;0.0;;;0.0;0.0;0.0;0.0;0.0;3.04;0.0;0.0
112250;626427;2019-09-26;FRC;F31;;;2;346;56286082.0;;;3.23;3.23;3.23;3.23;3.23;3.1;0.0;0.0
112251;626590;2019-09-27;FRC;Z19;;;21;20378;3926315089.0;;;2.67;2.67;2.67;2.67;2.67;2.67;0.0;0.0
112252;626591;2019-09-27;FRC;F20;;;22;17305;3329836124.0;;;2.83;2.8;2.83;2.8;2.8;2.8;0.0;0.0
112253;626592;2019-09-27;FRC;G20;;;15;6972;1340106761.0;;;2.71;2.71;2.71;2.71;2.71;2.71;0.0;0.0
112254;626593;2019-09-27;FRC;H20;;;6;2388;458602458.0;;;2.63;2.63;2.63;2.63;2.63;2.63;0.0;0.0
112255;626594;2019-09-27;FRC;J20;;;16;13649;2618639523.0;;;2.6;2.59;2.6;2.59;2.59;2.59;0.0;0.0
112256;626595;2019-09-27;FRC;K20;;;1;199;38137211.0;;;2.57;2.57;2.57;2.57;2.57;2.57;0.0;0.0
112257;626596;2019-09-27;FRC;M20;;;5;2185;418368427.0;;;2.54;2.54;2.54;2.54;2.54;2.54;0.0;0.0
112258;626597;2019-09-27;FRC;N20;;;12;8091;1547832696.0;;;2.52;2.48;2.52;2.49;2.48;2.48;0.0;0.0
112259;626598;2019-09-27;FRC;Q20;;;0;0;0.0;;;0.0;0.0;0.0;0.0;0.0;2.44;0.0;0.0
112260;626599;2019-09-27;FRC;U20;;;4;1782;214291449.0;;;2.42;2.42;2.42;2.42;2.42;2.42;0.0;0.0
112261;626600;2019-09-27;FRC;V20;;;5;3363;641593747.0;;;2.42;2.4;2.42;2.41;2.4;2.4;2.42;0.0
112262;626601;2019-09-27;FRC;F21;;;9;4357;828726510.0;;;2.43;2.39;2.43;2.39;2.39;2.39;0.0;0.0
112263;626602;2019-09-27;FRC;J21;;;0;0;0.0;;;0.0;0.0;0.0;0.0;0.0;2.38;0.0;0.0
112264;626603;2019-09-27;FRC;N21;;;1;196;37078421.0;;;2.35;2.35;2.35;2.35;2.35;2.35;0.0;0.0
112265;626604;2019-09-27;FRC;V21;;;5;980;184878765.0;;;2.34;2.34;2.34;2.34;2.34;2.34;0.0;0.0
112266;626605;2019-09-27;FRC;F22;;;9;1950;366837796.0;;;2.32;2.32;2.32;2.32;2.32;2.32;0.0;0.0
112267;626606;2019-09-27;FRC;J22;;;0;0;0.0;;;0.0;0.0;0.0;0.0;0.0;2.34;0.0;0.0
112268;626607;2019-09-27;FRC;N22;;;0;0;0.0;;;0.0;0.0;0.0;0.0;0.0;2.31;0.0;0.0
112269;626608;2019-09-27;FRC;V22;;;0;0;0.0;;;0.0;0.0;0.0;0.0;0.0;2.32;0.0;0.0
112270;626609;2019-09-27;FRC;F23;;;14;2798;520483796.0;;;2.35;2.31;2.35;2.31;2.32;2.31;0.0;0.0
112271;626610;2019-09-27;FRC;J23;;;0;0;0.0;;;0.0;0.0;0.0;0.0;0.0;2.3;0.0;0.0
112272;626611;2019-09-27;FRC;N23;;;0;0;0.0;;;0.0;0.0;0.0;0.0;0.0;2.31;0.0;0.0
112273;626612;2019-09-27;FRC;V23;;;5;960;177050206.0;;;2.33;2.33;2.33;2.33;2.33;2.33;0.0;0.0
112274;626613;2019-09-27;FRC;F24;;;27;6876;1263134763.0;;;2.38;2.38;2.38;2.38;2.38;2.38;2.3;2.46
112275;626614;2019-09-27;FRC;J24;;;1;190;34749811.0;;;2.45;2.45;2.45;2.45;2.45;2.45;0.0;0.0
112276;626615;2019-09-27;FRC;N24;;;1;189;34393626.0;;;2.54;2.54;2.54;2.54;2.54;2.54;0.0;0.0
112277;626616;2019-09-27;FRC;F25;;;11;3592;649378991.0;;;2.56;2.56;2.56;2.56;2.56;2.56;2.56;0.0
112278;626617;2019-09-27;FRC;N25;;;0;0;0.0;;;0.0;0.0;0.0;0.0;0.0;2.61;0.0;0.0
112279;626618;2019-09-27;FRC;F26;;;7;1673;297823059.0;;;2.68;2.68;2.68;2.68;2.68;2.68;0.0;0.0
112280;626619;2019-09-27;FRC;N26;;;0;0;0.0;;;0.0;0.0;0.0;0.0;0.0;2.75;0.0;0.0
112281;626620;2019-09-27;FRC;F27;;;8;1464;256309888.0;;;2.8;2.8;2.8;2.8;2.8;2.8;0.0;0.0
112282;626621;2019-09-27;FRC;F28;;;2;181;31190384.0;;;2.89;2.89;2.89;2.89;2.89;2.93;0.0;0.0
112283;626622;2019-09-27;FRC;F29;;;2;356;60216413.0;;;3.02;3.02;3.02;3.02;3.02;3.02;0.0;0.0
112284;626623;2019-09-27;FRC;F30;;;2;352;58557931.0;;;3.1;3.1;3.1;3.1;3.1;3.1;0.0;0.0
112285;626624;2019-09-27;FRC;F31;;;0;0;0.0;;;0.0;0.0;0.0;0.0;0.0;3.16;0.0;0.0
112286;626790;2019-09-30;FRC;Z19;;;18;98073;18857847711.0;;;2.65;2.6;2.65;2.6;2.6;2.6;2.58;2.62
112287;626791;2019-09-30;FRC;F20;;;12;10537;2023441574.0;;;2.8;2.74;2.8;2.75;2.74;2.74;0.0;0.0
112288;626792;2019-09-30;FRC;G20;;;7;3028;580846924.0;;;2.67;2.67;2.67;2.67;2.67;2.67;2.63;0.0
112289;626793;2019-09-30;FRC;H20;;;11;3682;705677627.0;;;2.6;2.58;2.6;2.59;2.58;2.6;0.0;0.0
112290;626794;2019-09-30;FRC;J20;;;29;25308;4845958348.0;;;2.54;2.54;2.55;2.54;2.55;2.54;2.52;2.54
112291;626795;2019-09-30;FRC;K20;;;3;695;132931914.0;;;2.52;2.52;2.52;2.52;2.52;2.52;0.0;0.0
112292;626796;2019-09-30;FRC;M20;;;4;735;140459583.0;;;2.54;2.47;2.54;2.49;2.47;2.49;2.47;0.0
112293;626797;2019-09-30;FRC;N20;;;14;5911;1128654911.0;;;2.48;2.44;2.48;2.44;2.45;2.44;2.43;2.44
112294;626798;2019-09-30;FRC;Q20;;;1;40;4824531.0;;;2.4;2.4;2.4;2.4;2.4;2.4;0.0;0.0
112295;626799;2019-09-30;FRC;U20;;;5;2039;244339720.0;;;2.39;2.38;2.39;2.38;2.39;2.38;0.0;0.0
112296;626800;2019-09-30;FRC;V20;;;16;5543;1055519621.0;;;2.37;2.37;2.37;2.37;2.37;2.37;2.35;2.36
112297;626801;2019-09-30;FRC;F21;;;28;8579;1628709811.0;;;2.36;2.35;2.36;2.35;2.35;2.36;2.34;2.36
112298;626802;2019-09-30;FRC;J21;;;5;886;167749839.0;;;2.35;2.35;2.35;2.35;2.35;2.35;0.0;2.35
112299;626803;2019-09-30;FRC;N21;;;1;20;3778527.0;;;2.3;2.3;2.3;2.3;2.3;2.32;0.0;0.0
112300;626804;2019-09-30;FRC;V21;;;1;196;36904950.0;;;2.32;2.32;2.32;2.32;2.32;2.32;0.0;0.0
112301;626805;2019-09-30;FRC;F22;;;5;975;183092970.0;;;2.29;2.29;2.29;2.29;2.29;2.29;2.27;2.31
112302;626806;2019-09-30;FRC;J22;;;4;624;116854736.0;;;2.3;2.3;2.3;2.3;2.3;2.3;0.0;0.0
112303;626807;2019-09-30;FRC;N22;;;3;582;108689722.0;;;2.29;2.29;2.29;2.29;2.29;2.29;0.0;2.28
112304;626808;2019-09-30;FRC;V22;;;0;0;0.0;;;0.0;0.0;0.0;0.0;0.0;2.31;0.0;0.0
112305;626809;2019-09-30;FRC;F23;;;4;637;118271385.0;;;2.3;2.29;2.3;2.29;2.29;2.3;2.29;2.31
112306;626810;2019-09-30;FRC;J23;;;0;0;0.0;;;0.0;0.0;0.0;0.0;0.0;2.3;2.3;0.0
112307;626811;2019-09-30;FRC;N23;;;0;0;0.0;;;0.0;0.0;0.0;0.0;0.0;2.32;0.0;2.31
112308;626812;2019-09-30;FRC;V23;;;12;2676;492202205.0;;;2.35;2.35;2.35;2.35;2.35;2.35;0.0;0.0
112309;626813;2019-09-30;FRC;F24;;;10;5174;948493135.0;;;2.38;2.37;2.38;2.37;2.37;2.37;0.0;0.0
112310;626814;2019-09-30;FRC;J24;;;0;0;0.0;;;0.0;0.0;0.0;0.0;0.0;2.41;0.0;0.0
112311;626815;2019-09-30;FRC;N24;;;2;379;68968673.0;;;2.45;2.45;2.45;2.45;2.45;2.47;0.0;0.0
112312;626816;2019-09-30;FRC;V24;;;0;0;0.0;;;0.0;0.0;0.0;0.0;0.0;2.5;0.0;0.0
112313;626817;2019-09-30;FRC;F25;;;3;564;101817965.0;;;2.53;2.53;2.53;2.53;2.53;2.53;0.0;0.0
112314;626818;2019-09-30;FRC;N25;;;2;767;137441466.0;;;2.59;2.59;2.59;2.59;2.59;2.58;0.0;0.0
112315;626819;2019-09-30;FRC;F26;;;2;223;39642036.0;;;2.67;2.65;2.67;2.65;2.65;2.65;0.0;0.0
112316;626820;2019-09-30;FRC;N26;;;0;0;0.0;;;0.0;0.0;0.0;0.0;0.0;2.72;0.0;0.0
112317;626821;2019-09-30;FRC;F27;;;1;37;6471185.0;;;2.8;2.8;2.8;2.8;2.8;2.77;0.0;0.0
112318;626822;2019-09-30;FRC;F28;;;1;90;15445313.0;;;2.93;2.93;2.93;2.93;2.93;2.9;0.0;0.0
112319;626823;2019-09-30;FRC;F29;;;0;0;0.0;;;0.0;0.0;0.0;0.0;0.0;2.99;0.0;0.0
112320;626824;2019-09-30;FRC;F30;;;2;528;87790516.0;;;3.06;3.06;3.06;3.06;3.06;3.07;0.0;0.0
112321;626825;2019-09-30;FRC;F31;;;0;0;0.0;;;0.0;0.0;0.0;0.0;0.0;3.13;0.0;0.0
112322;626991;2019-10-01;FRC;Z19;;;23;35964;6920955448.0;;;2.6;2.54;2.63;2.55;2.54;2.54;2.54;2.56
112323;626992;2019-10-01;FRC;F20;;;22;43102;8284198125.0;;;2.74;2.67;2.74;2.67;2.67;2.67;2.67;2.7
112324;626993;2019-10-01;FRC;G20;;;14;6217;1193630843.0;;;2.67;2.61;2.67;2.61;2.61;2.61;2.6;2.64
112325;626994;2019-10-01;FRC;H20;;;12;6031;1156904215.0;;;2.6;2.54;2.6;2.54;2.54;2.54;0.0;0.0
112326;626995;2019-10-01;FRC;J20;;;36;36651;7024041830.0;;;2.56;2.49;2.56;2.5;2.5;2.5;2.5;2.52
112327;626996;2019-10-01;FRC;K20;;;14;14070;2693630410.0;;;2.52;2.47;2.52;2.47;2.47;2.47;0.0;0.0
112328;626997;2019-10-01;FRC;M20;;;13;6237;1193039883.0;;;2.44;2.44;2.44;2.44;2.44;2.44;0.0;0.0
112329;626998;2019-10-01;FRC;N20;;;12;2640;504540287.0;;;2.44;2.4;2.44;2.4;2.4;2.4;2.4;2.42
112330;626999;2019-10-01;FRC;Q20;;;2;396;47534739.0;;;2.38;2.38;2.38;2.38;2.38;2.38;0.0;0.0
112331;627000;2019-10-01;FRC;U20;;;8;5148;617735862.0;;;2.36;2.36;2.36;2.36;2.36;2.36;0.0;0.0
112332;627001;2019-10-01;FRC;V20;;;14;7976;1520200742.0;;;2.37;2.33;2.37;2.34;2.34;2.34;2.34;0.0
112333;627002;2019-10-01;FRC;F21;;;12;5150;978664667.0;;;2.36;2.33;2.36;2.33;2.33;2.33;0.0;0.0
112334;627003;2019-10-01;FRC;J21;;;8;5864;1111420572.0;;;2.32;2.31;2.32;2.31;2.32;2.32;2.32;2.35
112335;627004;2019-10-01;FRC;N21;;;10;8947;1690728914.0;;;2.36;2.28;2.37;2.32;2.29;2.29;0.0;2.33
112336;627005;2019-10-01;FRC;V21;;;1;196;36947876.0;;;2.28;2.28;2.28;2.28;2.28;2.28;0.0;0.0
112337;627006;2019-10-01;FRC;F22;;;7;1093;205437483.0;;;2.33;2.25;2.33;2.28;2.27;2.27;0.0;0.0
112338;627007;2019-10-01;FRC;J22;;;6;1227;230028575.0;;;2.3;2.27;2.3;2.27;2.27;2.27;0.0;2.27
112339;627008;2019-10-01;FRC;N22;;;0;0;0.0;;;0.0;0.0;0.0;0.0;0.0;2.26;0.0;0.0
112340;627009;2019-10-01;FRC;V22;;;1;387;72130545.0;;;2.28;2.28;2.28;2.28;2.28;2.28;0.0;0.0
112341;627010;2019-10-01;FRC;F23;;;21;5252;975939576.0;;;2.34;2.26;2.35;2.29;2.29;2.28;2.28;2.3
112342;627011;2019-10-01;FRC;J23;;;1;193;35764653.0;;;2.3;2.3;2.3;2.3;2.3;2.3;0.0;0.0
112343;627012;2019-10-01;FRC;N23;;;0;0;0.0;;;0.0;0.0;0.0;0.0;0.0;2.31;0.0;0.0
112344;627013;2019-10-01;FRC;V23;;;2;1015;186990330.0;;;2.31;2.31;2.31;2.31;2.31;2.33;0.0;0.0
112345;627014;2019-10-01;FRC;F24;;;9;2120;388982239.0;;;2.37;2.33;2.4;2.37;2.4;2.4;0.0;0.0
112346;627015;2019-10-01;FRC;J24;;;2;2093;382630646.0;;;2.41;2.41;2.41;2.41;2.41;2.43;0.0;0.0
112347;627016;2019-10-01;FRC;N24;;;15;11271;2051260478.0;;;2.49;2.47;2.49;2.47;2.48;2.48;0.0;0.0
112348;627017;2019-10-01;FRC;V24;;;0;0;0.0;;;0.0;0.0;0.0;0.0;0.0;2.52;0.0;0.0
112349;627018;2019-10-01;FRC;F25;;;14;4385;792038678.0;;;2.57;2.53;2.58;2.54;2.53;2.55;2.55;0.0
112350;627019;2019-10-01;FRC;N25;;;4;3403;609937755.0;;;2.62;2.58;2.62;2.6;2.58;2.6;0.0;0.0
112351;627020;2019-10-01;FRC;F26;;;14;5332;948100768.0;;;2.69;2.64;2.69;2.67;2.68;2.68;2.68;0.0
112352;627021;2019-10-01;FRC;N26;;;0;0;0.0;;;0.0;0.0;0.0;0.0;0.0;2.77;0.0;0.0
112353;627022;2019-10-01;FRC;F27;;;10;2013;351681540.0;;;2.77;2.77;2.9;2.82;2.9;2.85;0.0;2.9
112354;627023;2019-10-01;FRC;F28;;;7;4565;784340953.0;;;2.93;2.88;3.0;2.92;3.0;3.0;0.0;0.0
112355;627024;2019-10-01;FRC;F29;;;3;1241;208696138.0;;;3.12;3.12;3.13;3.12;3.13;3.12;0.0;0.0
112356;627025;2019-10-01;FRC;F30;;;4;1934;321106542.0;;;3.13;3.11;3.13;3.11;3.11;3.2;0.0;0.0
112357;627026;2019-10-01;FRC;F31;;;0;0;0.0;;;0.0;0.0;0.0;0.0;0.0;3.26;0.0;0.0
112358;627188;2019-10-02;FRC;Z19;;;4;11028;2115444241.0;;;2.55;2.54;2.56;2.54;2.56;2.56;2.56;2.6
112359;627189;2019-10-02;FRC;F20;;;12;16562;3172955975.0;;;2.67;2.67;2.7;2.68;2.69;2.69;0.0;0.0
112360;627190;2019-10-02;FRC;G20;;;1;199;38082979.0;;;2.63;2.63;2.63;2.63;2.63;2.63;0.0;0.0
112361;627191;2019-10-02;FRC;H20;;;7;2987;571141968.0;;;2.55;2.55;2.55;2.55;2.55;2.55;0.0;0.0
112362;627192;2019-10-02;FRC;J20;;;27;6806;1300153517.0;;;2.52;2.5;2.52;2.5;2.51;2.5;2.5;0.0
112363;627193;2019-10-02;FRC;K20;;;3;1193;227655420.0;;;2.48;2.48;2.48;2.48;2.48;2.48;0.0;0.0
112364;627194;2019-10-02;FRC;M20;;;3;735;140138054.0;;;2.44;2.44;2.45;2.44;2.45;2.45;0.0;0.0
112365;627195;2019-10-02;FRC;N20;;;4;1388;264411333.0;;;2.41;2.41;2.41;2.41;2.41;2.41;0.0;0.0
112366;627196;2019-10-02;FRC;Q20;;;0;0;0.0;;;0.0;0.0;0.0;0.0;0.0;2.39;0.0;0.0
112367;627197;2019-10-02;FRC;U20;;;6;2772;330875874.0;;;2.37;2.37;2.55;2.42;2.55;2.37;0.0;0.0
112368;627198;2019-10-02;FRC;V20;;;7;1445;274530519.0;;;2.34;2.34;2.34;2.34;2.34;2.34;2.34;0.0
112369;627199;2019-10-02;FRC;F21;;;11;5601;1060945120.0;;;2.3;2.3;2.34;2.32;2.33;2.33;2.31;2.35
112370;627200;2019-10-02;FRC;J21;;;7;2028;383114203.0;;;2.32;2.32;2.33;2.32;2.32;2.32;0.0;0.0
112371;627201;2019-10-02;FRC;N21;;;2;589;110978551.0;;;2.29;2.29;2.29;2.29;2.29;2.29;0.0;0.0
112372;627202;2019-10-02;FRC;V21;;;1;196;36832414.0;;;2.27;2.27;2.27;2.27;2.27;2.27;0.0;0.0
112373;627203;2019-10-02;FRC;F22;;;15;3356;628820235.0;;;2.27;2.26;2.28;2.26;2.26;2.28;0.0;2.27
112374;627204;2019-10-02;FRC;J22;;;0;0;0.0;;;0.0;0.0;0.0;0.0;0.0;2.28;0.0;0.0
112375;627205;2019-10-02;FRC;N22;;;0;0;0.0;;;0.0;0.0;0.0;0.0;0.0;2.26;2.24;0.0
112376;627206;2019-10-02;FRC;V22;;;2;581;107943576.0;;;2.28;2.28;2.28;2.28;2.28;2.28;2.25;0.0
112377;627207;2019-10-02;FRC;F23;;;17;7996;1481500687.0;;;2.28;2.25;2.28;2.27;2.28;2.28;2.26;0.0
112378;627208;2019-10-02;FRC;J23;;;0;0;0.0;;;0.0;0.0;0.0;0.0;0.0;2.3;0.0;0.0
112379;627209;2019-10-02;FRC;N23;;;0;0;0.0;;;0.0;0.0;0.0;0.0;0.0;2.32;0.0;0.0
112380;627210;2019-10-02;FRC;V23;;;2;210;38536547.0;;;2.34;2.34;2.34;2.34;2.34;2.34;2.34;0.0
112381;627211;2019-10-02;FRC;F24;;;20;10305;1883695507.0;;;2.4;2.38;2.4;2.39;2.38;2.38;0.0;2.4
112382;627212;2019-10-02;FRC;J24;;;2;323;58867023.0;;;2.4;2.4;2.4;2.4;2.4;2.41;0.0;0.0
112383;627213;2019-10-02;FRC;N24;;;0;0;0.0;;;0.0;0.0;0.0;0.0;0.0;2.45;0.0;0.0
112384;627214;2019-10-02;FRC;V24;;;0;0;0.0;;;0.0;0.0;0.0;0.0;0.0;2.49;0.0;0.0
112385;627215;2019-10-02;FRC;F25;;;6;2033;366160024.0;;;2.55;2.51;2.55;2.52;2.51;2.51;0.0;0.0
112386;627216;2019-10-02;FRC;N25;;;0;0;0.0;;;0.0;0.0;0.0;0.0;0.0;2.56;0.0;0.0
112387;627217;2019-10-02;FRC;F26;;;8;5663;1003438922.0;;;2.68;2.67;2.68;2.67;2.67;2.63;0.0;0.0
112388;627218;2019-10-02;FRC;N26;;;0;0;0.0;;;0.0;0.0;0.0;0.0;0.0;2.73;0.0;0.0
112389;627219;2019-10-02;FRC;F27;;;6;1024;178240258.0;;;2.88;2.83;2.88;2.83;2.83;2.83;0.0;0.0
112390;627220;2019-10-02;FRC;F28;;;2;180;30742721.0;;;3.0;3.0;3.0;3.0;3.0;2.98;0.0;3.0
112391;627221;2019-10-02;FRC;F29;;;2;355;59533469.0;;;3.12;3.12;3.12;3.12;3.12;3.1;0.0;0.0
112392;627222;2019-10-02;FRC;F30;;;0;0;0.0;;;0.0;0.0;0.0;0.0;0.0;3.18;0.0;0.0
112393;627223;2019-10-02;FRC;F31;;;0;0;0.0;;;0.0;0.0;0.0;0.0;0.0;3.24;0.0;0.0
112394;627384;2019-10-03;FRC;Z19;;;35;40042;7644354880.0;;;2.56;2.51;2.56;2.52;2.52;2.51;2.52;0.0
112395;627385;2019-10-03;FRC;F20;;;13;19813;3777760133.0;;;2.7;2.65;2.7;2.65;2.65;2.65;0.0;0.0
112396;627386;2019-10-03;FRC;G20;;;1;199;37900890.0;;;2.63;2.63;2.63;2.63;2.63;2.59;0.0;0.0
112397;627387;2019-10-03;FRC;H20;;;2;4979;947450191.0;;;2.55;2.55;2.56;2.55;2.56;2.5;0.0;0.0
112398;627388;2019-10-03;FRC;J20;;;12;10148;1929422869.0;;;2.51;2.45;2.51;2.47;2.45;2.45;2.45;0.0
112399;627389;2019-10-03;FRC;K20;;;2;1392;264395475.0;;;2.43;2.43;2.43;2.43;2.43;2.43;0.0;0.0
112400;627390;2019-10-03;FRC;M20;;;2;398;75539940.0;;;2.37;2.37;2.37;2.37;2.37;2.37;0.0;0.0
112401;627391;2019-10-03;FRC;N20;;;0;0;0.0;;;0.0;0.0;0.0;0.0;0.0;2.33;2.34;2.38
112402;627392;2019-10-03;FRC;Q20;;;1;436;51701320.0;;;2.32;2.32;2.32;2.32;2.32;2.32;0.0;0.0
112403;627393;2019-10-03;FRC;U20;;;3;792;93831874.0;;;2.3;2.3;2.31;2.3;2.3;2.3;2.3;0.0
112404;627394;2019-10-03;FRC;V20;;;5;6077;1149413029.0;;;2.27;2.27;2.27;2.27;2.27;2.27;2.27;2.3
112405;627395;2019-10-03;FRC;F21;;;10;7105;1339832747.0;;;2.3;2.27;2.31;2.27;2.27;2.27;0.0;0.0
112406;627396;2019-10-03;FRC;J21;;;9;4726;888814321.0;;;2.32;2.26;2.32;2.27;2.26;2.26;0.0;0.0
112407;627397;2019-10-03;FRC;N21;;;5;980;183856395.0;;;2.23;2.23;2.23;2.23;2.23;2.23;0.0;0.0
112408;627398;2019-10-03;FRC;V21;;;5;980;183385465.0;;;2.21;2.21;2.21;2.21;2.21;2.21;0.0;0.0
112409;627399;2019-10-03;FRC;F22;;;20;8475;1581483258.0;;;2.26;2.2;2.26;2.2;2.2;2.2;0.0;0.0
112410;627400;2019-10-03;FRC;J22;;;2;234;43546895.0;;;2.25;2.21;2.25;2.21;2.21;2.21;0.0;0.0
112411;627401;2019-10-03;FRC;N22;;;0;0;0.0;;;0.0;0.0;0.0;0.0;0.0;2.2;2.2;0.0
112412;627402;2019-10-03;FRC;V22;;;0;0;0.0;;;0.0;0.0;0.0;0.0;0.0;2.22;2.22;0.0
112413;627403;2019-10-03;FRC;F23;;;31;25683;4737540005.0;;;2.28;2.23;2.28;2.25;2.23;2.23;2.21;2.24
112414;627404;2019-10-03;FRC;J23;;;0;0;0.0;;;0.0;0.0;0.0;0.0;0.0;2.25;0.0;0.0
112415;627405;2019-10-03;FRC;N23;;;0;0;0.0;;;0.0;0.0;0.0;0.0;0.0;2.27;0.0;0.0
112416;627406;2019-10-03;FRC;V23;;;5;1495;273327820.0;;;2.29;2.29;2.29;2.29;2.29;2.29;0.0;0.0
112417;627407;2019-10-03;FRC;F24;;;16;8115;1477443154.0;;;2.38;2.33;2.38;2.35;2.33;2.33;0.0;0.0
112418;627408;2019-10-03;FRC;J24;;;0;0;0.0;;;0.0;0.0;0.0;0.0;0.0;2.36;0.0;0.0
112419;627409;2019-10-03;FRC;N24;;;0;0;0.0;;;0.0;0.0;0.0;0.0;0.0;2.4;0.0;0.0
112420;627410;2019-10-03;FRC;V24;;;0;0;0.0;;;0.0;0.0;0.0;0.0;0.0;2.43;0.0;0.0
112421;627411;2019-10-03;FRC;F25;;;18;14555;2612657099.0;;;2.51;2.45;2.51;2.47;2.45;2.45;0.0;0.0
112422;627412;2019-10-03;FRC;N25;;;5;3031;539635259.0;;;2.56;2.54;2.56;2.55;2.56;2.5;0.0;0.0
112423;627413;2019-10-03;FRC;F26;;;18;14074;2486241124.0;;;2.63;2.57;2.63;2.61;2.6;2.56;0.0;0.0
112424;627414;2019-10-03;FRC;N26;;;6;5089;890489919.0;;;2.73;2.72;2.73;2.72;2.72;2.66;0.0;0.0
112425;627415;2019-10-03;FRC;F27;;;10;5939;1031993015.0;;;2.83;2.73;2.83;2.74;2.75;2.75;0.0;0.0
112426;627416;2019-10-03;FRC;F28;;;7;8907;1516373392.0;;;2.98;2.88;2.98;2.95;2.88;2.9;0.0;0.0
112427;627417;2019-10-03;FRC;F29;;;4;3428;572590817.0;;;3.1;3.1;3.1;3.1;3.1;3.02;0.0;0.0
112428;627418;2019-10-03;FRC;F30;;;3;3085;506511235.0;;;3.18;3.18;3.18;3.18;3.18;3.1;0.0;0.0
112429;627419;2019-10-03;FRC;F31;;;0;0;0.0;;;0.0;0.0;0.0;0.0;0.0;3.16;0.0;0.0
112430;627580;2019-10-04;FRC;Z19;;;13;15882;3044458710.0;;;2.55;2.55;2.56;2.55;2.56;2.56;2.56;0.0
112431;627581;2019-10-04;FRC;F20;;;6;6406;1226419192.0;;;2.7;2.7;2.7;2.7;2.7;2.7;0.0;0.0
112432;627582;2019-10-04;FRC;G20;;;7;3607;689812552.0;;;2.63;2.63;2.63;2.63;2.63;2.63;2.63;0.0
112433;627583;2019-10-04;FRC;H20;;;3;4779;913206015.0;;;2.53;2.53;2.54;2.53;2.54;2.54;0.0;0.0
112434;627584;2019-10-04;FRC;J20;;;3;12257;2340119943.0;;;2.46;2.46;2.46;2.46;2.46;2.49;2.49;0.0
112435;627585;2019-10-04;FRC;K20;;;0;0;0.0;;;0.0;0.0;0.0;0.0;0.0;2.48;0.0;0.0
112436;627586;2019-10-04;FRC;M20;;;0;0;0.0;;;0.0;0.0;0.0;0.0;0.0;2.42;0.0;0.0
112437;627587;2019-10-04;FRC;N20;;;8;2380;453133711.0;;;2.36;2.36;2.38;2.37;2.38;2.38;2.38;0.0
112438;627588;2019-10-04;FRC;Q20;;;0;0;0.0;;;0.0;0.0;0.0;0.0;0.0;2.37;0.0;0.0
112439;627589;2019-10-04;FRC;U20;;;0;0;0.0;;;0.0;0.0;0.0;0.0;0.0;2.35;0.0;0.0
112440;627590;2019-10-04;FRC;V20;;;6;3166;601144890.0;;;2.32;2.32;2.32;2.32;2.32;2.32;0.0;0.0
112441;627591;2019-10-04;FRC;F21;;;8;7284;1379298391.0;;;2.27;2.27;2.31;2.27;2.31;2.31;0.0;0.0
112442;627592;2019-10-04;FRC;J21;;;4;788;148794879.0;;;2.29;2.29;2.29;2.29;2.29;2.29;0.0;0.0
112443;627593;2019-10-04;FRC;N21;;;3;588;110730472.0;;;2.27;2.27;2.27;2.27;2.27;2.27;0.0;0.0
112444;627594;2019-10-04;FRC;V21;;;0;0;0.0;;;0.0;0.0;0.0;0.0;0.0;2.25;0.0;0.0
112445;627595;2019-10-04;FRC;F22;;;8;4882;914489214.0;;;2.23;2.23;2.25;2.23;2.25;2.24;0.0;2.27
112446;627596;2019-10-04;FRC;J22;;;0;0;0.0;;;0.0;0.0;0.0;0.0;0.0;2.25;0.0;0.0
112447;627597;2019-10-04;FRC;N22;;;4;776;144561278.0;;;2.24;2.24;2.24;2.24;2.24;2.24;0.0;0.0
112448;627598;2019-10-04;FRC;V22;;;0;0;0.0;;;0.0;0.0;0.0;0.0;0.0;2.27;2.25;0.0
112449;627599;2019-10-04;FRC;F23;;;11;3901;722579575.0;;;2.22;2.22;2.27;2.25;2.27;2.27;2.25;0.0
112450;627600;2019-10-04;FRC;J23;;;0;0;0.0;;;0.0;0.0;0.0;0.0;0.0;2.29;0.0;0.0
112451;627601;2019-10-04;FRC;N23;;;0;0;0.0;;;0.0;0.0;0.0;0.0;0.0;2.31;0.0;0.0
112452;627602;2019-10-04;FRC;V23;;;0;0;0.0;;;0.0;0.0;0.0;0.0;0.0;2.35;0.0;0.0
112453;627603;2019-10-04;FRC;F24;;;10;1910;349094940.0;;;2.35;2.35;2.38;2.37;2.38;2.38;0.0;0.0
112454;627604;2019-10-04;FRC;J24;;;0;0;0.0;;;0.0;0.0;0.0;0.0;0.0;2.41;0.0;0.0
112455;627605;2019-10-04;FRC;N24;;;0;0;0.0;;;0.0;0.0;0.0;0.0;0.0;2.45;0.0;0.0
112456;627606;2019-10-04;FRC;V24;;;0;0;0.0;;;0.0;0.0;0.0;0.0;0.0;2.48;0.0;0.0
112457;627607;2019-10-04;FRC;F25;;;17;4142;746152060.0;;;2.47;2.47;2.5;2.49;2.5;2.5;0.0;0.0
112458;627608;2019-10-04;FRC;N25;;;0;0;0.0;;;0.0;0.0;0.0;0.0;0.0;2.54;0.0;0.0
112459;627609;2019-10-04;FRC;F26;;;0;0;0.0;;;0.0;0.0;0.0;0.0;0.0;2.58;2.58;0.0
112460;627610;2019-10-04;FRC;N26;;;0;0;0.0;;;0.0;0.0;0.0;0.0;0.0;2.67;0.0;0.0
112461;627611;2019-10-04;FRC;F27;;;0;0;0.0;;;0.0;0.0;0.0;0.0;0.0;2.76;2.75;2.8
112462;627612;2019-10-04;FRC;F28;;;0;0;0.0;;;0.0;0.0;0.0;0.0;0.0;2.91;0.0;0.0
112463;627613;2019-10-04;FRC;F29;;;0;0;0.0;;;0.0;0.0;0.0;0.0;0.0;3.03;0.0;0.0
112464;627614;2019-10-04;FRC;F30;;;0;0;0.0;;;0.0;0.0;0.0;0.0;0.0;3.11;0.0;0.0
112465;627615;2019-10-04;FRC;F31;;;0;0;0.0;;;0.0;0.0;0.0;0.0;0.0;3.17;0.0;0.0
112466;627776;2019-10-07;FRC;Z19;;;9;6593;1275421549.0;;;2.56;2.56;2.57;2.56;2.57;2.57;2.57;0.0
112467;627777;2019-10-07;FRC;F20;;;14;20235;3909448785.0;;;2.72;2.72;2.73;2.72;2.72;2.72;2.72;0.0
112468;627778;2019-10-07;FRC;G20;;;14;8689;1676912884.0;;;2.63;2.63;2.65;2.64;2.65;2.65;2.65;0.0
112469;627779;2019-10-07;FRC;H20;;;9;3981;767638519.0;;;2.57;2.57;2.57;2.57;2.57;2.57;0.0;0.0
112470;627780;2019-10-07;FRC;J20;;;19;19974;3847595103.0;;;2.49;2.49;2.56;2.55;2.56;2.56;2.55;2.6
112471;627781;2019-10-07;FRC;K20;;;3;2584;497255629.0;;;2.48;2.48;2.54;2.49;2.54;2.54;0.0;0.0
112472;627782;2019-10-07;FRC;M20;;;0;0;0.0;;;0.0;0.0;0.0;0.0;0.0;2.48;0.0;0.0
112473;627783;2019-10-07;FRC;N20;;;1;179;34384650.0;;;2.45;2.45;2.45;2.45;2.45;2.45;2.45;2.47
112474;627784;2019-10-07;FRC;Q20;;;7;1782;215616839.0;;;2.44;2.44;2.44;2.44;2.44;2.44;0.0;0.0
112475;627785;2019-10-07;FRC;U20;;;0;0;0.0;;;0.0;0.0;0.0;0.0;0.0;2.42;0.0;0.0
112476;627786;2019-10-07;FRC;V20;;;7;3363;644180560.0;;;2.39;2.39;2.4;2.39;2.4;2.39;2.38;2.4
112477;627787;2019-10-07;FRC;F21;;;7;3371;643705052.0;;;2.39;2.39;2.39;2.39;2.39;2.39;0.0;0.0
112478;627788;2019-10-07;FRC;J21;;;5;1377;262257978.0;;;2.36;2.36;2.36;2.36;2.36;2.36;0.0;0.0
112479;627789;2019-10-07;FRC;N21;;;1;39;7410684.0;;;2.27;2.27;2.27;2.27;2.27;2.34;0.0;0.0
112480;627790;2019-10-07;FRC;V21;;;5;980;185635201.0;;;2.32;2.32;2.32;2.32;2.32;2.32;0.0;0.0
112481;627791;2019-10-07;FRC;F22;;;4;1658;313188790.0;;;2.3;2.3;2.3;2.3;2.3;2.3;0.0;0.0
112482;627792;2019-10-07;FRC;J22;;;0;0;0.0;;;0.0;0.0;0.0;0.0;0.0;2.31;0.0;0.0
112483;627793;2019-10-07;FRC;N22;;;0;0;0.0;;;0.0;0.0;0.0;0.0;0.0;2.31;0.0;0.0
112484;627794;2019-10-07;FRC;V22;;;0;0;0.0;;;0.0;0.0;0.0;0.0;0.0;2.34;0.0;0.0
112485;627795;2019-10-07;FRC;F23;;;17;4768;890029730.0;;;2.27;2.27;2.35;2.33;2.35;2.35;2.32;2.35
112486;627796;2019-10-07;FRC;J23;;;0;0;0.0;;;0.0;0.0;0.0;0.0;0.0;2.39;0.0;0.0
112487;627797;2019-10-07;FRC;N23;;;0;0;0.0;;;0.0;0.0;0.0;0.0;0.0;2.39;0.0;0.0
112488;627798;2019-10-07;FRC;V23;;;0;0;0.0;;;0.0;0.0;0.0;0.0;0.0;2.42;0.0;0.0
112489;627799;2019-10-07;FRC;F24;;;10;2080;383207467.0;;;2.38;2.38;2.44;2.42;2.43;2.43;0.0;0.0
112490;627800;2019-10-07;FRC;J24;;;2;114;20948043.0;;;2.41;2.41;2.41;2.41;2.41;2.46;0.0;0.0
112491;627801;2019-10-07;FRC;N24;;;0;0;0.0;;;0.0;0.0;0.0;0.0;0.0;2.5;0.0;0.0
112492;627802;2019-10-07;FRC;V24;;;0;0;0.0;;;0.0;0.0;0.0;0.0;0.0;2.53;0.0;0.0
112493;627803;2019-10-07;FRC;F25;;;3;1110;201505152.0;;;2.55;2.55;2.55;2.55;2.55;2.55;0.0;0.0
112494;627804;2019-10-07;FRC;N25;;;0;0;0.0;;;0.0;0.0;0.0;0.0;0.0;2.59;0.0;0.0
112495;627805;2019-10-07;FRC;F26;;;0;0;0.0;;;0.0;0.0;0.0;0.0;0.0;2.63;0.0;0.0
112496;627806;2019-10-07;FRC;N26;;;0;0;0.0;;;0.0;0.0;0.0;0.0;0.0;2.72;0.0;0.0
112497;627807;2019-10-07;FRC;F27;;;0;0;0.0;;;0.0;0.0;0.0;0.0;0.0;2.81;0.0;0.0
112498;627808;2019-10-07;FRC;F28;;;0;0;0.0;;;0.0;0.0;0.0;0.0;0.0;2.96;0.0;0.0
112499;627809;2019-10-07;FRC;F29;;;0;0;0.0;;;0.0;0.0;0.0;0.0;0.0;3.08;0.0;0.0
112500;627810;2019-10-07;FRC;F30;;;0;0;0.0;;;0.0;0.0;0.0;0.0;0.0;3.16;0.0;0.0
112501;627811;2019-10-07;FRC;F31;;;0;0;0.0;;;0.0;0.0;0.0;0.0;0.0;3.22;0.0;0.0
112502;627972;2019-10-08;FRC;Z19;;;33;58860;11359321950.0;;;2.59;2.58;2.6;2.59;2.6;2.6;2.6;0.0
112503;627973;2019-10-08;FRC;F20;;;2;4490;865405509.0;;;2.74;2.74;2.74;2.74;2.74;2.75;0.0;0.0
112504;627974;2019-10-08;FRC;G20;;;8;6437;1239270978.0;;;2.66;2.66;2.69;2.68;2.69;2.69;0.0;0.0
112505;627975;2019-10-08;FRC;H20;;;0;0;0.0;;;0.0;0.0;0.0;0.0;0.0;2.6;0.0;0.0
112506;627976;2019-10-08;FRC;J20;;;19;15716;3019986635.0;;;2.58;2.58;2.58;2.58;2.58;2.58;2.57;0.0
112507;627977;2019-10-08;FRC;K20;;;3;477;91553877.0;;;2.58;2.56;2.58;2.57;2.56;2.58;2.55;2.58
112508;627978;2019-10-08;FRC;M20;;;0;0;0.0;;;0.0;0.0;0.0;0.0;0.0;2.51;0.0;0.0
112509;627979;2019-10-08;FRC;N20;;;12;4463;855186673.0;;;2.47;2.47;2.47;2.47;2.47;2.47;2.47;0.0
112510;627980;2019-10-08;FRC;Q20;;;3;792;95462489.0;;;2.46;2.46;2.46;2.46;2.46;2.46;0.0;0.0
112511;627981;2019-10-08;FRC;U20;;;0;0;0.0;;;0.0;0.0;0.0;0.0;0.0;2.44;0.0;0.0
112512;627982;2019-10-08;FRC;V20;;;33;13120;2506827107.0;;;2.39;2.39;2.42;2.41;2.4;2.42;2.4;2.44
112513;627983;2019-10-08;FRC;F21;;;36;44565;8488325678.0;;;2.37;2.37;2.42;2.41;2.4;2.42;2.39;2.41
112514;627984;2019-10-08;FRC;J21;;;5;1298;246578452.0;;;2.34;2.34;2.39;2.38;2.39;2.39;0.0;0.0
112515;627985;2019-10-08;FRC;N21;;;2;2943;557504028.0;;;2.37;2.37;2.37;2.37;2.37;2.37;2.3;2.36
112516;627986;2019-10-08;FRC;V21;;;2;587;110901328.0;;;2.34;2.34;2.34;2.34;2.34;2.34;0.0;2.34
112517;627987;2019-10-08;FRC;F22;;;1;390;73485835.0;;;2.31;2.31;2.31;2.31;2.31;2.31;0.0;2.32
112518;627988;2019-10-08;FRC;J22;;;2;234;43969603.0;;;2.31;2.31;2.32;2.31;2.32;2.32;0.0;0.0
112519;627989;2019-10-08;FRC;N22;;;2;776;145385953.0;;;2.32;2.32;2.32;2.32;2.32;2.32;0.0;0.0
112520;627990;2019-10-08;FRC;V22;;;3;173;32305112.0;;;2.33;2.33;2.33;2.33;2.33;2.34;0.0;0.0
112521;627991;2019-10-08;FRC;F23;;;34;10808;2012476306.0;;;2.33;2.33;2.35;2.34;2.35;2.35;0.0;2.35
112522;627992;2019-10-08;FRC;J23;;;2;384;71252111.0;;;2.38;2.38;2.38;2.38;2.38;2.38;0.0;0.0
112523;627993;2019-10-08;FRC;N23;;;2;1919;355145177.0;;;2.37;2.37;2.37;2.37;2.37;2.37;0.0;0.0
112524;627994;2019-10-08;FRC;V23;;;4;1530;282230387.0;;;2.39;2.39;2.39;2.39;2.39;2.39;0.0;0.0
112525;627995;2019-10-08;FRC;F24;;;15;3740;687616718.0;;;2.44;2.41;2.44;2.41;2.41;2.41;0.0;0.0
112526;627996;2019-10-08;FRC;J24;;;0;0;0.0;;;0.0;0.0;0.0;0.0;0.0;2.44;0.0;0.0
112527;627997;2019-10-08;FRC;N24;;;0;0;0.0;;;0.0;0.0;0.0;0.0;0.0;2.47;0.0;0.0
112528;627998;2019-10-08;FRC;V24;;;0;0;0.0;;;0.0;0.0;0.0;0.0;0.0;2.5;0.0;0.0
112529;627999;2019-10-08;FRC;F25;;;7;1599;289828662.0;;;2.51;2.51;2.52;2.51;2.52;2.51;0.0;0.0
112530;628000;2019-10-08;FRC;N25;;;0;0;0.0;;;0.0;0.0;0.0;0.0;0.0;2.56;0.0;0.0
112531;628001;2019-10-08;FRC;F26;;;12;2790;498300465.0;;;2.62;2.61;2.62;2.61;2.62;2.62;0.0;0.0
112532;628002;2019-10-08;FRC;N26;;;0;0;0.0;;;0.0;0.0;0.0;0.0;0.0;2.69;0.0;0.0
112533;628003;2019-10-08;FRC;F27;;;0;0;0.0;;;0.0;0.0;0.0;0.0;0.0;2.76;0.0;0.0
112534;628004;2019-10-08;FRC;F28;;;2;1717;296376361.0;;;2.88;2.88;2.88;2.88;2.88;2.88;0.0;0.0
112535;628005;2019-10-08;FRC;F29;;;0;0;0.0;;;0.0;0.0;0.0;0.0;0.0;3.0;0.0;0.0
112536;628006;2019-10-08;FRC;F30;;;0;0;0.0;;;0.0;0.0;0.0;0.0;0.0;3.08;0.0;0.0
112537;628007;2019-10-08;FRC;F31;;;0;0;0.0;;;0.0;0.0;0.0;0.0;0.0;3.14;0.0;0.0
112538;628168;2019-10-09;FRC;Z19;;;41;30171;5818178955.0;;;2.63;2.58;2.66;2.64;2.66;2.66;0.0;2.66
112539;628169;2019-10-09;FRC;F20;;;9;7582;1460194239.0;;;2.8;2.8;2.8;2.8;2.8;2.8;0.0;0.0
112540;628170;2019-10-09;FRC;G20;;;18;16739;3219953104.0;;;2.72;2.72;2.76;2.75;2.76;2.76;0.0;0.0
112541;628171;2019-10-09;FRC;H20;;;0;0;0.0;;;0.0;0.0;0.0;0.0;0.0;2.67;0.0;0.0
112542;628172;2019-10-09;FRC;J20;;;18;8592;1649596497.0;;;2.62;2.62;2.64;2.63;2.64;2.64;0.0;0.0
112543;628173;2019-10-09;FRC;K20;;;9;3377;647600504.0;;;2.6;2.6;2.63;2.62;2.63;2.63;2.61;2.63
112544;628174;2019-10-09;FRC;M20;;;2;297;56915695.0;;;2.52;2.52;2.53;2.52;2.53;2.56;0.0;0.0
112545;628175;2019-10-09;FRC;N20;;;9;2777;531616077.0;;;2.53;2.53;2.53;2.53;2.53;2.53;0.0;0.0
112546;628176;2019-10-09;FRC;Q20;;;0;0;0.0;;;0.0;0.0;0.0;0.0;0.0;2.53;0.0;0.0
112547;628177;2019-10-09;FRC;U20;;;2;396;47650664.0;;;2.51;2.51;2.51;2.51;2.51;2.51;0.0;0.0
112548;628178;2019-10-09;FRC;V20;;;14;5042;962382154.0;;;2.42;2.42;2.49;2.47;2.49;2.49;0.0;2.5
112549;628179;2019-10-09;FRC;F21;;;21;17404;3310833918.0;;;2.42;2.42;2.5;2.49;2.5;2.5;2.42;2.5
112550;628180;2019-10-09;FRC;J21;;;12;22817;4331093659.0;;;2.39;2.39;2.48;2.39;2.48;2.48;0.0;2.48
112551;628181;2019-10-09;FRC;N21;;;4;608;115013227.0;;;2.45;2.45;2.45;2.45;2.45;2.45;0.0;2.45
112552;628182;2019-10-09;FRC;V21;;;6;1410;266021728.0;;;2.41;2.41;2.41;2.41;2.41;2.41;0.0;0.0
112553;628183;2019-10-09;FRC;F22;;;12;3315;623567112.0;;;2.4;2.4;2.4;2.4;2.4;2.4;0.0;0.0
112554;628184;2019-10-09;FRC;J22;;;4;621;116487048.0;;;2.39;2.39;2.39;2.39;2.39;2.39;0.0;0.0
112555;628185;2019-10-09;FRC;N22;;;0;0;0.0;;;0.0;0.0;0.0;0.0;0.0;2.38;2.38;2.41
112556;628186;2019-10-09;FRC;V22;;;1;193;35988145.0;;;2.39;2.39;2.39;2.39;2.39;2.39;0.0;0.0
112557;628187;2019-10-09;FRC;F23;;;18;6135;1140805370.0;;;2.34;2.34;2.4;2.38;2.38;2.4;0.0;2.4
112558;628188;2019-10-09;FRC;J23;;;2;961;178077064.0;;;2.42;2.42;2.42;2.42;2.42;2.42;0.0;0.0
112559;628189;2019-10-09;FRC;N23;;;0;0;0.0;;;0.0;0.0;0.0;0.0;0.0;2.41;0.0;0.0
112560;628190;2019-10-09;FRC;V23;;;6;2676;492978679.0;;;2.42;2.42;2.42;2.42;2.42;2.42;0.0;0.0
112561;628191;2019-10-09;FRC;F24;;;23;12838;2357973748.0;;;2.41;2.41;2.45;2.42;2.44;2.45;2.43;2.47
112562;628192;2019-10-09;FRC;J24;;;0;0;0.0;;;0.0;0.0;0.0;0.0;0.0;2.46;0.0;0.0
112563;628193;2019-10-09;FRC;N24;;;1;1327;242078041.0;;;2.47;2.47;2.47;2.47;2.47;2.47;0.0;0.0
112564;628194;2019-10-09;FRC;V24;;;0;0;0.0;;;0.0;0.0;0.0;0.0;0.0;2.5;0.0;0.0
112565;628195;2019-10-09;FRC;F25;;;0;0;0.0;;;0.0;0.0;0.0;0.0;0.0;2.51;2.51;0.0
112566;628196;2019-10-09;FRC;N25;;;2;936;168303041.0;;;2.57;2.57;2.57;2.57;2.57;2.57;0.0;0.0
112567;628197;2019-10-09;FRC;F26;;;0;0;0.0;;;0.0;0.0;0.0;0.0;0.0;2.63;0.0;0.0
112568;628198;2019-10-09;FRC;N26;;;0;0;0.0;;;0.0;0.0;0.0;0.0;0.0;2.7;0.0;0.0
112569;628199;2019-10-09;FRC;F27;;;0;0;0.0;;;0.0;0.0;0.0;0.0;0.0;2.78;0.0;0.0
112570;628200;2019-10-09;FRC;F28;;;0;0;0.0;;;0.0;0.0;0.0;0.0;0.0;2.9;0.0;0.0
112571;628201;2019-10-09;FRC;F29;;;1;178;30121149.0;;;3.03;3.03;3.03;3.03;3.03;3.03;0.0;0.0
112572;628202;2019-10-09;FRC;F30;;;2;352;58604391.0;;;3.1;3.1;3.1;3.1;3.1;3.1;0.0;0.0
112573;628203;2019-10-09;FRC;F31;;;0;0;0.0;;;0.0;0.0;0.0;0.0;0.0;3.16;0.0;0.0
112574;628364;2019-10-10;FRC;Z19;;;33;37759;7303323082.0;;;2.64;2.61;2.64;2.61;2.61;2.61;0.0;2.62
112575;628365;2019-10-10;FRC;F20;;;0;0;0.0;;;0.0;0.0;0.0;0.0;0.0;2.76;2.76;0.0
112576;628366;2019-10-10;FRC;G20;;;3;4325;834443485.0;;;2.76;2.76;2.76;2.76;2.76;2.73;0.0;0.0
112577;628367;2019-10-10;FRC;H20;;;3;597;115083783.0;;;2.65;2.65;2.65;2.65;2.65;2.65;0.0;0.0
112578;628368;2019-10-10;FRC;J20;;;3;2964;570761432.0;;;2.64;2.64;2.64;2.64;2.64;2.62;0.0;0.0
112579;628369;2019-10-10;FRC;K20;;;17;6775;1303151961.0;;;2.63;2.61;2.63;2.61;2.61;2.61;0.0;0.0
112580;628370;2019-10-10;FRC;M20;;;4;796;152995152.0;;;2.54;2.54;2.54;2.54;2.54;2.54;2.54;0.0
112581;628371;2019-10-10;FRC;N20;;;0;0;0.0;;;0.0;0.0;0.0;0.0;0.0;2.52;0.0;0.0
112582;628372;2019-10-10;FRC;Q20;;;0;0;0.0;;;0.0;0.0;0.0;0.0;0.0;2.53;0.0;0.0
112583;628373;2019-10-10;FRC;U20;;;0;0;0.0;;;0.0;0.0;0.0;0.0;0.0;2.52;0.0;0.0
112584;628374;2019-10-10;FRC;V20;;;3;989;189307163.0;;;2.51;2.51;2.51;2.51;2.51;2.51;2.5;0.0
112585;628375;2019-10-10;FRC;F21;;;11;10838;2067626246.0;;;2.52;2.52;2.52;2.52;2.52;2.52;0.0;0.0
112586;628376;2019-10-10;FRC;J21;;;0;0;0.0;;;0.0;0.0;0.0;0.0;0.0;2.5;0.0;0.0
112587;628377;2019-10-10;FRC;N21;;;4;784;148708573.0;;;2.48;2.48;2.48;2.48;2.48;2.48;0.0;0.0
112588;628378;2019-10-10;FRC;V21;;;0;0;0.0;;;0.0;0.0;0.0;0.0;0.0;2.44;0.0;0.0
112589;628379;2019-10-10;FRC;F22;;;7;5089;960154449.0;;;2.4;2.39;2.43;2.39;2.43;2.43;0.0;0.0
112590;628380;2019-10-10;FRC;J22;;;0;0;0.0;;;0.0;0.0;0.0;0.0;0.0;2.42;0.0;0.0
112591;628381;2019-10-10;FRC;N22;;;0;0;0.0;;;0.0;0.0;0.0;0.0;0.0;2.41;0.0;0.0
112592;628382;2019-10-10;FRC;V22;;;0;0;0.0;;;0.0;0.0;0.0;0.0;0.0;2.42;0.0;0.0
112593;628383;2019-10-10;FRC;F23;;;12;2950;549846658.0;;;2.4;2.4;2.43;2.42;2.42;2.43;0.0;0.0
112594;628384;2019-10-10;FRC;J23;;;0;0;0.0;;;0.0;0.0;0.0;0.0;0.0;2.45;0.0;0.0
112595;628385;2019-10-10;FRC;N23;;;0;0;0.0;;;0.0;0.0;0.0;0.0;0.0;2.44;0.0;0.0
112596;628386;2019-10-10;FRC;V23;;;0;0;0.0;;;0.0;0.0;0.0;0.0;0.0;2.45;0.0;0.0
112597;628387;2019-10-10;FRC;F24;;;3;953;175383344.0;;;2.45;2.45;2.48;2.47;2.48;2.48;0.0;0.0
112598;628388;2019-10-10;FRC;J24;;;0;0;0.0;;;0.0;0.0;0.0;0.0;0.0;2.49;0.0;0.0
112599;628389;2019-10-10;FRC;N24;;;0;0;0.0;;;0.0;0.0;0.0;0.0;0.0;2.5;0.0;0.0
112600;628390;2019-10-10;FRC;V24;;;0;0;0.0;;;0.0;0.0;0.0;0.0;0.0;2.53;0.0;0.0
112601;628391;2019-10-10;FRC;F25;;;3;790;143377067.0;;;2.57;2.54;2.57;2.55;2.54;2.54;0.0;0.0
112602;628392;2019-10-10;FRC;N25;;;0;0;0.0;;;0.0;0.0;0.0;0.0;0.0;2.6;0.0;0.0
112603;628393;2019-10-10;FRC;F26;;;2;372;66511195.0;;;2.66;2.66;2.66;2.66;2.66;2.66;0.0;0.0
112604;628394;2019-10-10;FRC;N26;;;0;0;0.0;;;0.0;0.0;0.0;0.0;0.0;2.73;0.0;0.0
112605;628395;2019-10-10;FRC;F27;;;0;0;0.0;;;0.0;0.0;0.0;0.0;0.0;2.81;0.0;0.0
112606;628396;2019-10-10;FRC;F28;;;0;0;0.0;;;0.0;0.0;0.0;0.0;0.0;2.93;0.0;0.0
112607;628397;2019-10-10;FRC;F29;;;0;0;0.0;;;0.0;0.0;0.0;0.0;0.0;3.06;0.0;0.0
112608;628398;2019-10-10;FRC;F30;;;0;0;0.0;;;0.0;0.0;0.0;0.0;0.0;3.13;0.0;0.0
112609;628399;2019-10-10;FRC;F31;;;0;0;0.0;;;0.0;0.0;0.0;0.0;0.0;3.19;0.0;0.0
112610;628560;2019-10-11;FRC;Z19;;;16;31603;6074397676.0;;;2.6;2.58;2.65;2.61;2.62;2.62;0.0;0.0
112611;628561;2019-10-11;FRC;F20;;;18;11238;2157151601.0;;;2.8;2.78;2.81;2.8;2.81;2.81;0.0;0.0
112612;628562;2019-10-11;FRC;G20;;;16;8767;1680821113.0;;;2.75;2.75;2.8;2.77;2.8;2.8;0.0;0.0
112613;628563;2019-10-11;FRC;H20;;;3;796;152461073.0;;;2.73;2.73;2.73;2.73;2.73;2.73;0.0;0.0
112614;628564;2019-10-11;FRC;J20;;;26;16668;3189244245.0;;;2.62;2.62;2.7;2.68;2.7;2.7;0.0;0.0
112615;628565;2019-10-11;FRC;K20;;;4;2584;493879277.0;;;2.64;2.64;2.64;2.64;2.64;2.69;0.0;0.0
112616;628566;2019-10-11;FRC;M20;;;1;198;37809507.0;;;2.6;2.6;2.6;2.6;2.6;2.63;0.0;0.0
112617;628567;2019-10-11;FRC;N20;;;22;12889;2458673132.0;;;2.52;2.52;2.61;2.59;2.61;2.61;0.0;0.0
112618;628568;2019-10-11;FRC;Q20;;;0;0;0.0;;;0.0;0.0;0.0;0.0;0.0;2.61;0.0;0.0
112619;628569;2019-10-11;FRC;U20;;;0;0;0.0;;;0.0;0.0;0.0;0.0;0.0;2.59;0.0;0.0
112620;628570;2019-10-11;FRC;V20;;;14;13086;2488416585.0;;;2.55;2.55;2.57;2.56;2.57;2.57;0.0;0.0
112621;628571;2019-10-11;FRC;F21;;;13;9259;1754792364.0;;;2.57;2.57;2.57;2.57;2.57;2.57;0.0;0.0
112622;628572;2019-10-11;FRC;J21;;;0;0;0.0;;;0.0;0.0;0.0;0.0;0.0;2.55;0.0;0.0
112623;628573;2019-10-11;FRC;N21;;;3;588;110767863.0;;;2.55;2.55;2.55;2.55;2.55;2.55;0.0;0.0
112624;628574;2019-10-11;FRC;V21;;;3;585;109869042.0;;;2.53;2.53;2.53;2.53;2.53;2.53;0.0;0.0
112625;628575;2019-10-11;FRC;F22;;;12;6448;1207521442.0;;;2.48;2.48;2.51;2.5;2.5;2.5;0.0;2.55
112626;628576;2019-10-11;FRC;J22;;;3;582;108694075.0;;;2.48;2.48;2.48;2.48;2.48;2.48;0.0;0.0
112627;628577;2019-10-11;FRC;N22;;;0;0;0.0;;;0.0;0.0;0.0;0.0;0.0;2.48;0.0;0.0
112628;628578;2019-10-11;FRC;V22;;;0;0;0.0;;;0.0;0.0;0.0;0.0;0.0;2.49;0.0;0.0
112629;628579;2019-10-11;FRC;F23;;;6;2023;374321454.0;;;2.47;2.47;2.51;2.49;2.51;2.51;2.51;2.55
112630;628580;2019-10-11;FRC;J23;;;0;0;0.0;;;0.0;0.0;0.0;0.0;0.0;2.54;0.0;0.0
112631;628581;2019-10-11;FRC;N23;;;0;0;0.0;;;0.0;0.0;0.0;0.0;0.0;2.54;0.0;0.0
112632;628582;2019-10-11;FRC;V23;;;0;0;0.0;;;0.0;0.0;0.0;0.0;0.0;2.56;0.0;2.6
112633;628583;2019-10-11;FRC;F24;;;2;380;69313537.0;;;2.6;2.6;2.6;2.6;2.6;2.6;0.0;2.63
112634;628584;2019-10-11;FRC;J24;;;0;0;0.0;;;0.0;0.0;0.0;0.0;0.0;2.62;2.6;0.0
112635;628585;2019-10-11;FRC;N24;;;0;0;0.0;;;0.0;0.0;0.0;0.0;0.0;2.64;0.0;0.0
112636;628586;2019-10-11;FRC;V24;;;0;0;0.0;;;0.0;0.0;0.0;0.0;0.0;2.68;0.0;0.0
112637;628587;2019-10-11;FRC;F25;;;9;1504;270361986.0;;;2.63;2.63;2.71;2.69;2.71;2.7;0.0;2.78
112638;628588;2019-10-11;FRC;N25;;;0;0;0.0;;;0.0;0.0;0.0;0.0;0.0;2.75;0.0;0.0
112639;628589;2019-10-11;FRC;F26;;;4;740;130922767.0;;;2.8;2.8;2.8;2.8;2.8;2.8;0.0;0.0
112640;628590;2019-10-11;FRC;N26;;;0;0;0.0;;;0.0;0.0;0.0;0.0;0.0;2.87;0.0;0.0
112641;628591;2019-10-11;FRC;F27;;;0;0;0.0;;;0.0;0.0;0.0;0.0;0.0;2.95;0.0;0.0
112642;628592;2019-10-11;FRC;F28;;;0;0;0.0;;;0.0;0.0;0.0;0.0;0.0;3.07;0.0;0.0
112643;628593;2019-10-11;FRC;F29;;;0;0;0.0;;;0.0;0.0;0.0;0.0;0.0;3.2;0.0;0.0
112644;628594;2019-10-11;FRC;F30;;;0;0;0.0;;;0.0;0.0;0.0;0.0;0.0;3.27;0.0;0.0
112645;628595;2019-10-11;FRC;F31;;;0;0;0.0;;;0.0;0.0;0.0;0.0;0.0;3.33;0.0;0.0
112646;628756;2019-10-14;FRC;Z19;;;47;81114;15680893321.0;;;2.56;2.55;2.56;2.55;2.56;2.56;2.56;0.0
112647;628757;2019-10-14;FRC;F20;;;8;7385;1425733929.0;;;2.79;2.79;2.79;2.79;2.79;2.79;2.76;2.79
112648;628758;2019-10-14;FRC;G20;;;13;10959;2113164193.0;;;2.78;2.77;2.78;2.77;2.77;2.77;2.76;2.8
112649;628759;2019-10-14;FRC;H20;;;4;2030;391054663.0;;;2.73;2.7;2.73;2.71;2.7;2.7;0.0;0.0
112650;628760;2019-10-14;FRC;J20;;;12;7260;1397094081.0;;;2.71;2.68;2.71;2.68;2.68;2.68;0.0;0.0
112651;628761;2019-10-14;FRC;K20;;;12;3974;763843636.0;;;2.67;2.67;2.67;2.67;2.67;2.67;2.64;0.0
112652;628762;2019-10-14;FRC;M20;;;7;2180;418634065.0;;;2.62;2.62;2.63;2.62;2.63;2.63;0.0;0.0
112653;628763;2019-10-14;FRC;N20;;;20;15864;3043492514.0;;;2.6;2.6;2.6;2.6;2.6;2.6;0.0;0.0
112654;628764;2019-10-14;FRC;Q20;;;2;396;47836644.0;;;2.59;2.59;2.59;2.59;2.59;2.59;0.0;0.0
112655;628765;2019-10-14;FRC;U20;;;0;0;0.0;;;0.0;0.0;0.0;0.0;0.0;2.57;0.0;0.0
112656;628766;2019-10-14;FRC;V20;;;32;6763;1293520020.0;;;2.57;2.54;2.57;2.55;2.54;2.55;2.54;2.58
112657;628767;2019-10-14;FRC;F21;;;8;3152;600944739.0;;;2.53;2.53;2.53;2.53;2.53;2.53;2.54;2.56
112658;628768;2019-10-14;FRC;J21;;;0;0;0.0;;;0.0;0.0;0.0;0.0;0.0;2.51;2.51;2.54
112659;628769;2019-10-14;FRC;N21;;;2;392;74299506.0;;;2.5;2.5;2.5;2.5;2.5;2.5;0.0;0.0
112660;628770;2019-10-14;FRC;V21;;;7;2733;516530846.0;;;2.47;2.47;2.47;2.47;2.47;2.47;0.0;0.0
112661;628771;2019-10-14;FRC;F22;;;2;1559;293764998.0;;;2.46;2.46;2.46;2.46;2.46;2.46;2.46;2.48
112662;628772;2019-10-14;FRC;J22;;;0;0;0.0;;;0.0;0.0;0.0;0.0;0.0;2.45;0.0;0.0
112663;628773;2019-10-14;FRC;N22;;;0;0;0.0;;;0.0;0.0;0.0;0.0;0.0;2.45;0.0;0.0
112664;628774;2019-10-14;FRC;V22;;;2;328;61237923.0;;;2.47;2.47;2.47;2.47;2.47;2.47;0.0;0.0
112665;628775;2019-10-14;FRC;F23;;;7;1351;251433213.0;;;2.49;2.49;2.49;2.49;2.49;2.49;2.47;2.49
112666;628776;2019-10-14;FRC;J23;;;3;576;106830121.0;;;2.51;2.51;2.51;2.51;2.51;2.51;0.0;0.0
112667;628777;2019-10-14;FRC;N23;;;0;0;0.0;;;0.0;0.0;0.0;0.0;0.0;2.52;0.0;0.0
112668;628778;2019-10-14;FRC;V23;;;0;0;0.0;;;0.0;0.0;0.0;0.0;0.0;2.56;0.0;0.0
112669;628779;2019-10-14;FRC;F24;;;12;5016;919998256.0;;;2.61;2.61;2.61;2.61;2.61;2.61;0.0;2.63
112670;628780;2019-10-14;FRC;J24;;;0;0;0.0;;;0.0;0.0;0.0;0.0;0.0;2.63;0.0;0.0
112671;628781;2019-10-14;FRC;N24;;;0;0;0.0;;;0.0;0.0;0.0;0.0;0.0;2.65;0.0;0.0
112672;628782;2019-10-14;FRC;V24;;;0;0;0.0;;;0.0;0.0;0.0;0.0;0.0;2.7;0.0;0.0
112673;628783;2019-10-14;FRC;F25;;;4;752;135874483.0;;;2.72;2.72;2.72;2.72;2.72;2.72;0.0;0.0
112674;628784;2019-10-14;FRC;N25;;;0;0;0.0;;;0.0;0.0;0.0;0.0;0.0;2.77;0.0;0.0
112675;628785;2019-10-14;FRC;F26;;;0;0;0.0;;;0.0;0.0;0.0;0.0;0.0;2.82;0.0;0.0
112676;628786;2019-10-14;FRC;N26;;;0;0;0.0;;;0.0;0.0;0.0;0.0;0.0;2.9;0.0;0.0
112677;628787;2019-10-14;FRC;F27;;;2;546;95319898.0;;;2.98;2.98;2.98;2.98;2.98;2.98;0.0;0.0
112678;628788;2019-10-14;FRC;F28;;;0;0;0.0;;;0.0;0.0;0.0;0.0;0.0;3.1;0.0;3.15
112679;628789;2019-10-14;FRC;F29;;;0;0;0.0;;;0.0;0.0;0.0;0.0;0.0;3.23;0.0;0.0
112680;628790;2019-10-14;FRC;F30;;;0;0;0.0;;;0.0;0.0;0.0;0.0;0.0;3.3;0.0;0.0
112681;628791;2019-10-14;FRC;F31;;;0;0;0.0;;;0.0;0.0;0.0;0.0;0.0;3.36;0.0;0.0
112682;628952;2019-10-15;FRC;Z19;;;80;103477;20024922854.0;;;2.5;2.5;2.55;2.52;2.53;2.53;2.53;0.0
112683;628953;2019-10-15;FRC;F20;;;18;14388;2780650757.0;;;2.76;2.75;2.76;2.75;2.76;2.76;2.75;2.78
112684;628954;2019-10-15;FRC;G20;;;15;10163;1961716572.0;;;2.75;2.75;2.77;2.76;2.76;2.76;0.0;0.0
112685;628955;2019-10-15;FRC;H20;;;6;2388;460504440.0;;;2.7;2.7;2.7;2.7;2.7;2.7;0.0;0.0
112686;628956;2019-10-15;FRC;J20;;;8;3383;651704146.0;;;2.67;2.67;2.67;2.67;2.67;2.67;0.0;0.0
112687;628957;2019-10-15;FRC;K20;;;2;398;76579050.0;;;2.67;2.67;2.67;2.67;2.67;2.67;0.0;0.0
112688;628958;2019-10-15;FRC;M20;;;7;1785;343131987.0;;;2.63;2.63;2.63;2.63;2.63;2.63;2.61;2.65
112689;628959;2019-10-15;FRC;N20;;;8;4164;799645000.0;;;2.61;2.61;2.61;2.61;2.61;2.61;0.0;0.0
112690;628960;2019-10-15;FRC;Q20;;;0;0;0.0;;;0.0;0.0;0.0;0.0;0.0;2.61;0.0;0.0
112691;628961;2019-10-15;FRC;U20;;;0;0;0.0;;;0.0;0.0;0.0;0.0;0.0;2.57;0.0;0.0
112692;628962;2019-10-15;FRC;V20;;;17;11086;2122541542.0;;;2.54;2.53;2.55;2.54;2.55;2.55;0.0;0.0
112693;628963;2019-10-15;FRC;F21;;;18;5733;1094146445.0;;;2.5;2.5;2.53;2.52;2.53;2.53;2.53;2.56
112694;628964;2019-10-15;FRC;J21;;;1;197;37489553.0;;;2.52;2.52;2.52;2.52;2.52;2.52;0.0;0.0
112695;628965;2019-10-15;FRC;N21;;;2;588;111571941.0;;;2.49;2.49;2.49;2.49;2.49;2.47;0.0;0.0
112696;628966;2019-10-15;FRC;V21;;;0;0;0.0;;;0.0;0.0;0.0;0.0;0.0;2.46;0.0;0.0
112697;628967;2019-10-15;FRC;F22;;;0;0;0.0;;;0.0;0.0;0.0;0.0;0.0;2.47;2.47;0.0
112698;628968;2019-10-15;FRC;J22;;;3;543;102111382.0;;;2.45;2.45;2.47;2.46;2.47;2.47;0.0;0.0
112699;628969;2019-10-15;FRC;N22;;;0;0;0.0;;;0.0;0.0;0.0;0.0;0.0;2.48;2.45;2.5
112700;628970;2019-10-15;FRC;V22;;;3;772;144180573.0;;;2.52;2.52;2.52;2.52;2.52;2.52;0.0;2.54
112701;628971;2019-10-15;FRC;F23;;;33;3610;672125467.0;;;2.49;2.47;2.55;2.51;2.55;2.55;0.0;0.0
112702;628972;2019-10-15;FRC;J23;;;0;0;0.0;;;0.0;0.0;0.0;0.0;0.0;2.57;0.0;2.59
112703;628973;2019-10-15;FRC;N23;;;0;0;0.0;;;0.0;0.0;0.0;0.0;0.0;2.58;0.0;0.0
112704;628974;2019-10-15;FRC;V23;;;0;0;0.0;;;0.0;0.0;0.0;0.0;0.0;2.62;0.0;0.0
112705;628975;2019-10-15;FRC;F24;;;7;1710;313594276.0;;;2.67;2.67;2.67;2.67;2.67;2.67;0.0;0.0
112706;628976;2019-10-15;FRC;J24;;;0;0;0.0;;;0.0;0.0;0.0;0.0;0.0;2.69;0.0;0.0
112707;628977;2019-10-15;FRC;N24;;;0;0;0.0;;;0.0;0.0;0.0;0.0;0.0;2.71;0.0;0.0
112708;628978;2019-10-15;FRC;V24;;;0;0;0.0;;;0.0;0.0;0.0;0.0;0.0;2.75;0.0;0.0
112709;628979;2019-10-15;FRC;F25;;;6;2663;481796630.0;;;2.68;2.68;2.77;2.69;2.77;2.77;0.0;0.0
112710;628980;2019-10-15;FRC;N25;;;0;0;0.0;;;0.0;0.0;0.0;0.0;0.0;2.83;0.0;0.0
112711;628981;2019-10-15;FRC;F26;;;8;2607;463707581.0;;;2.83;2.83;2.9;2.84;2.9;2.9;0.0;0.0
112712;628982;2019-10-15;FRC;N26;;;0;0;0.0;;;0.0;0.0;0.0;0.0;0.0;2.98;0.0;0.0
112713;628983;2019-10-15;FRC;F27;;;0;0;0.0;;;0.0;0.0;0.0;0.0;0.0;3.06;0.0;0.0
112714;628984;2019-10-15;FRC;F28;;;0;0;0.0;;;0.0;0.0;0.0;0.0;0.0;3.17;0.0;0.0
112715;628985;2019-10-15;FRC;F29;;;0;0;0.0;;;0.0;0.0;0.0;0.0;0.0;3.3;0.0;0.0
112716;628986;2019-10-15;FRC;F30;;;0;0;0.0;;;0.0;0.0;0.0;0.0;0.0;3.37;0.0;0.0
112717;628987;2019-10-15;FRC;F31;;;0;0;0.0;;;0.0;0.0;0.0;0.0;0.0;3.43;0.0;0.0
112718;629148;2019-10-16;FRC;Z19;;;35;43718;8439609761.0;;;2.53;2.52;2.54;2.53;2.54;2.54;2.54;2.56
112719;629149;2019-10-16;FRC;F20;;;17;17161;3308429229.0;;;2.77;2.77;2.77;2.77;2.77;2.77;0.0;2.8
112720;629150;2019-10-16;FRC;G20;;;15;9167;1765139597.0;;;2.77;2.76;2.77;2.76;2.76;2.76;0.0;0.0
112721;629151;2019-10-16;FRC;H20;;;0;0;0.0;;;0.0;0.0;0.0;0.0;0.0;2.7;0.0;0.0
112722;629152;2019-10-16;FRC;J20;;;11;19492;3745778600.0;;;2.67;2.66;2.67;2.66;2.67;2.67;2.67;0.0
112723;629153;2019-10-16;FRC;K20;;;11;13011;2497278238.0;;;2.67;2.67;2.67;2.67;2.67;2.67;0.0;0.0
112724;629154;2019-10-16;FRC;M20;;;6;6687;1282301158.0;;;2.63;2.63;2.64;2.63;2.64;2.64;0.0;2.64
112725;629155;2019-10-16;FRC;N20;;;17;15663;3000422471.0;;;2.62;2.6;2.63;2.62;2.63;2.63;0.0;0.0
112726;629156;2019-10-16;FRC;Q20;;;3;792;95445745.0;;;2.61;2.61;2.61;2.61;2.61;2.61;0.0;0.0
112727;629157;2019-10-16;FRC;U20;;;0;0;0.0;;;0.0;0.0;0.0;0.0;0.0;2.57;0.0;0.0
112728;629158;2019-10-16;FRC;V20;;;60;5865;1120208205.0;;;2.55;2.54;2.55;2.54;2.55;2.55;2.54;0.0
112729;629159;2019-10-16;FRC;F21;;;9;5516;1050110120.0;;;2.53;2.53;2.54;2.53;2.54;2.54;2.53;2.55
112730;629160;2019-10-16;FRC;J21;;;2;392;74402905.0;;;2.53;2.53;2.53;2.53;2.53;2.53;0.0;2.54
112731;629161;2019-10-16;FRC;N21;;;11;3352;634512937.0;;;2.47;2.47;2.49;2.48;2.49;2.49;2.49;0.0
112732;629162;2019-10-16;FRC;V21;;;5;1015;191554983.0;;;2.46;2.46;2.48;2.47;2.48;2.48;0.0;0.0
112733;629163;2019-10-16;FRC;F22;;;12;2924;550045122.0;;;2.47;2.47;2.49;2.48;2.49;2.49;0.0;0.0
112734;629164;2019-10-16;FRC;J22;;;2;194;36382125.0;;;2.49;2.49;2.49;2.49;2.49;2.49;0.0;0.0
112735;629165;2019-10-16;FRC;N22;;;4;1162;217234816.0;;;2.5;2.5;2.5;2.5;2.5;2.5;0.0;0.0
112736;629166;2019-10-16;FRC;V22;;;0;0;0.0;;;0.0;0.0;0.0;0.0;0.0;2.53;0.0;0.0
112737;629167;2019-10-16;FRC;F23;;;12;3268;606617115.0;;;2.55;2.55;2.56;2.55;2.56;2.56;0.0;0.0
112738;629168;2019-10-16;FRC;J23;;;0;0;0.0;;;0.0;0.0;0.0;0.0;0.0;2.59;0.0;0.0
112739;629169;2019-10-16;FRC;N23;;;11;571;105273368.0;;;2.57;2.57;2.6;2.58;2.6;2.6;0.0;0.0
112740;629170;2019-10-16;FRC;V23;;;0;0;0.0;;;0.0;0.0;0.0;0.0;0.0;2.64;0.0;0.0
112741;629171;2019-10-16;FRC;F24;;;10;1747;319405313.0;;;2.68;2.68;2.7;2.69;2.7;2.7;0.0;0.0
112742;629172;2019-10-16;FRC;J24;;;0;0;0.0;;;0.0;0.0;0.0;0.0;0.0;2.72;0.0;0.0
112743;629173;2019-10-16;FRC;N24;;;0;0;0.0;;;0.0;0.0;0.0;0.0;0.0;2.74;0.0;0.0
112744;629174;2019-10-16;FRC;V24;;;0;0;0.0;;;0.0;0.0;0.0;0.0;0.0;2.78;0.0;0.0
112745;629175;2019-10-16;FRC;F25;;;5;504;90735084.0;;;2.77;2.77;2.8;2.79;2.8;2.8;0.0;0.0
112746;629176;2019-10-16;FRC;N25;;;0;0;0.0;;;0.0;0.0;0.0;0.0;0.0;2.85;0.0;0.0
112747;629177;2019-10-16;FRC;F26;;;0;0;0.0;;;0.0;0.0;0.0;0.0;0.0;2.91;0.0;0.0
112748;629178;2019-10-16;FRC;N26;;;0;0;0.0;;;0.0;0.0;0.0;0.0;0.0;2.97;0.0;0.0
112749;629179;2019-10-16;FRC;F27;;;0;0;0.0;;;0.0;0.0;0.0;0.0;0.0;3.04;0.0;0.0
112750;629180;2019-10-16;FRC;F28;;;0;0;0.0;;;0.0;0.0;0.0;0.0;0.0;3.18;0.0;0.0
112751;629181;2019-10-16;FRC;F29;;;0;0;0.0;;;0.0;0.0;0.0;0.0;0.0;3.31;0.0;0.0
112752;629182;2019-10-16;FRC;F30;;;0;0;0.0;;;0.0;0.0;0.0;0.0;0.0;3.38;0.0;0.0
112753;629183;2019-10-16;FRC;F31;;;0;0;0.0;;;0.0;0.0;0.0;0.0;0.0;3.44;0.0;0.0
112754;629343;2019-10-17;FRC;Z19;;;20;39561;7618616517.0;;;2.54;2.53;2.55;2.54;2.55;2.55;0.0;2.58
112755;629344;2019-10-17;FRC;F20;;;26;24643;4739434654.0;;;2.75;2.75;2.78;2.76;2.76;2.76;2.76;0.0
112756;629345;2019-10-17;FRC;G20;;;16;19930;3828396491.0;;;2.75;2.75;2.76;2.75;2.75;2.75;0.0;0.0
112757;629346;2019-10-17;FRC;H20;;;0;0;0.0;;;0.0;0.0;0.0;0.0;0.0;2.69;0.0;0.0
112758;629347;2019-10-17;FRC;J20;;;69;40977;7855883908.0;;;2.63;2.63;2.66;2.64;2.65;2.65;2.65;0.0
112759;629348;2019-10-17;FRC;K20;;;14;3023;578841371.0;;;2.68;2.65;2.68;2.65;2.65;2.65;0.0;0.0
112760;629349;2019-10-17;FRC;M20;;;7;2222;425079059.0;;;2.63;2.62;2.63;2.62;2.63;2.62;2.62;0.0
112761;629350;2019-10-17;FRC;N20;;;9;4758;909275802.0;;;2.62;2.61;2.62;2.61;2.61;2.61;2.6;2.62
112762;629351;2019-10-17;FRC;Q20;;;0;0;0.0;;;0.0;0.0;0.0;0.0;0.0;2.59;0.0;0.0
112763;629352;2019-10-17;FRC;U20;;;2;1761;211237820.0;;;2.57;2.57;2.57;2.57;2.57;2.56;0.0;0.0
112764;629353;2019-10-17;FRC;V20;;;11;7829;1491694776.0;;;2.55;2.54;2.55;2.54;2.55;2.54;2.54;2.55
112765;629354;2019-10-17;FRC;F21;;;16;6876;1305905682.0;;;2.53;2.52;2.54;2.53;2.54;2.52;2.52;2.54
112766;629355;2019-10-17;FRC;J21;;;1;20;3788203.0;;;2.53;2.53;2.53;2.53;2.53;2.51;0.0;0.0
112767;629356;2019-10-17;FRC;N21;;;3;294;55519477.0;;;2.5;2.47;2.5;2.48;2.47;2.47;0.0;0.0
112768;629357;2019-10-17;FRC;V21;;;3;781;147040555.0;;;2.47;2.47;2.47;2.47;2.47;2.47;0.0;0.0
112769;629358;2019-10-17;FRC;F22;;;8;7559;1418559809.0;;;2.48;2.48;2.48;2.48;2.48;2.48;2.48;0.0
112770;629359;2019-10-17;FRC;J22;;;0;0;0.0;;;0.0;0.0;0.0;0.0;0.0;2.48;0.0;0.0
112771;629360;2019-10-17;FRC;N22;;;0;0;0.0;;;0.0;0.0;0.0;0.0;0.0;2.49;0.0;0.0
112772;629361;2019-10-17;FRC;V22;;;0;0;0.0;;;0.0;0.0;0.0;0.0;0.0;2.52;0.0;0.0
112773;629362;2019-10-17;FRC;F23;;;29;7287;1349467730.0;;;2.55;2.55;2.57;2.55;2.57;2.55;0.0;0.0
112774;629363;2019-10-17;FRC;J23;;;0;0;0.0;;;0.0;0.0;0.0;0.0;0.0;2.58;0.0;0.0
112775;629364;2019-10-17;FRC;N23;;;0;0;0.0;;;0.0;0.0;0.0;0.0;0.0;2.59;0.0;0.0
112776;629365;2019-10-17;FRC;V23;;;0;0;0.0;;;0.0;0.0;0.0;0.0;0.0;2.63;0.0;0.0
112777;629366;2019-10-17;FRC;F24;;;10;4936;900417889.0;;;2.69;2.69;2.69;2.69;2.69;2.69;0.0;0.0
112778;629367;2019-10-17;FRC;J24;;;0;0;0.0;;;0.0;0.0;0.0;0.0;0.0;2.71;0.0;0.0
112779;629368;2019-10-17;FRC;N24;;;0;0;0.0;;;0.0;0.0;0.0;0.0;0.0;2.73;0.0;0.0
112780;629369;2019-10-17;FRC;V24;;;0;0;0.0;;;0.0;0.0;0.0;0.0;0.0;2.77;0.0;0.0
112781;629370;2019-10-17;FRC;F25;;;2;656;117855620.0;;;2.79;2.79;2.79;2.79;2.79;2.79;0.0;0.0
112782;629371;2019-10-17;FRC;N25;;;0;0;0.0;;;0.0;0.0;0.0;0.0;0.0;2.84;0.0;0.0
112783;629372;2019-10-17;FRC;F26;;;0;0;0.0;;;0.0;0.0;0.0;0.0;0.0;2.9;0.0;0.0
112784;629373;2019-10-17;FRC;N26;;;0;0;0.0;;;0.0;0.0;0.0;0.0;0.0;2.96;0.0;0.0
112785;629374;2019-10-17;FRC;F27;;;0;0;0.0;;;0.0;0.0;0.0;0.0;0.0;3.03;0.0;0.0
112786;629375;2019-10-17;FRC;F28;;;0;0;0.0;;;0.0;0.0;0.0;0.0;0.0;3.17;0.0;0.0
112787;629376;2019-10-17;FRC;F29;;;0;0;0.0;;;0.0;0.0;0.0;0.0;0.0;3.3;0.0;0.0
112788;629377;2019-10-17;FRC;F30;;;0;0;0.0;;;0.0;0.0;0.0;0.0;0.0;3.37;0.0;0.0
112789;629378;2019-10-17;FRC;F31;;;0;0;0.0;;;0.0;0.0;0.0;0.0;0.0;3.43;0.0;0.0
112790;629536;2019-10-18;FRC;Z19;;;157;121488;23331303902.0;;;2.54;2.53;2.56;2.54;2.56;2.56;0.0;0.0
112791;629537;2019-10-18;FRC;F20;;;51;85446;16388183320.0;;;2.76;2.73;2.76;2.74;2.75;2.75;2.74;2.75
112792;629538;2019-10-18;FRC;G20;;;16;8366;1602656711.0;;;2.74;2.73;2.74;2.73;2.74;2.73;0.0;2.74
112793;629539;2019-10-18;FRC;H20;;;0;0;0.0;;;0.0;0.0;0.0;0.0;0.0;2.67;2.65;0.0
112794;629540;2019-10-18;FRC;J20;;;10;35724;6830222683.0;;;2.65;2.62;2.65;2.62;2.63;2.62;2.62;2.64
112795;629541;2019-10-18;FRC;K20;;;6;11723;2238740300.0;;;2.62;2.62;2.62;2.62;2.62;2.62;0.0;0.0
112796;629542;2019-10-18;FRC;M20;;;4;1388;264822235.0;;;2.59;2.59;2.59;2.59;2.59;2.59;0.0;0.0
112797;629543;2019-10-18;FRC;N20;;;8;2776;529075948.0;;;2.61;2.59;2.61;2.59;2.59;2.59;0.0;2.59
112798;629544;2019-10-18;FRC;Q20;;;1;198;23665090.0;;;2.57;2.57;2.57;2.57;2.57;2.57;0.0;0.0
112799;629545;2019-10-18;FRC;U20;;;0;0;0.0;;;0.0;0.0;0.0;0.0;0.0;2.53;0.0;0.0
112800;629546;2019-10-18;FRC;V20;;;13;37467;7120230784.0;;;2.53;2.51;2.53;2.51;2.51;2.51;0.0;2.51
112801;629547;2019-10-18;FRC;F21;;;30;7726;1463550975.0;;;2.54;2.49;2.54;2.5;2.49;2.49;2.49;2.51
112802;629548;2019-10-18;FRC;J21;;;3;1180;222875625.0;;;2.5;2.48;2.5;2.49;2.48;2.48;0.0;0.0
112803;629549;2019-10-18;FRC;N21;;;3;1215;228845787.0;;;2.46;2.46;2.46;2.46;2.46;2.46;0.0;2.46
112804;629550;2019-10-18;FRC;V21;;;1;195;36617686.0;;;2.45;2.45;2.45;2.45;2.45;2.45;0.0;0.0
112805;629551;2019-10-18;FRC;F22;;;10;1343;251389388.0;;;2.48;2.45;2.48;2.45;2.45;2.45;0.0;0.0
112806;629552;2019-10-18;FRC;J22;;;0;0;0.0;;;0.0;0.0;0.0;0.0;0.0;2.45;0.0;0.0
112807;629553;2019-10-18;FRC;N22;;;0;0;0.0;;;0.0;0.0;0.0;0.0;0.0;2.46;0.0;0.0
112808;629554;2019-10-18;FRC;V22;;;0;0;0.0;;;0.0;0.0;0.0;0.0;0.0;2.49;0.0;0.0
112809;629555;2019-10-18;FRC;F23;;;2;386;71330234.0;;;2.52;2.52;2.52;2.52;2.52;2.52;0.0;0.0
112810;629556;2019-10-18;FRC;J23;;;0;0;0.0;;;0.0;0.0;0.0;0.0;0.0;2.55;0.0;0.0
112811;629557;2019-10-18;FRC;N23;;;0;0;0.0;;;0.0;0.0;0.0;0.0;0.0;2.56;0.0;0.0
112812;629558;2019-10-18;FRC;V23;;;0;0;0.0;;;0.0;0.0;0.0;0.0;0.0;2.61;0.0;0.0
112813;629559;2019-10-18;FRC;F24;;;2;342;62217283.0;;;2.69;2.69;2.69;2.69;2.69;2.67;0.0;2.7
112814;629560;2019-10-18;FRC;J24;;;0;0;0.0;;;0.0;0.0;0.0;0.0;0.0;2.69;0.0;0.0
112815;629561;2019-10-18;FRC;N24;;;0;0;0.0;;;0.0;0.0;0.0;0.0;0.0;2.71;0.0;0.0
112816;629562;2019-10-18;FRC;V24;;;0;0;0.0;;;0.0;0.0;0.0;0.0;0.0;2.76;0.0;0.0
112817;629563;2019-10-18;FRC;F25;;;9;1628;291687974.0;;;2.79;2.78;2.79;2.78;2.79;2.78;2.78;0.0
112818;629564;2019-10-18;FRC;N25;;;0;0;0.0;;;0.0;0.0;0.0;0.0;0.0;2.83;0.0;0.0
112819;629565;2019-10-18;FRC;F26;;;15;3879;683489418.0;;;2.91;2.9;2.92;2.91;2.92;2.9;0.0;0.0
112820;629566;2019-10-18;FRC;N26;;;0;0;0.0;;;0.0;0.0;0.0;0.0;0.0;2.96;0.0;0.0
112821;629567;2019-10-18;FRC;F27;;;0;0;0.0;;;0.0;0.0;0.0;0.0;0.0;3.03;0.0;0.0
112822;629568;2019-10-18;FRC;F28;;;0;0;0.0;;;0.0;0.0;0.0;0.0;0.0;3.17;0.0;0.0
112823;629569;2019-10-18;FRC;F29;;;0;0;0.0;;;0.0;0.0;0.0;0.0;0.0;3.3;0.0;0.0
112824;629570;2019-10-18;FRC;F30;;;0;0;0.0;;;0.0;0.0;0.0;0.0;0.0;3.37;0.0;0.0
112825;629571;2019-10-18;FRC;F31;;;0;0;0.0;;;0.0;0.0;0.0;0.0;0.0;3.43;0.0;0.0
112826;629729;2019-10-21;FRC;Z19;;;62;189199;36478428542.0;;;2.54;2.52;2.55;2.53;2.53;2.53;2.53;2.55
112827;629730;2019-10-21;FRC;F20;;;25;72274;13916917542.0;;;2.74;2.71;2.74;2.72;2.71;2.71;2.7;2.74
112828;629731;2019-10-21;FRC;G20;;;14;16544;3182077470.0;;;2.74;2.67;2.74;2.67;2.67;2.67;0.0;0.0
112829;629732;2019-10-21;FRC;H20;;;0;0;0.0;;;0.0;0.0;0.0;0.0;0.0;2.62;2.6;0.0
112830;629733;2019-10-21;FRC;J20;;;22;20311;3898901935.0;;;2.62;2.59;2.62;2.59;2.59;2.59;2.57;2.59
112831;629734;2019-10-21;FRC;K20;;;0;0;0.0;;;0.0;0.0;0.0;0.0;0.0;2.58;2.58;2.6
112832;629735;2019-10-21;FRC;M20;;;5;1986;380458984.0;;;2.55;2.55;2.55;2.55;2.55;2.55;0.0;0.0
112833;629736;2019-10-21;FRC;N20;;;9;5353;1024427501.0;;;2.54;2.54;2.54;2.54;2.54;2.54;0.0;2.54
112834;629737;2019-10-21;FRC;Q20;;;7;3367;405017070.0;;;2.5;2.5;2.5;2.5;2.5;2.5;0.0;0.0
112835;629738;2019-10-21;FRC;U20;;;0;0;0.0;;;0.0;0.0;0.0;0.0;0.0;2.47;0.0;0.0
112836;629739;2019-10-21;FRC;V20;;;9;5143;981461447.0;;;2.46;2.46;2.46;2.46;2.46;2.46;0.0;0.0
112837;629740;2019-10-21;FRC;F21;;;9;6663;1267505668.0;;;2.47;2.44;2.47;2.45;2.44;2.44;0.0;0.0
112838;629741;2019-10-21;FRC;J21;;;6;1770;335763472.0;;;2.44;2.44;2.44;2.44;2.44;2.44;0.0;0.0
112839;629742;2019-10-21;FRC;N21;;;2;392;74154346.0;;;2.41;2.41;2.41;2.41;2.41;2.41;0.0;0.0
112840;629743;2019-10-21;FRC;V21;;;0;0;0.0;;;0.0;0.0;0.0;0.0;0.0;2.4;0.0;0.0
112841;629744;2019-10-21;FRC;F22;;;4;1170;220013416.0;;;2.4;2.4;2.4;2.4;2.4;2.4;0.0;0.0
112842;629745;2019-10-21;FRC;J22;;;0;0;0.0;;;0.0;0.0;0.0;0.0;0.0;2.4;0.0;0.0
112843;629746;2019-10-21;FRC;N22;;;0;0;0.0;;;0.0;0.0;0.0;0.0;0.0;2.41;0.0;0.0
112844;629747;2019-10-21;FRC;V22;;;2;386;71872858.0;;;2.47;2.47;2.47;2.47;2.47;2.44;0.0;0.0
112845;629748;2019-10-21;FRC;F23;;;15;9595;1781216860.0;;;2.5;2.47;2.5;2.47;2.47;2.47;0.0;0.0
112846;629749;2019-10-21;FRC;J23;;;0;0;0.0;;;0.0;0.0;0.0;0.0;0.0;2.5;0.0;0.0
112847;629750;2019-10-21;FRC;N23;;;0;0;0.0;;;0.0;0.0;0.0;0.0;0.0;2.51;0.0;0.0
112848;629751;2019-10-21;FRC;V23;;;0;0;0.0;;;0.0;0.0;0.0;0.0;0.0;2.55;0.0;0.0
112849;629752;2019-10-21;FRC;F24;;;9;3039;555584792.0;;;2.66;2.62;2.66;2.63;2.62;2.62;0.0;0.0
112850;629753;2019-10-21;FRC;J24;;;0;0;0.0;;;0.0;0.0;0.0;0.0;0.0;2.64;0.0;0.0
112851;629754;2019-10-21;FRC;N24;;;0;0;0.0;;;0.0;0.0;0.0;0.0;0.0;2.66;0.0;0.0
112852;629755;2019-10-21;FRC;V24;;;0;0;0.0;;;0.0;0.0;0.0;0.0;0.0;2.72;0.0;0.0
112853;629756;2019-10-21;FRC;F25;;;11;7701;1386715711.0;;;2.74;2.74;2.74;2.74;2.74;2.74;0.0;0.0
112854;629757;2019-10-21;FRC;N25;;;0;0;0.0;;;0.0;0.0;0.0;0.0;0.0;2.8;0.0;0.0
112855;629758;2019-10-21;FRC;F26;;;12;4066;719934822.0;;;2.88;2.88;2.88;2.88;2.88;2.88;0.0;0.0
112856;629759;2019-10-21;FRC;N26;;;0;0;0.0;;;0.0;0.0;0.0;0.0;0.0;2.94;0.0;0.0
112857;629760;2019-10-21;FRC;F27;;;4;600;104360385.0;;;3.01;3.01;3.01;3.01;3.01;3.01;0.0;0.0
112858;629761;2019-10-21;FRC;F28;;;4;537;91687793.0;;;3.14;3.14;3.14;3.14;3.14;3.15;0.0;0.0
112859;629762;2019-10-21;FRC;F29;;;0;0;0.0;;;0.0;0.0;0.0;0.0;0.0;3.28;0.0;0.0
112860;629763;2019-10-21;FRC;F30;;;0;0;0.0;;;0.0;0.0;0.0;0.0;0.0;3.35;0.0;0.0
112861;629764;2019-10-21;FRC;F31;;;0;0;0.0;;;0.0;0.0;0.0;0.0;0.0;3.41;0.0;0.0
112862;629922;2019-10-22;FRC;Z19;;;56;139076;26632143624.0;;;2.54;2.52;2.54;2.53;2.54;2.54;0.0;2.55
112863;629923;2019-10-22;FRC;F20;;;26;47975;9175339615.0;;;2.71;2.7;2.71;2.7;2.7;2.7;0.0;2.7
112864;629924;2019-10-22;FRC;G20;;;5;2989;571024631.0;;;2.64;2.64;2.64;2.64;2.64;2.64;0.0;2.67
112865;629925;2019-10-22;FRC;H20;;;7;3384;645884905.0;;;2.59;2.59;2.59;2.59;2.59;2.59;0.0;0.0
112866;629926;2019-10-22;FRC;J20;;;9;18103;3451611749.0;;;2.59;2.56;2.59;2.57;2.56;2.56;0.0;2.58
112867;629927;2019-10-22;FRC;K20;;;10;3774;718778259.0;;;2.55;2.55;2.55;2.55;2.55;2.55;2.54;2.55
112868;629928;2019-10-22;FRC;M20;;;4;1986;377918552.0;;;2.51;2.51;2.51;2.51;2.51;2.51;0.0;0.0
112869;629929;2019-10-22;FRC;N20;;;9;4563;867360323.0;;;2.54;2.51;2.54;2.52;2.51;2.51;0.0;0.0
112870;629930;2019-10-22;FRC;Q20;;;0;0;0.0;;;0.0;0.0;0.0;0.0;0.0;2.47;0.0;0.0
112871;629931;2019-10-22;FRC;U20;;;7;4158;494506792.0;;;2.44;2.44;2.44;2.44;2.44;2.44;0.0;0.0
112872;629932;2019-10-22;FRC;V20;;;1;8900;1687116046.0;;;2.43;2.43;2.43;2.43;2.43;2.43;0.0;0.0
112873;629933;2019-10-22;FRC;F21;;;13;4928;931426651.0;;;2.42;2.39;2.42;2.39;2.39;2.39;2.39;0.0
112874;629934;2019-10-22;FRC;J21;;;4;788;148530553.0;;;2.38;2.38;2.38;2.38;2.38;2.38;0.0;0.0
112875;629935;2019-10-22;FRC;N21;;;8;2156;405279402.0;;;2.35;2.35;2.35;2.35;2.35;2.35;0.0;0.0
112876;629936;2019-10-22;FRC;V21;;;2;392;73473976.0;;;2.35;2.35;2.35;2.35;2.35;2.35;0.0;0.0
112877;629937;2019-10-22;FRC;F22;;;11;2535;473699251.0;;;2.39;2.35;2.39;2.35;2.35;2.35;0.0;0.0
112878;629938;2019-10-22;FRC;J22;;;0;0;0.0;;;0.0;0.0;0.0;0.0;0.0;2.35;0.0;0.0
112879;629939;2019-10-22;FRC;N22;;;0;0;0.0;;;0.0;0.0;0.0;0.0;0.0;2.37;2.35;0.0
112880;629940;2019-10-22;FRC;V22;;;2;386;71454978.0;;;2.4;2.4;2.4;2.4;2.4;2.4;0.0;0.0
112881;629941;2019-10-22;FRC;F23;;;17;3839;708250155.0;;;2.47;2.43;2.47;2.43;2.43;2.43;2.41;0.0
112882;629942;2019-10-22;FRC;J23;;;0;0;0.0;;;0.0;0.0;0.0;0.0;0.0;2.45;0.0;0.0
112883;629943;2019-10-22;FRC;N23;;;2;384;70411446.0;;;2.45;2.45;2.45;2.45;2.45;2.45;0.0;0.0
112884;629944;2019-10-22;FRC;V23;;;0;0;0.0;;;0.0;0.0;0.0;0.0;0.0;2.48;0.0;0.0
112885;629945;2019-10-22;FRC;F24;;;13;2623;477187229.0;;;2.54;2.54;2.54;2.54;2.54;2.54;0.0;0.0
112886;629946;2019-10-22;FRC;J24;;;2;379;68643079.0;;;2.61;2.61;2.61;2.61;2.61;2.56;0.0;0.0
112887;629947;2019-10-22;FRC;N24;;;0;0;0.0;;;0.0;0.0;0.0;0.0;0.0;2.58;0.0;0.0
112888;629948;2019-10-22;FRC;V24;;;0;0;0.0;;;0.0;0.0;0.0;0.0;0.0;2.65;0.0;0.0
112889;629949;2019-10-22;FRC;F25;;;19;13522;2419101385.0;;;2.74;2.67;2.74;2.72;2.67;2.67;0.0;0.0
112890;629950;2019-10-22;FRC;N25;;;0;0;0.0;;;0.0;0.0;0.0;0.0;0.0;2.73;0.0;0.0
112891;629951;2019-10-22;FRC;F26;;;7;10343;1818800327.0;;;2.88;2.88;2.88;2.88;2.88;2.81;0.0;0.0
112892;629952;2019-10-22;FRC;N26;;;0;0;0.0;;;0.0;0.0;0.0;0.0;0.0;2.87;0.0;0.0
112893;629953;2019-10-22;FRC;F27;;;8;3366;581795884.0;;;3.01;2.94;3.01;2.99;2.94;2.94;0.0;0.0
112894;629954;2019-10-22;FRC;F28;;;7;2439;413639378.0;;;3.15;3.14;3.15;3.14;3.14;3.08;0.0;0.0
112895;629955;2019-10-22;FRC;F29;;;0;0;0.0;;;0.0;0.0;0.0;0.0;0.0;3.21;0.0;0.0
112896;629956;2019-10-22;FRC;F30;;;0;0;0.0;;;0.0;0.0;0.0;0.0;0.0;3.28;0.0;0.0
112897;629957;2019-10-22;FRC;F31;;;0;0;0.0;;;0.0;0.0;0.0;0.0;0.0;3.34;0.0;0.0
112898;630115;2019-10-23;FRC;Z19;;;91;214174;41043650407.0;;;2.53;2.51;2.54;2.53;2.51;2.54;0.0;0.0
112899;630116;2019-10-23;FRC;F20;;;38;46061;8816198127.0;;;2.69;2.66;2.69;2.67;2.67;2.67;2.67;0.0
112900;630117;2019-10-23;FRC;G20;;;4;4087;781405626.0;;;2.62;2.61;2.62;2.61;2.61;2.61;0.0;0.0
112901;630118;2019-10-23;FRC;H20;;;13;7368;1407390457.0;;;2.57;2.57;2.57;2.57;2.57;2.57;0.0;0.0
112902;630119;2019-10-23;FRC;J20;;;34;15818;3018418604.0;;;2.55;2.53;2.55;2.54;2.54;2.53;2.53;2.54
112903;630120;2019-10-23;FRC;K20;;;2;398;75863945.0;;;2.52;2.52;2.52;2.52;2.52;2.52;0.0;0.0
112904;630121;2019-10-23;FRC;M20;;;0;0;0.0;;;0.0;0.0;0.0;0.0;0.0;2.49;0.0;0.0
112905;630122;2019-10-23;FRC;N20;;;8;18747;3566728087.0;;;2.48;2.48;2.48;2.48;2.48;2.48;0.0;0.0
112906;630123;2019-10-23;FRC;Q20;;;9;5349;637373351.0;;;2.42;2.42;2.42;2.42;2.42;2.42;0.0;0.0
112907;630124;2019-10-23;FRC;U20;;;0;0;0.0;;;0.0;0.0;0.0;0.0;0.0;2.39;0.0;0.0
112908;630125;2019-10-23;FRC;V20;;;13;6468;1227239392.0;;;2.41;2.39;2.41;2.39;2.39;2.39;2.39;0.0
112909;630126;2019-10-23;FRC;F21;;;23;52147;9864449553.0;;;2.37;2.36;2.38;2.37;2.38;2.38;0.0;0.0
112910;630127;2019-10-23;FRC;J21;;;5;2359;445034234.0;;;2.36;2.36;2.36;2.36;2.36;2.36;0.0;0.0
112911;630128;2019-10-23;FRC;N21;;;2;589;110821884.0;;;2.33;2.33;2.33;2.33;2.33;2.33;0.0;0.0
112912;630129;2019-10-23;FRC;V21;;;1;196;36771320.0;;;2.33;2.33;2.33;2.33;2.33;2.33;0.0;0.0
112913;630130;2019-10-23;FRC;F22;;;0;0;0.0;;;0.0;0.0;0.0;0.0;0.0;2.33;2.31;2.33
112914;630131;2019-10-23;FRC;J22;;;0;0;0.0;;;0.0;0.0;0.0;0.0;0.0;2.33;0.0;0.0
112915;630132;2019-10-23;FRC;N22;;;2;117;21762425.0;;;2.35;2.33;2.35;2.33;2.33;2.33;0.0;0.0
112916;630133;2019-10-23;FRC;V22;;;5;1159;214805270.0;;;2.37;2.37;2.37;2.37;2.37;2.37;0.0;0.0
112917;630134;2019-10-23;FRC;F23;;;13;10275;1897534965.0;;;2.42;2.4;2.43;2.41;2.4;2.4;2.38;0.0
112918;630135;2019-10-23;FRC;J23;;;0;0;0.0;;;0.0;0.0;0.0;0.0;0.0;2.43;0.0;0.0
112919;630136;2019-10-23;FRC;N23;;;1;192;35244113.0;;;2.43;2.43;2.43;2.43;2.43;2.43;0.0;0.0
112920;630137;2019-10-23;FRC;V23;;;6;6017;1100205015.0;;;2.48;2.47;2.48;2.47;2.47;2.46;0.0;0.0
112921;630138;2019-10-23;FRC;F24;;;16;11037;2009663739.0;;;2.54;2.53;2.54;2.53;2.53;2.53;0.0;0.0
112922;630139;2019-10-23;FRC;J24;;;0;0;0.0;;;0.0;0.0;0.0;0.0;0.0;2.54;0.0;0.0
112923;630140;2019-10-23;FRC;N24;;;0;0;0.0;;;0.0;0.0;0.0;0.0;0.0;2.54;2.54;0.0
112924;630141;2019-10-23;FRC;V24;;;1;189;21387158.0;;;2.6;2.6;2.6;2.6;2.6;2.6;0.0;0.0
112925;630142;2019-10-23;FRC;F25;;;7;3961;710010808.0;;;2.68;2.68;2.68;2.68;2.68;2.68;0.0;0.0
112926;630143;2019-10-23;FRC;N25;;;0;0;0.0;;;0.0;0.0;0.0;0.0;0.0;2.74;0.0;0.0
112927;630144;2019-10-23;FRC;F26;;;4;740;130452386.0;;;2.82;2.82;2.82;2.82;2.82;2.82;0.0;0.0
112928;630145;2019-10-23;FRC;N26;;;0;0;0.0;;;0.0;0.0;0.0;0.0;0.0;2.89;0.0;0.0
112929;630146;2019-10-23;FRC;F27;;;2;364;63011626.0;;;2.97;2.97;2.97;2.97;2.97;2.97;0.0;0.0
112930;630147;2019-10-23;FRC;F28;;;0;0;0.0;;;0.0;0.0;0.0;0.0;0.0;3.11;0.0;0.0
112931;630148;2019-10-23;FRC;F29;;;2;89;14851544.0;;;3.24;3.24;3.24;3.24;3.24;3.24;0.0;0.0
112932;630149;2019-10-23;FRC;F30;;;0;0;0.0;;;0.0;0.0;0.0;0.0;0.0;3.31;0.0;0.0
112933;630150;2019-10-23;FRC;F31;;;0;0;0.0;;;0.0;0.0;0.0;0.0;0.0;3.37;0.0;0.0
112934;630308;2019-10-24;FRC;Z19;;;87;223259;42863556155.0;;;2.57;2.55;2.65;2.61;2.55;2.65;2.6;2.65
112935;630309;2019-10-24;FRC;F20;;;22;62335;11952809098.0;;;2.7;2.69;2.76;2.74;2.76;2.76;2.71;2.76
112936;630310;2019-10-24;FRC;G20;;;2;598;114539582.0;;;2.67;2.67;2.67;2.67;2.67;2.67;0.0;0.0
112937;630311;2019-10-24;FRC;H20;;;4;8960;1714621297.0;;;2.6;2.6;2.6;2.6;2.6;2.6;2.6;0.0
112938;630312;2019-10-24;FRC;J20;;;13;8993;1719242368.0;;;2.55;2.54;2.58;2.55;2.58;2.58;0.0;0.0
112939;630313;2019-10-24;FRC;K20;;;4;1590;303622029.0;;;2.55;2.55;2.55;2.55;2.55;2.55;0.0;0.0
112940;630314;2019-10-24;FRC;M20;;;6;2384;454864112.0;;;2.5;2.5;2.5;2.5;2.5;2.5;2.5;0.0
112941;630315;2019-10-24;FRC;N20;;;19;11682;2226605779.0;;;2.49;2.49;2.5;2.49;2.5;2.5;0.0;0.0
112942;630316;2019-10-24;FRC;Q20;;;0;0;0.0;;;0.0;0.0;0.0;0.0;0.0;2.45;0.0;0.0
112943;630317;2019-10-24;FRC;U20;;;1;1386;165517720.0;;;2.43;2.43;2.43;2.43;2.43;2.43;0.0;0.0
112944;630318;2019-10-24;FRC;V20;;;3;1049;199383290.0;;;2.4;2.4;2.44;2.42;2.44;2.44;0.0;0.0
112945;630319;2019-10-24;FRC;F21;;;11;21477;4069921237.0;;;2.39;2.38;2.42;2.39;2.42;2.42;0.0;0.0
112946;630320;2019-10-24;FRC;J21;;;3;492;92993554.0;;;2.36;2.36;2.36;2.36;2.36;2.4;0.0;0.0
112947;630321;2019-10-24;FRC;N21;;;3;1687;318013325.0;;;2.33;2.32;2.33;2.32;2.32;2.36;0.0;0.0
112948;630322;2019-10-24;FRC;V21;;;0;0;0.0;;;0.0;0.0;0.0;0.0;0.0;2.36;0.0;0.0
112949;630323;2019-10-24;FRC;F22;;;2;3142;588811914.0;;;2.33;2.33;2.34;2.33;2.34;2.35;2.34;2.35
112950;630324;2019-10-24;FRC;J22;;;0;0;0.0;;;0.0;0.0;0.0;0.0;0.0;2.35;0.0;0.0
112951;630325;2019-10-24;FRC;N22;;;2;291;54226621.0;;;2.33;2.33;2.33;2.33;2.33;2.34;0.0;0.0
112952;630326;2019-10-24;FRC;V22;;;0;0;0.0;;;0.0;0.0;0.0;0.0;0.0;2.38;0.0;0.0
112953;630327;2019-10-24;FRC;F23;;;4;9083;1681033956.0;;;2.4;2.38;2.4;2.39;2.38;2.41;2.38;2.42
112954;630328;2019-10-24;FRC;J23;;;0;0;0.0;;;0.0;0.0;0.0;0.0;0.0;2.44;0.0;0.0
112955;630329;2019-10-24;FRC;N23;;;2;57;10478377.0;;;2.43;2.43;2.43;2.43;2.43;2.43;0.0;0.0
112956;630330;2019-10-24;FRC;V23;;;2;382;70001725.0;;;2.46;2.46;2.46;2.46;2.46;2.46;0.0;0.0
112957;630331;2019-10-24;FRC;F24;;;7;2322;423713795.0;;;2.53;2.52;2.53;2.52;2.52;2.52;0.0;0.0
112958;630332;2019-10-24;FRC;J24;;;0;0;0.0;;;0.0;0.0;0.0;0.0;0.0;2.55;0.0;0.0
112959;630333;2019-10-24;FRC;N24;;;2;208;37682220.0;;;2.54;2.54;2.58;2.57;2.58;2.58;0.0;0.0
112960;630334;2019-10-24;FRC;V24;;;0;0;0.0;;;0.0;0.0;0.0;0.0;0.0;2.61;0.0;0.0
112961;630335;2019-10-24;FRC;F25;;;20;15525;2788447996.0;;;2.68;2.65;2.68;2.67;2.65;2.65;0.0;0.0
112962;630336;2019-10-24;FRC;N25;;;0;0;0.0;;;0.0;0.0;0.0;0.0;0.0;2.71;0.0;0.0
112963;630337;2019-10-24;FRC;F26;;;3;3699;653299915.0;;;2.82;2.82;2.82;2.82;2.82;2.79;0.0;0.0
112964;630338;2019-10-24;FRC;N26;;;0;0;0.0;;;0.0;0.0;0.0;0.0;0.0;2.86;0.0;0.0
112965;630339;2019-10-24;FRC;F27;;;2;182;31565132.0;;;2.97;2.97;2.97;2.97;2.97;2.94;0.0;0.0
112966;630340;2019-10-24;FRC;F28;;;2;359;61122331.0;;;3.11;3.11;3.11;3.11;3.11;3.08;0.0;0.0
112967;630341;2019-10-24;FRC;F29;;;2;106;17702658.0;;;3.24;3.24;3.24;3.24;3.24;3.21;0.0;0.0
112968;630342;2019-10-24;FRC;F30;;;0;0;0.0;;;0.0;0.0;0.0;0.0;0.0;3.28;0.0;0.0
112969;630343;2019-10-24;FRC;F31;;;0;0;0.0;;;0.0;0.0;0.0;0.0;0.0;3.34;0.0;0.0
112970;630501;2019-10-25;FRC;Z19;;;106;240403;46355145305.0;;;2.55;2.55;2.63;2.6;2.61;2.61;0.0;0.0
112971;630502;2019-10-25;FRC;F20;;;11;9181;1768147996.0;;;2.7;2.7;2.72;2.71;2.72;2.72;0.0;0.0
112972;630503;2019-10-25;FRC;G20;;;6;5383;1035554889.0;;;2.65;2.61;2.65;2.64;2.65;2.65;0.0;0.0
112973;630504;2019-10-25;FRC;H20;;;5;35805;6881952560.0;;;2.56;2.56;2.56;2.56;2.56;2.58;2.55;0.0
112974;630505;2019-10-25;FRC;J20;;;6;2388;458513973.0;;;2.54;2.54;2.55;2.54;2.55;2.55;0.0;0.0
112975;630506;2019-10-25;FRC;K20;;;7;6955;1333949495.0;;;2.5;2.5;2.53;2.52;2.53;2.52;2.52;2.57
112976;630507;2019-10-25;FRC;M20;;;6;23867;4573823471.0;;;2.48;2.47;2.48;2.47;2.47;2.47;0.0;0.0
112977;630508;2019-10-25;FRC;N20;;;7;11107;2126439066.0;;;2.46;2.46;2.47;2.46;2.46;2.46;0.0;0.0
112978;630509;2019-10-25;FRC;Q20;;;0;0;0.0;;;0.0;0.0;0.0;0.0;0.0;2.42;0.0;0.0
112979;630510;2019-10-25;FRC;U20;;;0;0;0.0;;;0.0;0.0;0.0;0.0;0.0;2.42;0.0;0.0
112980;630511;2019-10-25;FRC;V20;;;5;1979;377746299.0;;;2.44;2.44;2.44;2.44;2.44;2.44;0.0;0.0
112981;630512;2019-10-25;FRC;F21;;;16;9758;1856903198.0;;;2.38;2.37;2.42;2.41;2.42;2.42;0.0;0.0
112982;630513;2019-10-25;FRC;J21;;;2;256;48586321.0;;;2.36;2.36;2.4;2.39;2.4;2.4;0.0;0.0
112983;630514;2019-10-25;FRC;N21;;;7;2411;455968530.0;;;2.33;2.33;2.5;2.45;2.5;2.38;0.0;0.0
112984;630515;2019-10-25;FRC;V21;;;8;3192;602926704.0;;;2.33;2.17;2.36;2.26;2.17;2.36;0.0;0.0
112985;630516;2019-10-25;FRC;F22;;;9;1678;315794433.0;;;2.31;2.31;2.35;2.33;2.34;2.34;0.0;0.0
112986;630517;2019-10-25;FRC;J22;;;4;604;113355911.0;;;2.32;2.32;2.34;2.33;2.34;2.34;0.0;0.0
112987;630518;2019-10-25;FRC;N22;;;3;466;87216302.0;;;2.32;2.32;2.33;2.32;2.33;2.33;0.0;0.0
112988;630519;2019-10-25;FRC;V22;;;2;406;75717546.0;;;2.34;2.34;2.37;2.36;2.37;2.37;0.0;0.0
112989;630520;2019-10-25;FRC;F23;;;14;3299;613326236.0;;;2.37;2.37;2.39;2.38;2.39;2.39;2.38;0.0
112990;630521;2019-10-25;FRC;J23;;;0;0;0.0;;;0.0;0.0;0.0;0.0;0.0;2.42;0.0;0.0
112991;630522;2019-10-25;FRC;N23;;;0;0;0.0;;;0.0;0.0;0.0;0.0;0.0;2.42;0.0;0.0
112992;630523;2019-10-25;FRC;V23;;;0;0;0.0;;;0.0;0.0;0.0;0.0;0.0;2.45;0.0;0.0
112993;630524;2019-10-25;FRC;F24;;;2;380;69637635.0;;;2.52;2.52;2.52;2.52;2.52;2.52;0.0;0.0
112994;630525;2019-10-25;FRC;J24;;;0;0;0.0;;;0.0;0.0;0.0;0.0;0.0;2.55;0.0;0.0
112995;630526;2019-10-25;FRC;N24;;;0;0;0.0;;;0.0;0.0;0.0;0.0;0.0;2.58;0.0;0.0
112996;630527;2019-10-25;FRC;V24;;;0;0;0.0;;;0.0;0.0;0.0;0.0;0.0;2.61;0.0;0.0
112997;630528;2019-10-25;FRC;F25;;;3;564;101807022.0;;;2.65;2.65;2.65;2.65;2.65;2.65;0.0;0.0
112998;630529;2019-10-25;FRC;N25;;;0;0;0.0;;;0.0;0.0;0.0;0.0;0.0;2.71;0.0;0.0
112999;630530;2019-10-25;FRC;F26;;;3;445;79084943.0;;;2.75;2.75;2.79;2.75;2.79;2.8;0.0;0.0
113000;630531;2019-10-25;FRC;N26;;;0;0;0.0;;;0.0;0.0;0.0;0.0;0.0;2.87;0.0;0.0
113001;630532;2019-10-25;FRC;F27;;;7;1275;222333417.0;;;2.9;2.9;2.95;2.93;2.95;2.95;0.0;0.0
113002;630533;2019-10-25;FRC;F28;;;4;2067;353856142.0;;;3.08;3.08;3.08;3.08;3.08;3.09;0.0;0.0
113003;630534;2019-10-25;FRC;F29;;;4;1947;326894039.0;;;3.22;3.22;3.22;3.22;3.22;3.22;0.0;0.0
113004;630535;2019-10-25;FRC;F30;;;0;0;0.0;;;0.0;0.0;0.0;0.0;0.0;3.29;0.0;0.0
113005;630536;2019-10-25;FRC;F31;;;0;0;0.0;;;0.0;0.0;0.0;0.0;0.0;3.35;0.0;0.0
113006;630705;2019-10-28;FRC;Z19;;;297;527569;101443101709.0;;;2.61;2.48;2.61;2.53;2.49;2.49;2.48;2.49
113007;630706;2019-10-28;FRC;F20;;;30;45659;8768877385.0;;;2.68;2.64;2.7;2.66;2.64;2.65;2.62;2.63
113008;630707;2019-10-28;FRC;G20;;;25;9564;1834828552.0;;;2.62;2.56;2.62;2.57;2.56;2.56;0.0;0.0
113009;630708;2019-10-28;FRC;H20;;;6;1254;240368567.0;;;2.56;2.5;2.56;2.5;2.5;2.5;0.0;0.0
113010;630709;2019-10-28;FRC;J20;;;15;12595;2411748832.0;;;2.53;2.47;2.53;2.49;2.47;2.47;2.47;2.5
113011;630710;2019-10-28;FRC;K20;;;10;8966;1715160205.0;;;2.44;2.44;2.44;2.44;2.44;2.44;2.44;0.0
113012;630711;2019-10-28;FRC;M20;;;5;2979;569401948.0;;;2.4;2.4;2.4;2.4;2.4;2.4;2.4;0.0
113013;630712;2019-10-28;FRC;N20;;;16;14284;2727607823.0;;;2.39;2.39;2.39;2.39;2.39;2.39;2.39;0.0
113014;630713;2019-10-28;FRC;Q20;;;8;4757;569994542.0;;;2.35;2.35;2.35;2.35;2.35;2.35;0.0;0.0
113015;630714;2019-10-28;FRC;U20;;;1;198;23700696.0;;;2.35;2.35;2.35;2.35;2.35;2.35;0.0;0.0
113016;630715;2019-10-28;FRC;V20;;;9;3364;640434561.0;;;2.44;2.38;2.44;2.39;2.38;2.38;0.0;0.0
113017;630716;2019-10-28;FRC;F21;;;25;22441;4259241452.0;;;2.42;2.38;2.42;2.38;2.38;2.38;0.0;0.0
113018;630717;2019-10-28;FRC;J21;;;1;197;37290620.0;;;2.36;2.36;2.36;2.36;2.36;2.36;0.0;0.0
113019;630718;2019-10-28;FRC;N21;;;7;1765;333125644.0;;;2.38;2.35;2.38;2.35;2.35;2.35;0.0;0.0
113020;630719;2019-10-28;FRC;V21;;;8;1763;331865791.0;;;2.36;2.32;2.36;2.32;2.32;2.32;0.0;0.0
113021;630720;2019-10-28;FRC;F22;;;10;5814;1091256806.0;;;2.32;2.32;2.32;2.32;2.32;2.32;2.32;0.0
113022;630721;2019-10-28;FRC;J22;;;1;39;7298590.0;;;2.34;2.34;2.34;2.34;2.34;2.32;0.0;0.0
113023;630722;2019-10-28;FRC;N22;;;14;4540;847360580.0;;;2.33;2.32;2.33;2.32;2.32;2.32;2.32;0.0
113024;630723;2019-10-28;FRC;V22;;;0;0;0.0;;;0.0;0.0;0.0;0.0;0.0;2.36;0.0;0.0
113025;630724;2019-10-28;FRC;F23;;;27;8066;1495461818.0;;;2.38;2.38;2.38;2.38;2.38;2.38;0.0;0.0
113026;630725;2019-10-28;FRC;J23;;;0;0;0.0;;;0.0;0.0;0.0;0.0;0.0;2.41;0.0;0.0
113027;630726;2019-10-28;FRC;N23;;;0;0;0.0;;;0.0;0.0;0.0;0.0;0.0;2.42;0.0;0.0
113028;630727;2019-10-28;FRC;V23;;;5;1146;210352344.0;;;2.45;2.45;2.45;2.45;2.45;2.45;0.0;0.0
113029;630728;2019-10-28;FRC;F24;;;10;2281;416752931.0;;;2.53;2.53;2.53;2.53;2.53;2.53;0.0;0.0
113030;630729;2019-10-28;FRC;J24;;;0;0;0.0;;;0.0;0.0;0.0;0.0;0.0;2.56;0.0;0.0
113031;630730;2019-10-28;FRC;N24;;;2;378;68559391.0;;;2.59;2.59;2.59;2.59;2.59;2.59;0.0;0.0
113032;630731;2019-10-28;FRC;V24;;;0;0;0.0;;;0.0;0.0;0.0;0.0;0.0;2.63;0.0;0.0
113033;630732;2019-10-28;FRC;F25;;;6;1691;304220311.0;;;2.67;2.67;2.67;2.67;2.67;2.67;0.0;0.0
113034;630733;2019-10-28;FRC;N25;;;0;0;0.0;;;0.0;0.0;0.0;0.0;0.0;2.73;0.0;0.0
113035;630734;2019-10-28;FRC;F26;;;4;740;130891683.0;;;2.82;2.82;2.82;2.82;2.82;2.82;0.0;0.0
113036;630735;2019-10-28;FRC;N26;;;0;0;0.0;;;0.0;0.0;0.0;0.0;0.0;2.89;0.0;0.0
113037;630736;2019-10-28;FRC;F27;;;2;364;63223750.0;;;2.97;2.97;2.97;2.97;2.97;2.97;0.0;0.0
113038;630737;2019-10-28;FRC;F28;;;0;0;0.0;;;0.0;0.0;0.0;0.0;0.0;3.11;0.0;3.11
113039;630738;2019-10-28;FRC;F29;;;0;0;0.0;;;0.0;0.0;0.0;0.0;0.0;3.24;0.0;0.0
113040;630739;2019-10-28;FRC;F30;;;0;0;0.0;;;0.0;0.0;0.0;0.0;0.0;3.31;0.0;0.0
113041;630740;2019-10-28;FRC;F31;;;0;0;0.0;;;0.0;0.0;0.0;0.0;0.0;3.37;0.0;0.0
113042;630901;2019-10-29;FRC;Z19;;;366;648843;125518004981.0;;;2.43;2.15;2.43;2.27;2.19;2.15;2.19;2.3
113043;630902;2019-10-29;FRC;F20;;;91;118563;22909509526.0;;;2.6;2.38;2.6;2.46;2.41;2.39;2.41;0.0
113044;630903;2019-10-29;FRC;G20;;;48;19729;3808119758.0;;;2.49;2.35;2.5;2.44;2.35;2.35;2.37;0.0
113045;630904;2019-10-29;FRC;H20;;;11;8564;1651904345.0;;;2.29;2.29;2.29;2.29;2.29;2.29;2.31;0.0
113046;630905;2019-10-29;FRC;J20;;;14;22885;4409554386.0;;;2.41;2.32;2.41;2.34;2.32;2.32;2.33;0.0
113047;630906;2019-10-29;FRC;K20;;;10;5210;1002884517.0;;;2.3;2.3;2.35;2.31;2.35;2.3;2.33;0.0
113048;630907;2019-10-29;FRC;M20;;;5;995;191376634.0;;;2.29;2.29;2.29;2.29;2.29;2.29;2.3;0.0
113049;630908;2019-10-29;FRC;N20;;;7;7144;1372660157.0;;;2.35;2.3;2.36;2.3;2.3;2.29;2.3;0.0
113050;630909;2019-10-29;FRC;Q20;;;0;0;0.0;;;0.0;0.0;0.0;0.0;0.0;2.27;0.0;0.0
113051;630910;2019-10-29;FRC;U20;;;0;0;0.0;;;0.0;0.0;0.0;0.0;0.0;2.28;0.0;0.0
113052;630911;2019-10-29;FRC;V20;;;4;1484;284270887.0;;;2.34;2.32;2.34;2.33;2.32;2.32;0.0;0.0
113053;630912;2019-10-29;FRC;X20;;;0;0;0.0;;;0.0;0.0;0.0;0.0;0.0;2.32;0.0;0.0
113054;630913;2019-10-29;FRC;F21;;;15;8762;1673418316.0;;;2.38;2.31;2.38;2.32;2.31;2.31;0.0;0.0
113055;630914;2019-10-29;FRC;J21;;;4;1182;225166475.0;;;2.3;2.3;2.3;2.3;2.3;2.3;0.0;0.0
113056;630915;2019-10-29;FRC;N21;;;4;1373;260818431.0;;;2.29;2.29;2.29;2.29;2.29;2.29;0.0;0.0
113057;630916;2019-10-29;FRC;V21;;;7;1764;334213036.0;;;2.27;2.27;2.27;2.27;2.27;2.27;0.0;0.0
113058;630917;2019-10-29;FRC;F22;;;7;3706;699889502.0;;;2.32;2.27;2.32;2.29;2.27;2.27;2.26;0.0
113059;630918;2019-10-29;FRC;J22;;;1;195;36735322.0;;;2.28;2.28;2.28;2.28;2.28;2.28;0.0;0.0
113060;630919;2019-10-29;FRC;N22;;;4;873;163960753.0;;;2.32;2.29;2.32;2.29;2.29;2.29;0.0;0.0
113061;630920;2019-10-29;FRC;V22;;;0;0;0.0;;;0.0;0.0;0.0;0.0;0.0;2.33;0.0;0.0
113062;630921;2019-10-29;FRC;F23;;;4;1158;216068686.0;;;2.35;2.35;2.35;2.35;2.35;2.35;0.0;0.0
113063;630922;2019-10-29;FRC;J23;;;0;0;0.0;;;0.0;0.0;0.0;0.0;0.0;2.38;0.0;0.0
113064;630923;2019-10-29;FRC;N23;;;0;0;0.0;;;0.0;0.0;0.0;0.0;0.0;2.39;0.0;0.0
113065;630924;2019-10-29;FRC;V23;;;3;573;105856943.0;;;2.42;2.42;2.42;2.42;2.42;2.42;0.0;0.0
113066;630925;2019-10-29;FRC;F24;;;5;950;174728338.0;;;2.49;2.49;2.49;2.49;2.49;2.49;0.0;0.0
113067;630926;2019-10-29;FRC;J24;;;0;0;0.0;;;0.0;0.0;0.0;0.0;0.0;2.52;0.0;0.0
113068;630927;2019-10-29;FRC;N24;;;0;0;0.0;;;0.0;0.0;0.0;0.0;0.0;2.55;0.0;0.0
113069;630928;2019-10-29;FRC;V24;;;0;0;0.0;;;0.0;0.0;0.0;0.0;0.0;2.59;0.0;0.0
113070;630929;2019-10-29;FRC;F25;;;5;940;170278998.0;;;2.63;2.63;2.63;2.63;2.63;2.63;0.0;0.0
113071;630930;2019-10-29;FRC;N25;;;0;0;0.0;;;0.0;0.0;0.0;0.0;0.0;2.7;0.0;0.0
113072;630931;2019-10-29;FRC;F26;;;3;371;66071966.0;;;2.79;2.79;2.8;2.79;2.8;2.8;0.0;0.0
113073;630932;2019-10-29;FRC;N26;;;2;92;16245867.0;;;2.86;2.86;2.86;2.86;2.86;2.88;0.0;0.0
113074;630933;2019-10-29;FRC;F27;;;4;728;127196633.0;;;2.97;2.97;2.97;2.97;2.97;2.97;0.0;0.0
113075;630934;2019-10-29;FRC;F28;;;0;0;0.0;;;0.0;0.0;0.0;0.0;0.0;3.11;0.0;0.0
113076;630935;2019-10-29;FRC;F29;;;0;0;0.0;;;0.0;0.0;0.0;0.0;0.0;3.24;0.0;0.0
113077;630936;2019-10-29;FRC;F30;;;0;0;0.0;;;0.0;0.0;0.0;0.0;0.0;3.31;0.0;0.0
113078;630937;2019-10-29;FRC;F31;;;0;0;0.0;;;0.0;0.0;0.0;0.0;0.0;3.37;0.0;0.0
113079;631098;2019-10-30;FRC;F20;;;14;22815;4400266029.0;;;2.63;2.63;2.7;2.65;2.66;2.66;0.0;0.0
113080;631099;2019-10-30;FRC;G20;;;122;63087;12155983379.0;;;2.44;2.42;2.5;2.47;2.5;2.5;0.0;0.0
113081;631100;2019-10-30;FRC;H20;;;12;9491;1827211006.0;;;2.37;2.37;2.44;2.41;2.44;2.44;0.0;0.0
113082;631101;2019-10-30;FRC;J20;;;4;13327;2563357044.0;;;2.38;2.38;2.4;2.38;2.4;2.46;0.0;0.0
113083;631102;2019-10-30;FRC;K20;;;0;0;0.0;;;0.0;0.0;0.0;0.0;0.0;2.41;0.0;0.0
113084;631103;2019-10-30;FRC;M20;;;0;0;0.0;;;0.0;0.0;0.0;0.0;0.0;2.38;0.0;0.0
113085;631104;2019-10-30;FRC;N20;;;15;10923;2094891292.0;;;2.32;2.32;2.37;2.35;2.37;2.37;2.35;0.0
113086;631105;2019-10-30;FRC;Q20;;;0;0;0.0;;;0.0;0.0;0.0;0.0;0.0;2.34;0.0;0.0
113087;631106;2019-10-30;FRC;U20;;;4;952;114830686.0;;;2.34;2.34;2.35;2.34;2.35;2.35;0.0;0.0
113088;631107;2019-10-30;FRC;V20;;;7;3366;643546555.0;;;2.37;2.37;2.39;2.38;2.39;2.39;0.0;0.0
113089;631108;2019-10-30;FRC;X20;;;1;20;2422591.0;;;2.34;2.34;2.34;2.34;2.34;2.38;0.0;0.0
113090;631109;2019-10-30;FRC;F21;;;16;16738;3190113922.0;;;2.39;2.39;2.39;2.39;2.39;2.39;2.38;2.39
113091;631110;2019-10-30;FRC;J21;;;0;0;0.0;;;0.0;0.0;0.0;0.0;0.0;2.38;0.0;0.0
113092;631111;2019-10-30;FRC;N21;;;7;1569;297374940.0;;;2.36;2.36;2.36;2.36;2.36;2.36;0.0;0.0
113093;631112;2019-10-30;FRC;V21;;;4;980;185237302.0;;;2.34;2.34;2.34;2.34;2.34;2.34;0.0;0.0
113094;631113;2019-10-30;FRC;F22;;;8;2736;515761068.0;;;2.28;2.28;2.34;2.31;2.34;2.34;0.0;0.0
113095;631114;2019-10-30;FRC;J22;;;0;0;0.0;;;0.0;0.0;0.0;0.0;0.0;2.34;0.0;0.0
113096;631115;2019-10-30;FRC;N22;;;4;9931;1862188062.0;;;2.29;2.29;2.29;2.29;2.29;2.35;0.0;0.0
113097;631116;2019-10-30;FRC;V22;;;0;0;0.0;;;0.0;0.0;0.0;0.0;0.0;2.38;2.38;0.0
113098;631117;2019-10-30;FRC;F23;;;7;8299;1544475728.0;;;2.41;2.41;2.41;2.41;2.41;2.41;0.0;0.0
113099;631118;2019-10-30;FRC;J23;;;0;0;0.0;;;0.0;0.0;0.0;0.0;0.0;2.45;0.0;0.0
113100;631119;2019-10-30;FRC;N23;;;0;0;0.0;;;0.0;0.0;0.0;0.0;0.0;2.46;0.0;0.0
113101;631120;2019-10-30;FRC;V23;;;2;382;70349498.0;;;2.5;2.5;2.5;2.5;2.5;2.5;0.0;0.0
113102;631121;2019-10-30;FRC;F24;;;12;11614;2130026596.0;;;2.52;2.52;2.56;2.55;2.56;2.56;0.0;0.0
113103;631122;2019-10-30;FRC;J24;;;0;0;0.0;;;0.0;0.0;0.0;0.0;0.0;2.59;0.0;0.0
113104;631123;2019-10-30;FRC;N24;;;0;0;0.0;;;0.0;0.0;0.0;0.0;0.0;2.63;0.0;0.0
113105;631124;2019-10-30;FRC;V24;;;2;189;21625322.0;;;2.68;2.68;2.68;2.68;2.68;2.67;0.0;0.0
113106;631125;2019-10-30;FRC;F25;;;12;2256;407132894.0;;;2.72;2.72;2.72;2.72;2.72;2.72;0.0;0.0
113107;631126;2019-10-30;FRC;N25;;;0;0;0.0;;;0.0;0.0;0.0;0.0;0.0;2.79;0.0;0.0
113108;631127;2019-10-30;FRC;F26;;;0;0;0.0;;;0.0;0.0;0.0;0.0;0.0;2.89;0.0;0.0
113109;631128;2019-10-30;FRC;N26;;;0;0;0.0;;;0.0;0.0;0.0;0.0;0.0;2.97;0.0;0.0
113110;631129;2019-10-30;FRC;F27;;;9;3098;539933275.0;;;2.97;2.97;3.06;3.0;3.06;3.06;0.0;0.0
113111;631130;2019-10-30;FRC;F28;;;3;2013;344745323.0;;;3.11;3.11;3.11;3.11;3.11;3.2;0.0;0.0
113112;631131;2019-10-30;FRC;F29;;;0;0;0.0;;;0.0;0.0;0.0;0.0;0.0;3.33;0.0;0.0
113113;631132;2019-10-30;FRC;F30;;;0;0;0.0;;;0.0;0.0;0.0;0.0;0.0;3.4;0.0;0.0
113114;631133;2019-10-30;FRC;F31;;;0;0;0.0;;;0.0;0.0;0.0;0.0;0.0;3.46;0.0;0.0
113115;631296;2019-10-31;FRC;F20;;;25;38159;7350239765.0;;;2.65;2.65;2.65;2.65;2.65;2.65;0.0;0.0
113116;631297;2019-10-31;FRC;G20;;;9;3355;645598409.0;;;2.52;2.52;2.52;2.52;2.52;2.52;0.0;0.0
113117;631298;2019-10-31;FRC;H20;;;7;3987;766580770.0;;;2.43;2.43;2.43;2.43;2.43;2.43;2.43;0.0
113118;631299;2019-10-31;FRC;J20;;;1;5079;975495903.0;;;2.46;2.46;2.46;2.46;2.46;2.44;0.0;0.0
113119;631300;2019-10-31;FRC;K20;;;4;617;118395414.0;;;2.38;2.38;2.4;2.38;2.4;2.38;2.38;2.4
113120;631301;2019-10-31;FRC;M20;;;4;2188;419505702.0;;;2.35;2.35;2.35;2.35;2.35;2.35;0.0;0.0
113121;631302;2019-10-31;FRC;N20;;;14;4968;951623489.0;;;2.34;2.34;2.34;2.34;2.34;2.34;0.0;0.0
113122;631303;2019-10-31;FRC;Q20;;;0;0;0.0;;;0.0;0.0;0.0;0.0;0.0;2.3;0.0;0.0
113123;631304;2019-10-31;FRC;U20;;;0;0;0.0;;;0.0;0.0;0.0;0.0;0.0;2.3;0.0;0.0
113124;631305;2019-10-31;FRC;V20;;;7;2376;453797476.0;;;2.33;2.33;2.33;2.33;2.33;2.33;0.0;0.0
113125;631306;2019-10-31;FRC;X20;;;0;0;0.0;;;0.0;0.0;0.0;0.0;0.0;2.32;0.0;0.0
113126;631307;2019-10-31;FRC;F21;;;8;2960;563653732.0;;;2.32;2.32;2.32;2.32;2.32;2.32;0.0;0.0
113127;631308;2019-10-31;FRC;J21;;;2;217;41206167.0;;;2.33;2.33;2.35;2.33;2.35;2.33;0.0;0.0
113128;631309;2019-10-31;FRC;N21;;;5;980;185560913.0;;;2.32;2.32;2.32;2.32;2.32;2.32;0.0;0.0
113129;631310;2019-10-31;FRC;V21;;;9;1764;333091491.0;;;2.31;2.31;2.31;2.31;2.31;2.31;0.0;0.0
113130;631311;2019-10-31;FRC;F22;;;10;2146;404057852.0;;;2.3;2.3;2.3;2.3;2.3;2.3;0.0;0.0
113131;631312;2019-10-31;FRC;J22;;;1;195;36612893.0;;;2.31;2.31;2.31;2.31;2.31;2.31;0.0;0.0
113132;631313;2019-10-31;FRC;N22;;;2;97;18159739.0;;;2.31;2.31;2.31;2.31;2.31;2.31;0.0;0.0
113133;631314;2019-10-31;FRC;V22;;;2;387;72180594.0;;;2.37;2.37;2.37;2.37;2.37;2.34;0.0;0.0
113134;631315;2019-10-31;FRC;F23;;;8;2316;430784721.0;;;2.36;2.36;2.36;2.36;2.36;2.36;0.0;0.0
113135;631316;2019-10-31;FRC;J23;;;0;0;0.0;;;0.0;0.0;0.0;0.0;0.0;2.4;0.0;0.0
113136;631317;2019-10-31;FRC;N23;;;0;0;0.0;;;0.0;0.0;0.0;0.0;0.0;2.41;0.0;0.0
113137;631318;2019-10-31;FRC;V23;;;2;382;70322944.0;;;2.45;2.45;2.45;2.45;2.45;2.45;0.0;0.0
113138;631319;2019-10-31;FRC;F24;;;7;1337;245149870.0;;;2.51;2.51;2.51;2.51;2.51;2.51;0.0;0.0
113139;631320;2019-10-31;FRC;J24;;;0;0;0.0;;;0.0;0.0;0.0;0.0;0.0;2.54;0.0;0.0
113140;631321;2019-10-31;FRC;N24;;;0;0;0.0;;;0.0;0.0;0.0;0.0;0.0;2.58;0.0;0.0
113141;631322;2019-10-31;FRC;V24;;;0;0;0.0;;;0.0;0.0;0.0;0.0;0.0;2.62;0.0;0.0
113142;631323;2019-10-31;FRC;F25;;;3;752;135692284.0;;;2.67;2.67;2.67;2.67;2.67;2.67;0.0;0.0
113143;631324;2019-10-31;FRC;N25;;;2;373;66659454.0;;;2.8;2.8;2.8;2.8;2.8;2.74;0.0;0.0
113144;631325;2019-10-31;FRC;F26;;;8;3143;556720197.0;;;2.89;2.84;2.89;2.87;2.84;2.84;0.0;0.0
113145;631326;2019-10-31;FRC;N26;;;0;0;0.0;;;0.0;0.0;0.0;0.0;0.0;2.92;0.0;0.0
113146;631327;2019-10-31;FRC;F27;;;3;2001;347519156.0;;;3.07;3.07;3.07;3.07;3.07;3.01;0.0;0.0
113147;631328;2019-10-31;FRC;F28;;;3;358;61019044.0;;;3.2;3.2;3.2;3.2;3.2;3.14;0.0;0.0
113148;631329;2019-10-31;FRC;F29;;;5;885;148338113.0;;;3.27;3.27;3.27;3.27;3.27;3.27;0.0;0.0
113149;631330;2019-10-31;FRC;F30;;;0;0;0.0;;;0.0;0.0;0.0;0.0;0.0;3.34;0.0;0.0
113150;631331;2019-10-31;FRC;F31;;;0;0;0.0;;;0.0;0.0;0.0;0.0;0.0;3.4;0.0;0.0
113151;631494;2019-11-01;FRC;F20;;;26;37599;7230737477.0;;;2.65;2.6;2.65;2.63;2.61;2.64;2.62;2.64
113152;631495;2019-11-01;FRC;G20;;;17;21432;4117433118.0;;;2.52;2.52;2.52;2.52;2.52;2.52;0.0;0.0
113153;631496;2019-11-01;FRC;H20;;;5;2014;386597047.0;;;2.42;2.42;2.44;2.43;2.44;2.44;2.44;0.0
113154;631497;2019-11-01;FRC;J20;;;1;20;3835178.0;;;2.45;2.45;2.45;2.45;2.45;2.45;2.42;2.45
113155;631498;2019-11-01;FRC;K20;;;3;895;171457390.0;;;2.38;2.38;2.39;2.38;2.39;2.39;2.35;2.39
113156;631499;2019-11-01;FRC;M20;;;2;636;121738393.0;;;2.35;2.35;2.36;2.35;2.36;2.36;2.36;0.0
113157;631500;2019-11-01;FRC;N20;;;10;1948;372511740.0;;;2.34;2.34;2.36;2.35;2.36;2.36;0.0;0.0
113158;631501;2019-11-01;FRC;Q20;;;3;594;71267744.0;;;2.34;2.34;2.34;2.34;2.34;2.34;0.0;0.0
113159;631502;2019-11-01;FRC;U20;;;1;198;23746427.0;;;2.35;2.35;2.35;2.35;2.35;2.35;0.0;0.0
113160;631503;2019-11-01;FRC;V20;;;5;1030;196385725.0;;;2.33;2.33;2.35;2.34;2.35;2.35;0.0;2.35
113161;631504;2019-11-01;FRC;X20;;;0;0;0.0;;;0.0;0.0;0.0;0.0;0.0;2.34;0.0;0.0
113162;631505;2019-11-01;FRC;F21;;;10;2802;532638608.0;;;2.32;2.32;2.34;2.33;2.34;2.34;0.0;0.0
113163;631506;2019-11-01;FRC;J21;;;0;0;0.0;;;0.0;0.0;0.0;0.0;0.0;2.35;0.0;0.0
113164;631507;2019-11-01;FRC;N21;;;5;1767;333981127.0;;;2.35;2.33;2.35;2.34;2.33;2.35;0.0;0.0
113165;631508;2019-11-01;FRC;V21;;;5;980;184694636.0;;;2.35;2.34;2.35;2.34;2.34;2.34;0.0;0.0
113166;631509;2019-11-01;FRC;F22;;;8;2479;465899949.0;;;2.35;2.3;2.35;2.32;2.32;2.33;0.0;0.0
113167;631510;2019-11-01;FRC;J22;;;9;2241;419959807.0;;;2.31;2.31;2.34;2.33;2.34;2.34;0.0;0.0
113168;631511;2019-11-01;FRC;N22;;;3;679;126897834.0;;;2.31;2.31;2.34;2.31;2.34;2.34;0.0;0.0
113169;631512;2019-11-01;FRC;V22;;;0;0;0.0;;;0.0;0.0;0.0;0.0;0.0;2.37;0.0;0.0
113170;631513;2019-11-01;FRC;F23;;;10;2316;429928861.0;;;2.36;2.36;2.39;2.38;2.39;2.39;0.0;0.0
113171;631514;2019-11-01;FRC;J23;;;0;0;0.0;;;0.0;0.0;0.0;0.0;0.0;2.43;0.0;0.0
113172;631515;2019-11-01;FRC;N23;;;0;0;0.0;;;0.0;0.0;0.0;0.0;0.0;2.44;0.0;0.0
113173;631516;2019-11-01;FRC;V23;;;0;0;0.0;;;0.0;0.0;0.0;0.0;0.0;2.48;0.0;0.0
113174;631517;2019-11-01;FRC;F24;;;1;19;3477205.0;;;2.51;2.51;2.51;2.51;2.51;2.54;0.0;0.0
113175;631518;2019-11-01;FRC;J24;;;0;0;0.0;;;0.0;0.0;0.0;0.0;0.0;2.57;0.0;0.0
113176;631519;2019-11-01;FRC;N24;;;0;0;0.0;;;0.0;0.0;0.0;0.0;0.0;2.61;0.0;0.0
113177;631520;2019-11-01;FRC;V24;;;0;0;0.0;;;0.0;0.0;0.0;0.0;0.0;2.65;0.0;0.0
113178;631521;2019-11-01;FRC;F25;;;5;733;131964643.0;;;2.67;2.67;2.7;2.69;2.7;2.7;0.0;0.0
113179;631522;2019-11-01;FRC;N25;;;0;0;0.0;;;0.0;0.0;0.0;0.0;0.0;2.77;0.0;0.0
113180;631523;2019-11-01;FRC;F26;;;4;445;78753631.0;;;2.84;2.84;2.86;2.85;2.86;2.86;0.0;0.0
113181;631524;2019-11-01;FRC;N26;;;0;0;0.0;;;0.0;0.0;0.0;0.0;0.0;2.92;0.0;0.0
113182;631525;2019-11-01;FRC;F27;;;0;0;0.0;;;0.0;0.0;0.0;0.0;0.0;3.01;3.01;0.0
113183;631526;2019-11-01;FRC;F28;;;3;358;60940209.0;;;3.19;3.19;3.19;3.19;3.19;3.14;0.0;0.0
113184;631527;2019-11-01;FRC;F29;;;0;0;0.0;;;0.0;0.0;0.0;0.0;0.0;3.27;0.0;0.0
113185;631528;2019-11-01;FRC;F30;;;0;0;0.0;;;0.0;0.0;0.0;0.0;0.0;3.34;0.0;0.0
113186;631529;2019-11-01;FRC;F31;;;0;0;0.0;;;0.0;0.0;0.0;0.0;0.0;3.4;0.0;0.0
113187;631688;2019-11-04;FRC;F20;;;16;26471;5117657746.0;;;2.64;2.64;2.64;2.64;2.64;2.64;2.64;2.66
113188;631689;2019-11-04;FRC;G20;;;12;9978;1926969810.0;;;2.57;2.57;2.57;2.57;2.57;2.57;0.0;0.0
113189;631690;2019-11-04;FRC;H20;;;3;2891;557842517.0;;;2.48;2.48;2.48;2.48;2.48;2.48;2.48;0.0
113190;631691;2019-11-04;FRC;J20;;;3;1116;215120620.0;;;2.5;2.48;2.5;2.48;2.48;2.48;2.48;2.5
113191;631692;2019-11-04;FRC;K20;;;5;1413;272104053.0;;;2.42;2.42;2.42;2.42;2.42;2.42;2.42;0.0
113192;631693;2019-11-04;FRC;M20;;;2;259;49833721.0;;;2.39;2.39;2.4;2.39;2.4;2.4;2.4;0.0
113193;631694;2019-11-04;FRC;N20;;;7;2384;458220313.0;;;2.41;2.41;2.41;2.41;2.41;2.41;0.0;0.0
113194;631695;2019-11-04;FRC;Q20;;;4;3769;456433953.0;;;2.36;2.36;2.4;2.38;2.4;2.4;0.0;0.0
113195;631696;2019-11-04;FRC;U20;;;3;594;71822805.0;;;2.41;2.41;2.41;2.41;2.41;2.41;0.0;0.0
113196;631697;2019-11-04;FRC;V20;;;9;5644;1081651129.0;;;2.36;2.36;2.4;2.38;2.4;2.4;2.4;0.0
113197;631698;2019-11-04;FRC;X20;;;4;2810;339401466.0;;;2.35;2.35;2.36;2.35;2.36;2.39;2.4;0.0
113198;631699;2019-11-04;FRC;F21;;;13;8132;1553525771.0;;;2.37;2.37;2.4;2.39;2.4;2.4;2.4;2.42
113199;631700;2019-11-04;FRC;J21;;;1;197;37524022.0;;;2.41;2.41;2.41;2.41;2.41;2.41;0.0;0.0
113200;631701;2019-11-04;FRC;N21;;;10;2354;447069112.0;;;2.4;2.4;2.4;2.4;2.4;2.4;0.0;0.0
113201;631702;2019-11-04;FRC;V21;;;7;1372;259825603.0;;;2.39;2.39;2.39;2.39;2.39;2.39;0.0;0.0
113202;631703;2019-11-04;FRC;F22;;;6;1365;257726003.0;;;2.38;2.38;2.38;2.38;2.38;2.38;2.38;0.0
113203;631704;2019-11-04;FRC;J22;;;0;0;0.0;;;0.0;0.0;0.0;0.0;0.0;2.39;0.0;0.0
113204;631705;2019-11-04;FRC;N22;;;0;0;0.0;;;0.0;0.0;0.0;0.0;0.0;2.4;0.0;0.0
113205;631706;2019-11-04;FRC;V22;;;2;232;43427487.0;;;2.37;2.37;2.37;2.37;2.37;2.44;0.0;0.0
113206;631707;2019-11-04;FRC;F23;;;2;579;107928683.0;;;2.46;2.46;2.46;2.46;2.46;2.46;0.0;0.0
113207;631708;2019-11-04;FRC;J23;;;0;0;0.0;;;0.0;0.0;0.0;0.0;0.0;2.5;0.0;0.0
113208;631709;2019-11-04;FRC;N23;;;0;0;0.0;;;0.0;0.0;0.0;0.0;0.0;2.5;0.0;0.0
113209;631710;2019-11-04;FRC;V23;;;0;0;0.0;;;0.0;0.0;0.0;0.0;0.0;2.54;0.0;0.0
113210;631711;2019-11-04;FRC;F24;;;2;380;69804298.0;;;2.59;2.59;2.59;2.59;2.59;2.59;0.0;0.0
113211;631712;2019-11-04;FRC;J24;;;0;0;0.0;;;0.0;0.0;0.0;0.0;0.0;2.62;0.0;0.0
113212;631713;2019-11-04;FRC;N24;;;0;0;0.0;;;0.0;0.0;0.0;0.0;0.0;2.66;0.0;0.0
113213;631714;2019-11-04;FRC;V24;;;0;0;0.0;;;0.0;0.0;0.0;0.0;0.0;2.69;0.0;0.0
113214;631715;2019-11-04;FRC;F25;;;2;376;67985714.0;;;2.74;2.74;2.74;2.74;2.74;2.74;0.0;0.0
113215;631716;2019-11-04;FRC;N25;;;0;0;0.0;;;0.0;0.0;0.0;0.0;0.0;2.81;0.0;0.0
113216;631717;2019-11-04;FRC;F26;;;2;406;72118806.0;;;2.9;2.9;2.9;2.9;2.9;2.9;0.0;0.0
113217;631718;2019-11-04;FRC;N26;;;0;0;0.0;;;0.0;0.0;0.0;0.0;0.0;2.96;0.0;0.0
113218;631719;2019-11-04;FRC;F27;;;2;364;63471107.0;;;3.06;3.06;3.06;3.06;3.06;3.05;0.0;0.0
113219;631720;2019-11-04;FRC;F28;;;0;0;0.0;;;0.0;0.0;0.0;0.0;0.0;3.23;0.0;0.0
113220;631721;2019-11-04;FRC;F29;;;0;0;0.0;;;0.0;0.0;0.0;0.0;0.0;3.36;0.0;0.0
113221;631722;2019-11-04;FRC;F30;;;0;0;0.0;;;0.0;0.0;0.0;0.0;0.0;3.43;0.0;0.0
113222;631723;2019-11-04;FRC;F31;;;0;0;0.0;;;0.0;0.0;0.0;0.0;0.0;3.49;0.0;0.0
113223;631881;2019-11-05;FRC;F20;;;52;72022;13864062529.0;;;2.61;2.56;2.62;2.58;2.58;2.58;2.58;2.59
113224;631882;2019-11-05;FRC;G20;;;22;39117;7521728829.0;;;2.51;2.51;2.55;2.53;2.55;2.55;0.0;0.0
113225;631883;2019-11-05;FRC;H20;;;13;9570;1838701161.0;;;2.42;2.42;2.44;2.43;2.44;2.44;2.44;2.49
113226;631884;2019-11-05;FRC;J20;;;9;2191;420537822.0;;;2.44;2.43;2.44;2.43;2.43;2.43;2.43;0.0
113227;631885;2019-11-05;FRC;K20;;;4;1990;381557059.0;;;2.41;2.41;2.41;2.41;2.41;2.41;2.41;0.0
113228;631886;2019-11-05;FRC;M20;;;1;60;11493901.0;;;2.41;2.41;2.41;2.41;2.41;2.39;2.4;0.0
113229;631887;2019-11-05;FRC;N20;;;20;7609;1456171241.0;;;2.4;2.4;2.4;2.4;2.4;2.4;2.39;2.42
113230;631888;2019-11-05;FRC;Q20;;;0;0;0.0;;;0.0;0.0;0.0;0.0;0.0;2.39;0.0;0.0
113231;631889;2019-11-05;FRC;U20;;;0;0;0.0;;;0.0;0.0;0.0;0.0;0.0;2.41;0.0;0.0
113232;631890;2019-11-05;FRC;V20;;;1;198;37775582.0;;;2.41;2.41;2.41;2.41;2.41;2.4;0.0;0.0
113233;631891;2019-11-05;FRC;X20;;;0;0;0.0;;;0.0;0.0;0.0;0.0;0.0;2.39;0.0;0.0
113234;631892;2019-11-05;FRC;F21;;;11;6454;1227472380.0;;;2.41;2.41;2.41;2.41;2.41;2.41;0.0;0.0
113235;631893;2019-11-05;FRC;J21;;;2;394;74715539.0;;;2.42;2.42;2.42;2.42;2.42;2.42;0.0;0.0
113236;631894;2019-11-05;FRC;N21;;;5;980;185235200.0;;;2.41;2.41;2.6;2.44;2.6;2.41;0.0;0.0
113237;631895;2019-11-05;FRC;V21;;;4;784;147796423.0;;;2.41;2.41;2.41;2.41;2.41;2.41;0.0;0.0
113238;631896;2019-11-05;FRC;F22;;;11;3237;608326636.0;;;2.41;2.41;2.41;2.41;2.41;2.41;0.0;0.0
113239;631897;2019-11-05;FRC;J22;;;0;0;0.0;;;0.0;0.0;0.0;0.0;0.0;2.42;0.0;0.0
113240;631898;2019-11-05;FRC;N22;;;2;388;72398306.0;;;2.43;2.43;2.6;2.51;2.6;2.43;0.0;0.0
113241;631899;2019-11-05;FRC;V22;;;0;0;0.0;;;0.0;0.0;0.0;0.0;0.0;2.47;0.0;0.0
113242;631900;2019-11-05;FRC;F23;;;17;4666;865825624.0;;;2.48;2.46;2.48;2.46;2.48;2.48;2.48;2.49
113243;631901;2019-11-05;FRC;J23;;;2;769;142198125.0;;;2.5;2.5;2.5;2.5;2.5;2.52;0.0;0.0
113244;631902;2019-11-05;FRC;N23;;;0;0;0.0;;;0.0;0.0;0.0;0.0;0.0;2.54;0.0;0.0
113245;631903;2019-11-05;FRC;V23;;;0;0;0.0;;;0.0;0.0;0.0;0.0;0.0;2.58;0.0;0.0
113246;631904;2019-11-05;FRC;F24;;;2;228;41660672.0;;;2.64;2.64;2.64;2.64;2.64;2.64;0.0;2.64
113247;631905;2019-11-05;FRC;J24;;;0;0;0.0;;;0.0;0.0;0.0;0.0;0.0;2.67;0.0;0.0
113248;631906;2019-11-05;FRC;N24;;;0;0;0.0;;;0.0;0.0;0.0;0.0;0.0;2.71;0.0;2.71
113249;631907;2019-11-05;FRC;V24;;;0;0;0.0;;;0.0;0.0;0.0;0.0;0.0;2.73;0.0;0.0
113250;631908;2019-11-05;FRC;F25;;;5;748;134485189.0;;;2.78;2.77;2.78;2.77;2.78;2.78;0.0;0.0
113251;631909;2019-11-05;FRC;N25;;;0;0;0.0;;;0.0;0.0;0.0;0.0;0.0;2.85;0.0;0.0
113252;631910;2019-11-05;FRC;F26;;;4;610;107786220.0;;;2.94;2.94;2.94;2.94;2.94;2.94;0.0;0.0
113253;631911;2019-11-05;FRC;N26;;;0;0;0.0;;;0.0;0.0;0.0;0.0;0.0;3.0;0.0;0.0
113254;631912;2019-11-05;FRC;F27;;;0;0;0.0;;;0.0;0.0;0.0;0.0;0.0;3.09;0.0;0.0
113255;631913;2019-11-05;FRC;F28;;;2;358;60876507.0;;;3.25;3.25;3.25;3.25;3.25;3.26;0.0;3.28
113256;631914;2019-11-05;FRC;F29;;;0;0;0.0;;;0.0;0.0;0.0;0.0;0.0;3.39;0.0;0.0
113257;631915;2019-11-05;FRC;F30;;;2;348;56985740.0;;;3.46;3.46;3.46;3.46;3.46;3.46;0.0;0.0
113258;631916;2019-11-05;FRC;F31;;;0;0;0.0;;;0.0;0.0;0.0;0.0;0.0;3.52;0.0;0.0
113259;632076;2019-11-06;FRC;F20;;;50;97014;18862071804.0;;;2.58;2.58;2.7;2.66;2.7;2.67;0.0;2.72
113260;632077;2019-11-06;FRC;G20;;;13;16863;3274632989.0;;;2.63;2.63;2.7;2.69;2.7;2.7;0.0;2.72
113261;632078;2019-11-06;FRC;H20;;;3;2392;464116585.0;;;2.56;2.56;2.56;2.56;2.56;2.56;0.0;0.0
113262;632079;2019-11-06;FRC;J20;;;0;0;0.0;;;0.0;0.0;0.0;0.0;0.0;2.55;0.0;0.0
113263;632080;2019-11-06;FRC;K20;;;33;2590;501453649.0;;;2.54;2.54;2.54;2.54;2.54;2.54;2.54;0.0
113264;632081;2019-11-06;FRC;M20;;;4;934;180661912.0;;;2.52;2.52;2.52;2.52;2.52;2.52;2.52;0.0
113265;632082;2019-11-06;FRC;N20;;;29;14281;2759463246.0;;;2.39;2.39;2.53;2.52;2.53;2.53;0.0;0.0
113266;632083;2019-11-06;FRC;Q20;;;2;8091;988194328.0;;;2.52;2.52;2.52;2.52;2.52;2.52;0.0;0.0
113267;632084;2019-11-06;FRC;U20;;;4;7012;855432556.0;;;2.54;2.54;2.54;2.54;2.54;2.54;0.0;0.0
113268;632085;2019-11-06;FRC;V20;;;8;6375;1228015594.0;;;2.41;2.41;2.53;2.5;2.53;2.53;0.0;0.0
113269;632086;2019-11-06;FRC;X20;;;6;3164;385254527.0;;;2.55;2.55;2.55;2.55;2.55;2.55;0.0;0.0
113270;632087;2019-11-06;FRC;F21;;;23;18741;3597664639.0;;;2.39;2.39;2.55;2.53;2.55;2.55;0.0;0.0
113271;632088;2019-11-06;FRC;J21;;;0;0;0.0;;;0.0;0.0;0.0;0.0;0.0;2.56;0.0;0.0
113272;632089;2019-11-06;FRC;N21;;;8;1568;299163655.0;;;2.53;2.53;2.53;2.53;2.53;2.53;0.0;0.0
113273;632090;2019-11-06;FRC;V21;;;5;1958;372735027.0;;;2.41;2.41;2.52;2.43;2.52;2.52;0.0;0.0
113274;632091;2019-11-06;FRC;F22;;;18;9204;1745522346.0;;;2.42;2.42;2.51;2.49;2.51;2.51;0.0;0.0
113275;632092;2019-11-06;FRC;J22;;;2;583;110333646.0;;;2.42;2.42;2.42;2.42;2.42;2.5;0.0;0.0
113276;632093;2019-11-06;FRC;N22;;;3;776;146302405.0;;;2.49;2.49;2.49;2.49;2.49;2.49;0.0;0.0
113277;632094;2019-11-06;FRC;V22;;;3;425;79840762.0;;;2.52;2.5;2.52;2.51;2.5;2.52;0.0;0.0
113278;632095;2019-11-06;FRC;F23;;;8;1736;325093589.0;;;2.53;2.53;2.53;2.53;2.53;2.53;0.0;0.0
113279;632096;2019-11-06;FRC;J23;;;2;384;71649691.0;;;2.56;2.56;2.56;2.56;2.56;2.56;0.0;0.0
113280;632097;2019-11-06;FRC;N23;;;0;0;0.0;;;0.0;0.0;0.0;0.0;0.0;2.58;0.0;0.0
113281;632098;2019-11-06;FRC;V23;;;0;0;0.0;;;0.0;0.0;0.0;0.0;0.0;2.61;0.0;0.0
113282;632099;2019-11-06;FRC;F24;;;11;2356;434665237.0;;;2.66;2.66;2.66;2.66;2.66;2.66;0.0;0.0
113283;632100;2019-11-06;FRC;J24;;;0;0;0.0;;;0.0;0.0;0.0;0.0;0.0;2.69;0.0;0.0
113284;632101;2019-11-06;FRC;N24;;;0;0;0.0;;;0.0;0.0;0.0;0.0;0.0;2.73;0.0;0.0
113285;632102;2019-11-06;FRC;V24;;;0;0;0.0;;;0.0;0.0;0.0;0.0;0.0;2.76;0.0;0.0
113286;632103;2019-11-06;FRC;F25;;;3;561;101807420.0;;;2.81;2.81;2.81;2.81;2.81;2.81;0.0;2.81
113287;632104;2019-11-06;FRC;N25;;;0;0;0.0;;;0.0;0.0;0.0;0.0;0.0;2.87;0.0;0.0
113288;632105;2019-11-06;FRC;F26;;;2;370;66043792.0;;;2.94;2.94;2.94;2.94;2.94;2.94;2.94;0.0
113289;632106;2019-11-06;FRC;N26;;;0;0;0.0;;;0.0;0.0;0.0;0.0;0.0;3.0;3.0;0.0
113290;632107;2019-11-06;FRC;F27;;;0;0;0.0;;;0.0;0.0;0.0;0.0;0.0;3.09;0.0;0.0
113291;632108;2019-11-06;FRC;F28;;;0;0;0.0;;;0.0;0.0;0.0;0.0;0.0;3.26;0.0;0.0
113292;632109;2019-11-06;FRC;F29;;;0;0;0.0;;;0.0;0.0;0.0;0.0;0.0;3.39;0.0;0.0
113293;632110;2019-11-06;FRC;F30;;;0;0;0.0;;;0.0;0.0;0.0;0.0;0.0;3.46;0.0;0.0
113294;632111;2019-11-06;FRC;F31;;;0;0;0.0;;;0.0;0.0;0.0;0.0;0.0;3.52;0.0;0.0
113295;632271;2019-11-07;FRC;F20;;;34;70243;13618388227.0;;;2.69;2.67;2.72;2.69;2.7;2.7;0.0;0.0
113296;632272;2019-11-07;FRC;G20;;;6;4790;927504283.0;;;2.72;2.72;2.75;2.74;2.75;2.75;2.74;0.0
113297;632273;2019-11-07;FRC;H20;;;9;4703;909872476.0;;;2.59;2.59;2.62;2.61;2.62;2.62;2.6;0.0
113298;632274;2019-11-07;FRC;J20;;;4;3982;769551352.0;;;2.59;2.59;2.62;2.61;2.62;2.61;0.0;0.0
113299;632275;2019-11-07;FRC;K20;;;0;0;0.0;;;0.0;0.0;0.0;0.0;0.0;2.61;0.0;0.0
113300;632276;2019-11-07;FRC;M20;;;0;0;0.0;;;0.0;0.0;0.0;0.0;0.0;2.6;2.6;0.0
113301;632277;2019-11-07;FRC;N20;;;7;2579;496785435.0;;;2.61;2.61;2.61;2.61;2.61;2.61;2.61;0.0
113302;632278;2019-11-07;FRC;Q20;;;6;1586;192781654.0;;;2.6;2.6;2.6;2.6;2.6;2.6;0.0;0.0
113303;632279;2019-11-07;FRC;U20;;;1;1981;240595430.0;;;2.57;2.57;2.57;2.57;2.57;2.63;0.0;0.0
113304;632280;2019-11-07;FRC;V20;;;7;2552;489935870.0;;;2.56;2.56;2.63;2.62;2.63;2.63;0.0;2.63
113305;632281;2019-11-07;FRC;X20;;;5;1582;191730919.0;;;2.6;2.6;2.65;2.63;2.65;2.65;0.0;0.0
113306;632282;2019-11-07;FRC;F21;;;38;13937;2666586582.0;;;2.58;2.58;2.65;2.62;2.65;2.65;2.62;0.0
113307;632283;2019-11-07;FRC;J21;;;6;2360;449963728.0;;;2.68;2.68;2.68;2.68;2.68;2.68;0.0;0.0
113308;632284;2019-11-07;FRC;N21;;;13;4116;782596913.0;;;2.59;2.59;2.63;2.61;2.63;2.63;2.6;2.63
113309;632285;2019-11-07;FRC;V21;;;4;508;96289644.0;;;2.56;2.56;2.63;2.59;2.63;2.63;0.0;0.0
113310;632286;2019-11-07;FRC;F22;;;23;7987;1509134889.0;;;2.56;2.56;2.61;2.58;2.61;2.61;0.0;0.0
113311;632287;2019-11-07;FRC;J22;;;3;291;54832907.0;;;2.54;2.54;2.57;2.55;2.57;2.6;0.0;0.0
113312;632288;2019-11-07;FRC;N22;;;2;388;72845647.0;;;2.6;2.6;2.6;2.6;2.6;2.6;0.0;2.6
113313;632289;2019-11-07;FRC;V22;;;2;309;57812959.0;;;2.61;2.61;2.61;2.61;2.61;2.62;0.0;0.0
113314;632290;2019-11-07;FRC;F23;;;19;6634;1236934037.0;;;2.6;2.6;2.63;2.62;2.63;2.63;0.0;2.63
113315;632291;2019-11-07;FRC;J23;;;2;959;178257424.0;;;2.62;2.62;2.62;2.62;2.62;2.66;0.0;0.0
113316;632292;2019-11-07;FRC;N23;;;0;0;0.0;;;0.0;0.0;0.0;0.0;0.0;2.67;0.0;0.0
113317;632293;2019-11-07;FRC;V23;;;0;0;0.0;;;0.0;0.0;0.0;0.0;0.0;2.7;0.0;0.0
113318;632294;2019-11-07;FRC;F24;;;14;3514;645506137.0;;;2.74;2.74;2.74;2.74;2.74;2.74;0.0;0.0
113319;632295;2019-11-07;FRC;J24;;;0;0;0.0;;;0.0;0.0;0.0;0.0;0.0;2.77;0.0;0.0
113320;632296;2019-11-07;FRC;N24;;;0;0;0.0;;;0.0;0.0;0.0;0.0;0.0;2.81;0.0;0.0
113321;632297;2019-11-07;FRC;V24;;;0;0;0.0;;;0.0;0.0;0.0;0.0;0.0;2.83;0.0;0.0
113322;632298;2019-11-07;FRC;F25;;;7;1309;236510091.0;;;2.88;2.88;2.88;2.88;2.88;2.88;0.0;0.0
113323;632299;2019-11-07;FRC;N25;;;0;0;0.0;;;0.0;0.0;0.0;0.0;0.0;2.94;0.0;0.0
113324;632300;2019-11-07;FRC;F26;;;4;829;147205282.0;;;3.01;3.01;3.02;3.01;3.02;3.01;0.0;0.0
113325;632301;2019-11-07;FRC;N26;;;0;0;0.0;;;0.0;0.0;0.0;0.0;0.0;3.07;0.0;0.0
113326;632302;2019-11-07;FRC;F27;;;0;0;0.0;;;0.0;0.0;0.0;0.0;0.0;3.16;0.0;0.0
113327;632303;2019-11-07;FRC;F28;;;0;0;0.0;;;0.0;0.0;0.0;0.0;0.0;3.33;0.0;0.0
113328;632304;2019-11-07;FRC;F29;;;0;0;0.0;;;0.0;0.0;0.0;0.0;0.0;3.46;0.0;0.0
113329;632305;2019-11-07;FRC;F30;;;0;0;0.0;;;0.0;0.0;0.0;0.0;0.0;3.53;0.0;0.0
113330;632306;2019-11-07;FRC;F31;;;0;0;0.0;;;0.0;0.0;0.0;0.0;0.0;3.59;0.0;0.0
113331;632468;2019-11-08;FRC;F20;;;47;39191;7599980550.0;;;2.75;2.75;2.78;2.76;2.75;2.75;2.75;0.0
113332;632469;2019-11-08;FRC;G20;;;9;6046;1170978138.0;;;2.8;2.79;2.8;2.79;2.79;2.79;0.0;0.0
113333;632470;2019-11-08;FRC;H20;;;9;6979;1350462686.0;;;2.66;2.66;2.7;2.67;2.7;2.68;2.68;2.75
113334;632471;2019-11-08;FRC;J20;;;10;5993;1158351505.0;;;2.69;2.69;2.69;2.69;2.69;2.69;0.0;0.0
113335;632472;2019-11-08;FRC;K20;;;0;0;0.0;;;0.0;0.0;0.0;0.0;0.0;2.7;0.0;0.0
113336;632473;2019-11-08;FRC;M20;;;7;2981;574864752.0;;;2.7;2.7;2.7;2.7;2.7;2.7;0.0;0.0
113337;632474;2019-11-08;FRC;N20;;;19;28277;5447303731.0;;;2.66;2.65;2.72;2.67;2.72;2.72;2.67;2.72
113338;632475;2019-11-08;FRC;Q20;;;4;1387;168578467.0;;;2.71;2.71;2.71;2.71;2.71;2.71;0.0;0.0
113339;632476;2019-11-08;FRC;U20;;;6;4158;504945943.0;;;2.67;2.67;2.74;2.69;2.74;2.74;0.0;0.0
113340;632477;2019-11-08;FRC;V20;;;2;1088;208904866.0;;;2.65;2.65;2.73;2.65;2.73;2.73;0.0;0.0
113341;632478;2019-11-08;FRC;X20;;;16;4856;588021446.0;;;2.69;2.68;2.74;2.72;2.74;2.74;0.0;0.0
113342;632479;2019-11-08;FRC;F21;;;53;36887;7055749092.0;;;2.67;2.67;2.75;2.71;2.75;2.75;2.73;2.75
113343;632480;2019-11-08;FRC;J21;;;0;0;0.0;;;0.0;0.0;0.0;0.0;0.0;2.77;0.0;0.0
113344;632481;2019-11-08;FRC;N21;;;2;1529;290756188.0;;;2.63;2.63;2.63;2.63;2.63;2.72;2.69;2.71
113345;632482;2019-11-08;FRC;V21;;;4;780;147722621.0;;;2.71;2.71;2.71;2.71;2.71;2.71;0.0;0.0
113346;632483;2019-11-08;FRC;F22;;;8;13120;2477797022.0;;;2.63;2.62;2.69;2.65;2.68;2.69;0.0;2.69
113347;632484;2019-11-08;FRC;J22;;;0;0;0.0;;;0.0;0.0;0.0;0.0;0.0;2.69;0.0;0.0
113348;632485;2019-11-08;FRC;N22;;;12;3092;580136883.0;;;2.6;2.6;2.69;2.66;2.69;2.69;2.65;0.0
113349;632486;2019-11-08;FRC;V22;;;0;0;0.0;;;0.0;0.0;0.0;0.0;0.0;2.7;0.0;0.0
113350;632487;2019-11-08;FRC;F23;;;19;8881;1654992772.0;;;2.64;2.64;2.71;2.67;2.69;2.71;2.68;2.69
113351;632488;2019-11-08;FRC;J23;;;2;767;142539790.0;;;2.65;2.65;2.65;2.65;2.65;2.74;0.0;0.0
113352;632489;2019-11-08;FRC;N23;;;2;382;70642492.0;;;2.75;2.75;2.75;2.75;2.75;2.75;0.0;0.0
113353;632490;2019-11-08;FRC;V23;;;1;190;34997231.0;;;2.78;2.78;2.78;2.78;2.78;2.78;0.0;0.0
113354;632491;2019-11-08;FRC;F24;;;6;2845;522021064.0;;;2.82;2.8;2.82;2.81;2.8;2.82;0.0;0.0
113355;632492;2019-11-08;FRC;J24;;;0;0;0.0;;;0.0;0.0;0.0;0.0;0.0;2.84;0.0;0.0
113356;632493;2019-11-08;FRC;N24;;;7;2825;514354037.0;;;2.86;2.86;2.86;2.86;2.86;2.86;0.0;0.0
113357;632494;2019-11-08;FRC;V24;;;1;375;42959092.0;;;2.86;2.86;2.86;2.86;2.86;2.86;0.0;0.0
113358;632495;2019-11-08;FRC;F25;;;14;2617;472516841.0;;;2.92;2.92;2.93;2.92;2.92;2.92;0.0;2.95
113359;632496;2019-11-08;FRC;N25;;;0;0;0.0;;;0.0;0.0;0.0;0.0;0.0;2.98;0.0;0.0
113360;632497;2019-11-08;FRC;F26;;;2;184;32631749.0;;;3.07;3.07;3.07;3.07;3.07;3.05;3.05;0.0
113361;632498;2019-11-08;FRC;N26;;;0;0;0.0;;;0.0;0.0;0.0;0.0;0.0;3.11;0.0;0.0
113362;632499;2019-11-08;FRC;F27;;;0;0;0.0;;;0.0;0.0;0.0;0.0;0.0;3.2;3.2;0.0
113363;632500;2019-11-08;FRC;F28;;;3;714;121787316.0;;;3.37;3.37;3.38;3.37;3.38;3.37;0.0;0.0
113364;632501;2019-11-08;FRC;F29;;;0;0;0.0;;;0.0;0.0;0.0;0.0;0.0;3.5;0.0;0.0
113365;632502;2019-11-08;FRC;F30;;;0;0;0.0;;;0.0;0.0;0.0;0.0;0.0;3.57;0.0;0.0
113366;632503;2019-11-08;FRC;F31;;;0;0;0.0;;;0.0;0.0;0.0;0.0;0.0;3.63;0.0;0.0
113367;632667;2019-11-11;FRC;F20;;;27;63788;12295020253.0;;;2.7;2.7;2.71;2.7;2.71;2.71;0.0;2.73
113368;632668;2019-11-11;FRC;G20;;;25;8988;1730227370.0;;;2.79;2.74;2.79;2.76;2.76;2.76;0.0;0.0
113369;632669;2019-11-11;FRC;H20;;;6;1792;344647097.0;;;2.67;2.67;2.67;2.67;2.67;2.67;0.0;0.0
113370;632670;2019-11-11;FRC;J20;;;9;2985;573457232.0;;;2.67;2.67;2.67;2.67;2.67;2.67;0.0;0.0
113371;632671;2019-11-11;FRC;K20;;;9;8194;1572258115.0;;;2.7;2.65;2.7;2.67;2.68;2.68;2.67;0.0
113372;632672;2019-11-11;FRC;M20;;;7;3775;723561601.0;;;2.69;2.69;2.69;2.69;2.69;2.69;0.0;0.0
113373;632673;2019-11-11;FRC;N20;;;23;14819;2837120767.0;;;2.71;2.7;2.71;2.7;2.7;2.7;0.0;0.0
113374;632674;2019-11-11;FRC;Q20;;;6;2576;310050775.0;;;2.69;2.69;2.69;2.69;2.69;2.69;0.0;0.0
113375;632675;2019-11-11;FRC;U20;;;2;594;71426371.0;;;2.72;2.72;2.72;2.72;2.72;2.72;0.0;0.0
113376;632676;2019-11-11;FRC;V20;;;8;4985;951081236.0;;;2.71;2.7;2.72;2.71;2.72;2.72;0.0;2.72
113377;632677;2019-11-11;FRC;X20;;;0;0;0.0;;;0.0;0.0;0.0;0.0;0.0;2.72;0.0;0.0
113378;632678;2019-11-11;FRC;F21;;;10;3782;718991671.0;;;2.72;2.72;2.72;2.72;2.72;2.72;2.7;2.72
113379;632679;2019-11-11;FRC;J21;;;4;667;126394040.0;;;2.77;2.71;2.77;2.71;2.71;2.71;0.0;2.73
113380;632680;2019-11-11;FRC;N21;;;9;2352;444381997.0;;;2.72;2.67;2.72;2.67;2.67;2.67;0.0;2.68
113381;632681;2019-11-11;FRC;V21;;;1;39;7341804.0;;;2.7;2.7;2.7;2.7;2.7;2.66;0.0;2.67
113382;632682;2019-11-11;FRC;F22;;;6;4263;800014808.0;;;2.69;2.64;2.69;2.67;2.64;2.64;2.62;0.0
113383;632683;2019-11-11;FRC;J22;;;0;0;0.0;;;0.0;0.0;0.0;0.0;0.0;2.64;0.0;0.0
113384;632684;2019-11-11;FRC;N22;;;0;0;0.0;;;0.0;0.0;0.0;0.0;0.0;2.64;2.64;0.0
113385;632685;2019-11-11;FRC;V22;;;0;0;0.0;;;0.0;0.0;0.0;0.0;0.0;2.66;0.0;0.0
113386;632686;2019-11-11;FRC;F23;;;3;576;106693777.0;;;2.67;2.67;2.67;2.67;2.67;2.67;0.0;2.67
113387;632687;2019-11-11;FRC;J23;;;2;1915;353246159.0;;;2.73;2.73;2.73;2.73;2.73;2.7;0.0;2.7
113388;632688;2019-11-11;FRC;N23;;;0;0;0.0;;;0.0;0.0;0.0;0.0;0.0;2.71;0.0;0.0
113389;632689;2019-11-11;FRC;V23;;;0;0;0.0;;;0.0;0.0;0.0;0.0;0.0;2.73;0.0;0.0
113390;632690;2019-11-11;FRC;F24;;;2;209;38144476.0;;;2.82;2.77;2.82;2.77;2.77;2.77;0.0;0.0
113391;632691;2019-11-11;FRC;J24;;;0;0;0.0;;;0.0;0.0;0.0;0.0;0.0;2.79;0.0;0.0
113392;632692;2019-11-11;FRC;N24;;;0;0;0.0;;;0.0;0.0;0.0;0.0;0.0;2.82;0.0;0.0
113393;632693;2019-11-11;FRC;V24;;;0;0;0.0;;;0.0;0.0;0.0;0.0;0.0;2.82;0.0;0.0
113394;632694;2019-11-11;FRC;F25;;;0;0;0.0;;;0.0;0.0;0.0;0.0;0.0;2.88;0.0;0.0
113395;632695;2019-11-11;FRC;N25;;;3;2265;403116772.0;;;2.98;2.98;2.98;2.98;2.98;2.95;0.0;0.0
113396;632696;2019-11-11;FRC;F26;;;7;2927;516349889.0;;;3.05;3.02;3.05;3.04;3.02;3.02;0.0;0.0
113397;632697;2019-11-11;FRC;N26;;;0;0;0.0;;;0.0;0.0;0.0;0.0;0.0;3.08;0.0;0.0
113398;632698;2019-11-11;FRC;F27;;;2;1812;313470259.0;;;3.21;3.21;3.21;3.21;3.21;3.16;0.0;0.0
113399;632699;2019-11-11;FRC;F28;;;4;1963;332964987.0;;;3.36;3.33;3.36;3.35;3.33;3.33;0.0;0.0
113400;632700;2019-11-11;FRC;F29;;;0;0;0.0;;;0.0;0.0;0.0;0.0;0.0;3.46;0.0;0.0
113401;632701;2019-11-11;FRC;F30;;;0;0;0.0;;;0.0;0.0;0.0;0.0;0.0;3.53;0.0;0.0
113402;632702;2019-11-11;FRC;F31;;;0;0;0.0;;;0.0;0.0;0.0;0.0;0.0;3.59;0.0;0.0
113403;632866;2019-11-12;FRC;F20;;;31;39053;7533338081.0;;;2.7;2.7;2.72;2.71;2.72;2.72;0.0;2.75
113404;632867;2019-11-12;FRC;G20;;;21;16805;3237486103.0;;;2.8;2.77;2.8;2.79;2.8;2.8;0.0;0.0
113405;632868;2019-11-12;FRC;H20;;;7;10783;2075378984.0;;;2.71;2.71;2.8;2.71;2.71;2.71;0.0;0.0
113406;632869;2019-11-12;FRC;J20;;;2;318;61133075.0;;;2.73;2.73;2.73;2.73;2.73;2.71;2.71;0.0
113407;632870;2019-11-12;FRC;K20;;;12;9168;1760312546.0;;;2.68;2.68;2.73;2.72;2.73;2.73;0.0;0.0
113408;632871;2019-11-12;FRC;M20;;;5;1193;228823130.0;;;2.73;2.73;2.73;2.73;2.73;2.73;0.0;0.0
113409;632872;2019-11-12;FRC;N20;;;15;10712;2052277438.0;;;2.73;2.73;2.73;2.73;2.73;2.73;2.71;2.73
113410;632873;2019-11-12;FRC;Q20;;;4;792;95390896.0;;;2.74;2.74;2.74;2.74;2.74;2.74;0.0;2.74
113411;632874;2019-11-12;FRC;U20;;;3;1980;238377296.0;;;2.72;2.72;2.73;2.72;2.73;2.73;0.0;0.0
113412;632875;2019-11-12;FRC;V20;;;15;7199;1374491149.0;;;2.7;2.7;2.73;2.72;2.73;2.73;0.0;2.73
113413;632876;2019-11-12;FRC;X20;;;0;0;0.0;;;0.0;0.0;0.0;0.0;0.0;2.71;0.0;0.0
113414;632877;2019-11-12;FRC;F21;;;46;17622;3353499696.0;;;2.69;2.68;2.71;2.68;2.68;2.68;0.0;0.0
113415;632878;2019-11-12;FRC;J21;;;13;3521;667971320.0;;;2.7;2.67;2.7;2.67;2.67;2.67;0.0;0.0
113416;632879;2019-11-12;FRC;N21;;;3;784;148293837.0;;;2.63;2.63;2.63;2.63;2.63;2.63;0.0;0.0
113417;632880;2019-11-12;FRC;V21;;;2;429;80869623.0;;;2.66;2.62;2.66;2.63;2.62;2.62;0.0;0.0
113418;632881;2019-11-12;FRC;F22;;;13;2866;538653818.0;;;2.61;2.61;2.61;2.61;2.61;2.61;0.0;0.0
113419;632882;2019-11-12;FRC;J22;;;0;0;0.0;;;0.0;0.0;0.0;0.0;0.0;2.61;0.0;0.0
113420;632883;2019-11-12;FRC;N22;;;0;0;0.0;;;0.0;0.0;0.0;0.0;0.0;2.61;2.6;0.0
113421;632884;2019-11-12;FRC;V22;;;0;0;0.0;;;0.0;0.0;0.0;0.0;0.0;2.63;0.0;0.0
113422;632885;2019-11-12;FRC;F23;;;13;8037;1490266489.0;;;2.67;2.64;2.67;2.65;2.64;2.64;0.0;0.0
113423;632886;2019-11-12;FRC;J23;;;0;0;0.0;;;0.0;0.0;0.0;0.0;0.0;2.68;0.0;0.0
113424;632887;2019-11-12;FRC;N23;;;0;0;0.0;;;0.0;0.0;0.0;0.0;0.0;2.69;0.0;0.0
113425;632888;2019-11-12;FRC;V23;;;0;0;0.0;;;0.0;0.0;0.0;0.0;0.0;2.71;0.0;0.0
113426;632889;2019-11-12;FRC;F24;;;5;4364;797083449.0;;;2.77;2.77;2.78;2.77;2.77;2.74;0.0;0.0
113427;632890;2019-11-12;FRC;J24;;;0;0;0.0;;;0.0;0.0;0.0;0.0;0.0;2.76;0.0;0.0
113428;632891;2019-11-12;FRC;N24;;;0;0;0.0;;;0.0;0.0;0.0;0.0;0.0;2.79;0.0;0.0
113429;632892;2019-11-12;FRC;V24;;;0;0;0.0;;;0.0;0.0;0.0;0.0;0.0;2.8;0.0;0.0
113430;632893;2019-11-12;FRC;F25;;;5;935;168162677.0;;;2.86;2.86;2.86;2.86;2.86;2.86;0.0;0.0
113431;632894;2019-11-12;FRC;N25;;;0;0;0.0;;;0.0;0.0;0.0;0.0;0.0;2.93;0.0;0.0
113432;632895;2019-11-12;FRC;F26;;;4;2468;436049766.0;;;3.03;2.99;3.03;3.01;2.99;2.99;0.0;0.0
113433;632896;2019-11-12;FRC;N26;;;0;0;0.0;;;0.0;0.0;0.0;0.0;0.0;3.05;0.0;0.0
113434;632897;2019-11-12;FRC;F27;;;2;908;157617116.0;;;3.13;3.13;3.13;3.13;3.13;3.13;0.0;0.0
113435;632898;2019-11-12;FRC;F28;;;3;1250;212440300.0;;;3.33;3.32;3.33;3.32;3.32;3.3;0.0;0.0
113436;632899;2019-11-12;FRC;F29;;;2;634;105741378.0;;;3.43;3.43;3.43;3.43;3.43;3.43;0.0;0.0
113437;632900;2019-11-12;FRC;F30;;;0;0;0.0;;;0.0;0.0;0.0;0.0;0.0;3.5;0.0;0.0
113438;632901;2019-11-12;FRC;F31;;;0;0;0.0;;;0.0;0.0;0.0;0.0;0.0;3.56;0.0;0.0
113439;633066;2019-11-13;FRC;F20;;;16;36777;7095209889.0;;;2.72;2.72;2.73;2.72;2.73;2.73;0.0;0.0
113440;633067;2019-11-13;FRC;G20;;;8;18355;3536541017.0;;;2.81;2.81;2.81;2.81;2.81;2.81;0.0;0.0
113441;633068;2019-11-13;FRC;H20;;;5;4384;843868396.0;;;2.73;2.73;2.73;2.73;2.73;2.73;0.0;0.0
113442;633069;2019-11-13;FRC;J20;;;7;4777;918440853.0;;;2.75;2.75;2.75;2.75;2.75;2.75;0.0;0.0
113443;633070;2019-11-13;FRC;K20;;;9;3562;684008808.0;;;2.73;2.7;2.74;2.73;2.74;2.74;2.73;0.0
113444;633071;2019-11-13;FRC;M20;;;11;8840;1695773677.0;;;2.73;2.72;2.74;2.73;2.72;2.74;0.0;0.0
113445;633072;2019-11-13;FRC;N20;;;13;8135;1558874358.0;;;2.71;2.71;2.71;2.71;2.71;2.71;2.68;0.0
113446;633073;2019-11-13;FRC;Q20;;;0;0;0.0;;;0.0;0.0;0.0;0.0;0.0;2.71;0.0;0.0
113447;633074;2019-11-13;FRC;U20;;;5;2178;262275854.0;;;2.69;2.69;2.69;2.69;2.69;2.69;0.0;0.0
113448;633075;2019-11-13;FRC;V20;;;7;3165;604476742.0;;;2.69;2.69;2.69;2.69;2.69;2.69;0.0;0.0
113449;633076;2019-11-13;FRC;X20;;;0;0;0.0;;;0.0;0.0;0.0;0.0;0.0;2.67;0.0;0.0
113450;633077;2019-11-13;FRC;F21;;;3;512;97473686.0;;;2.66;2.63;2.66;2.63;2.63;2.63;0.0;0.0
113451;633078;2019-11-13;FRC;J21;;;3;591;112169167.0;;;2.65;2.61;2.65;2.63;2.61;2.61;0.0;0.0
113452;633079;2019-11-13;FRC;N21;;;0;0;0.0;;;0.0;0.0;0.0;0.0;0.0;2.57;0.0;0.0
113453;633080;2019-11-13;FRC;V21;;;3;821;154862850.0;;;2.59;2.59;2.59;2.59;2.59;2.57;0.0;0.0
113454;633081;2019-11-13;FRC;F22;;;8;1384;260284054.0;;;2.58;2.56;2.58;2.56;2.56;2.56;0.0;0.0
113455;633082;2019-11-13;FRC;J22;;;0;0;0.0;;;0.0;0.0;0.0;0.0;0.0;2.56;0.0;2.55
113456;633083;2019-11-13;FRC;N22;;;1;97;18131000.0;;;2.56;2.56;2.56;2.56;2.56;2.56;0.0;2.56
113457;633084;2019-11-13;FRC;V22;;;3;579;107839149.0;;;2.58;2.58;2.58;2.58;2.58;2.58;0.0;2.58
113458;633085;2019-11-13;FRC;F23;;;9;2114;392395057.0;;;2.6;2.59;2.6;2.59;2.59;2.59;0.0;0.0
113459;633086;2019-11-13;FRC;J23;;;1;192;35509832.0;;;2.63;2.63;2.63;2.63;2.63;2.63;0.0;2.63
113460;633087;2019-11-13;FRC;N23;;;0;0;0.0;;;0.0;0.0;0.0;0.0;0.0;2.64;0.0;0.0
113461;633088;2019-11-13;FRC;V23;;;0;0;0.0;;;0.0;0.0;0.0;0.0;0.0;2.67;0.0;0.0
113462;633089;2019-11-13;FRC;F24;;;4;760;139030934.0;;;2.7;2.7;2.7;2.7;2.7;2.7;0.0;2.72
113463;633090;2019-11-13;FRC;J24;;;0;0;0.0;;;0.0;0.0;0.0;0.0;0.0;2.72;0.0;0.0
113464;633091;2019-11-13;FRC;N24;;;0;0;0.0;;;0.0;0.0;0.0;0.0;0.0;2.75;0.0;0.0
113465;633092;2019-11-13;FRC;V24;;;0;0;0.0;;;0.0;0.0;0.0;0.0;0.0;2.76;0.0;0.0
113466;633093;2019-11-13;FRC;F25;;;4;2247;404591862.0;;;2.82;2.82;2.82;2.82;2.82;2.82;0.0;0.0
113467;633094;2019-11-13;FRC;N25;;;0;0;0.0;;;0.0;0.0;0.0;0.0;0.0;2.89;0.0;0.0
113468;633095;2019-11-13;FRC;F26;;;8;3153;557602417.0;;;2.99;2.94;2.99;2.98;2.94;2.94;0.0;0.0
113469;633096;2019-11-13;FRC;N26;;;0;0;0.0;;;0.0;0.0;0.0;0.0;0.0;3.0;0.0;0.0
113470;633097;2019-11-13;FRC;F27;;;4;1272;221072459.0;;;3.13;3.09;3.13;3.09;3.09;3.09;0.0;0.0
113471;633098;2019-11-13;FRC;F28;;;7;2413;410541633.0;;;3.3;3.27;3.3;3.29;3.27;3.26;0.0;0.0
113472;633099;2019-11-13;FRC;F29;;;1;176;29386135.0;;;3.4;3.4;3.4;3.4;3.4;3.4;0.0;0.0
113473;633100;2019-11-13;FRC;F30;;;0;0;0.0;;;0.0;0.0;0.0;0.0;0.0;3.47;0.0;0.0
113474;633101;2019-11-13;FRC;F31;;;0;0;0.0;;;0.0;0.0;0.0;0.0;0.0;3.53;0.0;0.0
113475;633266;2019-11-14;FRC;F20;;;38;74935;14464422378.0;;;2.73;2.72;2.73;2.72;2.72;2.72;2.7;2.74
113476;633267;2019-11-14;FRC;G20;;;23;30629;5904500695.0;;;2.81;2.79;2.82;2.8;2.82;2.82;0.0;2.82
113477;633268;2019-11-14;FRC;H20;;;9;17342;3339964574.0;;;2.7;2.7;2.71;2.7;2.71;2.71;2.71;2.74
113478;633269;2019-11-14;FRC;J20;;;14;9751;1875831893.0;;;2.72;2.72;2.72;2.72;2.72;2.72;0.0;0.0
113479;633270;2019-11-14;FRC;K20;;;14;4637;890938505.0;;;2.75;2.72;2.75;2.72;2.72;2.72;0.0;2.72
113480;633271;2019-11-14;FRC;M20;;;2;398;76393033.0;;;2.71;2.71;2.71;2.71;2.71;2.71;0.0;2.71
113481;633272;2019-11-14;FRC;N20;;;19;10156;1947317704.0;;;2.71;2.68;2.71;2.68;2.68;2.68;0.0;2.68
113482;633273;2019-11-14;FRC;Q20;;;0;0;0.0;;;0.0;0.0;0.0;0.0;0.0;2.67;0.0;0.0
113483;633274;2019-11-14;FRC;U20;;;2;792;95454844.0;;;2.64;2.64;2.64;2.64;2.64;2.64;0.0;0.0
113484;633275;2019-11-14;FRC;V20;;;6;3858;737396205.0;;;2.7;2.62;2.7;2.63;2.62;2.62;0.0;0.0
113485;633276;2019-11-14;FRC;X20;;;5;1088;130942415.0;;;2.63;2.6;2.63;2.61;2.6;2.6;0.0;0.0
113486;633277;2019-11-14;FRC;F21;;;29;17015;3241663398.0;;;2.63;2.56;2.63;2.59;2.56;2.56;0.0;0.0
113487;633278;2019-11-14;FRC;J21;;;2;217;41229798.0;;;2.6;2.55;2.6;2.55;2.55;2.55;0.0;0.0
113488;633279;2019-11-14;FRC;N21;;;8;6861;1299259878.0;;;2.57;2.51;2.57;2.56;2.51;2.51;0.0;2.51
113489;633280;2019-11-14;FRC;V21;;;2;392;74045240.0;;;2.5;2.5;2.5;2.5;2.5;2.5;0.0;2.5
113490;633281;2019-11-14;FRC;F22;;;6;2145;403829757.0;;;2.53;2.49;2.53;2.5;2.49;2.49;0.0;2.49
113491;633282;2019-11-14;FRC;J22;;;0;0;0.0;;;0.0;0.0;0.0;0.0;0.0;2.49;0.0;0.0
113492;633283;2019-11-14;FRC;N22;;;0;0;0.0;;;0.0;0.0;0.0;0.0;0.0;2.49;0.0;2.5
113493;633284;2019-11-14;FRC;V22;;;1;193;35999101.0;;;2.51;2.51;2.51;2.51;2.51;2.51;0.0;0.0
113494;633285;2019-11-14;FRC;F23;;;2;2120;394188208.0;;;2.52;2.52;2.52;2.52;2.52;2.52;0.0;0.0
113495;633286;2019-11-14;FRC;J23;;;3;576;106718442.0;;;2.55;2.55;2.55;2.55;2.55;2.55;0.0;0.0
113496;633287;2019-11-14;FRC;N23;;;1;191;35262688.0;;;2.57;2.57;2.57;2.57;2.57;2.57;0.0;0.0
113497;633288;2019-11-14;FRC;V23;;;0;0;0.0;;;0.0;0.0;0.0;0.0;0.0;2.6;0.0;0.0
113498;633289;2019-11-14;FRC;F24;;;0;0;0.0;;;0.0;0.0;0.0;0.0;0.0;2.62;0.0;0.0
113499;633290;2019-11-14;FRC;J24;;;0;0;0.0;;;0.0;0.0;0.0;0.0;0.0;2.64;0.0;0.0
113500;633291;2019-11-14;FRC;N24;;;1;189;34394401.0;;;2.67;2.67;2.67;2.67;2.67;2.67;0.0;0.0
113501;633292;2019-11-14;FRC;V24;;;0;0;0.0;;;0.0;0.0;0.0;0.0;0.0;2.68;0.0;0.0
113502;633293;2019-11-14;FRC;F25;;;5;808;145864231.0;;;2.74;2.74;2.74;2.74;2.74;2.74;0.0;0.0
113503;633294;2019-11-14;FRC;N25;;;0;0;0.0;;;0.0;0.0;0.0;0.0;0.0;2.81;0.0;0.0
113504;633295;2019-11-14;FRC;F26;;;2;370;65706678.0;;;2.86;2.86;2.86;2.86;2.86;2.86;0.0;0.0
113505;633296;2019-11-14;FRC;N26;;;0;0;0.0;;;0.0;0.0;0.0;0.0;0.0;2.92;0.0;0.0
113506;633297;2019-11-14;FRC;F27;;;0;0;0.0;;;0.0;0.0;0.0;0.0;0.0;3.01;0.0;0.0
113507;633298;2019-11-14;FRC;F28;;;0;0;0.0;;;0.0;0.0;0.0;0.0;0.0;3.18;0.0;0.0
113508;633299;2019-11-14;FRC;F29;;;0;0;0.0;;;0.0;0.0;0.0;0.0;0.0;3.32;0.0;0.0
113509;633300;2019-11-14;FRC;F30;;;0;0;0.0;;;0.0;0.0;0.0;0.0;0.0;3.39;0.0;0.0
113510;633301;2019-11-14;FRC;F31;;;0;0;0.0;;;0.0;0.0;0.0;0.0;0.0;3.45;0.0;0.0
113511;633477;2019-11-18;FRC;F20;;;33;96290;18592339020.0;;;2.71;2.71;2.71;2.71;2.71;2.71;0.0;0.0
113512;633478;2019-11-18;FRC;G20;;;11;15762;3039532909.0;;;2.81;2.78;2.81;2.78;2.78;2.78;2.78;0.0
113513;633479;2019-11-18;FRC;H20;;;8;1992;383774848.0;;;2.68;2.68;2.69;2.68;2.69;2.69;2.69;0.0
113514;633480;2019-11-18;FRC;J20;;;10;5175;995875360.0;;;2.7;2.7;2.7;2.7;2.7;2.7;2.71;2.74
113515;633481;2019-11-18;FRC;K20;;;4;1790;344044688.0;;;2.7;2.7;2.7;2.7;2.7;2.7;2.71;2.72
113516;633482;2019-11-18;FRC;M20;;;2;198;38012529.0;;;2.73;2.73;2.73;2.73;2.73;2.69;2.69;0.0
113517;633483;2019-11-18;FRC;N20;;;19;7936;1522219557.0;;;2.7;2.66;2.7;2.66;2.66;2.66;2.66;0.0
113518;633484;2019-11-18;FRC;Q20;;;0;0;0.0;;;0.0;0.0;0.0;0.0;0.0;2.66;2.64;0.0
113519;633485;2019-11-18;FRC;U20;;;0;0;0.0;;;0.0;0.0;0.0;0.0;0.0;2.63;2.6;0.0
113520;633486;2019-11-18;FRC;V20;;;10;2573;491966379.0;;;2.62;2.62;2.62;2.62;2.62;2.62;2.6;0.0
113521;633487;2019-11-18;FRC;X20;;;3;1185;142530009.0;;;2.58;2.58;2.58;2.58;2.58;2.58;0.0;0.0
113522;633488;2019-11-18;FRC;F21;;;10;4163;793670025.0;;;2.56;2.53;2.56;2.53;2.53;2.53;2.54;2.56
113523;633489;2019-11-18;FRC;J21;;;1;197;37448514.0;;;2.52;2.52;2.52;2.52;2.52;2.52;2.52;0.0
113524;633490;2019-11-18;FRC;N21;;;6;2747;520714656.0;;;2.48;2.48;2.48;2.48;2.48;2.48;2.48;0.0
113525;633491;2019-11-18;FRC;V21;;;11;2156;407437104.0;;;2.48;2.48;2.49;2.48;2.49;2.48;0.0;0.0
113526;633492;2019-11-18;FRC;F22;;;11;2730;514262046.0;;;2.48;2.48;2.48;2.48;2.48;2.48;2.47;0.0
113527;633493;2019-11-18;FRC;J22;;;0;0;0.0;;;0.0;0.0;0.0;0.0;0.0;2.48;0.0;0.0
113528;633494;2019-11-18;FRC;N22;;;0;0;0.0;;;0.0;0.0;0.0;0.0;0.0;2.48;0.0;0.0
113529;633495;2019-11-18;FRC;V22;;;3;579;108043000.0;;;2.5;2.5;2.5;2.5;2.5;2.5;0.0;0.0
113530;633496;2019-11-18;FRC;F23;;;10;2120;394301334.0;;;2.52;2.52;2.52;2.52;2.52;2.52;0.0;0.0
113531;633497;2019-11-18;FRC;J23;;;0;0;0.0;;;0.0;0.0;0.0;0.0;0.0;2.55;0.0;2.55
113532;633498;2019-11-18;FRC;N23;;;0;0;0.0;;;0.0;0.0;0.0;0.0;0.0;2.57;0.0;0.0
113533;633499;2019-11-18;FRC;V23;;;0;0;0.0;;;0.0;0.0;0.0;0.0;0.0;2.61;0.0;2.61
113534;633500;2019-11-18;FRC;F24;;;1;190;34831526.0;;;2.63;2.63;2.63;2.63;2.63;2.63;0.0;0.0
113535;633501;2019-11-18;FRC;J24;;;0;0;0.0;;;0.0;0.0;0.0;0.0;0.0;2.66;0.0;0.0
113536;633502;2019-11-18;FRC;N24;;;0;0;0.0;;;0.0;0.0;0.0;0.0;0.0;2.7;0.0;2.7
113537;633503;2019-11-18;FRC;V24;;;0;0;0.0;;;0.0;0.0;0.0;0.0;0.0;2.72;0.0;2.72
113538;633504;2019-11-18;FRC;F25;;;5;940;169748899.0;;;2.74;2.74;2.74;2.74;2.74;2.74;0.0;0.0
113539;633505;2019-11-18;FRC;N25;;;0;0;0.0;;;0.0;0.0;0.0;0.0;0.0;2.81;0.0;0.0
113540;633506;2019-11-18;FRC;F26;;;3;555;98588819.0;;;2.86;2.86;2.86;2.86;2.86;2.86;0.0;0.0
113541;633507;2019-11-18;FRC;N26;;;0;0;0.0;;;0.0;0.0;0.0;0.0;0.0;2.92;0.0;0.0
113542;633508;2019-11-18;FRC;F27;;;1;182;31733696.0;;;3.02;3.02;3.02;3.02;3.02;3.02;0.0;0.0
113543;633509;2019-11-18;FRC;F28;;;0;0;0.0;;;0.0;0.0;0.0;0.0;0.0;3.22;0.0;0.0
113544;633510;2019-11-18;FRC;F29;;;1;176;29420468.0;;;3.39;3.39;3.39;3.39;3.39;3.39;0.0;0.0
113545;633511;2019-11-18;FRC;F30;;;0;0;0.0;;;0.0;0.0;0.0;0.0;0.0;3.46;0.0;0.0
113546;633512;2019-11-18;FRC;F31;;;0;0;0.0;;;0.0;0.0;0.0;0.0;0.0;3.52;0.0;0.0
113547;633683;2019-11-19;FRC;F20;;;77;181699;35095427744.0;;;2.71;2.63;2.71;2.64;2.63;2.63;0.0;0.0
113548;633684;2019-11-19;FRC;G20;;;20;36114;6966705536.0;;;2.76;2.71;2.76;2.72;2.71;2.71;0.0;0.0
113549;633685;2019-11-19;FRC;H20;;;23;13755;2650888372.0;;;2.66;2.64;2.67;2.66;2.67;2.67;2.67;0.0
113550;633686;2019-11-19;FRC;J20;;;23;18638;3588013204.0;;;2.7;2.63;2.7;2.66;2.65;2.65;2.65;0.0
113551;633687;2019-11-19;FRC;K20;;;18;13364;2569509123.0;;;2.7;2.66;2.7;2.67;2.66;2.66;2.65;0.0
113552;633688;2019-11-19;FRC;M20;;;12;4789;919875436.0;;;2.66;2.66;2.66;2.66;2.66;2.66;2.66;0.0
113553;633689;2019-11-19;FRC;N20;;;16;7004;1343957985.0;;;2.65;2.63;2.65;2.63;2.63;2.63;2.63;0.0
113554;633690;2019-11-19;FRC;Q20;;;5;1387;167435505.0;;;2.65;2.63;2.65;2.63;2.63;2.63;2.62;0.0
113555;633691;2019-11-19;FRC;U20;;;6;2178;262710973.0;;;2.64;2.59;2.64;2.59;2.59;2.59;0.0;0.0
113556;633692;2019-11-19;FRC;V20;;;4;1049;200657653.0;;;2.59;2.58;2.59;2.58;2.58;2.59;2.58;0.0
113557;633693;2019-11-19;FRC;X20;;;5;970;116888752.0;;;2.59;2.55;2.59;2.56;2.55;2.55;2.55;0.0
113558;633694;2019-11-19;FRC;F21;;;34;7758;1479531035.0;;;2.53;2.52;2.53;2.52;2.53;2.52;2.53;2.54
113559;633695;2019-11-19;FRC;J21;;;7;1103;209743232.0;;;2.53;2.51;2.53;2.51;2.51;2.51;0.0;0.0
113560;633696;2019-11-19;FRC;N21;;;4;980;185830752.0;;;2.47;2.47;2.47;2.47;2.47;2.47;0.0;0.0
113561;633697;2019-11-19;FRC;V21;;;5;647;122309855.0;;;2.5;2.47;2.57;2.47;2.47;2.47;0.0;2.47
113562;633698;2019-11-19;FRC;F22;;;13;6572;1238485460.0;;;2.47;2.47;2.47;2.47;2.47;2.47;0.0;0.0
113563;633699;2019-11-19;FRC;J22;;;0;0;0.0;;;0.0;0.0;0.0;0.0;0.0;2.47;0.0;0.0
113564;633700;2019-11-19;FRC;N22;;;0;0;0.0;;;0.0;0.0;0.0;0.0;0.0;2.47;0.0;2.45
113565;633701;2019-11-19;FRC;V22;;;0;0;0.0;;;0.0;0.0;0.0;0.0;0.0;2.49;0.0;0.0
113566;633702;2019-11-19;FRC;F23;;;7;1351;251398503.0;;;2.51;2.51;2.51;2.51;2.51;2.51;0.0;0.0
113567;633703;2019-11-19;FRC;J23;;;2;384;71197951.0;;;2.54;2.54;2.54;2.54;2.54;2.54;2.56;0.0
113568;633704;2019-11-19;FRC;N23;;;1;38;7021428.0;;;2.54;2.54;2.54;2.54;2.54;2.56;0.0;0.0
113569;633705;2019-11-19;FRC;V23;;;3;573;105480394.0;;;2.6;2.6;2.6;2.6;2.6;2.6;0.0;0.0
113570;633706;2019-11-19;FRC;F24;;;2;380;69657107.0;;;2.65;2.65;2.65;2.65;2.65;2.65;0.0;0.0
113571;633707;2019-11-19;FRC;J24;;;0;0;0.0;;;0.0;0.0;0.0;0.0;0.0;2.68;0.0;0.0
113572;633708;2019-11-19;FRC;N24;;;0;0;0.0;;;0.0;0.0;0.0;0.0;0.0;2.72;0.0;0.0
113573;633709;2019-11-19;FRC;V24;;;3;564;64353396.0;;;2.74;2.74;2.74;2.74;2.74;2.74;0.0;0.0
113574;633710;2019-11-19;FRC;F25;;;10;1722;310750989.0;;;2.73;2.73;2.77;2.76;2.77;2.77;0.0;0.0
113575;633711;2019-11-19;FRC;N25;;;0;0;0.0;;;0.0;0.0;0.0;0.0;0.0;2.84;0.0;0.0
113576;633712;2019-11-19;FRC;F26;;;3;315;55968932.0;;;2.85;2.85;2.88;2.86;2.88;2.88;0.0;0.0
113577;633713;2019-11-19;FRC;N26;;;0;0;0.0;;;0.0;0.0;0.0;0.0;0.0;2.92;2.92;0.0
113578;633714;2019-11-19;FRC;F27;;;5;546;95228916.0;;;3.02;3.02;3.02;3.02;3.02;3.0;0.0;0.0
113579;633715;2019-11-19;FRC;F28;;;2;358;61165035.0;;;3.21;3.21;3.21;3.21;3.21;3.21;0.0;3.22
113580;633716;2019-11-19;FRC;F29;;;2;352;58878952.0;;;3.38;3.38;3.38;3.38;3.38;3.38;0.0;0.0
113581;633717;2019-11-19;FRC;F30;;;0;0;0.0;;;0.0;0.0;0.0;0.0;0.0;3.45;0.0;0.0
113582;633718;2019-11-19;FRC;F31;;;0;0;0.0;;;0.0;0.0;0.0;0.0;0.0;3.51;0.0;0.0
113583;633898;2019-11-21;FRC;F20;;;91;276725;53394735085.0;;;2.63;2.56;2.63;2.58;2.59;2.59;0.0;2.6
113584;633899;2019-11-21;FRC;G20;;;22;58542;11281809093.0;;;2.68;2.67;2.69;2.67;2.68;2.68;0.0;2.68
113585;633900;2019-11-21;FRC;H20;;;25;16562;3188516814.0;;;2.67;2.63;2.67;2.65;2.65;2.65;0.0;2.68
113586;633901;2019-11-21;FRC;J20;;;23;13816;2657033159.0;;;2.6;2.6;2.64;2.63;2.64;2.64;0.0;0.0
113587;633902;2019-11-21;FRC;K20;;;6;3479;668264228.0;;;2.61;2.61;2.65;2.63;2.65;2.64;0.0;0.0
113588;633903;2019-11-21;FRC;M20;;;7;3635;697509378.0;;;2.61;2.61;2.64;2.63;2.64;2.64;2.65;0.0
113589;633904;2019-11-21;FRC;N20;;;22;7198;1379779476.0;;;2.61;2.61;2.62;2.61;2.62;2.62;0.0;0.0
113590;633905;2019-11-21;FRC;Q20;;;5;2379;286783748.0;;;2.58;2.58;2.61;2.6;2.61;2.61;2.6;2.62
113591;633906;2019-11-21;FRC;U20;;;0;0;0.0;;;0.0;0.0;0.0;0.0;0.0;2.57;2.58;0.0
113592;633907;2019-11-21;FRC;V20;;;11;3901;745471201.0;;;2.57;2.57;2.57;2.57;2.57;2.57;2.55;2.57
113593;633908;2019-11-21;FRC;X20;;;7;1208;145348910.0;;;2.54;2.54;2.54;2.54;2.54;2.54;2.54;0.0
113594;633909;2019-11-21;FRC;F21;;;30;31762;6051290481.0;;;2.52;2.51;2.53;2.51;2.51;2.51;2.52;2.54
113595;633910;2019-11-21;FRC;J21;;;17;5349;1015920969.0;;;2.53;2.53;2.53;2.53;2.53;2.53;2.51;2.53
113596;633911;2019-11-21;FRC;N21;;;8;2882;545869493.0;;;2.48;2.48;2.48;2.48;2.48;2.48;0.0;0.0
113597;633912;2019-11-21;FRC;V21;;;4;784;148044174.0;;;2.48;2.48;2.48;2.48;2.48;2.48;0.0;2.48
113598;633913;2019-11-21;FRC;F22;;;7;1950;367042993.0;;;2.48;2.48;2.48;2.48;2.48;2.48;0.0;2.48
113599;633914;2019-11-21;FRC;J22;;;0;0;0.0;;;0.0;0.0;0.0;0.0;0.0;2.48;0.0;0.0
113600;633915;2019-11-21;FRC;N22;;;0;0;0.0;;;0.0;0.0;0.0;0.0;0.0;2.48;0.0;0.0
113601;633916;2019-11-21;FRC;V22;;;0;0;0.0;;;0.0;0.0;0.0;0.0;0.0;2.49;0.0;0.0
113602;633917;2019-11-21;FRC;F23;;;10;3933;731004028.0;;;2.52;2.51;2.52;2.51;2.52;2.51;2.51;0.0
113603;633918;2019-11-21;FRC;J23;;;0;0;0.0;;;0.0;0.0;0.0;0.0;0.0;2.54;2.55;0.0
113604;633919;2019-11-21;FRC;N23;;;0;0;0.0;;;0.0;0.0;0.0;0.0;0.0;2.56;0.0;2.56
113605;633920;2019-11-21;FRC;V23;;;0;0;0.0;;;0.0;0.0;0.0;0.0;0.0;2.6;0.0;0.0
113606;633921;2019-11-21;FRC;F24;;;4;950;173956373.0;;;2.65;2.65;2.65;2.65;2.65;2.65;0.0;0.0
113607;633922;2019-11-21;FRC;J24;;;2;190;34667596.0;;;2.68;2.68;2.68;2.68;2.68;2.68;0.0;0.0
113608;633923;2019-11-21;FRC;N24;;;0;0;0.0;;;0.0;0.0;0.0;0.0;0.0;2.72;0.0;0.0
113609;633924;2019-11-21;FRC;V24;;;0;0;0.0;;;0.0;0.0;0.0;0.0;0.0;2.74;0.0;0.0
113610;633925;2019-11-21;FRC;F25;;;6;1686;303911556.0;;;2.77;2.77;2.78;2.77;2.78;2.78;0.0;2.8
113611;633926;2019-11-21;FRC;N25;;;0;0;0.0;;;0.0;0.0;0.0;0.0;0.0;2.85;0.0;0.0
113612;633927;2019-11-21;FRC;F26;;;0;0;0.0;;;0.0;0.0;0.0;0.0;0.0;2.88;0.0;2.9
113613;633928;2019-11-21;FRC;N26;;;0;0;0.0;;;0.0;0.0;0.0;0.0;0.0;2.92;2.92;0.0
113614;633929;2019-11-21;FRC;F27;;;2;182;31718504.0;;;3.01;3.01;3.01;3.01;3.01;3.02;0.0;0.0
113615;633930;2019-11-21;FRC;F28;;;0;0;0.0;;;0.0;0.0;0.0;0.0;0.0;3.19;0.0;0.0
113616;633931;2019-11-21;FRC;F29;;;1;176;29439338.0;;;3.35;3.35;3.35;3.35;3.35;3.35;0.0;0.0
113617;633932;2019-11-21;FRC;F30;;;0;0;0.0;;;0.0;0.0;0.0;0.0;0.0;3.42;0.0;0.0
113618;633933;2019-11-21;FRC;F31;;;0;0;0.0;;;0.0;0.0;0.0;0.0;0.0;3.48;0.0;0.0
113619;634102;2019-11-22;FRC;F20;;;80;160344;30878772933.0;;;2.59;2.58;2.62;2.61;2.62;2.62;0.0;0.0
113620;634103;2019-11-22;FRC;G20;;;11;10977;2111359471.0;;;2.67;2.67;2.67;2.67;2.67;2.67;2.68;0.0
113621;634104;2019-11-22;FRC;H20;;;1;997;191574032.0;;;2.65;2.65;2.65;2.65;2.65;2.66;2.66;0.0
113622;634105;2019-11-22;FRC;J20;;;12;10352;1986975037.0;;;2.64;2.64;2.66;2.64;2.66;2.66;2.66;0.0
113623;634106;2019-11-22;FRC;K20;;;2;1193;228707012.0;;;2.65;2.65;2.65;2.65;2.65;2.65;2.65;0.0
113624;634107;2019-11-22;FRC;M20;;;0;0;0.0;;;0.0;0.0;0.0;0.0;0.0;2.65;0.0;0.0
113625;634108;2019-11-22;FRC;N20;;;16;3566;682216287.0;;;2.63;2.63;2.63;2.63;2.63;2.63;2.63;0.0
113626;634109;2019-11-22;FRC;Q20;;;4;2973;357203815.0;;;2.64;2.64;2.64;2.64;2.64;2.64;0.0;0.0
113627;634110;2019-11-22;FRC;U20;;;0;0;0.0;;;0.0;0.0;0.0;0.0;0.0;2.59;2.59;0.0
113628;634111;2019-11-22;FRC;V20;;;2;258;49209051.0;;;2.57;2.57;2.57;2.57;2.57;2.59;2.58;0.0
113629;634112;2019-11-22;FRC;X20;;;9;3758;450422319.0;;;2.54;2.54;2.55;2.54;2.55;2.55;0.0;0.0
113630;634113;2019-11-22;FRC;F21;;;19;5703;1084387274.0;;;2.51;2.51;2.53;2.52;2.53;2.52;2.53;2.54
113631;634114;2019-11-22;FRC;J21;;;4;1376;260816868.0;;;2.54;2.54;2.54;2.54;2.54;2.54;2.54;0.0
113632;634115;2019-11-22;FRC;N21;;;8;3805;719254998.0;;;2.48;2.48;2.51;2.48;2.51;2.51;2.49;0.0
113633;634116;2019-11-22;FRC;V21;;;5;980;184664073.0;;;2.5;2.5;2.5;2.5;2.5;2.5;2.5;0.0
113634;634117;2019-11-22;FRC;F22;;;5;1755;329633880.0;;;2.5;2.5;2.5;2.5;2.5;2.5;0.0;0.0
113635;634118;2019-11-22;FRC;J22;;;0;0;0.0;;;0.0;0.0;0.0;0.0;0.0;2.5;0.0;0.0
113636;634119;2019-11-22;FRC;N22;;;2;310;57874459.0;;;2.5;2.5;2.5;2.5;2.5;2.5;0.0;0.0
113637;634120;2019-11-22;FRC;V22;;;0;0;0.0;;;0.0;0.0;0.0;0.0;0.0;2.52;0.0;0.0
113638;634121;2019-11-22;FRC;F23;;;21;12424;2303972413.0;;;2.5;2.5;2.54;2.53;2.54;2.54;0.0;2.55
113639;634122;2019-11-22;FRC;J23;;;0;0;0.0;;;0.0;0.0;0.0;0.0;0.0;2.57;0.0;0.0
113640;634123;2019-11-22;FRC;N23;;;2;57;10493720.0;;;2.58;2.58;2.58;2.58;2.58;2.58;0.0;0.0
113641;634124;2019-11-22;FRC;V23;;;0;0;0.0;;;0.0;0.0;0.0;0.0;0.0;2.62;0.0;0.0
113642;634125;2019-11-22;FRC;F24;;;2;323;59020003.0;;;2.66;2.66;2.66;2.66;2.66;2.66;0.0;0.0
113643;634126;2019-11-22;FRC;J24;;;4;756;137604629.0;;;2.69;2.69;2.69;2.69;2.69;2.69;0.0;0.0
113644;634127;2019-11-22;FRC;N24;;;0;0;0.0;;;0.0;0.0;0.0;0.0;0.0;2.73;0.0;0.0
113645;634128;2019-11-22;FRC;V24;;;4;1128;128079517.0;;;2.74;2.74;2.74;2.74;2.74;2.74;0.0;0.0
113646;634129;2019-11-22;FRC;F25;;;5;8526;1533387720.0;;;2.79;2.79;2.79;2.79;2.79;2.79;2.79;2.8
113647;634130;2019-11-22;FRC;N25;;;0;0;0.0;;;0.0;0.0;0.0;0.0;0.0;2.87;0.0;0.0
113648;634131;2019-11-22;FRC;F26;;;4;554;98008835.0;;;2.88;2.88;2.92;2.9;2.92;2.92;2.92;2.95
113649;634132;2019-11-22;FRC;N26;;;0;0;0.0;;;0.0;0.0;0.0;0.0;0.0;2.96;0.0;0.0
113650;634133;2019-11-22;FRC;F27;;;2;309;53660803.0;;;3.06;3.06;3.06;3.06;3.06;3.06;0.0;0.0
113651;634134;2019-11-22;FRC;F28;;;0;0;0.0;;;0.0;0.0;0.0;0.0;0.0;3.23;3.2;3.25
113652;634135;2019-11-22;FRC;F29;;;2;71;11856143.0;;;3.38;3.38;3.38;3.38;3.38;3.38;0.0;0.0
113653;634136;2019-11-22;FRC;F30;;;0;0;0.0;;;0.0;0.0;0.0;0.0;0.0;3.45;0.0;0.0
113654;634137;2019-11-22;FRC;F31;;;0;0;0.0;;;0.0;0.0;0.0;0.0;0.0;3.51;0.0;0.0
113655;634306;2019-11-25;FRC;F20;;;139;404746;78330354761.0;;;2.6;2.59;2.62;2.6;2.59;2.61;2.59;2.61
113656;634307;2019-11-25;FRC;G20;;;22;37994;7343968735.0;;;2.67;2.67;2.69;2.67;2.69;2.69;2.67;2.69
113657;634308;2019-11-25;FRC;H20;;;19;25514;4926601207.0;;;2.66;2.65;2.68;2.67;2.68;2.68;0.0;0.0
113658;634309;2019-11-25;FRC;J20;;;33;34322;6620068587.0;;;2.65;2.64;2.68;2.66;2.68;2.68;2.67;2.69
113659;634310;2019-11-25;FRC;K20;;;9;3779;728010442.0;;;2.67;2.67;2.67;2.67;2.67;2.67;2.67;0.0
113660;634311;2019-11-25;FRC;M20;;;10;6359;1223745295.0;;;2.68;2.68;2.68;2.68;2.68;2.68;2.68;0.0
113661;634312;2019-11-25;FRC;N20;;;15;16272;3128235460.0;;;2.65;2.65;2.65;2.65;2.65;2.65;2.65;0.0
113662;634313;2019-11-25;FRC;Q20;;;0;0;0.0;;;0.0;0.0;0.0;0.0;0.0;2.67;0.0;0.0
113663;634314;2019-11-25;FRC;U20;;;3;1188;143695203.0;;;2.62;2.62;2.62;2.62;2.62;2.62;2.6;0.0
113664;634315;2019-11-25;FRC;V20;;;13;5700;1092332316.0;;;2.6;2.6;2.62;2.6;2.62;2.62;2.61;2.62
113665;634316;2019-11-25;FRC;X20;;;4;4012;484340533.0;;;2.55;2.55;2.58;2.56;2.58;2.58;0.0;2.58
113666;634317;2019-11-25;FRC;F21;;;41;9942;1899479629.0;;;2.54;2.51;2.55;2.54;2.55;2.55;2.55;2.56
113667;634318;2019-11-25;FRC;J21;;;9;3345;637057783.0;;;2.56;2.56;2.57;2.56;2.57;2.57;0.0;0.0
113668;634319;2019-11-25;FRC;N21;;;3;1568;297713162.0;;;2.55;2.55;2.55;2.55;2.55;2.55;0.0;2.55
113669;634320;2019-11-25;FRC;V21;;;7;1816;343728403.0;;;2.54;2.53;2.54;2.53;2.53;2.54;0.0;0.0
113670;634321;2019-11-25;FRC;F22;;;11;3997;754385297.0;;;2.5;2.45;2.54;2.5;2.54;2.54;0.0;0.0
113671;634322;2019-11-25;FRC;J22;;;2;388;72988215.0;;;2.53;2.53;2.53;2.53;2.53;2.53;0.0;2.51
113672;634323;2019-11-25;FRC;N22;;;2;388;72769713.0;;;2.53;2.53;2.53;2.53;2.53;2.53;0.0;0.0
113673;634324;2019-11-25;FRC;V22;;;0;0;0.0;;;0.0;0.0;0.0;0.0;0.0;2.54;0.0;0.0
113674;634325;2019-11-25;FRC;F23;;;11;2679;499177167.0;;;2.54;2.54;2.55;2.54;2.55;2.55;0.0;2.55
113675;634326;2019-11-25;FRC;J23;;;0;0;0.0;;;0.0;0.0;0.0;0.0;0.0;2.58;0.0;0.0
113676;634327;2019-11-25;FRC;N23;;;1;38;7032395.0;;;2.56;2.56;2.56;2.56;2.56;2.59;0.0;0.0
113677;634328;2019-11-25;FRC;V23;;;0;0;0.0;;;0.0;0.0;0.0;0.0;0.0;2.63;0.0;0.0
113678;634329;2019-11-25;FRC;F24;;;0;0;0.0;;;0.0;0.0;0.0;0.0;0.0;2.67;0.0;0.0
113679;634330;2019-11-25;FRC;J24;;;0;0;0.0;;;0.0;0.0;0.0;0.0;0.0;2.69;0.0;0.0
113680;634331;2019-11-25;FRC;N24;;;0;0;0.0;;;0.0;0.0;0.0;0.0;0.0;2.73;0.0;0.0
113681;634332;2019-11-25;FRC;V24;;;0;0;0.0;;;0.0;0.0;0.0;0.0;0.0;2.74;0.0;0.0
113682;634333;2019-11-25;FRC;F25;;;9;2247;406128493.0;;;2.78;2.78;2.79;2.78;2.79;2.79;0.0;0.0
113683;634334;2019-11-25;FRC;N25;;;0;0;0.0;;;0.0;0.0;0.0;0.0;0.0;2.87;0.0;0.0
113684;634335;2019-11-25;FRC;F26;;;7;3509;623715576.0;;;2.92;2.91;2.92;2.91;2.91;2.92;0.0;0.0
113685;634336;2019-11-25;FRC;N26;;;0;0;0.0;;;0.0;0.0;0.0;0.0;0.0;2.97;0.0;0.0
113686;634337;2019-11-25;FRC;F27;;;1;182;31757169.0;;;3.07;3.07;3.07;3.07;3.07;3.07;0.0;0.0
113687;634338;2019-11-25;FRC;F28;;;0;0;0.0;;;0.0;0.0;0.0;0.0;0.0;3.24;0.0;0.0
113688;634339;2019-11-25;FRC;F29;;;0;0;0.0;;;0.0;0.0;0.0;0.0;0.0;3.39;0.0;0.0
113689;634340;2019-11-25;FRC;F30;;;0;0;0.0;;;0.0;0.0;0.0;0.0;0.0;3.46;0.0;0.0
113690;634341;2019-11-25;FRC;F31;;;0;0;0.0;;;0.0;0.0;0.0;0.0;0.0;3.52;0.0;0.0
113691;634510;2019-11-26;FRC;F20;;;211;377191;73096958845.0;;;2.61;2.51;2.63;2.56;2.56;2.56;2.5;2.56
113692;634511;2019-11-26;FRC;G20;;;19;44498;8612840347.0;;;2.65;2.64;2.67;2.65;2.64;2.66;2.62;2.66
113693;634512;2019-11-26;FRC;H20;;;12;9587;1853650510.0;;;2.66;2.66;2.68;2.67;2.68;2.68;0.0;2.68
113694;634513;2019-11-26;FRC;J20;;;23;9617;1857359267.0;;;2.69;2.68;2.69;2.68;2.69;2.69;2.67;2.69
113695;634514;2019-11-26;FRC;K20;;;6;1989;383678330.0;;;2.68;2.68;2.68;2.68;2.68;2.68;2.67;2.69
113696;634515;2019-11-26;FRC;M20;;;7;4171;803709170.0;;;2.7;2.7;2.7;2.7;2.7;2.7;0.0;0.0
113697;634516;2019-11-26;FRC;N20;;;23;13212;2543215656.0;;;2.65;2.65;2.67;2.66;2.67;2.67;2.67;2.69
113698;634517;2019-11-26;FRC;Q20;;;1;595;72215320.0;;;2.69;2.69;2.69;2.69;2.69;2.7;2.67;0.0
113699;634518;2019-11-26;FRC;U20;;;5;1188;143985079.0;;;2.66;2.66;2.66;2.66;2.66;2.66;0.0;0.0
113700;634519;2019-11-26;FRC;V20;;;6;5935;1138737367.0;;;2.64;2.64;2.64;2.64;2.64;2.64;2.63;0.0
113701;634520;2019-11-26;FRC;X20;;;4;2017;244065114.0;;;2.6;2.6;2.61;2.6;2.61;2.6;2.59;2.6
113702;634521;2019-11-26;FRC;F21;;;34;19835;3794279563.0;;;2.53;2.53;2.57;2.56;2.57;2.57;2.57;0.0
113703;634522;2019-11-26;FRC;J21;;;4;4719;899881664.0;;;2.59;2.57;2.59;2.57;2.57;2.59;2.56;2.59
113704;634523;2019-11-26;FRC;N21;;;12;2588;492067655.0;;;2.52;2.52;2.56;2.54;2.56;2.56;0.0;0.0
113705;634524;2019-11-26;FRC;V21;;;1;195;36953569.0;;;2.55;2.55;2.55;2.55;2.55;2.55;0.0;0.0
113706;634525;2019-11-26;FRC;F22;;;4;507;95802554.0;;;2.55;2.52;2.55;2.52;2.53;2.53;0.0;2.53
113707;634526;2019-11-26;FRC;J22;;;1;97;18277518.0;;;2.5;2.5;2.5;2.5;2.5;2.52;0.0;0.0
113708;634527;2019-11-26;FRC;N22;;;0;0;0.0;;;0.0;0.0;0.0;0.0;0.0;2.53;0.0;2.53
113709;634528;2019-11-26;FRC;V22;;;2;386;72244499.0;;;2.54;2.54;2.54;2.54;2.54;2.54;0.0;0.0
113710;634529;2019-11-26;FRC;F23;;;14;2816;525395724.0;;;2.55;2.55;2.55;2.55;2.55;2.55;0.0;0.0
113711;634530;2019-11-26;FRC;J23;;;1;58;10790672.0;;;2.55;2.55;2.55;2.55;2.55;2.58;0.0;0.0
113712;634531;2019-11-26;FRC;N23;;;4;688;127466621.0;;;2.59;2.59;2.59;2.59;2.59;2.59;0.0;0.0
113713;634532;2019-11-26;FRC;V23;;;0;0;0.0;;;0.0;0.0;0.0;0.0;0.0;2.62;0.0;2.63
113714;634533;2019-11-26;FRC;F24;;;8;1520;279534820.0;;;2.65;2.65;2.65;2.65;2.65;2.65;0.0;0.0
113715;634534;2019-11-26;FRC;J24;;;0;0;0.0;;;0.0;0.0;0.0;0.0;0.0;2.67;0.0;0.0
113716;634535;2019-11-26;FRC;N24;;;0;0;0.0;;;0.0;0.0;0.0;0.0;0.0;2.7;0.0;0.0
113717;634536;2019-11-26;FRC;V24;;;0;0;0.0;;;0.0;0.0;0.0;0.0;0.0;2.71;0.0;0.0
113718;634537;2019-11-26;FRC;F25;;;7;1503;272307537.0;;;2.75;2.75;2.75;2.75;2.75;2.75;0.0;0.0
113719;634538;2019-11-26;FRC;N25;;;0;0;0.0;;;0.0;0.0;0.0;0.0;0.0;2.83;0.0;0.0
113720;634539;2019-11-26;FRC;F26;;;0;0;0.0;;;0.0;0.0;0.0;0.0;0.0;2.89;0.0;0.0
113721;634540;2019-11-26;FRC;N26;;;0;0;0.0;;;0.0;0.0;0.0;0.0;0.0;2.94;2.94;0.0
113722;634541;2019-11-26;FRC;F27;;;1;182;31818357.0;;;3.05;3.05;3.05;3.05;3.05;3.05;0.0;0.0
113723;634542;2019-11-26;FRC;F28;;;0;0;0.0;;;0.0;0.0;0.0;0.0;0.0;3.22;0.0;0.0
113724;634543;2019-11-26;FRC;F29;;;0;0;0.0;;;0.0;0.0;0.0;0.0;0.0;3.37;0.0;0.0
113725;634544;2019-11-26;FRC;F30;;;0;0;0.0;;;0.0;0.0;0.0;0.0;0.0;3.44;0.0;0.0
113726;634545;2019-11-26;FRC;F31;;;0;0;0.0;;;0.0;0.0;0.0;0.0;0.0;3.5;0.0;0.0
113727;634714;2019-11-27;FRC;F20;;;280;476487;91901011364.0;;;2.53;2.45;2.55;2.5;2.45;2.49;0.0;2.49
113728;634715;2019-11-27;FRC;G20;;;60;57718;11118610728.0;;;2.65;2.6;2.66;2.61;2.61;2.61;0.0;2.6
113729;634716;2019-11-27;FRC;H20;;;17;22325;4296035528.0;;;2.67;2.65;2.68;2.65;2.65;2.65;0.0;0.0
113730;634717;2019-11-27;FRC;J20;;;32;19394;3727832119.0;;;2.67;2.66;2.69;2.66;2.68;2.67;0.0;2.68
113731;634718;2019-11-27;FRC;K20;;;2;438;84088309.0;;;2.67;2.67;2.67;2.67;2.67;2.65;0.0;0.0
113732;634719;2019-11-27;FRC;M20;;;10;3419;655709322.0;;;2.69;2.67;2.69;2.67;2.67;2.67;2.67;0.0
113733;634720;2019-11-27;FRC;N20;;;8;5992;1147964026.0;;;2.66;2.65;2.66;2.65;2.65;2.65;0.0;0.0
113734;634721;2019-11-27;FRC;Q20;;;1;40;4841985.0;;;2.69;2.69;2.69;2.69;2.69;2.69;0.0;0.0
113735;634722;2019-11-27;FRC;U20;;;3;634;76285090.0;;;2.65;2.65;2.65;2.65;2.65;2.65;0.0;0.0
113736;634723;2019-11-27;FRC;V20;;;10;5383;1027860338.0;;;2.63;2.63;2.65;2.64;2.64;2.64;0.0;0.0
113737;634724;2019-11-27;FRC;X20;;;9;4152;498537292.0;;;2.62;2.6;2.62;2.6;2.6;2.6;2.59;0.0
113738;634725;2019-11-27;FRC;F21;;;35;21750;4140036533.0;;;2.59;2.58;2.6;2.59;2.58;2.58;2.58;0.0
113739;634726;2019-11-27;FRC;J21;;;9;2264;429631683.0;;;2.6;2.58;2.6;2.58;2.58;2.58;2.58;0.0
113740;634727;2019-11-27;FRC;N21;;;0;0;0.0;;;0.0;0.0;0.0;0.0;0.0;2.55;0.0;2.58
113741;634728;2019-11-27;FRC;V21;;;4;976;184078761.0;;;2.55;2.55;2.55;2.55;2.55;2.55;0.0;0.0
113742;634729;2019-11-27;FRC;F22;;;10;5730;1077380179.0;;;2.54;2.53;2.55;2.53;2.55;2.54;0.0;2.55
113743;634730;2019-11-27;FRC;J22;;;0;0;0.0;;;0.0;0.0;0.0;0.0;0.0;2.53;0.0;0.0
113744;634731;2019-11-27;FRC;N22;;;0;0;0.0;;;0.0;0.0;0.0;0.0;0.0;2.54;0.0;0.0
113745;634732;2019-11-27;FRC;V22;;;0;0;0.0;;;0.0;0.0;0.0;0.0;0.0;2.55;0.0;0.0
113746;634733;2019-11-27;FRC;F23;;;5;2388;443345298.0;;;2.55;2.55;2.56;2.55;2.56;2.56;2.54;2.58
113747;634734;2019-11-27;FRC;J23;;;0;0;0.0;;;0.0;0.0;0.0;0.0;0.0;2.58;0.0;0.0
113748;634735;2019-11-27;FRC;N23;;;0;0;0.0;;;0.0;0.0;0.0;0.0;0.0;2.59;0.0;0.0
113749;634736;2019-11-27;FRC;V23;;;0;0;0.0;;;0.0;0.0;0.0;0.0;0.0;2.62;0.0;0.0
113750;634737;2019-11-27;FRC;F24;;;11;5170;946257635.0;;;2.65;2.65;2.65;2.65;2.65;2.65;0.0;0.0
113751;634738;2019-11-27;FRC;J24;;;0;0;0.0;;;0.0;0.0;0.0;0.0;0.0;2.67;0.0;0.0
113752;634739;2019-11-27;FRC;N24;;;3;567;103019085.0;;;2.7;2.7;2.7;2.7;2.7;2.7;0.0;0.0
113753;634740;2019-11-27;FRC;V24;;;2;376;42791261.0;;;2.72;2.72;2.72;2.72;2.72;2.72;0.0;0.0
113754;634741;2019-11-27;FRC;F25;;;6;1388;250183996.0;;;2.75;2.75;2.77;2.75;2.77;2.76;0.0;0.0
113755;634742;2019-11-27;FRC;N25;;;0;0;0.0;;;0.0;0.0;0.0;0.0;0.0;2.84;0.0;0.0
113756;634743;2019-11-27;FRC;F26;;;0;0;0.0;;;0.0;0.0;0.0;0.0;0.0;2.9;0.0;2.95
113757;634744;2019-11-27;FRC;N26;;;0;0;0.0;;;0.0;0.0;0.0;0.0;0.0;2.95;2.95;0.0
113758;634745;2019-11-27;FRC;F27;;;3;400;69581674.0;;;3.05;3.05;3.06;3.05;3.06;3.06;0.0;0.0
113759;634746;2019-11-27;FRC;F28;;;0;0;0.0;;;0.0;0.0;0.0;0.0;0.0;3.23;0.0;0.0
113760;634747;2019-11-27;FRC;F29;;;0;0;0.0;;;0.0;0.0;0.0;0.0;0.0;3.38;0.0;0.0
113761;634748;2019-11-27;FRC;F30;;;0;0;0.0;;;0.0;0.0;0.0;0.0;0.0;3.45;0.0;0.0
113762;634749;2019-11-27;FRC;F31;;;0;0;0.0;;;0.0;0.0;0.0;0.0;0.0;3.51;0.0;0.0
113763;634918;2019-11-28;FRC;G20;;;30;21183;4056967479.0;;;2.67;2.64;2.68;2.66;2.67;2.64;2.65;2.67
113764;634919;2019-11-28;FRC;H20;;;11;6188;1183926452.0;;;2.65;2.65;2.65;2.65;2.65;2.65;2.65;2.68
113765;634920;2019-11-28;FRC;J20;;;8;4185;799808312.0;;;2.66;2.66;2.66;2.66;2.66;2.66;2.66;2.68
113766;634921;2019-11-28;FRC;K20;;;10;4280;817027011.0;;;2.63;2.63;2.63;2.63;2.63;2.63;0.0;0.0
113767;634922;2019-11-28;FRC;M20;;;5;2387;455178701.0;;;2.65;2.65;2.65;2.65;2.65;2.65;2.65;0.0
113768;634923;2019-11-28;FRC;N20;;;9;4768;908299199.0;;;2.62;2.62;2.62;2.62;2.62;2.62;2.63;0.0
113769;634924;2019-11-28;FRC;Q20;;;4;1190;142023413.0;;;2.64;2.64;2.64;2.64;2.64;2.64;0.0;0.0
113770;634925;2019-11-28;FRC;U20;;;0;0;0.0;;;0.0;0.0;0.0;0.0;0.0;2.61;2.62;0.0
113771;634926;2019-11-28;FRC;V20;;;15;10694;2030451919.0;;;2.62;2.62;2.63;2.62;2.63;2.62;0.0;0.0
113772;634927;2019-11-28;FRC;X20;;;2;396;47152917.0;;;2.6;2.6;2.6;2.6;2.6;2.6;2.59;0.0
113773;634928;2019-11-28;FRC;F21;;;10;3947;747066272.0;;;2.57;2.57;2.57;2.57;2.57;2.57;2.57;2.59
113774;634929;2019-11-28;FRC;J21;;;0;0;0.0;;;0.0;0.0;0.0;0.0;0.0;2.57;2.58;2.6
113775;634930;2019-11-28;FRC;N21;;;1;157;29536048.0;;;2.55;2.55;2.55;2.55;2.55;2.54;0.0;0.0
113776;634931;2019-11-28;FRC;V21;;;0;0;0.0;;;0.0;0.0;0.0;0.0;0.0;2.55;0.0;0.0
113777;634932;2019-11-28;FRC;F22;;;11;2340;437440702.0;;;2.54;2.54;2.54;2.54;2.54;2.54;0.0;0.0
113778;634933;2019-11-28;FRC;J22;;;2;390;72692127.0;;;2.54;2.54;2.54;2.54;2.54;2.54;0.0;0.0
113779;634934;2019-11-28;FRC;N22;;;0;0;0.0;;;0.0;0.0;0.0;0.0;0.0;2.54;0.0;0.0
113780;634935;2019-11-28;FRC;V22;;;0;0;0.0;;;0.0;0.0;0.0;0.0;0.0;2.55;0.0;0.0
113781;634936;2019-11-28;FRC;F23;;;4;2776;512331911.0;;;2.56;2.56;2.57;2.56;2.57;2.56;0.0;0.0
113782;634937;2019-11-28;FRC;J23;;;0;0;0.0;;;0.0;0.0;0.0;0.0;0.0;2.58;0.0;0.0
113783;634938;2019-11-28;FRC;N23;;;0;0;0.0;;;0.0;0.0;0.0;0.0;0.0;2.59;0.0;0.0
113784;634939;2019-11-28;FRC;V23;;;0;0;0.0;;;0.0;0.0;0.0;0.0;0.0;2.62;0.0;0.0
113785;634940;2019-11-28;FRC;F24;;;3;570;103724312.0;;;2.65;2.65;2.65;2.65;2.65;2.65;0.0;0.0
113786;634941;2019-11-28;FRC;J24;;;0;0;0.0;;;0.0;0.0;0.0;0.0;0.0;2.67;0.0;0.0
113787;634942;2019-11-28;FRC;N24;;;2;15123;2731932248.0;;;2.7;2.7;2.7;2.7;2.7;2.7;0.0;0.0
113788;634943;2019-11-28;FRC;V24;;;0;0;0.0;;;0.0;0.0;0.0;0.0;0.0;2.72;0.0;0.0
113789;634944;2019-11-28;FRC;F25;;;3;15017;2691233859.0;;;2.76;2.76;2.78;2.76;2.78;2.76;0.0;0.0
113790;634945;2019-11-28;FRC;N25;;;0;0;0.0;;;0.0;0.0;0.0;0.0;0.0;2.84;0.0;0.0
113791;634946;2019-11-28;FRC;F26;;;2;370;65197139.0;;;2.9;2.9;2.9;2.9;2.9;2.9;0.0;0.0
113792;634947;2019-11-28;FRC;N26;;;0;0;0.0;;;0.0;0.0;0.0;0.0;0.0;2.94;0.0;0.0
113793;634948;2019-11-28;FRC;F27;;;0;0;0.0;;;0.0;0.0;0.0;0.0;0.0;3.03;0.0;0.0
113794;634949;2019-11-28;FRC;F28;;;0;0;0.0;;;0.0;0.0;0.0;0.0;0.0;3.2;0.0;0.0
113795;634950;2019-11-28;FRC;F29;;;0;0;0.0;;;0.0;0.0;0.0;0.0;0.0;3.35;0.0;0.0
113796;634951;2019-11-28;FRC;F30;;;0;0;0.0;;;0.0;0.0;0.0;0.0;0.0;3.42;0.0;0.0
113797;634952;2019-11-28;FRC;F31;;;0;0;0.0;;;0.0;0.0;0.0;0.0;0.0;3.48;0.0;0.0
113798;635125;2019-11-29;FRC;G20;;;34;91116;17499484464.0;;;2.7;2.7;2.72;2.71;2.71;2.71;0.0;0.0
113799;635126;2019-11-29;FRC;H20;;;18;12796;2455028724.0;;;2.7;2.69;2.71;2.69;2.7;2.7;0.0;0.0
113800;635127;2019-11-29;FRC;J20;;;15;15208;2914623641.0;;;2.68;2.68;2.68;2.68;2.68;2.68;0.0;2.7
113801;635128;2019-11-29;FRC;K20;;;0;0;0.0;;;0.0;0.0;0.0;0.0;0.0;2.63;2.63;0.0
113802;635129;2019-11-29;FRC;M20;;;10;38588;7379513331.0;;;2.64;2.64;2.64;2.64;2.64;2.64;2.64;0.0
113803;635130;2019-11-29;FRC;N20;;;16;22553;4308664803.0;;;2.63;2.53;2.63;2.61;2.63;2.63;2.63;0.0
113804;635131;2019-11-29;FRC;Q20;;;0;0;0.0;;;0.0;0.0;0.0;0.0;0.0;2.65;0.0;0.0
113805;635132;2019-11-29;FRC;U20;;;0;0;0.0;;;0.0;0.0;0.0;0.0;0.0;2.63;0.0;0.0
113806;635133;2019-11-29;FRC;V20;;;16;11010;2096232411.0;;;2.64;2.64;2.64;2.64;2.64;2.64;0.0;0.0
113807;635134;2019-11-29;FRC;X20;;;3;60;7219850.0;;;2.6;2.6;2.6;2.6;2.6;2.62;2.6;0.0
113808;635135;2019-11-29;FRC;Z20;;;0;0;0.0;;;0.0;0.0;0.0;0.0;0.0;4.6;0.0;0.0
113809;635136;2019-11-29;FRC;F21;;;18;9672;1835666617.0;;;2.57;2.57;2.6;2.59;2.6;2.59;0.0;2.61
113810;635137;2019-11-29;FRC;J21;;;0;0;0.0;;;0.0;0.0;0.0;0.0;0.0;2.59;2.59;0.0
113811;635138;2019-11-29;FRC;N21;;;11;3727;703031683.0;;;2.57;2.57;2.57;2.57;2.57;2.57;0.0;0.0
113812;635139;2019-11-29;FRC;V21;;;2;392;73710203.0;;;2.57;2.57;2.57;2.57;2.57;2.57;0.0;0.0
113813;635140;2019-11-29;FRC;F22;;;11;3900;730992656.0;;;2.56;2.56;2.56;2.56;2.56;2.56;0.0;0.0
113814;635141;2019-11-29;FRC;J22;;;1;195;36445609.0;;;2.55;2.55;2.55;2.55;2.55;2.55;0.0;0.0
113815;635142;2019-11-29;FRC;N22;;;0;0;0.0;;;0.0;0.0;0.0;0.0;0.0;2.55;0.0;0.0
113816;635143;2019-11-29;FRC;V22;;;1;155;28786726.0;;;2.55;2.55;2.55;2.55;2.55;2.56;0.0;0.0
113817;635144;2019-11-29;FRC;F23;;;10;2160;399780385.0;;;2.56;2.56;2.57;2.56;2.57;2.57;0.0;0.0
113818;635145;2019-11-29;FRC;J23;;;0;0;0.0;;;0.0;0.0;0.0;0.0;0.0;2.59;0.0;0.0
113819;635146;2019-11-29;FRC;N23;;;1;192;35293937.0;;;2.61;2.61;2.61;2.61;2.61;2.61;0.0;0.0
113820;635147;2019-11-29;FRC;V23;;;1;191;34984028.0;;;2.63;2.63;2.63;2.63;2.63;2.63;0.0;0.0
113821;635148;2019-11-29;FRC;F24;;;5;1140;207959601.0;;;2.67;2.67;2.67;2.67;2.67;2.67;0.0;0.0
113822;635149;2019-11-29;FRC;J24;;;0;0;0.0;;;0.0;0.0;0.0;0.0;0.0;2.68;0.0;0.0
113823;635150;2019-11-29;FRC;N24;;;0;0;0.0;;;0.0;0.0;0.0;0.0;0.0;2.69;0.0;0.0
113824;635151;2019-11-29;FRC;V24;;;0;0;0.0;;;0.0;0.0;0.0;0.0;0.0;2.72;0.0;0.0
113825;635152;2019-11-29;FRC;F25;;;5;940;168922912.0;;;2.77;2.77;2.77;2.77;2.77;2.77;0.0;0.0
113826;635153;2019-11-29;FRC;N25;;;0;0;0.0;;;0.0;0.0;0.0;0.0;0.0;2.84;0.0;0.0
113827;635154;2019-11-29;FRC;F26;;;0;0;0.0;;;0.0;0.0;0.0;0.0;0.0;2.89;0.0;0.0
113828;635155;2019-11-29;FRC;N26;;;0;0;0.0;;;0.0;0.0;0.0;0.0;0.0;2.96;0.0;0.0
113829;635156;2019-11-29;FRC;F27;;;0;0;0.0;;;0.0;0.0;0.0;0.0;0.0;2.99;3.01;0.0
113830;635157;2019-11-29;FRC;F28;;;0;0;0.0;;;0.0;0.0;0.0;0.0;0.0;3.17;0.0;0.0
113831;635158;2019-11-29;FRC;F29;;;2;354;59084568.0;;;3.34;3.34;3.34;3.34;3.34;3.34;0.0;0.0
113832;635159;2019-11-29;FRC;F30;;;0;0;0.0;;;0.0;0.0;0.0;0.0;0.0;3.41;0.0;0.0
113833;635160;2019-11-29;FRC;F31;;;0;0;0.0;;;0.0;0.0;0.0;0.0;0.0;3.47;0.0;0.0
113834;635333;2019-12-02;FRC;G20;;;22;40355;7761653816.0;;;2.71;2.71;2.74;2.73;2.74;2.74;0.0;0.0
113835;635334;2019-12-02;FRC;H20;;;18;13173;2531052952.0;;;2.7;2.7;2.71;2.7;2.71;2.7;0.0;0.0
113836;635335;2019-12-02;FRC;J20;;;7;5022;963858272.0;;;2.68;2.68;2.7;2.69;2.7;2.7;0.0;0.0
113837;635336;2019-12-02;FRC;K20;;;7;5415;1038122803.0;;;2.63;2.63;2.65;2.64;2.65;2.65;0.0;0.0
113838;635337;2019-12-02;FRC;M20;;;12;5292;1013489104.0;;;2.64;2.64;2.65;2.64;2.65;2.65;2.65;0.0
113839;635338;2019-12-02;FRC;N20;;;17;8286;1585120967.0;;;2.63;2.63;2.67;2.65;2.65;2.65;2.65;2.67
113840;635339;2019-12-02;FRC;Q20;;;4;792;95057355.0;;;2.66;2.66;2.66;2.66;2.66;2.66;0.0;0.0
113841;635340;2019-12-02;FRC;U20;;;8;2674;320871898.0;;;2.66;2.65;2.66;2.65;2.65;2.66;0.0;0.0
113842;635341;2019-12-02;FRC;V20;;;15;6376;1215615989.0;;;2.64;2.64;2.67;2.66;2.66;2.67;0.0;0.0
113843;635342;2019-12-02;FRC;X20;;;8;3503;419763787.0;;;2.62;2.62;2.65;2.63;2.64;2.65;2.64;0.0
113844;635343;2019-12-02;FRC;Z20;;;2;396;47446759.0;;;2.63;2.63;2.63;2.63;2.63;2.63;0.0;0.0
113845;635344;2019-12-02;FRC;F21;;;16;8111;1541324959.0;;;2.59;2.59;2.63;2.62;2.63;2.63;2.62;2.63
113846;635345;2019-12-02;FRC;J21;;;5;3149;596533145.0;;;2.63;2.63;2.63;2.63;2.63;2.63;2.62;0.0
113847;635346;2019-12-02;FRC;N21;;;6;2176;410960599.0;;;2.6;2.6;2.6;2.6;2.6;2.6;0.0;0.0
113848;635347;2019-12-02;FRC;V21;;;0;0;0.0;;;0.0;0.0;0.0;0.0;0.0;2.6;0.0;0.0
113849;635348;2019-12-02;FRC;F22;;;2;273;51232791.0;;;2.56;2.56;2.59;2.58;2.59;2.58;0.0;2.6
113850;635349;2019-12-02;FRC;J22;;;0;0;0.0;;;0.0;0.0;0.0;0.0;0.0;2.57;0.0;0.0
113851;635350;2019-12-02;FRC;N22;;;1;194;36187287.0;;;2.57;2.57;2.57;2.57;2.57;2.57;0.0;0.0
113852;635351;2019-12-02;FRC;V22;;;1;19;3530947.0;;;2.56;2.56;2.56;2.56;2.56;2.58;0.0;0.0
113853;635352;2019-12-02;FRC;F23;;;4;847;156975516.0;;;2.57;2.57;2.59;2.57;2.57;2.59;2.57;0.0
113854;635353;2019-12-02;FRC;J23;;;0;0;0.0;;;0.0;0.0;0.0;0.0;0.0;2.62;0.0;0.0
113855;635354;2019-12-02;FRC;N23;;;0;0;0.0;;;0.0;0.0;0.0;0.0;0.0;2.64;0.0;0.0
113856;635355;2019-12-02;FRC;V23;;;1;191;35016299.0;;;2.66;2.66;2.66;2.66;2.66;2.66;0.0;0.0
113857;635356;2019-12-02;FRC;F24;;;4;1521;277770336.0;;;2.69;2.69;2.69;2.69;2.69;2.69;0.0;0.0
113858;635357;2019-12-02;FRC;J24;;;0;0;0.0;;;0.0;0.0;0.0;0.0;0.0;2.7;0.0;0.0
113859;635358;2019-12-02;FRC;N24;;;1;189;34281711.0;;;2.71;2.71;2.71;2.71;2.71;2.71;0.0;0.0
113860;635359;2019-12-02;FRC;V24;;;0;0;0.0;;;0.0;0.0;0.0;0.0;0.0;2.75;0.0;2.75
113861;635360;2019-12-02;FRC;F25;;;2;188;33833754.0;;;2.77;2.77;2.77;2.77;2.77;2.8;0.0;0.0
113862;635361;2019-12-02;FRC;N25;;;0;0;0.0;;;0.0;0.0;0.0;0.0;0.0;2.86;0.0;0.0
113863;635362;2019-12-02;FRC;F26;;;4;556;98409021.0;;;2.89;2.89;2.91;2.89;2.91;2.9;0.0;0.0
113864;635363;2019-12-02;FRC;N26;;;0;0;0.0;;;0.0;0.0;0.0;0.0;0.0;2.99;0.0;0.0
113865;635364;2019-12-02;FRC;F27;;;3;546;94858329.0;;;3.05;3.05;3.05;3.05;3.05;3.05;0.0;0.0
113866;635365;2019-12-02;FRC;F28;;;0;0;0.0;;;0.0;0.0;0.0;0.0;0.0;3.22;0.0;0.0
113867;635366;2019-12-02;FRC;F29;;;0;0;0.0;;;0.0;0.0;0.0;0.0;0.0;3.36;0.0;0.0
113868;635367;2019-12-02;FRC;F30;;;0;0;0.0;;;0.0;0.0;0.0;0.0;0.0;3.43;0.0;0.0
113869;635368;2019-12-02;FRC;F31;;;0;0;0.0;;;0.0;0.0;0.0;0.0;0.0;3.49;0.0;0.0
113870;635537;2019-12-03;FRC;G20;;;30;64925;12469186740.0;;;2.74;2.73;2.74;2.73;2.73;2.73;2.7;2.73
113871;635538;2019-12-03;FRC;H20;;;15;22151;4250004248.0;;;2.7;2.65;2.72;2.67;2.65;2.65;2.65;2.67
113872;635539;2019-12-03;FRC;J20;;;15;16607;3182865370.0;;;2.7;2.63;2.7;2.65;2.63;2.63;0.0;0.0
113873;635540;2019-12-03;FRC;K20;;;8;6272;1200707263.0;;;2.65;2.58;2.65;2.62;2.58;2.58;2.58;0.0
113874;635541;2019-12-03;FRC;M20;;;6;5171;988894852.0;;;2.65;2.6;2.65;2.64;2.6;2.6;0.0;0.0
113875;635542;2019-12-03;FRC;N20;;;19;19634;3750927925.0;;;2.65;2.6;2.65;2.61;2.6;2.6;2.6;0.0
113876;635543;2019-12-03;FRC;Q20;;;2;5159;618526823.0;;;2.66;2.66;2.66;2.66;2.66;2.59;2.59;0.0
113877;635544;2019-12-03;FRC;U20;;;6;2994;358689849.0;;;2.58;2.58;2.58;2.58;2.58;2.58;2.58;0.0
113878;635545;2019-12-03;FRC;V20;;;5;2475;471252408.0;;;2.65;2.58;2.65;2.62;2.58;2.58;2.58;0.0
113879;635546;2019-12-03;FRC;X20;;;16;7303;873120436.0;;;2.6;2.6;2.6;2.6;2.6;2.6;0.0;2.6
113880;635547;2019-12-03;FRC;Z20;;;18;13284;1586433535.0;;;2.59;2.59;2.6;2.59;2.6;2.59;0.0;0.0
113881;635548;2019-12-03;FRC;F21;;;37;37090;7039326774.0;;;2.6;2.58;2.62;2.59;2.58;2.58;0.0;0.0
113882;635549;2019-12-03;FRC;J21;;;4;1673;316586927.0;;;2.58;2.57;2.58;2.57;2.57;2.57;0.0;0.0
113883;635550;2019-12-03;FRC;N21;;;8;6476;1221580614.0;;;2.58;2.54;2.58;2.57;2.54;2.54;0.0;0.0
113884;635551;2019-12-03;FRC;V21;;;3;412;77506220.0;;;2.52;2.52;2.52;2.52;2.52;2.52;0.0;0.0
113885;635552;2019-12-03;FRC;F22;;;5;1853;347388411.0;;;2.56;2.51;2.56;2.53;2.51;2.51;0.0;0.0
113886;635553;2019-12-03;FRC;J22;;;0;0;0.0;;;0.0;0.0;0.0;0.0;0.0;2.5;0.0;0.0
113887;635554;2019-12-03;FRC;N22;;;3;3513;654983794.0;;;2.49;2.49;2.49;2.49;2.49;2.49;0.0;0.0
113888;635555;2019-12-03;FRC;V22;;;0;0;0.0;;;0.0;0.0;0.0;0.0;0.0;2.5;0.0;0.0
113889;635556;2019-12-03;FRC;F23;;;6;4283;793397364.0;;;2.51;2.51;2.51;2.51;2.51;2.51;0.0;0.0
113890;635557;2019-12-03;FRC;J23;;;0;0;0.0;;;0.0;0.0;0.0;0.0;0.0;2.53;0.0;0.0
113891;635558;2019-12-03;FRC;N23;;;1;192;35340527.0;;;2.53;2.53;2.53;2.53;2.53;2.53;0.0;0.0
113892;635559;2019-12-03;FRC;V23;;;4;573;104982020.0;;;2.64;2.56;2.64;2.61;2.56;2.57;0.0;2.57
113893;635560;2019-12-03;FRC;F24;;;8;3525;644074913.0;;;2.68;2.58;2.68;2.59;2.58;2.58;2.58;0.0
113894;635561;2019-12-03;FRC;J24;;;0;0;0.0;;;0.0;0.0;0.0;0.0;0.0;2.6;0.0;0.0
113895;635562;2019-12-03;FRC;N24;;;2;1913;347238672.0;;;2.69;2.61;2.69;2.61;2.61;2.63;0.0;0.0
113896;635563;2019-12-03;FRC;V24;;;0;0;0.0;;;0.0;0.0;0.0;0.0;0.0;2.61;2.61;0.0
113897;635564;2019-12-03;FRC;F25;;;7;1316;236711793.0;;;2.76;2.72;2.76;2.72;2.72;2.72;2.7;0.0
113898;635565;2019-12-03;FRC;N25;;;1;187;33381905.0;;;2.78;2.78;2.78;2.78;2.78;2.78;0.0;0.0
113899;635566;2019-12-03;FRC;F26;;;5;1167;206564524.0;;;2.85;2.83;2.85;2.84;2.83;2.83;2.82;2.85
113900;635567;2019-12-03;FRC;N26;;;4;588;103001852.0;;;2.99;2.93;2.99;2.97;2.93;2.93;0.0;0.0
113901;635568;2019-12-03;FRC;F27;;;2;547;95052583.0;;;3.0;3.0;3.0;3.0;3.0;2.99;0.0;0.0
113902;635569;2019-12-03;FRC;F28;;;0;0;0.0;;;0.0;0.0;0.0;0.0;0.0;3.16;0.0;0.0
113903;635570;2019-12-03;FRC;F29;;;0;0;0.0;;;0.0;0.0;0.0;0.0;0.0;3.3;0.0;0.0
113904;635571;2019-12-03;FRC;F30;;;0;0;0.0;;;0.0;0.0;0.0;0.0;0.0;3.37;0.0;0.0
113905;635572;2019-12-03;FRC;F31;;;0;0;0.0;;;0.0;0.0;0.0;0.0;0.0;3.43;0.0;0.0
113906;635740;2019-12-04;FRC;G20;;;42;52947;10189324467.0;;;2.73;2.73;2.76;2.74;2.76;2.75;2.76;2.77
113907;635741;2019-12-04;FRC;H20;;;17;17884;3438394881.0;;;2.65;2.63;2.68;2.65;2.68;2.66;2.67;2.69
113908;635742;2019-12-04;FRC;J20;;;23;12237;2350143729.0;;;2.63;2.63;2.65;2.64;2.65;2.65;0.0;0.0
113909;635743;2019-12-04;FRC;K20;;;7;1592;305406956.0;;;2.6;2.6;2.6;2.6;2.6;2.6;2.61;0.0
113910;635744;2019-12-04;FRC;M20;;;3;1591;304894120.0;;;2.62;2.62;2.62;2.62;2.62;2.62;0.0;0.0
113911;635745;2019-12-04;FRC;N20;;;17;24143;4621927281.0;;;2.6;2.59;2.63;2.6;2.62;2.62;2.6;2.63
113912;635746;2019-12-04;FRC;Q20;;;2;218;26202341.0;;;2.59;2.59;2.62;2.61;2.62;2.62;0.0;0.0
113913;635747;2019-12-04;FRC;U20;;;5;833;100129677.0;;;2.58;2.58;2.61;2.58;2.61;2.61;0.0;2.61
113914;635748;2019-12-04;FRC;V20;;;4;5784;1103740935.0;;;2.58;2.58;2.59;2.58;2.59;2.59;2.59;0.0
113915;635749;2019-12-04;FRC;X20;;;5;2176;260903785.0;;;2.61;2.61;2.61;2.61;2.61;2.61;2.6;0.0
113916;635750;2019-12-04;FRC;Z20;;;7;12038;1442171821.0;;;2.59;2.58;2.59;2.58;2.58;2.58;0.0;0.0
113917;635751;2019-12-04;FRC;F21;;;17;16741;3183927247.0;;;2.58;2.56;2.59;2.58;2.59;2.59;2.59;2.6
113918;635752;2019-12-04;FRC;J21;;;8;6103;1157227518.0;;;2.57;2.57;2.58;2.57;2.58;2.58;0.0;0.0
113919;635753;2019-12-04;FRC;N21;;;8;1962;370903348.0;;;2.55;2.55;2.55;2.55;2.55;2.55;0.0;0.0
113920;635754;2019-12-04;FRC;V21;;;1;39;7348744.0;;;2.55;2.55;2.55;2.55;2.55;2.54;0.0;0.0
113921;635755;2019-12-04;FRC;F22;;;6;1991;374083422.0;;;2.51;2.51;2.54;2.52;2.54;2.54;0.0;0.0
113922;635756;2019-12-04;FRC;J22;;;0;0;0.0;;;0.0;0.0;0.0;0.0;0.0;2.53;0.0;0.0
113923;635757;2019-12-04;FRC;N22;;;1;97;18119430.0;;;2.5;2.5;2.5;2.5;2.5;2.52;0.0;0.0
113924;635758;2019-12-04;FRC;V22;;;1;97;18064199.0;;;2.5;2.5;2.5;2.5;2.5;2.52;0.0;0.0
113925;635759;2019-12-04;FRC;F23;;;6;1351;250702151.0;;;2.53;2.53;2.53;2.53;2.53;2.53;0.0;0.0
113926;635760;2019-12-04;FRC;J23;;;0;0;0.0;;;0.0;0.0;0.0;0.0;0.0;2.55;0.0;0.0
113927;635761;2019-12-04;FRC;N23;;;1;192;35400506.0;;;2.55;2.55;2.55;2.55;2.55;2.55;0.0;0.0
113928;635762;2019-12-04;FRC;V23;;;1;115;21124672.0;;;2.59;2.59;2.59;2.59;2.59;2.6;0.0;0.0
113929;635763;2019-12-04;FRC;F24;;;7;3255;595545875.0;;;2.62;2.62;2.63;2.62;2.63;2.63;0.0;0.0
113930;635764;2019-12-04;FRC;J24;;;0;0;0.0;;;0.0;0.0;0.0;0.0;0.0;2.65;0.0;0.0
113931;635765;2019-12-04;FRC;N24;;;0;0;0.0;;;0.0;0.0;0.0;0.0;0.0;2.68;0.0;0.0
113932;635766;2019-12-04;FRC;V24;;;1;189;21556939.0;;;2.69;2.69;2.69;2.69;2.69;2.69;0.0;0.0
113933;635767;2019-12-04;FRC;F25;;;6;1128;203255237.0;;;2.74;2.74;2.74;2.74;2.74;2.74;0.0;0.0
113934;635768;2019-12-04;FRC;N25;;;0;0;0.0;;;0.0;0.0;0.0;0.0;0.0;2.8;0.0;0.0
113935;635769;2019-12-04;FRC;F26;;;8;1665;295126620.0;;;2.86;2.86;2.86;2.86;2.86;2.86;0.0;0.0
113936;635770;2019-12-04;FRC;N26;;;0;0;0.0;;;0.0;0.0;0.0;0.0;0.0;2.95;0.0;0.0
113937;635771;2019-12-04;FRC;F27;;;0;0;0.0;;;0.0;0.0;0.0;0.0;0.0;3.01;0.0;0.0
113938;635772;2019-12-04;FRC;F28;;;0;0;0.0;;;0.0;0.0;0.0;0.0;0.0;3.17;0.0;0.0
113939;635773;2019-12-04;FRC;F29;;;4;708;118618429.0;;;3.29;3.29;3.29;3.29;3.29;3.29;0.0;0.0
113940;635774;2019-12-04;FRC;F30;;;0;0;0.0;;;0.0;0.0;0.0;0.0;0.0;3.36;0.0;0.0
113941;635775;2019-12-04;FRC;F31;;;0;0;0.0;;;0.0;0.0;0.0;0.0;0.0;3.42;0.0;0.0
113942;635943;2019-12-05;FRC;G20;;;38;71680;13788835727.0;;;2.75;2.75;2.81;2.79;2.8;2.8;2.8;2.81
113943;635944;2019-12-05;FRC;H20;;;14;12973;2493133810.0;;;2.65;2.65;2.72;2.7;2.72;2.72;2.71;2.74
113944;635945;2019-12-05;FRC;J20;;;23;22944;4404703679.0;;;2.66;2.65;2.67;2.66;2.67;2.67;2.66;0.0
113945;635946;2019-12-05;FRC;K20;;;15;10351;1984908119.0;;;2.61;2.61;2.63;2.62;2.63;2.63;0.0;0.0
113946;635947;2019-12-05;FRC;M20;;;5;3024;579299498.0;;;2.63;2.62;2.63;2.62;2.62;2.62;0.0;0.0
113947;635948;2019-12-05;FRC;N20;;;24;16314;3121864128.0;;;2.62;2.6;2.63;2.61;2.62;2.62;0.0;0.0
113948;635949;2019-12-05;FRC;Q20;;;5;1487;178663259.0;;;2.62;2.62;2.62;2.62;2.62;2.62;0.0;0.0
113949;635950;2019-12-05;FRC;U20;;;2;396;47521296.0;;;2.61;2.61;2.61;2.61;2.61;2.61;0.0;0.0
113950;635951;2019-12-05;FRC;V20;;;33;10395;1982813934.0;;;2.6;2.59;2.62;2.59;2.59;2.59;0.0;0.0
113951;635952;2019-12-05;FRC;X20;;;5;1781;213463686.0;;;2.6;2.59;2.6;2.59;2.59;2.6;0.0;0.0
113952;635953;2019-12-05;FRC;Z20;;;4;792;94922225.0;;;2.58;2.58;2.58;2.58;2.58;2.58;0.0;0.0
113953;635954;2019-12-05;FRC;F21;;;22;10479;1992135747.0;;;2.59;2.59;2.59;2.59;2.59;2.59;0.0;2.59
113954;635955;2019-12-05;FRC;J21;;;6;2836;537551691.0;;;2.57;2.57;2.58;2.57;2.58;2.58;2.57;2.59
113955;635956;2019-12-05;FRC;N21;;;6;1176;222212668.0;;;2.56;2.56;2.56;2.56;2.56;2.56;0.0;0.0
113956;635957;2019-12-05;FRC;V21;;;1;39;7346718.0;;;2.54;2.54;2.54;2.54;2.54;2.55;2.54;0.0
113957;635958;2019-12-05;FRC;F22;;;0;0;0.0;;;0.0;0.0;0.0;0.0;0.0;2.55;0.0;0.0
113958;635959;2019-12-05;FRC;J22;;;0;0;0.0;;;0.0;0.0;0.0;0.0;0.0;2.54;0.0;0.0
113959;635960;2019-12-05;FRC;N22;;;2;58;10825188.0;;;2.53;2.53;2.53;2.53;2.53;2.53;0.0;0.0
113960;635961;2019-12-05;FRC;V22;;;2;386;71816383.0;;;2.53;2.53;2.53;2.53;2.53;2.53;0.0;0.0
113961;635962;2019-12-05;FRC;F23;;;9;1447;268375627.0;;;2.54;2.54;2.54;2.54;2.54;2.54;0.0;0.0
113962;635963;2019-12-05;FRC;J23;;;2;57;10530621.0;;;2.56;2.56;2.56;2.56;2.56;2.57;0.0;0.0
113963;635964;2019-12-05;FRC;N23;;;0;0;0.0;;;0.0;0.0;0.0;0.0;0.0;2.58;0.0;0.0
113964;635965;2019-12-05;FRC;V23;;;2;878;161133663.0;;;2.61;2.61;2.61;2.61;2.61;2.6;0.0;0.0
113965;635966;2019-12-05;FRC;F24;;;11;5556;1015997870.0;;;2.63;2.63;2.64;2.63;2.64;2.64;0.0;0.0
113966;635967;2019-12-05;FRC;J24;;;0;0;0.0;;;0.0;0.0;0.0;0.0;0.0;2.66;0.0;0.0
113967;635968;2019-12-05;FRC;N24;;;0;0;0.0;;;0.0;0.0;0.0;0.0;0.0;2.69;0.0;0.0
113968;635969;2019-12-05;FRC;V24;;;0;0;0.0;;;0.0;0.0;0.0;0.0;0.0;2.69;0.0;0.0
113969;635970;2019-12-05;FRC;F25;;;3;2254;405884756.0;;;2.75;2.75;2.75;2.75;2.75;2.74;0.0;0.0
113970;635971;2019-12-05;FRC;N25;;;0;0;0.0;;;0.0;0.0;0.0;0.0;0.0;2.8;0.0;0.0
113971;635972;2019-12-05;FRC;F26;;;2;370;65542501.0;;;2.87;2.87;2.87;2.87;2.87;2.87;0.0;0.0
113972;635973;2019-12-05;FRC;N26;;;1;184;32299829.0;;;2.96;2.96;2.96;2.96;2.96;2.96;0.0;0.0
113973;635974;2019-12-05;FRC;F27;;;0;0;0.0;;;0.0;0.0;0.0;0.0;0.0;3.01;0.0;0.0
113974;635975;2019-12-05;FRC;F28;;;0;0;0.0;;;0.0;0.0;0.0;0.0;0.0;3.14;0.0;0.0
113975;635976;2019-12-05;FRC;F29;;;0;0;0.0;;;0.0;0.0;0.0;0.0;0.0;3.26;0.0;0.0
113976;635977;2019-12-05;FRC;F30;;;0;0;0.0;;;0.0;0.0;0.0;0.0;0.0;3.33;0.0;0.0
113977;635978;2019-12-05;FRC;F31;;;0;0;0.0;;;0.0;0.0;0.0;0.0;0.0;3.39;0.0;0.0
113978;636146;2019-12-06;FRC;G20;;;56;84297;16110082386.0;;;2.77;2.75;2.82;2.8;2.82;2.82;0.0;2.82
113979;636147;2019-12-06;FRC;H20;;;20;32790;6260383110.0;;;2.72;2.69;2.75;2.71;2.73;2.75;2.7;2.74
113980;636148;2019-12-06;FRC;J20;;;25;17363;3311582612.0;;;2.65;2.65;2.67;2.65;2.66;2.66;0.0;2.67
113981;636149;2019-12-06;FRC;K20;;;9;4718;898849426.0;;;2.63;2.61;2.63;2.61;2.61;2.61;0.0;2.63
113982;636150;2019-12-06;FRC;M20;;;2;438;83363376.0;;;2.6;2.6;2.6;2.6;2.6;2.6;0.0;0.0
113983;636151;2019-12-06;FRC;N20;;;30;5835;1109331406.0;;;2.61;2.61;2.62;2.61;2.61;2.61;2.61;2.62
113984;636152;2019-12-06;FRC;Q20;;;9;3173;377333127.0;;;2.6;2.6;2.6;2.6;2.6;2.6;0.0;0.0
113985;636153;2019-12-06;FRC;U20;;;1;198;23513882.0;;;2.6;2.6;2.6;2.6;2.6;2.6;0.0;0.0
113986;636154;2019-12-06;FRC;V20;;;5;2891;547908861.0;;;2.57;2.57;2.57;2.57;2.57;2.57;2.57;0.0
113987;636155;2019-12-06;FRC;X20;;;0;0;0.0;;;0.0;0.0;0.0;0.0;0.0;2.58;0.0;0.0
113988;636156;2019-12-06;FRC;Z20;;;0;0;0.0;;;0.0;0.0;0.0;0.0;0.0;2.55;0.0;0.0
113989;636157;2019-12-06;FRC;F21;;;22;5918;1117892500.0;;;2.61;2.56;2.61;2.56;2.56;2.56;0.0;0.0
113990;636158;2019-12-06;FRC;J21;;;4;709;133531924.0;;;2.55;2.55;2.55;2.55;2.55;2.55;0.0;0.0
113991;636159;2019-12-06;FRC;N21;;;2;177;33236464.0;;;2.53;2.53;2.53;2.53;2.53;2.53;0.0;0.0
113992;636160;2019-12-06;FRC;V21;;;0;0;0.0;;;0.0;0.0;0.0;0.0;0.0;2.53;0.0;0.0
113993;636161;2019-12-06;FRC;F22;;;1;390;72735511.0;;;2.57;2.57;2.57;2.57;2.57;2.53;2.53;0.0
113994;636162;2019-12-06;FRC;J22;;;0;0;0.0;;;0.0;0.0;0.0;0.0;0.0;2.52;0.0;0.0
113995;636163;2019-12-06;FRC;N22;;;0;0;0.0;;;0.0;0.0;0.0;0.0;0.0;2.51;2.52;0.0
113996;636164;2019-12-06;FRC;V22;;;1;97;17929800.0;;;2.54;2.54;2.54;2.54;2.54;2.52;0.0;0.0
113997;636165;2019-12-06;FRC;F23;;;5;965;177838713.0;;;2.53;2.53;2.53;2.53;2.53;2.53;0.0;0.0
113998;636166;2019-12-06;FRC;J23;;;0;0;0.0;;;0.0;0.0;0.0;0.0;0.0;2.56;0.0;0.0
113999;636167;2019-12-06;FRC;N23;;;0;0;0.0;;;0.0;0.0;0.0;0.0;0.0;2.56;0.0;0.0
114000;636168;2019-12-06;FRC;V23;;;0;0;0.0;;;0.0;0.0;0.0;0.0;0.0;2.58;0.0;0.0
114001;636169;2019-12-06;FRC;F24;;;17;3803;691039351.0;;;2.62;2.62;2.62;2.62;2.62;2.62;0.0;0.0
114002;636170;2019-12-06;FRC;J24;;;0;0;0.0;;;0.0;0.0;0.0;0.0;0.0;2.65;0.0;0.0
114003;636171;2019-12-06;FRC;N24;;;0;0;0.0;;;0.0;0.0;0.0;0.0;0.0;2.68;0.0;0.0
114004;636172;2019-12-06;FRC;V24;;;0;0;0.0;;;0.0;0.0;0.0;0.0;0.0;2.69;0.0;0.0
114005;636173;2019-12-06;FRC;F25;;;7;2199;393455690.0;;;2.74;2.74;2.75;2.74;2.75;2.75;0.0;0.0
114006;636174;2019-12-06;FRC;N25;;;0;0;0.0;;;0.0;0.0;0.0;0.0;0.0;2.81;0.0;0.0
114007;636175;2019-12-06;FRC;F26;;;7;1851;325681117.0;;;2.88;2.88;2.88;2.88;2.88;2.88;0.0;0.0
114008;636176;2019-12-06;FRC;N26;;;0;0;0.0;;;0.0;0.0;0.0;0.0;0.0;2.94;0.0;0.0
114009;636177;2019-12-06;FRC;F27;;;0;0;0.0;;;0.0;0.0;0.0;0.0;0.0;2.99;2.99;0.0
114010;636178;2019-12-06;FRC;F28;;;0;0;0.0;;;0.0;0.0;0.0;0.0;0.0;3.12;0.0;0.0
114011;636179;2019-12-06;FRC;F29;;;0;0;0.0;;;0.0;0.0;0.0;0.0;0.0;3.24;0.0;0.0
114012;636180;2019-12-06;FRC;F30;;;0;0;0.0;;;0.0;0.0;0.0;0.0;0.0;3.31;0.0;0.0
114013;636181;2019-12-06;FRC;F31;;;0;0;0.0;;;0.0;0.0;0.0;0.0;0.0;3.37;0.0;0.0
114014;636349;2019-12-09;FRC;G20;;;18;35957;6890623018.0;;;2.8;2.8;2.8;2.8;2.8;2.8;2.79;2.8
114015;636350;2019-12-09;FRC;H20;;;5;9978;1910261580.0;;;2.71;2.71;2.71;2.71;2.71;2.71;2.71;2.72
114016;636351;2019-12-09;FRC;J20;;;9;3389;648157739.0;;;2.64;2.64;2.64;2.64;2.64;2.64;2.62;2.65
114017;636352;2019-12-09;FRC;K20;;;0;0;0.0;;;0.0;0.0;0.0;0.0;0.0;2.58;2.58;0.0
114018;636353;2019-12-09;FRC;M20;;;10;4894;934073602.0;;;2.57;2.57;2.57;2.57;2.57;2.57;0.0;0.0
114019;636354;2019-12-09;FRC;N20;;;11;2804;534605875.0;;;2.6;2.57;2.6;2.57;2.57;2.57;0.0;2.59
114020;636355;2019-12-09;FRC;Q20;;;3;991;118312423.0;;;2.57;2.57;2.57;2.57;2.57;2.57;0.0;0.0
114021;636356;2019-12-09;FRC;U20;;;1;198;23614674.0;;;2.56;2.56;2.56;2.56;2.56;2.56;0.0;0.0
114022;636357;2019-12-09;FRC;V20;;;7;1386;263425941.0;;;2.54;2.54;2.54;2.54;2.54;2.54;2.54;0.0
114023;636358;2019-12-09;FRC;X20;;;0;0;0.0;;;0.0;0.0;0.0;0.0;0.0;2.55;0.0;0.0
114024;636359;2019-12-09;FRC;Z20;;;1;198;23585602.0;;;2.52;2.52;2.52;2.52;2.52;2.52;0.0;0.0
114025;636360;2019-12-09;FRC;F21;;;14;6158;1166487794.0;;;2.56;2.53;2.56;2.54;2.53;2.53;0.0;0.0
114026;636361;2019-12-09;FRC;J21;;;1;394;74422254.0;;;2.52;2.52;2.52;2.52;2.52;2.52;0.0;0.0
114027;636362;2019-12-09;FRC;N21;;;6;1176;221451286.0;;;2.51;2.51;2.51;2.51;2.51;2.51;0.0;0.0
114028;636363;2019-12-09;FRC;V21;;;7;902;169329616.0;;;2.53;2.51;2.53;2.51;2.51;2.51;0.0;0.0
114029;636364;2019-12-09;FRC;F22;;;3;352;65875380.0;;;2.53;2.49;2.53;2.5;2.49;2.49;0.0;0.0
114030;636365;2019-12-09;FRC;J22;;;2;253;47212156.0;;;2.49;2.49;2.49;2.49;2.49;2.49;0.0;0.0
114031;636366;2019-12-09;FRC;N22;;;2;388;72192148.0;;;2.48;2.48;2.48;2.48;2.48;2.48;0.0;0.0
114032;636367;2019-12-09;FRC;V22;;;2;97;17989307.0;;;2.52;2.48;2.52;2.49;2.48;2.48;0.0;0.0
114033;636368;2019-12-09;FRC;F23;;;11;2393;442522951.0;;;2.48;2.48;2.48;2.48;2.48;2.48;0.0;0.0
114034;636369;2019-12-09;FRC;J23;;;0;0;0.0;;;0.0;0.0;0.0;0.0;0.0;2.51;0.0;0.0
114035;636370;2019-12-09;FRC;N23;;;1;192;35275501.0;;;2.51;2.51;2.51;2.51;2.51;2.51;0.0;2.52
114036;636371;2019-12-09;FRC;V23;;;0;0;0.0;;;0.0;0.0;0.0;0.0;0.0;2.54;0.0;2.55
114037;636372;2019-12-09;FRC;F24;;;2;380;69273417.0;;;2.59;2.59;2.59;2.59;2.59;2.59;0.0;2.6
114038;636373;2019-12-09;FRC;J24;;;0;0;0.0;;;0.0;0.0;0.0;0.0;0.0;2.62;0.0;0.0
114039;636374;2019-12-09;FRC;N24;;;0;0;0.0;;;0.0;0.0;0.0;0.0;0.0;2.64;0.0;0.0
114040;636375;2019-12-09;FRC;V24;;;0;0;0.0;;;0.0;0.0;0.0;0.0;0.0;2.65;0.0;0.0
114041;636376;2019-12-09;FRC;F25;;;7;1222;219469946.0;;;2.7;2.7;2.7;2.7;2.7;2.7;0.0;0.0
114042;636377;2019-12-09;FRC;N25;;;0;0;0.0;;;0.0;0.0;0.0;0.0;0.0;2.76;0.0;0.0
114043;636378;2019-12-09;FRC;F26;;;3;555;98042292.0;;;2.83;2.83;2.83;2.83;2.83;2.83;0.0;0.0
114044;636379;2019-12-09;FRC;N26;;;0;0;0.0;;;0.0;0.0;0.0;0.0;0.0;2.9;0.0;0.0
114045;636380;2019-12-09;FRC;F27;;;0;0;0.0;;;0.0;0.0;0.0;0.0;0.0;2.98;0.0;0.0
114046;636381;2019-12-09;FRC;F28;;;0;0;0.0;;;0.0;0.0;0.0;0.0;0.0;3.11;0.0;0.0
114047;636382;2019-12-09;FRC;F29;;;1;177;29572764.0;;;3.25;3.25;3.25;3.25;3.25;3.25;0.0;0.0
114048;636383;2019-12-09;FRC;F30;;;0;0;0.0;;;0.0;0.0;0.0;0.0;0.0;3.32;0.0;0.0
114049;636384;2019-12-09;FRC;F31;;;0;0;0.0;;;0.0;0.0;0.0;0.0;0.0;3.38;0.0;0.0
114050;636552;2019-12-10;FRC;G20;;;40;88117;16960229003.0;;;2.76;2.76;2.79;2.76;2.79;2.76;0.0;0.0
114051;636553;2019-12-10;FRC;H20;;;16;14969;2878276930.0;;;2.69;2.69;2.7;2.69;2.7;2.7;0.0;0.0
114052;636554;2019-12-10;FRC;J20;;;5;2212;424897907.0;;;2.63;2.63;2.63;2.63;2.63;2.63;2.6;2.63
114053;636555;2019-12-10;FRC;K20;;;0;0;0.0;;;0.0;0.0;0.0;0.0;0.0;2.57;0.0;0.0
114054;636556;2019-12-10;FRC;M20;;;0;0;0.0;;;0.0;0.0;0.0;0.0;0.0;2.56;0.0;0.0
114055;636557;2019-12-10;FRC;N20;;;8;2207;422633705.0;;;2.57;2.55;2.57;2.55;2.55;2.55;0.0;2.55
114056;636558;2019-12-10;FRC;Q20;;;0;0;0.0;;;0.0;0.0;0.0;0.0;0.0;2.56;0.0;0.0
114057;636559;2019-12-10;FRC;U20;;;14;4404;529476861.0;;;2.6;2.55;2.6;2.55;2.56;2.55;0.0;0.0
114058;636560;2019-12-10;FRC;V20;;;12;3722;710539112.0;;;2.52;2.52;2.53;2.52;2.53;2.52;0.0;0.0
114059;636561;2019-12-10;FRC;X20;;;6;5204;624157134.0;;;2.53;2.52;2.54;2.52;2.52;2.52;0.0;2.53
114060;636562;2019-12-10;FRC;Z20;;;0;0;0.0;;;0.0;0.0;0.0;0.0;0.0;2.49;0.0;0.0
114061;636563;2019-12-10;FRC;F21;;;14;7311;1391279465.0;;;2.5;2.5;2.5;2.5;2.5;2.5;0.0;0.0
114062;636564;2019-12-10;FRC;J21;;;4;1970;373800671.0;;;2.49;2.49;2.49;2.49;2.49;2.49;0.0;2.5
114063;636565;2019-12-10;FRC;N21;;;4;608;115014004.0;;;2.55;2.47;2.55;2.48;2.47;2.47;0.0;2.47
114064;636566;2019-12-10;FRC;V21;;;5;373;70323857.0;;;2.51;2.51;2.52;2.51;2.52;2.46;0.0;0.0
114065;636567;2019-12-10;FRC;F22;;;7;1756;330280213.0;;;2.43;2.43;2.43;2.43;2.43;2.43;0.0;0.0
114066;636568;2019-12-10;FRC;J22;;;0;0;0.0;;;0.0;0.0;0.0;0.0;0.0;2.43;0.0;0.0
114067;636569;2019-12-10;FRC;N22;;;0;0;0.0;;;0.0;0.0;0.0;0.0;0.0;2.41;2.41;0.0
114068;636570;2019-12-10;FRC;V22;;;2;213;39714479.0;;;2.47;2.41;2.47;2.41;2.41;2.41;0.0;0.0
114069;636571;2019-12-10;FRC;F23;;;22;9563;1777616045.0;;;2.47;2.41;2.47;2.42;2.41;2.42;2.4;0.0
114070;636572;2019-12-10;FRC;J23;;;1;193;35763768.0;;;2.44;2.44;2.44;2.44;2.44;2.44;0.0;2.44
114071;636573;2019-12-10;FRC;N23;;;1;192;35470009.0;;;2.44;2.44;2.44;2.44;2.44;2.44;0.0;2.45
114072;636574;2019-12-10;FRC;V23;;;0;0;0.0;;;0.0;0.0;0.0;0.0;0.0;2.47;0.0;2.47
114073;636575;2019-12-10;FRC;F24;;;9;4654;853093487.0;;;2.56;2.51;2.56;2.53;2.51;2.51;0.0;0.0
114074;636576;2019-12-10;FRC;J24;;;0;0;0.0;;;0.0;0.0;0.0;0.0;0.0;2.54;0.0;0.0
114075;636577;2019-12-10;FRC;N24;;;0;0;0.0;;;0.0;0.0;0.0;0.0;0.0;2.55;0.0;0.0
114076;636578;2019-12-10;FRC;V24;;;0;0;0.0;;;0.0;0.0;0.0;0.0;0.0;2.56;0.0;0.0
114077;636579;2019-12-10;FRC;F25;;;24;7943;1435406567.0;;;2.69;2.6;2.69;2.62;2.6;2.6;2.6;0.0
114078;636580;2019-12-10;FRC;N25;;;0;0;0.0;;;0.0;0.0;0.0;0.0;0.0;2.66;0.0;0.0
114079;636581;2019-12-10;FRC;F26;;;0;0;0.0;;;0.0;0.0;0.0;0.0;0.0;2.73;2.73;0.0
114080;636582;2019-12-10;FRC;N26;;;2;368;64741000.0;;;2.9;2.9;2.9;2.9;2.9;2.8;0.0;0.0
114081;636583;2019-12-10;FRC;F27;;;2;366;63989987.0;;;2.88;2.88;2.88;2.88;2.88;2.88;0.0;0.0
114082;636584;2019-12-10;FRC;F28;;;0;0;0.0;;;0.0;0.0;0.0;0.0;0.0;3.01;0.0;0.0
114083;636585;2019-12-10;FRC;F29;;;2;177;29701177.0;;;3.25;3.25;3.25;3.25;3.25;3.15;0.0;0.0
114084;636586;2019-12-10;FRC;F30;;;0;0;0.0;;;0.0;0.0;0.0;0.0;0.0;3.22;0.0;0.0
114085;636587;2019-12-10;FRC;F31;;;0;0;0.0;;;0.0;0.0;0.0;0.0;0.0;3.28;0.0;0.0
114086;636755;2019-12-11;FRC;G20;;;23;53395;10270076539.0;;;2.7;2.7;2.8;2.79;2.8;2.8;0.0;2.81
114087;636756;2019-12-11;FRC;H20;;;5;4531;870618805.0;;;2.68;2.68;2.73;2.72;2.73;2.73;0.0;0.0
114088;636757;2019-12-11;FRC;J20;;;14;13358;2564127794.0;;;2.59;2.59;2.65;2.64;2.65;2.65;2.6;2.65
114089;636758;2019-12-11;FRC;K20;;;16;5773;1106982934.0;;;2.54;2.54;2.58;2.57;2.58;2.58;0.0;2.58
114090;636759;2019-12-11;FRC;M20;;;12;25864;4955078845.0;;;2.52;2.52;2.53;2.52;2.53;2.53;0.0;0.0
114091;636760;2019-12-11;FRC;N20;;;10;2743;524970633.0;;;2.5;2.5;2.52;2.51;2.52;2.52;2.5;2.52
114092;636761;2019-12-11;FRC;Q20;;;0;0;0.0;;;0.0;0.0;0.0;0.0;0.0;2.53;0.0;2.53
114093;636762;2019-12-11;FRC;U20;;;9;1487;178526075.0;;;2.52;2.52;2.52;2.52;2.52;2.52;0.0;2.52
114094;636763;2019-12-11;FRC;V20;;;37;11472;2188956932.0;;;2.5;2.47;2.5;2.47;2.47;2.47;2.45;0.0
114095;636764;2019-12-11;FRC;X20;;;0;0;0.0;;;0.0;0.0;0.0;0.0;0.0;2.47;2.47;0.0
114096;636765;2019-12-11;FRC;Z20;;;7;1386;166078231.0;;;2.44;2.44;2.44;2.44;2.44;2.44;0.0;0.0
114097;636766;2019-12-11;FRC;F21;;;34;11464;2180636156.0;;;2.46;2.45;2.49;2.45;2.45;2.45;0.0;2.45
114098;636767;2019-12-11;FRC;J21;;;4;788;149477205.0;;;2.43;2.43;2.43;2.43;2.43;2.43;0.0;0.0
114099;636768;2019-12-11;FRC;N21;;;5;804;152026668.0;;;2.47;2.43;2.47;2.44;2.44;2.43;0.0;2.43
114100;636769;2019-12-11;FRC;V21;;;7;1215;229071761.0;;;2.46;2.42;2.46;2.43;2.42;2.42;0.0;2.42
114101;636770;2019-12-11;FRC;F22;;;3;1055;198363179.0;;;2.4;2.4;2.4;2.4;2.4;2.39;0.0;2.4
114102;636771;2019-12-11;FRC;J22;;;0;0;0.0;;;0.0;0.0;0.0;0.0;0.0;2.39;0.0;0.0
114103;636772;2019-12-11;FRC;N22;;;5;970;181385404.0;;;2.37;2.37;2.37;2.37;2.37;2.37;0.0;0.0
114104;636773;2019-12-11;FRC;V22;;;0;0;0.0;;;0.0;0.0;0.0;0.0;0.0;2.36;0.0;0.0
114105;636774;2019-12-11;FRC;F23;;;12;8036;1493287682.0;;;2.42;2.36;2.42;2.39;2.36;2.36;2.35;2.4
114106;636775;2019-12-11;FRC;J23;;;0;0;0.0;;;0.0;0.0;0.0;0.0;0.0;2.38;0.0;0.0
114107;636776;2019-12-11;FRC;N23;;;2;576;106426696.0;;;2.39;2.39;2.39;2.39;2.39;2.38;0.0;0.0
114108;636777;2019-12-11;FRC;V23;;;0;0;0.0;;;0.0;0.0;0.0;0.0;0.0;2.42;0.0;0.0
114109;636778;2019-12-11;FRC;F24;;;8;4083;748740587.0;;;2.51;2.46;2.51;2.47;2.47;2.46;2.47;2.48
114110;636779;2019-12-11;FRC;J24;;;0;0;0.0;;;0.0;0.0;0.0;0.0;0.0;2.5;0.0;0.0
114111;636780;2019-12-11;FRC;N24;;;0;0;0.0;;;0.0;0.0;0.0;0.0;0.0;2.51;0.0;0.0
114112;636781;2019-12-11;FRC;V24;;;2;189;21561571.0;;;2.54;2.54;2.54;2.54;2.54;2.53;0.0;0.0
114113;636782;2019-12-11;FRC;F25;;;32;16128;2915764348.0;;;2.6;2.55;2.61;2.57;2.58;2.58;2.56;0.0
114114;636783;2019-12-11;FRC;N25;;;0;0;0.0;;;0.0;0.0;0.0;0.0;0.0;2.64;0.0;0.0
114115;636784;2019-12-11;FRC;F26;;;22;2588;460392036.0;;;2.73;2.71;2.73;2.72;2.72;2.71;0.0;2.71
114116;636785;2019-12-11;FRC;N26;;;2;645;113730583.0;;;2.8;2.8;2.8;2.8;2.8;2.79;0.0;0.0
114117;636786;2019-12-11;FRC;F27;;;6;824;143976644.0;;;2.88;2.88;2.88;2.88;2.88;2.88;0.0;0.0
114118;636787;2019-12-11;FRC;F28;;;0;0;0.0;;;0.0;0.0;0.0;0.0;0.0;3.01;0.0;0.0
114119;636788;2019-12-11;FRC;F29;;;2;107;18026199.0;;;3.15;3.15;3.15;3.15;3.15;3.15;0.0;0.0
114120;636789;2019-12-11;FRC;F30;;;0;0;0.0;;;0.0;0.0;0.0;0.0;0.0;3.22;0.0;0.0
114121;636790;2019-12-11;FRC;F31;;;0;0;0.0;;;0.0;0.0;0.0;0.0;0.0;3.28;0.0;0.0
114122;636958;2019-12-12;FRC;G20;;;80;164493;31625663027.0;;;2.79;2.79;2.87;2.84;2.86;2.87;2.82;2.86
114123;636959;2019-12-12;FRC;H20;;;28;26742;5136224301.0;;;2.7;2.7;2.79;2.76;2.79;2.79;2.75;2.78
114124;636960;2019-12-12;FRC;J20;;;45;31295;6004738341.0;;;2.63;2.62;2.69;2.66;2.65;2.68;0.0;0.0
114125;636961;2019-12-12;FRC;K20;;;16;6072;1163825779.0;;;2.58;2.58;2.6;2.59;2.59;2.59;0.0;0.0
114126;636962;2019-12-12;FRC;M20;;;23;6248;1196477336.0;;;2.51;2.51;2.57;2.55;2.57;2.57;0.0;0.0
114127;636963;2019-12-12;FRC;N20;;;31;14483;2770691718.0;;;2.5;2.49;2.55;2.53;2.55;2.55;0.0;0.0
114128;636964;2019-12-12;FRC;Q20;;;5;3354;402800817.0;;;2.52;2.52;2.56;2.55;2.56;2.56;0.0;2.56
114129;636965;2019-12-12;FRC;U20;;;6;1983;237934586.0;;;2.55;2.55;2.55;2.55;2.55;2.55;0.0;0.0
114130;636966;2019-12-12;FRC;V20;;;20;6535;1246289051.0;;;2.51;2.51;2.51;2.51;2.51;2.51;0.0;0.0
114131;636967;2019-12-12;FRC;X20;;;7;2178;260892006.0;;;2.48;2.48;2.48;2.48;2.48;2.51;2.48;2.51
114132;636968;2019-12-12;FRC;Z20;;;3;1187;142068180.0;;;2.44;2.44;2.45;2.44;2.45;2.47;0.0;0.0
114133;636969;2019-12-12;FRC;F21;;;46;17297;3288778455.0;;;2.45;2.44;2.49;2.46;2.48;2.48;0.0;0.0
114134;636970;2019-12-12;FRC;J21;;;2;394;74695678.0;;;2.44;2.44;2.48;2.46;2.48;2.48;0.0;0.0
114135;636971;2019-12-12;FRC;N21;;;4;824;155747955.0;;;2.47;2.45;2.47;2.45;2.45;2.45;0.0;0.0
114136;636972;2019-12-12;FRC;V21;;;0;0;0.0;;;0.0;0.0;0.0;0.0;0.0;2.44;0.0;0.0
114137;636973;2019-12-12;FRC;F22;;;12;6857;1288642272.0;;;2.41;2.41;2.41;2.41;2.41;2.41;2.4;0.0
114138;636974;2019-12-12;FRC;J22;;;0;0;0.0;;;0.0;0.0;0.0;0.0;0.0;2.41;0.0;0.0
114139;636975;2019-12-12;FRC;N22;;;2;233;43545377.0;;;2.37;2.37;2.39;2.38;2.39;2.39;0.0;0.0
114140;636976;2019-12-12;FRC;V22;;;0;0;0.0;;;0.0;0.0;0.0;0.0;0.0;2.4;0.0;0.0
114141;636977;2019-12-12;FRC;F23;;;10;2549;473344455.0;;;2.36;2.36;2.42;2.41;2.42;2.42;0.0;0.0
114142;636978;2019-12-12;FRC;J23;;;1;39;7228669.0;;;2.38;2.38;2.38;2.38;2.38;2.44;0.0;0.0
114143;636979;2019-12-12;FRC;N23;;;0;0;0.0;;;0.0;0.0;0.0;0.0;0.0;2.44;0.0;0.0
114144;636980;2019-12-12;FRC;V23;;;0;0;0.0;;;0.0;0.0;0.0;0.0;0.0;2.48;0.0;0.0
114145;636981;2019-12-12;FRC;F24;;;0;0;0.0;;;0.0;0.0;0.0;0.0;0.0;2.52;0.0;0.0
114146;636982;2019-12-12;FRC;J24;;;0;0;0.0;;;0.0;0.0;0.0;0.0;0.0;2.57;0.0;0.0
114147;636983;2019-12-12;FRC;N24;;;0;0;0.0;;;0.0;0.0;0.0;0.0;0.0;2.58;0.0;0.0
114148;636984;2019-12-12;FRC;V24;;;0;0;0.0;;;0.0;0.0;0.0;0.0;0.0;2.6;0.0;0.0
114149;636985;2019-12-12;FRC;F25;;;3;564;101741540.0;;;2.65;2.65;2.65;2.65;2.65;2.65;0.0;0.0
114150;636986;2019-12-12;FRC;N25;;;0;0;0.0;;;0.0;0.0;0.0;0.0;0.0;2.71;0.0;0.0
114151;636987;2019-12-12;FRC;F26;;;0;0;0.0;;;0.0;0.0;0.0;0.0;0.0;2.78;0.0;0.0
114152;636988;2019-12-12;FRC;N26;;;0;0;0.0;;;0.0;0.0;0.0;0.0;0.0;2.86;0.0;0.0
114153;636989;2019-12-12;FRC;F27;;;0;0;0.0;;;0.0;0.0;0.0;0.0;0.0;2.95;0.0;0.0
114154;636990;2019-12-12;FRC;F28;;;2;379;65027550.0;;;3.01;3.01;3.01;3.01;3.01;3.08;0.0;0.0
114155;636991;2019-12-12;FRC;F29;;;2;356;59936256.0;;;3.15;3.15;3.15;3.15;3.15;3.22;0.0;0.0
114156;636992;2019-12-12;FRC;F30;;;0;0;0.0;;;0.0;0.0;0.0;0.0;0.0;3.29;0.0;0.0
114157;636993;2019-12-12;FRC;F31;;;0;0;0.0;;;0.0;0.0;0.0;0.0;0.0;3.35;0.0;0.0
114158;637161;2019-12-13;FRC;G20;;;83;149491;28808033121.0;;;2.77;2.77;2.87;2.85;2.86;2.87;2.84;0.0
114159;637162;2019-12-13;FRC;H20;;;46;38340;7381116985.0;;;2.7;2.68;2.76;2.74;2.76;2.76;2.72;2.76
114160;637163;2019-12-13;FRC;J20;;;49;47051;9049306338.0;;;2.59;2.58;2.65;2.63;2.65;2.65;2.63;2.67
114161;637164;2019-12-13;FRC;K20;;;7;2787;535460377.0;;;2.56;2.56;2.56;2.56;2.56;2.56;2.54;2.56
114162;637165;2019-12-13;FRC;M20;;;1;199;38198445.0;;;2.53;2.53;2.53;2.53;2.53;2.53;0.0;0.0
114163;637166;2019-12-13;FRC;N20;;;17;7749;1485916865.0;;;2.53;2.5;2.53;2.51;2.52;2.52;2.48;2.52
114164;637167;2019-12-13;FRC;Q20;;;2;596;71886840.0;;;2.51;2.51;2.51;2.51;2.51;2.51;0.0;2.51
114165;637168;2019-12-13;FRC;U20;;;0;0;0.0;;;0.0;0.0;0.0;0.0;0.0;2.5;0.0;0.0
114166;637169;2019-12-13;FRC;V20;;;14;5152;985057802.0;;;2.45;2.45;2.45;2.45;2.45;2.45;2.42;0.0
114167;637170;2019-12-13;FRC;X20;;;1;198;23805357.0;;;2.45;2.45;2.45;2.45;2.45;2.45;2.4;2.45
114168;637171;2019-12-13;FRC;Z20;;;3;594;71394394.0;;;2.41;2.41;2.41;2.41;2.41;2.41;0.0;0.0
114169;637172;2019-12-13;FRC;F21;;;19;7314;1394349300.0;;;2.4;2.4;2.4;2.4;2.4;2.4;2.38;0.0
114170;637173;2019-12-13;FRC;J21;;;0;0;0.0;;;0.0;0.0;0.0;0.0;0.0;2.4;0.0;0.0
114171;637174;2019-12-13;FRC;N21;;;3;591;112043431.0;;;2.37;2.37;2.37;2.37;2.37;2.37;0.0;0.0
114172;637175;2019-12-13;FRC;V21;;;1;196;37033709.0;;;2.41;2.41;2.41;2.41;2.41;2.34;0.0;0.0
114173;637176;2019-12-13;FRC;F22;;;10;3327;627346436.0;;;2.31;2.31;2.31;2.31;2.31;2.31;0.0;0.0
114174;637177;2019-12-13;FRC;J22;;;1;195;36667742.0;;;2.31;2.31;2.31;2.31;2.31;2.31;0.0;0.0
114175;637178;2019-12-13;FRC;N22;;;3;585;109740258.0;;;2.28;2.28;2.28;2.28;2.28;2.28;0.0;0.0
114176;637179;2019-12-13;FRC;V22;;;2;388;72550782.0;;;2.3;2.3;2.3;2.3;2.3;2.3;0.0;0.0
114177;637180;2019-12-13;FRC;F23;;;10;6567;1222813272.0;;;2.42;2.31;2.42;2.39;2.31;2.31;0.0;0.0
114178;637181;2019-12-13;FRC;J23;;;0;0;0.0;;;0.0;0.0;0.0;0.0;0.0;2.33;0.0;0.0
114179;637182;2019-12-13;FRC;N23;;;0;0;0.0;;;0.0;0.0;0.0;0.0;0.0;2.34;0.0;0.0
114180;637183;2019-12-13;FRC;V23;;;1;192;35451892.0;;;2.38;2.38;2.38;2.38;2.38;2.38;0.0;0.0
114181;637184;2019-12-13;FRC;F24;;;3;573;105403574.0;;;2.42;2.42;2.42;2.42;2.42;2.42;0.0;0.0
114182;637185;2019-12-13;FRC;J24;;;0;0;0.0;;;0.0;0.0;0.0;0.0;0.0;2.45;0.0;0.0
114183;637186;2019-12-13;FRC;N24;;;0;0;0.0;;;0.0;0.0;0.0;0.0;0.0;2.47;0.0;0.0
114184;637187;2019-12-13;FRC;V24;;;1;189;21633991.0;;;2.5;2.5;2.5;2.5;2.5;2.5;0.0;0.0
114185;637188;2019-12-13;FRC;F25;;;3;567;102787753.0;;;2.55;2.55;2.55;2.55;2.55;2.55;0.0;0.0
114186;637189;2019-12-13;FRC;N25;;;0;0;0.0;;;0.0;0.0;0.0;0.0;0.0;2.61;0.0;0.0
114187;637190;2019-12-13;FRC;F26;;;1;186;33187127.0;;;2.68;2.68;2.68;2.68;2.68;2.68;2.68;0.0
114188;637191;2019-12-13;FRC;N26;;;0;0;0.0;;;0.0;0.0;0.0;0.0;0.0;2.76;0.0;0.0
114189;637192;2019-12-13;FRC;F27;;;0;0;0.0;;;0.0;0.0;0.0;0.0;0.0;2.86;0.0;0.0
114190;637193;2019-12-13;FRC;F28;;;0;0;0.0;;;0.0;0.0;0.0;0.0;0.0;2.99;0.0;0.0
114191;637194;2019-12-13;FRC;F29;;;0;0;0.0;;;0.0;0.0;0.0;0.0;0.0;3.13;0.0;0.0
114192;637195;2019-12-13;FRC;F30;;;0;0;0.0;;;0.0;0.0;0.0;0.0;0.0;3.2;0.0;0.0
114193;637196;2019-12-13;FRC;F31;;;0;0;0.0;;;0.0;0.0;0.0;0.0;0.0;3.26;0.0;0.0
114194;637366;2019-12-16;FRC;G20;;;85;181180;34748005960.0;;;2.86;2.86;2.94;2.91;2.93;2.93;2.93;2.94
114195;637367;2019-12-16;FRC;H20;;;38;57207;10960627821.0;;;2.76;2.76;2.8;2.78;2.8;2.8;2.78;2.8
114196;637368;2019-12-16;FRC;J20;;;24;36099;6909690097.0;;;2.65;2.65;2.68;2.66;2.66;2.66;0.0;2.69
114197;637369;2019-12-16;FRC;K20;;;6;2189;418538855.0;;;2.6;2.6;2.6;2.6;2.6;2.6;0.0;2.6
114198;637370;2019-12-16;FRC;M20;;;1;497;94946772.0;;;2.53;2.53;2.53;2.53;2.53;2.56;2.51;0.0
114199;637371;2019-12-16;FRC;N20;;;6;6260;1194656014.0;;;2.55;2.53;2.55;2.53;2.54;2.55;2.52;2.55
114200;637372;2019-12-16;FRC;Q20;;;4;1986;237650648.0;;;2.53;2.53;2.53;2.53;2.53;2.53;0.0;0.0
114201;637373;2019-12-16;FRC;U20;;;0;0;0.0;;;0.0;0.0;0.0;0.0;0.0;2.52;0.0;0.0
114202;637374;2019-12-16;FRC;V20;;;15;7489;1424912252.0;;;2.48;2.48;2.48;2.48;2.48;2.48;0.0;0.0
114203;637375;2019-12-16;FRC;X20;;;3;495;59050783.0;;;2.49;2.49;2.51;2.5;2.51;2.49;2.49;2.51
114204;637376;2019-12-16;FRC;Z20;;;1;396;47226295.0;;;2.46;2.46;2.46;2.46;2.46;2.46;0.0;0.0
114205;637377;2019-12-16;FRC;F21;;;41;30686;5820328417.0;;;2.45;2.45;2.46;2.45;2.46;2.46;2.46;2.47
114206;637378;2019-12-16;FRC;J21;;;7;1576;298108620.0;;;2.43;2.43;2.43;2.43;2.43;2.43;0.0;0.0
114207;637379;2019-12-16;FRC;N21;;;2;294;55443877.0;;;2.4;2.4;2.44;2.42;2.44;2.44;0.0;0.0
114208;637380;2019-12-16;FRC;V21;;;2;98;18435157.0;;;2.37;2.37;2.37;2.37;2.37;2.4;0.0;0.0
114209;637381;2019-12-16;FRC;F22;;;13;6878;1290070384.0;;;2.31;2.31;2.36;2.35;2.36;2.36;0.0;0.0
114210;637382;2019-12-16;FRC;J22;;;0;0;0.0;;;0.0;0.0;0.0;0.0;0.0;2.36;0.0;0.0
114211;637383;2019-12-16;FRC;N22;;;0;0;0.0;;;0.0;0.0;0.0;0.0;0.0;2.33;0.0;0.0
114212;637384;2019-12-16;FRC;V22;;;1;97;18041610.0;;;2.34;2.34;2.34;2.34;2.34;2.36;0.0;0.0
114213;637385;2019-12-16;FRC;F23;;;13;5027;931911440.0;;;2.37;2.37;2.37;2.37;2.37;2.37;0.0;0.0
114214;637386;2019-12-16;FRC;J23;;;0;0;0.0;;;0.0;0.0;0.0;0.0;0.0;2.38;0.0;0.0
114215;637387;2019-12-16;FRC;N23;;;0;0;0.0;;;0.0;0.0;0.0;0.0;0.0;2.39;0.0;0.0
114216;637388;2019-12-16;FRC;V23;;;1;192;35257798.0;;;2.42;2.42;2.42;2.42;2.42;2.42;0.0;0.0
114217;637389;2019-12-16;FRC;F24;;;11;5098;932755338.0;;;2.42;2.42;2.46;2.45;2.46;2.46;2.46;0.0
114218;637390;2019-12-16;FRC;J24;;;0;0;0.0;;;0.0;0.0;0.0;0.0;0.0;2.49;0.0;0.0
114219;637391;2019-12-16;FRC;N24;;;2;190;34547779.0;;;2.47;2.47;2.47;2.47;2.47;2.52;0.0;0.0
114220;637392;2019-12-16;FRC;V24;;;2;189;21468065.0;;;2.5;2.5;2.5;2.5;2.5;2.55;0.0;0.0
114221;637393;2019-12-16;FRC;F25;;;6;3203;577177817.0;;;2.56;2.56;2.61;2.59;2.61;2.61;0.0;0.0
114222;637394;2019-12-16;FRC;N25;;;0;0;0.0;;;0.0;0.0;0.0;0.0;0.0;2.66;0.0;0.0
114223;637395;2019-12-16;FRC;F26;;;3;558;98982825.0;;;2.72;2.72;2.72;2.72;2.72;2.72;0.0;2.75
114224;637396;2019-12-16;FRC;N26;;;0;0;0.0;;;0.0;0.0;0.0;0.0;0.0;2.79;0.0;0.0
114225;637397;2019-12-16;FRC;F27;;;0;0;0.0;;;0.0;0.0;0.0;0.0;0.0;2.87;0.0;0.0
114226;637398;2019-12-16;FRC;F28;;;0;0;0.0;;;0.0;0.0;0.0;0.0;0.0;3.0;0.0;0.0
114227;637399;2019-12-16;FRC;F29;;;0;0;0.0;;;0.0;0.0;0.0;0.0;0.0;3.14;0.0;0.0
114228;637400;2019-12-16;FRC;F30;;;0;0;0.0;;;0.0;0.0;0.0;0.0;0.0;3.21;0.0;0.0
114229;637401;2019-12-16;FRC;F31;;;0;0;0.0;;;0.0;0.0;0.0;0.0;0.0;3.27;0.0;0.0
114230;637571;2019-12-17;FRC;G20;;;148;217144;41764669092.0;;;2.84;2.84;2.97;2.94;2.96;2.97;2.94;2.96
114231;637572;2019-12-17;FRC;H20;;;40;37246;7156547391.0;;;2.76;2.76;2.83;2.81;2.83;2.83;2.81;2.83
114232;637573;2019-12-17;FRC;J20;;;14;9565;1836089354.0;;;2.67;2.67;2.67;2.67;2.67;2.67;2.67;2.7
114233;637574;2019-12-17;FRC;K20;;;8;5873;1126078527.0;;;2.64;2.63;2.64;2.63;2.63;2.64;2.61;2.64
114234;637575;2019-12-17;FRC;M20;;;5;994;190426566.0;;;2.56;2.56;2.56;2.56;2.56;2.59;0.0;2.59
114235;637576;2019-12-17;FRC;N20;;;27;28025;5363149352.0;;;2.53;2.53;2.57;2.56;2.57;2.57;2.55;2.59
114236;637577;2019-12-17;FRC;Q20;;;1;99;11878571.0;;;2.55;2.55;2.55;2.55;2.55;2.54;0.0;2.54
114237;637578;2019-12-17;FRC;U20;;;0;0;0.0;;;0.0;0.0;0.0;0.0;0.0;2.53;0.0;0.0
114238;637579;2019-12-17;FRC;V20;;;12;22174;4231109064.0;;;2.48;2.48;2.49;2.48;2.48;2.48;0.0;0.0
114239;637580;2019-12-17;FRC;X20;;;1;792;94913453.0;;;2.49;2.49;2.49;2.49;2.49;2.49;0.0;2.5
114240;637581;2019-12-17;FRC;Z20;;;3;989;118407989.0;;;2.47;2.47;2.47;2.47;2.47;2.47;0.0;0.0
114241;637582;2019-12-17;FRC;F21;;;29;26019;4948850720.0;;;2.44;2.44;2.48;2.47;2.48;2.48;0.0;0.0
114242;637583;2019-12-17;FRC;J21;;;0;0;0.0;;;0.0;0.0;0.0;0.0;0.0;2.44;0.0;0.0
114243;637584;2019-12-17;FRC;N21;;;5;1374;259838782.0;;;2.44;2.44;2.44;2.44;2.44;2.44;0.0;0.0
114244;637585;2019-12-17;FRC;V21;;;8;1764;332670931.0;;;2.41;2.41;2.41;2.41;2.41;2.41;0.0;0.0
114245;637586;2019-12-17;FRC;F22;;;24;12503;2351787972.0;;;2.33;2.33;2.4;2.36;2.4;2.4;0.0;0.0
114246;637587;2019-12-17;FRC;J22;;;6;2728;511535260.0;;;2.39;2.39;2.39;2.39;2.39;2.39;0.0;0.0
114247;637588;2019-12-17;FRC;N22;;;0;0;0.0;;;0.0;0.0;0.0;0.0;0.0;2.36;0.0;0.0
114248;637589;2019-12-17;FRC;V22;;;2;388;72335464.0;;;2.38;2.38;2.38;2.38;2.38;2.38;0.0;0.0
114249;637590;2019-12-17;FRC;F23;;;19;9425;1751189275.0;;;2.37;2.37;2.41;2.4;2.41;2.41;0.0;0.0
114250;637591;2019-12-17;FRC;J23;;;0;0;0.0;;;0.0;0.0;0.0;0.0;0.0;2.42;0.0;0.0
114251;637592;2019-12-17;FRC;N23;;;0;0;0.0;;;0.0;0.0;0.0;0.0;0.0;2.43;0.0;0.0
114252;637593;2019-12-17;FRC;V23;;;0;0;0.0;;;0.0;0.0;0.0;0.0;0.0;2.47;0.0;0.0
114253;637594;2019-12-17;FRC;F24;;;4;1528;280312462.0;;;2.45;2.45;2.48;2.46;2.48;2.51;0.0;0.0
114254;637595;2019-12-17;FRC;J24;;;0;0;0.0;;;0.0;0.0;0.0;0.0;0.0;2.53;0.0;0.0
114255;637596;2019-12-17;FRC;N24;;;0;0;0.0;;;0.0;0.0;0.0;0.0;0.0;2.56;0.0;0.0
114256;637597;2019-12-17;FRC;V24;;;0;0;0.0;;;0.0;0.0;0.0;0.0;0.0;2.58;0.0;0.0
114257;637598;2019-12-17;FRC;F25;;;7;1693;305682901.0;;;2.63;2.63;2.63;2.63;2.63;2.63;0.0;0.0
114258;637599;2019-12-17;FRC;N25;;;0;0;0.0;;;0.0;0.0;0.0;0.0;0.0;2.68;0.0;0.0
114259;637600;2019-12-17;FRC;F26;;;6;1301;231310969.0;;;2.74;2.74;2.74;2.74;2.74;2.74;0.0;0.0
114260;637601;2019-12-17;FRC;N26;;;0;0;0.0;;;0.0;0.0;0.0;0.0;0.0;2.81;0.0;0.0
114261;637602;2019-12-17;FRC;F27;;;0;0;0.0;;;0.0;0.0;0.0;0.0;0.0;2.89;0.0;0.0
114262;637603;2019-12-17;FRC;F28;;;0;0;0.0;;;0.0;0.0;0.0;0.0;0.0;3.02;0.0;0.0
114263;637604;2019-12-17;FRC;F29;;;0;0;0.0;;;0.0;0.0;0.0;0.0;0.0;3.16;0.0;0.0
114264;637605;2019-12-17;FRC;F30;;;0;0;0.0;;;0.0;0.0;0.0;0.0;0.0;3.23;0.0;0.0
114265;637606;2019-12-17;FRC;F31;;;0;0;0.0;;;0.0;0.0;0.0;0.0;0.0;3.29;0.0;0.0
114266;637775;2019-12-18;FRC;G20;;;90;186155;35849577704.0;;;2.97;2.85;2.98;2.93;2.92;2.93;0.0;0.0
114267;637776;2019-12-18;FRC;H20;;;44;40830;7855378129.0;;;2.82;2.76;2.82;2.77;2.76;2.76;0.0;0.0
114268;637777;2019-12-18;FRC;J20;;;20;31474;6049531798.0;;;2.65;2.62;2.67;2.64;2.62;2.62;2.59;0.0
114269;637778;2019-12-18;FRC;K20;;;16;10354;1987836719.0;;;2.64;2.6;2.64;2.61;2.6;2.6;0.0;0.0
114270;637779;2019-12-18;FRC;M20;;;9;10545;2022794985.0;;;2.54;2.54;2.54;2.54;2.54;2.54;0.0;0.0
114271;637780;2019-12-18;FRC;N20;;;21;23252;4455508098.0;;;2.55;2.55;2.55;2.55;2.55;2.55;2.53;2.55
114272;637781;2019-12-18;FRC;Q20;;;5;3575;430602749.0;;;2.51;2.51;2.51;2.51;2.51;2.51;2.51;0.0
114273;637782;2019-12-18;FRC;U20;;;5;2775;333715611.0;;;2.49;2.49;2.49;2.49;2.49;2.49;2.49;0.0
114274;637783;2019-12-18;FRC;V20;;;19;6477;1237485811.0;;;2.48;2.46;2.48;2.47;2.46;2.46;0.0;2.47
114275;637784;2019-12-18;FRC;X20;;;0;0;0.0;;;0.0;0.0;0.0;0.0;0.0;2.47;0.0;0.0
114276;637785;2019-12-18;FRC;Z20;;;9;3758;450806029.0;;;2.45;2.45;2.45;2.45;2.45;2.45;0.0;0.0
114277;637786;2019-12-18;FRC;F21;;;18;29536;5624751246.0;;;2.48;2.48;2.48;2.48;2.48;2.48;0.0;0.0
114278;637787;2019-12-18;FRC;J21;;;2;3940;748253316.0;;;2.45;2.45;2.45;2.45;2.45;2.43;0.0;0.0
114279;637788;2019-12-18;FRC;N21;;;11;5892;1115896572.0;;;2.41;2.41;2.41;2.41;2.41;2.41;2.41;0.0
114280;637789;2019-12-18;FRC;V21;;;5;3134;591408654.0;;;2.41;2.41;2.55;2.47;2.55;2.41;0.0;0.0
114281;637790;2019-12-18;FRC;F22;;;16;9477;1784463483.0;;;2.41;2.25;2.41;2.38;2.41;2.41;0.0;0.0
114282;637791;2019-12-18;FRC;J22;;;0;0;0.0;;;0.0;0.0;0.0;0.0;0.0;2.4;0.0;0.0
114283;637792;2019-12-18;FRC;N22;;;4;1165;218105969.0;;;2.38;2.38;2.38;2.38;2.38;2.38;0.0;0.0
114284;637793;2019-12-18;FRC;V22;;;0;0;0.0;;;0.0;0.0;0.0;0.0;0.0;2.4;0.0;0.0
114285;637794;2019-12-18;FRC;F23;;;1;715;132977217.0;;;2.43;2.43;2.43;2.43;2.43;2.43;0.0;0.0
114286;637795;2019-12-18;FRC;J23;;;0;0;0.0;;;0.0;0.0;0.0;0.0;0.0;2.45;0.0;0.0
114287;637796;2019-12-18;FRC;N23;;;0;0;0.0;;;0.0;0.0;0.0;0.0;0.0;2.46;0.0;0.0
114288;637797;2019-12-18;FRC;V23;;;0;0;0.0;;;0.0;0.0;0.0;0.0;0.0;2.5;0.0;0.0
114289;637798;2019-12-18;FRC;F24;;;0;0;0.0;;;0.0;0.0;0.0;0.0;0.0;2.54;0.0;0.0
114290;637799;2019-12-18;FRC;J24;;;0;0;0.0;;;0.0;0.0;0.0;0.0;0.0;2.56;0.0;0.0
114291;637800;2019-12-18;FRC;N24;;;2;95;17298828.0;;;2.6;2.6;2.6;2.6;2.6;2.6;0.0;0.0
114292;637801;2019-12-18;FRC;V24;;;0;0;0.0;;;0.0;0.0;0.0;0.0;0.0;2.62;0.0;0.0
114293;637802;2019-12-18;FRC;F25;;;11;3159;570514775.0;;;2.67;2.67;2.68;2.67;2.67;2.67;0.0;0.0
114294;637803;2019-12-18;FRC;N25;;;0;0;0.0;;;0.0;0.0;0.0;0.0;0.0;2.72;2.7;0.0
114295;637804;2019-12-18;FRC;F26;;;0;0;0.0;;;0.0;0.0;0.0;0.0;0.0;2.78;2.76;2.8
114296;637805;2019-12-18;FRC;N26;;;0;0;0.0;;;0.0;0.0;0.0;0.0;0.0;2.85;0.0;0.0
114297;637806;2019-12-18;FRC;F27;;;0;0;0.0;;;0.0;0.0;0.0;0.0;0.0;2.93;0.0;0.0
114298;637807;2019-12-18;FRC;F28;;;0;0;0.0;;;0.0;0.0;0.0;0.0;0.0;3.06;0.0;0.0
114299;637808;2019-12-18;FRC;F29;;;0;0;0.0;;;0.0;0.0;0.0;0.0;0.0;3.2;0.0;0.0
114300;637809;2019-12-18;FRC;F30;;;0;0;0.0;;;0.0;0.0;0.0;0.0;0.0;3.28;0.0;3.33
114301;637810;2019-12-18;FRC;F31;;;0;0;0.0;;;0.0;0.0;0.0;0.0;0.0;3.34;0.0;0.0
114302;637979;2019-12-19;FRC;G20;;;111;183319;35352425261.0;;;2.93;2.88;2.95;2.91;2.92;2.93;2.9;2.95
114303;637980;2019-12-19;FRC;H20;;;12;37612;7246433065.0;;;2.74;2.74;2.74;2.74;2.74;2.74;0.0;0.0
114304;637981;2019-12-19;FRC;J20;;;30;32991;6349978377.0;;;2.63;2.6;2.63;2.62;2.62;2.62;2.58;2.62
114305;637982;2019-12-19;FRC;K20;;;6;3605;693101476.0;;;2.59;2.57;2.59;2.58;2.57;2.58;2.56;0.0
114306;637983;2019-12-19;FRC;M20;;;9;4378;840977898.0;;;2.55;2.53;2.55;2.53;2.53;2.53;2.51;2.54
114307;637984;2019-12-19;FRC;N20;;;13;6755;1296253972.0;;;2.55;2.51;2.55;2.52;2.51;2.52;2.5;0.0
114308;637985;2019-12-19;FRC;Q20;;;3;358;43249973.0;;;2.5;2.48;2.5;2.48;2.48;2.48;0.0;2.47
114309;637986;2019-12-19;FRC;U20;;;5;1189;143279241.0;;;2.45;2.45;2.45;2.45;2.45;2.45;0.0;0.0
114310;637987;2019-12-19;FRC;V20;;;27;9174;1755325232.0;;;2.46;2.44;2.47;2.45;2.44;2.44;0.0;0.0
114311;637988;2019-12-19;FRC;X20;;;2;1386;166795331.0;;;2.43;2.43;2.43;2.43;2.43;2.43;0.0;0.0
114312;637989;2019-12-19;FRC;Z20;;;2;594;71455216.0;;;2.44;2.44;2.44;2.44;2.44;2.44;2.43;0.0
114313;637990;2019-12-19;FRC;F21;;;18;8024;1530426075.0;;;2.46;2.44;2.48;2.44;2.44;2.44;2.44;0.0
114314;637991;2019-12-19;FRC;J21;;;8;3251;618444550.0;;;2.4;2.4;2.4;2.4;2.4;2.4;2.37;2.39
114315;637992;2019-12-19;FRC;N21;;;7;2241;425106949.0;;;2.41;2.38;2.41;2.38;2.38;2.38;2.38;0.0
114316;637993;2019-12-19;FRC;V21;;;10;2156;407732579.0;;;2.39;2.39;2.39;2.39;2.39;2.39;2.36;2.38
114317;637994;2019-12-19;FRC;F22;;;11;4120;776774081.0;;;2.42;2.37;2.42;2.38;2.37;2.37;2.37;0.0
114318;637995;2019-12-19;FRC;J22;;;1;97;18234086.0;;;2.39;2.39;2.39;2.39;2.39;2.37;0.0;0.0
114319;637996;2019-12-19;FRC;N22;;;1;97;18186393.0;;;2.37;2.37;2.37;2.37;2.37;2.36;0.0;2.4
114320;637997;2019-12-19;FRC;V22;;;5;1163;217352217.0;;;2.39;2.39;2.39;2.39;2.39;2.39;0.0;0.0
114321;637998;2019-12-19;FRC;F23;;;24;11676;2174078956.0;;;2.43;2.42;2.44;2.43;2.44;2.44;0.0;0.0
114322;637999;2019-12-19;FRC;J23;;;5;1157;214845416.0;;;2.43;2.43;2.43;2.43;2.43;2.43;2.4;2.42
114323;638000;2019-12-19;FRC;N23;;;4;768;142158924.0;;;2.44;2.44;2.44;2.44;2.44;2.44;2.41;2.43
114324;638001;2019-12-19;FRC;V23;;;2;382;70455510.0;;;2.47;2.47;2.47;2.47;2.47;2.47;2.44;2.46
114325;638002;2019-12-19;FRC;F24;;;8;4462;819539058.0;;;2.54;2.53;2.54;2.53;2.54;2.53;2.53;0.0
114326;638003;2019-12-19;FRC;J24;;;1;190;34780941.0;;;2.55;2.55;2.55;2.55;2.55;2.55;0.0;0.0
114327;638004;2019-12-19;FRC;N24;;;3;567;103398202.0;;;2.58;2.58;2.58;2.58;2.58;2.58;0.0;0.0
114328;638005;2019-12-19;FRC;V24;;;0;0;0.0;;;0.0;0.0;0.0;0.0;0.0;2.62;0.0;0.0
114329;638006;2019-12-19;FRC;F25;;;29;10735;1940703569.0;;;2.67;2.67;2.69;2.68;2.68;2.69;0.0;0.0
114330;638007;2019-12-19;FRC;N25;;;0;0;0.0;;;0.0;0.0;0.0;0.0;0.0;2.74;0.0;0.0
114331;638008;2019-12-19;FRC;F26;;;2;630;112098942.0;;;2.8;2.8;2.8;2.8;2.8;2.8;0.0;0.0
114332;638009;2019-12-19;FRC;N26;;;0;0;0.0;;;0.0;0.0;0.0;0.0;0.0;2.87;0.0;0.0
114333;638010;2019-12-19;FRC;F27;;;2;201;35133536.0;;;2.95;2.95;2.95;2.95;2.95;2.95;0.0;0.0
114334;638011;2019-12-19;FRC;F28;;;0;0;0.0;;;0.0;0.0;0.0;0.0;0.0;3.08;0.0;0.0
114335;638012;2019-12-19;FRC;F29;;;2;354;59584255.0;;;3.22;3.22;3.22;3.22;3.22;3.22;0.0;0.0
114336;638013;2019-12-19;FRC;F30;;;0;0;0.0;;;0.0;0.0;0.0;0.0;0.0;3.32;0.0;0.0
114337;638014;2019-12-19;FRC;F31;;;0;0;0.0;;;0.0;0.0;0.0;0.0;0.0;3.38;0.0;0.0
114338;638180;2019-12-20;FRC;G20;;;180;350805;67862180875.0;;;2.93;2.84;2.93;2.87;2.85;2.85;0.0;0.0
114339;638181;2019-12-20;FRC;H20;;;5;2136;412818896.0;;;2.7;2.68;2.72;2.69;2.72;2.68;0.0;0.0
114340;638182;2019-12-20;FRC;J20;;;19;6776;1308295986.0;;;2.6;2.56;2.6;2.59;2.59;2.59;0.0;0.0
114341;638183;2019-12-20;FRC;K20;;;6;3583;690995744.0;;;2.58;2.58;2.58;2.58;2.58;2.58;0.0;0.0
114342;638184;2019-12-20;FRC;M20;;;11;3781;728575994.0;;;2.5;2.5;2.51;2.5;2.51;2.51;0.0;0.0
114343;638185;2019-12-20;FRC;N20;;;23;11968;2303970843.0;;;2.5;2.47;2.5;2.47;2.47;2.47;0.0;0.0
114344;638186;2019-12-20;FRC;Q20;;;0;0;0.0;;;0.0;0.0;0.0;0.0;0.0;2.44;0.0;0.0
114345;638187;2019-12-20;FRC;U20;;;4;1290;156353873.0;;;2.41;2.41;2.41;2.41;2.41;2.41;0.0;0.0
114346;638188;2019-12-20;FRC;V20;;;4;1387;266247826.0;;;2.42;2.4;2.42;2.4;2.4;2.4;0.0;0.0
114347;638189;2019-12-20;FRC;X20;;;6;1624;196425565.0;;;2.4;2.4;2.4;2.4;2.4;2.4;0.0;2.4
114348;638190;2019-12-20;FRC;Z20;;;0;0;0.0;;;0.0;0.0;0.0;0.0;0.0;2.41;0.0;0.0
114349;638191;2019-12-20;FRC;F21;;;6;4546;869857215.0;;;2.42;2.42;2.42;2.42;2.42;2.42;0.0;0.0
114350;638192;2019-12-20;FRC;J21;;;1;197;37591020.0;;;2.4;2.4;2.4;2.4;2.4;2.39;2.4;0.0
114351;638193;2019-12-20;FRC;N21;;;3;492;93631512.0;;;2.37;2.36;2.37;2.36;2.36;2.37;0.0;0.0
114352;638194;2019-12-20;FRC;V21;;;3;1548;293653268.0;;;2.38;2.38;2.39;2.38;2.39;2.39;0.0;0.0
114353;638195;2019-12-20;FRC;F22;;;4;4396;831531666.0;;;2.37;2.37;2.37;2.37;2.37;2.37;0.0;0.0
114354;638196;2019-12-20;FRC;J22;;;4;5066;955611743.0;;;2.37;2.35;2.37;2.36;2.35;2.38;0.0;0.0
114355;638197;2019-12-20;FRC;N22;;;1;194;36480156.0;;;2.38;2.38;2.38;2.38;2.38;2.38;0.0;0.0
114356;638198;2019-12-20;FRC;V22;;;0;0;0.0;;;0.0;0.0;0.0;0.0;0.0;2.39;0.0;0.0
114357;638199;2019-12-20;FRC;F23;;;29;8051;1504046992.0;;;2.42;2.42;2.43;2.42;2.43;2.43;0.0;0.0
114358;638200;2019-12-20;FRC;J23;;;0;0;0.0;;;0.0;0.0;0.0;0.0;0.0;2.43;0.0;0.0
114359;638201;2019-12-20;FRC;N23;;;2;384;71286545.0;;;2.45;2.45;2.45;2.45;2.45;2.45;0.0;0.0
114360;638202;2019-12-20;FRC;V23;;;0;0;0.0;;;0.0;0.0;0.0;0.0;0.0;2.47;0.0;0.0
114361;638203;2019-12-20;FRC;F24;;;8;2672;492442708.0;;;2.52;2.52;2.52;2.52;2.52;2.52;0.0;0.0
114362;638204;2019-12-20;FRC;J24;;;0;0;0.0;;;0.0;0.0;0.0;0.0;0.0;2.54;0.0;0.0
114363;638205;2019-12-20;FRC;N24;;;0;0;0.0;;;0.0;0.0;0.0;0.0;0.0;2.57;0.0;0.0
114364;638206;2019-12-20;FRC;V24;;;0;0;0.0;;;0.0;0.0;0.0;0.0;0.0;2.62;0.0;0.0
114365;638207;2019-12-20;FRC;F25;;;8;1504;272726900.0;;;2.69;2.69;2.69;2.69;2.69;2.69;0.0;0.0
114366;638208;2019-12-20;FRC;N25;;;0;0;0.0;;;0.0;0.0;0.0;0.0;0.0;2.74;0.0;0.0
114367;638209;2019-12-20;FRC;F26;;;0;0;0.0;;;0.0;0.0;0.0;0.0;0.0;2.8;0.0;0.0
114368;638210;2019-12-20;FRC;N26;;;0;0;0.0;;;0.0;0.0;0.0;0.0;0.0;2.87;0.0;0.0
114369;638211;2019-12-20;FRC;F27;;;0;0;0.0;;;0.0;0.0;0.0;0.0;0.0;2.95;0.0;0.0
114370;638212;2019-12-20;FRC;F28;;;0;0;0.0;;;0.0;0.0;0.0;0.0;0.0;3.08;0.0;0.0
114371;638213;2019-12-20;FRC;F29;;;0;0;0.0;;;0.0;0.0;0.0;0.0;0.0;3.22;0.0;0.0
114372;638214;2019-12-20;FRC;F30;;;0;0;0.0;;;0.0;0.0;0.0;0.0;0.0;3.32;0.0;0.0
114373;638215;2019-12-20;FRC;F31;;;0;0;0.0;;;0.0;0.0;0.0;0.0;0.0;3.38;0.0;0.0
114374;638381;2019-12-23;FRC;G20;;;124;273785;52784670008.0;;;2.8;2.75;2.82;2.79;2.81;2.81;2.79;2.81
114375;638382;2019-12-23;FRC;H20;;;15;6827;1314969437.0;;;2.63;2.63;2.66;2.65;2.66;2.66;0.0;0.0
114376;638383;2019-12-23;FRC;J20;;;13;5779;1112024753.0;;;2.54;2.54;2.58;2.56;2.58;2.58;0.0;0.0
114377;638384;2019-12-23;FRC;K20;;;3;677;130119913.0;;;2.58;2.56;2.58;2.56;2.56;2.56;0.0;0.0
114378;638385;2019-12-23;FRC;M20;;;8;3781;726092836.0;;;2.5;2.5;2.5;2.5;2.5;2.5;2.48;0.0
114379;638386;2019-12-23;FRC;N20;;;18;9940;1907175817.0;;;2.44;2.44;2.44;2.44;2.44;2.44;2.42;0.0
114380;638387;2019-12-23;FRC;Q20;;;4;1589;191694356.0;;;2.41;2.41;2.41;2.41;2.41;2.41;0.0;0.0
114381;638388;2019-12-23;FRC;U20;;;0;0;0.0;;;0.0;0.0;0.0;0.0;0.0;2.38;0.0;0.0
114382;638389;2019-12-23;FRC;V20;;;4;990;189410317.0;;;2.39;2.37;2.39;2.37;2.37;2.37;0.0;0.0
114383;638390;2019-12-23;FRC;X20;;;1;198;23813556.0;;;2.36;2.36;2.36;2.36;2.36;2.36;0.0;0.0
114384;638391;2019-12-23;FRC;Z20;;;5;9733;1169436741.0;;;2.41;2.38;2.41;2.4;2.38;2.38;0.0;0.0
114385;638392;2019-12-23;FRC;F21;;;19;15888;3030048589.0;;;2.41;2.39;2.41;2.39;2.39;2.39;0.0;2.39
114386;638393;2019-12-23;FRC;J21;;;0;0;0.0;;;0.0;0.0;0.0;0.0;0.0;2.36;0.0;0.0
114387;638394;2019-12-23;FRC;N21;;;2;1376;260985323.0;;;2.35;2.35;2.35;2.35;2.35;2.34;0.0;0.0
114388;638395;2019-12-23;FRC;V21;;;0;0;0.0;;;0.0;0.0;0.0;0.0;0.0;2.37;0.0;0.0
114389;638396;2019-12-23;FRC;F22;;;6;1170;220586407.0;;;2.35;2.35;2.35;2.35;2.35;2.35;0.0;0.0
114390;638397;2019-12-23;FRC;J22;;;0;0;0.0;;;0.0;0.0;0.0;0.0;0.0;2.38;0.0;0.0
114391;638398;2019-12-23;FRC;N22;;;4;776;145473083.0;;;2.35;2.35;2.35;2.35;2.35;2.35;0.0;0.0
114392;638399;2019-12-23;FRC;V22;;;0;0;0.0;;;0.0;0.0;0.0;0.0;0.0;2.35;0.0;0.0
114393;638400;2019-12-23;FRC;F23;;;8;1061;197614657.0;;;2.43;2.39;2.43;2.39;2.39;2.39;0.0;0.0
114394;638401;2019-12-23;FRC;J23;;;0;0;0.0;;;0.0;0.0;0.0;0.0;0.0;2.4;0.0;0.0
114395;638402;2019-12-23;FRC;N23;;;0;0;0.0;;;0.0;0.0;0.0;0.0;0.0;2.42;0.0;0.0
114396;638403;2019-12-23;FRC;V23;;;0;0;0.0;;;0.0;0.0;0.0;0.0;0.0;2.44;0.0;0.0
114397;638404;2019-12-23;FRC;F24;;;5;630;115788071.0;;;2.52;2.48;2.52;2.48;2.48;2.48;0.0;0.0
114398;638405;2019-12-23;FRC;J24;;;0;0;0.0;;;0.0;0.0;0.0;0.0;0.0;2.5;0.0;0.0
114399;638406;2019-12-23;FRC;N24;;;0;0;0.0;;;0.0;0.0;0.0;0.0;0.0;2.53;0.0;0.0
114400;638407;2019-12-23;FRC;V24;;;0;0;0.0;;;0.0;0.0;0.0;0.0;0.0;2.58;0.0;0.0
114401;638408;2019-12-23;FRC;F25;;;5;846;153020162.0;;;2.65;2.65;2.65;2.65;2.65;2.65;0.0;0.0
114402;638409;2019-12-23;FRC;N25;;;1;19;3412060.0;;;2.74;2.74;2.74;2.74;2.74;2.7;0.0;0.0
114403;638410;2019-12-23;FRC;F26;;;0;0;0.0;;;0.0;0.0;0.0;0.0;0.0;2.77;0.0;0.0
114404;638411;2019-12-23;FRC;N26;;;0;0;0.0;;;0.0;0.0;0.0;0.0;0.0;2.84;0.0;0.0
114405;638412;2019-12-23;FRC;F27;;;0;0;0.0;;;0.0;0.0;0.0;0.0;0.0;2.92;0.0;0.0
114406;638413;2019-12-23;FRC;F28;;;0;0;0.0;;;0.0;0.0;0.0;0.0;0.0;3.05;0.0;0.0
114407;638414;2019-12-23;FRC;F29;;;0;0;0.0;;;0.0;0.0;0.0;0.0;0.0;3.19;0.0;0.0
114408;638415;2019-12-23;FRC;F30;;;0;0;0.0;;;0.0;0.0;0.0;0.0;0.0;3.29;0.0;0.0
114409;638416;2019-12-23;FRC;F31;;;0;0;0.0;;;0.0;0.0;0.0;0.0;0.0;3.35;0.0;0.0
114410;638604;2019-12-26;FRC;G20;;;176;255551;49157440062.0;;;2.71;2.7;2.76;2.75;2.76;2.76;2.74;2.76
114411;638605;2019-12-26;FRC;H20;;;15;9045;1738317689.0;;;2.66;2.57;2.66;2.57;2.57;2.57;2.57;0.0
114412;638606;2019-12-26;FRC;J20;;;16;24842;4769308891.0;;;2.58;2.55;2.58;2.55;2.55;2.55;2.55;0.0
114413;638607;2019-12-26;FRC;K20;;;10;6174;1184026591.0;;;2.51;2.51;2.51;2.51;2.51;2.51;2.49;0.0
114414;638608;2019-12-26;FRC;M20;;;6;3383;648206114.0;;;2.47;2.47;2.47;2.47;2.47;2.47;2.45;0.0
114415;638609;2019-12-26;FRC;N20;;;5;5368;1027619613.0;;;2.44;2.42;2.44;2.42;2.42;2.42;0.0;2.44
114416;638610;2019-12-26;FRC;Q20;;;2;198;23751298.0;;;2.4;2.4;2.4;2.4;2.4;2.4;2.4;0.0
114417;638611;2019-12-26;FRC;U20;;;0;0;0.0;;;0.0;0.0;0.0;0.0;0.0;2.39;0.0;0.0
114418;638612;2019-12-26;FRC;V20;;;10;5291;1009909419.0;;;2.37;2.36;2.39;2.38;2.39;2.39;0.0;0.0
114419;638613;2019-12-26;FRC;X20;;;2;396;47445893.0;;;2.37;2.37;2.37;2.37;2.37;2.37;0.0;0.0
114420;638614;2019-12-26;FRC;Z20;;;1;791;94662562.0;;;2.38;2.38;2.38;2.38;2.38;2.38;0.0;2.38
114421;638615;2019-12-26;FRC;F21;;;8;3399;646785373.0;;;2.38;2.37;2.38;2.37;2.37;2.38;2.35;2.38
114422;638616;2019-12-26;FRC;J21;;;2;394;74769698.0;;;2.36;2.36;2.36;2.36;2.36;2.36;2.34;0.0
114423;638617;2019-12-26;FRC;N21;;;5;2163;409338278.0;;;2.34;2.34;2.34;2.34;2.34;2.34;0.0;0.0
114424;638618;2019-12-26;FRC;V21;;;5;1568;295764397.0;;;2.38;2.38;2.38;2.38;2.38;2.38;0.0;0.0
114425;638619;2019-12-26;FRC;F22;;;10;2071;389462762.0;;;2.35;2.35;2.38;2.37;2.35;2.38;2.34;0.0
114426;638620;2019-12-26;FRC;J22;;;0;0;0.0;;;0.0;0.0;0.0;0.0;0.0;2.41;0.0;0.0
114427;638621;2019-12-26;FRC;N22;;;0;0;0.0;;;0.0;0.0;0.0;0.0;0.0;2.38;0.0;0.0
114428;638622;2019-12-26;FRC;V22;;;0;0;0.0;;;0.0;0.0;0.0;0.0;0.0;2.37;0.0;0.0
114429;638623;2019-12-26;FRC;F23;;;6;1622;301368182.0;;;2.39;2.39;2.41;2.4;2.41;2.41;0.0;0.0
114430;638624;2019-12-26;FRC;J23;;;0;0;0.0;;;0.0;0.0;0.0;0.0;0.0;2.43;0.0;0.0
114431;638625;2019-12-26;FRC;N23;;;0;0;0.0;;;0.0;0.0;0.0;0.0;0.0;2.44;0.0;0.0
114432;638626;2019-12-26;FRC;V23;;;2;382;70291903.0;;;2.45;2.45;2.45;2.45;2.45;2.45;0.0;0.0
114433;638627;2019-12-26;FRC;F24;;;3;229;41988080.0;;;2.48;2.48;2.49;2.48;2.49;2.49;0.0;0.0
114434;638628;2019-12-26;FRC;J24;;;0;0;0.0;;;0.0;0.0;0.0;0.0;0.0;2.5;0.0;0.0
114435;638629;2019-12-26;FRC;N24;;;2;76;13840684.0;;;2.53;2.53;2.53;2.53;2.53;2.53;0.0;0.0
114436;638630;2019-12-26;FRC;V24;;;0;0;0.0;;;0.0;0.0;0.0;0.0;0.0;2.57;0.0;0.0
114437;638631;2019-12-26;FRC;F25;;;12;3705;668679034.0;;;2.65;2.64;2.65;2.64;2.64;2.64;0.0;0.0
114438;638632;2019-12-26;FRC;N25;;;2;38;6814558.0;;;2.7;2.7;2.7;2.7;2.7;2.7;0.0;0.0
114439;638633;2019-12-26;FRC;F26;;;3;555;98503684.0;;;2.79;2.79;2.79;2.79;2.79;2.79;0.0;0.0
114440;638634;2019-12-26;FRC;N26;;;0;0;0.0;;;0.0;0.0;0.0;0.0;0.0;2.85;0.0;0.0
114441;638635;2019-12-26;FRC;F27;;;3;2468;430644395.0;;;2.92;2.92;2.92;2.92;2.92;2.92;0.0;0.0
114442;638636;2019-12-26;FRC;F28;;;0;0;0.0;;;0.0;0.0;0.0;0.0;0.0;3.05;0.0;0.0
114443;638637;2019-12-26;FRC;F29;;;0;0;0.0;;;0.0;0.0;0.0;0.0;0.0;3.19;0.0;0.0
114444;638638;2019-12-26;FRC;F30;;;0;0;0.0;;;0.0;0.0;0.0;0.0;0.0;3.29;0.0;0.0
114445;638639;2019-12-26;FRC;F31;;;0;0;0.0;;;0.0;0.0;0.0;0.0;0.0;3.35;0.0;0.0
114446;638805;2019-12-27;FRC;H20;;;0;0;0.0;;;0.0;0.0;0.0;0.0;0.0;2.35;0.0;0.0
114447;638806;2019-12-27;FRC;J20;;;0;0;0.0;;;0.0;0.0;0.0;0.0;0.0;2.43;0.0;0.0
114448;638807;2019-12-27;FRC;K20;;;5;1594;305607307.0;;;2.42;2.42;2.42;2.42;2.42;2.42;0.0;0.0
114449;638808;2019-12-27;FRC;M20;;;0;0;0.0;;;0.0;0.0;0.0;0.0;0.0;2.4;0.0;0.0
114450;638809;2019-12-27;FRC;N20;;;6;4975;952101964.0;;;2.37;2.37;2.37;2.37;2.37;2.37;0.0;0.0
114451;638810;2019-12-27;FRC;Q20;;;0;0;0.0;;;0.0;0.0;0.0;0.0;0.0;2.35;2.32;0.0
114452;638811;2019-12-27;FRC;U20;;;0;0;0.0;;;0.0;0.0;0.0;0.0;0.0;2.35;0.0;0.0
114453;638812;2019-12-27;FRC;V20;;;0;0;0.0;;;0.0;0.0;0.0;0.0;0.0;2.36;0.0;0.0
114454;638813;2019-12-27;FRC;X20;;;0;0;0.0;;;0.0;0.0;0.0;0.0;0.0;2.34;0.0;0.0
114455;638814;2019-12-27;FRC;Z20;;;0;0;0.0;;;0.0;0.0;0.0;0.0;0.0;2.35;0.0;0.0
114456;638815;2019-12-27;FRC;F21;;;2;792;150659092.0;;;2.36;2.36;2.36;2.36;2.36;2.36;0.0;0.0
114457;638816;2019-12-27;FRC;J21;;;1;987;187249472.0;;;2.34;2.34;2.34;2.34;2.34;2.34;0.0;0.0
114458;638817;2019-12-27;FRC;N21;;;0;0;0.0;;;0.0;0.0;0.0;0.0;0.0;2.32;0.0;0.0
114459;638818;2019-12-27;FRC;V21;;;6;1765;332895468.0;;;2.34;2.34;2.34;2.34;2.34;2.34;0.0;0.0
114460;638819;2019-12-27;FRC;F22;;;9;2936;552062446.0;;;2.35;2.35;2.35;2.35;2.35;2.35;0.0;0.0
114461;638820;2019-12-27;FRC;J22;;;1;195;36562965.0;;;2.35;2.35;2.35;2.35;2.35;2.35;0.0;0.0
114462;638821;2019-12-27;FRC;N22;;;0;0;0.0;;;0.0;0.0;0.0;0.0;0.0;2.34;0.0;0.0
114463;638822;2019-12-27;FRC;V22;;;1;78;14542112.0;;;2.35;2.35;2.35;2.35;2.35;2.34;0.0;0.0
114464;638823;2019-12-27;FRC;F23;;;9;2124;394490661.0;;;2.4;2.4;2.4;2.4;2.4;2.4;0.0;0.0
114465;638824;2019-12-27;FRC;J23;;;0;0;0.0;;;0.0;0.0;0.0;0.0;0.0;2.41;0.0;0.0
114466;638825;2019-12-27;FRC;N23;;;0;0;0.0;;;0.0;0.0;0.0;0.0;0.0;2.43;0.0;0.0
114467;638826;2019-12-27;FRC;V23;;;0;0;0.0;;;0.0;0.0;0.0;0.0;0.0;2.43;0.0;0.0
114468;638827;2019-12-27;FRC;F24;;;7;1337;245164374.0;;;2.46;2.46;2.46;2.46;2.46;2.46;0.0;0.0
114469;638828;2019-12-27;FRC;J24;;;0;0;0.0;;;0.0;0.0;0.0;0.0;0.0;2.46;0.0;0.0
114470;638829;2019-12-27;FRC;N24;;;0;0;0.0;;;0.0;0.0;0.0;0.0;0.0;2.49;0.0;0.0
114471;638830;2019-12-27;FRC;V24;;;0;0;0.0;;;0.0;0.0;0.0;0.0;0.0;2.52;0.0;0.0
114472;638831;2019-12-27;FRC;F25;;;7;1323;239096544.0;;;2.58;2.58;2.58;2.58;2.58;2.58;0.0;0.0
114473;638832;2019-12-27;FRC;N25;;;0;0;0.0;;;0.0;0.0;0.0;0.0;0.0;2.64;0.0;0.0
114474;638833;2019-12-27;FRC;F26;;;0;0;0.0;;;0.0;0.0;0.0;0.0;0.0;2.73;0.0;0.0
114475;638834;2019-12-27;FRC;N26;;;0;0;0.0;;;0.0;0.0;0.0;0.0;0.0;2.79;0.0;0.0
114476;638835;2019-12-27;FRC;F27;;;8;1648;288022360.0;;;2.85;2.85;2.86;2.85;2.86;2.86;0.0;0.0
114477;638836;2019-12-27;FRC;F28;;;0;0;0.0;;;0.0;0.0;0.0;0.0;0.0;3.01;0.0;0.0
114478;638837;2019-12-27;FRC;F29;;;0;0;0.0;;;0.0;0.0;0.0;0.0;0.0;3.16;0.0;0.0
114479;638838;2019-12-27;FRC;F30;;;3;525;86681406.0;;;3.27;3.27;3.27;3.27;3.27;3.27;0.0;0.0
114480;638839;2019-12-27;FRC;F31;;;0;0;0.0;;;0.0;0.0;0.0;0.0;0.0;3.33;0.0;0.0
114481;639006;2019-12-30;FRC;H20;;;1;360;68993285.0;;;2.41;2.41;2.41;2.41;2.41;2.41;2.4;0.0
114482;639007;2019-12-30;FRC;J20;;;2;1078;206369403.0;;;2.49;2.49;2.49;2.49;2.49;2.49;2.48;0.0
114483;639008;2019-12-30;FRC;K20;;;12;12960;2478255560.0;;;2.48;2.48;2.48;2.48;2.48;2.48;2.46;0.0
114484;639009;2019-12-30;FRC;M20;;;10;5777;1103709565.0;;;2.45;2.45;2.45;2.45;2.45;2.45;0.0;0.0
114485;639010;2019-12-30;FRC;N20;;;10;9353;1785192893.0;;;2.43;2.43;2.43;2.43;2.43;2.43;0.0;0.0
114486;639011;2019-12-30;FRC;Q20;;;4;2387;285753748.0;;;2.36;2.36;2.36;2.36;2.36;2.36;2.36;0.0
114487;639012;2019-12-30;FRC;U20;;;0;0;0.0;;;0.0;0.0;0.0;0.0;0.0;2.38;2.38;0.0
114488;639013;2019-12-30;FRC;V20;;;13;5753;1094767534.0;;;2.36;2.36;2.42;2.41;2.42;2.42;0.0;2.42
114489;639014;2019-12-30;FRC;X20;;;1;198;23607856.0;;;2.38;2.38;2.38;2.38;2.38;2.38;0.0;0.0
114490;639015;2019-12-30;FRC;Z20;;;1;198;23599431.0;;;2.37;2.37;2.37;2.37;2.37;2.37;2.37;0.0
114491;639016;2019-12-30;FRC;F21;;;17;7320;1388675092.0;;;2.38;2.38;2.4;2.39;2.4;2.4;0.0;0.0
114492;639017;2019-12-30;FRC;J21;;;0;0;0.0;;;0.0;0.0;0.0;0.0;0.0;2.38;0.0;0.0
114493;639018;2019-12-30;FRC;N21;;;6;1182;222984621.0;;;2.37;2.37;2.37;2.37;2.37;2.37;0.0;0.0
114494;639019;2019-12-30;FRC;V21;;;5;1176;221189046.0;;;2.37;2.37;2.37;2.37;2.37;2.37;0.0;0.0
114495;639020;2019-12-30;FRC;F22;;;20;5482;1027504169.0;;;2.42;2.42;2.42;2.42;2.42;2.42;0.0;0.0
114496;639021;2019-12-30;FRC;J22;;;0;0;0.0;;;0.0;0.0;0.0;0.0;0.0;2.41;0.0;0.0
114497;639022;2019-12-30;FRC;N22;;;7;1358;253120315.0;;;2.39;2.39;2.39;2.39;2.39;2.39;0.0;0.0
114498;639023;2019-12-30;FRC;V22;;;0;0;0.0;;;0.0;0.0;0.0;0.0;0.0;2.4;0.0;0.0
114499;639024;2019-12-30;FRC;F23;;;13;5891;1090466800.0;;;2.46;2.46;2.46;2.46;2.46;2.46;0.0;0.0
114500;639025;2019-12-30;FRC;J23;;;2;386;71232069.0;;;2.47;2.47;2.47;2.47;2.47;2.47;0.0;0.0
114501;639026;2019-12-30;FRC;N23;;;7;2112;388548843.0;;;2.47;2.47;2.47;2.47;2.47;2.47;0.0;0.0
114502;639027;2019-12-30;FRC;V23;;;0;0;0.0;;;0.0;0.0;0.0;0.0;0.0;2.48;0.0;0.0
114503;639028;2019-12-30;FRC;F24;;;10;2769;506101124.0;;;2.46;2.46;2.52;2.49;2.52;2.52;0.0;0.0
114504;639029;2019-12-30;FRC;J24;;;0;0;0.0;;;0.0;0.0;0.0;0.0;0.0;2.52;0.0;0.0
114505;639030;2019-12-30;FRC;N24;;;9;1862;338026560.0;;;2.54;2.54;2.54;2.54;2.54;2.54;0.0;0.0
114506;639031;2019-12-30;FRC;V24;;;4;756;85753054.0;;;2.57;2.57;2.57;2.57;2.57;2.57;0.0;0.0
114507;639032;2019-12-30;FRC;F25;;;17;7363;1325471354.0;;;2.58;2.58;2.65;2.63;2.65;2.65;0.0;0.0
114508;639033;2019-12-30;FRC;N25;;;10;1926;343728946.0;;;2.73;2.73;2.73;2.73;2.73;2.73;0.0;0.0
114509;639034;2019-12-30;FRC;F26;;;3;1301;230590140.0;;;2.73;2.73;2.78;2.74;2.78;2.82;0.0;2.82
114510;639035;2019-12-30;FRC;N26;;;0;0;0.0;;;0.0;0.0;0.0;0.0;0.0;2.87;0.0;0.0
114511;639036;2019-12-30;FRC;F27;;;0;0;0.0;;;0.0;0.0;0.0;0.0;0.0;2.94;0.0;0.0
114512;639037;2019-12-30;FRC;F28;;;0;0;0.0;;;0.0;0.0;0.0;0.0;0.0;3.08;0.0;0.0
114513;639038;2019-12-30;FRC;F29;;;1;177;29626154.0;;;3.22;3.22;3.22;3.22;3.22;3.22;0.0;0.0
114514;639039;2019-12-30;FRC;F30;;;0;0;0.0;;;0.0;0.0;0.0;0.0;0.0;3.33;0.0;0.0
114515;639040;2019-12-30;FRC;F31;;;0;0;0.0;;;0.0;0.0;0.0;0.0;0.0;3.39;0.0;0.0
161055;911843;2019-09-19;FRC;X19;;;108;203226;39420093541.0;;;3.34;3.34;3.46;3.39;3.44;3.44;3.42;3.5
161056;911844;2019-09-19;FRC;Z19;;;15;50865;9855550548.0;;;3.03;3.03;3.1;3.04;3.1;3.1;3.1;3.15
161057;911845;2019-09-19;FRC;F20;;;23;32669;6321171267.0;;;3.07;3.07;3.11;3.09;3.11;3.11;3.07;3.1
161058;911846;2019-09-19;FRC;G20;;;8;4577;884563806.0;;;3.0;3.0;3.0;3.0;3.0;3.0;0.0;0.0
161059;911847;2019-09-19;FRC;H20;;;0;0;0.0;;;0.0;0.0;0.0;0.0;0.0;2.92;0.0;0.0
161060;911848;2019-09-19;FRC;J20;;;18;12514;2413609376.0;;;2.86;2.86;2.86;2.86;2.86;2.86;2.86;2.9
161061;911849;2019-09-19;FRC;K20;;;0;0;0.0;;;0.0;0.0;0.0;0.0;0.0;2.83;0.0;0.0
161062;911850;2019-09-19;FRC;M20;;;2;396;76209351.0;;;2.8;2.8;2.8;2.8;2.8;2.8;0.0;0.0
161063;911851;2019-09-19;FRC;N20;;;18;5742;1104016784.0;;;2.7;2.7;2.75;2.74;2.75;2.75;0.0;0.0
161064;911852;2019-09-19;FRC;Q20;;;3;988;119824931.0;;;2.72;2.72;2.72;2.72;2.72;2.72;0.0;0.0
161065;911853;2019-09-19;FRC;U20;;;5;2372;287633194.0;;;2.68;2.68;2.68;2.68;2.68;2.68;0.0;0.0
161066;911854;2019-09-19;FRC;V20;;;12;5724;1097286316.0;;;2.65;2.65;2.65;2.65;2.65;2.65;0.0;0.0
161067;911855;2019-09-19;FRC;F21;;;16;8621;1647605902.0;;;2.59;2.59;2.59;2.59;2.59;2.59;2.59;2.61
161068;911856;2019-09-19;FRC;J21;;;1;196;37342554.0;;;2.59;2.59;2.59;2.59;2.59;2.59;0.0;0.0
161069;911857;2019-09-19;FRC;N21;;;0;0;0.0;;;0.0;0.0;0.0;0.0;0.0;2.54;0.0;0.0
161070;911858;2019-09-19;FRC;V21;;;3;450;85271020.0;;;2.5;2.5;2.51;2.5;2.51;2.51;0.0;0.0
161071;911859;2019-09-19;FRC;F22;;;5;838;158340094.0;;;2.47;2.47;2.47;2.47;2.47;2.47;0.0;0.0
161072;911860;2019-09-19;FRC;J22;;;0;0;0.0;;;0.0;0.0;0.0;0.0;0.0;2.48;0.0;0.0
161073;911861;2019-09-19;FRC;N22;;;0;0;0.0;;;0.0;0.0;0.0;0.0;0.0;2.46;0.0;0.0
161074;911862;2019-09-19;FRC;V22;;;0;0;0.0;;;0.0;0.0;0.0;0.0;0.0;2.46;0.0;0.0
161075;911863;2019-09-19;FRC;F23;;;14;3470;648017114.0;;;2.45;2.45;2.45;2.45;2.45;2.45;0.0;2.47
161076;911864;2019-09-19;FRC;J23;;;0;0;0.0;;;0.0;0.0;0.0;0.0;0.0;2.44;0.0;0.0
161077;911865;2019-09-19;FRC;N23;;;0;0;0.0;;;0.0;0.0;0.0;0.0;0.0;2.45;0.0;0.0
161078;911866;2019-09-19;FRC;V23;;;0;0;0.0;;;0.0;0.0;0.0;0.0;0.0;2.47;0.0;0.0
161079;911867;2019-09-19;FRC;F24;;;7;1712;315642734.0;;;2.49;2.49;2.5;2.49;2.5;2.49;0.0;0.0
161080;911868;2019-09-19;FRC;J24;;;1;38;6992156.0;;;2.45;2.45;2.45;2.45;2.45;2.49;0.0;0.0
161081;911869;2019-09-19;FRC;N24;;;0;0;0.0;;;0.0;0.0;0.0;0.0;0.0;2.52;0.0;0.0
161082;911870;2019-09-19;FRC;F25;;;6;1316;239261960.0;;;2.57;2.57;2.58;2.57;2.58;2.58;0.0;0.0
161083;911871;2019-09-19;FRC;N25;;;0;0;0.0;;;0.0;0.0;0.0;0.0;0.0;2.61;0.0;0.0
161084;911872;2019-09-19;FRC;F26;;;0;0;0.0;;;0.0;0.0;0.0;0.0;0.0;2.66;0.0;0.0
161085;911873;2019-09-19;FRC;N26;;;0;0;0.0;;;0.0;0.0;0.0;0.0;0.0;2.72;0.0;0.0
161086;911874;2019-09-19;FRC;F27;;;0;0;0.0;;;0.0;0.0;0.0;0.0;0.0;2.79;0.0;0.0
161087;911875;2019-09-19;FRC;F28;;;4;777;134780412.0;;;2.86;2.86;2.87;2.86;2.87;2.88;0.0;0.0
161088;911876;2019-09-19;FRC;F29;;;0;0;0.0;;;0.0;0.0;0.0;0.0;0.0;2.93;0.0;0.0
161089;911877;2019-09-19;FRC;F30;;;0;0;0.0;;;0.0;0.0;0.0;0.0;0.0;3.01;0.0;0.0
161090;911878;2019-09-19;FRC;F31;;;0;0;0.0;;;0.0;0.0;0.0;0.0;0.0;3.07;0.0;0.0
161091;911879;2019-07-05;FRC;U19;;;27;59966;11580159609.0;;;2.79;2.79;2.86;2.81;2.81;2.81;2.81;0.0
161092;911880;2019-07-05;FRC;V19;;;25;27739;5350665941.0;;;2.82;2.82;2.82;2.82;2.82;2.82;0.0;0.0
161093;911881;2019-07-05;FRC;X19;;;28;18732;3608883286.0;;;2.86;2.82;2.86;2.82;2.82;2.82;0.0;0.0
161094;911882;2019-07-05;FRC;Z19;;;13;16718;3217006470.0;;;2.82;2.82;2.82;2.82;2.82;2.82;0.0;0.0
161095;911883;2019-07-05;FRC;F20;;;40;28237;5426989990.0;;;2.85;2.82;2.85;2.82;2.82;2.82;0.0;0.0
161096;911884;2019-07-05;FRC;G20;;;13;9136;1753829118.0;;;2.8;2.8;2.8;2.8;2.8;2.8;0.0;0.0
161097;911885;2019-07-05;FRC;H20;;;1;794;152275013.0;;;2.77;2.77;2.77;2.77;2.77;2.77;0.0;0.0
161098;911886;2019-07-05;FRC;J20;;;19;38044;7287779953.0;;;2.77;2.77;2.77;2.77;2.77;2.77;0.0;0.0
161099;911887;2019-07-05;FRC;K20;;;0;0;0.0;;;0.0;0.0;0.0;0.0;0.0;2.74;0.0;0.0
161100;911888;2019-07-05;FRC;M20;;;0;0;0.0;;;0.0;0.0;0.0;0.0;0.0;2.7;0.0;0.0
161101;911889;2019-07-05;FRC;N20;;;17;5931;1132664636.0;;;2.73;2.69;2.73;2.69;2.69;2.69;2.69;0.0
161102;911890;2019-07-05;FRC;V20;;;22;9377;1785054297.0;;;2.67;2.66;2.68;2.66;2.66;2.66;0.0;0.0
161103;911891;2019-07-05;FRC;F21;;;29;18063;3427761382.0;;;2.65;2.62;2.65;2.62;2.62;2.62;0.0;0.0
161104;911892;2019-07-05;FRC;J21;;;6;1761;333119337.0;;;2.63;2.63;2.63;2.63;2.63;2.63;0.0;0.0
161105;911893;2019-07-05;FRC;N21;;;0;0;0.0;;;0.0;0.0;0.0;0.0;0.0;2.63;0.0;0.0
161106;911894;2019-07-05;FRC;V21;;;8;1747;328238151.0;;;2.65;2.65;2.65;2.65;2.65;2.65;0.0;0.0
161107;911895;2019-07-05;FRC;F22;;;8;1940;363363769.0;;;2.64;2.63;2.64;2.63;2.64;2.64;0.0;0.0
161108;911896;2019-07-05;FRC;J22;;;7;1932;360528944.0;;;2.69;2.67;2.69;2.68;2.67;2.67;0.0;0.0
161109;911897;2019-07-05;FRC;N22;;;1;193;35911489.0;;;2.66;2.66;2.66;2.66;2.66;2.66;0.0;0.0
161110;911898;2019-07-05;FRC;V22;;;5;1152;213459315.0;;;2.71;2.71;2.71;2.71;2.71;2.71;0.0;0.0
161111;911899;2019-07-05;FRC;F23;;;4;1129;208477157.0;;;2.72;2.72;2.72;2.72;2.72;2.72;0.0;2.72
161112;911900;2019-07-05;FRC;J23;;;0;0;0.0;;;0.0;0.0;0.0;0.0;0.0;2.74;0.0;0.0
161113;911901;2019-07-05;FRC;N23;;;5;950;174174541.0;;;2.75;2.75;2.75;2.75;2.75;2.75;0.0;0.0
161114;911902;2019-07-05;FRC;V23;;;3;3977;726059607.0;;;2.78;2.78;2.8;2.79;2.8;2.78;0.0;0.0
161115;911903;2019-07-05;FRC;F24;;;9;1889;343584414.0;;;2.84;2.81;2.84;2.81;2.81;2.81;0.0;0.0
161116;911904;2019-07-05;FRC;J24;;;0;0;0.0;;;0.0;0.0;0.0;0.0;0.0;2.86;0.0;0.0
161117;911905;2019-07-05;FRC;N24;;;0;0;0.0;;;0.0;0.0;0.0;0.0;0.0;2.87;0.0;0.0
161118;911906;2019-07-05;FRC;F25;;;0;0;0.0;;;0.0;0.0;0.0;0.0;0.0;2.93;0.0;0.0
161119;911907;2019-07-05;FRC;N25;;;0;0;0.0;;;0.0;0.0;0.0;0.0;0.0;3.0;0.0;0.0
161120;911908;2019-07-05;FRC;F26;;;0;0;0.0;;;0.0;0.0;0.0;0.0;0.0;3.05;0.0;0.0
161121;911909;2019-07-05;FRC;N26;;;1;182;31720647.0;;;3.12;3.12;3.12;3.12;3.12;3.09;0.0;0.0
161122;911910;2019-07-05;FRC;F27;;;0;0;0.0;;;0.0;0.0;0.0;0.0;0.0;3.18;0.0;0.0
161123;911911;2019-07-05;FRC;F28;;;1;178;30145581.0;;;3.32;3.32;3.32;3.32;3.32;3.32;0.0;0.0
161124;911912;2019-07-05;FRC;F29;;;0;0;0.0;;;0.0;0.0;0.0;0.0;0.0;3.44;0.0;0.0
161125;911913;2019-07-05;FRC;F30;;;0;0;0.0;;;0.0;0.0;0.0;0.0;0.0;3.53;0.0;0.0
161126;911914;2019-07-05;FRC;F31;;;0;0;0.0;;;0.0;0.0;0.0;0.0;0.0;3.59;0.0;0.0
161127;911915;2019-06-21;FRC;Q19;;;59;110645;21255895150.0;;;3.22;3.2;3.25;3.22;3.22;3.22;0.0;0.0
161128;911916;2019-06-21;FRC;U19;;;18;32711;6276203750.0;;;3.05;3.05;3.05;3.05;3.05;3.05;0.0;0.0
161129;911917;2019-06-21;FRC;V19;;;10;11755;2252724747.0;;;3.07;3.02;3.07;3.02;3.03;3.02;0.0;0.0
161130;911918;2019-06-21;FRC;X19;;;12;9351;1789667653.0;;;3.08;3.01;3.11;3.03;3.01;3.01;3.01;0.0
161131;911919;2019-06-21;FRC;Z19;;;5;1988;380060466.0;;;2.95;2.95;2.95;2.95;2.95;2.95;0.0;0.0
161132;911920;2019-06-21;FRC;F20;;;17;10674;2037831134.0;;;3.03;2.99;3.03;2.99;2.99;2.99;0.0;2.99
161133;911921;2019-06-21;FRC;G20;;;8;2578;491671997.0;;;2.9;2.9;2.9;2.9;2.9;2.9;2.88;0.0
161134;911922;2019-06-21;FRC;H20;;;5;2178;414920381.0;;;2.9;2.9;2.9;2.9;2.9;2.9;2.88;0.0
161135;911923;2019-06-21;FRC;J20;;;12;6628;1261257708.0;;;2.93;2.88;2.93;2.88;2.88;2.88;2.84;0.0
161136;911924;2019-06-21;FRC;K20;;;3;1581;300539463.0;;;2.82;2.82;2.82;2.82;2.82;2.82;0.0;0.0
161137;911925;2019-06-21;FRC;M20;;;3;1579;299862350.0;;;2.8;2.8;2.8;2.8;2.8;2.8;0.0;0.0
161138;911926;2019-06-21;FRC;N20;;;6;2171;411858654.0;;;2.78;2.78;2.78;2.78;2.78;2.78;2.76;0.0
161139;911927;2019-06-21;FRC;V20;;;4;2360;446405694.0;;;2.69;2.69;2.69;2.69;2.69;2.69;0.0;0.0
161140;911928;2019-06-21;FRC;F21;;;12;7842;1478649033.0;;;2.65;2.65;2.65;2.65;2.65;2.65;2.65;0.0
161141;911929;2019-06-21;FRC;J21;;;0;0;0.0;;;0.0;0.0;0.0;0.0;0.0;2.62;0.0;0.0
161142;911930;2019-06-21;FRC;N21;;;0;0;0.0;;;0.0;0.0;0.0;0.0;0.0;2.6;0.0;0.0
161143;911931;2019-06-21;FRC;V21;;;3;777;145190469.0;;;2.59;2.59;2.59;2.59;2.59;2.59;0.0;0.0
161144;911932;2019-06-21;FRC;F22;;;5;2133;397186112.0;;;2.61;2.61;2.61;2.61;2.61;2.61;2.61;0.0
161145;911933;2019-06-21;FRC;J22;;;0;0;0.0;;;0.0;0.0;0.0;0.0;0.0;2.64;0.0;0.0
161146;911934;2019-06-21;FRC;N22;;;2;386;71380988.0;;;2.66;2.66;2.66;2.66;2.66;2.66;0.0;0.0
161147;911935;2019-06-21;FRC;V22;;;0;0;0.0;;;0.0;0.0;0.0;0.0;0.0;2.66;0.0;0.0
161148;911936;2019-06-21;FRC;F23;;;12;4497;826520636.0;;;2.63;2.63;2.63;2.63;2.63;2.63;2.63;0.0
161149;911937;2019-06-21;FRC;J23;;;0;0;0.0;;;0.0;0.0;0.0;0.0;0.0;2.68;0.0;0.0
161150;911938;2019-06-21;FRC;N23;;;0;0;0.0;;;0.0;0.0;0.0;0.0;0.0;2.72;0.0;0.0
161151;911939;2019-06-21;FRC;V23;;;0;0;0.0;;;0.0;0.0;0.0;0.0;0.0;2.76;0.0;0.0
161152;911940;2019-06-21;FRC;F24;;;0;0;0.0;;;0.0;0.0;0.0;0.0;0.0;2.78;0.0;0.0
161153;911941;2019-06-21;FRC;J24;;;0;0;0.0;;;0.0;0.0;0.0;0.0;0.0;2.83;0.0;0.0
161154;911942;2019-06-21;FRC;N24;;;0;0;0.0;;;0.0;0.0;0.0;0.0;0.0;2.85;0.0;0.0
161155;911943;2019-06-21;FRC;F25;;;0;0;0.0;;;0.0;0.0;0.0;0.0;0.0;2.87;0.0;0.0
161156;911944;2019-06-21;FRC;N25;;;0;0;0.0;;;0.0;0.0;0.0;0.0;0.0;2.9;0.0;0.0
161157;911945;2019-06-21;FRC;F26;;;0;0;0.0;;;0.0;0.0;0.0;0.0;0.0;2.97;0.0;0.0
161158;911946;2019-06-21;FRC;N26;;;0;0;0.0;;;0.0;0.0;0.0;0.0;0.0;3.01;0.0;0.0
161159;911947;2019-06-21;FRC;F27;;;5;905;155778838.0;;;3.09;3.09;3.09;3.09;3.09;3.09;0.0;0.0
161160;911948;2019-06-21;FRC;F28;;;4;712;120368886.0;;;3.19;3.19;3.19;3.19;3.19;3.19;0.0;0.0
161161;911949;2019-06-21;FRC;F29;;;0;0;0.0;;;0.0;0.0;0.0;0.0;0.0;3.26;0.0;0.0
161162;911950;2019-06-21;FRC;F30;;;0;0;0.0;;;0.0;0.0;0.0;0.0;0.0;3.35;0.0;0.0
161163;911951;2019-06-21;FRC;F31;;;0;0;0.0;;;0.0;0.0;0.0;0.0;0.0;3.41;0.0;0.0
161202;911990;2019-06-17;FRC;Q19;;;46;135427;26279730402.0;;;3.32;3.32;3.34;3.33;3.34;3.34;0.0;0.0
161203;911991;2019-06-17;FRC;U19;;;14;33462;6484479924.0;;;3.23;3.23;3.23;3.23;3.23;3.23;0.0;0.0
161204;911992;2019-06-17;FRC;V19;;;22;28085;5435344639.0;;;3.25;3.24;3.25;3.24;3.24;3.24;3.24;0.0
161205;911993;2019-06-17;FRC;X19;;;0;0;0.0;;;0.0;0.0;0.0;0.0;0.0;3.24;0.0;0.0
161206;911994;2019-06-17;FRC;Z19;;;10;18693;3608115547.0;;;3.19;3.19;3.19;3.19;3.19;3.19;0.0;3.19
161207;911995;2019-06-17;FRC;F20;;;22;8170;1574685054.0;;;3.22;3.21;3.23;3.22;3.22;3.22;3.18;3.22
161208;911996;2019-06-17;FRC;G20;;;1;40;7701073.0;;;3.16;3.16;3.16;3.16;3.16;3.17;3.15;3.2
161209;911997;2019-06-17;FRC;H20;;;1;99;19034983.0;;;3.16;3.16;3.16;3.16;3.16;3.16;0.0;3.16
161210;911998;2019-06-17;FRC;J20;;;25;24770;4757313924.0;;;3.11;3.1;3.11;3.1;3.11;3.11;0.0;3.12
161211;911999;2019-06-17;FRC;K20;;;13;13876;2661381223.0;;;3.1;3.1;3.1;3.1;3.1;3.1;0.0;3.1
161212;912000;2019-06-17;FRC;M20;;;2;178;34106051.0;;;3.07;3.07;3.07;3.07;3.07;3.04;0.0;0.0
161213;912001;2019-06-17;FRC;N20;;;16;5437;1040766572.0;;;3.05;3.0;3.05;3.0;3.0;3.0;2.97;3.0
161214;912002;2019-06-17;FRC;V20;;;6;11685;2229408566.0;;;2.93;2.93;2.93;2.93;2.93;2.93;2.93;0.0
161215;912003;2019-06-17;FRC;F21;;;8;5794;1101533311.0;;;2.9;2.9;2.9;2.9;2.9;2.9;0.0;0.0
161216;912004;2019-06-17;FRC;J21;;;1;20;3792936.0;;;2.87;2.87;2.87;2.87;2.87;2.86;0.0;0.0
161217;912005;2019-06-17;FRC;N21;;;0;0;0.0;;;0.0;0.0;0.0;0.0;0.0;2.82;0.0;0.0
161218;912006;2019-06-17;FRC;V21;;;0;0;0.0;;;0.0;0.0;0.0;0.0;0.0;2.82;0.0;0.0
161219;912007;2019-06-17;FRC;F22;;;10;7730;1450270163.0;;;2.82;2.82;2.82;2.82;2.82;2.82;0.0;0.0
161220;912008;2019-06-17;FRC;J22;;;0;0;0.0;;;0.0;0.0;0.0;0.0;0.0;2.83;0.0;0.0
161221;912009;2019-06-17;FRC;N22;;;0;0;0.0;;;0.0;0.0;0.0;0.0;0.0;2.82;0.0;0.0
161222;912010;2019-06-17;FRC;V22;;;1;191;35443235.0;;;2.86;2.86;2.86;2.86;2.86;2.83;0.0;0.0
161223;912011;2019-06-17;FRC;F23;;;11;14215;2629444990.0;;;2.86;2.85;2.87;2.85;2.85;2.85;0.0;0.0
161224;912012;2019-06-17;FRC;J23;;;6;11216;2066492319.0;;;2.91;2.87;2.91;2.88;2.87;2.87;0.0;0.0
161225;912013;2019-06-17;FRC;N23;;;0;0;0.0;;;0.0;0.0;0.0;0.0;0.0;2.88;0.0;0.0
161226;912014;2019-06-17;FRC;V23;;;0;0;0.0;;;0.0;0.0;0.0;0.0;0.0;2.89;0.0;0.0
161227;912015;2019-06-17;FRC;F24;;;3;1128;205305742.0;;;2.97;2.95;2.97;2.96;2.95;2.95;0.0;0.0
161228;912016;2019-06-17;FRC;J24;;;0;0;0.0;;;0.0;0.0;0.0;0.0;0.0;3.0;0.0;0.0
161229;912017;2019-06-17;FRC;N24;;;0;0;0.0;;;0.0;0.0;0.0;0.0;0.0;3.01;0.0;0.0
161230;912018;2019-06-17;FRC;F25;;;10;4140;741906457.0;;;3.03;3.02;3.03;3.02;3.02;3.02;0.0;0.0
161231;912019;2019-06-17;FRC;N25;;;0;0;0.0;;;0.0;0.0;0.0;0.0;0.0;3.04;0.0;0.0
161232;912020;2019-06-17;FRC;F26;;;0;0;0.0;;;0.0;0.0;0.0;0.0;0.0;3.12;0.0;0.0
161233;912021;2019-06-17;FRC;N26;;;0;0;0.0;;;0.0;0.0;0.0;0.0;0.0;3.15;0.0;0.0
161234;912022;2019-06-17;FRC;F27;;;9;2611;451790437.0;;;3.23;3.23;3.23;3.23;3.23;3.23;0.0;0.0
161235;912023;2019-06-17;FRC;F28;;;7;1955;331927257.0;;;3.36;3.35;3.36;3.35;3.35;3.35;0.0;0.0
161236;912024;2019-06-17;FRC;F29;;;0;0;0.0;;;0.0;0.0;0.0;0.0;0.0;3.4;0.0;0.0
161237;912025;2019-06-17;FRC;F30;;;0;0;0.0;;;0.0;0.0;0.0;0.0;0.0;3.49;0.0;0.0
161238;912026;2019-06-17;FRC;F31;;;0;0;0.0;;;0.0;0.0;0.0;0.0;0.0;3.55;0.0;0.0
161239;912027;2019-06-14;FRC;Q19;;;62;206504;39829022067.0;;;3.3;3.28;3.36;3.32;3.34;3.32;0.0;0.0
161240;912028;2019-06-14;FRC;U19;;;5;9373;1805381728.0;;;3.2;3.2;3.2;3.2;3.2;3.2;0.0;0.0
161241;912029;2019-06-14;FRC;V19;;;35;71771;13805827694.0;;;3.23;3.23;3.25;3.23;3.23;3.23;0.0;0.0
161242;912030;2019-06-14;FRC;X19;;;11;4675;898040716.0;;;3.23;3.23;3.25;3.23;3.23;3.23;0.0;0.0
161243;912031;2019-06-14;FRC;Z19;;;15;21773;4177076081.0;;;3.2;3.19;3.2;3.19;3.19;3.19;0.0;0.0
161244;912032;2019-06-14;FRC;F20;;;22;20196;3869092425.0;;;3.23;3.2;3.23;3.2;3.2;3.2;0.0;0.0
161245;912033;2019-06-14;FRC;G20;;;0;0;0.0;;;0.0;0.0;0.0;0.0;0.0;3.15;0.0;0.0
161246;912034;2019-06-14;FRC;H20;;;6;3168;605465054.0;;;3.14;3.14;3.14;3.14;3.14;3.14;0.0;0.0
161247;912035;2019-06-14;FRC;J20;;;29;69312;13232944097.0;;;3.06;3.06;3.1;3.07;3.1;3.1;0.0;0.0
161248;912036;2019-06-14;FRC;K20;;;0;0;0.0;;;0.0;0.0;0.0;0.0;0.0;3.13;0.0;0.0
161249;912037;2019-06-14;FRC;M20;;;0;0;0.0;;;0.0;0.0;0.0;0.0;0.0;3.05;0.0;0.0
161250;912038;2019-06-14;FRC;N20;;;13;2837;539727432.0;;;3.0;3.0;3.02;3.01;3.02;3.02;0.0;0.0
161251;912039;2019-06-14;FRC;V20;;;2;197;37368272.0;;;2.9;2.9;2.9;2.9;2.9;2.93;0.0;0.0
161252;912040;2019-06-14;FRC;F21;;;10;5970;1128156277.0;;;2.89;2.89;2.9;2.89;2.9;2.9;0.0;0.0
161253;912041;2019-06-14;FRC;J21;;;6;2577;485526111.0;;;2.83;2.83;2.86;2.84;2.86;2.86;0.0;0.0
161254;912042;2019-06-14;FRC;N21;;;13;12728;2390404549.0;;;2.79;2.79;2.86;2.81;2.82;2.82;0.0;0.0
161255;912043;2019-06-14;FRC;V21;;;2;194;36314678.0;;;2.8;2.8;2.8;2.8;2.8;2.82;0.0;0.0
161256;912044;2019-06-14;FRC;F22;;;6;2763;515230287.0;;;2.83;2.81;2.83;2.82;2.81;2.81;0.0;0.0
161257;912045;2019-06-14;FRC;J22;;;0;0;0.0;;;0.0;0.0;0.0;0.0;0.0;2.81;0.0;0.0
161258;912046;2019-06-14;FRC;N22;;;2;384;71126521.0;;;2.82;2.82;2.82;2.82;2.82;2.81;0.0;0.0
161259;912047;2019-06-14;FRC;V22;;;0;0;0.0;;;0.0;0.0;0.0;0.0;0.0;2.83;0.0;0.0
161260;912048;2019-06-14;FRC;F23;;;15;20658;3796651900.0;;;2.88;2.86;2.88;2.87;2.86;2.86;2.86;0.0
161261;912049;2019-06-14;FRC;J23;;;0;0;0.0;;;0.0;0.0;0.0;0.0;0.0;2.89;0.0;0.0
161262;912050;2019-06-14;FRC;N23;;;0;0;0.0;;;0.0;0.0;0.0;0.0;0.0;2.89;0.0;0.0
161263;912051;2019-06-14;FRC;V23;;;0;0;0.0;;;0.0;0.0;0.0;0.0;0.0;2.9;0.0;0.0
161264;912052;2019-06-14;FRC;F24;;;2;2258;408651996.0;;;2.95;2.95;2.95;2.95;2.95;2.95;0.0;0.0
161265;912053;2019-06-14;FRC;J24;;;1;187;33682732.0;;;3.0;3.0;3.0;3.0;3.0;3.0;0.0;0.0
161266;912054;2019-06-14;FRC;N24;;;0;0;0.0;;;0.0;0.0;0.0;0.0;0.0;3.01;0.0;0.0
161267;912055;2019-06-14;FRC;F25;;;9;2061;367021116.0;;;3.07;3.03;3.07;3.03;3.04;3.03;0.0;0.0
161268;912056;2019-06-14;FRC;N25;;;0;0;0.0;;;0.0;0.0;0.0;0.0;0.0;3.06;0.0;0.0
161269;912057;2019-06-14;FRC;F26;;;0;0;0.0;;;0.0;0.0;0.0;0.0;0.0;3.12;0.0;0.0
161270;912058;2019-06-14;FRC;N26;;;0;0;0.0;;;0.0;0.0;0.0;0.0;0.0;3.18;0.0;0.0
161271;912059;2019-06-14;FRC;F27;;;0;0;0.0;;;0.0;0.0;0.0;0.0;0.0;3.23;0.0;0.0
161272;912060;2019-06-14;FRC;F28;;;0;0;0.0;;;0.0;0.0;0.0;0.0;0.0;3.4;0.0;0.0
161273;912061;2019-06-14;FRC;F29;;;0;0;0.0;;;0.0;0.0;0.0;0.0;0.0;3.45;0.0;0.0
161274;912062;2019-06-14;FRC;F30;;;0;0;0.0;;;0.0;0.0;0.0;0.0;0.0;3.54;0.0;0.0
161275;912063;2019-06-14;FRC;F31;;;0;0;0.0;;;0.0;0.0;0.0;0.0;0.0;3.6;0.0;0.0
161313;912101;2019-06-24;FRC;Q19;;;244;402798;76895381604.0;;;3.22;3.2;3.29;3.23;3.28;3.26;3.26;3.28
161314;912102;2019-06-24;FRC;U19;;;15;21544;4107746389.0;;;3.03;3.03;3.03;3.03;3.03;3.03;0.0;0.0
161315;912103;2019-06-24;FRC;V19;;;9;12749;2427962998.0;;;3.02;3.0;3.05;3.0;3.0;3.0;0.0;0.0
161316;912104;2019-06-24;FRC;X19;;;7;4079;775848165.0;;;3.05;2.98;3.05;2.98;2.98;2.98;0.0;0.0
161317;912105;2019-06-24;FRC;Z19;;;8;3975;755191630.0;;;2.97;2.92;2.97;2.92;2.92;2.92;0.0;0.0
161318;912106;2019-06-24;FRC;F20;;;72;43358;8226573916.0;;;2.98;2.94;2.99;2.95;2.94;2.94;2.9;2.94
161319;912107;2019-06-24;FRC;G20;;;7;2696;510987848.0;;;2.92;2.87;2.92;2.87;2.87;2.87;0.0;0.0
161320;912108;2019-06-24;FRC;H20;;;11;5189;982482376.0;;;2.88;2.85;2.88;2.85;2.85;2.85;0.0;0.0
161321;912109;2019-06-24;FRC;J20;;;16;26989;5104667834.0;;;2.85;2.82;2.86;2.82;2.82;2.82;0.0;2.85
161322;912110;2019-06-24;FRC;K20;;;6;3954;746958396.0;;;2.83;2.78;2.83;2.8;2.78;2.78;0.0;0.0
161323;912111;2019-06-24;FRC;M20;;;6;2648;499948415.0;;;2.7;2.7;2.7;2.7;2.7;2.7;0.0;0.0
161324;912112;2019-06-24;FRC;N20;;;7;4144;781525525.0;;;2.7;2.7;2.7;2.7;2.7;2.7;0.0;2.74
161325;912113;2019-06-24;FRC;V20;;;7;4035;758816988.0;;;2.68;2.61;2.68;2.61;2.61;2.61;2.59;0.0
161326;912114;2019-06-24;FRC;F21;;;9;6200;1162552810.0;;;2.63;2.55;2.63;2.55;2.55;2.55;0.0;0.0
161327;912115;2019-06-24;FRC;J21;;;6;2347;438872519.0;;;2.52;2.52;2.52;2.52;2.52;2.52;2.52;2.55
161328;912116;2019-06-24;FRC;N21;;;0;0;0.0;;;0.0;0.0;0.0;0.0;0.0;2.51;0.0;0.0
161329;912117;2019-06-24;FRC;V21;;;8;1948;362014145.0;;;2.52;2.52;2.52;2.52;2.52;2.52;0.0;0.0
161330;912118;2019-06-24;FRC;F22;;;12;4520;837278858.0;;;2.59;2.52;2.59;2.52;2.52;2.52;0.0;0.0
161331;912119;2019-06-24;FRC;J22;;;0;0;0.0;;;0.0;0.0;0.0;0.0;0.0;2.55;0.0;0.0
161332;912120;2019-06-24;FRC;N22;;;0;0;0.0;;;0.0;0.0;0.0;0.0;0.0;2.56;0.0;0.0
161333;912121;2019-06-24;FRC;V22;;;3;960;176079848.0;;;2.56;2.56;2.56;2.56;2.56;2.56;0.0;0.0
161334;912122;2019-06-24;FRC;F23;;;9;1823;333313266.0;;;2.57;2.57;2.57;2.57;2.57;2.57;0.0;0.0
161335;912123;2019-06-24;FRC;J23;;;2;3056;556781024.0;;;2.59;2.59;2.59;2.59;2.59;2.59;0.0;0.0
161336;912124;2019-06-24;FRC;N23;;;0;0;0.0;;;0.0;0.0;0.0;0.0;0.0;2.61;0.0;0.0
161337;912125;2019-06-24;FRC;V23;;;3;1140;206296203.0;;;2.62;2.62;2.62;2.62;2.62;2.62;0.0;0.0
161338;912126;2019-06-24;FRC;F24;;;6;1323;238426411.0;;;2.66;2.66;2.66;2.66;2.66;2.66;0.0;0.0
161339;912127;2019-06-24;FRC;J24;;;0;0;0.0;;;0.0;0.0;0.0;0.0;0.0;2.71;0.0;0.0
161340;912128;2019-06-24;FRC;N24;;;0;0;0.0;;;0.0;0.0;0.0;0.0;0.0;2.73;0.0;0.0
161341;912129;2019-06-24;FRC;F25;;;0;0;0.0;;;0.0;0.0;0.0;0.0;0.0;2.76;0.0;0.0
161342;912130;2019-06-24;FRC;N25;;;0;0;0.0;;;0.0;0.0;0.0;0.0;0.0;2.79;0.0;0.0
161343;912131;2019-06-24;FRC;F26;;;0;0;0.0;;;0.0;0.0;0.0;0.0;0.0;2.87;0.0;0.0
161344;912132;2019-06-24;FRC;N26;;;0;0;0.0;;;0.0;0.0;0.0;0.0;0.0;2.91;0.0;0.0
161345;912133;2019-06-24;FRC;F27;;;0;0;0.0;;;0.0;0.0;0.0;0.0;0.0;3.0;0.0;0.0
161346;912134;2019-06-24;FRC;F28;;;5;895;150875937.0;;;3.11;3.11;3.11;3.11;3.11;3.11;0.0;0.0
161347;912135;2019-06-24;FRC;F29;;;0;0;0.0;;;0.0;0.0;0.0;0.0;0.0;3.18;0.0;0.0
161348;912136;2019-06-24;FRC;F30;;;0;0;0.0;;;0.0;0.0;0.0;0.0;0.0;3.27;0.0;0.0
161349;912137;2019-06-24;FRC;F31;;;0;0;0.0;;;0.0;0.0;0.0;0.0;0.0;3.33;0.0;0.0
161350;912138;2019-07-26;FRC;U19;;;200;344443;66288035319.0;;;2.8;2.8;2.88;2.86;2.88;2.88;2.88;2.9
161351;912139;2019-07-26;FRC;V19;;;27;44953;8641763465.0;;;2.8;2.8;2.81;2.8;2.8;2.8;0.0;0.0
161352;912140;2019-07-26;FRC;X19;;;13;26909;5167343591.0;;;2.72;2.72;2.72;2.72;2.72;2.72;0.0;0.0
161353;912141;2019-07-26;FRC;Z19;;;10;66701;12795496162.0;;;2.63;2.63;2.66;2.64;2.66;2.66;0.0;2.66
161354;912142;2019-07-26;FRC;F20;;;30;120686;23126527677.0;;;2.61;2.61;2.64;2.62;2.62;2.62;0.0;0.0
161355;912143;2019-07-26;FRC;G20;;;0;0;0.0;;;0.0;0.0;0.0;0.0;0.0;2.58;0.0;0.0
161356;912144;2019-07-26;FRC;H20;;;6;2781;531887607.0;;;2.54;2.54;2.54;2.54;2.54;2.54;0.0;0.0
161357;912145;2019-07-26;FRC;J20;;;16;37147;7097614627.0;;;2.53;2.52;2.53;2.52;2.53;2.53;0.0;0.0
161358;912146;2019-07-26;FRC;K20;;;5;4954;945624596.0;;;2.48;2.48;2.48;2.48;2.48;2.48;0.0;0.0
161359;912147;2019-07-26;FRC;M20;;;11;7524;1435063665.0;;;2.44;2.44;2.44;2.44;2.44;2.44;0.0;0.0
161360;912148;2019-07-26;FRC;N20;;;8;5540;1055789135.0;;;2.4;2.4;2.4;2.4;2.4;2.4;0.0;0.0
161361;912149;2019-07-26;FRC;V20;;;4;24026;4565464928.0;;;2.38;2.38;2.38;2.38;2.38;2.38;0.0;0.0
161362;912150;2019-07-26;FRC;F21;;;13;28935;5482318751.0;;;2.35;2.34;2.36;2.35;2.34;2.34;0.0;0.0
161363;912151;2019-07-26;FRC;J21;;;5;2158;407752204.0;;;2.35;2.35;2.35;2.35;2.35;2.35;0.0;0.0
161364;912152;2019-07-26;FRC;N21;;;6;2739;516078344.0;;;2.34;2.34;2.34;2.34;2.34;2.34;0.0;0.0
161365;912153;2019-07-26;FRC;V21;;;0;0;0.0;;;0.0;0.0;0.0;0.0;0.0;2.34;0.0;0.0
161366;912154;2019-07-26;FRC;F22;;;3;585;109584099.0;;;2.34;2.34;2.34;2.34;2.34;2.34;0.0;0.0
161367;912155;2019-07-26;FRC;J22;;;0;0;0.0;;;0.0;0.0;0.0;0.0;0.0;2.35;0.0;0.0
161368;912156;2019-07-26;FRC;N22;;;3;773;143931454.0;;;2.36;2.36;2.36;2.36;2.36;2.36;0.0;0.0
161369;912157;2019-07-26;FRC;V22;;;1;193;35826042.0;;;2.37;2.37;2.37;2.37;2.37;2.37;0.0;0.0
161370;912158;2019-07-26;FRC;F23;;;13;5828;1078433936.0;;;2.38;2.38;2.39;2.38;2.39;2.39;0.0;0.0
161371;912159;2019-07-26;FRC;J23;;;0;0;0.0;;;0.0;0.0;0.0;0.0;0.0;2.41;0.0;0.0
161372;912160;2019-07-26;FRC;N23;;;0;0;0.0;;;0.0;0.0;0.0;0.0;0.0;2.42;0.0;0.0
161373;912161;2019-07-26;FRC;V23;;;0;0;0.0;;;0.0;0.0;0.0;0.0;0.0;2.41;0.0;0.0
161374;912162;2019-07-26;FRC;F24;;;7;1900;347128905.0;;;2.44;2.44;2.44;2.44;2.44;2.44;0.0;0.0
161375;912163;2019-07-26;FRC;J24;;;0;0;0.0;;;0.0;0.0;0.0;0.0;0.0;2.47;0.0;0.0
161376;912164;2019-07-26;FRC;N24;;;0;0;0.0;;;0.0;0.0;0.0;0.0;0.0;2.47;0.0;0.0
161377;912165;2019-07-26;FRC;F25;;;7;1504;271185630.0;;;2.5;2.5;2.5;2.5;2.5;2.5;0.0;0.0
161378;912166;2019-07-26;FRC;N25;;;0;0;0.0;;;0.0;0.0;0.0;0.0;0.0;2.61;0.0;0.0
161379;912167;2019-07-26;FRC;F26;;;0;0;0.0;;;0.0;0.0;0.0;0.0;0.0;2.64;0.0;0.0
161380;912168;2019-07-26;FRC;N26;;;0;0;0.0;;;0.0;0.0;0.0;0.0;0.0;2.68;0.0;0.0
161381;912169;2019-07-26;FRC;F27;;;6;1098;191981310.0;;;2.71;2.71;2.71;2.71;2.71;2.71;0.0;0.0
161382;912170;2019-07-26;FRC;F28;;;0;0;0.0;;;0.0;0.0;0.0;0.0;0.0;2.85;0.0;0.0
161383;912171;2019-07-26;FRC;F29;;;0;0;0.0;;;0.0;0.0;0.0;0.0;0.0;2.91;0.0;0.0
161384;912172;2019-07-26;FRC;F30;;;0;0;0.0;;;0.0;0.0;0.0;0.0;0.0;3.0;0.0;0.0
161385;912173;2019-07-26;FRC;F31;;;0;0;0.0;;;0.0;0.0;0.0;0.0;0.0;3.06;0.0;0.0
161386;912174;2019-07-10;FRC;U19;;;54;138932;26654799689.0;;;2.83;2.75;2.83;2.77;2.75;2.75;2.74;2.75
161387;912175;2019-07-10;FRC;V19;;;24;33919;6500208938.0;;;2.82;2.78;2.83;2.78;2.78;2.78;2.76;2.78
161388;912176;2019-07-10;FRC;X19;;;18;12553;2402878319.0;;;2.81;2.76;2.81;2.76;2.76;2.76;2.74;2.77
161389;912177;2019-07-10;FRC;Z19;;;26;51355;9818292449.0;;;2.8;2.74;2.8;2.78;2.74;2.74;0.0;2.74
161390;912178;2019-07-10;FRC;F20;;;63;115062;21972911606.0;;;2.77;2.72;2.79;2.76;2.72;2.72;2.7;2.72
161391;912179;2019-07-10;FRC;G20;;;10;4212;803514597.0;;;2.72;2.7;2.72;2.7;2.7;2.7;0.0;2.7
161392;912180;2019-07-10;FRC;H20;;;5;1666;317494161.0;;;2.73;2.67;2.73;2.69;2.67;2.67;2.66;0.0
161393;912181;2019-07-10;FRC;J20;;;24;24656;4694281110.0;;;2.73;2.65;2.73;2.65;2.65;2.65;2.64;2.68
161394;912182;2019-07-10;FRC;K20;;;0;0;0.0;;;0.0;0.0;0.0;0.0;0.0;2.59;0.0;0.0
161395;912183;2019-07-10;FRC;M20;;;6;4155;789608808.0;;;2.57;2.57;2.57;2.57;2.57;2.57;0.0;0.0
161396;912184;2019-07-10;FRC;N20;;;19;25985;4932222504.0;;;2.67;2.53;2.67;2.59;2.53;2.53;0.0;2.57
161397;912185;2019-07-10;FRC;V20;;;6;2167;410197713.0;;;2.51;2.51;2.51;2.51;2.51;2.51;2.45;2.51
161398;912186;2019-07-10;FRC;F21;;;93;36663;6918493038.0;;;2.54;2.48;2.54;2.49;2.48;2.48;0.0;0.0
161399;912187;2019-07-10;FRC;J21;;;0;0;0.0;;;0.0;0.0;0.0;0.0;0.0;2.49;0.0;0.0
161400;912188;2019-07-10;FRC;N21;;;0;0;0.0;;;0.0;0.0;0.0;0.0;0.0;2.49;0.0;0.0
161401;912189;2019-07-10;FRC;V21;;;7;1365;255198554.0;;;2.51;2.51;2.51;2.51;2.51;2.51;0.0;0.0
161402;912190;2019-07-10;FRC;F22;;;20;6209;1156848643.0;;;2.55;2.51;2.55;2.52;2.51;2.51;0.0;0.0
161403;912191;2019-07-10;FRC;J22;;;0;0;0.0;;;0.0;0.0;0.0;0.0;0.0;2.55;0.0;0.0
161404;912192;2019-07-10;FRC;N22;;;6;1544;285900966.0;;;2.54;2.53;2.54;2.53;2.53;2.54;0.0;0.0
161405;912193;2019-07-10;FRC;V22;;;2;384;70836769.0;;;2.57;2.57;2.57;2.57;2.57;2.57;0.0;0.0
161406;912194;2019-07-10;FRC;F23;;;20;4223;776500822.0;;;2.63;2.58;2.63;2.58;2.58;2.58;0.0;0.0
161407;912195;2019-07-10;FRC;J23;;;0;0;0.0;;;0.0;0.0;0.0;0.0;0.0;2.61;0.0;0.0
161408;912196;2019-07-10;FRC;N23;;;0;0;0.0;;;0.0;0.0;0.0;0.0;0.0;2.62;0.0;0.0
161409;912197;2019-07-10;FRC;V23;;;0;0;0.0;;;0.0;0.0;0.0;0.0;0.0;2.66;0.0;0.0
161410;912198;2019-07-10;FRC;F24;;;7;1512;273928094.0;;;2.69;2.69;2.69;2.69;2.69;2.69;0.0;2.69
161411;912199;2019-07-10;FRC;J24;;;0;0;0.0;;;0.0;0.0;0.0;0.0;0.0;2.73;0.0;0.0
161412;912200;2019-07-10;FRC;N24;;;0;0;0.0;;;0.0;0.0;0.0;0.0;0.0;2.73;0.0;0.0
161413;912201;2019-07-10;FRC;F25;;;8;1683;300521292.0;;;2.76;2.76;2.77;2.76;2.76;2.76;2.76;0.0
161414;912202;2019-07-10;FRC;N25;;;2;742;131354830.0;;;2.84;2.84;2.84;2.84;2.84;2.84;0.0;0.0
161415;912203;2019-07-10;FRC;F26;;;9;1841;323501732.0;;;2.86;2.86;2.86;2.86;2.86;2.86;2.86;0.0
161416;912204;2019-07-10;FRC;N26;;;1;110;19132853.0;;;2.99;2.99;2.99;2.99;2.99;2.9;0.0;0.0
161417;912205;2019-07-10;FRC;F27;;;0;0;0.0;;;0.0;0.0;0.0;0.0;0.0;2.98;2.95;0.0
161418;912206;2019-07-10;FRC;F28;;;0;0;0.0;;;0.0;0.0;0.0;0.0;0.0;3.12;3.09;0.0
161419;912207;2019-07-10;FRC;F29;;;0;0;0.0;;;0.0;0.0;0.0;0.0;0.0;3.24;0.0;0.0
161420;912208;2019-07-10;FRC;F30;;;0;0;0.0;;;0.0;0.0;0.0;0.0;0.0;3.33;0.0;0.0
161421;912209;2019-07-10;FRC;F31;;;0;0;0.0;;;0.0;0.0;0.0;0.0;0.0;3.39;0.0;0.0
161422;912210;2019-08-14;FRC;V19;;;36;112649;21879090967.0;;;3.1;3.1;3.21;3.19;3.21;3.2;0.0;3.21
161423;912211;2019-08-14;FRC;X19;;;7;10970;2127786143.0;;;3.15;3.15;3.17;3.16;3.17;3.17;0.0;0.0
161424;912212;2019-08-14;FRC;Z19;;;14;11953;2315973404.0;;;2.96;2.96;2.98;2.97;2.98;2.98;2.98;3.01
161425;912213;2019-08-14;FRC;F20;;;52;47203;9134380996.0;;;2.91;2.91;3.0;2.97;3.0;2.97;2.94;3.0
161426;912214;2019-08-14;FRC;G20;;;10;4654;899665420.0;;;2.8;2.8;2.87;2.86;2.87;2.87;0.0;0.0
161427;912215;2019-08-14;FRC;H20;;;8;4309;832230182.0;;;2.73;2.73;2.79;2.78;2.79;2.79;0.0;0.0
161428;912216;2019-08-14;FRC;J20;;;21;20735;4001374246.0;;;2.7;2.63;2.72;2.68;2.7;2.7;2.7;0.0
161429;912217;2019-08-14;FRC;K20;;;7;3964;764093956.0;;;2.66;2.66;2.66;2.66;2.66;2.66;0.0;0.0
161430;912218;2019-08-14;FRC;M20;;;10;3564;686368984.0;;;2.63;2.63;2.63;2.63;2.63;2.63;2.63;0.0
161431;912219;2019-08-14;FRC;N20;;;42;30120;5796082256.0;;;2.56;2.52;2.58;2.56;2.57;2.58;0.0;2.58
161432;912220;2019-08-14;FRC;Q20;;;7;910;110669475.0;;;2.53;2.49;2.53;2.52;2.53;2.53;2.53;0.0
161433;912221;2019-08-14;FRC;V20;;;12;9926;1904914748.0;;;2.47;2.45;2.48;2.47;2.48;2.48;0.0;0.0
161434;912222;2019-08-14;FRC;F21;;;17;14805;2833572208.0;;;2.4;2.4;2.4;2.4;2.4;2.4;0.0;0.0
161435;912223;2019-08-14;FRC;J21;;;6;1570;299724345.0;;;2.36;2.36;2.36;2.36;2.36;2.36;0.0;0.0
161436;912224;2019-08-14;FRC;N21;;;4;784;149336185.0;;;2.29;2.29;2.29;2.29;2.29;2.29;0.0;0.0
161437;912225;2019-08-14;FRC;V21;;;4;780;148169426.0;;;2.27;2.27;2.27;2.27;2.27;2.27;0.0;0.0
161438;912226;2019-08-14;FRC;F22;;;22;5773;1093904063.0;;;2.2;2.2;2.25;2.24;2.25;2.25;0.0;0.0
161439;912227;2019-08-14;FRC;J22;;;1;78;14750094.0;;;2.2;2.2;2.2;2.2;2.2;2.22;0.0;0.0
161440;912228;2019-08-14;FRC;N22;;;6;3919;739032290.0;;;2.2;2.2;2.2;2.2;2.2;2.2;0.0;0.0
161441;912229;2019-08-14;FRC;V22;;;0;0;0.0;;;0.0;0.0;0.0;0.0;0.0;2.19;0.0;0.0
161442;912230;2019-08-14;FRC;F23;;;11;3861;724134839.0;;;2.2;2.2;2.2;2.2;2.2;2.2;0.0;0.0
161443;912231;2019-08-14;FRC;J23;;;0;0;0.0;;;0.0;0.0;0.0;0.0;0.0;2.19;0.0;0.0
161444;912232;2019-08-14;FRC;N23;;;0;0;0.0;;;0.0;0.0;0.0;0.0;0.0;2.19;0.0;0.0
161445;912233;2019-08-14;FRC;V23;;;2;115;21372295.0;;;2.26;2.26;2.26;2.26;2.26;2.21;0.0;0.0
161446;912234;2019-08-14;FRC;F24;;;13;3917;726554209.0;;;2.27;2.21;2.27;2.21;2.21;2.21;0.0;2.24
161447;912235;2019-08-14;FRC;J24;;;0;0;0.0;;;0.0;0.0;0.0;0.0;0.0;2.23;0.0;0.0
161448;912236;2019-08-14;FRC;N24;;;0;0;0.0;;;0.0;0.0;0.0;0.0;0.0;2.23;0.0;0.0
161449;912237;2019-08-14;FRC;F25;;;0;0;0.0;;;0.0;0.0;0.0;0.0;0.0;2.26;0.0;0.0
161450;912238;2019-08-14;FRC;N25;;;0;0;0.0;;;0.0;0.0;0.0;0.0;0.0;2.3;0.0;0.0
161451;912239;2019-08-14;FRC;F26;;;2;374;67725423.0;;;2.31;2.31;2.31;2.31;2.31;2.31;0.0;0.0
161452;912240;2019-08-14;FRC;N26;;;2;1115;200263767.0;;;2.4;2.4;2.4;2.4;2.4;2.36;0.0;0.0
161453;912241;2019-08-14;FRC;F27;;;0;0;0.0;;;0.0;0.0;0.0;0.0;0.0;2.4;0.0;0.0
161454;912242;2019-08-14;FRC;F28;;;3;1078;189770703.0;;;2.57;2.47;2.57;2.48;2.47;2.48;0.0;0.0
161455;912243;2019-08-14;FRC;F29;;;0;0;0.0;;;0.0;0.0;0.0;0.0;0.0;2.53;0.0;0.0
161456;912244;2019-08-14;FRC;F30;;;2;143;24374949.0;;;2.71;2.71;2.71;2.71;2.71;2.62;0.0;0.0
161457;912245;2019-08-14;FRC;F31;;;0;0;0.0;;;0.0;0.0;0.0;0.0;0.0;2.68;0.0;0.0
161569;912357;2019-06-18;FRC;Q19;;;69;192527;37197533105.0;;;3.31;3.25;3.32;3.27;3.27;3.25;0.0;3.27
161570;912358;2019-06-18;FRC;U19;;;16;27918;5386707721.0;;;3.2;3.17;3.2;3.17;3.17;3.17;0.0;3.17
161571;912359;2019-06-18;FRC;V19;;;30;47370;9128154775.0;;;3.17;3.17;3.2;3.18;3.17;3.17;0.0;3.17
161572;912360;2019-06-18;FRC;X19;;;13;5253;1010869855.0;;;3.2;3.18;3.2;3.18;3.18;3.18;0.0;0.0
161573;912361;2019-06-18;FRC;Z19;;;17;7434;1428788724.0;;;3.11;3.11;3.15;3.13;3.13;3.13;0.0;0.0
161574;912362;2019-06-18;FRC;F20;;;33;37457;7189074776.0;;;3.18;3.14;3.18;3.15;3.14;3.14;0.0;0.0
161575;912363;2019-06-18;FRC;G20;;;1;99;18977772.0;;;3.1;3.1;3.1;3.1;3.1;3.09;3.08;3.1
161576;912364;2019-06-18;FRC;H20;;;11;3564;682438209.0;;;3.08;3.08;3.08;3.08;3.08;3.08;3.06;3.09
161577;912365;2019-06-18;FRC;J20;;;29;25803;4935000997.0;;;3.07;3.05;3.07;3.05;3.05;3.05;3.03;3.05
161578;912366;2019-06-18;FRC;K20;;;4;1184;226168814.0;;;3.02;3.02;3.02;3.02;3.02;3.02;0.0;0.0
161579;912367;2019-06-18;FRC;M20;;;1;4281;816898250.0;;;3.0;3.0;3.0;3.0;3.0;2.98;2.96;0.0
161580;912368;2019-06-18;FRC;N20;;;27;18029;3436627859.0;;;2.96;2.96;2.98;2.96;2.96;2.96;2.93;2.96
161581;912369;2019-06-18;FRC;V20;;;3;1571;298549044.0;;;2.86;2.86;2.86;2.86;2.86;2.86;2.86;2.87
161582;912370;2019-06-18;FRC;F21;;;19;13904;2632863341.0;;;2.86;2.84;2.86;2.84;2.84;2.84;2.82;2.84
161583;912371;2019-06-18;FRC;J21;;;3;216;40778356.0;;;2.82;2.82;2.83;2.82;2.83;2.8;0.0;0.0
161584;912372;2019-06-18;FRC;N21;;;2;661;124377193.0;;;2.79;2.79;2.79;2.79;2.79;2.76;0.0;0.0
161585;912373;2019-06-18;FRC;V21;;;3;426;79902863.0;;;2.8;2.76;2.8;2.76;2.76;2.76;0.0;0.0
161586;912374;2019-06-18;FRC;F22;;;14;4058;758545971.0;;;2.76;2.76;2.76;2.76;2.76;2.76;0.0;0.0
161587;912375;2019-06-18;FRC;J22;;;0;0;0.0;;;0.0;0.0;0.0;0.0;0.0;2.77;0.0;0.0
161588;912376;2019-06-18;FRC;N22;;;0;0;0.0;;;0.0;0.0;0.0;0.0;0.0;2.76;0.0;0.0
161589;912377;2019-06-18;FRC;V22;;;2;249;46051294.0;;;2.8;2.8;2.8;2.8;2.8;2.77;0.0;0.0
161590;912378;2019-06-18;FRC;F23;;;8;1776;327352355.0;;;2.83;2.79;2.84;2.8;2.79;2.79;0.0;0.0
161591;912379;2019-06-18;FRC;J23;;;2;38;6975196.0;;;2.84;2.84;2.84;2.84;2.84;2.81;0.0;0.0
161592;912380;2019-06-18;FRC;N23;;;2;76;13902741.0;;;2.85;2.85;2.85;2.85;2.85;2.82;0.0;0.0
161593;912381;2019-06-18;FRC;V23;;;3;718;130869067.0;;;2.86;2.84;2.86;2.85;2.84;2.84;0.0;0.0
161594;912382;2019-06-18;FRC;F24;;;7;2447;443958804.0;;;2.95;2.87;2.95;2.91;2.87;2.87;0.0;0.0
161595;912383;2019-06-18;FRC;J24;;;0;0;0.0;;;0.0;0.0;0.0;0.0;0.0;2.92;0.0;0.0
161596;912384;2019-06-18;FRC;N24;;;0;0;0.0;;;0.0;0.0;0.0;0.0;0.0;2.94;0.0;0.0
161597;912385;2019-06-18;FRC;F25;;;7;3568;637578778.0;;;3.02;2.96;3.02;2.96;2.96;2.96;0.0;0.0
161598;912386;2019-06-18;FRC;N25;;;0;0;0.0;;;0.0;0.0;0.0;0.0;0.0;2.98;0.0;0.0
161599;912387;2019-06-18;FRC;F26;;;6;1281;225174623.0;;;3.05;3.05;3.05;3.05;3.05;3.05;0.0;0.0
161600;912388;2019-06-18;FRC;N26;;;0;0;0.0;;;0.0;0.0;0.0;0.0;0.0;3.08;0.0;0.0
161601;912389;2019-06-18;FRC;F27;;;2;180;31007800.0;;;3.23;3.23;3.23;3.23;3.23;3.16;0.0;0.0
161602;912390;2019-06-18;FRC;F28;;;2;711;120215698.0;;;3.35;3.35;3.35;3.35;3.35;3.28;0.0;0.0
161603;912391;2019-06-18;FRC;F29;;;0;0;0.0;;;0.0;0.0;0.0;0.0;0.0;3.33;0.0;0.0
161604;912392;2019-06-18;FRC;F30;;;0;0;0.0;;;0.0;0.0;0.0;0.0;0.0;3.42;0.0;0.0
161605;912393;2019-06-18;FRC;F31;;;0;0;0.0;;;0.0;0.0;0.0;0.0;0.0;3.48;0.0;0.0
161606;912394;2019-06-27;FRC;U19;;;11;5995;1146249969.0;;;2.65;2.65;2.65;2.65;2.65;2.65;0.0;0.0
161607;912395;2019-06-27;FRC;V19;;;17;95420;18222160686.0;;;2.77;2.7;2.79;2.76;2.7;2.7;0.0;0.0
161608;912396;2019-06-27;FRC;X19;;;10;11578;2208455150.0;;;2.79;2.68;2.79;2.75;2.68;2.68;0.0;0.0
161609;912397;2019-06-27;FRC;Z19;;;8;8362;1593505479.0;;;2.65;2.65;2.65;2.65;2.65;2.65;0.0;0.0
161610;912398;2019-06-27;FRC;F20;;;35;49161;9356784554.0;;;2.73;2.64;2.75;2.69;2.64;2.64;0.0;2.64
161611;912399;2019-06-27;FRC;G20;;;0;0;0.0;;;0.0;0.0;0.0;0.0;0.0;2.56;0.0;0.0
161612;912400;2019-06-27;FRC;H20;;;7;2979;565987676.0;;;2.56;2.56;2.56;2.56;2.56;2.56;0.0;0.0
161613;912401;2019-06-27;FRC;J20;;;24;33709;6396463967.0;;;2.66;2.54;2.66;2.6;2.54;2.54;0.0;0.0
161614;912402;2019-06-27;FRC;K20;;;3;1980;375446246.0;;;2.5;2.5;2.5;2.5;2.5;2.5;0.0;0.0
161615;912403;2019-06-27;FRC;M20;;;6;7522;1424960716.0;;;2.56;2.49;2.56;2.49;2.49;2.44;0.0;2.5
161616;912404;2019-06-27;FRC;N20;;;24;65006;12300222735.0;;;2.54;2.44;2.54;2.52;2.44;2.44;0.0;0.0
161617;912405;2019-06-27;FRC;V20;;;17;6407;1209430950.0;;;2.4;2.4;2.4;2.4;2.4;2.4;0.0;0.0
161618;912406;2019-06-27;FRC;F21;;;40;47573;8949619020.0;;;2.45;2.35;2.48;2.44;2.35;2.35;2.35;0.0
161619;912407;2019-06-27;FRC;J21;;;0;0;0.0;;;0.0;0.0;0.0;0.0;0.0;2.34;0.0;0.0
161620;912408;2019-06-27;FRC;N21;;;9;8415;1575184845.0;;;2.35;2.35;2.35;2.35;2.35;2.35;0.0;0.0
161621;912409;2019-06-27;FRC;V21;;;2;196;36585490.0;;;2.35;2.35;2.35;2.35;2.35;2.35;0.0;0.0
161622;912410;2019-06-27;FRC;F22;;;17;12054;2241135358.0;;;2.48;2.35;2.48;2.41;2.35;2.35;0.0;0.0
161623;912411;2019-06-27;FRC;J22;;;9;1746;323871551.0;;;2.38;2.38;2.38;2.38;2.38;2.38;0.0;0.0
161624;912412;2019-06-27;FRC;N22;;;0;0;0.0;;;0.0;0.0;0.0;0.0;0.0;2.38;0.0;0.0
161625;912413;2019-06-27;FRC;V22;;;0;0;0.0;;;0.0;0.0;0.0;0.0;0.0;2.42;0.0;0.0
161626;912414;2019-06-27;FRC;F23;;;10;4223;774909360.0;;;2.53;2.43;2.53;2.49;2.43;2.43;0.0;0.0
161627;912415;2019-06-27;FRC;J23;;;0;0;0.0;;;0.0;0.0;0.0;0.0;0.0;2.45;0.0;0.0
161628;912416;2019-06-27;FRC;N23;;;0;0;0.0;;;0.0;0.0;0.0;0.0;0.0;2.47;0.0;0.0
161629;912417;2019-06-27;FRC;V23;;;0;0;0.0;;;0.0;0.0;0.0;0.0;0.0;2.48;0.0;0.0
161630;912418;2019-06-27;FRC;F24;;;9;2088;378147433.0;;;2.55;2.55;2.55;2.55;2.55;2.55;0.0;0.0
161631;912419;2019-06-27;FRC;J24;;;0;0;0.0;;;0.0;0.0;0.0;0.0;0.0;2.6;0.0;0.0
161632;912420;2019-06-27;FRC;N24;;;2;4901;880982490.0;;;2.61;2.61;2.61;2.61;2.61;2.61;0.0;0.0
161633;912421;2019-06-27;FRC;F25;;;2;374;66731917.0;;;2.65;2.65;2.65;2.65;2.65;2.65;0.0;0.0
161634;912422;2019-06-27;FRC;N25;;;0;0;0.0;;;0.0;0.0;0.0;0.0;0.0;2.69;0.0;0.0
161635;912423;2019-06-27;FRC;F26;;;2;370;64982712.0;;;2.77;2.77;2.77;2.77;2.77;2.77;0.0;0.0
161636;912424;2019-06-27;FRC;N26;;;0;0;0.0;;;0.0;0.0;0.0;0.0;0.0;2.81;0.0;0.0
161637;912425;2019-06-27;FRC;F27;;;0;0;0.0;;;0.0;0.0;0.0;0.0;0.0;2.91;0.0;0.0
161638;912426;2019-06-27;FRC;F28;;;0;0;0.0;;;0.0;0.0;0.0;0.0;0.0;3.04;0.0;0.0
161639;912427;2019-06-27;FRC;F29;;;0;0;0.0;;;0.0;0.0;0.0;0.0;0.0;3.11;0.0;0.0
161640;912428;2019-06-27;FRC;F30;;;0;0;0.0;;;0.0;0.0;0.0;0.0;0.0;3.2;0.0;0.0
161641;912429;2019-06-27;FRC;F31;;;0;0;0.0;;;0.0;0.0;0.0;0.0;0.0;3.26;0.0;0.0
