;id;time_stamp;contract;maturity_code;open_interest_open;open_interest_close;number_of_trades;trading_volume;financial_volume;previous_settlement;indexed_settlement;opening_price;minimum_price;maximum_price;average_price;last_price;settlement_price;last_bid;last_offer
96871;540065;2018-01-02;FRC;H18;;;15;8350;2731411269.0;;;2.33;2.33;2.35;2.34;2.35;2.35;0.0;0.0
96872;540066;2018-01-02;FRC;J18;;;20;5030;1641335163.0;;;2.33;2.3;2.33;2.3;2.33;2.33;0.0;0.0
96873;540067;2018-01-02;FRC;K18;;;5;2080;677529911.0;;;2.38;2.37;2.38;2.37;2.37;2.37;0.0;0.0
96874;540068;2018-01-02;FRC;M18;;;2;800;260090412.0;;;2.4;2.4;2.4;2.4;2.4;2.4;0.0;0.0
96875;540069;2018-01-02;FRC;N18;;;15;4510;1462930509.0;;;2.43;2.39;2.43;2.39;2.41;2.41;0.0;0.0
96876;540070;2018-01-02;FRC;Q18;;;0;0;0.0;;;0.0;0.0;0.0;0.0;0.0;2.44;0.0;0.0
96877;540071;2018-01-02;FRC;U18;;;1;100;32366422.0;;;2.43;2.43;2.43;2.43;2.43;2.43;0.0;0.0
96878;540072;2018-01-02;FRC;V18;;;5;1500;483452532.0;;;2.51;2.5;2.51;2.5;2.5;2.5;0.0;0.0
96879;540073;2018-01-02;FRC;X18;;;0;0;0.0;;;0.0;0.0;0.0;0.0;0.0;2.58;0.0;0.0
96880;540074;2018-01-02;FRC;Z18;;;14;3600;1154261905.0;;;2.6;2.57;2.6;2.57;2.57;2.57;0.0;0.0
96881;540075;2018-01-02;FRC;F19;;;19;8960;2864919109.0;;;2.69;2.67;2.69;2.67;2.67;2.67;0.0;0.0
96882;540076;2018-01-02;FRC;J19;;;0;0;0.0;;;0.0;0.0;0.0;0.0;0.0;2.71;0.0;0.0
96883;540077;2018-01-02;FRC;N19;;;5;600;188858491.0;;;2.79;2.79;2.79;2.79;2.79;2.79;0.0;0.0
96884;540078;2018-01-02;FRC;V19;;;6;510;159163460.0;;;2.87;2.84;2.87;2.84;2.84;2.84;0.0;0.0
96885;540079;2018-01-02;FRC;F20;;;16;2190;679398801.0;;;2.96;2.93;2.96;2.93;2.93;2.93;0.0;0.0
96886;540080;2018-01-02;FRC;J20;;;1;10;3011995.0;;;2.98;2.98;2.98;2.98;2.98;2.96;0.0;0.0
96887;540081;2018-01-02;FRC;N20;;;13;1130;344534335.0;;;3.01;3.01;3.01;3.01;3.01;3.01;0.0;0.0
96888;540082;2018-01-02;FRC;V20;;;1;10;2986022.0;;;3.09;3.09;3.09;3.09;3.09;3.09;0.0;0.0
96889;540083;2018-01-02;FRC;F21;;;13;1960;586605644.0;;;3.15;3.15;3.15;3.15;3.15;3.15;0.0;0.0
96890;540084;2018-01-02;FRC;J21;;;0;0;0.0;;;0.0;0.0;0.0;0.0;0.0;3.17;0.0;0.0
96891;540085;2018-01-02;FRC;N21;;;3;300;88445000.0;;;3.21;3.21;3.21;3.21;3.21;3.21;0.0;0.0
96892;540086;2018-01-02;FRC;V21;;;0;0;0.0;;;0.0;0.0;0.0;0.0;0.0;3.26;0.0;0.0
96893;540087;2018-01-02;FRC;F22;;;6;440;126925348.0;;;3.39;3.37;3.39;3.37;3.37;3.37;0.0;0.0
96894;540088;2018-01-02;FRC;J22;;;0;0;0.0;;;0.0;0.0;0.0;0.0;0.0;3.41;0.0;0.0
96895;540089;2018-01-02;FRC;N22;;;0;0;0.0;;;0.0;0.0;0.0;0.0;0.0;3.46;0.0;0.0
96896;540090;2018-01-02;FRC;V22;;;0;0;0.0;;;0.0;0.0;0.0;0.0;0.0;3.46;0.0;0.0
96897;540091;2018-01-02;FRC;F23;;;14;1790;498000895.0;;;3.58;3.54;3.58;3.54;3.54;3.55;0.0;0.0
96898;540092;2018-01-02;FRC;N23;;;1;100;27254669.0;;;3.62;3.62;3.62;3.62;3.62;3.62;0.0;0.0
96899;540093;2018-01-02;FRC;F24;;;2;20;5294427.0;;;3.75;3.75;3.75;3.75;3.75;3.74;0.0;0.0
96900;540094;2018-01-02;FRC;N24;;;0;0;0.0;;;0.0;0.0;0.0;0.0;0.0;3.8;0.0;0.0
96901;540095;2018-01-02;FRC;F25;;;7;810;208630552.0;;;3.92;3.9;3.92;3.9;3.9;3.9;0.0;0.0
96902;540096;2018-01-02;FRC;F26;;;0;0;0.0;;;0.0;0.0;0.0;0.0;0.0;4.14;0.0;0.0
96903;540097;2018-01-02;FRC;F27;;;2;200;47222360.0;;;4.26;4.26;4.26;4.26;4.26;4.26;0.0;0.0
96904;540098;2018-01-02;FRC;F28;;;0;0;0.0;;;0.0;0.0;0.0;0.0;0.0;4.45;0.0;0.0
96905;540099;2018-01-02;FRC;F29;;;0;0;0.0;;;0.0;0.0;0.0;0.0;0.0;4.71;0.0;0.0
96906;540100;2018-01-02;FRC;F30;;;0;0;0.0;;;0.0;0.0;0.0;0.0;0.0;4.77;0.0;0.0
96907;540271;2018-01-03;FRC;H18;;;13;7600;2465371143.0;;;2.37;2.35;2.37;2.35;2.35;2.35;0.0;0.0
96908;540272;2018-01-03;FRC;J18;;;22;18900;6117551964.0;;;2.33;2.33;2.35;2.33;2.34;2.34;0.0;0.0
96909;540273;2018-01-03;FRC;K18;;;3;900;290769859.0;;;2.38;2.38;2.38;2.38;2.38;2.38;0.0;0.0
96910;540274;2018-01-03;FRC;M18;;;0;0;0.0;;;0.0;0.0;0.0;0.0;0.0;2.4;0.0;0.0
96911;540275;2018-01-03;FRC;N18;;;18;4300;1383328125.0;;;2.39;2.39;2.39;2.39;2.39;2.39;0.0;0.0
96912;540276;2018-01-03;FRC;Q18;;;5;1300;417431172.0;;;2.43;2.43;2.43;2.43;2.43;2.43;0.0;0.0
96913;540277;2018-01-03;FRC;U18;;;4;600;192287184.0;;;2.41;2.41;2.41;2.41;2.41;2.41;0.0;0.0
96914;540278;2018-01-03;FRC;V18;;;13;3100;990439892.0;;;2.5;2.47;2.5;2.47;2.47;2.47;0.0;0.0
96915;540279;2018-01-03;FRC;X18;;;10;5340;1701863426.0;;;2.56;2.54;2.56;2.56;2.54;2.54;0.0;0.0
96916;540280;2018-01-03;FRC;Z18;;;7;1300;413710336.0;;;2.55;2.55;2.55;2.55;2.55;2.55;0.0;0.0
96917;540281;2018-01-03;FRC;F19;;;32;22170;7030305480.0;;;2.67;2.63;2.67;2.64;2.63;2.63;0.0;0.0
96918;540282;2018-01-03;FRC;J19;;;3;1000;315066035.0;;;2.68;2.68;2.68;2.68;2.68;2.68;0.0;0.0
96919;540283;2018-01-03;FRC;N19;;;6;1000;312443648.0;;;2.74;2.74;2.74;2.74;2.74;2.74;0.0;0.0
96920;540284;2018-01-03;FRC;V19;;;7;1000;309781741.0;;;2.8;2.8;2.8;2.8;2.8;2.8;0.0;0.0
96921;540285;2018-01-03;FRC;F20;;;13;3300;1014872928.0;;;2.89;2.89;2.89;2.89;2.89;2.89;0.0;0.0
96922;540286;2018-01-03;FRC;J20;;;2;250;76316142.0;;;2.95;2.95;2.95;2.95;2.95;2.95;0.0;0.0
96923;540287;2018-01-03;FRC;N20;;;0;0;0.0;;;0.0;0.0;0.0;0.0;0.0;3.0;0.0;0.0
96924;540288;2018-01-03;FRC;V20;;;5;500;149759266.0;;;3.05;3.05;3.05;3.05;3.05;3.05;0.0;0.0
96925;540289;2018-01-03;FRC;F21;;;17;2260;672478515.0;;;3.15;3.13;3.15;3.13;3.13;3.13;0.0;0.0
96926;540290;2018-01-03;FRC;J21;;;0;0;0.0;;;0.0;0.0;0.0;0.0;0.0;3.14;0.0;0.0
96927;540291;2018-01-03;FRC;N21;;;0;0;0.0;;;0.0;0.0;0.0;0.0;0.0;3.18;0.0;0.0
96928;540292;2018-01-03;FRC;V21;;;0;0;0.0;;;0.0;0.0;0.0;0.0;0.0;3.23;0.0;0.0
96929;540293;2018-01-03;FRC;F22;;;1;100;28637694.0;;;3.33;3.33;3.33;3.33;3.33;3.33;0.0;0.0
96930;540294;2018-01-03;FRC;J22;;;0;0;0.0;;;0.0;0.0;0.0;0.0;0.0;3.37;0.0;0.0
96931;540295;2018-01-03;FRC;N22;;;1;100;28218517.0;;;3.42;3.42;3.42;3.42;3.42;3.42;0.0;0.0
96932;540296;2018-01-03;FRC;V22;;;0;0;0.0;;;0.0;0.0;0.0;0.0;0.0;3.45;0.0;0.0
96933;540297;2018-01-03;FRC;F23;;;13;2410;665507323.0;;;3.55;3.52;3.55;3.53;3.52;3.52;0.0;0.0
96934;540298;2018-01-03;FRC;N23;;;0;0;0.0;;;0.0;0.0;0.0;0.0;0.0;3.59;0.0;0.0
96935;540299;2018-01-03;FRC;F24;;;1;100;26603115.0;;;3.71;3.71;3.71;3.71;3.71;3.71;0.0;0.0
96936;540300;2018-01-03;FRC;N24;;;0;0;0.0;;;0.0;0.0;0.0;0.0;0.0;3.78;0.0;0.0
96937;540301;2018-01-03;FRC;F25;;;7;1600;408256361.0;;;3.92;3.89;3.93;3.91;3.9;3.89;0.0;0.0
96938;540302;2018-01-03;FRC;F26;;;2;200;48800084.0;;;4.1;4.1;4.1;4.1;4.1;4.1;0.0;0.0
96939;540303;2018-01-03;FRC;F27;;;3;300;70249670.0;;;4.26;4.26;4.26;4.26;4.26;4.26;0.0;0.0
96940;540304;2018-01-03;FRC;F28;;;0;0;0.0;;;0.0;0.0;0.0;0.0;0.0;4.45;0.0;0.0
96941;540305;2018-01-03;FRC;F29;;;0;0;0.0;;;0.0;0.0;0.0;0.0;0.0;4.71;0.0;0.0
96942;540306;2018-01-03;FRC;F30;;;0;0;0.0;;;0.0;0.0;0.0;0.0;0.0;4.77;0.0;0.0
96943;540476;2018-01-04;FRC;H18;;;15;7470;2411700920.0;;;2.33;2.33;2.39;2.38;2.39;2.39;0.0;0.0
96944;540477;2018-01-04;FRC;J18;;;19;11570;3728417554.0;;;2.34;2.33;2.38;2.35;2.38;2.38;0.0;0.0
96945;540478;2018-01-04;FRC;K18;;;5;1510;485513320.0;;;2.36;2.36;2.43;2.42;2.43;2.43;0.0;0.0
96946;540479;2018-01-04;FRC;M18;;;4;310;99387190.0;;;2.39;2.39;2.44;2.44;2.44;2.44;0.0;0.0
96947;540480;2018-01-04;FRC;N18;;;11;10280;3291992684.0;;;2.4;2.39;2.43;2.41;2.43;2.43;0.0;0.0
96948;540481;2018-01-04;FRC;Q18;;;3;300;95962756.0;;;2.46;2.46;2.46;2.46;2.46;2.46;0.0;0.0
96949;540482;2018-01-04;FRC;U18;;;2;110;35166177.0;;;2.39;2.39;2.44;2.43;2.44;2.44;0.0;0.0
96950;540483;2018-01-04;FRC;V18;;;13;7130;2268381420.0;;;2.48;2.47;2.5;2.49;2.5;2.5;0.0;0.0
96951;540484;2018-01-04;FRC;X18;;;4;2400;761473543.0;;;2.56;2.56;2.56;2.56;2.56;2.56;0.0;0.0
96952;540485;2018-01-04;FRC;Z18;;;1;100;31677800.0;;;2.57;2.57;2.57;2.57;2.57;2.57;0.0;0.0
96953;540486;2018-01-04;FRC;F19;;;18;10860;3428582523.0;;;2.61;2.61;2.64;2.62;2.64;2.63;0.0;0.0
96954;540487;2018-01-04;FRC;J19;;;0;0;0.0;;;0.0;0.0;0.0;0.0;0.0;2.68;0.0;0.0
96955;540488;2018-01-04;FRC;N19;;;1;100;31087708.0;;;2.74;2.74;2.74;2.74;2.74;2.74;0.0;0.0
96956;540489;2018-01-04;FRC;V19;;;0;0;0.0;;;0.0;0.0;0.0;0.0;0.0;2.81;0.0;0.0
96957;540490;2018-01-04;FRC;F20;;;23;4150;1270884213.0;;;2.91;2.9;2.91;2.9;2.9;2.91;0.0;0.0
96958;540491;2018-01-04;FRC;J20;;;0;0;0.0;;;0.0;0.0;0.0;0.0;0.0;2.97;0.0;0.0
96959;540492;2018-01-04;FRC;N20;;;0;0;0.0;;;0.0;0.0;0.0;0.0;0.0;3.01;0.0;0.0
96960;540493;2018-01-04;FRC;V20;;;0;0;0.0;;;0.0;0.0;0.0;0.0;0.0;3.06;0.0;0.0
96961;540494;2018-01-04;FRC;F21;;;10;1400;414786569.0;;;3.13;3.13;3.13;3.13;3.13;3.13;0.0;0.0
96962;540495;2018-01-04;FRC;J21;;;1;100;29393111.0;;;3.17;3.17;3.17;3.17;3.17;3.17;0.0;0.0
96963;540496;2018-01-04;FRC;N21;;;1;100;29111913.0;;;3.2;3.2;3.2;3.2;3.2;3.2;0.0;0.0
96964;540497;2018-01-04;FRC;V21;;;0;0;0.0;;;0.0;0.0;0.0;0.0;0.0;3.24;0.0;0.0
96965;540498;2018-01-04;FRC;F22;;;4;500;142716266.0;;;3.33;3.32;3.33;3.32;3.32;3.32;0.0;0.0
96966;540499;2018-01-04;FRC;J22;;;0;0;0.0;;;0.0;0.0;0.0;0.0;0.0;3.36;0.0;0.0
96967;540500;2018-01-04;FRC;N22;;;2;200;56205670.0;;;3.4;3.4;3.4;3.4;3.4;3.4;0.0;0.0
96968;540501;2018-01-04;FRC;V22;;;0;0;0.0;;;0.0;0.0;0.0;0.0;0.0;3.42;0.0;0.0
96969;540502;2018-01-04;FRC;F23;;;8;1240;341370640.0;;;3.49;3.49;3.49;3.49;3.49;3.49;0.0;0.0
96970;540503;2018-01-04;FRC;N23;;;0;0;0.0;;;0.0;0.0;0.0;0.0;0.0;3.62;0.0;0.0
96971;540504;2018-01-04;FRC;F24;;;0;0;0.0;;;0.0;0.0;0.0;0.0;0.0;3.73;0.0;0.0
96972;540505;2018-01-04;FRC;N24;;;0;0;0.0;;;0.0;0.0;0.0;0.0;0.0;3.79;0.0;0.0
96973;540506;2018-01-04;FRC;F25;;;2;200;50831708.0;;;3.86;3.86;3.86;3.86;3.86;3.88;0.0;0.0
96974;540507;2018-01-04;FRC;F26;;;0;0;0.0;;;0.0;0.0;0.0;0.0;0.0;4.06;0.0;0.0
96975;540508;2018-01-04;FRC;F27;;;3;300;70096513.0;;;4.19;4.19;4.19;4.19;4.19;4.19;0.0;0.0
96976;540509;2018-01-04;FRC;F28;;;0;0;0.0;;;0.0;0.0;0.0;0.0;0.0;4.38;0.0;0.0
96977;540510;2018-01-04;FRC;F29;;;0;0;0.0;;;0.0;0.0;0.0;0.0;0.0;4.64;0.0;0.0
96978;540511;2018-01-04;FRC;F30;;;0;0;0.0;;;0.0;0.0;0.0;0.0;0.0;4.7;0.0;0.0
96979;540681;2018-01-05;FRC;H18;;;8;7500;2414873059.0;;;2.39;2.38;2.41;2.39;2.38;2.41;0.0;0.0
96980;540682;2018-01-05;FRC;J18;;;10;6500;2088470847.0;;;2.44;2.44;2.44;2.44;2.44;2.44;0.0;0.0
96981;540683;2018-01-05;FRC;K18;;;3;1900;609292275.0;;;2.46;2.46;2.46;2.46;2.46;2.46;0.0;0.0
96982;540684;2018-01-05;FRC;M18;;;1;500;159986172.0;;;2.5;2.5;2.5;2.5;2.5;2.5;0.0;0.0
96983;540685;2018-01-05;FRC;N18;;;6;2800;894207188.0;;;2.43;2.42;2.46;2.43;2.46;2.46;0.0;0.0
96984;540686;2018-01-05;FRC;Q18;;;2;200;63796356.0;;;2.5;2.5;2.5;2.5;2.5;2.5;0.0;0.0
96985;540687;2018-01-05;FRC;U18;;;0;0;0.0;;;0.0;0.0;0.0;0.0;0.0;2.47;0.0;0.0
96986;540688;2018-01-05;FRC;V18;;;13;2130;675918895.0;;;2.52;2.48;2.53;2.51;2.53;2.53;0.0;0.0
96987;540689;2018-01-05;FRC;X18;;;1;10;3195204.0;;;2.56;2.56;2.56;2.56;2.56;2.59;0.0;0.0
96988;540690;2018-01-05;FRC;Z18;;;0;0;0.0;;;0.0;0.0;0.0;0.0;0.0;2.59;0.0;0.0
96989;540691;2018-01-05;FRC;F19;;;37;22300;7021119168.0;;;2.65;2.61;2.65;2.64;2.65;2.65;0.0;0.0
96990;540692;2018-01-05;FRC;J19;;;4;500;156384779.0;;;2.7;2.7;2.7;2.7;2.7;2.7;0.0;0.0
96991;540693;2018-01-05;FRC;N19;;;0;0;0.0;;;0.0;0.0;0.0;0.0;0.0;2.76;0.0;0.0
96992;540694;2018-01-05;FRC;V19;;;9;2300;707815935.0;;;2.82;2.82;2.82;2.82;2.82;2.82;0.0;0.0
96993;540695;2018-01-05;FRC;F20;;;43;7600;2321628133.0;;;2.9;2.89;2.91;2.89;2.91;2.91;0.0;0.0
96994;540696;2018-01-05;FRC;J20;;;2;1000;302690917.0;;;2.97;2.97;2.97;2.97;2.97;2.97;0.0;0.0
96995;540697;2018-01-05;FRC;N20;;;3;300;90050097.0;;;3.02;3.02;3.02;3.02;3.02;3.02;0.0;0.0
96996;540698;2018-01-05;FRC;V20;;;0;0;0.0;;;0.0;0.0;0.0;0.0;0.0;3.06;0.0;0.0
96997;540699;2018-01-05;FRC;F21;;;7;800;236627082.0;;;3.12;3.12;3.12;3.12;3.12;3.12;0.0;0.0
96998;540700;2018-01-05;FRC;J21;;;0;0;0.0;;;0.0;0.0;0.0;0.0;0.0;3.15;0.0;0.0
96999;540701;2018-01-05;FRC;N21;;;0;0;0.0;;;0.0;0.0;0.0;0.0;0.0;3.17;0.0;0.0
97000;540702;2018-01-05;FRC;V21;;;2;600;172806197.0;;;3.24;3.24;3.24;3.24;3.24;3.2;0.0;0.0
97001;540703;2018-01-05;FRC;F22;;;8;950;270631990.0;;;3.32;3.27;3.32;3.28;3.27;3.27;0.0;0.0
97002;540704;2018-01-05;FRC;J22;;;0;0;0.0;;;0.0;0.0;0.0;0.0;0.0;3.31;0.0;0.0
97003;540705;2018-01-05;FRC;N22;;;1;100;28060870.0;;;3.34;3.34;3.34;3.34;3.34;3.34;0.0;0.0
97004;540706;2018-01-05;FRC;V22;;;0;0;0.0;;;0.0;0.0;0.0;0.0;0.0;3.35;0.0;0.0
97005;540707;2018-01-05;FRC;F23;;;20;4170;1147002810.0;;;3.49;3.39;3.49;3.45;3.4;3.42;0.0;0.0
97006;540708;2018-01-05;FRC;N23;;;0;0;0.0;;;0.0;0.0;0.0;0.0;0.0;3.53;0.0;0.0
97007;540709;2018-01-05;FRC;F24;;;0;0;0.0;;;0.0;0.0;0.0;0.0;0.0;3.62;0.0;0.0
97008;540710;2018-01-05;FRC;N24;;;0;0;0.0;;;0.0;0.0;0.0;0.0;0.0;3.67;0.0;0.0
97009;540711;2018-01-05;FRC;F25;;;12;3200;814231914.0;;;3.86;3.74;3.86;3.81;3.74;3.74;0.0;0.0
97010;540712;2018-01-05;FRC;F26;;;0;0;0.0;;;0.0;0.0;0.0;0.0;0.0;3.94;0.0;0.0
97011;540713;2018-01-05;FRC;F27;;;2;200;47083278.0;;;4.09;4.09;4.09;4.09;4.09;4.09;0.0;0.0
97012;540714;2018-01-05;FRC;F28;;;0;0;0.0;;;0.0;0.0;0.0;0.0;0.0;4.24;0.0;0.0
97013;540715;2018-01-05;FRC;F29;;;2;200;43213592.0;;;4.45;4.45;4.45;4.45;4.45;4.45;0.0;0.0
97014;540716;2018-01-05;FRC;F30;;;0;0;0.0;;;0.0;0.0;0.0;0.0;0.0;4.51;0.0;0.0
97015;540886;2018-01-08;FRC;H18;;;24;21210;6843166527.0;;;2.3;2.3;2.32;2.31;2.32;2.32;0.0;0.0
97016;540887;2018-01-08;FRC;J18;;;24;9020;2904223624.0;;;2.37;2.36;2.37;2.36;2.37;2.37;0.0;0.0
97017;540888;2018-01-08;FRC;K18;;;6;1800;578270970.0;;;2.41;2.41;2.41;2.41;2.41;2.41;0.0;0.0
97018;540889;2018-01-08;FRC;M18;;;1;10;3218965.0;;;2.46;2.46;2.46;2.46;2.46;2.46;0.0;0.0
97019;540890;2018-01-08;FRC;N18;;;13;3310;1059116281.0;;;2.42;2.42;2.43;2.42;2.43;2.43;0.0;0.0
97020;540891;2018-01-08;FRC;Q18;;;4;500;159820257.0;;;2.44;2.44;2.44;2.44;2.44;2.44;0.0;0.0
97021;540892;2018-01-08;FRC;U18;;;2;110;35137901.0;;;2.44;2.44;2.44;2.44;2.44;2.44;0.0;0.0
97022;540893;2018-01-08;FRC;V18;;;15;5770;1834179959.0;;;2.5;2.47;2.5;2.47;2.47;2.47;0.0;0.0
97023;540894;2018-01-08;FRC;X18;;;6;700;221849777.0;;;2.56;2.53;2.56;2.53;2.53;2.53;0.0;0.0
97024;540895;2018-01-08;FRC;Z18;;;10;2150;680444343.0;;;2.57;2.54;2.57;2.54;2.54;2.54;0.0;0.0
97025;540896;2018-01-08;FRC;F19;;;25;18940;5976214145.0;;;2.63;2.61;2.63;2.61;2.61;2.61;0.0;0.0
97026;540897;2018-01-08;FRC;J19;;;5;410;128558987.0;;;2.66;2.66;2.66;2.66;2.66;2.66;0.0;0.0
97027;540898;2018-01-08;FRC;N19;;;3;700;217635540.0;;;2.72;2.72;2.72;2.72;2.72;2.72;0.0;0.0
97028;540899;2018-01-08;FRC;V19;;;1;20;6158013.0;;;2.77;2.77;2.77;2.77;2.77;2.77;0.0;0.0
97029;540900;2018-01-08;FRC;F20;;;11;1800;551269495.0;;;2.85;2.85;2.85;2.85;2.85;2.85;0.0;0.0
97030;540901;2018-01-08;FRC;J20;;;1;10;2973283.0;;;2.91;2.91;2.91;2.91;2.91;2.91;0.0;0.0
97031;540902;2018-01-08;FRC;N20;;;0;0;0.0;;;0.0;0.0;0.0;0.0;0.0;2.96;0.0;0.0
97032;540903;2018-01-08;FRC;V20;;;1;10;2949019.0;;;3.0;3.0;3.0;3.0;3.0;3.0;0.0;0.0
97033;540904;2018-01-08;FRC;F21;;;6;800;237115187.0;;;3.06;3.06;3.06;3.06;3.06;3.06;0.0;0.0
97034;540905;2018-01-08;FRC;J21;;;0;0;0.0;;;0.0;0.0;0.0;0.0;0.0;3.09;0.0;0.0
97035;540906;2018-01-08;FRC;N21;;;0;0;0.0;;;0.0;0.0;0.0;0.0;0.0;3.11;0.0;0.0
97036;540907;2018-01-08;FRC;V21;;;0;0;0.0;;;0.0;0.0;0.0;0.0;0.0;3.14;0.0;0.0
97037;540908;2018-01-08;FRC;F22;;;7;2470;708241403.0;;;3.2;3.2;3.2;3.2;3.2;3.2;0.0;0.0
97038;540909;2018-01-08;FRC;J22;;;0;0;0.0;;;0.0;0.0;0.0;0.0;0.0;3.24;0.0;0.0
97039;540910;2018-01-08;FRC;N22;;;2;200;56318307.0;;;3.26;3.26;3.26;3.26;3.26;3.26;0.0;0.0
97040;540911;2018-01-08;FRC;V22;;;0;0;0.0;;;0.0;0.0;0.0;0.0;0.0;3.25;0.0;0.0
97041;540912;2018-01-08;FRC;F23;;;21;7050;1950636750.0;;;3.4;3.31;3.44;3.37;3.31;3.31;0.0;0.0
97042;540913;2018-01-08;FRC;N23;;;0;0;0.0;;;0.0;0.0;0.0;0.0;0.0;3.42;0.0;0.0
97043;540914;2018-01-08;FRC;F24;;;2;100;26522792.0;;;3.62;3.62;3.62;3.62;3.62;3.51;0.0;0.0
97044;540915;2018-01-08;FRC;N24;;;2;200;52101318.0;;;3.67;3.67;3.67;3.67;3.67;3.56;0.0;0.0
97045;540916;2018-01-08;FRC;F25;;;12;4210;1080061287.0;;;3.72;3.6;3.74;3.7;3.6;3.63;0.0;0.0
97046;540917;2018-01-08;FRC;F26;;;0;0;0.0;;;0.0;0.0;0.0;0.0;0.0;3.82;0.0;0.0
97047;540918;2018-01-08;FRC;F27;;;8;900;214497913.0;;;3.96;3.96;3.96;3.96;3.96;3.96;0.0;0.0
97048;540919;2018-01-08;FRC;F28;;;0;0;0.0;;;0.0;0.0;0.0;0.0;0.0;4.11;0.0;0.0
97049;540920;2018-01-08;FRC;F29;;;0;0;0.0;;;0.0;0.0;0.0;0.0;0.0;4.32;0.0;0.0
97050;540921;2018-01-08;FRC;F30;;;0;0;0.0;;;0.0;0.0;0.0;0.0;0.0;4.38;0.0;0.0
97051;541091;2018-01-09;FRC;H18;;;22;26390;8529534302.0;;;2.32;2.23;2.32;2.29;2.32;2.32;0.0;0.0
97052;541092;2018-01-09;FRC;J18;;;23;19800;6385824042.0;;;2.35;2.35;2.38;2.37;2.38;2.37;0.0;0.0
97053;541093;2018-01-09;FRC;K18;;;6;1970;633864241.0;;;2.39;2.39;2.42;2.39;2.4;2.42;0.0;0.0
97054;541094;2018-01-09;FRC;M18;;;4;960;308280584.0;;;2.41;2.41;2.45;2.44;2.45;2.45;0.0;0.0
97055;541095;2018-01-09;FRC;N18;;;12;2900;929518113.0;;;2.41;2.41;2.45;2.44;2.45;2.45;0.0;0.0
97056;541096;2018-01-09;FRC;Q18;;;8;2700;863770316.0;;;2.43;2.43;2.43;2.43;2.43;2.43;0.0;0.0
97057;541097;2018-01-09;FRC;U18;;;2;1800;574441348.0;;;2.44;2.44;2.44;2.44;2.44;2.44;0.0;0.0
97058;541098;2018-01-09;FRC;V18;;;9;2850;907770916.0;;;2.48;2.48;2.48;2.48;2.48;2.48;0.0;0.0
97059;541099;2018-01-09;FRC;X18;;;0;0;0.0;;;0.0;0.0;0.0;0.0;0.0;2.54;0.0;0.0
97060;541100;2018-01-09;FRC;Z18;;;3;1480;468929903.0;;;2.56;2.55;2.56;2.55;2.55;2.56;0.0;0.0
97061;541101;2018-01-09;FRC;F19;;;26;9130;2885410820.0;;;2.58;2.58;2.63;2.61;2.63;2.63;0.0;0.0
97062;541102;2018-01-09;FRC;J19;;;2;200;62787761.0;;;2.69;2.69;2.69;2.69;2.69;2.69;0.0;0.0
97063;541103;2018-01-09;FRC;N19;;;3;300;93354381.0;;;2.74;2.74;2.74;2.74;2.74;2.74;0.0;0.0
97064;541104;2018-01-09;FRC;V19;;;0;0;0.0;;;0.0;0.0;0.0;0.0;0.0;2.79;0.0;0.0
97065;541105;2018-01-09;FRC;F20;;;20;4400;1350130888.0;;;2.82;2.82;2.86;2.86;2.86;2.86;0.0;0.0
97066;541106;2018-01-09;FRC;J20;;;0;0;0.0;;;0.0;0.0;0.0;0.0;0.0;2.92;0.0;0.0
97067;541107;2018-01-09;FRC;N20;;;0;0;0.0;;;0.0;0.0;0.0;0.0;0.0;2.97;0.0;0.0
97068;541108;2018-01-09;FRC;V20;;;0;0;0.0;;;0.0;0.0;0.0;0.0;0.0;3.01;0.0;0.0
97069;541109;2018-01-09;FRC;F21;;;24;10090;2995740358.0;;;3.06;3.05;3.06;3.06;3.06;3.06;0.0;0.0
97070;541110;2018-01-09;FRC;J21;;;0;0;0.0;;;0.0;0.0;0.0;0.0;0.0;3.09;0.0;0.0
97071;541111;2018-01-09;FRC;N21;;;1;100;29187289.0;;;3.1;3.1;3.1;3.1;3.1;3.1;0.0;0.0
97072;541112;2018-01-09;FRC;V21;;;3;1470;426883838.0;;;3.1;3.1;3.1;3.1;3.1;3.13;0.0;0.0
97073;541113;2018-01-09;FRC;F22;;;16;5500;1581377773.0;;;3.16;3.16;3.18;3.17;3.18;3.18;0.0;0.0
97074;541114;2018-01-09;FRC;J22;;;0;0;0.0;;;0.0;0.0;0.0;0.0;0.0;3.22;0.0;0.0
97075;541115;2018-01-09;FRC;N22;;;0;0;0.0;;;0.0;0.0;0.0;0.0;0.0;3.24;0.0;0.0
97076;541116;2018-01-09;FRC;V22;;;0;0;0.0;;;0.0;0.0;0.0;0.0;0.0;3.24;0.0;0.0
97077;541117;2018-01-09;FRC;F23;;;33;7310;2033926992.0;;;3.31;3.25;3.31;3.28;3.3;3.3;0.0;0.0
97078;541118;2018-01-09;FRC;N23;;;0;0;0.0;;;0.0;0.0;0.0;0.0;0.0;3.38;0.0;0.0
97079;541119;2018-01-09;FRC;F24;;;9;1950;522334794.0;;;3.51;3.43;3.51;3.46;3.44;3.44;0.0;0.0
97080;541120;2018-01-09;FRC;N24;;;0;0;0.0;;;0.0;0.0;0.0;0.0;0.0;3.49;0.0;0.0
97081;541121;2018-01-09;FRC;F25;;;13;3250;840570545.0;;;3.65;3.57;3.65;3.58;3.57;3.57;0.0;0.0
97082;541122;2018-01-09;FRC;F26;;;2;550;136514432.0;;;3.8;3.8;3.8;3.8;3.8;3.76;0.0;0.0
97083;541123;2018-01-09;FRC;F27;;;8;1500;359057263.0;;;3.9;3.88;3.9;3.89;3.89;3.89;0.0;0.0
97084;541124;2018-01-09;FRC;F28;;;0;0;0.0;;;0.0;0.0;0.0;0.0;0.0;4.04;0.0;0.0
97085;541125;2018-01-09;FRC;F29;;;0;0;0.0;;;0.0;0.0;0.0;0.0;0.0;4.25;0.0;0.0
97086;541126;2018-01-09;FRC;F30;;;0;0;0.0;;;0.0;0.0;0.0;0.0;0.0;4.31;0.0;0.0
97087;541296;2018-01-10;FRC;H18;;;34;30100;9709185296.0;;;2.33;2.32;2.34;2.32;2.32;2.32;0.0;0.0
97088;541297;2018-01-10;FRC;J18;;;10;9000;2896977445.0;;;2.37;2.37;2.37;2.37;2.37;2.37;0.0;0.0
97089;541298;2018-01-10;FRC;K18;;;5;1900;610387980.0;;;2.42;2.42;2.42;2.42;2.42;2.42;0.0;0.0
97090;541299;2018-01-10;FRC;M18;;;3;900;288374898.0;;;2.45;2.45;2.45;2.45;2.45;2.45;0.0;0.0
97091;541300;2018-01-10;FRC;N18;;;12;3240;1036560621.0;;;2.45;2.41;2.47;2.44;2.41;2.44;0.0;0.0
97092;541301;2018-01-10;FRC;Q18;;;0;0;0.0;;;0.0;0.0;0.0;0.0;0.0;2.43;0.0;0.0
97093;541302;2018-01-10;FRC;U18;;;0;0;0.0;;;0.0;0.0;0.0;0.0;0.0;2.45;0.0;0.0
97094;541303;2018-01-10;FRC;V18;;;4;1500;476710050.0;;;2.49;2.49;2.49;2.49;2.49;2.49;0.0;0.0
97095;541304;2018-01-10;FRC;X18;;;0;0;0.0;;;0.0;0.0;0.0;0.0;0.0;2.55;0.0;0.0
97096;541305;2018-01-10;FRC;Z18;;;0;0;0.0;;;0.0;0.0;0.0;0.0;0.0;2.56;0.0;0.0
97097;541306;2018-01-10;FRC;F19;;;22;10240;3229925959.0;;;2.63;2.63;2.63;2.63;2.63;2.63;0.0;0.0
97098;541307;2018-01-10;FRC;J19;;;0;0;0.0;;;0.0;0.0;0.0;0.0;0.0;2.69;0.0;0.0
97099;541308;2018-01-10;FRC;N19;;;0;0;0.0;;;0.0;0.0;0.0;0.0;0.0;2.74;0.0;0.0
97100;541309;2018-01-10;FRC;V19;;;0;0;0.0;;;0.0;0.0;0.0;0.0;0.0;2.79;0.0;0.0
97101;541310;2018-01-10;FRC;F20;;;9;1500;459169897.0;;;2.86;2.86;2.86;2.86;2.86;2.86;0.0;0.0
97102;541311;2018-01-10;FRC;J20;;;0;0;0.0;;;0.0;0.0;0.0;0.0;0.0;2.92;0.0;0.0
97103;541312;2018-01-10;FRC;N20;;;6;840;252847381.0;;;2.97;2.97;2.98;2.97;2.98;2.98;0.0;0.0
97104;541313;2018-01-10;FRC;V20;;;2;400;119541808.0;;;3.01;3.01;3.01;3.01;3.01;3.01;0.0;0.0
97105;541314;2018-01-10;FRC;F21;;;16;2990;886135087.0;;;3.06;3.04;3.06;3.04;3.05;3.05;0.0;0.0
97106;541315;2018-01-10;FRC;J21;;;0;0;0.0;;;0.0;0.0;0.0;0.0;0.0;3.08;0.0;0.0
97107;541316;2018-01-10;FRC;N21;;;0;0;0.0;;;0.0;0.0;0.0;0.0;0.0;3.09;0.0;0.0
97108;541317;2018-01-10;FRC;V21;;;0;0;0.0;;;0.0;0.0;0.0;0.0;0.0;3.12;0.0;0.0
97109;541318;2018-01-10;FRC;F22;;;12;1900;545468029.0;;;3.18;3.14;3.18;3.16;3.17;3.17;0.0;0.0
97110;541319;2018-01-10;FRC;J22;;;0;0;0.0;;;0.0;0.0;0.0;0.0;0.0;3.22;0.0;0.0
97111;541320;2018-01-10;FRC;N22;;;3;300;84821207.0;;;3.24;3.24;3.24;3.24;3.24;3.25;0.0;0.0
97112;541321;2018-01-10;FRC;V22;;;3;300;84164888.0;;;3.26;3.24;3.26;3.25;3.24;3.26;0.0;0.0
97113;541322;2018-01-10;FRC;F23;;;27;4080;1133554248.0;;;3.3;3.26;3.3;3.27;3.27;3.27;0.0;0.0
97114;541323;2018-01-10;FRC;N23;;;0;0;0.0;;;0.0;0.0;0.0;0.0;0.0;3.36;0.0;0.0
97115;541324;2018-01-10;FRC;F24;;;12;2650;710305968.0;;;3.43;3.43;3.43;3.43;3.43;3.43;0.0;0.0
97116;541325;2018-01-10;FRC;N24;;;0;0;0.0;;;0.0;0.0;0.0;0.0;0.0;3.47;0.0;0.0
97117;541326;2018-01-10;FRC;F25;;;20;3300;854122857.0;;;3.53;3.53;3.53;3.53;3.53;3.53;0.0;0.0
97118;541327;2018-01-10;FRC;F26;;;7;700;174205959.0;;;3.71;3.71;3.71;3.71;3.71;3.71;0.0;0.0
97119;541328;2018-01-10;FRC;F27;;;0;0;0.0;;;0.0;0.0;0.0;0.0;0.0;3.82;0.0;0.0
97120;541329;2018-01-10;FRC;F28;;;6;1700;393977480.0;;;3.96;3.9;3.96;3.93;3.9;3.96;0.0;0.0
97121;541330;2018-01-10;FRC;F29;;;0;0;0.0;;;0.0;0.0;0.0;0.0;0.0;4.17;0.0;0.0
97122;541331;2018-01-10;FRC;F30;;;0;0;0.0;;;0.0;0.0;0.0;0.0;0.0;4.23;0.0;0.0
97123;541502;2018-01-11;FRC;H18;;;39;45830;14780041780.0;;;2.31;2.31;2.36;2.33;2.36;2.36;0.0;0.0
97124;541503;2018-01-11;FRC;J18;;;26;17710;5699675205.0;;;2.36;2.36;2.38;2.37;2.38;2.38;0.0;0.0
97125;541504;2018-01-11;FRC;K18;;;16;8710;2797222010.0;;;2.42;2.4;2.42;2.42;2.42;2.42;0.0;0.0
97126;541505;2018-01-11;FRC;M18;;;4;1710;547974965.0;;;2.43;2.43;2.45;2.44;2.45;2.45;0.0;0.0
97127;541506;2018-01-11;FRC;N18;;;4;700;223888790.0;;;2.43;2.43;2.43;2.43;2.43;2.43;0.0;0.0
97128;541507;2018-01-11;FRC;Q18;;;5;900;287423472.0;;;2.41;2.41;2.41;2.41;2.41;2.41;0.0;0.0
97129;541508;2018-01-11;FRC;U18;;;0;0;0.0;;;0.0;0.0;0.0;0.0;0.0;2.43;0.0;0.0
97130;541509;2018-01-11;FRC;V18;;;2;500;158930482.0;;;2.47;2.47;2.47;2.47;2.47;2.47;0.0;0.0
97131;541510;2018-01-11;FRC;X18;;;0;0;0.0;;;0.0;0.0;0.0;0.0;0.0;2.53;0.0;0.0
97132;541511;2018-01-11;FRC;Z18;;;0;0;0.0;;;0.0;0.0;0.0;0.0;0.0;2.55;0.0;0.0
97133;541512;2018-01-11;FRC;F19;;;45;23290;7345063368.0;;;2.63;2.61;2.64;2.62;2.62;2.62;0.0;0.0
97134;541513;2018-01-11;FRC;J19;;;2;200;62652095.0;;;2.69;2.69;2.69;2.69;2.69;2.69;0.0;0.0
97135;541514;2018-01-11;FRC;N19;;;3;400;124213679.0;;;2.73;2.73;2.73;2.73;2.73;2.73;0.0;0.0
97136;541515;2018-01-11;FRC;V19;;;4;400;123746579.0;;;2.78;2.78;2.78;2.78;2.78;2.78;0.0;0.0
97137;541516;2018-01-11;FRC;F20;;;18;10300;3152549354.0;;;2.85;2.84;2.87;2.85;2.84;2.84;0.0;0.0
97138;541517;2018-01-11;FRC;J20;;;0;0;0.0;;;0.0;0.0;0.0;0.0;0.0;2.9;0.0;0.0
97139;541518;2018-01-11;FRC;N20;;;0;0;0.0;;;0.0;0.0;0.0;0.0;0.0;2.96;0.0;0.0
97140;541519;2018-01-11;FRC;V20;;;0;0;0.0;;;0.0;0.0;0.0;0.0;0.0;2.99;0.0;0.0
97141;541520;2018-01-11;FRC;F21;;;11;4140;1227242212.0;;;3.05;3.03;3.05;3.03;3.03;3.03;0.0;0.0
97142;541521;2018-01-11;FRC;J21;;;0;0;0.0;;;0.0;0.0;0.0;0.0;0.0;3.06;0.0;0.0
97143;541522;2018-01-11;FRC;N21;;;0;0;0.0;;;0.0;0.0;0.0;0.0;0.0;3.07;0.0;0.0
97144;541523;2018-01-11;FRC;V21;;;0;0;0.0;;;0.0;0.0;0.0;0.0;0.0;3.1;0.0;0.0
97145;541524;2018-01-11;FRC;F22;;;12;5140;1474690480.0;;;3.17;3.14;3.18;3.16;3.14;3.14;0.0;0.0
97146;541525;2018-01-11;FRC;J22;;;0;0;0.0;;;0.0;0.0;0.0;0.0;0.0;3.19;0.0;0.0
97147;541526;2018-01-11;FRC;N22;;;0;0;0.0;;;0.0;0.0;0.0;0.0;0.0;3.23;0.0;0.0
97148;541527;2018-01-11;FRC;V22;;;0;0;0.0;;;0.0;0.0;0.0;0.0;0.0;3.25;0.0;0.0
97149;541528;2018-01-11;FRC;F23;;;29;9760;2710213151.0;;;3.27;3.25;3.3;3.27;3.25;3.26;0.0;0.0
97150;541529;2018-01-11;FRC;N23;;;0;0;0.0;;;0.0;0.0;0.0;0.0;0.0;3.34;0.0;0.0
97151;541530;2018-01-11;FRC;F24;;;7;4450;1193475274.0;;;3.41;3.41;3.41;3.41;3.41;3.4;0.0;0.0
97152;541531;2018-01-11;FRC;N24;;;2;1040;274018698.0;;;3.47;3.47;3.47;3.47;3.47;3.44;0.0;0.0
97153;541532;2018-01-11;FRC;F25;;;8;1800;465520824.0;;;3.56;3.49;3.56;3.53;3.49;3.49;0.0;0.0
97154;541533;2018-01-11;FRC;F26;;;0;0;0.0;;;0.0;0.0;0.0;0.0;0.0;3.67;0.0;0.0
97155;541534;2018-01-11;FRC;F27;;;1;100;24164716.0;;;3.76;3.76;3.76;3.76;3.76;3.78;0.0;0.0
97156;541535;2018-01-11;FRC;F28;;;2;300;69527079.0;;;3.9;3.9;3.9;3.9;3.9;3.9;0.0;0.0
97157;541536;2018-01-11;FRC;F29;;;0;0;0.0;;;0.0;0.0;0.0;0.0;0.0;4.11;0.0;0.0
97158;541537;2018-01-11;FRC;F30;;;0;0;0.0;;;0.0;0.0;0.0;0.0;0.0;4.17;0.0;0.0
97159;541708;2018-01-12;FRC;H18;;;50;26530;8516815488.0;;;2.4;2.36;2.42;2.37;2.37;2.37;0.0;0.0
97160;541709;2018-01-12;FRC;J18;;;14;19350;6198385084.0;;;2.38;2.38;2.42;2.39;2.4;2.4;0.0;0.0
97161;541710;2018-01-12;FRC;K18;;;9;10630;3398066489.0;;;2.42;2.42;2.44;2.42;2.44;2.44;0.0;0.0
97162;541711;2018-01-12;FRC;M18;;;2;300;95607806.0;;;2.45;2.45;2.45;2.45;2.45;2.45;0.0;0.0
97163;541712;2018-01-12;FRC;N18;;;2;90;28637632.0;;;2.43;2.43;2.43;2.43;2.43;2.43;0.0;0.0
97164;541713;2018-01-12;FRC;Q18;;;5;500;159036309.0;;;2.41;2.41;2.41;2.41;2.41;2.41;0.0;0.0
97165;541714;2018-01-12;FRC;U18;;;0;0;0.0;;;0.0;0.0;0.0;0.0;0.0;2.43;0.0;0.0
97166;541715;2018-01-12;FRC;V18;;;3;1600;506178563.0;;;2.49;2.47;2.49;2.47;2.47;2.47;0.0;0.0
97167;541716;2018-01-12;FRC;X18;;;0;0;0.0;;;0.0;0.0;0.0;0.0;0.0;2.53;0.0;0.0
97168;541717;2018-01-12;FRC;Z18;;;3;8740;2751285509.0;;;2.55;2.55;2.55;2.55;2.55;2.55;0.0;0.0
97169;541718;2018-01-12;FRC;F19;;;20;15400;4834671483.0;;;2.61;2.61;2.64;2.61;2.62;2.62;0.0;0.0
97170;541719;2018-01-12;FRC;J19;;;0;0;0.0;;;0.0;0.0;0.0;0.0;0.0;2.7;0.0;0.0
97171;541720;2018-01-12;FRC;N19;;;0;0;0.0;;;0.0;0.0;0.0;0.0;0.0;2.75;0.0;0.0
97172;541721;2018-01-12;FRC;V19;;;0;0;0.0;;;0.0;0.0;0.0;0.0;0.0;2.8;0.0;0.0
97173;541722;2018-01-12;FRC;F20;;;12;3620;1102601521.0;;;3.0;2.87;3.0;2.87;2.87;2.87;0.0;0.0
97174;541723;2018-01-12;FRC;J20;;;2;1000;302308503.0;;;2.9;2.9;2.9;2.9;2.9;2.93;0.0;0.0
97175;541724;2018-01-12;FRC;N20;;;0;0;0.0;;;0.0;0.0;0.0;0.0;0.0;2.99;0.0;0.0
97176;541725;2018-01-12;FRC;V20;;;0;0;0.0;;;0.0;0.0;0.0;0.0;0.0;3.02;0.0;0.0
97177;541726;2018-01-12;FRC;F21;;;12;5940;1753464354.0;;;3.0;3.0;3.05;3.02;3.05;3.05;0.0;0.0
97178;541727;2018-01-12;FRC;J21;;;0;0;0.0;;;0.0;0.0;0.0;0.0;0.0;3.08;0.0;0.0
97179;541728;2018-01-12;FRC;N21;;;1;100;28991260.0;;;3.1;3.1;3.1;3.1;3.1;3.1;0.0;0.0
97180;541729;2018-01-12;FRC;V21;;;0;0;0.0;;;0.0;0.0;0.0;0.0;0.0;3.13;0.0;0.0
97181;541730;2018-01-12;FRC;F22;;;12;4100;1171667026.0;;;3.14;3.12;3.18;3.15;3.18;3.18;0.0;0.0
97182;541731;2018-01-12;FRC;J22;;;1;100;28329655.0;;;3.17;3.17;3.17;3.17;3.17;3.24;0.0;0.0
97183;541732;2018-01-12;FRC;N22;;;0;0;0.0;;;0.0;0.0;0.0;0.0;0.0;3.29;0.0;0.0
97184;541733;2018-01-12;FRC;V22;;;0;0;0.0;;;0.0;0.0;0.0;0.0;0.0;3.32;0.0;0.0
97185;541734;2018-01-12;FRC;F23;;;20;7020;1941773559.0;;;3.22;3.22;3.33;3.26;3.33;3.33;0.0;0.0
97186;541735;2018-01-12;FRC;N23;;;0;0;0.0;;;0.0;0.0;0.0;0.0;0.0;3.41;0.0;0.0
97187;541736;2018-01-12;FRC;F24;;;3;300;79973655.0;;;3.46;3.46;3.46;3.46;3.46;3.46;0.0;0.0
97188;541737;2018-01-12;FRC;N24;;;0;0;0.0;;;0.0;0.0;0.0;0.0;0.0;3.51;0.0;0.0
97189;541738;2018-01-12;FRC;F25;;;10;4100;1060203196.0;;;3.45;3.45;3.58;3.46;3.58;3.58;0.0;0.0
97190;541739;2018-01-12;FRC;F26;;;8;1300;323054332.0;;;3.65;3.65;3.65;3.65;3.65;3.76;0.0;0.0
97191;541740;2018-01-12;FRC;F27;;;2;300;71389701.0;;;3.88;3.88;3.88;3.88;3.88;3.88;0.0;0.0
97192;541741;2018-01-12;FRC;F28;;;3;300;68923526.0;;;3.85;3.85;4.0;3.95;4.0;4.0;0.0;0.0
97193;541742;2018-01-12;FRC;F29;;;0;0;0.0;;;0.0;0.0;0.0;0.0;0.0;4.21;0.0;0.0
97194;541743;2018-01-12;FRC;F30;;;0;0;0.0;;;0.0;0.0;0.0;0.0;0.0;4.27;0.0;0.0
97195;541914;2018-01-15;FRC;H18;;;23;24530;7853891588.0;;;2.32;2.32;2.36;2.36;2.36;2.36;0.0;0.0
97196;541915;2018-01-15;FRC;J18;;;16;8910;2847009727.0;;;2.39;2.38;2.4;2.4;2.4;2.4;0.0;0.0
97197;541916;2018-01-15;FRC;K18;;;2;300;95620758.0;;;2.44;2.44;2.44;2.44;2.44;2.44;0.0;0.0
97198;541917;2018-01-15;FRC;M18;;;0;0;0.0;;;0.0;0.0;0.0;0.0;0.0;2.45;0.0;0.0
97199;541918;2018-01-15;FRC;N18;;;10;3600;1143043802.0;;;2.43;2.43;2.43;2.43;2.43;2.43;0.0;0.0
97200;541919;2018-01-15;FRC;Q18;;;2;200;63447703.0;;;2.43;2.43;2.43;2.43;2.43;2.43;0.0;0.0
97201;541920;2018-01-15;FRC;U18;;;4;2000;632663338.0;;;2.42;2.42;2.43;2.42;2.43;2.42;0.0;0.0
97202;541921;2018-01-15;FRC;V18;;;6;2200;693995559.0;;;2.47;2.47;2.48;2.47;2.48;2.47;0.0;0.0
97203;541922;2018-01-15;FRC;X18;;;1;100;31453406.0;;;2.54;2.54;2.54;2.54;2.54;2.54;0.0;0.0
97204;541923;2018-01-15;FRC;Z18;;;4;4520;1419262704.0;;;2.54;2.54;2.56;2.56;2.56;2.55;0.0;0.0
97205;541924;2018-01-15;FRC;F19;;;80;19900;6233215627.0;;;2.61;2.6;2.63;2.61;2.63;2.62;0.0;0.0
97206;541925;2018-01-15;FRC;J19;;;4;1000;311063515.0;;;2.67;2.67;2.67;2.67;2.67;2.67;0.0;0.0
97207;541926;2018-01-15;FRC;N19;;;4;400;123319044.0;;;2.74;2.74;2.74;2.74;2.74;2.74;0.0;0.0
97208;541927;2018-01-15;FRC;V19;;;3;300;91653343.0;;;2.8;2.8;2.8;2.8;2.8;2.8;0.0;0.0
97209;541928;2018-01-15;FRC;F20;;;41;8730;2650538323.0;;;2.88;2.87;2.9;2.88;2.89;2.89;0.0;0.0
97210;541929;2018-01-15;FRC;J20;;;10;980;295320408.0;;;2.94;2.94;2.95;2.94;2.95;2.95;0.0;0.0
97211;541930;2018-01-15;FRC;N20;;;2;200;59710963.0;;;3.0;3.0;3.0;3.0;3.0;3.0;0.0;0.0
97212;541931;2018-01-15;FRC;V20;;;1;100;29578102.0;;;3.03;3.03;3.03;3.03;3.03;3.03;0.0;0.0
97213;541932;2018-01-15;FRC;F21;;;13;2400;705813362.0;;;3.08;3.08;3.08;3.08;3.08;3.08;0.0;0.0
97214;541933;2018-01-15;FRC;J21;;;0;0;0.0;;;0.0;0.0;0.0;0.0;0.0;3.12;0.0;0.0
97215;541934;2018-01-15;FRC;N21;;;0;0;0.0;;;0.0;0.0;0.0;0.0;0.0;3.16;0.0;0.0
97216;541935;2018-01-15;FRC;V21;;;1;20;5762853.0;;;3.1;3.1;3.1;3.1;3.1;3.18;0.0;0.0
97217;541936;2018-01-15;FRC;F22;;;7;2170;618071299.0;;;3.18;3.18;3.22;3.19;3.22;3.22;0.0;0.0
97218;541937;2018-01-15;FRC;J22;;;0;0;0.0;;;0.0;0.0;0.0;0.0;0.0;3.28;0.0;0.0
97219;541938;2018-01-15;FRC;N22;;;0;0;0.0;;;0.0;0.0;0.0;0.0;0.0;3.33;0.0;0.0
97220;541939;2018-01-15;FRC;V22;;;0;0;0.0;;;0.0;0.0;0.0;0.0;0.0;3.35;0.0;0.0
97221;541940;2018-01-15;FRC;F23;;;13;2810;772824600.0;;;3.33;3.32;3.36;3.34;3.36;3.36;0.0;0.0
97222;541941;2018-01-15;FRC;N23;;;0;0;0.0;;;0.0;0.0;0.0;0.0;0.0;3.44;0.0;0.0
97223;541942;2018-01-15;FRC;F24;;;1;10;2609672.0;;;3.48;3.48;3.48;3.48;3.48;3.49;0.0;0.0
97224;541943;2018-01-15;FRC;N24;;;3;2000;521008867.0;;;3.55;3.55;3.55;3.55;3.55;3.54;0.0;0.0
97225;541944;2018-01-15;FRC;F25;;;5;600;153747099.0;;;3.61;3.61;3.61;3.61;3.61;3.61;0.0;0.0
97226;541945;2018-01-15;FRC;F26;;;0;0;0.0;;;0.0;0.0;0.0;0.0;0.0;3.78;0.0;0.0
97227;541946;2018-01-15;FRC;F27;;;0;0;0.0;;;0.0;0.0;0.0;0.0;0.0;3.88;0.0;0.0
97228;541947;2018-01-15;FRC;F28;;;0;0;0.0;;;0.0;0.0;0.0;0.0;0.0;4.0;0.0;0.0
97229;541948;2018-01-15;FRC;F29;;;0;0;0.0;;;0.0;0.0;0.0;0.0;0.0;4.21;0.0;0.0
97230;541949;2018-01-15;FRC;F30;;;0;0;0.0;;;0.0;0.0;0.0;0.0;0.0;4.27;0.0;0.0
97231;542121;2018-01-16;FRC;H18;;;64;60910;19503686147.0;;;2.34;2.34;2.4;2.38;2.38;2.38;0.0;0.0
97232;542122;2018-01-16;FRC;J18;;;13;10090;3223861749.0;;;2.4;2.4;2.45;2.44;2.45;2.45;0.0;0.0
97233;542123;2018-01-16;FRC;K18;;;5;3100;988375043.0;;;2.45;2.45;2.47;2.46;2.47;2.47;0.0;0.0
97234;542124;2018-01-16;FRC;M18;;;12;2700;858748294.0;;;2.48;2.48;2.48;2.48;2.48;2.48;0.0;0.0
97235;542125;2018-01-16;FRC;N18;;;7;2300;730345615.0;;;2.48;2.48;2.48;2.48;2.48;2.48;0.0;0.0
97236;542126;2018-01-16;FRC;Q18;;;4;800;253614381.0;;;2.48;2.48;2.48;2.48;2.48;2.48;0.0;0.0
97237;542127;2018-01-16;FRC;U18;;;0;0;0.0;;;0.0;0.0;0.0;0.0;0.0;2.47;0.0;0.0
97238;542128;2018-01-16;FRC;V18;;;5;5840;1842428532.0;;;2.51;2.49;2.51;2.49;2.49;2.52;0.0;0.0
97239;542129;2018-01-16;FRC;X18;;;8;2200;692071746.0;;;2.58;2.58;2.58;2.58;2.58;2.58;0.0;0.0
97240;542130;2018-01-16;FRC;Z18;;;2;30;9522534.0;;;2.55;2.55;2.55;2.55;2.55;2.58;0.0;0.0
97241;542131;2018-01-16;FRC;F19;;;34;21240;6649626088.0;;;2.63;2.63;2.66;2.64;2.66;2.65;0.0;0.0
97242;542132;2018-01-16;FRC;J19;;;1;10;3158287.0;;;2.72;2.72;2.72;2.72;2.72;2.7;0.0;0.0
97243;542133;2018-01-16;FRC;N19;;;5;600;184937692.0;;;2.78;2.78;2.78;2.78;2.78;2.78;0.0;0.0
97244;542134;2018-01-16;FRC;V19;;;2;70;21469227.0;;;2.79;2.79;2.79;2.79;2.79;2.84;0.0;0.0
97245;542135;2018-01-16;FRC;F20;;;30;10400;3156634880.0;;;2.88;2.88;2.94;2.93;2.94;2.94;0.0;0.0
97246;542136;2018-01-16;FRC;J20;;;0;0;0.0;;;0.0;0.0;0.0;0.0;0.0;3.0;0.0;0.0
97247;542137;2018-01-16;FRC;N20;;;3;300;89520726.0;;;3.05;3.05;3.05;3.05;3.05;3.05;0.0;0.0
97248;542138;2018-01-16;FRC;V20;;;0;0;0.0;;;0.0;0.0;0.0;0.0;0.0;3.09;0.0;0.0
97249;542139;2018-01-16;FRC;F21;;;26;9480;2781942202.0;;;3.11;3.1;3.15;3.12;3.15;3.15;0.0;0.0
97250;542140;2018-01-16;FRC;J21;;;0;0;0.0;;;0.0;0.0;0.0;0.0;0.0;3.19;0.0;0.0
97251;542141;2018-01-16;FRC;N21;;;0;0;0.0;;;0.0;0.0;0.0;0.0;0.0;3.23;0.0;0.0
97252;542142;2018-01-16;FRC;V21;;;0;0;0.0;;;0.0;0.0;0.0;0.0;0.0;3.25;0.0;0.0
97253;542143;2018-01-16;FRC;F22;;;6;730;207092367.0;;;3.22;3.22;3.29;3.25;3.29;3.29;0.0;0.0
97254;542144;2018-01-16;FRC;J22;;;0;0;0.0;;;0.0;0.0;0.0;0.0;0.0;3.34;0.0;0.0
97255;542145;2018-01-16;FRC;N22;;;4;310;86508625.0;;;3.33;3.33;3.37;3.36;3.37;3.37;0.0;0.0
97256;542146;2018-01-16;FRC;V22;;;3;300;82836361.0;;;3.39;3.39;3.39;3.39;3.39;3.39;0.0;0.0
97257;542147;2018-01-16;FRC;F23;;;14;1850;506163827.0;;;3.44;3.44;3.44;3.44;3.44;3.44;0.0;0.0
97258;542148;2018-01-16;FRC;N23;;;0;0;0.0;;;0.0;0.0;0.0;0.0;0.0;3.52;0.0;0.0
97259;542149;2018-01-16;FRC;F24;;;7;720;190202430.0;;;3.49;3.49;3.56;3.53;3.56;3.56;0.0;0.0
97260;542150;2018-01-16;FRC;N24;;;0;0;0.0;;;0.0;0.0;0.0;0.0;0.0;3.61;0.0;0.0
97261;542151;2018-01-16;FRC;F25;;;6;2320;593471690.0;;;3.61;3.61;3.68;3.61;3.68;3.68;0.0;0.0
97262;542152;2018-01-16;FRC;F26;;;9;3560;876356595.0;;;3.78;3.77;3.82;3.77;3.82;3.82;0.0;0.0
97263;542153;2018-01-16;FRC;F27;;;5;1400;331896817.0;;;3.89;3.89;3.94;3.9;3.94;3.94;0.0;0.0
97264;542154;2018-01-16;FRC;F28;;;0;0;0.0;;;0.0;0.0;0.0;0.0;0.0;4.06;0.0;0.0
97265;542155;2018-01-16;FRC;F29;;;0;0;0.0;;;0.0;0.0;0.0;0.0;0.0;4.27;0.0;0.0
97266;542156;2018-01-16;FRC;F30;;;0;0;0.0;;;0.0;0.0;0.0;0.0;0.0;4.33;0.0;0.0
97267;542326;2018-01-17;FRC;H18;;;74;89500;28735279849.0;;;2.37;2.3;2.37;2.32;2.3;2.3;0.0;0.0
97268;542327;2018-01-17;FRC;J18;;;42;40100;12846907427.0;;;2.4;2.38;2.4;2.38;2.38;2.39;0.0;0.0
97269;542328;2018-01-17;FRC;K18;;;1;500;159855806.0;;;2.43;2.43;2.43;2.43;2.43;2.43;0.0;0.0
97270;542329;2018-01-17;FRC;M18;;;12;7100;2265114064.0;;;2.45;2.45;2.45;2.45;2.45;2.45;0.0;0.0
97271;542330;2018-01-17;FRC;N18;;;9;10250;3263287190.0;;;2.48;2.44;2.48;2.46;2.44;2.44;0.0;0.0
97272;542331;2018-01-17;FRC;Q18;;;1;70;22215728.0;;;2.48;2.48;2.48;2.48;2.48;2.44;0.0;0.0
97273;542332;2018-01-17;FRC;U18;;;2;200;63548064.0;;;2.44;2.44;2.44;2.44;2.44;2.44;0.0;0.0
97274;542333;2018-01-17;FRC;V18;;;22;7500;2372535026.0;;;2.5;2.48;2.5;2.48;2.49;2.49;0.0;0.0
97275;542334;2018-01-17;FRC;X18;;;0;0;0.0;;;0.0;0.0;0.0;0.0;0.0;2.55;0.0;0.0
97276;542335;2018-01-17;FRC;Z18;;;0;0;0.0;;;0.0;0.0;0.0;0.0;0.0;2.56;0.0;0.0
97277;542336;2018-01-17;FRC;F19;;;70;33190;10420433208.0;;;2.66;2.62;2.66;2.63;2.63;2.63;0.0;0.0
97278;542337;2018-01-17;FRC;J19;;;0;0;0.0;;;0.0;0.0;0.0;0.0;0.0;2.69;0.0;0.0
97279;542338;2018-01-17;FRC;N19;;;5;410;126773780.0;;;2.77;2.77;2.78;2.78;2.78;2.78;0.0;0.0
97280;542339;2018-01-17;FRC;V19;;;0;0;0.0;;;0.0;0.0;0.0;0.0;0.0;2.84;0.0;0.0
97281;542340;2018-01-17;FRC;F20;;;12;3700;1126018399.0;;;2.94;2.92;2.94;2.94;2.94;2.94;0.0;0.0
97282;542341;2018-01-17;FRC;J20;;;1;10;2957691.0;;;2.95;2.95;2.95;2.95;2.95;3.0;0.0;0.0
97283;542342;2018-01-17;FRC;N20;;;2;400;119677406.0;;;3.05;3.05;3.05;3.05;3.05;3.05;0.0;0.0
97284;542343;2018-01-17;FRC;V20;;;1;20;5865903.0;;;3.05;3.05;3.05;3.05;3.05;3.09;0.0;0.0
97285;542344;2018-01-17;FRC;F21;;;18;7260;2135231700.0;;;3.15;3.13;3.16;3.14;3.16;3.16;0.0;0.0
97286;542345;2018-01-17;FRC;J21;;;0;0;0.0;;;0.0;0.0;0.0;0.0;0.0;3.2;0.0;0.0
97287;542346;2018-01-17;FRC;N21;;;0;0;0.0;;;0.0;0.0;0.0;0.0;0.0;3.25;0.0;0.0
97288;542347;2018-01-17;FRC;V21;;;0;0;0.0;;;0.0;0.0;0.0;0.0;0.0;3.27;0.0;0.0
97289;542348;2018-01-17;FRC;F22;;;5;1600;454495484.0;;;3.32;3.32;3.32;3.32;3.32;3.32;0.0;0.0
97290;542349;2018-01-17;FRC;J22;;;1;30;8415289.0;;;3.3;3.3;3.3;3.3;3.3;3.37;0.0;0.0
97291;542350;2018-01-17;FRC;N22;;;0;0;0.0;;;0.0;0.0;0.0;0.0;0.0;3.4;0.0;0.0
97292;542351;2018-01-17;FRC;V22;;;1;30;8341201.0;;;3.37;3.37;3.37;3.37;3.37;3.42;0.0;0.0
97293;542352;2018-01-17;FRC;F23;;;14;4440;1218276282.0;;;3.44;3.42;3.47;3.44;3.47;3.47;0.0;0.0
97294;542353;2018-01-17;FRC;N23;;;0;0;0.0;;;0.0;0.0;0.0;0.0;0.0;3.56;0.0;0.0
97295;542354;2018-01-17;FRC;F24;;;3;300;79207711.0;;;3.61;3.61;3.61;3.61;3.61;3.61;0.0;0.0
97296;542355;2018-01-17;FRC;N24;;;0;0;0.0;;;0.0;0.0;0.0;0.0;0.0;3.66;0.0;0.0
97297;542356;2018-01-17;FRC;F25;;;3;300;76342718.0;;;3.73;3.73;3.73;3.73;3.73;3.73;0.0;0.0
97298;542357;2018-01-17;FRC;F26;;;0;0;0.0;;;0.0;0.0;0.0;0.0;0.0;3.87;0.0;0.0
97299;542358;2018-01-17;FRC;F27;;;0;0;0.0;;;0.0;0.0;0.0;0.0;0.0;3.99;0.0;0.0
97300;542359;2018-01-17;FRC;F28;;;0;0;0.0;;;0.0;0.0;0.0;0.0;0.0;4.11;0.0;0.0
97301;542360;2018-01-17;FRC;F29;;;0;0;0.0;;;0.0;0.0;0.0;0.0;0.0;4.32;0.0;0.0
97302;542361;2018-01-17;FRC;F30;;;0;0;0.0;;;0.0;0.0;0.0;0.0;0.0;4.38;0.0;0.0
97303;542531;2018-01-18;FRC;H18;;;137;219220;70456779204.0;;;2.3;2.2;2.31;2.24;2.21;2.21;0.0;0.0
97304;542532;2018-01-18;FRC;J18;;;35;42680;13686523206.0;;;2.39;2.32;2.39;2.35;2.39;2.32;0.0;0.0
97305;542533;2018-01-18;FRC;K18;;;21;16300;5215804475.0;;;2.42;2.37;2.42;2.39;2.37;2.37;0.0;0.0
97306;542534;2018-01-18;FRC;M18;;;10;5320;1699173332.0;;;2.44;2.41;2.44;2.41;2.41;2.41;0.0;0.0
97307;542535;2018-01-18;FRC;N18;;;15;23240;7407593037.0;;;2.42;2.4;2.42;2.4;2.4;2.4;0.0;0.0
97308;542536;2018-01-18;FRC;Q18;;;13;2820;897162409.0;;;2.44;2.41;2.44;2.41;2.41;2.41;0.0;0.0
97309;542537;2018-01-18;FRC;U18;;;1;6000;1904404948.0;;;2.41;2.41;2.41;2.41;2.41;2.41;0.0;0.0
97310;542538;2018-01-18;FRC;V18;;;16;4100;1298642433.0;;;2.46;2.46;2.46;2.46;2.46;2.46;0.0;0.0
97311;542539;2018-01-18;FRC;X18;;;3;400;126269722.0;;;2.55;2.55;2.55;2.55;2.55;2.55;0.0;0.0
97312;542540;2018-01-18;FRC;Z18;;;8;5500;1733099411.0;;;2.56;2.55;2.56;2.55;2.55;2.55;0.0;0.0
97313;542541;2018-01-18;FRC;F19;;;28;17010;5345525907.0;;;2.63;2.62;2.63;2.62;2.62;2.62;0.0;0.0
97314;542542;2018-01-18;FRC;J19;;;0;0;0.0;;;0.0;0.0;0.0;0.0;0.0;2.71;0.0;0.0
97315;542543;2018-01-18;FRC;N19;;;5;3260;1009320278.0;;;2.78;2.78;2.78;2.78;2.78;2.78;0.0;0.0
97316;542544;2018-01-18;FRC;V19;;;6;1900;583437808.0;;;2.86;2.86;2.86;2.86;2.86;2.86;0.0;0.0
97317;542545;2018-01-18;FRC;F20;;;29;6850;2085553061.0;;;2.94;2.93;2.98;2.97;2.98;2.98;0.0;0.0
97318;542546;2018-01-18;FRC;J20;;;0;0;0.0;;;0.0;0.0;0.0;0.0;0.0;3.04;0.0;0.0
97319;542547;2018-01-18;FRC;N20;;;0;0;0.0;;;0.0;0.0;0.0;0.0;0.0;3.09;0.0;0.0
97320;542548;2018-01-18;FRC;V20;;;0;0;0.0;;;0.0;0.0;0.0;0.0;0.0;3.13;0.0;0.0
97321;542549;2018-01-18;FRC;F21;;;14;4950;1455380062.0;;;3.18;3.18;3.2;3.19;3.2;3.2;0.0;0.0
97322;542550;2018-01-18;FRC;J21;;;0;0;0.0;;;0.0;0.0;0.0;0.0;0.0;3.24;0.0;0.0
97323;542551;2018-01-18;FRC;N21;;;0;0;0.0;;;0.0;0.0;0.0;0.0;0.0;3.29;0.0;0.0
97324;542552;2018-01-18;FRC;V21;;;0;0;0.0;;;0.0;0.0;0.0;0.0;0.0;3.31;0.0;0.0
97325;542553;2018-01-18;FRC;F22;;;10;1550;440119241.0;;;3.35;3.35;3.36;3.36;3.36;3.36;0.0;0.0
97326;542554;2018-01-18;FRC;J22;;;2;300;84557699.0;;;3.4;3.4;3.4;3.4;3.4;3.41;0.0;0.0
97327;542555;2018-01-18;FRC;N22;;;0;0;0.0;;;0.0;0.0;0.0;0.0;0.0;3.44;0.0;0.0
97328;542556;2018-01-18;FRC;V22;;;0;0;0.0;;;0.0;0.0;0.0;0.0;0.0;3.47;0.0;0.0
97329;542557;2018-01-18;FRC;F23;;;15;3200;875933761.0;;;3.52;3.52;3.52;3.52;3.52;3.52;0.0;0.0
97330;542558;2018-01-18;FRC;N23;;;0;0;0.0;;;0.0;0.0;0.0;0.0;0.0;3.61;0.0;0.0
97331;542559;2018-01-18;FRC;F24;;;0;0;0.0;;;0.0;0.0;0.0;0.0;0.0;3.66;0.0;0.0
97332;542560;2018-01-18;FRC;N24;;;0;0;0.0;;;0.0;0.0;0.0;0.0;0.0;3.71;0.0;0.0
97333;542561;2018-01-18;FRC;F25;;;3;240;61357401.0;;;3.73;3.73;3.73;3.73;3.73;3.78;0.0;0.0
97334;542562;2018-01-18;FRC;F26;;;6;2480;608846981.0;;;3.87;3.87;3.92;3.87;3.92;3.92;0.0;0.0
97335;542563;2018-01-18;FRC;F27;;;5;2100;496371593.0;;;4.0;3.99;4.0;4.0;3.99;4.07;0.0;0.0
97336;542564;2018-01-18;FRC;F28;;;2;200;45596378.0;;;4.13;4.13;4.13;4.13;4.13;4.13;0.0;0.0
97337;542565;2018-01-18;FRC;F29;;;0;0;0.0;;;0.0;0.0;0.0;0.0;0.0;4.34;0.0;0.0
97338;542566;2018-01-18;FRC;F30;;;0;0;0.0;;;0.0;0.0;0.0;0.0;0.0;4.4;0.0;0.0
97339;542736;2018-01-19;FRC;H18;;;80;81900;26198699490.0;;;2.2;2.1;2.2;2.15;2.19;2.19;0.0;0.0
97340;542737;2018-01-19;FRC;J18;;;13;7600;2426100331.0;;;2.29;2.29;2.31;2.3;2.31;2.31;0.0;0.0
97341;542738;2018-01-19;FRC;K18;;;11;2300;732116280.0;;;2.34;2.34;2.34;2.34;2.34;2.34;0.0;0.0
97342;542739;2018-01-19;FRC;M18;;;10;4320;1373289571.0;;;2.38;2.38;2.42;2.4;2.42;2.42;0.0;0.0
97343;542740;2018-01-19;FRC;N18;;;22;11810;3746850429.0;;;2.35;2.35;2.4;2.36;2.4;2.4;0.0;0.0
97344;542741;2018-01-19;FRC;Q18;;;8;2900;918219209.0;;;2.41;2.41;2.41;2.41;2.41;2.41;0.0;0.0
97345;542742;2018-01-19;FRC;U18;;;0;0;0.0;;;0.0;0.0;0.0;0.0;0.0;2.42;0.0;0.0
97346;542743;2018-01-19;FRC;V18;;;11;7800;2458600862.0;;;2.48;2.48;2.48;2.48;2.48;2.48;0.0;0.0
97347;542744;2018-01-19;FRC;X18;;;0;0;0.0;;;0.0;0.0;0.0;0.0;0.0;2.57;0.0;0.0
97348;542745;2018-01-19;FRC;Z18;;;0;0;0.0;;;0.0;0.0;0.0;0.0;0.0;2.56;0.0;0.0
97349;542746;2018-01-19;FRC;F19;;;28;19160;5992615537.0;;;2.6;2.59;2.64;2.62;2.64;2.63;0.0;0.0
97350;542747;2018-01-19;FRC;J19;;;0;0;0.0;;;0.0;0.0;0.0;0.0;0.0;2.73;0.0;0.0
97351;542748;2018-01-19;FRC;N19;;;1;100;30780645.0;;;2.81;2.81;2.81;2.81;2.81;2.81;0.0;0.0
97352;542749;2018-01-19;FRC;V19;;;0;0;0.0;;;0.0;0.0;0.0;0.0;0.0;2.89;0.0;0.0
97353;542750;2018-01-19;FRC;F20;;;11;1800;544482303.0;;;3.0;3.0;3.0;3.0;3.0;3.0;0.0;0.0
97354;542751;2018-01-19;FRC;J20;;;0;0;0.0;;;0.0;0.0;0.0;0.0;0.0;3.06;0.0;0.0
97355;542752;2018-01-19;FRC;N20;;;1;100;29785023.0;;;3.11;3.11;3.11;3.11;3.11;3.11;0.0;0.0
97356;542753;2018-01-19;FRC;V20;;;0;0;0.0;;;0.0;0.0;0.0;0.0;0.0;3.15;0.0;0.0
97357;542754;2018-01-19;FRC;F21;;;17;2490;727863721.0;;;3.2;3.2;3.23;3.22;3.23;3.23;0.0;0.0
97358;542755;2018-01-19;FRC;J21;;;0;0;0.0;;;0.0;0.0;0.0;0.0;0.0;3.27;0.0;0.0
97359;542756;2018-01-19;FRC;N21;;;0;0;0.0;;;0.0;0.0;0.0;0.0;0.0;3.32;0.0;0.0
97360;542757;2018-01-19;FRC;V21;;;0;0;0.0;;;0.0;0.0;0.0;0.0;0.0;3.34;0.0;0.0
97361;542758;2018-01-19;FRC;F22;;;8;1050;296414811.0;;;3.36;3.36;3.4;3.39;3.4;3.4;0.0;0.0
97362;542759;2018-01-19;FRC;J22;;;0;0;0.0;;;0.0;0.0;0.0;0.0;0.0;3.45;0.0;0.0
97363;542760;2018-01-19;FRC;N22;;;0;0;0.0;;;0.0;0.0;0.0;0.0;0.0;3.47;0.0;0.0
97364;542761;2018-01-19;FRC;V22;;;0;0;0.0;;;0.0;0.0;0.0;0.0;0.0;3.5;0.0;0.0
97365;542762;2018-01-19;FRC;F23;;;13;2700;735799335.0;;;3.52;3.52;3.54;3.53;3.52;3.54;0.0;0.0
97366;542763;2018-01-19;FRC;N23;;;0;0;0.0;;;0.0;0.0;0.0;0.0;0.0;3.64;0.0;0.0
97367;542764;2018-01-19;FRC;F24;;;1;100;26243787.0;;;3.7;3.7;3.7;3.7;3.7;3.7;0.0;0.0
97368;542765;2018-01-19;FRC;N24;;;0;0;0.0;;;0.0;0.0;0.0;0.0;0.0;3.75;0.0;0.0
97369;542766;2018-01-19;FRC;F25;;;12;3920;990934184.0;;;3.81;3.81;3.81;3.81;3.81;3.81;0.0;0.0
97370;542767;2018-01-19;FRC;F26;;;2;300;72983703.0;;;3.96;3.96;3.96;3.96;3.96;3.95;0.0;0.0
97371;542768;2018-01-19;FRC;F27;;;0;0;0.0;;;0.0;0.0;0.0;0.0;0.0;4.1;0.0;0.0
97372;542769;2018-01-19;FRC;F28;;;4;2400;541355863.0;;;4.18;4.18;4.18;4.18;4.18;4.16;0.0;0.0
97373;542770;2018-01-19;FRC;F29;;;0;0;0.0;;;0.0;0.0;0.0;0.0;0.0;4.37;0.0;0.0
97374;542771;2018-01-19;FRC;F30;;;0;0;0.0;;;0.0;0.0;0.0;0.0;0.0;4.43;0.0;0.0
97375;542941;2018-01-22;FRC;H18;;;68;52530;16796914498.0;;;2.15;2.15;2.28;2.25;2.28;2.27;0.0;0.0
97376;542942;2018-01-22;FRC;J18;;;15;6500;2073829035.0;;;2.31;2.31;2.36;2.36;2.36;2.36;0.0;0.0
97377;542943;2018-01-22;FRC;K18;;;10;3500;1114461792.0;;;2.36;2.36;2.36;2.36;2.36;2.36;0.0;0.0
97378;542944;2018-01-22;FRC;M18;;;3;1500;476624483.0;;;2.42;2.42;2.43;2.42;2.43;2.42;0.0;0.0
97379;542945;2018-01-22;FRC;N18;;;14;3700;1173287890.0;;;2.42;2.42;2.42;2.42;2.42;2.42;0.0;0.0
97380;542946;2018-01-22;FRC;Q18;;;4;1550;490609829.0;;;2.43;2.43;2.43;2.43;2.43;2.43;0.0;0.0
97381;542947;2018-01-22;FRC;U18;;;7;900;284460963.0;;;2.44;2.44;2.44;2.44;2.44;2.44;0.0;0.0
97382;542948;2018-01-22;FRC;V18;;;7;1700;535529277.0;;;2.51;2.51;2.51;2.51;2.51;2.51;0.0;0.0
97383;542949;2018-01-22;FRC;X18;;;0;0;0.0;;;0.0;0.0;0.0;0.0;0.0;2.59;0.0;0.0
97384;542950;2018-01-22;FRC;Z18;;;0;0;0.0;;;0.0;0.0;0.0;0.0;0.0;2.59;0.0;0.0
97385;542951;2018-01-22;FRC;F19;;;36;20900;6532809074.0;;;2.65;2.65;2.67;2.66;2.67;2.67;0.0;0.0
97386;542952;2018-01-22;FRC;J19;;;0;0;0.0;;;0.0;0.0;0.0;0.0;0.0;2.77;0.0;0.0
97387;542953;2018-01-22;FRC;N19;;;2;200;61528512.0;;;2.84;2.84;2.84;2.84;2.84;2.84;0.0;0.0
97388;542954;2018-01-22;FRC;V19;;;0;0;0.0;;;0.0;0.0;0.0;0.0;0.0;2.92;0.0;0.0
97389;542955;2018-01-22;FRC;F20;;;7;1200;362737971.0;;;3.04;3.04;3.04;3.04;3.04;3.04;0.0;0.0
97390;542956;2018-01-22;FRC;J20;;;0;0;0.0;;;0.0;0.0;0.0;0.0;0.0;3.1;0.0;0.0
97391;542957;2018-01-22;FRC;N20;;;0;0;0.0;;;0.0;0.0;0.0;0.0;0.0;3.15;0.0;0.0
97392;542958;2018-01-22;FRC;V20;;;0;0;0.0;;;0.0;0.0;0.0;0.0;0.0;3.19;0.0;0.0
97393;542959;2018-01-22;FRC;F21;;;18;6000;1751890488.0;;;3.23;3.23;3.28;3.26;3.28;3.28;0.0;0.0
97394;542960;2018-01-22;FRC;J21;;;0;0;0.0;;;0.0;0.0;0.0;0.0;0.0;3.32;0.0;0.0
97395;542961;2018-01-22;FRC;N21;;;0;0;0.0;;;0.0;0.0;0.0;0.0;0.0;3.37;0.0;0.0
97396;542962;2018-01-22;FRC;V21;;;0;0;0.0;;;0.0;0.0;0.0;0.0;0.0;3.39;0.0;0.0
97397;542963;2018-01-22;FRC;F22;;;8;800;225435721.0;;;3.44;3.44;3.44;3.44;3.44;3.44;0.0;0.0
97398;542964;2018-01-22;FRC;J22;;;0;0;0.0;;;0.0;0.0;0.0;0.0;0.0;3.49;0.0;0.0
97399;542965;2018-01-22;FRC;N22;;;0;0;0.0;;;0.0;0.0;0.0;0.0;0.0;3.51;0.0;0.0
97400;542966;2018-01-22;FRC;V22;;;0;0;0.0;;;0.0;0.0;0.0;0.0;0.0;3.54;0.0;0.0
97401;542967;2018-01-22;FRC;F23;;;9;900;244797937.0;;;3.58;3.58;3.58;3.58;3.58;3.58;0.0;0.0
97402;542968;2018-01-22;FRC;N23;;;0;0;0.0;;;0.0;0.0;0.0;0.0;0.0;3.68;0.0;0.0
97403;542969;2018-01-22;FRC;F24;;;1;100;26216352.0;;;3.73;3.73;3.73;3.73;3.73;3.73;0.0;0.0
97404;542970;2018-01-22;FRC;N24;;;0;0;0.0;;;0.0;0.0;0.0;0.0;0.0;3.78;0.0;0.0
97405;542971;2018-01-22;FRC;F25;;;4;400;101034359.0;;;3.85;3.85;3.85;3.85;3.85;3.85;0.0;0.0
97406;542972;2018-01-22;FRC;F26;;;1;100;24290748.0;;;4.0;4.0;4.0;4.0;4.0;4.0;0.0;0.0
97407;542973;2018-01-22;FRC;F27;;;0;0;0.0;;;0.0;0.0;0.0;0.0;0.0;4.13;0.0;0.0
97408;542974;2018-01-22;FRC;F28;;;3;300;67392458.0;;;4.2;4.2;4.21;4.2;4.21;4.21;0.0;0.0
97409;542975;2018-01-22;FRC;F29;;;0;0;0.0;;;0.0;0.0;0.0;0.0;0.0;4.42;0.0;0.0
97410;542976;2018-01-22;FRC;F30;;;0;0;0.0;;;0.0;0.0;0.0;0.0;0.0;4.48;0.0;0.0
97411;543146;2018-01-23;FRC;H18;;;103;95780;30737296961.0;;;2.27;2.23;2.31;2.26;2.29;2.29;0.0;0.0
97412;543147;2018-01-23;FRC;J18;;;13;8250;2641747056.0;;;2.37;2.37;2.38;2.38;2.38;2.38;0.0;0.0
97413;543148;2018-01-23;FRC;K18;;;8;4500;1437977085.0;;;2.39;2.39;2.39;2.39;2.39;2.39;0.0;0.0
97414;543149;2018-01-23;FRC;M18;;;8;2680;854540185.0;;;2.41;2.41;2.44;2.42;2.44;2.44;0.0;0.0
97415;543150;2018-01-23;FRC;N18;;;11;3300;1050211044.0;;;2.4;2.4;2.43;2.41;2.43;2.43;0.0;0.0
97416;543151;2018-01-23;FRC;Q18;;;5;2000;635166833.0;;;2.45;2.45;2.45;2.45;2.45;2.45;0.0;0.0
97417;543152;2018-01-23;FRC;U18;;;0;0;0.0;;;0.0;0.0;0.0;0.0;0.0;2.46;0.0;0.0
97418;543153;2018-01-23;FRC;V18;;;8;2100;663968659.0;;;2.53;2.53;2.53;2.53;2.53;2.53;0.0;0.0
97419;543154;2018-01-23;FRC;X18;;;0;0;0.0;;;0.0;0.0;0.0;0.0;0.0;2.61;0.0;0.0
97420;543155;2018-01-23;FRC;Z18;;;0;0;0.0;;;0.0;0.0;0.0;0.0;0.0;2.61;0.0;0.0
97421;543156;2018-01-23;FRC;F19;;;20;3290;1031991872.0;;;2.69;2.68;2.71;2.68;2.71;2.69;0.0;0.0
97422;543157;2018-01-23;FRC;J19;;;0;0;0.0;;;0.0;0.0;0.0;0.0;0.0;2.79;0.0;0.0
97423;543158;2018-01-23;FRC;N19;;;0;0;0.0;;;0.0;0.0;0.0;0.0;0.0;2.86;0.0;0.0
97424;543159;2018-01-23;FRC;V19;;;0;0;0.0;;;0.0;0.0;0.0;0.0;0.0;2.94;0.0;0.0
97425;543160;2018-01-23;FRC;F20;;;6;900;272634387.0;;;3.07;3.07;3.07;3.07;3.07;3.07;0.0;0.0
97426;543161;2018-01-23;FRC;J20;;;0;0;0.0;;;0.0;0.0;0.0;0.0;0.0;3.13;0.0;0.0
97427;543162;2018-01-23;FRC;N20;;;0;0;0.0;;;0.0;0.0;0.0;0.0;0.0;3.18;0.0;0.0
97428;543163;2018-01-23;FRC;V20;;;0;0;0.0;;;0.0;0.0;0.0;0.0;0.0;3.22;0.0;0.0
97429;543164;2018-01-23;FRC;F21;;;28;4670;1367693919.0;;;3.29;3.25;3.31;3.28;3.31;3.31;0.0;0.0
97430;543165;2018-01-23;FRC;J21;;;0;0;0.0;;;0.0;0.0;0.0;0.0;0.0;3.35;0.0;0.0
97431;543166;2018-01-23;FRC;N21;;;0;0;0.0;;;0.0;0.0;0.0;0.0;0.0;3.4;0.0;0.0
97432;543167;2018-01-23;FRC;V21;;;0;0;0.0;;;0.0;0.0;0.0;0.0;0.0;3.42;0.0;0.0
97433;543168;2018-01-23;FRC;F22;;;0;0;0.0;;;0.0;0.0;0.0;0.0;0.0;3.47;0.0;0.0
97434;543169;2018-01-23;FRC;J22;;;0;0;0.0;;;0.0;0.0;0.0;0.0;0.0;3.52;0.0;0.0
97435;543170;2018-01-23;FRC;N22;;;4;400;110783544.0;;;3.54;3.54;3.54;3.54;3.54;3.54;0.0;0.0
97436;543171;2018-01-23;FRC;V22;;;0;0;0.0;;;0.0;0.0;0.0;0.0;0.0;3.58;0.0;0.0
97437;543172;2018-01-23;FRC;F23;;;8;2500;681281643.0;;;3.58;3.55;3.62;3.59;3.62;3.62;0.0;0.0
97438;543173;2018-01-23;FRC;N23;;;0;0;0.0;;;0.0;0.0;0.0;0.0;0.0;3.72;0.0;0.0
97439;543174;2018-01-23;FRC;F24;;;0;0;0.0;;;0.0;0.0;0.0;0.0;0.0;3.77;0.0;0.0
97440;543175;2018-01-23;FRC;N24;;;0;0;0.0;;;0.0;0.0;0.0;0.0;0.0;3.82;0.0;0.0
97441;543176;2018-01-23;FRC;F25;;;0;0;0.0;;;0.0;0.0;0.0;0.0;0.0;3.89;0.0;0.0
97442;543177;2018-01-23;FRC;F26;;;0;0;0.0;;;0.0;0.0;0.0;0.0;0.0;4.04;0.0;0.0
97443;543178;2018-01-23;FRC;F27;;;0;0;0.0;;;0.0;0.0;0.0;0.0;0.0;4.17;0.0;0.0
97444;543179;2018-01-23;FRC;F28;;;0;0;0.0;;;0.0;0.0;0.0;0.0;0.0;4.25;0.0;0.0
97445;543180;2018-01-23;FRC;F29;;;0;0;0.0;;;0.0;0.0;0.0;0.0;0.0;4.46;0.0;0.0
97446;543181;2018-01-23;FRC;F30;;;0;0;0.0;;;0.0;0.0;0.0;0.0;0.0;4.52;0.0;0.0
97447;543351;2018-01-24;FRC;H18;;;86;98790;31569315815.0;;;2.25;2.25;2.36;2.34;2.36;2.36;0.0;0.0
97448;543352;2018-01-24;FRC;J18;;;21;19140;6102967433.0;;;2.39;2.39;2.44;2.43;2.44;2.44;0.0;0.0
97449;543353;2018-01-24;FRC;K18;;;10;3700;1177002846.0;;;2.4;2.4;2.44;2.41;2.42;2.42;0.0;0.0
97450;543354;2018-01-24;FRC;M18;;;6;1100;349271231.0;;;2.49;2.49;2.49;2.49;2.49;2.49;0.0;0.0
97451;543355;2018-01-24;FRC;N18;;;10;2200;697206748.0;;;2.46;2.46;2.46;2.46;2.46;2.46;0.0;0.0
97452;543356;2018-01-24;FRC;Q18;;;5;1300;411237421.0;;;2.47;2.47;2.47;2.47;2.47;2.47;0.0;0.0
97453;543357;2018-01-24;FRC;U18;;;1;10;3178352.0;;;2.45;2.45;2.45;2.45;2.45;2.47;0.0;0.0
97454;543358;2018-01-24;FRC;V18;;;10;3400;1069965226.0;;;2.57;2.57;2.57;2.57;2.57;2.57;0.0;0.0
97455;543359;2018-01-24;FRC;X18;;;2;300;94136291.0;;;2.65;2.65;2.65;2.65;2.65;2.65;0.0;0.0
97456;543360;2018-01-24;FRC;Z18;;;0;0;0.0;;;0.0;0.0;0.0;0.0;0.0;2.65;0.0;0.0
97457;543361;2018-01-24;FRC;F19;;;21;7130;2226542659.0;;;2.69;2.68;2.73;2.71;2.73;2.73;0.0;0.0
97458;543362;2018-01-24;FRC;J19;;;0;0;0.0;;;0.0;0.0;0.0;0.0;0.0;2.83;0.0;0.0
97459;543363;2018-01-24;FRC;N19;;;0;0;0.0;;;0.0;0.0;0.0;0.0;0.0;2.89;0.0;0.0
97460;543364;2018-01-24;FRC;V19;;;0;0;0.0;;;0.0;0.0;0.0;0.0;0.0;2.97;0.0;0.0
97461;543365;2018-01-24;FRC;F20;;;4;400;120583296.0;;;3.09;3.09;3.09;3.09;3.09;3.09;0.0;0.0
97462;543366;2018-01-24;FRC;J20;;;0;0;0.0;;;0.0;0.0;0.0;0.0;0.0;3.15;0.0;0.0
97463;543367;2018-01-24;FRC;N20;;;0;0;0.0;;;0.0;0.0;0.0;0.0;0.0;3.2;0.0;0.0
97464;543368;2018-01-24;FRC;V20;;;0;0;0.0;;;0.0;0.0;0.0;0.0;0.0;3.24;0.0;0.0
97465;543369;2018-01-24;FRC;F21;;;13;1500;437054903.0;;;3.32;3.32;3.32;3.32;3.32;3.32;0.0;0.0
97466;543370;2018-01-24;FRC;J21;;;0;0;0.0;;;0.0;0.0;0.0;0.0;0.0;3.36;0.0;0.0
97467;543371;2018-01-24;FRC;N21;;;0;0;0.0;;;0.0;0.0;0.0;0.0;0.0;3.41;0.0;0.0
97468;543372;2018-01-24;FRC;V21;;;0;0;0.0;;;0.0;0.0;0.0;0.0;0.0;3.43;0.0;0.0
97469;543373;2018-01-24;FRC;F22;;;6;600;168872190.0;;;3.48;3.48;3.48;3.48;3.48;3.48;0.0;0.0
97470;543374;2018-01-24;FRC;J22;;;0;0;0.0;;;0.0;0.0;0.0;0.0;0.0;3.53;0.0;0.0
97471;543375;2018-01-24;FRC;N22;;;0;0;0.0;;;0.0;0.0;0.0;0.0;0.0;3.55;0.0;0.0
97472;543376;2018-01-24;FRC;V22;;;0;0;0.0;;;0.0;0.0;0.0;0.0;0.0;3.59;0.0;0.0
97473;543377;2018-01-24;FRC;F23;;;12;1600;433893216.0;;;3.63;3.6;3.63;3.62;3.6;3.63;0.0;0.0
97474;543378;2018-01-24;FRC;N23;;;0;0;0.0;;;0.0;0.0;0.0;0.0;0.0;3.73;0.0;0.0
97475;543379;2018-01-24;FRC;F24;;;0;0;0.0;;;0.0;0.0;0.0;0.0;0.0;3.78;0.0;0.0
97476;543380;2018-01-24;FRC;N24;;;0;0;0.0;;;0.0;0.0;0.0;0.0;0.0;3.83;0.0;0.0
97477;543381;2018-01-24;FRC;F25;;;0;0;0.0;;;0.0;0.0;0.0;0.0;0.0;3.9;0.0;0.0
97478;543382;2018-01-24;FRC;F26;;;0;0;0.0;;;0.0;0.0;0.0;0.0;0.0;4.03;0.0;0.0
97479;543383;2018-01-24;FRC;F27;;;0;0;0.0;;;0.0;0.0;0.0;0.0;0.0;4.16;0.0;0.0
97480;543384;2018-01-24;FRC;F28;;;0;0;0.0;;;0.0;0.0;0.0;0.0;0.0;4.24;0.0;0.0
97481;543385;2018-01-24;FRC;F29;;;0;0;0.0;;;0.0;0.0;0.0;0.0;0.0;4.45;0.0;0.0
97482;543386;2018-01-24;FRC;F30;;;0;0;0.0;;;0.0;0.0;0.0;0.0;0.0;4.51;0.0;0.0
97483;543567;2018-01-26;FRC;H18;;;146;111550;34989642899.0;;;2.37;2.35;2.39;2.36;2.37;2.37;0.0;0.0
97484;543568;2018-01-26;FRC;J18;;;16;12350;3865350014.0;;;2.46;2.45;2.47;2.46;2.47;2.47;0.0;0.0
97485;543569;2018-01-26;FRC;K18;;;14;13900;4341631323.0;;;2.44;2.44;2.44;2.44;2.44;2.44;0.0;0.0
97486;543570;2018-01-26;FRC;M18;;;0;0;0.0;;;0.0;0.0;0.0;0.0;0.0;2.5;0.0;0.0
97487;543571;2018-01-26;FRC;N18;;;7;2500;777655805.0;;;2.46;2.46;2.46;2.46;2.46;2.46;0.0;0.0
97488;543572;2018-01-26;FRC;Q18;;;7;700;217521217.0;;;2.46;2.46;2.49;2.46;2.49;2.49;0.0;0.0
97489;543573;2018-01-26;FRC;U18;;;0;0;0.0;;;0.0;0.0;0.0;0.0;0.0;2.47;0.0;0.0
97490;543574;2018-01-26;FRC;V18;;;9;5800;1791972179.0;;;2.55;2.55;2.55;2.55;2.55;2.55;0.0;0.0
97491;543575;2018-01-26;FRC;X18;;;3;500;154003967.0;;;2.64;2.64;2.64;2.64;2.64;2.64;0.0;0.0
97492;543576;2018-01-26;FRC;Z18;;;0;0;0.0;;;0.0;0.0;0.0;0.0;0.0;2.63;0.0;0.0
97493;543577;2018-01-26;FRC;F19;;;13;4010;1229335617.0;;;2.71;2.71;2.71;2.71;2.71;2.71;0.0;0.0
97494;543578;2018-01-26;FRC;J19;;;0;0;0.0;;;0.0;0.0;0.0;0.0;0.0;2.81;0.0;0.0
97495;543579;2018-01-26;FRC;N19;;;0;0;0.0;;;0.0;0.0;0.0;0.0;0.0;2.87;0.0;0.0
97496;543580;2018-01-26;FRC;V19;;;9;1100;328793476.0;;;2.96;2.96;2.96;2.96;2.96;2.96;0.0;0.0
97497;543581;2018-01-26;FRC;F20;;;21;3200;948379838.0;;;3.06;3.06;3.06;3.06;3.06;3.06;0.0;0.0
97498;543582;2018-01-26;FRC;J20;;;0;0;0.0;;;0.0;0.0;0.0;0.0;0.0;3.12;0.0;0.0
97499;543583;2018-01-26;FRC;N20;;;0;0;0.0;;;0.0;0.0;0.0;0.0;0.0;3.17;0.0;0.0
97500;543584;2018-01-26;FRC;V20;;;0;0;0.0;;;0.0;0.0;0.0;0.0;0.0;3.21;0.0;0.0
97501;543585;2018-01-26;FRC;F21;;;19;3390;970109050.0;;;3.3;3.28;3.3;3.29;3.28;3.28;0.0;0.0
97502;543586;2018-01-26;FRC;J21;;;0;0;0.0;;;0.0;0.0;0.0;0.0;0.0;3.32;0.0;0.0
97503;543587;2018-01-26;FRC;N21;;;4;400;112858132.0;;;3.36;3.36;3.36;3.36;3.36;3.36;0.0;0.0
97504;543588;2018-01-26;FRC;V21;;;0;0;0.0;;;0.0;0.0;0.0;0.0;0.0;3.39;0.0;0.0
97505;543589;2018-01-26;FRC;F22;;;6;600;165846111.0;;;3.45;3.45;3.45;3.45;3.45;3.45;0.0;0.0
97506;543590;2018-01-26;FRC;J22;;;0;0;0.0;;;0.0;0.0;0.0;0.0;0.0;3.5;0.0;0.0
97507;543591;2018-01-26;FRC;N22;;;0;0;0.0;;;0.0;0.0;0.0;0.0;0.0;3.51;0.0;0.0
97508;543592;2018-01-26;FRC;V22;;;0;0;0.0;;;0.0;0.0;0.0;0.0;0.0;3.54;0.0;0.0
97509;543593;2018-01-26;FRC;F23;;;22;3700;986538373.0;;;3.61;3.58;3.61;3.59;3.58;3.58;0.0;0.0
97510;543594;2018-01-26;FRC;N23;;;0;0;0.0;;;0.0;0.0;0.0;0.0;0.0;3.68;0.0;0.0
97511;543595;2018-01-26;FRC;F24;;;0;0;0.0;;;0.0;0.0;0.0;0.0;0.0;3.72;0.0;0.0
97512;543596;2018-01-26;FRC;N24;;;0;0;0.0;;;0.0;0.0;0.0;0.0;0.0;3.77;0.0;0.0
97513;543597;2018-01-26;FRC;F25;;;8;1400;346802558.0;;;3.83;3.83;3.83;3.83;3.83;3.83;0.0;0.0
97514;543598;2018-01-26;FRC;F26;;;0;0;0.0;;;0.0;0.0;0.0;0.0;0.0;3.96;0.0;0.0
97515;543599;2018-01-26;FRC;F27;;;0;0;0.0;;;0.0;0.0;0.0;0.0;0.0;4.09;0.0;0.0
97516;543600;2018-01-26;FRC;F28;;;0;0;0.0;;;0.0;0.0;0.0;0.0;0.0;4.17;0.0;0.0
97517;543601;2018-01-26;FRC;F29;;;0;0;0.0;;;0.0;0.0;0.0;0.0;0.0;4.38;0.0;0.0
97518;543602;2018-01-26;FRC;F30;;;0;0;0.0;;;0.0;0.0;0.0;0.0;0.0;4.44;0.0;0.0
97519;543773;2018-01-29;FRC;H18;;;285;226600;71397263980.0;;;2.35;2.35;2.39;2.35;2.35;2.35;0.0;0.0
97520;543774;2018-01-29;FRC;J18;;;54;32200;10124631306.0;;;2.47;2.45;2.47;2.45;2.45;2.45;0.0;0.0
97521;543775;2018-01-29;FRC;K18;;;5;3900;1223589109.0;;;2.42;2.42;2.42;2.42;2.42;2.42;0.0;0.0
97522;543776;2018-01-29;FRC;M18;;;7;1600;500784760.0;;;2.47;2.47;2.47;2.47;2.47;2.47;0.0;0.0
97523;543777;2018-01-29;FRC;N18;;;8;3300;1031208310.0;;;2.44;2.43;2.44;2.43;2.43;2.43;0.0;0.0
97524;543778;2018-01-29;FRC;Q18;;;2;500;155919438.0;;;2.46;2.46;2.46;2.46;2.46;2.46;0.0;0.0
97525;543779;2018-01-29;FRC;U18;;;1;100;31181989.0;;;2.45;2.45;2.45;2.45;2.45;2.45;0.0;0.0
97526;543780;2018-01-29;FRC;V18;;;14;8900;2762185704.0;;;2.54;2.54;2.55;2.54;2.55;2.55;0.0;0.0
97527;543781;2018-01-29;FRC;X18;;;2;500;154702167.0;;;2.64;2.64;2.64;2.64;2.64;2.64;0.0;0.0
97528;543782;2018-01-29;FRC;Z18;;;2;300;92715190.0;;;2.64;2.64;2.64;2.64;2.64;2.64;0.0;0.0
97529;543783;2018-01-29;FRC;F19;;;18;7300;2248118512.0;;;2.7;2.7;2.71;2.7;2.7;2.7;0.0;0.0
97530;543784;2018-01-29;FRC;J19;;;4;500;152951198.0;;;2.79;2.79;2.79;2.79;2.79;2.79;0.0;0.0
97531;543785;2018-01-29;FRC;N19;;;1;100;30311879.0;;;2.87;2.87;2.87;2.87;2.87;2.87;0.0;0.0
97532;543786;2018-01-29;FRC;V19;;;3;300;90085365.0;;;2.95;2.95;2.95;2.95;2.95;2.95;0.0;0.0
97533;543787;2018-01-29;FRC;F20;;;14;2100;625278206.0;;;3.04;3.04;3.04;3.04;3.04;3.04;0.0;0.0
97534;543788;2018-01-29;FRC;J20;;;0;0;0.0;;;0.0;0.0;0.0;0.0;0.0;3.11;0.0;0.0
97535;543789;2018-01-29;FRC;N20;;;0;0;0.0;;;0.0;0.0;0.0;0.0;0.0;3.16;0.0;0.0
97536;543790;2018-01-29;FRC;V20;;;0;0;0.0;;;0.0;0.0;0.0;0.0;0.0;3.2;0.0;0.0
97537;543791;2018-01-29;FRC;F21;;;14;2110;606591258.0;;;3.27;3.27;3.27;3.27;3.27;3.27;0.0;0.0
97538;543792;2018-01-29;FRC;J21;;;0;0;0.0;;;0.0;0.0;0.0;0.0;0.0;3.32;0.0;0.0
97539;543793;2018-01-29;FRC;N21;;;0;0;0.0;;;0.0;0.0;0.0;0.0;0.0;3.36;0.0;0.0
97540;543794;2018-01-29;FRC;V21;;;2;200;56117432.0;;;3.4;3.4;3.4;3.4;3.4;3.4;0.0;0.0
97541;543795;2018-01-29;FRC;F22;;;3;500;138834442.0;;;3.45;3.45;3.45;3.45;3.45;3.45;0.0;0.0
97542;543796;2018-01-29;FRC;J22;;;0;0;0.0;;;0.0;0.0;0.0;0.0;0.0;3.51;0.0;0.0
97543;543797;2018-01-29;FRC;N22;;;0;0;0.0;;;0.0;0.0;0.0;0.0;0.0;3.52;0.0;0.0
97544;543798;2018-01-29;FRC;V22;;;1;100;27078872.0;;;3.56;3.56;3.56;3.56;3.56;3.56;0.0;0.0
97545;543799;2018-01-29;FRC;F23;;;13;6240;1669752793.0;;;3.64;3.58;3.64;3.6;3.64;3.64;0.0;0.0
97546;543800;2018-01-29;FRC;N23;;;0;0;0.0;;;0.0;0.0;0.0;0.0;0.0;3.73;0.0;0.0
97547;543801;2018-01-29;FRC;F24;;;3;400;103115107.0;;;3.76;3.76;3.76;3.76;3.76;3.76;0.0;0.0
97548;543802;2018-01-29;FRC;N24;;;0;0;0.0;;;0.0;0.0;0.0;0.0;0.0;3.82;0.0;0.0
97549;543803;2018-01-29;FRC;F25;;;9;1200;297834918.0;;;3.9;3.9;3.9;3.9;3.9;3.9;0.0;0.0
97550;543804;2018-01-29;FRC;F26;;;0;0;0.0;;;0.0;0.0;0.0;0.0;0.0;4.04;0.0;0.0
97551;543805;2018-01-29;FRC;F27;;;0;0;0.0;;;0.0;0.0;0.0;0.0;0.0;4.18;0.0;0.0
97552;543806;2018-01-29;FRC;F28;;;0;0;0.0;;;0.0;0.0;0.0;0.0;0.0;4.26;0.0;0.0
97553;543807;2018-01-29;FRC;F29;;;0;0;0.0;;;0.0;0.0;0.0;0.0;0.0;4.47;0.0;0.0
97554;543808;2018-01-29;FRC;F30;;;0;0;0.0;;;0.0;0.0;0.0;0.0;0.0;4.53;0.0;0.0
97555;543979;2018-01-30;FRC;J18;;;24;16760;5295862545.0;;;2.5;2.45;2.5;2.46;2.47;2.47;0.0;0.0
97556;543980;2018-01-30;FRC;K18;;;5;900;283905165.0;;;2.43;2.43;2.43;2.43;2.43;2.43;0.0;0.0
97557;543981;2018-01-30;FRC;M18;;;3;1500;472027101.0;;;2.48;2.48;2.48;2.48;2.48;2.48;0.0;0.0
97558;543982;2018-01-30;FRC;N18;;;8;1800;565252017.0;;;2.41;2.41;2.41;2.41;2.41;2.41;0.0;0.0
97559;543983;2018-01-30;FRC;Q18;;;5;700;219390038.0;;;2.46;2.46;2.46;2.46;2.46;2.46;0.0;0.0
97560;543984;2018-01-30;FRC;U18;;;0;0;0.0;;;0.0;0.0;0.0;0.0;0.0;2.44;0.0;0.0
97561;543985;2018-01-30;FRC;V18;;;7;700;218875026.0;;;2.56;2.55;2.56;2.55;2.55;2.55;0.0;0.0
97562;543986;2018-01-30;FRC;X18;;;0;0;0.0;;;0.0;0.0;0.0;0.0;0.0;2.64;0.0;0.0
97563;543987;2018-01-30;FRC;Z18;;;0;0;0.0;;;0.0;0.0;0.0;0.0;0.0;2.63;0.0;0.0
97564;543988;2018-01-30;FRC;F19;;;31;6510;2015622939.0;;;2.73;2.68;2.73;2.69;2.69;2.69;0.0;0.0
97565;543989;2018-01-30;FRC;J19;;;0;0;0.0;;;0.0;0.0;0.0;0.0;0.0;2.77;0.0;0.0
97566;543990;2018-01-30;FRC;N19;;;0;0;0.0;;;0.0;0.0;0.0;0.0;0.0;2.84;0.0;0.0
97567;543991;2018-01-30;FRC;V19;;;0;0;0.0;;;0.0;0.0;0.0;0.0;0.0;2.91;0.0;0.0
97568;543992;2018-01-30;FRC;F20;;;8;6400;1917088096.0;;;3.06;3.03;3.06;3.04;3.04;3.0;0.0;0.0
97569;543993;2018-01-30;FRC;J20;;;0;0;0.0;;;0.0;0.0;0.0;0.0;0.0;3.06;0.0;0.0
97570;543994;2018-01-30;FRC;N20;;;0;0;0.0;;;0.0;0.0;0.0;0.0;0.0;3.12;0.0;0.0
97571;543995;2018-01-30;FRC;V20;;;0;0;0.0;;;0.0;0.0;0.0;0.0;0.0;3.17;0.0;0.0
97572;543996;2018-01-30;FRC;F21;;;17;2200;635846233.0;;;3.25;3.25;3.25;3.25;3.25;3.25;0.0;0.0
97573;543997;2018-01-30;FRC;J21;;;0;0;0.0;;;0.0;0.0;0.0;0.0;0.0;3.31;0.0;0.0
97574;543998;2018-01-30;FRC;N21;;;0;0;0.0;;;0.0;0.0;0.0;0.0;0.0;3.36;0.0;0.0
97575;543999;2018-01-30;FRC;V21;;;0;0;0.0;;;0.0;0.0;0.0;0.0;0.0;3.4;0.0;0.0
97576;544000;2018-01-30;FRC;F22;;;3;680;189611906.0;;;3.47;3.46;3.47;3.46;3.46;3.46;0.0;0.0
97577;544001;2018-01-30;FRC;J22;;;0;0;0.0;;;0.0;0.0;0.0;0.0;0.0;3.52;0.0;0.0
97578;544002;2018-01-30;FRC;N22;;;0;0;0.0;;;0.0;0.0;0.0;0.0;0.0;3.53;0.0;0.0
97579;544003;2018-01-30;FRC;V22;;;5;600;162937505.0;;;3.57;3.57;3.57;3.57;3.57;3.57;0.0;0.0
97580;544004;2018-01-30;FRC;F23;;;30;8850;2378557562.0;;;3.64;3.58;3.64;3.62;3.64;3.64;0.0;0.0
97581;544005;2018-01-30;FRC;N23;;;0;0;0.0;;;0.0;0.0;0.0;0.0;0.0;3.76;0.0;0.0
97582;544006;2018-01-30;FRC;F24;;;0;0;0.0;;;0.0;0.0;0.0;0.0;0.0;3.82;0.0;0.0
97583;544007;2018-01-30;FRC;N24;;;0;0;0.0;;;0.0;0.0;0.0;0.0;0.0;3.88;0.0;0.0
97584;544008;2018-01-30;FRC;F25;;;3;420;104544322.0;;;3.9;3.89;3.91;3.89;3.91;3.96;0.0;0.0
97585;544009;2018-01-30;FRC;F26;;;0;0;0.0;;;0.0;0.0;0.0;0.0;0.0;4.11;0.0;0.0
97586;544010;2018-01-30;FRC;F27;;;0;0;0.0;;;0.0;0.0;0.0;0.0;0.0;4.26;0.0;0.0
97587;544011;2018-01-30;FRC;F28;;;0;0;0.0;;;0.0;0.0;0.0;0.0;0.0;4.35;0.0;0.0
97588;544012;2018-01-30;FRC;F29;;;0;0;0.0;;;0.0;0.0;0.0;0.0;0.0;4.56;0.0;0.0
97589;544013;2018-01-30;FRC;F30;;;0;0;0.0;;;0.0;0.0;0.0;0.0;0.0;4.62;0.0;0.0
97590;544184;2018-01-31;FRC;J18;;;52;64650;20457187707.0;;;2.4;2.3;2.4;2.34;2.34;2.34;0.0;0.0
97591;544185;2018-01-31;FRC;K18;;;12;5400;1705561233.0;;;2.36;2.34;2.36;2.36;2.36;2.36;0.0;0.0
97592;544186;2018-01-31;FRC;M18;;;1;500;157567126.0;;;2.43;2.43;2.43;2.43;2.43;2.43;0.0;0.0
97593;544187;2018-01-31;FRC;N18;;;0;0;0.0;;;0.0;0.0;0.0;0.0;0.0;2.38;0.0;0.0
97594;544188;2018-01-31;FRC;Q18;;;5;600;188310893.0;;;2.44;2.44;2.44;2.44;2.44;2.44;0.0;0.0
97595;544189;2018-01-31;FRC;U18;;;0;0;0.0;;;0.0;0.0;0.0;0.0;0.0;2.41;0.0;0.0
97596;544190;2018-01-31;FRC;V18;;;4;800;250192190.0;;;2.55;2.51;2.55;2.51;2.51;2.51;0.0;0.0
97597;544191;2018-01-31;FRC;X18;;;0;0;0.0;;;0.0;0.0;0.0;0.0;0.0;2.6;0.0;0.0
97598;544192;2018-01-31;FRC;Z18;;;0;0;0.0;;;0.0;0.0;0.0;0.0;0.0;2.59;0.0;0.0
97599;544193;2018-01-31;FRC;F19;;;15;2800;868372712.0;;;2.67;2.65;2.68;2.65;2.68;2.65;0.0;0.0
97600;544194;2018-01-31;FRC;J19;;;6;2600;800116066.0;;;2.75;2.75;2.76;2.75;2.76;2.75;0.0;0.0
97601;544195;2018-01-31;FRC;N19;;;2;1000;305293673.0;;;2.84;2.84;2.84;2.84;2.84;2.83;0.0;0.0
97602;544196;2018-01-31;FRC;V19;;;0;0;0.0;;;0.0;0.0;0.0;0.0;0.0;2.91;0.0;0.0
97603;544197;2018-01-31;FRC;F20;;;13;1480;443977766.0;;;3.03;2.98;3.03;3.02;3.02;3.02;0.0;0.0
97604;544198;2018-01-31;FRC;J20;;;0;0;0.0;;;0.0;0.0;0.0;0.0;0.0;3.08;0.0;0.0
97605;544199;2018-01-31;FRC;N20;;;1;100;29489462.0;;;3.15;3.15;3.15;3.15;3.15;3.14;0.0;0.0
97606;544200;2018-01-31;FRC;V20;;;1;100;29203219.0;;;3.2;3.2;3.2;3.2;3.2;3.2;0.0;0.0
97607;544201;2018-01-31;FRC;F21;;;12;1270;367229957.0;;;3.28;3.28;3.3;3.28;3.3;3.28;0.0;0.0
97608;544202;2018-01-31;FRC;J21;;;0;0;0.0;;;0.0;0.0;0.0;0.0;0.0;3.34;0.0;0.0
97609;544203;2018-01-31;FRC;N21;;;0;0;0.0;;;0.0;0.0;0.0;0.0;0.0;3.39;0.0;0.0
97610;544204;2018-01-31;FRC;V21;;;0;0;0.0;;;0.0;0.0;0.0;0.0;0.0;3.43;0.0;0.0
97611;544205;2018-01-31;FRC;F22;;;4;400;111570069.0;;;3.5;3.5;3.5;3.5;3.5;3.5;0.0;0.0
97612;544206;2018-01-31;FRC;J22;;;0;0;0.0;;;0.0;0.0;0.0;0.0;0.0;3.57;0.0;0.0
97613;544207;2018-01-31;FRC;N22;;;0;0;0.0;;;0.0;0.0;0.0;0.0;0.0;3.58;0.0;0.0
97614;544208;2018-01-31;FRC;V22;;;5;500;135933445.0;;;3.63;3.63;3.63;3.63;3.63;3.63;0.0;0.0
97615;544209;2018-01-31;FRC;F23;;;18;3160;848572504.0;;;3.6;3.6;3.7;3.68;3.69;3.7;0.0;0.0
97616;544210;2018-01-31;FRC;N23;;;0;0;0.0;;;0.0;0.0;0.0;0.0;0.0;3.82;0.0;0.0
97617;544211;2018-01-31;FRC;F24;;;0;0;0.0;;;0.0;0.0;0.0;0.0;0.0;3.89;0.0;0.0
97618;544212;2018-01-31;FRC;N24;;;0;0;0.0;;;0.0;0.0;0.0;0.0;0.0;3.95;0.0;0.0
97619;544213;2018-01-31;FRC;F25;;;7;670;166092448.0;;;3.92;3.92;4.04;4.01;4.04;4.04;0.0;0.0
97620;544214;2018-01-31;FRC;F26;;;2;300;71851460.0;;;4.09;4.09;4.09;4.09;4.09;4.2;0.0;0.0
97621;544215;2018-01-31;FRC;F27;;;0;0;0.0;;;0.0;0.0;0.0;0.0;0.0;4.33;0.0;0.0
97622;544216;2018-01-31;FRC;F28;;;0;0;0.0;;;0.0;0.0;0.0;0.0;0.0;4.47;0.0;0.0
97623;544217;2018-01-31;FRC;F29;;;0;0;0.0;;;0.0;0.0;0.0;0.0;0.0;4.68;0.0;0.0
97624;544218;2018-01-31;FRC;F30;;;0;0;0.0;;;0.0;0.0;0.0;0.0;0.0;4.74;0.0;0.0
97625;544393;2018-02-01;FRC;J18;;;58;40980;12932468377.0;;;2.34;2.3;2.34;2.31;2.31;2.31;0.0;0.0
97626;544394;2018-02-01;FRC;K18;;;6;3070;966965415.0;;;2.36;2.31;2.36;2.31;2.31;2.31;0.0;0.0
97627;544395;2018-02-01;FRC;M18;;;1;100;31365722.0;;;2.41;2.41;2.41;2.41;2.41;2.39;0.0;0.0
97628;544396;2018-02-01;FRC;N18;;;3;170;53380474.0;;;2.38;2.38;2.39;2.38;2.38;2.36;0.0;0.0
97629;544397;2018-02-01;FRC;Q18;;;4;620;194097768.0;;;2.44;2.42;2.44;2.42;2.43;2.43;0.0;0.0
97630;544398;2018-02-01;FRC;U18;;;1;100;31267495.0;;;2.42;2.42;2.42;2.42;2.42;2.42;0.0;0.0
97631;544399;2018-02-01;FRC;V18;;;6;1350;420861145.0;;;2.51;2.51;2.53;2.52;2.53;2.53;0.0;0.0
97632;544400;2018-02-01;FRC;X18;;;1;100;31025313.0;;;2.62;2.62;2.62;2.62;2.62;2.62;0.0;0.0
97633;544401;2018-02-01;FRC;Z18;;;2;200;61982547.0;;;2.61;2.61;2.61;2.61;2.61;2.61;0.0;0.0
97634;544402;2018-02-01;FRC;F19;;;26;6690;2068853384.0;;;2.65;2.65;2.69;2.67;2.69;2.69;0.0;0.0
97635;544403;2018-02-01;FRC;G19;;;0;0;0.0;;;0.0;0.0;0.0;0.0;0.0;2.75;0.0;0.0
97636;544404;2018-02-01;FRC;J19;;;8;710;217818834.0;;;2.75;2.75;2.79;2.78;2.79;2.79;0.0;0.0
97637;544405;2018-02-01;FRC;N19;;;0;0;0.0;;;0.0;0.0;0.0;0.0;0.0;2.87;0.0;0.0
97638;544406;2018-02-01;FRC;V19;;;1;80;24094932.0;;;2.91;2.91;2.91;2.91;2.91;2.95;0.0;0.0
97639;544407;2018-02-01;FRC;F20;;;15;7290;2181243565.0;;;3.02;3.02;3.07;3.04;3.07;3.06;0.0;0.0
97640;544408;2018-02-01;FRC;J20;;;0;0;0.0;;;0.0;0.0;0.0;0.0;0.0;3.12;0.0;0.0
97641;544409;2018-02-01;FRC;N20;;;7;1760;517790817.0;;;3.14;3.14;3.17;3.15;3.17;3.17;0.0;0.0
97642;544410;2018-02-01;FRC;V20;;;2;20;5761520.0;;;3.2;3.2;3.2;3.2;3.2;3.24;0.0;0.0
97643;544411;2018-02-01;FRC;F21;;;10;2540;732985543.0;;;3.28;3.27;3.34;3.29;3.34;3.34;0.0;0.0
97644;544412;2018-02-01;FRC;J21;;;0;0;0.0;;;0.0;0.0;0.0;0.0;0.0;3.4;0.0;0.0
97645;544413;2018-02-01;FRC;N21;;;0;0;0.0;;;0.0;0.0;0.0;0.0;0.0;3.45;0.0;0.0
97646;544414;2018-02-01;FRC;V21;;;0;0;0.0;;;0.0;0.0;0.0;0.0;0.0;3.49;0.0;0.0
97647;544415;2018-02-01;FRC;F22;;;2;130;36257370.0;;;3.5;3.5;3.5;3.5;3.5;3.56;0.0;0.0
97648;544416;2018-02-01;FRC;J22;;;0;0;0.0;;;0.0;0.0;0.0;0.0;0.0;3.63;0.0;0.0
97649;544417;2018-02-01;FRC;N22;;;0;0;0.0;;;0.0;0.0;0.0;0.0;0.0;3.65;0.0;0.0
97650;544418;2018-02-01;FRC;V22;;;0;0;0.0;;;0.0;0.0;0.0;0.0;0.0;3.68;0.0;0.0
97651;544419;2018-02-01;FRC;F23;;;12;1630;435954581.0;;;3.7;3.7;3.73;3.71;3.73;3.73;0.0;0.0
97652;544420;2018-02-01;FRC;N23;;;0;0;0.0;;;0.0;0.0;0.0;0.0;0.0;3.85;0.0;0.0
97653;544421;2018-02-01;FRC;F24;;;2;20;5097843.0;;;3.89;3.89;3.89;3.89;3.89;3.91;0.0;0.0
97654;544422;2018-02-01;FRC;N24;;;0;0;0.0;;;0.0;0.0;0.0;0.0;0.0;3.97;0.0;0.0
97655;544423;2018-02-01;FRC;F25;;;7;540;133165336.0;;;4.04;4.04;4.05;4.04;4.05;4.05;0.0;0.0
97656;544424;2018-02-01;FRC;F26;;;0;0;0.0;;;0.0;0.0;0.0;0.0;0.0;4.2;0.0;0.0
97657;544425;2018-02-01;FRC;F27;;;2;200;45481277.0;;;4.36;4.36;4.36;4.36;4.36;4.35;0.0;0.0
97658;544426;2018-02-01;FRC;F28;;;0;0;0.0;;;0.0;0.0;0.0;0.0;0.0;4.49;0.0;0.0
97659;544427;2018-02-01;FRC;F29;;;0;0;0.0;;;0.0;0.0;0.0;0.0;0.0;4.7;0.0;0.0
97660;544428;2018-02-01;FRC;F30;;;0;0;0.0;;;0.0;0.0;0.0;0.0;0.0;4.76;0.0;0.0
97661;544600;2018-02-02;FRC;J18;;;44;71760;22849365539.0;;;2.27;2.22;2.27;2.22;2.23;2.23;0.0;0.0
97662;544601;2018-02-02;FRC;K18;;;11;13660;4341143295.0;;;2.3;2.28;2.3;2.28;2.28;2.28;0.0;0.0
97663;544602;2018-02-02;FRC;M18;;;8;3900;1236648826.0;;;2.4;2.37;2.4;2.37;2.38;2.37;0.0;0.0
97664;544603;2018-02-02;FRC;N18;;;28;6640;2101365057.0;;;2.4;2.38;2.42;2.38;2.38;2.38;0.0;0.0
97665;544604;2018-02-02;FRC;Q18;;;6;1220;385309617.0;;;2.43;2.43;2.43;2.43;2.43;2.43;0.0;0.0
97666;544605;2018-02-02;FRC;U18;;;0;0;0.0;;;0.0;0.0;0.0;0.0;0.0;2.43;0.0;0.0
97667;544606;2018-02-02;FRC;V18;;;32;14500;4558642205.0;;;2.55;2.55;2.55;2.55;2.55;2.55;0.0;0.0
97668;544607;2018-02-02;FRC;X18;;;2;900;282028456.0;;;2.63;2.63;2.63;2.63;2.63;2.63;0.0;0.0
97669;544608;2018-02-02;FRC;Z18;;;1;3700;1157068574.0;;;2.61;2.61;2.61;2.61;2.61;2.64;0.0;0.0
97670;544609;2018-02-02;FRC;F19;;;53;18900;5892140001.0;;;2.73;2.73;2.75;2.73;2.75;2.73;0.0;0.0
97671;544610;2018-02-02;FRC;G19;;;0;0;0.0;;;0.0;0.0;0.0;0.0;0.0;2.79;0.0;0.0
97672;544611;2018-02-02;FRC;J19;;;2;400;123754676.0;;;2.83;2.83;2.83;2.83;2.83;2.83;0.0;0.0
97673;544612;2018-02-02;FRC;N19;;;4;2600;798079282.0;;;2.89;2.89;2.9;2.9;2.9;2.89;0.0;0.0
97674;544613;2018-02-02;FRC;V19;;;6;1500;456133506.0;;;2.99;2.99;3.0;2.99;3.0;2.99;0.0;0.0
97675;544614;2018-02-02;FRC;F20;;;25;30850;9302199957.0;;;3.06;3.06;3.15;3.09;3.15;3.15;0.0;0.0
97676;544615;2018-02-02;FRC;J20;;;2;1060;317103937.0;;;3.12;3.12;3.12;3.12;3.12;3.21;0.0;0.0
97677;544616;2018-02-02;FRC;N20;;;17;19560;5799415666.0;;;3.17;3.17;3.27;3.19;3.27;3.27;0.0;0.0
97678;544617;2018-02-02;FRC;V20;;;1;500;146776153.0;;;3.28;3.28;3.28;3.28;3.28;3.34;0.0;0.0
97679;544618;2018-02-02;FRC;F21;;;10;3430;995930096.0;;;3.34;3.34;3.44;3.41;3.44;3.44;0.0;0.0
97680;544619;2018-02-02;FRC;J21;;;0;0;0.0;;;0.0;0.0;0.0;0.0;0.0;3.5;0.0;0.0
97681;544620;2018-02-02;FRC;N21;;;0;0;0.0;;;0.0;0.0;0.0;0.0;0.0;3.56;0.0;0.0
97682;544621;2018-02-02;FRC;V21;;;0;0;0.0;;;0.0;0.0;0.0;0.0;0.0;3.6;0.0;0.0
97683;544622;2018-02-02;FRC;F22;;;9;900;250362378.0;;;3.68;3.68;3.68;3.68;3.68;3.68;0.0;0.0
97684;544623;2018-02-02;FRC;J22;;;0;0;0.0;;;0.0;0.0;0.0;0.0;0.0;3.75;0.0;0.0
97685;544624;2018-02-02;FRC;N22;;;0;0;0.0;;;0.0;0.0;0.0;0.0;0.0;3.78;0.0;0.0
97686;544625;2018-02-02;FRC;V22;;;0;0;0.0;;;0.0;0.0;0.0;0.0;0.0;3.82;0.0;0.0
97687;544626;2018-02-02;FRC;F23;;;23;3650;980257362.0;;;3.73;3.73;3.87;3.8;3.87;3.87;0.0;0.0
97688;544627;2018-02-02;FRC;N23;;;1;100;26401455.0;;;3.9;3.9;3.9;3.9;3.9;3.98;0.0;0.0
97689;544628;2018-02-02;FRC;F24;;;6;1900;491289559.0;;;3.91;3.91;4.03;3.94;4.03;4.03;0.0;0.0
97690;544629;2018-02-02;FRC;N24;;;0;0;0.0;;;0.0;0.0;0.0;0.0;0.0;4.09;0.0;0.0
97691;544630;2018-02-02;FRC;F25;;;2;200;49610834.0;;;4.17;4.17;4.17;4.17;4.17;4.17;0.0;0.0
97692;544631;2018-02-02;FRC;F26;;;1;100;23660716.0;;;4.33;4.33;4.33;4.33;4.33;4.33;0.0;0.0
97693;544632;2018-02-02;FRC;F27;;;5;500;113585756.0;;;4.45;4.45;4.45;4.45;4.45;4.45;0.0;0.0
97694;544633;2018-02-02;FRC;F28;;;1;100;21946193.0;;;4.58;4.58;4.58;4.58;4.58;4.58;0.0;0.0
97695;544634;2018-02-02;FRC;F29;;;0;0;0.0;;;0.0;0.0;0.0;0.0;0.0;4.79;0.0;0.0
97696;544635;2018-02-02;FRC;F30;;;0;0;0.0;;;0.0;0.0;0.0;0.0;0.0;4.85;0.0;0.0
97697;544806;2018-02-05;FRC;J18;;;25;50500;16223218357.0;;;2.23;2.18;2.23;2.2;2.21;2.21;0.0;0.0
97698;544807;2018-02-05;FRC;K18;;;10;5400;1731240396.0;;;2.28;2.25;2.28;2.26;2.25;2.27;0.0;0.0
97699;544808;2018-02-05;FRC;M18;;;3;600;191900794.0;;;2.36;2.36;2.36;2.36;2.36;2.36;0.0;0.0
97700;544809;2018-02-05;FRC;N18;;;7;4200;1341163155.0;;;2.35;2.35;2.38;2.35;2.35;2.35;0.0;0.0
97701;544810;2018-02-05;FRC;Q18;;;0;0;0.0;;;0.0;0.0;0.0;0.0;0.0;2.41;0.0;0.0
97702;544811;2018-02-05;FRC;U18;;;13;3750;1192293412.0;;;2.44;2.42;2.44;2.43;2.42;2.42;0.0;0.0
97703;544812;2018-02-05;FRC;V18;;;16;8300;2632470161.0;;;2.55;2.55;2.55;2.55;2.55;2.55;0.0;0.0
97704;544813;2018-02-05;FRC;X18;;;1;100;31580885.0;;;2.62;2.62;2.62;2.62;2.62;2.62;0.0;0.0
97705;544814;2018-02-05;FRC;Z18;;;3;500;157706022.0;;;2.65;2.65;2.65;2.65;2.65;2.65;0.0;0.0
97706;544815;2018-02-05;FRC;F19;;;33;22870;7193948383.0;;;2.73;2.71;2.74;2.71;2.71;2.71;0.0;0.0
97707;544816;2018-02-05;FRC;G19;;;8;2400;752774892.0;;;2.74;2.74;2.74;2.74;2.74;2.74;0.0;0.0
97708;544817;2018-02-05;FRC;J19;;;0;0;0.0;;;0.0;0.0;0.0;0.0;0.0;2.81;0.0;0.0
97709;544818;2018-02-05;FRC;N19;;;0;0;0.0;;;0.0;0.0;0.0;0.0;0.0;2.91;0.0;0.0
97710;544819;2018-02-05;FRC;V19;;;8;800;245109428.0;;;2.99;2.99;2.99;2.99;2.99;2.99;0.0;0.0
97711;544820;2018-02-05;FRC;F20;;;24;11700;3554707307.0;;;3.15;3.15;3.17;3.15;3.17;3.17;0.0;0.0
97712;544821;2018-02-05;FRC;J20;;;0;0;0.0;;;0.0;0.0;0.0;0.0;0.0;3.23;0.0;0.0
97713;544822;2018-02-05;FRC;N20;;;1;200;59780245.0;;;3.29;3.29;3.29;3.29;3.29;3.29;0.0;0.0
97714;544823;2018-02-05;FRC;V20;;;0;0;0.0;;;0.0;0.0;0.0;0.0;0.0;3.36;0.0;0.0
97715;544824;2018-02-05;FRC;F21;;;8;2200;644072201.0;;;3.43;3.43;3.46;3.44;3.46;3.46;0.0;0.0
97716;544825;2018-02-05;FRC;J21;;;0;0;0.0;;;0.0;0.0;0.0;0.0;0.0;3.52;0.0;0.0
97717;544826;2018-02-05;FRC;N21;;;0;0;0.0;;;0.0;0.0;0.0;0.0;0.0;3.58;0.0;0.0
97718;544827;2018-02-05;FRC;V21;;;0;0;0.0;;;0.0;0.0;0.0;0.0;0.0;3.62;0.0;0.0
97719;544828;2018-02-05;FRC;F22;;;7;700;196433259.0;;;3.69;3.69;3.69;3.69;3.69;3.69;0.0;0.0
97720;544829;2018-02-05;FRC;J22;;;0;0;0.0;;;0.0;0.0;0.0;0.0;0.0;3.76;0.0;0.0
97721;544830;2018-02-05;FRC;N22;;;0;0;0.0;;;0.0;0.0;0.0;0.0;0.0;3.78;0.0;0.0
97722;544831;2018-02-05;FRC;V22;;;0;0;0.0;;;0.0;0.0;0.0;0.0;0.0;3.81;0.0;0.0
97723;544832;2018-02-05;FRC;F23;;;18;3600;973489820.0;;;3.87;3.86;3.88;3.86;3.86;3.86;0.0;0.0
97724;544833;2018-02-05;FRC;N23;;;0;0;0.0;;;0.0;0.0;0.0;0.0;0.0;3.97;0.0;0.0
97725;544834;2018-02-05;FRC;F24;;;2;200;52052186.0;;;4.02;4.02;4.02;4.02;4.02;4.02;0.0;0.0
97726;544835;2018-02-05;FRC;N24;;;0;0;0.0;;;0.0;0.0;0.0;0.0;0.0;4.09;0.0;0.0
97727;544836;2018-02-05;FRC;F25;;;2;200;50040473.0;;;4.18;4.18;4.18;4.18;4.18;4.18;0.0;0.0
97728;544837;2018-02-05;FRC;F26;;;1;100;23858093.0;;;4.35;4.35;4.35;4.35;4.35;4.35;0.0;0.0
97729;544838;2018-02-05;FRC;F27;;;2;200;45796329.0;;;4.48;4.48;4.48;4.48;4.48;4.48;0.0;0.0
97730;544839;2018-02-05;FRC;F28;;;0;0;0.0;;;0.0;0.0;0.0;0.0;0.0;4.61;0.0;0.0
97731;544840;2018-02-05;FRC;F29;;;0;0;0.0;;;0.0;0.0;0.0;0.0;0.0;4.82;0.0;0.0
97732;544841;2018-02-05;FRC;F30;;;0;0;0.0;;;0.0;0.0;0.0;0.0;0.0;4.88;0.0;0.0
97733;545012;2018-02-06;FRC;J18;;;27;36140;11668013289.0;;;2.18;2.18;2.22;2.19;2.22;2.21;0.0;0.0
97734;545013;2018-02-06;FRC;K18;;;8;6100;1965596962.0;;;2.26;2.26;2.26;2.26;2.26;2.26;0.0;0.0
97735;545014;2018-02-06;FRC;M18;;;8;3000;964628012.0;;;2.36;2.36;2.36;2.36;2.36;2.36;0.0;0.0
97736;545015;2018-02-06;FRC;N18;;;8;3000;962695055.0;;;2.35;2.35;2.36;2.35;2.36;2.36;0.0;0.0
97737;545016;2018-02-06;FRC;Q18;;;0;0;0.0;;;0.0;0.0;0.0;0.0;0.0;2.42;0.0;0.0
97738;545017;2018-02-06;FRC;U18;;;1;100;31984573.0;;;2.44;2.44;2.44;2.44;2.44;2.44;0.0;0.0
97739;545018;2018-02-06;FRC;V18;;;13;3700;1179601877.0;;;2.56;2.56;2.56;2.56;2.56;2.56;0.0;0.0
97740;545019;2018-02-06;FRC;X18;;;0;0;0.0;;;0.0;0.0;0.0;0.0;0.0;2.63;0.0;0.0
97741;545020;2018-02-06;FRC;Z18;;;4;500;158488801.0;;;2.66;2.66;2.66;2.66;2.66;2.66;0.0;0.0
97742;545021;2018-02-06;FRC;F19;;;21;16500;5215829467.0;;;2.72;2.71;2.72;2.71;2.71;2.71;0.0;0.0
97743;545022;2018-02-06;FRC;G19;;;7;1300;409565313.0;;;2.74;2.74;2.74;2.74;2.74;2.74;0.0;0.0
97744;545023;2018-02-06;FRC;J19;;;0;0;0.0;;;0.0;0.0;0.0;0.0;0.0;2.82;0.0;0.0
97745;545024;2018-02-06;FRC;N19;;;5;500;155399732.0;;;2.93;2.93;2.93;2.93;2.93;2.93;0.0;0.0
97746;545025;2018-02-06;FRC;V19;;;2;500;154249043.0;;;3.02;3.02;3.02;3.02;3.02;3.02;0.0;0.0
97747;545026;2018-02-06;FRC;F20;;;36;14300;4364853597.0;;;3.19;3.19;3.19;3.19;3.19;3.19;0.0;0.0
97748;545027;2018-02-06;FRC;J20;;;0;0;0.0;;;0.0;0.0;0.0;0.0;0.0;3.25;0.0;0.0
97749;545028;2018-02-06;FRC;N20;;;8;1300;389898963.0;;;3.32;3.32;3.32;3.32;3.32;3.32;0.0;0.0
97750;545029;2018-02-06;FRC;V20;;;1;100;29721790.0;;;3.4;3.4;3.4;3.4;3.4;3.4;0.0;0.0
97751;545030;2018-02-06;FRC;F21;;;9;990;290993907.0;;;3.48;3.47;3.48;3.48;3.48;3.48;0.0;0.0
97752;545031;2018-02-06;FRC;J21;;;0;0;0.0;;;0.0;0.0;0.0;0.0;0.0;3.56;0.0;0.0
97753;545032;2018-02-06;FRC;N21;;;0;0;0.0;;;0.0;0.0;0.0;0.0;0.0;3.64;0.0;0.0
97754;545033;2018-02-06;FRC;V21;;;0;0;0.0;;;0.0;0.0;0.0;0.0;0.0;3.66;0.0;0.0
97755;545034;2018-02-06;FRC;F22;;;1;100;28193081.0;;;3.71;3.71;3.71;3.71;3.71;3.71;0.0;0.0
97756;545035;2018-02-06;FRC;J22;;;0;0;0.0;;;0.0;0.0;0.0;0.0;0.0;3.79;0.0;0.0
97757;545036;2018-02-06;FRC;N22;;;0;0;0.0;;;0.0;0.0;0.0;0.0;0.0;3.82;0.0;0.0
97758;545037;2018-02-06;FRC;V22;;;0;0;0.0;;;0.0;0.0;0.0;0.0;0.0;3.86;0.0;0.0
97759;545038;2018-02-06;FRC;F23;;;15;3100;843192338.0;;;3.86;3.83;3.88;3.84;3.88;3.87;0.0;0.0
97760;545039;2018-02-06;FRC;N23;;;0;0;0.0;;;0.0;0.0;0.0;0.0;0.0;3.98;0.0;0.0
97761;545040;2018-02-06;FRC;F24;;;0;0;0.0;;;0.0;0.0;0.0;0.0;0.0;4.03;0.0;0.0
97762;545041;2018-02-06;FRC;N24;;;0;0;0.0;;;0.0;0.0;0.0;0.0;0.0;4.1;0.0;0.0
97763;545042;2018-02-06;FRC;F25;;;3;300;74929761.0;;;4.19;4.19;4.19;4.19;4.19;4.19;0.0;0.0
97764;545043;2018-02-06;FRC;F26;;;0;0;0.0;;;0.0;0.0;0.0;0.0;0.0;4.35;0.0;0.0
97765;545044;2018-02-06;FRC;F27;;;0;0;0.0;;;0.0;0.0;0.0;0.0;0.0;4.47;0.0;0.0
97766;545045;2018-02-06;FRC;F28;;;1;100;22237591.0;;;4.6;4.6;4.6;4.6;4.6;4.6;0.0;0.0
97767;545046;2018-02-06;FRC;F29;;;0;0;0.0;;;0.0;0.0;0.0;0.0;0.0;4.81;0.0;0.0
97768;545047;2018-02-06;FRC;F30;;;0;0;0.0;;;0.0;0.0;0.0;0.0;0.0;4.87;0.0;0.0
97769;545218;2018-02-07;FRC;J18;;;96;83360;27145962753.0;;;2.21;2.2;2.25;2.21;2.25;2.24;0.0;0.0
97770;545219;2018-02-07;FRC;K18;;;17;12200;3965095353.0;;;2.29;2.28;2.29;2.28;2.28;2.28;0.0;0.0
97771;545220;2018-02-07;FRC;M18;;;13;4000;1297037151.0;;;2.38;2.38;2.38;2.38;2.38;2.38;0.0;0.0
97772;545221;2018-02-07;FRC;N18;;;9;2500;808948403.0;;;2.38;2.38;2.38;2.38;2.38;2.38;0.0;0.0
97773;545222;2018-02-07;FRC;Q18;;;5;830;268095019.0;;;2.45;2.45;2.45;2.45;2.45;2.45;0.0;0.0
97774;545223;2018-02-07;FRC;U18;;;11;1900;611759802.0;;;2.46;2.46;2.46;2.46;2.46;2.46;0.0;0.0
97775;545224;2018-02-07;FRC;V18;;;19;9500;3051880367.0;;;2.58;2.58;2.6;2.59;2.6;2.6;0.0;0.0
97776;545225;2018-02-07;FRC;X18;;;6;1000;320240494.0;;;2.66;2.66;2.66;2.66;2.66;2.66;0.0;0.0
97777;545226;2018-02-07;FRC;Z18;;;2;400;127856935.0;;;2.71;2.71;2.71;2.71;2.71;2.71;0.0;0.0
97778;545227;2018-02-07;FRC;F19;;;31;13970;4452336673.0;;;2.71;2.71;2.78;2.75;2.78;2.77;0.0;0.0
97779;545228;2018-02-07;FRC;G19;;;0;0;0.0;;;0.0;0.0;0.0;0.0;0.0;2.8;0.0;0.0
97780;545229;2018-02-07;FRC;J19;;;4;1500;474318085.0;;;2.88;2.88;2.88;2.88;2.88;2.88;0.0;0.0
97781;545230;2018-02-07;FRC;N19;;;2;200;62674065.0;;;2.98;2.98;2.98;2.98;2.98;2.98;0.0;0.0
97782;545231;2018-02-07;FRC;V19;;;18;3520;1092949055.0;;;3.18;3.09;3.18;3.11;3.09;3.1;0.0;0.0
97783;545232;2018-02-07;FRC;F20;;;17;6110;1879756087.0;;;3.18;3.18;3.23;3.21;3.23;3.23;0.0;0.0
97784;545233;2018-02-07;FRC;J20;;;0;0;0.0;;;0.0;0.0;0.0;0.0;0.0;3.31;0.0;0.0
97785;545234;2018-02-07;FRC;N20;;;4;400;121045252.0;;;3.4;3.4;3.4;3.4;3.4;3.4;0.0;0.0
97786;545235;2018-02-07;FRC;V20;;;0;0;0.0;;;0.0;0.0;0.0;0.0;0.0;3.48;0.0;0.0
97787;545236;2018-02-07;FRC;F21;;;10;1610;476590214.0;;;3.55;3.54;3.55;3.54;3.55;3.55;0.0;0.0
97788;545237;2018-02-07;FRC;J21;;;0;0;0.0;;;0.0;0.0;0.0;0.0;0.0;3.63;0.0;0.0
97789;545238;2018-02-07;FRC;N21;;;0;0;0.0;;;0.0;0.0;0.0;0.0;0.0;3.71;0.0;0.0
97790;545239;2018-02-07;FRC;V21;;;0;0;0.0;;;0.0;0.0;0.0;0.0;0.0;3.73;0.0;0.0
97791;545240;2018-02-07;FRC;F22;;;7;800;227253399.0;;;3.77;3.77;3.77;3.77;3.77;3.77;0.0;0.0
97792;545241;2018-02-07;FRC;J22;;;0;0;0.0;;;0.0;0.0;0.0;0.0;0.0;3.85;0.0;0.0
97793;545242;2018-02-07;FRC;N22;;;0;0;0.0;;;0.0;0.0;0.0;0.0;0.0;3.87;0.0;0.0
97794;545243;2018-02-07;FRC;V22;;;0;0;0.0;;;0.0;0.0;0.0;0.0;0.0;3.9;0.0;0.0
97795;545244;2018-02-07;FRC;F23;;;16;2820;771710730.0;;;3.87;3.87;3.91;3.9;3.91;3.91;0.0;0.0
97796;545245;2018-02-07;FRC;N23;;;2;120;32252659.0;;;3.97;3.97;3.97;3.97;3.97;4.03;0.0;0.0
97797;545246;2018-02-07;FRC;F24;;;2;300;78686039.0;;;4.09;4.09;4.09;4.09;4.09;4.09;0.0;0.0
97798;545247;2018-02-07;FRC;N24;;;0;0;0.0;;;0.0;0.0;0.0;0.0;0.0;4.16;0.0;0.0
97799;545248;2018-02-07;FRC;F25;;;5;500;125755112.0;;;4.25;4.25;4.25;4.25;4.25;4.25;0.0;0.0
97800;545249;2018-02-07;FRC;F26;;;2;200;48311721.0;;;4.39;4.39;4.39;4.39;4.39;4.4;0.0;0.0
97801;545250;2018-02-07;FRC;F27;;;4;600;139298169.0;;;4.51;4.51;4.51;4.51;4.51;4.51;0.0;0.0
97802;545251;2018-02-07;FRC;F28;;;5;500;111214583.0;;;4.63;4.63;4.63;4.63;4.63;4.63;0.0;0.0
97803;545252;2018-02-07;FRC;F29;;;0;0;0.0;;;0.0;0.0;0.0;0.0;0.0;4.84;0.0;0.0
97804;545253;2018-02-07;FRC;F30;;;0;0;0.0;;;0.0;0.0;0.0;0.0;0.0;4.9;0.0;0.0
97805;545424;2018-02-08;FRC;J18;;;94;59030;19258877557.0;;;2.27;2.27;2.3;2.3;2.3;2.3;0.0;0.0
97806;545425;2018-02-08;FRC;K18;;;11;3600;1172389561.0;;;2.34;2.34;2.34;2.34;2.34;2.34;0.0;0.0
97807;545426;2018-02-08;FRC;M18;;;6;1110;360591217.0;;;2.42;2.42;2.44;2.44;2.44;2.44;0.0;0.0
97808;545427;2018-02-08;FRC;N18;;;7;3100;1005118853.0;;;2.44;2.44;2.44;2.44;2.44;2.44;0.0;0.0
97809;545428;2018-02-08;FRC;Q18;;;0;0;0.0;;;0.0;0.0;0.0;0.0;0.0;2.51;0.0;0.0
97810;545429;2018-02-08;FRC;U18;;;0;0;0.0;;;0.0;0.0;0.0;0.0;0.0;2.53;0.0;0.0
97811;545430;2018-02-08;FRC;V18;;;5;2000;643424700.0;;;2.67;2.67;2.67;2.67;2.67;2.67;0.0;0.0
97812;545431;2018-02-08;FRC;X18;;;6;1600;513328390.0;;;2.73;2.73;2.73;2.73;2.73;2.73;0.0;0.0
97813;545432;2018-02-08;FRC;Z18;;;2;150;48025434.0;;;2.79;2.79;2.79;2.79;2.79;2.79;0.0;0.0
97814;545433;2018-02-08;FRC;F19;;;24;8100;2584533785.0;;;2.78;2.77;2.86;2.85;2.86;2.86;0.0;0.0
97815;545434;2018-02-08;FRC;G19;;;1;100;31763578.0;;;2.9;2.9;2.9;2.9;2.9;2.9;0.0;0.0
97816;545435;2018-02-08;FRC;J19;;;1;520;164764036.0;;;2.86;2.86;2.86;2.86;2.86;2.97;0.0;0.0
97817;545436;2018-02-08;FRC;N19;;;4;400;125527472.0;;;3.06;3.06;3.06;3.06;3.06;3.06;0.0;0.0
97818;545437;2018-02-08;FRC;V19;;;6;600;186446352.0;;;3.17;3.17;3.17;3.17;3.17;3.17;0.0;0.0
97819;545438;2018-02-08;FRC;F20;;;7;900;276802365.0;;;3.3;3.28;3.3;3.3;3.28;3.3;0.0;0.0
97820;545439;2018-02-08;FRC;J20;;;3;500;152583665.0;;;3.37;3.37;3.37;3.37;3.37;3.37;0.0;0.0
97821;545440;2018-02-08;FRC;N20;;;2;200;60266642.0;;;3.47;3.47;3.47;3.47;3.47;3.47;0.0;0.0
97822;545441;2018-02-08;FRC;V20;;;1;60;17974157.0;;;3.47;3.47;3.47;3.47;3.47;3.55;0.0;0.0
97823;545442;2018-02-08;FRC;F21;;;8;2250;666146641.0;;;3.61;3.61;3.61;3.61;3.61;3.61;0.0;0.0
97824;545443;2018-02-08;FRC;J21;;;0;0;0.0;;;0.0;0.0;0.0;0.0;0.0;3.68;0.0;0.0
97825;545444;2018-02-08;FRC;N21;;;7;3950;1148990607.0;;;3.65;3.65;3.68;3.65;3.68;3.75;0.0;0.0
97826;545445;2018-02-08;FRC;V21;;;0;0;0.0;;;0.0;0.0;0.0;0.0;0.0;3.77;0.0;0.0
97827;545446;2018-02-08;FRC;F22;;;9;1180;336022720.0;;;3.77;3.77;3.8;3.78;3.78;3.8;0.0;0.0
97828;545447;2018-02-08;FRC;J22;;;0;0;0.0;;;0.0;0.0;0.0;0.0;0.0;3.88;0.0;0.0
97829;545448;2018-02-08;FRC;N22;;;3;220;61454296.0;;;3.86;3.86;3.86;3.86;3.86;3.9;0.0;0.0
97830;545449;2018-02-08;FRC;V22;;;2;120;33097857.0;;;3.9;3.9;3.9;3.9;3.9;3.92;0.0;0.0
97831;545450;2018-02-08;FRC;F23;;;17;3000;822556819.0;;;3.91;3.91;3.93;3.91;3.93;3.93;0.0;0.0
97832;545451;2018-02-08;FRC;N23;;;1;200;53636597.0;;;4.02;4.02;4.02;4.02;4.02;4.04;0.0;0.0
97833;545452;2018-02-08;FRC;F24;;;0;0;0.0;;;0.0;0.0;0.0;0.0;0.0;4.09;0.0;0.0
97834;545453;2018-02-08;FRC;N24;;;0;0;0.0;;;0.0;0.0;0.0;0.0;0.0;4.16;0.0;0.0
97835;545454;2018-02-08;FRC;F25;;;3;220;55386166.0;;;4.27;4.24;4.27;4.24;4.24;4.24;0.0;0.0
97836;545455;2018-02-08;FRC;F26;;;0;0;0.0;;;0.0;0.0;0.0;0.0;0.0;4.4;0.0;0.0
97837;545456;2018-02-08;FRC;F27;;;1;100;23227405.0;;;4.52;4.52;4.52;4.52;4.52;4.52;0.0;0.0
97838;545457;2018-02-08;FRC;F28;;;0;0;0.0;;;0.0;0.0;0.0;0.0;0.0;4.64;0.0;0.0
97839;545458;2018-02-08;FRC;F29;;;0;0;0.0;;;0.0;0.0;0.0;0.0;0.0;4.85;0.0;0.0
97840;545459;2018-02-08;FRC;F30;;;0;0;0.0;;;0.0;0.0;0.0;0.0;0.0;4.91;0.0;0.0
97841;545630;2018-02-09;FRC;J18;;;63;58740;19274704229.0;;;2.27;2.25;2.31;2.28;2.25;2.31;0.0;0.0
97842;545631;2018-02-09;FRC;K18;;;2;140;45937608.0;;;2.34;2.34;2.37;2.35;2.37;2.37;0.0;0.0
97843;545632;2018-02-09;FRC;M18;;;7;3310;1081579690.0;;;2.44;2.44;2.48;2.45;2.48;2.46;0.0;0.0
97844;545633;2018-02-09;FRC;N18;;;11;6510;2122917900.0;;;2.43;2.43;2.47;2.45;2.47;2.46;0.0;0.0
97845;545634;2018-02-09;FRC;Q18;;;0;0;0.0;;;0.0;0.0;0.0;0.0;0.0;2.54;0.0;0.0
97846;545635;2018-02-09;FRC;U18;;;8;1700;551781376.0;;;2.58;2.58;2.58;2.58;2.58;2.58;0.0;0.0
97847;545636;2018-02-09;FRC;V18;;;15;22070;7141961152.0;;;2.67;2.66;2.72;2.66;2.72;2.72;0.0;0.0
97848;545637;2018-02-09;FRC;X18;;;7;3300;1064416535.0;;;2.79;2.79;2.79;2.79;2.79;2.79;0.0;0.0
97849;545638;2018-02-09;FRC;Z18;;;0;0;0.0;;;0.0;0.0;0.0;0.0;0.0;2.84;0.0;0.0
97850;545639;2018-02-09;FRC;F19;;;41;40570;13018384133.0;;;2.88;2.85;2.91;2.87;2.9;2.91;0.0;0.0
97851;545640;2018-02-09;FRC;G19;;;0;0;0.0;;;0.0;0.0;0.0;0.0;0.0;2.95;0.0;0.0
97852;545641;2018-02-09;FRC;J19;;;1;3000;955056092.0;;;2.96;2.96;2.96;2.96;2.96;3.02;0.0;0.0
97853;545642;2018-02-09;FRC;N19;;;6;600;189324491.0;;;3.1;3.1;3.1;3.1;3.1;3.1;0.0;0.0
97854;545643;2018-02-09;FRC;V19;;;4;400;125008492.0;;;3.17;3.17;3.18;3.17;3.18;3.18;0.0;0.0
97855;545644;2018-02-09;FRC;F20;;;17;5000;1548020416.0;;;3.3;3.29;3.3;3.29;3.29;3.29;0.0;0.0
97856;545645;2018-02-09;FRC;J20;;;2;200;61246385.0;;;3.38;3.38;3.38;3.38;3.38;3.38;0.0;0.0
97857;545646;2018-02-09;FRC;N20;;;8;800;242482909.0;;;3.46;3.46;3.46;3.46;3.46;3.46;0.0;0.0
97858;545647;2018-02-09;FRC;V20;;;0;0;0.0;;;0.0;0.0;0.0;0.0;0.0;3.54;0.0;0.0
97859;545648;2018-02-09;FRC;F21;;;18;2200;656128399.0;;;3.6;3.59;3.6;3.59;3.59;3.59;0.0;0.0
97860;545649;2018-02-09;FRC;J21;;;0;0;0.0;;;0.0;0.0;0.0;0.0;0.0;3.62;0.0;0.0
97861;545650;2018-02-09;FRC;N21;;;2;200;58512315.0;;;3.65;3.65;3.65;3.65;3.65;3.65;0.0;0.0
97862;545651;2018-02-09;FRC;V21;;;0;0;0.0;;;0.0;0.0;0.0;0.0;0.0;3.68;0.0;0.0
97863;545652;2018-02-09;FRC;F22;;;5;550;157685731.0;;;3.8;3.73;3.8;3.77;3.73;3.73;0.0;0.0
97864;545653;2018-02-09;FRC;J22;;;0;0;0.0;;;0.0;0.0;0.0;0.0;0.0;3.81;0.0;0.0
97865;545654;2018-02-09;FRC;N22;;;0;0;0.0;;;0.0;0.0;0.0;0.0;0.0;3.83;0.0;0.0
97866;545655;2018-02-09;FRC;V22;;;0;0;0.0;;;0.0;0.0;0.0;0.0;0.0;3.86;0.0;0.0
97867;545656;2018-02-09;FRC;F23;;;16;1900;524192001.0;;;3.92;3.87;3.94;3.9;3.87;3.87;0.0;0.0
97868;545657;2018-02-09;FRC;N23;;;1;200;54171467.0;;;3.97;3.97;3.97;3.97;3.97;3.98;0.0;0.0
97869;545658;2018-02-09;FRC;F24;;;0;0;0.0;;;0.0;0.0;0.0;0.0;0.0;4.03;0.0;0.0
97870;545659;2018-02-09;FRC;N24;;;0;0;0.0;;;0.0;0.0;0.0;0.0;0.0;4.1;0.0;0.0
97871;545660;2018-02-09;FRC;F25;;;3;300;76677322.0;;;4.18;4.18;4.18;4.18;4.18;4.18;0.0;0.0
97872;545661;2018-02-09;FRC;F26;;;0;0;0.0;;;0.0;0.0;0.0;0.0;0.0;4.35;0.0;0.0
97873;545662;2018-02-09;FRC;F27;;;3;300;70173283.0;;;4.48;4.48;4.48;4.48;4.48;4.48;0.0;0.0
97874;545663;2018-02-09;FRC;F28;;;0;0;0.0;;;0.0;0.0;0.0;0.0;0.0;4.6;0.0;0.0
97875;545664;2018-02-09;FRC;F29;;;0;0;0.0;;;0.0;0.0;0.0;0.0;0.0;4.81;0.0;0.0
97876;545665;2018-02-09;FRC;F30;;;0;0;0.0;;;0.0;0.0;0.0;0.0;0.0;4.87;0.0;0.0
97877;545858;2018-02-14;FRC;J18;;;19;24500;7971578280.0;;;2.3;2.26;2.3;2.27;2.26;2.26;0.0;0.0
97878;545859;2018-02-14;FRC;K18;;;7;6080;1974257510.0;;;2.37;2.36;2.37;2.36;2.36;2.36;0.0;0.0
97879;545860;2018-02-14;FRC;M18;;;5;1700;550698169.0;;;2.46;2.46;2.46;2.46;2.46;2.46;0.0;0.0
97880;545861;2018-02-14;FRC;N18;;;7;19830;6410734359.0;;;2.45;2.45;2.47;2.46;2.47;2.47;0.0;0.0
97881;545862;2018-02-14;FRC;Q18;;;1;10;3242276.0;;;2.58;2.58;2.58;2.58;2.58;2.56;0.0;0.0
97882;545863;2018-02-14;FRC;U18;;;6;810;260838157.0;;;2.58;2.58;2.61;2.6;2.61;2.61;0.0;0.0
97883;545864;2018-02-14;FRC;V18;;;7;1510;484259024.0;;;2.75;2.72;2.75;2.72;2.72;2.72;0.0;0.0
97884;545865;2018-02-14;FRC;X18;;;2;310;99138399.0;;;2.79;2.79;2.8;2.79;2.8;2.79;0.0;0.0
97885;545866;2018-02-14;FRC;Z18;;;0;0;0.0;;;0.0;0.0;0.0;0.0;0.0;2.83;0.0;0.0
97886;545867;2018-02-14;FRC;F19;;;12;7500;2386058325.0;;;2.9;2.9;2.9;2.9;2.9;2.9;0.0;0.0
97887;545868;2018-02-14;FRC;G19;;;1;100;31671693.0;;;2.95;2.95;2.95;2.95;2.95;2.95;0.0;0.0
97888;545869;2018-02-14;FRC;J19;;;1;100;31577827.0;;;3.06;3.06;3.06;3.06;3.06;3.03;0.0;0.0
97889;545870;2018-02-14;FRC;N19;;;2;200;62568899.0;;;3.12;3.12;3.13;3.12;3.13;3.12;0.0;0.0
97890;545871;2018-02-14;FRC;V19;;;4;400;123928652.0;;;3.21;3.21;3.21;3.21;3.21;3.21;0.0;0.0
97891;545872;2018-02-14;FRC;F20;;;7;700;214693864.0;;;3.31;3.31;3.31;3.31;3.31;3.31;0.0;0.0
97892;545873;2018-02-14;FRC;J20;;;3;300;91075422.0;;;3.41;3.41;3.41;3.41;3.41;3.41;0.0;0.0
97893;545874;2018-02-14;FRC;N20;;;0;0;0.0;;;0.0;0.0;0.0;0.0;0.0;3.49;0.0;0.0
97894;545875;2018-02-14;FRC;V20;;;0;0;0.0;;;0.0;0.0;0.0;0.0;0.0;3.57;0.0;0.0
97895;545876;2018-02-14;FRC;F21;;;19;4600;1358365375.0;;;3.61;3.61;3.64;3.62;3.64;3.62;0.0;0.0
97896;545877;2018-02-14;FRC;J21;;;0;0;0.0;;;0.0;0.0;0.0;0.0;0.0;3.66;0.0;0.0
97897;545878;2018-02-14;FRC;N21;;;0;0;0.0;;;0.0;0.0;0.0;0.0;0.0;3.7;0.0;0.0
97898;545879;2018-02-14;FRC;V21;;;0;0;0.0;;;0.0;0.0;0.0;0.0;0.0;3.75;0.0;0.0
97899;545880;2018-02-14;FRC;F22;;;12;2090;593805906.0;;;3.75;3.73;3.79;3.75;3.79;3.79;0.0;0.0
97900;545881;2018-02-14;FRC;J22;;;0;0;0.0;;;0.0;0.0;0.0;0.0;0.0;3.87;0.0;0.0
97901;545882;2018-02-14;FRC;N22;;;1;100;27770474.0;;;3.89;3.89;3.89;3.89;3.89;3.89;0.0;0.0
97902;545883;2018-02-14;FRC;V22;;;1;100;27628287.0;;;3.93;3.93;3.93;3.93;3.93;3.93;0.0;0.0
97903;545884;2018-02-14;FRC;F23;;;8;1140;311774390.0;;;3.88;3.88;3.96;3.92;3.96;3.96;0.0;0.0
97904;545885;2018-02-14;FRC;N23;;;0;0;0.0;;;0.0;0.0;0.0;0.0;0.0;4.06;0.0;0.0
97905;545886;2018-02-14;FRC;F24;;;0;0;0.0;;;0.0;0.0;0.0;0.0;0.0;4.1;0.0;0.0
97906;545887;2018-02-14;FRC;N24;;;0;0;0.0;;;0.0;0.0;0.0;0.0;0.0;4.16;0.0;0.0
97907;545888;2018-02-14;FRC;F25;;;6;600;150929664.0;;;4.22;4.22;4.22;4.22;4.22;4.22;0.0;0.0
97908;545889;2018-02-14;FRC;F26;;;0;0;0.0;;;0.0;0.0;0.0;0.0;0.0;4.4;0.0;0.0
97909;545890;2018-02-14;FRC;F27;;;0;0;0.0;;;0.0;0.0;0.0;0.0;0.0;4.55;0.0;0.0
97910;545891;2018-02-14;FRC;F28;;;1;100;22212939.0;;;4.65;4.65;4.65;4.65;4.65;4.65;0.0;0.0
97911;545892;2018-02-14;FRC;F29;;;0;0;0.0;;;0.0;0.0;0.0;0.0;0.0;4.86;0.0;0.0
97912;545893;2018-02-14;FRC;F30;;;0;0;0.0;;;0.0;0.0;0.0;0.0;0.0;4.92;0.0;0.0
97913;546064;2018-02-15;FRC;J18;;;72;62760;20309834511.0;;;2.28;2.26;2.35;2.31;2.35;2.35;0.0;0.0
97914;546065;2018-02-15;FRC;K18;;;13;6040;1950527206.0;;;2.34;2.34;2.41;2.4;2.41;2.41;0.0;0.0
97915;546066;2018-02-15;FRC;M18;;;6;1240;399478536.0;;;2.47;2.47;2.52;2.52;2.52;2.52;0.0;0.0
97916;546067;2018-02-15;FRC;N18;;;1;20;6457598.0;;;2.48;2.48;2.48;2.48;2.48;2.52;0.0;0.0
97917;546068;2018-02-15;FRC;Q18;;;5;3200;1026195128.0;;;2.61;2.61;2.61;2.61;2.61;2.61;0.0;0.0
97918;546069;2018-02-15;FRC;U18;;;2;500;159905823.0;;;2.61;2.61;2.61;2.61;2.61;2.65;0.0;0.0
97919;546070;2018-02-15;FRC;V18;;;1;100;31837168.0;;;2.76;2.76;2.76;2.76;2.76;2.76;0.0;0.0
97920;546071;2018-02-15;FRC;X18;;;0;0;0.0;;;0.0;0.0;0.0;0.0;0.0;2.84;0.0;0.0
97921;546072;2018-02-15;FRC;Z18;;;3;300;95235864.0;;;2.89;2.89;2.89;2.89;2.89;2.89;0.0;0.0
97922;546073;2018-02-15;FRC;F19;;;15;17000;5378347380.0;;;2.9;2.9;2.94;2.91;2.94;2.94;0.0;0.0
97923;546074;2018-02-15;FRC;G19;;;1;100;31494108.0;;;2.99;2.99;2.99;2.99;2.99;2.99;0.0;0.0
97924;546075;2018-02-15;FRC;J19;;;8;810;254308371.0;;;3.06;3.04;3.06;3.04;3.04;3.04;0.0;0.0
97925;546076;2018-02-15;FRC;N19;;;8;3800;1182347064.0;;;3.1;3.1;3.14;3.11;3.14;3.14;0.0;0.0
97926;546077;2018-02-15;FRC;V19;;;4;400;123229002.0;;;3.24;3.24;3.24;3.24;3.24;3.24;0.0;0.0
97927;546078;2018-02-15;FRC;F20;;;11;2080;634703645.0;;;3.31;3.31;3.34;3.32;3.34;3.34;0.0;0.0
97928;546079;2018-02-15;FRC;J20;;;0;0;0.0;;;0.0;0.0;0.0;0.0;0.0;3.44;0.0;0.0
97929;546080;2018-02-15;FRC;N20;;;4;400;119500015.0;;;3.52;3.52;3.52;3.52;3.52;3.52;0.0;0.0
97930;546081;2018-02-15;FRC;V20;;;6;600;177376958.0;;;3.57;3.57;3.6;3.59;3.6;3.6;0.0;0.0
97931;546082;2018-02-15;FRC;F21;;;16;5580;1636951262.0;;;3.61;3.61;3.65;3.61;3.65;3.65;0.0;0.0
97932;546083;2018-02-15;FRC;J21;;;0;0;0.0;;;0.0;0.0;0.0;0.0;0.0;3.69;0.0;0.0
97933;546084;2018-02-15;FRC;N21;;;1;100;28819637.0;;;3.73;3.73;3.73;3.73;3.73;3.73;0.0;0.0
97934;546085;2018-02-15;FRC;V21;;;0;0;0.0;;;0.0;0.0;0.0;0.0;0.0;3.78;0.0;0.0
97935;546086;2018-02-15;FRC;F22;;;3;300;84615720.0;;;3.83;3.83;3.83;3.83;3.83;3.83;0.0;0.0
97936;546087;2018-02-15;FRC;J22;;;0;0;0.0;;;0.0;0.0;0.0;0.0;0.0;3.91;0.0;0.0
97937;546088;2018-02-15;FRC;N22;;;0;0;0.0;;;0.0;0.0;0.0;0.0;0.0;3.93;0.0;0.0
97938;546089;2018-02-15;FRC;V22;;;1;100;27295703.0;;;3.97;3.97;3.97;3.97;3.97;3.97;0.0;0.0
97939;546090;2018-02-15;FRC;F23;;;17;2420;656278484.0;;;3.96;3.96;3.99;3.98;3.99;3.99;0.0;0.0
97940;546091;2018-02-15;FRC;N23;;;0;0;0.0;;;0.0;0.0;0.0;0.0;0.0;4.09;0.0;0.0
97941;546092;2018-02-15;FRC;F24;;;7;1000;260328912.0;;;4.14;4.14;4.14;4.14;4.14;4.14;0.0;0.0
97942;546093;2018-02-15;FRC;N24;;;0;0;0.0;;;0.0;0.0;0.0;0.0;0.0;4.2;0.0;0.0
97943;546094;2018-02-15;FRC;F25;;;1;100;24991706.0;;;4.26;4.26;4.26;4.26;4.26;4.26;0.0;0.0
97944;546095;2018-02-15;FRC;F26;;;0;0;0.0;;;0.0;0.0;0.0;0.0;0.0;4.42;0.0;0.0
97945;546096;2018-02-15;FRC;F27;;;4;400;92104287.0;;;4.54;4.54;4.54;4.54;4.54;4.54;0.0;0.0
97946;546097;2018-02-15;FRC;F28;;;3;300;66255213.0;;;4.66;4.66;4.66;4.66;4.66;4.66;0.0;0.0
97947;546098;2018-02-15;FRC;F29;;;0;0;0.0;;;0.0;0.0;0.0;0.0;0.0;4.87;0.0;0.0
97948;546099;2018-02-15;FRC;F30;;;0;0;0.0;;;0.0;0.0;0.0;0.0;0.0;4.93;0.0;0.0
97949;546269;2018-02-16;FRC;J18;;;60;77400;24814319306.0;;;2.34;2.33;2.41;2.36;2.41;2.37;0.0;0.0
97950;546270;2018-02-16;FRC;K18;;;19;21200;6782380378.0;;;2.44;2.43;2.45;2.44;2.45;2.45;0.0;0.0
97951;546271;2018-02-16;FRC;M18;;;4;1200;382963715.0;;;2.56;2.56;2.56;2.56;2.56;2.56;0.0;0.0
97952;546272;2018-02-16;FRC;N18;;;10;14400;4586406894.0;;;2.52;2.52;2.57;2.53;2.57;2.57;0.0;0.0
97953;546273;2018-02-16;FRC;Q18;;;5;1800;572015558.0;;;2.61;2.61;2.65;2.61;2.65;2.65;0.0;0.0
97954;546274;2018-02-16;FRC;U18;;;7;1400;443620532.0;;;2.68;2.68;2.68;2.68;2.68;2.68;0.0;0.0
97955;546275;2018-02-16;FRC;V18;;;4;900;284356835.0;;;2.78;2.78;2.78;2.78;2.78;2.78;0.0;0.0
97956;546276;2018-02-16;FRC;X18;;;10;2000;630121594.0;;;2.83;2.83;2.84;2.84;2.84;2.84;0.0;0.0
97957;546277;2018-02-16;FRC;Z18;;;2;1310;411759153.0;;;2.88;2.88;2.89;2.88;2.89;2.88;0.0;0.0
97958;546278;2018-02-16;FRC;F19;;;46;18090;5671373523.0;;;2.92;2.88;2.94;2.93;2.94;2.92;0.0;0.0
97959;546279;2018-02-16;FRC;G19;;;1;100;31203912.0;;;2.99;2.99;2.99;2.99;2.99;2.99;0.0;0.0
97960;546280;2018-02-16;FRC;J19;;;0;0;0.0;;;0.0;0.0;0.0;0.0;0.0;3.04;0.0;0.0
97961;546281;2018-02-16;FRC;N19;;;2;200;61655107.0;;;3.13;3.13;3.13;3.13;3.13;3.13;0.0;0.0
97962;546282;2018-02-16;FRC;V19;;;1;100;30525873.0;;;3.23;3.23;3.23;3.23;3.23;3.23;0.0;0.0
97963;546283;2018-02-16;FRC;F20;;;15;2400;725428693.0;;;3.34;3.32;3.34;3.33;3.32;3.32;0.0;0.0
97964;546284;2018-02-16;FRC;J20;;;0;0;0.0;;;0.0;0.0;0.0;0.0;0.0;3.41;0.0;0.0
97965;546285;2018-02-16;FRC;N20;;;3;300;88839137.0;;;3.48;3.48;3.48;3.48;3.48;3.48;0.0;0.0
97966;546286;2018-02-16;FRC;V20;;;2;320;93875240.0;;;3.58;3.58;3.58;3.58;3.58;3.56;0.0;0.0
97967;546287;2018-02-16;FRC;F21;;;14;2620;761896197.0;;;3.65;3.59;3.65;3.62;3.59;3.6;0.0;0.0
97968;546288;2018-02-16;FRC;J21;;;0;0;0.0;;;0.0;0.0;0.0;0.0;0.0;3.64;0.0;0.0
97969;546289;2018-02-16;FRC;N21;;;0;0;0.0;;;0.0;0.0;0.0;0.0;0.0;3.68;0.0;0.0
97970;546290;2018-02-16;FRC;V21;;;0;0;0.0;;;0.0;0.0;0.0;0.0;0.0;3.73;0.0;0.0
97971;546291;2018-02-16;FRC;F22;;;2;200;55929439.0;;;3.79;3.79;3.79;3.79;3.79;3.79;0.0;0.0
97972;546292;2018-02-16;FRC;J22;;;0;0;0.0;;;0.0;0.0;0.0;0.0;0.0;3.87;0.0;0.0
97973;546293;2018-02-16;FRC;N22;;;0;0;0.0;;;0.0;0.0;0.0;0.0;0.0;3.89;0.0;0.0
97974;546294;2018-02-16;FRC;V22;;;2;400;108359222.0;;;3.96;3.96;3.96;3.96;3.96;3.92;0.0;0.0
97975;546295;2018-02-16;FRC;F23;;;14;2000;538351615.0;;;3.99;3.94;3.99;3.95;3.94;3.94;0.0;0.0
97976;546296;2018-02-16;FRC;N23;;;0;0;0.0;;;0.0;0.0;0.0;0.0;0.0;4.04;0.0;0.0
97977;546297;2018-02-16;FRC;F24;;;2;200;51650538.0;;;4.14;4.14;4.14;4.14;4.14;4.1;0.0;0.0
97978;546298;2018-02-16;FRC;N24;;;0;0;0.0;;;0.0;0.0;0.0;0.0;0.0;4.16;0.0;0.0
97979;546299;2018-02-16;FRC;F25;;;2;200;49563257.0;;;4.23;4.23;4.23;4.23;4.23;4.23;0.0;0.0
97980;546300;2018-02-16;FRC;F26;;;0;0;0.0;;;0.0;0.0;0.0;0.0;0.0;4.39;0.0;0.0
97981;546301;2018-02-16;FRC;F27;;;2;200;45686667.0;;;4.5;4.5;4.5;4.5;4.5;4.5;0.0;0.0
97982;546302;2018-02-16;FRC;F28;;;0;0;0.0;;;0.0;0.0;0.0;0.0;0.0;4.62;0.0;0.0
97983;546303;2018-02-16;FRC;F29;;;0;0;0.0;;;0.0;0.0;0.0;0.0;0.0;4.83;0.0;0.0
97984;546304;2018-02-16;FRC;F30;;;0;0;0.0;;;0.0;0.0;0.0;0.0;0.0;4.89;0.0;0.0
97985;546473;2018-02-19;FRC;J18;;;30;43400;14004592836.0;;;2.39;2.39;2.43;2.42;2.43;2.43;0.0;0.0
97986;546474;2018-02-19;FRC;K18;;;13;15540;5003907816.0;;;2.46;2.45;2.5;2.5;2.5;2.5;0.0;0.0
97987;546475;2018-02-19;FRC;M18;;;3;500;160498578.0;;;2.62;2.62;2.62;2.62;2.62;2.62;0.0;0.0
97988;546476;2018-02-19;FRC;N18;;;3;700;224220417.0;;;2.62;2.62;2.62;2.62;2.62;2.62;0.0;0.0
97989;546477;2018-02-19;FRC;Q18;;;0;0;0.0;;;0.0;0.0;0.0;0.0;0.0;2.68;0.0;0.0
97990;546478;2018-02-19;FRC;U18;;;5;3200;1020447632.0;;;2.73;2.73;2.73;2.73;2.73;2.73;0.0;0.0
97991;546479;2018-02-19;FRC;V18;;;2;200;63491866.0;;;2.82;2.82;2.82;2.82;2.82;2.82;0.0;0.0
97992;546480;2018-02-19;FRC;X18;;;0;0;0.0;;;0.0;0.0;0.0;0.0;0.0;2.88;0.0;0.0
97993;546481;2018-02-19;FRC;Z18;;;0;0;0.0;;;0.0;0.0;0.0;0.0;0.0;2.93;0.0;0.0
97994;546482;2018-02-19;FRC;F19;;;19;6170;1946359130.0;;;2.92;2.92;2.97;2.96;2.97;2.97;0.0;0.0
97995;546483;2018-02-19;FRC;G19;;;5;600;188415807.0;;;3.04;3.04;3.04;3.04;3.04;3.04;0.0;0.0
97996;546484;2018-02-19;FRC;J19;;;7;1300;406653616.0;;;3.09;3.09;3.09;3.09;3.09;3.09;0.0;0.0
97997;546485;2018-02-19;FRC;N19;;;4;400;124092487.0;;;3.17;3.17;3.17;3.17;3.17;3.17;0.0;0.0
97998;546486;2018-02-19;FRC;V19;;;0;0;0.0;;;0.0;0.0;0.0;0.0;0.0;3.27;0.0;0.0
97999;546487;2018-02-19;FRC;F20;;;9;950;288875145.0;;;3.32;3.32;3.37;3.36;3.37;3.37;0.0;0.0
98000;546488;2018-02-19;FRC;J20;;;1;100;30104933.0;;;3.44;3.44;3.44;3.44;3.44;3.44;0.0;0.0
98001;546489;2018-02-19;FRC;N20;;;1;100;29792477.0;;;3.53;3.53;3.53;3.53;3.53;3.53;0.0;0.0
98002;546490;2018-02-19;FRC;V20;;;0;0;0.0;;;0.0;0.0;0.0;0.0;0.0;3.61;0.0;0.0
98003;546491;2018-02-19;FRC;F21;;;9;1380;403350227.0;;;3.6;3.6;3.65;3.63;3.65;3.65;0.0;0.0
98004;546492;2018-02-19;FRC;J21;;;2;450;130622403.0;;;3.64;3.64;3.64;3.64;3.64;3.69;0.0;0.0
98005;546493;2018-02-19;FRC;N21;;;0;0;0.0;;;0.0;0.0;0.0;0.0;0.0;3.74;0.0;0.0
98006;546494;2018-02-19;FRC;V21;;;0;0;0.0;;;0.0;0.0;0.0;0.0;0.0;3.8;0.0;0.0
98007;546495;2018-02-19;FRC;F22;;;0;0;0.0;;;0.0;0.0;0.0;0.0;0.0;3.86;0.0;0.0
98008;546496;2018-02-19;FRC;J22;;;0;0;0.0;;;0.0;0.0;0.0;0.0;0.0;3.94;0.0;0.0
98009;546497;2018-02-19;FRC;N22;;;0;0;0.0;;;0.0;0.0;0.0;0.0;0.0;3.97;0.0;0.0
98010;546498;2018-02-19;FRC;V22;;;0;0;0.0;;;0.0;0.0;0.0;0.0;0.0;3.98;0.0;0.0
98011;546499;2018-02-19;FRC;F23;;;7;900;243556479.0;;;3.99;3.99;3.99;3.99;3.99;3.99;0.0;0.0
98012;546500;2018-02-19;FRC;N23;;;0;0;0.0;;;0.0;0.0;0.0;0.0;0.0;4.09;0.0;0.0
98013;546501;2018-02-19;FRC;F24;;;0;0;0.0;;;0.0;0.0;0.0;0.0;0.0;4.15;0.0;0.0
98014;546502;2018-02-19;FRC;N24;;;0;0;0.0;;;0.0;0.0;0.0;0.0;0.0;4.21;0.0;0.0
98015;546503;2018-02-19;FRC;F25;;;0;0;0.0;;;0.0;0.0;0.0;0.0;0.0;4.27;0.0;0.0
98016;546504;2018-02-19;FRC;F26;;;0;0;0.0;;;0.0;0.0;0.0;0.0;0.0;4.42;0.0;0.0
98017;546505;2018-02-19;FRC;F27;;;3;300;68939219.0;;;4.52;4.52;4.52;4.52;4.52;4.52;0.0;0.0
98018;546506;2018-02-19;FRC;F28;;;0;0;0.0;;;0.0;0.0;0.0;0.0;0.0;4.64;0.0;0.0
98019;546507;2018-02-19;FRC;F29;;;1;100;21051163.0;;;4.85;4.85;4.85;4.85;4.85;4.85;0.0;0.0
98020;546508;2018-02-19;FRC;F30;;;0;0;0.0;;;0.0;0.0;0.0;0.0;0.0;4.91;0.0;0.0
98021;546677;2018-02-20;FRC;J18;;;184;128520;41558525789.0;;;2.43;2.43;2.47;2.44;2.45;2.45;0.0;0.0
98022;546678;2018-02-20;FRC;K18;;;18;18620;6008021332.0;;;2.5;2.49;2.51;2.5;2.51;2.5;0.0;0.0
98023;546679;2018-02-20;FRC;M18;;;3;700;225249860.0;;;2.63;2.63;2.63;2.63;2.63;2.63;0.0;0.0
98024;546680;2018-02-20;FRC;N18;;;11;4400;1412691775.0;;;2.64;2.64;2.64;2.64;2.64;2.64;0.0;0.0
98025;546681;2018-02-20;FRC;Q18;;;9;950;304619781.0;;;2.68;2.68;2.7;2.7;2.7;2.7;0.0;0.0
98026;546682;2018-02-20;FRC;U18;;;0;0;0.0;;;0.0;0.0;0.0;0.0;0.0;2.74;0.0;0.0
98027;546683;2018-02-20;FRC;V18;;;30;9850;3138603710.0;;;2.84;2.82;2.84;2.82;2.83;2.83;0.0;0.0
98028;546684;2018-02-20;FRC;X18;;;0;0;0.0;;;0.0;0.0;0.0;0.0;0.0;2.89;0.0;0.0
98029;546685;2018-02-20;FRC;Z18;;;7;1300;412201670.0;;;2.93;2.93;2.93;2.93;2.93;2.93;0.0;0.0
98030;546686;2018-02-20;FRC;F19;;;33;25170;7954321028.0;;;2.98;2.97;2.99;2.97;2.99;2.99;0.0;0.0
98031;546687;2018-02-20;FRC;G19;;;3;500;157326103.0;;;3.05;3.05;3.05;3.05;3.05;3.05;0.0;0.0
98032;546688;2018-02-20;FRC;J19;;;8;1300;407138224.0;;;3.1;3.1;3.1;3.1;3.1;3.1;0.0;0.0
98033;546689;2018-02-20;FRC;N19;;;5;500;155422802.0;;;3.18;3.18;3.18;3.18;3.18;3.18;0.0;0.0
98034;546690;2018-02-20;FRC;V19;;;0;0;0.0;;;0.0;0.0;0.0;0.0;0.0;3.28;0.0;0.0
98035;546691;2018-02-20;FRC;F20;;;21;9900;3017364922.0;;;3.38;3.37;3.38;3.37;3.38;3.38;0.0;0.0
98036;546692;2018-02-20;FRC;J20;;;3;2500;754958277.0;;;3.44;3.44;3.45;3.44;3.45;3.45;0.0;0.0
98037;546693;2018-02-20;FRC;N20;;;1;100;29850055.0;;;3.54;3.54;3.54;3.54;3.54;3.54;0.0;0.0
98038;546694;2018-02-20;FRC;V20;;;6;5200;1539010127.0;;;3.61;3.6;3.61;3.6;3.6;3.6;0.0;0.0
98039;546695;2018-02-20;FRC;F21;;;1;100;29230411.0;;;3.66;3.66;3.66;3.66;3.66;3.66;0.0;0.0
98040;546696;2018-02-20;FRC;J21;;;3;2500;725034780.0;;;3.75;3.73;3.75;3.74;3.73;3.7;0.0;0.0
98041;546697;2018-02-20;FRC;N21;;;1;150;43122451.0;;;3.73;3.73;3.73;3.73;3.73;3.76;0.0;0.0
98042;546698;2018-02-20;FRC;V21;;;0;0;0.0;;;0.0;0.0;0.0;0.0;0.0;3.8;0.0;0.0
98043;546699;2018-02-20;FRC;F22;;;14;1830;515545684.0;;;3.87;3.86;3.87;3.86;3.86;3.86;0.0;0.0
98044;546700;2018-02-20;FRC;J22;;;0;0;0.0;;;0.0;0.0;0.0;0.0;0.0;3.94;0.0;0.0
98045;546701;2018-02-20;FRC;N22;;;0;0;0.0;;;0.0;0.0;0.0;0.0;0.0;3.97;0.0;0.0
98046;546702;2018-02-20;FRC;V22;;;2;200;54536533.0;;;3.99;3.99;3.99;3.99;3.99;3.99;0.0;0.0
98047;546703;2018-02-20;FRC;F23;;;15;1640;444627067.0;;;3.99;3.99;4.02;4.02;4.02;4.02;0.0;0.0
98048;546704;2018-02-20;FRC;N23;;;0;0;0.0;;;0.0;0.0;0.0;0.0;0.0;4.12;0.0;0.0
98049;546705;2018-02-20;FRC;F24;;;7;840;218184029.0;;;4.15;4.15;4.17;4.15;4.17;4.17;0.0;0.0
98050;546706;2018-02-20;FRC;N24;;;0;0;0.0;;;0.0;0.0;0.0;0.0;0.0;4.23;0.0;0.0
98051;546707;2018-02-20;FRC;F25;;;6;700;174648089.0;;;4.3;4.3;4.3;4.3;4.3;4.3;0.0;0.0
98052;546708;2018-02-20;FRC;F26;;;2;300;71920015.0;;;4.42;4.42;4.42;4.42;4.42;4.44;0.0;0.0
98053;546709;2018-02-20;FRC;F27;;;2;200;46038724.0;;;4.53;4.53;4.53;4.53;4.53;4.53;0.0;0.0
98054;546710;2018-02-20;FRC;F28;;;2;200;44218291.0;;;4.61;4.61;4.61;4.61;4.61;4.61;0.0;0.0
98055;546711;2018-02-20;FRC;F29;;;0;0;0.0;;;0.0;0.0;0.0;0.0;0.0;4.82;0.0;0.0
98056;546712;2018-02-20;FRC;F30;;;0;0;0.0;;;0.0;0.0;0.0;0.0;0.0;4.88;0.0;0.0
98057;546881;2018-02-21;FRC;J18;;;172;163070;52881756047.0;;;2.44;2.4;2.46;2.42;2.42;2.42;0.0;0.0
98058;546882;2018-02-21;FRC;K18;;;20;22670;7335483329.0;;;2.49;2.49;2.51;2.5;2.5;2.5;0.0;0.0
98059;546883;2018-02-21;FRC;M18;;;5;2130;687415555.0;;;2.61;2.61;2.64;2.62;2.64;2.64;0.0;0.0
98060;546884;2018-02-21;FRC;N18;;;5;1030;331747511.0;;;2.64;2.64;2.64;2.64;2.64;2.64;0.0;0.0
98061;546885;2018-02-21;FRC;Q18;;;5;1210;388853418.0;;;2.68;2.68;2.7;2.7;2.7;2.7;0.0;0.0
98062;546886;2018-02-21;FRC;U18;;;3;300;96318424.0;;;2.74;2.74;2.74;2.74;2.74;2.74;0.0;0.0
98063;546887;2018-02-21;FRC;V18;;;8;6500;2077775779.0;;;2.81;2.81;2.81;2.81;2.81;2.81;0.0;0.0
98064;546888;2018-02-21;FRC;X18;;;3;500;159277424.0;;;2.9;2.9;2.9;2.9;2.9;2.9;0.0;0.0
98065;546889;2018-02-21;FRC;Z18;;;4;700;222681604.0;;;2.93;2.93;2.93;2.93;2.93;2.93;0.0;0.0
98066;546890;2018-02-21;FRC;F19;;;60;26700;8464793646.0;;;2.97;2.96;2.98;2.96;2.98;2.97;0.0;0.0
98067;546891;2018-02-21;FRC;G19;;;0;0;0.0;;;0.0;0.0;0.0;0.0;0.0;3.03;0.0;0.0
98068;546892;2018-02-21;FRC;J19;;;0;0;0.0;;;0.0;0.0;0.0;0.0;0.0;3.08;0.0;0.0
98069;546893;2018-02-21;FRC;N19;;;14;3400;1059666843.0;;;3.17;3.17;3.17;3.17;3.17;3.17;0.0;0.0
98070;546894;2018-02-21;FRC;V19;;;0;0;0.0;;;0.0;0.0;0.0;0.0;0.0;3.27;0.0;0.0
98071;546895;2018-02-21;FRC;F20;;;9;2400;733604089.0;;;3.36;3.36;3.36;3.36;3.36;3.36;0.0;0.0
98072;546896;2018-02-21;FRC;J20;;;0;0;0.0;;;0.0;0.0;0.0;0.0;0.0;3.43;0.0;0.0
98073;546897;2018-02-21;FRC;N20;;;3;400;119921082.0;;;3.53;3.53;3.53;3.53;3.53;3.53;0.0;0.0
98074;546898;2018-02-21;FRC;V20;;;0;0;0.0;;;0.0;0.0;0.0;0.0;0.0;3.6;0.0;0.0
98075;546899;2018-02-21;FRC;F21;;;6;1570;461159670.0;;;3.67;3.67;3.67;3.67;3.67;3.67;0.0;0.0
98076;546900;2018-02-21;FRC;J21;;;0;0;0.0;;;0.0;0.0;0.0;0.0;0.0;3.71;0.0;0.0
98077;546901;2018-02-21;FRC;N21;;;0;0;0.0;;;0.0;0.0;0.0;0.0;0.0;3.77;0.0;0.0
98078;546902;2018-02-21;FRC;V21;;;0;0;0.0;;;0.0;0.0;0.0;0.0;0.0;3.81;0.0;0.0
98079;546903;2018-02-21;FRC;F22;;;1;100;28250454.0;;;3.87;3.87;3.87;3.87;3.87;3.87;0.0;0.0
98080;546904;2018-02-21;FRC;J22;;;0;0;0.0;;;0.0;0.0;0.0;0.0;0.0;3.93;0.0;0.0
98081;546905;2018-02-21;FRC;N22;;;7;3500;968097536.0;;;3.97;3.97;3.97;3.97;3.97;4.0;0.0;0.0
98082;546906;2018-02-21;FRC;V22;;;0;0;0.0;;;0.0;0.0;0.0;0.0;0.0;4.01;0.0;0.0
98083;546907;2018-02-21;FRC;F23;;;12;5240;1420103587.0;;;4.02;4.02;4.07;4.05;4.06;4.03;0.0;0.0
98084;546908;2018-02-21;FRC;N23;;;0;0;0.0;;;0.0;0.0;0.0;0.0;0.0;4.13;0.0;0.0
98085;546909;2018-02-21;FRC;F24;;;0;0;0.0;;;0.0;0.0;0.0;0.0;0.0;4.18;0.0;0.0
98086;546910;2018-02-21;FRC;N24;;;0;0;0.0;;;0.0;0.0;0.0;0.0;0.0;4.24;0.0;0.0
98087;546911;2018-02-21;FRC;F25;;;4;1700;425336878.0;;;4.3;4.3;4.31;4.3;4.31;4.31;0.0;0.0
98088;546912;2018-02-21;FRC;F26;;;0;0;0.0;;;0.0;0.0;0.0;0.0;0.0;4.45;0.0;0.0
98089;546913;2018-02-21;FRC;F27;;;1;100;23085847.0;;;4.53;4.53;4.53;4.53;4.53;4.53;0.0;0.0
98090;546914;2018-02-21;FRC;F28;;;4;400;88631617.0;;;4.63;4.63;4.63;4.63;4.63;4.63;0.0;0.0
98091;546915;2018-02-21;FRC;F29;;;0;0;0.0;;;0.0;0.0;0.0;0.0;0.0;4.84;0.0;0.0
98092;546916;2018-02-21;FRC;F30;;;0;0;0.0;;;0.0;0.0;0.0;0.0;0.0;4.9;0.0;0.0
98093;547085;2018-02-22;FRC;J18;;;133;109820;35607378174.0;;;2.45;2.42;2.45;2.43;2.44;2.45;0.0;0.0
98094;547086;2018-02-22;FRC;K18;;;12;16300;5273635404.0;;;2.53;2.5;2.54;2.53;2.54;2.54;0.0;0.0
98095;547087;2018-02-22;FRC;M18;;;23;4480;1445568028.0;;;2.64;2.62;2.66;2.65;2.66;2.66;0.0;0.0
98096;547088;2018-02-22;FRC;N18;;;8;2600;836923559.0;;;2.67;2.67;2.67;2.67;2.67;2.67;0.0;0.0
98097;547089;2018-02-22;FRC;Q18;;;1;100;32144144.0;;;2.72;2.72;2.72;2.72;2.72;2.72;0.0;0.0
98098;547090;2018-02-22;FRC;U18;;;3;600;192293083.0;;;2.74;2.74;2.74;2.74;2.74;2.74;0.0;0.0
98099;547091;2018-02-22;FRC;V18;;;24;8300;2652490204.0;;;2.81;2.81;2.83;2.81;2.83;2.83;0.0;0.0
98100;547092;2018-02-22;FRC;X18;;;0;0;0.0;;;0.0;0.0;0.0;0.0;0.0;2.92;0.0;0.0
98101;547093;2018-02-22;FRC;Z18;;;6;800;254458935.0;;;2.94;2.94;2.94;2.94;2.94;2.94;0.0;0.0
98102;547094;2018-02-22;FRC;F19;;;15;4230;1340928675.0;;;2.97;2.97;2.99;2.97;2.99;2.99;0.0;0.0
98103;547095;2018-02-22;FRC;G19;;;0;0;0.0;;;0.0;0.0;0.0;0.0;0.0;3.0;0.0;0.0
98104;547096;2018-02-22;FRC;J19;;;6;1000;314032826.0;;;3.1;3.1;3.1;3.1;3.1;3.1;0.0;0.0
98105;547097;2018-02-22;FRC;N19;;;0;0;0.0;;;0.0;0.0;0.0;0.0;0.0;3.18;0.0;0.0
98106;547098;2018-02-22;FRC;V19;;;7;900;277803015.0;;;3.27;3.27;3.27;3.27;3.27;3.27;0.0;0.0
98107;547099;2018-02-22;FRC;F20;;;8;1000;305546087.0;;;3.37;3.37;3.37;3.37;3.37;3.37;0.0;0.0
98108;547100;2018-02-22;FRC;J20;;;3;380;115039461.0;;;3.45;3.45;3.45;3.45;3.45;3.45;0.0;0.0
98109;547101;2018-02-22;FRC;N20;;;0;0;0.0;;;0.0;0.0;0.0;0.0;0.0;3.54;0.0;0.0
98110;547102;2018-02-22;FRC;V20;;;0;0;0.0;;;0.0;0.0;0.0;0.0;0.0;3.61;0.0;0.0
98111;547103;2018-02-22;FRC;F21;;;10;2630;772277316.0;;;3.67;3.67;3.67;3.67;3.67;3.67;0.0;0.0
98112;547104;2018-02-22;FRC;J21;;;0;0;0.0;;;0.0;0.0;0.0;0.0;0.0;3.71;0.0;0.0
98113;547105;2018-02-22;FRC;N21;;;0;0;0.0;;;0.0;0.0;0.0;0.0;0.0;3.77;0.0;0.0
98114;547106;2018-02-22;FRC;V21;;;0;0;0.0;;;0.0;0.0;0.0;0.0;0.0;3.81;0.0;0.0
98115;547107;2018-02-22;FRC;F22;;;3;250;70538746.0;;;3.87;3.87;3.87;3.87;3.87;3.87;0.0;0.0
98116;547108;2018-02-22;FRC;J22;;;0;0;0.0;;;0.0;0.0;0.0;0.0;0.0;3.93;0.0;0.0
98117;547109;2018-02-22;FRC;N22;;;0;0;0.0;;;0.0;0.0;0.0;0.0;0.0;4.0;0.0;0.0
98118;547110;2018-02-22;FRC;V22;;;0;0;0.0;;;0.0;0.0;0.0;0.0;0.0;4.01;0.0;0.0
98119;547111;2018-02-22;FRC;F23;;;7;800;216519202.0;;;4.03;4.03;4.03;4.03;4.03;4.03;0.0;0.0
98120;547112;2018-02-22;FRC;N23;;;0;0;0.0;;;0.0;0.0;0.0;0.0;0.0;4.13;0.0;0.0
98121;547113;2018-02-22;FRC;F24;;;2;200;52033042.0;;;4.18;4.18;4.18;4.18;4.18;4.18;0.0;0.0
98122;547114;2018-02-22;FRC;N24;;;0;0;0.0;;;0.0;0.0;0.0;0.0;0.0;4.24;0.0;0.0
98123;547115;2018-02-22;FRC;F25;;;3;500;125064339.0;;;4.31;4.31;4.31;4.31;4.31;4.31;0.0;0.0
98124;547116;2018-02-22;FRC;F26;;;0;0;0.0;;;0.0;0.0;0.0;0.0;0.0;4.45;0.0;0.0
98125;547117;2018-02-22;FRC;F27;;;0;0;0.0;;;0.0;0.0;0.0;0.0;0.0;4.53;0.0;0.0
98126;547118;2018-02-22;FRC;F28;;;0;0;0.0;;;0.0;0.0;0.0;0.0;0.0;4.63;0.0;0.0
98127;547119;2018-02-22;FRC;F29;;;0;0;0.0;;;0.0;0.0;0.0;0.0;0.0;4.84;0.0;0.0
98128;547120;2018-02-22;FRC;F30;;;0;0;0.0;;;0.0;0.0;0.0;0.0;0.0;4.9;0.0;0.0
98129;547289;2018-02-23;FRC;J18;;;173;133870;43392705704.0;;;2.43;2.39;2.45;2.4;2.39;2.39;0.0;0.0
98130;547290;2018-02-23;FRC;K18;;;16;6930;2241726901.0;;;2.52;2.49;2.52;2.49;2.49;2.49;0.0;0.0
98131;547291;2018-02-23;FRC;M18;;;14;4920;1587631355.0;;;2.65;2.6;2.65;2.62;2.6;2.6;0.0;0.0
98132;547292;2018-02-23;FRC;N18;;;27;8300;2672243000.0;;;2.65;2.61;2.65;2.62;2.62;2.62;0.0;0.0
98133;547293;2018-02-23;FRC;Q18;;;0;0;0.0;;;0.0;0.0;0.0;0.0;0.0;2.67;0.0;0.0
98134;547294;2018-02-23;FRC;U18;;;0;0;0.0;;;0.0;0.0;0.0;0.0;0.0;2.7;0.0;0.0
98135;547295;2018-02-23;FRC;V18;;;15;5300;1693225258.0;;;2.81;2.79;2.81;2.79;2.79;2.79;0.0;0.0
98136;547296;2018-02-23;FRC;X18;;;3;300;95532441.0;;;2.89;2.89;2.89;2.89;2.89;2.89;0.0;0.0
98137;547297;2018-02-23;FRC;Z18;;;4;1100;349506861.0;;;2.9;2.9;2.9;2.9;2.9;2.9;0.0;0.0
98138;547298;2018-02-23;FRC;F19;;;39;17770;5631624932.0;;;2.97;2.94;2.97;2.94;2.94;2.94;0.0;0.0
98139;547299;2018-02-23;FRC;G19;;;6;4070;1285788279.0;;;3.0;2.98;3.0;3.0;2.98;2.98;0.0;0.0
98140;547300;2018-02-23;FRC;J19;;;0;0;0.0;;;0.0;0.0;0.0;0.0;0.0;3.07;0.0;0.0
98141;547301;2018-02-23;FRC;N19;;;0;0;0.0;;;0.0;0.0;0.0;0.0;0.0;3.14;0.0;0.0
98142;547302;2018-02-23;FRC;V19;;;10;3190;984751170.0;;;3.27;3.21;3.27;3.22;3.21;3.21;0.0;0.0
98143;547303;2018-02-23;FRC;F20;;;18;5640;1724391745.0;;;3.37;3.29;3.37;3.31;3.29;3.29;0.0;0.0
98144;547304;2018-02-23;FRC;J20;;;1;100;30260313.0;;;3.38;3.38;3.38;3.38;3.38;3.38;0.0;0.0
98145;547305;2018-02-23;FRC;N20;;;1;40;12011699.0;;;3.47;3.47;3.47;3.47;3.47;3.47;0.0;0.0
98146;547306;2018-02-23;FRC;V20;;;0;0;0.0;;;0.0;0.0;0.0;0.0;0.0;3.54;0.0;0.0
98147;547307;2018-02-23;FRC;F21;;;18;6830;2008153085.0;;;3.65;3.6;3.67;3.63;3.6;3.6;0.0;0.0
98148;547308;2018-02-23;FRC;J21;;;1;100;29187276.0;;;3.66;3.66;3.66;3.66;3.66;3.66;0.0;0.0
98149;547309;2018-02-23;FRC;N21;;;6;2690;775519738.0;;;3.75;3.69;3.76;3.74;3.69;3.69;0.0;0.0
98150;547310;2018-02-23;FRC;V21;;;0;0;0.0;;;0.0;0.0;0.0;0.0;0.0;3.74;0.0;0.0
98151;547311;2018-02-23;FRC;F22;;;11;2030;573349085.0;;;3.87;3.81;3.87;3.83;3.81;3.81;0.0;0.0
98152;547312;2018-02-23;FRC;J22;;;0;0;0.0;;;0.0;0.0;0.0;0.0;0.0;3.87;0.0;0.0
98153;547313;2018-02-23;FRC;N22;;;0;0;0.0;;;0.0;0.0;0.0;0.0;0.0;3.94;0.0;0.0
98154;547314;2018-02-23;FRC;V22;;;0;0;0.0;;;0.0;0.0;0.0;0.0;0.0;3.96;0.0;0.0
98155;547315;2018-02-23;FRC;F23;;;9;1000;272106584.0;;;3.98;3.98;3.98;3.98;3.98;3.98;0.0;0.0
98156;547316;2018-02-23;FRC;N23;;;0;0;0.0;;;0.0;0.0;0.0;0.0;0.0;4.08;0.0;0.0
98157;547317;2018-02-23;FRC;F24;;;0;0;0.0;;;0.0;0.0;0.0;0.0;0.0;4.13;0.0;0.0
98158;547318;2018-02-23;FRC;N24;;;0;0;0.0;;;0.0;0.0;0.0;0.0;0.0;4.19;0.0;0.0
98159;547319;2018-02-23;FRC;F25;;;11;2280;570806470.0;;;4.32;4.26;4.32;4.27;4.26;4.26;0.0;0.0
98160;547320;2018-02-23;FRC;F26;;;0;0;0.0;;;0.0;0.0;0.0;0.0;0.0;4.4;0.0;0.0
98161;547321;2018-02-23;FRC;F27;;;1;100;23121672.0;;;4.47;4.47;4.47;4.47;4.47;4.47;0.0;0.0
98162;547322;2018-02-23;FRC;F28;;;1;100;22365112.0;;;4.56;4.56;4.56;4.56;4.56;4.56;0.0;0.0
98163;547323;2018-02-23;FRC;F29;;;0;0;0.0;;;0.0;0.0;0.0;0.0;0.0;4.77;0.0;0.0
98164;547324;2018-02-23;FRC;F30;;;0;0;0.0;;;0.0;0.0;0.0;0.0;0.0;4.83;0.0;0.0
98165;547493;2018-02-26;FRC;J18;;;227;240270;77677385315.0;;;2.39;2.33;2.4;2.36;2.33;2.34;0.0;0.0
98166;547494;2018-02-26;FRC;K18;;;25;15100;4871326601.0;;;2.47;2.45;2.47;2.45;2.45;2.45;0.0;0.0
98167;547495;2018-02-26;FRC;M18;;;1;10;3229028.0;;;2.57;2.57;2.57;2.57;2.57;2.56;0.0;0.0
98168;547496;2018-02-26;FRC;N18;;;23;4510;1448027576.0;;;2.6;2.57;2.6;2.58;2.57;2.58;0.0;0.0
98169;547497;2018-02-26;FRC;Q18;;;0;0;0.0;;;0.0;0.0;0.0;0.0;0.0;2.63;0.0;0.0
98170;547498;2018-02-26;FRC;U18;;;1;100;32013501.0;;;2.67;2.67;2.67;2.67;2.67;2.67;0.0;0.0
98171;547499;2018-02-26;FRC;V18;;;9;2600;828880031.0;;;2.75;2.74;2.75;2.74;2.74;2.75;0.0;0.0
98172;547500;2018-02-26;FRC;X18;;;0;0;0.0;;;0.0;0.0;0.0;0.0;0.0;2.85;0.0;0.0
98173;547501;2018-02-26;FRC;Z18;;;8;1800;570835503.0;;;2.87;2.86;2.87;2.86;2.86;2.87;0.0;0.0
98174;547502;2018-02-26;FRC;F19;;;11;4800;1517149846.0;;;2.9;2.9;2.99;2.91;2.99;2.91;0.0;0.0
98175;547503;2018-02-26;FRC;G19;;;0;0;0.0;;;0.0;0.0;0.0;0.0;0.0;2.95;0.0;0.0
98176;547504;2018-02-26;FRC;J19;;;1;40;12585879.0;;;3.05;3.05;3.05;3.05;3.05;3.04;0.0;0.0
98177;547505;2018-02-26;FRC;N19;;;0;0;0.0;;;0.0;0.0;0.0;0.0;0.0;3.11;0.0;0.0
98178;547506;2018-02-26;FRC;V19;;;2;400;123360947.0;;;3.17;3.17;3.17;3.17;3.17;3.18;0.0;0.0
98179;547507;2018-02-26;FRC;F20;;;8;1710;521994829.0;;;3.29;3.25;3.29;3.26;3.25;3.25;0.0;0.0
98180;547508;2018-02-26;FRC;J20;;;0;0;0.0;;;0.0;0.0;0.0;0.0;0.0;3.34;0.0;0.0
98181;547509;2018-02-26;FRC;N20;;;3;500;149565067.0;;;3.44;3.43;3.44;3.43;3.43;3.44;0.0;0.0
98182;547510;2018-02-26;FRC;V20;;;0;0;0.0;;;0.0;0.0;0.0;0.0;0.0;3.51;0.0;0.0
98183;547511;2018-02-26;FRC;F21;;;10;2000;587649904.0;;;3.6;3.56;3.6;3.57;3.56;3.56;0.0;0.0
98184;547512;2018-02-26;FRC;J21;;;0;0;0.0;;;0.0;0.0;0.0;0.0;0.0;3.62;0.0;0.0
98185;547513;2018-02-26;FRC;N21;;;0;0;0.0;;;0.0;0.0;0.0;0.0;0.0;3.65;0.0;0.0
98186;547514;2018-02-26;FRC;V21;;;0;0;0.0;;;0.0;0.0;0.0;0.0;0.0;3.7;0.0;0.0
98187;547515;2018-02-26;FRC;F22;;;3;300;84639358.0;;;3.77;3.77;3.77;3.77;3.77;3.77;0.0;0.0
98188;547516;2018-02-26;FRC;J22;;;0;0;0.0;;;0.0;0.0;0.0;0.0;0.0;3.83;0.0;0.0
98189;547517;2018-02-26;FRC;N22;;;0;0;0.0;;;0.0;0.0;0.0;0.0;0.0;3.9;0.0;0.0
98190;547518;2018-02-26;FRC;V22;;;0;0;0.0;;;0.0;0.0;0.0;0.0;0.0;3.93;0.0;0.0
98191;547519;2018-02-26;FRC;F23;;;12;1650;447968350.0;;;3.98;3.95;3.98;3.95;3.95;3.95;0.0;0.0
98192;547520;2018-02-26;FRC;N23;;;0;0;0.0;;;0.0;0.0;0.0;0.0;0.0;4.05;0.0;0.0
98193;547521;2018-02-26;FRC;F24;;;0;0;0.0;;;0.0;0.0;0.0;0.0;0.0;4.1;0.0;0.0
98194;547522;2018-02-26;FRC;N24;;;0;0;0.0;;;0.0;0.0;0.0;0.0;0.0;4.16;0.0;0.0
98195;547523;2018-02-26;FRC;F25;;;3;420;104983461.0;;;4.26;4.26;4.26;4.26;4.26;4.23;0.0;0.0
98196;547524;2018-02-26;FRC;F26;;;0;0;0.0;;;0.0;0.0;0.0;0.0;0.0;4.38;0.0;0.0
98197;547525;2018-02-26;FRC;F27;;;4;400;92270647.0;;;4.46;4.46;4.46;4.46;4.46;4.46;0.0;0.0
98198;547526;2018-02-26;FRC;F28;;;4;600;133734820.0;;;4.54;4.54;4.55;4.54;4.55;4.54;0.0;0.0
98199;547527;2018-02-26;FRC;F29;;;0;0;0.0;;;0.0;0.0;0.0;0.0;0.0;4.75;0.0;0.0
98200;547528;2018-02-26;FRC;F30;;;0;0;0.0;;;0.0;0.0;0.0;0.0;0.0;4.81;0.0;0.0
98201;547697;2018-02-27;FRC;K18;;;10;6710;2164424906.0;;;2.56;2.55;2.56;2.55;2.56;2.55;0.0;0.0
98202;547698;2018-02-27;FRC;M18;;;5;1110;357317564.0;;;2.67;2.67;2.67;2.67;2.67;2.67;0.0;0.0
98203;547699;2018-02-27;FRC;N18;;;11;7410;2379229387.0;;;2.66;2.65;2.66;2.65;2.66;2.65;0.0;0.0
98204;547700;2018-02-27;FRC;Q18;;;3;310;99253497.0;;;2.7;2.7;2.72;2.72;2.72;2.72;0.0;0.0
98205;547701;2018-02-27;FRC;U18;;;1;10;3213372.0;;;2.73;2.73;2.73;2.73;2.73;2.74;0.0;0.0
98206;547702;2018-02-27;FRC;V18;;;10;1610;513266429.0;;;2.82;2.82;2.83;2.82;2.83;2.83;0.0;0.0
98207;547703;2018-02-27;FRC;X18;;;2;200;63437214.0;;;2.93;2.93;2.93;2.93;2.93;2.93;0.0;0.0
98208;547704;2018-02-27;FRC;Z18;;;6;1100;348455692.0;;;2.93;2.93;2.94;2.93;2.94;2.93;0.0;0.0
98209;547705;2018-02-27;FRC;F19;;;25;14720;4650853056.0;;;2.97;2.97;3.0;3.0;3.0;3.0;0.0;0.0
98210;547706;2018-02-27;FRC;G19;;;12;8650;2725134817.0;;;3.03;3.03;3.03;3.03;3.03;3.03;0.0;0.0
98211;547707;2018-02-27;FRC;J19;;;7;1400;438800101.0;;;3.08;3.08;3.08;3.08;3.08;3.08;0.0;0.0
98212;547708;2018-02-27;FRC;N19;;;0;0;0.0;;;0.0;0.0;0.0;0.0;0.0;3.16;0.0;0.0
98213;547709;2018-02-27;FRC;V19;;;1;300;92398846.0;;;3.25;3.25;3.25;3.25;3.25;3.24;0.0;0.0
98214;547710;2018-02-27;FRC;F20;;;7;2710;826523978.0;;;3.29;3.29;3.33;3.32;3.33;3.33;0.0;0.0
98215;547711;2018-02-27;FRC;J20;;;0;0;0.0;;;0.0;0.0;0.0;0.0;0.0;3.42;0.0;0.0
98216;547712;2018-02-27;FRC;N20;;;0;0;0.0;;;0.0;0.0;0.0;0.0;0.0;3.52;0.0;0.0
98217;547713;2018-02-27;FRC;V20;;;0;0;0.0;;;0.0;0.0;0.0;0.0;0.0;3.59;0.0;0.0
98218;547714;2018-02-27;FRC;F21;;;16;2240;657386536.0;;;3.59;3.59;3.64;3.63;3.64;3.64;0.0;0.0
98219;547715;2018-02-27;FRC;J21;;;0;0;0.0;;;0.0;0.0;0.0;0.0;0.0;3.7;0.0;0.0
98220;547716;2018-02-27;FRC;N21;;;0;0;0.0;;;0.0;0.0;0.0;0.0;0.0;3.73;0.0;0.0
98221;547717;2018-02-27;FRC;V21;;;0;0;0.0;;;0.0;0.0;0.0;0.0;0.0;3.78;0.0;0.0
98222;547718;2018-02-27;FRC;F22;;;1;10;2865214.0;;;3.8;3.8;3.8;3.8;3.8;3.84;0.0;0.0
98223;547719;2018-02-27;FRC;J22;;;0;0;0.0;;;0.0;0.0;0.0;0.0;0.0;3.89;0.0;0.0
98224;547720;2018-02-27;FRC;N22;;;0;0;0.0;;;0.0;0.0;0.0;0.0;0.0;3.96;0.0;0.0
98225;547721;2018-02-27;FRC;V22;;;5;500;136977124.0;;;3.99;3.99;3.99;3.99;3.99;3.99;0.0;0.0
98226;547722;2018-02-27;FRC;F23;;;10;1410;381033329.0;;;3.97;3.97;4.05;4.04;4.05;4.05;0.0;0.0
98227;547723;2018-02-27;FRC;N23;;;0;0;0.0;;;0.0;0.0;0.0;0.0;0.0;4.13;0.0;0.0
98228;547724;2018-02-27;FRC;F24;;;5;350;91239562.0;;;4.12;4.12;4.15;4.14;4.15;4.15;0.0;0.0
98229;547725;2018-02-27;FRC;N24;;;0;0;0.0;;;0.0;0.0;0.0;0.0;0.0;4.22;0.0;0.0
98230;547726;2018-02-27;FRC;F25;;;5;410;102188063.0;;;4.25;4.25;4.31;4.3;4.31;4.31;0.0;0.0
98231;547727;2018-02-27;FRC;F26;;;2;410;97989211.0;;;4.39;4.39;4.46;4.46;4.46;4.45;0.0;0.0
98232;547728;2018-02-27;FRC;F27;;;2;210;48457839.0;;;4.47;4.47;4.51;4.5;4.51;4.53;0.0;0.0
98233;547729;2018-02-27;FRC;F28;;;2;710;157671810.0;;;4.55;4.55;4.6;4.6;4.6;4.61;0.0;0.0
98234;547730;2018-02-27;FRC;F29;;;0;0;0.0;;;0.0;0.0;0.0;0.0;0.0;4.82;0.0;0.0
98235;547731;2018-02-27;FRC;F30;;;0;0;0.0;;;0.0;0.0;0.0;0.0;0.0;4.88;0.0;0.0
98236;547901;2018-02-28;FRC;K18;;;19;20400;6578852679.0;;;2.55;2.55;2.59;2.58;2.59;2.58;0.0;0.0
98237;547902;2018-02-28;FRC;M18;;;4;3200;1029662403.0;;;2.71;2.71;2.72;2.71;2.72;2.71;0.0;0.0
98238;547903;2018-02-28;FRC;N18;;;21;9010;2892456964.0;;;2.69;2.69;2.69;2.69;2.69;2.69;0.0;0.0
98239;547904;2018-02-28;FRC;Q18;;;0;0;0.0;;;0.0;0.0;0.0;0.0;0.0;2.76;0.0;0.0
98240;547905;2018-02-28;FRC;U18;;;0;0;0.0;;;0.0;0.0;0.0;0.0;0.0;2.77;0.0;0.0
98241;547906;2018-02-28;FRC;V18;;;9;2400;764508836.0;;;2.86;2.86;2.86;2.86;2.86;2.86;0.0;0.0
98242;547907;2018-02-28;FRC;X18;;;0;0;0.0;;;0.0;0.0;0.0;0.0;0.0;2.97;0.0;0.0
98243;547908;2018-02-28;FRC;Z18;;;4;1000;316679392.0;;;2.98;2.98;2.98;2.98;2.98;2.98;0.0;0.0
98244;547909;2018-02-28;FRC;F19;;;16;3900;1231417496.0;;;3.05;3.05;3.05;3.05;3.05;3.05;0.0;0.0
98245;547910;2018-02-28;FRC;G19;;;6;700;220069851.0;;;3.08;3.08;3.08;3.08;3.08;3.08;0.0;0.0
98246;547911;2018-02-28;FRC;J19;;;5;500;156651434.0;;;3.13;3.13;3.13;3.13;3.13;3.13;0.0;0.0
98247;547912;2018-02-28;FRC;N19;;;9;900;279321573.0;;;3.2;3.2;3.2;3.2;3.2;3.2;0.0;0.0
98248;547913;2018-02-28;FRC;V19;;;10;1500;461271058.0;;;3.3;3.3;3.3;3.3;3.3;3.3;0.0;0.0
98249;547914;2018-02-28;FRC;F20;;;11;2500;761457937.0;;;3.37;3.37;3.37;3.37;3.37;3.37;0.0;0.0
98250;547915;2018-02-28;FRC;J20;;;1;100;30117720.0;;;3.46;3.46;3.46;3.46;3.46;3.46;0.0;0.0
98251;547916;2018-02-28;FRC;N20;;;1;100;29966324.0;;;3.55;3.55;3.55;3.55;3.55;3.55;0.0;0.0
98252;547917;2018-02-28;FRC;V20;;;4;400;118623547.0;;;3.62;3.62;3.62;3.62;3.62;3.62;0.0;0.0
98253;547918;2018-02-28;FRC;F21;;;11;2870;840749587.0;;;3.68;3.68;3.68;3.68;3.68;3.68;0.0;0.0
98254;547919;2018-02-28;FRC;J21;;;0;0;0.0;;;0.0;0.0;0.0;0.0;0.0;3.74;0.0;0.0
98255;547920;2018-02-28;FRC;N21;;;0;0;0.0;;;0.0;0.0;0.0;0.0;0.0;3.77;0.0;0.0
98256;547921;2018-02-28;FRC;V21;;;0;0;0.0;;;0.0;0.0;0.0;0.0;0.0;3.82;0.0;0.0
98257;547922;2018-02-28;FRC;F22;;;4;1600;450347637.0;;;3.87;3.87;3.88;3.87;3.88;3.87;0.0;0.0
98258;547923;2018-02-28;FRC;J22;;;0;0;0.0;;;0.0;0.0;0.0;0.0;0.0;3.92;0.0;0.0
98259;547924;2018-02-28;FRC;N22;;;0;0;0.0;;;0.0;0.0;0.0;0.0;0.0;3.99;0.0;0.0
98260;547925;2018-02-28;FRC;V22;;;0;0;0.0;;;0.0;0.0;0.0;0.0;0.0;4.01;0.0;0.0
98261;547926;2018-02-28;FRC;F23;;;10;1300;351577683.0;;;4.05;4.05;4.05;4.05;4.05;4.05;0.0;0.0
98262;547927;2018-02-28;FRC;N23;;;0;0;0.0;;;0.0;0.0;0.0;0.0;0.0;4.13;0.0;0.0
98263;547928;2018-02-28;FRC;F24;;;0;0;0.0;;;0.0;0.0;0.0;0.0;0.0;4.15;0.0;0.0
98264;547929;2018-02-28;FRC;N24;;;0;0;0.0;;;0.0;0.0;0.0;0.0;0.0;4.22;0.0;0.0
98265;547930;2018-02-28;FRC;F25;;;0;0;0.0;;;0.0;0.0;0.0;0.0;0.0;4.32;0.0;0.0
98266;547931;2018-02-28;FRC;F26;;;0;0;0.0;;;0.0;0.0;0.0;0.0;0.0;4.44;0.0;0.0
98267;547932;2018-02-28;FRC;F27;;;3;300;69026413.0;;;4.5;4.5;4.5;4.5;4.5;4.5;0.0;0.0
98268;547933;2018-02-28;FRC;F28;;;0;0;0.0;;;0.0;0.0;0.0;0.0;0.0;4.58;0.0;0.0
98269;547934;2018-02-28;FRC;F29;;;0;0;0.0;;;0.0;0.0;0.0;0.0;0.0;4.79;0.0;0.0
98270;547935;2018-02-28;FRC;F30;;;0;0;0.0;;;0.0;0.0;0.0;0.0;0.0;4.85;0.0;0.0
98271;548108;2018-03-01;FRC;K18;;;42;45080;14607384784.0;;;2.58;2.55;2.65;2.61;2.65;2.65;0.0;0.0
98272;548109;2018-03-01;FRC;M18;;;17;4620;1493948305.0;;;2.71;2.69;2.76;2.74;2.74;2.76;0.0;0.0
98273;548110;2018-03-01;FRC;N18;;;52;19290;6219882327.0;;;2.69;2.68;2.74;2.72;2.71;2.74;0.0;0.0
98274;548111;2018-03-01;FRC;Q18;;;9;1350;434186814.0;;;2.76;2.76;2.8;2.8;2.8;2.8;0.0;0.0
98275;548112;2018-03-01;FRC;U18;;;1;70;22433558.0;;;2.77;2.77;2.77;2.77;2.77;2.8;0.0;0.0
98276;548113;2018-03-01;FRC;V18;;;11;2550;816314930.0;;;2.86;2.86;2.89;2.88;2.89;2.89;0.0;0.0
98277;548114;2018-03-01;FRC;X18;;;6;740;236052356.0;;;2.97;2.97;3.0;3.0;3.0;3.0;0.0;0.0
98278;548115;2018-03-01;FRC;Z18;;;3;700;222707491.0;;;3.02;3.02;3.02;3.02;3.02;3.02;0.0;0.0
98279;548116;2018-03-01;FRC;F19;;;55;21580;6848321514.0;;;3.05;3.03;3.07;3.05;3.07;3.07;0.0;0.0
98280;548117;2018-03-01;FRC;G19;;;9;2300;727424029.0;;;3.1;3.1;3.1;3.1;3.1;3.1;0.0;0.0
98281;548118;2018-03-01;FRC;H19;;;0;0;0.0;;;0.0;0.0;0.0;0.0;0.0;3.15;0.0;0.0
98282;548119;2018-03-01;FRC;J19;;;0;0;0.0;;;0.0;0.0;0.0;0.0;0.0;3.15;0.0;0.0
98283;548120;2018-03-01;FRC;N19;;;1;10;3183630.0;;;3.2;3.2;3.2;3.2;3.2;3.22;0.0;0.0
98284;548121;2018-03-01;FRC;V19;;;1;50;15520195.0;;;3.3;3.3;3.3;3.3;3.3;3.32;0.0;0.0
98285;548122;2018-03-01;FRC;F20;;;17;5810;1779451691.0;;;3.37;3.36;3.38;3.37;3.38;3.38;0.0;0.0
98286;548123;2018-03-01;FRC;J20;;;1;10;2977386.0;;;3.46;3.46;3.46;3.46;3.46;3.46;0.0;0.0
98287;548124;2018-03-01;FRC;N20;;;5;380;114365394.0;;;3.55;3.54;3.55;3.54;3.54;3.54;0.0;0.0
98288;548125;2018-03-01;FRC;V20;;;2;20;5894612.0;;;3.62;3.62;3.62;3.62;3.62;3.61;0.0;0.0
98289;548126;2018-03-01;FRC;F21;;;11;1670;491850419.0;;;3.68;3.67;3.68;3.67;3.67;3.67;0.0;0.0
98290;548127;2018-03-01;FRC;J21;;;0;0;0.0;;;0.0;0.0;0.0;0.0;0.0;3.73;0.0;0.0
98291;548128;2018-03-01;FRC;N21;;;0;0;0.0;;;0.0;0.0;0.0;0.0;0.0;3.76;0.0;0.0
98292;548129;2018-03-01;FRC;V21;;;0;0;0.0;;;0.0;0.0;0.0;0.0;0.0;3.8;0.0;0.0
98293;548130;2018-03-01;FRC;F22;;;2;140;39603313.0;;;3.87;3.87;3.87;3.87;3.87;3.85;0.0;0.0
98294;548131;2018-03-01;FRC;J22;;;0;0;0.0;;;0.0;0.0;0.0;0.0;0.0;3.9;0.0;0.0
98295;548132;2018-03-01;FRC;N22;;;0;0;0.0;;;0.0;0.0;0.0;0.0;0.0;3.96;0.0;0.0
98296;548133;2018-03-01;FRC;V22;;;0;0;0.0;;;0.0;0.0;0.0;0.0;0.0;3.97;0.0;0.0
98297;548134;2018-03-01;FRC;F23;;;13;1760;479084789.0;;;4.05;4.01;4.05;4.01;4.01;4.01;0.0;0.0
98298;548135;2018-03-01;FRC;N23;;;0;0;0.0;;;0.0;0.0;0.0;0.0;0.0;4.09;0.0;0.0
98299;548136;2018-03-01;FRC;F24;;;2;40;10420179.0;;;4.15;4.15;4.15;4.15;4.15;4.12;0.0;0.0
98300;548137;2018-03-01;FRC;N24;;;0;0;0.0;;;0.0;0.0;0.0;0.0;0.0;4.19;0.0;0.0
98301;548138;2018-03-01;FRC;F25;;;11;1440;360684526.0;;;4.32;4.3;4.32;4.3;4.3;4.3;0.0;0.0
98302;548139;2018-03-01;FRC;F26;;;0;0;0.0;;;0.0;0.0;0.0;0.0;0.0;4.42;0.0;0.0
98303;548140;2018-03-01;FRC;F27;;;3;300;69913059.0;;;4.47;4.47;4.47;4.47;4.47;4.47;0.0;0.0
98304;548141;2018-03-01;FRC;F28;;;0;0;0.0;;;0.0;0.0;0.0;0.0;0.0;4.55;0.0;0.0
98305;548142;2018-03-01;FRC;F29;;;0;0;0.0;;;0.0;0.0;0.0;0.0;0.0;4.76;0.0;0.0
98306;548143;2018-03-01;FRC;F30;;;0;0;0.0;;;0.0;0.0;0.0;0.0;0.0;4.82;0.0;0.0
98307;548314;2018-03-02;FRC;K18;;;49;19360;6282838363.0;;;2.63;2.63;2.74;2.72;2.72;2.72;0.0;0.0
98308;548315;2018-03-02;FRC;M18;;;11;16600;5373178914.0;;;2.82;2.8;2.82;2.81;2.8;2.82;0.0;0.0
98309;548316;2018-03-02;FRC;N18;;;14;7740;2499745535.0;;;2.74;2.74;2.77;2.76;2.76;2.76;0.0;0.0
98310;548317;2018-03-02;FRC;Q18;;;4;600;193217142.0;;;2.84;2.8;2.85;2.81;2.85;2.8;0.0;0.0
98311;548318;2018-03-02;FRC;U18;;;4;900;289297924.0;;;2.81;2.81;2.81;2.81;2.81;2.81;0.0;0.0
98312;548319;2018-03-02;FRC;V18;;;17;9400;3012474657.0;;;2.93;2.89;2.93;2.89;2.89;2.89;0.0;0.0
98313;548320;2018-03-02;FRC;X18;;;0;0;0.0;;;0.0;0.0;0.0;0.0;0.0;3.0;0.0;0.0
98314;548321;2018-03-02;FRC;Z18;;;10;3500;1115213932.0;;;3.02;3.01;3.03;3.01;3.01;3.01;0.0;0.0
98315;548322;2018-03-02;FRC;F19;;;23;27200;8641505615.0;;;3.07;3.05;3.07;3.05;3.05;3.05;0.0;0.0
98316;548323;2018-03-02;FRC;G19;;;7;1600;506794636.0;;;3.08;3.08;3.08;3.08;3.08;3.08;0.0;0.0
98317;548324;2018-03-02;FRC;H19;;;0;0;0.0;;;0.0;0.0;0.0;0.0;0.0;3.13;0.0;0.0
98318;548325;2018-03-02;FRC;J19;;;6;800;252237047.0;;;3.12;3.12;3.12;3.12;3.12;3.12;0.0;0.0
98319;548326;2018-03-02;FRC;N19;;;3;300;93706979.0;;;3.18;3.18;3.18;3.18;3.18;3.18;0.0;0.0
98320;548327;2018-03-02;FRC;V19;;;10;2200;681745660.0;;;3.3;3.27;3.3;3.27;3.27;3.27;0.0;0.0
98321;548328;2018-03-02;FRC;F20;;;23;13800;4233371576.0;;;3.38;3.34;3.38;3.36;3.34;3.35;0.0;0.0
98322;548329;2018-03-02;FRC;J20;;;0;0;0.0;;;0.0;0.0;0.0;0.0;0.0;3.43;0.0;0.0
98323;548330;2018-03-02;FRC;N20;;;4;300;90336946.0;;;3.53;3.51;3.53;3.51;3.51;3.51;0.0;0.0
98324;548331;2018-03-02;FRC;V20;;;0;0;0.0;;;0.0;0.0;0.0;0.0;0.0;3.58;0.0;0.0
98325;548332;2018-03-02;FRC;F21;;;11;7960;2347726621.0;;;3.67;3.6;3.67;3.64;3.62;3.63;0.0;0.0
98326;548333;2018-03-02;FRC;J21;;;0;0;0.0;;;0.0;0.0;0.0;0.0;0.0;3.69;0.0;0.0
98327;548334;2018-03-02;FRC;N21;;;0;0;0.0;;;0.0;0.0;0.0;0.0;0.0;3.72;0.0;0.0
98328;548335;2018-03-02;FRC;V21;;;0;0;0.0;;;0.0;0.0;0.0;0.0;0.0;3.76;0.0;0.0
98329;548336;2018-03-02;FRC;F22;;;18;5220;1481163081.0;;;3.83;3.81;3.83;3.81;3.81;3.81;0.0;0.0
98330;548337;2018-03-02;FRC;J22;;;0;0;0.0;;;0.0;0.0;0.0;0.0;0.0;3.86;0.0;0.0
98331;548338;2018-03-02;FRC;N22;;;0;0;0.0;;;0.0;0.0;0.0;0.0;0.0;3.91;0.0;0.0
98332;548339;2018-03-02;FRC;V22;;;0;0;0.0;;;0.0;0.0;0.0;0.0;0.0;3.92;0.0;0.0
98333;548340;2018-03-02;FRC;F23;;;13;3100;846150505.0;;;3.96;3.96;3.97;3.96;3.97;3.96;0.0;0.0
98334;548341;2018-03-02;FRC;N23;;;0;0;0.0;;;0.0;0.0;0.0;0.0;0.0;4.0;0.0;0.0
98335;548342;2018-03-02;FRC;F24;;;6;500;131386077.0;;;4.11;4.11;4.11;4.11;4.11;4.03;0.0;0.0
98336;548343;2018-03-02;FRC;N24;;;0;0;0.0;;;0.0;0.0;0.0;0.0;0.0;4.1;0.0;0.0
98337;548344;2018-03-02;FRC;F25;;;7;1580;397742909.0;;;4.25;4.24;4.25;4.24;4.25;4.21;0.0;0.0
98338;548345;2018-03-02;FRC;F26;;;0;0;0.0;;;0.0;0.0;0.0;0.0;0.0;4.33;0.0;0.0
98339;548346;2018-03-02;FRC;F27;;;5;2500;582129413.0;;;4.46;4.45;4.46;4.45;4.45;4.38;0.0;0.0
98340;548347;2018-03-02;FRC;F28;;;2;300;67300602.0;;;4.54;4.54;4.54;4.54;4.54;4.46;0.0;0.0
98341;548348;2018-03-02;FRC;F29;;;0;0;0.0;;;0.0;0.0;0.0;0.0;0.0;4.67;0.0;0.0
98342;548349;2018-03-02;FRC;F30;;;0;0;0.0;;;0.0;0.0;0.0;0.0;0.0;4.73;0.0;0.0
98343;548519;2018-03-05;FRC;K18;;;27;23150;7502112020.0;;;2.72;2.68;2.73;2.69;2.68;2.68;0.0;0.0
98344;548520;2018-03-05;FRC;M18;;;11;6060;1959278334.0;;;2.82;2.79;2.82;2.8;2.79;2.79;0.0;0.0
98345;548521;2018-03-05;FRC;N18;;;33;15370;4958547385.0;;;2.76;2.73;2.76;2.73;2.73;2.73;0.0;0.0
98346;548522;2018-03-05;FRC;Q18;;;5;3000;965436804.0;;;2.77;2.77;2.77;2.77;2.77;2.77;0.0;0.0
98347;548523;2018-03-05;FRC;U18;;;3;600;192585856.0;;;2.77;2.77;2.77;2.77;2.77;2.77;0.0;0.0
98348;548524;2018-03-05;FRC;V18;;;15;6990;2238004579.0;;;2.91;2.85;2.91;2.85;2.85;2.85;0.0;0.0
98349;548525;2018-03-05;FRC;X18;;;1;100;31870955.0;;;2.96;2.96;2.96;2.96;2.96;2.96;0.0;0.0
98350;548526;2018-03-05;FRC;Z18;;;5;2000;636596136.0;;;2.96;2.96;2.96;2.96;2.96;2.96;0.0;0.0
98351;548527;2018-03-05;FRC;F19;;;36;19970;6340379927.0;;;3.05;3.0;3.05;3.01;3.0;3.0;0.0;0.0
98352;548528;2018-03-05;FRC;G19;;;7;1800;570269425.0;;;3.02;3.02;3.02;3.02;3.02;3.02;0.0;0.0
98353;548529;2018-03-05;FRC;H19;;;0;0;0.0;;;0.0;0.0;0.0;0.0;0.0;3.07;0.0;0.0
98354;548530;2018-03-05;FRC;J19;;;0;0;0.0;;;0.0;0.0;0.0;0.0;0.0;3.06;0.0;0.0
98355;548531;2018-03-05;FRC;N19;;;0;0;0.0;;;0.0;0.0;0.0;0.0;0.0;3.13;0.0;0.0
98356;548532;2018-03-05;FRC;V19;;;1;500;154844141.0;;;3.22;3.22;3.22;3.22;3.22;3.22;0.0;0.0
98357;548533;2018-03-05;FRC;F20;;;15;4300;1318336692.0;;;3.3;3.3;3.3;3.3;3.3;3.3;0.0;0.0
98358;548534;2018-03-05;FRC;J20;;;1;40;12080460.0;;;3.42;3.42;3.42;3.42;3.42;3.38;0.0;0.0
98359;548535;2018-03-05;FRC;N20;;;0;0;0.0;;;0.0;0.0;0.0;0.0;0.0;3.45;0.0;0.0
98360;548536;2018-03-05;FRC;V20;;;0;0;0.0;;;0.0;0.0;0.0;0.0;0.0;3.52;0.0;0.0
98361;548537;2018-03-05;FRC;F21;;;18;4100;1211061291.0;;;3.56;3.56;3.56;3.56;3.56;3.56;0.0;0.0
98362;548538;2018-03-05;FRC;J21;;;0;0;0.0;;;0.0;0.0;0.0;0.0;0.0;3.62;0.0;0.0
98363;548539;2018-03-05;FRC;N21;;;0;0;0.0;;;0.0;0.0;0.0;0.0;0.0;3.65;0.0;0.0
98364;548540;2018-03-05;FRC;V21;;;0;0;0.0;;;0.0;0.0;0.0;0.0;0.0;3.69;0.0;0.0
98365;548541;2018-03-05;FRC;F22;;;3;600;170617546.0;;;3.74;3.74;3.76;3.75;3.76;3.74;0.0;0.0
98366;548542;2018-03-05;FRC;J22;;;0;0;0.0;;;0.0;0.0;0.0;0.0;0.0;3.8;0.0;0.0
98367;548543;2018-03-05;FRC;N22;;;0;0;0.0;;;0.0;0.0;0.0;0.0;0.0;3.86;0.0;0.0
98368;548544;2018-03-05;FRC;V22;;;0;0;0.0;;;0.0;0.0;0.0;0.0;0.0;3.89;0.0;0.0
98369;548545;2018-03-05;FRC;F23;;;7;1200;327364040.0;;;3.94;3.94;3.94;3.94;3.94;3.94;0.0;0.0
98370;548546;2018-03-05;FRC;N23;;;0;0;0.0;;;0.0;0.0;0.0;0.0;0.0;3.99;0.0;0.0
98371;548547;2018-03-05;FRC;F24;;;3;500;131441167.0;;;4.04;4.04;4.04;4.04;4.04;4.04;0.0;0.0
98372;548548;2018-03-05;FRC;N24;;;2;830;213947244.0;;;4.1;4.1;4.1;4.1;4.1;4.11;0.0;0.0
98373;548549;2018-03-05;FRC;F25;;;13;2600;655879491.0;;;4.21;4.21;4.21;4.21;4.21;4.21;0.0;0.0
98374;548550;2018-03-05;FRC;F26;;;4;450;109145621.0;;;4.35;4.35;4.35;4.35;4.35;4.35;0.0;0.0
98375;548551;2018-03-05;FRC;F27;;;3;300;70086227.0;;;4.4;4.4;4.4;4.4;4.4;4.4;0.0;0.0
98376;548552;2018-03-05;FRC;F28;;;4;400;89745302.0;;;4.5;4.5;4.5;4.5;4.5;4.5;0.0;0.0
98377;548553;2018-03-05;FRC;F29;;;0;0;0.0;;;0.0;0.0;0.0;0.0;0.0;4.71;0.0;0.0
98378;548554;2018-03-05;FRC;F30;;;0;0;0.0;;;0.0;0.0;0.0;0.0;0.0;4.77;0.0;0.0
98379;548724;2018-03-06;FRC;K18;;;27;48280;15555821670.0;;;2.68;2.63;2.68;2.66;2.63;2.66;0.0;0.0
98380;548725;2018-03-06;FRC;M18;;;15;7060;2269383441.0;;;2.75;2.75;2.82;2.76;2.75;2.77;0.0;0.0
98381;548726;2018-03-06;FRC;N18;;;41;27870;8938948371.0;;;2.71;2.67;2.71;2.68;2.67;2.69;0.0;0.0
98382;548727;2018-03-06;FRC;Q18;;;2;20;6428498.0;;;2.71;2.71;2.73;2.71;2.73;2.73;0.0;0.0
98383;548728;2018-03-06;FRC;U18;;;6;1000;319425465.0;;;2.72;2.72;2.72;2.72;2.72;2.72;0.0;0.0
98384;548729;2018-03-06;FRC;V18;;;20;6800;2165250463.0;;;2.81;2.79;2.81;2.8;2.79;2.81;0.0;0.0
98385;548730;2018-03-06;FRC;X18;;;7;820;260266970.0;;;2.93;2.9;2.93;2.9;2.9;2.9;0.0;0.0
98386;548731;2018-03-06;FRC;Z18;;;0;0;0.0;;;0.0;0.0;0.0;0.0;0.0;2.91;0.0;0.0
98387;548732;2018-03-06;FRC;F19;;;38;25350;8003950183.0;;;2.98;2.96;2.98;2.97;2.98;2.96;0.0;0.0
98388;548733;2018-03-06;FRC;G19;;;5;2600;818922698.0;;;2.99;2.99;2.99;2.99;2.99;2.99;0.0;0.0
98389;548734;2018-03-06;FRC;H19;;;2;600;188363532.0;;;3.0;3.0;3.0;3.0;3.0;3.0;0.0;0.0
98390;548735;2018-03-06;FRC;J19;;;5;1300;407194509.0;;;3.03;3.03;3.03;3.03;3.03;3.03;0.0;0.0
98391;548736;2018-03-06;FRC;N19;;;1;100;31032160.0;;;3.1;3.1;3.1;3.1;3.1;3.1;0.0;0.0
98392;548737;2018-03-06;FRC;V19;;;6;600;184416560.0;;;3.2;3.17;3.2;3.17;3.17;3.17;0.0;0.0
98393;548738;2018-03-06;FRC;F20;;;39;18610;5674567949.0;;;3.3;3.29;3.31;3.3;3.3;3.3;0.0;0.0
98394;548739;2018-03-06;FRC;J20;;;0;0;0.0;;;0.0;0.0;0.0;0.0;0.0;3.37;0.0;0.0
98395;548740;2018-03-06;FRC;N20;;;0;0;0.0;;;0.0;0.0;0.0;0.0;0.0;3.43;0.0;0.0
98396;548741;2018-03-06;FRC;V20;;;0;0;0.0;;;0.0;0.0;0.0;0.0;0.0;3.5;0.0;0.0
98397;548742;2018-03-06;FRC;F21;;;31;15810;4644555425.0;;;3.55;3.53;3.55;3.53;3.54;3.53;0.0;0.0
98398;548743;2018-03-06;FRC;J21;;;0;0;0.0;;;0.0;0.0;0.0;0.0;0.0;3.59;0.0;0.0
98399;548744;2018-03-06;FRC;N21;;;0;0;0.0;;;0.0;0.0;0.0;0.0;0.0;3.62;0.0;0.0
98400;548745;2018-03-06;FRC;V21;;;0;0;0.0;;;0.0;0.0;0.0;0.0;0.0;3.66;0.0;0.0
98401;548746;2018-03-06;FRC;F22;;;6;2830;799932007.0;;;3.73;3.73;3.73;3.73;3.73;3.71;0.0;0.0
98402;548747;2018-03-06;FRC;J22;;;0;0;0.0;;;0.0;0.0;0.0;0.0;0.0;3.77;0.0;0.0
98403;548748;2018-03-06;FRC;N22;;;0;0;0.0;;;0.0;0.0;0.0;0.0;0.0;3.83;0.0;0.0
98404;548749;2018-03-06;FRC;V22;;;0;0;0.0;;;0.0;0.0;0.0;0.0;0.0;3.85;0.0;0.0
98405;548750;2018-03-06;FRC;F23;;;23;4390;1192375259.0;;;3.9;3.9;3.9;3.9;3.9;3.9;0.0;0.0
98406;548751;2018-03-06;FRC;N23;;;0;0;0.0;;;0.0;0.0;0.0;0.0;0.0;3.97;0.0;0.0
98407;548752;2018-03-06;FRC;F24;;;8;900;235319781.0;;;4.01;4.01;4.04;4.02;4.04;4.04;0.0;0.0
98408;548753;2018-03-06;FRC;N24;;;0;0;0.0;;;0.0;0.0;0.0;0.0;0.0;4.11;0.0;0.0
98409;548754;2018-03-06;FRC;F25;;;16;2240;561813478.0;;;4.17;4.17;4.2;4.2;4.19;4.2;0.0;0.0
98410;548755;2018-03-06;FRC;F26;;;2;200;48103360.0;;;4.35;4.35;4.35;4.35;4.35;4.35;0.0;0.0
98411;548756;2018-03-06;FRC;F27;;;6;600;139316237.0;;;4.41;4.41;4.41;4.41;4.41;4.41;0.0;0.0
98412;548757;2018-03-06;FRC;F28;;;7;4000;893382577.0;;;4.5;4.5;4.51;4.5;4.51;4.5;0.0;0.0
98413;548758;2018-03-06;FRC;F29;;;0;0;0.0;;;0.0;0.0;0.0;0.0;0.0;4.71;0.0;0.0
98414;548759;2018-03-06;FRC;F30;;;0;0;0.0;;;0.0;0.0;0.0;0.0;0.0;4.77;0.0;0.0
98415;548929;2018-03-07;FRC;K18;;;41;37940;12216625077.0;;;2.63;2.63;2.67;2.65;2.65;2.65;0.0;0.0
98416;548930;2018-03-07;FRC;M18;;;17;7500;2409241504.0;;;2.77;2.75;2.77;2.75;2.75;2.75;0.0;0.0
98417;548931;2018-03-07;FRC;N18;;;87;26620;8534743137.0;;;2.69;2.67;2.69;2.67;2.67;2.67;0.0;0.0
98418;548932;2018-03-07;FRC;Q18;;;0;0;0.0;;;0.0;0.0;0.0;0.0;0.0;2.71;0.0;0.0
98419;548933;2018-03-07;FRC;U18;;;4;2000;638158750.0;;;2.69;2.69;2.69;2.69;2.69;2.69;0.0;0.0
98420;548934;2018-03-07;FRC;V18;;;15;6080;1934661956.0;;;2.81;2.79;2.82;2.79;2.79;2.79;0.0;0.0
98421;548935;2018-03-07;FRC;X18;;;2;300;95186360.0;;;2.87;2.87;2.87;2.87;2.87;2.87;0.0;0.0
98422;548936;2018-03-07;FRC;Z18;;;8;1400;442862417.0;;;2.89;2.89;2.89;2.89;2.89;2.89;0.0;0.0
98423;548937;2018-03-07;FRC;F19;;;41;33950;10713061037.0;;;2.97;2.95;2.97;2.95;2.95;2.95;0.0;0.0
98424;548938;2018-03-07;FRC;G19;;;3;500;157576965.0;;;2.97;2.97;2.97;2.97;2.97;2.97;0.0;0.0
98425;548939;2018-03-07;FRC;H19;;;0;0;0.0;;;0.0;0.0;0.0;0.0;0.0;2.98;0.0;0.0
98426;548940;2018-03-07;FRC;J19;;;6;2300;719955692.0;;;3.04;3.02;3.04;3.03;3.03;3.02;0.0;0.0
98427;548941;2018-03-07;FRC;N19;;;7;3500;1086334777.0;;;3.1;3.1;3.11;3.1;3.1;3.1;0.0;0.0
98428;548942;2018-03-07;FRC;V19;;;10;3000;923273908.0;;;3.19;3.19;3.2;3.19;3.2;3.19;0.0;0.0
98429;548943;2018-03-07;FRC;F20;;;23;10100;3077475329.0;;;3.3;3.3;3.31;3.3;3.3;3.3;0.0;0.0
98430;548944;2018-03-07;FRC;J20;;;0;0;0.0;;;0.0;0.0;0.0;0.0;0.0;3.38;0.0;0.0
98431;548945;2018-03-07;FRC;N20;;;9;920;275507484.0;;;3.45;3.45;3.45;3.45;3.45;3.45;0.0;0.0
98432;548946;2018-03-07;FRC;V20;;;0;0;0.0;;;0.0;0.0;0.0;0.0;0.0;3.53;0.0;0.0
98433;548947;2018-03-07;FRC;F21;;;7;800;234755756.0;;;3.57;3.57;3.57;3.57;3.57;3.57;0.0;0.0
98434;548948;2018-03-07;FRC;J21;;;0;0;0.0;;;0.0;0.0;0.0;0.0;0.0;3.63;0.0;0.0
98435;548949;2018-03-07;FRC;N21;;;0;0;0.0;;;0.0;0.0;0.0;0.0;0.0;3.67;0.0;0.0
98436;548950;2018-03-07;FRC;V21;;;0;0;0.0;;;0.0;0.0;0.0;0.0;0.0;3.71;0.0;0.0
98437;548951;2018-03-07;FRC;F22;;;6;430;121147039.0;;;3.71;3.71;3.77;3.76;3.77;3.77;0.0;0.0
98438;548952;2018-03-07;FRC;J22;;;0;0;0.0;;;0.0;0.0;0.0;0.0;0.0;3.83;0.0;0.0
98439;548953;2018-03-07;FRC;N22;;;0;0;0.0;;;0.0;0.0;0.0;0.0;0.0;3.89;0.0;0.0
98440;548954;2018-03-07;FRC;V22;;;0;0;0.0;;;0.0;0.0;0.0;0.0;0.0;3.9;0.0;0.0
98441;548955;2018-03-07;FRC;F23;;;24;3710;1006043323.0;;;3.9;3.9;3.95;3.92;3.95;3.95;0.0;0.0
98442;548956;2018-03-07;FRC;N23;;;0;0;0.0;;;0.0;0.0;0.0;0.0;0.0;4.02;0.0;0.0
98443;548957;2018-03-07;FRC;F24;;;0;0;0.0;;;0.0;0.0;0.0;0.0;0.0;4.1;0.0;0.0
98444;548958;2018-03-07;FRC;N24;;;0;0;0.0;;;0.0;0.0;0.0;0.0;0.0;4.17;0.0;0.0
98445;548959;2018-03-07;FRC;F25;;;4;2700;677224726.0;;;4.17;4.17;4.25;4.17;4.25;4.27;0.0;0.0
98446;548960;2018-03-07;FRC;F26;;;0;0;0.0;;;0.0;0.0;0.0;0.0;0.0;4.43;0.0;0.0
98447;548961;2018-03-07;FRC;F27;;;6;600;137858097.0;;;4.5;4.5;4.5;4.5;4.5;4.5;0.0;0.0
98448;548962;2018-03-07;FRC;F28;;;0;0;0.0;;;0.0;0.0;0.0;0.0;0.0;4.59;0.0;0.0
98449;548963;2018-03-07;FRC;F29;;;0;0;0.0;;;0.0;0.0;0.0;0.0;0.0;4.8;0.0;0.0
98450;548964;2018-03-07;FRC;F30;;;0;0;0.0;;;0.0;0.0;0.0;0.0;0.0;4.86;0.0;0.0
98451;549134;2018-03-08;FRC;K18;;;28;22800;7372730316.0;;;2.68;2.68;2.73;2.71;2.7;2.73;0.0;0.0
98452;549135;2018-03-08;FRC;M18;;;14;10600;3419179135.0;;;2.83;2.78;2.83;2.78;2.78;2.78;0.0;0.0
98453;549136;2018-03-08;FRC;N18;;;10;8550;2752376865.0;;;2.69;2.69;2.75;2.69;2.69;2.69;0.0;0.0
98454;549137;2018-03-08;FRC;Q18;;;11;2200;706126578.0;;;2.74;2.74;2.74;2.74;2.74;2.74;0.0;0.0
98455;549138;2018-03-08;FRC;U18;;;0;0;0.0;;;0.0;0.0;0.0;0.0;0.0;2.71;0.0;0.0
98456;549139;2018-03-08;FRC;V18;;;14;17600;5623652758.0;;;2.81;2.81;2.81;2.81;2.81;2.81;0.0;0.0
98457;549140;2018-03-08;FRC;X18;;;4;400;127229981.0;;;2.9;2.9;2.9;2.9;2.9;2.9;0.0;0.0
98458;549141;2018-03-08;FRC;Z18;;;8;5900;1874412787.0;;;2.92;2.92;2.93;2.92;2.93;2.92;0.0;0.0
98459;549142;2018-03-08;FRC;F19;;;28;13450;4261102786.0;;;2.96;2.96;3.05;3.0;3.0;3.0;0.0;0.0
98460;549143;2018-03-08;FRC;G19;;;16;7400;2338828892.0;;;3.02;3.02;3.02;3.02;3.02;3.02;0.0;0.0
98461;549144;2018-03-08;FRC;H19;;;0;0;0.0;;;0.0;0.0;0.0;0.0;0.0;3.03;0.0;0.0
98462;549145;2018-03-08;FRC;J19;;;0;0;0.0;;;0.0;0.0;0.0;0.0;0.0;3.07;0.0;0.0
98463;549146;2018-03-08;FRC;N19;;;1;1500;467536931.0;;;3.14;3.14;3.14;3.14;3.14;3.15;0.0;0.0
98464;549147;2018-03-08;FRC;V19;;;4;1100;339991381.0;;;3.23;3.23;3.23;3.23;3.23;3.23;0.0;0.0
98465;549148;2018-03-08;FRC;F20;;;22;4420;1351646941.0;;;3.31;3.31;3.33;3.32;3.33;3.33;0.0;0.0
98466;549149;2018-03-08;FRC;J20;;;2;300;90846608.0;;;3.38;3.38;3.38;3.38;3.38;3.41;0.0;0.0
98467;549150;2018-03-08;FRC;N20;;;0;0;0.0;;;0.0;0.0;0.0;0.0;0.0;3.48;0.0;0.0
98468;549151;2018-03-08;FRC;V20;;;0;0;0.0;;;0.0;0.0;0.0;0.0;0.0;3.56;0.0;0.0
98469;549152;2018-03-08;FRC;F21;;;5;700;206240174.0;;;3.59;3.59;3.59;3.59;3.59;3.59;0.0;0.0
98470;549153;2018-03-08;FRC;J21;;;0;0;0.0;;;0.0;0.0;0.0;0.0;0.0;3.65;0.0;0.0
98471;549154;2018-03-08;FRC;N21;;;0;0;0.0;;;0.0;0.0;0.0;0.0;0.0;3.69;0.0;0.0
98472;549155;2018-03-08;FRC;V21;;;0;0;0.0;;;0.0;0.0;0.0;0.0;0.0;3.73;0.0;0.0
98473;549156;2018-03-08;FRC;F22;;;6;600;169522888.0;;;3.78;3.78;3.78;3.78;3.78;3.78;0.0;0.0
98474;549157;2018-03-08;FRC;J22;;;0;0;0.0;;;0.0;0.0;0.0;0.0;0.0;3.84;0.0;0.0
98475;549158;2018-03-08;FRC;N22;;;2;200;55654844.0;;;3.85;3.85;3.85;3.85;3.85;3.89;0.0;0.0
98476;549159;2018-03-08;FRC;V22;;;0;0;0.0;;;0.0;0.0;0.0;0.0;0.0;3.89;0.0;0.0
98477;549160;2018-03-08;FRC;F23;;;15;2820;767587153.0;;;3.95;3.94;3.95;3.94;3.94;3.94;0.0;0.0
98478;549161;2018-03-08;FRC;N23;;;0;0;0.0;;;0.0;0.0;0.0;0.0;0.0;4.02;0.0;0.0
98479;549162;2018-03-08;FRC;F24;;;5;1110;290183876.0;;;4.11;4.11;4.11;4.11;4.11;4.11;0.0;0.0
98480;549163;2018-03-08;FRC;N24;;;0;0;0.0;;;0.0;0.0;0.0;0.0;0.0;4.17;0.0;0.0
98481;549164;2018-03-08;FRC;F25;;;6;1000;250417250.0;;;4.27;4.26;4.27;4.26;4.26;4.26;0.0;0.0
98482;549165;2018-03-08;FRC;F26;;;0;0;0.0;;;0.0;0.0;0.0;0.0;0.0;4.44;0.0;0.0
98483;549166;2018-03-08;FRC;F27;;;0;0;0.0;;;0.0;0.0;0.0;0.0;0.0;4.53;0.0;0.0
98484;549167;2018-03-08;FRC;F28;;;0;0;0.0;;;0.0;0.0;0.0;0.0;0.0;4.64;0.0;0.0
98485;549168;2018-03-08;FRC;F29;;;0;0;0.0;;;0.0;0.0;0.0;0.0;0.0;4.85;0.0;0.0
98486;549169;2018-03-08;FRC;F30;;;0;0;0.0;;;0.0;0.0;0.0;0.0;0.0;4.91;0.0;0.0
98487;549339;2018-03-09;FRC;K18;;;49;39940;12935033153.0;;;2.72;2.72;2.75;2.73;2.74;2.74;0.0;0.0
98488;549340;2018-03-09;FRC;M18;;;17;10400;3360246264.0;;;2.77;2.77;2.77;2.77;2.77;2.77;0.0;0.0
98489;549341;2018-03-09;FRC;N18;;;116;30330;9783091335.0;;;2.68;2.68;2.7;2.69;2.7;2.68;0.0;0.0
98490;549342;2018-03-09;FRC;Q18;;;6;1100;353628548.0;;;2.74;2.74;2.74;2.74;2.74;2.74;0.0;0.0
98491;549343;2018-03-09;FRC;U18;;;4;700;224762851.0;;;2.73;2.73;2.73;2.73;2.73;2.73;0.0;0.0
98492;549344;2018-03-09;FRC;V18;;;14;5300;1696020512.0;;;2.81;2.81;2.87;2.81;2.81;2.81;0.0;0.0
98493;549345;2018-03-09;FRC;X18;;;1;200;63877511.0;;;2.91;2.91;2.91;2.91;2.91;2.91;0.0;0.0
98494;549346;2018-03-09;FRC;Z18;;;7;7400;2355009634.0;;;2.91;2.9;2.93;2.92;2.93;2.92;0.0;0.0
98495;549347;2018-03-09;FRC;F19;;;24;6200;1968150455.0;;;2.98;2.98;2.98;2.98;2.98;2.98;0.0;0.0
98496;549348;2018-03-09;FRC;G19;;;4;900;284889803.0;;;3.02;3.02;3.02;3.02;3.02;3.02;0.0;0.0
98497;549349;2018-03-09;FRC;H19;;;0;0;0.0;;;0.0;0.0;0.0;0.0;0.0;3.03;0.0;0.0
98498;549350;2018-03-09;FRC;J19;;;10;3200;1007376463.0;;;3.04;3.04;3.07;3.06;3.07;3.07;0.0;0.0
98499;549351;2018-03-09;FRC;N19;;;9;2540;792528821.0;;;3.15;3.14;3.18;3.14;3.14;3.14;0.0;0.0
98500;549352;2018-03-09;FRC;V19;;;9;1170;361890004.0;;;3.2;3.2;3.24;3.24;3.24;3.24;0.0;0.0
98501;549353;2018-03-09;FRC;F20;;;19;6300;1929886862.0;;;3.32;3.32;3.35;3.34;3.35;3.34;0.0;0.0
98502;549354;2018-03-09;FRC;J20;;;2;50;15057296.0;;;3.38;3.38;3.38;3.38;3.38;3.42;0.0;0.0
98503;549355;2018-03-09;FRC;N20;;;6;610;183505315.0;;;3.51;3.5;3.51;3.5;3.5;3.5;0.0;0.0
98504;549356;2018-03-09;FRC;V20;;;2;40;11961004.0;;;3.53;3.53;3.53;3.53;3.53;3.58;0.0;0.0
98505;549357;2018-03-09;FRC;F21;;;5;550;162001170.0;;;3.56;3.56;3.62;3.62;3.62;3.62;0.0;0.0
98506;549358;2018-03-09;FRC;J21;;;1;20;5839204.0;;;3.68;3.68;3.68;3.68;3.68;3.68;0.0;0.0
98507;549359;2018-03-09;FRC;N21;;;1;40;11633560.0;;;3.66;3.66;3.66;3.66;3.66;3.72;0.0;0.0
98508;549360;2018-03-09;FRC;V21;;;0;0;0.0;;;0.0;0.0;0.0;0.0;0.0;3.76;0.0;0.0
98509;549361;2018-03-09;FRC;F22;;;8;920;260650873.0;;;3.75;3.75;3.81;3.8;3.81;3.81;0.0;0.0
98510;549362;2018-03-09;FRC;J22;;;0;0;0.0;;;0.0;0.0;0.0;0.0;0.0;3.87;0.0;0.0
98511;549363;2018-03-09;FRC;N22;;;0;0;0.0;;;0.0;0.0;0.0;0.0;0.0;3.91;0.0;0.0
98512;549364;2018-03-09;FRC;V22;;;0;0;0.0;;;0.0;0.0;0.0;0.0;0.0;3.94;0.0;0.0
98513;549365;2018-03-09;FRC;F23;;;14;2150;585599805.0;;;3.94;3.91;3.99;3.97;3.99;3.99;0.0;0.0
98514;549366;2018-03-09;FRC;N23;;;0;0;0.0;;;0.0;0.0;0.0;0.0;0.0;4.06;0.0;0.0
98515;549367;2018-03-09;FRC;F24;;;2;60;15629429.0;;;4.14;4.14;4.14;4.14;4.14;4.14;0.0;0.0
98516;549368;2018-03-09;FRC;N24;;;0;0;0.0;;;0.0;0.0;0.0;0.0;0.0;4.2;0.0;0.0
98517;549369;2018-03-09;FRC;F25;;;11;1180;295871021.0;;;4.23;4.23;4.28;4.28;4.28;4.28;0.0;0.0
98518;549370;2018-03-09;FRC;F26;;;8;1000;240204005.0;;;4.44;4.44;4.47;4.45;4.47;4.47;0.0;0.0
98519;549371;2018-03-09;FRC;F27;;;0;0;0.0;;;0.0;0.0;0.0;0.0;0.0;4.59;0.0;0.0
98520;549372;2018-03-09;FRC;F28;;;0;0;0.0;;;0.0;0.0;0.0;0.0;0.0;4.72;0.0;0.0
98521;549373;2018-03-09;FRC;F29;;;0;0;0.0;;;0.0;0.0;0.0;0.0;0.0;4.93;0.0;0.0
98522;549374;2018-03-09;FRC;F30;;;0;0;0.0;;;0.0;0.0;0.0;0.0;0.0;4.99;0.0;0.0
98523;549544;2018-03-12;FRC;K18;;;60;44810;14523157738.0;;;2.78;2.78;2.82;2.82;2.82;2.82;0.0;0.0
98524;549545;2018-03-12;FRC;M18;;;20;10600;3427552606.0;;;2.8;2.8;2.83;2.82;2.82;2.84;0.0;0.0
98525;549546;2018-03-12;FRC;N18;;;32;13100;4226362009.0;;;2.7;2.7;2.74;2.74;2.74;2.74;0.0;0.0
98526;549547;2018-03-12;FRC;Q18;;;10;1850;595231714.0;;;2.74;2.74;2.8;2.79;2.8;2.8;0.0;0.0
98527;549548;2018-03-12;FRC;U18;;;3;400;128519638.0;;;2.79;2.79;2.79;2.79;2.79;2.79;0.0;0.0
98528;549549;2018-03-12;FRC;V18;;;17;5200;1665733003.0;;;2.84;2.84;2.86;2.86;2.86;2.86;0.0;0.0
98529;549550;2018-03-12;FRC;X18;;;4;800;255349191.0;;;2.96;2.96;2.96;2.96;2.96;2.96;0.0;0.0
98530;549551;2018-03-12;FRC;Z18;;;16;4200;1337007047.0;;;2.99;2.99;2.99;2.99;2.99;2.99;0.0;0.0
98531;549552;2018-03-12;FRC;F19;;;39;20240;6425235953.0;;;2.98;2.98;3.05;3.03;3.05;3.05;0.0;0.0
98532;549553;2018-03-12;FRC;G19;;;4;400;126319258.0;;;3.09;3.09;3.09;3.09;3.09;3.09;0.0;0.0
98533;549554;2018-03-12;FRC;H19;;;0;0;0.0;;;0.0;0.0;0.0;0.0;0.0;3.1;0.0;0.0
98534;549555;2018-03-12;FRC;J19;;;0;0;0.0;;;0.0;0.0;0.0;0.0;0.0;3.14;0.0;0.0
98535;549556;2018-03-12;FRC;N19;;;4;400;124799604.0;;;3.2;3.2;3.2;3.2;3.2;3.2;0.0;0.0
98536;549557;2018-03-12;FRC;V19;;;4;700;216411763.0;;;3.3;3.3;3.3;3.3;3.3;3.3;0.0;0.0
98537;549558;2018-03-12;FRC;F20;;;7;800;244822419.0;;;3.38;3.38;3.39;3.38;3.39;3.39;0.0;0.0
98538;549559;2018-03-12;FRC;J20;;;5;900;272934885.0;;;3.48;3.48;3.48;3.48;3.48;3.48;0.0;0.0
98539;549560;2018-03-12;FRC;N20;;;0;0;0.0;;;0.0;0.0;0.0;0.0;0.0;3.56;0.0;0.0
98540;549561;2018-03-12;FRC;V20;;;0;0;0.0;;;0.0;0.0;0.0;0.0;0.0;3.63;0.0;0.0
98541;549562;2018-03-12;FRC;F21;;;17;7940;2338003435.0;;;3.68;3.68;3.68;3.68;3.68;3.68;0.0;0.0
98542;549563;2018-03-12;FRC;J21;;;2;860;250757536.0;;;3.74;3.74;3.74;3.74;3.74;3.74;0.0;0.0
98543;549564;2018-03-12;FRC;N21;;;0;0;0.0;;;0.0;0.0;0.0;0.0;0.0;3.78;0.0;0.0
98544;549565;2018-03-12;FRC;V21;;;0;0;0.0;;;0.0;0.0;0.0;0.0;0.0;3.82;0.0;0.0
98545;549566;2018-03-12;FRC;F22;;;4;400;113137789.0;;;3.86;3.86;3.86;3.86;3.86;3.86;0.0;0.0
98546;549567;2018-03-12;FRC;J22;;;0;0;0.0;;;0.0;0.0;0.0;0.0;0.0;3.92;0.0;0.0
98547;549568;2018-03-12;FRC;N22;;;0;0;0.0;;;0.0;0.0;0.0;0.0;0.0;3.95;0.0;0.0
98548;549569;2018-03-12;FRC;V22;;;0;0;0.0;;;0.0;0.0;0.0;0.0;0.0;3.97;0.0;0.0
98549;549570;2018-03-12;FRC;F23;;;12;2100;571616505.0;;;4.02;4.02;4.02;4.02;4.02;4.02;0.0;0.0
98550;549571;2018-03-12;FRC;N23;;;0;0;0.0;;;0.0;0.0;0.0;0.0;0.0;4.1;0.0;0.0
98551;549572;2018-03-12;FRC;F24;;;0;0;0.0;;;0.0;0.0;0.0;0.0;0.0;4.19;0.0;0.0
98552;549573;2018-03-12;FRC;N24;;;0;0;0.0;;;0.0;0.0;0.0;0.0;0.0;4.25;0.0;0.0
98553;549574;2018-03-12;FRC;F25;;;5;500;125103569.0;;;4.34;4.34;4.34;4.34;4.34;4.34;0.0;0.0
98554;549575;2018-03-12;FRC;F26;;;8;1680;402285222.0;;;4.53;4.53;4.65;4.53;4.53;4.53;0.0;0.0
98555;549576;2018-03-12;FRC;F27;;;4;800;183653019.0;;;4.66;4.65;4.66;4.65;4.65;4.65;0.0;0.0
98556;549577;2018-03-12;FRC;F28;;;2;200;44134359.0;;;4.78;4.78;4.78;4.78;4.78;4.78;0.0;0.0
98557;549578;2018-03-12;FRC;F29;;;0;0;0.0;;;0.0;0.0;0.0;0.0;0.0;4.99;0.0;0.0
98558;549579;2018-03-12;FRC;F30;;;0;0;0.0;;;0.0;0.0;0.0;0.0;0.0;5.05;0.0;0.0
98559;549749;2018-03-13;FRC;K18;;;65;49600;16101853562.0;;;2.83;2.83;2.87;2.85;2.86;2.86;0.0;0.0
98560;549750;2018-03-13;FRC;M18;;;32;11970;3877795248.0;;;2.85;2.85;2.86;2.85;2.86;2.86;0.0;0.0
98561;549751;2018-03-13;FRC;N18;;;22;10920;3528810660.0;;;2.77;2.75;2.81;2.75;2.75;2.75;0.0;0.0
98562;549752;2018-03-13;FRC;Q18;;;7;1030;331954650.0;;;2.83;2.81;2.83;2.81;2.81;2.81;0.0;0.0
98563;549753;2018-03-13;FRC;U18;;;5;1000;321689670.0;;;2.78;2.78;2.78;2.78;2.78;2.78;0.0;0.0
98564;549754;2018-03-13;FRC;V18;;;13;4020;1289777633.0;;;2.86;2.86;2.86;2.86;2.86;2.86;0.0;0.0
98565;549755;2018-03-13;FRC;X18;;;0;0;0.0;;;0.0;0.0;0.0;0.0;0.0;2.96;0.0;0.0
98566;549756;2018-03-13;FRC;Z18;;;6;1400;446443538.0;;;2.98;2.98;2.98;2.98;2.98;2.98;0.0;0.0
98567;549757;2018-03-13;FRC;F19;;;86;20000;6362077952.0;;;3.03;3.03;3.06;3.03;3.06;3.03;0.0;0.0
98568;549758;2018-03-13;FRC;G19;;;0;0;0.0;;;0.0;0.0;0.0;0.0;0.0;3.08;0.0;0.0
98569;549759;2018-03-13;FRC;H19;;;0;0;0.0;;;0.0;0.0;0.0;0.0;0.0;3.09;0.0;0.0
98570;549760;2018-03-13;FRC;J19;;;6;1000;315510732.0;;;3.12;3.12;3.12;3.12;3.12;3.12;0.0;0.0
98571;549761;2018-03-13;FRC;N19;;;5;900;281311480.0;;;3.19;3.17;3.19;3.17;3.17;3.19;0.0;0.0
98572;549762;2018-03-13;FRC;V19;;;0;0;0.0;;;0.0;0.0;0.0;0.0;0.0;3.29;0.0;0.0
98573;549763;2018-03-13;FRC;F20;;;12;2810;862664461.0;;;3.39;3.37;3.39;3.37;3.37;3.37;0.0;0.0
98574;549764;2018-03-13;FRC;J20;;;0;0;0.0;;;0.0;0.0;0.0;0.0;0.0;3.46;0.0;0.0
98575;549765;2018-03-13;FRC;N20;;;2;130;39248925.0;;;3.56;3.54;3.56;3.54;3.54;3.54;0.0;0.0
98576;549766;2018-03-13;FRC;V20;;;0;0;0.0;;;0.0;0.0;0.0;0.0;0.0;3.61;0.0;0.0
98577;549767;2018-03-13;FRC;F21;;;3;1590;468892924.0;;;3.68;3.66;3.68;3.68;3.66;3.66;0.0;0.0
98578;549768;2018-03-13;FRC;J21;;;0;0;0.0;;;0.0;0.0;0.0;0.0;0.0;3.72;0.0;0.0
98579;549769;2018-03-13;FRC;N21;;;0;0;0.0;;;0.0;0.0;0.0;0.0;0.0;3.76;0.0;0.0
98580;549770;2018-03-13;FRC;V21;;;0;0;0.0;;;0.0;0.0;0.0;0.0;0.0;3.8;0.0;0.0
98581;549771;2018-03-13;FRC;F22;;;4;350;99296249.0;;;3.83;3.83;3.83;3.83;3.83;3.83;0.0;0.0
98582;549772;2018-03-13;FRC;J22;;;0;0;0.0;;;0.0;0.0;0.0;0.0;0.0;3.89;0.0;0.0
98583;549773;2018-03-13;FRC;N22;;;0;0;0.0;;;0.0;0.0;0.0;0.0;0.0;3.92;0.0;0.0
98584;549774;2018-03-13;FRC;V22;;;0;0;0.0;;;0.0;0.0;0.0;0.0;0.0;3.95;0.0;0.0
98585;549775;2018-03-13;FRC;F23;;;4;400;109202569.0;;;4.0;4.0;4.0;4.0;4.0;4.0;0.0;0.0
98586;549776;2018-03-13;FRC;N23;;;0;0;0.0;;;0.0;0.0;0.0;0.0;0.0;4.08;0.0;0.0
98587;549777;2018-03-13;FRC;F24;;;0;0;0.0;;;0.0;0.0;0.0;0.0;0.0;4.17;0.0;0.0
98588;549778;2018-03-13;FRC;N24;;;0;0;0.0;;;0.0;0.0;0.0;0.0;0.0;4.23;0.0;0.0
98589;549779;2018-03-13;FRC;F25;;;3;140;35136037.0;;;4.31;4.31;4.33;4.31;4.33;4.32;0.0;0.0
98590;549780;2018-03-13;FRC;F26;;;1;40;9685669.0;;;4.5;4.5;4.5;4.5;4.5;4.5;0.0;0.0
98591;549781;2018-03-13;FRC;F27;;;0;0;0.0;;;0.0;0.0;0.0;0.0;0.0;4.61;0.0;0.0
98592;549782;2018-03-13;FRC;F28;;;2;300;66404023.0;;;4.74;4.74;4.74;4.74;4.74;4.74;0.0;0.0
98593;549783;2018-03-13;FRC;F29;;;0;0;0.0;;;0.0;0.0;0.0;0.0;0.0;4.95;0.0;0.0
98594;549784;2018-03-13;FRC;F30;;;0;0;0.0;;;0.0;0.0;0.0;0.0;0.0;5.01;0.0;0.0
98595;549954;2018-03-14;FRC;K18;;;201;108380;35147052068.0;;;2.86;2.79;2.87;2.83;2.79;2.79;0.0;0.0
98596;549955;2018-03-14;FRC;M18;;;46;14000;4529359411.0;;;2.84;2.82;2.84;2.83;2.82;2.82;0.0;0.0
98597;549956;2018-03-14;FRC;N18;;;69;23300;7521404443.0;;;2.74;2.7;2.74;2.71;2.71;2.71;0.0;0.0
98598;549957;2018-03-14;FRC;Q18;;;9;1300;418447533.0;;;2.78;2.78;2.78;2.78;2.78;2.78;0.0;0.0
98599;549958;2018-03-14;FRC;U18;;;0;0;0.0;;;0.0;0.0;0.0;0.0;0.0;2.75;0.0;0.0
98600;549959;2018-03-14;FRC;V18;;;14;6820;2185199021.0;;;2.86;2.84;2.86;2.85;2.84;2.83;0.0;0.0
98601;549960;2018-03-14;FRC;X18;;;0;0;0.0;;;0.0;0.0;0.0;0.0;0.0;2.93;0.0;0.0
98602;549961;2018-03-14;FRC;Z18;;;1;10;3217282.0;;;3.02;3.02;3.02;3.02;3.02;2.96;0.0;0.0
98603;549962;2018-03-14;FRC;F19;;;12;8780;2789447045.0;;;3.04;3.0;3.06;3.01;3.01;3.01;0.0;0.0
98604;549963;2018-03-14;FRC;G19;;;2;300;94970040.0;;;3.05;3.05;3.05;3.05;3.05;3.05;0.0;0.0
98605;549964;2018-03-14;FRC;H19;;;0;0;0.0;;;0.0;0.0;0.0;0.0;0.0;3.06;0.0;0.0
98606;549965;2018-03-14;FRC;J19;;;0;0;0.0;;;0.0;0.0;0.0;0.0;0.0;3.09;0.0;0.0
98607;549966;2018-03-14;FRC;N19;;;0;0;0.0;;;0.0;0.0;0.0;0.0;0.0;3.17;0.0;0.0
98608;549967;2018-03-14;FRC;V19;;;0;0;0.0;;;0.0;0.0;0.0;0.0;0.0;3.27;0.0;0.0
98609;549968;2018-03-14;FRC;F20;;;19;9500;2913251922.0;;;3.37;3.35;3.37;3.36;3.35;3.36;0.0;0.0
98610;549969;2018-03-14;FRC;J20;;;2;440;133601027.0;;;3.45;3.45;3.45;3.45;3.45;3.45;0.0;0.0
98611;549970;2018-03-14;FRC;N20;;;0;0;0.0;;;0.0;0.0;0.0;0.0;0.0;3.53;0.0;0.0
98612;549971;2018-03-14;FRC;V20;;;0;0;0.0;;;0.0;0.0;0.0;0.0;0.0;3.6;0.0;0.0
98613;549972;2018-03-14;FRC;F21;;;3;300;88594272.0;;;3.64;3.64;3.64;3.64;3.64;3.64;0.0;0.0
98614;549973;2018-03-14;FRC;J21;;;0;0;0.0;;;0.0;0.0;0.0;0.0;0.0;3.7;0.0;0.0
98615;549974;2018-03-14;FRC;N21;;;0;0;0.0;;;0.0;0.0;0.0;0.0;0.0;3.74;0.0;0.0
98616;549975;2018-03-14;FRC;V21;;;0;0;0.0;;;0.0;0.0;0.0;0.0;0.0;3.78;0.0;0.0
98617;549976;2018-03-14;FRC;F22;;;0;0;0.0;;;0.0;0.0;0.0;0.0;0.0;3.81;0.0;0.0
98618;549977;2018-03-14;FRC;J22;;;0;0;0.0;;;0.0;0.0;0.0;0.0;0.0;3.85;0.0;0.0
98619;549978;2018-03-14;FRC;N22;;;0;0;0.0;;;0.0;0.0;0.0;0.0;0.0;3.9;0.0;0.0
98620;549979;2018-03-14;FRC;V22;;;0;0;0.0;;;0.0;0.0;0.0;0.0;0.0;3.93;0.0;0.0
98621;549980;2018-03-14;FRC;F23;;;0;0;0.0;;;0.0;0.0;0.0;0.0;0.0;3.98;0.0;0.0
98622;549981;2018-03-14;FRC;N23;;;0;0;0.0;;;0.0;0.0;0.0;0.0;0.0;4.06;0.0;0.0
98623;549982;2018-03-14;FRC;F24;;;0;0;0.0;;;0.0;0.0;0.0;0.0;0.0;4.15;0.0;0.0
98624;549983;2018-03-14;FRC;N24;;;0;0;0.0;;;0.0;0.0;0.0;0.0;0.0;4.21;0.0;0.0
98625;549984;2018-03-14;FRC;F25;;;10;1340;336266431.0;;;4.29;4.29;4.29;4.29;4.29;4.29;0.0;0.0
98626;549985;2018-03-14;FRC;F26;;;1;100;24065946.0;;;4.44;4.44;4.44;4.44;4.44;4.44;0.0;0.0
98627;549986;2018-03-14;FRC;F27;;;1;100;23077537.0;;;4.59;4.59;4.59;4.59;4.59;4.59;0.0;0.0
98628;549987;2018-03-14;FRC;F28;;;1;200;44262987.0;;;4.71;4.71;4.71;4.71;4.71;4.72;0.0;0.0
98629;549988;2018-03-14;FRC;F29;;;0;0;0.0;;;0.0;0.0;0.0;0.0;0.0;4.93;0.0;0.0
98630;549989;2018-03-14;FRC;F30;;;0;0;0.0;;;0.0;0.0;0.0;0.0;0.0;4.99;0.0;0.0
98631;550161;2018-03-15;FRC;K18;;;95;65100;21241489435.0;;;2.79;2.73;2.79;2.75;2.76;2.76;0.0;0.0
98632;550162;2018-03-15;FRC;M18;;;21;10100;3288191924.0;;;2.78;2.76;2.78;2.76;2.76;2.76;0.0;0.0
98633;550163;2018-03-15;FRC;N18;;;16;7400;2403802814.0;;;2.7;2.66;2.7;2.66;2.67;2.67;0.0;0.0
98634;550164;2018-03-15;FRC;Q18;;;16;8200;2656728339.0;;;2.72;2.72;2.73;2.72;2.73;2.73;0.0;0.0
98635;550165;2018-03-15;FRC;U18;;;2;500;161588739.0;;;2.71;2.71;2.71;2.71;2.71;2.71;0.0;0.0
98636;550166;2018-03-15;FRC;V18;;;30;9370;3021291500.0;;;2.82;2.78;2.82;2.79;2.79;2.78;0.0;0.0
98637;550167;2018-03-15;FRC;X18;;;0;0;0.0;;;0.0;0.0;0.0;0.0;0.0;2.88;0.0;0.0
98638;550168;2018-03-15;FRC;Z18;;;5;2400;769658308.0;;;2.91;2.91;2.91;2.91;2.91;2.91;0.0;0.0
98639;550169;2018-03-15;FRC;F19;;;19;7920;2532883728.0;;;3.0;2.96;3.01;2.96;2.96;2.96;0.0;0.0
98640;550170;2018-03-15;FRC;G19;;;0;0;0.0;;;0.0;0.0;0.0;0.0;0.0;3.01;0.0;0.0
98641;550171;2018-03-15;FRC;H19;;;10;5600;1781262106.0;;;3.02;3.02;3.02;3.02;3.02;3.02;0.0;0.0
98642;550172;2018-03-15;FRC;J19;;;10;2900;919823229.0;;;3.04;3.04;3.15;3.06;3.04;3.04;0.0;0.0
98643;550173;2018-03-15;FRC;N19;;;5;570;179085990.0;;;3.12;3.12;3.12;3.12;3.12;3.12;0.0;0.0
98644;550174;2018-03-15;FRC;V19;;;5;600;186885532.0;;;3.21;3.21;3.21;3.21;3.21;3.21;0.0;0.0
98645;550175;2018-03-15;FRC;F20;;;11;2010;620433805.0;;;3.32;3.32;3.32;3.32;3.32;3.32;0.0;0.0
98646;550176;2018-03-15;FRC;J20;;;0;0;0.0;;;0.0;0.0;0.0;0.0;0.0;3.41;0.0;0.0
98647;550177;2018-03-15;FRC;N20;;;2;140;42458229.0;;;3.48;3.48;3.48;3.48;3.48;3.48;0.0;0.0
98648;550178;2018-03-15;FRC;V20;;;0;0;0.0;;;0.0;0.0;0.0;0.0;0.0;3.55;0.0;0.0
98649;550179;2018-03-15;FRC;F21;;;17;2100;624295339.0;;;3.6;3.6;3.6;3.6;3.6;3.6;0.0;0.0
98650;550180;2018-03-15;FRC;J21;;;7;700;206024467.0;;;3.64;3.64;3.64;3.64;3.64;3.64;0.0;0.0
98651;550181;2018-03-15;FRC;N21;;;0;0;0.0;;;0.0;0.0;0.0;0.0;0.0;3.69;0.0;0.0
98652;550182;2018-03-15;FRC;V21;;;0;0;0.0;;;0.0;0.0;0.0;0.0;0.0;3.74;0.0;0.0
98653;550183;2018-03-15;FRC;F22;;;8;1500;428503713.0;;;3.78;3.78;3.78;3.78;3.78;3.78;0.0;0.0
98654;550184;2018-03-15;FRC;J22;;;0;0;0.0;;;0.0;0.0;0.0;0.0;0.0;3.82;0.0;0.0
98655;550185;2018-03-15;FRC;N22;;;0;0;0.0;;;0.0;0.0;0.0;0.0;0.0;3.87;0.0;0.0
98656;550186;2018-03-15;FRC;V22;;;0;0;0.0;;;0.0;0.0;0.0;0.0;0.0;3.91;0.0;0.0
98657;550187;2018-03-15;FRC;F23;;;17;1800;494265590.0;;;3.96;3.96;3.96;3.96;3.96;3.96;0.0;0.0
98658;550188;2018-03-15;FRC;N23;;;0;0;0.0;;;0.0;0.0;0.0;0.0;0.0;4.04;0.0;0.0
98659;550189;2018-03-15;FRC;F24;;;0;0;0.0;;;0.0;0.0;0.0;0.0;0.0;4.13;0.0;0.0
98660;550190;2018-03-15;FRC;N24;;;0;0;0.0;;;0.0;0.0;0.0;0.0;0.0;4.19;0.0;0.0
98661;550191;2018-03-15;FRC;F25;;;0;0;0.0;;;0.0;0.0;0.0;0.0;0.0;4.27;0.0;0.0
98662;550192;2018-03-15;FRC;F26;;;0;0;0.0;;;0.0;0.0;0.0;0.0;0.0;4.42;0.0;0.0
98663;550193;2018-03-15;FRC;F27;;;0;0;0.0;;;0.0;0.0;0.0;0.0;0.0;4.57;0.0;0.0
98664;550194;2018-03-15;FRC;F28;;;0;0;0.0;;;0.0;0.0;0.0;0.0;0.0;4.7;0.0;0.0
98665;550195;2018-03-15;FRC;F29;;;0;0;0.0;;;0.0;0.0;0.0;0.0;0.0;4.91;0.0;0.0
98666;550196;2018-03-15;FRC;F30;;;0;0;0.0;;;0.0;0.0;0.0;0.0;0.0;4.97;0.0;0.0
98667;550369;2018-03-16;FRC;K18;;;73;87820;28722209112.0;;;2.76;2.75;2.8;2.76;2.76;2.76;0.0;0.0
98668;550370;2018-03-16;FRC;M18;;;22;42240;13783334947.0;;;2.78;2.74;2.79;2.74;2.74;2.74;0.0;0.0
98669;550371;2018-03-16;FRC;N18;;;22;12230;3982690705.0;;;2.69;2.66;2.73;2.66;2.73;2.66;0.0;0.0
98670;550372;2018-03-16;FRC;Q18;;;10;6700;2176558701.0;;;2.7;2.7;2.7;2.7;2.7;2.7;0.0;0.0
98671;550373;2018-03-16;FRC;U18;;;7;1500;486284341.0;;;2.69;2.69;2.69;2.69;2.69;2.69;0.0;0.0
98672;550374;2018-03-16;FRC;V18;;;13;8300;2683063546.0;;;2.77;2.77;2.83;2.77;2.77;2.77;0.0;0.0
98673;550375;2018-03-16;FRC;X18;;;8;1700;547872324.0;;;2.85;2.85;2.85;2.85;2.85;2.85;0.0;0.0
98674;550376;2018-03-16;FRC;Z18;;;6;3600;1157269893.0;;;2.87;2.87;2.87;2.87;2.87;2.87;0.0;0.0
98675;550377;2018-03-16;FRC;F19;;;16;6430;2061691389.0;;;2.96;2.94;2.96;2.94;2.94;2.94;0.0;0.0
98676;550378;2018-03-16;FRC;G19;;;0;0;0.0;;;0.0;0.0;0.0;0.0;0.0;2.99;0.0;0.0
98677;550379;2018-03-16;FRC;H19;;;5;1200;382620449.0;;;3.0;3.0;3.0;3.0;3.0;3.0;0.0;0.0
98678;550380;2018-03-16;FRC;J19;;;2;830;263910295.0;;;3.04;3.02;3.04;3.04;3.02;3.03;0.0;0.0
98679;550381;2018-03-16;FRC;N19;;;15;2700;850836727.0;;;3.12;3.12;3.12;3.12;3.12;3.12;0.0;0.0
98680;550382;2018-03-16;FRC;V19;;;0;0;0.0;;;0.0;0.0;0.0;0.0;0.0;3.21;0.0;0.0
98681;550383;2018-03-16;FRC;F20;;;0;0;0.0;;;0.0;0.0;0.0;0.0;0.0;3.32;0.0;0.0
98682;550384;2018-03-16;FRC;J20;;;0;0;0.0;;;0.0;0.0;0.0;0.0;0.0;3.41;0.0;0.0
98683;550385;2018-03-16;FRC;N20;;;4;500;151954798.0;;;3.48;3.48;3.48;3.48;3.48;3.48;0.0;0.0
98684;550386;2018-03-16;FRC;V20;;;0;0;0.0;;;0.0;0.0;0.0;0.0;0.0;3.56;0.0;0.0
98685;550387;2018-03-16;FRC;F21;;;7;1300;387136033.0;;;3.62;3.62;3.62;3.62;3.62;3.62;0.0;0.0
98686;550388;2018-03-16;FRC;J21;;;0;0;0.0;;;0.0;0.0;0.0;0.0;0.0;3.66;0.0;0.0
98687;550389;2018-03-16;FRC;N21;;;0;0;0.0;;;0.0;0.0;0.0;0.0;0.0;3.71;0.0;0.0
98688;550390;2018-03-16;FRC;V21;;;0;0;0.0;;;0.0;0.0;0.0;0.0;0.0;3.76;0.0;0.0
98689;550391;2018-03-16;FRC;F22;;;3;400;114450768.0;;;3.8;3.8;3.8;3.8;3.8;3.8;0.0;0.0
98690;550392;2018-03-16;FRC;J22;;;0;0;0.0;;;0.0;0.0;0.0;0.0;0.0;3.84;0.0;0.0
98691;550393;2018-03-16;FRC;N22;;;0;0;0.0;;;0.0;0.0;0.0;0.0;0.0;3.89;0.0;0.0
98692;550394;2018-03-16;FRC;V22;;;0;0;0.0;;;0.0;0.0;0.0;0.0;0.0;3.93;0.0;0.0
98693;550395;2018-03-16;FRC;F23;;;6;900;247628301.0;;;3.98;3.98;3.98;3.98;3.98;3.98;0.0;0.0
98694;550396;2018-03-16;FRC;N23;;;0;0;0.0;;;0.0;0.0;0.0;0.0;0.0;4.06;0.0;0.0
98695;550397;2018-03-16;FRC;F24;;;2;600;158380566.0;;;4.13;4.13;4.13;4.13;4.13;4.15;0.0;0.0
98696;550398;2018-03-16;FRC;N24;;;0;0;0.0;;;0.0;0.0;0.0;0.0;0.0;4.21;0.0;0.0
98697;550399;2018-03-16;FRC;F25;;;2;200;50729584.0;;;4.29;4.29;4.29;4.29;4.29;4.29;0.0;0.0
98698;550400;2018-03-16;FRC;F26;;;0;0;0.0;;;0.0;0.0;0.0;0.0;0.0;4.44;0.0;0.0
98699;550401;2018-03-16;FRC;F27;;;2;500;116451237.0;;;4.57;4.57;4.57;4.57;4.57;4.59;0.0;0.0
98700;550402;2018-03-16;FRC;F28;;;0;0;0.0;;;0.0;0.0;0.0;0.0;0.0;4.72;0.0;0.0
98701;550403;2018-03-16;FRC;F29;;;0;0;0.0;;;0.0;0.0;0.0;0.0;0.0;4.93;0.0;0.0
98702;550404;2018-03-16;FRC;F30;;;0;0;0.0;;;0.0;0.0;0.0;0.0;0.0;4.99;0.0;0.0
98703;550575;2018-03-19;FRC;K18;;;69;60600;19854358797.0;;;2.76;2.75;2.82;2.8;2.82;2.82;0.0;0.0
98704;550576;2018-03-19;FRC;M18;;;23;10240;3347553181.0;;;2.73;2.73;2.8;2.76;2.77;2.77;0.0;0.0
98705;550577;2018-03-19;FRC;N18;;;20;14080;4592468004.0;;;2.67;2.67;2.7;2.69;2.69;2.7;0.0;0.0
98706;550578;2018-03-19;FRC;Q18;;;5;1100;357932459.0;;;2.72;2.72;2.72;2.72;2.72;2.72;0.0;0.0
98707;550579;2018-03-19;FRC;U18;;;3;1000;324522494.0;;;2.71;2.71;2.71;2.71;2.71;2.71;0.0;0.0
98708;550580;2018-03-19;FRC;V18;;;17;6500;2104617385.0;;;2.79;2.79;2.8;2.79;2.8;2.79;0.0;0.0
98709;550581;2018-03-19;FRC;X18;;;1;100;32236058.0;;;2.85;2.85;2.85;2.85;2.85;2.87;0.0;0.0
98710;550582;2018-03-19;FRC;Z18;;;0;0;0.0;;;0.0;0.0;0.0;0.0;0.0;2.9;0.0;0.0
98711;550583;2018-03-19;FRC;F19;;;26;9740;3127971474.0;;;2.94;2.94;2.97;2.96;2.97;2.97;0.0;0.0
98712;550584;2018-03-19;FRC;G19;;;0;0;0.0;;;0.0;0.0;0.0;0.0;0.0;3.03;0.0;0.0
98713;550585;2018-03-19;FRC;H19;;;8;800;255152909.0;;;3.04;3.04;3.04;3.04;3.04;3.04;0.0;0.0
98714;550586;2018-03-19;FRC;J19;;;26;6200;1974719818.0;;;3.06;3.06;3.06;3.06;3.06;3.06;0.0;0.0
98715;550587;2018-03-19;FRC;N19;;;0;0;0.0;;;0.0;0.0;0.0;0.0;0.0;3.15;0.0;0.0
98716;550588;2018-03-19;FRC;V19;;;0;0;0.0;;;0.0;0.0;0.0;0.0;0.0;3.24;0.0;0.0
98717;550589;2018-03-19;FRC;F20;;;4;1100;340877791.0;;;3.34;3.34;3.34;3.34;3.34;3.34;0.0;0.0
98718;550590;2018-03-19;FRC;J20;;;7;800;245102723.0;;;3.43;3.43;3.43;3.43;3.43;3.43;0.0;0.0
98719;550591;2018-03-19;FRC;N20;;;4;400;121884255.0;;;3.5;3.5;3.5;3.5;3.5;3.5;0.0;0.0
98720;550592;2018-03-19;FRC;V20;;;0;0;0.0;;;0.0;0.0;0.0;0.0;0.0;3.58;0.0;0.0
98721;550593;2018-03-19;FRC;F21;;;10;3960;1180738565.0;;;3.61;3.61;3.64;3.62;3.64;3.64;0.0;0.0
98722;550594;2018-03-19;FRC;J21;;;3;8100;2391684718.0;;;3.68;3.68;3.68;3.68;3.68;3.68;0.0;0.0
98723;550595;2018-03-19;FRC;N21;;;0;0;0.0;;;0.0;0.0;0.0;0.0;0.0;3.73;0.0;0.0
98724;550596;2018-03-19;FRC;V21;;;0;0;0.0;;;0.0;0.0;0.0;0.0;0.0;3.78;0.0;0.0
98725;550597;2018-03-19;FRC;F22;;;4;1300;372883426.0;;;3.8;3.8;3.82;3.8;3.82;3.82;0.0;0.0
98726;550598;2018-03-19;FRC;J22;;;0;0;0.0;;;0.0;0.0;0.0;0.0;0.0;3.86;0.0;0.0
98727;550599;2018-03-19;FRC;N22;;;3;300;84519704.0;;;3.9;3.9;3.9;3.9;3.9;3.9;0.0;0.0
98728;550600;2018-03-19;FRC;V22;;;0;0;0.0;;;0.0;0.0;0.0;0.0;0.0;3.95;0.0;0.0
98729;550601;2018-03-19;FRC;F23;;;16;2400;660951394.0;;;3.98;3.98;4.01;3.99;4.01;4.01;0.0;0.0
98730;550602;2018-03-19;FRC;N23;;;0;0;0.0;;;0.0;0.0;0.0;0.0;0.0;4.09;0.0;0.0
98731;550603;2018-03-19;FRC;F24;;;0;0;0.0;;;0.0;0.0;0.0;0.0;0.0;4.18;0.0;0.0
98732;550604;2018-03-19;FRC;N24;;;0;0;0.0;;;0.0;0.0;0.0;0.0;0.0;4.24;0.0;0.0
98733;550605;2018-03-19;FRC;F25;;;4;400;101257258.0;;;4.31;4.31;4.31;4.31;4.31;4.31;0.0;0.0
98734;550606;2018-03-19;FRC;F26;;;0;0;0.0;;;0.0;0.0;0.0;0.0;0.0;4.46;0.0;0.0
98735;550607;2018-03-19;FRC;F27;;;2;200;46589199.0;;;4.62;4.62;4.62;4.62;4.62;4.62;0.0;0.0
98736;550608;2018-03-19;FRC;F28;;;0;0;0.0;;;0.0;0.0;0.0;0.0;0.0;4.75;0.0;0.0
98737;550609;2018-03-19;FRC;F29;;;0;0;0.0;;;0.0;0.0;0.0;0.0;0.0;4.96;0.0;0.0
98738;550610;2018-03-19;FRC;F30;;;0;0;0.0;;;0.0;0.0;0.0;0.0;0.0;5.02;0.0;0.0
98739;550781;2018-03-20;FRC;K18;;;69;83000;27278846463.0;;;2.81;2.8;2.85;2.83;2.85;2.85;0.0;0.0
98740;550782;2018-03-20;FRC;M18;;;21;15300;5017059445.0;;;2.79;2.79;2.8;2.8;2.8;2.8;0.0;0.0
98741;550783;2018-03-20;FRC;N18;;;30;17000;5561992828.0;;;2.69;2.69;2.73;2.72;2.73;2.73;0.0;0.0
98742;550784;2018-03-20;FRC;Q18;;;12;2700;880923368.0;;;2.75;2.75;2.75;2.75;2.75;2.75;0.0;0.0
98743;550785;2018-03-20;FRC;U18;;;3;500;162927512.0;;;2.76;2.76;2.76;2.76;2.76;2.76;0.0;0.0
98744;550786;2018-03-20;FRC;V18;;;7;4530;1471420803.0;;;2.8;2.8;2.82;2.82;2.82;2.82;0.0;0.0
98745;550787;2018-03-20;FRC;X18;;;1;200;64833570.0;;;2.9;2.9;2.9;2.9;2.9;2.9;0.0;0.0
98746;550788;2018-03-20;FRC;Z18;;;1;200;64580123.0;;;2.93;2.93;2.93;2.93;2.93;2.93;0.0;0.0
98747;550789;2018-03-20;FRC;F19;;;22;11150;3590277674.0;;;2.98;2.98;3.02;3.01;3.02;3.02;0.0;0.0
98748;550790;2018-03-20;FRC;G19;;;6;1500;481280827.0;;;3.06;3.06;3.06;3.06;3.06;3.06;0.0;0.0
98749;550791;2018-03-20;FRC;H19;;;3;700;224076594.0;;;3.1;3.1;3.1;3.1;3.1;3.1;0.0;0.0
98750;550792;2018-03-20;FRC;J19;;;14;5420;1731292150.0;;;3.09;3.09;3.1;3.09;3.1;3.09;0.0;0.0
98751;550793;2018-03-20;FRC;N19;;;6;700;221502377.0;;;3.19;3.19;3.19;3.19;3.19;3.19;0.0;0.0
98752;550794;2018-03-20;FRC;V19;;;10;2700;847000273.0;;;3.28;3.28;3.29;3.28;3.29;3.28;0.0;0.0
98753;550795;2018-03-20;FRC;F20;;;19;5710;1773092968.0;;;3.37;3.37;3.41;3.4;3.41;3.41;0.0;0.0
98754;550796;2018-03-20;FRC;J20;;;7;1400;430221466.0;;;3.5;3.5;3.5;3.5;3.5;3.5;0.0;0.0
98755;550797;2018-03-20;FRC;N20;;;6;700;212811496.0;;;3.58;3.58;3.58;3.58;3.58;3.58;0.0;0.0
98756;550798;2018-03-20;FRC;V20;;;0;0;0.0;;;0.0;0.0;0.0;0.0;0.0;3.66;0.0;0.0
98757;550799;2018-03-20;FRC;F21;;;14;1800;537522543.0;;;3.73;3.73;3.73;3.73;3.73;3.73;0.0;0.0
98758;550800;2018-03-20;FRC;J21;;;1;100;29589267.0;;;3.79;3.79;3.79;3.79;3.79;3.79;0.0;0.0
98759;550801;2018-03-20;FRC;N21;;;0;0;0.0;;;0.0;0.0;0.0;0.0;0.0;3.84;0.0;0.0
98760;550802;2018-03-20;FRC;V21;;;0;0;0.0;;;0.0;0.0;0.0;0.0;0.0;3.89;0.0;0.0
98761;550803;2018-03-20;FRC;F22;;;7;800;229215389.0;;;3.93;3.93;3.93;3.93;3.93;3.93;0.0;0.0
98762;550804;2018-03-20;FRC;J22;;;0;0;0.0;;;0.0;0.0;0.0;0.0;0.0;3.97;0.0;0.0
98763;550805;2018-03-20;FRC;N22;;;0;0;0.0;;;0.0;0.0;0.0;0.0;0.0;4.01;0.0;0.0
98764;550806;2018-03-20;FRC;V22;;;0;0;0.0;;;0.0;0.0;0.0;0.0;0.0;4.06;0.0;0.0
98765;550807;2018-03-20;FRC;F23;;;8;800;219224307.0;;;4.13;4.13;4.13;4.13;4.13;4.13;0.0;0.0
98766;550808;2018-03-20;FRC;N23;;;0;0;0.0;;;0.0;0.0;0.0;0.0;0.0;4.21;0.0;0.0
98767;550809;2018-03-20;FRC;F24;;;0;0;0.0;;;0.0;0.0;0.0;0.0;0.0;4.3;0.0;0.0
98768;550810;2018-03-20;FRC;N24;;;0;0;0.0;;;0.0;0.0;0.0;0.0;0.0;4.36;0.0;0.0
98769;550811;2018-03-20;FRC;F25;;;5;1300;330288311.0;;;4.31;4.31;4.42;4.32;4.42;4.42;0.0;0.0
98770;550812;2018-03-20;FRC;F26;;;2;1000;243557063.0;;;4.47;4.47;4.47;4.47;4.47;4.6;0.0;0.0
98771;550813;2018-03-20;FRC;F27;;;0;0;0.0;;;0.0;0.0;0.0;0.0;0.0;4.74;0.0;0.0
98772;550814;2018-03-20;FRC;F28;;;2;200;44639926.0;;;4.86;4.86;4.86;4.86;4.86;4.86;0.0;0.0
98773;550815;2018-03-20;FRC;F29;;;0;0;0.0;;;0.0;0.0;0.0;0.0;0.0;5.07;0.0;0.0
98774;550816;2018-03-20;FRC;F30;;;0;0;0.0;;;0.0;0.0;0.0;0.0;0.0;5.13;0.0;0.0
98775;550987;2018-03-21;FRC;K18;;;74;77200;25296690816.0;;;2.87;2.83;2.87;2.84;2.83;2.83;0.0;0.0
98776;550988;2018-03-21;FRC;M18;;;16;23660;7734198144.0;;;2.78;2.78;2.81;2.8;2.81;2.81;0.0;0.0
98777;550989;2018-03-21;FRC;N18;;;17;17760;5793350155.0;;;2.73;2.73;2.75;2.73;2.74;2.73;0.0;0.0
98778;550990;2018-03-21;FRC;Q18;;;3;1300;423026050.0;;;2.75;2.75;2.76;2.76;2.76;2.76;0.0;0.0
98779;550991;2018-03-21;FRC;U18;;;0;0;0.0;;;0.0;0.0;0.0;0.0;0.0;2.77;0.0;0.0
98780;550992;2018-03-21;FRC;V18;;;24;9020;2920528839.0;;;2.8;2.8;2.85;2.84;2.83;2.85;0.0;0.0
98781;550993;2018-03-21;FRC;X18;;;0;0;0.0;;;0.0;0.0;0.0;0.0;0.0;2.92;0.0;0.0
98782;550994;2018-03-21;FRC;Z18;;;5;1250;402388359.0;;;2.94;2.94;2.95;2.94;2.94;2.94;0.0;0.0
98783;550995;2018-03-21;FRC;F19;;;27;12600;4044287666.0;;;3.03;3.02;3.05;3.02;3.02;3.03;0.0;0.0
98784;550996;2018-03-21;FRC;G19;;;0;0;0.0;;;0.0;0.0;0.0;0.0;0.0;3.07;0.0;0.0
98785;550997;2018-03-21;FRC;H19;;;6;3970;1267392294.0;;;3.1;3.1;3.11;3.1;3.11;3.11;0.0;0.0
98786;550998;2018-03-21;FRC;J19;;;14;5430;1729140176.0;;;3.1;3.1;3.17;3.1;3.17;3.11;0.0;0.0
98787;550999;2018-03-21;FRC;N19;;;3;400;126175758.0;;;3.21;3.21;3.21;3.21;3.21;3.21;0.0;0.0
98788;551000;2018-03-21;FRC;V19;;;2;460;144054139.0;;;3.26;3.26;3.26;3.26;3.26;3.3;0.0;0.0
98789;551001;2018-03-21;FRC;F20;;;13;3530;1092926223.0;;;3.38;3.38;3.42;3.39;3.42;3.42;0.0;0.0
98790;551002;2018-03-21;FRC;J20;;;0;0;0.0;;;0.0;0.0;0.0;0.0;0.0;3.51;0.0;0.0
98791;551003;2018-03-21;FRC;N20;;;5;700;212172295.0;;;3.58;3.58;3.58;3.58;3.58;3.58;0.0;0.0
98792;551004;2018-03-21;FRC;V20;;;0;0;0.0;;;0.0;0.0;0.0;0.0;0.0;3.67;0.0;0.0
98793;551005;2018-03-21;FRC;F21;;;8;1070;317446369.0;;;3.75;3.75;3.75;3.75;3.75;3.75;0.0;0.0
98794;551006;2018-03-21;FRC;J21;;;2;200;58999759.0;;;3.79;3.79;3.79;3.79;3.79;3.79;0.0;0.0
98795;551007;2018-03-21;FRC;N21;;;0;0;0.0;;;0.0;0.0;0.0;0.0;0.0;3.85;0.0;0.0
98796;551008;2018-03-21;FRC;V21;;;0;0;0.0;;;0.0;0.0;0.0;0.0;0.0;3.9;0.0;0.0
98797;551009;2018-03-21;FRC;F22;;;3;600;171336419.0;;;3.95;3.95;3.95;3.95;3.95;3.95;0.0;0.0
98798;551010;2018-03-21;FRC;J22;;;0;0;0.0;;;0.0;0.0;0.0;0.0;0.0;4.0;0.0;0.0
98799;551011;2018-03-21;FRC;N22;;;0;0;0.0;;;0.0;0.0;0.0;0.0;0.0;4.02;0.0;0.0
98800;551012;2018-03-21;FRC;V22;;;0;0;0.0;;;0.0;0.0;0.0;0.0;0.0;4.06;0.0;0.0
98801;551013;2018-03-21;FRC;F23;;;4;400;109283505.0;;;4.13;4.13;4.13;4.13;4.13;4.13;0.0;0.0
98802;551014;2018-03-21;FRC;N23;;;0;0;0.0;;;0.0;0.0;0.0;0.0;0.0;4.21;0.0;0.0
98803;551015;2018-03-21;FRC;F24;;;1;100;26261154.0;;;4.3;4.3;4.3;4.3;4.3;4.3;0.0;0.0
98804;551016;2018-03-21;FRC;N24;;;0;0;0.0;;;0.0;0.0;0.0;0.0;0.0;4.36;0.0;0.0
98805;551017;2018-03-21;FRC;F25;;;3;1150;289902998.0;;;4.43;4.42;4.43;4.42;4.42;4.42;0.0;0.0
98806;551018;2018-03-21;FRC;F26;;;0;0;0.0;;;0.0;0.0;0.0;0.0;0.0;4.6;0.0;0.0
98807;551019;2018-03-21;FRC;F27;;;0;0;0.0;;;0.0;0.0;0.0;0.0;0.0;4.74;0.0;0.0
98808;551020;2018-03-21;FRC;F28;;;0;0;0.0;;;0.0;0.0;0.0;0.0;0.0;4.86;0.0;0.0
98809;551021;2018-03-21;FRC;F29;;;0;0;0.0;;;0.0;0.0;0.0;0.0;0.0;5.07;0.0;0.0
98810;551022;2018-03-21;FRC;F30;;;0;0;0.0;;;0.0;0.0;0.0;0.0;0.0;5.13;0.0;0.0
98811;551193;2018-03-22;FRC;K18;;;159;131430;43186671206.0;;;2.86;2.82;2.87;2.85;2.87;2.87;0.0;0.0
98812;551194;2018-03-22;FRC;M18;;;25;10770;3531584194.0;;;2.81;2.81;2.84;2.84;2.83;2.84;0.0;0.0
98813;551195;2018-03-22;FRC;N18;;;36;17520;5730773542.0;;;2.74;2.73;2.75;2.74;2.73;2.75;0.0;0.0
98814;551196;2018-03-22;FRC;Q18;;;20;10360;3380081417.0;;;2.77;2.77;2.79;2.77;2.78;2.79;0.0;0.0
98815;551197;2018-03-22;FRC;U18;;;1;500;162724754.0;;;2.78;2.78;2.78;2.78;2.78;2.78;0.0;0.0
98816;551198;2018-03-22;FRC;V18;;;10;5500;1786018470.0;;;2.83;2.83;2.83;2.83;2.83;2.83;0.0;0.0
98817;551199;2018-03-22;FRC;X18;;;6;3000;971440929.0;;;2.92;2.92;2.92;2.92;2.92;2.92;0.0;0.0
98818;551200;2018-03-22;FRC;Z18;;;0;0;0.0;;;0.0;0.0;0.0;0.0;0.0;2.93;0.0;0.0
98819;551201;2018-03-22;FRC;F19;;;45;14940;4810099557.0;;;3.02;3.01;3.03;3.01;3.01;3.01;0.0;0.0
98820;551202;2018-03-22;FRC;G19;;;4;1000;320755116.0;;;3.05;3.05;3.05;3.05;3.05;3.05;0.0;0.0
98821;551203;2018-03-22;FRC;H19;;;0;0;0.0;;;0.0;0.0;0.0;0.0;0.0;3.09;0.0;0.0
98822;551204;2018-03-22;FRC;J19;;;7;900;287474218.0;;;3.11;3.09;3.11;3.09;3.09;3.09;0.0;0.0
98823;551205;2018-03-22;FRC;N19;;;10;1500;474593447.0;;;3.18;3.18;3.18;3.18;3.18;3.18;0.0;0.0
98824;551206;2018-03-22;FRC;V19;;;0;0;0.0;;;0.0;0.0;0.0;0.0;0.0;3.32;0.0;0.0
98825;551207;2018-03-22;FRC;F20;;;8;1710;531036165.0;;;3.39;3.38;3.39;3.38;3.38;3.39;0.0;0.0
98826;551208;2018-03-22;FRC;J20;;;0;0;0.0;;;0.0;0.0;0.0;0.0;0.0;3.48;0.0;0.0
98827;551209;2018-03-22;FRC;N20;;;5;600;183140010.0;;;3.54;3.54;3.54;3.54;3.54;3.54;0.0;0.0
98828;551210;2018-03-22;FRC;V20;;;0;0;0.0;;;0.0;0.0;0.0;0.0;0.0;3.62;0.0;0.0
98829;551211;2018-03-22;FRC;F21;;;3;1050;313140547.0;;;3.73;3.73;3.75;3.73;3.75;3.69;0.0;0.0
98830;551212;2018-03-22;FRC;J21;;;0;0;0.0;;;0.0;0.0;0.0;0.0;0.0;3.72;0.0;0.0
98831;551213;2018-03-22;FRC;N21;;;0;0;0.0;;;0.0;0.0;0.0;0.0;0.0;3.77;0.0;0.0
98832;551214;2018-03-22;FRC;V21;;;0;0;0.0;;;0.0;0.0;0.0;0.0;0.0;3.84;0.0;0.0
98833;551215;2018-03-22;FRC;F22;;;8;1450;415618528.0;;;3.91;3.89;3.91;3.9;3.89;3.91;0.0;0.0
98834;551216;2018-03-22;FRC;J22;;;0;0;0.0;;;0.0;0.0;0.0;0.0;0.0;3.96;0.0;0.0
98835;551217;2018-03-22;FRC;N22;;;0;0;0.0;;;0.0;0.0;0.0;0.0;0.0;3.98;0.0;0.0
98836;551218;2018-03-22;FRC;V22;;;0;0;0.0;;;0.0;0.0;0.0;0.0;0.0;4.03;0.0;0.0
98837;551219;2018-03-22;FRC;F23;;;3;500;137405570.0;;;4.1;4.1;4.1;4.1;4.1;4.1;0.0;0.0
98838;551220;2018-03-22;FRC;N23;;;0;0;0.0;;;0.0;0.0;0.0;0.0;0.0;4.18;0.0;0.0
98839;551221;2018-03-22;FRC;F24;;;0;0;0.0;;;0.0;0.0;0.0;0.0;0.0;4.27;0.0;0.0
98840;551222;2018-03-22;FRC;N24;;;0;0;0.0;;;0.0;0.0;0.0;0.0;0.0;4.33;0.0;0.0
98841;551223;2018-03-22;FRC;F25;;;4;400;101310354.0;;;4.42;4.39;4.42;4.4;4.39;4.39;0.0;0.0
98842;551224;2018-03-22;FRC;F26;;;0;0;0.0;;;0.0;0.0;0.0;0.0;0.0;4.57;0.0;0.0
98843;551225;2018-03-22;FRC;F27;;;2;300;69525373.0;;;4.73;4.73;4.73;4.73;4.73;4.71;0.0;0.0
98844;551226;2018-03-22;FRC;F28;;;0;0;0.0;;;0.0;0.0;0.0;0.0;0.0;4.83;0.0;0.0
98845;551227;2018-03-22;FRC;F29;;;0;0;0.0;;;0.0;0.0;0.0;0.0;0.0;5.0;0.0;0.0
98846;551228;2018-03-22;FRC;F30;;;0;0;0.0;;;0.0;0.0;0.0;0.0;0.0;5.06;0.0;0.0
98847;551398;2018-03-23;FRC;K18;;;96;143120;47168863178.0;;;2.87;2.86;2.9;2.88;2.86;2.89;0.0;0.0
98848;551399;2018-03-23;FRC;M18;;;28;36870;12123027461.0;;;2.85;2.85;2.85;2.85;2.85;2.85;0.0;0.0
98849;551400;2018-03-23;FRC;N18;;;8;5570;1827626535.0;;;2.76;2.75;2.76;2.76;2.76;2.76;0.0;0.0
98850;551401;2018-03-23;FRC;Q18;;;0;0;0.0;;;0.0;0.0;0.0;0.0;0.0;2.8;0.0;0.0
98851;551402;2018-03-23;FRC;U18;;;0;0;0.0;;;0.0;0.0;0.0;0.0;0.0;2.8;0.0;0.0
98852;551403;2018-03-23;FRC;V18;;;14;16000;5211247746.0;;;2.84;2.84;2.85;2.84;2.85;2.85;0.0;0.0
98853;551404;2018-03-23;FRC;X18;;;0;0;0.0;;;0.0;0.0;0.0;0.0;0.0;2.94;0.0;0.0
98854;551405;2018-03-23;FRC;Z18;;;0;0;0.0;;;0.0;0.0;0.0;0.0;0.0;2.95;0.0;0.0
98855;551406;2018-03-23;FRC;F19;;;21;9040;2918755267.0;;;3.03;3.01;3.03;3.02;3.03;3.03;0.0;0.0
98856;551407;2018-03-23;FRC;G19;;;0;0;0.0;;;0.0;0.0;0.0;0.0;0.0;3.07;0.0;0.0
98857;551408;2018-03-23;FRC;H19;;;0;0;0.0;;;0.0;0.0;0.0;0.0;0.0;3.11;0.0;0.0
98858;551409;2018-03-23;FRC;J19;;;13;4950;1585722143.0;;;3.09;3.09;3.11;3.1;3.11;3.11;0.0;0.0
98859;551410;2018-03-23;FRC;N19;;;1;100;31733710.0;;;3.19;3.19;3.19;3.19;3.19;3.19;0.0;0.0
98860;551411;2018-03-23;FRC;V19;;;1;30;9507173.0;;;3.32;3.32;3.32;3.32;3.32;3.33;0.0;0.0
98861;551412;2018-03-23;FRC;F20;;;18;3730;1161988535.0;;;3.41;3.39;3.41;3.4;3.41;3.41;0.0;0.0
98862;551413;2018-03-23;FRC;J20;;;4;500;154094326.0;;;3.49;3.49;3.49;3.49;3.49;3.49;0.0;0.0
98863;551414;2018-03-23;FRC;N20;;;7;2100;641960847.0;;;3.55;3.55;3.55;3.55;3.55;3.55;0.0;0.0
98864;551415;2018-03-23;FRC;V20;;;0;0;0.0;;;0.0;0.0;0.0;0.0;0.0;3.63;0.0;0.0
98865;551416;2018-03-23;FRC;F21;;;7;1500;448979658.0;;;3.68;3.68;3.71;3.69;3.71;3.71;0.0;0.0
98866;551417;2018-03-23;FRC;J21;;;0;0;0.0;;;0.0;0.0;0.0;0.0;0.0;3.73;0.0;0.0
98867;551418;2018-03-23;FRC;N21;;;0;0;0.0;;;0.0;0.0;0.0;0.0;0.0;3.78;0.0;0.0
98868;551419;2018-03-23;FRC;V21;;;0;0;0.0;;;0.0;0.0;0.0;0.0;0.0;3.85;0.0;0.0
98869;551420;2018-03-23;FRC;F22;;;0;0;0.0;;;0.0;0.0;0.0;0.0;0.0;3.92;0.0;0.0
98870;551421;2018-03-23;FRC;J22;;;0;0;0.0;;;0.0;0.0;0.0;0.0;0.0;3.97;0.0;0.0
98871;551422;2018-03-23;FRC;N22;;;0;0;0.0;;;0.0;0.0;0.0;0.0;0.0;3.99;0.0;0.0
98872;551423;2018-03-23;FRC;V22;;;0;0;0.0;;;0.0;0.0;0.0;0.0;0.0;4.04;0.0;0.0
98873;551424;2018-03-23;FRC;F23;;;11;2990;823744547.0;;;4.11;4.11;4.11;4.11;4.11;4.11;0.0;0.0
98874;551425;2018-03-23;FRC;N23;;;0;0;0.0;;;0.0;0.0;0.0;0.0;0.0;4.2;0.0;0.0
98875;551426;2018-03-23;FRC;F24;;;0;0;0.0;;;0.0;0.0;0.0;0.0;0.0;4.3;0.0;0.0
98876;551427;2018-03-23;FRC;N24;;;0;0;0.0;;;0.0;0.0;0.0;0.0;0.0;4.36;0.0;0.0
98877;551428;2018-03-23;FRC;F25;;;3;300;76163712.0;;;4.43;4.43;4.43;4.43;4.43;4.43;0.0;0.0
98878;551429;2018-03-23;FRC;F26;;;0;0;0.0;;;0.0;0.0;0.0;0.0;0.0;4.61;0.0;0.0
98879;551430;2018-03-23;FRC;F27;;;0;0;0.0;;;0.0;0.0;0.0;0.0;0.0;4.75;0.0;0.0
98880;551431;2018-03-23;FRC;F28;;;0;0;0.0;;;0.0;0.0;0.0;0.0;0.0;4.87;0.0;0.0
98881;551432;2018-03-23;FRC;F29;;;0;0;0.0;;;0.0;0.0;0.0;0.0;0.0;5.04;0.0;0.0
98882;551433;2018-03-23;FRC;F30;;;0;0;0.0;;;0.0;0.0;0.0;0.0;0.0;5.1;0.0;0.0
98883;551603;2018-03-26;FRC;K18;;;337;185300;61015786852.0;;;2.94;2.91;3.0;2.92;2.92;2.92;0.0;0.0
98884;551604;2018-03-26;FRC;M18;;;61;37720;12390365463.0;;;2.9;2.88;2.9;2.88;2.89;2.89;0.0;0.0
98885;551605;2018-03-26;FRC;N18;;;72;32410;10620145367.0;;;2.79;2.79;2.81;2.79;2.81;2.81;0.0;0.0
98886;551606;2018-03-26;FRC;Q18;;;11;4600;1503587020.0;;;2.83;2.83;2.83;2.83;2.83;2.83;0.0;0.0
98887;551607;2018-03-26;FRC;U18;;;10;2600;847846338.0;;;2.83;2.83;2.83;2.83;2.83;2.83;0.0;0.0
98888;551608;2018-03-26;FRC;V18;;;17;5700;1854637536.0;;;2.89;2.88;2.9;2.88;2.88;2.88;0.0;0.0
98889;551609;2018-03-26;FRC;X18;;;4;1200;389330302.0;;;2.96;2.96;2.96;2.96;2.96;2.96;0.0;0.0
98890;551610;2018-03-26;FRC;Z18;;;0;0;0.0;;;0.0;0.0;0.0;0.0;0.0;2.96;0.0;0.0
98891;551611;2018-03-26;FRC;F19;;;17;5200;1676944404.0;;;3.05;3.03;3.05;3.03;3.03;3.03;0.0;0.0
98892;551612;2018-03-26;FRC;G19;;;8;1700;546655603.0;;;3.08;3.08;3.08;3.08;3.08;3.08;0.0;0.0
98893;551613;2018-03-26;FRC;H19;;;0;0;0.0;;;0.0;0.0;0.0;0.0;0.0;3.12;0.0;0.0
98894;551614;2018-03-26;FRC;J19;;;10;8300;2655306980.0;;;3.13;3.13;3.13;3.13;3.13;3.13;0.0;0.0
98895;551615;2018-03-26;FRC;N19;;;4;600;190207346.0;;;3.2;3.2;3.2;3.2;3.2;3.2;0.0;0.0
98896;551616;2018-03-26;FRC;V19;;;0;0;0.0;;;0.0;0.0;0.0;0.0;0.0;3.34;0.0;0.0
98897;551617;2018-03-26;FRC;F20;;;18;3600;1119938997.0;;;3.42;3.41;3.42;3.41;3.42;3.41;0.0;0.0
98898;551618;2018-03-26;FRC;J20;;;6;600;184521293.0;;;3.5;3.5;3.5;3.5;3.5;3.5;0.0;0.0
98899;551619;2018-03-26;FRC;N20;;;5;600;182822308.0;;;3.56;3.56;3.56;3.56;3.56;3.56;0.0;0.0
98900;551620;2018-03-26;FRC;V20;;;5;500;151418504.0;;;3.65;3.65;3.65;3.65;3.65;3.65;0.0;0.0
98901;551621;2018-03-26;FRC;F21;;;2;2500;747187272.0;;;3.72;3.72;3.72;3.72;3.72;3.72;0.0;0.0
98902;551622;2018-03-26;FRC;J21;;;0;0;0.0;;;0.0;0.0;0.0;0.0;0.0;3.74;0.0;0.0
98903;551623;2018-03-26;FRC;N21;;;0;0;0.0;;;0.0;0.0;0.0;0.0;0.0;3.79;0.0;0.0
98904;551624;2018-03-26;FRC;V21;;;0;0;0.0;;;0.0;0.0;0.0;0.0;0.0;3.86;0.0;0.0
98905;551625;2018-03-26;FRC;F22;;;1;100;28711796.0;;;3.92;3.92;3.92;3.92;3.92;3.92;0.0;0.0
98906;551626;2018-03-26;FRC;J22;;;0;0;0.0;;;0.0;0.0;0.0;0.0;0.0;3.99;0.0;0.0
98907;551627;2018-03-26;FRC;N22;;;0;0;0.0;;;0.0;0.0;0.0;0.0;0.0;4.03;0.0;0.0
98908;551628;2018-03-26;FRC;V22;;;0;0;0.0;;;0.0;0.0;0.0;0.0;0.0;4.05;0.0;0.0
98909;551629;2018-03-26;FRC;F23;;;7;800;219946121.0;;;4.1;4.1;4.1;4.1;4.1;4.1;0.0;0.0
98910;551630;2018-03-26;FRC;N23;;;0;0;0.0;;;0.0;0.0;0.0;0.0;0.0;4.19;0.0;0.0
98911;551631;2018-03-26;FRC;F24;;;0;0;0.0;;;0.0;0.0;0.0;0.0;0.0;4.29;0.0;0.0
98912;551632;2018-03-26;FRC;N24;;;0;0;0.0;;;0.0;0.0;0.0;0.0;0.0;4.35;0.0;0.0
98913;551633;2018-03-26;FRC;F25;;;2;200;50727467.0;;;4.43;4.43;4.43;4.43;4.43;4.43;0.0;0.0
98914;551634;2018-03-26;FRC;F26;;;0;0;0.0;;;0.0;0.0;0.0;0.0;0.0;4.61;0.0;0.0
98915;551635;2018-03-26;FRC;F27;;;0;0;0.0;;;0.0;0.0;0.0;0.0;0.0;4.75;0.0;0.0
98916;551636;2018-03-26;FRC;F28;;;0;0;0.0;;;0.0;0.0;0.0;0.0;0.0;4.87;0.0;0.0
98917;551637;2018-03-26;FRC;F29;;;0;0;0.0;;;0.0;0.0;0.0;0.0;0.0;5.04;0.0;0.0
98918;551638;2018-03-26;FRC;F30;;;0;0;0.0;;;0.0;0.0;0.0;0.0;0.0;5.1;0.0;0.0
98919;551809;2018-03-27;FRC;K18;;;249;308340;101926435528.0;;;2.96;2.87;2.99;2.93;2.87;2.89;0.0;0.0
98920;551810;2018-03-27;FRC;M18;;;122;49730;16402581444.0;;;2.91;2.85;2.94;2.88;2.85;2.85;0.0;0.0
98921;551811;2018-03-27;FRC;N18;;;27;26450;8701930830.0;;;2.82;2.8;2.85;2.82;2.8;2.8;0.0;0.0
98922;551812;2018-03-27;FRC;Q18;;;5;2340;768291084.0;;;2.88;2.79;2.88;2.79;2.79;2.79;0.0;0.0
98923;551813;2018-03-27;FRC;U18;;;2;300;98319715.0;;;2.81;2.81;2.81;2.81;2.81;2.81;0.0;0.0
98924;551814;2018-03-27;FRC;V18;;;69;16610;5426066673.0;;;2.9;2.86;2.92;2.88;2.86;2.86;0.0;0.0
98925;551815;2018-03-27;FRC;X18;;;2;500;162768733.0;;;2.94;2.94;2.94;2.94;2.94;2.94;0.0;0.0
98926;551816;2018-03-27;FRC;Z18;;;2;300;97436817.0;;;2.94;2.94;2.94;2.94;2.94;2.94;0.0;0.0
98927;551817;2018-03-27;FRC;F19;;;81;20920;6775222694.0;;;3.05;3.03;3.06;3.03;3.03;3.03;0.0;0.0
98928;551818;2018-03-27;FRC;G19;;;4;700;225847023.0;;;3.08;3.08;3.08;3.08;3.08;3.08;0.0;0.0
98929;551819;2018-03-27;FRC;H19;;;2;200;64348991.0;;;3.11;3.11;3.11;3.11;3.11;3.11;0.0;0.0
98930;551820;2018-03-27;FRC;J19;;;7;1400;449882257.0;;;3.1;3.1;3.1;3.1;3.1;3.1;0.0;0.0
98931;551821;2018-03-27;FRC;N19;;;9;1400;445619308.0;;;3.19;3.19;3.19;3.19;3.19;3.19;0.0;0.0
98932;551822;2018-03-27;FRC;V19;;;7;900;283801651.0;;;3.3;3.3;3.3;3.3;3.3;3.3;0.0;0.0
98933;551823;2018-03-27;FRC;F20;;;13;3560;1112567049.0;;;3.44;3.38;3.44;3.39;3.38;3.38;0.0;0.0
98934;551824;2018-03-27;FRC;J20;;;1;100;30885265.0;;;3.47;3.47;3.47;3.47;3.47;3.47;0.0;0.0
98935;551825;2018-03-27;FRC;N20;;;1;100;30737223.0;;;3.54;3.54;3.54;3.54;3.54;3.54;0.0;0.0
98936;551826;2018-03-27;FRC;V20;;;0;0;0.0;;;0.0;0.0;0.0;0.0;0.0;3.63;0.0;0.0
98937;551827;2018-03-27;FRC;F21;;;20;7570;2272663659.0;;;3.73;3.7;3.73;3.7;3.7;3.7;0.0;0.0
98938;551828;2018-03-27;FRC;J21;;;2;300;89189585.0;;;3.74;3.74;3.74;3.74;3.74;3.71;0.0;0.0
98939;551829;2018-03-27;FRC;N21;;;0;0;0.0;;;0.0;0.0;0.0;0.0;0.0;3.75;0.0;0.0
98940;551830;2018-03-27;FRC;V21;;;0;0;0.0;;;0.0;0.0;0.0;0.0;0.0;3.81;0.0;0.0
98941;551831;2018-03-27;FRC;F22;;;0;0;0.0;;;0.0;0.0;0.0;0.0;0.0;3.86;0.0;0.0
98942;551832;2018-03-27;FRC;J22;;;0;0;0.0;;;0.0;0.0;0.0;0.0;0.0;3.92;0.0;0.0
98943;551833;2018-03-27;FRC;N22;;;0;0;0.0;;;0.0;0.0;0.0;0.0;0.0;3.95;0.0;0.0
98944;551834;2018-03-27;FRC;V22;;;0;0;0.0;;;0.0;0.0;0.0;0.0;0.0;3.96;0.0;0.0
98945;551835;2018-03-27;FRC;F23;;;6;1400;388818708.0;;;4.07;4.01;4.07;4.01;4.01;4.01;0.0;0.0
98946;551836;2018-03-27;FRC;N23;;;0;0;0.0;;;0.0;0.0;0.0;0.0;0.0;4.1;0.0;0.0
98947;551837;2018-03-27;FRC;F24;;;0;0;0.0;;;0.0;0.0;0.0;0.0;0.0;4.21;0.0;0.0
98948;551838;2018-03-27;FRC;N24;;;0;0;0.0;;;0.0;0.0;0.0;0.0;0.0;4.27;0.0;0.0
98949;551839;2018-03-27;FRC;F25;;;0;0;0.0;;;0.0;0.0;0.0;0.0;0.0;4.36;0.0;0.0
98950;551840;2018-03-27;FRC;F26;;;0;0;0.0;;;0.0;0.0;0.0;0.0;0.0;4.55;0.0;0.0
98951;551841;2018-03-27;FRC;F27;;;0;0;0.0;;;0.0;0.0;0.0;0.0;0.0;4.7;0.0;0.0
98952;551842;2018-03-27;FRC;F28;;;0;0;0.0;;;0.0;0.0;0.0;0.0;0.0;4.82;0.0;0.0
98953;551843;2018-03-27;FRC;F29;;;0;0;0.0;;;0.0;0.0;0.0;0.0;0.0;4.99;0.0;0.0
98954;551844;2018-03-27;FRC;F30;;;0;0;0.0;;;0.0;0.0;0.0;0.0;0.0;5.05;0.0;0.0
98955;552015;2018-03-28;FRC;M18;;;27;24930;8262500107.0;;;2.76;2.74;2.83;2.77;2.83;2.83;0.0;0.0
98956;552016;2018-03-28;FRC;N18;;;37;22730;7516757331.0;;;2.75;2.71;2.75;2.73;2.74;2.74;0.0;0.0
98957;552017;2018-03-28;FRC;Q18;;;64;21510;7094546145.0;;;2.75;2.73;2.77;2.73;2.77;2.77;0.0;0.0
98958;552018;2018-03-28;FRC;U18;;;4;10070;3313418975.0;;;2.78;2.75;2.78;2.76;2.75;2.75;0.0;0.0
98959;552019;2018-03-28;FRC;V18;;;10;10100;3315220992.0;;;2.83;2.83;2.84;2.83;2.84;2.84;0.0;0.0
98960;552020;2018-03-28;FRC;X18;;;0;0;0.0;;;0.0;0.0;0.0;0.0;0.0;2.93;0.0;0.0
98961;552021;2018-03-28;FRC;Z18;;;8;1200;391491619.0;;;2.94;2.93;2.94;2.93;2.93;2.93;0.0;0.0
98962;552022;2018-03-28;FRC;F19;;;15;3460;1126150564.0;;;3.02;3.02;3.02;3.02;3.02;3.02;0.0;0.0
98963;552023;2018-03-28;FRC;G19;;;2;2600;843838152.0;;;3.07;3.07;3.07;3.07;3.07;3.08;0.0;0.0
98964;552024;2018-03-28;FRC;H19;;;1;2190;708802565.0;;;3.1;3.1;3.1;3.1;3.1;3.11;0.0;0.0
98965;552025;2018-03-28;FRC;J19;;;9;4200;1355562492.0;;;3.11;3.11;3.12;3.11;3.12;3.11;0.0;0.0
98966;552026;2018-03-28;FRC;N19;;;8;2500;799746128.0;;;3.23;3.23;3.23;3.23;3.23;3.23;0.0;0.0
98967;552027;2018-03-28;FRC;V19;;;7;1500;475287096.0;;;3.34;3.34;3.34;3.34;3.34;3.34;0.0;0.0
98968;552028;2018-03-28;FRC;F20;;;5;1200;376237603.0;;;3.44;3.44;3.44;3.44;3.44;3.44;0.0;0.0
98969;552029;2018-03-28;FRC;J20;;;0;0;0.0;;;0.0;0.0;0.0;0.0;0.0;3.53;0.0;0.0
98970;552030;2018-03-28;FRC;N20;;;7;700;215773376.0;;;3.61;3.61;3.61;3.61;3.61;3.61;0.0;0.0
98971;552031;2018-03-28;FRC;V20;;;6;800;243726611.0;;;3.67;3.67;3.67;3.67;3.67;3.67;0.0;0.0
98972;552032;2018-03-28;FRC;F21;;;20;4440;1338624219.0;;;3.75;3.75;3.75;3.75;3.75;3.75;0.0;0.0
98973;552033;2018-03-28;FRC;J21;;;0;0;0.0;;;0.0;0.0;0.0;0.0;0.0;3.75;0.0;0.0
98974;552034;2018-03-28;FRC;N21;;;2;200;59157515.0;;;3.79;3.79;3.79;3.79;3.79;3.79;0.0;0.0
98975;552035;2018-03-28;FRC;V21;;;0;0;0.0;;;0.0;0.0;0.0;0.0;0.0;3.85;0.0;0.0
98976;552036;2018-03-28;FRC;F22;;;5;3100;898523772.0;;;3.91;3.9;3.91;3.9;3.9;3.9;0.0;0.0
98977;552037;2018-03-28;FRC;J22;;;0;0;0.0;;;0.0;0.0;0.0;0.0;0.0;3.96;0.0;0.0
98978;552038;2018-03-28;FRC;N22;;;0;0;0.0;;;0.0;0.0;0.0;0.0;0.0;3.99;0.0;0.0
98979;552039;2018-03-28;FRC;V22;;;0;0;0.0;;;0.0;0.0;0.0;0.0;0.0;4.0;0.0;0.0
98980;552040;2018-03-28;FRC;F23;;;5;720;200742899.0;;;4.05;4.05;4.05;4.05;4.05;4.05;0.0;0.0
98981;552041;2018-03-28;FRC;N23;;;0;0;0.0;;;0.0;0.0;0.0;0.0;0.0;4.13;0.0;0.0
98982;552042;2018-03-28;FRC;F24;;;0;0;0.0;;;0.0;0.0;0.0;0.0;0.0;4.23;0.0;0.0
98983;552043;2018-03-28;FRC;N24;;;0;0;0.0;;;0.0;0.0;0.0;0.0;0.0;4.28;0.0;0.0
98984;552044;2018-03-28;FRC;F25;;;3;300;76812681.0;;;4.36;4.36;4.36;4.36;4.36;4.36;0.0;0.0
98985;552045;2018-03-28;FRC;F26;;;0;0;0.0;;;0.0;0.0;0.0;0.0;0.0;4.54;0.0;0.0
98986;552046;2018-03-28;FRC;F27;;;0;0;0.0;;;0.0;0.0;0.0;0.0;0.0;4.68;0.0;0.0
98987;552047;2018-03-28;FRC;F28;;;2;300;67643636.0;;;4.84;4.84;4.84;4.84;4.84;4.82;0.0;0.0
98988;552048;2018-03-28;FRC;F29;;;0;0;0.0;;;0.0;0.0;0.0;0.0;0.0;4.99;0.0;0.0
98989;552049;2018-03-28;FRC;F30;;;0;0;0.0;;;0.0;0.0;0.0;0.0;0.0;5.05;0.0;0.0
98990;552222;2018-03-29;FRC;M18;;;24;29500;9732539827.0;;;2.83;2.82;3.0;2.85;2.9;2.9;0.0;0.0
98991;552223;2018-03-29;FRC;N18;;;39;21900;7208971513.0;;;2.74;2.72;2.77;2.75;2.77;2.77;0.0;0.0
98992;552224;2018-03-29;FRC;Q18;;;17;9910;3253532961.0;;;2.8;2.77;2.84;2.8;2.84;2.83;0.0;0.0
98993;552225;2018-03-29;FRC;U18;;;4;350;114695838.0;;;2.76;2.76;2.81;2.79;2.81;2.81;0.0;0.0
98994;552226;2018-03-29;FRC;V18;;;41;30180;9861691595.0;;;2.84;2.82;2.91;2.84;2.91;2.9;0.0;0.0
98995;552227;2018-03-29;FRC;X18;;;9;1900;619266891.0;;;2.99;2.99;2.99;2.99;2.99;2.99;0.0;0.0
98996;552228;2018-03-29;FRC;Z18;;;8;3100;1006829333.0;;;2.99;2.99;2.99;2.99;2.99;2.99;0.0;0.0
98997;552229;2018-03-29;FRC;F19;;;26;11820;3829333888.0;;;3.01;3.01;3.07;3.05;3.07;3.07;0.0;0.0
98998;552230;2018-03-29;FRC;G19;;;2;500;161405189.0;;;3.14;3.14;3.14;3.14;3.14;3.14;0.0;0.0
98999;552231;2018-03-29;FRC;H19;;;15;3300;1062664833.0;;;3.09;3.09;3.16;3.15;3.16;3.16;0.0;0.0
99000;552232;2018-03-29;FRC;J19;;;9;2710;870407463.0;;;3.1;3.1;3.18;3.16;3.18;3.18;0.0;0.0
99001;552233;2018-03-29;FRC;N19;;;4;1200;381905094.0;;;3.29;3.29;3.29;3.29;3.29;3.29;0.0;0.0
99002;552234;2018-03-29;FRC;V19;;;9;1900;598684363.0;;;3.4;3.4;3.4;3.4;3.4;3.4;0.0;0.0
99003;552235;2018-03-29;FRC;F20;;;17;4830;1506778896.0;;;3.52;3.52;3.52;3.52;3.52;3.52;0.0;0.0
99004;552236;2018-03-29;FRC;J20;;;8;1300;401496470.0;;;3.53;3.53;3.61;3.59;3.61;3.61;0.0;0.0
99005;552237;2018-03-29;FRC;N20;;;10;2000;610881351.0;;;3.7;3.7;3.7;3.7;3.7;3.7;0.0;0.0
99006;552238;2018-03-29;FRC;V20;;;10;1200;363715991.0;;;3.77;3.77;3.77;3.77;3.77;3.77;0.0;0.0
99007;552239;2018-03-29;FRC;F21;;;12;2690;806151092.0;;;3.82;3.82;3.82;3.82;3.82;3.82;0.0;0.0
99008;552240;2018-03-29;FRC;J21;;;0;0;0.0;;;0.0;0.0;0.0;0.0;0.0;3.82;0.0;0.0
99009;552241;2018-03-29;FRC;N21;;;0;0;0.0;;;0.0;0.0;0.0;0.0;0.0;3.86;0.0;0.0
99010;552242;2018-03-29;FRC;V21;;;2;200;58205102.0;;;3.91;3.91;3.91;3.91;3.91;3.91;0.0;0.0
99011;552243;2018-03-29;FRC;F22;;;9;2000;576010370.0;;;3.96;3.96;3.96;3.96;3.96;3.96;0.0;0.0
99012;552244;2018-03-29;FRC;J22;;;0;0;0.0;;;0.0;0.0;0.0;0.0;0.0;4.01;0.0;0.0
99013;552245;2018-03-29;FRC;N22;;;0;0;0.0;;;0.0;0.0;0.0;0.0;0.0;4.04;0.0;0.0
99014;552246;2018-03-29;FRC;V22;;;0;0;0.0;;;0.0;0.0;0.0;0.0;0.0;4.04;0.0;0.0
99015;552247;2018-03-29;FRC;F23;;;5;3100;858000411.0;;;4.1;4.1;4.1;4.1;4.1;4.1;0.0;0.0
99016;552248;2018-03-29;FRC;N23;;;0;0;0.0;;;0.0;0.0;0.0;0.0;0.0;4.18;0.0;0.0
99017;552249;2018-03-29;FRC;F24;;;4;510;135286334.0;;;4.23;4.23;4.28;4.27;4.28;4.28;0.0;0.0
99018;552250;2018-03-29;FRC;N24;;;0;0;0.0;;;0.0;0.0;0.0;0.0;0.0;4.33;0.0;0.0
99019;552251;2018-03-29;FRC;F25;;;3;320;81671633.0;;;4.36;4.36;4.36;4.36;4.36;4.41;0.0;0.0
99020;552252;2018-03-29;FRC;F26;;;3;300;73153783.0;;;4.55;4.55;4.55;4.55;4.55;4.59;0.0;0.0
99021;552253;2018-03-29;FRC;F27;;;2;100;23436561.0;;;4.69;4.69;4.69;4.69;4.69;4.73;0.0;0.0
99022;552254;2018-03-29;FRC;F28;;;0;0;0.0;;;0.0;0.0;0.0;0.0;0.0;4.87;0.0;0.0
99023;552255;2018-03-29;FRC;F29;;;0;0;0.0;;;0.0;0.0;0.0;0.0;0.0;5.04;0.0;0.0
99024;552256;2018-03-29;FRC;F30;;;0;0;0.0;;;0.0;0.0;0.0;0.0;0.0;5.1;0.0;0.0
99025;552444;2018-04-02;FRC;M18;;;32;45820;15140109375.0;;;2.9;2.85;2.9;2.88;2.85;2.85;0.0;0.0
99026;552445;2018-04-02;FRC;N18;;;29;14270;4705873733.0;;;2.77;2.73;2.77;2.74;2.76;2.76;0.0;0.0
99027;552446;2018-04-02;FRC;Q18;;;4;480;157757690.0;;;2.83;2.82;2.84;2.82;2.82;2.82;0.0;0.0
99028;552447;2018-04-02;FRC;U18;;;3;370;121302622.0;;;2.81;2.8;2.81;2.8;2.8;2.8;0.0;0.0
99029;552448;2018-04-02;FRC;V18;;;9;6270;2051761532.0;;;2.9;2.88;2.9;2.89;2.88;2.89;0.0;0.0
99030;552449;2018-04-02;FRC;X18;;;8;2090;682258148.0;;;2.99;2.97;2.99;2.97;2.97;2.97;0.0;0.0
99031;552450;2018-04-02;FRC;Z18;;;3;6010;1955956050.0;;;3.0;2.97;3.0;2.97;2.97;2.97;0.0;0.0
99032;552451;2018-04-02;FRC;F19;;;24;10320;3348829959.0;;;3.07;3.05;3.07;3.05;3.05;3.05;0.0;0.0
99033;552452;2018-04-02;FRC;G19;;;1;10;3272987.0;;;3.14;3.14;3.14;3.14;3.14;3.13;0.0;0.0
99034;552453;2018-04-02;FRC;H19;;;10;4000;1290173473.0;;;3.16;3.16;3.16;3.16;3.16;3.16;0.0;0.0
99035;552454;2018-04-02;FRC;J19;;;9;1540;495066496.0;;;3.18;3.18;3.19;3.18;3.19;3.19;0.0;0.0
99036;552455;2018-04-02;FRC;N19;;;7;850;270947275.0;;;3.29;3.28;3.29;3.28;3.28;3.28;0.0;0.0
99037;552456;2018-04-02;FRC;V19;;;1;180;56896145.0;;;3.4;3.4;3.4;3.4;3.4;3.4;0.0;0.0
99038;552457;2018-04-02;FRC;F20;;;9;3030;946602081.0;;;3.52;3.52;3.53;3.52;3.53;3.53;0.0;0.0
99039;552458;2018-04-02;FRC;J20;;;2;30;9277255.0;;;3.61;3.61;3.61;3.61;3.61;3.61;0.0;0.0
99040;552459;2018-04-02;FRC;N20;;;9;1180;361675602.0;;;3.7;3.69;3.7;3.69;3.69;3.69;0.0;0.0
99041;552460;2018-04-02;FRC;V20;;;4;250;75974290.0;;;3.77;3.76;3.77;3.76;3.76;3.76;0.0;0.0
99042;552461;2018-04-02;FRC;F21;;;16;7670;2301478761.0;;;3.82;3.82;3.82;3.82;3.82;3.82;0.0;0.0
99043;552462;2018-04-02;FRC;J21;;;0;0;0.0;;;0.0;0.0;0.0;0.0;0.0;3.82;0.0;0.0
99044;552463;2018-04-02;FRC;N21;;;0;0;0.0;;;0.0;0.0;0.0;0.0;0.0;3.86;0.0;0.0
99045;552464;2018-04-02;FRC;V21;;;0;0;0.0;;;0.0;0.0;0.0;0.0;0.0;3.91;0.0;0.0
99046;552465;2018-04-02;FRC;F22;;;10;3200;922947319.0;;;3.96;3.96;3.97;3.96;3.97;3.97;0.0;0.0
99047;552466;2018-04-02;FRC;J22;;;0;0;0.0;;;0.0;0.0;0.0;0.0;0.0;4.03;0.0;0.0
99048;552467;2018-04-02;FRC;N22;;;0;0;0.0;;;0.0;0.0;0.0;0.0;0.0;4.07;0.0;0.0
99049;552468;2018-04-02;FRC;V22;;;0;0;0.0;;;0.0;0.0;0.0;0.0;0.0;4.09;0.0;0.0
99050;552469;2018-04-02;FRC;F23;;;16;3790;1050434363.0;;;4.1;4.1;4.12;4.11;4.12;4.11;0.0;0.0
99051;552470;2018-04-02;FRC;J23;;;0;0;0.0;;;0.0;0.0;0.0;0.0;0.0;4.15;0.0;0.0
99052;552471;2018-04-02;FRC;N23;;;0;0;0.0;;;0.0;0.0;0.0;0.0;0.0;4.19;0.0;0.0
99053;552472;2018-04-02;FRC;F24;;;2;100;26530705.0;;;4.28;4.28;4.28;4.28;4.28;4.29;0.0;0.0
99054;552473;2018-04-02;FRC;N24;;;0;0;0.0;;;0.0;0.0;0.0;0.0;0.0;4.34;0.0;0.0
99055;552474;2018-04-02;FRC;F25;;;3;190;48564181.0;;;4.41;4.41;4.41;4.41;4.41;4.41;0.0;0.0
99056;552475;2018-04-02;FRC;F26;;;0;0;0.0;;;0.0;0.0;0.0;0.0;0.0;4.59;0.0;0.0
99057;552476;2018-04-02;FRC;F27;;;0;0;0.0;;;0.0;0.0;0.0;0.0;0.0;4.73;0.0;0.0
99058;552477;2018-04-02;FRC;F28;;;0;0;0.0;;;0.0;0.0;0.0;0.0;0.0;4.87;0.0;0.0
99059;552478;2018-04-02;FRC;F29;;;0;0;0.0;;;0.0;0.0;0.0;0.0;0.0;5.04;0.0;0.0
99060;552479;2018-04-02;FRC;F30;;;0;0;0.0;;;0.0;0.0;0.0;0.0;0.0;5.1;0.0;0.0
99061;552653;2018-04-03;FRC;M18;;;46;54780;18113289523.0;;;2.85;2.85;2.9;2.87;2.9;2.9;0.0;0.0
99062;552654;2018-04-03;FRC;N18;;;19;10600;3497580475.0;;;2.8;2.8;2.8;2.8;2.8;2.8;0.0;0.0
99063;552655;2018-04-03;FRC;Q18;;;20;7470;2457644117.0;;;2.86;2.86;2.87;2.86;2.87;2.87;0.0;0.0
99064;552656;2018-04-03;FRC;U18;;;0;0;0.0;;;0.0;0.0;0.0;0.0;0.0;2.84;0.0;0.0
99065;552657;2018-04-03;FRC;V18;;;15;5100;1670066913.0;;;2.9;2.9;2.96;2.92;2.96;2.92;0.0;0.0
99066;552658;2018-04-03;FRC;X18;;;14;4300;1402901847.0;;;3.02;3.02;3.02;3.02;3.02;3.02;0.0;0.0
99067;552659;2018-04-03;FRC;Z18;;;7;2500;813758960.0;;;3.02;3.02;3.02;3.02;3.02;3.02;0.0;0.0
99068;552660;2018-04-03;FRC;F19;;;18;9100;2953883685.0;;;3.1;3.1;3.1;3.1;3.1;3.1;0.0;0.0
99069;552661;2018-04-03;FRC;G19;;;7;2900;938241984.0;;;3.18;3.18;3.18;3.18;3.18;3.18;0.0;0.0
99070;552662;2018-04-03;FRC;H19;;;0;0;0.0;;;0.0;0.0;0.0;0.0;0.0;3.21;0.0;0.0
99071;552663;2018-04-03;FRC;J19;;;10;2000;643214501.0;;;3.23;3.23;3.23;3.23;3.23;3.23;0.0;0.0
99072;552664;2018-04-03;FRC;N19;;;13;18800;5995883844.0;;;3.28;3.28;3.33;3.3;3.33;3.33;0.0;0.0
99073;552665;2018-04-03;FRC;V19;;;5;900;284223225.0;;;3.46;3.46;3.46;3.46;3.46;3.46;0.0;0.0
99074;552666;2018-04-03;FRC;F20;;;10;7700;2407318640.0;;;3.52;3.52;3.59;3.53;3.59;3.59;0.0;0.0
99075;552667;2018-04-03;FRC;J20;;;9;1500;463710780.0;;;3.68;3.68;3.68;3.68;3.68;3.68;0.0;0.0
99076;552668;2018-04-03;FRC;N20;;;5;800;244697123.0;;;3.76;3.76;3.76;3.76;3.76;3.76;0.0;0.0
99077;552669;2018-04-03;FRC;V20;;;2;2000;605751999.0;;;3.83;3.83;3.83;3.83;3.83;3.83;0.0;0.0
99078;552670;2018-04-03;FRC;F21;;;12;6000;1797263902.0;;;3.9;3.9;3.9;3.9;3.9;3.9;0.0;0.0
99079;552671;2018-04-03;FRC;J21;;;5;500;148804396.0;;;3.91;3.91;3.91;3.91;3.91;3.91;0.0;0.0
99080;552672;2018-04-03;FRC;N21;;;0;0;0.0;;;0.0;0.0;0.0;0.0;0.0;3.95;0.0;0.0
99081;552673;2018-04-03;FRC;V21;;;0;0;0.0;;;0.0;0.0;0.0;0.0;0.0;4.0;0.0;0.0
99082;552674;2018-04-03;FRC;F22;;;7;1670;481673940.0;;;3.97;3.97;4.07;3.99;4.07;4.07;0.0;0.0
99083;552675;2018-04-03;FRC;J22;;;0;0;0.0;;;0.0;0.0;0.0;0.0;0.0;4.13;0.0;0.0
99084;552676;2018-04-03;FRC;N22;;;0;0;0.0;;;0.0;0.0;0.0;0.0;0.0;4.16;0.0;0.0
99085;552677;2018-04-03;FRC;V22;;;0;0;0.0;;;0.0;0.0;0.0;0.0;0.0;4.17;0.0;0.0
99086;552678;2018-04-03;FRC;F23;;;18;3860;1067976926.0;;;4.11;4.11;4.19;4.15;4.19;4.19;0.0;0.0
99087;552679;2018-04-03;FRC;J23;;;0;0;0.0;;;0.0;0.0;0.0;0.0;0.0;4.23;0.0;0.0
99088;552680;2018-04-03;FRC;N23;;;0;0;0.0;;;0.0;0.0;0.0;0.0;0.0;4.27;0.0;0.0
99089;552681;2018-04-03;FRC;F24;;;0;0;0.0;;;0.0;0.0;0.0;0.0;0.0;4.37;0.0;0.0
99090;552682;2018-04-03;FRC;N24;;;0;0;0.0;;;0.0;0.0;0.0;0.0;0.0;4.42;0.0;0.0
99091;552683;2018-04-03;FRC;F25;;;8;1200;305582399.0;;;4.42;4.42;4.5;4.47;4.5;4.5;0.0;0.0
99092;552684;2018-04-03;FRC;F26;;;0;0;0.0;;;0.0;0.0;0.0;0.0;0.0;4.69;0.0;0.0
99093;552685;2018-04-03;FRC;F27;;;2;200;46742996.0;;;4.74;4.74;4.74;4.74;4.74;4.84;0.0;0.0
99094;552686;2018-04-03;FRC;F28;;;0;0;0.0;;;0.0;0.0;0.0;0.0;0.0;4.98;0.0;0.0
99095;552687;2018-04-03;FRC;F29;;;0;0;0.0;;;0.0;0.0;0.0;0.0;0.0;5.15;0.0;0.0
99096;552688;2018-04-03;FRC;F30;;;0;0;0.0;;;0.0;0.0;0.0;0.0;0.0;5.21;0.0;0.0
99097;552861;2018-04-04;FRC;M18;;;21;25550;8457410574.0;;;2.92;2.91;2.97;2.92;2.97;2.97;0.0;0.0
99098;552862;2018-04-04;FRC;N18;;;19;13530;4468497069.0;;;2.83;2.83;2.84;2.84;2.84;2.84;0.0;0.0
99099;552863;2018-04-04;FRC;Q18;;;22;8240;2714301082.0;;;2.9;2.9;2.9;2.9;2.9;2.9;0.0;0.0
99100;552864;2018-04-04;FRC;U18;;;7;1500;492783288.0;;;2.87;2.87;2.87;2.87;2.87;2.87;0.0;0.0
99101;552865;2018-04-04;FRC;V18;;;13;3020;990006872.0;;;2.97;2.97;2.97;2.97;2.97;2.97;0.0;0.0
99102;552866;2018-04-04;FRC;X18;;;8;2800;914578930.0;;;3.06;3.06;3.06;3.06;3.06;3.06;0.0;0.0
99103;552867;2018-04-04;FRC;Z18;;;5;2000;651620592.0;;;3.07;3.07;3.07;3.07;3.07;3.07;0.0;0.0
99104;552868;2018-04-04;FRC;F19;;;26;27360;8888344944.0;;;3.1;3.1;3.15;3.13;3.15;3.15;0.0;0.0
99105;552869;2018-04-04;FRC;G19;;;5;6340;2053004240.0;;;3.2;3.2;3.24;3.2;3.24;3.24;0.0;0.0
99106;552870;2018-04-04;FRC;H19;;;16;3950;1275178887.0;;;3.24;3.24;3.28;3.27;3.28;3.28;0.0;0.0
99107;552871;2018-04-04;FRC;J19;;;12;10100;3251390234.0;;;3.29;3.29;3.29;3.29;3.29;3.29;0.0;0.0
99108;552872;2018-04-04;FRC;N19;;;7;1950;622056166.0;;;3.36;3.36;3.4;3.38;3.4;3.4;0.0;0.0
99109;552873;2018-04-04;FRC;V19;;;2;8000;2526375464.0;;;3.52;3.52;3.52;3.52;3.52;3.52;0.0;0.0
99110;552874;2018-04-04;FRC;F20;;;37;16100;5032424136.0;;;3.57;3.57;3.63;3.6;3.63;3.63;0.0;0.0
99111;552875;2018-04-04;FRC;J20;;;6;790;244289388.0;;;3.69;3.69;3.73;3.7;3.73;3.73;0.0;0.0
99112;552876;2018-04-04;FRC;N20;;;3;2400;734701881.0;;;3.81;3.8;3.81;3.8;3.81;3.81;0.0;0.0
99113;552877;2018-04-04;FRC;V20;;;0;0;0.0;;;0.0;0.0;0.0;0.0;0.0;3.87;0.0;0.0
99114;552878;2018-04-04;FRC;F21;;;15;3200;959055419.0;;;3.89;3.88;3.93;3.91;3.93;3.93;0.0;0.0
99115;552879;2018-04-04;FRC;J21;;;7;800;238089526.0;;;3.94;3.94;3.94;3.94;3.94;3.94;0.0;0.0
99116;552880;2018-04-04;FRC;N21;;;2;200;58944479.0;;;3.97;3.97;3.97;3.97;3.97;3.97;0.0;0.0
99117;552881;2018-04-04;FRC;V21;;;0;0;0.0;;;0.0;0.0;0.0;0.0;0.0;4.02;0.0;0.0
99118;552882;2018-04-04;FRC;F22;;;12;1910;550078804.0;;;4.08;4.07;4.09;4.08;4.09;4.09;0.0;0.0
99119;552883;2018-04-04;FRC;J22;;;0;0;0.0;;;0.0;0.0;0.0;0.0;0.0;4.15;0.0;0.0
99120;552884;2018-04-04;FRC;N22;;;0;0;0.0;;;0.0;0.0;0.0;0.0;0.0;4.18;0.0;0.0
99121;552885;2018-04-04;FRC;V22;;;0;0;0.0;;;0.0;0.0;0.0;0.0;0.0;4.2;0.0;0.0
99122;552886;2018-04-04;FRC;F23;;;15;6360;1759376874.0;;;4.19;4.19;4.22;4.19;4.22;4.22;0.0;0.0
99123;552887;2018-04-04;FRC;J23;;;0;0;0.0;;;0.0;0.0;0.0;0.0;0.0;4.26;0.0;0.0
99124;552888;2018-04-04;FRC;N23;;;0;0;0.0;;;0.0;0.0;0.0;0.0;0.0;4.3;0.0;0.0
99125;552889;2018-04-04;FRC;F24;;;3;1900;503887233.0;;;4.36;4.36;4.36;4.36;4.36;4.4;0.0;0.0
99126;552890;2018-04-04;FRC;N24;;;0;0;0.0;;;0.0;0.0;0.0;0.0;0.0;4.45;0.0;0.0
99127;552891;2018-04-04;FRC;F25;;;9;7220;1835067323.0;;;4.5;4.5;4.54;4.51;4.54;4.54;0.0;0.0
99128;552892;2018-04-04;FRC;F26;;;0;0;0.0;;;0.0;0.0;0.0;0.0;0.0;4.73;0.0;0.0
99129;552893;2018-04-04;FRC;F27;;;5;2700;627985861.0;;;4.84;4.84;4.87;4.84;4.87;4.87;0.0;0.0
99130;552894;2018-04-04;FRC;F28;;;3;1500;334301465.0;;;4.98;4.98;5.01;4.98;5.01;5.01;0.0;0.0
99131;552895;2018-04-04;FRC;F29;;;0;0;0.0;;;0.0;0.0;0.0;0.0;0.0;5.18;0.0;0.0
99132;552896;2018-04-04;FRC;F30;;;0;0;0.0;;;0.0;0.0;0.0;0.0;0.0;5.24;0.0;0.0
99133;553069;2018-04-05;FRC;M18;;;58;90300;30075513531.0;;;2.97;2.93;3.0;2.98;3.0;3.0;0.0;0.0
99134;553070;2018-04-05;FRC;N18;;;18;11500;3821411197.0;;;2.82;2.82;2.86;2.85;2.86;2.86;0.0;0.0
99135;553071;2018-04-05;FRC;Q18;;;1;20;6653236.0;;;2.9;2.9;2.9;2.9;2.9;2.93;0.0;0.0
99136;553072;2018-04-05;FRC;U18;;;8;3120;1031359756.0;;;2.87;2.87;2.91;2.9;2.91;2.91;0.0;0.0
99137;553073;2018-04-05;FRC;V18;;;12;3200;1055054124.0;;;2.96;2.96;3.0;2.99;3.0;3.0;0.0;0.0
99138;553074;2018-04-05;FRC;X18;;;0;0;0.0;;;0.0;0.0;0.0;0.0;0.0;3.09;0.0;0.0
99139;553075;2018-04-05;FRC;Z18;;;1;400;131156876.0;;;3.11;3.11;3.11;3.11;3.11;3.11;0.0;0.0
99140;553076;2018-04-05;FRC;F19;;;39;22140;7236556088.0;;;3.12;3.11;3.19;3.14;3.18;3.18;0.0;0.0
99141;553077;2018-04-05;FRC;G19;;;13;7100;2312682682.0;;;3.21;3.21;3.27;3.26;3.27;3.27;0.0;0.0
99142;553078;2018-04-05;FRC;H19;;;14;14490;4706452741.0;;;3.26;3.26;3.32;3.3;3.32;3.32;0.0;0.0
99143;553079;2018-04-05;FRC;J19;;;10;9690;3138618377.0;;;3.27;3.27;3.34;3.31;3.34;3.34;0.0;0.0
99144;553080;2018-04-05;FRC;N19;;;11;2550;818024320.0;;;3.42;3.42;3.44;3.43;3.44;3.42;0.0;0.0
99145;553081;2018-04-05;FRC;V19;;;2;200;63470558.0;;;3.56;3.56;3.56;3.56;3.56;3.56;0.0;0.0
99146;553082;2018-04-05;FRC;F20;;;13;4970;1561268319.0;;;3.64;3.64;3.68;3.68;3.68;3.68;0.0;0.0
99147;553083;2018-04-05;FRC;J20;;;4;600;186396134.0;;;3.79;3.79;3.79;3.79;3.79;3.79;0.0;0.0
99148;553084;2018-04-05;FRC;N20;;;6;1500;461522196.0;;;3.84;3.84;3.84;3.84;3.84;3.84;0.0;0.0
99149;553085;2018-04-05;FRC;V20;;;0;0;0.0;;;0.0;0.0;0.0;0.0;0.0;3.91;0.0;0.0
99150;553086;2018-04-05;FRC;F21;;;34;6900;2076951379.0;;;3.98;3.98;3.99;3.98;3.99;3.98;0.0;0.0
99151;553087;2018-04-05;FRC;J21;;;2;200;59555076.0;;;4.0;4.0;4.0;4.0;4.0;4.0;0.0;0.0
99152;553088;2018-04-05;FRC;N21;;;0;0;0.0;;;0.0;0.0;0.0;0.0;0.0;4.03;0.0;0.0
99153;553089;2018-04-05;FRC;V21;;;2;200;58625637.0;;;4.07;4.07;4.07;4.07;4.07;4.07;0.0;0.0
99154;553090;2018-04-05;FRC;F22;;;5;600;173701381.0;;;4.14;4.14;4.14;4.14;4.14;4.14;0.0;0.0
99155;553091;2018-04-05;FRC;J22;;;0;0;0.0;;;0.0;0.0;0.0;0.0;0.0;4.2;0.0;0.0
99156;553092;2018-04-05;FRC;N22;;;0;0;0.0;;;0.0;0.0;0.0;0.0;0.0;4.23;0.0;0.0
99157;553093;2018-04-05;FRC;V22;;;1;100;28036451.0;;;4.25;4.25;4.25;4.25;4.25;4.25;0.0;0.0
99158;553094;2018-04-05;FRC;F23;;;11;1400;388191461.0;;;4.28;4.28;4.28;4.28;4.28;4.28;0.0;0.0
99159;553095;2018-04-05;FRC;J23;;;0;0;0.0;;;0.0;0.0;0.0;0.0;0.0;4.32;0.0;0.0
99160;553096;2018-04-05;FRC;N23;;;0;0;0.0;;;0.0;0.0;0.0;0.0;0.0;4.35;0.0;0.0
99161;553097;2018-04-05;FRC;F24;;;1;100;26645973.0;;;4.44;4.44;4.44;4.44;4.44;4.44;0.0;0.0
99162;553098;2018-04-05;FRC;N24;;;0;0;0.0;;;0.0;0.0;0.0;0.0;0.0;4.49;0.0;0.0
99163;553099;2018-04-05;FRC;F25;;;1;30;7676768.0;;;4.5;4.5;4.5;4.5;4.5;4.58;0.0;0.0
99164;553100;2018-04-05;FRC;F26;;;0;0;0.0;;;0.0;0.0;0.0;0.0;0.0;4.77;0.0;0.0
99165;553101;2018-04-05;FRC;F27;;;0;0;0.0;;;0.0;0.0;0.0;0.0;0.0;4.91;0.0;0.0
99166;553102;2018-04-05;FRC;F28;;;0;0;0.0;;;0.0;0.0;0.0;0.0;0.0;5.05;0.0;0.0
99167;553103;2018-04-05;FRC;F29;;;0;0;0.0;;;0.0;0.0;0.0;0.0;0.0;5.22;0.0;0.0
99168;553104;2018-04-05;FRC;F30;;;0;0;0.0;;;0.0;0.0;0.0;0.0;0.0;5.28;0.0;0.0
99169;553277;2018-04-06;FRC;M18;;;69;59300;19763610354.0;;;2.98;2.92;3.05;2.98;2.97;2.97;0.0;0.0
99170;553278;2018-04-06;FRC;N18;;;72;9520;3170838394.0;;;2.89;2.82;2.89;2.82;2.83;2.83;0.0;0.0
99171;553279;2018-04-06;FRC;Q18;;;7;1400;464339015.0;;;2.92;2.9;2.92;2.9;2.9;2.9;0.0;0.0
99172;553280;2018-04-06;FRC;U18;;;1;20;6648885.0;;;2.9;2.9;2.9;2.9;2.9;2.89;0.0;0.0
99173;553281;2018-04-06;FRC;V18;;;9;1810;597397656.0;;;3.0;2.98;3.0;2.98;2.99;2.99;0.0;0.0
99174;553282;2018-04-06;FRC;X18;;;3;300;98439585.0;;;3.09;3.09;3.09;3.09;3.09;3.09;0.0;0.0
99175;553283;2018-04-06;FRC;Z18;;;3;1000;328019383.0;;;3.1;3.1;3.1;3.1;3.1;3.1;0.0;0.0
99176;553284;2018-04-06;FRC;F19;;;61;26110;8538951157.0;;;3.18;3.16;3.2;3.18;3.18;3.18;0.0;0.0
99177;553285;2018-04-06;FRC;G19;;;10;3900;1271419625.0;;;3.26;3.26;3.26;3.26;3.26;3.26;0.0;0.0
99178;553286;2018-04-06;FRC;H19;;;29;3260;1058223355.0;;;3.33;3.33;3.34;3.33;3.33;3.33;0.0;0.0
99179;553287;2018-04-06;FRC;J19;;;7;1380;447178529.0;;;3.34;3.34;3.35;3.34;3.35;3.35;0.0;0.0
99180;553288;2018-04-06;FRC;N19;;;1;500;160405756.0;;;3.45;3.45;3.45;3.45;3.45;3.43;0.0;0.0
99181;553289;2018-04-06;FRC;V19;;;3;4010;1274439151.0;;;3.56;3.56;3.57;3.56;3.57;3.57;0.0;0.0
99182;553290;2018-04-06;FRC;F20;;;25;5520;1735108118.0;;;3.68;3.66;3.68;3.67;3.68;3.68;0.0;0.0
99183;553291;2018-04-06;FRC;J20;;;0;0;0.0;;;0.0;0.0;0.0;0.0;0.0;3.79;0.0;0.0
99184;553292;2018-04-06;FRC;N20;;;7;4400;1355294922.0;;;3.83;3.83;3.83;3.83;3.83;3.83;0.0;0.0
99185;553293;2018-04-06;FRC;V20;;;0;0;0.0;;;0.0;0.0;0.0;0.0;0.0;3.9;0.0;0.0
99186;553294;2018-04-06;FRC;F21;;;9;2400;723489780.0;;;3.97;3.97;3.98;3.97;3.97;3.97;0.0;0.0
99187;553295;2018-04-06;FRC;J21;;;0;0;0.0;;;0.0;0.0;0.0;0.0;0.0;3.99;0.0;0.0
99188;553296;2018-04-06;FRC;N21;;;0;0;0.0;;;0.0;0.0;0.0;0.0;0.0;4.02;0.0;0.0
99189;553297;2018-04-06;FRC;V21;;;0;0;0.0;;;0.0;0.0;0.0;0.0;0.0;4.06;0.0;0.0
99190;553298;2018-04-06;FRC;F22;;;8;1110;321675262.0;;;4.12;4.12;4.22;4.12;4.22;4.12;0.0;0.0
99191;553299;2018-04-06;FRC;J22;;;0;0;0.0;;;0.0;0.0;0.0;0.0;0.0;4.18;0.0;0.0
99192;553300;2018-04-06;FRC;N22;;;0;0;0.0;;;0.0;0.0;0.0;0.0;0.0;4.23;0.0;0.0
99193;553301;2018-04-06;FRC;V22;;;0;0;0.0;;;0.0;0.0;0.0;0.0;0.0;4.26;0.0;0.0
99194;553302;2018-04-06;FRC;F23;;;11;2240;622032720.0;;;4.28;4.27;4.28;4.27;4.27;4.27;0.0;0.0
99195;553303;2018-04-06;FRC;J23;;;0;0;0.0;;;0.0;0.0;0.0;0.0;0.0;4.31;0.0;0.0
99196;553304;2018-04-06;FRC;N23;;;0;0;0.0;;;0.0;0.0;0.0;0.0;0.0;4.34;0.0;0.0
99197;553305;2018-04-06;FRC;F24;;;0;0;0.0;;;0.0;0.0;0.0;0.0;0.0;4.43;0.0;0.0
99198;553306;2018-04-06;FRC;N24;;;0;0;0.0;;;0.0;0.0;0.0;0.0;0.0;4.48;0.0;0.0
99199;553307;2018-04-06;FRC;F25;;;2;700;178277573.0;;;4.61;4.61;4.61;4.61;4.61;4.57;0.0;0.0
99200;553308;2018-04-06;FRC;F26;;;0;0;0.0;;;0.0;0.0;0.0;0.0;0.0;4.77;0.0;0.0
99201;553309;2018-04-06;FRC;F27;;;0;0;0.0;;;0.0;0.0;0.0;0.0;0.0;4.92;0.0;0.0
99202;553310;2018-04-06;FRC;F28;;;0;0;0.0;;;0.0;0.0;0.0;0.0;0.0;5.06;0.0;0.0
99203;553311;2018-04-06;FRC;F29;;;0;0;0.0;;;0.0;0.0;0.0;0.0;0.0;5.23;0.0;0.0
99204;553312;2018-04-06;FRC;F30;;;0;0;0.0;;;0.0;0.0;0.0;0.0;0.0;5.29;0.0;0.0
99205;553485;2018-04-09;FRC;M18;;;78;79660;26817121970.0;;;2.96;2.92;2.97;2.92;2.92;2.95;0.0;0.0
99206;553486;2018-04-09;FRC;N18;;;27;29940;10055978783.0;;;2.83;2.8;2.84;2.8;2.81;2.81;0.0;0.0
99207;553487;2018-04-09;FRC;Q18;;;3;2700;904424083.0;;;2.9;2.9;2.9;2.9;2.9;2.9;0.0;0.0
99208;553488;2018-04-09;FRC;U18;;;6;1500;501131539.0;;;2.91;2.91;2.91;2.91;2.91;2.91;0.0;0.0
99209;553489;2018-04-09;FRC;V18;;;11;4800;1599517849.0;;;2.99;2.97;3.0;2.97;3.0;3.0;0.0;0.0
99210;553490;2018-04-09;FRC;X18;;;2;500;166052290.0;;;3.11;3.11;3.11;3.11;3.11;3.11;0.0;0.0
99211;553491;2018-04-09;FRC;Z18;;;0;0;0.0;;;0.0;0.0;0.0;0.0;0.0;3.11;0.0;0.0
99212;553492;2018-04-09;FRC;F19;;;27;10820;3573875195.0;;;3.18;3.16;3.2;3.16;3.19;3.19;0.0;0.0
99213;553493;2018-04-09;FRC;G19;;;8;800;263779441.0;;;3.26;3.22;3.27;3.22;3.27;3.27;0.0;0.0
99214;553494;2018-04-09;FRC;H19;;;4;500;163852664.0;;;3.36;3.36;3.36;3.36;3.36;3.36;0.0;0.0
99215;553495;2018-04-09;FRC;J19;;;11;1250;408961900.0;;;3.35;3.34;3.37;3.34;3.37;3.37;0.0;0.0
99216;553496;2018-04-09;FRC;N19;;;4;410;132914295.0;;;3.42;3.42;3.47;3.42;3.47;3.47;0.0;0.0
99217;553497;2018-04-09;FRC;V19;;;0;0;0.0;;;0.0;0.0;0.0;0.0;0.0;3.6;0.0;0.0
99218;553498;2018-04-09;FRC;F20;;;11;1730;549082931.0;;;3.7;3.7;3.7;3.7;3.7;3.7;0.0;0.0
99219;553499;2018-04-09;FRC;J20;;;2;300;94188948.0;;;3.8;3.8;3.8;3.8;3.8;3.8;0.0;0.0
99220;553500;2018-04-09;FRC;N20;;;7;720;223653699.0;;;3.85;3.85;3.85;3.85;3.85;3.85;0.0;0.0
99221;553501;2018-04-09;FRC;V20;;;4;500;153679929.0;;;3.93;3.93;3.93;3.93;3.93;3.93;0.0;0.0
99222;553502;2018-04-09;FRC;F21;;;8;2180;663339081.0;;;3.97;3.97;3.99;3.97;3.99;3.99;0.0;0.0
99223;553503;2018-04-09;FRC;J21;;;1;100;30088604.0;;;4.02;4.02;4.02;4.02;4.02;4.02;0.0;0.0
99224;553504;2018-04-09;FRC;N21;;;4;400;119780890.0;;;4.04;4.04;4.04;4.04;4.04;4.04;0.0;0.0
99225;553505;2018-04-09;FRC;V21;;;0;0;0.0;;;0.0;0.0;0.0;0.0;0.0;4.08;0.0;0.0
99226;553506;2018-04-09;FRC;F22;;;10;1110;324941294.0;;;4.15;4.15;4.15;4.15;4.15;4.15;0.0;0.0
99227;553507;2018-04-09;FRC;J22;;;0;0;0.0;;;0.0;0.0;0.0;0.0;0.0;4.21;0.0;0.0
99228;553508;2018-04-09;FRC;N22;;;0;0;0.0;;;0.0;0.0;0.0;0.0;0.0;4.26;0.0;0.0
99229;553509;2018-04-09;FRC;V22;;;4;400;113285068.0;;;4.28;4.28;4.28;4.28;4.28;4.28;0.0;0.0
99230;553510;2018-04-09;FRC;F23;;;4;400;111990565.0;;;4.33;4.33;4.33;4.33;4.33;4.33;0.0;0.0
99231;553511;2018-04-09;FRC;J23;;;0;0;0.0;;;0.0;0.0;0.0;0.0;0.0;4.37;0.0;0.0
99232;553512;2018-04-09;FRC;N23;;;0;0;0.0;;;0.0;0.0;0.0;0.0;0.0;4.4;0.0;0.0
99233;553513;2018-04-09;FRC;F24;;;0;0;0.0;;;0.0;0.0;0.0;0.0;0.0;4.49;0.0;0.0
99234;553514;2018-04-09;FRC;N24;;;0;0;0.0;;;0.0;0.0;0.0;0.0;0.0;4.54;0.0;0.0
99235;553515;2018-04-09;FRC;F25;;;1;20;5102880.0;;;4.6;4.6;4.6;4.6;4.6;4.63;0.0;0.0
99236;553516;2018-04-09;FRC;F26;;;0;0;0.0;;;0.0;0.0;0.0;0.0;0.0;4.78;0.0;0.0
99237;553517;2018-04-09;FRC;F27;;;0;0;0.0;;;0.0;0.0;0.0;0.0;0.0;4.98;0.0;0.0
99238;553518;2018-04-09;FRC;F28;;;0;0;0.0;;;0.0;0.0;0.0;0.0;0.0;5.12;0.0;0.0
99239;553519;2018-04-09;FRC;F29;;;0;0;0.0;;;0.0;0.0;0.0;0.0;0.0;5.29;0.0;0.0
99240;553520;2018-04-09;FRC;F30;;;0;0;0.0;;;0.0;0.0;0.0;0.0;0.0;5.35;0.0;0.0
99241;553693;2018-04-10;FRC;M18;;;71;78790;26661853382.0;;;2.92;2.88;2.95;2.88;2.94;2.94;0.0;0.0
99242;553694;2018-04-10;FRC;N18;;;46;33900;11444792076.0;;;2.8;2.77;2.83;2.77;2.83;2.83;0.0;0.0
99243;553695;2018-04-10;FRC;Q18;;;13;4100;1380040388.0;;;2.87;2.87;2.91;2.87;2.91;2.91;0.0;0.0
99244;553696;2018-04-10;FRC;U18;;;4;800;268639806.0;;;2.93;2.93;2.93;2.93;2.93;2.93;0.0;0.0
99245;553697;2018-04-10;FRC;V18;;;10;3300;1105158493.0;;;2.97;2.97;3.02;2.97;3.02;3.02;0.0;0.0
99246;553698;2018-04-10;FRC;X18;;;8;1500;500533156.0;;;3.13;3.13;3.13;3.13;3.13;3.13;0.0;0.0
99247;553699;2018-04-10;FRC;Z18;;;1;100;33266817.0;;;3.13;3.13;3.13;3.13;3.13;3.13;0.0;0.0
99248;553700;2018-04-10;FRC;F19;;;26;9160;3040889179.0;;;3.19;3.17;3.21;3.17;3.21;3.21;0.0;0.0
99249;553701;2018-04-10;FRC;G19;;;8;3200;1058946056.0;;;3.29;3.29;3.29;3.29;3.29;3.29;0.0;0.0
99250;553702;2018-04-10;FRC;H19;;;10;2300;758130673.0;;;3.36;3.36;3.36;3.36;3.36;3.36;0.0;0.0
99251;553703;2018-04-10;FRC;J19;;;14;2740;901310306.0;;;3.36;3.35;3.37;3.35;3.37;3.37;0.0;0.0
99252;553704;2018-04-10;FRC;N19;;;1;100;32566980.0;;;3.48;3.48;3.48;3.48;3.48;3.48;0.0;0.0
99253;553705;2018-04-10;FRC;V19;;;1;100;32229897.0;;;3.61;3.61;3.61;3.61;3.61;3.61;0.0;0.0
99254;553706;2018-04-10;FRC;F20;;;25;5540;1767519410.0;;;3.68;3.67;3.71;3.67;3.71;3.71;0.0;0.0
99255;553707;2018-04-10;FRC;J20;;;7;700;220932018.0;;;3.79;3.79;3.79;3.79;3.79;3.79;0.0;0.0
99256;553708;2018-04-10;FRC;N20;;;10;2800;875301556.0;;;3.84;3.84;3.84;3.84;3.84;3.84;0.0;0.0
99257;553709;2018-04-10;FRC;V20;;;0;0;0.0;;;0.0;0.0;0.0;0.0;0.0;3.92;0.0;0.0
99258;553710;2018-04-10;FRC;F21;;;6;3310;1012440771.0;;;3.99;3.99;4.0;3.99;4.0;3.98;0.0;0.0
99259;553711;2018-04-10;FRC;J21;;;0;0;0.0;;;0.0;0.0;0.0;0.0;0.0;4.01;0.0;0.0
99260;553712;2018-04-10;FRC;N21;;;0;0;0.0;;;0.0;0.0;0.0;0.0;0.0;4.03;0.0;0.0
99261;553713;2018-04-10;FRC;V21;;;1;100;29776422.0;;;4.08;4.08;4.08;4.08;4.08;4.08;0.0;0.0
99262;553714;2018-04-10;FRC;F22;;;4;500;147010359.0;;;4.15;4.15;4.15;4.15;4.15;4.15;0.0;0.0
99263;553715;2018-04-10;FRC;J22;;;2;200;58217519.0;;;4.21;4.21;4.21;4.21;4.21;4.21;0.0;0.0
99264;553716;2018-04-10;FRC;N22;;;0;0;0.0;;;0.0;0.0;0.0;0.0;0.0;4.27;0.0;0.0
99265;553717;2018-04-10;FRC;V22;;;0;0;0.0;;;0.0;0.0;0.0;0.0;0.0;4.3;0.0;0.0
99266;553718;2018-04-10;FRC;F23;;;13;1400;394128919.0;;;4.35;4.31;4.35;4.31;4.31;4.31;0.0;0.0
99267;553719;2018-04-10;FRC;J23;;;0;0;0.0;;;0.0;0.0;0.0;0.0;0.0;4.35;0.0;0.0
99268;553720;2018-04-10;FRC;N23;;;0;0;0.0;;;0.0;0.0;0.0;0.0;0.0;4.38;0.0;0.0
99269;553721;2018-04-10;FRC;F24;;;0;0;0.0;;;0.0;0.0;0.0;0.0;0.0;4.47;0.0;0.0
99270;553722;2018-04-10;FRC;N24;;;0;0;0.0;;;0.0;0.0;0.0;0.0;0.0;4.52;0.0;0.0
99271;553723;2018-04-10;FRC;F25;;;4;400;103240312.0;;;4.61;4.61;4.61;4.61;4.61;4.61;0.0;0.0
99272;553724;2018-04-10;FRC;F26;;;0;0;0.0;;;0.0;0.0;0.0;0.0;0.0;4.76;0.0;0.0
99273;553725;2018-04-10;FRC;F27;;;0;0;0.0;;;0.0;0.0;0.0;0.0;0.0;4.95;0.0;0.0
99274;553726;2018-04-10;FRC;F28;;;0;0;0.0;;;0.0;0.0;0.0;0.0;0.0;5.09;0.0;0.0
99275;553727;2018-04-10;FRC;F29;;;0;0;0.0;;;0.0;0.0;0.0;0.0;0.0;5.26;0.0;0.0
99276;553728;2018-04-10;FRC;F30;;;0;0;0.0;;;0.0;0.0;0.0;0.0;0.0;5.32;0.0;0.0
99277;553901;2018-04-11;FRC;M18;;;33;40550;13723333364.0;;;2.93;2.9;2.99;2.9;2.91;2.99;0.0;0.0
99278;553902;2018-04-11;FRC;N18;;;18;20480;6915325483.0;;;2.84;2.83;2.87;2.83;2.87;2.87;0.0;0.0
99279;553903;2018-04-11;FRC;Q18;;;20;3860;1299925549.0;;;2.92;2.92;2.96;2.92;2.96;2.95;0.0;0.0
99280;553904;2018-04-11;FRC;U18;;;7;610;204886194.0;;;2.94;2.94;2.96;2.94;2.96;2.95;0.0;0.0
99281;553905;2018-04-11;FRC;V18;;;10;2100;703306901.0;;;3.02;3.02;3.05;3.02;3.05;3.05;0.0;0.0
99282;553906;2018-04-11;FRC;X18;;;0;0;0.0;;;0.0;0.0;0.0;0.0;0.0;3.16;0.0;0.0
99283;553907;2018-04-11;FRC;Z18;;;3;160;53267571.0;;;3.13;3.13;3.16;3.13;3.16;3.16;0.0;0.0
99284;553908;2018-04-11;FRC;F19;;;46;18760;6227534738.0;;;3.21;3.21;3.24;3.21;3.24;3.24;0.0;0.0
99285;553909;2018-04-11;FRC;G19;;;32;6350;2102947129.0;;;3.29;3.29;3.31;3.29;3.31;3.31;0.0;0.0
99286;553910;2018-04-11;FRC;H19;;;28;1690;557888665.0;;;3.37;3.37;3.38;3.37;3.38;3.38;0.0;0.0
99287;553911;2018-04-11;FRC;J19;;;12;3230;1062508702.0;;;3.38;3.38;3.39;3.38;3.39;3.39;0.0;0.0
99288;553912;2018-04-11;FRC;N19;;;3;110;35895970.0;;;3.49;3.49;3.49;3.49;3.49;3.5;0.0;0.0
99289;553913;2018-04-11;FRC;V19;;;4;350;112910040.0;;;3.62;3.61;3.62;3.61;3.61;3.61;0.0;0.0
99290;553914;2018-04-11;FRC;F20;;;2;1530;488357264.0;;;3.71;3.71;3.71;3.71;3.71;3.71;0.0;0.0
99291;553915;2018-04-11;FRC;J20;;;0;0;0.0;;;0.0;0.0;0.0;0.0;0.0;3.79;0.0;0.0
99292;553916;2018-04-11;FRC;N20;;;0;0;0.0;;;0.0;0.0;0.0;0.0;0.0;3.84;0.0;0.0
99293;553917;2018-04-11;FRC;V20;;;0;0;0.0;;;0.0;0.0;0.0;0.0;0.0;3.92;0.0;0.0
99294;553918;2018-04-11;FRC;F21;;;8;1840;562719144.0;;;3.99;3.99;3.99;3.99;3.99;3.99;0.0;0.0
99295;553919;2018-04-11;FRC;J21;;;7;1200;363684744.0;;;4.02;4.02;4.02;4.02;4.02;4.02;0.0;0.0
99296;553920;2018-04-11;FRC;N21;;;1;100;30105194.0;;;4.04;4.04;4.04;4.04;4.04;4.04;0.0;0.0
99297;553921;2018-04-11;FRC;V21;;;0;0;0.0;;;0.0;0.0;0.0;0.0;0.0;4.09;0.0;0.0
99298;553922;2018-04-11;FRC;F22;;;6;590;173615196.0;;;4.17;4.16;4.17;4.16;4.16;4.16;0.0;0.0
99299;553923;2018-04-11;FRC;J22;;;0;0;0.0;;;0.0;0.0;0.0;0.0;0.0;4.22;0.0;0.0
99300;553924;2018-04-11;FRC;N22;;;0;0;0.0;;;0.0;0.0;0.0;0.0;0.0;4.28;0.0;0.0
99301;553925;2018-04-11;FRC;V22;;;1;100;28456873.0;;;4.31;4.31;4.31;4.31;4.31;4.31;0.0;0.0
99302;553926;2018-04-11;FRC;F23;;;10;1000;281648637.0;;;4.3;4.3;4.3;4.3;4.3;4.3;0.0;0.0
99303;553927;2018-04-11;FRC;J23;;;0;0;0.0;;;0.0;0.0;0.0;0.0;0.0;4.34;0.0;0.0
99304;553928;2018-04-11;FRC;N23;;;2;150;41359719.0;;;4.4;4.4;4.4;4.4;4.4;4.37;0.0;0.0
99305;553929;2018-04-11;FRC;F24;;;0;0;0.0;;;0.0;0.0;0.0;0.0;0.0;4.45;0.0;0.0
99306;553930;2018-04-11;FRC;N24;;;0;0;0.0;;;0.0;0.0;0.0;0.0;0.0;4.5;0.0;0.0
99307;553931;2018-04-11;FRC;F25;;;4;450;116429289.0;;;4.58;4.58;4.58;4.58;4.58;4.58;0.0;0.0
99308;553932;2018-04-11;FRC;F26;;;2;400;99108345.0;;;4.73;4.73;4.73;4.73;4.73;4.73;0.0;0.0
99309;553933;2018-04-11;FRC;F27;;;0;0;0.0;;;0.0;0.0;0.0;0.0;0.0;4.92;0.0;0.0
99310;553934;2018-04-11;FRC;F28;;;0;0;0.0;;;0.0;0.0;0.0;0.0;0.0;5.06;0.0;0.0
99311;553935;2018-04-11;FRC;F29;;;0;0;0.0;;;0.0;0.0;0.0;0.0;0.0;5.23;0.0;0.0
99312;553936;2018-04-11;FRC;F30;;;0;0;0.0;;;0.0;0.0;0.0;0.0;0.0;5.29;0.0;0.0
99313;554109;2018-04-12;FRC;M18;;;80;58270;19742492214.0;;;3.02;3.02;3.09;3.02;3.07;3.09;0.0;0.0
99314;554110;2018-04-12;FRC;N18;;;33;52520;17753750136.0;;;2.89;2.89;2.96;2.89;2.96;2.96;0.0;0.0
99315;554111;2018-04-12;FRC;Q18;;;11;9460;3188844164.0;;;2.98;2.98;3.0;2.98;3.0;3.0;0.0;0.0
99316;554112;2018-04-12;FRC;U18;;;8;9250;3110140989.0;;;3.0;3.0;3.0;3.0;3.0;3.0;0.0;0.0
99317;554113;2018-04-12;FRC;V18;;;15;18040;6049333534.0;;;3.08;3.08;3.09;3.08;3.09;3.09;0.0;0.0
99318;554114;2018-04-12;FRC;X18;;;1;770;257420486.0;;;3.2;3.2;3.2;3.2;3.2;3.2;0.0;0.0
99319;554115;2018-04-12;FRC;Z18;;;4;400;133407644.0;;;3.17;3.17;3.21;3.17;3.21;3.21;0.0;0.0
99320;554116;2018-04-12;FRC;F19;;;15;18900;6279375509.0;;;3.25;3.25;3.29;3.25;3.29;3.29;0.0;0.0
99321;554117;2018-04-12;FRC;G19;;;8;3930;1301669674.0;;;3.33;3.33;3.34;3.33;3.34;3.33;0.0;0.0
99322;554118;2018-04-12;FRC;H19;;;6;600;197871551.0;;;3.44;3.44;3.44;3.44;3.44;3.44;0.0;0.0
99323;554119;2018-04-12;FRC;J19;;;10;1130;372116074.0;;;3.39;3.39;3.44;3.39;3.44;3.44;0.0;0.0
99324;554120;2018-04-12;FRC;N19;;;1;210;68534007.0;;;3.55;3.55;3.55;3.55;3.55;3.55;0.0;0.0
99325;554121;2018-04-12;FRC;V19;;;4;1420;458231143.0;;;3.65;3.65;3.65;3.65;3.65;3.65;0.0;0.0
99326;554122;2018-04-12;FRC;F20;;;22;12320;3934129771.0;;;3.74;3.69;3.75;3.69;3.75;3.75;0.0;0.0
99327;554123;2018-04-12;FRC;J20;;;2;160;50593252.0;;;3.81;3.81;3.83;3.81;3.83;3.83;0.0;0.0
99328;554124;2018-04-12;FRC;N20;;;2;760;237796905.0;;;3.88;3.88;3.88;3.88;3.88;3.88;0.0;0.0
99329;554125;2018-04-12;FRC;V20;;;5;490;151599538.0;;;3.95;3.95;3.95;3.95;3.95;3.95;0.0;0.0
99330;554126;2018-04-12;FRC;F21;;;16;4390;1344253111.0;;;4.01;4.0;4.01;4.0;4.01;4.01;0.0;0.0
99331;554127;2018-04-12;FRC;J21;;;5;1010;306549653.0;;;4.04;4.04;4.04;4.04;4.04;4.04;0.0;0.0
99332;554128;2018-04-12;FRC;N21;;;5;800;240247038.0;;;4.06;4.06;4.06;4.06;4.06;4.06;0.0;0.0
99333;554129;2018-04-12;FRC;V21;;;1;10;3014272.0;;;4.12;4.12;4.12;4.12;4.12;4.12;0.0;0.0
99334;554130;2018-04-12;FRC;F22;;;5;2100;616423317.0;;;4.18;4.18;4.2;4.18;4.2;4.2;0.0;0.0
99335;554131;2018-04-12;FRC;J22;;;0;0;0.0;;;0.0;0.0;0.0;0.0;0.0;4.26;0.0;0.0
99336;554132;2018-04-12;FRC;N22;;;0;0;0.0;;;0.0;0.0;0.0;0.0;0.0;4.32;0.0;0.0
99337;554133;2018-04-12;FRC;V22;;;0;0;0.0;;;0.0;0.0;0.0;0.0;0.0;4.36;0.0;0.0
99338;554134;2018-04-12;FRC;F23;;;9;1660;467556039.0;;;4.35;4.35;4.35;4.35;4.35;4.35;0.0;0.0
99339;554135;2018-04-12;FRC;J23;;;0;0;0.0;;;0.0;0.0;0.0;0.0;0.0;4.39;0.0;0.0
99340;554136;2018-04-12;FRC;N23;;;2;200;55094686.0;;;4.41;4.41;4.41;4.41;4.41;4.41;0.0;0.0
99341;554137;2018-04-12;FRC;F24;;;2;380;102546221.0;;;4.5;4.5;4.5;4.5;4.5;4.5;0.0;0.0
99342;554138;2018-04-12;FRC;N24;;;0;0;0.0;;;0.0;0.0;0.0;0.0;0.0;4.55;0.0;0.0
99343;554139;2018-04-12;FRC;F25;;;6;810;209576364.0;;;4.58;4.58;4.64;4.58;4.64;4.64;0.0;0.0
99344;554140;2018-04-12;FRC;F26;;;2;300;74387034.0;;;4.75;4.75;4.75;4.75;4.75;4.79;0.0;0.0
99345;554141;2018-04-12;FRC;F27;;;1;10;2369426.0;;;4.98;4.98;4.98;4.98;4.98;4.98;0.0;0.0
99346;554142;2018-04-12;FRC;F28;;;0;0;0.0;;;0.0;0.0;0.0;0.0;0.0;5.12;0.0;0.0
99347;554143;2018-04-12;FRC;F29;;;0;0;0.0;;;0.0;0.0;0.0;0.0;0.0;5.29;0.0;0.0
99348;554144;2018-04-12;FRC;F30;;;0;0;0.0;;;0.0;0.0;0.0;0.0;0.0;5.35;0.0;0.0
99349;554317;2018-04-13;FRC;M18;;;47;40680;13788157456.0;;;3.09;3.09;3.14;3.11;3.12;3.12;0.0;0.0
99350;554318;2018-04-13;FRC;N18;;;19;22790;7706584633.0;;;2.95;2.95;3.0;2.99;3.0;3.0;0.0;0.0
99351;554319;2018-04-13;FRC;Q18;;;3;2000;674399436.0;;;3.04;3.03;3.07;3.05;3.07;3.05;0.0;0.0
99352;554320;2018-04-13;FRC;U18;;;11;3000;1009148554.0;;;3.07;3.07;3.07;3.07;3.07;3.07;0.0;0.0
99353;554321;2018-04-13;FRC;V18;;;14;3110;1042822171.0;;;3.09;3.09;3.17;3.16;3.17;3.17;0.0;0.0
99354;554322;2018-04-13;FRC;X18;;;4;1200;400909086.0;;;3.27;3.27;3.27;3.27;3.27;3.27;0.0;0.0
99355;554323;2018-04-13;FRC;Z18;;;0;0;0.0;;;0.0;0.0;0.0;0.0;0.0;3.28;0.0;0.0
99356;554324;2018-04-13;FRC;F19;;;29;27640;9186039829.0;;;3.3;3.3;3.38;3.33;3.37;3.36;0.0;0.0
99357;554325;2018-04-13;FRC;G19;;;0;0;0.0;;;0.0;0.0;0.0;0.0;0.0;3.4;0.0;0.0
99358;554326;2018-04-13;FRC;H19;;;1;150;49561166.0;;;3.52;3.52;3.52;3.52;3.52;3.51;0.0;0.0
99359;554327;2018-04-13;FRC;J19;;;1;10;3346068.0;;;3.44;3.44;3.44;3.44;3.44;3.51;0.0;0.0
99360;554328;2018-04-13;FRC;N19;;;9;5420;1767446864.0;;;3.55;3.55;3.61;3.58;3.61;3.61;0.0;0.0
99361;554329;2018-04-13;FRC;V19;;;3;5490;1771404229.0;;;3.68;3.68;3.72;3.71;3.72;3.71;0.0;0.0
99362;554330;2018-04-13;FRC;F20;;;14;9510;3036543567.0;;;3.75;3.75;3.82;3.79;3.82;3.82;0.0;0.0
99363;554331;2018-04-13;FRC;J20;;;3;400;126363788.0;;;3.91;3.91;3.91;3.91;3.91;3.91;0.0;0.0
99364;554332;2018-04-13;FRC;N20;;;8;1100;343839906.0;;;3.97;3.97;3.97;3.97;3.97;3.97;0.0;0.0
99365;554333;2018-04-13;FRC;V20;;;0;0;0.0;;;0.0;0.0;0.0;0.0;0.0;4.04;0.0;0.0
99366;554334;2018-04-13;FRC;F21;;;7;1220;373044932.0;;;4.01;4.01;4.11;4.1;4.1;4.11;0.0;0.0
99367;554335;2018-04-13;FRC;J21;;;0;0;0.0;;;0.0;0.0;0.0;0.0;0.0;4.14;0.0;0.0
99368;554336;2018-04-13;FRC;N21;;;0;0;0.0;;;0.0;0.0;0.0;0.0;0.0;4.16;0.0;0.0
99369;554337;2018-04-13;FRC;V21;;;0;0;0.0;;;0.0;0.0;0.0;0.0;0.0;4.22;0.0;0.0
99370;554338;2018-04-13;FRC;F22;;;5;410;120033813.0;;;4.2;4.2;4.29;4.28;4.29;4.29;0.0;0.0
99371;554339;2018-04-13;FRC;J22;;;0;0;0.0;;;0.0;0.0;0.0;0.0;0.0;4.33;0.0;0.0
99372;554340;2018-04-13;FRC;N22;;;0;0;0.0;;;0.0;0.0;0.0;0.0;0.0;4.38;0.0;0.0
99373;554341;2018-04-13;FRC;V22;;;3;400;113675269.0;;;4.4;4.4;4.4;4.4;4.4;4.4;0.0;0.0
99374;554342;2018-04-13;FRC;F23;;;7;920;258543686.0;;;4.35;4.35;4.42;4.42;4.42;4.42;0.0;0.0
99375;554343;2018-04-13;FRC;J23;;;0;0;0.0;;;0.0;0.0;0.0;0.0;0.0;4.46;0.0;0.0
99376;554344;2018-04-13;FRC;N23;;;0;0;0.0;;;0.0;0.0;0.0;0.0;0.0;4.45;0.0;0.0
99377;554345;2018-04-13;FRC;F24;;;1;80;21671732.0;;;4.5;4.5;4.5;4.5;4.5;4.57;0.0;0.0
99378;554346;2018-04-13;FRC;N24;;;1;100;26479133.0;;;4.55;4.55;4.55;4.55;4.55;4.62;0.0;0.0
99379;554347;2018-04-13;FRC;F25;;;2;200;51592051.0;;;4.71;4.71;4.71;4.71;4.71;4.71;0.0;0.0
99380;554348;2018-04-13;FRC;F26;;;0;0;0.0;;;0.0;0.0;0.0;0.0;0.0;4.85;0.0;0.0
99381;554349;2018-04-13;FRC;F27;;;4;400;94028983.0;;;5.02;5.02;5.02;5.02;5.02;5.02;0.0;0.0
99382;554350;2018-04-13;FRC;F28;;;0;0;0.0;;;0.0;0.0;0.0;0.0;0.0;5.16;0.0;0.0
99383;554351;2018-04-13;FRC;F29;;;0;0;0.0;;;0.0;0.0;0.0;0.0;0.0;5.33;0.0;0.0
99384;554352;2018-04-13;FRC;F30;;;0;0;0.0;;;0.0;0.0;0.0;0.0;0.0;5.39;0.0;0.0
99385;554526;2018-04-16;FRC;M18;;;47;51900;17656150956.0;;;3.15;3.12;3.17;3.14;3.15;3.14;0.0;0.0
99386;554527;2018-04-16;FRC;N18;;;13;11380;3861502905.0;;;3.04;3.03;3.04;3.04;3.04;3.04;0.0;0.0
99387;554528;2018-04-16;FRC;Q18;;;21;10620;3593928366.0;;;3.1;3.1;3.11;3.1;3.11;3.11;0.0;0.0
99388;554529;2018-04-16;FRC;U18;;;13;4400;1485297158.0;;;3.1;3.1;3.12;3.12;3.12;3.12;0.0;0.0
99389;554530;2018-04-16;FRC;V18;;;14;3860;1298794980.0;;;3.21;3.21;3.3;3.22;3.23;3.23;0.0;0.0
99390;554531;2018-04-16;FRC;X18;;;4;940;315086661.0;;;3.31;3.31;3.32;3.31;3.32;3.31;0.0;0.0
99391;554532;2018-04-16;FRC;Z18;;;4;900;300944124.0;;;3.32;3.32;3.32;3.32;3.32;3.32;0.0;0.0
99392;554533;2018-04-16;FRC;F19;;;47;26210;8736988381.0;;;3.4;3.4;3.44;3.43;3.44;3.44;0.0;0.0
99393;554534;2018-04-16;FRC;G19;;;3;1010;335654768.0;;;3.48;3.45;3.48;3.45;3.45;3.49;0.0;0.0
99394;554535;2018-04-16;FRC;H19;;;9;1920;635375536.0;;;3.54;3.54;3.6;3.6;3.6;3.6;0.0;0.0
99395;554536;2018-04-16;FRC;J19;;;29;23130;7639094603.0;;;3.5;3.5;3.6;3.55;3.58;3.58;0.0;0.0
99396;554537;2018-04-16;FRC;N19;;;6;1100;359756956.0;;;3.67;3.55;3.67;3.65;3.67;3.67;0.0;0.0
99397;554538;2018-04-16;FRC;V19;;;7;1000;323754131.0;;;3.79;3.79;3.79;3.79;3.79;3.79;0.0;0.0
99398;554539;2018-04-16;FRC;F20;;;45;21720;6954741043.0;;;3.84;3.84;3.89;3.85;3.89;3.89;0.0;0.0
99399;554540;2018-04-16;FRC;J20;;;0;0;0.0;;;0.0;0.0;0.0;0.0;0.0;3.98;0.0;0.0
99400;554541;2018-04-16;FRC;N20;;;5;700;219447537.0;;;4.05;4.05;4.05;4.05;4.05;4.05;0.0;0.0
99401;554542;2018-04-16;FRC;V20;;;0;0;0.0;;;0.0;0.0;0.0;0.0;0.0;4.11;0.0;0.0
99402;554543;2018-04-16;FRC;F21;;;11;2810;861879661.0;;;4.14;4.12;4.16;4.14;4.16;4.16;0.0;0.0
99403;554544;2018-04-16;FRC;J21;;;2;200;60693406.0;;;4.2;4.2;4.2;4.2;4.2;4.2;0.0;0.0
99404;554545;2018-04-16;FRC;N21;;;0;0;0.0;;;0.0;0.0;0.0;0.0;0.0;4.22;0.0;0.0
99405;554546;2018-04-16;FRC;V21;;;0;0;0.0;;;0.0;0.0;0.0;0.0;0.0;4.28;0.0;0.0
99406;554547;2018-04-16;FRC;F22;;;10;2620;770153029.0;;;4.29;4.29;4.34;4.29;4.34;4.34;0.0;0.0
99407;554548;2018-04-16;FRC;J22;;;0;0;0.0;;;0.0;0.0;0.0;0.0;0.0;4.38;0.0;0.0
99408;554549;2018-04-16;FRC;N22;;;0;0;0.0;;;0.0;0.0;0.0;0.0;0.0;4.43;0.0;0.0
99409;554550;2018-04-16;FRC;V22;;;1;100;28365001.0;;;4.46;4.46;4.46;4.46;4.46;4.46;0.0;0.0
99410;554551;2018-04-16;FRC;F23;;;4;1310;369366609.0;;;4.42;4.42;4.46;4.43;4.46;4.46;0.0;0.0
99411;554552;2018-04-16;FRC;J23;;;0;0;0.0;;;0.0;0.0;0.0;0.0;0.0;4.5;0.0;0.0
99412;554553;2018-04-16;FRC;N23;;;0;0;0.0;;;0.0;0.0;0.0;0.0;0.0;4.48;0.0;0.0
99413;554554;2018-04-16;FRC;F24;;;5;1700;459089960.0;;;4.57;4.57;4.59;4.57;4.59;4.59;0.0;0.0
99414;554555;2018-04-16;FRC;N24;;;2;700;185218182.0;;;4.62;4.62;4.62;4.62;4.62;4.67;0.0;0.0
99415;554556;2018-04-16;FRC;F25;;;2;1090;281989933.0;;;4.71;4.71;4.71;4.71;4.71;4.79;0.0;0.0
99416;554557;2018-04-16;FRC;F26;;;0;0;0.0;;;0.0;0.0;0.0;0.0;0.0;4.9;0.0;0.0
99417;554558;2018-04-16;FRC;F27;;;6;1400;330962242.0;;;5.02;5.02;5.04;5.03;5.04;5.04;0.0;0.0
99418;554559;2018-04-16;FRC;F28;;;0;0;0.0;;;0.0;0.0;0.0;0.0;0.0;5.18;0.0;0.0
99419;554560;2018-04-16;FRC;F29;;;0;0;0.0;;;0.0;0.0;0.0;0.0;0.0;5.35;0.0;0.0
99420;554561;2018-04-16;FRC;F30;;;0;0;0.0;;;0.0;0.0;0.0;0.0;0.0;5.41;0.0;0.0
99421;554735;2018-04-17;FRC;M18;;;65;76030;25857005448.0;;;3.09;3.08;3.12;3.1;3.12;3.12;0.0;0.0
99422;554736;2018-04-17;FRC;N18;;;25;21870;7419377146.0;;;2.99;2.98;3.02;3.0;3.01;3.02;0.0;0.0
99423;554737;2018-04-17;FRC;Q18;;;10;5300;1792831762.0;;;3.1;3.1;3.1;3.1;3.1;3.1;0.0;0.0
99424;554738;2018-04-17;FRC;U18;;;3;200;67494577.0;;;3.1;3.1;3.1;3.1;3.1;3.1;0.0;0.0
99425;554739;2018-04-17;FRC;V18;;;13;5800;1951145006.0;;;3.18;3.18;3.23;3.2;3.23;3.23;0.0;0.0
99426;554740;2018-04-17;FRC;X18;;;6;6200;2079415102.0;;;3.28;3.28;3.31;3.28;3.31;3.31;0.0;0.0
99427;554741;2018-04-17;FRC;Z18;;;0;0;0.0;;;0.0;0.0;0.0;0.0;0.0;3.31;0.0;0.0
99428;554742;2018-04-17;FRC;F19;;;25;14800;4931667572.0;;;3.43;3.38;3.43;3.41;3.43;3.43;0.0;0.0
99429;554743;2018-04-17;FRC;G19;;;6;4300;1428338589.0;;;3.45;3.45;3.49;3.45;3.49;3.49;0.0;0.0
99430;554744;2018-04-17;FRC;H19;;;9;3540;1171625546.0;;;3.58;3.56;3.58;3.57;3.58;3.58;0.0;0.0
99431;554745;2018-04-17;FRC;J19;;;13;9460;3122656589.0;;;3.55;3.52;3.56;3.55;3.56;3.56;0.0;0.0
99432;554746;2018-04-17;FRC;N19;;;11;6030;1971137641.0;;;3.65;3.63;3.66;3.65;3.66;3.66;0.0;0.0
99433;554747;2018-04-17;FRC;V19;;;8;900;291276449.0;;;3.78;3.78;3.78;3.78;3.78;3.78;0.0;0.0
99434;554748;2018-04-17;FRC;F20;;;26;11130;3561410514.0;;;3.87;3.84;3.88;3.86;3.87;3.88;0.0;0.0
99435;554749;2018-04-17;FRC;J20;;;3;300;95035646.0;;;3.97;3.97;3.97;3.97;3.97;3.97;0.0;0.0
99436;554750;2018-04-17;FRC;N20;;;5;600;188018897.0;;;4.05;4.05;4.05;4.05;4.05;4.05;0.0;0.0
99437;554751;2018-04-17;FRC;V20;;;0;0;0.0;;;0.0;0.0;0.0;0.0;0.0;4.1;0.0;0.0
99438;554752;2018-04-17;FRC;F21;;;15;3510;1076355824.0;;;4.13;4.1;4.14;4.13;4.14;4.14;0.0;0.0
99439;554753;2018-04-17;FRC;J21;;;3;1400;424847286.0;;;4.17;4.17;4.17;4.17;4.17;4.17;0.0;0.0
99440;554754;2018-04-17;FRC;N21;;;2;600;180328191.0;;;4.19;4.19;4.19;4.19;4.19;4.19;0.0;0.0
99441;554755;2018-04-17;FRC;V21;;;0;0;0.0;;;0.0;0.0;0.0;0.0;0.0;4.25;0.0;0.0
99442;554756;2018-04-17;FRC;F22;;;6;1100;322871578.0;;;4.3;4.3;4.3;4.3;4.3;4.3;0.0;0.0
99443;554757;2018-04-17;FRC;J22;;;0;0;0.0;;;0.0;0.0;0.0;0.0;0.0;4.34;0.0;0.0
99444;554758;2018-04-17;FRC;N22;;;0;0;0.0;;;0.0;0.0;0.0;0.0;0.0;4.39;0.0;0.0
99445;554759;2018-04-17;FRC;V22;;;2;300;85311106.0;;;4.41;4.41;4.41;4.41;4.41;4.41;0.0;0.0
99446;554760;2018-04-17;FRC;F23;;;4;400;112951090.0;;;4.43;4.43;4.43;4.43;4.43;4.43;0.0;0.0
99447;554761;2018-04-17;FRC;J23;;;0;0;0.0;;;0.0;0.0;0.0;0.0;0.0;4.47;0.0;0.0
99448;554762;2018-04-17;FRC;N23;;;0;0;0.0;;;0.0;0.0;0.0;0.0;0.0;4.45;0.0;0.0
99449;554763;2018-04-17;FRC;F24;;;0;0;0.0;;;0.0;0.0;0.0;0.0;0.0;4.55;0.0;0.0
99450;554764;2018-04-17;FRC;N24;;;2;200;53030107.0;;;4.63;4.63;4.63;4.63;4.63;4.63;0.0;0.0
99451;554765;2018-04-17;FRC;F25;;;0;0;0.0;;;0.0;0.0;0.0;0.0;0.0;4.75;0.0;0.0
99452;554766;2018-04-17;FRC;F26;;;0;0;0.0;;;0.0;0.0;0.0;0.0;0.0;4.86;0.0;0.0
99453;554767;2018-04-17;FRC;F27;;;0;0;0.0;;;0.0;0.0;0.0;0.0;0.0;5.0;0.0;0.0
99454;554768;2018-04-17;FRC;F28;;;0;0;0.0;;;0.0;0.0;0.0;0.0;0.0;5.14;0.0;0.0
99455;554769;2018-04-17;FRC;F29;;;0;0;0.0;;;0.0;0.0;0.0;0.0;0.0;5.31;0.0;0.0
99456;554770;2018-04-17;FRC;F30;;;0;0;0.0;;;0.0;0.0;0.0;0.0;0.0;5.37;0.0;0.0
99457;554943;2018-04-18;FRC;M18;;;150;154380;52139852109.0;;;3.12;3.05;3.12;3.1;3.09;3.1;0.0;0.0
99458;554944;2018-04-18;FRC;N18;;;17;18300;6165316871.0;;;3.0;3.0;3.0;3.0;3.0;3.0;0.0;0.0
99459;554945;2018-04-18;FRC;Q18;;;6;3840;1290159791.0;;;3.09;3.08;3.09;3.08;3.09;3.09;0.0;0.0
99460;554946;2018-04-18;FRC;U18;;;5;700;234592150.0;;;3.1;3.1;3.1;3.1;3.1;3.1;0.0;0.0
99461;554947;2018-04-18;FRC;V18;;;27;7900;2639857447.0;;;3.2;3.2;3.22;3.2;3.21;3.21;0.0;0.0
99462;554948;2018-04-18;FRC;X18;;;7;1030;342830772.0;;;3.29;3.29;3.31;3.3;3.31;3.31;0.0;0.0
99463;554949;2018-04-18;FRC;Z18;;;1;200;66391067.0;;;3.29;3.29;3.29;3.29;3.29;3.29;0.0;0.0
99464;554950;2018-04-18;FRC;F19;;;61;38250;12660296863.0;;;3.4;3.39;3.41;3.39;3.4;3.39;0.0;0.0
99465;554951;2018-04-18;FRC;G19;;;1;20;6515982.0;;;3.45;3.45;3.45;3.45;3.45;3.45;0.0;0.0
99466;554952;2018-04-18;FRC;H19;;;0;0;0.0;;;0.0;0.0;0.0;0.0;0.0;3.54;0.0;0.0
99467;554953;2018-04-18;FRC;J19;;;8;2020;662641753.0;;;3.52;3.52;3.52;3.52;3.52;3.52;0.0;0.0
99468;554954;2018-04-18;FRC;N19;;;10;7640;2481157728.0;;;3.63;3.61;3.63;3.62;3.61;3.61;0.0;0.0
99469;554955;2018-04-18;FRC;V19;;;0;0;0.0;;;0.0;0.0;0.0;0.0;0.0;3.73;0.0;0.0
99470;554956;2018-04-18;FRC;F20;;;1;590;187564895.0;;;3.84;3.84;3.84;3.84;3.84;3.83;0.0;0.0
99471;554957;2018-04-18;FRC;J20;;;4;500;157367758.0;;;3.92;3.92;3.92;3.92;3.92;3.92;0.0;0.0
99472;554958;2018-04-18;FRC;N20;;;11;4100;1276373296.0;;;3.98;3.98;4.0;3.99;4.0;4.0;0.0;0.0
99473;554959;2018-04-18;FRC;V20;;;0;0;0.0;;;0.0;0.0;0.0;0.0;0.0;4.05;0.0;0.0
99474;554960;2018-04-18;FRC;F21;;;8;1510;460132024.0;;;4.08;4.08;4.1;4.09;4.1;4.1;0.0;0.0
99475;554961;2018-04-18;FRC;J21;;;1;100;30148081.0;;;4.14;4.14;4.14;4.14;4.14;4.14;0.0;0.0
99476;554962;2018-04-18;FRC;N21;;;2;200;59662429.0;;;4.16;4.16;4.16;4.16;4.16;4.16;0.0;0.0
99477;554963;2018-04-18;FRC;V21;;;0;0;0.0;;;0.0;0.0;0.0;0.0;0.0;4.21;0.0;0.0
99478;554964;2018-04-18;FRC;F22;;;2;200;58354308.0;;;4.24;4.24;4.24;4.24;4.24;4.24;0.0;0.0
99479;554965;2018-04-18;FRC;J22;;;0;0;0.0;;;0.0;0.0;0.0;0.0;0.0;4.27;0.0;0.0
99480;554966;2018-04-18;FRC;N22;;;0;0;0.0;;;0.0;0.0;0.0;0.0;0.0;4.31;0.0;0.0
99481;554967;2018-04-18;FRC;V22;;;0;0;0.0;;;0.0;0.0;0.0;0.0;0.0;4.32;0.0;0.0
99482;554968;2018-04-18;FRC;F23;;;13;1500;421465251.0;;;4.33;4.33;4.33;4.33;4.33;4.33;0.0;0.0
99483;554969;2018-04-18;FRC;J23;;;0;0;0.0;;;0.0;0.0;0.0;0.0;0.0;4.37;0.0;0.0
99484;554970;2018-04-18;FRC;N23;;;0;0;0.0;;;0.0;0.0;0.0;0.0;0.0;4.34;0.0;0.0
99485;554971;2018-04-18;FRC;F24;;;2;110;29737540.0;;;4.43;4.43;4.43;4.43;4.43;4.43;0.0;0.0
99486;554972;2018-04-18;FRC;N24;;;0;0;0.0;;;0.0;0.0;0.0;0.0;0.0;4.5;0.0;0.0
99487;554973;2018-04-18;FRC;F25;;;6;960;247604583.0;;;4.61;4.61;4.68;4.61;4.68;4.61;0.0;0.0
99488;554974;2018-04-18;FRC;F26;;;2;500;123352099.0;;;4.77;4.77;4.77;4.77;4.77;4.75;0.0;0.0
99489;554975;2018-04-18;FRC;F27;;;2;200;47312806.0;;;4.93;4.93;4.93;4.93;4.93;4.93;0.0;0.0
99490;554976;2018-04-18;FRC;F28;;;0;0;0.0;;;0.0;0.0;0.0;0.0;0.0;5.07;0.0;0.0
99491;554977;2018-04-18;FRC;F29;;;0;0;0.0;;;0.0;0.0;0.0;0.0;0.0;5.24;0.0;0.0
99492;554978;2018-04-18;FRC;F30;;;0;0;0.0;;;0.0;0.0;0.0;0.0;0.0;5.3;0.0;0.0
99493;555151;2018-04-19;FRC;M18;;;96;120500;40662473840.0;;;3.09;3.03;3.09;3.05;3.04;3.03;0.0;0.0
99494;555152;2018-04-19;FRC;N18;;;23;19630;6608734495.0;;;2.99;2.93;2.99;2.93;2.93;2.93;0.0;0.0
99495;555153;2018-04-19;FRC;Q18;;;18;26060;8748854043.0;;;3.06;3.04;3.06;3.04;3.04;3.04;0.0;0.0
99496;555154;2018-04-19;FRC;U18;;;0;0;0.0;;;0.0;0.0;0.0;0.0;0.0;3.05;0.0;0.0
99497;555155;2018-04-19;FRC;V18;;;19;5040;1682475419.0;;;3.21;3.14;3.21;3.16;3.14;3.16;0.0;0.0
99498;555156;2018-04-19;FRC;X18;;;11;4040;1343826698.0;;;3.29;3.27;3.29;3.27;3.27;3.27;0.0;0.0
99499;555157;2018-04-19;FRC;Z18;;;4;14070;4668110976.0;;;3.29;3.29;3.29;3.29;3.29;3.25;0.0;0.0
99500;555158;2018-04-19;FRC;F19;;;18;20000;6615292979.0;;;3.38;3.35;3.38;3.35;3.35;3.35;0.0;0.0
99501;555159;2018-04-19;FRC;G19;;;4;800;263484841.0;;;3.4;3.4;3.4;3.4;3.4;3.4;0.0;0.0
99502;555160;2018-04-19;FRC;H19;;;13;4410;1449532082.0;;;3.47;3.47;3.47;3.47;3.47;3.47;0.0;0.0
99503;555161;2018-04-19;FRC;J19;;;16;4560;1494781744.0;;;3.48;3.48;3.48;3.48;3.48;3.48;0.0;0.0
99504;555162;2018-04-19;FRC;N19;;;2;350;113632206.0;;;3.58;3.57;3.58;3.57;3.57;3.57;0.0;0.0
99505;555163;2018-04-19;FRC;V19;;;5;600;192785479.0;;;3.69;3.69;3.69;3.69;3.69;3.69;0.0;0.0
99506;555164;2018-04-19;FRC;F20;;;24;6870;2183938644.0;;;3.8;3.78;3.8;3.79;3.79;3.79;0.0;0.0
99507;555165;2018-04-19;FRC;J20;;;3;300;94378795.0;;;3.87;3.87;3.87;3.87;3.87;3.87;0.0;0.0
99508;555166;2018-04-19;FRC;N20;;;3;300;93369691.0;;;3.95;3.95;3.95;3.95;3.95;3.95;0.0;0.0
99509;555167;2018-04-19;FRC;V20;;;0;0;0.0;;;0.0;0.0;0.0;0.0;0.0;4.0;0.0;0.0
99510;555168;2018-04-19;FRC;F21;;;34;28770;8763425831.0;;;4.07;4.05;4.08;4.06;4.05;4.05;0.0;0.0
99511;555169;2018-04-19;FRC;J21;;;0;0;0.0;;;0.0;0.0;0.0;0.0;0.0;4.09;0.0;0.0
99512;555170;2018-04-19;FRC;N21;;;0;0;0.0;;;0.0;0.0;0.0;0.0;0.0;4.11;0.0;0.0
99513;555171;2018-04-19;FRC;V21;;;0;0;0.0;;;0.0;0.0;0.0;0.0;0.0;4.16;0.0;0.0
99514;555172;2018-04-19;FRC;F22;;;16;4300;1256695389.0;;;4.21;4.2;4.21;4.2;4.2;4.2;0.0;0.0
99515;555173;2018-04-19;FRC;J22;;;0;0;0.0;;;0.0;0.0;0.0;0.0;0.0;4.23;0.0;0.0
99516;555174;2018-04-19;FRC;N22;;;0;0;0.0;;;0.0;0.0;0.0;0.0;0.0;4.27;0.0;0.0
99517;555175;2018-04-19;FRC;V22;;;2;200;56782665.0;;;4.29;4.29;4.29;4.29;4.29;4.29;0.0;0.0
99518;555176;2018-04-19;FRC;F23;;;16;12540;3517392775.0;;;4.35;4.33;4.35;4.34;4.33;4.33;0.0;0.0
99519;555177;2018-04-19;FRC;J23;;;0;0;0.0;;;0.0;0.0;0.0;0.0;0.0;4.37;0.0;0.0
99520;555178;2018-04-19;FRC;N23;;;0;0;0.0;;;0.0;0.0;0.0;0.0;0.0;4.34;0.0;0.0
99521;555179;2018-04-19;FRC;F24;;;3;1220;328422686.0;;;4.48;4.46;4.48;4.46;4.46;4.43;0.0;0.0
99522;555180;2018-04-19;FRC;N24;;;0;0;0.0;;;0.0;0.0;0.0;0.0;0.0;4.5;0.0;0.0
99523;555181;2018-04-19;FRC;F25;;;5;1700;438155839.0;;;4.61;4.61;4.7;4.61;4.62;4.61;0.0;0.0
99524;555182;2018-04-19;FRC;F26;;;4;2300;567638636.0;;;4.77;4.75;4.77;4.75;4.75;4.75;0.0;0.0
99525;555183;2018-04-19;FRC;F27;;;0;0;0.0;;;0.0;0.0;0.0;0.0;0.0;4.93;0.0;0.0
99526;555184;2018-04-19;FRC;F28;;;0;0;0.0;;;0.0;0.0;0.0;0.0;0.0;5.07;0.0;0.0
99527;555185;2018-04-19;FRC;F29;;;0;0;0.0;;;0.0;0.0;0.0;0.0;0.0;5.24;0.0;0.0
99528;555186;2018-04-19;FRC;F30;;;0;0;0.0;;;0.0;0.0;0.0;0.0;0.0;5.3;0.0;0.0
99529;555357;2018-04-20;FRC;M18;;;41;48160;16327180209.0;;;3.04;3.03;3.07;3.04;3.07;3.07;0.0;0.0
99530;555358;2018-04-20;FRC;N18;;;12;7320;2476351953.0;;;2.95;2.9;2.95;2.94;2.94;2.94;0.0;0.0
99531;555359;2018-04-20;FRC;Q18;;;11;7060;2380978737.0;;;3.06;3.06;3.06;3.06;3.06;3.06;0.0;0.0
99532;555360;2018-04-20;FRC;U18;;;3;11040;3713695684.0;;;3.04;3.04;3.07;3.04;3.07;3.08;0.0;0.0
99533;555361;2018-04-20;FRC;V18;;;19;10900;3655731743.0;;;3.19;3.19;3.2;3.19;3.2;3.19;0.0;0.0
99534;555362;2018-04-20;FRC;X18;;;2;200;66739046.0;;;3.29;3.29;3.29;3.29;3.29;3.29;0.0;0.0
99535;555363;2018-04-20;FRC;Z18;;;0;0;0.0;;;0.0;0.0;0.0;0.0;0.0;3.28;0.0;0.0
99536;555364;2018-04-20;FRC;F19;;;22;5350;1778438529.0;;;3.36;3.36;3.4;3.37;3.4;3.38;0.0;0.0
99537;555365;2018-04-20;FRC;G19;;;0;0;0.0;;;0.0;0.0;0.0;0.0;0.0;3.44;0.0;0.0
99538;555366;2018-04-20;FRC;H19;;;8;1400;462038189.0;;;3.51;3.51;3.51;3.51;3.51;3.51;0.0;0.0
99539;555367;2018-04-20;FRC;J19;;;13;9220;3035452193.0;;;3.5;3.5;3.51;3.5;3.51;3.51;0.0;0.0
99540;555368;2018-04-20;FRC;N19;;;8;1400;456560944.0;;;3.62;3.62;3.62;3.62;3.62;3.62;0.0;0.0
99541;555369;2018-04-20;FRC;V19;;;0;0;0.0;;;0.0;0.0;0.0;0.0;0.0;3.74;0.0;0.0
99542;555370;2018-04-20;FRC;F20;;;21;14550;4645858080.0;;;3.78;3.78;3.84;3.8;3.84;3.84;0.0;0.0
99543;555371;2018-04-20;FRC;J20;;;9;900;284369306.0;;;3.91;3.91;3.91;3.91;3.91;3.91;0.0;0.0
99544;555372;2018-04-20;FRC;N20;;;6;900;281316987.0;;;3.99;3.99;3.99;3.99;3.99;3.99;0.0;0.0
99545;555373;2018-04-20;FRC;V20;;;2;200;61878095.0;;;4.0;4.0;4.0;4.0;4.0;4.04;0.0;0.0
99546;555374;2018-04-20;FRC;F21;;;18;4400;1346278224.0;;;4.05;4.05;4.09;4.07;4.09;4.09;0.0;0.0
99547;555375;2018-04-20;FRC;J21;;;0;0;0.0;;;0.0;0.0;0.0;0.0;0.0;4.13;0.0;0.0
99548;555376;2018-04-20;FRC;N21;;;0;0;0.0;;;0.0;0.0;0.0;0.0;0.0;4.15;0.0;0.0
99549;555377;2018-04-20;FRC;V21;;;0;0;0.0;;;0.0;0.0;0.0;0.0;0.0;4.2;0.0;0.0
99550;555378;2018-04-20;FRC;F22;;;12;2090;612635678.0;;;4.25;4.25;4.25;4.25;4.25;4.25;0.0;0.0
99551;555379;2018-04-20;FRC;J22;;;0;0;0.0;;;0.0;0.0;0.0;0.0;0.0;4.28;0.0;0.0
99552;555380;2018-04-20;FRC;N22;;;2;300;86336532.0;;;4.28;4.28;4.28;4.28;4.28;4.32;0.0;0.0
99553;555381;2018-04-20;FRC;V22;;;1;100;28498555.0;;;4.34;4.34;4.34;4.34;4.34;4.34;0.0;0.0
99554;555382;2018-04-20;FRC;F23;;;23;3250;914694304.0;;;4.35;4.35;4.4;4.38;4.4;4.4;0.0;0.0
99555;555383;2018-04-20;FRC;J23;;;0;0;0.0;;;0.0;0.0;0.0;0.0;0.0;4.44;0.0;0.0
99556;555384;2018-04-20;FRC;N23;;;0;0;0.0;;;0.0;0.0;0.0;0.0;0.0;4.42;0.0;0.0
99557;555385;2018-04-20;FRC;F24;;;2;200;53822899.0;;;4.52;4.52;4.52;4.52;4.52;4.52;0.0;0.0
99558;555386;2018-04-20;FRC;N24;;;0;0;0.0;;;0.0;0.0;0.0;0.0;0.0;4.59;0.0;0.0
99559;555387;2018-04-20;FRC;F25;;;0;0;0.0;;;0.0;0.0;0.0;0.0;0.0;4.7;0.0;0.0
99560;555388;2018-04-20;FRC;F26;;;0;0;0.0;;;0.0;0.0;0.0;0.0;0.0;4.84;0.0;0.0
99561;555389;2018-04-20;FRC;F27;;;0;0;0.0;;;0.0;0.0;0.0;0.0;0.0;5.02;0.0;0.0
99562;555390;2018-04-20;FRC;F28;;;0;0;0.0;;;0.0;0.0;0.0;0.0;0.0;5.16;0.0;0.0
99563;555391;2018-04-20;FRC;F29;;;0;0;0.0;;;0.0;0.0;0.0;0.0;0.0;5.33;0.0;0.0
99564;555392;2018-04-20;FRC;F30;;;0;0;0.0;;;0.0;0.0;0.0;0.0;0.0;5.39;0.0;0.0
99565;555563;2018-04-23;FRC;M18;;;156;131340;44867693907.0;;;3.07;3.07;3.15;3.12;3.15;3.15;0.0;0.0
99566;555564;2018-04-23;FRC;N18;;;24;27030;9210324072.0;;;3.01;2.98;3.01;3.0;3.0;3.0;0.0;0.0
99567;555565;2018-04-23;FRC;Q18;;;16;10000;3398027979.0;;;3.09;3.08;3.11;3.1;3.11;3.11;0.0;0.0
99568;555566;2018-04-23;FRC;U18;;;0;0;0.0;;;0.0;0.0;0.0;0.0;0.0;3.13;0.0;0.0
99569;555567;2018-04-23;FRC;V18;;;33;15450;5221254469.0;;;3.21;3.21;3.24;3.23;3.24;3.24;0.0;0.0
99570;555568;2018-04-23;FRC;X18;;;2;2000;673436734.0;;;3.35;3.35;3.35;3.35;3.35;3.34;0.0;0.0
99571;555569;2018-04-23;FRC;Z18;;;1;100;33574388.0;;;3.32;3.32;3.32;3.32;3.32;3.32;0.0;0.0
99572;555570;2018-04-23;FRC;F19;;;13;4800;1606387182.0;;;3.43;3.43;3.43;3.43;3.43;3.43;0.0;0.0
99573;555571;2018-04-23;FRC;G19;;;0;0;0.0;;;0.0;0.0;0.0;0.0;0.0;3.5;0.0;0.0
99574;555572;2018-04-23;FRC;H19;;;8;1300;432063377.0;;;3.57;3.57;3.57;3.57;3.57;3.57;0.0;0.0
99575;555573;2018-04-23;FRC;J19;;;13;4610;1528495185.0;;;3.53;3.53;3.57;3.55;3.57;3.57;0.0;0.0
99576;555574;2018-04-23;FRC;N19;;;9;1600;525656175.0;;;3.65;3.65;3.67;3.66;3.67;3.67;0.0;0.0
99577;555575;2018-04-23;FRC;V19;;;2;300;97538743.0;;;3.77;3.77;3.77;3.77;3.77;3.77;0.0;0.0
99578;555576;2018-04-23;FRC;F20;;;18;4260;1369109625.0;;;3.88;3.88;3.88;3.88;3.88;3.88;0.0;0.0
99579;555577;2018-04-23;FRC;J20;;;17;4700;1495850649.0;;;3.93;3.93;3.93;3.93;3.93;3.93;0.0;0.0
99580;555578;2018-04-23;FRC;N20;;;8;1200;377899438.0;;;4.01;4.01;4.01;4.01;4.01;4.01;0.0;0.0
99581;555579;2018-04-23;FRC;V20;;;0;0;0.0;;;0.0;0.0;0.0;0.0;0.0;4.06;0.0;0.0
99582;555580;2018-04-23;FRC;F21;;;20;4080;1257234323.0;;;4.12;4.11;4.12;4.11;4.11;4.11;0.0;0.0
99583;555581;2018-04-23;FRC;J21;;;0;0;0.0;;;0.0;0.0;0.0;0.0;0.0;4.15;0.0;0.0
99584;555582;2018-04-23;FRC;N21;;;0;0;0.0;;;0.0;0.0;0.0;0.0;0.0;4.16;0.0;0.0
99585;555583;2018-04-23;FRC;V21;;;0;0;0.0;;;0.0;0.0;0.0;0.0;0.0;4.21;0.0;0.0
99586;555584;2018-04-23;FRC;F22;;;5;600;177223310.0;;;4.25;4.25;4.25;4.25;4.25;4.25;0.0;0.0
99587;555585;2018-04-23;FRC;J22;;;0;0;0.0;;;0.0;0.0;0.0;0.0;0.0;4.28;0.0;0.0
99588;555586;2018-04-23;FRC;N22;;;0;0;0.0;;;0.0;0.0;0.0;0.0;0.0;4.31;0.0;0.0
99589;555587;2018-04-23;FRC;V22;;;0;0;0.0;;;0.0;0.0;0.0;0.0;0.0;4.32;0.0;0.0
99590;555588;2018-04-23;FRC;F23;;;14;1740;493354306.0;;;4.43;4.38;4.43;4.39;4.38;4.38;0.0;0.0
99591;555589;2018-04-23;FRC;J23;;;1;100;28082289.0;;;4.4;4.4;4.4;4.4;4.4;4.4;0.0;0.0
99592;555590;2018-04-23;FRC;N23;;;1;100;27784048.0;;;4.4;4.4;4.4;4.4;4.4;4.4;0.0;0.0
99593;555591;2018-04-23;FRC;F24;;;4;400;108497632.0;;;4.51;4.51;4.51;4.51;4.51;4.51;0.0;0.0
99594;555592;2018-04-23;FRC;N24;;;0;0;0.0;;;0.0;0.0;0.0;0.0;0.0;4.58;0.0;0.0
99595;555593;2018-04-23;FRC;F25;;;0;0;0.0;;;0.0;0.0;0.0;0.0;0.0;4.69;0.0;0.0
99596;555594;2018-04-23;FRC;F26;;;0;0;0.0;;;0.0;0.0;0.0;0.0;0.0;4.83;0.0;0.0
99597;555595;2018-04-23;FRC;F27;;;0;0;0.0;;;0.0;0.0;0.0;0.0;0.0;5.01;0.0;0.0
99598;555596;2018-04-23;FRC;F28;;;0;0;0.0;;;0.0;0.0;0.0;0.0;0.0;5.15;0.0;0.0
99599;555597;2018-04-23;FRC;F29;;;0;0;0.0;;;0.0;0.0;0.0;0.0;0.0;5.32;0.0;0.0
99600;555598;2018-04-23;FRC;F30;;;0;0;0.0;;;0.0;0.0;0.0;0.0;0.0;5.38;0.0;0.0
99601;555769;2018-04-24;FRC;M18;;;110;109450;37688471631.0;;;3.14;3.14;3.18;3.16;3.16;3.16;0.0;0.0
99602;555770;2018-04-24;FRC;N18;;;58;54230;18625305461.0;;;3.0;3.0;3.04;3.01;3.01;3.01;0.0;0.0
99603;555771;2018-04-24;FRC;Q18;;;8;2450;838952799.0;;;3.12;3.12;3.12;3.12;3.12;3.12;0.0;0.0
99604;555772;2018-04-24;FRC;U18;;;10;4500;1537274201.0;;;3.13;3.13;3.13;3.13;3.13;3.13;0.0;0.0
99605;555773;2018-04-24;FRC;V18;;;19;15600;5313320766.0;;;3.25;3.23;3.26;3.23;3.23;3.23;0.0;0.0
99606;555774;2018-04-24;FRC;X18;;;8;3400;1154109970.0;;;3.32;3.32;3.32;3.32;3.32;3.32;0.0;0.0
99607;555775;2018-04-24;FRC;Z18;;;2;600;203044739.0;;;3.36;3.34;3.36;3.36;3.34;3.34;0.0;0.0
99608;555776;2018-04-24;FRC;F19;;;19;15600;5262331870.0;;;3.44;3.44;3.44;3.44;3.44;3.44;0.0;0.0
99609;555777;2018-04-24;FRC;G19;;;1;800;268967421.0;;;3.51;3.51;3.51;3.51;3.51;3.51;0.0;0.0
99610;555778;2018-04-24;FRC;H19;;;15;4500;1507753146.0;;;3.58;3.58;3.58;3.58;3.58;3.58;0.0;0.0
99611;555779;2018-04-24;FRC;J19;;;26;8220;2747032340.0;;;3.6;3.58;3.6;3.58;3.58;3.58;0.0;0.0
99612;555780;2018-04-24;FRC;N19;;;16;5500;1819633138.0;;;3.7;3.68;3.7;3.69;3.68;3.69;0.0;0.0
99613;555781;2018-04-24;FRC;V19;;;11;2300;753417936.0;;;3.78;3.78;3.78;3.78;3.78;3.78;0.0;0.0
99614;555782;2018-04-24;FRC;F20;;;18;13700;4437679762.0;;;3.89;3.89;3.89;3.89;3.89;3.89;0.0;0.0
99615;555783;2018-04-24;FRC;J20;;;6;1100;352722949.0;;;3.96;3.96;3.96;3.96;3.96;3.96;0.0;0.0
99616;555784;2018-04-24;FRC;N20;;;6;600;190470971.0;;;4.01;4.01;4.01;4.01;4.01;4.01;0.0;0.0
99617;555785;2018-04-24;FRC;V20;;;0;0;0.0;;;0.0;0.0;0.0;0.0;0.0;4.06;0.0;0.0
99618;555786;2018-04-24;FRC;F21;;;23;4530;1407239605.0;;;4.12;4.09;4.12;4.1;4.11;4.11;0.0;0.0
99619;555787;2018-04-24;FRC;J21;;;0;0;0.0;;;0.0;0.0;0.0;0.0;0.0;4.15;0.0;0.0
99620;555788;2018-04-24;FRC;N21;;;0;0;0.0;;;0.0;0.0;0.0;0.0;0.0;4.15;0.0;0.0
99621;555789;2018-04-24;FRC;V21;;;0;0;0.0;;;0.0;0.0;0.0;0.0;0.0;4.2;0.0;0.0
99622;555790;2018-04-24;FRC;F22;;;13;1600;476612777.0;;;4.23;4.23;4.23;4.23;4.23;4.23;0.0;0.0
99623;555791;2018-04-24;FRC;J22;;;0;0;0.0;;;0.0;0.0;0.0;0.0;0.0;4.25;0.0;0.0
99624;555792;2018-04-24;FRC;N22;;;0;0;0.0;;;0.0;0.0;0.0;0.0;0.0;4.27;0.0;0.0
99625;555793;2018-04-24;FRC;V22;;;0;0;0.0;;;0.0;0.0;0.0;0.0;0.0;4.27;0.0;0.0
99626;555794;2018-04-24;FRC;F23;;;32;6220;1781735525.0;;;4.38;4.33;4.38;4.33;4.33;4.33;0.0;0.0
99627;555795;2018-04-24;FRC;J23;;;0;0;0.0;;;0.0;0.0;0.0;0.0;0.0;4.34;0.0;0.0
99628;555796;2018-04-24;FRC;N23;;;0;0;0.0;;;0.0;0.0;0.0;0.0;0.0;4.35;0.0;0.0
99629;555797;2018-04-24;FRC;F24;;;8;1600;439897296.0;;;4.48;4.47;4.48;4.47;4.48;4.48;0.0;0.0
99630;555798;2018-04-24;FRC;N24;;;0;0;0.0;;;0.0;0.0;0.0;0.0;0.0;4.53;0.0;0.0
99631;555799;2018-04-24;FRC;F25;;;5;600;157653819.0;;;4.61;4.61;4.61;4.61;4.61;4.61;0.0;0.0
99632;555800;2018-04-24;FRC;F26;;;0;0;0.0;;;0.0;0.0;0.0;0.0;0.0;4.75;0.0;0.0
99633;555801;2018-04-24;FRC;F27;;;0;0;0.0;;;0.0;0.0;0.0;0.0;0.0;4.93;0.0;0.0
99634;555802;2018-04-24;FRC;F28;;;0;0;0.0;;;0.0;0.0;0.0;0.0;0.0;5.07;0.0;0.0
99635;555803;2018-04-24;FRC;F29;;;0;0;0.0;;;0.0;0.0;0.0;0.0;0.0;5.24;0.0;0.0
99636;555804;2018-04-24;FRC;F30;;;0;0;0.0;;;0.0;0.0;0.0;0.0;0.0;5.3;0.0;0.0
99637;555975;2018-04-25;FRC;M18;;;166;224080;77776864581.0;;;3.18;3.08;3.18;3.11;3.1;3.1;0.0;0.0
99638;555976;2018-04-25;FRC;N18;;;37;65950;22834499239.0;;;3.0;2.97;3.01;2.99;3.01;2.97;0.0;0.0
99639;555977;2018-04-25;FRC;Q18;;;5;1400;483390148.0;;;3.1;3.1;3.1;3.1;3.1;3.1;0.0;0.0
99640;555978;2018-04-25;FRC;U18;;;20;2220;764613213.0;;;3.13;3.12;3.13;3.12;3.12;3.12;0.0;0.0
99641;555979;2018-04-25;FRC;V18;;;44;71030;24386216794.0;;;3.23;3.22;3.23;3.22;3.22;3.22;0.0;0.0
99642;555980;2018-04-25;FRC;X18;;;14;2490;851981004.0;;;3.32;3.32;3.33;3.32;3.33;3.33;0.0;0.0
99643;555981;2018-04-25;FRC;Z18;;;8;3500;1193855649.0;;;3.34;3.34;3.35;3.34;3.35;3.35;0.0;0.0
99644;555982;2018-04-25;FRC;F19;;;21;52680;17912263700.0;;;3.44;3.43;3.48;3.44;3.45;3.45;0.0;0.0
99645;555983;2018-04-25;FRC;G19;;;8;1320;447080907.0;;;3.51;3.51;3.51;3.51;3.51;3.51;0.0;0.0
99646;555984;2018-04-25;FRC;H19;;;15;4050;1367616737.0;;;3.59;3.59;3.59;3.59;3.59;3.59;0.0;0.0
99647;555985;2018-04-25;FRC;J19;;;15;2830;953421160.0;;;3.6;3.58;3.6;3.59;3.6;3.6;0.0;0.0
99648;555986;2018-04-25;FRC;N19;;;16;13100;4368279592.0;;;3.68;3.68;3.69;3.68;3.69;3.69;0.0;0.0
99649;555987;2018-04-25;FRC;V19;;;10;1500;495520697.0;;;3.77;3.77;3.77;3.77;3.77;3.77;0.0;0.0
99650;555988;2018-04-25;FRC;F20;;;44;29870;9752736278.0;;;3.92;3.87;3.92;3.88;3.87;3.87;0.0;0.0
99651;555989;2018-04-25;FRC;J20;;;10;1500;485129601.0;;;3.94;3.94;3.94;3.94;3.94;3.94;0.0;0.0
99652;555990;2018-04-25;FRC;N20;;;12;2000;640007340.0;;;4.0;4.0;4.0;4.0;4.0;4.0;0.0;0.0
99653;555991;2018-04-25;FRC;V20;;;0;0;0.0;;;0.0;0.0;0.0;0.0;0.0;4.05;0.0;0.0
99654;555992;2018-04-25;FRC;F21;;;22;14050;4400840282.0;;;4.08;4.08;4.1;4.08;4.1;4.1;0.0;0.0
99655;555993;2018-04-25;FRC;J21;;;0;0;0.0;;;0.0;0.0;0.0;0.0;0.0;4.14;0.0;0.0
99656;555994;2018-04-25;FRC;N21;;;3;510;156595532.0;;;4.15;4.15;4.15;4.15;4.15;4.14;0.0;0.0
99657;555995;2018-04-25;FRC;V21;;;0;0;0.0;;;0.0;0.0;0.0;0.0;0.0;4.19;0.0;0.0
99658;555996;2018-04-25;FRC;F22;;;17;3620;1087764867.0;;;4.23;4.22;4.26;4.22;4.22;4.22;0.0;0.0
99659;555997;2018-04-25;FRC;J22;;;5;1600;476476665.0;;;4.26;4.23;4.26;4.26;4.23;4.23;0.0;0.0
99660;555998;2018-04-25;FRC;N22;;;1;100;29534514.0;;;4.26;4.26;4.26;4.26;4.26;4.26;0.0;0.0
99661;555999;2018-04-25;FRC;V22;;;1;100;29217262.0;;;4.27;4.27;4.27;4.27;4.27;4.27;0.0;0.0
99662;556000;2018-04-25;FRC;F23;;;15;4900;1413597094.0;;;4.35;4.35;4.36;4.35;4.36;4.35;0.0;0.0
99663;556001;2018-04-25;FRC;J23;;;0;0;0.0;;;0.0;0.0;0.0;0.0;0.0;4.36;0.0;0.0
99664;556002;2018-04-25;FRC;N23;;;0;0;0.0;;;0.0;0.0;0.0;0.0;0.0;4.37;0.0;0.0
99665;556003;2018-04-25;FRC;F24;;;10;1730;477754110.0;;;4.49;4.49;4.49;4.49;4.49;4.49;0.0;0.0
99666;556004;2018-04-25;FRC;N24;;;0;0;0.0;;;0.0;0.0;0.0;0.0;0.0;4.54;0.0;0.0
99667;556005;2018-04-25;FRC;F25;;;7;1100;291349740.0;;;4.63;4.63;4.63;4.63;4.63;4.63;0.0;0.0
99668;556006;2018-04-25;FRC;F26;;;0;0;0.0;;;0.0;0.0;0.0;0.0;0.0;4.77;0.0;0.0
99669;556007;2018-04-25;FRC;F27;;;1;100;24313351.0;;;4.93;4.93;4.93;4.93;4.93;4.95;0.0;0.0
99670;556008;2018-04-25;FRC;F28;;;0;0;0.0;;;0.0;0.0;0.0;0.0;0.0;5.08;0.0;0.0
99671;556009;2018-04-25;FRC;F29;;;0;0;0.0;;;0.0;0.0;0.0;0.0;0.0;5.25;0.0;0.0
99672;556010;2018-04-25;FRC;F30;;;0;0;0.0;;;0.0;0.0;0.0;0.0;0.0;5.31;0.0;0.0
99673;556181;2018-04-26;FRC;M18;;;257;245400;85498843606.0;;;3.07;2.9;3.12;3.0;2.9;2.96;0.0;0.0
99674;556182;2018-04-26;FRC;N18;;;52;46060;16009560911.0;;;2.97;2.88;2.97;2.9;2.89;2.88;0.0;0.0
99675;556183;2018-04-26;FRC;Q18;;;14;8260;2862634626.0;;;3.04;3.02;3.05;3.04;3.02;3.04;0.0;0.0
99676;556184;2018-04-26;FRC;U18;;;3;2000;691240769.0;;;3.05;3.05;3.05;3.05;3.05;3.05;0.0;0.0
99677;556185;2018-04-26;FRC;V18;;;19;13520;4659118102.0;;;3.2;3.16;3.2;3.16;3.17;3.17;0.0;0.0
99678;556186;2018-04-26;FRC;X18;;;9;3300;1133717664.0;;;3.27;3.27;3.27;3.27;3.27;3.27;0.0;0.0
99679;556187;2018-04-26;FRC;Z18;;;3;300;102721814.0;;;3.29;3.29;3.29;3.29;3.29;3.29;0.0;0.0
99680;556188;2018-04-26;FRC;F19;;;68;29020;9907786719.0;;;3.4;3.37;3.43;3.38;3.37;3.37;0.0;0.0
99681;556189;2018-04-26;FRC;G19;;;11;1100;373421235.0;;;3.5;3.5;3.5;3.5;3.5;3.45;0.0;0.0
99682;556190;2018-04-26;FRC;H19;;;7;2100;712352018.0;;;3.54;3.54;3.54;3.54;3.54;3.54;0.0;0.0
99683;556191;2018-04-26;FRC;J19;;;11;2210;747188755.0;;;3.55;3.54;3.55;3.54;3.54;3.54;0.0;0.0
99684;556192;2018-04-26;FRC;N19;;;6;1200;402113308.0;;;3.63;3.63;3.63;3.63;3.63;3.63;0.0;0.0
99685;556193;2018-04-26;FRC;V19;;;1;100;33171267.0;;;3.7;3.7;3.7;3.7;3.7;3.7;0.0;0.0
99686;556194;2018-04-26;FRC;F20;;;29;9480;3109328444.0;;;3.87;3.82;3.87;3.83;3.82;3.82;0.0;0.0
99687;556195;2018-04-26;FRC;J20;;;8;2800;908736850.0;;;3.94;3.89;3.94;3.91;3.91;3.89;0.0;0.0
99688;556196;2018-04-26;FRC;N20;;;3;300;96390992.0;;;3.96;3.96;3.96;3.96;3.96;3.96;0.0;0.0
99689;556197;2018-04-26;FRC;V20;;;3;300;95369256.0;;;4.01;4.01;4.01;4.01;4.01;4.01;0.0;0.0
99690;556198;2018-04-26;FRC;F21;;;18;5230;1644676145.0;;;4.08;4.06;4.08;4.06;4.06;4.06;0.0;0.0
99691;556199;2018-04-26;FRC;J21;;;2;600;186841434.0;;;4.11;4.11;4.11;4.11;4.11;4.11;0.0;0.0
99692;556200;2018-04-26;FRC;N21;;;5;600;184910906.0;;;4.12;4.12;4.12;4.12;4.12;4.12;0.0;0.0
99693;556201;2018-04-26;FRC;V21;;;0;0;0.0;;;0.0;0.0;0.0;0.0;0.0;4.17;0.0;0.0
99694;556202;2018-04-26;FRC;F22;;;7;1100;331835350.0;;;4.19;4.19;4.2;4.19;4.2;4.2;0.0;0.0
99695;556203;2018-04-26;FRC;J22;;;2;150;44952283.0;;;4.23;4.23;4.23;4.23;4.23;4.22;0.0;0.0
99696;556204;2018-04-26;FRC;N22;;;0;0;0.0;;;0.0;0.0;0.0;0.0;0.0;4.25;0.0;0.0
99697;556205;2018-04-26;FRC;V22;;;2;200;58647836.0;;;4.27;4.27;4.27;4.27;4.27;4.27;0.0;0.0
99698;556206;2018-04-26;FRC;F23;;;24;6170;1787399839.0;;;4.34;4.31;4.36;4.34;4.35;4.36;0.0;0.0
99699;556207;2018-04-26;FRC;J23;;;0;0;0.0;;;0.0;0.0;0.0;0.0;0.0;4.37;0.0;0.0
99700;556208;2018-04-26;FRC;N23;;;0;0;0.0;;;0.0;0.0;0.0;0.0;0.0;4.38;0.0;0.0
99701;556209;2018-04-26;FRC;F24;;;8;1390;384992792.0;;;4.51;4.51;4.51;4.51;4.51;4.51;0.0;0.0
99702;556210;2018-04-26;FRC;N24;;;2;170;46345528.0;;;4.54;4.54;4.54;4.54;4.54;4.56;0.0;0.0
99703;556211;2018-04-26;FRC;F25;;;5;520;138265291.0;;;4.63;4.63;4.64;4.63;4.64;4.64;0.0;0.0
99704;556212;2018-04-26;FRC;F26;;;0;0;0.0;;;0.0;0.0;0.0;0.0;0.0;4.78;0.0;0.0
99705;556213;2018-04-26;FRC;F27;;;0;0;0.0;;;0.0;0.0;0.0;0.0;0.0;4.96;0.0;0.0
99706;556214;2018-04-26;FRC;F28;;;0;0;0.0;;;0.0;0.0;0.0;0.0;0.0;5.09;0.0;0.0
99707;556215;2018-04-26;FRC;F29;;;0;0;0.0;;;0.0;0.0;0.0;0.0;0.0;5.26;0.0;0.0
99708;556216;2018-04-26;FRC;F30;;;0;0;0.0;;;0.0;0.0;0.0;0.0;0.0;5.32;0.0;0.0
99709;556387;2018-04-27;FRC;N18;;;28;81280;28126455625.0;;;2.8;2.73;2.8;2.74;2.73;2.74;0.0;0.0
99710;556388;2018-04-27;FRC;Q18;;;11;13520;4665009590.0;;;3.07;2.99;3.07;2.99;2.99;2.99;0.0;0.0
99711;556389;2018-04-27;FRC;U18;;;5;330;113480284.0;;;3.07;3.02;3.07;3.02;3.02;3.02;0.0;0.0
99712;556390;2018-04-27;FRC;V18;;;13;20660;7088919735.0;;;3.21;3.14;3.21;3.16;3.14;3.14;0.0;0.0
99713;556391;2018-04-27;FRC;X18;;;3;600;205074383.0;;;3.28;3.28;3.28;3.28;3.28;3.28;0.0;0.0
99714;556392;2018-04-27;FRC;Z18;;;3;1200;408984223.0;;;3.34;3.26;3.34;3.33;3.26;3.26;0.0;0.0
99715;556393;2018-04-27;FRC;F19;;;38;30030;10205090185.0;;;3.42;3.3;3.44;3.42;3.44;3.44;0.0;0.0
99716;556394;2018-04-27;FRC;G19;;;4;1400;474260317.0;;;3.5;3.47;3.5;3.49;3.47;3.47;0.0;0.0
99717;556395;2018-04-27;FRC;H19;;;0;0;0.0;;;0.0;0.0;0.0;0.0;0.0;3.57;0.0;0.0
99718;556396;2018-04-27;FRC;J19;;;10;3710;1248380988.0;;;3.59;3.59;3.59;3.59;3.59;3.59;0.0;0.0
99719;556397;2018-04-27;FRC;N19;;;8;1210;403291829.0;;;3.67;3.66;3.67;3.66;3.66;3.66;0.0;0.0
99720;556398;2018-04-27;FRC;V19;;;3;430;142031510.0;;;3.74;3.74;3.74;3.74;3.74;3.74;0.0;0.0
99721;556399;2018-04-27;FRC;F20;;;14;2910;949496455.0;;;3.85;3.83;3.85;3.84;3.83;3.85;0.0;0.0
99722;556400;2018-04-27;FRC;J20;;;9;2610;843061665.0;;;3.92;3.92;3.93;3.92;3.93;3.93;0.0;0.0
99723;556401;2018-04-27;FRC;N20;;;0;0;0.0;;;0.0;0.0;0.0;0.0;0.0;4.0;0.0;0.0
99724;556402;2018-04-27;FRC;V20;;;2;1000;316471771.0;;;4.04;4.04;4.04;4.04;4.04;4.04;0.0;0.0
99725;556403;2018-04-27;FRC;F21;;;6;1000;313238005.0;;;4.08;4.08;4.08;4.08;4.08;4.08;0.0;0.0
99726;556404;2018-04-27;FRC;J21;;;1;100;30931621.0;;;4.11;4.11;4.11;4.11;4.11;4.11;0.0;0.0
99727;556405;2018-04-27;FRC;N21;;;0;0;0.0;;;0.0;0.0;0.0;0.0;0.0;4.12;0.0;0.0
99728;556406;2018-04-27;FRC;V21;;;0;0;0.0;;;0.0;0.0;0.0;0.0;0.0;4.18;0.0;0.0
99729;556407;2018-04-27;FRC;F22;;;6;1200;360760918.0;;;4.22;4.21;4.22;4.22;4.21;4.21;0.0;0.0
99730;556408;2018-04-27;FRC;J22;;;1;100;29799899.0;;;4.22;4.22;4.22;4.22;4.22;4.22;0.0;0.0
99731;556409;2018-04-27;FRC;N22;;;2;420;123582162.0;;;4.27;4.27;4.27;4.27;4.27;4.26;0.0;0.0
99732;556410;2018-04-27;FRC;V22;;;2;400;116573534.0;;;4.29;4.29;4.29;4.29;4.29;4.27;0.0;0.0
99733;556411;2018-04-27;FRC;F23;;;5;410;118000279.0;;;4.37;4.37;4.37;4.37;4.37;4.37;0.0;0.0
99734;556412;2018-04-27;FRC;J23;;;0;0;0.0;;;0.0;0.0;0.0;0.0;0.0;4.38;0.0;0.0
99735;556413;2018-04-27;FRC;N23;;;2;570;161172263.0;;;4.39;4.39;4.39;4.39;4.39;4.39;0.0;0.0
99736;556414;2018-04-27;FRC;F24;;;2;200;55335110.0;;;4.52;4.52;4.52;4.52;4.52;4.52;0.0;0.0
99737;556415;2018-04-27;FRC;N24;;;0;0;0.0;;;0.0;0.0;0.0;0.0;0.0;4.58;0.0;0.0
99738;556416;2018-04-27;FRC;F25;;;8;3300;872682546.0;;;4.66;4.65;4.67;4.65;4.65;4.67;0.0;0.0
99739;556417;2018-04-27;FRC;F26;;;0;0;0.0;;;0.0;0.0;0.0;0.0;0.0;4.81;0.0;0.0
99740;556418;2018-04-27;FRC;F27;;;0;0;0.0;;;0.0;0.0;0.0;0.0;0.0;4.99;0.0;0.0
99741;556419;2018-04-27;FRC;F28;;;0;0;0.0;;;0.0;0.0;0.0;0.0;0.0;5.12;0.0;0.0
99742;556420;2018-04-27;FRC;F29;;;0;0;0.0;;;0.0;0.0;0.0;0.0;0.0;5.28;0.0;0.0
99743;556421;2018-04-27;FRC;F30;;;0;0;0.0;;;0.0;0.0;0.0;0.0;0.0;5.34;0.0;0.0
99744;556592;2018-04-30;FRC;N18;;;31;34540;11975218315.0;;;2.71;2.66;2.71;2.67;2.69;2.66;0.0;0.0
99745;556593;2018-04-30;FRC;Q18;;;80;19300;6671348670.0;;;2.99;2.94;2.99;2.96;2.94;2.94;0.0;0.0
99746;556594;2018-04-30;FRC;U18;;;3;800;275838801.0;;;2.98;2.98;2.98;2.98;2.98;2.98;0.0;0.0
99747;556595;2018-04-30;FRC;V18;;;22;3800;1306703228.0;;;3.11;3.11;3.12;3.12;3.12;3.12;0.0;0.0
99748;556596;2018-04-30;FRC;X18;;;6;1500;514083083.0;;;3.25;3.25;3.25;3.25;3.25;3.25;0.0;0.0
99749;556597;2018-04-30;FRC;Z18;;;16;5000;1708592417.0;;;3.27;3.27;3.27;3.27;3.27;3.27;0.0;0.0
99750;556598;2018-04-30;FRC;F19;;;20;11160;3799551133.0;;;3.44;3.38;3.44;3.4;3.38;3.38;0.0;0.0
99751;556599;2018-04-30;FRC;G19;;;0;0;0.0;;;0.0;0.0;0.0;0.0;0.0;3.42;0.0;0.0
99752;556600;2018-04-30;FRC;H19;;;4;700;236687834.0;;;3.53;3.53;3.53;3.53;3.53;3.53;0.0;0.0
99753;556601;2018-04-30;FRC;J19;;;7;5000;1686212847.0;;;3.55;3.54;3.55;3.54;3.54;3.54;0.0;0.0
99754;556602;2018-04-30;FRC;N19;;;3;300;100122179.0;;;3.64;3.64;3.64;3.64;3.64;3.64;0.0;0.0
99755;556603;2018-04-30;FRC;V19;;;6;600;198221193.0;;;3.71;3.71;3.71;3.71;3.71;3.71;0.0;0.0
99756;556604;2018-04-30;FRC;F20;;;16;8170;2672074428.0;;;3.85;3.81;3.85;3.83;3.81;3.81;0.0;0.0
99757;556605;2018-04-30;FRC;J20;;;4;500;161713602.0;;;3.9;3.9;3.9;3.9;3.9;3.9;0.0;0.0
99758;556606;2018-04-30;FRC;N20;;;3;300;95997862.0;;;3.97;3.97;3.97;3.97;3.97;3.97;0.0;0.0
99759;556607;2018-04-30;FRC;V20;;;2;200;63319450.0;;;4.02;4.02;4.02;4.02;4.02;4.02;0.0;0.0
99760;556608;2018-04-30;FRC;F21;;;12;3640;1141574334.0;;;4.07;4.05;4.09;4.06;4.09;4.09;0.0;0.0
99761;556609;2018-04-30;FRC;J21;;;0;0;0.0;;;0.0;0.0;0.0;0.0;0.0;4.12;0.0;0.0
99762;556610;2018-04-30;FRC;N21;;;0;0;0.0;;;0.0;0.0;0.0;0.0;0.0;4.13;0.0;0.0
99763;556611;2018-04-30;FRC;V21;;;2;200;60996046.0;;;4.18;4.18;4.18;4.18;4.18;4.18;0.0;0.0
99764;556612;2018-04-30;FRC;F22;;;9;3670;1105312607.0;;;4.21;4.21;4.24;4.21;4.24;4.24;0.0;0.0
99765;556613;2018-04-30;FRC;J22;;;0;0;0.0;;;0.0;0.0;0.0;0.0;0.0;4.25;0.0;0.0
99766;556614;2018-04-30;FRC;N22;;;0;0;0.0;;;0.0;0.0;0.0;0.0;0.0;4.28;0.0;0.0
99767;556615;2018-04-30;FRC;V22;;;0;0;0.0;;;0.0;0.0;0.0;0.0;0.0;4.28;0.0;0.0
99768;556616;2018-04-30;FRC;F23;;;6;1500;432840139.0;;;4.37;4.37;4.38;4.37;4.38;4.38;0.0;0.0
99769;556617;2018-04-30;FRC;J23;;;0;0;0.0;;;0.0;0.0;0.0;0.0;0.0;4.39;0.0;0.0
99770;556618;2018-04-30;FRC;N23;;;0;0;0.0;;;0.0;0.0;0.0;0.0;0.0;4.4;0.0;0.0
99771;556619;2018-04-30;FRC;F24;;;0;0;0.0;;;0.0;0.0;0.0;0.0;0.0;4.53;0.0;0.0
99772;556620;2018-04-30;FRC;N24;;;0;0;0.0;;;0.0;0.0;0.0;0.0;0.0;4.59;0.0;0.0
99773;556621;2018-04-30;FRC;F25;;;0;0;0.0;;;0.0;0.0;0.0;0.0;0.0;4.68;0.0;0.0
99774;556622;2018-04-30;FRC;F26;;;0;0;0.0;;;0.0;0.0;0.0;0.0;0.0;4.82;0.0;0.0
99775;556623;2018-04-30;FRC;F27;;;0;0;0.0;;;0.0;0.0;0.0;0.0;0.0;5.0;0.0;0.0
99776;556624;2018-04-30;FRC;F28;;;0;0;0.0;;;0.0;0.0;0.0;0.0;0.0;5.13;0.0;0.0
99777;556625;2018-04-30;FRC;F29;;;0;0;0.0;;;0.0;0.0;0.0;0.0;0.0;5.29;0.0;0.0
99778;556626;2018-04-30;FRC;F30;;;0;0;0.0;;;0.0;0.0;0.0;0.0;0.0;5.35;0.0;0.0
99779;556811;2018-05-02;FRC;N18;;;53;49090;17152881268.0;;;2.66;2.65;2.67;2.65;2.67;2.67;0.0;0.0
99780;556812;2018-05-02;FRC;Q18;;;25;7080;2468617680.0;;;2.94;2.92;2.94;2.93;2.94;2.93;0.0;0.0
99781;556813;2018-05-02;FRC;U18;;;9;4750;1650295891.0;;;2.98;2.97;3.0;2.98;3.0;3.0;0.0;0.0
99782;556814;2018-05-02;FRC;V18;;;22;14280;4946683130.0;;;3.12;3.09;3.14;3.12;3.14;3.14;0.0;0.0
99783;556815;2018-05-02;FRC;X18;;;5;470;162379562.0;;;3.25;3.25;3.26;3.26;3.26;3.26;0.0;0.0
99784;556816;2018-05-02;FRC;Z18;;;1;1000;344243422.0;;;3.27;3.27;3.27;3.27;3.27;3.29;0.0;0.0
99785;556817;2018-05-02;FRC;F19;;;27;8800;3019401714.0;;;3.38;3.38;3.4;3.4;3.4;3.4;0.0;0.0
99786;556818;2018-05-02;FRC;G19;;;1;30;10207884.0;;;3.42;3.42;3.42;3.42;3.42;3.45;0.0;0.0
99787;556819;2018-05-02;FRC;H19;;;1;100;34020530.0;;;3.57;3.57;3.57;3.57;3.57;3.57;0.0;0.0
99788;556820;2018-05-02;FRC;J19;;;10;2700;917196747.0;;;3.57;3.57;3.57;3.57;3.57;3.57;0.0;0.0
99789;556821;2018-05-02;FRC;K19;;;0;0;0.0;;;0.0;0.0;0.0;0.0;0.0;3.6;0.0;0.0
99790;556822;2018-05-02;FRC;N19;;;8;810;272480706.0;;;3.64;3.64;3.66;3.66;3.66;3.66;0.0;0.0
99791;556823;2018-05-02;FRC;V19;;;2;3680;1225897979.0;;;3.71;3.71;3.76;3.76;3.76;3.77;0.0;0.0
99792;556824;2018-05-02;FRC;F20;;;14;7510;2475831419.0;;;3.81;3.81;3.86;3.84;3.86;3.85;0.0;0.0
99793;556825;2018-05-02;FRC;J20;;;8;3470;1131795707.0;;;3.9;3.9;3.93;3.92;3.93;3.93;0.0;0.0
99794;556826;2018-05-02;FRC;N20;;;9;1010;325589314.0;;;3.97;3.97;4.0;4.0;4.0;4.0;0.0;0.0
99795;556827;2018-05-02;FRC;V20;;;6;920;293557922.0;;;4.02;4.02;4.06;4.06;4.06;4.06;0.0;0.0
99796;556828;2018-05-02;FRC;F21;;;14;2930;924765922.0;;;4.09;4.09;4.14;4.13;4.14;4.14;0.0;0.0
99797;556829;2018-05-02;FRC;J21;;;2;200;62409375.0;;;4.17;4.17;4.17;4.17;4.17;4.17;0.0;0.0
99798;556830;2018-05-02;FRC;N21;;;1;150;46489685.0;;;4.19;4.19;4.19;4.19;4.19;4.18;0.0;0.0
99799;556831;2018-05-02;FRC;V21;;;0;0;0.0;;;0.0;0.0;0.0;0.0;0.0;4.24;0.0;0.0
99800;556832;2018-05-02;FRC;F22;;;6;550;166404399.0;;;4.24;4.24;4.29;4.27;4.29;4.29;0.0;0.0
99801;556833;2018-05-02;FRC;J22;;;0;0;0.0;;;0.0;0.0;0.0;0.0;0.0;4.31;0.0;0.0
99802;556834;2018-05-02;FRC;N22;;;1;150;44489065.0;;;4.33;4.33;4.33;4.33;4.33;4.34;0.0;0.0
99803;556835;2018-05-02;FRC;V22;;;1;100;29391458.0;;;4.35;4.35;4.35;4.35;4.35;4.35;0.0;0.0
99804;556836;2018-05-02;FRC;F23;;;19;5170;1501389647.0;;;4.38;4.38;4.43;4.4;4.43;4.43;0.0;0.0
99805;556837;2018-05-02;FRC;J23;;;0;0;0.0;;;0.0;0.0;0.0;0.0;0.0;4.44;0.0;0.0
99806;556838;2018-05-02;FRC;N23;;;1;150;42694942.0;;;4.46;4.46;4.46;4.46;4.46;4.45;0.0;0.0
99807;556839;2018-05-02;FRC;F24;;;2;180;50039436.0;;;4.53;4.53;4.59;4.57;4.59;4.59;0.0;0.0
99808;556840;2018-05-02;FRC;N24;;;1;140;38117810.0;;;4.65;4.65;4.65;4.65;4.65;4.65;0.0;0.0
99809;556841;2018-05-02;FRC;F25;;;5;5590;1485639640.0;;;4.68;4.68;4.75;4.73;4.75;4.75;0.0;0.0
99810;556842;2018-05-02;FRC;F26;;;1;190;48313815.0;;;4.89;4.89;4.89;4.89;4.89;4.89;0.0;0.0
99811;556843;2018-05-02;FRC;F27;;;0;0;0.0;;;0.0;0.0;0.0;0.0;0.0;5.07;0.0;0.0
99812;556844;2018-05-02;FRC;F28;;;0;0;0.0;;;0.0;0.0;0.0;0.0;0.0;5.2;0.0;0.0
99813;556845;2018-05-02;FRC;F29;;;0;0;0.0;;;0.0;0.0;0.0;0.0;0.0;5.36;0.0;0.0
99814;556846;2018-05-02;FRC;F30;;;0;0;0.0;;;0.0;0.0;0.0;0.0;0.0;5.42;0.0;0.0
99815;557021;2018-05-03;FRC;N18;;;90;90860;31981952413.0;;;2.57;2.5;2.57;2.52;2.51;2.5;0.0;0.0
99816;557022;2018-05-03;FRC;Q18;;;14;11610;4075240406.0;;;2.86;2.81;2.9;2.86;2.81;2.81;0.0;0.0
99817;557023;2018-05-03;FRC;U18;;;19;2180;763644580.0;;;2.99;2.89;2.99;2.9;2.89;2.89;0.0;0.0
99818;557024;2018-05-03;FRC;V18;;;15;3580;1249626252.0;;;3.14;3.05;3.14;3.08;3.06;3.05;0.0;0.0
99819;557025;2018-05-03;FRC;X18;;;8;1150;400333833.0;;;3.21;3.21;3.22;3.21;3.22;3.21;0.0;0.0
99820;557026;2018-05-03;FRC;Z18;;;5;700;242714425.0;;;3.23;3.23;3.24;3.23;3.24;3.23;0.0;0.0
99821;557027;2018-05-03;FRC;F19;;;27;10440;3608543186.0;;;3.4;3.35;3.4;3.35;3.35;3.35;0.0;0.0
99822;557028;2018-05-03;FRC;G19;;;6;1600;551593870.0;;;3.42;3.42;3.42;3.42;3.42;3.42;0.0;0.0
99823;557029;2018-05-03;FRC;H19;;;6;1100;377660347.0;;;3.55;3.55;3.55;3.55;3.55;3.55;0.0;0.0
99824;557030;2018-05-03;FRC;J19;;;28;5510;1886177247.0;;;3.51;3.51;3.54;3.53;3.54;3.54;0.0;0.0
99825;557031;2018-05-03;FRC;K19;;;3;1300;443624725.0;;;3.56;3.56;3.56;3.56;3.56;3.58;0.0;0.0
99826;557032;2018-05-03;FRC;N19;;;8;1200;406476793.0;;;3.66;3.66;3.66;3.66;3.66;3.66;0.0;0.0
99827;557033;2018-05-03;FRC;V19;;;8;1400;469678210.0;;;3.76;3.76;3.76;3.76;3.76;3.76;0.0;0.0
99828;557034;2018-05-03;FRC;F20;;;29;4490;1489333328.0;;;3.83;3.82;3.86;3.85;3.86;3.86;0.0;0.0
99829;557035;2018-05-03;FRC;J20;;;3;300;98455221.0;;;3.94;3.94;3.94;3.94;3.94;3.94;0.0;0.0
99830;557036;2018-05-03;FRC;N20;;;7;700;227257193.0;;;4.02;4.02;4.02;4.02;4.02;4.02;0.0;0.0
99831;557037;2018-05-03;FRC;V20;;;0;0;0.0;;;0.0;0.0;0.0;0.0;0.0;4.07;0.0;0.0
99832;557038;2018-05-03;FRC;F21;;;19;4300;1367466782.0;;;4.12;4.1;4.13;4.11;4.13;4.13;0.0;0.0
99833;557039;2018-05-03;FRC;J21;;;1;100;31433962.0;;;4.16;4.16;4.16;4.16;4.16;4.16;0.0;0.0
99834;557040;2018-05-03;FRC;N21;;;1;100;31098406.0;;;4.19;4.19;4.19;4.19;4.19;4.19;0.0;0.0
99835;557041;2018-05-03;FRC;V21;;;0;0;0.0;;;0.0;0.0;0.0;0.0;0.0;4.25;0.0;0.0
99836;557042;2018-05-03;FRC;F22;;;2;150;45607347.0;;;4.27;4.27;4.3;4.29;4.3;4.3;0.0;0.0
99837;557043;2018-05-03;FRC;J22;;;1;100;30257791.0;;;4.31;4.31;4.31;4.31;4.31;4.31;0.0;0.0
99838;557044;2018-05-03;FRC;N22;;;4;800;239235011.0;;;4.34;4.34;4.34;4.34;4.34;4.34;0.0;0.0
99839;557045;2018-05-03;FRC;V22;;;4;400;118344706.0;;;4.38;4.38;4.38;4.38;4.38;4.38;0.0;0.0
99840;557046;2018-05-03;FRC;F23;;;16;3100;906578798.0;;;4.42;4.4;4.43;4.41;4.4;4.4;0.0;0.0
99841;557047;2018-05-03;FRC;J23;;;0;0;0.0;;;0.0;0.0;0.0;0.0;0.0;4.41;0.0;0.0
99842;557048;2018-05-03;FRC;N23;;;5;2000;574267966.0;;;4.41;4.4;4.41;4.4;4.41;4.41;0.0;0.0
99843;557049;2018-05-03;FRC;F24;;;1;100;28122954.0;;;4.54;4.54;4.54;4.54;4.54;4.54;0.0;0.0
99844;557050;2018-05-03;FRC;N24;;;0;0;0.0;;;0.0;0.0;0.0;0.0;0.0;4.6;0.0;0.0
99845;557051;2018-05-03;FRC;F25;;;6;520;139414028.0;;;4.75;4.69;4.75;4.69;4.69;4.69;0.0;0.0
99846;557052;2018-05-03;FRC;F26;;;0;0;0.0;;;0.0;0.0;0.0;0.0;0.0;4.83;0.0;0.0
99847;557053;2018-05-03;FRC;F27;;;0;0;0.0;;;0.0;0.0;0.0;0.0;0.0;5.01;0.0;0.0
99848;557054;2018-05-03;FRC;F28;;;0;0;0.0;;;0.0;0.0;0.0;0.0;0.0;5.14;0.0;0.0
99849;557055;2018-05-03;FRC;F29;;;0;0;0.0;;;0.0;0.0;0.0;0.0;0.0;5.3;0.0;0.0
99850;557056;2018-05-03;FRC;F30;;;0;0;0.0;;;0.0;0.0;0.0;0.0;0.0;5.36;0.0;0.0
99851;557230;2018-05-04;FRC;N18;;;26;23100;8131974106.0;;;2.45;2.43;2.51;2.43;2.51;2.43;0.0;0.0
99852;557231;2018-05-04;FRC;Q18;;;13;7500;2633523927.0;;;2.74;2.74;2.74;2.74;2.74;2.74;0.0;0.0
99853;557232;2018-05-04;FRC;U18;;;4;2000;700024787.0;;;2.83;2.83;2.83;2.83;2.83;2.83;0.0;0.0
99854;557233;2018-05-04;FRC;V18;;;21;22450;7838775650.0;;;3.0;2.97;3.0;2.99;2.97;2.97;0.0;0.0
99855;557234;2018-05-04;FRC;X18;;;13;4140;1440753803.0;;;3.21;3.13;3.21;3.13;3.13;3.13;0.0;0.0
99856;557235;2018-05-04;FRC;Z18;;;2;500;173533203.0;;;3.13;3.13;3.13;3.13;3.13;3.13;0.0;0.0
99857;557236;2018-05-04;FRC;F19;;;27;6930;2396476443.0;;;3.33;3.27;3.33;3.27;3.27;3.27;0.0;0.0
99858;557237;2018-05-04;FRC;G19;;;12;2700;931355747.0;;;3.34;3.34;3.34;3.34;3.34;3.34;0.0;0.0
99859;557238;2018-05-04;FRC;H19;;;6;810;278073169.0;;;3.55;3.49;3.55;3.49;3.49;3.49;0.0;0.0
99860;557239;2018-05-04;FRC;J19;;;21;6330;2167766723.0;;;3.54;3.49;3.54;3.49;3.49;3.49;0.0;0.0
99861;557240;2018-05-04;FRC;K19;;;4;2000;682741654.0;;;3.54;3.49;3.54;3.54;3.49;3.49;0.0;0.0
99862;557241;2018-05-04;FRC;N19;;;21;4000;1356101683.0;;;3.65;3.61;3.65;3.61;3.61;3.61;0.0;0.0
99863;557242;2018-05-04;FRC;V19;;;7;910;305239585.0;;;3.73;3.73;3.73;3.73;3.73;3.73;0.0;0.0
99864;557243;2018-05-04;FRC;F20;;;15;2310;766593840.0;;;3.81;3.81;3.82;3.82;3.82;3.82;0.0;0.0
99865;557244;2018-05-04;FRC;J20;;;8;800;262642360.0;;;3.91;3.91;3.91;3.91;3.91;3.91;0.0;0.0
99866;557245;2018-05-04;FRC;N20;;;0;0;0.0;;;0.0;0.0;0.0;0.0;0.0;3.98;0.0;0.0
99867;557246;2018-05-04;FRC;V20;;;0;0;0.0;;;0.0;0.0;0.0;0.0;0.0;4.03;0.0;0.0
99868;557247;2018-05-04;FRC;F21;;;12;1820;579508305.0;;;4.13;4.08;4.13;4.09;4.08;4.08;0.0;0.0
99869;557248;2018-05-04;FRC;J21;;;0;0;0.0;;;0.0;0.0;0.0;0.0;0.0;4.12;0.0;0.0
99870;557249;2018-05-04;FRC;N21;;;10;1000;311145877.0;;;4.16;4.16;4.16;4.16;4.16;4.16;0.0;0.0
99871;557250;2018-05-04;FRC;V21;;;0;0;0.0;;;0.0;0.0;0.0;0.0;0.0;4.21;0.0;0.0
99872;557251;2018-05-04;FRC;F22;;;14;1770;541252835.0;;;4.24;4.24;4.24;4.24;4.24;4.24;0.0;0.0
99873;557252;2018-05-04;FRC;J22;;;0;0;0.0;;;0.0;0.0;0.0;0.0;0.0;4.26;0.0;0.0
99874;557253;2018-05-04;FRC;N22;;;0;0;0.0;;;0.0;0.0;0.0;0.0;0.0;4.3;0.0;0.0
99875;557254;2018-05-04;FRC;V22;;;0;0;0.0;;;0.0;0.0;0.0;0.0;0.0;4.35;0.0;0.0
99876;557255;2018-05-04;FRC;F23;;;12;2600;761353668.0;;;4.37;4.37;4.37;4.37;4.37;4.37;0.0;0.0
99877;557256;2018-05-04;FRC;J23;;;0;0;0.0;;;0.0;0.0;0.0;0.0;0.0;4.38;0.0;0.0
99878;557257;2018-05-04;FRC;N23;;;0;0;0.0;;;0.0;0.0;0.0;0.0;0.0;4.38;0.0;0.0
99879;557258;2018-05-04;FRC;F24;;;10;2680;753044494.0;;;4.51;4.51;4.51;4.51;4.51;4.51;0.0;0.0
99880;557259;2018-05-04;FRC;N24;;;0;0;0.0;;;0.0;0.0;0.0;0.0;0.0;4.57;0.0;0.0
99881;557260;2018-05-04;FRC;F25;;;6;800;214966575.0;;;4.65;4.65;4.65;4.65;4.65;4.65;0.0;0.0
99882;557261;2018-05-04;FRC;F26;;;2;500;128755658.0;;;4.79;4.79;4.79;4.79;4.79;4.78;0.0;0.0
99883;557262;2018-05-04;FRC;F27;;;5;700;172580595.0;;;4.94;4.94;4.97;4.95;4.97;4.94;0.0;0.0
99884;557263;2018-05-04;FRC;F28;;;0;0;0.0;;;0.0;0.0;0.0;0.0;0.0;5.07;0.0;0.0
99885;557264;2018-05-04;FRC;F29;;;0;0;0.0;;;0.0;0.0;0.0;0.0;0.0;5.23;0.0;0.0
99886;557265;2018-05-04;FRC;F30;;;0;0;0.0;;;0.0;0.0;0.0;0.0;0.0;5.29;0.0;0.0
99887;557439;2018-05-07;FRC;N18;;;58;29820;10522035984.0;;;2.43;2.41;2.51;2.48;2.51;2.51;0.0;0.0
99888;557440;2018-05-07;FRC;Q18;;;10;3700;1302166523.0;;;2.8;2.8;2.8;2.8;2.8;2.8;0.0;0.0
99889;557441;2018-05-07;FRC;U18;;;1;4000;1403504776.0;;;2.89;2.89;2.89;2.89;2.89;2.88;0.0;0.0
99890;557442;2018-05-07;FRC;V18;;;19;8110;2838254300.0;;;2.96;2.96;3.02;3.0;3.02;3.02;0.0;0.0
99891;557443;2018-05-07;FRC;X18;;;6;1400;488610478.0;;;3.16;3.16;3.16;3.16;3.16;3.16;0.0;0.0
99892;557444;2018-05-07;FRC;Z18;;;10;5000;1739170658.0;;;3.17;3.17;3.17;3.17;3.17;3.17;0.0;0.0
99893;557445;2018-05-07;FRC;F19;;;11;3650;1264833604.0;;;3.3;3.3;3.3;3.3;3.3;3.3;0.0;0.0
99894;557446;2018-05-07;FRC;G19;;;1;80;27606295.0;;;3.38;3.38;3.38;3.38;3.38;3.38;0.0;0.0
99895;557447;2018-05-07;FRC;H19;;;0;0;0.0;;;0.0;0.0;0.0;0.0;0.0;3.54;0.0;0.0
99896;557448;2018-05-07;FRC;J19;;;0;0;0.0;;;0.0;0.0;0.0;0.0;0.0;3.55;0.0;0.0
99897;557449;2018-05-07;FRC;K19;;;1;100;34250433.0;;;3.55;3.55;3.55;3.55;3.55;3.55;0.0;0.0
99898;557450;2018-05-07;FRC;N19;;;1;200;67914535.0;;;3.65;3.65;3.65;3.65;3.65;3.66;0.0;0.0
99899;557451;2018-05-07;FRC;V19;;;6;1120;376550821.0;;;3.76;3.76;3.78;3.76;3.78;3.76;0.0;0.0
99900;557452;2018-05-07;FRC;F20;;;16;6690;2225795170.0;;;3.86;3.86;3.86;3.86;3.86;3.86;0.0;0.0
99901;557453;2018-05-07;FRC;J20;;;10;2700;888833187.0;;;3.94;3.93;3.94;3.93;3.93;3.94;0.0;0.0
99902;557454;2018-05-07;FRC;N20;;;11;1750;569667285.0;;;4.03;4.02;4.03;4.02;4.02;4.03;0.0;0.0
99903;557455;2018-05-07;FRC;V20;;;4;400;128761508.0;;;4.09;4.09;4.09;4.09;4.09;4.09;0.0;0.0
99904;557456;2018-05-07;FRC;F21;;;13;1700;541406855.0;;;4.08;4.08;4.15;4.13;4.15;4.15;0.0;0.0
99905;557457;2018-05-07;FRC;J21;;;2;190;60060983.0;;;4.12;4.12;4.12;4.12;4.12;4.18;0.0;0.0
99906;557458;2018-05-07;FRC;N21;;;0;0;0.0;;;0.0;0.0;0.0;0.0;0.0;4.21;0.0;0.0
99907;557459;2018-05-07;FRC;V21;;;3;300;92469608.0;;;4.25;4.25;4.25;4.25;4.25;4.25;0.0;0.0
99908;557460;2018-05-07;FRC;F22;;;7;900;274486340.0;;;4.29;4.29;4.29;4.29;4.29;4.29;0.0;0.0
99909;557461;2018-05-07;FRC;J22;;;0;0;0.0;;;0.0;0.0;0.0;0.0;0.0;4.31;0.0;0.0
99910;557462;2018-05-07;FRC;N22;;;0;0;0.0;;;0.0;0.0;0.0;0.0;0.0;4.35;0.0;0.0
99911;557463;2018-05-07;FRC;V22;;;0;0;0.0;;;0.0;0.0;0.0;0.0;0.0;4.4;0.0;0.0
99912;557464;2018-05-07;FRC;F23;;;7;1100;322552713.0;;;4.42;4.42;4.42;4.42;4.42;4.42;0.0;0.0
99913;557465;2018-05-07;FRC;J23;;;0;0;0.0;;;0.0;0.0;0.0;0.0;0.0;4.43;0.0;0.0
99914;557466;2018-05-07;FRC;N23;;;0;0;0.0;;;0.0;0.0;0.0;0.0;0.0;4.43;0.0;0.0
99915;557467;2018-05-07;FRC;F24;;;2;200;56016555.0;;;4.55;4.55;4.55;4.55;4.55;4.55;0.0;0.0
99916;557468;2018-05-07;FRC;N24;;;0;0;0.0;;;0.0;0.0;0.0;0.0;0.0;4.61;0.0;0.0
99917;557469;2018-05-07;FRC;F25;;;6;900;241969548.0;;;4.69;4.68;4.69;4.68;4.68;4.69;0.0;0.0
99918;557470;2018-05-07;FRC;F26;;;0;0;0.0;;;0.0;0.0;0.0;0.0;0.0;4.81;0.0;0.0
99919;557471;2018-05-07;FRC;F27;;;0;0;0.0;;;0.0;0.0;0.0;0.0;0.0;4.96;0.0;0.0
99920;557472;2018-05-07;FRC;F28;;;1;100;23660161.0;;;5.09;5.09;5.09;5.09;5.09;5.09;0.0;0.0
99921;557473;2018-05-07;FRC;F29;;;0;0;0.0;;;0.0;0.0;0.0;0.0;0.0;5.25;0.0;0.0
99922;557474;2018-05-07;FRC;F30;;;0;0;0.0;;;0.0;0.0;0.0;0.0;0.0;5.31;0.0;0.0
99923;557648;2018-05-08;FRC;N18;;;54;48390;17144330606.0;;;2.5;2.48;2.52;2.5;2.52;2.52;0.0;0.0
99924;557649;2018-05-08;FRC;Q18;;;25;22520;7957122565.0;;;2.79;2.79;2.79;2.79;2.79;2.79;0.0;0.0
99925;557650;2018-05-08;FRC;U18;;;10;13990;4929097809.0;;;2.87;2.87;2.89;2.88;2.89;2.89;0.0;0.0
99926;557651;2018-05-08;FRC;V18;;;5;11440;4020082737.0;;;3.02;3.02;3.03;3.02;3.02;3.03;0.0;0.0
99927;557652;2018-05-08;FRC;X18;;;12;1950;683147883.0;;;3.16;3.16;3.18;3.18;3.18;3.18;0.0;0.0
99928;557653;2018-05-08;FRC;Z18;;;4;1980;691503322.0;;;3.17;3.17;3.2;3.18;3.2;3.2;0.0;0.0
99929;557654;2018-05-08;FRC;F19;;;20;12130;4222283384.0;;;3.3;3.3;3.32;3.31;3.32;3.32;0.0;0.0
99930;557655;2018-05-08;FRC;G19;;;12;4460;1547311023.0;;;3.38;3.38;3.39;3.38;3.39;3.39;0.0;0.0
99931;557656;2018-05-08;FRC;H19;;;3;1400;484025833.0;;;3.54;3.54;3.54;3.54;3.54;3.54;0.0;0.0
99932;557657;2018-05-08;FRC;J19;;;28;12410;4276041321.0;;;3.55;3.54;3.55;3.54;3.54;3.54;0.0;0.0
99933;557658;2018-05-08;FRC;K19;;;18;7250;2491269438.0;;;3.57;3.57;3.57;3.57;3.57;3.57;0.0;0.0
99934;557659;2018-05-08;FRC;N19;;;26;11360;3875243610.0;;;3.66;3.66;3.67;3.66;3.67;3.67;0.0;0.0
99935;557660;2018-05-08;FRC;V19;;;8;1300;438637043.0;;;3.78;3.77;3.78;3.78;3.77;3.78;0.0;0.0
99936;557661;2018-05-08;FRC;F20;;;13;2600;867940128.0;;;3.88;3.88;3.88;3.88;3.88;3.88;0.0;0.0
99937;557662;2018-05-08;FRC;J20;;;2;70;23107608.0;;;3.94;3.94;3.94;3.94;3.94;3.96;0.0;0.0
99938;557663;2018-05-08;FRC;N20;;;8;1530;500023356.0;;;4.03;4.03;4.04;4.03;4.03;4.04;0.0;0.0
99939;557664;2018-05-08;FRC;V20;;;0;0;0.0;;;0.0;0.0;0.0;0.0;0.0;4.1;0.0;0.0
99940;557665;2018-05-08;FRC;F21;;;29;4700;1502761766.0;;;4.15;4.15;4.16;4.15;4.16;4.16;0.0;0.0
99941;557666;2018-05-08;FRC;J21;;;5;500;158151066.0;;;4.19;4.19;4.19;4.19;4.19;4.19;0.0;0.0
99942;557667;2018-05-08;FRC;N21;;;5;600;187927179.0;;;4.22;4.22;4.22;4.22;4.22;4.22;0.0;0.0
99943;557668;2018-05-08;FRC;V21;;;1;100;30943128.0;;;4.27;4.27;4.27;4.27;4.27;4.27;0.0;0.0
99944;557669;2018-05-08;FRC;F22;;;4;400;122387088.0;;;4.31;4.31;4.31;4.31;4.31;4.31;0.0;0.0
99945;557670;2018-05-08;FRC;J22;;;4;400;121775420.0;;;4.34;4.34;4.34;4.34;4.34;4.34;0.0;0.0
99946;557671;2018-05-08;FRC;N22;;;5;500;150547275.0;;;4.37;4.37;4.37;4.37;4.37;4.37;0.0;0.0
99947;557672;2018-05-08;FRC;V22;;;0;0;0.0;;;0.0;0.0;0.0;0.0;0.0;4.41;0.0;0.0
99948;557673;2018-05-08;FRC;F23;;;20;3960;1165665717.0;;;4.43;4.43;4.46;4.43;4.43;4.43;0.0;0.0
99949;557674;2018-05-08;FRC;J23;;;0;0;0.0;;;0.0;0.0;0.0;0.0;0.0;4.44;0.0;0.0
99950;557675;2018-05-08;FRC;N23;;;0;0;0.0;;;0.0;0.0;0.0;0.0;0.0;4.44;0.0;0.0
99951;557676;2018-05-08;FRC;F24;;;0;0;0.0;;;0.0;0.0;0.0;0.0;0.0;4.55;0.0;0.0
99952;557677;2018-05-08;FRC;N24;;;0;0;0.0;;;0.0;0.0;0.0;0.0;0.0;4.61;0.0;0.0
99953;557678;2018-05-08;FRC;F25;;;14;1920;518773138.0;;;4.69;4.68;4.69;4.68;4.68;4.68;0.0;0.0
99954;557679;2018-05-08;FRC;F26;;;0;0;0.0;;;0.0;0.0;0.0;0.0;0.0;4.82;0.0;0.0
99955;557680;2018-05-08;FRC;F27;;;2;200;49623078.0;;;4.96;4.96;4.96;4.96;4.96;4.99;0.0;0.0
99956;557681;2018-05-08;FRC;F28;;;0;0;0.0;;;0.0;0.0;0.0;0.0;0.0;5.13;0.0;0.0
99957;557682;2018-05-08;FRC;F29;;;0;0;0.0;;;0.0;0.0;0.0;0.0;0.0;5.29;0.0;0.0
99958;557683;2018-05-08;FRC;F30;;;0;0;0.0;;;0.0;0.0;0.0;0.0;0.0;5.35;0.0;0.0
99959;557857;2018-05-09;FRC;N18;;;86;92790;33177688444.0;;;2.52;2.44;2.52;2.46;2.44;2.44;0.0;0.0
99960;557858;2018-05-09;FRC;Q18;;;92;54600;19475024505.0;;;2.8;2.75;2.8;2.76;2.75;2.77;0.0;0.0
99961;557859;2018-05-09;FRC;U18;;;19;20630;7336869188.0;;;2.87;2.87;3.02;2.88;2.88;2.88;0.0;0.0
99962;557860;2018-05-09;FRC;V18;;;20;19630;6961274102.0;;;3.03;3.02;3.03;3.02;3.03;3.03;0.0;0.0
99963;557861;2018-05-09;FRC;X18;;;6;1050;371290684.0;;;3.18;3.18;3.19;3.18;3.19;3.19;0.0;0.0
99964;557862;2018-05-09;FRC;Z18;;;14;2980;1050219270.0;;;3.22;3.2;3.22;3.22;3.22;3.22;0.0;0.0
99965;557863;2018-05-09;FRC;F19;;;31;19420;6819585452.0;;;3.33;3.32;3.37;3.35;3.34;3.36;0.0;0.0
99966;557864;2018-05-09;FRC;G19;;;7;1200;419770509.0;;;3.41;3.41;3.41;3.41;3.41;3.41;0.0;0.0
99967;557865;2018-05-09;FRC;H19;;;5;700;244059903.0;;;3.53;3.53;3.53;3.53;3.53;3.53;0.0;0.0
99968;557866;2018-05-09;FRC;J19;;;24;10720;3727304770.0;;;3.53;3.53;3.57;3.54;3.54;3.55;0.0;0.0
99969;557867;2018-05-09;FRC;K19;;;12;4950;1716400392.0;;;3.57;3.57;3.57;3.57;3.57;3.57;0.0;0.0
99970;557868;2018-05-09;FRC;N19;;;9;2300;791757083.0;;;3.68;3.66;3.68;3.66;3.66;3.67;0.0;0.0
99971;557869;2018-05-09;FRC;V19;;;4;500;170240027.0;;;3.79;3.79;3.79;3.79;3.79;3.79;0.0;0.0
99972;557870;2018-05-09;FRC;F20;;;12;2490;838988724.0;;;3.88;3.88;3.9;3.89;3.89;3.89;0.0;0.0
99973;557871;2018-05-09;FRC;J20;;;0;0;0.0;;;0.0;0.0;0.0;0.0;0.0;3.97;0.0;0.0
99974;557872;2018-05-09;FRC;N20;;;0;0;0.0;;;0.0;0.0;0.0;0.0;0.0;4.04;0.0;0.0
99975;557873;2018-05-09;FRC;V20;;;0;0;0.0;;;0.0;0.0;0.0;0.0;0.0;4.1;0.0;0.0
99976;557874;2018-05-09;FRC;F21;;;22;9670;3120807389.0;;;4.16;4.15;4.17;4.15;4.15;4.15;0.0;0.0
99977;557875;2018-05-09;FRC;J21;;;0;0;0.0;;;0.0;0.0;0.0;0.0;0.0;4.18;0.0;0.0
99978;557876;2018-05-09;FRC;N21;;;0;0;0.0;;;0.0;0.0;0.0;0.0;0.0;4.21;0.0;0.0
99979;557877;2018-05-09;FRC;V21;;;0;0;0.0;;;0.0;0.0;0.0;0.0;0.0;4.26;0.0;0.0
99980;557878;2018-05-09;FRC;F22;;;4;500;154590223.0;;;4.3;4.3;4.3;4.3;4.3;4.3;0.0;0.0
99981;557879;2018-05-09;FRC;J22;;;6;1200;368079078.0;;;4.32;4.32;4.32;4.32;4.32;4.32;0.0;0.0
99982;557880;2018-05-09;FRC;N22;;;4;800;242852603.0;;;4.34;4.34;4.34;4.34;4.34;4.34;0.0;0.0
99983;557881;2018-05-09;FRC;V22;;;0;0;0.0;;;0.0;0.0;0.0;0.0;0.0;4.4;0.0;0.0
99984;557882;2018-05-09;FRC;F23;;;17;10760;3193787038.0;;;4.44;4.43;4.44;4.44;4.43;4.43;0.0;0.0
99985;557883;2018-05-09;FRC;J23;;;0;0;0.0;;;0.0;0.0;0.0;0.0;0.0;4.44;0.0;0.0
99986;557884;2018-05-09;FRC;N23;;;0;0;0.0;;;0.0;0.0;0.0;0.0;0.0;4.44;0.0;0.0
99987;557885;2018-05-09;FRC;F24;;;10;8320;2366625262.0;;;4.57;4.56;4.57;4.56;4.56;4.55;0.0;0.0
99988;557886;2018-05-09;FRC;N24;;;0;0;0.0;;;0.0;0.0;0.0;0.0;0.0;4.61;0.0;0.0
99989;557887;2018-05-09;FRC;F25;;;14;4000;1090082343.0;;;4.71;4.67;4.71;4.69;4.67;4.67;0.0;0.0
99990;557888;2018-05-09;FRC;F26;;;0;0;0.0;;;0.0;0.0;0.0;0.0;0.0;4.81;0.0;0.0
99991;557889;2018-05-09;FRC;F27;;;0;0;0.0;;;0.0;0.0;0.0;0.0;0.0;4.98;0.0;0.0
99992;557890;2018-05-09;FRC;F28;;;0;0;0.0;;;0.0;0.0;0.0;0.0;0.0;5.12;0.0;0.0
99993;557891;2018-05-09;FRC;F29;;;0;0;0.0;;;0.0;0.0;0.0;0.0;0.0;5.28;0.0;0.0
99994;557892;2018-05-09;FRC;F30;;;0;0;0.0;;;0.0;0.0;0.0;0.0;0.0;5.34;0.0;0.0
99995;558066;2018-05-10;FRC;N18;;;120;84180;29948798317.0;;;2.43;2.26;2.43;2.32;2.29;2.29;0.0;0.0
99996;558067;2018-05-10;FRC;Q18;;;50;17580;6240729442.0;;;2.75;2.64;2.75;2.68;2.64;2.64;0.0;0.0
99997;558068;2018-05-10;FRC;U18;;;13;8130;2876468030.0;;;2.85;2.76;2.85;2.79;2.76;2.76;0.0;0.0
99998;558069;2018-05-10;FRC;V18;;;34;23380;8249949399.0;;;2.98;2.93;2.98;2.94;2.94;2.94;0.0;0.0
99999;558070;2018-05-10;FRC;X18;;;6;7350;2585586508.0;;;3.08;3.05;3.1;3.08;3.08;3.08;0.0;0.0
100000;558071;2018-05-10;FRC;Z18;;;10;8110;2844964127.0;;;3.11;3.1;3.11;3.1;3.1;3.1;0.0;0.0
100001;558072;2018-05-10;FRC;F19;;;34;15580;5447071899.0;;;3.32;3.2;3.32;3.23;3.23;3.23;0.0;0.0
100002;558073;2018-05-10;FRC;G19;;;16;6200;2161321572.0;;;3.3;3.3;3.3;3.3;3.3;3.3;0.0;0.0
100003;558074;2018-05-10;FRC;H19;;;1;3300;1146314842.0;;;3.42;3.42;3.42;3.42;3.42;3.42;0.0;0.0
100004;558075;2018-05-10;FRC;J19;;;11;2830;979965949.0;;;3.49;3.44;3.51;3.44;3.44;3.44;0.0;0.0
100005;558076;2018-05-10;FRC;K19;;;2;400;138185620.0;;;3.45;3.45;3.45;3.45;3.45;3.46;0.0;0.0
100006;558077;2018-05-10;FRC;N19;;;2;3940;1351302938.0;;;3.56;3.55;3.56;3.55;3.55;3.55;0.0;0.0
100007;558078;2018-05-10;FRC;V19;;;0;0;0.0;;;0.0;0.0;0.0;0.0;0.0;3.67;0.0;0.0
100008;558079;2018-05-10;FRC;F20;;;7;1510;507114064.0;;;3.75;3.75;3.78;3.78;3.78;3.78;0.0;0.0
100009;558080;2018-05-10;FRC;J20;;;8;900;298901017.0;;;3.86;3.86;3.86;3.86;3.86;3.86;0.0;0.0
100010;558081;2018-05-10;FRC;N20;;;9;2900;954043086.0;;;3.94;3.91;3.94;3.92;3.91;3.94;0.0;0.0
100011;558082;2018-05-10;FRC;V20;;;0;0;0.0;;;0.0;0.0;0.0;0.0;0.0;4.0;0.0;0.0
100012;558083;2018-05-10;FRC;F21;;;22;5200;1672821340.0;;;4.15;4.04;4.15;4.06;4.04;4.05;0.0;0.0
100013;558084;2018-05-10;FRC;J21;;;3;1600;509458178.0;;;4.15;4.08;4.15;4.14;4.08;4.08;0.0;0.0
100014;558085;2018-05-10;FRC;N21;;;3;300;94927232.0;;;4.11;4.11;4.11;4.11;4.11;4.11;0.0;0.0
100015;558086;2018-05-10;FRC;V21;;;4;400;125200954.0;;;4.15;4.15;4.15;4.15;4.15;4.15;0.0;0.0
100016;558087;2018-05-10;FRC;F22;;;6;820;253329112.0;;;4.21;4.21;4.21;4.21;4.21;4.21;0.0;0.0
100017;558088;2018-05-10;FRC;J22;;;0;0;0.0;;;0.0;0.0;0.0;0.0;0.0;4.23;0.0;0.0
100018;558089;2018-05-10;FRC;N22;;;0;0;0.0;;;0.0;0.0;0.0;0.0;0.0;4.25;0.0;0.0
100019;558090;2018-05-10;FRC;V22;;;0;0;0.0;;;0.0;0.0;0.0;0.0;0.0;4.3;0.0;0.0
100020;558091;2018-05-10;FRC;F23;;;23;6140;1819622524.0;;;4.43;4.33;4.43;4.33;4.33;4.33;0.0;0.0
100021;558092;2018-05-10;FRC;J23;;;1;500;146841553.0;;;4.34;4.34;4.34;4.34;4.34;4.34;0.0;0.0
100022;558093;2018-05-10;FRC;N23;;;0;0;0.0;;;0.0;0.0;0.0;0.0;0.0;4.34;0.0;0.0
100023;558094;2018-05-10;FRC;F24;;;9;2400;683136945.0;;;4.45;4.45;4.46;4.45;4.46;4.45;0.0;0.0
100024;558095;2018-05-10;FRC;N24;;;0;0;0.0;;;0.0;0.0;0.0;0.0;0.0;4.53;0.0;0.0
100025;558096;2018-05-10;FRC;F25;;;16;2800;762075062.0;;;4.61;4.61;4.61;4.61;4.61;4.61;0.0;0.0
100026;558097;2018-05-10;FRC;F26;;;0;0;0.0;;;0.0;0.0;0.0;0.0;0.0;4.75;0.0;0.0
100027;558098;2018-05-10;FRC;F27;;;0;0;0.0;;;0.0;0.0;0.0;0.0;0.0;4.92;0.0;0.0
100028;558099;2018-05-10;FRC;F28;;;0;0;0.0;;;0.0;0.0;0.0;0.0;0.0;5.06;0.0;0.0
100029;558100;2018-05-10;FRC;F29;;;0;0;0.0;;;0.0;0.0;0.0;0.0;0.0;5.22;0.0;0.0
100030;558101;2018-05-10;FRC;F30;;;0;0;0.0;;;0.0;0.0;0.0;0.0;0.0;5.28;0.0;0.0
100031;558275;2018-05-11;FRC;N18;;;57;43970;15678589348.0;;;2.29;2.25;2.31;2.25;2.25;2.25;0.0;0.0
100032;558276;2018-05-11;FRC;Q18;;;19;10220;3634895768.0;;;2.64;2.63;2.67;2.63;2.63;2.63;0.0;0.0
100033;558277;2018-05-11;FRC;U18;;;4;120;42713007.0;;;2.76;2.76;2.78;2.77;2.78;2.76;0.0;0.0
100034;558278;2018-05-11;FRC;V18;;;10;3240;1145884741.0;;;2.94;2.94;2.96;2.94;2.95;2.95;0.0;0.0
100035;558279;2018-05-11;FRC;X18;;;14;1800;635192304.0;;;3.09;3.09;3.1;3.09;3.1;3.1;0.0;0.0
100036;558280;2018-05-11;FRC;Z18;;;7;1300;456731464.0;;;3.13;3.13;3.13;3.13;3.13;3.13;0.0;0.0
100037;558281;2018-05-11;FRC;F19;;;26;14600;5114535812.0;;;3.25;3.25;3.26;3.26;3.26;3.26;0.0;0.0
100038;558282;2018-05-11;FRC;G19;;;0;0;0.0;;;0.0;0.0;0.0;0.0;0.0;3.33;0.0;0.0
100039;558283;2018-05-11;FRC;H19;;;0;0;0.0;;;0.0;0.0;0.0;0.0;0.0;3.45;0.0;0.0
100040;558284;2018-05-11;FRC;J19;;;8;2720;943657717.0;;;3.46;3.46;3.55;3.47;3.48;3.48;0.0;0.0
100041;558285;2018-05-11;FRC;K19;;;0;0;0.0;;;0.0;0.0;0.0;0.0;0.0;3.5;0.0;0.0
100042;558286;2018-05-11;FRC;N19;;;19;9710;3336676237.0;;;3.57;3.57;3.59;3.57;3.58;3.58;0.0;0.0
100043;558287;2018-05-11;FRC;V19;;;0;0;0.0;;;0.0;0.0;0.0;0.0;0.0;3.7;0.0;0.0
100044;558288;2018-05-11;FRC;F20;;;13;4540;1527461494.0;;;3.8;3.8;3.8;3.8;3.8;3.8;0.0;0.0
100045;558289;2018-05-11;FRC;J20;;;0;0;0.0;;;0.0;0.0;0.0;0.0;0.0;3.88;0.0;0.0
100046;558290;2018-05-11;FRC;N20;;;1;100;32907520.0;;;3.95;3.95;3.95;3.95;3.95;3.95;0.0;0.0
100047;558291;2018-05-11;FRC;V20;;;0;0;0.0;;;0.0;0.0;0.0;0.0;0.0;4.01;0.0;0.0
100048;558292;2018-05-11;FRC;F21;;;9;2900;935528251.0;;;4.07;4.07;4.07;4.07;4.07;4.07;0.0;0.0
100049;558293;2018-05-11;FRC;J21;;;0;0;0.0;;;0.0;0.0;0.0;0.0;0.0;4.1;0.0;0.0
100050;558294;2018-05-11;FRC;N21;;;0;0;0.0;;;0.0;0.0;0.0;0.0;0.0;4.13;0.0;0.0
100051;558295;2018-05-11;FRC;V21;;;0;0;0.0;;;0.0;0.0;0.0;0.0;0.0;4.17;0.0;0.0
100052;558296;2018-05-11;FRC;F22;;;5;1300;402427105.0;;;4.22;4.22;4.22;4.22;4.22;4.22;0.0;0.0
100053;558297;2018-05-11;FRC;J22;;;0;0;0.0;;;0.0;0.0;0.0;0.0;0.0;4.24;0.0;0.0
100054;558298;2018-05-11;FRC;N22;;;2;200;60701695.0;;;4.27;4.27;4.27;4.27;4.27;4.27;0.0;0.0
100055;558299;2018-05-11;FRC;V22;;;0;0;0.0;;;0.0;0.0;0.0;0.0;0.0;4.34;0.0;0.0
100056;558300;2018-05-11;FRC;F23;;;9;1800;533923732.0;;;4.38;4.38;4.38;4.38;4.38;4.38;0.0;0.0
100057;558301;2018-05-11;FRC;J23;;;0;0;0.0;;;0.0;0.0;0.0;0.0;0.0;4.39;0.0;0.0
100058;558302;2018-05-11;FRC;N23;;;0;0;0.0;;;0.0;0.0;0.0;0.0;0.0;4.39;0.0;0.0
100059;558303;2018-05-11;FRC;F24;;;0;0;0.0;;;0.0;0.0;0.0;0.0;0.0;4.5;0.0;0.0
100060;558304;2018-05-11;FRC;N24;;;0;0;0.0;;;0.0;0.0;0.0;0.0;0.0;4.58;0.0;0.0
100061;558305;2018-05-11;FRC;F25;;;3;400;108949541.0;;;4.65;4.65;4.65;4.65;4.65;4.65;0.0;0.0
100062;558306;2018-05-11;FRC;F26;;;0;0;0.0;;;0.0;0.0;0.0;0.0;0.0;4.79;0.0;0.0
100063;558307;2018-05-11;FRC;F27;;;0;0;0.0;;;0.0;0.0;0.0;0.0;0.0;4.96;0.0;0.0
100064;558308;2018-05-11;FRC;F28;;;0;0;0.0;;;0.0;0.0;0.0;0.0;0.0;5.08;0.0;0.0
100065;558309;2018-05-11;FRC;F29;;;0;0;0.0;;;0.0;0.0;0.0;0.0;0.0;5.24;0.0;0.0
100066;558310;2018-05-11;FRC;F30;;;0;0;0.0;;;0.0;0.0;0.0;0.0;0.0;5.3;0.0;0.0
100067;558484;2018-05-14;FRC;N18;;;129;108560;38906987137.0;;;2.5;2.5;2.7;2.63;2.7;2.69;0.0;0.0
100068;558485;2018-05-14;FRC;Q18;;;34;35630;12735576014.0;;;2.83;2.83;2.89;2.87;2.87;2.86;0.0;0.0
100069;558486;2018-05-14;FRC;U18;;;12;4700;1674973977.0;;;2.9;2.9;2.94;2.93;2.94;2.94;0.0;0.0
100070;558487;2018-05-14;FRC;V18;;;30;13680;4863011619.0;;;3.07;3.05;3.08;3.07;3.08;3.08;0.0;0.0
100071;558488;2018-05-14;FRC;X18;;;4;400;141970682.0;;;3.21;3.2;3.21;3.2;3.2;3.22;0.0;0.0
100072;558489;2018-05-14;FRC;Z18;;;10;2200;776994424.0;;;3.23;3.23;3.23;3.23;3.23;3.23;0.0;0.0
100073;558490;2018-05-14;FRC;F19;;;56;32400;11406203692.0;;;3.35;3.33;3.38;3.35;3.34;3.34;0.0;0.0
100074;558491;2018-05-14;FRC;G19;;;12;4730;1659609546.0;;;3.41;3.41;3.42;3.41;3.42;3.41;0.0;0.0
100075;558492;2018-05-14;FRC;H19;;;6;930;325139897.0;;;3.53;3.52;3.53;3.52;3.52;3.52;0.0;0.0
100076;558493;2018-05-14;FRC;J19;;;29;5250;1829981200.0;;;3.55;3.53;3.6;3.56;3.56;3.56;0.0;0.0
100077;558494;2018-05-14;FRC;K19;;;12;2000;695538409.0;;;3.57;3.57;3.57;3.57;3.57;3.57;0.0;0.0
100078;558495;2018-05-14;FRC;N19;;;1;10;3522377.0;;;3.65;3.65;3.65;3.65;3.65;3.64;0.0;0.0
100079;558496;2018-05-14;FRC;V19;;;8;1100;375799253.0;;;3.74;3.74;3.74;3.74;3.74;3.74;0.0;0.0
100080;558497;2018-05-14;FRC;F20;;;45;10090;3411358763.0;;;3.84;3.83;3.85;3.84;3.83;3.84;0.0;0.0
100081;558498;2018-05-14;FRC;J20;;;3;300;100302023.0;;;3.91;3.91;3.91;3.91;3.91;3.91;0.0;0.0
100082;558499;2018-05-14;FRC;N20;;;7;700;231551543.0;;;3.98;3.98;3.98;3.98;3.98;3.98;0.0;0.0
100083;558500;2018-05-14;FRC;V20;;;2;200;65447743.0;;;4.04;4.04;4.04;4.04;4.04;4.04;0.0;0.0
100084;558501;2018-05-14;FRC;F21;;;12;3530;1144048400.0;;;4.1;4.1;4.1;4.1;4.1;4.1;0.0;0.0
100085;558502;2018-05-14;FRC;J21;;;1;200;64235920.0;;;4.13;4.13;4.13;4.13;4.13;4.13;0.0;0.0
100086;558503;2018-05-14;FRC;N21;;;0;0;0.0;;;0.0;0.0;0.0;0.0;0.0;4.16;0.0;0.0
100087;558504;2018-05-14;FRC;V21;;;2;200;63041783.0;;;4.2;4.2;4.2;4.2;4.2;4.2;0.0;0.0
100088;558505;2018-05-14;FRC;F22;;;0;0;0.0;;;0.0;0.0;0.0;0.0;0.0;4.25;0.0;0.0
100089;558506;2018-05-14;FRC;J22;;;0;0;0.0;;;0.0;0.0;0.0;0.0;0.0;4.27;0.0;0.0
100090;558507;2018-05-14;FRC;N22;;;0;0;0.0;;;0.0;0.0;0.0;0.0;0.0;4.29;0.0;0.0
100091;558508;2018-05-14;FRC;V22;;;0;0;0.0;;;0.0;0.0;0.0;0.0;0.0;4.35;0.0;0.0
100092;558509;2018-05-14;FRC;F23;;;3;600;178859344.0;;;4.39;4.39;4.39;4.39;4.39;4.39;0.0;0.0
100093;558510;2018-05-14;FRC;J23;;;0;0;0.0;;;0.0;0.0;0.0;0.0;0.0;4.4;0.0;0.0
100094;558511;2018-05-14;FRC;N23;;;0;0;0.0;;;0.0;0.0;0.0;0.0;0.0;4.4;0.0;0.0
100095;558512;2018-05-14;FRC;F24;;;7;2690;769864305.0;;;4.5;4.5;4.51;4.5;4.51;4.5;0.0;0.0
100096;558513;2018-05-14;FRC;N24;;;0;0;0.0;;;0.0;0.0;0.0;0.0;0.0;4.57;0.0;0.0
100097;558514;2018-05-14;FRC;F25;;;9;3320;909164938.0;;;4.65;4.65;4.65;4.65;4.65;4.65;0.0;0.0
100098;558515;2018-05-14;FRC;F26;;;0;0;0.0;;;0.0;0.0;0.0;0.0;0.0;4.79;0.0;0.0
100099;558516;2018-05-14;FRC;F27;;;0;0;0.0;;;0.0;0.0;0.0;0.0;0.0;4.96;0.0;0.0
100100;558517;2018-05-14;FRC;F28;;;0;0;0.0;;;0.0;0.0;0.0;0.0;0.0;5.08;0.0;0.0
100101;558518;2018-05-14;FRC;F29;;;0;0;0.0;;;0.0;0.0;0.0;0.0;0.0;5.24;0.0;0.0
100102;558519;2018-05-14;FRC;F30;;;0;0;0.0;;;0.0;0.0;0.0;0.0;0.0;5.3;0.0;0.0
100103;558695;2018-05-15;FRC;N18;;;75;58260;21084193853.0;;;2.73;2.72;2.76;2.73;2.73;2.73;0.0;0.0
100104;558696;2018-05-15;FRC;Q18;;;37;22760;8215765903.0;;;2.91;2.9;2.93;2.92;2.93;2.93;0.0;0.0
100105;558697;2018-05-15;FRC;U18;;;8;3080;1108249911.0;;;2.97;2.97;2.99;2.98;2.99;2.99;0.0;0.0
100106;558698;2018-05-15;FRC;V18;;;13;11170;4009122436.0;;;3.08;3.08;3.12;3.1;3.11;3.11;0.0;0.0
100107;558699;2018-05-15;FRC;X18;;;11;1900;680227505.0;;;3.25;3.24;3.26;3.24;3.25;3.25;0.0;0.0
100108;558700;2018-05-15;FRC;Z18;;;11;3300;1177003216.0;;;3.26;3.26;3.26;3.26;3.26;3.26;0.0;0.0
100109;558701;2018-05-15;FRC;F19;;;15;10800;3839469017.0;;;3.35;3.35;3.39;3.36;3.36;3.36;0.0;0.0
100110;558702;2018-05-15;FRC;G19;;;0;0;0.0;;;0.0;0.0;0.0;0.0;0.0;3.42;0.0;0.0
100111;558703;2018-05-15;FRC;H19;;;5;2670;943158921.0;;;3.53;3.53;3.54;3.53;3.54;3.53;0.0;0.0
100112;558704;2018-05-15;FRC;J19;;;24;4320;1520562978.0;;;3.59;3.56;3.59;3.57;3.58;3.56;0.0;0.0
100113;558705;2018-05-15;FRC;K19;;;13;1860;653516938.0;;;3.58;3.58;3.58;3.58;3.58;3.58;0.0;0.0
100114;558706;2018-05-15;FRC;N19;;;13;17290;6027692529.0;;;3.66;3.66;3.67;3.66;3.67;3.66;0.0;0.0
100115;558707;2018-05-15;FRC;V19;;;1;500;172583458.0;;;3.76;3.76;3.76;3.76;3.76;3.76;0.0;0.0
100116;558708;2018-05-15;FRC;F20;;;23;7710;2631411387.0;;;3.81;3.81;3.87;3.86;3.87;3.87;0.0;0.0
100117;558709;2018-05-15;FRC;J20;;;0;0;0.0;;;0.0;0.0;0.0;0.0;0.0;3.94;0.0;0.0
100118;558710;2018-05-15;FRC;N20;;;3;4500;1504561540.0;;;4.01;4.0;4.01;4.0;4.0;4.02;0.0;0.0
100119;558711;2018-05-15;FRC;V20;;;0;0;0.0;;;0.0;0.0;0.0;0.0;0.0;4.08;0.0;0.0
100120;558712;2018-05-15;FRC;F21;;;27;4080;1332948534.0;;;4.1;4.1;4.16;4.14;4.15;4.15;0.0;0.0
100121;558713;2018-05-15;FRC;J21;;;0;0;0.0;;;0.0;0.0;0.0;0.0;0.0;4.18;0.0;0.0
100122;558714;2018-05-15;FRC;N21;;;6;600;191811234.0;;;4.23;4.23;4.23;4.23;4.23;4.23;0.0;0.0
100123;558715;2018-05-15;FRC;V21;;;0;0;0.0;;;0.0;0.0;0.0;0.0;0.0;4.27;0.0;0.0
100124;558716;2018-05-15;FRC;F22;;;11;1300;406799530.0;;;4.31;4.3;4.31;4.3;4.3;4.31;0.0;0.0
100125;558717;2018-05-15;FRC;J22;;;0;0;0.0;;;0.0;0.0;0.0;0.0;0.0;4.34;0.0;0.0
100126;558718;2018-05-15;FRC;N22;;;2;200;61530900.0;;;4.37;4.37;4.37;4.37;4.37;4.37;0.0;0.0
100127;558719;2018-05-15;FRC;V22;;;0;0;0.0;;;0.0;0.0;0.0;0.0;0.0;4.42;0.0;0.0
100128;558720;2018-05-15;FRC;F23;;;18;4270;1283321767.0;;;4.44;4.44;4.46;4.44;4.45;4.45;0.0;0.0
100129;558721;2018-05-15;FRC;J23;;;0;0;0.0;;;0.0;0.0;0.0;0.0;0.0;4.46;0.0;0.0
100130;558722;2018-05-15;FRC;N23;;;0;0;0.0;;;0.0;0.0;0.0;0.0;0.0;4.47;0.0;0.0
100131;558723;2018-05-15;FRC;F24;;;11;4390;1266062546.0;;;4.5;4.5;4.58;4.53;4.57;4.58;0.0;0.0
100132;558724;2018-05-15;FRC;N24;;;4;1200;338954221.0;;;4.6;4.6;4.61;4.6;4.61;4.64;0.0;0.0
100133;558725;2018-05-15;FRC;F25;;;12;3280;906577666.0;;;4.65;4.65;4.71;4.66;4.71;4.71;0.0;0.0
100134;558726;2018-05-15;FRC;F26;;;0;0;0.0;;;0.0;0.0;0.0;0.0;0.0;4.84;0.0;0.0
100135;558727;2018-05-15;FRC;F27;;;0;0;0.0;;;0.0;0.0;0.0;0.0;0.0;5.0;0.0;0.0
100136;558728;2018-05-15;FRC;F28;;;3;300;72789055.0;;;5.11;5.1;5.11;5.1;5.1;5.11;0.0;0.0
100137;558729;2018-05-15;FRC;F29;;;0;0;0.0;;;0.0;0.0;0.0;0.0;0.0;5.27;0.0;0.0
100138;558730;2018-05-15;FRC;F30;;;0;0;0.0;;;0.0;0.0;0.0;0.0;0.0;5.33;0.0;0.0
100139;558906;2018-05-16;FRC;N18;;;44;38150;13990158796.0;;;2.75;2.74;2.78;2.76;2.77;2.76;0.0;0.0
100140;558907;2018-05-16;FRC;Q18;;;11;7500;2742108657.0;;;2.98;2.98;2.98;2.98;2.98;2.98;0.0;0.0
100141;558908;2018-05-16;FRC;U18;;;25;15200;5542083983.0;;;3.02;3.01;3.05;3.02;3.05;3.05;0.0;0.0
100142;558909;2018-05-16;FRC;V18;;;27;10960;3986775351.0;;;3.13;3.12;3.16;3.13;3.16;3.16;0.0;0.0
100143;558910;2018-05-16;FRC;X18;;;3;500;181390538.0;;;3.29;3.29;3.29;3.29;3.29;3.29;0.0;0.0
100144;558911;2018-05-16;FRC;Z18;;;16;2800;1012250094.0;;;3.28;3.27;3.29;3.27;3.29;3.29;0.0;0.0
100145;558912;2018-05-16;FRC;F19;;;57;32460;11693318688.0;;;3.39;3.36;3.39;3.37;3.39;3.38;0.0;0.0
100146;558913;2018-05-16;FRC;G19;;;12;3900;1400910081.0;;;3.44;3.44;3.44;3.44;3.44;3.44;0.0;0.0
100147;558914;2018-05-16;FRC;H19;;;2;100;35901202.0;;;3.55;3.55;3.55;3.55;3.55;3.55;0.0;0.0
100148;558915;2018-05-16;FRC;J19;;;29;6210;2214889641.0;;;3.57;3.57;3.58;3.58;3.58;3.58;0.0;0.0
100149;558916;2018-05-16;FRC;K19;;;13;3300;1173160229.0;;;3.58;3.58;3.62;3.62;3.62;3.62;0.0;0.0
100150;558917;2018-05-16;FRC;N19;;;12;7600;2683534933.0;;;3.7;3.7;3.7;3.7;3.7;3.7;0.0;0.0
100151;558918;2018-05-16;FRC;V19;;;11;2670;933431855.0;;;3.76;3.76;3.8;3.78;3.78;3.8;0.0;0.0
100152;558919;2018-05-16;FRC;F20;;;10;1800;622075859.0;;;3.9;3.9;3.9;3.9;3.9;3.9;0.0;0.0
100153;558920;2018-05-16;FRC;J20;;;7;1310;447973945.0;;;3.95;3.94;3.97;3.95;3.97;3.97;0.0;0.0
100154;558921;2018-05-16;FRC;N20;;;0;0;0.0;;;0.0;0.0;0.0;0.0;0.0;4.05;0.0;0.0
100155;558922;2018-05-16;FRC;V20;;;3;200;66945693.0;;;4.07;4.07;4.1;4.08;4.1;4.1;0.0;0.0
100156;558923;2018-05-16;FRC;F21;;;19;11900;3940076431.0;;;4.17;4.16;4.17;4.16;4.17;4.17;0.0;0.0
100157;558924;2018-05-16;FRC;J21;;;0;0;0.0;;;0.0;0.0;0.0;0.0;0.0;4.2;0.0;0.0
100158;558925;2018-05-16;FRC;N21;;;2;200;64774051.0;;;4.25;4.25;4.25;4.25;4.25;4.25;0.0;0.0
100159;558926;2018-05-16;FRC;V21;;;0;0;0.0;;;0.0;0.0;0.0;0.0;0.0;4.29;0.0;0.0
100160;558927;2018-05-16;FRC;F22;;;8;1000;317314305.0;;;4.3;4.3;4.34;4.32;4.34;4.34;0.0;0.0
100161;558928;2018-05-16;FRC;J22;;;0;0;0.0;;;0.0;0.0;0.0;0.0;0.0;4.37;0.0;0.0
100162;558929;2018-05-16;FRC;N22;;;0;0;0.0;;;0.0;0.0;0.0;0.0;0.0;4.41;0.0;0.0
100163;558930;2018-05-16;FRC;V22;;;0;0;0.0;;;0.0;0.0;0.0;0.0;0.0;4.46;0.0;0.0
100164;558931;2018-05-16;FRC;F23;;;13;1850;562635896.0;;;4.45;4.45;4.5;4.49;4.5;4.5;0.0;0.0
100165;558932;2018-05-16;FRC;J23;;;0;0;0.0;;;0.0;0.0;0.0;0.0;0.0;4.52;0.0;0.0
100166;558933;2018-05-16;FRC;N23;;;0;0;0.0;;;0.0;0.0;0.0;0.0;0.0;4.52;0.0;0.0
100167;558934;2018-05-16;FRC;F24;;;6;1500;436312676.0;;;4.64;4.64;4.64;4.64;4.64;4.64;0.0;0.0
100168;558935;2018-05-16;FRC;N24;;;0;0;0.0;;;0.0;0.0;0.0;0.0;0.0;4.7;0.0;0.0
100169;558936;2018-05-16;FRC;F25;;;7;720;200624338.0;;;4.69;4.69;4.78;4.77;4.78;4.78;0.0;0.0
100170;558937;2018-05-16;FRC;F26;;;2;300;80237922.0;;;4.83;4.83;4.83;4.83;4.83;4.91;0.0;0.0
100171;558938;2018-05-16;FRC;F27;;;2;200;50841080.0;;;5.07;5.07;5.07;5.07;5.07;5.07;0.0;0.0
100172;558939;2018-05-16;FRC;F28;;;0;0;0.0;;;0.0;0.0;0.0;0.0;0.0;5.18;0.0;0.0
100173;558940;2018-05-16;FRC;F29;;;0;0;0.0;;;0.0;0.0;0.0;0.0;0.0;5.34;0.0;0.0
100174;558941;2018-05-16;FRC;F30;;;0;0;0.0;;;0.0;0.0;0.0;0.0;0.0;5.4;0.0;0.0
100175;559115;2018-05-17;FRC;N18;;;46;58700;21591712079.0;;;2.8;2.77;2.91;2.86;2.91;2.91;0.0;0.0
100176;559116;2018-05-17;FRC;Q18;;;25;22140;8121098772.0;;;2.98;2.98;3.15;3.07;3.1;3.1;0.0;0.0
100177;559117;2018-05-17;FRC;U18;;;46;23680;8660239607.0;;;3.05;3.05;3.16;3.12;3.14;3.12;0.0;0.0
100178;559118;2018-05-17;FRC;V18;;;44;15190;5539879619.0;;;3.17;3.17;3.29;3.24;3.25;3.25;0.0;0.0
100179;559119;2018-05-17;FRC;X18;;;43;4730;1722119182.0;;;3.31;3.31;3.38;3.37;3.38;3.37;0.0;0.0
100180;559120;2018-05-17;FRC;Z18;;;87;10760;3897110787.0;;;3.3;3.3;3.38;3.36;3.38;3.37;0.0;0.0
100181;559121;2018-05-17;FRC;F19;;;109;38270;13823793352.0;;;3.39;3.39;3.5;3.46;3.5;3.5;0.0;0.0
100182;559122;2018-05-17;FRC;G19;;;11;12150;4374845168.0;;;3.46;3.46;3.58;3.51;3.58;3.58;0.0;0.0
100183;559123;2018-05-17;FRC;H19;;;0;0;0.0;;;0.0;0.0;0.0;0.0;0.0;3.68;0.0;0.0
100184;559124;2018-05-17;FRC;J19;;;26;9700;3468883261.0;;;3.58;3.58;3.7;3.66;3.7;3.7;0.0;0.0
100185;559125;2018-05-17;FRC;K19;;;12;3760;1340266594.0;;;3.61;3.61;3.72;3.66;3.72;3.72;0.0;0.0
100186;559126;2018-05-17;FRC;N19;;;17;3340;1182168667.0;;;3.77;3.77;3.8;3.79;3.8;3.8;0.0;0.0
100187;559127;2018-05-17;FRC;V19;;;7;700;245150214.0;;;3.89;3.89;3.89;3.89;3.89;3.89;0.0;0.0
100188;559128;2018-05-17;FRC;F20;;;13;5050;1748839104.0;;;3.9;3.9;4.02;4.0;4.0;4.0;0.0;0.0
100189;559129;2018-05-17;FRC;J20;;;8;1000;342896994.0;;;3.97;3.97;4.06;4.02;4.06;4.06;0.0;0.0
100190;559130;2018-05-17;FRC;N20;;;13;1400;474682866.0;;;4.14;4.14;4.14;4.14;4.14;4.14;0.0;0.0
100191;559131;2018-05-17;FRC;V20;;;0;0;0.0;;;0.0;0.0;0.0;0.0;0.0;4.19;0.0;0.0
100192;559132;2018-05-17;FRC;F21;;;23;5300;1757890697.0;;;4.17;4.17;4.25;4.22;4.25;4.25;0.0;0.0
100193;559133;2018-05-17;FRC;J21;;;2;400;131283379.0;;;4.27;4.27;4.27;4.27;4.27;4.28;0.0;0.0
100194;559134;2018-05-17;FRC;N21;;;0;0;0.0;;;0.0;0.0;0.0;0.0;0.0;4.32;0.0;0.0
100195;559135;2018-05-17;FRC;V21;;;0;0;0.0;;;0.0;0.0;0.0;0.0;0.0;4.36;0.0;0.0
100196;559136;2018-05-17;FRC;F22;;;7;700;222362299.0;;;4.35;4.35;4.4;4.39;4.4;4.4;0.0;0.0
100197;559137;2018-05-17;FRC;J22;;;0;0;0.0;;;0.0;0.0;0.0;0.0;0.0;4.43;0.0;0.0
100198;559138;2018-05-17;FRC;N22;;;6;600;186211890.0;;;4.47;4.47;4.47;4.47;4.47;4.47;0.0;0.0
100199;559139;2018-05-17;FRC;V22;;;0;0;0.0;;;0.0;0.0;0.0;0.0;0.0;4.51;0.0;0.0
100200;559140;2018-05-17;FRC;F23;;;10;1000;305010873.0;;;4.5;4.5;4.54;4.53;4.54;4.54;0.0;0.0
100201;559141;2018-05-17;FRC;J23;;;0;0;0.0;;;0.0;0.0;0.0;0.0;0.0;4.58;0.0;0.0
100202;559142;2018-05-17;FRC;N23;;;0;0;0.0;;;0.0;0.0;0.0;0.0;0.0;4.6;0.0;0.0
100203;559143;2018-05-17;FRC;F24;;;6;910;265065489.0;;;4.64;4.64;4.69;4.68;4.69;4.69;0.0;0.0
100204;559144;2018-05-17;FRC;N24;;;0;0;0.0;;;0.0;0.0;0.0;0.0;0.0;4.74;0.0;0.0
100205;559145;2018-05-17;FRC;F25;;;7;520;145341139.0;;;4.79;4.79;4.86;4.8;4.81;4.81;0.0;0.0
100206;559146;2018-05-17;FRC;F26;;;0;0;0.0;;;0.0;0.0;0.0;0.0;0.0;4.94;0.0;0.0
100207;559147;2018-05-17;FRC;F27;;;0;0;0.0;;;0.0;0.0;0.0;0.0;0.0;5.1;0.0;0.0
100208;559148;2018-05-17;FRC;F28;;;0;0;0.0;;;0.0;0.0;0.0;0.0;0.0;5.21;0.0;0.0
100209;559149;2018-05-17;FRC;F29;;;0;0;0.0;;;0.0;0.0;0.0;0.0;0.0;5.37;0.0;0.0
100210;559150;2018-05-17;FRC;F30;;;0;0;0.0;;;0.0;0.0;0.0;0.0;0.0;5.43;0.0;0.0
100211;559324;2018-05-18;FRC;N18;;;113;58270;21555643933.0;;;3.0;2.94;3.0;2.96;2.99;2.94;0.0;0.0
100212;559325;2018-05-18;FRC;Q18;;;26;9450;3484909894.0;;;3.15;3.13;3.16;3.13;3.13;3.13;0.0;0.0
100213;559326;2018-05-18;FRC;U18;;;4;580;213455399.0;;;3.18;3.18;3.2;3.18;3.18;3.16;0.0;0.0
100214;559327;2018-05-18;FRC;V18;;;44;14320;5252398199.0;;;3.34;3.29;3.34;3.31;3.3;3.3;0.0;0.0
100215;559328;2018-05-18;FRC;X18;;;22;5390;1970995145.0;;;3.44;3.41;3.45;3.42;3.41;3.41;0.0;0.0
100216;559329;2018-05-18;FRC;Z18;;;27;5910;2153484459.0;;;3.42;3.41;3.45;3.42;3.42;3.42;0.0;0.0
100217;559330;2018-05-18;FRC;F19;;;53;31970;11608254678.0;;;3.6;3.53;3.6;3.56;3.57;3.57;0.0;0.0
100218;559331;2018-05-18;FRC;G19;;;7;1700;615351740.0;;;3.63;3.63;3.63;3.63;3.63;3.63;0.0;0.0
100219;559332;2018-05-18;FRC;H19;;;7;1420;511884315.0;;;3.71;3.71;3.73;3.71;3.73;3.73;0.0;0.0
100220;559333;2018-05-18;FRC;J19;;;41;6630;2383206956.0;;;3.76;3.74;3.76;3.74;3.75;3.75;0.0;0.0
100221;559334;2018-05-18;FRC;K19;;;19;4320;1547955689.0;;;3.75;3.75;3.75;3.75;3.75;3.75;0.0;0.0
100222;559335;2018-05-18;FRC;N19;;;15;3110;1106756398.0;;;3.82;3.82;3.83;3.82;3.83;3.83;0.0;0.0
100223;559336;2018-05-18;FRC;V19;;;4;600;211366197.0;;;3.88;3.88;3.88;3.88;3.88;3.88;0.0;0.0
100224;559337;2018-05-18;FRC;F20;;;34;8280;2884645649.0;;;4.03;3.98;4.04;4.0;3.98;3.98;0.0;0.0
100225;559338;2018-05-18;FRC;J20;;;6;1500;516909114.0;;;4.1;4.05;4.1;4.07;4.05;4.05;0.0;0.0
100226;559339;2018-05-18;FRC;N20;;;4;1300;443124609.0;;;4.15;4.12;4.15;4.14;4.12;4.12;0.0;0.0
100227;559340;2018-05-18;FRC;V20;;;0;0;0.0;;;0.0;0.0;0.0;0.0;0.0;4.16;0.0;0.0
100228;559341;2018-05-18;FRC;F21;;;28;7380;2462750276.0;;;4.25;4.2;4.25;4.21;4.2;4.2;0.0;0.0
100229;559342;2018-05-18;FRC;J21;;;6;600;198173889.0;;;4.23;4.23;4.23;4.23;4.23;4.23;0.0;0.0
100230;559343;2018-05-18;FRC;N21;;;2;200;65347823.0;;;4.26;4.26;4.26;4.26;4.26;4.26;0.0;0.0
100231;559344;2018-05-18;FRC;V21;;;3;300;96941004.0;;;4.3;4.3;4.3;4.3;4.3;4.3;0.0;0.0
100232;559345;2018-05-18;FRC;F22;;;14;2100;671274016.0;;;4.46;4.33;4.46;4.36;4.33;4.34;0.0;0.0
100233;559346;2018-05-18;FRC;J22;;;6;600;189594622.0;;;4.38;4.38;4.38;4.38;4.38;4.38;0.0;0.0
100234;559347;2018-05-18;FRC;N22;;;0;0;0.0;;;0.0;0.0;0.0;0.0;0.0;4.42;0.0;0.0
100235;559348;2018-05-18;FRC;V22;;;0;0;0.0;;;0.0;0.0;0.0;0.0;0.0;4.45;0.0;0.0
100236;559349;2018-05-18;FRC;F23;;;24;4700;1440465368.0;;;4.54;4.46;4.56;4.5;4.46;4.48;0.0;0.0
100237;559350;2018-05-18;FRC;J23;;;0;0;0.0;;;0.0;0.0;0.0;0.0;0.0;4.52;0.0;0.0
100238;559351;2018-05-18;FRC;N23;;;0;0;0.0;;;0.0;0.0;0.0;0.0;0.0;4.54;0.0;0.0
100239;559352;2018-05-18;FRC;F24;;;6;1100;322484282.0;;;4.69;4.62;4.69;4.65;4.62;4.62;0.0;0.0
100240;559353;2018-05-18;FRC;N24;;;0;0;0.0;;;0.0;0.0;0.0;0.0;0.0;4.68;0.0;0.0
100241;559354;2018-05-18;FRC;F25;;;14;1900;534612691.0;;;4.77;4.77;4.77;4.77;4.77;4.77;0.0;0.0
100242;559355;2018-05-18;FRC;F26;;;0;0;0.0;;;0.0;0.0;0.0;0.0;0.0;4.9;0.0;0.0
100243;559356;2018-05-18;FRC;F27;;;0;0;0.0;;;0.0;0.0;0.0;0.0;0.0;5.06;0.0;0.0
100244;559357;2018-05-18;FRC;F28;;;0;0;0.0;;;0.0;0.0;0.0;0.0;0.0;5.17;0.0;0.0
100245;559358;2018-05-18;FRC;F29;;;0;0;0.0;;;0.0;0.0;0.0;0.0;0.0;5.33;0.0;0.0
100246;559359;2018-05-18;FRC;F30;;;0;0;0.0;;;0.0;0.0;0.0;0.0;0.0;5.39;0.0;0.0
100247;559533;2018-05-21;FRC;N18;;;87;81290;30119798229.0;;;2.96;2.94;3.02;2.99;3.0;3.0;0.0;0.0
100248;559534;2018-05-21;FRC;Q18;;;21;6100;2253683290.0;;;3.16;3.16;3.21;3.18;3.18;3.18;0.0;0.0
100249;559535;2018-05-21;FRC;U18;;;15;5020;1849050386.0;;;3.24;3.24;3.24;3.24;3.24;3.24;0.0;0.0
100250;559536;2018-05-21;FRC;V18;;;13;3840;1410621865.0;;;3.37;3.37;3.38;3.37;3.38;3.37;0.0;0.0
100251;559537;2018-05-21;FRC;X18;;;63;2630;964418710.0;;;3.48;3.41;3.51;3.49;3.51;3.5;0.0;0.0
100252;559538;2018-05-21;FRC;Z18;;;8;2600;948384874.0;;;3.5;3.5;3.5;3.5;3.5;3.5;0.0;0.0
100253;559539;2018-05-21;FRC;F19;;;27;14930;5427384645.0;;;3.65;3.65;3.65;3.65;3.65;3.65;0.0;0.0
100254;559540;2018-05-21;FRC;G19;;;7;1580;572808759.0;;;3.71;3.71;3.71;3.71;3.71;3.71;0.0;0.0
100255;559541;2018-05-21;FRC;H19;;;3;500;180350606.0;;;3.79;3.79;3.79;3.79;3.79;3.79;0.0;0.0
100256;559542;2018-05-21;FRC;J19;;;22;15970;5749787864.0;;;3.75;3.75;3.8;3.76;3.8;3.8;0.0;0.0
100257;559543;2018-05-21;FRC;K19;;;11;3010;1080238301.0;;;3.8;3.8;3.8;3.8;3.8;3.8;0.0;0.0
100258;559544;2018-05-21;FRC;N19;;;18;4190;1493588839.0;;;3.83;3.83;3.87;3.85;3.87;3.87;0.0;0.0
100259;559545;2018-05-21;FRC;V19;;;0;0;0.0;;;0.0;0.0;0.0;0.0;0.0;3.9;0.0;0.0
100260;559546;2018-05-21;FRC;F20;;;34;15050;5253821565.0;;;3.98;3.97;3.99;3.97;3.97;3.97;0.0;0.0
100261;559547;2018-05-21;FRC;J20;;;10;2500;863817298.0;;;4.02;4.02;4.02;4.02;4.02;4.02;0.0;0.0
100262;559548;2018-05-21;FRC;N20;;;3;780;266681301.0;;;4.09;4.09;4.1;4.09;4.1;4.09;0.0;0.0
100263;559549;2018-05-21;FRC;V20;;;0;0;0.0;;;0.0;0.0;0.0;0.0;0.0;4.13;0.0;0.0
100264;559550;2018-05-21;FRC;F21;;;17;3900;1304916138.0;;;4.18;4.17;4.18;4.17;4.17;4.17;0.0;0.0
100265;559551;2018-05-21;FRC;J21;;;4;500;165509133.0;;;4.2;4.2;4.2;4.2;4.2;4.2;0.0;0.0
100266;559552;2018-05-21;FRC;N21;;;1;20;6623099.0;;;4.23;4.23;4.23;4.23;4.23;4.23;0.0;0.0
100267;559553;2018-05-21;FRC;V21;;;0;0;0.0;;;0.0;0.0;0.0;0.0;0.0;4.27;0.0;0.0
100268;559554;2018-05-21;FRC;F22;;;4;1700;545623623.0;;;4.32;4.32;4.32;4.32;4.32;4.31;0.0;0.0
100269;559555;2018-05-21;FRC;J22;;;0;0;0.0;;;0.0;0.0;0.0;0.0;0.0;4.35;0.0;0.0
100270;559556;2018-05-21;FRC;N22;;;0;0;0.0;;;0.0;0.0;0.0;0.0;0.0;4.4;0.0;0.0
100271;559557;2018-05-21;FRC;V22;;;0;0;0.0;;;0.0;0.0;0.0;0.0;0.0;4.44;0.0;0.0
100272;559558;2018-05-21;FRC;F23;;;15;2200;677074099.0;;;4.46;4.45;4.47;4.46;4.47;4.47;0.0;0.0
100273;559559;2018-05-21;FRC;J23;;;0;0;0.0;;;0.0;0.0;0.0;0.0;0.0;4.51;0.0;0.0
100274;559560;2018-05-21;FRC;N23;;;0;0;0.0;;;0.0;0.0;0.0;0.0;0.0;4.53;0.0;0.0
100275;559561;2018-05-21;FRC;F24;;;0;0;0.0;;;0.0;0.0;0.0;0.0;0.0;4.61;0.0;0.0
100276;559562;2018-05-21;FRC;N24;;;0;0;0.0;;;0.0;0.0;0.0;0.0;0.0;4.67;0.0;0.0
100277;559563;2018-05-21;FRC;F25;;;2;200;56394576.0;;;4.77;4.77;4.77;4.77;4.77;4.77;0.0;0.0
100278;559564;2018-05-21;FRC;F26;;;1;100;27043180.0;;;4.9;4.9;4.9;4.9;4.9;4.9;0.0;0.0
100279;559565;2018-05-21;FRC;F27;;;4;400;102878012.0;;;5.04;5.04;5.04;5.04;5.04;5.04;0.0;0.0
100280;559566;2018-05-21;FRC;F28;;;2;100;24816918.0;;;5.15;5.15;5.15;5.15;5.15;5.2;0.0;0.0
100281;559567;2018-05-21;FRC;F29;;;0;0;0.0;;;0.0;0.0;0.0;0.0;0.0;5.36;0.0;0.0
100282;559568;2018-05-21;FRC;F30;;;0;0;0.0;;;0.0;0.0;0.0;0.0;0.0;5.42;0.0;0.0
100283;559742;2018-05-22;FRC;N18;;;94;79890;29212928315.0;;;3.0;2.92;3.0;2.93;2.92;2.92;0.0;0.0
100284;559743;2018-05-22;FRC;Q18;;;49;9410;3432155609.0;;;3.18;3.13;3.18;3.14;3.14;3.14;0.0;0.0
100285;559744;2018-05-22;FRC;U18;;;16;4310;1567060319.0;;;3.23;3.2;3.23;3.2;3.2;3.21;0.0;0.0
100286;559745;2018-05-22;FRC;V18;;;27;7800;2827845679.0;;;3.35;3.32;3.35;3.34;3.33;3.34;0.0;0.0
100287;559746;2018-05-22;FRC;X18;;;13;3110;1124123512.0;;;3.45;3.45;3.46;3.46;3.46;3.46;0.0;0.0
100288;559747;2018-05-22;FRC;Z18;;;10;1290;464733869.0;;;3.5;3.45;3.5;3.46;3.46;3.46;0.0;0.0
100289;559748;2018-05-22;FRC;F19;;;58;39950;14338383986.0;;;3.65;3.57;3.65;3.59;3.57;3.57;0.0;0.0
100290;559749;2018-05-22;FRC;G19;;;0;0;0.0;;;0.0;0.0;0.0;0.0;0.0;3.65;0.0;0.0
100291;559750;2018-05-22;FRC;H19;;;7;730;259879682.0;;;3.79;3.74;3.79;3.74;3.74;3.74;0.0;0.0
100292;559751;2018-05-22;FRC;J19;;;30;37690;13393284611.0;;;3.81;3.71;3.82;3.73;3.71;3.75;0.0;0.0
100293;559752;2018-05-22;FRC;K19;;;14;2800;992471311.0;;;3.74;3.74;3.74;3.74;3.74;3.74;0.0;0.0
100294;559753;2018-05-22;FRC;N19;;;18;5400;1899914595.0;;;3.83;3.81;3.83;3.81;3.81;3.81;0.0;0.0
100295;559754;2018-05-22;FRC;V19;;;10;1360;473888719.0;;;3.87;3.86;3.87;3.86;3.86;3.86;0.0;0.0
100296;559755;2018-05-22;FRC;F20;;;15;3230;1112965922.0;;;3.95;3.95;3.96;3.96;3.96;3.96;0.0;0.0
100297;559756;2018-05-22;FRC;J20;;;12;6500;2217904889.0;;;4.02;3.98;4.02;3.99;3.98;4.02;0.0;0.0
100298;559757;2018-05-22;FRC;N20;;;18;7470;2521423010.0;;;4.07;4.04;4.08;4.06;4.04;4.08;0.0;0.0
100299;559758;2018-05-22;FRC;V20;;;7;800;267020395.0;;;4.12;4.12;4.12;4.12;4.12;4.12;0.0;0.0
100300;559759;2018-05-22;FRC;F21;;;17;5500;1816642114.0;;;4.16;4.14;4.18;4.16;4.18;4.18;0.0;0.0
100301;559760;2018-05-22;FRC;J21;;;8;1100;359514308.0;;;4.2;4.2;4.2;4.2;4.2;4.2;0.0;0.0
100302;559761;2018-05-22;FRC;N21;;;0;0;0.0;;;0.0;0.0;0.0;0.0;0.0;4.24;0.0;0.0
100303;559762;2018-05-22;FRC;V21;;;0;0;0.0;;;0.0;0.0;0.0;0.0;0.0;4.28;0.0;0.0
100304;559763;2018-05-22;FRC;F22;;;6;900;284756713.0;;;4.31;4.31;4.33;4.31;4.33;4.33;0.0;0.0
100305;559764;2018-05-22;FRC;J22;;;0;0;0.0;;;0.0;0.0;0.0;0.0;0.0;4.37;0.0;0.0
100306;559765;2018-05-22;FRC;N22;;;0;0;0.0;;;0.0;0.0;0.0;0.0;0.0;4.42;0.0;0.0
100307;559766;2018-05-22;FRC;V22;;;0;0;0.0;;;0.0;0.0;0.0;0.0;0.0;4.46;0.0;0.0
100308;559767;2018-05-22;FRC;F23;;;14;4250;1290900588.0;;;4.44;4.42;4.49;4.44;4.45;4.49;0.0;0.0
100309;559768;2018-05-22;FRC;J23;;;0;0;0.0;;;0.0;0.0;0.0;0.0;0.0;4.53;0.0;0.0
100310;559769;2018-05-22;FRC;N23;;;2;520;154446367.0;;;4.52;4.52;4.52;4.52;4.52;4.55;0.0;0.0
100311;559770;2018-05-22;FRC;F24;;;6;3300;958680038.0;;;4.59;4.58;4.65;4.61;4.65;4.63;0.0;0.0
100312;559771;2018-05-22;FRC;N24;;;0;0;0.0;;;0.0;0.0;0.0;0.0;0.0;4.69;0.0;0.0
100313;559772;2018-05-22;FRC;F25;;;9;1160;322590447.0;;;4.76;4.76;4.8;4.78;4.8;4.8;0.0;0.0
100314;559773;2018-05-22;FRC;F26;;;3;300;79405188.0;;;4.95;4.95;4.95;4.95;4.95;4.95;0.0;0.0
100315;559774;2018-05-22;FRC;F27;;;0;0;0.0;;;0.0;0.0;0.0;0.0;0.0;5.09;0.0;0.0
100316;559775;2018-05-22;FRC;F28;;;0;0;0.0;;;0.0;0.0;0.0;0.0;0.0;5.25;0.0;0.0
100317;559776;2018-05-22;FRC;F29;;;0;0;0.0;;;0.0;0.0;0.0;0.0;0.0;5.41;0.0;0.0
100318;559777;2018-05-22;FRC;F30;;;0;0;0.0;;;0.0;0.0;0.0;0.0;0.0;5.47;0.0;0.0
100319;559951;2018-05-23;FRC;N18;;;76;78110;28319593346.0;;;2.92;2.85;2.92;2.88;2.85;2.88;0.0;0.0
100320;559952;2018-05-23;FRC;Q18;;;25;10680;3859932065.0;;;3.15;3.09;3.15;3.09;3.1;3.09;0.0;0.0
100321;559953;2018-05-23;FRC;U18;;;33;18800;6775711228.0;;;3.24;3.17;3.24;3.18;3.17;3.17;0.0;0.0
100322;559954;2018-05-23;FRC;V18;;;28;15420;5540870177.0;;;3.36;3.3;3.36;3.32;3.3;3.3;0.0;0.0
100323;559955;2018-05-23;FRC;X18;;;8;5510;1973718988.0;;;3.43;3.43;3.43;3.43;3.43;3.43;0.0;0.0
100324;559956;2018-05-23;FRC;Z18;;;2;400;142625330.0;;;3.48;3.48;3.48;3.48;3.48;3.42;0.0;0.0
100325;559957;2018-05-23;FRC;F19;;;37;18590;6616358016.0;;;3.6;3.52;3.6;3.53;3.52;3.52;0.0;0.0
100326;559958;2018-05-23;FRC;G19;;;0;0;0.0;;;0.0;0.0;0.0;0.0;0.0;3.6;0.0;0.0
100327;559959;2018-05-23;FRC;H19;;;0;0;0.0;;;0.0;0.0;0.0;0.0;0.0;3.69;0.0;0.0
100328;559960;2018-05-23;FRC;J19;;;33;9090;3203426480.0;;;3.75;3.7;3.8;3.7;3.8;3.7;0.0;0.0
100329;559961;2018-05-23;FRC;K19;;;10;2310;811367458.0;;;3.74;3.71;3.74;3.72;3.71;3.71;0.0;0.0
100330;559962;2018-05-23;FRC;N19;;;12;2780;969818430.0;;;3.83;3.77;3.9;3.79;3.9;3.77;0.0;0.0
100331;559963;2018-05-23;FRC;V19;;;13;1700;587193014.0;;;3.83;3.83;3.85;3.84;3.85;3.85;0.0;0.0
100332;559964;2018-05-23;FRC;F20;;;18;2500;854006674.0;;;3.95;3.95;3.95;3.95;3.95;3.95;0.0;0.0
100333;559965;2018-05-23;FRC;J20;;;4;500;169004191.0;;;4.02;4.02;4.02;4.02;4.02;4.02;0.0;0.0
100334;559966;2018-05-23;FRC;N20;;;8;1100;367853504.0;;;4.08;4.08;4.08;4.08;4.08;4.08;0.0;0.0
100335;559967;2018-05-23;FRC;V20;;;4;500;165449369.0;;;4.11;4.11;4.11;4.11;4.11;4.11;0.0;0.0
100336;559968;2018-05-23;FRC;F21;;;14;3130;1024723092.0;;;4.14;4.14;4.16;4.16;4.16;4.16;0.0;0.0
100337;559969;2018-05-23;FRC;J21;;;3;300;97169401.0;;;4.18;4.18;4.18;4.18;4.18;4.18;0.0;0.0
100338;559970;2018-05-23;FRC;N21;;;5;500;160216679.0;;;4.21;4.21;4.21;4.21;4.21;4.21;0.0;0.0
100339;559971;2018-05-23;FRC;V21;;;0;0;0.0;;;0.0;0.0;0.0;0.0;0.0;4.25;0.0;0.0
100340;559972;2018-05-23;FRC;F22;;;2;400;125712461.0;;;4.29;4.29;4.29;4.29;4.29;4.3;0.0;0.0
100341;559973;2018-05-23;FRC;J22;;;0;0;0.0;;;0.0;0.0;0.0;0.0;0.0;4.34;0.0;0.0
100342;559974;2018-05-23;FRC;N22;;;0;0;0.0;;;0.0;0.0;0.0;0.0;0.0;4.38;0.0;0.0
100343;559975;2018-05-23;FRC;V22;;;0;0;0.0;;;0.0;0.0;0.0;0.0;0.0;4.41;0.0;0.0
100344;559976;2018-05-23;FRC;F23;;;13;1850;557362244.0;;;4.49;4.44;4.49;4.45;4.44;4.44;0.0;0.0
100345;559977;2018-05-23;FRC;J23;;;0;0;0.0;;;0.0;0.0;0.0;0.0;0.0;4.49;0.0;0.0
100346;559978;2018-05-23;FRC;N23;;;1;100;29455114.0;;;4.51;4.51;4.51;4.51;4.51;4.51;0.0;0.0
100347;559979;2018-05-23;FRC;F24;;;13;2490;717124341.0;;;4.65;4.59;4.65;4.6;4.6;4.59;0.0;0.0
100348;559980;2018-05-23;FRC;N24;;;6;2260;637118301.0;;;4.69;4.69;4.69;4.69;4.69;4.64;0.0;0.0
100349;559981;2018-05-23;FRC;F25;;;8;2050;564257999.0;;;4.8;4.74;4.8;4.79;4.74;4.74;0.0;0.0
100350;559982;2018-05-23;FRC;F26;;;0;0;0.0;;;0.0;0.0;0.0;0.0;0.0;4.89;0.0;0.0
100351;559983;2018-05-23;FRC;F27;;;3;480;121016754.0;;;5.06;5.06;5.06;5.06;5.06;5.03;0.0;0.0
100352;559984;2018-05-23;FRC;F28;;;0;0;0.0;;;0.0;0.0;0.0;0.0;0.0;5.19;0.0;0.0
100353;559985;2018-05-23;FRC;F29;;;0;0;0.0;;;0.0;0.0;0.0;0.0;0.0;5.35;0.0;0.0
100354;559986;2018-05-23;FRC;F30;;;0;0;0.0;;;0.0;0.0;0.0;0.0;0.0;5.41;0.0;0.0
100355;560159;2018-05-24;FRC;N18;;;116;109570;39867076763.0;;;2.95;2.86;2.95;2.89;2.88;2.88;0.0;0.0
100356;560160;2018-05-24;FRC;Q18;;;43;20710;7512790465.0;;;3.15;3.1;3.15;3.11;3.1;3.1;0.0;0.0
100357;560161;2018-05-24;FRC;U18;;;17;11500;4159815281.0;;;3.2;3.2;3.2;3.2;3.2;3.2;0.0;0.0
100358;560162;2018-05-24;FRC;V18;;;14;6710;2420253457.0;;;3.34;3.3;3.34;3.31;3.33;3.33;0.0;0.0
100359;560163;2018-05-24;FRC;X18;;;1;50;17921683.0;;;3.43;3.43;3.43;3.43;3.43;3.46;0.0;0.0
100360;560164;2018-05-24;FRC;Z18;;;0;0;0.0;;;0.0;0.0;0.0;0.0;0.0;3.44;0.0;0.0
100361;560165;2018-05-24;FRC;F19;;;29;11460;4093895142.0;;;3.54;3.51;3.54;3.54;3.54;3.54;0.0;0.0
100362;560166;2018-05-24;FRC;G19;;;7;1900;676177778.0;;;3.63;3.63;3.63;3.63;3.63;3.63;0.0;0.0
100363;560167;2018-05-24;FRC;H19;;;0;0;0.0;;;0.0;0.0;0.0;0.0;0.0;3.72;0.0;0.0
100364;560168;2018-05-24;FRC;J19;;;20;4320;1527831983.0;;;3.7;3.7;3.74;3.74;3.74;3.74;0.0;0.0
100365;560169;2018-05-24;FRC;K19;;;4;1000;352540848.0;;;3.74;3.74;3.74;3.74;3.74;3.74;0.0;0.0
100366;560170;2018-05-24;FRC;N19;;;7;3100;1085198388.0;;;3.81;3.81;3.85;3.81;3.85;3.81;0.0;0.0
100367;560171;2018-05-24;FRC;V19;;;6;1100;381149930.0;;;3.87;3.87;3.87;3.87;3.87;3.87;0.0;0.0
100368;560172;2018-05-24;FRC;F20;;;24;4830;1655462698.0;;;3.95;3.94;3.98;3.96;3.97;3.97;0.0;0.0
100369;560173;2018-05-24;FRC;J20;;;4;380;129019752.0;;;4.02;4.0;4.02;4.02;4.0;4.04;0.0;0.0
100370;560174;2018-05-24;FRC;N20;;;13;1500;503331139.0;;;4.1;4.1;4.1;4.1;4.1;4.1;0.0;0.0
100371;560175;2018-05-24;FRC;V20;;;5;700;232389408.0;;;4.14;4.14;4.14;4.14;4.14;4.14;0.0;0.0
100372;560176;2018-05-24;FRC;F21;;;17;3270;1074113927.0;;;4.15;4.15;4.19;4.16;4.19;4.19;0.0;0.0
100373;560177;2018-05-24;FRC;J21;;;2;300;97469477.0;;;4.22;4.22;4.22;4.22;4.22;4.22;0.0;0.0
100374;560178;2018-05-24;FRC;N21;;;0;0;0.0;;;0.0;0.0;0.0;0.0;0.0;4.24;0.0;0.0
100375;560179;2018-05-24;FRC;V21;;;0;0;0.0;;;0.0;0.0;0.0;0.0;0.0;4.27;0.0;0.0
100376;560180;2018-05-24;FRC;F22;;;0;0;0.0;;;0.0;0.0;0.0;0.0;0.0;4.32;0.0;0.0
100377;560181;2018-05-24;FRC;J22;;;0;0;0.0;;;0.0;0.0;0.0;0.0;0.0;4.36;0.0;0.0
100378;560182;2018-05-24;FRC;N22;;;0;0;0.0;;;0.0;0.0;0.0;0.0;0.0;4.39;0.0;0.0
100379;560183;2018-05-24;FRC;V22;;;0;0;0.0;;;0.0;0.0;0.0;0.0;0.0;4.41;0.0;0.0
100380;560184;2018-05-24;FRC;F23;;;18;4050;1224430517.0;;;4.44;4.41;4.44;4.43;4.44;4.44;0.0;0.0
100381;560185;2018-05-24;FRC;J23;;;0;0;0.0;;;0.0;0.0;0.0;0.0;0.0;4.49;0.0;0.0
100382;560186;2018-05-24;FRC;N23;;;0;0;0.0;;;0.0;0.0;0.0;0.0;0.0;4.51;0.0;0.0
100383;560187;2018-05-24;FRC;F24;;;3;1000;289431477.0;;;4.6;4.59;4.6;4.59;4.59;4.59;0.0;0.0
100384;560188;2018-05-24;FRC;N24;;;0;0;0.0;;;0.0;0.0;0.0;0.0;0.0;4.64;0.0;0.0
100385;560189;2018-05-24;FRC;F25;;;8;1800;498704735.0;;;4.74;4.73;4.75;4.73;4.75;4.75;0.0;0.0
100386;560190;2018-05-24;FRC;F26;;;0;0;0.0;;;0.0;0.0;0.0;0.0;0.0;4.9;0.0;0.0
100387;560191;2018-05-24;FRC;F27;;;3;300;76319409.0;;;5.03;5.03;5.03;5.03;5.03;5.03;0.0;0.0
100388;560192;2018-05-24;FRC;F28;;;0;0;0.0;;;0.0;0.0;0.0;0.0;0.0;5.19;0.0;0.0
100389;560193;2018-05-24;FRC;F29;;;0;0;0.0;;;0.0;0.0;0.0;0.0;0.0;5.35;0.0;0.0
100390;560194;2018-05-24;FRC;F30;;;0;0;0.0;;;0.0;0.0;0.0;0.0;0.0;5.41;0.0;0.0
100391;560367;2018-05-25;FRC;N18;;;108;112400;40976435639.0;;;2.85;2.81;2.87;2.85;2.81;2.86;0.0;0.0
100392;560368;2018-05-25;FRC;Q18;;;18;14100;5125255201.0;;;3.12;3.1;3.12;3.1;3.1;3.1;0.0;0.0
100393;560369;2018-05-25;FRC;U18;;;26;17040;6175499295.0;;;3.2;3.17;3.21;3.19;3.21;3.21;0.0;0.0
100394;560370;2018-05-25;FRC;V18;;;16;8020;2898081544.0;;;3.35;3.33;3.35;3.34;3.35;3.35;0.0;0.0
100395;560371;2018-05-25;FRC;X18;;;6;1600;576373578.0;;;3.48;3.48;3.48;3.48;3.48;3.48;0.0;0.0
100396;560372;2018-05-25;FRC;Z18;;;8;1500;538180768.0;;;3.48;3.48;3.48;3.48;3.48;3.48;0.0;0.0
100397;560373;2018-05-25;FRC;F19;;;18;5000;1789323566.0;;;3.57;3.57;3.57;3.57;3.57;3.57;0.0;0.0
100398;560374;2018-05-25;FRC;G19;;;5;4720;1683246243.0;;;3.63;3.63;3.66;3.63;3.66;3.66;0.0;0.0
100399;560375;2018-05-25;FRC;H19;;;0;0;0.0;;;0.0;0.0;0.0;0.0;0.0;3.75;0.0;0.0
100400;560376;2018-05-25;FRC;J19;;;13;9860;3492090158.0;;;3.77;3.77;3.77;3.77;3.77;3.77;0.0;0.0
100401;560377;2018-05-25;FRC;K19;;;8;11100;3918582915.0;;;3.74;3.74;3.79;3.77;3.79;3.79;0.0;0.0
100402;560378;2018-05-25;FRC;N19;;;8;2200;771509169.0;;;3.85;3.85;3.85;3.85;3.85;3.85;0.0;0.0
100403;560379;2018-05-25;FRC;V19;;;8;1400;485887419.0;;;3.92;3.92;3.92;3.92;3.92;3.92;0.0;0.0
100404;560380;2018-05-25;FRC;F20;;;17;5000;1716947265.0;;;3.97;3.97;4.01;3.98;4.01;4.01;0.0;0.0
100405;560381;2018-05-25;FRC;J20;;;6;1100;373749206.0;;;4.06;4.06;4.06;4.06;4.06;4.06;0.0;0.0
100406;560382;2018-05-25;FRC;N20;;;10;1700;571386697.0;;;4.13;4.13;4.13;4.13;4.13;4.13;0.0;0.0
100407;560383;2018-05-25;FRC;V20;;;0;0;0.0;;;0.0;0.0;0.0;0.0;0.0;4.17;0.0;0.0
100408;560384;2018-05-25;FRC;F21;;;23;6800;2237568365.0;;;4.19;4.19;4.23;4.19;4.22;4.23;0.0;0.0
100409;560385;2018-05-25;FRC;J21;;;0;0;0.0;;;0.0;0.0;0.0;0.0;0.0;4.26;0.0;0.0
100410;560386;2018-05-25;FRC;N21;;;0;0;0.0;;;0.0;0.0;0.0;0.0;0.0;4.28;0.0;0.0
100411;560387;2018-05-25;FRC;V21;;;0;0;0.0;;;0.0;0.0;0.0;0.0;0.0;4.31;0.0;0.0
100412;560388;2018-05-25;FRC;F22;;;3;1180;372553873.0;;;4.33;4.33;4.33;4.33;4.33;4.36;0.0;0.0
100413;560389;2018-05-25;FRC;J22;;;0;0;0.0;;;0.0;0.0;0.0;0.0;0.0;4.4;0.0;0.0
100414;560390;2018-05-25;FRC;N22;;;0;0;0.0;;;0.0;0.0;0.0;0.0;0.0;4.42;0.0;0.0
100415;560391;2018-05-25;FRC;V22;;;0;0;0.0;;;0.0;0.0;0.0;0.0;0.0;4.43;0.0;0.0
100416;560392;2018-05-25;FRC;F23;;;8;2270;687336011.0;;;4.44;4.43;4.46;4.44;4.46;4.46;0.0;0.0
100417;560393;2018-05-25;FRC;J23;;;0;0;0.0;;;0.0;0.0;0.0;0.0;0.0;4.51;0.0;0.0
100418;560394;2018-05-25;FRC;N23;;;0;0;0.0;;;0.0;0.0;0.0;0.0;0.0;4.53;0.0;0.0
100419;560395;2018-05-25;FRC;F24;;;2;430;124583460.0;;;4.61;4.61;4.61;4.61;4.61;4.61;0.0;0.0
100420;560396;2018-05-25;FRC;N24;;;0;0;0.0;;;0.0;0.0;0.0;0.0;0.0;4.66;0.0;0.0
100421;560397;2018-05-25;FRC;F25;;;9;1040;288431188.0;;;4.76;4.75;4.77;4.76;4.77;4.77;0.0;0.0
100422;560398;2018-05-25;FRC;F26;;;0;0;0.0;;;0.0;0.0;0.0;0.0;0.0;4.92;0.0;0.0
100423;560399;2018-05-25;FRC;F27;;;0;0;0.0;;;0.0;0.0;0.0;0.0;0.0;5.05;0.0;0.0
100424;560400;2018-05-25;FRC;F28;;;0;0;0.0;;;0.0;0.0;0.0;0.0;0.0;5.21;0.0;0.0
100425;560401;2018-05-25;FRC;F29;;;0;0;0.0;;;0.0;0.0;0.0;0.0;0.0;5.37;0.0;0.0
100426;560402;2018-05-25;FRC;F30;;;0;0;0.0;;;0.0;0.0;0.0;0.0;0.0;5.43;0.0;0.0
100427;560575;2018-05-28;FRC;N18;;;0;0;0.0;;;0.0;0.0;0.0;0.0;0.0;2.74;0.0;0.0
100428;560576;2018-05-28;FRC;Q18;;;0;0;0.0;;;0.0;0.0;0.0;0.0;0.0;3.04;0.0;0.0
100429;560577;2018-05-28;FRC;U18;;;0;0;0.0;;;0.0;0.0;0.0;0.0;0.0;3.2;0.0;0.0
100430;560578;2018-05-28;FRC;V18;;;0;0;0.0;;;0.0;0.0;0.0;0.0;0.0;3.36;0.0;0.0
100431;560579;2018-05-28;FRC;X18;;;0;0;0.0;;;0.0;0.0;0.0;0.0;0.0;3.49;0.0;0.0
100432;560580;2018-05-28;FRC;Z18;;;0;0;0.0;;;0.0;0.0;0.0;0.0;0.0;3.51;0.0;0.0
100433;560581;2018-05-28;FRC;F19;;;0;0;0.0;;;0.0;0.0;0.0;0.0;0.0;3.62;0.0;0.0
100434;560582;2018-05-28;FRC;G19;;;0;0;0.0;;;0.0;0.0;0.0;0.0;0.0;3.74;0.0;0.0
100435;560583;2018-05-28;FRC;H19;;;0;0;0.0;;;0.0;0.0;0.0;0.0;0.0;3.83;0.0;0.0
100436;560584;2018-05-28;FRC;J19;;;0;0;0.0;;;0.0;0.0;0.0;0.0;0.0;3.84;0.0;0.0
100437;560585;2018-05-28;FRC;K19;;;0;0;0.0;;;0.0;0.0;0.0;0.0;0.0;3.87;0.0;0.0
100438;560586;2018-05-28;FRC;N19;;;0;0;0.0;;;0.0;0.0;0.0;0.0;0.0;3.93;0.0;0.0
100439;560587;2018-05-28;FRC;V19;;;0;0;0.0;;;0.0;0.0;0.0;0.0;0.0;4.01;0.0;0.0
100440;560588;2018-05-28;FRC;F20;;;0;0;0.0;;;0.0;0.0;0.0;0.0;0.0;4.11;0.0;0.0
100441;560589;2018-05-28;FRC;J20;;;0;0;0.0;;;0.0;0.0;0.0;0.0;0.0;4.16;0.0;0.0
100442;560590;2018-05-28;FRC;N20;;;0;0;0.0;;;0.0;0.0;0.0;0.0;0.0;4.23;0.0;0.0
100443;560591;2018-05-28;FRC;V20;;;0;0;0.0;;;0.0;0.0;0.0;0.0;0.0;4.27;0.0;0.0
100444;560592;2018-05-28;FRC;F21;;;0;0;0.0;;;0.0;0.0;0.0;0.0;0.0;4.34;0.0;0.0
100445;560593;2018-05-28;FRC;J21;;;0;0;0.0;;;0.0;0.0;0.0;0.0;0.0;4.37;0.0;0.0
100446;560594;2018-05-28;FRC;N21;;;0;0;0.0;;;0.0;0.0;0.0;0.0;0.0;4.39;0.0;0.0
100447;560595;2018-05-28;FRC;V21;;;0;0;0.0;;;0.0;0.0;0.0;0.0;0.0;4.42;0.0;0.0
100448;560596;2018-05-28;FRC;F22;;;0;0;0.0;;;0.0;0.0;0.0;0.0;0.0;4.45;0.0;0.0
100449;560597;2018-05-28;FRC;J22;;;0;0;0.0;;;0.0;0.0;0.0;0.0;0.0;4.49;0.0;0.0
100450;560598;2018-05-28;FRC;N22;;;0;0;0.0;;;0.0;0.0;0.0;0.0;0.0;4.5;0.0;0.0
100451;560599;2018-05-28;FRC;V22;;;0;0;0.0;;;0.0;0.0;0.0;0.0;0.0;4.5;0.0;0.0
100452;560600;2018-05-28;FRC;F23;;;0;0;0.0;;;0.0;0.0;0.0;0.0;0.0;4.55;0.0;0.0
100453;560601;2018-05-28;FRC;J23;;;0;0;0.0;;;0.0;0.0;0.0;0.0;0.0;4.6;0.0;0.0
100454;560602;2018-05-28;FRC;N23;;;0;0;0.0;;;0.0;0.0;0.0;0.0;0.0;4.62;0.0;0.0
100455;560603;2018-05-28;FRC;F24;;;0;0;0.0;;;0.0;0.0;0.0;0.0;0.0;4.71;0.0;0.0
100456;560604;2018-05-28;FRC;N24;;;0;0;0.0;;;0.0;0.0;0.0;0.0;0.0;4.76;0.0;0.0
100457;560605;2018-05-28;FRC;F25;;;0;0;0.0;;;0.0;0.0;0.0;0.0;0.0;4.87;0.0;0.0
100458;560606;2018-05-28;FRC;F26;;;0;0;0.0;;;0.0;0.0;0.0;0.0;0.0;5.01;0.0;0.0
100459;560607;2018-05-28;FRC;F27;;;0;0;0.0;;;0.0;0.0;0.0;0.0;0.0;5.13;0.0;0.0
100460;560608;2018-05-28;FRC;F28;;;0;0;0.0;;;0.0;0.0;0.0;0.0;0.0;5.29;0.0;0.0
100461;560609;2018-05-28;FRC;F29;;;0;0;0.0;;;0.0;0.0;0.0;0.0;0.0;5.45;0.0;0.0
100462;560610;2018-05-28;FRC;F30;;;0;0;0.0;;;0.0;0.0;0.0;0.0;0.0;5.51;0.0;0.0
100463;560784;2018-05-29;FRC;Q18;;;13;24548;4554205515.0;;;3.37;3.37;3.37;3.37;3.37;3.37;0.0;0.0
100464;560785;2018-05-29;FRC;U18;;;45;40159;7438646789.0;;;3.42;3.36;3.42;3.4;3.42;3.42;0.0;0.0
100465;560786;2018-05-29;FRC;V18;;;35;31442;5814974127.0;;;3.56;3.53;3.56;3.53;3.54;3.54;0.0;0.0
100466;560787;2018-05-29;FRC;X18;;;0;0;0.0;;;0.0;0.0;0.0;0.0;0.0;3.65;0.0;0.0
100467;560788;2018-05-29;FRC;Z18;;;14;10714;1974895113.0;;;3.64;3.63;3.64;3.63;3.64;3.64;0.0;0.0
100468;560789;2018-05-29;FRC;F19;;;41;65419;12037474447.0;;;3.76;3.72;3.76;3.72;3.72;3.72;0.0;3.72
100469;560790;2018-05-29;FRC;G19;;;12;6529;1199035243.0;;;3.85;3.85;3.85;3.85;3.85;3.85;0.0;0.0
100470;560791;2018-05-29;FRC;H19;;;0;0;0.0;;;0.0;0.0;0.0;0.0;0.0;3.93;0.0;0.0
100471;560792;2018-05-29;FRC;J19;;;17;38358;7020362977.0;;;3.96;3.92;3.96;3.92;3.92;3.92;0.0;3.92
100472;560793;2018-05-29;FRC;K19;;;2;1968;359504194.0;;;3.98;3.94;3.98;3.97;3.94;3.94;0.0;0.0
100473;560794;2018-05-29;FRC;N19;;;20;40655;7401995993.0;;;4.02;3.97;4.02;3.99;3.99;3.99;0.0;0.0
100474;560795;2018-05-29;FRC;V19;;;3;7493;1357029408.0;;;4.09;4.04;4.09;4.04;4.04;4.06;0.0;0.0
100475;560796;2018-05-29;FRC;F20;;;16;24507;4412190759.0;;;4.18;4.15;4.18;4.15;4.15;4.15;0.0;0.0
100476;560797;2018-05-29;FRC;J20;;;6;15986;2862456398.0;;;4.21;4.2;4.21;4.2;4.2;4.19;0.0;0.0
100477;560798;2018-05-29;FRC;N20;;;2;8835;1573178234.0;;;4.25;4.25;4.25;4.25;4.25;4.24;0.0;0.0
100478;560799;2018-05-29;FRC;V20;;;2;4203;744109735.0;;;4.3;4.3;4.3;4.3;4.3;4.28;0.0;0.0
100479;560800;2018-05-29;FRC;F21;;;11;5530;973422656.0;;;4.4;4.33;4.4;4.33;4.33;4.33;0.0;0.0
100480;560801;2018-05-29;FRC;J21;;;4;756;132378947.0;;;4.35;4.35;4.35;4.35;4.35;4.35;0.0;0.0
100481;560802;2018-05-29;FRC;N21;;;0;0;0.0;;;0.0;0.0;0.0;0.0;0.0;4.37;0.0;0.0
100482;560803;2018-05-29;FRC;V21;;;0;0;0.0;;;0.0;0.0;0.0;0.0;0.0;4.39;0.0;0.0
100483;560804;2018-05-29;FRC;F22;;;10;3669;631406897.0;;;4.48;4.42;4.48;4.45;4.42;4.42;0.0;0.0
100484;560805;2018-05-29;FRC;J22;;;1;186;31871054.0;;;4.43;4.43;4.43;4.43;4.43;4.43;0.0;0.0
100485;560806;2018-05-29;FRC;N22;;;0;0;0.0;;;0.0;0.0;0.0;0.0;0.0;4.46;0.0;0.0
100486;560807;2018-05-29;FRC;V22;;;3;552;93520843.0;;;4.47;4.47;4.47;4.47;4.47;4.47;0.0;0.0
100487;560808;2018-05-29;FRC;F23;;;27;20456;3442523513.0;;;4.57;4.45;4.57;4.54;4.48;4.45;0.0;0.0
100488;560809;2018-05-29;FRC;J23;;;0;0;0.0;;;0.0;0.0;0.0;0.0;0.0;4.5;0.0;0.0
100489;560810;2018-05-29;FRC;N23;;;0;0;0.0;;;0.0;0.0;0.0;0.0;0.0;4.53;0.0;0.0
100490;560811;2018-05-29;FRC;F24;;;8;12763;2096522808.0;;;4.73;4.64;4.73;4.68;4.66;4.63;0.0;0.0
100491;560812;2018-05-29;FRC;N24;;;0;0;0.0;;;0.0;0.0;0.0;0.0;0.0;4.69;0.0;0.0
100492;560813;2018-05-29;FRC;F25;;;22;13694;2193229928.0;;;4.93;4.77;4.93;4.84;4.77;4.81;4.75;0.0
100493;560814;2018-05-29;FRC;F26;;;0;0;0.0;;;0.0;0.0;0.0;0.0;0.0;4.94;0.0;0.0
100494;560815;2018-05-29;FRC;F27;;;2;423;64285117.0;;;5.15;5.15;5.15;5.15;5.15;5.06;0.0;0.0
100495;560816;2018-05-29;FRC;F28;;;0;0;0.0;;;0.0;0.0;0.0;0.0;0.0;5.22;0.0;0.0
100496;560817;2018-05-29;FRC;F29;;;0;0;0.0;;;0.0;0.0;0.0;0.0;0.0;5.38;0.0;0.0
100497;560818;2018-05-29;FRC;F30;;;0;0;0.0;;;0.0;0.0;0.0;0.0;0.0;5.44;0.0;0.0
100498;560992;2018-05-30;FRC;Q18;;;18;10086;1874240150.0;;;3.37;3.37;3.45;3.44;3.4;3.45;0.0;3.48
100499;560993;2018-05-30;FRC;U18;;;26;21035;3902603499.0;;;3.42;3.41;3.48;3.46;3.48;3.48;0.0;0.0
100500;560994;2018-05-30;FRC;V18;;;19;12838;2378047717.0;;;3.55;3.55;3.7;3.6;3.58;3.6;3.58;0.0
100501;560995;2018-05-30;FRC;X18;;;14;5450;1007727532.0;;;3.7;3.7;3.73;3.72;3.73;3.73;0.0;0.0
100502;560996;2018-05-30;FRC;Z18;;;4;6150;1135371217.0;;;3.72;3.7;3.72;3.7;3.7;3.72;0.0;0.0
100503;560997;2018-05-30;FRC;F19;;;27;15236;2807928350.0;;;3.72;3.72;3.79;3.76;3.79;3.79;0.0;0.0
100504;560998;2018-05-30;FRC;G19;;;7;1583;291151939.0;;;3.91;3.91;3.91;3.91;3.91;3.91;0.0;0.0
100505;560999;2018-05-30;FRC;H19;;;0;0;0.0;;;0.0;0.0;0.0;0.0;0.0;4.0;0.0;0.0
100506;561000;2018-05-30;FRC;J19;;;19;10639;1949856201.0;;;4.0;4.0;4.0;4.0;4.0;4.0;0.0;0.0
100507;561001;2018-05-30;FRC;K19;;;2;590;107934477.0;;;4.03;4.03;4.03;4.03;4.03;4.03;0.0;0.0
100508;561002;2018-05-30;FRC;N19;;;8;2744;500205737.0;;;4.08;4.08;4.08;4.08;4.08;4.08;0.0;0.0
100509;561003;2018-05-30;FRC;V19;;;10;2535;459615453.0;;;4.13;4.13;4.13;4.13;4.13;4.13;0.0;0.0
100510;561004;2018-05-30;FRC;F20;;;30;51969;9368813967.0;;;4.15;4.15;4.23;4.19;4.21;4.21;0.0;0.0
100511;561005;2018-05-30;FRC;J20;;;12;28751;5153742814.0;;;4.27;4.27;4.27;4.27;4.27;4.27;0.0;0.0
100512;561006;2018-05-30;FRC;N20;;;12;9909;1767095285.0;;;4.25;4.25;4.34;4.26;4.34;4.34;0.0;0.0
100513;561007;2018-05-30;FRC;V20;;;4;955;169180515.0;;;4.4;4.4;4.4;4.4;4.4;4.4;0.0;4.39
100514;561008;2018-05-30;FRC;F21;;;18;18900;3329990991.0;;;4.36;4.36;4.4;4.39;4.4;4.4;0.0;0.0
100515;561009;2018-05-30;FRC;J21;;;8;1890;331217362.0;;;4.42;4.42;4.42;4.42;4.42;4.42;0.0;0.0
100516;561010;2018-05-30;FRC;N21;;;2;376;65519189.0;;;4.45;4.45;4.45;4.45;4.45;4.45;0.0;0.0
100517;561011;2018-05-30;FRC;V21;;;0;0;0.0;;;0.0;0.0;0.0;0.0;0.0;4.47;0.0;0.0
100518;561012;2018-05-30;FRC;F22;;;30;15953;2747625061.0;;;4.51;4.51;4.51;4.51;4.51;4.51;0.0;0.0
100519;561013;2018-05-30;FRC;J22;;;0;0;0.0;;;0.0;0.0;0.0;0.0;0.0;4.52;0.0;0.0
100520;561014;2018-05-30;FRC;N22;;;2;276;46995997.0;;;4.56;4.56;4.56;4.56;4.56;4.56;0.0;0.0
100521;561015;2018-05-30;FRC;V22;;;0;0;0.0;;;0.0;0.0;0.0;0.0;0.0;4.61;0.0;0.0
100522;561016;2018-05-30;FRC;F23;;;33;12649;2131131669.0;;;4.49;4.49;4.62;4.56;4.62;4.62;0.0;0.0
100523;561017;2018-05-30;FRC;J23;;;0;0;0.0;;;0.0;0.0;0.0;0.0;0.0;4.65;0.0;0.0
100524;561018;2018-05-30;FRC;N23;;;6;1267;210977066.0;;;4.58;4.58;4.66;4.62;4.66;4.66;0.0;0.0
100525;561019;2018-05-30;FRC;F24;;;7;12552;2062602817.0;;;4.63;4.63;4.8;4.73;4.75;4.75;0.0;0.0
100526;561020;2018-05-30;FRC;N24;;;1;177;28720479.0;;;4.81;4.81;4.81;4.81;4.81;4.81;0.0;0.0
100527;561021;2018-05-30;FRC;F25;;;31;16892;2706294633.0;;;4.81;4.81;4.98;4.89;4.98;4.98;0.0;0.0
100528;561022;2018-05-30;FRC;F26;;;3;447;69623528.0;;;5.11;5.11;5.11;5.11;5.11;5.11;0.0;0.0
100529;561023;2018-05-30;FRC;F27;;;3;490;74392327.0;;;5.23;5.23;5.23;5.23;5.23;5.23;0.0;0.0
100530;561024;2018-05-30;FRC;F28;;;0;0;0.0;;;0.0;0.0;0.0;0.0;0.0;5.39;0.0;0.0
100531;561025;2018-05-30;FRC;F29;;;2;130;18658225.0;;;5.55;5.55;5.55;5.55;5.55;5.55;0.0;0.0
100532;561026;2018-05-30;FRC;F30;;;2;80;11205731.0;;;5.61;5.61;5.61;5.61;5.61;5.61;0.0;0.0
100533;561214;2018-06-01;FRC;Q18;;;9;16196;3025975608.0;;;3.45;3.36;3.45;3.36;3.36;3.36;0.0;0.0
100534;561215;2018-06-01;FRC;U18;;;16;9170;1710492468.0;;;3.48;3.43;3.48;3.43;3.43;3.43;0.0;0.0
100535;561216;2018-06-01;FRC;V18;;;19;24573;4576659580.0;;;3.6;3.55;3.6;3.55;3.55;3.55;0.0;3.55
100536;561217;2018-06-01;FRC;X18;;;4;49750;9248897262.0;;;3.73;3.7;3.73;3.7;3.7;3.69;0.0;0.0
100537;561218;2018-06-01;FRC;Z18;;;25;107947;20035517708.0;;;3.7;3.69;3.72;3.69;3.7;3.7;0.0;0.0
100538;561219;2018-06-01;FRC;F19;;;31;64800;12006407660.0;;;3.79;3.75;3.79;3.77;3.77;3.77;0.0;3.8
100539;561220;2018-06-01;FRC;G19;;;2;277;51222024.0;;;3.91;3.9;3.91;3.9;3.9;3.9;0.0;0.0
100540;561221;2018-06-01;FRC;H19;;;0;0;0.0;;;0.0;0.0;0.0;0.0;0.0;3.99;0.0;4.0
100541;561222;2018-06-01;FRC;J19;;;20;9535;1756911907.0;;;4.0;4.0;4.0;4.0;4.0;4.0;0.0;0.0
100542;561223;2018-06-01;FRC;K19;;;0;0;0.0;;;0.0;0.0;0.0;0.0;0.0;4.03;0.0;0.0
100543;561224;2018-06-01;FRC;M19;;;0;0;0.0;;;0.0;0.0;0.0;0.0;0.0;4.07;0.0;0.0
100544;561225;2018-06-01;FRC;N19;;;9;18564;3402073289.0;;;4.08;4.08;4.09;4.08;4.09;4.09;0.0;0.0
100545;561226;2018-06-01;FRC;V19;;;10;14294;2605125390.0;;;4.13;4.12;4.16;4.15;4.16;4.15;0.0;0.0
100546;561227;2018-06-01;FRC;F20;;;24;30022;5439686512.0;;;4.21;4.2;4.25;4.23;4.25;4.24;0.0;0.0
100547;561228;2018-06-01;FRC;J20;;;3;309;55691026.0;;;4.27;4.24;4.28;4.26;4.28;4.3;0.0;0.0
100548;561229;2018-06-01;FRC;N20;;;8;1574;281912112.0;;;4.34;4.34;4.38;4.37;4.38;4.38;4.35;0.0
100549;561230;2018-06-01;FRC;V20;;;6;1202;214034000.0;;;4.4;4.4;4.42;4.41;4.4;4.42;4.4;0.0
100550;561231;2018-06-01;FRC;F21;;;26;21093;3734166792.0;;;4.4;4.39;4.45;4.44;4.44;4.45;0.0;0.0
100551;561232;2018-06-01;FRC;J21;;;1;945;166541439.0;;;4.4;4.4;4.4;4.4;4.4;4.47;0.0;0.0
100552;561233;2018-06-01;FRC;N21;;;1;188;32917699.0;;;4.49;4.49;4.49;4.49;4.49;4.49;0.0;0.0
100553;561234;2018-06-01;FRC;V21;;;0;0;0.0;;;0.0;0.0;0.0;0.0;0.0;4.52;0.0;0.0
100554;561235;2018-06-01;FRC;F22;;;9;1935;334806680.0;;;4.51;4.51;4.57;4.55;4.57;4.57;0.0;0.0
100555;561236;2018-06-01;FRC;J22;;;0;0;0.0;;;0.0;0.0;0.0;0.0;0.0;4.58;0.0;0.0
100556;561237;2018-06-01;FRC;N22;;;0;0;0.0;;;0.0;0.0;0.0;0.0;0.0;4.63;0.0;0.0
100557;561238;2018-06-01;FRC;V22;;;0;0;0.0;;;0.0;0.0;0.0;0.0;0.0;4.69;0.0;0.0
100558;561239;2018-06-01;FRC;F23;;;19;3751;633639527.0;;;4.62;4.62;4.7;4.68;4.7;4.7;0.0;0.0
100559;561240;2018-06-01;FRC;J23;;;0;0;0.0;;;0.0;0.0;0.0;0.0;0.0;4.74;0.0;0.0
100560;561241;2018-06-01;FRC;N23;;;0;0;0.0;;;0.0;0.0;0.0;0.0;0.0;4.76;0.0;0.0
100561;561242;2018-06-01;FRC;F24;;;10;3291;542254592.0;;;4.75;4.75;4.86;4.85;4.85;4.86;0.0;0.0
100562;561243;2018-06-01;FRC;N24;;;3;531;86439268.0;;;4.9;4.9;4.9;4.9;4.9;4.9;0.0;0.0
100563;561244;2018-06-01;FRC;F25;;;1;158;25391817.0;;;4.98;4.98;4.98;4.98;4.98;5.06;5.02;5.08
100564;561245;2018-06-01;FRC;F26;;;2;893;139538037.0;;;5.18;5.18;5.18;5.18;5.18;5.18;0.0;0.0
100565;561246;2018-06-01;FRC;F27;;;2;859;130636536.0;;;5.23;5.23;5.33;5.32;5.33;5.3;0.0;0.0
100566;561247;2018-06-01;FRC;F28;;;0;0;0.0;;;0.0;0.0;0.0;0.0;0.0;5.46;0.0;0.0
100567;561248;2018-06-01;FRC;F29;;;0;0;0.0;;;0.0;0.0;0.0;0.0;0.0;5.62;0.0;0.0
100568;561249;2018-06-01;FRC;F30;;;0;0;0.0;;;0.0;0.0;0.0;0.0;0.0;5.68;0.0;0.0
100569;561422;2018-06-04;FRC;Q18;;;37;63514;11828179297.0;;;3.33;3.25;3.34;3.26;3.25;3.25;3.2;3.25
100570;561423;2018-06-04;FRC;U18;;;24;69597;12940248114.0;;;3.4;3.34;3.4;3.35;3.34;3.34;3.34;3.36
100571;561424;2018-06-04;FRC;V18;;;22;26108;4847094523.0;;;3.47;3.47;3.47;3.47;3.47;3.47;3.47;3.49
100572;561425;2018-06-04;FRC;X18;;;7;13120;2431213468.0;;;3.67;3.65;3.67;3.66;3.65;3.65;0.0;0.0
100573;561426;2018-06-04;FRC;Z18;;;21;16863;3119905258.0;;;3.67;3.64;3.67;3.64;3.64;3.64;0.0;0.0
100574;561427;2018-06-04;FRC;F19;;;28;21259;3926386650.0;;;3.74;3.73;3.77;3.73;3.73;3.73;3.73;3.77
100575;561428;2018-06-04;FRC;G19;;;4;990;182495934.0;;;3.85;3.85;3.85;3.85;3.85;3.85;0.0;0.0
100576;561429;2018-06-04;FRC;H19;;;0;0;0.0;;;0.0;0.0;0.0;0.0;0.0;3.94;0.0;0.0
100577;561430;2018-06-04;FRC;J19;;;28;20412;3749309741.0;;;3.96;3.96;3.96;3.96;3.96;3.96;3.96;0.0
100578;561431;2018-06-04;FRC;K19;;;1;393;72055281.0;;;3.99;3.99;3.99;3.99;3.99;3.99;3.99;0.0
100579;561432;2018-06-04;FRC;M19;;;0;0;0.0;;;0.0;0.0;0.0;0.0;0.0;4.03;0.0;0.0
100580;561433;2018-06-04;FRC;N19;;;12;4704;859360577.0;;;4.05;4.05;4.07;4.05;4.07;4.05;0.0;0.0
100581;561434;2018-06-04;FRC;V19;;;6;1755;318851435.0;;;4.13;4.13;4.13;4.13;4.13;4.13;0.0;0.0
100582;561435;2018-06-04;FRC;F20;;;16;5529;998641495.0;;;4.22;4.22;4.23;4.22;4.22;4.22;0.0;0.0
100583;561436;2018-06-04;FRC;J20;;;7;1351;242632951.0;;;4.29;4.29;4.29;4.29;4.29;4.29;0.0;0.0
100584;561437;2018-06-04;FRC;N20;;;3;960;171396515.0;;;4.37;4.36;4.37;4.36;4.36;4.37;4.35;4.37
100585;561438;2018-06-04;FRC;V20;;;1;19;3371599.0;;;4.41;4.41;4.41;4.41;4.41;4.41;4.39;4.41
100586;561439;2018-06-04;FRC;F21;;;24;18948;3343367849.0;;;4.45;4.42;4.45;4.44;4.44;4.44;0.0;0.0
100587;561440;2018-06-04;FRC;J21;;;6;1890;331731789.0;;;4.46;4.46;4.46;4.46;4.46;4.46;0.0;0.0
100588;561441;2018-06-04;FRC;N21;;;0;0;0.0;;;0.0;0.0;0.0;0.0;0.0;4.48;0.0;0.0
100589;561442;2018-06-04;FRC;V21;;;0;0;0.0;;;0.0;0.0;0.0;0.0;0.0;4.51;0.0;0.0
100590;561443;2018-06-04;FRC;F22;;;8;4892;843347902.0;;;4.58;4.57;4.58;4.57;4.57;4.57;0.0;0.0
100591;561444;2018-06-04;FRC;J22;;;0;0;0.0;;;0.0;0.0;0.0;0.0;0.0;4.58;0.0;0.0
100592;561445;2018-06-04;FRC;N22;;;0;0;0.0;;;0.0;0.0;0.0;0.0;0.0;4.63;0.0;0.0
100593;561446;2018-06-04;FRC;V22;;;0;0;0.0;;;0.0;0.0;0.0;0.0;0.0;4.7;0.0;0.0
100594;561447;2018-06-04;FRC;F23;;;10;3316;558200025.0;;;4.7;4.7;4.71;4.7;4.71;4.71;0.0;0.0
100595;561448;2018-06-04;FRC;J23;;;0;0;0.0;;;0.0;0.0;0.0;0.0;0.0;4.75;0.0;0.0
100596;561449;2018-06-04;FRC;N23;;;0;0;0.0;;;0.0;0.0;0.0;0.0;0.0;4.77;0.0;0.0
100597;561450;2018-06-04;FRC;F24;;;7;2504;411192475.0;;;4.84;4.84;4.89;4.85;4.89;4.89;0.0;0.0
100598;561451;2018-06-04;FRC;N24;;;0;0;0.0;;;0.0;0.0;0.0;0.0;0.0;4.93;0.0;0.0
100599;561452;2018-06-04;FRC;F25;;;3;1051;168114495.0;;;5.02;5.02;5.02;5.02;5.02;5.09;5.03;5.06
100600;561453;2018-06-04;FRC;F26;;;2;3557;554494947.0;;;5.15;5.15;5.15;5.15;5.15;5.21;0.0;0.0
100601;561454;2018-06-04;FRC;F27;;;2;3372;511661830.0;;;5.3;5.3;5.3;5.3;5.3;5.34;0.0;0.0
100602;561455;2018-06-04;FRC;F28;;;0;0;0.0;;;0.0;0.0;0.0;0.0;0.0;5.5;0.0;0.0
100603;561456;2018-06-04;FRC;F29;;;0;0;0.0;;;0.0;0.0;0.0;0.0;0.0;5.66;0.0;0.0
100604;561457;2018-06-04;FRC;F30;;;0;0;0.0;;;0.0;0.0;0.0;0.0;0.0;5.72;0.0;0.0
100605;561629;2018-06-05;FRC;Q18;;;51;43619;8190808541.0;;;3.26;3.26;3.4;3.32;3.35;3.35;0.0;3.38
100606;561630;2018-06-05;FRC;U18;;;22;9766;1830867702.0;;;3.45;3.4;3.45;3.42;3.42;3.42;3.42;0.0
100607;561631;2018-06-05;FRC;V18;;;50;56551;10585536531.0;;;3.55;3.55;3.57;3.55;3.56;3.57;3.55;0.0
100608;561632;2018-06-05;FRC;X18;;;4;1589;296866180.0;;;3.75;3.75;3.75;3.75;3.75;3.75;0.0;3.75
100609;561633;2018-06-05;FRC;Z18;;;9;1863;347491329.0;;;3.64;3.64;3.74;3.73;3.74;3.74;3.67;0.0
100610;561634;2018-06-05;FRC;F19;;;47;31092;5789349772.0;;;3.77;3.77;3.84;3.8;3.81;3.81;3.81;3.85
100611;561635;2018-06-05;FRC;G19;;;3;1582;294034679.0;;;3.89;3.88;3.89;3.88;3.88;3.94;0.0;0.0
100612;561636;2018-06-05;FRC;H19;;;1;197;36538118.0;;;4.04;4.04;4.04;4.04;4.04;4.04;0.0;0.0
100613;561637;2018-06-05;FRC;J19;;;22;49671;9197599505.0;;;4.0;4.0;4.05;4.02;4.05;4.04;4.03;0.0
100614;561638;2018-06-05;FRC;K19;;;1;197;36406674.0;;;4.1;4.1;4.1;4.1;4.1;4.1;0.0;0.0
100615;561639;2018-06-05;FRC;M19;;;0;0;0.0;;;0.0;0.0;0.0;0.0;0.0;4.13;0.0;0.0
100616;561640;2018-06-05;FRC;N19;;;9;5880;1082699133.0;;;4.15;4.15;4.15;4.15;4.15;4.15;4.14;0.0
100617;561641;2018-06-05;FRC;V19;;;0;0;0.0;;;0.0;0.0;0.0;0.0;0.0;4.23;4.22;0.0
100618;561642;2018-06-05;FRC;F20;;;58;12693;2310515461.0;;;4.25;4.25;4.31;4.29;4.31;4.31;0.0;0.0
100619;561643;2018-06-05;FRC;J20;;;0;0;0.0;;;0.0;0.0;0.0;0.0;0.0;4.38;0.0;0.0
100620;561644;2018-06-05;FRC;N20;;;11;2303;414268711.0;;;4.45;4.45;4.45;4.45;4.45;4.45;4.45;0.0
100621;561645;2018-06-05;FRC;V20;;;0;0;0.0;;;0.0;0.0;0.0;0.0;0.0;4.49;4.46;4.5
100622;561646;2018-06-05;FRC;F21;;;54;6093;1083339477.0;;;4.47;4.46;4.53;4.5;4.53;4.53;0.0;0.0
100623;561647;2018-06-05;FRC;J21;;;1;189;33413816.0;;;4.55;4.55;4.55;4.55;4.55;4.55;0.0;0.0
100624;561648;2018-06-05;FRC;N21;;;8;2256;396745312.0;;;4.54;4.54;4.54;4.54;4.54;4.54;0.0;0.0
100625;561649;2018-06-05;FRC;V21;;;0;0;0.0;;;0.0;0.0;0.0;0.0;0.0;4.56;0.0;0.0
100626;561650;2018-06-05;FRC;F22;;;12;1953;339394929.0;;;4.58;4.58;4.6;4.59;4.6;4.6;0.0;0.0
100627;561651;2018-06-05;FRC;J22;;;0;0;0.0;;;0.0;0.0;0.0;0.0;0.0;4.6;0.0;0.0
100628;561652;2018-06-05;FRC;N22;;;0;0;0.0;;;0.0;0.0;0.0;0.0;0.0;4.64;0.0;0.0
100629;561653;2018-06-05;FRC;V22;;;6;1831;312575529.0;;;4.69;4.69;4.69;4.69;4.69;4.69;0.0;0.0
100630;561654;2018-06-05;FRC;F23;;;22;6445;1093356604.0;;;4.75;4.73;4.75;4.73;4.73;4.73;0.0;0.0
100631;561655;2018-06-05;FRC;J23;;;0;0;0.0;;;0.0;0.0;0.0;0.0;0.0;4.77;0.0;0.0
100632;561656;2018-06-05;FRC;N23;;;0;0;0.0;;;0.0;0.0;0.0;0.0;0.0;4.79;0.0;0.0
100633;561657;2018-06-05;FRC;F24;;;5;1430;236631125.0;;;4.88;4.88;4.9;4.88;4.9;4.9;0.0;0.0
100634;561658;2018-06-05;FRC;N24;;;1;177;28911340.0;;;4.97;4.97;4.97;4.97;4.97;4.97;0.0;0.0
100635;561659;2018-06-05;FRC;F25;;;3;525;84479533.0;;;5.11;5.11;5.11;5.11;5.11;5.11;0.0;0.0
100636;561660;2018-06-05;FRC;F26;;;0;0;0.0;;;0.0;0.0;0.0;0.0;0.0;5.23;0.0;0.0
100637;561661;2018-06-05;FRC;F27;;;0;0;0.0;;;0.0;0.0;0.0;0.0;0.0;5.37;0.0;0.0
100638;561662;2018-06-05;FRC;F28;;;0;0;0.0;;;0.0;0.0;0.0;0.0;0.0;5.53;0.0;0.0
100639;561663;2018-06-05;FRC;F29;;;0;0;0.0;;;0.0;0.0;0.0;0.0;0.0;5.69;0.0;0.0
100640;561664;2018-06-05;FRC;F30;;;0;0;0.0;;;0.0;0.0;0.0;0.0;0.0;5.75;0.0;0.0
100641;561836;2018-06-06;FRC;Q18;;;20;34831;6591029532.0;;;3.39;3.27;3.39;3.34;3.27;3.3;3.27;3.3
100642;561837;2018-06-06;FRC;U18;;;18;15414;2912227919.0;;;3.47;3.37;3.47;3.37;3.38;3.37;3.33;3.38
100643;561838;2018-06-06;FRC;V18;;;22;32475;6126038897.0;;;3.6;3.52;3.6;3.53;3.54;3.52;3.52;3.54
100644;561839;2018-06-06;FRC;X18;;;11;8231;1549775697.0;;;3.71;3.71;3.73;3.71;3.73;3.71;3.71;0.0
100645;561840;2018-06-06;FRC;Z18;;;25;54724;10286218342.0;;;3.76;3.71;3.77;3.73;3.75;3.71;3.72;0.0
100646;561841;2018-06-06;FRC;F19;;;21;19846;3723964101.0;;;3.8;3.8;3.8;3.8;3.8;3.8;3.8;3.86
100647;561842;2018-06-06;FRC;G19;;;0;0;0.0;;;0.0;0.0;0.0;0.0;0.0;3.93;3.9;0.0
100648;561843;2018-06-06;FRC;H19;;;7;2367;442434603.0;;;4.03;4.03;4.04;4.03;4.04;4.03;0.0;0.0
100649;561844;2018-06-06;FRC;J19;;;21;31223;5825421311.0;;;4.07;4.04;4.09;4.06;4.09;4.04;0.0;0.0
100650;561845;2018-06-06;FRC;K19;;;18;8379;1560569798.0;;;4.15;4.07;4.15;4.07;4.1;4.07;4.07;0.0
100651;561846;2018-06-06;FRC;M19;;;2;392;72860433.0;;;4.12;4.12;4.12;4.12;4.12;4.12;0.0;0.0
100652;561847;2018-06-06;FRC;N19;;;35;14699;2727310106.0;;;4.18;4.14;4.25;4.16;4.17;4.14;0.0;0.0
100653;561848;2018-06-06;FRC;V19;;;0;0;0.0;;;0.0;0.0;0.0;0.0;0.0;4.23;0.0;0.0
100654;561849;2018-06-06;FRC;F20;;;24;14575;2672932235.0;;;4.34;4.32;4.34;4.32;4.34;4.32;0.0;0.0
100655;561850;2018-06-06;FRC;J20;;;4;772;140772766.0;;;4.39;4.39;4.39;4.39;4.39;4.39;0.0;0.0
100656;561851;2018-06-06;FRC;N20;;;14;7478;1355495952.0;;;4.45;4.45;4.45;4.45;4.45;4.45;0.0;0.0
100657;561852;2018-06-06;FRC;V20;;;2;381;68646591.0;;;4.5;4.5;4.5;4.5;4.5;4.5;0.0;0.0
100658;561853;2018-06-06;FRC;F21;;;30;15572;2788613293.0;;;4.53;4.5;4.56;4.54;4.5;4.55;0.0;0.0
100659;561854;2018-06-06;FRC;J21;;;7;1228;218746006.0;;;4.56;4.56;4.56;4.56;4.56;4.56;0.0;0.0
100660;561855;2018-06-06;FRC;N21;;;3;564;99939582.0;;;4.55;4.55;4.55;4.55;4.55;4.55;0.0;0.0
100661;561856;2018-06-06;FRC;V21;;;2;374;65863899.0;;;4.6;4.6;4.6;4.6;4.6;4.6;0.0;0.0
100662;561857;2018-06-06;FRC;F22;;;11;6524;1141550388.0;;;4.63;4.62;4.66;4.65;4.66;4.66;4.63;4.66
100663;561858;2018-06-06;FRC;J22;;;2;370;64382460.0;;;4.67;4.67;4.67;4.67;4.67;4.67;0.0;0.0
100664;561859;2018-06-06;FRC;N22;;;2;368;63651899.0;;;4.7;4.7;4.7;4.7;4.7;4.7;0.0;0.0
100665;561860;2018-06-06;FRC;V22;;;2;366;62903394.0;;;4.74;4.74;4.74;4.74;4.74;4.74;0.0;0.0
100666;561861;2018-06-06;FRC;F23;;;19;6374;1089527455.0;;;4.74;4.74;4.74;4.74;4.74;4.74;0.0;0.0
100667;561862;2018-06-06;FRC;J23;;;0;0;0.0;;;0.0;0.0;0.0;0.0;0.0;4.79;0.0;0.0
100668;561863;2018-06-06;FRC;N23;;;0;0;0.0;;;0.0;0.0;0.0;0.0;0.0;4.82;0.0;0.0
100669;561864;2018-06-06;FRC;F24;;;3;1072;178661166.0;;;4.91;4.9;4.91;4.9;4.9;4.95;4.88;0.0
100670;561865;2018-06-06;FRC;N24;;;0;0;0.0;;;0.0;0.0;0.0;0.0;0.0;4.97;0.0;0.0
100671;561866;2018-06-06;FRC;F25;;;10;1925;312538212.0;;;5.06;5.06;5.06;5.06;5.06;5.06;5.07;5.11
100672;561867;2018-06-06;FRC;F26;;;5;687;108609388.0;;;5.25;5.21;5.25;5.21;5.21;5.21;0.0;0.0
100673;561868;2018-06-06;FRC;F27;;;3;336;51642596.0;;;5.39;5.37;5.39;5.38;5.37;5.37;0.0;0.0
100674;561869;2018-06-06;FRC;F28;;;0;0;0.0;;;0.0;0.0;0.0;0.0;0.0;5.53;0.0;0.0
100675;561870;2018-06-06;FRC;F29;;;0;0;0.0;;;0.0;0.0;0.0;0.0;0.0;5.69;0.0;0.0
100676;561871;2018-06-06;FRC;F30;;;0;0;0.0;;;0.0;0.0;0.0;0.0;0.0;5.75;0.0;0.0
100677;562043;2018-06-07;FRC;Q18;;;24;28344;5455637537.0;;;3.4;3.33;3.42;3.33;3.33;3.33;0.0;3.35
100678;562044;2018-06-07;FRC;U18;;;16;16311;3134490354.0;;;3.37;3.37;3.47;3.4;3.41;3.41;0.0;0.0
100679;562045;2018-06-07;FRC;V18;;;19;25684;4927776857.0;;;3.63;3.54;3.65;3.58;3.54;3.54;0.0;3.58
100680;562046;2018-06-07;FRC;X18;;;14;8048;1541253650.0;;;3.74;3.74;3.74;3.74;3.74;3.74;0.0;0.0
100681;562047;2018-06-07;FRC;Z18;;;19;22616;4323512927.0;;;3.87;3.77;3.87;3.78;3.77;3.77;0.0;0.0
100682;562048;2018-06-07;FRC;F19;;;66;48459;9246685717.0;;;3.9;3.86;3.98;3.89;3.86;3.86;0.0;3.9
100683;562049;2018-06-07;FRC;G19;;;4;1779;338831184.0;;;3.97;3.97;3.97;3.97;3.97;3.97;0.0;0.0
100684;562050;2018-06-07;FRC;H19;;;5;2565;487579172.0;;;4.09;4.09;4.09;4.09;4.09;4.09;0.0;0.0
100685;562051;2018-06-07;FRC;J19;;;37;31932;6058973305.0;;;4.1;4.1;4.12;4.1;4.1;4.1;4.1;0.0
100686;562052;2018-06-07;FRC;K19;;;26;5780;1094628518.0;;;4.15;4.14;4.2;4.15;4.14;4.14;0.0;0.0
100687;562053;2018-06-07;FRC;M19;;;15;16087;3040411583.0;;;4.18;4.18;4.2;4.19;4.18;4.18;0.0;0.0
100688;562054;2018-06-07;FRC;N19;;;30;14149;2669660489.0;;;4.22;4.2;4.25;4.21;4.21;4.21;0.0;0.0
100689;562055;2018-06-07;FRC;V19;;;8;2145;402389347.0;;;4.3;4.3;4.3;4.3;4.3;4.3;0.0;0.0
100690;562056;2018-06-07;FRC;F20;;;31;16116;3005065718.0;;;4.41;4.38;4.46;4.38;4.38;4.38;0.0;0.0
100691;562057;2018-06-07;FRC;J20;;;4;964;178704759.0;;;4.45;4.45;4.45;4.45;4.45;4.45;0.0;0.0
100692;562058;2018-06-07;FRC;N20;;;9;2493;459441835.0;;;4.5;4.5;4.5;4.5;4.5;4.5;0.0;0.0
100693;562059;2018-06-07;FRC;V20;;;5;1336;244773972.0;;;4.54;4.54;4.54;4.54;4.54;4.54;0.0;0.0
100694;562060;2018-06-07;FRC;F21;;;74;24672;4491577532.0;;;4.55;4.55;4.66;4.59;4.6;4.6;0.0;0.0
100695;562061;2018-06-07;FRC;J21;;;10;2247;406870738.0;;;4.61;4.61;4.61;4.61;4.61;4.61;0.0;0.0
100696;562062;2018-06-07;FRC;N21;;;5;752;135405933.0;;;4.61;4.61;4.63;4.62;4.63;4.63;0.0;0.0
100697;562063;2018-06-07;FRC;V21;;;3;317;56713582.0;;;4.67;4.67;4.67;4.67;4.67;4.67;0.0;0.0
100698;562064;2018-06-07;FRC;F22;;;31;8623;1534036648.0;;;4.66;4.66;4.71;4.67;4.67;4.71;0.0;0.0
100699;562065;2018-06-07;FRC;J22;;;0;0;0.0;;;0.0;0.0;0.0;0.0;0.0;4.72;0.0;0.0
100700;562066;2018-06-07;FRC;N22;;;2;368;64690110.0;;;4.75;4.75;4.75;4.75;4.75;4.75;0.0;0.0
100701;562067;2018-06-07;FRC;V22;;;0;0;0.0;;;0.0;0.0;0.0;0.0;0.0;4.78;0.0;0.0
100702;562068;2018-06-07;FRC;F23;;;23;7227;1255760057.0;;;4.79;4.75;4.79;4.77;4.77;4.77;0.0;0.0
100703;562069;2018-06-07;FRC;J23;;;2;362;62515204.0;;;4.8;4.8;4.8;4.8;4.8;4.81;0.0;0.0
100704;562070;2018-06-07;FRC;N23;;;1;180;30899524.0;;;4.82;4.82;4.82;4.82;4.82;4.82;0.0;0.0
100705;562071;2018-06-07;FRC;F24;;;8;3692;625647276.0;;;4.97;4.9;4.97;4.91;4.9;4.92;0.0;0.0
100706;562072;2018-06-07;FRC;N24;;;0;0;0.0;;;0.0;0.0;0.0;0.0;0.0;4.97;0.0;0.0
100707;562073;2018-06-07;FRC;F25;;;8;1398;230651175.0;;;5.08;5.08;5.1;5.08;5.09;5.09;0.0;0.0
100708;562074;2018-06-07;FRC;F26;;;4;2213;355777240.0;;;5.23;5.22;5.23;5.22;5.22;5.22;0.0;0.0
100709;562075;2018-06-07;FRC;F27;;;6;2693;421576473.0;;;5.35;5.35;5.35;5.35;5.35;5.35;0.0;0.0
100710;562076;2018-06-07;FRC;F28;;;0;0;0.0;;;0.0;0.0;0.0;0.0;0.0;5.51;0.0;0.0
100711;562077;2018-06-07;FRC;F29;;;0;0;0.0;;;0.0;0.0;0.0;0.0;0.0;5.67;0.0;0.0
100712;562078;2018-06-07;FRC;F30;;;0;0;0.0;;;0.0;0.0;0.0;0.0;0.0;5.73;0.0;0.0
100713;562250;2018-06-08;FRC;Q18;;;28;83542;16271939024.0;;;3.39;3.34;3.39;3.36;3.38;3.37;0.0;0.0
100714;562251;2018-06-08;FRC;U18;;;49;42728;8339293385.0;;;3.48;3.45;3.5;3.45;3.45;3.45;3.45;3.5
100715;562252;2018-06-08;FRC;V18;;;94;63202;12382299991.0;;;3.64;3.59;3.7;3.61;3.59;3.59;3.59;0.0
100716;562253;2018-06-08;FRC;X18;;;17;8349;1631148547.0;;;3.88;3.79;3.88;3.8;3.79;3.79;3.79;0.0
100717;562254;2018-06-08;FRC;Z18;;;61;58121;11343431998.0;;;3.92;3.89;3.92;3.89;3.9;3.89;3.89;0.0
100718;562255;2018-06-08;FRC;F19;;;84;74250;14463826537.0;;;3.95;3.92;4.07;3.99;3.99;3.99;0.0;0.0
100719;562256;2018-06-08;FRC;G19;;;1;1976;384113766.0;;;4.14;4.14;4.14;4.14;4.14;4.13;0.0;0.0
100720;562257;2018-06-08;FRC;H19;;;0;0;0.0;;;0.0;0.0;0.0;0.0;0.0;4.27;0.0;0.0
100721;562258;2018-06-08;FRC;J19;;;34;27962;5415179386.0;;;4.25;4.11;4.31;4.24;4.11;4.31;4.3;0.0
100722;562259;2018-06-08;FRC;K19;;;14;6287;1214914297.0;;;4.25;4.25;4.34;4.32;4.34;4.34;0.0;0.0
100723;562260;2018-06-08;FRC;M19;;;15;10983;2118248508.0;;;4.28;4.28;4.36;4.34;4.35;4.35;0.0;0.0
100724;562261;2018-06-08;FRC;N19;;;18;11057;2127820612.0;;;4.34;4.34;4.45;4.44;4.45;4.45;0.0;0.0
100725;562262;2018-06-08;FRC;V19;;;2;194;37131235.0;;;4.41;4.41;4.41;4.41;4.41;4.52;0.0;0.0
100726;562263;2018-06-08;FRC;F20;;;20;8202;1554959548.0;;;4.5;4.5;4.58;4.57;4.58;4.58;4.55;0.0
100727;562264;2018-06-08;FRC;J20;;;0;0;0.0;;;0.0;0.0;0.0;0.0;0.0;4.63;0.0;0.0
100728;562265;2018-06-08;FRC;N20;;;24;7459;1401424619.0;;;4.66;4.66;4.66;4.66;4.66;4.66;0.0;0.0
100729;562266;2018-06-08;FRC;V20;;;0;0;0.0;;;0.0;0.0;0.0;0.0;0.0;4.69;0.0;0.0
100730;562267;2018-06-08;FRC;F21;;;36;16575;3074047309.0;;;4.69;4.62;4.73;4.7;4.73;4.73;4.7;4.73
100731;562268;2018-06-08;FRC;J21;;;4;941;173673633.0;;;4.74;4.74;4.74;4.74;4.74;4.74;0.0;0.0
100732;562269;2018-06-08;FRC;N21;;;9;2059;377777983.0;;;4.76;4.76;4.76;4.76;4.76;4.76;0.0;0.0
100733;562270;2018-06-08;FRC;V21;;;0;0;0.0;;;0.0;0.0;0.0;0.0;0.0;4.78;0.0;0.0
100734;562271;2018-06-08;FRC;F22;;;22;9957;1803283634.0;;;4.75;4.73;4.8;4.78;4.8;4.8;4.8;0.0
100735;562272;2018-06-08;FRC;J22;;;1;185;33357171.0;;;4.82;4.82;4.82;4.82;4.82;4.82;0.0;0.0
100736;562273;2018-06-08;FRC;N22;;;3;918;164473176.0;;;4.85;4.85;4.85;4.85;4.85;4.85;0.0;0.0
100737;562274;2018-06-08;FRC;V22;;;0;0;0.0;;;0.0;0.0;0.0;0.0;0.0;4.9;0.0;0.0
100738;562275;2018-06-08;FRC;F23;;;15;5530;979523414.0;;;4.83;4.8;4.9;4.85;4.9;4.9;0.0;0.0
100739;562276;2018-06-08;FRC;J23;;;0;0;0.0;;;0.0;0.0;0.0;0.0;0.0;4.94;0.0;0.0
100740;562277;2018-06-08;FRC;N23;;;1;180;31477203.0;;;4.94;4.94;4.94;4.94;4.94;4.94;0.0;0.0
100741;562278;2018-06-08;FRC;F24;;;8;2816;486518038.0;;;4.98;4.92;5.03;4.97;5.03;5.03;0.0;0.0
100742;562279;2018-06-08;FRC;N24;;;0;0;0.0;;;0.0;0.0;0.0;0.0;0.0;5.08;0.0;0.0
100743;562280;2018-06-08;FRC;F25;;;14;6470;1086961022.0;;;5.19;5.19;5.19;5.19;5.19;5.19;0.0;0.0
100744;562281;2018-06-08;FRC;F26;;;6;3765;615870961.0;;;5.34;5.33;5.34;5.33;5.33;5.33;0.0;0.0
100745;562282;2018-06-08;FRC;F27;;;5;2519;401008254.0;;;5.47;5.47;5.48;5.47;5.48;5.47;0.0;0.0
100746;562283;2018-06-08;FRC;F28;;;0;0;0.0;;;0.0;0.0;0.0;0.0;0.0;5.63;0.0;0.0
100747;562284;2018-06-08;FRC;F29;;;0;0;0.0;;;0.0;0.0;0.0;0.0;0.0;5.8;0.0;0.0
100748;562285;2018-06-08;FRC;F30;;;0;0;0.0;;;0.0;0.0;0.0;0.0;0.0;5.86;0.0;0.0
100749;562457;2018-06-11;FRC;Q18;;;35;84261;15770905218.0;;;3.37;3.35;3.37;3.35;3.35;3.35;0.0;0.0
100750;562458;2018-06-11;FRC;U18;;;27;33161;6196604089.0;;;3.44;3.43;3.45;3.43;3.43;3.43;3.43;0.0
100751;562459;2018-06-11;FRC;V18;;;21;22738;4242287671.0;;;3.59;3.55;3.59;3.58;3.59;3.58;3.59;3.62
100752;562460;2018-06-11;FRC;X18;;;1;60;11173449.0;;;3.75;3.75;3.75;3.75;3.75;3.8;3.78;0.0
100753;562461;2018-06-11;FRC;Z18;;;25;23407;4349956761.0;;;3.9;3.9;3.93;3.92;3.93;3.93;0.0;0.0
100754;562462;2018-06-11;FRC;F19;;;30;38985;7231289909.0;;;4.0;3.99;4.07;4.02;4.07;4.03;4.06;0.0
100755;562463;2018-06-11;FRC;G19;;;7;4348;804639950.0;;;4.23;4.23;4.23;4.23;4.23;4.23;0.0;0.0
100756;562464;2018-06-11;FRC;H19;;;5;1576;291054656.0;;;4.35;4.35;4.35;4.35;4.35;4.35;0.0;0.0
100757;562465;2018-06-11;FRC;J19;;;1;590;108773453.0;;;4.32;4.32;4.32;4.32;4.32;4.4;0.0;0.0
100758;562466;2018-06-11;FRC;K19;;;1;196;36063649.0;;;4.35;4.35;4.35;4.35;4.35;4.44;0.0;0.0
100759;562467;2018-06-11;FRC;M19;;;3;1177;216152388.0;;;4.36;4.36;4.36;4.36;4.36;4.46;0.0;0.0
100760;562468;2018-06-11;FRC;N19;;;24;24747;4533448628.0;;;4.45;4.45;4.56;4.51;4.56;4.56;4.56;4.6
100761;562469;2018-06-11;FRC;V19;;;7;3304;601292828.0;;;4.65;4.65;4.71;4.66;4.71;4.65;0.0;0.0
100762;562470;2018-06-11;FRC;F20;;;15;12763;2309553809.0;;;4.58;4.58;4.71;4.65;4.71;4.71;0.0;0.0
100763;562471;2018-06-11;FRC;J20;;;3;768;138063531.0;;;4.76;4.76;4.76;4.76;4.76;4.76;0.0;0.0
100764;562472;2018-06-11;FRC;N20;;;8;1719;307136963.0;;;4.8;4.8;4.8;4.8;4.8;4.8;0.0;0.0
100765;562473;2018-06-11;FRC;V20;;;1;190;33739918.0;;;4.83;4.83;4.83;4.83;4.83;4.83;0.0;0.0
100766;562474;2018-06-11;FRC;F21;;;15;7680;1356445492.0;;;4.73;4.73;4.88;4.78;4.88;4.88;0.0;0.0
100767;562475;2018-06-11;FRC;J21;;;6;1128;197843353.0;;;4.9;4.9;4.9;4.9;4.9;4.9;0.0;0.0
100768;562476;2018-06-11;FRC;N21;;;5;1685;294082161.0;;;4.79;4.79;4.91;4.84;4.91;4.91;0.0;0.0
100769;562477;2018-06-11;FRC;V21;;;0;0;0.0;;;0.0;0.0;0.0;0.0;0.0;4.93;0.0;0.0
100770;562478;2018-06-11;FRC;F22;;;6;1387;238815629.0;;;4.96;4.96;4.96;4.96;4.96;4.96;0.0;0.0
100771;562479;2018-06-11;FRC;J22;;;1;184;31484659.0;;;5.0;5.0;5.0;5.0;5.0;5.0;0.0;5.0
100772;562480;2018-06-11;FRC;N22;;;1;183;31121699.0;;;5.02;5.02;5.02;5.02;5.02;5.02;0.0;0.0
100773;562481;2018-06-11;FRC;V22;;;0;0;0.0;;;0.0;0.0;0.0;0.0;0.0;5.06;0.0;0.0
100774;562482;2018-06-11;FRC;F23;;;6;1811;304169500.0;;;5.06;5.06;5.06;5.06;5.06;5.06;0.0;0.0
100775;562483;2018-06-11;FRC;J23;;;0;0;0.0;;;0.0;0.0;0.0;0.0;0.0;5.1;0.0;0.0
100776;562484;2018-06-11;FRC;N23;;;0;0;0.0;;;0.0;0.0;0.0;0.0;0.0;5.1;0.0;0.0
100777;562485;2018-06-11;FRC;F24;;;11;6244;1021659108.0;;;5.2;5.2;5.2;5.2;5.2;5.2;0.0;0.0
100778;562486;2018-06-11;FRC;N24;;;3;598;96587751.0;;;5.27;5.27;5.27;5.27;5.27;5.27;0.0;0.0
100779;562487;2018-06-11;FRC;F25;;;8;2643;420845627.0;;;5.19;5.19;5.37;5.36;5.37;5.37;0.0;0.0
100780;562488;2018-06-11;FRC;F26;;;0;0;0.0;;;0.0;0.0;0.0;0.0;0.0;5.51;0.0;0.0
100781;562489;2018-06-11;FRC;F27;;;2;836;125948866.0;;;5.65;5.65;5.65;5.65;5.65;5.65;0.0;0.0
100782;562490;2018-06-11;FRC;F28;;;0;0;0.0;;;0.0;0.0;0.0;0.0;0.0;5.81;0.0;0.0
100783;562491;2018-06-11;FRC;F29;;;0;0;0.0;;;0.0;0.0;0.0;0.0;0.0;5.98;0.0;0.0
100784;562492;2018-06-11;FRC;F30;;;0;0;0.0;;;0.0;0.0;0.0;0.0;0.0;6.04;0.0;0.0
100785;562664;2018-06-12;FRC;Q18;;;50;71537;13206693050.0;;;3.4;3.35;3.44;3.37;3.36;3.36;0.0;3.36
100786;562665;2018-06-12;FRC;U18;;;24;41473;7643755518.0;;;3.44;3.44;3.49;3.48;3.49;3.49;0.0;3.49
100787;562666;2018-06-12;FRC;V18;;;73;113412;20869045969.0;;;3.54;3.54;3.7;3.65;3.68;3.68;0.0;3.69
100788;562667;2018-06-12;FRC;X18;;;10;9537;1751377856.0;;;3.85;3.85;3.89;3.88;3.89;3.89;3.89;3.94
100789;562668;2018-06-12;FRC;Z18;;;46;31224;5722156776.0;;;3.95;3.95;4.05;4.03;4.05;4.05;4.0;4.05
100790;562669;2018-06-12;FRC;F19;;;77;82485;15087634015.0;;;4.07;4.05;4.25;4.12;4.2;4.2;4.15;4.2
100791;562670;2018-06-12;FRC;G19;;;21;9085;1657389077.0;;;4.3;4.3;4.45;4.41;4.45;4.45;0.0;0.0
100792;562671;2018-06-12;FRC;H19;;;0;0;0.0;;;0.0;0.0;0.0;0.0;0.0;4.58;0.0;0.0
100793;562672;2018-06-12;FRC;J19;;;22;29746;5402329045.0;;;4.38;4.38;4.65;4.64;4.65;4.65;4.63;4.65
100794;562673;2018-06-12;FRC;K19;;;1;196;35525678.0;;;4.65;4.65;4.65;4.65;4.65;4.65;0.0;0.0
100795;562674;2018-06-12;FRC;M19;;;7;1665;301106042.0;;;4.51;4.51;4.73;4.7;4.71;4.73;0.0;0.0
100796;562675;2018-06-12;FRC;N19;;;25;15127;2731537561.0;;;4.59;4.58;4.78;4.64;4.78;4.78;4.73;0.0
100797;562676;2018-06-12;FRC;V19;;;14;6018;1079105292.0;;;4.84;4.84;4.84;4.84;4.84;4.84;0.0;0.0
100798;562677;2018-06-12;FRC;F20;;;13;14016;2497355051.0;;;4.82;4.82;4.9;4.88;4.89;4.89;0.0;4.89
100799;562678;2018-06-12;FRC;J20;;;5;8830;1563499776.0;;;4.93;4.93;4.93;4.93;4.93;4.93;0.0;0.0
100800;562679;2018-06-12;FRC;N20;;;16;5729;1008045783.0;;;4.97;4.97;4.97;4.97;4.97;4.97;4.92;0.0
100801;562680;2018-06-12;FRC;V20;;;0;0;0.0;;;0.0;0.0;0.0;0.0;0.0;4.99;0.0;0.0
100802;562681;2018-06-12;FRC;F21;;;21;23490;4080041918.0;;;5.03;5.03;5.03;5.03;5.03;5.03;0.0;0.0
100803;562682;2018-06-12;FRC;J21;;;4;1372;237066998.0;;;4.98;4.98;5.05;4.99;5.05;5.05;0.0;0.0
100804;562683;2018-06-12;FRC;N21;;;9;4280;735265118.0;;;4.97;4.97;5.05;4.99;5.05;5.05;0.0;0.0
100805;562684;2018-06-12;FRC;V21;;;2;186;31730267.0;;;5.07;5.07;5.07;5.07;5.07;5.07;0.0;0.0
100806;562685;2018-06-12;FRC;F22;;;5;1109;187938260.0;;;5.1;5.1;5.1;5.1;5.1;5.1;0.0;0.0
100807;562686;2018-06-12;FRC;J22;;;0;0;0.0;;;0.0;0.0;0.0;0.0;0.0;5.14;0.0;0.0
100808;562687;2018-06-12;FRC;N22;;;3;968;161960907.0;;;5.16;5.16;5.16;5.16;5.16;5.16;0.0;0.0
100809;562688;2018-06-12;FRC;V22;;;0;0;0.0;;;0.0;0.0;0.0;0.0;0.0;5.19;0.0;0.0
100810;562689;2018-06-12;FRC;F23;;;16;4542;750863746.0;;;5.13;5.13;5.18;5.16;5.18;5.18;0.0;0.0
100811;562690;2018-06-12;FRC;J23;;;0;0;0.0;;;0.0;0.0;0.0;0.0;0.0;5.22;0.0;0.0
100812;562691;2018-06-12;FRC;N23;;;0;0;0.0;;;0.0;0.0;0.0;0.0;0.0;5.23;0.0;0.0
100813;562692;2018-06-12;FRC;F24;;;4;885;142353367.0;;;5.34;5.34;5.34;5.34;5.34;5.34;0.0;0.0
100814;562693;2018-06-12;FRC;N24;;;1;175;27755220.0;;;5.43;5.43;5.43;5.43;5.43;5.43;0.0;0.0
100815;562694;2018-06-12;FRC;F25;;;11;2598;406337964.0;;;5.45;5.45;5.53;5.5;5.53;5.53;0.0;0.0
100816;562695;2018-06-12;FRC;F26;;;3;850;129283460.0;;;5.66;5.66;5.66;5.66;5.66;5.66;0.0;0.0
100817;562696;2018-06-12;FRC;F27;;;4;4834;714901387.0;;;5.79;5.79;5.79;5.79;5.79;5.79;0.0;0.0
100818;562697;2018-06-12;FRC;F28;;;1;164;23583343.0;;;5.94;5.94;5.94;5.94;5.94;5.94;0.0;0.0
100819;562698;2018-06-12;FRC;F29;;;0;0;0.0;;;0.0;0.0;0.0;0.0;0.0;6.11;0.0;0.0
100820;562699;2018-06-12;FRC;F30;;;0;0;0.0;;;0.0;0.0;0.0;0.0;0.0;6.17;0.0;0.0
100821;562871;2018-06-13;FRC;Q18;;;137;210485;38929159803.0;;;3.4;3.35;3.45;3.43;3.45;3.45;0.0;3.45
100822;562872;2018-06-13;FRC;U18;;;57;87467;16149747066.0;;;3.55;3.5;3.55;3.53;3.55;3.55;0.0;0.0
100823;562873;2018-06-13;FRC;V18;;;40;51814;9551002187.0;;;3.75;3.7;3.75;3.72;3.75;3.75;0.0;0.0
100824;562874;2018-06-13;FRC;X18;;;27;33178;6103204580.0;;;3.97;3.93;3.99;3.96;3.97;3.97;0.0;0.0
100825;562875;2018-06-13;FRC;Z18;;;48;56876;10439398290.0;;;4.14;4.1;4.2;4.16;4.17;4.17;0.0;0.0
100826;562876;2018-06-13;FRC;F19;;;80;82922;15187622188.0;;;4.25;4.25;4.4;4.31;4.33;4.33;0.0;0.0
100827;562877;2018-06-13;FRC;G19;;;15;7106;1297943524.0;;;4.62;4.62;4.62;4.62;4.62;4.62;0.0;0.0
100828;562878;2018-06-13;FRC;H19;;;0;0;0.0;;;0.0;0.0;0.0;0.0;0.0;4.76;0.0;0.0
100829;562879;2018-06-13;FRC;J19;;;25;48922;8895556282.0;;;4.75;4.71;4.84;4.81;4.84;4.84;0.0;0.0
100830;562880;2018-06-13;FRC;K19;;;2;393;71308876.0;;;4.85;4.85;4.85;4.85;4.85;4.84;0.0;0.0
100831;562881;2018-06-13;FRC;M19;;;6;4757;861501312.0;;;4.8;4.75;4.88;4.79;4.88;4.92;0.0;4.88
100832;562882;2018-06-13;FRC;N19;;;45;16295;2944238263.0;;;4.85;4.82;4.97;4.89;4.97;4.97;0.0;4.98
100833;562883;2018-06-13;FRC;V19;;;7;2153;386366721.0;;;5.01;5.01;5.01;5.01;5.01;5.01;0.0;0.0
100834;562884;2018-06-13;FRC;F20;;;20;12502;2229752082.0;;;4.94;4.94;5.06;5.0;5.06;5.06;0.0;5.06
100835;562885;2018-06-13;FRC;J20;;;3;23004;4074825478.0;;;5.1;5.1;5.1;5.1;5.1;5.1;0.0;0.0
100836;562886;2018-06-13;FRC;N20;;;22;5363;944489163.0;;;5.01;5.0;5.13;5.07;5.13;5.13;0.0;0.0
100837;562887;2018-06-13;FRC;V20;;;2;378;66092360.0;;;5.15;5.15;5.15;5.15;5.15;5.15;0.0;0.0
100838;562888;2018-06-13;FRC;F21;;;12;2147;373130986.0;;;5.05;5.05;5.16;5.13;5.16;5.16;0.0;0.0
100839;562889;2018-06-13;FRC;J21;;;0;0;0.0;;;0.0;0.0;0.0;0.0;0.0;5.18;0.0;0.0
100840;562890;2018-06-13;FRC;N21;;;0;0;0.0;;;0.0;0.0;0.0;0.0;0.0;5.18;0.0;0.0
100841;562891;2018-06-13;FRC;V21;;;1;93;15883427.0;;;5.12;5.12;5.12;5.12;5.12;5.2;0.0;0.0
100842;562892;2018-06-13;FRC;F22;;;10;2025;343054346.0;;;5.22;5.22;5.22;5.22;5.22;5.22;0.0;0.0
100843;562893;2018-06-13;FRC;J22;;;0;0;0.0;;;0.0;0.0;0.0;0.0;0.0;5.26;0.0;0.0
100844;562894;2018-06-13;FRC;N22;;;0;0;0.0;;;0.0;0.0;0.0;0.0;0.0;5.28;0.0;0.0
100845;562895;2018-06-13;FRC;V22;;;0;0;0.0;;;0.0;0.0;0.0;0.0;0.0;5.3;0.0;0.0
100846;562896;2018-06-13;FRC;F23;;;25;7520;1243553812.0;;;5.22;5.22;5.26;5.24;5.26;5.26;0.0;0.0
100847;562897;2018-06-13;FRC;J23;;;0;0;0.0;;;0.0;0.0;0.0;0.0;0.0;5.3;0.0;0.0
100848;562898;2018-06-13;FRC;N23;;;0;0;0.0;;;0.0;0.0;0.0;0.0;0.0;5.31;0.0;0.0
100849;562899;2018-06-13;FRC;F24;;;4;2779;447690579.0;;;5.38;5.35;5.38;5.35;5.35;5.41;0.0;0.0
100850;562900;2018-06-13;FRC;N24;;;0;0;0.0;;;0.0;0.0;0.0;0.0;0.0;5.49;0.0;0.0
100851;562901;2018-06-13;FRC;F25;;;13;2768;432854989.0;;;5.57;5.57;5.58;5.57;5.58;5.58;0.0;0.0
100852;562902;2018-06-13;FRC;F26;;;2;1951;296609960.0;;;5.73;5.73;5.73;5.73;5.73;5.72;0.0;0.0
100853;562903;2018-06-13;FRC;F27;;;2;1831;270726429.0;;;5.85;5.85;5.85;5.85;5.85;5.87;0.0;0.0
100854;562904;2018-06-13;FRC;F28;;;0;0;0.0;;;0.0;0.0;0.0;0.0;0.0;6.02;0.0;0.0
100855;562905;2018-06-13;FRC;F29;;;0;0;0.0;;;0.0;0.0;0.0;0.0;0.0;6.19;0.0;0.0
100856;562906;2018-06-13;FRC;F30;;;0;0;0.0;;;0.0;0.0;0.0;0.0;0.0;6.25;0.0;0.0
100857;563078;2018-06-14;FRC;Q18;;;180;209822;39184755238.0;;;3.5;3.39;3.53;3.48;3.44;3.39;3.39;3.44
100858;563079;2018-06-14;FRC;U18;;;26;59415;11076679565.0;;;3.6;3.5;3.65;3.61;3.52;3.48;0.0;3.52
100859;563080;2018-06-14;FRC;V18;;;22;24977;4648676031.0;;;3.78;3.68;3.85;3.79;3.71;3.68;0.0;3.9
100860;563081;2018-06-14;FRC;X18;;;13;26381;4900008658.0;;;4.0;3.93;4.05;4.0;3.93;3.93;0.0;0.0
100861;563082;2018-06-14;FRC;Z18;;;40;19739;3658515266.0;;;4.23;4.04;4.3;4.16;4.06;4.06;4.01;4.06
100862;563083;2018-06-14;FRC;F19;;;64;75174;13901378837.0;;;4.33;4.22;4.48;4.36;4.22;4.22;4.18;4.25
100863;563084;2018-06-14;FRC;G19;;;60;39457;7276750939.0;;;4.62;4.43;4.74;4.65;4.43;4.43;0.0;0.0
100864;563085;2018-06-14;FRC;H19;;;6;4136;761248036.0;;;4.81;4.58;4.85;4.71;4.58;4.58;0.0;0.0
100865;563086;2018-06-14;FRC;J19;;;45;22901;4203929502.0;;;4.84;4.68;4.96;4.87;4.68;4.68;0.0;0.0
100866;563087;2018-06-14;FRC;K19;;;0;0;0.0;;;0.0;0.0;0.0;0.0;0.0;4.68;0.0;0.0
100867;563088;2018-06-14;FRC;M19;;;4;13379;2444967126.0;;;4.95;4.92;4.95;4.94;4.92;4.76;0.0;0.0
100868;563089;2018-06-14;FRC;N19;;;20;7396;1349251016.0;;;4.97;4.75;5.06;4.91;4.77;4.81;0.0;4.77
100869;563090;2018-06-14;FRC;V19;;;14;5883;1067155813.0;;;5.06;4.83;5.1;4.85;4.83;4.83;0.0;0.0
100870;563091;2018-06-14;FRC;F20;;;38;35140;6327586757.0;;;5.1;4.88;5.12;5.02;4.88;4.88;4.85;4.88
100871;563092;2018-06-14;FRC;J20;;;0;0;0.0;;;0.0;0.0;0.0;0.0;0.0;4.92;0.0;0.0
100872;563093;2018-06-14;FRC;N20;;;14;3818;679668729.0;;;5.15;4.94;5.15;4.96;4.94;4.94;0.0;4.94
100873;563094;2018-06-14;FRC;V20;;;0;0;0.0;;;0.0;0.0;0.0;0.0;0.0;4.95;0.0;0.0
100874;563095;2018-06-14;FRC;F21;;;18;7694;1351260980.0;;;5.2;4.95;5.22;5.07;4.95;4.95;0.0;0.0
100875;563096;2018-06-14;FRC;J21;;;0;0;0.0;;;0.0;0.0;0.0;0.0;0.0;4.98;0.0;0.0
100876;563097;2018-06-14;FRC;N21;;;3;523;90704231.0;;;5.23;5.0;5.23;5.14;5.0;5.0;0.0;0.0
100877;563098;2018-06-14;FRC;V21;;;2;372;64248388.0;;;5.02;5.02;5.02;5.02;5.02;5.02;0.0;0.0
100878;563099;2018-06-14;FRC;F22;;;8;1478;253479551.0;;;5.2;5.04;5.2;5.07;5.04;5.04;0.0;0.0
100879;563100;2018-06-14;FRC;J22;;;0;0;0.0;;;0.0;0.0;0.0;0.0;0.0;5.08;0.0;0.0
100880;563101;2018-06-14;FRC;N22;;;0;0;0.0;;;0.0;0.0;0.0;0.0;0.0;5.09;0.0;0.0
100881;563102;2018-06-14;FRC;V22;;;0;0;0.0;;;0.0;0.0;0.0;0.0;0.0;5.1;0.0;0.0
100882;563103;2018-06-14;FRC;F23;;;8;2356;394929888.0;;;5.06;5.05;5.06;5.05;5.05;5.06;0.0;0.0
100883;563104;2018-06-14;FRC;J23;;;0;0;0.0;;;0.0;0.0;0.0;0.0;0.0;5.09;0.0;0.0
100884;563105;2018-06-14;FRC;N23;;;0;0;0.0;;;0.0;0.0;0.0;0.0;0.0;5.09;0.0;0.0
100885;563106;2018-06-14;FRC;F24;;;3;711;116227361.0;;;5.16;5.16;5.16;5.16;5.16;5.16;0.0;0.0
100886;563107;2018-06-14;FRC;N24;;;0;0;0.0;;;0.0;0.0;0.0;0.0;0.0;5.25;0.0;0.0
100887;563108;2018-06-14;FRC;F25;;;6;1218;193609631.0;;;5.35;5.35;5.35;5.35;5.35;5.35;0.0;0.0
100888;563109;2018-06-14;FRC;F26;;;0;0;0.0;;;0.0;0.0;0.0;0.0;0.0;5.6;0.0;0.0
100889;563110;2018-06-14;FRC;F27;;;0;0;0.0;;;0.0;0.0;0.0;0.0;0.0;5.75;0.0;0.0
100890;563111;2018-06-14;FRC;F28;;;0;0;0.0;;;0.0;0.0;0.0;0.0;0.0;5.9;0.0;0.0
100891;563112;2018-06-14;FRC;F29;;;0;0;0.0;;;0.0;0.0;0.0;0.0;0.0;6.07;0.0;0.0
100892;563113;2018-06-14;FRC;F30;;;0;0;0.0;;;0.0;0.0;0.0;0.0;0.0;6.13;0.0;0.0
100893;563285;2018-06-15;FRC;Q18;;;81;152480;28242993248.0;;;3.45;3.3;3.45;3.36;3.31;3.31;0.0;0.0
100894;563286;2018-06-15;FRC;U18;;;15;24127;4461521865.0;;;3.57;3.46;3.57;3.46;3.46;3.46;0.0;3.5
100895;563287;2018-06-15;FRC;V18;;;38;48174;8893515766.0;;;3.75;3.62;3.76;3.67;3.62;3.63;0.0;0.0
100896;563288;2018-06-15;FRC;X18;;;26;26486;4880606541.0;;;4.0;3.82;4.0;3.82;3.82;3.82;3.8;3.88
100897;563289;2018-06-15;FRC;Z18;;;17;11702;2151826085.0;;;4.1;3.95;4.2;4.0;3.95;3.95;4.0;0.0
100898;563290;2018-06-15;FRC;F19;;;83;62391;11447166256.0;;;4.34;4.15;4.37;4.21;4.15;4.15;0.0;0.0
100899;563291;2018-06-15;FRC;G19;;;31;38321;7014094490.0;;;4.56;4.39;4.56;4.42;4.39;4.39;0.0;0.0
100900;563292;2018-06-15;FRC;H19;;;17;9554;1744846655.0;;;4.7;4.54;4.7;4.57;4.54;4.54;0.0;0.0
100901;563293;2018-06-15;FRC;J19;;;16;11107;2024161712.0;;;4.8;4.57;4.8;4.62;4.57;4.57;0.0;0.0
100902;563294;2018-06-15;FRC;K19;;;1;20;3637315.0;;;4.75;4.75;4.75;4.75;4.75;4.55;0.0;0.0
100903;563295;2018-06-15;FRC;M19;;;8;2685;487313134.0;;;4.82;4.6;4.82;4.65;4.6;4.6;0.0;0.0
100904;563296;2018-06-15;FRC;N19;;;17;5472;991059633.0;;;4.91;4.63;4.91;4.71;4.63;4.63;0.0;0.0
100905;563297;2018-06-15;FRC;V19;;;1;194;34904507.0;;;4.83;4.83;4.83;4.83;4.83;4.66;4.65;0.0
100906;563298;2018-06-15;FRC;F20;;;52;34489;6167208327.0;;;5.03;4.73;5.03;4.85;4.73;4.73;0.0;0.0
100907;563299;2018-06-15;FRC;J20;;;4;1152;204956255.0;;;4.76;4.76;4.76;4.76;4.76;4.76;0.0;0.0
100908;563300;2018-06-15;FRC;N20;;;0;0;0.0;;;0.0;0.0;0.0;0.0;0.0;4.8;0.0;0.0
100909;563301;2018-06-15;FRC;V20;;;0;0;0.0;;;0.0;0.0;0.0;0.0;0.0;4.82;0.0;0.0
100910;563302;2018-06-15;FRC;F21;;;45;15509;2706653367.0;;;5.05;4.84;5.05;4.91;5.05;4.84;0.0;4.84
100911;563303;2018-06-15;FRC;J21;;;0;0;0.0;;;0.0;0.0;0.0;0.0;0.0;4.86;0.0;0.0
100912;563304;2018-06-15;FRC;N21;;;0;0;0.0;;;0.0;0.0;0.0;0.0;0.0;4.87;0.0;0.0
100913;563305;2018-06-15;FRC;V21;;;0;0;0.0;;;0.0;0.0;0.0;0.0;0.0;4.88;0.0;0.0
100914;563306;2018-06-15;FRC;F22;;;16;8365;1426589350.0;;;5.09;4.89;5.09;4.91;4.89;4.89;4.89;4.92
100915;563307;2018-06-15;FRC;J22;;;0;0;0.0;;;0.0;0.0;0.0;0.0;0.0;4.95;0.0;0.0
100916;563308;2018-06-15;FRC;N22;;;2;788;132825140.0;;;4.94;4.94;4.94;4.94;4.94;4.98;0.0;0.0
100917;563309;2018-06-15;FRC;V22;;;0;0;0.0;;;0.0;0.0;0.0;0.0;0.0;5.01;0.0;0.0
100918;563310;2018-06-15;FRC;F23;;;21;6109;1016483110.0;;;5.14;4.91;5.14;5.01;4.91;4.98;0.0;0.0
100919;563311;2018-06-15;FRC;J23;;;2;180;29732100.0;;;5.08;5.08;5.08;5.08;5.08;5.01;0.0;0.0
100920;563312;2018-06-15;FRC;N23;;;2;717;117598188.0;;;5.15;5.15;5.15;5.15;5.15;5.01;0.0;0.0
100921;563313;2018-06-15;FRC;F24;;;6;890;144479791.0;;;5.18;5.09;5.18;5.1;5.09;5.09;0.0;0.0
100922;563314;2018-06-15;FRC;N24;;;0;0;0.0;;;0.0;0.0;0.0;0.0;0.0;5.17;0.0;0.0
100923;563315;2018-06-15;FRC;F25;;;7;1793;283302021.0;;;5.26;5.26;5.26;5.26;5.26;5.26;0.0;0.0
100924;563316;2018-06-15;FRC;F26;;;6;1008;154939829.0;;;5.43;5.43;5.43;5.43;5.43;5.47;5.43;0.0
100925;563317;2018-06-15;FRC;F27;;;4;672;100543917.0;;;5.57;5.57;5.57;5.57;5.57;5.57;0.0;0.0
100926;563318;2018-06-15;FRC;F28;;;0;0;0.0;;;0.0;0.0;0.0;0.0;0.0;5.72;0.0;0.0
100927;563319;2018-06-15;FRC;F29;;;0;0;0.0;;;0.0;0.0;0.0;0.0;0.0;5.89;0.0;0.0
100928;563320;2018-06-15;FRC;F30;;;0;0;0.0;;;0.0;0.0;0.0;0.0;0.0;5.95;0.0;0.0
100929;563493;2018-06-18;FRC;Q18;;;39;73500;13789554880.0;;;3.33;3.27;3.4;3.29;3.29;3.29;0.0;3.31
100930;563494;2018-06-18;FRC;U18;;;7;12164;2278415078.0;;;3.41;3.41;3.41;3.41;3.41;3.41;0.0;3.45
100931;563495;2018-06-18;FRC;V18;;;17;19013;3555578799.0;;;3.63;3.6;3.63;3.6;3.6;3.6;0.0;0.0
100932;563496;2018-06-18;FRC;X18;;;24;17686;3301309177.0;;;3.77;3.77;3.77;3.77;3.77;3.77;0.0;0.0
100933;563497;2018-06-18;FRC;Z18;;;33;12510;2330557925.0;;;3.99;3.86;3.99;3.9;3.86;3.86;0.0;3.86
100934;563498;2018-06-18;FRC;F19;;;43;46047;8560023323.0;;;4.16;4.06;4.16;4.09;4.09;4.09;0.0;0.0
100935;563499;2018-06-18;FRC;G19;;;17;12069;2238175048.0;;;4.4;4.3;4.4;4.33;4.3;4.3;0.0;4.31
100936;563500;2018-06-18;FRC;H19;;;0;0;0.0;;;0.0;0.0;0.0;0.0;0.0;4.45;0.0;0.0
100937;563501;2018-06-18;FRC;J19;;;25;29016;5358860832.0;;;4.55;4.49;4.55;4.49;4.49;4.49;0.0;4.48
100938;563502;2018-06-18;FRC;K19;;;8;3533;651244131.0;;;4.49;4.49;4.5;4.49;4.5;4.49;0.0;0.0
100939;563503;2018-06-18;FRC;M19;;;9;3332;612845323.0;;;4.55;4.55;4.55;4.55;4.55;4.55;0.0;0.0
100940;563504;2018-06-18;FRC;N19;;;15;14494;2660848301.0;;;4.67;4.56;4.67;4.57;4.57;4.56;0.0;0.0
100941;563505;2018-06-18;FRC;V19;;;6;2526;460934991.0;;;4.63;4.63;4.63;4.63;4.63;4.63;0.0;0.0
100942;563506;2018-06-18;FRC;F20;;;16;15092;2735936989.0;;;4.74;4.72;4.75;4.73;4.72;4.72;0.0;0.0
100943;563507;2018-06-18;FRC;J20;;;10;2881;519190334.0;;;4.76;4.76;4.76;4.76;4.76;4.76;0.0;0.0
100944;563508;2018-06-18;FRC;N20;;;13;16438;2944838520.0;;;4.78;4.78;4.78;4.78;4.78;4.78;0.0;0.0
100945;563509;2018-06-18;FRC;V20;;;0;0;0.0;;;0.0;0.0;0.0;0.0;0.0;4.82;0.0;0.0
100946;563510;2018-06-18;FRC;F21;;;25;18804;3326331824.0;;;4.84;4.84;4.86;4.85;4.86;4.86;0.0;0.0
100947;563511;2018-06-18;FRC;J21;;;0;0;0.0;;;0.0;0.0;0.0;0.0;0.0;4.88;0.0;0.0
100948;563512;2018-06-18;FRC;N21;;;7;5706;997854952.0;;;4.88;4.87;4.88;4.87;4.87;4.89;0.0;0.0
100949;563513;2018-06-18;FRC;V21;;;0;0;0.0;;;0.0;0.0;0.0;0.0;0.0;4.9;0.0;0.0
100950;563514;2018-06-18;FRC;F22;;;12;5832;1007558926.0;;;4.89;4.89;4.92;4.9;4.9;4.91;4.9;0.0
100951;563515;2018-06-18;FRC;J22;;;0;0;0.0;;;0.0;0.0;0.0;0.0;0.0;4.97;0.0;0.0
100952;563516;2018-06-18;FRC;N22;;;0;0;0.0;;;0.0;0.0;0.0;0.0;0.0;5.0;0.0;0.0
100953;563517;2018-06-18;FRC;V22;;;0;0;0.0;;;0.0;0.0;0.0;0.0;0.0;5.02;0.0;0.0
100954;563518;2018-06-18;FRC;F23;;;6;6241;1052464870.0;;;4.98;4.98;4.99;4.98;4.99;4.99;0.0;0.0
100955;563519;2018-06-18;FRC;J23;;;2;1391;233328171.0;;;4.97;4.97;4.97;4.97;4.97;5.03;0.0;0.0
100956;563520;2018-06-18;FRC;N23;;;0;0;0.0;;;0.0;0.0;0.0;0.0;0.0;5.04;0.0;0.0
100957;563521;2018-06-18;FRC;F24;;;12;5158;847625935.0;;;5.13;5.11;5.15;5.12;5.15;5.15;0.0;0.0
100958;563522;2018-06-18;FRC;N24;;;4;4505;730814281.0;;;5.19;5.19;5.19;5.19;5.19;5.21;0.0;0.0
100959;563523;2018-06-18;FRC;F25;;;13;5970;954611967.0;;;5.3;5.26;5.3;5.29;5.28;5.28;0.0;0.0
100960;563524;2018-06-18;FRC;F26;;;3;513;79839582.0;;;5.45;5.45;5.45;5.45;5.45;5.45;0.0;0.0
100961;563525;2018-06-18;FRC;F27;;;1;167;25264312.0;;;5.58;5.58;5.58;5.58;5.58;5.58;0.0;0.0
100962;563526;2018-06-18;FRC;F28;;;0;0;0.0;;;0.0;0.0;0.0;0.0;0.0;5.73;0.0;0.0
100963;563527;2018-06-18;FRC;F29;;;0;0;0.0;;;0.0;0.0;0.0;0.0;0.0;5.9;0.0;0.0
100964;563528;2018-06-18;FRC;F30;;;0;0;0.0;;;0.0;0.0;0.0;0.0;0.0;5.96;0.0;0.0
100965;563700;2018-06-19;FRC;Q18;;;101;243657;45524635834.0;;;3.29;3.27;3.37;3.32;3.33;3.33;0.0;3.37
100966;563701;2018-06-19;FRC;U18;;;32;23112;4311193540.0;;;3.38;3.38;3.44;3.42;3.43;3.43;3.43;3.5
100967;563702;2018-06-19;FRC;V18;;;17;12940;2409940552.0;;;3.6;3.55;3.63;3.6;3.61;3.61;0.0;3.61
100968;563703;2018-06-19;FRC;X18;;;22;13732;2552682941.0;;;3.75;3.75;3.78;3.77;3.78;3.78;0.0;3.8
100969;563704;2018-06-19;FRC;Z18;;;12;16664;3092487012.0;;;3.82;3.79;3.82;3.79;3.79;3.79;0.0;0.0
100970;563705;2018-06-19;FRC;F19;;;43;27539;5099672546.0;;;4.09;3.95;4.1;4.0;3.95;3.97;0.0;0.0
100971;563706;2018-06-19;FRC;G19;;;14;10592;1957123311.0;;;4.3;4.15;4.3;4.18;4.15;4.15;4.1;4.2
100972;563707;2018-06-19;FRC;H19;;;23;69745;12853268086.0;;;4.49;4.32;4.49;4.47;4.32;4.32;0.0;0.0
100973;563708;2018-06-19;FRC;J19;;;17;7480;1376568118.0;;;4.47;4.34;4.47;4.34;4.34;4.34;0.0;0.0
100974;563709;2018-06-19;FRC;K19;;;1;2160;396641471.0;;;4.43;4.43;4.43;4.43;4.43;4.37;0.0;0.0
100975;563710;2018-06-19;FRC;M19;;;2;1960;359138488.0;;;4.48;4.48;4.48;4.48;4.48;4.46;0.0;0.0
100976;563711;2018-06-19;FRC;N19;;;26;31770;5810590070.0;;;4.56;4.49;4.57;4.5;4.49;4.49;0.0;0.0
100977;563712;2018-06-19;FRC;V19;;;9;2608;474080009.0;;;4.6;4.59;4.6;4.59;4.6;4.59;0.0;0.0
100978;563713;2018-06-19;FRC;F20;;;39;23160;4183090080.0;;;4.72;4.67;4.72;4.67;4.67;4.68;0.0;0.0
100979;563714;2018-06-19;FRC;J20;;;15;36702;6585439621.0;;;4.75;4.72;4.82;4.79;4.72;4.72;0.0;0.0
100980;563715;2018-06-19;FRC;N20;;;23;12331;2200862772.0;;;4.78;4.74;4.78;4.74;4.74;4.74;0.0;0.0
100981;563716;2018-06-19;FRC;V20;;;0;0;0.0;;;0.0;0.0;0.0;0.0;0.0;4.78;0.0;0.0
100982;563717;2018-06-19;FRC;F21;;;17;7240;1276158140.0;;;4.8;4.77;4.83;4.8;4.83;4.83;0.0;0.0
100983;563718;2018-06-19;FRC;J21;;;0;0;0.0;;;0.0;0.0;0.0;0.0;0.0;4.85;0.0;0.0
100984;563719;2018-06-19;FRC;N21;;;2;562;97929985.0;;;4.84;4.84;4.84;4.84;4.84;4.86;0.0;0.0
100985;563720;2018-06-19;FRC;V21;;;0;0;0.0;;;0.0;0.0;0.0;0.0;0.0;4.87;0.0;0.0
100986;563721;2018-06-19;FRC;F22;;;18;14389;2476324168.0;;;4.95;4.87;4.95;4.88;4.89;4.89;0.0;0.0
100987;563722;2018-06-19;FRC;J22;;;0;0;0.0;;;0.0;0.0;0.0;0.0;0.0;4.95;0.0;0.0
100988;563723;2018-06-19;FRC;N22;;;0;0;0.0;;;0.0;0.0;0.0;0.0;0.0;4.97;0.0;0.0
100989;563724;2018-06-19;FRC;V22;;;0;0;0.0;;;0.0;0.0;0.0;0.0;0.0;4.98;0.0;0.0
100990;563725;2018-06-19;FRC;F23;;;30;20981;3524181240.0;;;4.99;4.94;5.05;4.97;4.95;4.95;0.0;0.0
100991;563726;2018-06-19;FRC;J23;;;0;0;0.0;;;0.0;0.0;0.0;0.0;0.0;4.99;0.0;0.0
100992;563727;2018-06-19;FRC;N23;;;5;4526;750555494.0;;;5.04;5.04;5.05;5.04;5.05;5.0;0.0;0.0
100993;563728;2018-06-19;FRC;F24;;;15;9246;1513240904.0;;;5.12;5.12;5.16;5.12;5.12;5.12;0.0;0.0
100994;563729;2018-06-19;FRC;N24;;;0;0;0.0;;;0.0;0.0;0.0;0.0;0.0;5.2;0.0;0.0
100995;563730;2018-06-19;FRC;F25;;;24;14260;2271368785.0;;;5.28;5.28;5.3;5.28;5.28;5.29;5.27;0.0
100996;563731;2018-06-19;FRC;F26;;;6;5150;797261211.0;;;5.44;5.44;5.59;5.47;5.59;5.46;0.0;0.0
100997;563732;2018-06-19;FRC;F27;;;10;6032;909874109.0;;;5.58;5.56;5.59;5.56;5.59;5.59;0.0;0.0
100998;563733;2018-06-19;FRC;F28;;;0;0;0.0;;;0.0;0.0;0.0;0.0;0.0;5.74;0.0;0.0
100999;563734;2018-06-19;FRC;F29;;;2;322;45766649.0;;;5.92;5.92;5.92;5.92;5.92;5.91;0.0;0.0
101000;563735;2018-06-19;FRC;F30;;;0;0;0.0;;;0.0;0.0;0.0;0.0;0.0;5.97;0.0;0.0
101001;563907;2018-06-20;FRC;Q18;;;62;180708;33910510529.0;;;3.39;3.33;3.52;3.41;3.52;3.5;3.5;3.54
101002;563908;2018-06-20;FRC;U18;;;29;64902;12159352800.0;;;3.46;3.46;3.54;3.47;3.54;3.53;3.54;3.6
101003;563909;2018-06-20;FRC;V18;;;35;36507;6828006915.0;;;3.61;3.61;3.74;3.71;3.74;3.74;3.7;3.75
101004;563910;2018-06-20;FRC;X18;;;13;16334;3049452401.0;;;3.82;3.78;3.89;3.84;3.89;3.88;0.0;0.0
101005;563911;2018-06-20;FRC;Z18;;;20;14479;2698197633.0;;;3.85;3.85;3.92;3.89;3.92;3.92;0.0;0.0
101006;563912;2018-06-20;FRC;F19;;;47;36314;6753804418.0;;;3.97;3.97;4.1;4.03;4.07;4.07;0.0;0.0
101007;563913;2018-06-20;FRC;G19;;;10;4545;843300450.0;;;4.21;4.21;4.27;4.26;4.27;4.27;0.0;0.0
101008;563914;2018-06-20;FRC;H19;;;11;6327;1171355669.0;;;4.32;4.32;4.43;4.42;4.43;4.43;0.0;0.0
101009;563915;2018-06-20;FRC;J19;;;20;25300;4674873985.0;;;4.36;4.36;4.45;4.44;4.45;4.45;0.0;0.0
101010;563916;2018-06-20;FRC;K19;;;2;392;72262285.0;;;4.55;4.55;4.55;4.55;4.55;4.55;0.0;0.0
101011;563917;2018-06-20;FRC;M19;;;21;13269;2441501812.0;;;4.46;4.46;4.55;4.53;4.55;4.55;0.0;0.0
101012;563918;2018-06-20;FRC;N19;;;49;46326;8508403582.0;;;4.52;4.52;4.61;4.55;4.61;4.61;0.0;0.0
101013;563919;2018-06-20;FRC;V19;;;7;2721;496485806.0;;;4.6;4.6;4.7;4.69;4.7;4.7;4.6;0.0
101014;563920;2018-06-20;FRC;F20;;;7;6030;1093557540.0;;;4.68;4.66;4.77;4.72;4.77;4.79;0.0;4.8
101015;563921;2018-06-20;FRC;J20;;;0;0;0.0;;;0.0;0.0;0.0;0.0;0.0;4.83;0.0;0.0
101016;563922;2018-06-20;FRC;N20;;;6;1566;280480689.0;;;4.74;4.74;4.84;4.83;4.83;4.84;0.0;0.0
101017;563923;2018-06-20;FRC;V20;;;1;57;10158344.0;;;4.75;4.75;4.75;4.75;4.75;4.87;0.0;4.86
101018;563924;2018-06-20;FRC;F21;;;6;1361;240731368.0;;;4.8;4.8;4.91;4.89;4.91;4.91;4.8;0.0
101019;563925;2018-06-20;FRC;J21;;;0;0;0.0;;;0.0;0.0;0.0;0.0;0.0;4.93;0.0;0.0
101020;563926;2018-06-20;FRC;N21;;;0;0;0.0;;;0.0;0.0;0.0;0.0;0.0;4.93;0.0;0.0
101021;563927;2018-06-20;FRC;V21;;;0;0;0.0;;;0.0;0.0;0.0;0.0;0.0;4.94;0.0;0.0
101022;563928;2018-06-20;FRC;F22;;;11;1666;287806357.0;;;4.89;4.86;4.95;4.92;4.94;4.95;0.0;0.0
101023;563929;2018-06-20;FRC;J22;;;0;0;0.0;;;0.0;0.0;0.0;0.0;0.0;5.01;0.0;0.0
101024;563930;2018-06-20;FRC;N22;;;1;183;31201467.0;;;5.03;5.03;5.03;5.03;5.03;5.03;0.0;0.0
101025;563931;2018-06-20;FRC;V22;;;0;0;0.0;;;0.0;0.0;0.0;0.0;0.0;5.06;0.0;0.0
101026;563932;2018-06-20;FRC;F23;;;15;5025;847648830.0;;;4.95;4.93;5.04;4.98;5.04;5.04;0.0;0.0
101027;563933;2018-06-20;FRC;J23;;;0;0;0.0;;;0.0;0.0;0.0;0.0;0.0;5.08;0.0;0.0
101028;563934;2018-06-20;FRC;N23;;;3;1115;185932594.0;;;5.0;5.0;5.0;5.0;5.0;5.09;0.0;0.0
101029;563935;2018-06-20;FRC;F24;;;3;1067;175396244.0;;;5.12;5.12;5.13;5.12;5.13;5.2;0.0;0.0
101030;563936;2018-06-20;FRC;N24;;;2;176;28553879.0;;;5.2;5.2;5.2;5.2;5.2;5.27;0.0;0.0
101031;563937;2018-06-20;FRC;F25;;;15;8078;1291798148.0;;;5.29;5.29;5.35;5.3;5.35;5.35;0.0;0.0
101032;563938;2018-06-20;FRC;F26;;;8;7524;1170237965.0;;;5.46;5.46;5.47;5.46;5.47;5.52;0.0;0.0
101033;563939;2018-06-20;FRC;F27;;;2;168;25452260.0;;;5.59;5.59;5.59;5.59;5.59;5.65;0.0;0.0
101034;563940;2018-06-20;FRC;F28;;;0;0;0.0;;;0.0;0.0;0.0;0.0;0.0;5.8;0.0;0.0
101035;563941;2018-06-20;FRC;F29;;;0;0;0.0;;;0.0;0.0;0.0;0.0;0.0;5.97;0.0;0.0
101036;563942;2018-06-20;FRC;F30;;;0;0;0.0;;;0.0;0.0;0.0;0.0;0.0;6.03;0.0;0.0
101037;564114;2018-06-21;FRC;Q18;;;119;117540;21958611324.0;;;3.6;3.56;3.71;3.67;3.71;3.7;3.68;0.0
101038;564115;2018-06-21;FRC;U18;;;56;69937;13043815628.0;;;3.62;3.61;3.68;3.66;3.68;3.68;3.67;0.0
101039;564116;2018-06-21;FRC;V18;;;42;37618;7004412491.0;;;3.79;3.79;3.86;3.83;3.84;3.84;3.84;0.0
101040;564117;2018-06-21;FRC;X18;;;24;34336;6381315308.0;;;3.93;3.93;4.0;3.96;4.0;4.0;4.0;4.04
101041;564118;2018-06-21;FRC;Z18;;;17;11897;2206792290.0;;;3.97;3.97;4.05;4.04;4.05;4.05;0.0;0.0
101042;564119;2018-06-21;FRC;F19;;;77;48193;8920994046.0;;;4.08;4.08;4.21;4.19;4.21;4.21;0.0;0.0
101043;564120;2018-06-21;FRC;G19;;;17;7539;1392229906.0;;;4.5;4.39;4.5;4.4;4.4;4.4;0.0;0.0
101044;564121;2018-06-21;FRC;H19;;;0;0;0.0;;;0.0;0.0;0.0;0.0;0.0;4.59;0.0;0.0
101045;564122;2018-06-21;FRC;J19;;;27;14256;2620834966.0;;;4.54;4.54;4.65;4.64;4.65;4.65;0.0;0.0
101046;564123;2018-06-21;FRC;K19;;;5;2354;431780903.0;;;4.72;4.72;4.72;4.72;4.72;4.72;0.0;0.0
101047;564124;2018-06-21;FRC;M19;;;2;2348;429672700.0;;;4.78;4.78;4.78;4.78;4.78;4.78;0.0;0.0
101048;564125;2018-06-21;FRC;N19;;;12;4689;856511067.0;;;4.67;4.67;4.81;4.78;4.81;4.81;0.0;0.0
101049;564126;2018-06-21;FRC;V19;;;0;0;0.0;;;0.0;0.0;0.0;0.0;0.0;4.9;4.85;0.0
101050;564127;2018-06-21;FRC;F20;;;24;12391;2233336935.0;;;4.85;4.85;4.99;4.97;4.99;4.99;0.0;0.0
101051;564128;2018-06-21;FRC;J20;;;0;0;0.0;;;0.0;0.0;0.0;0.0;0.0;5.01;0.0;0.0
101052;564129;2018-06-21;FRC;N20;;;7;5152;917336728.0;;;5.0;5.0;5.0;5.0;5.0;5.0;0.0;0.0
101053;564130;2018-06-21;FRC;V20;;;0;0;0.0;;;0.0;0.0;0.0;0.0;0.0;5.04;0.0;0.0
101054;564131;2018-06-21;FRC;F21;;;19;4813;845677801.0;;;5.09;5.07;5.09;5.08;5.09;5.09;0.0;0.0
101055;564132;2018-06-21;FRC;J21;;;2;376;65684228.0;;;5.1;5.1;5.1;5.1;5.1;5.1;0.0;0.0
101056;564133;2018-06-21;FRC;N21;;;0;0;0.0;;;0.0;0.0;0.0;0.0;0.0;5.1;0.0;0.0
101057;564134;2018-06-21;FRC;V21;;;0;0;0.0;;;0.0;0.0;0.0;0.0;0.0;5.11;0.0;0.0
101058;564135;2018-06-21;FRC;F22;;;1;185;31723171.0;;;5.13;5.13;5.13;5.13;5.13;5.13;0.0;0.0
101059;564136;2018-06-21;FRC;J22;;;0;0;0.0;;;0.0;0.0;0.0;0.0;0.0;5.18;0.0;0.0
101060;564137;2018-06-21;FRC;N22;;;0;0;0.0;;;0.0;0.0;0.0;0.0;0.0;5.19;0.0;0.0
101061;564138;2018-06-21;FRC;V22;;;0;0;0.0;;;0.0;0.0;0.0;0.0;0.0;5.2;0.0;0.0
101062;564139;2018-06-21;FRC;F23;;;12;2353;393745860.0;;;5.17;5.17;5.17;5.17;5.17;5.17;0.0;0.0
101063;564140;2018-06-21;FRC;J23;;;0;0;0.0;;;0.0;0.0;0.0;0.0;0.0;5.21;0.0;0.0
101064;564141;2018-06-21;FRC;N23;;;0;0;0.0;;;0.0;0.0;0.0;0.0;0.0;5.22;0.0;0.0
101065;564142;2018-06-21;FRC;F24;;;0;0;0.0;;;0.0;0.0;0.0;0.0;0.0;5.33;0.0;0.0
101066;564143;2018-06-21;FRC;N24;;;0;0;0.0;;;0.0;0.0;0.0;0.0;0.0;5.4;0.0;0.0
101067;564144;2018-06-21;FRC;F25;;;2;69;10950940.0;;;5.37;5.37;5.37;5.37;5.37;5.48;0.0;0.0
101068;564145;2018-06-21;FRC;F26;;;0;0;0.0;;;0.0;0.0;0.0;0.0;0.0;5.64;5.6;0.0
101069;564146;2018-06-21;FRC;F27;;;0;0;0.0;;;0.0;0.0;0.0;0.0;0.0;5.76;0.0;0.0
101070;564147;2018-06-21;FRC;F28;;;0;0;0.0;;;0.0;0.0;0.0;0.0;0.0;5.9;0.0;0.0
101071;564148;2018-06-21;FRC;F29;;;3;483;68344317.0;;;6.06;6.06;6.06;6.06;6.06;6.06;0.0;0.0
101072;564149;2018-06-21;FRC;F30;;;0;0;0.0;;;0.0;0.0;0.0;0.0;0.0;6.12;0.0;0.0
101073;564318;2018-06-22;FRC;Q18;;;210;331974;61642000148.0;;;3.69;3.6;3.77;3.7;3.77;3.77;0.0;0.0
101074;564319;2018-06-22;FRC;U18;;;16;25261;4682743457.0;;;3.66;3.64;3.75;3.67;3.75;3.7;0.0;0.0
101075;564320;2018-06-22;FRC;V18;;;13;13891;2570601419.0;;;3.9;3.89;3.9;3.89;3.89;3.89;0.0;0.0
101076;564321;2018-06-22;FRC;X18;;;14;9356;1727988063.0;;;4.05;4.04;4.06;4.05;4.06;4.05;0.0;0.0
101077;564322;2018-06-22;FRC;Z18;;;14;5550;1023128342.0;;;4.05;4.05;4.1;4.09;4.1;4.1;0.0;0.0
101078;564323;2018-06-22;FRC;F19;;;38;33066;6082480363.0;;;4.21;4.17;4.29;4.26;4.29;4.29;0.0;0.0
101079;564324;2018-06-22;FRC;G19;;;12;9671;1774654529.0;;;4.4;4.4;4.5;4.48;4.5;4.5;0.0;0.0
101080;564325;2018-06-22;FRC;H19;;;13;4137;757410800.0;;;4.62;4.62;4.67;4.65;4.67;4.67;0.0;0.0
101081;564326;2018-06-22;FRC;J19;;;36;24776;4526687254.0;;;4.65;4.65;4.73;4.68;4.73;4.73;0.0;0.0
101082;564327;2018-06-22;FRC;K19;;;6;1705;310684457.0;;;4.84;4.82;4.84;4.83;4.82;4.84;0.0;0.0
101083;564328;2018-06-22;FRC;M19;;;9;2740;498077585.0;;;4.91;4.91;4.91;4.91;4.91;4.91;0.0;0.0
101084;564329;2018-06-22;FRC;N19;;;8;3787;687249002.0;;;4.79;4.79;4.96;4.86;4.96;4.96;0.0;0.0
101085;564330;2018-06-22;FRC;V19;;;5;1164;209729222.0;;;5.05;5.05;5.05;5.05;5.05;5.05;0.0;0.0
101086;564331;2018-06-22;FRC;F20;;;8;10408;1862430314.0;;;5.13;5.13;5.13;5.13;5.13;5.13;0.0;5.11
101087;564332;2018-06-22;FRC;J20;;;3;7865;1400284279.0;;;5.13;5.0;5.13;5.0;5.0;5.15;0.0;0.0
101088;564333;2018-06-22;FRC;N20;;;9;5532;978580762.0;;;5.0;5.0;5.14;5.04;5.14;5.14;0.0;0.0
101089;564334;2018-06-22;FRC;V20;;;0;0;0.0;;;0.0;0.0;0.0;0.0;0.0;5.16;0.0;0.0
101090;564335;2018-06-22;FRC;F21;;;15;15983;2790563483.0;;;5.09;5.09;5.18;5.1;5.18;5.18;0.0;0.0
101091;564336;2018-06-22;FRC;J21;;;2;4333;752230935.0;;;5.1;5.1;5.1;5.1;5.1;5.17;0.0;0.0
101092;564337;2018-06-22;FRC;N21;;;13;2793;481648597.0;;;5.14;5.14;5.14;5.14;5.14;5.14;0.0;0.0
101093;564338;2018-06-22;FRC;V21;;;0;0;0.0;;;0.0;0.0;0.0;0.0;0.0;5.17;0.0;0.0
101094;564339;2018-06-22;FRC;F22;;;7;6080;1034216447.0;;;5.22;5.22;5.25;5.23;5.22;5.22;5.18;0.0
101095;564340;2018-06-22;FRC;J22;;;0;0;0.0;;;0.0;0.0;0.0;0.0;0.0;5.23;0.0;0.0
101096;564341;2018-06-22;FRC;N22;;;4;1953;328570898.0;;;5.19;5.19;5.19;5.19;5.19;5.19;0.0;0.0
101097;564342;2018-06-22;FRC;V22;;;0;0;0.0;;;0.0;0.0;0.0;0.0;0.0;5.21;0.0;0.0
101098;564343;2018-06-22;FRC;F23;;;16;14598;2427600705.0;;;5.17;5.17;5.19;5.17;5.17;5.19;0.0;0.0
101099;564344;2018-06-22;FRC;J23;;;2;594;98136716.0;;;5.21;5.21;5.21;5.21;5.21;5.22;0.0;0.0
101100;564345;2018-06-22;FRC;N23;;;2;161;26450279.0;;;5.19;5.19;5.19;5.19;5.19;5.22;0.0;0.0
101101;564346;2018-06-22;FRC;F24;;;9;2301;372610400.0;;;5.31;5.31;5.31;5.31;5.31;5.31;0.0;0.0
101102;564347;2018-06-22;FRC;N24;;;0;0;0.0;;;0.0;0.0;0.0;0.0;0.0;5.37;0.0;0.0
101103;564348;2018-06-22;FRC;F25;;;8;2778;437994807.0;;;5.44;5.44;5.44;5.44;5.44;5.44;0.0;0.0
101104;564349;2018-06-22;FRC;F26;;;0;0;0.0;;;0.0;0.0;0.0;0.0;0.0;5.6;0.0;0.0
101105;564350;2018-06-22;FRC;F27;;;0;0;0.0;;;0.0;0.0;0.0;0.0;0.0;5.72;0.0;0.0
101106;564351;2018-06-22;FRC;F28;;;0;0;0.0;;;0.0;0.0;0.0;0.0;0.0;5.86;0.0;0.0
101107;564352;2018-06-22;FRC;F29;;;0;0;0.0;;;0.0;0.0;0.0;0.0;0.0;6.02;0.0;0.0
101108;564353;2018-06-22;FRC;F30;;;0;0;0.0;;;0.0;0.0;0.0;0.0;0.0;6.08;0.0;0.0
101109;564522;2018-06-25;FRC;Q18;;;200;248837;46786777738.0;;;3.7;3.5;3.7;3.59;3.6;3.62;3.5;3.64
101110;564523;2018-06-25;FRC;U18;;;13;28729;5392826798.0;;;3.52;3.52;3.65;3.59;3.63;3.63;0.0;3.63
101111;564524;2018-06-25;FRC;V18;;;21;25476;4774308771.0;;;3.74;3.74;3.84;3.78;3.8;3.8;3.74;3.8
101112;564525;2018-06-25;FRC;X18;;;11;13509;2526890124.0;;;3.92;3.9;3.96;3.93;3.96;3.96;0.0;0.0
101113;564526;2018-06-25;FRC;Z18;;;18;15669;2925537283.0;;;3.98;3.97;3.98;3.97;3.98;3.98;0.0;0.0
101114;564527;2018-06-25;FRC;F19;;;45;53479;9963513516.0;;;4.2;4.12;4.24;4.17;4.12;4.17;4.13;0.0
101115;564528;2018-06-25;FRC;G19;;;18;22923;4260511882.0;;;4.39;4.33;4.5;4.39;4.33;4.33;0.0;0.0
101116;564529;2018-06-25;FRC;H19;;;9;5910;1096167349.0;;;4.51;4.51;4.51;4.51;4.51;4.51;0.0;0.0
101117;564530;2018-06-25;FRC;J19;;;14;11838;2191074029.0;;;4.56;4.56;4.56;4.56;4.56;4.56;4.51;4.56
101118;564531;2018-06-25;FRC;K19;;;0;0;0.0;;;0.0;0.0;0.0;0.0;0.0;4.67;0.0;0.0
101119;564532;2018-06-25;FRC;M19;;;0;0;0.0;;;0.0;0.0;0.0;0.0;0.0;4.75;0.0;0.0
101120;564533;2018-06-25;FRC;N19;;;5;4043;743041151.0;;;4.87;4.8;4.87;4.84;4.8;4.8;0.0;0.0
101121;564534;2018-06-25;FRC;V19;;;6;1455;265663244.0;;;4.98;4.92;4.98;4.92;4.92;4.92;0.0;0.0
101122;564535;2018-06-25;FRC;F20;;;21;8933;1619907298.0;;;5.08;5.0;5.09;5.02;5.0;5.0;0.0;5.0
101123;564536;2018-06-25;FRC;J20;;;2;384;69220552.0;;;5.02;5.02;5.02;5.02;5.02;5.02;0.0;0.0
101124;564537;2018-06-25;FRC;N20;;;6;2289;409991170.0;;;5.06;5.04;5.06;5.05;5.04;5.04;0.0;0.0
101125;564538;2018-06-25;FRC;V20;;;0;0;0.0;;;0.0;0.0;0.0;0.0;0.0;5.07;0.0;0.0
101126;564539;2018-06-25;FRC;F21;;;6;1134;200528814.0;;;5.1;5.1;5.1;5.1;5.1;5.1;0.0;0.0
101127;564540;2018-06-25;FRC;J21;;;1;188;33049477.0;;;5.11;5.11;5.11;5.11;5.11;5.11;0.0;0.0
101128;564541;2018-06-25;FRC;N21;;;3;561;98031324.0;;;5.11;5.11;5.11;5.11;5.11;5.11;0.0;5.11
101129;564542;2018-06-25;FRC;V21;;;0;0;0.0;;;0.0;0.0;0.0;0.0;0.0;5.13;0.0;0.0
101130;564543;2018-06-25;FRC;F22;;;9;1805;311237476.0;;;5.16;5.16;5.16;5.16;5.16;5.16;0.0;0.0
101131;564544;2018-06-25;FRC;J22;;;0;0;0.0;;;0.0;0.0;0.0;0.0;0.0;5.19;0.0;0.0
101132;564545;2018-06-25;FRC;N22;;;1;183;31193659.0;;;5.17;5.17;5.17;5.17;5.17;5.17;0.0;0.0
101133;564546;2018-06-25;FRC;V22;;;0;0;0.0;;;0.0;0.0;0.0;0.0;0.0;5.2;0.0;0.0
101134;564547;2018-06-25;FRC;F23;;;10;2172;365725901.0;;;5.18;5.18;5.18;5.18;5.18;5.18;0.0;0.0
101135;564548;2018-06-25;FRC;J23;;;0;0;0.0;;;0.0;0.0;0.0;0.0;0.0;5.21;0.0;0.0
101136;564549;2018-06-25;FRC;N23;;;0;0;0.0;;;0.0;0.0;0.0;0.0;0.0;5.21;0.0;0.0
101137;564550;2018-06-25;FRC;F24;;;5;1062;174208473.0;;;5.29;5.29;5.29;5.29;5.29;5.29;0.0;0.0
101138;564551;2018-06-25;FRC;N24;;;0;0;0.0;;;0.0;0.0;0.0;0.0;0.0;5.35;0.0;0.0
101139;564552;2018-06-25;FRC;F25;;;2;156;24915293.0;;;5.41;5.41;5.41;5.41;5.41;5.43;0.0;0.0
101140;564553;2018-06-25;FRC;F26;;;0;0;0.0;;;0.0;0.0;0.0;0.0;0.0;5.6;0.0;0.0
101141;564554;2018-06-25;FRC;F27;;;4;668;100855676.0;;;5.73;5.73;5.73;5.73;5.73;5.73;0.0;0.0
101142;564555;2018-06-25;FRC;F28;;;0;0;0.0;;;0.0;0.0;0.0;0.0;0.0;5.87;0.0;0.0
101143;564556;2018-06-25;FRC;F29;;;0;0;0.0;;;0.0;0.0;0.0;0.0;0.0;6.03;0.0;0.0
101144;564557;2018-06-25;FRC;F30;;;0;0;0.0;;;0.0;0.0;0.0;0.0;0.0;6.09;0.0;0.0
101145;564726;2018-06-26;FRC;Q18;;;235;339081;64011427990.0;;;3.6;3.52;3.61;3.54;3.53;3.53;3.45;3.53
101146;564727;2018-06-26;FRC;U18;;;13;14896;2807523239.0;;;3.53;3.53;3.54;3.53;3.54;3.54;3.48;0.0
101147;564728;2018-06-26;FRC;V18;;;36;22333;4202534544.0;;;3.7;3.7;3.71;3.7;3.7;3.7;3.65;3.7
101148;564729;2018-06-26;FRC;X18;;;7;5046;947736800.0;;;3.89;3.85;3.89;3.87;3.87;3.87;0.0;0.0
101149;564730;2018-06-26;FRC;Z18;;;21;29950;5615124267.0;;;3.93;3.9;3.93;3.91;3.9;3.9;0.0;0.0
101150;564731;2018-06-26;FRC;F19;;;38;37241;6967804327.0;;;4.09;4.05;4.1;4.08;4.08;4.08;0.0;0.0
101151;564732;2018-06-26;FRC;G19;;;8;3755;701048735.0;;;4.24;4.24;4.24;4.24;4.24;4.24;0.0;0.0
101152;564733;2018-06-26;FRC;H19;;;11;6150;1145692961.0;;;4.4;4.4;4.4;4.4;4.4;4.4;0.0;0.0
101153;564734;2018-06-26;FRC;J19;;;26;17317;3219284080.0;;;4.56;4.42;4.56;4.46;4.42;4.42;0.0;0.0
101154;564735;2018-06-26;FRC;K19;;;0;0;0.0;;;0.0;0.0;0.0;0.0;0.0;4.54;0.0;0.0
101155;564736;2018-06-26;FRC;M19;;;0;0;0.0;;;0.0;0.0;0.0;0.0;0.0;4.63;0.0;0.0
101156;564737;2018-06-26;FRC;N19;;;28;25286;4669111192.0;;;4.72;4.68;4.72;4.7;4.72;4.68;0.0;0.0
101157;564738;2018-06-26;FRC;V19;;;0;0;0.0;;;0.0;0.0;0.0;0.0;0.0;4.82;0.0;0.0
101158;564739;2018-06-26;FRC;F20;;;22;12024;2190873016.0;;;4.91;4.9;4.92;4.91;4.92;4.92;0.0;0.0
101159;564740;2018-06-26;FRC;J20;;;3;10653;1929289175.0;;;4.94;4.94;4.94;4.94;4.94;4.94;0.0;0.0
101160;564741;2018-06-26;FRC;N20;;;10;2674;481271161.0;;;4.97;4.97;4.97;4.97;4.97;4.97;0.0;0.0
101161;564742;2018-06-26;FRC;V20;;;0;0;0.0;;;0.0;0.0;0.0;0.0;0.0;5.0;0.0;0.0
101162;564743;2018-06-26;FRC;F21;;;16;4851;861889162.0;;;5.03;5.02;5.03;5.02;5.03;5.03;0.0;0.0
101163;564744;2018-06-26;FRC;J21;;;0;0;0.0;;;0.0;0.0;0.0;0.0;0.0;5.04;0.0;0.0
101164;564745;2018-06-26;FRC;N21;;;9;2614;458984519.0;;;5.04;5.04;5.04;5.04;5.04;5.04;0.0;0.0
101165;564746;2018-06-26;FRC;V21;;;0;0;0.0;;;0.0;0.0;0.0;0.0;0.0;5.07;0.0;0.0
101166;564747;2018-06-26;FRC;F22;;;6;1330;230554453.0;;;5.1;5.09;5.1;5.09;5.09;5.11;0.0;0.0
101167;564748;2018-06-26;FRC;J22;;;0;0;0.0;;;0.0;0.0;0.0;0.0;0.0;5.14;0.0;0.0
101168;564749;2018-06-26;FRC;N22;;;1;18;3075065.0;;;5.17;5.17;5.17;5.17;5.17;5.13;0.0;0.0
101169;564750;2018-06-26;FRC;V22;;;0;0;0.0;;;0.0;0.0;0.0;0.0;0.0;5.17;0.0;0.0
101170;564751;2018-06-26;FRC;F23;;;18;3059;517437136.0;;;5.15;5.15;5.15;5.15;5.15;5.15;5.1;0.0
101171;564752;2018-06-26;FRC;J23;;;0;0;0.0;;;0.0;0.0;0.0;0.0;0.0;5.18;0.0;0.0
101172;564753;2018-06-26;FRC;N23;;;0;0;0.0;;;0.0;0.0;0.0;0.0;0.0;5.19;0.0;0.0
101173;564754;2018-06-26;FRC;F24;;;1;18;2972573.0;;;5.28;5.28;5.28;5.28;5.28;5.28;0.0;0.0
101174;564755;2018-06-26;FRC;N24;;;0;0;0.0;;;0.0;0.0;0.0;0.0;0.0;5.35;0.0;0.0
101175;564756;2018-06-26;FRC;F25;;;12;3510;562752484.0;;;5.42;5.42;5.44;5.43;5.44;5.44;0.0;0.0
101176;564757;2018-06-26;FRC;F26;;;3;3045;474507339.0;;;5.6;5.6;5.6;5.6;5.6;5.61;0.0;0.0
101177;564758;2018-06-26;FRC;F27;;;6;2437;369130192.0;;;5.76;5.75;5.76;5.75;5.75;5.75;0.0;0.0
101178;564759;2018-06-26;FRC;F28;;;3;3262;481067403.0;;;5.83;5.83;5.87;5.84;5.87;5.89;0.0;0.0
101179;564760;2018-06-26;FRC;F29;;;2;612;87680292.0;;;6.0;6.0;6.0;6.0;6.0;6.05;0.0;0.0
101180;564761;2018-06-26;FRC;F30;;;0;0;0.0;;;0.0;0.0;0.0;0.0;0.0;6.11;0.0;0.0
101181;564930;2018-06-27;FRC;Q18;;;267;369052;70370700757.0;;;3.42;3.17;3.45;3.25;3.2;3.19;3.19;3.23
101182;564931;2018-06-27;FRC;U18;;;59;30843;5872105702.0;;;3.36;3.26;3.38;3.3;3.26;3.26;0.0;0.0
101183;564932;2018-06-27;FRC;V18;;;7;6213;1181085383.0;;;3.52;3.48;3.55;3.48;3.48;3.48;0.0;0.0
101184;564933;2018-06-27;FRC;X18;;;6;7952;1508854896.0;;;3.7;3.68;3.7;3.69;3.68;3.68;0.0;0.0
101185;564934;2018-06-27;FRC;Z18;;;10;3172;600782369.0;;;3.9;3.7;3.9;3.76;3.7;3.7;0.0;0.0
101186;564935;2018-06-27;FRC;F19;;;22;27388;5177334679.0;;;4.08;3.89;4.08;3.91;3.89;3.89;3.85;3.89
101187;564936;2018-06-27;FRC;G19;;;26;22036;4156901207.0;;;4.24;4.04;4.24;4.07;4.04;4.04;0.0;0.0
101188;564937;2018-06-27;FRC;H19;;;12;6311;1188162307.0;;;4.2;4.2;4.2;4.2;4.2;4.2;0.0;0.0
101189;564938;2018-06-27;FRC;J19;;;17;7976;1498696359.0;;;4.3;4.24;4.3;4.24;4.24;4.24;0.0;0.0
101190;564939;2018-06-27;FRC;K19;;;4;2553;478570480.0;;;4.43;4.38;4.43;4.38;4.38;4.38;4.36;0.0
101191;564940;2018-06-27;FRC;M19;;;0;0;0.0;;;0.0;0.0;0.0;0.0;0.0;4.49;4.48;0.0
101192;564941;2018-06-27;FRC;N19;;;17;6515;1215880814.0;;;4.6;4.55;4.6;4.55;4.55;4.55;4.55;0.0
101193;564942;2018-06-27;FRC;V19;;;5;1165;215933501.0;;;4.75;4.72;4.75;4.73;4.72;4.7;4.7;0.0
101194;564943;2018-06-27;FRC;F20;;;18;19610;3609127884.0;;;4.92;4.82;4.92;4.89;4.82;4.82;4.8;0.0
101195;564944;2018-06-27;FRC;J20;;;0;0;0.0;;;0.0;0.0;0.0;0.0;0.0;4.84;0.0;0.0
101196;564945;2018-06-27;FRC;N20;;;0;0;0.0;;;0.0;0.0;0.0;0.0;0.0;4.87;0.0;0.0
101197;564946;2018-06-27;FRC;V20;;;0;0;0.0;;;0.0;0.0;0.0;0.0;0.0;4.9;0.0;0.0
101198;564947;2018-06-27;FRC;F21;;;13;22911;4112647652.0;;;5.03;4.93;5.03;4.99;4.93;4.93;4.9;0.0
101199;564948;2018-06-27;FRC;J21;;;0;0;0.0;;;0.0;0.0;0.0;0.0;0.0;4.96;0.0;0.0
101200;564949;2018-06-27;FRC;N21;;;3;4668;827785873.0;;;5.04;5.04;5.04;5.04;5.04;4.98;0.0;0.0
101201;564950;2018-06-27;FRC;V21;;;0;0;0.0;;;0.0;0.0;0.0;0.0;0.0;4.99;0.0;0.0
101202;564951;2018-06-27;FRC;F22;;;9;2590;454126194.0;;;5.0;5.0;5.0;5.0;5.0;5.0;0.0;0.0
101203;564952;2018-06-27;FRC;J22;;;0;0;0.0;;;0.0;0.0;0.0;0.0;0.0;5.04;0.0;0.0
101204;564953;2018-06-27;FRC;N22;;;0;0;0.0;;;0.0;0.0;0.0;0.0;0.0;5.04;0.0;0.0
101205;564954;2018-06-27;FRC;V22;;;0;0;0.0;;;0.0;0.0;0.0;0.0;0.0;5.1;0.0;0.0
101206;564955;2018-06-27;FRC;F23;;;12;2353;402387928.0;;;5.13;5.09;5.13;5.09;5.09;5.09;0.0;0.0
101207;564956;2018-06-27;FRC;J23;;;0;0;0.0;;;0.0;0.0;0.0;0.0;0.0;5.13;0.0;0.0
101208;564957;2018-06-27;FRC;N23;;;0;0;0.0;;;0.0;0.0;0.0;0.0;0.0;5.15;0.0;0.0
101209;564958;2018-06-27;FRC;F24;;;0;0;0.0;;;0.0;0.0;0.0;0.0;0.0;5.25;0.0;0.0
101210;564959;2018-06-27;FRC;N24;;;0;0;0.0;;;0.0;0.0;0.0;0.0;0.0;5.33;0.0;0.0
101211;564960;2018-06-27;FRC;F25;;;5;2779;449996504.0;;;5.43;5.43;5.43;5.43;5.43;5.43;0.0;0.0
101212;564961;2018-06-27;FRC;F26;;;0;0;0.0;;;0.0;0.0;0.0;0.0;0.0;5.6;0.0;0.0
101213;564962;2018-06-27;FRC;F27;;;0;0;0.0;;;0.0;0.0;0.0;0.0;0.0;5.75;0.0;0.0
101214;564963;2018-06-27;FRC;F28;;;0;0;0.0;;;0.0;0.0;0.0;0.0;0.0;5.89;0.0;0.0
101215;564964;2018-06-27;FRC;F29;;;0;0;0.0;;;0.0;0.0;0.0;0.0;0.0;6.05;0.0;0.0
101216;564965;2018-06-27;FRC;F30;;;0;0;0.0;;;0.0;0.0;0.0;0.0;0.0;6.11;0.0;0.0
101217;565134;2018-06-28;FRC;U18;;;9;7451;1426356753.0;;;3.33;3.13;3.33;3.15;3.13;3.13;0.0;0.0
101218;565135;2018-06-28;FRC;V18;;;4;1196;228597716.0;;;3.4;3.4;3.4;3.4;3.4;3.4;0.0;0.0
101219;565136;2018-06-28;FRC;X18;;;6;1035;197418161.0;;;3.75;3.75;3.75;3.75;3.75;3.62;0.0;0.0
101220;565137;2018-06-28;FRC;Z18;;;8;1433;272902267.0;;;3.73;3.72;3.73;3.72;3.72;3.61;0.0;0.0
101221;565138;2018-06-28;FRC;F19;;;18;9402;1787133192.0;;;4.02;3.82;4.02;3.85;3.82;3.82;0.0;0.0
101222;565139;2018-06-28;FRC;G19;;;10;4178;792654048.0;;;4.05;3.96;4.05;3.96;3.96;3.96;0.0;0.0
101223;565140;2018-06-28;FRC;H19;;;12;9093;1721588066.0;;;4.2;4.11;4.2;4.12;4.11;4.13;0.0;0.0
101224;565141;2018-06-28;FRC;J19;;;14;7279;1375674817.0;;;4.36;4.12;4.36;4.13;4.12;4.13;0.0;0.0
101225;565142;2018-06-28;FRC;K19;;;0;0;0.0;;;0.0;0.0;0.0;0.0;0.0;4.27;0.0;0.0
101226;565143;2018-06-28;FRC;M19;;;2;1984;373238673.0;;;4.61;4.36;4.61;4.36;4.36;4.39;0.0;0.0
101227;565144;2018-06-28;FRC;N19;;;27;13720;2575779091.0;;;4.44;4.44;4.44;4.44;4.44;4.44;0.0;0.0
101228;565145;2018-06-28;FRC;V19;;;7;2339;436200493.0;;;4.63;4.63;4.63;4.63;4.63;4.63;0.0;0.0
101229;565146;2018-06-28;FRC;F20;;;4;2166;401035856.0;;;4.9;4.73;4.9;4.81;4.73;4.74;0.0;0.0
101230;565147;2018-06-28;FRC;J20;;;0;0;0.0;;;0.0;0.0;0.0;0.0;0.0;4.76;0.0;0.0
101231;565148;2018-06-28;FRC;N20;;;4;1531;280299661.0;;;4.78;4.78;4.78;4.78;4.78;4.78;0.0;0.0
101232;565149;2018-06-28;FRC;V20;;;0;0;0.0;;;0.0;0.0;0.0;0.0;0.0;4.81;0.0;0.0
101233;565150;2018-06-28;FRC;F21;;;9;16965;3067320034.0;;;4.98;4.84;4.98;4.84;4.84;4.84;0.0;0.0
101234;565151;2018-06-28;FRC;J21;;;2;376;67581106.0;;;4.87;4.87;4.87;4.87;4.87;4.87;0.0;0.0
101235;565152;2018-06-28;FRC;N21;;;0;0;0.0;;;0.0;0.0;0.0;0.0;0.0;4.9;0.0;0.0
101236;565153;2018-06-28;FRC;V21;;;0;0;0.0;;;0.0;0.0;0.0;0.0;0.0;4.91;0.0;0.0
101237;565154;2018-06-28;FRC;F22;;;3;555;97936321.0;;;4.93;4.93;4.93;4.93;4.93;4.93;0.0;0.0
101238;565155;2018-06-28;FRC;J22;;;0;0;0.0;;;0.0;0.0;0.0;0.0;0.0;4.98;0.0;0.0
101239;565156;2018-06-28;FRC;N22;;;0;0;0.0;;;0.0;0.0;0.0;0.0;0.0;4.99;0.0;0.0
101240;565157;2018-06-28;FRC;V22;;;0;0;0.0;;;0.0;0.0;0.0;0.0;0.0;5.05;0.0;0.0
101241;565158;2018-06-28;FRC;F23;;;8;10441;1797966054.0;;;5.11;5.02;5.11;5.02;5.02;5.05;0.0;0.0
101242;565159;2018-06-28;FRC;J23;;;0;0;0.0;;;0.0;0.0;0.0;0.0;0.0;5.1;0.0;0.0
101243;565160;2018-06-28;FRC;N23;;;0;0;0.0;;;0.0;0.0;0.0;0.0;0.0;5.13;0.0;0.0
101244;565161;2018-06-28;FRC;F24;;;5;3554;595292639.0;;;5.24;5.24;5.24;5.24;5.24;5.24;0.0;0.0
101245;565162;2018-06-28;FRC;N24;;;2;2041;337540650.0;;;5.29;5.29;5.29;5.29;5.29;5.32;0.0;0.0
101246;565163;2018-06-28;FRC;F25;;;14;9878;1608713538.0;;;5.44;5.42;5.44;5.42;5.42;5.42;0.0;0.0
101247;565164;2018-06-28;FRC;F26;;;0;0;0.0;;;0.0;0.0;0.0;0.0;0.0;5.6;0.0;0.0
101248;565165;2018-06-28;FRC;F27;;;1;167;25680682.0;;;5.76;5.76;5.76;5.76;5.76;5.76;0.0;0.0
101249;565166;2018-06-28;FRC;F28;;;0;0;0.0;;;0.0;0.0;0.0;0.0;0.0;5.9;0.0;0.0
101250;565167;2018-06-28;FRC;F29;;;0;0;0.0;;;0.0;0.0;0.0;0.0;0.0;6.06;0.0;0.0
101251;565168;2018-06-28;FRC;F30;;;0;0;0.0;;;0.0;0.0;0.0;0.0;0.0;6.11;0.0;0.0
101252;565337;2018-06-29;FRC;U18;;;19;24227;4659839361.0;;;3.15;3.04;3.15;3.04;3.04;3.04;0.0;0.0
101253;565338;2018-06-29;FRC;V18;;;12;14817;2845639843.0;;;3.35;3.29;3.35;3.29;3.29;3.29;0.0;0.0
101254;565339;2018-06-29;FRC;X18;;;6;5000;958601248.0;;;3.62;3.48;3.62;3.48;3.48;3.48;0.0;0.0
101255;565340;2018-06-29;FRC;Z18;;;7;40756;7801588493.0;;;3.49;3.49;3.49;3.49;3.49;3.49;0.0;0.0
101256;565341;2018-06-29;FRC;F19;;;34;44348;8472292831.0;;;3.79;3.7;3.79;3.7;3.7;3.7;0.0;0.0
101257;565342;2018-06-29;FRC;G19;;;4;8121;1548413222.0;;;3.85;3.85;3.85;3.85;3.85;3.85;3.85;0.0
101258;565343;2018-06-29;FRC;H19;;;1;9133;1737695639.0;;;4.04;4.04;4.04;4.04;4.04;4.03;0.0;4.05
101259;565344;2018-06-29;FRC;J19;;;4;1914;363452825.0;;;4.13;4.04;4.13;4.1;4.05;4.04;0.0;0.0
101260;565345;2018-06-29;FRC;K19;;;13;4333;821048985.0;;;4.26;4.18;4.26;4.2;4.18;4.18;0.0;0.0
101261;565346;2018-06-29;FRC;M19;;;0;0;0.0;;;0.0;0.0;0.0;0.0;0.0;4.32;0.0;0.0
101262;565347;2018-06-29;FRC;N19;;;13;4548;858075110.0;;;4.38;4.38;4.38;4.38;4.38;4.38;0.0;4.38
101263;565348;2018-06-29;FRC;V19;;;8;1560;292374233.0;;;4.58;4.58;4.58;4.58;4.58;4.58;0.0;0.0
101264;565349;2018-06-29;FRC;F20;;;27;19911;3707765446.0;;;4.7;4.67;4.7;4.67;4.67;4.67;0.0;0.0
101265;565350;2018-06-29;FRC;J20;;;1;3699;684867329.0;;;4.69;4.69;4.69;4.69;4.69;4.7;0.0;0.0
101266;565351;2018-06-29;FRC;N20;;;14;15521;2856391571.0;;;4.73;4.73;4.73;4.73;4.73;4.73;0.0;0.0
101267;565352;2018-06-29;FRC;V20;;;2;8001;1463378140.0;;;4.77;4.77;4.77;4.77;4.77;4.77;0.0;0.0
101268;565353;2018-06-29;FRC;F21;;;20;9031;1641193656.0;;;4.79;4.79;4.81;4.8;4.81;4.81;0.0;0.0
101269;565354;2018-06-29;FRC;J21;;;0;0;0.0;;;0.0;0.0;0.0;0.0;0.0;4.84;0.0;0.0
101270;565355;2018-06-29;FRC;N21;;;1;750;134679865.0;;;4.87;4.87;4.87;4.87;4.87;4.87;0.0;0.0
101271;565356;2018-06-29;FRC;V21;;;0;0;0.0;;;0.0;0.0;0.0;0.0;0.0;4.88;0.0;0.0
101272;565357;2018-06-29;FRC;F22;;;5;5044;894820749.0;;;4.9;4.9;4.91;4.9;4.9;4.9;0.0;0.0
101273;565358;2018-06-29;FRC;J22;;;2;1917;337746009.0;;;4.98;4.98;4.98;4.98;4.98;4.95;0.0;0.0
101274;565359;2018-06-29;FRC;N22;;;3;1980;346612632.0;;;5.02;4.99;5.02;5.01;4.99;4.96;0.0;0.0
101275;565360;2018-06-29;FRC;V22;;;0;0;0.0;;;0.0;0.0;0.0;0.0;0.0;5.03;0.0;0.0
101276;565361;2018-06-29;FRC;F23;;;14;3506;606524540.0;;;5.04;5.02;5.04;5.03;5.03;5.03;0.0;5.03
101277;565362;2018-06-29;FRC;J23;;;0;0;0.0;;;0.0;0.0;0.0;0.0;0.0;5.08;0.0;0.0
101278;565363;2018-06-29;FRC;N23;;;0;0;0.0;;;0.0;0.0;0.0;0.0;0.0;5.11;0.0;5.11
101279;565364;2018-06-29;FRC;F24;;;6;1583;266505149.0;;;5.22;5.22;5.23;5.22;5.23;5.22;0.0;0.0
101280;565365;2018-06-29;FRC;N24;;;0;0;0.0;;;0.0;0.0;0.0;0.0;0.0;5.32;0.0;5.32
101281;565366;2018-06-29;FRC;F25;;;6;1563;255590579.0;;;5.42;5.42;5.44;5.43;5.44;5.44;0.0;0.0
101282;565367;2018-06-29;FRC;F26;;;2;34;5400907.0;;;5.62;5.62;5.62;5.62;5.62;5.62;5.62;0.0
101283;565368;2018-06-29;FRC;F27;;;1;17;2636498.0;;;5.78;5.78;5.78;5.78;5.78;5.78;0.0;5.78
101284;565369;2018-06-29;FRC;F28;;;2;4112;617060706.0;;;5.92;5.92;5.92;5.92;5.92;5.92;0.0;0.0
101285;565370;2018-06-29;FRC;F29;;;0;0;0.0;;;0.0;0.0;0.0;0.0;0.0;6.08;6.08;0.0
101286;565371;2018-06-29;FRC;F30;;;0;0;0.0;;;0.0;0.0;0.0;0.0;0.0;6.13;0.0;0.0
101287;565537;2018-07-02;FRC;U18;;;1;120;23214279.0;;;3.04;3.04;3.04;3.04;3.04;3.12;3.04;3.09
101288;565538;2018-07-02;FRC;V18;;;9;15257;2946947421.0;;;3.29;3.29;3.36;3.32;3.32;3.37;0.0;0.0
101289;565539;2018-07-02;FRC;X18;;;8;4857;936443038.0;;;3.48;3.48;3.56;3.55;3.56;3.56;0.0;0.0
101290;565540;2018-07-02;FRC;Z18;;;7;3202;616396752.0;;;3.49;3.49;3.56;3.55;3.56;3.56;0.0;0.0
101291;565541;2018-07-02;FRC;F19;;;15;7837;1505544496.0;;;3.7;3.7;3.79;3.78;3.79;3.79;3.75;0.0
101292;565542;2018-07-02;FRC;G19;;;1;416;79777844.0;;;3.85;3.85;3.85;3.85;3.85;3.93;0.0;0.0
101293;565543;2018-07-02;FRC;H19;;;7;3204;613038117.0;;;4.03;4.03;4.1;4.09;4.1;4.1;0.0;0.0
101294;565544;2018-07-02;FRC;J19;;;10;5208;994593045.0;;;4.04;4.04;4.14;4.13;4.14;4.14;0.0;4.13
101295;565545;2018-07-02;FRC;K19;;;0;0;0.0;;;0.0;0.0;0.0;0.0;0.0;4.28;0.0;0.0
101296;565546;2018-07-02;FRC;M19;;;0;0;0.0;;;0.0;0.0;0.0;0.0;0.0;4.41;0.0;0.0
101297;565547;2018-07-02;FRC;N19;;;11;4745;900201949.0;;;4.38;4.38;4.47;4.43;4.47;4.47;0.0;0.0
101298;565548;2018-07-02;FRC;V19;;;1;58;10930342.0;;;4.58;4.58;4.58;4.58;4.58;4.68;0.0;0.0
101299;565549;2018-07-02;FRC;F20;;;11;4066;761071488.0;;;4.67;4.67;4.78;4.76;4.78;4.78;0.0;0.0
101300;565550;2018-07-02;FRC;J20;;;6;1345;250158716.0;;;4.83;4.83;4.83;4.83;4.83;4.83;0.0;0.0
101301;565551;2018-07-02;FRC;N20;;;3;229;42340778.0;;;4.73;4.73;4.85;4.83;4.85;4.85;0.0;0.0
101302;565552;2018-07-02;FRC;V20;;;0;0;0.0;;;0.0;0.0;0.0;0.0;0.0;4.88;0.0;0.0
101303;565553;2018-07-02;FRC;F21;;;1;76;13894745.0;;;4.81;4.81;4.81;4.81;4.81;4.91;0.0;0.0
101304;565554;2018-07-02;FRC;J21;;;0;0;0.0;;;0.0;0.0;0.0;0.0;0.0;4.94;0.0;0.0
101305;565555;2018-07-02;FRC;N21;;;0;0;0.0;;;0.0;0.0;0.0;0.0;0.0;4.96;0.0;0.0
101306;565556;2018-07-02;FRC;V21;;;0;0;0.0;;;0.0;0.0;0.0;0.0;0.0;4.96;0.0;0.0
101307;565557;2018-07-02;FRC;F22;;;4;131;23394862.0;;;4.9;4.9;4.9;4.9;4.9;4.98;0.0;0.0
101308;565558;2018-07-02;FRC;J22;;;0;0;0.0;;;0.0;0.0;0.0;0.0;0.0;5.03;0.0;0.0
101309;565559;2018-07-02;FRC;N22;;;0;0;0.0;;;0.0;0.0;0.0;0.0;0.0;5.03;0.0;0.0
101310;565560;2018-07-02;FRC;V22;;;0;0;0.0;;;0.0;0.0;0.0;0.0;0.0;5.09;0.0;0.0
101311;565561;2018-07-02;FRC;F23;;;10;1867;324487196.0;;;5.03;5.0;5.09;5.08;5.09;5.09;0.0;0.0
101312;565562;2018-07-02;FRC;J23;;;0;0;0.0;;;0.0;0.0;0.0;0.0;0.0;5.14;0.0;0.0
101313;565563;2018-07-02;FRC;N23;;;0;0;0.0;;;0.0;0.0;0.0;0.0;0.0;5.17;0.0;0.0
101314;565564;2018-07-02;FRC;F24;;;1;18;3053896.0;;;5.22;5.22;5.22;5.22;5.22;5.28;0.0;0.0
101315;565565;2018-07-02;FRC;N24;;;0;0;0.0;;;0.0;0.0;0.0;0.0;0.0;5.38;0.0;0.0
101316;565566;2018-07-02;FRC;F25;;;1;35;5764172.0;;;5.44;5.44;5.44;5.44;5.44;5.5;0.0;0.0
101317;565567;2018-07-02;FRC;F26;;;0;0;0.0;;;0.0;0.0;0.0;0.0;0.0;5.68;0.0;0.0
101318;565568;2018-07-02;FRC;F27;;;3;351;54419217.0;;;5.78;5.78;5.85;5.84;5.85;5.85;0.0;0.0
101319;565569;2018-07-02;FRC;F28;;;0;0;0.0;;;0.0;0.0;0.0;0.0;0.0;5.99;0.0;0.0
101320;565570;2018-07-02;FRC;F29;;;0;0;0.0;;;0.0;0.0;0.0;0.0;0.0;6.15;0.0;0.0
101321;565571;2018-07-02;FRC;F30;;;0;0;0.0;;;0.0;0.0;0.0;0.0;0.0;6.2;0.0;0.0
101322;565736;2018-07-03;FRC;U18;;;39;24775;4812573050.0;;;3.08;3.08;3.1;3.09;3.1;3.1;0.0;0.0
101323;565737;2018-07-03;FRC;V18;;;25;46506;9020198470.0;;;3.32;3.32;3.37;3.34;3.37;3.37;0.0;0.0
101324;565738;2018-07-03;FRC;X18;;;13;9415;1822735401.0;;;3.6;3.6;3.6;3.6;3.6;3.6;0.0;0.0
101325;565739;2018-07-03;FRC;Z18;;;2;1988;384341736.0;;;3.5;3.5;3.51;3.5;3.51;3.59;0.0;0.0
101326;565740;2018-07-03;FRC;F19;;;20;20315;3918844828.0;;;3.75;3.75;3.82;3.8;3.82;3.82;0.0;0.0
101327;565741;2018-07-03;FRC;G19;;;0;0;0.0;;;0.0;0.0;0.0;0.0;0.0;3.97;0.0;0.0
101328;565742;2018-07-03;FRC;H19;;;3;416;79920764.0;;;4.1;4.1;4.14;4.13;4.14;4.14;0.0;0.0
101329;565743;2018-07-03;FRC;J19;;;13;13414;2572274986.0;;;4.09;4.09;4.17;4.15;4.16;4.16;0.0;0.0
101330;565744;2018-07-03;FRC;K19;;;0;0;0.0;;;0.0;0.0;0.0;0.0;0.0;4.3;0.0;0.0
101331;565745;2018-07-03;FRC;M19;;;9;3927;749467922.0;;;4.42;4.42;4.42;4.42;4.42;4.42;0.0;0.0
101332;565746;2018-07-03;FRC;N19;;;14;12544;2389072043.0;;;4.5;4.5;4.5;4.5;4.5;4.5;0.0;0.0
101333;565747;2018-07-03;FRC;V19;;;0;0;0.0;;;0.0;0.0;0.0;0.0;0.0;4.72;0.0;0.0
101334;565748;2018-07-03;FRC;F20;;;6;1357;255081010.0;;;4.73;4.73;4.82;4.76;4.82;4.82;0.0;0.0
101335;565749;2018-07-03;FRC;J20;;;2;77;14378186.0;;;4.87;4.87;4.87;4.87;4.87;4.87;0.0;0.0
101336;565750;2018-07-03;FRC;N20;;;10;5162;957927467.0;;;4.9;4.9;4.9;4.9;4.9;4.9;0.0;0.0
101337;565751;2018-07-03;FRC;V20;;;0;0;0.0;;;0.0;0.0;0.0;0.0;0.0;4.93;0.0;0.0
101338;565752;2018-07-03;FRC;F21;;;5;945;173163175.0;;;4.95;4.95;4.95;4.95;4.95;4.95;0.0;0.0
101339;565753;2018-07-03;FRC;J21;;;0;0;0.0;;;0.0;0.0;0.0;0.0;0.0;4.97;0.0;0.0
101340;565754;2018-07-03;FRC;N21;;;2;374;67723391.0;;;4.98;4.98;4.98;4.98;4.98;4.98;0.0;0.0
101341;565755;2018-07-03;FRC;V21;;;0;0;0.0;;;0.0;0.0;0.0;0.0;0.0;4.98;0.0;0.0
101342;565756;2018-07-03;FRC;F22;;;9;1888;337736731.0;;;5.0;5.0;5.0;5.0;5.0;5.0;0.0;0.0
101343;565757;2018-07-03;FRC;J22;;;0;0;0.0;;;0.0;0.0;0.0;0.0;0.0;5.05;0.0;0.0
101344;565758;2018-07-03;FRC;N22;;;0;0;0.0;;;0.0;0.0;0.0;0.0;0.0;5.05;0.0;0.0
101345;565759;2018-07-03;FRC;V22;;;0;0;0.0;;;0.0;0.0;0.0;0.0;0.0;5.1;0.0;0.0
101346;565760;2018-07-03;FRC;F23;;;13;3389;591327829.0;;;5.09;5.09;5.1;5.09;5.1;5.1;0.0;0.0
101347;565761;2018-07-03;FRC;J23;;;0;0;0.0;;;0.0;0.0;0.0;0.0;0.0;5.15;0.0;0.0
101348;565762;2018-07-03;FRC;N23;;;0;0;0.0;;;0.0;0.0;0.0;0.0;0.0;5.18;0.0;0.0
101349;565763;2018-07-03;FRC;F24;;;7;3318;563298016.0;;;5.28;5.28;5.3;5.28;5.3;5.3;0.0;0.0
101350;565764;2018-07-03;FRC;N24;;;0;0;0.0;;;0.0;0.0;0.0;0.0;0.0;5.39;0.0;0.0
101351;565765;2018-07-03;FRC;F25;;;13;3649;601743358.0;;;5.51;5.5;5.51;5.5;5.5;5.5;0.0;0.0
101352;565766;2018-07-03;FRC;F26;;;0;0;0.0;;;0.0;0.0;0.0;0.0;0.0;5.68;0.0;0.0
101353;565767;2018-07-03;FRC;F27;;;4;734;114208272.0;;;5.85;5.85;5.85;5.85;5.85;5.85;0.0;0.0
101354;565768;2018-07-03;FRC;F28;;;0;0;0.0;;;0.0;0.0;0.0;0.0;0.0;5.99;0.0;0.0
101355;565769;2018-07-03;FRC;F29;;;0;0;0.0;;;0.0;0.0;0.0;0.0;0.0;6.15;0.0;0.0
101356;565770;2018-07-03;FRC;F30;;;0;0;0.0;;;0.0;0.0;0.0;0.0;0.0;6.2;0.0;0.0
101357;565935;2018-07-04;FRC;U18;;;12;8070;1567813964.0;;;3.1;3.05;3.1;3.07;3.05;3.07;3.05;0.0
101358;565936;2018-07-04;FRC;V18;;;3;12964;2514685667.0;;;3.37;3.37;3.37;3.37;3.37;3.36;0.0;0.0
101359;565937;2018-07-04;FRC;X18;;;0;0;0.0;;;0.0;0.0;0.0;0.0;0.0;3.61;3.6;0.0
101360;565938;2018-07-04;FRC;Z18;;;11;3381;653557993.0;;;3.63;3.63;3.63;3.63;3.63;3.63;3.62;0.0
101361;565939;2018-07-04;FRC;F19;;;13;10712;2066381467.0;;;3.85;3.85;3.86;3.85;3.86;3.86;0.0;0.0
101362;565940;2018-07-04;FRC;G19;;;7;3762;724162452.0;;;4.04;4.04;4.05;4.04;4.05;4.04;0.0;0.0
101363;565941;2018-07-04;FRC;H19;;;0;0;0.0;;;0.0;0.0;0.0;0.0;0.0;4.21;0.0;0.0
101364;565942;2018-07-04;FRC;J19;;;0;0;0.0;;;0.0;0.0;0.0;0.0;0.0;4.23;0.0;0.0
101365;565943;2018-07-04;FRC;K19;;;6;1182;226141692.0;;;4.3;4.3;4.37;4.32;4.37;4.37;0.0;0.0
101366;565944;2018-07-04;FRC;M19;;;8;2945;561947231.0;;;4.49;4.49;4.49;4.49;4.49;4.49;0.0;0.0
101367;565945;2018-07-04;FRC;N19;;;30;15581;2966879268.0;;;4.53;4.53;4.57;4.56;4.57;4.57;0.0;0.0
101368;565946;2018-07-04;FRC;V19;;;6;2143;405259670.0;;;4.77;4.77;4.77;4.77;4.77;4.77;0.0;0.0
101369;565947;2018-07-04;FRC;F20;;;2;773;145177410.0;;;4.89;4.89;4.89;4.89;4.89;4.89;0.0;0.0
101370;565948;2018-07-04;FRC;J20;;;0;0;0.0;;;0.0;0.0;0.0;0.0;0.0;4.94;0.0;0.0
101371;565949;2018-07-04;FRC;N20;;;7;2294;425482475.0;;;4.97;4.97;4.97;4.97;4.97;4.97;0.0;0.0
101372;565950;2018-07-04;FRC;V20;;;0;0;0.0;;;0.0;0.0;0.0;0.0;0.0;5.0;0.0;0.0
101373;565951;2018-07-04;FRC;F21;;;17;4914;899851585.0;;;5.02;5.02;5.02;5.02;5.02;5.02;0.0;0.0
101374;565952;2018-07-04;FRC;J21;;;0;0;0.0;;;0.0;0.0;0.0;0.0;0.0;5.04;0.0;0.0
101375;565953;2018-07-04;FRC;N21;;;0;0;0.0;;;0.0;0.0;0.0;0.0;0.0;5.05;0.0;0.0
101376;565954;2018-07-04;FRC;V21;;;0;0;0.0;;;0.0;0.0;0.0;0.0;0.0;5.05;0.0;0.0
101377;565955;2018-07-04;FRC;F22;;;8;4070;727245391.0;;;5.08;5.08;5.08;5.08;5.08;5.08;0.0;0.0
101378;565956;2018-07-04;FRC;J22;;;0;0;0.0;;;0.0;0.0;0.0;0.0;0.0;5.12;0.0;0.0
101379;565957;2018-07-04;FRC;N22;;;0;0;0.0;;;0.0;0.0;0.0;0.0;0.0;5.11;0.0;0.0
101380;565958;2018-07-04;FRC;V22;;;0;0;0.0;;;0.0;0.0;0.0;0.0;0.0;5.15;0.0;0.0
101381;565959;2018-07-04;FRC;F23;;;6;1086;189291162.0;;;5.15;5.15;5.15;5.15;5.15;5.15;0.0;0.0
101382;565960;2018-07-04;FRC;J23;;;0;0;0.0;;;0.0;0.0;0.0;0.0;0.0;5.2;0.0;0.0
101383;565961;2018-07-04;FRC;N23;;;0;0;0.0;;;0.0;0.0;0.0;0.0;0.0;5.23;0.0;0.0
101384;565962;2018-07-04;FRC;F24;;;0;0;0.0;;;0.0;0.0;0.0;0.0;0.0;5.35;0.0;0.0
101385;565963;2018-07-04;FRC;N24;;;0;0;0.0;;;0.0;0.0;0.0;0.0;0.0;5.44;0.0;0.0
101386;565964;2018-07-04;FRC;F25;;;8;2080;342602221.0;;;5.54;5.54;5.54;5.54;5.54;5.54;0.0;0.0
101387;565965;2018-07-04;FRC;F26;;;0;0;0.0;;;0.0;0.0;0.0;0.0;0.0;5.73;0.0;0.0
101388;565966;2018-07-04;FRC;F27;;;0;0;0.0;;;0.0;0.0;0.0;0.0;0.0;5.91;0.0;0.0
101389;565967;2018-07-04;FRC;F28;;;0;0;0.0;;;0.0;0.0;0.0;0.0;0.0;6.05;0.0;0.0
101390;565968;2018-07-04;FRC;F29;;;0;0;0.0;;;0.0;0.0;0.0;0.0;0.0;6.21;0.0;0.0
101391;565969;2018-07-04;FRC;F30;;;0;0;0.0;;;0.0;0.0;0.0;0.0;0.0;6.26;0.0;0.0
101392;566135;2018-07-05;FRC;U18;;;20;55322;10807582043.0;;;3.15;3.12;3.17;3.13;3.13;3.12;0.0;0.0
101393;566136;2018-07-05;FRC;V18;;;13;15755;3073206816.0;;;3.41;3.38;3.43;3.38;3.38;3.38;3.36;0.0
101394;566137;2018-07-05;FRC;X18;;;7;2587;503670824.0;;;3.63;3.63;3.66;3.65;3.66;3.66;0.0;0.0
101395;566138;2018-07-05;FRC;Z18;;;13;15902;3090929070.0;;;3.67;3.66;3.68;3.67;3.68;3.68;0.0;0.0
101396;566139;2018-07-05;FRC;F19;;;45;36711;7120811240.0;;;3.88;3.88;3.91;3.89;3.9;3.91;0.0;0.0
101397;566140;2018-07-05;FRC;G19;;;9;10492;2030683819.0;;;4.09;4.09;4.1;4.09;4.1;4.1;0.0;4.1
101398;566141;2018-07-05;FRC;H19;;;13;3007;580759248.0;;;4.24;4.24;4.28;4.27;4.28;4.28;0.0;0.0
101399;566142;2018-07-05;FRC;J19;;;6;6172;1189919780.0;;;4.23;4.23;4.28;4.25;4.28;4.3;4.3;4.34
101400;566143;2018-07-05;FRC;K19;;;3;787;151343553.0;;;4.44;4.44;4.44;4.44;4.44;4.44;0.0;0.0
101401;566144;2018-07-05;FRC;M19;;;13;5691;1091826783.0;;;4.51;4.51;4.56;4.53;4.56;4.56;0.0;0.0
101402;566145;2018-07-05;FRC;N19;;;13;11853;2269252560.0;;;4.58;4.57;4.65;4.61;4.64;4.65;0.0;0.0
101403;566146;2018-07-05;FRC;V19;;;13;5060;961913412.0;;;4.83;4.83;4.83;4.83;4.83;4.83;0.0;4.83
101404;566147;2018-07-05;FRC;F20;;;44;16952;3201353061.0;;;4.91;4.89;4.92;4.9;4.91;4.91;0.0;0.0
101405;566148;2018-07-05;FRC;J20;;;4;960;180127525.0;;;4.97;4.97;4.97;4.97;4.97;4.97;0.0;0.0
101406;566149;2018-07-05;FRC;N20;;;16;13951;2601485739.0;;;4.99;4.99;5.0;4.99;5.0;5.0;0.0;0.0
101407;566150;2018-07-05;FRC;V20;;;0;0;0.0;;;0.0;0.0;0.0;0.0;0.0;5.03;0.0;0.0
101408;566151;2018-07-05;FRC;F21;;;13;5480;1008890416.0;;;5.03;5.03;5.05;5.04;5.05;5.05;0.0;0.0
101409;566152;2018-07-05;FRC;J21;;;0;0;0.0;;;0.0;0.0;0.0;0.0;0.0;5.06;0.0;0.0
101410;566153;2018-07-05;FRC;N21;;;2;449;81668331.0;;;5.08;5.08;5.08;5.08;5.08;5.06;0.0;0.0
101411;566154;2018-07-05;FRC;V21;;;1;186;33641587.0;;;5.05;5.05;5.05;5.05;5.05;5.05;0.0;0.0
101412;566155;2018-07-05;FRC;F22;;;9;3902;700896146.0;;;5.1;5.1;5.11;5.1;5.11;5.1;5.05;0.0
101413;566156;2018-07-05;FRC;J22;;;2;5519;985250763.0;;;5.13;5.13;5.13;5.13;5.13;5.13;0.0;0.0
101414;566157;2018-07-05;FRC;N22;;;0;0;0.0;;;0.0;0.0;0.0;0.0;0.0;5.11;0.0;0.0
101415;566158;2018-07-05;FRC;V22;;;0;0;0.0;;;0.0;0.0;0.0;0.0;0.0;5.14;0.0;0.0
101416;566159;2018-07-05;FRC;F23;;;15;4169;730973178.0;;;5.19;5.1;5.19;5.14;5.1;5.14;0.0;0.0
101417;566160;2018-07-05;FRC;J23;;;0;0;0.0;;;0.0;0.0;0.0;0.0;0.0;5.18;0.0;0.0
101418;566161;2018-07-05;FRC;N23;;;0;0;0.0;;;0.0;0.0;0.0;0.0;0.0;5.2;0.0;0.0
101419;566162;2018-07-05;FRC;F24;;;6;1169;199356460.0;;;5.36;5.31;5.36;5.32;5.31;5.31;5.25;0.0
101420;566163;2018-07-05;FRC;N24;;;0;0;0.0;;;0.0;0.0;0.0;0.0;0.0;5.4;0.0;0.0
101421;566164;2018-07-05;FRC;F25;;;7;4169;691661762.0;;;5.49;5.49;5.49;5.49;5.49;5.49;5.46;0.0
101422;566165;2018-07-05;FRC;F26;;;0;0;0.0;;;0.0;0.0;0.0;0.0;0.0;5.68;5.65;0.0
101423;566166;2018-07-05;FRC;F27;;;3;334;52216406.0;;;5.92;5.87;5.92;5.89;5.87;5.87;0.0;0.0
101424;566167;2018-07-05;FRC;F28;;;0;0;0.0;;;0.0;0.0;0.0;0.0;0.0;6.01;0.0;0.0
101425;566168;2018-07-05;FRC;F29;;;0;0;0.0;;;0.0;0.0;0.0;0.0;0.0;6.17;0.0;0.0
101426;566169;2018-07-05;FRC;F30;;;0;0;0.0;;;0.0;0.0;0.0;0.0;0.0;6.22;0.0;0.0
101427;566335;2018-07-06;FRC;U18;;;19;24946;4838306138.0;;;3.15;3.02;3.15;3.07;3.02;3.02;0.0;3.03
101428;566336;2018-07-06;FRC;V18;;;1;1994;386154573.0;;;3.34;3.34;3.34;3.34;3.34;3.31;0.0;0.0
101429;566337;2018-07-06;FRC;X18;;;0;0;0.0;;;0.0;0.0;0.0;0.0;0.0;3.6;0.0;0.0
101430;566338;2018-07-06;FRC;Z18;;;2;1849;356802268.0;;;3.66;3.63;3.66;3.65;3.63;3.63;0.0;0.0
101431;566339;2018-07-06;FRC;F19;;;6;5495;1058239507.0;;;3.88;3.84;3.89;3.86;3.84;3.84;0.0;0.0
101432;566340;2018-07-06;FRC;G19;;;8;29300;5630458518.0;;;4.07;4.05;4.07;4.06;4.05;4.03;0.0;0.0
101433;566341;2018-07-06;FRC;H19;;;0;0;0.0;;;0.0;0.0;0.0;0.0;0.0;4.21;0.0;0.0
101434;566342;2018-07-06;FRC;J19;;;1;986;188710158.0;;;4.27;4.27;4.27;4.27;4.27;4.23;0.0;0.0
101435;566343;2018-07-06;FRC;K19;;;0;0;0.0;;;0.0;0.0;0.0;0.0;0.0;4.37;0.0;0.0
101436;566344;2018-07-06;FRC;M19;;;2;295;56188826.0;;;4.53;4.53;4.53;4.53;4.53;4.49;0.0;0.0
101437;566345;2018-07-06;FRC;N19;;;3;823;156415932.0;;;4.62;4.62;4.62;4.62;4.62;4.58;0.0;0.0
101438;566346;2018-07-06;FRC;V19;;;0;0;0.0;;;0.0;0.0;0.0;0.0;0.0;4.76;0.0;0.0
101439;566347;2018-07-06;FRC;F20;;;5;10446;1959290730.0;;;4.85;4.84;4.85;4.84;4.84;4.84;0.0;0.0
101440;566348;2018-07-06;FRC;J20;;;0;0;0.0;;;0.0;0.0;0.0;0.0;0.0;4.9;0.0;0.0
101441;566349;2018-07-06;FRC;N20;;;2;382;70766023.0;;;4.92;4.92;4.92;4.92;4.92;4.92;0.0;0.0
101442;566350;2018-07-06;FRC;V20;;;0;0;0.0;;;0.0;0.0;0.0;0.0;0.0;4.94;0.0;0.0
101443;566351;2018-07-06;FRC;F21;;;5;1323;242062318.0;;;4.95;4.95;4.95;4.95;4.95;4.95;0.0;0.0
101444;566352;2018-07-06;FRC;J21;;;0;0;0.0;;;0.0;0.0;0.0;0.0;0.0;4.97;0.0;0.0
101445;566353;2018-07-06;FRC;N21;;;3;748;135224056.0;;;5.01;4.98;5.01;4.99;4.98;4.99;0.0;0.0
101446;566354;2018-07-06;FRC;V21;;;0;0;0.0;;;0.0;0.0;0.0;0.0;0.0;4.99;0.0;0.0
101447;566355;2018-07-06;FRC;F22;;;6;5437;969637830.0;;;5.1;5.05;5.1;5.09;5.05;5.05;0.0;0.0
101448;566356;2018-07-06;FRC;J22;;;0;0;0.0;;;0.0;0.0;0.0;0.0;0.0;5.08;5.05;0.0
101449;566357;2018-07-06;FRC;N22;;;3;4577;806554199.0;;;5.12;5.12;5.12;5.12;5.12;5.06;0.0;0.0
101450;566358;2018-07-06;FRC;V22;;;0;0;0.0;;;0.0;0.0;0.0;0.0;0.0;5.09;0.0;0.0
101451;566359;2018-07-06;FRC;F23;;;3;543;94596632.0;;;5.09;5.09;5.09;5.09;5.09;5.09;0.0;0.0
101452;566360;2018-07-06;FRC;J23;;;0;0;0.0;;;0.0;0.0;0.0;0.0;0.0;5.13;0.0;0.0
101453;566361;2018-07-06;FRC;N23;;;0;0;0.0;;;0.0;0.0;0.0;0.0;0.0;5.15;0.0;0.0
101454;566362;2018-07-06;FRC;F24;;;5;5891;998119335.0;;;5.31;5.25;5.31;5.3;5.25;5.25;0.0;0.0
101455;566363;2018-07-06;FRC;N24;;;4;5268;880682230.0;;;5.38;5.37;5.38;5.37;5.37;5.35;0.0;0.0
101456;566364;2018-07-06;FRC;F25;;;7;1616;266287353.0;;;5.49;5.45;5.49;5.47;5.45;5.45;0.0;0.0
101457;566365;2018-07-06;FRC;F26;;;0;0;0.0;;;0.0;0.0;0.0;0.0;0.0;5.64;0.0;0.0
101458;566366;2018-07-06;FRC;F27;;;3;667;103583283.0;;;5.87;5.85;5.87;5.86;5.85;5.83;0.0;0.0
101459;566367;2018-07-06;FRC;F28;;;2;327;49352661.0;;;5.99;5.99;5.99;5.99;5.99;5.97;0.0;0.0
101460;566368;2018-07-06;FRC;F29;;;2;305;44685513.0;;;6.15;6.15;6.15;6.15;6.15;6.13;0.0;0.0
101461;566369;2018-07-06;FRC;F30;;;0;0;0.0;;;0.0;0.0;0.0;0.0;0.0;6.18;0.0;0.0
101462;566549;2018-07-10;FRC;U18;;;38;122435;23422824585.0;;;2.97;2.93;3.01;2.96;2.96;2.96;0.0;2.96
101463;566550;2018-07-10;FRC;V18;;;5;5385;1028667651.0;;;3.3;3.2;3.3;3.25;3.2;3.2;0.0;0.0
101464;566551;2018-07-10;FRC;X18;;;6;3185;607263613.0;;;3.6;3.45;3.6;3.57;3.45;3.45;0.0;0.0
101465;566552;2018-07-10;FRC;Z18;;;4;8985;1710254811.0;;;3.58;3.58;3.62;3.61;3.62;3.43;0.0;0.0
101466;566553;2018-07-10;FRC;F19;;;12;14484;2752059143.0;;;3.83;3.6;3.83;3.73;3.6;3.6;0.0;0.0
101467;566554;2018-07-10;FRC;G19;;;0;0;0.0;;;0.0;0.0;0.0;0.0;0.0;3.81;0.0;0.0
101468;566555;2018-07-10;FRC;H19;;;0;0;0.0;;;0.0;0.0;0.0;0.0;0.0;4.01;0.0;0.0
101469;566556;2018-07-10;FRC;J19;;;18;12921;2440084978.0;;;4.23;4.05;4.23;4.16;4.05;4.05;0.0;0.0
101470;566557;2018-07-10;FRC;K19;;;0;0;0.0;;;0.0;0.0;0.0;0.0;0.0;4.16;0.0;0.0
101471;566558;2018-07-10;FRC;M19;;;10;3342;628486215.0;;;4.49;4.25;4.49;4.3;4.25;4.25;0.0;0.0
101472;566559;2018-07-10;FRC;N19;;;10;5530;1038073356.0;;;4.58;4.3;4.58;4.34;4.3;4.3;0.0;0.0
101473;566560;2018-07-10;FRC;V19;;;3;780;145489792.0;;;4.5;4.5;4.5;4.5;4.5;4.5;0.0;0.0
101474;566561;2018-07-10;FRC;F20;;;26;10352;1918741196.0;;;4.84;4.57;4.84;4.59;4.57;4.57;0.0;0.0
101475;566562;2018-07-10;FRC;J20;;;2;308;56753853.0;;;4.63;4.63;4.63;4.63;4.63;4.66;0.0;0.0
101476;566563;2018-07-10;FRC;N20;;;1;2871;525038177.0;;;4.84;4.84;4.84;4.84;4.84;4.71;0.0;0.0
101477;566564;2018-07-10;FRC;V20;;;0;0;0.0;;;0.0;0.0;0.0;0.0;0.0;4.75;0.0;0.0
101478;566565;2018-07-10;FRC;F21;;;16;15157;2737333057.0;;;4.94;4.74;4.94;4.89;4.78;4.79;0.0;0.0
101479;566566;2018-07-10;FRC;J21;;;4;7979;1431793544.0;;;4.96;4.96;4.96;4.96;4.96;4.8;0.0;0.0
101480;566567;2018-07-10;FRC;N21;;;4;6013;1073608799.0;;;4.9;4.9;4.9;4.9;4.9;4.8;0.0;0.0
101481;566568;2018-07-10;FRC;V21;;;0;0;0.0;;;0.0;0.0;0.0;0.0;0.0;4.79;0.0;0.0
101482;566569;2018-07-10;FRC;F22;;;9;1876;331285398.0;;;4.99;4.83;4.99;4.86;4.83;4.83;0.0;0.0
101483;566570;2018-07-10;FRC;J22;;;0;0;0.0;;;0.0;0.0;0.0;0.0;0.0;4.88;0.0;0.0
101484;566571;2018-07-10;FRC;N22;;;0;0;0.0;;;0.0;0.0;0.0;0.0;0.0;4.88;0.0;0.0
101485;566572;2018-07-10;FRC;V22;;;0;0;0.0;;;0.0;0.0;0.0;0.0;0.0;4.93;0.0;0.0
101486;566573;2018-07-10;FRC;F23;;;5;2179;374874820.0;;;5.12;4.92;5.12;5.04;4.95;4.95;0.0;0.0
101487;566574;2018-07-10;FRC;J23;;;0;0;0.0;;;0.0;0.0;0.0;0.0;0.0;4.98;0.0;0.0
101488;566575;2018-07-10;FRC;N23;;;0;0;0.0;;;0.0;0.0;0.0;0.0;0.0;4.99;0.0;0.0
101489;566576;2018-07-10;FRC;F24;;;4;1122;188553077.0;;;5.08;5.07;5.08;5.07;5.07;5.08;0.0;0.0
101490;566577;2018-07-10;FRC;N24;;;0;0;0.0;;;0.0;0.0;0.0;0.0;0.0;5.17;0.0;0.0
101491;566578;2018-07-10;FRC;F25;;;12;4708;769642563.0;;;5.26;5.26;5.26;5.26;5.26;5.26;0.0;0.0
101492;566579;2018-07-10;FRC;N25;;;0;0;0.0;;;0.0;0.0;0.0;0.0;0.0;5.33;0.0;0.0
101493;566580;2018-07-10;FRC;F26;;;0;0;0.0;;;0.0;0.0;0.0;0.0;0.0;5.45;0.0;0.0
101494;566581;2018-07-10;FRC;N26;;;0;0;0.0;;;0.0;0.0;0.0;0.0;0.0;5.55;0.0;0.0
101495;566582;2018-07-10;FRC;F27;;;0;0;0.0;;;0.0;0.0;0.0;0.0;0.0;5.64;0.0;0.0
101496;566583;2018-07-10;FRC;F28;;;0;0;0.0;;;0.0;0.0;0.0;0.0;0.0;5.78;0.0;0.0
101497;566584;2018-07-10;FRC;F29;;;0;0;0.0;;;0.0;0.0;0.0;0.0;0.0;5.94;0.0;0.0
101498;566585;2018-07-10;FRC;F30;;;0;0;0.0;;;0.0;0.0;0.0;0.0;0.0;5.99;0.0;0.0
101499;566755;2018-07-11;FRC;U18;;;115;159972;30783892238.0;;;2.94;2.8;2.94;2.86;2.82;2.8;0.0;2.83
101500;566756;2018-07-11;FRC;V18;;;31;38833;7462380473.0;;;3.22;3.04;3.23;3.11;3.04;3.04;0.0;0.0
101501;566757;2018-07-11;FRC;X18;;;8;16529;3170671865.0;;;3.42;3.28;3.42;3.39;3.28;3.28;0.0;0.0
101502;566758;2018-07-11;FRC;Z18;;;0;0;0.0;;;0.0;0.0;0.0;0.0;0.0;3.29;0.0;0.0
101503;566759;2018-07-11;FRC;F19;;;27;25629;4900839534.0;;;3.57;3.48;3.57;3.49;3.48;3.48;0.0;0.0
101504;566760;2018-07-11;FRC;G19;;;2;5289;1009060803.0;;;3.8;3.8;3.8;3.8;3.8;3.68;0.0;0.0
101505;566761;2018-07-11;FRC;H19;;;4;792;150845565.0;;;3.88;3.88;3.88;3.88;3.88;3.88;0.0;0.0
101506;566762;2018-07-11;FRC;J19;;;12;8427;1602088339.0;;;4.05;3.9;4.05;3.92;3.9;3.9;0.0;0.0
101507;566763;2018-07-11;FRC;K19;;;0;0;0.0;;;0.0;0.0;0.0;0.0;0.0;4.01;0.0;0.0
101508;566764;2018-07-11;FRC;M19;;;0;0;0.0;;;0.0;0.0;0.0;0.0;0.0;4.1;0.0;0.0
101509;566765;2018-07-11;FRC;N19;;;27;20904;3950070416.0;;;4.28;4.15;4.3;4.17;4.15;4.15;0.0;0.0
101510;566766;2018-07-11;FRC;V19;;;0;0;0.0;;;0.0;0.0;0.0;0.0;0.0;4.36;0.0;0.0
101511;566767;2018-07-11;FRC;F20;;;42;19260;3593515098.0;;;4.55;4.44;4.55;4.48;4.44;4.44;0.0;0.0
101512;566768;2018-07-11;FRC;J20;;;0;0;0.0;;;0.0;0.0;0.0;0.0;0.0;4.52;0.0;0.0
101513;566769;2018-07-11;FRC;N20;;;5;3263;601912769.0;;;4.66;4.53;4.66;4.54;4.53;4.56;0.0;0.0
101514;566770;2018-07-11;FRC;V20;;;0;0;0.0;;;0.0;0.0;0.0;0.0;0.0;4.59;0.0;0.0
101515;566771;2018-07-11;FRC;F21;;;20;6702;1221351164.0;;;4.71;4.61;4.71;4.62;4.62;4.62;0.0;0.0
101516;566772;2018-07-11;FRC;J21;;;0;0;0.0;;;0.0;0.0;0.0;0.0;0.0;4.65;0.0;0.0
101517;566773;2018-07-11;FRC;N21;;;3;752;135495906.0;;;4.67;4.67;4.67;4.67;4.67;4.67;0.0;0.0
101518;566774;2018-07-11;FRC;V21;;;0;0;0.0;;;0.0;0.0;0.0;0.0;0.0;4.66;0.0;0.0
101519;566775;2018-07-11;FRC;F22;;;11;9205;1639206137.0;;;4.7;4.7;4.7;4.7;4.7;4.7;0.0;0.0
101520;566776;2018-07-11;FRC;J22;;;2;278;49218519.0;;;4.74;4.74;4.74;4.74;4.74;4.74;0.0;0.0
101521;566777;2018-07-11;FRC;N22;;;0;0;0.0;;;0.0;0.0;0.0;0.0;0.0;4.72;0.0;0.0
101522;566778;2018-07-11;FRC;V22;;;0;0;0.0;;;0.0;0.0;0.0;0.0;0.0;4.75;0.0;0.0
101523;566779;2018-07-11;FRC;F23;;;7;1913;332903033.0;;;4.76;4.76;4.76;4.76;4.76;4.76;0.0;0.0
101524;566780;2018-07-11;FRC;J23;;;0;0;0.0;;;0.0;0.0;0.0;0.0;0.0;4.78;0.0;0.0
101525;566781;2018-07-11;FRC;N23;;;0;0;0.0;;;0.0;0.0;0.0;0.0;0.0;4.78;0.0;0.0
101526;566782;2018-07-11;FRC;F24;;;0;0;0.0;;;0.0;0.0;0.0;0.0;0.0;4.86;0.0;0.0
101527;566783;2018-07-11;FRC;N24;;;0;0;0.0;;;0.0;0.0;0.0;0.0;0.0;4.94;0.0;0.0
101528;566784;2018-07-11;FRC;F25;;;9;1751;289817032.0;;;5.02;5.02;5.02;5.02;5.02;5.02;0.0;0.0
101529;566785;2018-07-11;FRC;N25;;;0;0;0.0;;;0.0;0.0;0.0;0.0;0.0;5.1;0.0;0.0
101530;566786;2018-07-11;FRC;F26;;;0;0;0.0;;;0.0;0.0;0.0;0.0;0.0;5.21;0.0;0.0
101531;566787;2018-07-11;FRC;N26;;;0;0;0.0;;;0.0;0.0;0.0;0.0;0.0;5.3;0.0;0.0
101532;566788;2018-07-11;FRC;F27;;;2;673;105122146.0;;;5.46;5.46;5.46;5.46;5.46;5.4;0.0;0.0
101533;566789;2018-07-11;FRC;F28;;;0;0;0.0;;;0.0;0.0;0.0;0.0;0.0;5.54;0.0;0.0
101534;566790;2018-07-11;FRC;F29;;;0;0;0.0;;;0.0;0.0;0.0;0.0;0.0;5.7;0.0;0.0
101535;566791;2018-07-11;FRC;F30;;;0;0;0.0;;;0.0;0.0;0.0;0.0;0.0;5.75;0.0;0.0
101536;566961;2018-07-12;FRC;U18;;;67;170517;32900105032.0;;;2.8;2.77;2.85;2.79;2.85;2.85;0.0;0.0
101537;566962;2018-07-12;FRC;V18;;;28;78074;15043438669.0;;;3.02;3.01;3.08;3.03;3.08;3.08;3.08;3.15
101538;566963;2018-07-12;FRC;X18;;;8;14141;2720141901.0;;;3.26;3.26;3.34;3.28;3.34;3.34;0.0;0.0
101539;566964;2018-07-12;FRC;Z18;;;11;5968;1146202521.0;;;3.34;3.34;3.35;3.34;3.35;3.34;0.0;0.0
101540;566965;2018-07-12;FRC;F19;;;20;17514;3357660549.0;;;3.39;3.39;3.53;3.51;3.53;3.53;3.52;0.0
101541;566966;2018-07-12;FRC;G19;;;8;11533;2206810834.0;;;3.67;3.67;3.71;3.67;3.71;3.71;0.0;0.0
101542;566967;2018-07-12;FRC;H19;;;6;1582;302053444.0;;;3.92;3.92;3.92;3.92;3.92;3.92;0.0;0.0
101543;566968;2018-07-12;FRC;J19;;;9;4244;808849003.0;;;3.96;3.96;3.96;3.96;3.96;3.96;0.0;0.0
101544;566969;2018-07-12;FRC;K19;;;6;3349;636973811.0;;;4.05;4.05;4.05;4.05;4.05;4.05;0.0;0.0
101545;566970;2018-07-12;FRC;M19;;;8;5704;1082784495.0;;;4.06;4.06;4.15;4.09;4.15;4.15;0.0;0.0
101546;566971;2018-07-12;FRC;N19;;;27;43961;8328105041.0;;;4.2;4.09;4.21;4.18;4.2;4.2;0.0;0.0
101547;566972;2018-07-12;FRC;V19;;;8;2340;440499786.0;;;4.37;4.37;4.37;4.37;4.37;4.37;0.0;0.0
101548;566973;2018-07-12;FRC;F20;;;31;24382;4561836504.0;;;4.44;4.4;4.52;4.46;4.52;4.49;0.0;0.0
101549;566974;2018-07-12;FRC;J20;;;0;0;0.0;;;0.0;0.0;0.0;0.0;0.0;4.56;0.0;0.0
101550;566975;2018-07-12;FRC;N20;;;12;24713;4570000948.0;;;4.56;4.54;4.59;4.55;4.59;4.59;0.0;0.0
101551;566976;2018-07-12;FRC;V20;;;0;0;0.0;;;0.0;0.0;0.0;0.0;0.0;4.63;0.0;4.63
101552;566977;2018-07-12;FRC;F21;;;24;15029;2745377351.0;;;4.62;4.6;4.68;4.64;4.68;4.67;4.67;0.0
101553;566978;2018-07-12;FRC;J21;;;0;0;0.0;;;0.0;0.0;0.0;0.0;0.0;4.69;0.0;0.0
101554;566979;2018-07-12;FRC;N21;;;2;751;135602846.0;;;4.7;4.7;4.7;4.7;4.7;4.7;0.0;0.0
101555;566980;2018-07-12;FRC;V21;;;0;0;0.0;;;0.0;0.0;0.0;0.0;0.0;4.69;0.0;0.0
101556;566981;2018-07-12;FRC;F22;;;15;9093;1623126294.0;;;4.71;4.71;4.73;4.71;4.73;4.73;0.0;0.0
101557;566982;2018-07-12;FRC;J22;;;0;0;0.0;;;0.0;0.0;0.0;0.0;0.0;4.77;0.0;0.0
101558;566983;2018-07-12;FRC;N22;;;4;736;129878150.0;;;4.75;4.75;4.75;4.75;4.75;4.75;0.0;0.0
101559;566984;2018-07-12;FRC;V22;;;0;0;0.0;;;0.0;0.0;0.0;0.0;0.0;4.79;0.0;0.0
101560;566985;2018-07-12;FRC;F23;;;21;8860;1545163855.0;;;4.76;4.76;4.8;4.78;4.8;4.8;0.0;0.0
101561;566986;2018-07-12;FRC;J23;;;0;0;0.0;;;0.0;0.0;0.0;0.0;0.0;4.82;0.0;0.0
101562;566987;2018-07-12;FRC;N23;;;0;0;0.0;;;0.0;0.0;0.0;0.0;0.0;4.82;0.0;0.0
101563;566988;2018-07-12;FRC;F24;;;12;3042;517961701.0;;;4.86;4.86;4.9;4.88;4.9;4.9;0.0;0.0
101564;566989;2018-07-12;FRC;N24;;;0;0;0.0;;;0.0;0.0;0.0;0.0;0.0;4.98;0.0;0.0
101565;566990;2018-07-12;FRC;F25;;;19;10055;1667078473.0;;;5.06;5.06;5.06;5.06;5.06;5.06;0.0;0.0
101566;566991;2018-07-12;FRC;N25;;;0;0;0.0;;;0.0;0.0;0.0;0.0;0.0;5.14;0.0;0.0
101567;566992;2018-07-12;FRC;F26;;;0;0;0.0;;;0.0;0.0;0.0;0.0;0.0;5.25;0.0;0.0
101568;566993;2018-07-12;FRC;N26;;;0;0;0.0;;;0.0;0.0;0.0;0.0;0.0;5.34;0.0;0.0
101569;566994;2018-07-12;FRC;F27;;;7;4544;712131326.0;;;5.43;5.42;5.44;5.43;5.44;5.44;0.0;0.0
101570;566995;2018-07-12;FRC;F28;;;0;0;0.0;;;0.0;0.0;0.0;0.0;0.0;5.58;0.0;0.0
101571;566996;2018-07-12;FRC;F29;;;0;0;0.0;;;0.0;0.0;0.0;0.0;0.0;5.74;0.0;0.0
101572;566997;2018-07-12;FRC;F30;;;0;0;0.0;;;0.0;0.0;0.0;0.0;0.0;5.79;0.0;0.0
101573;567167;2018-07-13;FRC;U18;;;122;139156;26786236239.0;;;2.85;2.76;2.87;2.8;2.87;2.77;0.0;0.0
101574;567168;2018-07-13;FRC;V18;;;24;73887;14203196787.0;;;3.08;3.01;3.08;3.05;3.02;3.02;0.0;0.0
101575;567169;2018-07-13;FRC;X18;;;0;0;0.0;;;0.0;0.0;0.0;0.0;0.0;3.28;0.0;0.0
101576;567170;2018-07-13;FRC;Z18;;;0;0;0.0;;;0.0;0.0;0.0;0.0;0.0;3.26;0.0;0.0
101577;567171;2018-07-13;FRC;F19;;;23;32600;6236055883.0;;;3.51;3.45;3.51;3.46;3.45;3.45;0.0;0.0
101578;567172;2018-07-13;FRC;G19;;;5;16053;3065051367.0;;;3.62;3.62;3.62;3.62;3.62;3.62;0.0;0.0
101579;567173;2018-07-13;FRC;H19;;;9;6924;1319350697.0;;;3.82;3.82;3.82;3.82;3.82;3.82;0.0;0.0
101580;567174;2018-07-13;FRC;J19;;;5;1578;300123231.0;;;3.91;3.88;3.91;3.88;3.88;3.88;0.0;0.0
101581;567175;2018-07-13;FRC;K19;;;0;0;0.0;;;0.0;0.0;0.0;0.0;0.0;3.97;0.0;0.0
101582;567176;2018-07-13;FRC;M19;;;3;21631;4096769355.0;;;4.1;4.08;4.1;4.08;4.08;4.08;0.0;0.0
101583;567177;2018-07-13;FRC;N19;;;13;7856;1485238416.0;;;4.13;4.13;4.13;4.13;4.13;4.13;0.0;0.0
101584;567178;2018-07-13;FRC;V19;;;0;0;0.0;;;0.0;0.0;0.0;0.0;0.0;4.29;0.0;0.0
101585;567179;2018-07-13;FRC;F20;;;17;16660;3109894993.0;;;4.47;4.4;4.47;4.45;4.4;4.4;0.0;0.0
101586;567180;2018-07-13;FRC;J20;;;0;0;0.0;;;0.0;0.0;0.0;0.0;0.0;4.47;0.0;0.0
101587;567181;2018-07-13;FRC;N20;;;19;5604;1034175100.0;;;4.51;4.51;4.57;4.52;4.56;4.51;0.0;0.0
101588;567182;2018-07-13;FRC;V20;;;0;0;0.0;;;0.0;0.0;0.0;0.0;0.0;4.55;0.0;0.0
101589;567183;2018-07-13;FRC;F21;;;6;7325;1335044056.0;;;4.65;4.59;4.65;4.63;4.59;4.59;0.0;0.0
101590;567184;2018-07-13;FRC;J21;;;0;0;0.0;;;0.0;0.0;0.0;0.0;0.0;4.61;0.0;0.0
101591;567185;2018-07-13;FRC;N21;;;1;188;33901461.0;;;4.63;4.63;4.63;4.63;4.63;4.63;0.0;0.0
101592;567186;2018-07-13;FRC;V21;;;0;0;0.0;;;0.0;0.0;0.0;0.0;0.0;4.62;0.0;0.0
101593;567187;2018-07-13;FRC;F22;;;7;7406;1320293029.0;;;4.65;4.64;4.65;4.64;4.64;4.65;0.0;0.0
101594;567188;2018-07-13;FRC;J22;;;2;5556;984817038.0;;;4.68;4.68;4.68;4.68;4.68;4.69;0.0;0.0
101595;567189;2018-07-13;FRC;N22;;;3;552;97297681.0;;;4.68;4.68;4.68;4.68;4.68;4.68;0.0;0.0
101596;567190;2018-07-13;FRC;V22;;;0;0;0.0;;;0.0;0.0;0.0;0.0;0.0;4.72;0.0;0.0
101597;567191;2018-07-13;FRC;F23;;;6;1330;231531373.0;;;4.8;4.73;4.8;4.75;4.74;4.73;0.0;0.0
101598;567192;2018-07-13;FRC;J23;;;0;0;0.0;;;0.0;0.0;0.0;0.0;0.0;4.75;0.0;0.0
101599;567193;2018-07-13;FRC;N23;;;3;542;93229981.0;;;4.84;4.77;4.84;4.81;4.77;4.76;0.0;0.0
101600;567194;2018-07-13;FRC;F24;;;4;716;121732826.0;;;4.85;4.85;4.85;4.85;4.85;4.85;0.0;0.0
101601;567195;2018-07-13;FRC;N24;;;3;709;119042205.0;;;4.92;4.92;4.92;4.92;4.92;4.93;0.0;0.0
101602;567196;2018-07-13;FRC;F25;;;2;351;58134114.0;;;5.02;5.02;5.02;5.02;5.02;5.01;0.0;0.0
101603;567197;2018-07-13;FRC;N25;;;0;0;0.0;;;0.0;0.0;0.0;0.0;0.0;5.09;0.0;0.0
101604;567198;2018-07-13;FRC;F26;;;0;0;0.0;;;0.0;0.0;0.0;0.0;0.0;5.2;0.0;0.0
101605;567199;2018-07-13;FRC;N26;;;0;0;0.0;;;0.0;0.0;0.0;0.0;0.0;5.29;0.0;0.0
101606;567200;2018-07-13;FRC;F27;;;0;0;0.0;;;0.0;0.0;0.0;0.0;0.0;5.39;0.0;0.0
101607;567201;2018-07-13;FRC;F28;;;0;0;0.0;;;0.0;0.0;0.0;0.0;0.0;5.53;0.0;0.0
101608;567202;2018-07-13;FRC;F29;;;0;0;0.0;;;0.0;0.0;0.0;0.0;0.0;5.69;0.0;0.0
101609;567203;2018-07-13;FRC;F30;;;0;0;0.0;;;0.0;0.0;0.0;0.0;0.0;5.74;0.0;0.0
101610;567374;2018-07-16;FRC;U18;;;85;133259;25716338433.0;;;2.73;2.66;2.73;2.68;2.66;2.66;2.66;0.0
101611;567375;2018-07-16;FRC;V18;;;11;13887;2676352878.0;;;2.97;2.95;2.99;2.95;2.95;2.95;0.0;0.0
101612;567376;2018-07-16;FRC;X18;;;4;6971;1341221357.0;;;3.25;3.21;3.25;3.23;3.21;3.21;3.21;0.0
101613;567377;2018-07-16;FRC;Z18;;;10;23733;4560192482.0;;;3.18;3.18;3.18;3.18;3.18;3.18;3.18;0.0
101614;567378;2018-07-16;FRC;F19;;;24;23016;4414348722.0;;;3.39;3.39;3.45;3.39;3.39;3.4;3.39;3.4
101615;567379;2018-07-16;FRC;G19;;;17;22158;4241844014.0;;;3.57;3.56;3.57;3.56;3.57;3.57;3.55;3.58
101616;567380;2018-07-16;FRC;H19;;;10;5145;982993266.0;;;3.77;3.76;3.77;3.76;3.76;3.76;0.0;3.77
101617;567381;2018-07-16;FRC;J19;;;6;2170;413844735.0;;;3.82;3.82;3.82;3.82;3.82;3.82;0.0;0.0
101618;567382;2018-07-16;FRC;K19;;;2;394;74995434.0;;;3.9;3.9;3.9;3.9;3.9;3.9;0.0;0.0
101619;567383;2018-07-16;FRC;M19;;;3;591;112255906.0;;;4.0;4.0;4.0;4.0;4.0;4.0;0.0;0.0
101620;567384;2018-07-16;FRC;N19;;;19;5970;1131962076.0;;;4.1;4.0;4.1;4.04;4.04;4.04;0.0;0.0
101621;567385;2018-07-16;FRC;V19;;;0;0;0.0;;;0.0;0.0;0.0;0.0;0.0;4.19;0.0;0.0
101622;567386;2018-07-16;FRC;F20;;;9;4582;858514641.0;;;4.28;4.28;4.3;4.28;4.3;4.28;4.29;4.31
101623;567387;2018-07-16;FRC;J20;;;0;0;0.0;;;0.0;0.0;0.0;0.0;0.0;4.36;4.36;0.0
101624;567388;2018-07-16;FRC;N20;;;1;384;71115378.0;;;4.42;4.42;4.42;4.42;4.42;4.42;4.42;0.0
101625;567389;2018-07-16;FRC;V20;;;0;0;0.0;;;0.0;0.0;0.0;0.0;0.0;4.46;0.0;4.46
101626;567390;2018-07-16;FRC;F21;;;14;3344;611923871.0;;;4.51;4.51;4.51;4.51;4.51;4.51;0.0;4.53
101627;567391;2018-07-16;FRC;J21;;;0;0;0.0;;;0.0;0.0;0.0;0.0;0.0;4.53;0.0;0.0
101628;567392;2018-07-16;FRC;N21;;;0;0;0.0;;;0.0;0.0;0.0;0.0;0.0;4.56;0.0;0.0
101629;567393;2018-07-16;FRC;V21;;;0;0;0.0;;;0.0;0.0;0.0;0.0;0.0;4.55;0.0;0.0
101630;567394;2018-07-16;FRC;F22;;;6;1340;239706985.0;;;4.59;4.59;4.59;4.59;4.59;4.59;4.59;0.0
101631;567395;2018-07-16;FRC;J22;;;0;0;0.0;;;0.0;0.0;0.0;0.0;0.0;4.64;0.0;0.0
101632;567396;2018-07-16;FRC;N22;;;0;0;0.0;;;0.0;0.0;0.0;0.0;0.0;4.65;0.0;0.0
101633;567397;2018-07-16;FRC;V22;;;0;0;0.0;;;0.0;0.0;0.0;0.0;0.0;4.71;0.0;0.0
101634;567398;2018-07-16;FRC;F23;;;14;4795;837299972.0;;;4.73;4.73;4.73;4.73;4.73;4.73;0.0;0.0
101635;567399;2018-07-16;FRC;J23;;;0;0;0.0;;;0.0;0.0;0.0;0.0;0.0;4.75;0.0;0.0
101636;567400;2018-07-16;FRC;N23;;;0;0;0.0;;;0.0;0.0;0.0;0.0;0.0;4.76;4.75;0.0
101637;567401;2018-07-16;FRC;F24;;;2;715;121764908.0;;;4.88;4.88;4.88;4.88;4.88;4.86;0.0;0.0
101638;567402;2018-07-16;FRC;N24;;;0;0;0.0;;;0.0;0.0;0.0;0.0;0.0;4.95;0.0;0.0
101639;567403;2018-07-16;FRC;F25;;;4;1279;212200655.0;;;5.04;5.04;5.04;5.04;5.04;5.04;5.04;0.0
101640;567404;2018-07-16;FRC;N25;;;0;0;0.0;;;0.0;0.0;0.0;0.0;0.0;5.12;0.0;0.0
101641;567405;2018-07-16;FRC;F26;;;0;0;0.0;;;0.0;0.0;0.0;0.0;0.0;5.23;0.0;0.0
101642;567406;2018-07-16;FRC;N26;;;0;0;0.0;;;0.0;0.0;0.0;0.0;0.0;5.32;0.0;0.0
101643;567407;2018-07-16;FRC;F27;;;0;0;0.0;;;0.0;0.0;0.0;0.0;0.0;5.42;0.0;0.0
101644;567408;2018-07-16;FRC;F28;;;0;0;0.0;;;0.0;0.0;0.0;0.0;0.0;5.56;0.0;0.0
101645;567409;2018-07-16;FRC;F29;;;0;0;0.0;;;0.0;0.0;0.0;0.0;0.0;5.72;5.7;0.0
101646;567410;2018-07-16;FRC;F30;;;0;0;0.0;;;0.0;0.0;0.0;0.0;0.0;5.77;0.0;0.0
101647;567581;2018-07-17;FRC;U18;;;74;177036;34005889951.0;;;2.66;2.61;2.66;2.63;2.63;2.63;0.0;0.0
101648;567582;2018-07-17;FRC;V18;;;12;26937;5167251691.0;;;2.95;2.92;2.95;2.94;2.95;2.95;0.0;0.0
101649;567583;2018-07-17;FRC;X18;;;5;9580;1834633038.0;;;3.22;3.21;3.22;3.21;3.22;3.22;0.0;0.0
101650;567584;2018-07-17;FRC;Z18;;;8;2885;551721379.0;;;3.18;3.18;3.22;3.21;3.22;3.21;0.0;0.0
101651;567585;2018-07-17;FRC;F19;;;18;27028;5159880237.0;;;3.38;3.38;3.39;3.38;3.38;3.38;0.0;0.0
101652;567586;2018-07-17;FRC;G19;;;13;14567;2775699694.0;;;3.56;3.55;3.57;3.56;3.57;3.56;0.0;3.56
101653;567587;2018-07-17;FRC;H19;;;9;18201;3461481842.0;;;3.74;3.74;3.75;3.74;3.74;3.74;0.0;3.74
101654;567588;2018-07-17;FRC;J19;;;1;79;14996262.0;;;3.82;3.82;3.82;3.82;3.82;3.81;0.0;0.0
101655;567589;2018-07-17;FRC;K19;;;1;20;3790186.0;;;3.88;3.88;3.88;3.88;3.88;3.85;3.87;0.0
101656;567590;2018-07-17;FRC;M19;;;0;0;0.0;;;0.0;0.0;0.0;0.0;0.0;4.01;0.0;0.0
101657;567591;2018-07-17;FRC;N19;;;10;5301;1000403586.0;;;4.05;4.05;4.05;4.05;4.05;4.05;4.03;0.0
101658;567592;2018-07-17;FRC;V19;;;2;5077;952614096.0;;;4.17;4.17;4.17;4.17;4.17;4.17;0.0;0.0
101659;567593;2018-07-17;FRC;F20;;;17;9416;1755997330.0;;;4.28;4.28;4.3;4.29;4.29;4.29;0.0;0.0
101660;567594;2018-07-17;FRC;J20;;;3;2317;429618524.0;;;4.36;4.36;4.36;4.36;4.36;4.36;0.0;0.0
101661;567595;2018-07-17;FRC;N20;;;5;960;176945052.0;;;4.43;4.43;4.43;4.43;4.43;4.43;0.0;0.0
101662;567596;2018-07-17;FRC;V20;;;0;0;0.0;;;0.0;0.0;0.0;0.0;0.0;4.47;0.0;0.0
101663;567597;2018-07-17;FRC;F21;;;11;9253;1685162890.0;;;4.51;4.51;4.53;4.51;4.52;4.53;0.0;0.0
101664;567598;2018-07-17;FRC;J21;;;0;0;0.0;;;0.0;0.0;0.0;0.0;0.0;4.56;0.0;0.0
101665;567599;2018-07-17;FRC;N21;;;0;0;0.0;;;0.0;0.0;0.0;0.0;0.0;4.6;0.0;0.0
101666;567600;2018-07-17;FRC;V21;;;0;0;0.0;;;0.0;0.0;0.0;0.0;0.0;4.59;0.0;0.0
101667;567601;2018-07-17;FRC;F22;;;5;2606;463661424.0;;;4.64;4.64;4.64;4.64;4.64;4.64;0.0;0.0
101668;567602;2018-07-17;FRC;J22;;;0;0;0.0;;;0.0;0.0;0.0;0.0;0.0;4.69;0.0;0.0
101669;567603;2018-07-17;FRC;N22;;;2;552;97055621.0;;;4.7;4.7;4.7;4.7;4.7;4.71;0.0;0.0
101670;567604;2018-07-17;FRC;V22;;;0;0;0.0;;;0.0;0.0;0.0;0.0;0.0;4.78;0.0;0.0
101671;567605;2018-07-17;FRC;F23;;;10;4137;718068902.0;;;4.8;4.8;4.8;4.8;4.8;4.8;0.0;0.0
101672;567606;2018-07-17;FRC;J23;;;0;0;0.0;;;0.0;0.0;0.0;0.0;0.0;4.82;0.0;0.0
101673;567607;2018-07-17;FRC;N23;;;0;0;0.0;;;0.0;0.0;0.0;0.0;0.0;4.83;0.0;0.0
101674;567608;2018-07-17;FRC;F24;;;0;0;0.0;;;0.0;0.0;0.0;0.0;0.0;4.93;0.0;0.0
101675;567609;2018-07-17;FRC;N24;;;3;884;147683603.0;;;5.04;4.97;5.04;5.02;5.04;5.02;0.0;0.0
101676;567610;2018-07-17;FRC;F25;;;6;2450;403914444.0;;;5.1;5.1;5.1;5.1;5.1;5.1;0.0;0.0
101677;567611;2018-07-17;FRC;N25;;;0;0;0.0;;;0.0;0.0;0.0;0.0;0.0;5.18;0.0;0.0
101678;567612;2018-07-17;FRC;F26;;;0;0;0.0;;;0.0;0.0;0.0;0.0;0.0;5.29;0.0;0.0
101679;567613;2018-07-17;FRC;N26;;;0;0;0.0;;;0.0;0.0;0.0;0.0;0.0;5.38;0.0;0.0
101680;567614;2018-07-17;FRC;F27;;;0;0;0.0;;;0.0;0.0;0.0;0.0;0.0;5.48;0.0;0.0
101681;567615;2018-07-17;FRC;F28;;;0;0;0.0;;;0.0;0.0;0.0;0.0;0.0;5.62;0.0;0.0
101682;567616;2018-07-17;FRC;F29;;;0;0;0.0;;;0.0;0.0;0.0;0.0;0.0;5.78;0.0;0.0
101683;567617;2018-07-17;FRC;F30;;;0;0;0.0;;;0.0;0.0;0.0;0.0;0.0;5.83;0.0;0.0
101684;567786;2018-07-18;FRC;U18;;;115;200437;38409851599.0;;;2.62;2.56;2.62;2.59;2.59;2.61;0.0;2.63
101685;567787;2018-07-18;FRC;V18;;;21;40464;7743824840.0;;;2.95;2.89;2.95;2.9;2.91;2.93;0.0;0.0
101686;567788;2018-07-18;FRC;X18;;;0;0;0.0;;;0.0;0.0;0.0;0.0;0.0;3.21;0.0;0.0
101687;567789;2018-07-18;FRC;Z18;;;11;9629;1837117953.0;;;3.21;3.16;3.22;3.18;3.22;3.22;0.0;0.0
101688;567790;2018-07-18;FRC;F19;;;16;19760;3767995095.0;;;3.38;3.34;3.38;3.36;3.36;3.36;0.0;0.0
101689;567791;2018-07-18;FRC;G19;;;7;4360;828858049.0;;;3.54;3.54;3.54;3.54;3.54;3.54;0.0;0.0
101690;567792;2018-07-18;FRC;H19;;;3;1781;337949323.0;;;3.7;3.7;3.7;3.7;3.7;3.7;3.69;3.7
101691;567793;2018-07-18;FRC;J19;;;8;6916;1309947747.0;;;3.77;3.77;3.77;3.77;3.77;3.77;0.0;3.77
101692;567794;2018-07-18;FRC;K19;;;8;3352;633730484.0;;;3.83;3.83;3.83;3.83;3.83;3.83;0.0;0.0
101693;567795;2018-07-18;FRC;M19;;;1;197;37163713.0;;;3.95;3.95;3.95;3.95;3.95;3.98;0.0;0.0
101694;567796;2018-07-18;FRC;N19;;;12;3809;717257163.0;;;4.05;4.01;4.05;4.01;4.01;4.01;0.0;0.0
101695;567797;2018-07-18;FRC;V19;;;15;13381;2505338492.0;;;4.2;4.13;4.2;4.13;4.13;4.13;0.0;0.0
101696;567798;2018-07-18;FRC;F20;;;20;7183;1338365611.0;;;4.3;4.25;4.3;4.25;4.25;4.25;0.0;0.0
101697;567799;2018-07-18;FRC;J20;;;0;0;0.0;;;0.0;0.0;0.0;0.0;0.0;4.31;0.0;0.0
101698;567800;2018-07-18;FRC;N20;;;8;2689;494733022.0;;;4.37;4.37;4.37;4.37;4.37;4.37;0.0;0.0
101699;567801;2018-07-18;FRC;V20;;;0;0;0.0;;;0.0;0.0;0.0;0.0;0.0;4.43;0.0;0.0
101700;567802;2018-07-18;FRC;F21;;;15;8493;1545111007.0;;;4.5;4.5;4.51;4.5;4.51;4.51;0.0;0.0
101701;567803;2018-07-18;FRC;J21;;;0;0;0.0;;;0.0;0.0;0.0;0.0;0.0;4.53;0.0;0.0
101702;567804;2018-07-18;FRC;N21;;;1;188;33779508.0;;;4.56;4.56;4.56;4.56;4.56;4.56;0.0;0.0
101703;567805;2018-07-18;FRC;V21;;;0;0;0.0;;;0.0;0.0;0.0;0.0;0.0;4.56;0.0;0.0
101704;567806;2018-07-18;FRC;F22;;;8;1860;330622963.0;;;4.62;4.62;4.62;4.62;4.62;4.62;0.0;0.0
101705;567807;2018-07-18;FRC;J22;;;0;0;0.0;;;0.0;0.0;0.0;0.0;0.0;4.67;0.0;0.0
101706;567808;2018-07-18;FRC;N22;;;3;552;96841827.0;;;4.69;4.69;4.69;4.69;4.69;4.69;0.0;0.0
101707;567809;2018-07-18;FRC;V22;;;0;0;0.0;;;0.0;0.0;0.0;0.0;0.0;4.74;0.0;0.0
101708;567810;2018-07-18;FRC;F23;;;10;5891;1022518832.0;;;4.75;4.74;4.76;4.74;4.74;4.74;0.0;0.0
101709;567811;2018-07-18;FRC;J23;;;0;0;0.0;;;0.0;0.0;0.0;0.0;0.0;4.77;0.0;0.0
101710;567812;2018-07-18;FRC;N23;;;1;72;12325050.0;;;4.81;4.81;4.81;4.81;4.81;4.79;0.0;0.0
101711;567813;2018-07-18;FRC;F24;;;4;573;96992462.0;;;4.9;4.9;4.9;4.9;4.9;4.9;0.0;0.0
101712;567814;2018-07-18;FRC;N24;;;0;0;0.0;;;0.0;0.0;0.0;0.0;0.0;5.0;0.0;0.0
101713;567815;2018-07-18;FRC;F25;;;9;2415;397771896.0;;;5.09;5.09;5.09;5.09;5.09;5.09;0.0;0.0
101714;567816;2018-07-18;FRC;N25;;;0;0;0.0;;;0.0;0.0;0.0;0.0;0.0;5.17;0.0;0.0
101715;567817;2018-07-18;FRC;F26;;;0;0;0.0;;;0.0;0.0;0.0;0.0;0.0;5.28;0.0;0.0
101716;567818;2018-07-18;FRC;N26;;;0;0;0.0;;;0.0;0.0;0.0;0.0;0.0;5.37;0.0;0.0
101717;567819;2018-07-18;FRC;F27;;;0;0;0.0;;;0.0;0.0;0.0;0.0;0.0;5.47;0.0;0.0
101718;567820;2018-07-18;FRC;F28;;;0;0;0.0;;;0.0;0.0;0.0;0.0;0.0;5.61;0.0;0.0
101719;567821;2018-07-18;FRC;F29;;;0;0;0.0;;;0.0;0.0;0.0;0.0;0.0;5.77;0.0;0.0
101720;567822;2018-07-18;FRC;F30;;;0;0;0.0;;;0.0;0.0;0.0;0.0;0.0;5.82;0.0;0.0
101721;567991;2018-07-19;FRC;U18;;;157;207939;39978796036.0;;;2.6;2.58;2.62;2.59;2.58;2.59;0.0;0.0
101722;567992;2018-07-19;FRC;V18;;;7;16998;3263681329.0;;;2.93;2.92;2.95;2.92;2.92;2.92;0.0;0.0
101723;567993;2018-07-19;FRC;X18;;;11;7368;1412295765.0;;;3.22;3.22;3.23;3.22;3.23;3.22;0.0;0.0
101724;567994;2018-07-19;FRC;Z18;;;1;1591;304519407.0;;;3.24;3.24;3.24;3.24;3.24;3.23;0.0;0.0
101725;567995;2018-07-19;FRC;F19;;;17;21448;4098386358.0;;;3.36;3.36;3.39;3.37;3.37;3.37;0.0;3.37
101726;567996;2018-07-19;FRC;G19;;;1;1982;378004848.0;;;3.57;3.57;3.57;3.57;3.57;3.55;0.0;0.0
101727;567997;2018-07-19;FRC;H19;;;1;1207;229782751.0;;;3.71;3.71;3.71;3.71;3.71;3.71;3.7;0.0
101728;567998;2018-07-19;FRC;J19;;;7;7310;1389075381.0;;;3.79;3.78;3.8;3.78;3.78;3.78;0.0;0.0
101729;567999;2018-07-19;FRC;K19;;;4;985;186824432.0;;;3.85;3.85;3.85;3.85;3.85;3.85;0.0;0.0
101730;568000;2018-07-19;FRC;M19;;;0;0;0.0;;;0.0;0.0;0.0;0.0;0.0;4.0;0.0;0.0
101731;568001;2018-07-19;FRC;N19;;;10;5401;1020245063.0;;;4.03;4.03;4.05;4.04;4.05;4.05;0.0;0.0
101732;568002;2018-07-19;FRC;V19;;;0;0;0.0;;;0.0;0.0;0.0;0.0;0.0;4.17;0.0;0.0
101733;568003;2018-07-19;FRC;F20;;;20;14061;2624969964.0;;;4.29;4.26;4.29;4.27;4.28;4.28;0.0;0.0
101734;568004;2018-07-19;FRC;J20;;;0;0;0.0;;;0.0;0.0;0.0;0.0;0.0;4.34;0.0;0.0
101735;568005;2018-07-19;FRC;N20;;;8;6148;1134613612.0;;;4.41;4.39;4.41;4.39;4.41;4.41;0.0;0.0
101736;568006;2018-07-19;FRC;V20;;;3;955;175182316.0;;;4.46;4.46;4.46;4.46;4.46;4.46;0.0;0.0
101737;568007;2018-07-19;FRC;F21;;;15;4902;893408098.0;;;4.53;4.53;4.55;4.53;4.54;4.54;0.0;0.0
101738;568008;2018-07-19;FRC;J21;;;0;0;0.0;;;0.0;0.0;0.0;0.0;0.0;4.56;0.0;0.0
101739;568009;2018-07-19;FRC;N21;;;0;0;0.0;;;0.0;0.0;0.0;0.0;0.0;4.59;0.0;0.0
101740;568010;2018-07-19;FRC;V21;;;0;0;0.0;;;0.0;0.0;0.0;0.0;0.0;4.59;0.0;0.0
101741;568011;2018-07-19;FRC;F22;;;9;2418;430457330.0;;;4.66;4.66;4.66;4.66;4.66;4.66;0.0;0.0
101742;568012;2018-07-19;FRC;J22;;;4;2111;373627604.0;;;4.67;4.67;4.72;4.69;4.72;4.7;0.0;0.0
101743;568013;2018-07-19;FRC;N22;;;5;2210;388946435.0;;;4.68;4.68;4.72;4.7;4.72;4.72;0.0;0.0
101744;568014;2018-07-19;FRC;V22;;;0;0;0.0;;;0.0;0.0;0.0;0.0;0.0;4.78;0.0;0.0
101745;568015;2018-07-19;FRC;F23;;;14;14719;2559329540.0;;;4.74;4.74;4.79;4.75;4.79;4.79;0.0;0.0
101746;568016;2018-07-19;FRC;J23;;;0;0;0.0;;;0.0;0.0;0.0;0.0;0.0;4.82;0.0;0.0
101747;568017;2018-07-19;FRC;N23;;;0;0;0.0;;;0.0;0.0;0.0;0.0;0.0;4.85;0.0;0.0
101748;568018;2018-07-19;FRC;F24;;;2;358;60659492.0;;;4.95;4.95;4.95;4.95;4.95;4.95;0.0;0.0
101749;568019;2018-07-19;FRC;N24;;;0;0;0.0;;;0.0;0.0;0.0;0.0;0.0;5.05;0.0;0.0
101750;568020;2018-07-19;FRC;F25;;;10;9799;1616059672.0;;;5.11;5.11;5.15;5.12;5.15;5.15;0.0;0.0
101751;568021;2018-07-19;FRC;N25;;;0;0;0.0;;;0.0;0.0;0.0;0.0;0.0;5.23;0.0;0.0
101752;568022;2018-07-19;FRC;F26;;;3;2056;329470598.0;;;5.32;5.32;5.34;5.33;5.34;5.34;0.0;0.0
101753;568023;2018-07-19;FRC;N26;;;0;0;0.0;;;0.0;0.0;0.0;0.0;0.0;5.43;0.0;0.0
101754;568024;2018-07-19;FRC;F27;;;3;3862;601236204.0;;;5.49;5.49;5.53;5.52;5.53;5.53;0.0;0.0
101755;568025;2018-07-19;FRC;F28;;;0;0;0.0;;;0.0;0.0;0.0;0.0;0.0;5.67;0.0;0.0
101756;568026;2018-07-19;FRC;F29;;;0;0;0.0;;;0.0;0.0;0.0;0.0;0.0;5.83;0.0;0.0
101757;568027;2018-07-19;FRC;F30;;;0;0;0.0;;;0.0;0.0;0.0;0.0;0.0;5.88;0.0;0.0
101758;568196;2018-07-20;FRC;U18;;;187;204986;39163174741.0;;;2.59;2.52;2.59;2.55;2.52;2.54;2.54;2.56
101759;568197;2018-07-20;FRC;V18;;;47;62560;11936533338.0;;;2.9;2.85;2.9;2.87;2.85;2.86;0.0;0.0
101760;568198;2018-07-20;FRC;X18;;;8;8644;1646590089.0;;;3.17;3.16;3.17;3.16;3.16;3.16;0.0;0.0
101761;568199;2018-07-20;FRC;Z18;;;4;2387;454059675.0;;;3.17;3.16;3.17;3.16;3.16;3.17;0.0;0.0
101762;568200;2018-07-20;FRC;F19;;;31;26019;4941074882.0;;;3.34;3.32;3.34;3.32;3.32;3.32;0.0;0.0
101763;568201;2018-07-20;FRC;G19;;;4;2577;488504805.0;;;3.48;3.48;3.48;3.48;3.48;3.48;0.0;0.0
101764;568202;2018-07-20;FRC;H19;;;2;396;74916866.0;;;3.7;3.69;3.7;3.69;3.69;3.64;0.0;0.0
101765;568203;2018-07-20;FRC;J19;;;10;3163;597398303.0;;;3.72;3.72;3.72;3.72;3.72;3.72;0.0;3.75
101766;568204;2018-07-20;FRC;K19;;;4;2169;408903141.0;;;3.79;3.79;3.79;3.79;3.79;3.79;0.0;0.0
101767;568205;2018-07-20;FRC;M19;;;0;0;0.0;;;0.0;0.0;0.0;0.0;0.0;3.94;0.0;0.0
101768;568206;2018-07-20;FRC;N19;;;11;5499;1032477559.0;;;4.02;3.99;4.02;3.99;3.99;3.99;0.0;0.0
101769;568207;2018-07-20;FRC;V19;;;4;976;182210960.0;;;4.11;4.11;4.11;4.11;4.11;4.11;0.0;0.0
101770;568208;2018-07-20;FRC;F20;;;11;4467;829064028.0;;;4.26;4.2;4.26;4.21;4.2;4.2;0.0;0.0
101771;568209;2018-07-20;FRC;J20;;;0;0;0.0;;;0.0;0.0;0.0;0.0;0.0;4.26;0.0;0.0
101772;568210;2018-07-20;FRC;N20;;;0;0;0.0;;;0.0;0.0;0.0;0.0;0.0;4.33;0.0;0.0
101773;568211;2018-07-20;FRC;V20;;;0;0;0.0;;;0.0;0.0;0.0;0.0;0.0;4.38;0.0;0.0
101774;568212;2018-07-20;FRC;F21;;;18;5149;933106046.0;;;4.5;4.45;4.51;4.48;4.45;4.47;0.0;0.0
101775;568213;2018-07-20;FRC;J21;;;0;0;0.0;;;0.0;0.0;0.0;0.0;0.0;4.49;0.0;0.0
101776;568214;2018-07-20;FRC;N21;;;0;0;0.0;;;0.0;0.0;0.0;0.0;0.0;4.52;0.0;0.0
101777;568215;2018-07-20;FRC;V21;;;2;374;66671289.0;;;4.52;4.52;4.52;4.52;4.52;4.52;0.0;0.0
101778;568216;2018-07-20;FRC;F22;;;13;3107;550079156.0;;;4.63;4.6;4.63;4.6;4.6;4.6;0.0;0.0
101779;568217;2018-07-20;FRC;J22;;;1;185;32569360.0;;;4.63;4.63;4.63;4.63;4.63;4.63;0.0;0.0
101780;568218;2018-07-20;FRC;N22;;;0;0;0.0;;;0.0;0.0;0.0;0.0;0.0;4.65;0.0;0.0
101781;568219;2018-07-20;FRC;V22;;;0;0;0.0;;;0.0;0.0;0.0;0.0;0.0;4.69;0.0;0.0
101782;568220;2018-07-20;FRC;F23;;;13;3283;567551715.0;;;4.76;4.72;4.76;4.73;4.72;4.72;0.0;0.0
101783;568221;2018-07-20;FRC;J23;;;0;0;0.0;;;0.0;0.0;0.0;0.0;0.0;4.75;0.0;0.0
101784;568222;2018-07-20;FRC;N23;;;0;0;0.0;;;0.0;0.0;0.0;0.0;0.0;4.79;0.0;0.0
101785;568223;2018-07-20;FRC;F24;;;5;966;162776898.0;;;4.92;4.9;4.92;4.9;4.9;4.9;0.0;0.0
101786;568224;2018-07-20;FRC;N24;;;0;0;0.0;;;0.0;0.0;0.0;0.0;0.0;5.0;0.0;0.0
101787;568225;2018-07-20;FRC;F25;;;6;1609;263784436.0;;;5.12;5.1;5.12;5.1;5.1;5.1;0.0;0.0
101788;568226;2018-07-20;FRC;N25;;;0;0;0.0;;;0.0;0.0;0.0;0.0;0.0;5.18;0.0;0.0
101789;568227;2018-07-20;FRC;F26;;;0;0;0.0;;;0.0;0.0;0.0;0.0;0.0;5.29;0.0;0.0
101790;568228;2018-07-20;FRC;N26;;;0;0;0.0;;;0.0;0.0;0.0;0.0;0.0;5.38;0.0;0.0
101791;568229;2018-07-20;FRC;F27;;;2;672;104015244.0;;;5.51;5.51;5.51;5.51;5.51;5.48;0.0;0.0
101792;568230;2018-07-20;FRC;F28;;;0;0;0.0;;;0.0;0.0;0.0;0.0;0.0;5.62;0.0;0.0
101793;568231;2018-07-20;FRC;F29;;;0;0;0.0;;;0.0;0.0;0.0;0.0;0.0;5.78;0.0;0.0
101794;568232;2018-07-20;FRC;F30;;;0;0;0.0;;;0.0;0.0;0.0;0.0;0.0;5.83;0.0;0.0
101795;568401;2018-07-23;FRC;U18;;;141;212914;40198584811.0;;;2.57;2.46;2.58;2.5;2.46;2.46;0.0;2.46
101796;568402;2018-07-23;FRC;V18;;;14;11077;2088729524.0;;;2.9;2.8;2.9;2.8;2.8;2.8;2.75;2.8
101797;568403;2018-07-23;FRC;X18;;;10;13546;2550102121.0;;;3.2;3.07;3.2;3.11;3.07;3.07;0.0;0.0
101798;568404;2018-07-23;FRC;Z18;;;2;3780;710604151.0;;;3.18;3.08;3.18;3.13;3.08;3.07;0.0;0.0
101799;568405;2018-07-23;FRC;F19;;;14;18909;3549209974.0;;;3.33;3.22;3.33;3.24;3.22;3.22;3.22;0.0
101800;568406;2018-07-23;FRC;G19;;;25;13877;2600122967.0;;;3.5;3.38;3.5;3.4;3.39;3.38;3.38;0.0
101801;568407;2018-07-23;FRC;H19;;;0;0;0.0;;;0.0;0.0;0.0;0.0;0.0;3.54;0.0;0.0
101802;568408;2018-07-23;FRC;J19;;;4;3279;612030437.0;;;3.72;3.63;3.73;3.71;3.63;3.63;3.6;0.0
101803;568409;2018-07-23;FRC;K19;;;8;5325;992246373.0;;;3.79;3.7;3.79;3.74;3.7;3.7;3.69;0.0
101804;568410;2018-07-23;FRC;M19;;;0;0;0.0;;;0.0;0.0;0.0;0.0;0.0;3.85;0.0;3.9
101805;568411;2018-07-23;FRC;N19;;;15;9728;1805650370.0;;;4.0;3.9;4.0;3.92;3.9;3.9;3.9;0.0
101806;568412;2018-07-23;FRC;V19;;;3;313;57778506.0;;;4.09;4.02;4.09;4.02;4.02;4.02;0.0;0.0
101807;568413;2018-07-23;FRC;F20;;;14;1569;287788109.0;;;4.2;4.19;4.2;4.19;4.19;4.12;0.0;0.0
101808;568414;2018-07-23;FRC;J20;;;0;0;0.0;;;0.0;0.0;0.0;0.0;0.0;4.19;0.0;0.0
101809;568415;2018-07-23;FRC;N20;;;2;11534;2091681820.0;;;4.33;4.33;4.33;4.33;4.33;4.27;0.0;0.0
101810;568416;2018-07-23;FRC;V20;;;1;38;6849125.0;;;4.38;4.38;4.38;4.38;4.38;4.33;4.33;0.0
101811;568417;2018-07-23;FRC;F21;;;18;7717;1382708002.0;;;4.49;4.43;4.49;4.44;4.43;4.43;0.0;4.45
101812;568418;2018-07-23;FRC;J21;;;0;0;0.0;;;0.0;0.0;0.0;0.0;0.0;4.45;0.0;0.0
101813;568419;2018-07-23;FRC;N21;;;0;0;0.0;;;0.0;0.0;0.0;0.0;0.0;4.48;0.0;0.0
101814;568420;2018-07-23;FRC;V21;;;0;0;0.0;;;0.0;0.0;0.0;0.0;0.0;4.48;0.0;0.0
101815;568421;2018-07-23;FRC;F22;;;4;2906;508785351.0;;;4.6;4.57;4.6;4.57;4.57;4.57;0.0;0.0
101816;568422;2018-07-23;FRC;J22;;;0;0;0.0;;;0.0;0.0;0.0;0.0;0.0;4.6;0.0;0.0
101817;568423;2018-07-23;FRC;N22;;;0;0;0.0;;;0.0;0.0;0.0;0.0;0.0;4.62;0.0;0.0
101818;568424;2018-07-23;FRC;V22;;;0;0;0.0;;;0.0;0.0;0.0;0.0;0.0;4.67;0.0;0.0
101819;568425;2018-07-23;FRC;F23;;;3;912;155814002.0;;;4.73;4.73;4.73;4.73;4.73;4.7;0.0;4.73
101820;568426;2018-07-23;FRC;J23;;;0;0;0.0;;;0.0;0.0;0.0;0.0;0.0;4.73;0.0;0.0
101821;568427;2018-07-23;FRC;N23;;;0;0;0.0;;;0.0;0.0;0.0;0.0;0.0;4.78;0.0;0.0
101822;568428;2018-07-23;FRC;F24;;;2;411;68445979.0;;;4.9;4.9;4.9;4.9;4.9;4.9;0.0;0.0
101823;568429;2018-07-23;FRC;N24;;;0;0;0.0;;;0.0;0.0;0.0;0.0;0.0;5.01;0.0;0.0
101824;568430;2018-07-23;FRC;F25;;;10;3554;575816943.0;;;5.1;5.1;5.12;5.11;5.12;5.12;0.0;0.0
101825;568431;2018-07-23;FRC;N25;;;0;0;0.0;;;0.0;0.0;0.0;0.0;0.0;5.2;0.0;0.0
101826;568432;2018-07-23;FRC;F26;;;0;0;0.0;;;0.0;0.0;0.0;0.0;0.0;5.31;0.0;0.0
101827;568433;2018-07-23;FRC;N26;;;0;0;0.0;;;0.0;0.0;0.0;0.0;0.0;5.4;0.0;0.0
101828;568434;2018-07-23;FRC;F27;;;5;1849;283182334.0;;;5.48;5.47;5.48;5.47;5.47;5.5;0.0;0.0
101829;568435;2018-07-23;FRC;F28;;;0;0;0.0;;;0.0;0.0;0.0;0.0;0.0;5.64;0.0;0.0
101830;568436;2018-07-23;FRC;F29;;;0;0;0.0;;;0.0;0.0;0.0;0.0;0.0;5.8;0.0;0.0
101831;568437;2018-07-23;FRC;F30;;;0;0;0.0;;;0.0;0.0;0.0;0.0;0.0;5.85;0.0;0.0
101832;568606;2018-07-24;FRC;U18;;;129;207335;38988403422.0;;;2.44;2.31;2.44;2.35;2.35;2.34;2.34;0.0
101833;568607;2018-07-24;FRC;V18;;;45;54220;10183199106.0;;;2.73;2.6;2.73;2.69;2.6;2.69;2.69;2.74
101834;568608;2018-07-24;FRC;X18;;;25;26322;4936066639.0;;;3.0;2.94;3.0;2.96;2.97;2.94;2.95;2.99
101835;568609;2018-07-24;FRC;Z18;;;8;3980;745340969.0;;;2.99;2.99;2.99;2.99;2.99;2.99;0.0;0.0
101836;568610;2018-07-24;FRC;F19;;;90;88437;16534510981.0;;;3.22;3.15;3.22;3.17;3.16;3.16;0.0;0.0
101837;568611;2018-07-24;FRC;G19;;;12;10114;1887786693.0;;;3.31;3.31;3.31;3.31;3.31;3.31;3.31;0.0
101838;568612;2018-07-24;FRC;H19;;;3;1980;368908419.0;;;3.48;3.48;3.48;3.48;3.48;3.48;0.0;0.0
101839;568613;2018-07-24;FRC;J19;;;0;0;0.0;;;0.0;0.0;0.0;0.0;0.0;3.56;0.0;0.0
101840;568614;2018-07-24;FRC;K19;;;7;1973;366305418.0;;;3.63;3.63;3.63;3.63;3.63;3.63;0.0;0.0
101841;568615;2018-07-24;FRC;M19;;;6;2167;401496803.0;;;3.74;3.74;3.74;3.74;3.74;3.74;0.0;0.0
101842;568616;2018-07-24;FRC;N19;;;18;6628;1225656707.0;;;3.88;3.83;3.9;3.84;3.9;3.83;0.0;0.0
101843;568617;2018-07-24;FRC;V19;;;5;1761;323906385.0;;;3.94;3.94;3.94;3.94;3.94;3.94;0.0;0.0
101844;568618;2018-07-24;FRC;F20;;;24;16895;3089549800.0;;;4.07;4.04;4.07;4.05;4.07;4.06;0.0;0.0
101845;568619;2018-07-24;FRC;J20;;;0;0;0.0;;;0.0;0.0;0.0;0.0;0.0;4.14;0.0;4.14
101846;568620;2018-07-24;FRC;N20;;;6;1731;312900221.0;;;4.26;4.23;4.26;4.24;4.23;4.23;0.0;0.0
101847;568621;2018-07-24;FRC;V20;;;1;191;34322964.0;;;4.3;4.3;4.3;4.3;4.3;4.3;0.0;4.3
101848;568622;2018-07-24;FRC;F21;;;14;10572;1886992544.0;;;4.43;4.39;4.43;4.42;4.39;4.39;0.0;0.0
101849;568623;2018-07-24;FRC;J21;;;0;0;0.0;;;0.0;0.0;0.0;0.0;0.0;4.41;0.0;0.0
101850;568624;2018-07-24;FRC;N21;;;2;14497;2558619410.0;;;4.49;4.49;4.49;4.49;4.49;4.44;0.0;0.0
101851;568625;2018-07-24;FRC;V21;;;3;561;98526042.0;;;4.45;4.45;4.45;4.45;4.45;4.45;0.0;0.0
101852;568626;2018-07-24;FRC;F22;;;7;2087;364082900.0;;;4.5;4.5;4.55;4.53;4.54;4.54;0.0;0.0
101853;568627;2018-07-24;FRC;J22;;;0;0;0.0;;;0.0;0.0;0.0;0.0;0.0;4.56;0.0;0.0
101854;568628;2018-07-24;FRC;N22;;;0;0;0.0;;;0.0;0.0;0.0;0.0;0.0;4.58;0.0;0.0
101855;568629;2018-07-24;FRC;V22;;;6;920;157760933.0;;;4.62;4.62;4.63;4.62;4.63;4.62;0.0;0.0
101856;568630;2018-07-24;FRC;F23;;;14;6722;1144409492.0;;;4.71;4.7;4.71;4.7;4.7;4.7;0.0;4.7
101857;568631;2018-07-24;FRC;J23;;;0;0;0.0;;;0.0;0.0;0.0;0.0;0.0;4.73;0.0;0.0
101858;568632;2018-07-24;FRC;N23;;;0;0;0.0;;;0.0;0.0;0.0;0.0;0.0;4.77;0.0;0.0
101859;568633;2018-07-24;FRC;F24;;;0;0;0.0;;;0.0;0.0;0.0;0.0;0.0;4.88;0.0;0.0
101860;568634;2018-07-24;FRC;N24;;;0;0;0.0;;;0.0;0.0;0.0;0.0;0.0;4.98;0.0;0.0
101861;568635;2018-07-24;FRC;F25;;;8;2644;426695622.0;;;5.11;5.08;5.12;5.1;5.08;5.08;0.0;0.0
101862;568636;2018-07-24;FRC;N25;;;0;0;0.0;;;0.0;0.0;0.0;0.0;0.0;5.17;0.0;0.0
101863;568637;2018-07-24;FRC;F26;;;0;0;0.0;;;0.0;0.0;0.0;0.0;0.0;5.29;0.0;0.0
101864;568638;2018-07-24;FRC;N26;;;0;0;0.0;;;0.0;0.0;0.0;0.0;0.0;5.39;0.0;0.0
101865;568639;2018-07-24;FRC;F27;;;2;168;25615847.0;;;5.48;5.48;5.48;5.48;5.48;5.47;0.0;0.0
101866;568640;2018-07-24;FRC;F28;;;0;0;0.0;;;0.0;0.0;0.0;0.0;0.0;5.66;0.0;0.0
101867;568641;2018-07-24;FRC;F29;;;0;0;0.0;;;0.0;0.0;0.0;0.0;0.0;5.82;0.0;0.0
101868;568642;2018-07-24;FRC;F30;;;0;0;0.0;;;0.0;0.0;0.0;0.0;0.0;5.87;0.0;0.0
101869;568811;2018-07-25;FRC;U18;;;317;435063;80936846932.0;;;2.34;2.34;2.46;2.41;2.44;2.44;2.4;2.5
101870;568812;2018-07-25;FRC;V18;;;32;33488;6222190765.0;;;2.7;2.68;2.76;2.74;2.76;2.76;2.76;2.78
101871;568813;2018-07-25;FRC;X18;;;38;68749;12753758209.0;;;2.99;2.99;3.04;3.02;3.04;3.04;3.04;0.0
101872;568814;2018-07-25;FRC;Z18;;;0;0;0.0;;;0.0;0.0;0.0;0.0;0.0;3.07;0.0;0.0
101873;568815;2018-07-25;FRC;F19;;;49;51174;9465369008.0;;;3.18;3.14;3.23;3.19;3.23;3.23;0.0;0.0
101874;568816;2018-07-25;FRC;G19;;;14;42240;7799163631.0;;;3.36;3.36;3.36;3.36;3.36;3.36;0.0;0.0
101875;568817;2018-07-25;FRC;H19;;;2;1287;237219304.0;;;3.5;3.5;3.52;3.5;3.52;3.52;0.0;0.0
101876;568818;2018-07-25;FRC;J19;;;26;31138;5730157115.0;;;3.51;3.51;3.59;3.53;3.59;3.59;0.0;3.59
101877;568819;2018-07-25;FRC;K19;;;2;12827;2356465885.0;;;3.59;3.59;3.59;3.59;3.59;3.66;0.0;0.0
101878;568820;2018-07-25;FRC;M19;;;3;985;180533549.0;;;3.77;3.77;3.77;3.77;3.77;3.77;0.0;3.77
101879;568821;2018-07-25;FRC;N19;;;7;3834;701499231.0;;;3.8;3.8;3.83;3.82;3.83;3.83;0.0;3.83
101880;568822;2018-07-25;FRC;V19;;;3;783;142488514.0;;;3.94;3.94;3.94;3.94;3.94;3.94;0.0;0.0
101881;568823;2018-07-25;FRC;F20;;;43;28652;5183871738.0;;;4.02;4.02;4.06;4.05;4.06;4.06;0.0;0.0
101882;568824;2018-07-25;FRC;J20;;;2;18184;3271557345.0;;;4.14;4.14;4.14;4.14;4.14;4.14;0.0;0.0
101883;568825;2018-07-25;FRC;N20;;;9;3463;619488109.0;;;4.19;4.19;4.22;4.21;4.22;4.22;0.0;0.0
101884;568826;2018-07-25;FRC;V20;;;1;19;3377247.0;;;4.3;4.3;4.3;4.3;4.3;4.28;0.0;0.0
101885;568827;2018-07-25;FRC;F21;;;14;9610;1698287996.0;;;4.36;4.36;4.36;4.36;4.36;4.36;0.0;0.0
101886;568828;2018-07-25;FRC;J21;;;0;0;0.0;;;0.0;0.0;0.0;0.0;0.0;4.38;0.0;0.0
101887;568829;2018-07-25;FRC;N21;;;0;0;0.0;;;0.0;0.0;0.0;0.0;0.0;4.41;0.0;0.0
101888;568830;2018-07-25;FRC;V21;;;0;0;0.0;;;0.0;0.0;0.0;0.0;0.0;4.42;0.0;0.0
101889;568831;2018-07-25;FRC;F22;;;9;6337;1094424327.0;;;4.5;4.5;4.5;4.5;4.5;4.5;0.0;0.0
101890;568832;2018-07-25;FRC;J22;;;0;0;0.0;;;0.0;0.0;0.0;0.0;0.0;4.52;0.0;0.0
101891;568833;2018-07-25;FRC;N22;;;0;0;0.0;;;0.0;0.0;0.0;0.0;0.0;4.54;0.0;0.0
101892;568834;2018-07-25;FRC;V22;;;0;0;0.0;;;0.0;0.0;0.0;0.0;0.0;4.57;0.0;0.0
101893;568835;2018-07-25;FRC;F23;;;18;11514;1941562027.0;;;4.65;4.65;4.66;4.65;4.66;4.65;0.0;0.0
101894;568836;2018-07-25;FRC;J23;;;1;182;30481046.0;;;4.73;4.73;4.73;4.73;4.73;4.68;0.0;0.0
101895;568837;2018-07-25;FRC;N23;;;1;108;17966610.0;;;4.76;4.76;4.76;4.76;4.76;4.72;0.0;0.0
101896;568838;2018-07-25;FRC;F24;;;2;5906;970595879.0;;;4.84;4.84;4.84;4.84;4.84;4.84;0.0;0.0
101897;568839;2018-07-25;FRC;N24;;;0;0;0.0;;;0.0;0.0;0.0;0.0;0.0;4.94;0.0;0.0
101898;568840;2018-07-25;FRC;F25;;;2;6573;1051348196.0;;;5.04;5.04;5.04;5.04;5.04;5.04;5.04;0.0
101899;568841;2018-07-25;FRC;N25;;;0;0;0.0;;;0.0;0.0;0.0;0.0;0.0;5.13;0.0;0.0
101900;568842;2018-07-25;FRC;F26;;;2;172;26759975.0;;;5.24;5.24;5.24;5.24;5.24;5.24;0.0;0.0
101901;568843;2018-07-25;FRC;N26;;;0;0;0.0;;;0.0;0.0;0.0;0.0;0.0;5.35;0.0;0.0
101902;568844;2018-07-25;FRC;F27;;;4;2188;330687861.0;;;5.43;5.43;5.43;5.43;5.43;5.43;0.0;0.0
101903;568845;2018-07-25;FRC;F28;;;3;4226;620333434.0;;;5.62;5.62;5.62;5.62;5.62;5.62;0.0;0.0
101904;568846;2018-07-25;FRC;F29;;;2;308;43947721.0;;;5.77;5.77;5.77;5.77;5.77;5.77;0.0;0.0
101905;568847;2018-07-25;FRC;F30;;;0;0;0.0;;;0.0;0.0;0.0;0.0;0.0;5.82;0.0;0.0
101906;569016;2018-07-26;FRC;U18;;;316;359661;66922842416.0;;;2.44;2.36;2.44;2.38;2.37;2.37;0.0;0.0
101907;569017;2018-07-26;FRC;V18;;;78;77336;14372348485.0;;;2.75;2.7;2.75;2.71;2.71;2.71;0.0;0.0
101908;569018;2018-07-26;FRC;X18;;;61;21513;3991730758.0;;;3.02;3.01;3.03;3.01;3.01;3.01;3.0;3.04
101909;569019;2018-07-26;FRC;Z18;;;75;7767;1439169267.0;;;3.06;3.05;3.06;3.05;3.05;3.05;3.05;3.1
101910;569020;2018-07-26;FRC;F19;;;43;29891;5529373429.0;;;3.2;3.2;3.25;3.22;3.24;3.24;0.0;0.0
101911;569021;2018-07-26;FRC;G19;;;12;6943;1282160229.0;;;3.36;3.33;3.38;3.37;3.38;3.38;0.0;3.38
101912;569022;2018-07-26;FRC;H19;;;4;2772;511013681.0;;;3.52;3.52;3.52;3.52;3.52;3.52;3.51;0.0
101913;569023;2018-07-26;FRC;J19;;;13;5456;1004023815.0;;;3.6;3.6;3.61;3.6;3.61;3.6;0.0;0.0
101914;569024;2018-07-26;FRC;K19;;;0;0;0.0;;;0.0;0.0;0.0;0.0;0.0;3.67;0.0;0.0
101915;569025;2018-07-26;FRC;M19;;;6;2363;433181977.0;;;3.77;3.77;3.77;3.77;3.77;3.77;0.0;0.0
101916;569026;2018-07-26;FRC;N19;;;26;24437;4472133266.0;;;3.8;3.8;3.84;3.82;3.83;3.83;0.0;0.0
101917;569027;2018-07-26;FRC;V19;;;1;196;35676389.0;;;3.94;3.94;3.94;3.94;3.94;3.94;0.0;0.0
101918;569028;2018-07-26;FRC;F20;;;19;15634;2829026519.0;;;4.03;4.03;4.07;4.06;4.07;4.07;4.07;4.08
101919;569029;2018-07-26;FRC;J20;;;0;0;0.0;;;0.0;0.0;0.0;0.0;0.0;4.15;0.0;0.0
101920;569030;2018-07-26;FRC;N20;;;7;1923;344036992.0;;;4.22;4.22;4.22;4.22;4.22;4.22;0.0;0.0
101921;569031;2018-07-26;FRC;V20;;;5;860;152962581.0;;;4.28;4.28;4.28;4.28;4.28;4.28;0.0;0.0
101922;569032;2018-07-26;FRC;F21;;;12;5614;992315292.0;;;4.36;4.36;4.36;4.36;4.36;4.36;0.0;0.0
101923;569033;2018-07-26;FRC;J21;;;0;0;0.0;;;0.0;0.0;0.0;0.0;0.0;4.38;0.0;0.0
101924;569034;2018-07-26;FRC;N21;;;2;376;65730979.0;;;4.41;4.41;4.41;4.41;4.41;4.41;0.0;0.0
101925;569035;2018-07-26;FRC;V21;;;6;1315;228706295.0;;;4.42;4.42;4.42;4.42;4.42;4.42;0.0;0.0
101926;569036;2018-07-26;FRC;F22;;;14;3819;659560965.0;;;4.51;4.51;4.51;4.51;4.51;4.51;0.0;0.0
101927;569037;2018-07-26;FRC;J22;;;0;0;0.0;;;0.0;0.0;0.0;0.0;0.0;4.53;0.0;0.0
101928;569038;2018-07-26;FRC;N22;;;0;0;0.0;;;0.0;0.0;0.0;0.0;0.0;4.55;0.0;0.0
101929;569039;2018-07-26;FRC;V22;;;0;0;0.0;;;0.0;0.0;0.0;0.0;0.0;4.57;0.0;0.0
101930;569040;2018-07-26;FRC;F23;;;1;183;30869696.0;;;4.65;4.65;4.65;4.65;4.65;4.65;0.0;0.0
101931;569041;2018-07-26;FRC;J23;;;0;0;0.0;;;0.0;0.0;0.0;0.0;0.0;4.68;0.0;0.0
101932;569042;2018-07-26;FRC;N23;;;0;0;0.0;;;0.0;0.0;0.0;0.0;0.0;4.72;0.0;0.0
101933;569043;2018-07-26;FRC;F24;;;2;358;58885485.0;;;4.81;4.81;4.81;4.81;4.81;4.83;0.0;0.0
101934;569044;2018-07-26;FRC;N24;;;0;0;0.0;;;0.0;0.0;0.0;0.0;0.0;4.92;0.0;0.0
101935;569045;2018-07-26;FRC;F25;;;7;1699;271851728.0;;;5.04;5.01;5.05;5.02;5.01;5.01;0.0;0.0
101936;569046;2018-07-26;FRC;N25;;;2;1596;251906322.0;;;5.13;5.13;5.13;5.13;5.13;5.1;0.0;0.0
101937;569047;2018-07-26;FRC;F26;;;2;824;128176860.0;;;5.24;5.24;5.24;5.24;5.24;5.21;0.0;0.0
101938;569048;2018-07-26;FRC;N26;;;0;0;0.0;;;0.0;0.0;0.0;0.0;0.0;5.32;0.0;0.0
101939;569049;2018-07-26;FRC;F27;;;0;0;0.0;;;0.0;0.0;0.0;0.0;0.0;5.4;0.0;0.0
101940;569050;2018-07-26;FRC;F28;;;0;0;0.0;;;0.0;0.0;0.0;0.0;0.0;5.59;0.0;0.0
101941;569051;2018-07-26;FRC;F29;;;0;0;0.0;;;0.0;0.0;0.0;0.0;0.0;5.74;0.0;0.0
101942;569052;2018-07-26;FRC;F30;;;0;0;0.0;;;0.0;0.0;0.0;0.0;0.0;5.79;0.0;0.0
101943;569221;2018-07-27;FRC;U18;;;325;414833;77069863773.0;;;2.36;2.15;2.36;2.2;2.17;2.17;2.17;0.0
101944;569222;2018-07-27;FRC;V18;;;50;15097;2801425011.0;;;2.61;2.57;2.61;2.58;2.57;2.57;0.0;0.0
101945;569223;2018-07-27;FRC;X18;;;13;22917;4246072458.0;;;2.89;2.89;2.89;2.89;2.89;2.89;2.88;0.0
101946;569224;2018-07-27;FRC;Z18;;;2;1990;368217305.0;;;2.92;2.92;2.92;2.92;2.92;2.92;0.0;0.0
101947;569225;2018-07-27;FRC;F19;;;19;9238;1706504578.0;;;3.15;3.12;3.15;3.12;3.12;3.12;3.1;3.14
101948;569226;2018-07-27;FRC;G19;;;7;2577;475221023.0;;;3.29;3.29;3.29;3.29;3.29;3.29;3.28;3.29
101949;569227;2018-07-27;FRC;H19;;;2;7921;1458334472.0;;;3.41;3.41;3.41;3.41;3.41;3.43;0.0;0.0
101950;569228;2018-07-27;FRC;J19;;;17;6525;1199128838.0;;;3.52;3.52;3.52;3.52;3.52;3.52;0.0;3.52
101951;569229;2018-07-27;FRC;K19;;;6;2368;434410033.0;;;3.59;3.59;3.59;3.59;3.59;3.59;0.0;0.0
101952;569230;2018-07-27;FRC;M19;;;9;6304;1154311796.0;;;3.66;3.66;3.66;3.66;3.66;3.66;0.0;0.0
101953;569231;2018-07-27;FRC;N19;;;67;11424;2088109118.0;;;3.75;3.73;3.76;3.74;3.76;3.76;0.0;0.0
101954;569232;2018-07-27;FRC;V19;;;5;1762;320334184.0;;;3.88;3.83;3.88;3.86;3.83;3.83;0.0;0.0
101955;569233;2018-07-27;FRC;F20;;;16;7785;1407093125.0;;;4.06;3.94;4.06;3.99;3.94;3.94;0.0;0.0
101956;569234;2018-07-27;FRC;J20;;;5;1163;209142225.0;;;4.03;4.03;4.03;4.03;4.03;4.03;0.0;0.0
101957;569235;2018-07-27;FRC;N20;;;6;2697;482245391.0;;;4.11;4.1;4.12;4.11;4.1;4.1;0.0;0.0
101958;569236;2018-07-27;FRC;V20;;;7;2875;511070593.0;;;4.19;4.19;4.19;4.19;4.19;4.19;0.0;0.0
101959;569237;2018-07-27;FRC;F21;;;14;15616;2757137075.0;;;4.36;4.25;4.36;4.31;4.25;4.25;0.0;0.0
101960;569238;2018-07-27;FRC;J21;;;0;0;0.0;;;0.0;0.0;0.0;0.0;0.0;4.28;0.0;0.0
101961;569239;2018-07-27;FRC;N21;;;1;189;33037742.0;;;4.32;4.32;4.32;4.32;4.32;4.32;0.0;0.0
101962;569240;2018-07-27;FRC;V21;;;0;0;0.0;;;0.0;0.0;0.0;0.0;0.0;4.32;0.0;0.0
101963;569241;2018-07-27;FRC;F22;;;6;9883;1704145426.0;;;4.52;4.4;4.52;4.51;4.4;4.4;4.38;0.0
101964;569242;2018-07-27;FRC;J22;;;0;0;0.0;;;0.0;0.0;0.0;0.0;0.0;4.42;0.0;0.0
101965;569243;2018-07-27;FRC;N22;;;0;0;0.0;;;0.0;0.0;0.0;0.0;0.0;4.44;0.0;0.0
101966;569244;2018-07-27;FRC;V22;;;0;0;0.0;;;0.0;0.0;0.0;0.0;0.0;4.46;0.0;0.0
101967;569245;2018-07-27;FRC;F23;;;3;732;123531801.0;;;4.54;4.54;4.54;4.54;4.54;4.54;0.0;0.0
101968;569246;2018-07-27;FRC;J23;;;0;0;0.0;;;0.0;0.0;0.0;0.0;0.0;4.57;0.0;0.0
101969;569247;2018-07-27;FRC;N23;;;2;362;60284326.0;;;4.67;4.67;4.67;4.67;4.67;4.61;0.0;0.0
101970;569248;2018-07-27;FRC;F24;;;4;627;103028480.0;;;4.78;4.78;4.81;4.78;4.81;4.71;0.0;0.0
101971;569249;2018-07-27;FRC;N24;;;0;0;0.0;;;0.0;0.0;0.0;0.0;0.0;4.8;0.0;0.0
101972;569250;2018-07-27;FRC;F25;;;0;0;0.0;;;0.0;0.0;0.0;0.0;0.0;4.88;0.0;0.0
101973;569251;2018-07-27;FRC;N25;;;0;0;0.0;;;0.0;0.0;0.0;0.0;0.0;4.97;0.0;0.0
101974;569252;2018-07-27;FRC;F26;;;0;0;0.0;;;0.0;0.0;0.0;0.0;0.0;5.07;0.0;0.0
101975;569253;2018-07-27;FRC;N26;;;2;119;18242344.0;;;5.3;5.3;5.3;5.3;5.3;5.18;0.0;0.0
101976;569254;2018-07-27;FRC;F27;;;1;338;51330646.0;;;5.25;5.25;5.25;5.25;5.25;5.25;0.0;0.0
101977;569255;2018-07-27;FRC;F28;;;0;0;0.0;;;0.0;0.0;0.0;0.0;0.0;5.44;0.0;0.0
101978;569256;2018-07-27;FRC;F29;;;0;0;0.0;;;0.0;0.0;0.0;0.0;0.0;5.59;0.0;0.0
101979;569257;2018-07-27;FRC;F30;;;0;0;0.0;;;0.0;0.0;0.0;0.0;0.0;5.64;0.0;0.0
101980;569426;2018-07-30;FRC;V18;;;9;8990;1667007246.0;;;3.0;3.0;3.0;3.0;3.0;3.0;0.0;0.0
101981;569427;2018-07-30;FRC;X18;;;16;11167;2067352729.0;;;3.25;3.25;3.25;3.25;3.25;3.25;3.25;0.0
101982;569428;2018-07-30;FRC;Z18;;;2;597;110379216.0;;;3.17;3.17;3.17;3.17;3.17;3.16;0.0;0.0
101983;569429;2018-07-30;FRC;F19;;;11;8952;1652376215.0;;;3.34;3.34;3.34;3.34;3.34;3.34;3.34;0.0
101984;569430;2018-07-30;FRC;G19;;;6;2384;439270137.0;;;3.49;3.49;3.49;3.49;3.49;3.49;0.0;0.0
101985;569431;2018-07-30;FRC;H19;;;7;3964;729155764.0;;;3.61;3.61;3.61;3.61;3.61;3.61;0.0;0.0
101986;569432;2018-07-30;FRC;J19;;;9;5147;945157590.0;;;3.66;3.66;3.66;3.66;3.66;3.66;0.0;0.0
101987;569433;2018-07-30;FRC;K19;;;7;1503;275490460.0;;;3.78;3.71;3.78;3.74;3.71;3.73;0.0;0.0
101988;569434;2018-07-30;FRC;M19;;;3;788;144171365.0;;;3.78;3.78;3.78;3.78;3.78;3.78;0.0;0.0
101989;569435;2018-07-30;FRC;N19;;;24;11760;2148245637.0;;;3.81;3.81;3.82;3.81;3.81;3.81;0.0;0.0
101990;569436;2018-07-30;FRC;V19;;;8;6075;1103923997.0;;;3.89;3.89;3.9;3.89;3.9;3.89;0.0;0.0
101991;569437;2018-07-30;FRC;F20;;;6;1755;317146622.0;;;3.99;3.99;3.99;3.99;3.99;3.99;0.0;0.0
101992;569438;2018-07-30;FRC;J20;;;1;194;34863518.0;;;4.08;4.08;4.08;4.08;4.08;4.08;0.0;0.0
101993;569439;2018-07-30;FRC;N20;;;6;1042;186275725.0;;;4.11;4.1;4.11;4.1;4.1;4.11;0.0;0.0
101994;569440;2018-07-30;FRC;V20;;;0;0;0.0;;;0.0;0.0;0.0;0.0;0.0;4.2;0.0;0.0
101995;569441;2018-07-30;FRC;F21;;;4;1336;235995187.0;;;4.26;4.26;4.26;4.26;4.26;4.26;0.0;0.0
101996;569442;2018-07-30;FRC;J21;;;0;0;0.0;;;0.0;0.0;0.0;0.0;0.0;4.3;0.0;0.0
101997;569443;2018-07-30;FRC;N21;;;2;38;6641876.0;;;4.33;4.33;4.33;4.33;4.33;4.34;0.0;0.0
101998;569444;2018-07-30;FRC;V21;;;1;188;32672818.0;;;4.34;4.34;4.34;4.34;4.34;4.34;0.0;0.0
101999;569445;2018-07-30;FRC;F22;;;4;1122;193724025.0;;;4.42;4.42;4.42;4.42;4.42;4.42;0.0;0.0
102000;569446;2018-07-30;FRC;J22;;;0;0;0.0;;;0.0;0.0;0.0;0.0;0.0;4.44;0.0;0.0
102001;569447;2018-07-30;FRC;N22;;;0;0;0.0;;;0.0;0.0;0.0;0.0;0.0;4.46;0.0;0.0
102002;569448;2018-07-30;FRC;V22;;;0;0;0.0;;;0.0;0.0;0.0;0.0;0.0;4.49;0.0;0.0
102003;569449;2018-07-30;FRC;F23;;;2;2327;392412191.0;;;4.57;4.57;4.57;4.57;4.57;4.57;0.0;0.0
102004;569450;2018-07-30;FRC;J23;;;1;182;30505906.0;;;4.6;4.6;4.6;4.6;4.6;4.6;0.0;0.0
102005;569451;2018-07-30;FRC;N23;;;0;0;0.0;;;0.0;0.0;0.0;0.0;0.0;4.64;0.0;0.0
102006;569452;2018-07-30;FRC;F24;;;0;0;0.0;;;0.0;0.0;0.0;0.0;0.0;4.73;0.0;0.0
102007;569453;2018-07-30;FRC;N24;;;0;0;0.0;;;0.0;0.0;0.0;0.0;0.0;4.82;0.0;0.0
102008;569454;2018-07-30;FRC;F25;;;2;757;121376360.0;;;4.9;4.9;4.9;4.9;4.9;4.9;0.0;0.0
102009;569455;2018-07-30;FRC;N25;;;0;0;0.0;;;0.0;0.0;0.0;0.0;0.0;4.99;0.0;0.0
102010;569456;2018-07-30;FRC;F26;;;0;0;0.0;;;0.0;0.0;0.0;0.0;0.0;5.09;0.0;0.0
102011;569457;2018-07-30;FRC;N26;;;0;0;0.0;;;0.0;0.0;0.0;0.0;0.0;5.2;0.0;0.0
102012;569458;2018-07-30;FRC;F27;;;0;0;0.0;;;0.0;0.0;0.0;0.0;0.0;5.27;0.0;0.0
102013;569459;2018-07-30;FRC;F28;;;0;0;0.0;;;0.0;0.0;0.0;0.0;0.0;5.46;0.0;0.0
102014;569460;2018-07-30;FRC;F29;;;0;0;0.0;;;0.0;0.0;0.0;0.0;0.0;5.61;0.0;0.0
102015;569461;2018-07-30;FRC;F30;;;0;0;0.0;;;0.0;0.0;0.0;0.0;0.0;5.66;0.0;0.0
102016;569633;2018-07-31;FRC;V18;;;17;25732;4788071269.0;;;3.05;3.0;3.05;3.0;3.0;3.0;3.0;0.0
102017;569634;2018-07-31;FRC;X18;;;2;3990;741247060.0;;;3.25;3.25;3.25;3.25;3.25;3.25;3.25;3.3
102018;569635;2018-07-31;FRC;Z18;;;2;398;73842212.0;;;3.17;3.17;3.17;3.17;3.17;3.17;0.0;0.0
102019;569636;2018-07-31;FRC;F19;;;15;8754;1621430108.0;;;3.35;3.35;3.36;3.35;3.36;3.35;3.34;0.0
102020;569637;2018-07-31;FRC;G19;;;20;16088;2974672764.0;;;3.49;3.49;3.49;3.49;3.49;3.49;3.49;3.55
102021;569638;2018-07-31;FRC;H19;;;6;49994;9228147851.0;;;3.6;3.6;3.62;3.61;3.62;3.62;0.0;0.0
102022;569639;2018-07-31;FRC;J19;;;20;26109;4811382781.0;;;3.66;3.64;3.66;3.64;3.66;3.66;0.0;0.0
102023;569640;2018-07-31;FRC;K19;;;4;989;181932908.0;;;3.71;3.71;3.71;3.71;3.71;3.71;3.71;0.0
102024;569641;2018-07-31;FRC;M19;;;6;1970;361655791.0;;;3.8;3.8;3.8;3.8;3.8;3.8;0.0;0.0
102025;569642;2018-07-31;FRC;N19;;;6;2758;505553834.0;;;3.82;3.82;3.82;3.82;3.82;3.82;3.82;0.0
102026;569643;2018-07-31;FRC;Q19;;;0;0;0.0;;;0.0;0.0;0.0;0.0;0.0;3.87;0.0;0.0
102027;569644;2018-07-31;FRC;V19;;;9;4115;750262028.0;;;3.91;3.91;3.93;3.92;3.93;3.93;3.93;0.0
102028;569645;2018-07-31;FRC;F20;;;19;54187;9823460517.0;;;4.03;4.02;4.04;4.02;4.04;4.03;4.03;0.0
102029;569646;2018-07-31;FRC;J20;;;2;13182;2376761129.0;;;4.1;4.1;4.1;4.1;4.1;4.1;0.0;0.0
102030;569647;2018-07-31;FRC;N20;;;10;13308;2386216085.0;;;4.16;4.16;4.16;4.16;4.16;4.16;0.0;0.0
102031;569648;2018-07-31;FRC;V20;;;2;384;68450302.0;;;4.24;4.24;4.24;4.24;4.24;4.24;0.0;0.0
102032;569649;2018-07-31;FRC;F21;;;7;10587;1875769148.0;;;4.3;4.3;4.3;4.3;4.3;4.3;0.0;0.0
102033;569650;2018-07-31;FRC;J21;;;0;0;0.0;;;0.0;0.0;0.0;0.0;0.0;4.34;0.0;0.0
102034;569651;2018-07-31;FRC;N21;;;0;0;0.0;;;0.0;0.0;0.0;0.0;0.0;4.38;0.0;0.0
102035;569652;2018-07-31;FRC;V21;;;1;188;32768550.0;;;4.38;4.38;4.38;4.38;4.38;4.38;0.0;0.0
102036;569653;2018-07-31;FRC;F22;;;0;0;0.0;;;0.0;0.0;0.0;0.0;0.0;4.46;0.0;0.0
102037;569654;2018-07-31;FRC;J22;;;0;0;0.0;;;0.0;0.0;0.0;0.0;0.0;4.48;0.0;0.0
102038;569655;2018-07-31;FRC;N22;;;0;0;0.0;;;0.0;0.0;0.0;0.0;0.0;4.5;0.0;0.0
102039;569656;2018-07-31;FRC;V22;;;0;0;0.0;;;0.0;0.0;0.0;0.0;0.0;4.53;0.0;0.0
102040;569657;2018-07-31;FRC;F23;;;13;5492;928598964.0;;;4.61;4.61;4.61;4.61;4.61;4.61;0.0;0.0
102041;569658;2018-07-31;FRC;J23;;;0;0;0.0;;;0.0;0.0;0.0;0.0;0.0;4.64;0.0;0.0
102042;569659;2018-07-31;FRC;N23;;;0;0;0.0;;;0.0;0.0;0.0;0.0;0.0;4.68;0.0;0.0
102043;569660;2018-07-31;FRC;F24;;;2;718;118431776.0;;;4.77;4.77;4.77;4.77;4.77;4.77;0.0;0.0
102044;569661;2018-07-31;FRC;N24;;;0;0;0.0;;;0.0;0.0;0.0;0.0;0.0;4.86;0.0;0.0
102045;569662;2018-07-31;FRC;F25;;;7;1759;282634962.0;;;4.95;4.95;4.95;4.95;4.95;4.95;0.0;0.0
102046;569663;2018-07-31;FRC;N25;;;0;0;0.0;;;0.0;0.0;0.0;0.0;0.0;5.04;0.0;0.0
102047;569664;2018-07-31;FRC;F26;;;0;0;0.0;;;0.0;0.0;0.0;0.0;0.0;5.14;0.0;0.0
102048;569665;2018-07-31;FRC;N26;;;0;0;0.0;;;0.0;0.0;0.0;0.0;0.0;5.25;0.0;0.0
102049;569666;2018-07-31;FRC;F27;;;0;0;0.0;;;0.0;0.0;0.0;0.0;0.0;5.32;0.0;0.0
102050;569667;2018-07-31;FRC;F28;;;0;0;0.0;;;0.0;0.0;0.0;0.0;0.0;5.51;0.0;0.0
102051;569668;2018-07-31;FRC;F29;;;0;0;0.0;;;0.0;0.0;0.0;0.0;0.0;5.66;0.0;0.0
102052;569669;2018-07-31;FRC;F30;;;0;0;0.0;;;0.0;0.0;0.0;0.0;0.0;5.71;0.0;0.0
102053;569841;2018-08-01;FRC;V18;;;39;71802;13427169692.0;;;3.0;2.98;3.0;2.99;2.99;2.99;2.99;0.0
102054;569842;2018-08-01;FRC;X18;;;18;20682;3861414288.0;;;3.25;3.24;3.25;3.24;3.24;3.24;3.24;0.0
102055;569843;2018-08-01;FRC;Z18;;;4;1454;271112334.0;;;3.17;3.16;3.17;3.16;3.17;3.17;0.0;0.0
102056;569844;2018-08-01;FRC;F19;;;16;22215;4135285921.0;;;3.35;3.33;3.36;3.33;3.33;3.33;3.33;0.0
102057;569845;2018-08-01;FRC;G19;;;4;1729;321292725.0;;;3.49;3.47;3.49;3.48;3.47;3.47;3.47;0.0
102058;569846;2018-08-01;FRC;H19;;;5;2199;407931314.0;;;3.62;3.6;3.62;3.6;3.6;3.6;0.0;0.0
102059;569847;2018-08-01;FRC;J19;;;12;7147;1323675869.0;;;3.66;3.63;3.66;3.63;3.64;3.63;0.0;0.0
102060;569848;2018-08-01;FRC;K19;;;2;60;11094451.0;;;3.71;3.69;3.71;3.69;3.69;3.69;3.68;3.7
102061;569849;2018-08-01;FRC;M19;;;1;39;7194360.0;;;3.8;3.8;3.8;3.8;3.8;3.79;0.0;0.0
102062;569850;2018-08-01;FRC;N19;;;14;17526;3228592854.0;;;3.82;3.82;3.82;3.82;3.82;3.82;0.0;0.0
102063;569851;2018-08-01;FRC;Q19;;;3;2359;433803985.0;;;3.85;3.85;3.85;3.85;3.85;3.88;0.0;0.0
102064;569852;2018-08-01;FRC;V19;;;6;1823;334002143.0;;;3.93;3.93;3.94;3.93;3.94;3.94;0.0;0.0
102065;569853;2018-08-01;FRC;F20;;;12;27514;5013110677.0;;;4.03;4.02;4.04;4.02;4.04;4.04;4.04;0.0
102066;569854;2018-08-01;FRC;J20;;;0;0;0.0;;;0.0;0.0;0.0;0.0;0.0;4.11;0.0;0.0
102067;569855;2018-08-01;FRC;N20;;;2;154;27748981.0;;;4.16;4.16;4.16;4.16;4.16;4.17;0.0;0.0
102068;569856;2018-08-01;FRC;V20;;;1;19;3402134.0;;;4.24;4.24;4.24;4.24;4.24;4.25;0.0;0.0
102069;569857;2018-08-01;FRC;F21;;;17;23748;4228537322.0;;;4.3;4.25;4.31;4.3;4.31;4.31;0.0;4.31
102070;569858;2018-08-01;FRC;J21;;;0;0;0.0;;;0.0;0.0;0.0;0.0;0.0;4.35;0.0;0.0
102071;569859;2018-08-01;FRC;N21;;;1;189;33277999.0;;;4.39;4.39;4.39;4.39;4.39;4.39;0.0;0.0
102072;569860;2018-08-01;FRC;V21;;;8;1880;329181606.0;;;4.41;4.41;4.41;4.41;4.41;4.41;0.0;0.0
102073;569861;2018-08-01;FRC;F22;;;11;3066;533543507.0;;;4.46;4.46;4.46;4.46;4.46;4.46;0.0;0.0
102074;569862;2018-08-01;FRC;J22;;;0;0;0.0;;;0.0;0.0;0.0;0.0;0.0;4.49;0.0;0.0
102075;569863;2018-08-01;FRC;N22;;;0;0;0.0;;;0.0;0.0;0.0;0.0;0.0;4.51;0.0;0.0
102076;569864;2018-08-01;FRC;V22;;;2;552;94403205.0;;;4.55;4.55;4.55;4.55;4.55;4.55;0.0;0.0
102077;569865;2018-08-01;FRC;F23;;;23;9063;1539815422.0;;;4.61;4.61;4.62;4.61;4.62;4.62;0.0;0.0
102078;569866;2018-08-01;FRC;J23;;;2;182;30747416.0;;;4.63;4.63;4.63;4.63;4.63;4.64;0.0;0.0
102079;569867;2018-08-01;FRC;N23;;;2;181;30382990.0;;;4.68;4.68;4.68;4.68;4.68;4.67;0.0;0.0
102080;569868;2018-08-01;FRC;F24;;;4;2227;369389798.0;;;4.77;4.74;4.79;4.74;4.74;4.74;0.0;0.0
102081;569869;2018-08-01;FRC;N24;;;6;1068;174981648.0;;;4.82;4.82;4.82;4.82;4.82;4.82;0.0;0.0
102082;569870;2018-08-01;FRC;F25;;;14;3624;584940499.0;;;4.95;4.95;4.97;4.96;4.97;4.97;4.97;0.0
102083;569871;2018-08-01;FRC;N25;;;0;0;0.0;;;0.0;0.0;0.0;0.0;0.0;5.05;0.0;0.0
102084;569872;2018-08-01;FRC;F26;;;0;0;0.0;;;0.0;0.0;0.0;0.0;0.0;5.14;5.15;0.0
102085;569873;2018-08-01;FRC;N26;;;0;0;0.0;;;0.0;0.0;0.0;0.0;0.0;5.24;0.0;0.0
102086;569874;2018-08-01;FRC;F27;;;1;169;25837205.0;;;5.3;5.3;5.3;5.3;5.3;5.3;0.0;0.0
102087;569875;2018-08-01;FRC;F28;;;0;0;0.0;;;0.0;0.0;0.0;0.0;0.0;5.49;0.0;0.0
102088;569876;2018-08-01;FRC;F29;;;0;0;0.0;;;0.0;0.0;0.0;0.0;0.0;5.64;0.0;0.0
102089;569877;2018-08-01;FRC;F30;;;0;0;0.0;;;0.0;0.0;0.0;0.0;0.0;5.69;0.0;0.0
102090;570045;2018-08-02;FRC;V18;;;70;123030;23016650530.0;;;2.95;2.85;3.01;2.91;2.9;2.9;0.0;0.0
102091;570046;2018-08-02;FRC;X18;;;21;49269;9202502781.0;;;3.24;3.18;3.24;3.19;3.18;3.18;3.17;0.0
102092;570047;2018-08-02;FRC;Z18;;;6;3187;594499611.0;;;3.13;3.13;3.13;3.13;3.13;3.13;0.0;0.0
102093;570048;2018-08-02;FRC;F19;;;25;36820;6857190885.0;;;3.33;3.28;3.33;3.28;3.29;3.29;0.0;0.0
102094;570049;2018-08-02;FRC;G19;;;8;3773;701463984.0;;;3.43;3.43;3.43;3.43;3.43;3.43;0.0;0.0
102095;570050;2018-08-02;FRC;H19;;;8;3568;662206986.0;;;3.57;3.57;3.57;3.57;3.57;3.57;0.0;0.0
102096;570051;2018-08-02;FRC;J19;;;8;3920;726327795.0;;;3.63;3.6;3.63;3.61;3.61;3.6;0.0;0.0
102097;570052;2018-08-02;FRC;K19;;;16;8103;1498813053.0;;;3.69;3.66;3.69;3.66;3.66;3.66;0.0;0.0
102098;570053;2018-08-02;FRC;M19;;;12;4140;764237331.0;;;3.76;3.76;3.76;3.76;3.76;3.76;0.0;0.0
102099;570054;2018-08-02;FRC;N19;;;18;3009;554517593.0;;;3.8;3.8;3.82;3.81;3.82;3.82;0.0;0.0
102100;570055;2018-08-02;FRC;Q19;;;14;6882;1265962008.0;;;3.86;3.86;3.86;3.86;3.86;3.86;0.0;0.0
102101;570056;2018-08-02;FRC;V19;;;1;1978;362546331.0;;;3.93;3.93;3.93;3.93;3.93;3.93;0.0;0.0
102102;570057;2018-08-02;FRC;F20;;;6;5709;1040380880.0;;;4.05;4.05;4.05;4.05;4.05;4.05;0.0;0.0
102103;570058;2018-08-02;FRC;J20;;;12;7756;1406237481.0;;;4.07;4.07;4.08;4.07;4.08;4.07;0.0;0.0
102104;570059;2018-08-02;FRC;N20;;;2;193;34786499.0;;;4.18;4.18;4.18;4.18;4.18;4.15;0.0;0.0
102105;570060;2018-08-02;FRC;V20;;;0;0;0.0;;;0.0;0.0;0.0;0.0;0.0;4.24;0.0;0.0
102106;570061;2018-08-02;FRC;F21;;;20;5894;1049675133.0;;;4.3;4.3;4.32;4.31;4.32;4.32;0.0;0.0
102107;570062;2018-08-02;FRC;J21;;;2;380;67325698.0;;;4.34;4.34;4.34;4.34;4.34;4.36;0.0;0.0
102108;570063;2018-08-02;FRC;N21;;;0;0;0.0;;;0.0;0.0;0.0;0.0;0.0;4.4;0.0;0.0
102109;570064;2018-08-02;FRC;V21;;;2;207;36255840.0;;;4.42;4.42;4.42;4.42;4.42;4.42;0.0;4.42
102110;570065;2018-08-02;FRC;F22;;;4;2504;435759674.0;;;4.48;4.48;4.48;4.48;4.48;4.48;0.0;0.0
102111;570066;2018-08-02;FRC;J22;;;0;0;0.0;;;0.0;0.0;0.0;0.0;0.0;4.51;0.0;0.0
102112;570067;2018-08-02;FRC;N22;;;1;185;31841127.0;;;4.52;4.52;4.52;4.52;4.52;4.52;0.0;0.0
102113;570068;2018-08-02;FRC;V22;;;0;0;0.0;;;0.0;0.0;0.0;0.0;0.0;4.55;0.0;0.0
102114;570069;2018-08-02;FRC;F23;;;10;2856;485465929.0;;;4.6;4.6;4.62;4.61;4.62;4.62;4.6;0.0
102115;570070;2018-08-02;FRC;J23;;;0;0;0.0;;;0.0;0.0;0.0;0.0;0.0;4.65;0.0;0.0
102116;570071;2018-08-02;FRC;N23;;;0;0;0.0;;;0.0;0.0;0.0;0.0;0.0;4.69;0.0;0.0
102117;570072;2018-08-02;FRC;F24;;;6;1435;237932623.0;;;4.76;4.76;4.78;4.77;4.78;4.78;0.0;4.78
102118;570073;2018-08-02;FRC;N24;;;0;0;0.0;;;0.0;0.0;0.0;0.0;0.0;4.86;0.0;0.0
102119;570074;2018-08-02;FRC;F25;;;2;3338;538321161.0;;;5.01;5.01;5.01;5.01;5.01;5.01;0.0;0.0
102120;570075;2018-08-02;FRC;N25;;;0;0;0.0;;;0.0;0.0;0.0;0.0;0.0;5.09;0.0;0.0
102121;570076;2018-08-02;FRC;F26;;;1;172;26987551.0;;;5.19;5.19;5.19;5.19;5.19;5.19;0.0;0.0
102122;570077;2018-08-02;FRC;N26;;;0;0;0.0;;;0.0;0.0;0.0;0.0;0.0;5.29;0.0;0.0
102123;570078;2018-08-02;FRC;F27;;;0;0;0.0;;;0.0;0.0;0.0;0.0;0.0;5.35;0.0;0.0
102124;570079;2018-08-02;FRC;F28;;;0;0;0.0;;;0.0;0.0;0.0;0.0;0.0;5.54;5.5;5.6
102125;570080;2018-08-02;FRC;F29;;;0;0;0.0;;;0.0;0.0;0.0;0.0;0.0;5.69;0.0;0.0
102126;570081;2018-08-02;FRC;F30;;;0;0;0.0;;;0.0;0.0;0.0;0.0;0.0;5.74;0.0;0.0
102127;570249;2018-08-03;FRC;V18;;;100;124632;23201597839.0;;;2.91;2.91;3.04;2.98;3.04;3.04;3.0;3.04
102128;570250;2018-08-03;FRC;X18;;;14;26289;4885939011.0;;;3.18;3.18;3.29;3.28;3.29;3.29;3.26;3.3
102129;570251;2018-08-03;FRC;Z18;;;4;2012;373424170.0;;;3.24;3.24;3.24;3.24;3.24;3.24;0.0;0.0
102130;570252;2018-08-03;FRC;F19;;;39;87868;16282466114.0;;;3.33;3.32;3.37;3.35;3.37;3.37;3.35;0.0
102131;570253;2018-08-03;FRC;G19;;;12;10883;2013263610.0;;;3.47;3.47;3.49;3.47;3.49;3.49;0.0;0.0
102132;570254;2018-08-03;FRC;H19;;;1;20;3693335.0;;;3.63;3.63;3.63;3.63;3.63;3.63;0.0;0.0
102133;570255;2018-08-03;FRC;J19;;;1;1979;364849816.0;;;3.66;3.66;3.66;3.66;3.66;3.66;0.0;0.0
102134;570256;2018-08-03;FRC;K19;;;0;0;0.0;;;0.0;0.0;0.0;0.0;0.0;3.72;0.0;0.0
102135;570257;2018-08-03;FRC;M19;;;0;0;0.0;;;0.0;0.0;0.0;0.0;0.0;3.81;0.0;0.0
102136;570258;2018-08-03;FRC;N19;;;22;31565;5788497659.0;;;3.82;3.82;3.87;3.82;3.87;3.87;0.0;0.0
102137;570259;2018-08-03;FRC;Q19;;;0;0;0.0;;;0.0;0.0;0.0;0.0;0.0;3.91;0.0;0.0
102138;570260;2018-08-03;FRC;V19;;;3;588;107216347.0;;;3.99;3.99;3.99;3.99;3.99;3.99;0.0;0.0
102139;570261;2018-08-03;FRC;F20;;;34;39860;7228014481.0;;;4.05;4.04;4.08;4.06;4.07;4.07;0.0;0.0
102140;570262;2018-08-03;FRC;J20;;;10;7756;1399176309.0;;;4.07;4.07;4.14;4.09;4.14;4.14;0.0;0.0
102141;570263;2018-08-03;FRC;N20;;;5;1158;207704776.0;;;4.18;4.18;4.18;4.18;4.18;4.18;0.0;0.0
102142;570264;2018-08-03;FRC;V20;;;0;0;0.0;;;0.0;0.0;0.0;0.0;0.0;4.26;0.0;0.0
102143;570265;2018-08-03;FRC;F21;;;18;6943;1230399298.0;;;4.32;4.26;4.34;4.32;4.34;4.33;0.0;0.0
102144;570266;2018-08-03;FRC;J21;;;0;0;0.0;;;0.0;0.0;0.0;0.0;0.0;4.36;0.0;0.0
102145;570267;2018-08-03;FRC;N21;;;0;0;0.0;;;0.0;0.0;0.0;0.0;0.0;4.4;0.0;0.0
102146;570268;2018-08-03;FRC;V21;;;4;583;101624995.0;;;4.42;4.41;4.42;4.41;4.41;4.41;0.0;0.0
102147;570269;2018-08-03;FRC;F22;;;15;5047;874314423.0;;;4.49;4.44;4.5;4.46;4.44;4.44;0.0;0.0
102148;570270;2018-08-03;FRC;J22;;;0;0;0.0;;;0.0;0.0;0.0;0.0;0.0;4.46;0.0;0.0
102149;570271;2018-08-03;FRC;N22;;;0;0;0.0;;;0.0;0.0;0.0;0.0;0.0;4.46;0.0;0.0
102150;570272;2018-08-03;FRC;V22;;;0;0;0.0;;;0.0;0.0;0.0;0.0;0.0;4.48;0.0;0.0
102151;570273;2018-08-03;FRC;F23;;;19;4983;843596381.0;;;4.62;4.54;4.62;4.57;4.54;4.54;0.0;0.0
102152;570274;2018-08-03;FRC;J23;;;0;0;0.0;;;0.0;0.0;0.0;0.0;0.0;4.58;0.0;0.0
102153;570275;2018-08-03;FRC;N23;;;0;0;0.0;;;0.0;0.0;0.0;0.0;0.0;4.63;0.0;0.0
102154;570276;2018-08-03;FRC;F24;;;3;540;89196223.0;;;4.75;4.74;4.75;4.74;4.74;4.74;0.0;0.0
102155;570277;2018-08-03;FRC;N24;;;0;0;0.0;;;0.0;0.0;0.0;0.0;0.0;4.81;0.0;0.0
102156;570278;2018-08-03;FRC;F25;;;3;528;84907681.0;;;4.94;4.94;4.94;4.94;4.94;4.94;0.0;0.0
102157;570279;2018-08-03;FRC;N25;;;0;0;0.0;;;0.0;0.0;0.0;0.0;0.0;5.02;0.0;0.0
102158;570280;2018-08-03;FRC;F26;;;0;0;0.0;;;0.0;0.0;0.0;0.0;0.0;5.12;0.0;0.0
102159;570281;2018-08-03;FRC;N26;;;0;0;0.0;;;0.0;0.0;0.0;0.0;0.0;5.22;0.0;0.0
102160;570282;2018-08-03;FRC;F27;;;0;0;0.0;;;0.0;0.0;0.0;0.0;0.0;5.28;0.0;0.0
102161;570283;2018-08-03;FRC;F28;;;0;0;0.0;;;0.0;0.0;0.0;0.0;0.0;5.47;0.0;0.0
102162;570284;2018-08-03;FRC;F29;;;0;0;0.0;;;0.0;0.0;0.0;0.0;0.0;5.62;0.0;0.0
102163;570285;2018-08-03;FRC;F30;;;0;0;0.0;;;0.0;0.0;0.0;0.0;0.0;5.67;0.0;0.0
102164;570453;2018-08-06;FRC;V18;;;27;21021;3901388993.0;;;3.05;3.05;3.08;3.07;3.08;3.08;3.05;3.08
102165;570454;2018-08-06;FRC;X18;;;4;2393;443395129.0;;;3.35;3.35;3.35;3.35;3.35;3.35;3.33;0.0
102166;570455;2018-08-06;FRC;Z18;;;4;4780;884497164.0;;;3.25;3.25;3.29;3.26;3.29;3.29;0.0;0.0
102167;570456;2018-08-06;FRC;F19;;;22;17302;3196329450.0;;;3.4;3.4;3.41;3.4;3.41;3.41;3.41;0.0
102168;570457;2018-08-06;FRC;G19;;;2;398;73399409.0;;;3.54;3.54;3.54;3.54;3.54;3.54;3.52;0.0
102169;570458;2018-08-06;FRC;H19;;;7;1584;291591310.0;;;3.69;3.69;3.69;3.69;3.69;3.69;0.0;0.0
102170;570459;2018-08-06;FRC;J19;;;8;4156;763819450.0;;;3.71;3.71;3.71;3.71;3.71;3.71;0.0;0.0
102171;570460;2018-08-06;FRC;K19;;;7;5927;1087353461.0;;;3.77;3.77;3.77;3.77;3.77;3.77;0.0;0.0
102172;570461;2018-08-06;FRC;M19;;;3;985;180331498.0;;;3.87;3.87;3.87;3.87;3.87;3.87;0.0;0.0
102173;570462;2018-08-06;FRC;N19;;;4;689;125937458.0;;;3.87;3.87;3.92;3.9;3.92;3.92;0.0;0.0
102174;570463;2018-08-06;FRC;Q19;;;1;196;35754708.0;;;3.96;3.96;3.96;3.96;3.96;3.96;0.0;0.0
102175;570464;2018-08-06;FRC;V19;;;4;1860;338060650.0;;;4.0;4.0;4.04;4.03;4.04;4.04;0.0;0.0
102176;570465;2018-08-06;FRC;F20;;;24;12114;2189410248.0;;;4.1;4.1;4.12;4.11;4.12;4.12;0.0;0.0
102177;570466;2018-08-06;FRC;J20;;;5;1356;243713535.0;;;4.19;4.19;4.19;4.19;4.19;4.19;0.0;0.0
102178;570467;2018-08-06;FRC;N20;;;0;0;0.0;;;0.0;0.0;0.0;0.0;0.0;4.22;0.0;0.0
102179;570468;2018-08-06;FRC;V20;;;0;0;0.0;;;0.0;0.0;0.0;0.0;0.0;4.3;0.0;0.0
102180;570469;2018-08-06;FRC;F21;;;21;9344;1650436011.0;;;4.33;4.33;4.36;4.35;4.36;4.36;0.0;0.0
102181;570470;2018-08-06;FRC;J21;;;0;0;0.0;;;0.0;0.0;0.0;0.0;0.0;4.39;0.0;0.0
102182;570471;2018-08-06;FRC;N21;;;1;189;33018754.0;;;4.42;4.42;4.42;4.42;4.42;4.42;0.0;0.0
102183;570472;2018-08-06;FRC;V21;;;0;0;0.0;;;0.0;0.0;0.0;0.0;0.0;4.44;0.0;0.0
102184;570473;2018-08-06;FRC;F22;;;11;2618;452082742.0;;;4.48;4.48;4.48;4.48;4.48;4.48;0.0;0.0
102185;570474;2018-08-06;FRC;J22;;;7;2046;351441654.0;;;4.49;4.49;4.49;4.49;4.49;4.49;0.0;0.0
102186;570475;2018-08-06;FRC;N22;;;0;0;0.0;;;0.0;0.0;0.0;0.0;0.0;4.5;0.0;0.0
102187;570476;2018-08-06;FRC;V22;;;0;0;0.0;;;0.0;0.0;0.0;0.0;0.0;4.53;0.0;0.0
102188;570477;2018-08-06;FRC;F23;;;8;1647;277836047.0;;;4.6;4.6;4.6;4.6;4.6;4.6;0.0;0.0
102189;570478;2018-08-06;FRC;J23;;;2;547;91833429.0;;;4.58;4.58;4.58;4.58;4.58;4.63;0.0;0.0
102190;570479;2018-08-06;FRC;N23;;;1;181;30169922.0;;;4.66;4.66;4.66;4.66;4.66;4.66;0.0;0.0
102191;570480;2018-08-06;FRC;F24;;;0;0;0.0;;;0.0;0.0;0.0;0.0;0.0;4.78;4.78;0.0
102192;570481;2018-08-06;FRC;N24;;;0;0;0.0;;;0.0;0.0;0.0;0.0;0.0;4.86;0.0;0.0
102193;570482;2018-08-06;FRC;F25;;;3;528;84533913.0;;;5.0;5.0;5.0;5.0;5.0;5.0;0.0;0.0
102194;570483;2018-08-06;FRC;N25;;;0;0;0.0;;;0.0;0.0;0.0;0.0;0.0;5.08;0.0;0.0
102195;570484;2018-08-06;FRC;F26;;;0;0;0.0;;;0.0;0.0;0.0;0.0;0.0;5.19;0.0;0.0
102196;570485;2018-08-06;FRC;N26;;;0;0;0.0;;;0.0;0.0;0.0;0.0;0.0;5.29;0.0;0.0
102197;570486;2018-08-06;FRC;F27;;;4;676;102401789.0;;;5.36;5.36;5.36;5.36;5.36;5.36;5.35;5.38
102198;570487;2018-08-06;FRC;F28;;;0;0;0.0;;;0.0;0.0;0.0;0.0;0.0;5.55;0.0;5.55
102199;570488;2018-08-06;FRC;F29;;;0;0;0.0;;;0.0;0.0;0.0;0.0;0.0;5.7;5.7;0.0
102200;570489;2018-08-06;FRC;F30;;;0;0;0.0;;;0.0;0.0;0.0;0.0;0.0;5.75;0.0;0.0
102201;570657;2018-08-07;FRC;V18;;;111;98302;18326204254.0;;;3.08;3.06;3.18;3.14;3.18;3.18;3.15;3.19
102202;570658;2018-08-07;FRC;X18;;;36;22837;4250345015.0;;;3.35;3.35;3.45;3.41;3.44;3.44;3.42;0.0
102203;570659;2018-08-07;FRC;Z18;;;4;4182;777276057.0;;;3.32;3.32;3.37;3.32;3.37;3.37;0.0;0.0
102204;570660;2018-08-07;FRC;F19;;;34;27940;5184201759.0;;;3.4;3.4;3.5;3.48;3.5;3.49;3.49;0.0
102205;570661;2018-08-07;FRC;G19;;;11;6157;1140447627.0;;;3.57;3.57;3.63;3.6;3.63;3.63;0.0;0.0
102206;570662;2018-08-07;FRC;H19;;;1;2319;428781846.0;;;3.74;3.74;3.74;3.74;3.74;3.78;0.0;0.0
102207;570663;2018-08-07;FRC;J19;;;22;14067;2596552245.0;;;3.72;3.72;3.8;3.77;3.8;3.8;0.0;0.0
102208;570664;2018-08-07;FRC;K19;;;1;20;3685892.0;;;3.83;3.83;3.83;3.83;3.83;3.88;3.83;3.88
102209;570665;2018-08-07;FRC;M19;;;0;0;0.0;;;0.0;0.0;0.0;0.0;0.0;3.97;0.0;0.0
102210;570666;2018-08-07;FRC;N19;;;10;13463;2471462888.0;;;3.92;3.92;4.01;3.95;4.01;4.02;4.01;4.03
102211;570667;2018-08-07;FRC;Q19;;;3;3142;575553523.0;;;4.05;4.05;4.05;4.05;4.05;4.05;0.0;0.0
102212;570668;2018-08-07;FRC;V19;;;7;1605;292893615.0;;;4.05;4.05;4.13;4.12;4.13;4.13;0.0;0.0
102213;570669;2018-08-07;FRC;F20;;;15;8291;1504223319.0;;;4.22;4.22;4.22;4.22;4.22;4.22;4.22;0.0
102214;570670;2018-08-07;FRC;J20;;;0;0;0.0;;;0.0;0.0;0.0;0.0;0.0;4.29;0.0;0.0
102215;570671;2018-08-07;FRC;N20;;;12;3276;587728838.0;;;4.33;4.33;4.33;4.33;4.33;4.33;0.0;0.0
102216;570672;2018-08-07;FRC;V20;;;0;0;0.0;;;0.0;0.0;0.0;0.0;0.0;4.4;0.0;0.0
102217;570673;2018-08-07;FRC;F21;;;18;8586;1521903453.0;;;4.44;4.44;4.44;4.44;4.44;4.44;4.43;4.45
102218;570674;2018-08-07;FRC;J21;;;0;0;0.0;;;0.0;0.0;0.0;0.0;0.0;4.47;0.0;0.0
102219;570675;2018-08-07;FRC;N21;;;4;944;165509307.0;;;4.49;4.49;4.49;4.49;4.49;4.49;0.0;0.0
102220;570676;2018-08-07;FRC;V21;;;0;0;0.0;;;0.0;0.0;0.0;0.0;0.0;4.51;0.0;0.0
102221;570677;2018-08-07;FRC;F22;;;6;1680;291073481.0;;;4.55;4.55;4.56;4.55;4.56;4.55;0.0;0.0
102222;570678;2018-08-07;FRC;J22;;;0;0;0.0;;;0.0;0.0;0.0;0.0;0.0;4.56;0.0;0.0
102223;570679;2018-08-07;FRC;N22;;;0;0;0.0;;;0.0;0.0;0.0;0.0;0.0;4.57;0.0;0.0
102224;570680;2018-08-07;FRC;V22;;;0;0;0.0;;;0.0;0.0;0.0;0.0;0.0;4.59;0.0;0.0
102225;570681;2018-08-07;FRC;F23;;;7;2635;446029152.0;;;4.66;4.66;4.66;4.66;4.66;4.66;0.0;0.0
102226;570682;2018-08-07;FRC;J23;;;0;0;0.0;;;0.0;0.0;0.0;0.0;0.0;4.69;0.0;0.0
102227;570683;2018-08-07;FRC;N23;;;0;0;0.0;;;0.0;0.0;0.0;0.0;0.0;4.72;0.0;0.0
102228;570684;2018-08-07;FRC;F24;;;0;0;0.0;;;0.0;0.0;0.0;0.0;0.0;4.84;0.0;4.86
102229;570685;2018-08-07;FRC;N24;;;0;0;0.0;;;0.0;0.0;0.0;0.0;0.0;4.92;0.0;0.0
102230;570686;2018-08-07;FRC;F25;;;4;876;140575751.0;;;5.06;5.06;5.06;5.06;5.06;5.06;0.0;0.0
102231;570687;2018-08-07;FRC;N25;;;0;0;0.0;;;0.0;0.0;0.0;0.0;0.0;5.14;0.0;0.0
102232;570688;2018-08-07;FRC;F26;;;0;0;0.0;;;0.0;0.0;0.0;0.0;0.0;5.25;5.25;0.0
102233;570689;2018-08-07;FRC;N26;;;0;0;0.0;;;0.0;0.0;0.0;0.0;0.0;5.35;0.0;0.0
102234;570690;2018-08-07;FRC;F27;;;0;0;0.0;;;0.0;0.0;0.0;0.0;0.0;5.42;5.4;0.0
102235;570691;2018-08-07;FRC;F28;;;0;0;0.0;;;0.0;0.0;0.0;0.0;0.0;5.61;0.0;0.0
102236;570692;2018-08-07;FRC;F29;;;0;0;0.0;;;0.0;0.0;0.0;0.0;0.0;5.76;0.0;0.0
102237;570693;2018-08-07;FRC;F30;;;0;0;0.0;;;0.0;0.0;0.0;0.0;0.0;5.81;0.0;0.0
102238;570861;2018-08-08;FRC;V18;;;38;55658;10369891710.0;;;3.18;3.12;3.18;3.16;3.12;3.15;3.12;0.0
102239;570862;2018-08-08;FRC;X18;;;35;22526;4189831574.0;;;3.44;3.43;3.45;3.44;3.43;3.42;3.42;0.0
102240;570863;2018-08-08;FRC;Z18;;;9;6591;1224229252.0;;;3.36;3.36;3.36;3.36;3.36;3.36;0.0;0.0
102241;570864;2018-08-08;FRC;F19;;;38;32213;5973533979.0;;;3.49;3.45;3.5;3.48;3.5;3.48;3.5;0.0
102242;570865;2018-08-08;FRC;G19;;;9;5958;1102897934.0;;;3.62;3.62;3.62;3.62;3.62;3.62;3.61;0.0
102243;570866;2018-08-08;FRC;H19;;;0;0;0.0;;;0.0;0.0;0.0;0.0;0.0;3.77;3.75;0.0
102244;570867;2018-08-08;FRC;J19;;;4;970;178930907.0;;;3.79;3.79;3.8;3.79;3.8;3.8;0.0;0.0
102245;570868;2018-08-08;FRC;K19;;;4;986;181534469.0;;;3.87;3.87;3.87;3.87;3.87;3.87;0.0;0.0
102246;570869;2018-08-08;FRC;M19;;;0;0;0.0;;;0.0;0.0;0.0;0.0;0.0;3.96;0.0;0.0
102247;570870;2018-08-08;FRC;N19;;;15;16508;3027904770.0;;;4.01;4.0;4.01;4.0;4.01;4.01;0.0;0.0
102248;570871;2018-08-08;FRC;Q19;;;4;4517;826947237.0;;;4.05;4.05;4.05;4.05;4.05;4.05;0.0;0.0
102249;570872;2018-08-08;FRC;V19;;;0;0;0.0;;;0.0;0.0;0.0;0.0;0.0;4.13;0.0;0.0
102250;570873;2018-08-08;FRC;F20;;;16;3741;678360121.0;;;4.22;4.21;4.22;4.21;4.22;4.22;0.0;0.0
102251;570874;2018-08-08;FRC;J20;;;0;0;0.0;;;0.0;0.0;0.0;0.0;0.0;4.29;0.0;0.0
102252;570875;2018-08-08;FRC;N20;;;4;964;172849797.0;;;4.33;4.33;4.33;4.33;4.33;4.33;0.0;0.0
102253;570876;2018-08-08;FRC;V20;;;0;0;0.0;;;0.0;0.0;0.0;0.0;0.0;4.4;0.0;4.4
102254;570877;2018-08-08;FRC;F21;;;15;10548;1868471016.0;;;4.41;4.41;4.45;4.44;4.45;4.45;0.0;4.45
102255;570878;2018-08-08;FRC;J21;;;0;0;0.0;;;0.0;0.0;0.0;0.0;0.0;4.47;0.0;0.0
102256;570879;2018-08-08;FRC;N21;;;12;5850;1025084811.0;;;4.48;4.48;4.49;4.48;4.49;4.48;0.0;0.0
102257;570880;2018-08-08;FRC;V21;;;0;0;0.0;;;0.0;0.0;0.0;0.0;0.0;4.51;0.0;0.0
102258;570881;2018-08-08;FRC;F22;;;6;2241;387924863.0;;;4.57;4.57;4.58;4.57;4.58;4.57;0.0;0.0
102259;570882;2018-08-08;FRC;J22;;;0;0;0.0;;;0.0;0.0;0.0;0.0;0.0;4.58;0.0;0.0
102260;570883;2018-08-08;FRC;N22;;;1;185;31687263.0;;;4.58;4.58;4.58;4.58;4.58;4.58;0.0;0.0
102261;570884;2018-08-08;FRC;V22;;;0;0;0.0;;;0.0;0.0;0.0;0.0;0.0;4.6;0.0;0.0
102262;570885;2018-08-08;FRC;F23;;;1;55;9308141.0;;;4.65;4.65;4.65;4.65;4.65;4.67;0.0;0.0
102263;570886;2018-08-08;FRC;J23;;;0;0;0.0;;;0.0;0.0;0.0;0.0;0.0;4.7;0.0;0.0
102264;570887;2018-08-08;FRC;N23;;;0;0;0.0;;;0.0;0.0;0.0;0.0;0.0;4.73;0.0;0.0
102265;570888;2018-08-08;FRC;F24;;;0;0;0.0;;;0.0;0.0;0.0;0.0;0.0;4.85;0.0;0.0
102266;570889;2018-08-08;FRC;N24;;;0;0;0.0;;;0.0;0.0;0.0;0.0;0.0;4.93;0.0;0.0
102267;570890;2018-08-08;FRC;F25;;;2;351;56323751.0;;;5.05;5.05;5.05;5.05;5.05;5.07;5.03;5.05
102268;570891;2018-08-08;FRC;N25;;;0;0;0.0;;;0.0;0.0;0.0;0.0;0.0;5.15;0.0;0.0
102269;570892;2018-08-08;FRC;F26;;;0;0;0.0;;;0.0;0.0;0.0;0.0;0.0;5.26;0.0;5.33
102270;570893;2018-08-08;FRC;N26;;;0;0;0.0;;;0.0;0.0;0.0;0.0;0.0;5.36;0.0;0.0
102271;570894;2018-08-08;FRC;F27;;;0;0;0.0;;;0.0;0.0;0.0;0.0;0.0;5.43;0.0;0.0
102272;570895;2018-08-08;FRC;F28;;;0;0;0.0;;;0.0;0.0;0.0;0.0;0.0;5.62;0.0;0.0
102273;570896;2018-08-08;FRC;F29;;;0;0;0.0;;;0.0;0.0;0.0;0.0;0.0;5.77;0.0;0.0
102274;570897;2018-08-08;FRC;F30;;;0;0;0.0;;;0.0;0.0;0.0;0.0;0.0;5.82;0.0;0.0
102275;571065;2018-08-09;FRC;V18;;;48;79293;14927772703.0;;;3.05;3.0;3.1;3.02;3.02;3.0;0.0;3.02
102276;571066;2018-08-09;FRC;X18;;;12;11389;2140637137.0;;;3.41;3.3;3.41;3.3;3.3;3.3;3.3;0.0
102277;571067;2018-08-09;FRC;Z18;;;20;14536;2728168865.0;;;3.36;3.25;3.36;3.29;3.25;3.25;3.25;0.0
102278;571068;2018-08-09;FRC;F19;;;20;23486;4400749297.0;;;3.51;3.39;3.51;3.43;3.4;3.39;3.39;0.0
102279;571069;2018-08-09;FRC;G19;;;21;16680;3120113791.0;;;3.55;3.55;3.56;3.55;3.55;3.55;0.0;0.0
102280;571070;2018-08-09;FRC;H19;;;0;0;0.0;;;0.0;0.0;0.0;0.0;0.0;3.7;0.0;0.0
102281;571071;2018-08-09;FRC;J19;;;7;2771;516553194.0;;;3.73;3.73;3.73;3.73;3.73;3.73;0.0;0.0
102282;571072;2018-08-09;FRC;K19;;;0;0;0.0;;;0.0;0.0;0.0;0.0;0.0;3.8;0.0;0.0
102283;571073;2018-08-09;FRC;M19;;;10;3942;731987706.0;;;3.89;3.89;3.9;3.89;3.9;3.89;0.0;0.0
102284;571074;2018-08-09;FRC;N19;;;19;15095;2798092933.0;;;4.01;3.95;4.01;3.95;3.95;3.95;0.0;0.0
102285;571075;2018-08-09;FRC;Q19;;;4;1178;217910282.0;;;4.05;4.0;4.05;4.03;4.0;4.0;0.0;0.0
102286;571076;2018-08-09;FRC;V19;;;4;784;144504436.0;;;4.09;4.09;4.09;4.09;4.09;4.09;0.0;0.0
102287;571077;2018-08-09;FRC;F20;;;44;20833;3816702819.0;;;4.22;4.2;4.23;4.21;4.21;4.2;4.2;0.0
102288;571078;2018-08-09;FRC;J20;;;3;582;106046353.0;;;4.27;4.27;4.27;4.27;4.27;4.27;0.0;0.0
102289;571079;2018-08-09;FRC;N20;;;8;13057;2365316679.0;;;4.33;4.32;4.33;4.32;4.32;4.32;0.0;0.0
102290;571080;2018-08-09;FRC;V20;;;0;0;0.0;;;0.0;0.0;0.0;0.0;0.0;4.39;0.0;0.0
102291;571081;2018-08-09;FRC;F21;;;14;15272;2733345575.0;;;4.45;4.43;4.45;4.44;4.43;4.44;0.0;0.0
102292;571082;2018-08-09;FRC;J21;;;0;0;0.0;;;0.0;0.0;0.0;0.0;0.0;4.46;0.0;0.0
102293;571083;2018-08-09;FRC;N21;;;0;0;0.0;;;0.0;0.0;0.0;0.0;0.0;4.47;0.0;0.0
102294;571084;2018-08-09;FRC;V21;;;0;0;0.0;;;0.0;0.0;0.0;0.0;0.0;4.5;0.0;0.0
102295;571085;2018-08-09;FRC;F22;;;7;2614;457200294.0;;;4.58;4.55;4.58;4.57;4.55;4.55;0.0;0.0
102296;571086;2018-08-09;FRC;J22;;;0;0;0.0;;;0.0;0.0;0.0;0.0;0.0;4.56;0.0;0.0
102297;571087;2018-08-09;FRC;N22;;;0;0;0.0;;;0.0;0.0;0.0;0.0;0.0;4.56;0.0;0.0
102298;571088;2018-08-09;FRC;V22;;;0;0;0.0;;;0.0;0.0;0.0;0.0;0.0;4.57;0.0;0.0
102299;571089;2018-08-09;FRC;F23;;;5;860;147048021.0;;;4.64;4.64;4.64;4.64;4.64;4.64;0.0;0.0
102300;571090;2018-08-09;FRC;J23;;;0;0;0.0;;;0.0;0.0;0.0;0.0;0.0;4.67;0.0;0.0
102301;571091;2018-08-09;FRC;N23;;;0;0;0.0;;;0.0;0.0;0.0;0.0;0.0;4.7;0.0;0.0
102302;571092;2018-08-09;FRC;F24;;;0;0;0.0;;;0.0;0.0;0.0;0.0;0.0;4.82;0.0;0.0
102303;571093;2018-08-09;FRC;N24;;;0;0;0.0;;;0.0;0.0;0.0;0.0;0.0;4.9;0.0;0.0
102304;571094;2018-08-09;FRC;F25;;;0;0;0.0;;;0.0;0.0;0.0;0.0;0.0;5.04;0.0;0.0
102305;571095;2018-08-09;FRC;N25;;;0;0;0.0;;;0.0;0.0;0.0;0.0;0.0;5.12;0.0;0.0
102306;571096;2018-08-09;FRC;F26;;;0;0;0.0;;;0.0;0.0;0.0;0.0;0.0;5.23;0.0;0.0
102307;571097;2018-08-09;FRC;N26;;;2;1362;211767289.0;;;5.34;5.34;5.34;5.34;5.34;5.33;0.0;0.0
102308;571098;2018-08-09;FRC;F27;;;0;0;0.0;;;0.0;0.0;0.0;0.0;0.0;5.4;0.0;0.0
102309;571099;2018-08-09;FRC;F28;;;0;0;0.0;;;0.0;0.0;0.0;0.0;0.0;5.59;0.0;0.0
102310;571100;2018-08-09;FRC;F29;;;0;0;0.0;;;0.0;0.0;0.0;0.0;0.0;5.74;0.0;0.0
102311;571101;2018-08-09;FRC;F30;;;0;0;0.0;;;0.0;0.0;0.0;0.0;0.0;5.79;0.0;0.0
102312;571269;2018-08-10;FRC;V18;;;95;105681;20212494990.0;;;3.0;3.0;3.1;3.06;3.09;3.08;3.07;3.09
102313;571270;2018-08-10;FRC;X18;;;27;23196;4429141908.0;;;3.32;3.3;3.39;3.35;3.39;3.39;3.35;3.45
102314;571271;2018-08-10;FRC;Z18;;;5;8165;1556760785.0;;;3.35;3.35;3.35;3.35;3.35;3.35;0.0;0.0
102315;571272;2018-08-10;FRC;F19;;;17;11772;2240760970.0;;;3.4;3.4;3.51;3.48;3.51;3.51;0.0;0.0
102316;571273;2018-08-10;FRC;G19;;;9;4365;829314346.0;;;3.58;3.58;3.68;3.66;3.68;3.68;0.0;0.0
102317;571274;2018-08-10;FRC;H19;;;11;4654;882610998.0;;;3.81;3.81;3.81;3.81;3.81;3.81;0.0;0.0
102318;571275;2018-08-10;FRC;J19;;;3;594;112484419.0;;;3.75;3.75;3.8;3.77;3.8;3.84;0.0;0.0
102319;571276;2018-08-10;FRC;K19;;;5;1578;298192474.0;;;3.9;3.9;3.9;3.9;3.9;3.9;0.0;0.0
102320;571277;2018-08-10;FRC;M19;;;2;394;74303809.0;;;3.98;3.98;3.98;3.98;3.98;3.98;0.0;0.0
102321;571278;2018-08-10;FRC;N19;;;14;5115;962917240.0;;;4.04;4.04;4.04;4.04;4.04;4.04;0.0;0.0
102322;571279;2018-08-10;FRC;Q19;;;4;2160;405875344.0;;;4.07;4.07;4.07;4.07;4.07;4.07;4.07;0.0
102323;571280;2018-08-10;FRC;V19;;;10;3718;695818558.0;;;4.19;4.19;4.19;4.19;4.19;4.19;0.0;4.19
102324;571281;2018-08-10;FRC;F20;;;25;8623;1604256387.0;;;4.21;4.21;4.3;4.28;4.3;4.3;0.0;0.0
102325;571282;2018-08-10;FRC;J20;;;0;0;0.0;;;0.0;0.0;0.0;0.0;0.0;4.36;0.0;0.0
102326;571283;2018-08-10;FRC;N20;;;21;9231;1697754371.0;;;4.4;4.4;4.4;4.4;4.4;4.4;0.0;0.0
102327;571284;2018-08-10;FRC;V20;;;0;0;0.0;;;0.0;0.0;0.0;0.0;0.0;4.44;0.0;0.0
102328;571285;2018-08-10;FRC;F21;;;41;38728;7041373916.0;;;4.44;4.44;4.5;4.45;4.46;4.46;0.0;0.0
102329;571286;2018-08-10;FRC;J21;;;3;1705;308248294.0;;;4.5;4.5;4.5;4.5;4.5;4.5;0.0;0.0
102330;571287;2018-08-10;FRC;N21;;;4;2847;511836273.0;;;4.52;4.52;4.52;4.52;4.52;4.51;0.0;0.0
102331;571288;2018-08-10;FRC;V21;;;0;0;0.0;;;0.0;0.0;0.0;0.0;0.0;4.54;0.0;0.0
102332;571289;2018-08-10;FRC;F22;;;5;935;166124141.0;;;4.59;4.59;4.59;4.59;4.59;4.59;0.0;0.0
102333;571290;2018-08-10;FRC;J22;;;0;0;0.0;;;0.0;0.0;0.0;0.0;0.0;4.62;0.0;0.0
102334;571291;2018-08-10;FRC;N22;;;0;0;0.0;;;0.0;0.0;0.0;0.0;0.0;4.63;0.0;0.0
102335;571292;2018-08-10;FRC;V22;;;0;0;0.0;;;0.0;0.0;0.0;0.0;0.0;4.66;0.0;0.0
102336;571293;2018-08-10;FRC;F23;;;18;17390;3021013233.0;;;4.64;4.64;4.65;4.64;4.64;4.64;0.0;0.0
102337;571294;2018-08-10;FRC;J23;;;0;0;0.0;;;0.0;0.0;0.0;0.0;0.0;4.67;0.0;0.0
102338;571295;2018-08-10;FRC;N23;;;0;0;0.0;;;0.0;0.0;0.0;0.0;0.0;4.69;0.0;0.0
102339;571296;2018-08-10;FRC;F24;;;15;3459;586012256.0;;;4.81;4.8;4.81;4.8;4.8;4.8;0.0;0.0
102340;571297;2018-08-10;FRC;N24;;;0;0;0.0;;;0.0;0.0;0.0;0.0;0.0;4.87;0.0;0.0
102341;571298;2018-08-10;FRC;F25;;;5;897;147985270.0;;;5.0;5.0;5.0;5.0;5.0;5.0;0.0;0.0
102342;571299;2018-08-10;FRC;N25;;;0;0;0.0;;;0.0;0.0;0.0;0.0;0.0;5.08;0.0;0.0
102343;571300;2018-08-10;FRC;F26;;;10;2889;463148554.0;;;5.23;5.19;5.23;5.21;5.19;5.19;0.0;0.0
102344;571301;2018-08-10;FRC;N26;;;5;1820;287302020.0;;;5.35;5.35;5.5;5.35;5.35;5.29;0.0;0.0
102345;571302;2018-08-10;FRC;F27;;;15;5063;789606831.0;;;5.4;5.37;5.4;5.38;5.37;5.37;0.0;0.0
102346;571303;2018-08-10;FRC;F28;;;0;0;0.0;;;0.0;0.0;0.0;0.0;0.0;5.56;0.0;0.0
102347;571304;2018-08-10;FRC;F29;;;0;0;0.0;;;0.0;0.0;0.0;0.0;0.0;5.71;0.0;0.0
102348;571305;2018-08-10;FRC;F30;;;0;0;0.0;;;0.0;0.0;0.0;0.0;0.0;5.76;0.0;0.0
102349;571473;2018-08-13;FRC;V18;;;23;37656;7286095484.0;;;3.12;3.0;3.12;3.05;3.05;3.05;3.05;0.0
102350;571474;2018-08-13;FRC;X18;;;25;22936;4430316337.0;;;3.41;3.41;3.42;3.41;3.42;3.42;0.0;0.0
102351;571475;2018-08-13;FRC;Z18;;;10;6570;1267197914.0;;;3.38;3.38;3.39;3.38;3.39;3.39;0.0;0.0
102352;571476;2018-08-13;FRC;F19;;;28;16108;3101515875.0;;;3.51;3.51;3.56;3.55;3.56;3.56;0.0;0.0
102353;571477;2018-08-13;FRC;G19;;;10;5950;1143452784.0;;;3.71;3.71;3.75;3.73;3.75;3.75;0.0;0.0
102354;571478;2018-08-13;FRC;H19;;;6;3763;721861491.0;;;3.86;3.86;3.88;3.87;3.88;3.86;0.0;0.0
102355;571479;2018-08-13;FRC;J19;;;4;3165;606116024.0;;;3.89;3.89;3.89;3.89;3.89;3.89;0.0;0.0
102356;571480;2018-08-13;FRC;K19;;;8;3750;716801501.0;;;3.95;3.95;3.95;3.95;3.95;3.96;0.0;0.0
102357;571481;2018-08-13;FRC;M19;;;0;0;0.0;;;0.0;0.0;0.0;0.0;0.0;4.04;0.0;0.0
102358;571482;2018-08-13;FRC;N19;;;9;1949;371158184.0;;;4.05;4.05;4.08;4.06;4.06;4.1;4.07;0.0
102359;571483;2018-08-13;FRC;Q19;;;7;1962;372851667.0;;;4.14;4.14;4.14;4.14;4.14;4.14;0.0;0.0
102360;571484;2018-08-13;FRC;V19;;;6;1956;370219855.0;;;4.25;4.25;4.25;4.25;4.25;4.25;0.0;0.0
102361;571485;2018-08-13;FRC;F20;;;49;24352;4581411548.0;;;4.31;4.31;4.39;4.35;4.39;4.39;0.0;0.0
102362;571486;2018-08-13;FRC;J20;;;7;2125;397331251.0;;;4.46;4.46;4.46;4.46;4.46;4.46;0.0;0.0
102363;571487;2018-08-13;FRC;N20;;;11;2883;536130785.0;;;4.41;4.41;4.49;4.46;4.49;4.49;0.0;0.0
102364;571488;2018-08-13;FRC;V20;;;3;573;105900380.0;;;4.53;4.53;4.53;4.53;4.53;4.53;0.0;0.0
102365;571489;2018-08-13;FRC;F21;;;28;6105;1122146143.0;;;4.49;4.47;4.55;4.51;4.55;4.55;0.0;0.0
102366;571490;2018-08-13;FRC;J21;;;0;0;0.0;;;0.0;0.0;0.0;0.0;0.0;4.59;0.0;0.0
102367;571491;2018-08-13;FRC;N21;;;0;0;0.0;;;0.0;0.0;0.0;0.0;0.0;4.6;0.0;0.0
102368;571492;2018-08-13;FRC;V21;;;2;374;67546530.0;;;4.62;4.62;4.62;4.62;4.62;4.62;0.0;0.0
102369;571493;2018-08-13;FRC;F22;;;1;485;87147762.0;;;4.6;4.6;4.6;4.6;4.6;4.67;0.0;0.0
102370;571494;2018-08-13;FRC;J22;;;0;0;0.0;;;0.0;0.0;0.0;0.0;0.0;4.7;0.0;0.0
102371;571495;2018-08-13;FRC;N22;;;0;0;0.0;;;0.0;0.0;0.0;0.0;0.0;4.71;0.0;0.0
102372;571496;2018-08-13;FRC;V22;;;0;0;0.0;;;0.0;0.0;0.0;0.0;0.0;4.73;0.0;0.0
102373;571497;2018-08-13;FRC;F23;;;14;2928;514172751.0;;;4.66;4.66;4.71;4.68;4.71;4.71;0.0;0.0
102374;571498;2018-08-13;FRC;J23;;;0;0;0.0;;;0.0;0.0;0.0;0.0;0.0;4.73;0.0;0.0
102375;571499;2018-08-13;FRC;N23;;;0;0;0.0;;;0.0;0.0;0.0;0.0;0.0;4.74;0.0;0.0
102376;571500;2018-08-13;FRC;F24;;;3;2152;368636556.0;;;4.87;4.82;4.87;4.83;4.82;4.82;0.0;0.0
102377;571501;2018-08-13;FRC;N24;;;1;178;30146311.0;;;4.87;4.87;4.87;4.87;4.87;4.87;4.85;0.0
102378;571502;2018-08-13;FRC;F25;;;8;1162;193745017.0;;;5.05;5.05;5.05;5.05;5.05;5.05;0.0;0.0
102379;571503;2018-08-13;FRC;N25;;;0;0;0.0;;;0.0;0.0;0.0;0.0;0.0;5.13;0.0;0.0
102380;571504;2018-08-13;FRC;F26;;;6;10499;1704076051.0;;;5.19;5.19;5.24;5.19;5.24;5.24;0.0;0.0
102381;571505;2018-08-13;FRC;N26;;;8;18094;2891161790.0;;;5.33;5.32;5.35;5.34;5.32;5.34;0.0;0.0
102382;571506;2018-08-13;FRC;F27;;;6;9046;1427800843.0;;;5.37;5.37;5.39;5.37;5.39;5.42;0.0;0.0
102383;571507;2018-08-13;FRC;F28;;;1;66;10110829.0;;;5.56;5.56;5.56;5.56;5.56;5.61;0.0;0.0
102384;571508;2018-08-13;FRC;F29;;;1;16;2372543.0;;;5.72;5.72;5.72;5.72;5.72;5.76;0.0;0.0
102385;571509;2018-08-13;FRC;F30;;;0;0;0.0;;;0.0;0.0;0.0;0.0;0.0;5.81;0.0;0.0
102386;571677;2018-08-14;FRC;V18;;;110;84724;16412261586.0;;;3.05;2.98;3.05;3.0;3.01;3.01;2.95;3.01
102387;571678;2018-08-14;FRC;X18;;;24;14154;2737237402.0;;;3.37;3.35;3.38;3.36;3.38;3.38;0.0;3.38
102388;571679;2018-08-14;FRC;Z18;;;0;0;0.0;;;0.0;0.0;0.0;0.0;0.0;3.34;0.0;0.0
102389;571680;2018-08-14;FRC;F19;;;40;16391;3159857952.0;;;3.52;3.5;3.52;3.5;3.51;3.51;0.0;0.0
102390;571681;2018-08-14;FRC;G19;;;9;3174;610760729.0;;;3.67;3.67;3.67;3.67;3.67;3.67;3.65;3.7
102391;571682;2018-08-14;FRC;H19;;;6;1584;304241410.0;;;3.81;3.81;3.83;3.82;3.83;3.83;0.0;0.0
102392;571683;2018-08-14;FRC;J19;;;9;4550;872447024.0;;;3.85;3.85;3.85;3.85;3.85;3.85;0.0;0.0
102393;571684;2018-08-14;FRC;K19;;;9;2565;490848295.0;;;3.95;3.95;3.95;3.95;3.95;3.95;0.0;0.0
102394;571685;2018-08-14;FRC;M19;;;3;985;188130913.0;;;4.0;4.0;4.0;4.0;4.0;4.0;0.0;0.0
102395;571686;2018-08-14;FRC;N19;;;11;5429;1035064364.0;;;4.06;4.06;4.06;4.06;4.06;4.06;0.0;0.0
102396;571687;2018-08-14;FRC;Q19;;;6;1963;373541544.0;;;4.1;4.1;4.1;4.1;4.1;4.1;0.0;0.0
102397;571688;2018-08-14;FRC;V19;;;10;2935;556305233.0;;;4.2;4.2;4.2;4.2;4.2;4.2;0.0;4.2
102398;571689;2018-08-14;FRC;F20;;;14;6609;1244962946.0;;;4.33;4.33;4.33;4.33;4.33;4.33;4.3;4.33
102399;571690;2018-08-14;FRC;J20;;;2;2706;506555646.0;;;4.46;4.46;4.46;4.46;4.46;4.4;0.0;0.0
102400;571691;2018-08-14;FRC;N20;;;14;8459;1574774451.0;;;4.49;4.42;4.49;4.47;4.42;4.42;0.0;0.0
102401;571692;2018-08-14;FRC;V20;;;0;0;0.0;;;0.0;0.0;0.0;0.0;0.0;4.47;0.0;0.0
102402;571693;2018-08-14;FRC;F21;;;23;16285;2995906067.0;;;4.57;4.5;4.57;4.54;4.5;4.5;0.0;4.5
102403;571694;2018-08-14;FRC;J21;;;0;0;0.0;;;0.0;0.0;0.0;0.0;0.0;4.54;0.0;0.0
102404;571695;2018-08-14;FRC;N21;;;1;188;34209217.0;;;4.56;4.56;4.56;4.56;4.56;4.56;0.0;0.0
102405;571696;2018-08-14;FRC;V21;;;0;0;0.0;;;0.0;0.0;0.0;0.0;0.0;4.57;0.0;0.0
102406;571697;2018-08-14;FRC;F22;;;17;13424;2412727884.0;;;4.67;4.6;4.67;4.65;4.6;4.6;4.58;4.6
102407;571698;2018-08-14;FRC;J22;;;0;0;0.0;;;0.0;0.0;0.0;0.0;0.0;4.64;0.0;0.0
102408;571699;2018-08-14;FRC;N22;;;0;0;0.0;;;0.0;0.0;0.0;0.0;0.0;4.65;0.0;0.0
102409;571700;2018-08-14;FRC;V22;;;0;0;0.0;;;0.0;0.0;0.0;0.0;0.0;4.69;0.0;0.0
102410;571701;2018-08-14;FRC;F23;;;8;2196;386171703.0;;;4.67;4.67;4.67;4.67;4.67;4.67;0.0;4.68
102411;571702;2018-08-14;FRC;J23;;;0;0;0.0;;;0.0;0.0;0.0;0.0;0.0;4.69;0.0;0.0
102412;571703;2018-08-14;FRC;N23;;;0;0;0.0;;;0.0;0.0;0.0;0.0;0.0;4.7;0.0;0.0
102413;571704;2018-08-14;FRC;F24;;;0;0;0.0;;;0.0;0.0;0.0;0.0;0.0;4.77;0.0;0.0
102414;571705;2018-08-14;FRC;N24;;;3;534;90643883.0;;;4.82;4.82;4.82;4.82;4.82;4.82;0.0;0.0
102415;571706;2018-08-14;FRC;F25;;;2;176;29404276.0;;;5.01;5.01;5.01;5.01;5.01;5.01;0.0;0.0
102416;571707;2018-08-14;FRC;N25;;;0;0;0.0;;;0.0;0.0;0.0;0.0;0.0;5.09;0.0;0.0
102417;571708;2018-08-14;FRC;F26;;;3;516;83804922.0;;;5.21;5.21;5.21;5.21;5.21;5.21;0.0;0.0
102418;571709;2018-08-14;FRC;N26;;;0;0;0.0;;;0.0;0.0;0.0;0.0;0.0;5.31;0.0;0.0
102419;571710;2018-08-14;FRC;F27;;;2;169;26697495.0;;;5.39;5.39;5.39;5.39;5.39;5.39;0.0;0.0
102420;571711;2018-08-14;FRC;F28;;;0;0;0.0;;;0.0;0.0;0.0;0.0;0.0;5.58;0.0;0.0
102421;571712;2018-08-14;FRC;F29;;;0;0;0.0;;;0.0;0.0;0.0;0.0;0.0;5.73;0.0;0.0
102422;571713;2018-08-14;FRC;F30;;;0;0;0.0;;;0.0;0.0;0.0;0.0;0.0;5.78;0.0;0.0
102423;571881;2018-08-15;FRC;V18;;;97;104819;20333380986.0;;;3.01;3.01;3.1;3.07;3.08;3.08;2.9;3.08
102424;571882;2018-08-15;FRC;X18;;;11;15636;3028032372.0;;;3.43;3.42;3.43;3.42;3.42;3.42;0.0;3.42
102425;571883;2018-08-15;FRC;Z18;;;7;12946;2503483312.0;;;3.34;3.34;3.38;3.37;3.38;3.38;0.0;0.0
102426;571884;2018-08-15;FRC;F19;;;16;12127;2341053975.0;;;3.52;3.52;3.6;3.54;3.55;3.55;0.0;0.0
102427;571885;2018-08-15;FRC;G19;;;24;10711;2063862011.0;;;3.72;3.71;3.72;3.71;3.71;3.71;0.0;0.0
102428;571886;2018-08-15;FRC;H19;;;0;0;0.0;;;0.0;0.0;0.0;0.0;0.0;3.87;0.0;0.0
102429;571887;2018-08-15;FRC;J19;;;12;3562;683891417.0;;;3.92;3.9;3.92;3.9;3.9;3.9;0.0;0.0
102430;571888;2018-08-15;FRC;K19;;;0;0;0.0;;;0.0;0.0;0.0;0.0;0.0;4.01;0.0;0.0
102431;571889;2018-08-15;FRC;M19;;;3;591;113011969.0;;;4.07;4.07;4.07;4.07;4.07;4.07;0.0;0.0
102432;571890;2018-08-15;FRC;N19;;;23;7159;1366598050.0;;;4.06;4.06;4.11;4.1;4.11;4.11;0.0;0.0
102433;571891;2018-08-15;FRC;Q19;;;5;1374;261755059.0;;;4.17;4.17;4.17;4.17;4.17;4.17;0.0;0.0
102434;571892;2018-08-15;FRC;V19;;;13;3916;743123534.0;;;4.25;4.25;4.26;4.25;4.26;4.26;0.0;0.0
102435;571893;2018-08-15;FRC;F20;;;14;4177;787767753.0;;;4.33;4.33;4.37;4.36;4.37;4.37;0.0;4.37
102436;571894;2018-08-15;FRC;J20;;;0;0;0.0;;;0.0;0.0;0.0;0.0;0.0;4.44;0.0;0.0
102437;571895;2018-08-15;FRC;N20;;;7;1768;329636518.0;;;4.42;4.42;4.47;4.46;4.47;4.47;0.0;0.0
102438;571896;2018-08-15;FRC;V20;;;0;0;0.0;;;0.0;0.0;0.0;0.0;0.0;4.52;0.0;0.0
102439;571897;2018-08-15;FRC;F21;;;11;1919;353501339.0;;;4.5;4.5;4.55;4.54;4.55;4.55;0.0;0.0
102440;571898;2018-08-15;FRC;J21;;;0;0;0.0;;;0.0;0.0;0.0;0.0;0.0;4.59;0.0;0.0
102441;571899;2018-08-15;FRC;N21;;;0;0;0.0;;;0.0;0.0;0.0;0.0;0.0;4.6;0.0;0.0
102442;571900;2018-08-15;FRC;V21;;;0;0;0.0;;;0.0;0.0;0.0;0.0;0.0;4.61;0.0;0.0
102443;571901;2018-08-15;FRC;F22;;;5;596;107312831.0;;;4.6;4.6;4.63;4.62;4.63;4.63;0.0;0.0
102444;571902;2018-08-15;FRC;J22;;;0;0;0.0;;;0.0;0.0;0.0;0.0;0.0;4.67;0.0;0.0
102445;571903;2018-08-15;FRC;N22;;;2;370;65886186.0;;;4.67;4.67;4.67;4.67;4.67;4.67;0.0;0.0
102446;571904;2018-08-15;FRC;V22;;;0;0;0.0;;;0.0;0.0;0.0;0.0;0.0;4.72;0.0;0.0
102447;571905;2018-08-15;FRC;F23;;;12;2068;363935099.0;;;4.67;4.67;4.71;4.7;4.71;4.71;0.0;0.0
102448;571906;2018-08-15;FRC;J23;;;0;0;0.0;;;0.0;0.0;0.0;0.0;0.0;4.74;0.0;0.0
102449;571907;2018-08-15;FRC;N23;;;4;905;157399444.0;;;4.75;4.75;4.75;4.75;4.75;4.75;0.0;0.0
102450;571908;2018-08-15;FRC;F24;;;3;3032;521119299.0;;;4.8;4.8;4.8;4.8;4.8;4.82;0.0;0.0
102451;571909;2018-08-15;FRC;N24;;;0;0;0.0;;;0.0;0.0;0.0;0.0;0.0;4.87;0.0;0.0
102452;571910;2018-08-15;FRC;F25;;;0;0;0.0;;;0.0;0.0;0.0;0.0;0.0;5.04;0.0;0.0
102453;571911;2018-08-15;FRC;N25;;;0;0;0.0;;;0.0;0.0;0.0;0.0;0.0;5.12;0.0;0.0
102454;571912;2018-08-15;FRC;F26;;;3;2579;418988654.0;;;5.25;5.25;5.25;5.25;5.25;5.25;0.0;0.0
102455;571913;2018-08-15;FRC;N26;;;0;0;0.0;;;0.0;0.0;0.0;0.0;0.0;5.35;0.0;0.0
102456;571914;2018-08-15;FRC;F27;;;0;0;0.0;;;0.0;0.0;0.0;0.0;0.0;5.43;0.0;0.0
102457;571915;2018-08-15;FRC;F28;;;0;0;0.0;;;0.0;0.0;0.0;0.0;0.0;5.62;0.0;0.0
102458;571916;2018-08-15;FRC;F29;;;0;0;0.0;;;0.0;0.0;0.0;0.0;0.0;5.77;0.0;0.0
102459;571917;2018-08-15;FRC;F30;;;0;0;0.0;;;0.0;0.0;0.0;0.0;0.0;5.82;0.0;0.0
102460;572087;2018-08-16;FRC;V18;;;108;153913;30005220298.0;;;2.99;2.99;3.09;3.03;3.01;3.01;2.99;0.0
102461;572088;2018-08-16;FRC;X18;;;12;36220;7049317701.0;;;3.4;3.37;3.4;3.37;3.37;3.37;0.0;3.37
102462;572089;2018-08-16;FRC;Z18;;;21;20233;3932116546.0;;;3.35;3.32;3.38;3.34;3.32;3.32;0.0;0.0
102463;572090;2018-08-16;FRC;F19;;;14;22389;4343899583.0;;;3.53;3.48;3.56;3.49;3.48;3.49;3.48;0.0
102464;572091;2018-08-16;FRC;G19;;;12;7361;1425623916.0;;;3.73;3.64;3.73;3.64;3.64;3.64;0.0;0.0
102465;572092;2018-08-16;FRC;H19;;;9;3366;650705612.0;;;3.8;3.8;3.8;3.8;3.8;3.8;0.0;0.0
102466;572093;2018-08-16;FRC;J19;;;11;7121;1374274480.0;;;3.9;3.82;3.9;3.82;3.82;3.82;0.0;0.0
102467;572094;2018-08-16;FRC;K19;;;2;394;75887430.0;;;3.92;3.92;3.92;3.92;3.92;3.92;0.0;0.0
102468;572095;2018-08-16;FRC;M19;;;2;887;170497070.0;;;4.06;4.0;4.06;4.0;4.0;3.99;0.0;0.0
102469;572096;2018-08-16;FRC;N19;;;17;7536;1446128822.0;;;4.09;4.03;4.1;4.03;4.03;4.03;0.0;0.0
102470;572097;2018-08-16;FRC;Q19;;;9;2355;451009336.0;;;4.1;4.1;4.1;4.1;4.1;4.1;0.0;0.0
102471;572098;2018-08-16;FRC;V19;;;2;1957;373377313.0;;;4.17;4.17;4.17;4.17;4.17;4.19;0.0;4.19
102472;572099;2018-08-16;FRC;F20;;;26;16927;3209744644.0;;;4.35;4.29;4.35;4.3;4.3;4.3;0.0;0.0
102473;572100;2018-08-16;FRC;J20;;;0;0;0.0;;;0.0;0.0;0.0;0.0;0.0;4.37;0.0;0.0
102474;572101;2018-08-16;FRC;N20;;;9;3078;577020939.0;;;4.41;4.41;4.41;4.41;4.41;4.41;0.0;0.0
102475;572102;2018-08-16;FRC;V20;;;0;0;0.0;;;0.0;0.0;0.0;0.0;0.0;4.46;0.0;0.0
102476;572103;2018-08-16;FRC;F21;;;24;8087;1498226775.0;;;4.5;4.46;4.52;4.48;4.46;4.48;0.0;0.0
102477;572104;2018-08-16;FRC;J21;;;0;0;0.0;;;0.0;0.0;0.0;0.0;0.0;4.52;0.0;0.0
102478;572105;2018-08-16;FRC;N21;;;0;0;0.0;;;0.0;0.0;0.0;0.0;0.0;4.53;0.0;0.0
102479;572106;2018-08-16;FRC;V21;;;6;1128;205545337.0;;;4.55;4.55;4.55;4.55;4.55;4.55;0.0;0.0
102480;572107;2018-08-16;FRC;F22;;;6;1400;253511028.0;;;4.6;4.58;4.6;4.59;4.58;4.58;4.55;0.0
102481;572108;2018-08-16;FRC;J22;;;0;0;0.0;;;0.0;0.0;0.0;0.0;0.0;4.62;0.0;0.0
102482;572109;2018-08-16;FRC;N22;;;0;0;0.0;;;0.0;0.0;0.0;0.0;0.0;4.62;0.0;0.0
102483;572110;2018-08-16;FRC;V22;;;0;0;0.0;;;0.0;0.0;0.0;0.0;0.0;4.66;0.0;0.0
102484;572111;2018-08-16;FRC;F23;;;11;2561;453315339.0;;;4.69;4.65;4.69;4.65;4.65;4.65;0.0;0.0
102485;572112;2018-08-16;FRC;J23;;;0;0;0.0;;;0.0;0.0;0.0;0.0;0.0;4.7;0.0;0.0
102486;572113;2018-08-16;FRC;N23;;;0;0;0.0;;;0.0;0.0;0.0;0.0;0.0;4.73;0.0;0.0
102487;572114;2018-08-16;FRC;F24;;;2;358;61843771.0;;;4.78;4.78;4.78;4.78;4.78;4.78;4.74;4.78
102488;572115;2018-08-16;FRC;N24;;;0;0;0.0;;;0.0;0.0;0.0;0.0;0.0;4.83;4.78;0.0
102489;572116;2018-08-16;FRC;F25;;;0;0;0.0;;;0.0;0.0;0.0;0.0;0.0;5.0;0.0;5.01
102490;572117;2018-08-16;FRC;N25;;;0;0;0.0;;;0.0;0.0;0.0;0.0;0.0;5.08;0.0;0.0
102491;572118;2018-08-16;FRC;F26;;;0;0;0.0;;;0.0;0.0;0.0;0.0;0.0;5.21;0.0;0.0
102492;572119;2018-08-16;FRC;N26;;;0;0;0.0;;;0.0;0.0;0.0;0.0;0.0;5.31;0.0;0.0
102493;572120;2018-08-16;FRC;F27;;;1;169;26876627.0;;;5.38;5.38;5.38;5.38;5.38;5.38;5.35;0.0
102494;572121;2018-08-16;FRC;F28;;;0;0;0.0;;;0.0;0.0;0.0;0.0;0.0;5.57;0.0;0.0
102495;572122;2018-08-16;FRC;F29;;;0;0;0.0;;;0.0;0.0;0.0;0.0;0.0;5.72;0.0;0.0
102496;572123;2018-08-16;FRC;F30;;;0;0;0.0;;;0.0;0.0;0.0;0.0;0.0;5.77;0.0;0.0
102497;572290;2018-08-17;FRC;V18;;;30;51305;9986038179.0;;;2.95;2.95;3.05;3.03;3.05;3.05;3.02;3.08
102498;572291;2018-08-17;FRC;X18;;;21;11561;2246433330.0;;;3.4;3.4;3.41;3.4;3.4;3.4;0.0;3.42
102499;572292;2018-08-17;FRC;Z18;;;8;2070;401628903.0;;;3.28;3.28;3.39;3.38;3.39;3.39;3.35;0.0
102500;572293;2018-08-17;FRC;F19;;;22;17299;3350754092.0;;;3.49;3.49;3.56;3.54;3.56;3.56;3.5;0.0
102501;572294;2018-08-17;FRC;G19;;;12;10914;2110127096.0;;;3.7;3.7;3.7;3.7;3.7;3.7;3.65;0.0
102502;572295;2018-08-17;FRC;H19;;;0;0;0.0;;;0.0;0.0;0.0;0.0;0.0;3.86;0.0;3.85
102503;572296;2018-08-17;FRC;J19;;;3;1088;209602765.0;;;3.89;3.89;3.89;3.89;3.89;3.89;0.0;0.0
102504;572297;2018-08-17;FRC;K19;;;7;4342;834833001.0;;;3.98;3.98;3.98;3.98;3.98;3.98;0.0;0.0
102505;572298;2018-08-17;FRC;M19;;;3;985;188989108.0;;;4.07;4.07;4.07;4.07;4.07;4.07;0.0;0.0
102506;572299;2018-08-17;FRC;N19;;;8;10898;2087626513.0;;;4.07;4.07;4.11;4.08;4.11;4.11;0.0;0.0
102507;572300;2018-08-17;FRC;Q19;;;0;0;0.0;;;0.0;0.0;0.0;0.0;0.0;4.18;0.0;0.0
102508;572301;2018-08-17;FRC;V19;;;7;3327;633459641.0;;;4.26;4.26;4.26;4.26;4.26;4.26;0.0;0.0
102509;572302;2018-08-17;FRC;F20;;;14;4274;808811225.0;;;4.32;4.32;4.38;4.36;4.38;4.38;0.0;0.0
102510;572303;2018-08-17;FRC;J20;;;0;0;0.0;;;0.0;0.0;0.0;0.0;0.0;4.44;0.0;0.0
102511;572304;2018-08-17;FRC;N20;;;12;11347;2122705409.0;;;4.47;4.47;4.47;4.47;4.47;4.47;0.0;0.0
102512;572305;2018-08-17;FRC;V20;;;0;0;0.0;;;0.0;0.0;0.0;0.0;0.0;4.52;0.0;0.0
102513;572306;2018-08-17;FRC;F21;;;3;4092;756715346.0;;;4.51;4.51;4.55;4.51;4.55;4.55;0.0;0.0
102514;572307;2018-08-17;FRC;J21;;;0;0;0.0;;;0.0;0.0;0.0;0.0;0.0;4.59;0.0;0.0
102515;572308;2018-08-17;FRC;N21;;;2;2826;516589843.0;;;4.59;4.59;4.59;4.59;4.59;4.59;0.0;0.0
102516;572309;2018-08-17;FRC;V21;;;0;0;0.0;;;0.0;0.0;0.0;0.0;0.0;4.61;0.0;0.0
102517;572310;2018-08-17;FRC;F22;;;19;5775;1043326107.0;;;4.62;4.62;4.63;4.62;4.63;4.63;0.0;0.0
102518;572311;2018-08-17;FRC;J22;;;0;0;0.0;;;0.0;0.0;0.0;0.0;0.0;4.67;0.0;0.0
102519;572312;2018-08-17;FRC;N22;;;0;0;0.0;;;0.0;0.0;0.0;0.0;0.0;4.67;0.0;0.0
102520;572313;2018-08-17;FRC;V22;;;0;0;0.0;;;0.0;0.0;0.0;0.0;0.0;4.71;0.0;0.0
102521;572314;2018-08-17;FRC;F23;;;30;12660;2235823148.0;;;4.7;4.68;4.7;4.69;4.68;4.7;0.0;0.0
102522;572315;2018-08-17;FRC;J23;;;0;0;0.0;;;0.0;0.0;0.0;0.0;0.0;4.76;0.0;0.0
102523;572316;2018-08-17;FRC;N23;;;0;0;0.0;;;0.0;0.0;0.0;0.0;0.0;4.8;0.0;0.0
102524;572317;2018-08-17;FRC;F24;;;4;716;123278600.0;;;4.86;4.86;4.86;4.86;4.86;4.86;0.0;0.0
102525;572318;2018-08-17;FRC;N24;;;2;160;27279350.0;;;4.83;4.83;4.83;4.83;4.83;4.9;0.0;0.0
102526;572319;2018-08-17;FRC;F25;;;10;2284;382937847.0;;;5.0;5.0;5.07;5.05;5.07;5.05;0.0;0.0
102527;572320;2018-08-17;FRC;N25;;;2;694;114697741.0;;;5.16;5.16;5.16;5.16;5.16;5.13;0.0;0.0
102528;572321;2018-08-17;FRC;F26;;;2;344;56049710.0;;;5.27;5.27;5.27;5.27;5.27;5.27;0.0;0.0
102529;572322;2018-08-17;FRC;N26;;;0;0;0.0;;;0.0;0.0;0.0;0.0;0.0;5.39;0.0;0.0
102530;572323;2018-08-17;FRC;F27;;;13;4379;693333219.0;;;5.43;5.43;5.48;5.45;5.48;5.48;0.0;0.0
102531;572324;2018-08-17;FRC;F28;;;0;0;0.0;;;0.0;0.0;0.0;0.0;0.0;5.67;0.0;0.0
102532;572325;2018-08-17;FRC;F29;;;0;0;0.0;;;0.0;0.0;0.0;0.0;0.0;5.82;0.0;0.0
102533;572326;2018-08-17;FRC;F30;;;0;0;0.0;;;0.0;0.0;0.0;0.0;0.0;5.87;0.0;0.0
102534;572493;2018-08-20;FRC;V18;;;57;85844;16914768547.0;;;3.05;3.0;3.08;3.05;3.05;3.05;3.0;3.06
102535;572494;2018-08-20;FRC;X18;;;7;4407;866918615.0;;;3.45;3.4;3.45;3.4;3.4;3.4;0.0;3.42
102536;572495;2018-08-20;FRC;Z18;;;15;46958;9223557811.0;;;3.39;3.39;3.39;3.39;3.39;3.39;3.35;0.0
102537;572496;2018-08-20;FRC;F19;;;35;85831;16830035896.0;;;3.56;3.56;3.57;3.56;3.56;3.57;3.54;3.58
102538;572497;2018-08-20;FRC;G19;;;11;34829;6817027612.0;;;3.71;3.71;3.72;3.71;3.72;3.72;0.0;0.0
102539;572498;2018-08-20;FRC;H19;;;0;0;0.0;;;0.0;0.0;0.0;0.0;0.0;3.88;0.0;0.0
102540;572499;2018-08-20;FRC;J19;;;9;1980;386160505.0;;;3.9;3.9;3.9;3.9;3.9;3.9;3.91;3.92
102541;572500;2018-08-20;FRC;K19;;;10;2761;537347008.0;;;4.02;4.02;4.02;4.02;4.02;4.02;0.0;4.03
102542;572501;2018-08-20;FRC;M19;;;0;0;0.0;;;0.0;0.0;0.0;0.0;0.0;4.13;0.0;0.0
102543;572502;2018-08-20;FRC;N19;;;14;9521;1845856016.0;;;4.14;4.14;4.18;4.15;4.18;4.18;0.0;4.18
102544;572503;2018-08-20;FRC;Q19;;;2;392;75828152.0;;;4.25;4.25;4.25;4.25;4.25;4.25;0.0;0.0
102545;572504;2018-08-20;FRC;V19;;;1;391;75350025.0;;;4.3;4.3;4.3;4.3;4.3;4.33;0.0;0.0
102546;572505;2018-08-20;FRC;F20;;;20;6021;1152913686.0;;;4.42;4.42;4.45;4.44;4.45;4.45;4.43;4.47
102547;572506;2018-08-20;FRC;J20;;;3;773;147149639.0;;;4.51;4.51;4.51;4.51;4.51;4.51;0.0;0.0
102548;572507;2018-08-20;FRC;N20;;;10;2882;545512957.0;;;4.53;4.53;4.53;4.53;4.53;4.53;4.52;0.0
102549;572508;2018-08-20;FRC;V20;;;2;382;71868769.0;;;4.58;4.58;4.58;4.58;4.58;4.58;4.58;0.0
102550;572509;2018-08-20;FRC;F21;;;16;5511;1030602910.0;;;4.54;4.53;4.62;4.6;4.62;4.62;0.0;0.0
102551;572510;2018-08-20;FRC;J21;;;4;1552;288785524.0;;;4.56;4.56;4.64;4.58;4.64;4.64;0.0;0.0
102552;572511;2018-08-20;FRC;N21;;;8;583;107859876.0;;;4.6;4.6;4.61;4.6;4.61;4.64;0.0;0.0
102553;572512;2018-08-20;FRC;V21;;;3;561;103119107.0;;;4.67;4.67;4.67;4.67;4.67;4.67;0.0;0.0
102554;572513;2018-08-20;FRC;F22;;;6;1489;272075899.0;;;4.69;4.69;4.69;4.69;4.69;4.69;0.0;0.0
102555;572514;2018-08-20;FRC;J22;;;1;185;33605151.0;;;4.72;4.72;4.72;4.72;4.72;4.72;0.0;0.0
102556;572515;2018-08-20;FRC;N22;;;0;0;0.0;;;0.0;0.0;0.0;0.0;0.0;4.72;0.0;0.0
102557;572516;2018-08-20;FRC;V22;;;1;184;33044259.0;;;4.76;4.76;4.76;4.76;4.76;4.76;0.0;0.0
102558;572517;2018-08-20;FRC;F23;;;3;877;156688310.0;;;4.73;4.73;4.73;4.73;4.73;4.78;0.0;4.78
102559;572518;2018-08-20;FRC;J23;;;0;0;0.0;;;0.0;0.0;0.0;0.0;0.0;4.84;4.8;0.0
102560;572519;2018-08-20;FRC;N23;;;4;1953;344509994.0;;;4.82;4.82;4.83;4.82;4.83;4.88;4.82;0.0
102561;572520;2018-08-20;FRC;F24;;;0;0;0.0;;;0.0;0.0;0.0;0.0;0.0;4.93;4.88;4.95
102562;572521;2018-08-20;FRC;N24;;;3;531;91320727.0;;;4.96;4.96;4.96;4.96;4.96;4.96;0.0;0.0
102563;572522;2018-08-20;FRC;F25;;;4;1051;178037692.0;;;5.1;5.1;5.12;5.11;5.12;5.11;0.0;0.0
102564;572523;2018-08-20;FRC;N25;;;0;0;0.0;;;0.0;0.0;0.0;0.0;0.0;5.19;0.0;0.0
102565;572524;2018-08-20;FRC;F26;;;0;0;0.0;;;0.0;0.0;0.0;0.0;0.0;5.32;0.0;0.0
102566;572525;2018-08-20;FRC;N26;;;0;0;0.0;;;0.0;0.0;0.0;0.0;0.0;5.44;0.0;0.0
102567;572526;2018-08-20;FRC;F27;;;3;504;80577939.0;;;5.52;5.52;5.52;5.52;5.52;5.52;0.0;0.0
102568;572527;2018-08-20;FRC;F28;;;0;0;0.0;;;0.0;0.0;0.0;0.0;0.0;5.71;0.0;0.0
102569;572528;2018-08-20;FRC;F29;;;0;0;0.0;;;0.0;0.0;0.0;0.0;0.0;5.86;0.0;0.0
102570;572529;2018-08-20;FRC;F30;;;0;0;0.0;;;0.0;0.0;0.0;0.0;0.0;5.91;0.0;0.0
102571;572696;2018-08-21;FRC;V18;;;53;77418;15380575890.0;;;3.05;3.04;3.16;3.11;3.16;3.16;0.0;3.3
102572;572697;2018-08-21;FRC;X18;;;21;19941;3954866557.0;;;3.42;3.42;3.52;3.49;3.52;3.52;3.5;3.57
102573;572698;2018-08-21;FRC;Z18;;;10;5774;1143428798.0;;;3.4;3.4;3.5;3.46;3.5;3.5;3.53;0.0
102574;572699;2018-08-21;FRC;F19;;;31;19245;3804067632.0;;;3.59;3.59;3.75;3.69;3.75;3.72;3.71;4.1
102575;572700;2018-08-21;FRC;G19;;;7;4166;821865129.0;;;3.88;3.88;3.88;3.88;3.88;3.88;0.0;0.0
102576;572701;2018-08-21;FRC;H19;;;6;1683;331392245.0;;;4.03;4.03;4.06;4.03;4.06;4.03;4.03;0.0
102577;572702;2018-08-21;FRC;J19;;;17;14865;2921879140.0;;;3.92;3.92;4.09;4.04;4.09;4.09;0.0;0.0
102578;572703;2018-08-21;FRC;K19;;;15;7494;1469650364.0;;;4.21;4.21;4.21;4.21;4.21;4.21;0.0;0.0
102579;572704;2018-08-21;FRC;M19;;;45;14365;2811150424.0;;;4.16;4.16;4.38;4.28;4.38;4.35;0.0;0.0
102580;572705;2018-08-21;FRC;N19;;;16;5222;1019730944.0;;;4.21;4.21;4.42;4.39;4.42;4.4;0.0;0.0
102581;572706;2018-08-21;FRC;Q19;;;0;0;0.0;;;0.0;0.0;0.0;0.0;0.0;4.47;0.0;0.0
102582;572707;2018-08-21;FRC;V19;;;4;1758;341120972.0;;;4.56;4.56;4.56;4.56;4.56;4.56;0.0;0.0
102583;572708;2018-08-21;FRC;F20;;;25;10192;1965746454.0;;;4.47;4.47;4.69;4.6;4.69;4.69;0.0;0.0
102584;572709;2018-08-21;FRC;J20;;;0;0;0.0;;;0.0;0.0;0.0;0.0;0.0;4.76;0.0;0.0
102585;572710;2018-08-21;FRC;N20;;;1;192;36561210.0;;;4.79;4.79;4.79;4.79;4.79;4.79;0.0;0.0
102586;572711;2018-08-21;FRC;V20;;;1;191;36149201.0;;;4.82;4.82;4.82;4.82;4.82;4.82;0.0;0.0
102587;572712;2018-08-21;FRC;F21;;;33;14592;2744362683.0;;;4.84;4.84;4.84;4.84;4.84;4.84;0.0;0.0
102588;572713;2018-08-21;FRC;J21;;;0;0;0.0;;;0.0;0.0;0.0;0.0;0.0;4.86;0.0;0.0
102589;572714;2018-08-21;FRC;N21;;;0;0;0.0;;;0.0;0.0;0.0;0.0;0.0;4.86;0.0;0.0
102590;572715;2018-08-21;FRC;V21;;;0;0;0.0;;;0.0;0.0;0.0;0.0;0.0;4.89;0.0;0.0
102591;572716;2018-08-21;FRC;F22;;;4;3353;617703704.0;;;4.69;4.69;4.9;4.7;4.9;4.9;0.0;0.0
102592;572717;2018-08-21;FRC;J22;;;0;0;0.0;;;0.0;0.0;0.0;0.0;0.0;4.93;0.0;0.0
102593;572718;2018-08-21;FRC;N22;;;0;0;0.0;;;0.0;0.0;0.0;0.0;0.0;4.92;0.0;0.0
102594;572719;2018-08-21;FRC;V22;;;0;0;0.0;;;0.0;0.0;0.0;0.0;0.0;4.95;0.0;0.0
102595;572720;2018-08-21;FRC;F23;;;49;18856;3384429757.0;;;4.76;4.76;4.97;4.91;4.96;4.97;0.0;0.0
102596;572721;2018-08-21;FRC;J23;;;2;181;32337966.0;;;4.85;4.85;4.85;4.85;4.85;5.03;0.0;0.0
102597;572722;2018-08-21;FRC;N23;;;2;361;64119245.0;;;4.88;4.88;4.88;4.88;4.88;5.07;0.0;0.0
102598;572723;2018-08-21;FRC;F24;;;3;715;125194628.0;;;4.95;4.94;5.11;5.02;5.11;5.11;0.0;0.0
102599;572724;2018-08-21;FRC;N24;;;2;354;61135883.0;;;5.14;5.14;5.14;5.14;5.14;5.14;0.0;0.0
102600;572725;2018-08-21;FRC;F25;;;8;1837;312851695.0;;;5.14;5.14;5.28;5.22;5.28;5.28;0.0;0.0
102601;572726;2018-08-21;FRC;N25;;;0;0;0.0;;;0.0;0.0;0.0;0.0;0.0;5.36;0.0;0.0
102602;572727;2018-08-21;FRC;F26;;;2;1200;198869038.0;;;5.38;5.38;5.38;5.38;5.38;5.49;0.0;0.0
102603;572728;2018-08-21;FRC;N26;;;2;508;82648340.0;;;5.61;5.61;5.61;5.61;5.61;5.61;0.0;0.0
102604;572729;2018-08-21;FRC;F27;;;3;754;120880422.0;;;5.69;5.69;5.69;5.69;5.69;5.69;0.0;0.0
102605;572730;2018-08-21;FRC;F28;;;2;246;38255326.0;;;5.88;5.88;5.88;5.88;5.88;5.88;0.0;0.0
102606;572731;2018-08-21;FRC;F29;;;0;0;0.0;;;0.0;0.0;0.0;0.0;0.0;6.03;0.0;0.0
102607;572732;2018-08-21;FRC;F30;;;0;0;0.0;;;0.0;0.0;0.0;0.0;0.0;6.08;0.0;0.0
102608;572899;2018-08-22;FRC;V18;;;151;148562;29824636824.0;;;3.21;3.21;3.3;3.27;3.23;3.29;0.0;3.28
102609;572900;2018-08-22;FRC;X18;;;37;38545;7724911250.0;;;3.54;3.54;3.61;3.58;3.57;3.57;0.0;3.59
102610;572901;2018-08-22;FRC;Z18;;;24;22715;4545154601.0;;;3.58;3.55;3.6;3.58;3.55;3.55;0.0;0.0
102611;572902;2018-08-22;FRC;F19;;;37;32123;6415866067.0;;;3.8;3.73;3.83;3.78;3.73;3.75;3.73;3.75
102612;572903;2018-08-22;FRC;G19;;;13;4957;988120022.0;;;3.98;3.93;3.98;3.95;3.93;3.93;0.0;0.0
102613;572904;2018-08-22;FRC;H19;;;8;8910;1772859968.0;;;4.07;4.07;4.07;4.07;4.07;4.07;0.0;0.0
102614;572905;2018-08-22;FRC;J19;;;25;13285;2638319581.0;;;4.17;4.13;4.2;4.13;4.13;4.13;0.0;0.0
102615;572906;2018-08-22;FRC;K19;;;0;0;0.0;;;0.0;0.0;0.0;0.0;0.0;4.26;0.0;0.0
102616;572907;2018-08-22;FRC;M19;;;2;2952;583600645.0;;;4.38;4.38;4.38;4.38;4.38;4.41;0.0;0.0
102617;572908;2018-08-22;FRC;N19;;;27;11426;2254161373.0;;;4.55;4.47;4.55;4.47;4.47;4.47;0.0;4.47
102618;572909;2018-08-22;FRC;Q19;;;5;4116;810439630.0;;;4.49;4.49;4.49;4.49;4.49;4.53;0.0;0.0
102619;572910;2018-08-22;FRC;V19;;;10;2284;447758425.0;;;4.68;4.6;4.68;4.61;4.6;4.6;0.0;0.0
102620;572911;2018-08-22;FRC;F20;;;120;27911;5434442241.0;;;4.79;4.72;4.82;4.76;4.73;4.73;0.0;4.73
102621;572912;2018-08-22;FRC;J20;;;3;501;96955261.0;;;4.85;4.8;4.85;4.8;4.82;4.8;0.0;0.0
102622;572913;2018-08-22;FRC;N20;;;2;402;77290018.0;;;4.88;4.88;4.88;4.88;4.88;4.83;0.0;0.0
102623;572914;2018-08-22;FRC;V20;;;3;305;58310291.0;;;4.9;4.85;4.9;4.85;4.86;4.86;0.0;0.0
102624;572915;2018-08-22;FRC;F21;;;34;11972;2274578569.0;;;4.94;4.87;4.94;4.87;4.87;4.87;0.0;0.0
102625;572916;2018-08-22;FRC;J21;;;0;0;0.0;;;0.0;0.0;0.0;0.0;0.0;4.89;0.0;0.0
102626;572917;2018-08-22;FRC;N21;;;0;0;0.0;;;0.0;0.0;0.0;0.0;0.0;4.89;0.0;0.0
102627;572918;2018-08-22;FRC;V21;;;4;1120;209067021.0;;;4.91;4.91;4.91;4.91;4.91;4.91;0.0;4.91
102628;572919;2018-08-22;FRC;F22;;;3;631;117055143.0;;;4.97;4.92;4.98;4.92;4.92;4.92;0.0;0.0
102629;572920;2018-08-22;FRC;J22;;;0;0;0.0;;;0.0;0.0;0.0;0.0;0.0;4.95;0.0;0.0
102630;572921;2018-08-22;FRC;N22;;;3;570;104537403.0;;;4.94;4.94;4.94;4.94;4.94;4.94;0.0;0.0
102631;572922;2018-08-22;FRC;V22;;;6;1098;200164056.0;;;4.95;4.95;4.95;4.95;4.95;4.95;0.0;0.0
102632;572923;2018-08-22;FRC;F23;;;8;1911;346219257.0;;;5.01;4.97;5.01;4.97;4.97;4.97;0.0;0.0
102633;572924;2018-08-22;FRC;J23;;;0;0;0.0;;;0.0;0.0;0.0;0.0;0.0;5.03;0.0;0.0
102634;572925;2018-08-22;FRC;N23;;;0;0;0.0;;;0.0;0.0;0.0;0.0;0.0;5.07;0.0;0.0
102635;572926;2018-08-22;FRC;F24;;;0;0;0.0;;;0.0;0.0;0.0;0.0;0.0;5.12;5.05;5.12
102636;572927;2018-08-22;FRC;N24;;;0;0;0.0;;;0.0;0.0;0.0;0.0;0.0;5.15;0.0;0.0
102637;572928;2018-08-22;FRC;F25;;;0;0;0.0;;;0.0;0.0;0.0;0.0;0.0;5.3;0.0;5.36
102638;572929;2018-08-22;FRC;N25;;;0;0;0.0;;;0.0;0.0;0.0;0.0;0.0;5.38;0.0;0.0
102639;572930;2018-08-22;FRC;F26;;;2;342;57022720.0;;;5.53;5.53;5.53;5.53;5.53;5.52;0.0;5.55
102640;572931;2018-08-22;FRC;N26;;;0;0;0.0;;;0.0;0.0;0.0;0.0;0.0;5.64;0.0;0.0
102641;572932;2018-08-22;FRC;F27;;;0;0;0.0;;;0.0;0.0;0.0;0.0;0.0;5.73;0.0;5.75
102642;572933;2018-08-22;FRC;F28;;;0;0;0.0;;;0.0;0.0;0.0;0.0;0.0;5.92;0.0;0.0
102643;572934;2018-08-22;FRC;F29;;;0;0;0.0;;;0.0;0.0;0.0;0.0;0.0;6.07;0.0;0.0
102644;572935;2018-08-22;FRC;F30;;;0;0;0.0;;;0.0;0.0;0.0;0.0;0.0;6.12;0.0;0.0
102645;573102;2018-08-23;FRC;V18;;;92;80322;16410112530.0;;;3.25;3.1;3.35;3.28;3.3;3.3;0.0;0.0
102646;573103;2018-08-23;FRC;X18;;;54;35136;7166342927.0;;;3.59;3.54;3.63;3.57;3.6;3.6;0.0;0.0
102647;573104;2018-08-23;FRC;Z18;;;0;0;0.0;;;0.0;0.0;0.0;0.0;0.0;3.56;0.0;0.0
102648;573105;2018-08-23;FRC;F19;;;71;52424;10656678230.0;;;3.72;3.7;3.8;3.73;3.75;3.75;3.75;3.76
102649;573106;2018-08-23;FRC;G19;;;25;16107;3267486666.0;;;3.96;3.93;3.98;3.96;3.96;3.96;3.95;0.0
102650;573107;2018-08-23;FRC;H19;;;12;7088;1435132006.0;;;4.08;4.08;4.11;4.1;4.11;4.11;4.1;0.0
102651;573108;2018-08-23;FRC;J19;;;5;4151;838871976.0;;;4.18;4.16;4.18;4.16;4.16;4.17;4.16;0.0
102652;573109;2018-08-23;FRC;K19;;;4;985;198606680.0;;;4.3;4.3;4.3;4.3;4.3;4.3;4.29;0.0
102653;573110;2018-08-23;FRC;M19;;;9;3343;672403247.0;;;4.45;4.45;4.45;4.45;4.45;4.45;0.0;0.0
102654;573111;2018-08-23;FRC;N19;;;27;18082;3630169985.0;;;4.47;4.42;4.53;4.49;4.5;4.53;0.0;0.0
102655;573112;2018-08-23;FRC;Q19;;;0;0;0.0;;;0.0;0.0;0.0;0.0;0.0;4.59;0.0;0.0
102656;573113;2018-08-23;FRC;V19;;;3;1405;280301514.0;;;4.61;4.6;4.65;4.61;4.65;4.65;0.0;0.0
102657;573114;2018-08-23;FRC;F20;;;41;18816;3728379618.0;;;4.68;4.68;4.8;4.76;4.77;4.77;0.0;0.0
102658;573115;2018-08-23;FRC;J20;;;0;0;0.0;;;0.0;0.0;0.0;0.0;0.0;4.84;0.0;0.0
102659;573116;2018-08-23;FRC;N20;;;0;0;0.0;;;0.0;0.0;0.0;0.0;0.0;4.87;0.0;0.0
102660;573117;2018-08-23;FRC;V20;;;4;764;148615813.0;;;4.89;4.89;4.89;4.89;4.89;4.89;0.0;0.0
102661;573118;2018-08-23;FRC;F21;;;29;8007;1548005563.0;;;4.87;4.87;4.89;4.88;4.88;4.89;0.0;0.0
102662;573119;2018-08-23;FRC;J21;;;0;0;0.0;;;0.0;0.0;0.0;0.0;0.0;4.91;0.0;0.0
102663;573120;2018-08-23;FRC;N21;;;1;188;35933537.0;;;4.9;4.9;4.9;4.9;4.9;4.9;0.0;0.0
102664;573121;2018-08-23;FRC;V21;;;6;1513;287477826.0;;;4.9;4.9;4.93;4.9;4.9;4.9;0.0;0.0
102665;573122;2018-08-23;FRC;F22;;;5;930;175625966.0;;;4.92;4.92;4.92;4.92;4.92;4.92;0.0;0.0
102666;573123;2018-08-23;FRC;J22;;;0;0;0.0;;;0.0;0.0;0.0;0.0;0.0;4.95;0.0;0.0
102667;573124;2018-08-23;FRC;N22;;;5;1525;284515977.0;;;4.97;4.93;4.97;4.96;4.93;4.93;0.0;0.0
102668;573125;2018-08-23;FRC;V22;;;2;183;33962555.0;;;4.93;4.93;4.93;4.93;4.93;4.93;0.0;0.0
102669;573126;2018-08-23;FRC;F23;;;18;5134;946902073.0;;;5.03;4.94;5.03;4.95;4.94;4.94;0.0;0.0
102670;573127;2018-08-23;FRC;J23;;;0;0;0.0;;;0.0;0.0;0.0;0.0;0.0;5.0;0.0;0.0
102671;573128;2018-08-23;FRC;N23;;;1;360;65545587.0;;;5.03;5.03;5.03;5.03;5.03;5.03;0.0;5.03
102672;573129;2018-08-23;FRC;F24;;;4;712;128026229.0;;;5.07;5.07;5.07;5.07;5.07;5.07;0.0;0.0
102673;573130;2018-08-23;FRC;N24;;;3;4952;880245614.0;;;5.1;5.1;5.1;5.1;5.1;5.1;0.0;0.0
102674;573131;2018-08-23;FRC;F25;;;8;1975;345479901.0;;;5.34;5.25;5.34;5.27;5.25;5.25;0.0;5.36
102675;573132;2018-08-23;FRC;N25;;;0;0;0.0;;;0.0;0.0;0.0;0.0;0.0;5.33;0.0;0.0
102676;573133;2018-08-23;FRC;F26;;;0;0;0.0;;;0.0;0.0;0.0;0.0;0.0;5.47;0.0;0.0
102677;573134;2018-08-23;FRC;N26;;;0;0;0.0;;;0.0;0.0;0.0;0.0;0.0;5.59;0.0;0.0
102678;573135;2018-08-23;FRC;F27;;;0;0;0.0;;;0.0;0.0;0.0;0.0;0.0;5.68;0.0;0.0
102679;573136;2018-08-23;FRC;F28;;;0;0;0.0;;;0.0;0.0;0.0;0.0;0.0;5.87;0.0;0.0
102680;573137;2018-08-23;FRC;F29;;;0;0;0.0;;;0.0;0.0;0.0;0.0;0.0;6.02;0.0;0.0
102681;573138;2018-08-23;FRC;F30;;;0;0;0.0;;;0.0;0.0;0.0;0.0;0.0;6.07;0.0;0.0
102682;573305;2018-08-24;FRC;V18;;;118;191875;39157132066.0;;;3.3;3.22;3.3;3.26;3.26;3.26;0.0;3.27
102683;573306;2018-08-24;FRC;X18;;;47;42453;8648980446.0;;;3.6;3.55;3.6;3.56;3.55;3.55;3.55;0.0
102684;573307;2018-08-24;FRC;Z18;;;8;4379;890796441.0;;;3.53;3.5;3.53;3.51;3.5;3.5;3.5;0.0
102685;573308;2018-08-24;FRC;F19;;;60;50831;10321433126.0;;;3.75;3.69;3.75;3.72;3.71;3.72;0.0;3.72
102686;573309;2018-08-24;FRC;G19;;;19;18650;3779414972.0;;;3.92;3.92;3.93;3.92;3.93;3.93;0.0;3.93
102687;573310;2018-08-24;FRC;H19;;;0;0;0.0;;;0.0;0.0;0.0;0.0;0.0;4.08;0.0;0.0
102688;573311;2018-08-24;FRC;J19;;;10;6167;1244996318.0;;;4.18;4.13;4.18;4.13;4.13;4.13;0.0;0.0
102689;573312;2018-08-24;FRC;K19;;;1;197;39678358.0;;;4.29;4.29;4.29;4.29;4.29;4.25;0.0;4.27
102690;573313;2018-08-24;FRC;M19;;;13;3935;790776990.0;;;4.43;4.39;4.43;4.39;4.39;4.39;0.0;0.0
102691;573314;2018-08-24;FRC;N19;;;16;7736;1551403677.0;;;4.49;4.45;4.49;4.48;4.45;4.49;0.0;0.0
102692;573315;2018-08-24;FRC;Q19;;;0;0;0.0;;;0.0;0.0;0.0;0.0;0.0;4.55;0.0;0.0
102693;573316;2018-08-24;FRC;V19;;;1;156;31094602.0;;;4.57;4.57;4.57;4.57;4.57;4.6;0.0;4.57
102694;573317;2018-08-24;FRC;F20;;;86;33196;6574208827.0;;;4.64;4.64;4.72;4.68;4.7;4.71;0.0;0.0
102695;573318;2018-08-24;FRC;J20;;;0;0;0.0;;;0.0;0.0;0.0;0.0;0.0;4.78;0.0;0.0
102696;573319;2018-08-24;FRC;N20;;;10;4894;957042195.0;;;4.87;4.82;4.87;4.83;4.82;4.82;0.0;0.0
102697;573320;2018-08-24;FRC;V20;;;0;0;0.0;;;0.0;0.0;0.0;0.0;0.0;4.84;0.0;0.0
102698;573321;2018-08-24;FRC;F21;;;11;11253;2175012662.0;;;4.86;4.79;4.86;4.8;4.85;4.85;0.0;0.0
102699;573322;2018-08-24;FRC;J21;;;0;0;0.0;;;0.0;0.0;0.0;0.0;0.0;4.87;0.0;0.0
102700;573323;2018-08-24;FRC;N21;;;0;0;0.0;;;0.0;0.0;0.0;0.0;0.0;4.87;0.0;0.0
102701;573324;2018-08-24;FRC;V21;;;0;0;0.0;;;0.0;0.0;0.0;0.0;0.0;4.87;0.0;0.0
102702;573325;2018-08-24;FRC;F22;;;1;186;35096131.0;;;4.9;4.9;4.9;4.9;4.9;4.9;0.0;0.0
102703;573326;2018-08-24;FRC;J22;;;0;0;0.0;;;0.0;0.0;0.0;0.0;0.0;4.93;0.0;0.0
102704;573327;2018-08-24;FRC;N22;;;0;0;0.0;;;0.0;0.0;0.0;0.0;0.0;4.91;0.0;0.0
102705;573328;2018-08-24;FRC;V22;;;0;0;0.0;;;0.0;0.0;0.0;0.0;0.0;4.91;0.0;0.0
102706;573329;2018-08-24;FRC;F23;;;3;2187;403253463.0;;;4.94;4.89;4.94;4.91;4.89;4.92;0.0;0.0
102707;573330;2018-08-24;FRC;J23;;;0;0;0.0;;;0.0;0.0;0.0;0.0;0.0;4.98;0.0;0.0
102708;573331;2018-08-24;FRC;N23;;;0;0;0.0;;;0.0;0.0;0.0;0.0;0.0;5.01;0.0;0.0
102709;573332;2018-08-24;FRC;F24;;;3;358;64379312.0;;;5.05;5.05;5.05;5.05;5.05;5.05;0.0;0.0
102710;573333;2018-08-24;FRC;N24;;;0;0;0.0;;;0.0;0.0;0.0;0.0;0.0;5.08;0.0;0.0
102711;573334;2018-08-24;FRC;F25;;;3;699;122261615.0;;;5.23;5.23;5.23;5.23;5.23;5.23;0.0;0.0
102712;573335;2018-08-24;FRC;N25;;;0;0;0.0;;;0.0;0.0;0.0;0.0;0.0;5.31;0.0;0.0
102713;573336;2018-08-24;FRC;F26;;;0;0;0.0;;;0.0;0.0;0.0;0.0;0.0;5.45;0.0;0.0
102714;573337;2018-08-24;FRC;N26;;;0;0;0.0;;;0.0;0.0;0.0;0.0;0.0;5.57;0.0;0.0
102715;573338;2018-08-24;FRC;F27;;;0;0;0.0;;;0.0;0.0;0.0;0.0;0.0;5.66;0.0;0.0
102716;573339;2018-08-24;FRC;F28;;;0;0;0.0;;;0.0;0.0;0.0;0.0;0.0;5.85;0.0;0.0
102717;573340;2018-08-24;FRC;F29;;;0;0;0.0;;;0.0;0.0;0.0;0.0;0.0;6.0;0.0;0.0
102718;573341;2018-08-24;FRC;F30;;;0;0;0.0;;;0.0;0.0;0.0;0.0;0.0;6.05;0.0;0.0
102719;573508;2018-08-27;FRC;V18;;;295;316529;64493607988.0;;;3.26;3.15;3.26;3.18;3.16;3.16;3.15;0.0
102720;573509;2018-08-27;FRC;X18;;;34;37292;7586208141.0;;;3.46;3.42;3.48;3.43;3.42;3.42;3.42;0.0
102721;573510;2018-08-27;FRC;Z18;;;42;18918;3842617577.0;;;3.47;3.39;3.47;3.43;3.39;3.39;0.0;0.0
102722;573511;2018-08-27;FRC;F19;;;18;15308;3103893005.0;;;3.64;3.62;3.64;3.62;3.62;3.62;0.0;0.0
102723;573512;2018-08-27;FRC;G19;;;15;7935;1605889346.0;;;3.8;3.8;3.8;3.8;3.8;3.8;3.79;0.0
102724;573513;2018-08-27;FRC;H19;;;6;1386;279926586.0;;;4.03;4.02;4.03;4.02;4.02;3.95;0.0;0.0
102725;573514;2018-08-27;FRC;J19;;;2;593;119569808.0;;;4.01;4.0;4.01;4.0;4.0;4.0;0.0;0.0
102726;573515;2018-08-27;FRC;K19;;;0;0;0.0;;;0.0;0.0;0.0;0.0;0.0;4.12;0.0;0.0
102727;573516;2018-08-27;FRC;M19;;;2;394;79090817.0;;;4.27;4.27;4.27;4.27;4.27;4.27;0.0;0.0
102728;573517;2018-08-27;FRC;N19;;;8;3534;707938202.0;;;4.37;4.37;4.37;4.37;4.37;4.37;0.0;0.0
102729;573518;2018-08-27;FRC;Q19;;;0;0;0.0;;;0.0;0.0;0.0;0.0;0.0;4.44;0.0;0.0
102730;573519;2018-08-27;FRC;V19;;;15;6251;1244470698.0;;;4.49;4.49;4.51;4.5;4.51;4.51;0.0;0.0
102731;573520;2018-08-27;FRC;F20;;;27;10671;2110725949.0;;;4.64;4.62;4.64;4.62;4.62;4.62;0.0;0.0
102732;573521;2018-08-27;FRC;J20;;;0;0;0.0;;;0.0;0.0;0.0;0.0;0.0;4.69;0.0;0.0
102733;573522;2018-08-27;FRC;N20;;;15;5376;1050675600.0;;;4.72;4.72;4.72;4.72;4.72;4.72;0.0;0.0
102734;573523;2018-08-27;FRC;V20;;;0;0;0.0;;;0.0;0.0;0.0;0.0;0.0;4.75;0.0;0.0
102735;573524;2018-08-27;FRC;F21;;;7;2089;403268153.0;;;4.78;4.78;4.78;4.78;4.78;4.78;0.0;4.78
102736;573525;2018-08-27;FRC;J21;;;0;0;0.0;;;0.0;0.0;0.0;0.0;0.0;4.8;0.0;0.0
102737;573526;2018-08-27;FRC;N21;;;0;0;0.0;;;0.0;0.0;0.0;0.0;0.0;4.8;0.0;0.0
102738;573527;2018-08-27;FRC;V21;;;0;0;0.0;;;0.0;0.0;0.0;0.0;0.0;4.81;0.0;0.0
102739;573528;2018-08-27;FRC;F22;;;0;0;0.0;;;0.0;0.0;0.0;0.0;0.0;4.84;0.0;0.0
102740;573529;2018-08-27;FRC;J22;;;0;0;0.0;;;0.0;0.0;0.0;0.0;0.0;4.87;0.0;0.0
102741;573530;2018-08-27;FRC;N22;;;0;0;0.0;;;0.0;0.0;0.0;0.0;0.0;4.86;0.0;0.0
102742;573531;2018-08-27;FRC;V22;;;0;0;0.0;;;0.0;0.0;0.0;0.0;0.0;4.87;0.0;0.0
102743;573532;2018-08-27;FRC;F23;;;12;2550;469692999.0;;;4.92;4.88;4.92;4.88;4.88;4.88;0.0;0.0
102744;573533;2018-08-27;FRC;J23;;;0;0;0.0;;;0.0;0.0;0.0;0.0;0.0;4.94;0.0;0.0
102745;573534;2018-08-27;FRC;N23;;;0;0;0.0;;;0.0;0.0;0.0;0.0;0.0;4.97;0.0;0.0
102746;573535;2018-08-27;FRC;F24;;;2;358;64316783.0;;;5.02;5.02;5.02;5.02;5.02;5.02;0.0;0.0
102747;573536;2018-08-27;FRC;N24;;;0;0;0.0;;;0.0;0.0;0.0;0.0;0.0;5.05;0.0;0.0
102748;573537;2018-08-27;FRC;F25;;;2;297;51900731.0;;;5.2;5.2;5.2;5.2;5.2;5.2;0.0;0.0
102749;573538;2018-08-27;FRC;N25;;;0;0;0.0;;;0.0;0.0;0.0;0.0;0.0;5.28;0.0;0.0
102750;573539;2018-08-27;FRC;F26;;;0;0;0.0;;;0.0;0.0;0.0;0.0;0.0;5.4;0.0;0.0
102751;573540;2018-08-27;FRC;N26;;;0;0;0.0;;;0.0;0.0;0.0;0.0;0.0;5.5;0.0;0.0
102752;573541;2018-08-27;FRC;F27;;;2;420;69225386.0;;;5.63;5.63;5.63;5.63;5.63;5.63;0.0;0.0
102753;573542;2018-08-27;FRC;F28;;;0;0;0.0;;;0.0;0.0;0.0;0.0;0.0;5.82;0.0;0.0
102754;573543;2018-08-27;FRC;F29;;;0;0;0.0;;;0.0;0.0;0.0;0.0;0.0;5.97;0.0;0.0
102755;573544;2018-08-27;FRC;F30;;;0;0;0.0;;;0.0;0.0;0.0;0.0;0.0;6.02;0.0;0.0
102756;573714;2018-08-28;FRC;V18;;;387;547130;112017686540.0;;;3.16;3.0;3.16;3.06;3.07;3.06;3.06;3.08
102757;573715;2018-08-28;FRC;X18;;;59;36242;7408392718.0;;;3.4;3.34;3.4;3.35;3.35;3.35;0.0;3.38
102758;573716;2018-08-28;FRC;Z18;;;14;13267;2708038394.0;;;3.36;3.32;3.36;3.33;3.32;3.32;3.31;0.0
102759;573717;2018-08-28;FRC;F19;;;54;31692;6457454571.0;;;3.58;3.53;3.6;3.55;3.55;3.53;3.53;3.56
102760;573718;2018-08-28;FRC;G19;;;11;12503;2543019509.0;;;3.7;3.7;3.7;3.7;3.7;3.7;3.7;0.0
102761;573719;2018-08-28;FRC;H19;;;11;14066;2855685362.0;;;3.86;3.86;3.86;3.86;3.86;3.86;0.0;0.0
102762;573720;2018-08-28;FRC;J19;;;7;2178;441358623.0;;;3.94;3.94;3.94;3.94;3.94;3.94;0.0;0.0
102763;573721;2018-08-28;FRC;K19;;;0;0;0.0;;;0.0;0.0;0.0;0.0;0.0;4.07;0.0;0.0
102764;573722;2018-08-28;FRC;M19;;;3;492;99247589.0;;;4.25;4.23;4.25;4.23;4.23;4.23;0.0;0.0
102765;573723;2018-08-28;FRC;N19;;;7;3361;676560271.0;;;4.38;4.33;4.38;4.35;4.33;4.33;0.0;0.0
102766;573724;2018-08-28;FRC;Q19;;;0;0;0.0;;;0.0;0.0;0.0;0.0;0.0;4.41;0.0;0.0
102767;573725;2018-08-28;FRC;V19;;;22;17189;3438563434.0;;;4.51;4.49;4.51;4.5;4.49;4.49;0.0;4.5
102768;573726;2018-08-28;FRC;F20;;;31;22244;4421383429.0;;;4.61;4.6;4.63;4.61;4.61;4.61;4.6;4.62
102769;573727;2018-08-28;FRC;J20;;;3;579;114396263.0;;;4.67;4.67;4.67;4.67;4.67;4.67;0.0;0.0
102770;573728;2018-08-28;FRC;N20;;;5;1152;226243421.0;;;4.71;4.71;4.71;4.71;4.71;4.71;0.0;0.0
102771;573729;2018-08-28;FRC;V20;;;4;9486;1851164290.0;;;4.77;4.77;4.77;4.77;4.77;4.74;0.0;0.0
102772;573730;2018-08-28;FRC;F21;;;21;5698;1105352674.0;;;4.76;4.76;4.78;4.77;4.77;4.77;0.0;0.0
102773;573731;2018-08-28;FRC;J21;;;6;1134;218717527.0;;;4.8;4.8;4.8;4.8;4.8;4.8;0.0;0.0
102774;573732;2018-08-28;FRC;N21;;;4;752;144215097.0;;;4.8;4.8;4.8;4.8;4.8;4.8;0.0;0.0
102775;573733;2018-08-28;FRC;V21;;;1;187;35646995.0;;;4.82;4.82;4.82;4.82;4.82;4.82;0.0;0.0
102776;573734;2018-08-28;FRC;F22;;;1;186;35233986.0;;;4.85;4.85;4.85;4.85;4.85;4.85;0.0;0.0
102777;573735;2018-08-28;FRC;J22;;;0;0;0.0;;;0.0;0.0;0.0;0.0;0.0;4.88;0.0;0.0
102778;573736;2018-08-28;FRC;N22;;;1;184;34455320.0;;;4.87;4.87;4.87;4.87;4.87;4.87;0.0;0.0
102779;573737;2018-08-28;FRC;V22;;;0;0;0.0;;;0.0;0.0;0.0;0.0;0.0;4.89;0.0;0.0
102780;573738;2018-08-28;FRC;F23;;;25;7961;1472876076.0;;;4.88;4.88;4.92;4.9;4.92;4.91;0.0;0.0
102781;573739;2018-08-28;FRC;J23;;;0;0;0.0;;;0.0;0.0;0.0;0.0;0.0;4.97;0.0;0.0
102782;573740;2018-08-28;FRC;N23;;;0;0;0.0;;;0.0;0.0;0.0;0.0;0.0;5.0;0.0;0.0
102783;573741;2018-08-28;FRC;F24;;;7;2396;432394928.0;;;5.02;5.02;5.04;5.02;5.04;5.04;0.0;0.0
102784;573742;2018-08-28;FRC;N24;;;2;1416;252480630.0;;;5.06;5.06;5.06;5.06;5.06;5.07;0.0;0.0
102785;573743;2018-08-28;FRC;F25;;;4;419;73531040.0;;;5.2;5.2;5.22;5.21;5.22;5.22;0.0;0.0
102786;573744;2018-08-28;FRC;N25;;;2;4328;749520623.0;;;5.3;5.3;5.3;5.3;5.3;5.3;0.0;0.0
102787;573745;2018-08-28;FRC;F26;;;3;685;116844728.0;;;5.42;5.42;5.42;5.42;5.42;5.43;0.0;0.0
102788;573746;2018-08-28;FRC;N26;;;0;0;0.0;;;0.0;0.0;0.0;0.0;0.0;5.53;0.0;0.0
102789;573747;2018-08-28;FRC;F27;;;1;168;27791564.0;;;5.67;5.67;5.67;5.67;5.67;5.67;0.0;0.0
102790;573748;2018-08-28;FRC;F28;;;0;0;0.0;;;0.0;0.0;0.0;0.0;0.0;5.86;0.0;0.0
102791;573749;2018-08-28;FRC;F29;;;0;0;0.0;;;0.0;0.0;0.0;0.0;0.0;6.01;0.0;0.0
102792;573750;2018-08-28;FRC;F30;;;0;0;0.0;;;0.0;0.0;0.0;0.0;0.0;6.06;0.0;0.0
102793;573920;2018-08-29;FRC;V18;;;267;401667;82677479316.0;;;2.94;2.83;2.95;2.9;2.88;2.91;2.83;2.89
102794;573921;2018-08-29;FRC;X18;;;104;29969;6159116523.0;;;3.25;3.25;3.27;3.25;3.26;3.26;3.12;3.23
102795;573922;2018-08-29;FRC;Z18;;;12;16054;3294645838.0;;;3.26;3.24;3.26;3.24;3.24;3.24;3.19;3.25
102796;573923;2018-08-29;FRC;F19;;;60;68230;13978573583.0;;;3.45;3.44;3.49;3.44;3.44;3.44;3.39;3.44
102797;573924;2018-08-29;FRC;G19;;;32;24230;4955182259.0;;;3.63;3.62;3.63;3.62;3.62;3.62;3.58;3.61
102798;573925;2018-08-29;FRC;H19;;;14;10739;2192352473.0;;;3.86;3.76;3.86;3.76;3.76;3.76;0.0;0.0
102799;573926;2018-08-29;FRC;J19;;;11;7992;1628503790.0;;;3.88;3.85;3.88;3.85;3.85;3.85;0.0;0.0
102800;573927;2018-08-29;FRC;K19;;;0;0;0.0;;;0.0;0.0;0.0;0.0;0.0;3.98;0.0;0.0
102801;573928;2018-08-29;FRC;M19;;;0;0;0.0;;;0.0;0.0;0.0;0.0;0.0;4.15;0.0;0.0
102802;573929;2018-08-29;FRC;N19;;;27;16727;3386160234.0;;;4.29;4.25;4.29;4.27;4.25;4.25;0.0;4.23
102803;573930;2018-08-29;FRC;Q19;;;3;4315;871627396.0;;;4.35;4.34;4.35;4.34;4.34;4.34;0.0;0.0
102804;573931;2018-08-29;FRC;V19;;;17;3239;651634332.0;;;4.45;4.41;4.45;4.42;4.41;4.41;0.0;0.0
102805;573932;2018-08-29;FRC;F20;;;50;20403;4078737616.0;;;4.56;4.51;4.58;4.54;4.51;4.53;4.49;4.53
102806;573933;2018-08-29;FRC;J20;;;0;0;0.0;;;0.0;0.0;0.0;0.0;0.0;4.59;0.0;0.0
102807;573934;2018-08-29;FRC;N20;;;10;2880;568954078.0;;;4.64;4.64;4.64;4.64;4.64;4.64;0.0;0.0
102808;573935;2018-08-29;FRC;V20;;;0;0;0.0;;;0.0;0.0;0.0;0.0;0.0;4.68;0.0;0.0
102809;573936;2018-08-29;FRC;F21;;;13;3325;648776326.0;;;4.74;4.71;4.74;4.72;4.72;4.72;0.0;0.0
102810;573937;2018-08-29;FRC;J21;;;0;0;0.0;;;0.0;0.0;0.0;0.0;0.0;4.75;0.0;0.0
102811;573938;2018-08-29;FRC;N21;;;0;0;0.0;;;0.0;0.0;0.0;0.0;0.0;4.75;0.0;0.0
102812;573939;2018-08-29;FRC;V21;;;0;0;0.0;;;0.0;0.0;0.0;0.0;0.0;4.77;0.0;0.0
102813;573940;2018-08-29;FRC;F22;;;3;465;88616899.0;;;4.8;4.8;4.8;4.8;4.8;4.8;0.0;4.79
102814;573941;2018-08-29;FRC;J22;;;0;0;0.0;;;0.0;0.0;0.0;0.0;0.0;4.83;0.0;0.0
102815;573942;2018-08-29;FRC;N22;;;1;184;34661098.0;;;4.83;4.83;4.83;4.83;4.83;4.83;0.0;0.0
102816;573943;2018-08-29;FRC;V22;;;0;0;0.0;;;0.0;0.0;0.0;0.0;0.0;4.85;0.0;0.0
102817;573944;2018-08-29;FRC;F23;;;9;3830;713087715.0;;;4.85;4.85;4.87;4.85;4.86;4.87;4.85;4.87
102818;573945;2018-08-29;FRC;J23;;;0;0;0.0;;;0.0;0.0;0.0;0.0;0.0;4.93;0.0;0.0
102819;573946;2018-08-29;FRC;N23;;;0;0;0.0;;;0.0;0.0;0.0;0.0;0.0;4.96;0.0;0.0
102820;573947;2018-08-29;FRC;F24;;;4;894;162282375.0;;;5.0;5.0;5.0;5.0;5.0;5.0;0.0;0.0
102821;573948;2018-08-29;FRC;N24;;;0;0;0.0;;;0.0;0.0;0.0;0.0;0.0;5.02;0.0;0.0
102822;573949;2018-08-29;FRC;F25;;;0;0;0.0;;;0.0;0.0;0.0;0.0;0.0;5.16;0.0;0.0
102823;573950;2018-08-29;FRC;N25;;;0;0;0.0;;;0.0;0.0;0.0;0.0;0.0;5.24;0.0;0.0
102824;573951;2018-08-29;FRC;F26;;;0;0;0.0;;;0.0;0.0;0.0;0.0;0.0;5.36;5.35;0.0
102825;573952;2018-08-29;FRC;N26;;;0;0;0.0;;;0.0;0.0;0.0;0.0;0.0;5.47;0.0;0.0
102826;573953;2018-08-29;FRC;F27;;;1;168;27978330.0;;;5.62;5.62;5.62;5.62;5.62;5.62;0.0;0.0
102827;573954;2018-08-29;FRC;F28;;;0;0;0.0;;;0.0;0.0;0.0;0.0;0.0;5.81;0.0;0.0
102828;573955;2018-08-29;FRC;F29;;;0;0;0.0;;;0.0;0.0;0.0;0.0;0.0;5.96;0.0;0.0
102829;573956;2018-08-29;FRC;F30;;;0;0;0.0;;;0.0;0.0;0.0;0.0;0.0;6.01;0.0;0.0
102830;574129;2018-08-30;FRC;X18;;;8;8586;1775263803.0;;;3.55;3.55;3.55;3.55;3.55;3.55;0.0;0.0
102831;574130;2018-08-30;FRC;Z18;;;33;52446;10829493489.0;;;3.3;3.3;3.42;3.36;3.42;3.42;3.42;0.0
102832;574131;2018-08-30;FRC;F19;;;45;22731;4684940433.0;;;3.59;3.59;3.67;3.63;3.65;3.65;0.0;0.0
102833;574132;2018-08-30;FRC;G19;;;11;9141;1880363704.0;;;3.84;3.84;3.84;3.84;3.84;3.84;0.0;0.0
102834;574133;2018-08-30;FRC;H19;;;19;13884;2850453996.0;;;4.03;4.03;4.03;4.03;4.03;4.03;0.0;0.0
102835;574134;2018-08-30;FRC;J19;;;25;15642;3204955664.0;;;4.13;4.13;4.13;4.13;4.13;4.13;0.0;0.0
102836;574135;2018-08-30;FRC;K19;;;8;2373;485159385.0;;;4.26;4.26;4.26;4.26;4.26;4.26;0.0;0.0
102837;574136;2018-08-30;FRC;M19;;;6;1773;361601055.0;;;4.41;4.41;4.41;4.41;4.41;4.41;0.0;0.0
102838;574137;2018-08-30;FRC;N19;;;13;4897;996705025.0;;;4.41;4.41;4.5;4.49;4.5;4.5;0.0;0.0
102839;574138;2018-08-30;FRC;Q19;;;15;9463;1921943047.0;;;4.55;4.55;4.55;4.55;4.55;4.55;0.0;0.0
102840;574139;2018-08-30;FRC;V19;;;15;8803;1780815231.0;;;4.59;4.59;4.59;4.59;4.59;4.59;4.61;0.0
102841;574140;2018-08-30;FRC;F20;;;26;14963;3007319464.0;;;4.62;4.62;4.76;4.7;4.71;4.72;0.0;0.0
102842;574141;2018-08-30;FRC;J20;;;5;1216;242876879.0;;;4.77;4.77;4.78;4.77;4.78;4.77;0.0;0.0
102843;574142;2018-08-30;FRC;N20;;;6;1210;240186766.0;;;4.82;4.82;4.83;4.82;4.83;4.82;0.0;0.0
102844;574143;2018-08-30;FRC;V20;;;0;0;0.0;;;0.0;0.0;0.0;0.0;0.0;4.85;0.0;0.0
102845;574144;2018-08-30;FRC;F21;;;25;16032;3142404700.0;;;4.85;4.85;4.89;4.88;4.89;4.89;0.0;0.0
102846;574145;2018-08-30;FRC;J21;;;0;0;0.0;;;0.0;0.0;0.0;0.0;0.0;4.93;0.0;0.0
102847;574146;2018-08-30;FRC;N21;;;4;752;145660448.0;;;4.93;4.93;4.93;4.93;4.93;4.93;0.0;0.0
102848;574147;2018-08-30;FRC;V21;;;0;0;0.0;;;0.0;0.0;0.0;0.0;0.0;4.93;0.0;0.0
102849;574148;2018-08-30;FRC;F22;;;6;1488;284872594.0;;;4.92;4.92;4.92;4.92;4.92;4.92;0.0;0.0
102850;574149;2018-08-30;FRC;J22;;;0;0;0.0;;;0.0;0.0;0.0;0.0;0.0;4.95;0.0;0.0
102851;574150;2018-08-30;FRC;N22;;;0;0;0.0;;;0.0;0.0;0.0;0.0;0.0;4.95;0.0;0.0
102852;574151;2018-08-30;FRC;V22;;;0;0;0.0;;;0.0;0.0;0.0;0.0;0.0;4.96;0.0;0.0
102853;574152;2018-08-30;FRC;F23;;;7;1274;238152777.0;;;4.97;4.97;4.97;4.97;4.97;4.97;0.0;0.0
102854;574153;2018-08-30;FRC;J23;;;0;0;0.0;;;0.0;0.0;0.0;0.0;0.0;5.01;0.0;0.0
102855;574154;2018-08-30;FRC;N23;;;2;362;66876924.0;;;5.02;5.02;5.02;5.02;5.02;5.02;0.0;0.0
102856;574155;2018-08-30;FRC;F24;;;0;0;0.0;;;0.0;0.0;0.0;0.0;0.0;5.1;0.0;0.0
102857;574156;2018-08-30;FRC;N24;;;0;0;0.0;;;0.0;0.0;0.0;0.0;0.0;5.15;0.0;0.0
102858;574157;2018-08-30;FRC;F25;;;11;6180;1097114726.0;;;5.24;5.24;5.24;5.24;5.24;5.24;0.0;5.25
102859;574158;2018-08-30;FRC;N25;;;0;0;0.0;;;0.0;0.0;0.0;0.0;0.0;5.31;0.0;0.0
102860;574159;2018-08-30;FRC;F26;;;2;514;88684495.0;;;5.43;5.43;5.43;5.43;5.43;5.43;0.0;0.0
102861;574160;2018-08-30;FRC;N26;;;0;0;0.0;;;0.0;0.0;0.0;0.0;0.0;5.54;0.0;0.0
102862;574161;2018-08-30;FRC;F27;;;0;0;0.0;;;0.0;0.0;0.0;0.0;0.0;5.69;0.0;0.0
102863;574162;2018-08-30;FRC;F28;;;0;0;0.0;;;0.0;0.0;0.0;0.0;0.0;5.88;0.0;0.0
102864;574163;2018-08-30;FRC;F29;;;0;0;0.0;;;0.0;0.0;0.0;0.0;0.0;6.03;0.0;0.0
102865;574164;2018-08-30;FRC;F30;;;0;0;0.0;;;0.0;0.0;0.0;0.0;0.0;6.08;0.0;0.0
102866;574340;2018-08-31;FRC;X18;;;42;50928;10456188037.0;;;3.49;3.37;3.49;3.41;3.37;3.37;0.0;3.39
102867;574341;2018-08-31;FRC;Z18;;;14;19742;4047917687.0;;;3.34;3.27;3.34;3.27;3.27;3.27;0.0;0.0
102868;574342;2018-08-31;FRC;F19;;;35;71319;14599352095.0;;;3.44;3.44;3.44;3.44;3.44;3.44;3.44;3.47
102869;574343;2018-08-31;FRC;G19;;;24;42557;8695550196.0;;;3.84;3.64;3.84;3.64;3.64;3.64;3.63;0.0
102870;574344;2018-08-31;FRC;H19;;;8;3393;691945444.0;;;4.03;3.85;4.03;3.85;3.85;3.85;0.0;0.0
102871;574345;2018-08-31;FRC;J19;;;15;6930;1410455216.0;;;3.97;3.97;3.97;3.97;3.97;3.97;0.0;3.98
102872;574346;2018-08-31;FRC;K19;;;8;2175;441722848.0;;;4.11;4.11;4.11;4.11;4.11;4.11;0.0;0.0
102873;574347;2018-08-31;FRC;M19;;;0;0;0.0;;;0.0;0.0;0.0;0.0;0.0;4.28;0.0;0.0
102874;574348;2018-08-31;FRC;N19;;;18;9646;1950124300.0;;;4.42;4.39;4.42;4.39;4.39;4.39;0.0;4.4
102875;574349;2018-08-31;FRC;Q19;;;5;980;197717299.0;;;4.44;4.44;4.44;4.44;4.44;4.44;0.0;0.0
102876;574350;2018-08-31;FRC;U19;;;0;0;0.0;;;0.0;0.0;0.0;0.0;0.0;4.46;0.0;0.0
102877;574351;2018-08-31;FRC;V19;;;11;6653;1337066570.0;;;4.48;4.48;4.48;4.48;4.48;4.48;0.0;0.0
102878;574352;2018-08-31;FRC;F20;;;13;3300;658895145.0;;;4.67;4.6;4.67;4.61;4.6;4.61;0.0;0.0
102879;574353;2018-08-31;FRC;J20;;;6;1934;383881009.0;;;4.66;4.66;4.66;4.66;4.66;4.66;0.0;0.0
102880;574354;2018-08-31;FRC;N20;;;6;1924;379547641.0;;;4.72;4.72;4.72;4.72;4.72;4.72;0.0;0.0
102881;574355;2018-08-31;FRC;V20;;;3;573;112336488.0;;;4.76;4.76;4.76;4.76;4.76;4.76;0.0;0.0
102882;574356;2018-08-31;FRC;F21;;;2;855;166591823.0;;;4.78;4.78;4.78;4.78;4.78;4.8;0.0;0.0
102883;574357;2018-08-31;FRC;J21;;;0;0;0.0;;;0.0;0.0;0.0;0.0;0.0;4.84;0.0;0.0
102884;574358;2018-08-31;FRC;N21;;;3;752;144806479.0;;;4.83;4.83;4.83;4.83;4.83;4.83;0.0;0.0
102885;574359;2018-08-31;FRC;V21;;;0;0;0.0;;;0.0;0.0;0.0;0.0;0.0;4.84;0.0;0.0
102886;574360;2018-08-31;FRC;F22;;;2;372;70783958.0;;;4.85;4.85;4.85;4.85;4.85;4.85;0.0;0.0
102887;574361;2018-08-31;FRC;J22;;;0;0;0.0;;;0.0;0.0;0.0;0.0;0.0;4.87;0.0;0.0
102888;574362;2018-08-31;FRC;N22;;;0;0;0.0;;;0.0;0.0;0.0;0.0;0.0;4.86;0.0;0.0
102889;574363;2018-08-31;FRC;V22;;;0;0;0.0;;;0.0;0.0;0.0;0.0;0.0;4.86;0.0;0.0
102890;574364;2018-08-31;FRC;F23;;;5;1954;363488519.0;;;4.87;4.86;4.87;4.86;4.87;4.87;0.0;0.0
102891;574365;2018-08-31;FRC;J23;;;0;0;0.0;;;0.0;0.0;0.0;0.0;0.0;4.92;0.0;0.0
102892;574366;2018-08-31;FRC;N23;;;2;362;66502758.0;;;4.94;4.94;4.94;4.94;4.94;4.94;0.0;0.0
102893;574367;2018-08-31;FRC;F24;;;6;1789;324360252.0;;;5.0;5.0;5.04;5.01;5.04;5.0;0.0;0.0
102894;574368;2018-08-31;FRC;N24;;;0;0;0.0;;;0.0;0.0;0.0;0.0;0.0;5.07;0.0;0.0
102895;574369;2018-08-31;FRC;F25;;;8;1751;309093558.0;;;5.18;5.18;5.18;5.18;5.18;5.18;0.0;0.0
102896;574370;2018-08-31;FRC;N25;;;0;0;0.0;;;0.0;0.0;0.0;0.0;0.0;5.25;0.0;0.0
102897;574371;2018-08-31;FRC;F26;;;1;172;29510175.0;;;5.4;5.4;5.4;5.4;5.4;5.37;0.0;0.0
102898;574372;2018-08-31;FRC;N26;;;1;51;8620198.0;;;5.51;5.51;5.51;5.51;5.51;5.48;0.0;0.0
102899;574373;2018-08-31;FRC;F27;;;0;0;0.0;;;0.0;0.0;0.0;0.0;0.0;5.63;0.0;0.0
102900;574374;2018-08-31;FRC;F28;;;0;0;0.0;;;0.0;0.0;0.0;0.0;0.0;5.82;0.0;0.0
102901;574375;2018-08-31;FRC;F29;;;0;0;0.0;;;0.0;0.0;0.0;0.0;0.0;5.97;0.0;0.0
102902;574376;2018-08-31;FRC;F30;;;0;0;0.0;;;0.0;0.0;0.0;0.0;0.0;6.02;0.0;0.0
102903;574552;2018-09-03;FRC;X18;;;16;26443;5452319601.0;;;3.37;3.37;3.44;3.43;3.44;3.44;0.0;0.0
102904;574553;2018-09-03;FRC;Z18;;;11;13540;2787934090.0;;;3.27;3.27;3.34;3.33;3.34;3.34;3.33;0.0
102905;574554;2018-09-03;FRC;F19;;;8;13777;2831981716.0;;;3.46;3.46;3.52;3.51;3.52;3.52;0.0;0.0
102906;574555;2018-09-03;FRC;G19;;;2;656;134613665.0;;;3.64;3.64;3.73;3.64;3.73;3.73;0.0;0.0
102907;574556;2018-09-03;FRC;H19;;;7;3372;690514026.0;;;3.85;3.85;3.94;3.91;3.94;3.94;0.0;0.0
102908;574557;2018-09-03;FRC;J19;;;2;614;125497502.0;;;3.97;3.97;4.06;3.99;4.06;4.06;4.03;0.0
102909;574558;2018-09-03;FRC;K19;;;1;198;40376584.0;;;4.19;4.19;4.19;4.19;4.19;4.19;0.0;0.0
102910;574559;2018-09-03;FRC;M19;;;2;118;24003288.0;;;4.41;4.28;4.41;4.34;4.28;4.36;0.0;0.0
102911;574560;2018-09-03;FRC;N19;;;9;3482;706805399.0;;;4.39;4.39;4.47;4.46;4.47;4.47;0.0;0.0
102912;574561;2018-09-03;FRC;Q19;;;1;982;198903643.0;;;4.53;4.53;4.53;4.53;4.53;4.52;0.0;0.0
102913;574562;2018-09-03;FRC;U19;;;0;0;0.0;;;0.0;0.0;0.0;0.0;0.0;4.58;0.0;0.0
102914;574563;2018-09-03;FRC;V19;;;2;352;71023566.0;;;4.48;4.48;4.56;4.54;4.56;4.56;0.0;0.0
102915;574564;2018-09-03;FRC;F20;;;14;5480;1098413796.0;;;4.6;4.6;4.69;4.68;4.69;4.69;0.0;0.0
102916;574565;2018-09-03;FRC;J20;;;0;0;0.0;;;0.0;0.0;0.0;0.0;0.0;4.74;0.0;0.0
102917;574566;2018-09-03;FRC;N20;;;2;154;30512544.0;;;4.72;4.72;4.72;4.72;4.72;4.8;0.0;0.0
102918;574567;2018-09-03;FRC;V20;;;2;38;7480146.0;;;4.76;4.76;4.76;4.76;4.76;4.83;0.0;0.0
102919;574568;2018-09-03;FRC;F21;;;18;15751;3079910073.0;;;4.78;4.78;4.86;4.85;4.86;4.86;0.0;0.0
102920;574569;2018-09-03;FRC;J21;;;0;0;0.0;;;0.0;0.0;0.0;0.0;0.0;4.9;0.0;0.0
102921;574570;2018-09-03;FRC;N21;;;0;0;0.0;;;0.0;0.0;0.0;0.0;0.0;4.89;0.0;0.0
102922;574571;2018-09-03;FRC;V21;;;0;0;0.0;;;0.0;0.0;0.0;0.0;0.0;4.9;0.0;0.0
102923;574572;2018-09-03;FRC;F22;;;17;11905;2273157829.0;;;4.85;4.85;4.91;4.9;4.91;4.91;0.0;0.0
102924;574573;2018-09-03;FRC;J22;;;0;0;0.0;;;0.0;0.0;0.0;0.0;0.0;4.94;0.0;0.0
102925;574574;2018-09-03;FRC;N22;;;3;737;139153726.0;;;4.91;4.91;4.91;4.91;4.91;4.91;0.0;0.0
102926;574575;2018-09-03;FRC;V22;;;1;183;34333109.0;;;4.93;4.93;4.93;4.93;4.93;4.93;0.0;0.0
102927;574576;2018-09-03;FRC;F23;;;16;7059;1317518146.0;;;4.87;4.87;4.92;4.91;4.92;4.92;4.9;0.0
102928;574577;2018-09-03;FRC;J23;;;0;0;0.0;;;0.0;0.0;0.0;0.0;0.0;4.98;0.0;0.0
102929;574578;2018-09-03;FRC;N23;;;0;0;0.0;;;0.0;0.0;0.0;0.0;0.0;5.01;0.0;0.0
102930;574579;2018-09-03;FRC;F24;;;3;72;13121505.0;;;5.04;5.0;5.04;5.02;5.0;5.1;0.0;0.0
102931;574580;2018-09-03;FRC;N24;;;0;0;0.0;;;0.0;0.0;0.0;0.0;0.0;5.15;0.0;0.0
102932;574581;2018-09-03;FRC;F25;;;2;106;18819825.0;;;5.18;5.18;5.18;5.18;5.18;5.24;0.0;0.0
102933;574582;2018-09-03;FRC;N25;;;2;693;121055996.0;;;5.31;5.31;5.31;5.31;5.31;5.3;0.0;0.0
102934;574583;2018-09-03;FRC;F26;;;0;0;0.0;;;0.0;0.0;0.0;0.0;0.0;5.4;0.0;0.0
102935;574584;2018-09-03;FRC;N26;;;0;0;0.0;;;0.0;0.0;0.0;0.0;0.0;5.51;0.0;0.0
102936;574585;2018-09-03;FRC;F27;;;4;521;86978266.0;;;5.63;5.63;5.66;5.65;5.66;5.66;0.0;0.0
102937;574586;2018-09-03;FRC;F28;;;0;0;0.0;;;0.0;0.0;0.0;0.0;0.0;5.85;0.0;0.0
102938;574587;2018-09-03;FRC;F29;;;0;0;0.0;;;0.0;0.0;0.0;0.0;0.0;6.0;0.0;0.0
102939;574588;2018-09-03;FRC;F30;;;0;0;0.0;;;0.0;0.0;0.0;0.0;0.0;6.05;0.0;0.0
102940;574760;2018-09-04;FRC;X18;;;28;13466;2778651106.0;;;3.44;3.4;3.44;3.41;3.4;3.4;3.4;0.0
102941;574761;2018-09-04;FRC;Z18;;;20;14620;3012564726.0;;;3.34;3.3;3.36;3.31;3.31;3.31;3.31;0.0
102942;574762;2018-09-04;FRC;F19;;;68;45384;9335458452.0;;;3.54;3.52;3.56;3.53;3.52;3.52;3.5;0.0
102943;574763;2018-09-04;FRC;G19;;;15;6042;1240558001.0;;;3.72;3.72;3.72;3.72;3.72;3.72;0.0;0.0
102944;574764;2018-09-04;FRC;H19;;;20;18707;3833546132.0;;;3.94;3.91;3.94;3.92;3.93;3.93;0.0;0.0
102945;574765;2018-09-04;FRC;J19;;;22;7901;1615947180.0;;;4.06;4.01;4.08;4.02;4.02;4.01;4.01;4.02
102946;574766;2018-09-04;FRC;K19;;;11;5574;1137544604.0;;;4.12;4.12;4.17;4.16;4.17;4.17;4.15;4.18
102947;574767;2018-09-04;FRC;M19;;;0;0;0.0;;;0.0;0.0;0.0;0.0;0.0;4.35;0.0;0.0
102948;574768;2018-09-04;FRC;N19;;;18;6904;1402487113.0;;;4.52;4.46;4.52;4.46;4.46;4.46;0.0;0.0
102949;574769;2018-09-04;FRC;Q19;;;0;0;0.0;;;0.0;0.0;0.0;0.0;0.0;4.51;0.0;0.0
102950;574770;2018-09-04;FRC;U19;;;5;1764;356806326.0;;;4.56;4.56;4.56;4.56;4.56;4.56;0.0;0.0
102951;574771;2018-09-04;FRC;V19;;;6;1195;241288490.0;;;4.62;4.56;4.62;4.56;4.56;4.56;0.0;0.0
102952;574772;2018-09-04;FRC;F20;;;25;25696;5154071095.0;;;4.7;4.67;4.73;4.69;4.67;4.67;0.0;0.0
102953;574773;2018-09-04;FRC;J20;;;0;0;0.0;;;0.0;0.0;0.0;0.0;0.0;4.72;0.0;0.0
102954;574774;2018-09-04;FRC;N20;;;10;8126;1609960822.0;;;4.81;4.78;4.81;4.8;4.78;4.78;0.0;0.0
102955;574775;2018-09-04;FRC;V20;;;0;0;0.0;;;0.0;0.0;0.0;0.0;0.0;4.81;0.0;0.0
102956;574776;2018-09-04;FRC;F21;;;8;6801;1330745077.0;;;4.86;4.84;4.86;4.85;4.84;4.84;0.0;0.0
102957;574777;2018-09-04;FRC;J21;;;1;189;36776240.0;;;4.86;4.86;4.86;4.86;4.86;4.86;0.0;0.0
102958;574778;2018-09-04;FRC;N21;;;0;0;0.0;;;0.0;0.0;0.0;0.0;0.0;4.85;0.0;0.0
102959;574779;2018-09-04;FRC;V21;;;0;0;0.0;;;0.0;0.0;0.0;0.0;0.0;4.86;0.0;0.0
102960;574780;2018-09-04;FRC;F22;;;10;4652;889428859.0;;;4.87;4.87;4.87;4.87;4.87;4.87;4.87;0.0
102961;574781;2018-09-04;FRC;J22;;;0;0;0.0;;;0.0;0.0;0.0;0.0;0.0;4.91;0.0;0.0
102962;574782;2018-09-04;FRC;N22;;;0;0;0.0;;;0.0;0.0;0.0;0.0;0.0;4.89;0.0;0.0
102963;574783;2018-09-04;FRC;V22;;;0;0;0.0;;;0.0;0.0;0.0;0.0;0.0;4.93;0.0;0.0
102964;574784;2018-09-04;FRC;F23;;;12;4740;885025141.0;;;4.92;4.92;4.93;4.92;4.93;4.93;0.0;0.0
102965;574785;2018-09-04;FRC;J23;;;0;0;0.0;;;0.0;0.0;0.0;0.0;0.0;4.99;0.0;0.0
102966;574786;2018-09-04;FRC;N23;;;0;0;0.0;;;0.0;0.0;0.0;0.0;0.0;5.02;0.0;0.0
102967;574787;2018-09-04;FRC;F24;;;3;715;130138383.0;;;5.07;5.07;5.07;5.07;5.07;5.1;0.0;0.0
102968;574788;2018-09-04;FRC;N24;;;0;0;0.0;;;0.0;0.0;0.0;0.0;0.0;5.15;0.0;0.0
102969;574789;2018-09-04;FRC;F25;;;5;736;130496613.0;;;5.22;5.2;5.23;5.21;5.2;5.24;0.0;0.0
102970;574790;2018-09-04;FRC;N25;;;0;0;0.0;;;0.0;0.0;0.0;0.0;0.0;5.3;0.0;0.0
102971;574791;2018-09-04;FRC;F26;;;0;0;0.0;;;0.0;0.0;0.0;0.0;0.0;5.4;0.0;0.0
102972;574792;2018-09-04;FRC;N26;;;0;0;0.0;;;0.0;0.0;0.0;0.0;0.0;5.51;0.0;0.0
102973;574793;2018-09-04;FRC;F27;;;0;0;0.0;;;0.0;0.0;0.0;0.0;0.0;5.66;0.0;0.0
102974;574794;2018-09-04;FRC;F28;;;0;0;0.0;;;0.0;0.0;0.0;0.0;0.0;5.85;0.0;0.0
102975;574795;2018-09-04;FRC;F29;;;0;0;0.0;;;0.0;0.0;0.0;0.0;0.0;6.0;0.0;0.0
102976;574796;2018-09-04;FRC;F30;;;0;0;0.0;;;0.0;0.0;0.0;0.0;0.0;6.05;0.0;0.0
102977;574967;2018-09-05;FRC;X18;;;36;18096;3739518505.0;;;3.37;3.37;3.44;3.42;3.44;3.44;0.0;0.0
102978;574968;2018-09-05;FRC;Z18;;;14;10966;2262978303.0;;;3.33;3.32;3.33;3.32;3.32;3.32;0.0;0.0
102979;574969;2018-09-05;FRC;F19;;;22;35457;7304447706.0;;;3.5;3.5;3.53;3.52;3.53;3.53;0.0;0.0
102980;574970;2018-09-05;FRC;G19;;;16;10930;2247467683.0;;;3.73;3.73;3.73;3.73;3.73;3.73;0.0;0.0
102981;574971;2018-09-05;FRC;H19;;;14;6744;1384062424.0;;;3.93;3.93;3.93;3.93;3.93;3.93;0.0;0.0
102982;574972;2018-09-05;FRC;J19;;;33;9029;1849562952.0;;;3.98;3.96;4.02;3.99;4.02;4.02;0.0;4.02
102983;574973;2018-09-05;FRC;K19;;;1;198;40468717.0;;;4.17;4.17;4.17;4.17;4.17;4.17;0.0;0.0
102984;574974;2018-09-05;FRC;M19;;;0;0;0.0;;;0.0;0.0;0.0;0.0;0.0;4.34;0.0;0.0
102985;574975;2018-09-05;FRC;N19;;;11;3600;732421040.0;;;4.45;4.43;4.47;4.45;4.45;4.45;0.0;0.0
102986;574976;2018-09-05;FRC;Q19;;;0;0;0.0;;;0.0;0.0;0.0;0.0;0.0;4.49;0.0;0.0
102987;574977;2018-09-05;FRC;U19;;;3;784;158848014.0;;;4.52;4.52;4.52;4.52;4.52;4.52;0.0;0.0
102988;574978;2018-09-05;FRC;V19;;;3;1585;320521873.0;;;4.55;4.52;4.55;4.54;4.52;4.53;0.0;0.0
102989;574979;2018-09-05;FRC;F20;;;22;13490;2710726072.0;;;4.67;4.63;4.67;4.64;4.64;4.64;4.64;0.0
102990;574980;2018-09-05;FRC;J20;;;6;1352;270055697.0;;;4.69;4.69;4.69;4.69;4.69;4.69;0.0;0.0
102991;574981;2018-09-05;FRC;N20;;;7;2516;499367398.0;;;4.78;4.76;4.78;4.76;4.76;4.76;0.0;0.0
102992;574982;2018-09-05;FRC;V20;;;9;2750;542552908.0;;;4.78;4.78;4.79;4.78;4.79;4.79;0.0;0.0
102993;574983;2018-09-05;FRC;F21;;;16;11628;2279090956.0;;;4.87;4.79;4.87;4.84;4.82;4.82;0.0;0.0
102994;574984;2018-09-05;FRC;J21;;;0;0;0.0;;;0.0;0.0;0.0;0.0;0.0;4.84;0.0;0.0
102995;574985;2018-09-05;FRC;N21;;;2;376;72869955.0;;;4.84;4.84;4.84;4.84;4.84;4.84;0.0;0.0
102996;574986;2018-09-05;FRC;V21;;;0;0;0.0;;;0.0;0.0;0.0;0.0;0.0;4.85;0.0;0.0
102997;574987;2018-09-05;FRC;F22;;;5;5285;1011560702.0;;;4.9;4.87;4.9;4.89;4.87;4.87;0.0;4.87
102998;574988;2018-09-05;FRC;J22;;;0;0;0.0;;;0.0;0.0;0.0;0.0;0.0;4.91;0.0;0.0
102999;574989;2018-09-05;FRC;N22;;;1;184;34820167.0;;;4.9;4.9;4.9;4.9;4.9;4.9;0.0;4.9
103000;574990;2018-09-05;FRC;V22;;;0;0;0.0;;;0.0;0.0;0.0;0.0;0.0;4.93;0.0;0.0
103001;574991;2018-09-05;FRC;F23;;;7;1640;306707083.0;;;4.92;4.92;4.92;4.92;4.92;4.92;4.9;4.92
103002;574992;2018-09-05;FRC;J23;;;0;0;0.0;;;0.0;0.0;0.0;0.0;0.0;4.98;0.0;0.0
103003;574993;2018-09-05;FRC;N23;;;0;0;0.0;;;0.0;0.0;0.0;0.0;0.0;5.01;0.0;0.0
103004;574994;2018-09-05;FRC;F24;;;0;0;0.0;;;0.0;0.0;0.0;0.0;0.0;5.08;0.0;5.08
103005;574995;2018-09-05;FRC;N24;;;0;0;0.0;;;0.0;0.0;0.0;0.0;0.0;5.12;0.0;0.0
103006;574996;2018-09-05;FRC;F25;;;3;1087;193129824.0;;;5.19;5.19;5.19;5.19;5.19;5.2;0.0;0.0
103007;574997;2018-09-05;FRC;N25;;;0;0;0.0;;;0.0;0.0;0.0;0.0;0.0;5.25;0.0;0.0
103008;574998;2018-09-05;FRC;F26;;;2;686;118468464.0;;;5.38;5.38;5.38;5.38;5.38;5.34;0.0;0.0
103009;574999;2018-09-05;FRC;N26;;;0;0;0.0;;;0.0;0.0;0.0;0.0;0.0;5.45;0.0;0.0
103010;575000;2018-09-05;FRC;F27;;;3;504;84373136.0;;;5.66;5.59;5.66;5.63;5.59;5.59;0.0;0.0
103011;575001;2018-09-05;FRC;F28;;;2;329;53404058.0;;;5.85;5.85;5.85;5.85;5.85;5.78;0.0;0.0
103012;575002;2018-09-05;FRC;F29;;;0;0;0.0;;;0.0;0.0;0.0;0.0;0.0;5.93;0.0;0.0
103013;575003;2018-09-05;FRC;F30;;;0;0;0.0;;;0.0;0.0;0.0;0.0;0.0;5.98;0.0;0.0
103014;575174;2018-09-06;FRC;X18;;;35;44429;9163674337.0;;;3.44;3.44;3.51;3.49;3.51;3.51;0.0;3.49
103015;575175;2018-09-06;FRC;Z18;;;14;9071;1868331834.0;;;3.35;3.33;3.37;3.36;3.37;3.37;0.0;3.37
103016;575176;2018-09-06;FRC;F19;;;12;15111;3107096873.0;;;3.53;3.53;3.56;3.55;3.54;3.54;3.48;0.0
103017;575177;2018-09-06;FRC;G19;;;4;1988;408022401.0;;;3.73;3.73;3.73;3.73;3.73;3.73;0.0;0.0
103018;575178;2018-09-06;FRC;H19;;;10;5257;1076916268.0;;;3.92;3.92;3.92;3.92;3.92;3.92;0.0;0.0
103019;575179;2018-09-06;FRC;J19;;;9;9603;1963486489.0;;;4.0;3.98;4.0;3.99;3.98;4.0;0.0;0.0
103020;575180;2018-09-06;FRC;K19;;;1;277;56504763.0;;;4.2;4.2;4.2;4.2;4.2;4.15;0.0;0.0
103021;575181;2018-09-06;FRC;M19;;;4;5342;1087165827.0;;;4.34;4.32;4.34;4.33;4.32;4.32;0.0;0.0
103022;575182;2018-09-06;FRC;N19;;;8;4899;994944296.0;;;4.45;4.43;4.45;4.43;4.43;4.43;0.0;0.0
103023;575183;2018-09-06;FRC;Q19;;;2;1198;242790467.0;;;4.49;4.47;4.49;4.48;4.47;4.47;0.0;0.0
103024;575184;2018-09-06;FRC;U19;;;3;2979;602469317.0;;;4.52;4.51;4.52;4.51;4.51;4.51;0.0;0.0
103025;575185;2018-09-06;FRC;V19;;;11;6164;1244208475.0;;;4.53;4.53;4.57;4.54;4.57;4.57;0.0;0.0
103026;575186;2018-09-06;FRC;F20;;;19;11467;2299908854.0;;;4.65;4.64;4.65;4.64;4.65;4.65;0.0;0.0
103027;575187;2018-09-06;FRC;J20;;;3;657;130992112.0;;;4.69;4.69;4.7;4.69;4.7;4.7;0.0;0.0
103028;575188;2018-09-06;FRC;N20;;;4;768;152144375.0;;;4.77;4.77;4.77;4.77;4.77;4.77;0.0;0.0
103029;575189;2018-09-06;FRC;V20;;;4;764;150431240.0;;;4.8;4.8;4.8;4.8;4.8;4.8;0.0;0.0
103030;575190;2018-09-06;FRC;F21;;;7;4256;832681538.0;;;4.82;4.82;4.84;4.83;4.84;4.84;0.0;0.0
103031;575191;2018-09-06;FRC;J21;;;0;0;0.0;;;0.0;0.0;0.0;0.0;0.0;4.86;0.0;0.0
103032;575192;2018-09-06;FRC;N21;;;2;244;47189857.0;;;4.85;4.85;4.85;4.85;4.85;4.85;0.0;0.0
103033;575193;2018-09-06;FRC;V21;;;0;0;0.0;;;0.0;0.0;0.0;0.0;0.0;4.86;0.0;0.0
103034;575194;2018-09-06;FRC;F22;;;5;5249;1003228970.0;;;4.87;4.87;4.88;4.87;4.88;4.88;0.0;0.0
103035;575195;2018-09-06;FRC;J22;;;3;4632;880346581.0;;;4.88;4.88;4.88;4.88;4.88;4.92;0.0;0.0
103036;575196;2018-09-06;FRC;N22;;;2;55;10383939.0;;;4.91;4.91;4.91;4.91;4.91;4.91;0.0;0.0
103037;575197;2018-09-06;FRC;V22;;;0;0;0.0;;;0.0;0.0;0.0;0.0;0.0;4.93;0.0;0.0
103038;575198;2018-09-06;FRC;F23;;;5;1458;272170544.0;;;4.92;4.92;4.92;4.92;4.92;4.92;4.8;4.9
103039;575199;2018-09-06;FRC;J23;;;0;0;0.0;;;0.0;0.0;0.0;0.0;0.0;4.95;0.0;0.0
103040;575200;2018-09-06;FRC;N23;;;1;181;33408057.0;;;4.94;4.94;4.94;4.94;4.94;4.94;0.0;0.0
103041;575201;2018-09-06;FRC;F24;;;4;555;101065107.0;;;5.04;5.04;5.04;5.04;5.04;5.04;0.0;0.0
103042;575202;2018-09-06;FRC;N24;;;0;0;0.0;;;0.0;0.0;0.0;0.0;0.0;5.08;0.0;0.0
103043;575203;2018-09-06;FRC;F25;;;0;0;0.0;;;0.0;0.0;0.0;0.0;0.0;5.16;0.0;0.0
103044;575204;2018-09-06;FRC;N25;;;0;0;0.0;;;0.0;0.0;0.0;0.0;0.0;5.21;0.0;0.0
103045;575205;2018-09-06;FRC;F26;;;0;0;0.0;;;0.0;0.0;0.0;0.0;0.0;5.3;0.0;0.0
103046;575206;2018-09-06;FRC;N26;;;0;0;0.0;;;0.0;0.0;0.0;0.0;0.0;5.41;0.0;0.0
103047;575207;2018-09-06;FRC;F27;;;0;0;0.0;;;0.0;0.0;0.0;0.0;0.0;5.55;0.0;0.0
103048;575208;2018-09-06;FRC;F28;;;0;0;0.0;;;0.0;0.0;0.0;0.0;0.0;5.74;0.0;0.0
103049;575209;2018-09-06;FRC;F29;;;0;0;0.0;;;0.0;0.0;0.0;0.0;0.0;5.89;0.0;0.0
103050;575210;2018-09-06;FRC;F30;;;0;0;0.0;;;0.0;0.0;0.0;0.0;0.0;5.94;0.0;0.0
103051;575392;2018-09-10;FRC;X18;;;38;33773;6926752318.0;;;3.51;3.51;3.56;3.55;3.56;3.56;0.0;0.0
103052;575393;2018-09-10;FRC;Z18;;;19;16251;3328400256.0;;;3.35;3.35;3.4;3.39;3.4;3.4;0.0;3.4
103053;575394;2018-09-10;FRC;F19;;;29;27271;5576034717.0;;;3.53;3.53;3.58;3.57;3.58;3.58;0.0;0.0
103054;575395;2018-09-10;FRC;G19;;;13;10871;2218750176.0;;;3.74;3.74;3.74;3.74;3.74;3.74;0.0;0.0
103055;575396;2018-09-10;FRC;H19;;;5;4165;848442875.0;;;3.94;3.94;3.94;3.94;3.94;3.94;0.0;0.0
103056;575397;2018-09-10;FRC;J19;;;7;990;201310252.0;;;3.98;3.98;3.98;3.98;3.98;4.01;0.0;0.0
103057;575398;2018-09-10;FRC;K19;;;0;0;0.0;;;0.0;0.0;0.0;0.0;0.0;4.16;0.0;0.0
103058;575399;2018-09-10;FRC;M19;;;0;0;0.0;;;0.0;0.0;0.0;0.0;0.0;4.32;0.0;0.0
103059;575400;2018-09-10;FRC;N19;;;6;2557;516445564.0;;;4.43;4.43;4.43;4.43;4.43;4.43;0.0;0.0
103060;575401;2018-09-10;FRC;Q19;;;6;2159;435129745.0;;;4.49;4.49;4.49;4.49;4.49;4.49;0.0;0.0
103061;575402;2018-09-10;FRC;U19;;;6;1568;315343767.0;;;4.53;4.53;4.53;4.53;4.53;4.53;0.0;0.0
103062;575403;2018-09-10;FRC;V19;;;17;8411;1688189183.0;;;4.57;4.57;4.57;4.57;4.57;4.57;0.0;4.57
103063;575404;2018-09-10;FRC;F20;;;26;5708;1138503694.0;;;4.6;4.6;4.65;4.64;4.65;4.65;0.0;4.65
103064;575405;2018-09-10;FRC;J20;;;2;38;7532960.0;;;4.65;4.65;4.66;4.65;4.66;4.7;0.0;0.0
103065;575406;2018-09-10;FRC;N20;;;2;38;7486579.0;;;4.72;4.72;4.73;4.72;4.73;4.77;0.0;0.0
103066;575407;2018-09-10;FRC;V20;;;0;0;0.0;;;0.0;0.0;0.0;0.0;0.0;4.8;0.0;0.0
103067;575408;2018-09-10;FRC;F21;;;9;1900;369701262.0;;;4.83;4.83;4.83;4.83;4.83;4.83;0.0;0.0
103068;575409;2018-09-10;FRC;J21;;;0;0;0.0;;;0.0;0.0;0.0;0.0;0.0;4.86;0.0;0.0
103069;575410;2018-09-10;FRC;N21;;;2;564;108473245.0;;;4.86;4.86;4.86;4.86;4.86;4.86;0.0;0.0
103070;575411;2018-09-10;FRC;V21;;;0;0;0.0;;;0.0;0.0;0.0;0.0;0.0;4.87;0.0;0.0
103071;575412;2018-09-10;FRC;F22;;;6;1302;247425815.0;;;4.88;4.88;4.88;4.88;4.88;4.88;0.0;0.0
103072;575413;2018-09-10;FRC;J22;;;0;0;0.0;;;0.0;0.0;0.0;0.0;0.0;4.92;0.0;0.0
103073;575414;2018-09-10;FRC;N22;;;1;184;34552437.0;;;4.92;4.92;4.92;4.92;4.92;4.92;0.0;0.0
103074;575415;2018-09-10;FRC;V22;;;0;0;0.0;;;0.0;0.0;0.0;0.0;0.0;4.94;0.0;0.0
103075;575416;2018-09-10;FRC;F23;;;12;5488;1018655132.0;;;4.93;4.93;4.93;4.93;4.93;4.93;0.0;0.0
103076;575417;2018-09-10;FRC;J23;;;0;0;0.0;;;0.0;0.0;0.0;0.0;0.0;4.96;0.0;0.0
103077;575418;2018-09-10;FRC;N23;;;3;543;99648894.0;;;4.95;4.95;4.95;4.95;4.95;4.95;0.0;0.0
103078;575419;2018-09-10;FRC;F24;;;2;179;32414327.0;;;5.04;5.04;5.04;5.04;5.04;5.05;0.0;0.0
103079;575420;2018-09-10;FRC;N24;;;0;0;0.0;;;0.0;0.0;0.0;0.0;0.0;5.09;0.0;0.0
103080;575421;2018-09-10;FRC;F25;;;9;1926;339763296.0;;;5.17;5.17;5.17;5.17;5.17;5.17;0.0;0.0
103081;575422;2018-09-10;FRC;N25;;;0;0;0.0;;;0.0;0.0;0.0;0.0;0.0;5.22;0.0;0.0
103082;575423;2018-09-10;FRC;F26;;;2;172;29555553.0;;;5.31;5.31;5.31;5.31;5.31;5.31;0.0;0.0
103083;575424;2018-09-10;FRC;N26;;;0;0;0.0;;;0.0;0.0;0.0;0.0;0.0;5.42;0.0;0.0
103084;575425;2018-09-10;FRC;F27;;;0;0;0.0;;;0.0;0.0;0.0;0.0;0.0;5.56;0.0;0.0
103085;575426;2018-09-10;FRC;F28;;;0;0;0.0;;;0.0;0.0;0.0;0.0;0.0;5.75;0.0;0.0
103086;575427;2018-09-10;FRC;F29;;;0;0;0.0;;;0.0;0.0;0.0;0.0;0.0;5.9;0.0;0.0
103087;575428;2018-09-10;FRC;F30;;;0;0;0.0;;;0.0;0.0;0.0;0.0;0.0;5.95;0.0;0.0
103088;575599;2018-09-11;FRC;X18;;;48;63662;13097563506.0;;;3.62;3.61;3.66;3.64;3.66;3.66;0.0;3.66
103089;575600;2018-09-11;FRC;Z18;;;14;30507;6267541706.0;;;3.45;3.44;3.47;3.46;3.47;3.47;0.0;0.0
103090;575601;2018-09-11;FRC;F19;;;66;60852;12480396567.0;;;3.62;3.62;3.66;3.64;3.65;3.65;3.65;0.0
103091;575602;2018-09-11;FRC;G19;;;5;6081;1244963666.0;;;3.78;3.78;3.79;3.78;3.79;3.81;0.0;0.0
103092;575603;2018-09-11;FRC;H19;;;23;14144;2890079770.0;;;3.98;3.98;4.01;3.99;4.01;4.01;0.0;0.0
103093;575604;2018-09-11;FRC;J19;;;17;12513;2551759659.0;;;4.02;4.02;4.19;4.09;4.08;4.08;0.0;0.0
103094;575605;2018-09-11;FRC;K19;;;12;4210;856665101.0;;;4.19;4.19;4.25;4.23;4.25;4.25;0.0;0.0
103095;575606;2018-09-11;FRC;M19;;;0;0;0.0;;;0.0;0.0;0.0;0.0;0.0;4.4;0.0;0.0
103096;575607;2018-09-11;FRC;N19;;;27;9721;1969452808.0;;;4.43;4.43;4.5;4.45;4.49;4.5;0.0;0.0
103097;575608;2018-09-11;FRC;Q19;;;0;0;0.0;;;0.0;0.0;0.0;0.0;0.0;4.56;0.0;0.0
103098;575609;2018-09-11;FRC;U19;;;0;0;0.0;;;0.0;0.0;0.0;0.0;0.0;4.6;0.0;0.0
103099;575610;2018-09-11;FRC;V19;;;5;2641;531588798.0;;;4.64;4.64;4.64;4.64;4.64;4.64;0.0;0.0
103100;575611;2018-09-11;FRC;F20;;;36;15679;3136032967.0;;;4.67;4.67;4.73;4.71;4.73;4.73;0.0;0.0
103101;575612;2018-09-11;FRC;J20;;;20;12056;2397038889.0;;;4.7;4.6;4.78;4.74;4.76;4.78;0.0;0.0
103102;575613;2018-09-11;FRC;N20;;;9;2688;530878355.0;;;4.82;4.82;4.86;4.85;4.86;4.86;0.0;0.0
103103;575614;2018-09-11;FRC;V20;;;2;764;150077731.0;;;4.8;4.8;4.8;4.8;4.8;4.88;0.0;0.0
103104;575615;2018-09-11;FRC;F21;;;15;5129;1000438577.0;;;4.9;4.9;4.9;4.9;4.9;4.9;0.0;4.9
103105;575616;2018-09-11;FRC;J21;;;2;1190;230709190.0;;;4.94;4.94;4.94;4.94;4.94;4.93;0.0;0.0
103106;575617;2018-09-11;FRC;N21;;;1;188;36237056.0;;;4.94;4.94;4.94;4.94;4.94;4.94;0.0;0.0
103107;575618;2018-09-11;FRC;V21;;;1;187;35823190.0;;;4.96;4.96;4.96;4.96;4.96;4.96;0.0;0.0
103108;575619;2018-09-11;FRC;F22;;;4;949;180720517.0;;;4.89;4.89;4.96;4.95;4.96;4.96;0.0;4.96
103109;575620;2018-09-11;FRC;J22;;;0;0;0.0;;;0.0;0.0;0.0;0.0;0.0;5.0;0.0;0.0
103110;575621;2018-09-11;FRC;N22;;;0;0;0.0;;;0.0;0.0;0.0;0.0;0.0;5.0;0.0;0.0
103111;575622;2018-09-11;FRC;V22;;;0;0;0.0;;;0.0;0.0;0.0;0.0;0.0;5.03;0.0;0.0
103112;575623;2018-09-11;FRC;F23;;;6;1092;202967517.0;;;5.02;5.02;5.02;5.02;5.02;5.02;0.0;5.02
103113;575624;2018-09-11;FRC;J23;;;0;0;0.0;;;0.0;0.0;0.0;0.0;0.0;5.05;0.0;0.0
103114;575625;2018-09-11;FRC;N23;;;0;0;0.0;;;0.0;0.0;0.0;0.0;0.0;5.03;0.0;0.0
103115;575626;2018-09-11;FRC;F24;;;4;1624;294381720.0;;;5.09;5.09;5.14;5.12;5.12;5.12;0.0;0.0
103116;575627;2018-09-11;FRC;N24;;;1;177;31709457.0;;;5.15;5.15;5.15;5.15;5.15;5.15;0.0;0.0
103117;575628;2018-09-11;FRC;F25;;;5;2276;402063422.0;;;5.22;5.22;5.25;5.24;5.25;5.23;0.0;0.0
103118;575629;2018-09-11;FRC;N25;;;0;0;0.0;;;0.0;0.0;0.0;0.0;0.0;5.28;0.0;0.0
103119;575630;2018-09-11;FRC;F26;;;4;1202;206822649.0;;;5.35;5.35;5.38;5.36;5.38;5.36;0.0;0.0
103120;575631;2018-09-11;FRC;N26;;;0;0;0.0;;;0.0;0.0;0.0;0.0;0.0;5.47;0.0;0.0
103121;575632;2018-09-11;FRC;F27;;;2;336;56069499.0;;;5.6;5.6;5.6;5.6;5.6;5.6;0.0;0.0
103122;575633;2018-09-11;FRC;F28;;;0;0;0.0;;;0.0;0.0;0.0;0.0;0.0;5.79;0.0;0.0
103123;575634;2018-09-11;FRC;F29;;;0;0;0.0;;;0.0;0.0;0.0;0.0;0.0;5.94;0.0;0.0
103124;575635;2018-09-11;FRC;F30;;;0;0;0.0;;;0.0;0.0;0.0;0.0;0.0;5.99;0.0;0.0
103125;575806;2018-09-12;FRC;X18;;;75;135950;28097166605.0;;;3.61;3.58;3.66;3.6;3.62;3.59;0.0;0.0
103126;575807;2018-09-12;FRC;Z18;;;78;81444;16809218926.0;;;3.43;3.4;3.43;3.4;3.41;3.41;0.0;0.0
103127;575808;2018-09-12;FRC;F19;;;60;57671;11882279614.0;;;3.63;3.58;3.63;3.6;3.59;3.59;0.0;0.0
103128;575809;2018-09-12;FRC;G19;;;9;22457;4618753605.0;;;3.74;3.74;3.76;3.74;3.76;3.76;0.0;0.0
103129;575810;2018-09-12;FRC;H19;;;11;19240;3949555486.0;;;3.98;3.94;3.98;3.94;3.94;3.94;0.0;0.0
103130;575811;2018-09-12;FRC;J19;;;4;1782;365119744.0;;;4.02;4.02;4.02;4.02;4.02;4.02;0.0;0.0
103131;575812;2018-09-12;FRC;K19;;;0;0;0.0;;;0.0;0.0;0.0;0.0;0.0;4.18;0.0;0.0
103132;575813;2018-09-12;FRC;M19;;;0;0;0.0;;;0.0;0.0;0.0;0.0;0.0;4.32;0.0;0.0
103133;575814;2018-09-12;FRC;N19;;;11;9959;2027250442.0;;;4.4;4.4;4.41;4.4;4.41;4.41;0.0;0.0
103134;575815;2018-09-12;FRC;Q19;;;10;6852;1391605637.0;;;4.5;4.5;4.5;4.5;4.5;4.5;0.0;0.0
103135;575816;2018-09-12;FRC;U19;;;7;3920;794446460.0;;;4.54;4.53;4.54;4.53;4.53;4.53;0.0;0.0
103136;575817;2018-09-12;FRC;V19;;;11;10503;2124245249.0;;;4.57;4.57;4.59;4.58;4.59;4.59;0.0;0.0
103137;575818;2018-09-12;FRC;F20;;;31;17489;3514805151.0;;;4.73;4.65;4.73;4.67;4.7;4.69;4.67;4.7
103138;575819;2018-09-12;FRC;J20;;;9;2704;540099188.0;;;4.75;4.73;4.75;4.73;4.73;4.73;0.0;0.0
103139;575820;2018-09-12;FRC;N20;;;8;2918;579001855.0;;;4.86;4.79;4.86;4.83;4.79;4.79;0.0;0.0
103140;575821;2018-09-12;FRC;V20;;;3;573;113048203.0;;;4.82;4.82;4.82;4.82;4.82;4.82;0.0;0.0
103141;575822;2018-09-12;FRC;F21;;;7;2279;446591340.0;;;4.93;4.86;4.93;4.88;4.86;4.86;0.0;0.0
103142;575823;2018-09-12;FRC;J21;;;2;378;73678397.0;;;4.87;4.87;4.87;4.87;4.87;4.87;0.0;0.0
103143;575824;2018-09-12;FRC;N21;;;1;188;36419394.0;;;4.9;4.9;4.9;4.9;4.9;4.9;0.0;0.0
103144;575825;2018-09-12;FRC;V21;;;2;374;72009602.0;;;4.92;4.92;4.92;4.92;4.92;4.92;0.0;0.0
103145;575826;2018-09-12;FRC;F22;;;7;1469;281234440.0;;;4.9;4.9;4.9;4.9;4.9;4.9;0.0;0.0
103146;575827;2018-09-12;FRC;J22;;;1;185;35205305.0;;;4.93;4.93;4.93;4.93;4.93;4.93;0.0;0.0
103147;575828;2018-09-12;FRC;N22;;;0;0;0.0;;;0.0;0.0;0.0;0.0;0.0;4.93;0.0;0.0
103148;575829;2018-09-12;FRC;V22;;;2;366;68817514.0;;;4.95;4.95;4.95;4.95;4.95;4.95;0.0;0.0
103149;575830;2018-09-12;FRC;F23;;;14;5065;946362774.0;;;5.02;4.95;5.02;4.98;4.97;4.97;0.0;4.97
103150;575831;2018-09-12;FRC;J23;;;0;0;0.0;;;0.0;0.0;0.0;0.0;0.0;5.0;0.0;0.0
103151;575832;2018-09-12;FRC;N23;;;2;1895;349853553.0;;;5.02;5.02;5.02;5.02;5.02;4.98;0.0;5.02
103152;575833;2018-09-12;FRC;F24;;;11;4253;775078991.0;;;5.11;5.08;5.11;5.09;5.08;5.08;0.0;0.0
103153;575834;2018-09-12;FRC;N24;;;0;0;0.0;;;0.0;0.0;0.0;0.0;0.0;5.11;0.0;0.0
103154;575835;2018-09-12;FRC;F25;;;14;3327;591019195.0;;;5.23;5.19;5.23;5.2;5.19;5.19;5.19;5.25
103155;575836;2018-09-12;FRC;N25;;;1;104;18228250.0;;;5.28;5.28;5.28;5.28;5.28;5.24;0.0;0.0
103156;575837;2018-09-12;FRC;F26;;;12;874;150982281.0;;;5.38;5.36;5.39;5.37;5.36;5.32;0.0;0.0
103157;575838;2018-09-12;FRC;N26;;;0;0;0.0;;;0.0;0.0;0.0;0.0;0.0;5.43;0.0;0.0
103158;575839;2018-09-12;FRC;F27;;;2;84;14109408.0;;;5.53;5.53;5.53;5.53;5.53;5.56;0.0;0.0
103159;575840;2018-09-12;FRC;F28;;;0;0;0.0;;;0.0;0.0;0.0;0.0;0.0;5.75;0.0;0.0
103160;575841;2018-09-12;FRC;F29;;;0;0;0.0;;;0.0;0.0;0.0;0.0;0.0;5.9;0.0;0.0
103161;575842;2018-09-12;FRC;F30;;;0;0;0.0;;;0.0;0.0;0.0;0.0;0.0;5.95;0.0;0.0
103162;576013;2018-09-13;FRC;X18;;;69;175189;36306058744.0;;;3.63;3.61;3.73;3.62;3.67;3.62;3.62;3.67
103163;576014;2018-09-13;FRC;Z18;;;16;10964;2268964241.0;;;3.43;3.43;3.47;3.45;3.47;3.47;3.45;0.0
103164;576015;2018-09-13;FRC;F19;;;60;27818;5746895704.0;;;3.63;3.63;3.7;3.65;3.68;3.65;3.65;3.75
103165;576016;2018-09-13;FRC;G19;;;12;4569;942149952.0;;;3.83;3.83;3.83;3.83;3.83;3.83;0.0;0.0
103166;576017;2018-09-13;FRC;H19;;;16;13686;2816877990.0;;;3.94;3.94;4.02;3.99;4.02;4.02;0.0;0.0
103167;576018;2018-09-13;FRC;J19;;;20;12969;2664091391.0;;;4.08;4.08;4.1;4.09;4.09;4.09;0.0;0.0
103168;576019;2018-09-13;FRC;K19;;;6;1660;340194182.0;;;4.26;4.26;4.29;4.28;4.29;4.29;0.0;4.3
103169;576020;2018-09-13;FRC;M19;;;9;4532;926579837.0;;;4.42;4.42;4.42;4.42;4.42;4.42;0.0;0.0
103170;576021;2018-09-13;FRC;N19;;;20;12058;2460287222.0;;;4.45;4.45;4.53;4.5;4.53;4.53;0.0;4.55
103171;576022;2018-09-13;FRC;Q19;;;8;4161;847151123.0;;;4.5;4.5;4.62;4.57;4.62;4.62;0.0;0.0
103172;576023;2018-09-13;FRC;U19;;;7;1294;262836572.0;;;4.65;4.65;4.65;4.65;4.65;4.65;0.0;0.0
103173;576024;2018-09-13;FRC;V19;;;15;8657;1754610458.0;;;4.59;4.59;4.73;4.7;4.73;4.73;0.0;0.0
103174;576025;2018-09-13;FRC;F20;;;25;10349;2084184687.0;;;4.72;4.72;4.8;4.77;4.8;4.8;4.78;0.0
103175;576026;2018-09-13;FRC;J20;;;8;3668;734183143.0;;;4.76;4.76;4.84;4.82;4.84;4.84;4.83;0.0
103176;576027;2018-09-13;FRC;N20;;;8;1536;305463209.0;;;4.9;4.9;4.9;4.9;4.9;4.9;4.89;0.0
103177;576028;2018-09-13;FRC;V20;;;5;1834;362678658.0;;;4.85;4.85;4.93;4.86;4.93;4.93;0.0;0.0
103178;576029;2018-09-13;FRC;F21;;;14;4940;970481479.0;;;4.86;4.86;4.95;4.91;4.95;4.95;0.0;0.0
103179;576030;2018-09-13;FRC;J21;;;0;0;0.0;;;0.0;0.0;0.0;0.0;0.0;4.96;0.0;0.0
103180;576031;2018-09-13;FRC;N21;;;2;3760;730404244.0;;;4.9;4.9;4.9;4.9;4.9;4.99;0.0;0.0
103181;576032;2018-09-13;FRC;V21;;;0;0;0.0;;;0.0;0.0;0.0;0.0;0.0;5.01;0.0;0.0
103182;576033;2018-09-13;FRC;F22;;;6;2604;499576391.0;;;4.93;4.93;4.99;4.94;4.99;4.99;0.0;0.0
103183;576034;2018-09-13;FRC;J22;;;0;0;0.0;;;0.0;0.0;0.0;0.0;0.0;5.02;0.0;0.0
103184;576035;2018-09-13;FRC;N22;;;4;478;90614860.0;;;4.97;4.95;5.01;4.97;5.01;5.01;0.0;0.0
103185;576036;2018-09-13;FRC;V22;;;0;0;0.0;;;0.0;0.0;0.0;0.0;0.0;5.01;0.0;0.0
103186;576037;2018-09-13;FRC;F23;;;11;4189;784532036.0;;;5.01;4.99;5.01;5.0;5.01;5.01;4.97;0.0
103187;576038;2018-09-13;FRC;J23;;;0;0;0.0;;;0.0;0.0;0.0;0.0;0.0;5.04;0.0;0.0
103188;576039;2018-09-13;FRC;N23;;;2;379;70191081.0;;;5.0;5.0;5.0;5.0;5.0;5.02;0.0;0.0
103189;576040;2018-09-13;FRC;F24;;;2;358;65456612.0;;;5.08;5.08;5.08;5.08;5.08;5.11;0.0;0.0
103190;576041;2018-09-13;FRC;N24;;;0;0;0.0;;;0.0;0.0;0.0;0.0;0.0;5.14;0.0;0.0
103191;576042;2018-09-13;FRC;F25;;;11;4710;838974157.0;;;5.21;5.19;5.21;5.2;5.2;5.21;5.18;5.19
103192;576043;2018-09-13;FRC;N25;;;0;0;0.0;;;0.0;0.0;0.0;0.0;0.0;5.27;0.0;0.0
103193;576044;2018-09-13;FRC;F26;;;9;4637;803775955.0;;;5.37;5.36;5.37;5.36;5.36;5.37;0.0;0.0
103194;576045;2018-09-13;FRC;N26;;;0;0;0.0;;;0.0;0.0;0.0;0.0;0.0;5.47;0.0;0.0
103195;576046;2018-09-13;FRC;F27;;;0;0;0.0;;;0.0;0.0;0.0;0.0;0.0;5.58;0.0;0.0
103196;576047;2018-09-13;FRC;F28;;;2;330;53954165.0;;;5.74;5.74;5.74;5.74;5.74;5.74;0.0;0.0
103197;576048;2018-09-13;FRC;F29;;;0;0;0.0;;;0.0;0.0;0.0;0.0;0.0;5.89;0.0;0.0
103198;576049;2018-09-13;FRC;F30;;;0;0;0.0;;;0.0;0.0;0.0;0.0;0.0;5.94;0.0;0.0
103199;576220;2018-09-14;FRC;X18;;;16;23562;4890583433.0;;;3.63;3.56;3.65;3.57;3.64;3.56;3.56;0.0
103200;576221;2018-09-14;FRC;Z18;;;37;45999;9533789511.0;;;3.5;3.43;3.5;3.46;3.43;3.43;0.0;0.0
103201;576222;2018-09-14;FRC;F19;;;39;34238;7084232421.0;;;3.66;3.6;3.66;3.62;3.6;3.6;3.6;0.0
103202;576223;2018-09-14;FRC;G19;;;0;0;0.0;;;0.0;0.0;0.0;0.0;0.0;3.79;0.0;0.0
103203;576224;2018-09-14;FRC;H19;;;84;37155;7658991182.0;;;4.02;3.95;4.02;3.99;3.99;3.99;0.0;0.0
103204;576225;2018-09-14;FRC;J19;;;12;12751;2623462790.0;;;4.09;4.04;4.09;4.06;4.04;4.04;0.0;0.0
103205;576226;2018-09-14;FRC;K19;;;6;1188;243886767.0;;;4.23;4.23;4.23;4.23;4.23;4.23;0.0;0.0
103206;576227;2018-09-14;FRC;M19;;;0;0;0.0;;;0.0;0.0;0.0;0.0;0.0;4.35;0.0;0.0
103207;576228;2018-09-14;FRC;N19;;;5;1574;321709419.0;;;4.46;4.46;4.46;4.46;4.46;4.46;0.0;0.0
103208;576229;2018-09-14;FRC;Q19;;;0;0;0.0;;;0.0;0.0;0.0;0.0;0.0;4.55;0.0;0.0
103209;576230;2018-09-14;FRC;U19;;;5;1764;358964875.0;;;4.58;4.58;4.58;4.58;4.58;4.58;0.0;0.0
103210;576231;2018-09-14;FRC;V19;;;18;13289;2698210923.0;;;4.66;4.66;4.66;4.66;4.66;4.66;0.0;0.0
103211;576232;2018-09-14;FRC;F20;;;29;15348;3095864691.0;;;4.8;4.76;4.8;4.77;4.76;4.76;0.0;0.0
103212;576233;2018-09-14;FRC;J20;;;0;0;0.0;;;0.0;0.0;0.0;0.0;0.0;4.8;0.0;0.0
103213;576234;2018-09-14;FRC;N20;;;8;1920;382511384.0;;;4.87;4.87;4.87;4.87;4.87;4.87;0.0;0.0
103214;576235;2018-09-14;FRC;V20;;;0;0;0.0;;;0.0;0.0;0.0;0.0;0.0;4.9;0.0;0.0
103215;576236;2018-09-14;FRC;F21;;;9;1710;336397851.0;;;4.93;4.93;4.93;4.93;4.93;4.93;0.0;0.0
103216;576237;2018-09-14;FRC;J21;;;4;756;147847167.0;;;4.96;4.95;4.96;4.95;4.95;4.95;0.0;0.0
103217;576238;2018-09-14;FRC;N21;;;0;0;0.0;;;0.0;0.0;0.0;0.0;0.0;4.97;0.0;0.0
103218;576239;2018-09-14;FRC;V21;;;0;0;0.0;;;0.0;0.0;0.0;0.0;0.0;4.99;0.0;0.0
103219;576240;2018-09-14;FRC;F22;;;10;2046;393052299.0;;;4.96;4.96;4.96;4.96;4.96;4.96;0.0;0.0
103220;576241;2018-09-14;FRC;J22;;;5;1295;247345353.0;;;4.97;4.97;4.97;4.97;4.97;4.97;0.0;0.0
103221;576242;2018-09-14;FRC;N22;;;0;0;0.0;;;0.0;0.0;0.0;0.0;0.0;4.97;0.0;0.0
103222;576243;2018-09-14;FRC;V22;;;0;0;0.0;;;0.0;0.0;0.0;0.0;0.0;4.99;0.0;0.0
103223;576244;2018-09-14;FRC;F23;;;11;3005;563723737.0;;;5.0;5.0;5.0;5.0;5.0;5.0;0.0;0.0
103224;576245;2018-09-14;FRC;J23;;;0;0;0.0;;;0.0;0.0;0.0;0.0;0.0;5.03;0.0;0.0
103225;576246;2018-09-14;FRC;N23;;;0;0;0.0;;;0.0;0.0;0.0;0.0;0.0;5.01;0.0;0.0
103226;576247;2018-09-14;FRC;F24;;;0;0;0.0;;;0.0;0.0;0.0;0.0;0.0;5.1;0.0;0.0
103227;576248;2018-09-14;FRC;N24;;;0;0;0.0;;;0.0;0.0;0.0;0.0;0.0;5.13;0.0;0.0
103228;576249;2018-09-14;FRC;F25;;;9;2242;400009286.0;;;5.2;5.2;5.2;5.2;5.2;5.2;0.0;0.0
103229;576250;2018-09-14;FRC;N25;;;0;0;0.0;;;0.0;0.0;0.0;0.0;0.0;5.26;0.0;0.0
103230;576251;2018-09-14;FRC;F26;;;3;858;148906177.0;;;5.37;5.37;5.37;5.37;5.37;5.36;0.0;0.0
103231;576252;2018-09-14;FRC;N26;;;0;0;0.0;;;0.0;0.0;0.0;0.0;0.0;5.46;0.0;0.0
103232;576253;2018-09-14;FRC;F27;;;0;0;0.0;;;0.0;0.0;0.0;0.0;0.0;5.57;0.0;0.0
103233;576254;2018-09-14;FRC;F28;;;0;0;0.0;;;0.0;0.0;0.0;0.0;0.0;5.73;0.0;0.0
103234;576255;2018-09-14;FRC;F29;;;0;0;0.0;;;0.0;0.0;0.0;0.0;0.0;5.88;0.0;0.0
103235;576256;2018-09-14;FRC;F30;;;0;0;0.0;;;0.0;0.0;0.0;0.0;0.0;5.93;0.0;0.0
103236;576428;2018-09-17;FRC;X18;;;49;90162;18708813516.0;;;3.66;3.51;3.66;3.62;3.63;3.64;3.62;3.64
103237;576429;2018-09-17;FRC;Z18;;;7;4926;1020694620.0;;;3.43;3.43;3.47;3.45;3.47;3.47;0.0;0.0
103238;576430;2018-09-17;FRC;F19;;;36;23964;4957276355.0;;;3.6;3.58;3.63;3.6;3.6;3.6;3.59;0.0
103239;576431;2018-09-17;FRC;G19;;;0;0;0.0;;;0.0;0.0;0.0;0.0;0.0;3.78;0.0;0.0
103240;576432;2018-09-17;FRC;H19;;;0;0;0.0;;;0.0;0.0;0.0;0.0;0.0;3.97;0.0;0.0
103241;576433;2018-09-17;FRC;J19;;;10;7366;1515387354.0;;;4.01;4.01;4.01;4.01;4.01;4.01;0.0;0.0
103242;576434;2018-09-17;FRC;K19;;;6;2372;486897639.0;;;4.18;4.18;4.18;4.18;4.18;4.18;0.0;0.0
103243;576435;2018-09-17;FRC;M19;;;0;0;0.0;;;0.0;0.0;0.0;0.0;0.0;4.29;0.0;0.0
103244;576436;2018-09-17;FRC;N19;;;10;2364;483182632.0;;;4.4;4.4;4.4;4.4;4.4;4.4;0.0;0.0
103245;576437;2018-09-17;FRC;Q19;;;0;0;0.0;;;0.0;0.0;0.0;0.0;0.0;4.48;0.0;0.0
103246;576438;2018-09-17;FRC;U19;;;5;2940;598358752.0;;;4.5;4.5;4.5;4.5;4.5;4.5;0.0;0.0
103247;576439;2018-09-17;FRC;V19;;;8;3756;762731966.0;;;4.59;4.59;4.59;4.59;4.59;4.59;0.0;0.0
103248;576440;2018-09-17;FRC;F20;;;30;15319;3091317549.0;;;4.75;4.67;4.75;4.67;4.67;4.67;0.0;0.0
103249;576441;2018-09-17;FRC;J20;;;0;0;0.0;;;0.0;0.0;0.0;0.0;0.0;4.71;0.0;0.0
103250;576442;2018-09-17;FRC;N20;;;6;1152;229628441.0;;;4.78;4.78;4.78;4.78;4.78;4.78;0.0;0.0
103251;576443;2018-09-17;FRC;V20;;;0;0;0.0;;;0.0;0.0;0.0;0.0;0.0;4.81;0.0;0.0
103252;576444;2018-09-17;FRC;F21;;;8;1995;392702511.0;;;4.85;4.85;4.85;4.85;4.85;4.85;0.0;0.0
103253;576445;2018-09-17;FRC;J21;;;0;0;0.0;;;0.0;0.0;0.0;0.0;0.0;4.87;0.0;0.0
103254;576446;2018-09-17;FRC;N21;;;1;188;36567585.0;;;4.9;4.9;4.9;4.9;4.9;4.9;0.0;0.0
103255;576447;2018-09-17;FRC;V21;;;3;561;108482887.0;;;4.9;4.9;4.9;4.9;4.9;4.9;0.0;0.0
103256;576448;2018-09-17;FRC;F22;;;6;1116;214588708.0;;;4.88;4.88;4.88;4.88;4.88;4.88;0.0;0.0
103257;576449;2018-09-17;FRC;J22;;;0;0;0.0;;;0.0;0.0;0.0;0.0;0.0;4.89;0.0;0.0
103258;576450;2018-09-17;FRC;N22;;;0;0;0.0;;;0.0;0.0;0.0;0.0;0.0;4.89;0.0;0.0
103259;576451;2018-09-17;FRC;V22;;;0;0;0.0;;;0.0;0.0;0.0;0.0;0.0;4.9;0.0;0.0
103260;576452;2018-09-17;FRC;F23;;;7;1463;274945546.0;;;4.91;4.91;4.91;4.91;4.91;4.91;0.0;0.0
103261;576453;2018-09-17;FRC;J23;;;0;0;0.0;;;0.0;0.0;0.0;0.0;0.0;4.94;0.0;0.0
103262;576454;2018-09-17;FRC;N23;;;0;0;0.0;;;0.0;0.0;0.0;0.0;0.0;4.92;0.0;0.0
103263;576455;2018-09-17;FRC;F24;;;3;537;98454328.0;;;5.01;5.01;5.01;5.01;5.01;5.01;0.0;0.0
103264;576456;2018-09-17;FRC;N24;;;0;0;0.0;;;0.0;0.0;0.0;0.0;0.0;5.04;0.0;0.0
103265;576457;2018-09-17;FRC;F25;;;3;525;93813567.0;;;5.12;5.12;5.12;5.12;5.12;5.12;0.0;0.0
103266;576458;2018-09-17;FRC;N25;;;0;0;0.0;;;0.0;0.0;0.0;0.0;0.0;5.18;0.0;0.0
103267;576459;2018-09-17;FRC;F26;;;0;0;0.0;;;0.0;0.0;0.0;0.0;0.0;5.28;0.0;0.0
103268;576460;2018-09-17;FRC;N26;;;0;0;0.0;;;0.0;0.0;0.0;0.0;0.0;5.38;0.0;0.0
103269;576461;2018-09-17;FRC;F27;;;0;0;0.0;;;0.0;0.0;0.0;0.0;0.0;5.49;0.0;0.0
103270;576462;2018-09-17;FRC;F28;;;0;0;0.0;;;0.0;0.0;0.0;0.0;0.0;5.65;0.0;0.0
103271;576463;2018-09-17;FRC;F29;;;0;0;0.0;;;0.0;0.0;0.0;0.0;0.0;5.8;0.0;0.0
103272;576464;2018-09-17;FRC;F30;;;0;0;0.0;;;0.0;0.0;0.0;0.0;0.0;5.85;0.0;0.0
103273;576638;2018-09-18;FRC;X18;;;70;109412;22636079865.0;;;3.62;3.55;3.64;3.59;3.57;3.59;3.55;3.59
103274;576639;2018-09-18;FRC;Z18;;;22;22532;4655023584.0;;;3.47;3.42;3.47;3.42;3.42;3.42;3.4;0.0
103275;576640;2018-09-18;FRC;F19;;;36;32907;6787700662.0;;;3.6;3.52;3.6;3.53;3.52;3.52;0.0;3.52
103276;576641;2018-09-18;FRC;G19;;;15;11970;2464814165.0;;;3.71;3.67;3.71;3.67;3.68;3.67;3.67;0.0
103277;576642;2018-09-18;FRC;H19;;;5;2560;526167235.0;;;3.95;3.86;3.95;3.86;3.86;3.86;0.0;0.0
103278;576643;2018-09-18;FRC;J19;;;16;15132;3104734545.0;;;3.99;3.9;3.99;3.9;3.9;3.9;0.0;0.0
103279;576644;2018-09-18;FRC;K19;;;8;1839;376495099.0;;;4.15;4.07;4.15;4.07;4.07;4.07;0.0;0.0
103280;576645;2018-09-18;FRC;M19;;;0;0;0.0;;;0.0;0.0;0.0;0.0;0.0;4.18;0.0;0.0
103281;576646;2018-09-18;FRC;N19;;;15;10632;2167494623.0;;;4.37;4.29;4.37;4.29;4.29;4.29;0.0;0.0
103282;576647;2018-09-18;FRC;Q19;;;1;982;199684189.0;;;4.47;4.47;4.47;4.47;4.47;4.37;0.0;0.0
103283;576648;2018-09-18;FRC;U19;;;0;0;0.0;;;0.0;0.0;0.0;0.0;0.0;4.39;0.0;0.0
103284;576649;2018-09-18;FRC;V19;;;16;6848;1387135473.0;;;4.59;4.48;4.59;4.5;4.48;4.48;0.0;0.0
103285;576650;2018-09-18;FRC;F20;;;27;14703;2959597974.0;;;4.67;4.57;4.67;4.59;4.57;4.57;0.0;0.0
103286;576651;2018-09-18;FRC;J20;;;5;1159;231973780.0;;;4.61;4.61;4.61;4.61;4.61;4.61;0.0;0.0
103287;576652;2018-09-18;FRC;N20;;;4;962;191378669.0;;;4.67;4.67;4.67;4.67;4.67;4.68;0.0;0.0
103288;576653;2018-09-18;FRC;V20;;;6;1530;302549088.0;;;4.7;4.7;4.7;4.7;4.7;4.7;0.0;0.0
103289;576654;2018-09-18;FRC;F21;;;17;5207;1023013989.0;;;4.75;4.75;4.75;4.75;4.75;4.75;0.0;0.0
103290;576655;2018-09-18;FRC;J21;;;2;946;184816342.0;;;4.77;4.77;4.77;4.77;4.77;4.77;0.0;0.0
103291;576656;2018-09-18;FRC;N21;;;2;376;73009586.0;;;4.8;4.8;4.8;4.8;4.8;4.8;0.0;0.0
103292;576657;2018-09-18;FRC;V21;;;0;0;0.0;;;0.0;0.0;0.0;0.0;0.0;4.81;0.0;0.0
103293;576658;2018-09-18;FRC;F22;;;6;1862;357412614.0;;;4.8;4.8;4.8;4.8;4.8;4.8;0.0;0.0
103294;576659;2018-09-18;FRC;J22;;;0;0;0.0;;;0.0;0.0;0.0;0.0;0.0;4.81;0.0;0.0
103295;576660;2018-09-18;FRC;N22;;;2;110;20862571.0;;;4.83;4.83;4.83;4.83;4.83;4.82;0.0;0.0
103296;576661;2018-09-18;FRC;V22;;;3;3505;661147545.0;;;4.9;4.83;4.9;4.84;4.83;4.84;0.0;0.0
103297;576662;2018-09-18;FRC;F23;;;10;7125;1336232595.0;;;4.92;4.85;4.92;4.85;4.85;4.85;0.0;0.0
103298;576663;2018-09-18;FRC;J23;;;0;0;0.0;;;0.0;0.0;0.0;0.0;0.0;4.88;0.0;0.0
103299;576664;2018-09-18;FRC;N23;;;0;0;0.0;;;0.0;0.0;0.0;0.0;0.0;4.86;0.0;0.0
103300;576665;2018-09-18;FRC;F24;;;4;2865;524406532.0;;;4.95;4.95;4.95;4.95;4.95;4.95;0.0;0.0
103301;576666;2018-09-18;FRC;N24;;;0;0;0.0;;;0.0;0.0;0.0;0.0;0.0;4.98;0.0;0.0
103302;576667;2018-09-18;FRC;F25;;;4;1440;256819663.0;;;5.12;5.06;5.12;5.09;5.06;5.06;0.0;0.0
103303;576668;2018-09-18;FRC;N25;;;0;0;0.0;;;0.0;0.0;0.0;0.0;0.0;5.12;0.0;0.0
103304;576669;2018-09-18;FRC;F26;;;0;0;0.0;;;0.0;0.0;0.0;0.0;0.0;5.22;0.0;0.0
103305;576670;2018-09-18;FRC;N26;;;0;0;0.0;;;0.0;0.0;0.0;0.0;0.0;5.32;0.0;0.0
103306;576671;2018-09-18;FRC;F27;;;0;0;0.0;;;0.0;0.0;0.0;0.0;0.0;5.43;0.0;0.0
103307;576672;2018-09-18;FRC;F28;;;0;0;0.0;;;0.0;0.0;0.0;0.0;0.0;5.59;0.0;0.0
103308;576673;2018-09-18;FRC;F29;;;0;0;0.0;;;0.0;0.0;0.0;0.0;0.0;5.74;0.0;0.0
103309;576674;2018-09-18;FRC;F30;;;0;0;0.0;;;0.0;0.0;0.0;0.0;0.0;5.79;0.0;0.0
103310;576846;2018-09-19;FRC;X18;;;113;155116;31961993112.0;;;3.56;3.51;3.56;3.52;3.52;3.52;0.0;0.0
103311;576847;2018-09-19;FRC;Z18;;;22;15553;3200262350.0;;;3.37;3.35;3.37;3.36;3.37;3.37;0.0;0.0
103312;576848;2018-09-19;FRC;F19;;;74;26185;5379595912.0;;;3.52;3.46;3.52;3.47;3.48;3.48;0.0;0.0
103313;576849;2018-09-19;FRC;G19;;;11;9345;1916614069.0;;;3.62;3.62;3.62;3.62;3.62;3.62;0.0;0.0
103314;576850;2018-09-19;FRC;H19;;;7;2578;527793130.0;;;3.79;3.79;3.79;3.79;3.79;3.79;3.79;0.0
103315;576851;2018-09-19;FRC;J19;;;16;14816;3027830934.0;;;3.86;3.85;3.86;3.85;3.86;3.86;0.0;0.0
103316;576852;2018-09-19;FRC;K19;;;4;6169;1258033838.0;;;4.03;4.01;4.03;4.01;4.01;4.02;0.0;0.0
103317;576853;2018-09-19;FRC;M19;;;1;197;40087888.0;;;4.12;4.12;4.12;4.12;4.12;4.12;0.0;0.0
103318;576854;2018-09-19;FRC;N19;;;16;7622;1547863393.0;;;4.29;4.23;4.29;4.24;4.23;4.23;0.0;0.0
103319;576855;2018-09-19;FRC;Q19;;;1;982;198955426.0;;;4.37;4.37;4.37;4.37;4.37;4.31;0.0;0.0
103320;576856;2018-09-19;FRC;U19;;;0;0;0.0;;;0.0;0.0;0.0;0.0;0.0;4.33;0.0;0.0
103321;576857;2018-09-19;FRC;V19;;;9;3522;710801568.0;;;4.42;4.42;4.42;4.42;4.42;4.42;0.0;0.0
103322;576858;2018-09-19;FRC;F20;;;27;17202;3450164951.0;;;4.58;4.49;4.58;4.52;4.54;4.54;0.0;0.0
103323;576859;2018-09-19;FRC;J20;;;5;965;192393631.0;;;4.58;4.58;4.58;4.58;4.58;4.58;0.0;0.0
103324;576860;2018-09-19;FRC;N20;;;8;2788;552602048.0;;;4.6;4.6;4.64;4.61;4.64;4.64;0.0;0.0
103325;576861;2018-09-19;FRC;V20;;;7;1721;339089805.0;;;4.65;4.65;4.65;4.65;4.65;4.65;0.0;0.0
103326;576862;2018-09-19;FRC;F21;;;25;18275;3576693801.0;;;4.75;4.68;4.75;4.73;4.71;4.71;0.0;0.0
103327;576863;2018-09-19;FRC;J21;;;2;946;184084760.0;;;4.76;4.76;4.76;4.76;4.76;4.72;0.0;0.0
103328;576864;2018-09-19;FRC;N21;;;2;376;72766363.0;;;4.74;4.74;4.74;4.74;4.74;4.74;0.0;0.0
103329;576865;2018-09-19;FRC;V21;;;0;0;0.0;;;0.0;0.0;0.0;0.0;0.0;4.76;0.0;0.0
103330;576866;2018-09-19;FRC;F22;;;4;931;178080590.0;;;4.76;4.76;4.76;4.76;4.76;4.76;0.0;0.0
103331;576867;2018-09-19;FRC;J22;;;0;0;0.0;;;0.0;0.0;0.0;0.0;0.0;4.78;0.0;0.0
103332;576868;2018-09-19;FRC;N22;;;0;0;0.0;;;0.0;0.0;0.0;0.0;0.0;4.8;0.0;0.0
103333;576869;2018-09-19;FRC;V22;;;0;0;0.0;;;0.0;0.0;0.0;0.0;0.0;4.83;0.0;0.0
103334;576870;2018-09-19;FRC;F23;;;15;8787;1641544793.0;;;4.85;4.83;4.85;4.84;4.84;4.84;0.0;0.0
103335;576871;2018-09-19;FRC;J23;;;0;0;0.0;;;0.0;0.0;0.0;0.0;0.0;4.87;0.0;0.0
103336;576872;2018-09-19;FRC;N23;;;5;905;167191115.0;;;4.85;4.85;4.85;4.85;4.85;4.85;0.0;0.0
103337;576873;2018-09-19;FRC;F24;;;4;1074;195773086.0;;;4.95;4.95;4.95;4.95;4.95;4.95;0.0;0.0
103338;576874;2018-09-19;FRC;N24;;;0;0;0.0;;;0.0;0.0;0.0;0.0;0.0;4.98;0.0;0.0
103339;576875;2018-09-19;FRC;F25;;;2;967;171913120.0;;;5.07;5.07;5.07;5.07;5.07;5.06;0.0;0.0
103340;576876;2018-09-19;FRC;N25;;;0;0;0.0;;;0.0;0.0;0.0;0.0;0.0;5.12;0.0;0.0
103341;576877;2018-09-19;FRC;F26;;;3;723;125137436.0;;;5.22;5.22;5.22;5.22;5.22;5.22;0.0;0.0
103342;576878;2018-09-19;FRC;N26;;;0;0;0.0;;;0.0;0.0;0.0;0.0;0.0;5.32;0.0;0.0
103343;576879;2018-09-19;FRC;F27;;;0;0;0.0;;;0.0;0.0;0.0;0.0;0.0;5.43;0.0;0.0
103344;576880;2018-09-19;FRC;F28;;;2;1159;189325412.0;;;5.61;5.61;5.61;5.61;5.61;5.59;0.0;0.0
103345;576881;2018-09-19;FRC;F29;;;3;650;103269288.0;;;5.74;5.74;5.74;5.74;5.74;5.74;0.0;0.0
103346;576882;2018-09-19;FRC;F30;;;0;0;0.0;;;0.0;0.0;0.0;0.0;0.0;5.79;0.0;0.0
103347;577054;2018-09-20;FRC;X18;;;171;229703;47039497977.0;;;3.52;3.5;3.58;3.55;3.57;3.58;3.54;3.58
103348;577055;2018-09-20;FRC;Z18;;;13;18863;3857388601.0;;;3.37;3.37;3.41;3.39;3.39;3.39;0.0;3.38
103349;577056;2018-09-20;FRC;F19;;;38;46595;9513674135.0;;;3.47;3.45;3.51;3.49;3.5;3.5;0.0;0.0
103350;577057;2018-09-20;FRC;G19;;;12;15703;3200739847.0;;;3.64;3.62;3.65;3.63;3.62;3.62;0.0;0.0
103351;577058;2018-09-20;FRC;H19;;;17;24308;4946286879.0;;;3.76;3.76;3.81;3.76;3.77;3.77;0.0;0.0
103352;577059;2018-09-20;FRC;J19;;;12;10696;2172478568.0;;;3.87;3.83;3.87;3.85;3.83;3.83;0.0;0.0
103353;577060;2018-09-20;FRC;K19;;;2;396;80272064.0;;;3.97;3.97;3.97;3.97;3.97;3.97;0.0;0.0
103354;577061;2018-09-20;FRC;M19;;;1;197;39847836.0;;;4.08;4.08;4.08;4.08;4.08;4.08;0.0;0.0
103355;577062;2018-09-20;FRC;N19;;;10;19322;3900989175.0;;;4.2;4.16;4.2;4.16;4.16;4.16;0.0;4.5
103356;577063;2018-09-20;FRC;Q19;;;2;394;79375607.0;;;4.26;4.26;4.26;4.26;4.26;4.26;0.0;0.0
103357;577064;2018-09-20;FRC;U19;;;6;1372;275855747.0;;;4.28;4.28;4.28;4.28;4.28;4.28;0.0;0.0
103358;577065;2018-09-20;FRC;V19;;;12;6164;1236539496.0;;;4.43;4.38;4.43;4.39;4.38;4.4;0.0;0.0
103359;577066;2018-09-20;FRC;F20;;;21;8759;1746273272.0;;;4.5;4.5;4.5;4.5;4.5;4.5;0.0;0.0
103360;577067;2018-09-20;FRC;J20;;;2;1935;383564099.0;;;4.54;4.54;4.54;4.54;4.54;4.54;0.0;0.0
103361;577068;2018-09-20;FRC;N20;;;2;384;75647529.0;;;4.61;4.61;4.61;4.61;4.61;4.61;0.0;0.0
103362;577069;2018-09-20;FRC;V20;;;0;0;0.0;;;0.0;0.0;0.0;0.0;0.0;4.62;0.0;0.0
103363;577070;2018-09-20;FRC;F21;;;10;3043;592230449.0;;;4.68;4.68;4.68;4.68;4.68;4.68;0.0;0.0
103364;577071;2018-09-20;FRC;J21;;;0;0;0.0;;;0.0;0.0;0.0;0.0;0.0;4.7;0.0;0.0
103365;577072;2018-09-20;FRC;N21;;;0;0;0.0;;;0.0;0.0;0.0;0.0;0.0;4.73;0.0;0.0
103366;577073;2018-09-20;FRC;V21;;;0;0;0.0;;;0.0;0.0;0.0;0.0;0.0;4.75;0.0;0.0
103367;577074;2018-09-20;FRC;F22;;;3;558;106071537.0;;;4.76;4.76;4.76;4.76;4.76;4.76;0.0;0.0
103368;577075;2018-09-20;FRC;J22;;;0;0;0.0;;;0.0;0.0;0.0;0.0;0.0;4.77;0.0;0.0
103369;577076;2018-09-20;FRC;N22;;;0;0;0.0;;;0.0;0.0;0.0;0.0;0.0;4.78;0.0;0.0
103370;577077;2018-09-20;FRC;V22;;;0;0;0.0;;;0.0;0.0;0.0;0.0;0.0;4.8;0.0;0.0
103371;577078;2018-09-20;FRC;F23;;;10;3657;679466989.0;;;4.81;4.81;4.81;4.81;4.81;4.81;0.0;0.0
103372;577079;2018-09-20;FRC;J23;;;0;0;0.0;;;0.0;0.0;0.0;0.0;0.0;4.84;0.0;0.0
103373;577080;2018-09-20;FRC;N23;;;0;0;0.0;;;0.0;0.0;0.0;0.0;0.0;4.82;0.0;0.0
103374;577081;2018-09-20;FRC;F24;;;3;537;97348733.0;;;4.92;4.92;4.92;4.92;4.92;4.92;4.9;0.0
103375;577082;2018-09-20;FRC;N24;;;0;0;0.0;;;0.0;0.0;0.0;0.0;0.0;4.95;0.0;0.0
103376;577083;2018-09-20;FRC;F25;;;8;4834;854424299.0;;;5.06;5.03;5.06;5.05;5.03;5.03;5.03;5.05
103377;577084;2018-09-20;FRC;N25;;;4;7477;1303211159.0;;;5.16;5.16;5.16;5.16;5.16;5.09;0.0;0.0
103378;577085;2018-09-20;FRC;F26;;;3;3703;637047985.0;;;5.22;5.22;5.22;5.22;5.22;5.19;0.0;0.0
103379;577086;2018-09-20;FRC;N26;;;0;0;0.0;;;0.0;0.0;0.0;0.0;0.0;5.29;0.0;0.0
103380;577087;2018-09-20;FRC;F27;;;0;0;0.0;;;0.0;0.0;0.0;0.0;0.0;5.4;0.0;0.0
103381;577088;2018-09-20;FRC;F28;;;0;0;0.0;;;0.0;0.0;0.0;0.0;0.0;5.56;0.0;0.0
103382;577089;2018-09-20;FRC;F29;;;0;0;0.0;;;0.0;0.0;0.0;0.0;0.0;5.71;0.0;0.0
103383;577090;2018-09-20;FRC;F30;;;0;0;0.0;;;0.0;0.0;0.0;0.0;0.0;5.76;0.0;0.0
103384;577262;2018-09-21;FRC;X18;;;115;166773;33861383405.0;;;3.54;3.5;3.55;3.51;3.53;3.53;0.0;0.0
103385;577263;2018-09-21;FRC;Z18;;;39;53437;10834630880.0;;;3.37;3.35;3.37;3.35;3.35;3.35;0.0;0.0
103386;577264;2018-09-21;FRC;F19;;;27;43408;8787715422.0;;;3.48;3.45;3.48;3.45;3.45;3.45;0.0;0.0
103387;577265;2018-09-21;FRC;G19;;;15;20278;4098599021.0;;;3.55;3.55;3.55;3.55;3.55;3.55;0.0;0.0
103388;577266;2018-09-21;FRC;H19;;;7;2300;464104480.0;;;3.72;3.68;3.72;3.68;3.68;3.68;0.0;0.0
103389;577267;2018-09-21;FRC;J19;;;19;19712;3970295394.0;;;3.8;3.77;3.8;3.78;3.77;3.77;0.0;3.77
103390;577268;2018-09-21;FRC;K19;;;3;8305;1669355499.0;;;3.92;3.92;3.92;3.92;3.92;3.9;0.0;0.0
103391;577269;2018-09-21;FRC;M19;;;3;1894;379857523.0;;;4.08;4.05;4.08;4.06;4.05;4.0;0.0;0.0
103392;577270;2018-09-21;FRC;N19;;;5;8036;1608662911.0;;;4.15;4.08;4.16;4.14;4.08;4.08;0.0;0.0
103393;577271;2018-09-21;FRC;Q19;;;2;5739;1146288541.0;;;4.26;4.26;4.26;4.26;4.26;4.17;0.0;0.0
103394;577272;2018-09-21;FRC;U19;;;0;0;0.0;;;0.0;0.0;0.0;0.0;0.0;4.19;0.0;0.0
103395;577273;2018-09-21;FRC;V19;;;0;0;0.0;;;0.0;0.0;0.0;0.0;0.0;4.31;0.0;0.0
103396;577274;2018-09-21;FRC;F20;;;17;9015;1782795240.0;;;4.5;4.39;4.5;4.42;4.39;4.39;0.0;0.0
103397;577275;2018-09-21;FRC;J20;;;0;0;0.0;;;0.0;0.0;0.0;0.0;0.0;4.44;0.0;0.0
103398;577276;2018-09-21;FRC;N20;;;2;386;75469069.0;;;4.51;4.51;4.51;4.51;4.51;4.51;0.0;0.0
103399;577277;2018-09-21;FRC;V20;;;0;0;0.0;;;0.0;0.0;0.0;0.0;0.0;4.52;0.0;0.0
103400;577278;2018-09-21;FRC;F21;;;13;5900;1139305111.0;;;4.68;4.59;4.68;4.61;4.59;4.59;0.0;0.0
103401;577279;2018-09-21;FRC;J21;;;0;0;0.0;;;0.0;0.0;0.0;0.0;0.0;4.61;0.0;0.0
103402;577280;2018-09-21;FRC;N21;;;3;567;108296602.0;;;4.64;4.64;4.64;4.64;4.64;4.64;0.0;0.0
103403;577281;2018-09-21;FRC;V21;;;0;0;0.0;;;0.0;0.0;0.0;0.0;0.0;4.67;0.0;0.0
103404;577282;2018-09-21;FRC;F22;;;4;1772;334072108.0;;;4.76;4.69;4.76;4.75;4.69;4.69;0.0;0.0
103405;577283;2018-09-21;FRC;J22;;;0;0;0.0;;;0.0;0.0;0.0;0.0;0.0;4.7;0.0;0.0
103406;577284;2018-09-21;FRC;N22;;;0;0;0.0;;;0.0;0.0;0.0;0.0;0.0;4.71;0.0;0.0
103407;577285;2018-09-21;FRC;V22;;;2;368;68257808.0;;;4.74;4.74;4.74;4.74;4.74;4.74;0.0;0.0
103408;577286;2018-09-21;FRC;F23;;;10;4866;896978116.0;;;4.76;4.76;4.79;4.77;4.77;4.77;0.0;0.0
103409;577287;2018-09-21;FRC;J23;;;0;0;0.0;;;0.0;0.0;0.0;0.0;0.0;4.8;0.0;0.0
103410;577288;2018-09-21;FRC;N23;;;0;0;0.0;;;0.0;0.0;0.0;0.0;0.0;4.78;0.0;0.0
103411;577289;2018-09-21;FRC;F24;;;6;1434;257949687.0;;;4.89;4.89;4.89;4.89;4.89;4.89;0.0;0.0
103412;577290;2018-09-21;FRC;N24;;;0;0;0.0;;;0.0;0.0;0.0;0.0;0.0;4.92;0.0;0.0
103413;577291;2018-09-21;FRC;F25;;;0;0;0.0;;;0.0;0.0;0.0;0.0;0.0;5.0;0.0;0.0
103414;577292;2018-09-21;FRC;N25;;;0;0;0.0;;;0.0;0.0;0.0;0.0;0.0;5.06;0.0;0.0
103415;577293;2018-09-21;FRC;F26;;;3;2723;464881805.0;;;5.19;5.19;5.19;5.19;5.19;5.16;0.0;0.0
103416;577294;2018-09-21;FRC;N26;;;0;0;0.0;;;0.0;0.0;0.0;0.0;0.0;5.26;0.0;0.0
103417;577295;2018-09-21;FRC;F27;;;2;845;140227148.0;;;5.38;5.38;5.38;5.38;5.38;5.37;0.0;0.0
103418;577296;2018-09-21;FRC;F28;;;0;0;0.0;;;0.0;0.0;0.0;0.0;0.0;5.53;0.0;0.0
103419;577297;2018-09-21;FRC;F29;;;2;1627;255053084.0;;;5.71;5.71;5.71;5.71;5.71;5.68;0.0;0.0
103420;577298;2018-09-21;FRC;F30;;;0;0;0.0;;;0.0;0.0;0.0;0.0;0.0;5.73;0.0;0.0
103421;577469;2018-09-24;FRC;X18;;;142;217812;44656928235.0;;;3.53;3.48;3.53;3.5;3.52;3.51;3.51;0.0
103422;577470;2018-09-24;FRC;Z18;;;57;84232;17245879151.0;;;3.32;3.31;3.45;3.32;3.32;3.32;3.32;0.0
103423;577471;2018-09-24;FRC;F19;;;39;51886;10606732087.0;;;3.42;3.42;3.48;3.45;3.48;3.48;3.48;0.0
103424;577472;2018-09-24;FRC;G19;;;24;31809;6492220298.0;;;3.53;3.52;3.55;3.53;3.55;3.55;3.55;0.0
103425;577473;2018-09-24;FRC;H19;;;9;5952;1212742972.0;;;3.69;3.69;3.69;3.69;3.69;3.69;0.0;0.0
103426;577474;2018-09-24;FRC;J19;;;14;7923;1611551335.0;;;3.75;3.75;3.75;3.75;3.75;3.75;0.0;3.77
103427;577475;2018-09-24;FRC;K19;;;0;0;0.0;;;0.0;0.0;0.0;0.0;0.0;3.88;0.0;0.0
103428;577476;2018-09-24;FRC;M19;;;3;1185;240071744.0;;;3.97;3.97;3.97;3.97;3.97;3.97;0.0;0.0
103429;577477;2018-09-24;FRC;N19;;;17;6304;1274746081.0;;;4.06;4.06;4.06;4.06;4.06;4.06;0.0;0.0
103430;577478;2018-09-24;FRC;Q19;;;0;0;0.0;;;0.0;0.0;0.0;0.0;0.0;4.15;0.0;0.0
103431;577479;2018-09-24;FRC;U19;;;5;1020;205438662.0;;;4.19;4.16;4.19;4.16;4.16;4.16;0.0;0.0
103432;577480;2018-09-24;FRC;V19;;;37;5249;1054727384.0;;;4.31;4.27;4.33;4.3;4.27;4.27;0.0;0.0
103433;577481;2018-09-24;FRC;F20;;;20;7402;1478697331.0;;;4.37;4.37;4.37;4.37;4.37;4.37;0.0;0.0
103434;577482;2018-09-24;FRC;J20;;;5;1163;231039601.0;;;4.41;4.41;4.41;4.41;4.41;4.41;0.0;0.0
103435;577483;2018-09-24;FRC;N20;;;6;1926;380355503.0;;;4.47;4.47;4.47;4.47;4.47;4.47;0.0;0.0
103436;577484;2018-09-24;FRC;V20;;;4;959;188255906.0;;;4.53;4.53;4.53;4.53;4.53;4.53;0.0;4.53
103437;577485;2018-09-24;FRC;F21;;;10;2663;519434304.0;;;4.58;4.58;4.58;4.58;4.58;4.58;0.0;0.0
103438;577486;2018-09-24;FRC;J21;;;0;0;0.0;;;0.0;0.0;0.0;0.0;0.0;4.6;0.0;0.0
103439;577487;2018-09-24;FRC;N21;;;0;0;0.0;;;0.0;0.0;0.0;0.0;0.0;4.63;0.0;0.0
103440;577488;2018-09-24;FRC;V21;;;0;0;0.0;;;0.0;0.0;0.0;0.0;0.0;4.66;0.0;0.0
103441;577489;2018-09-24;FRC;F22;;;1;187;35644819.0;;;4.68;4.68;4.68;4.68;4.68;4.68;0.0;0.0
103442;577490;2018-09-24;FRC;J22;;;0;0;0.0;;;0.0;0.0;0.0;0.0;0.0;4.69;0.0;0.0
103443;577491;2018-09-24;FRC;N22;;;0;0;0.0;;;0.0;0.0;0.0;0.0;0.0;4.7;0.0;0.0
103444;577492;2018-09-24;FRC;V22;;;0;0;0.0;;;0.0;0.0;0.0;0.0;0.0;4.74;0.0;0.0
103445;577493;2018-09-24;FRC;F23;;;0;0;0.0;;;0.0;0.0;0.0;0.0;0.0;4.77;0.0;0.0
103446;577494;2018-09-24;FRC;J23;;;0;0;0.0;;;0.0;0.0;0.0;0.0;0.0;4.8;0.0;0.0
103447;577495;2018-09-24;FRC;N23;;;0;0;0.0;;;0.0;0.0;0.0;0.0;0.0;4.79;0.0;0.0
103448;577496;2018-09-24;FRC;F24;;;0;0;0.0;;;0.0;0.0;0.0;0.0;0.0;4.91;0.0;0.0
103449;577497;2018-09-24;FRC;N24;;;0;0;0.0;;;0.0;0.0;0.0;0.0;0.0;4.95;0.0;0.0
103450;577498;2018-09-24;FRC;F25;;;4;827;146558036.0;;;5.0;5.0;5.0;5.0;5.0;5.04;0.0;0.0
103451;577499;2018-09-24;FRC;N25;;;2;1218;212888900.0;;;5.1;5.1;5.1;5.1;5.1;5.09;0.0;0.0
103452;577500;2018-09-24;FRC;F26;;;2;586;101105320.0;;;5.16;5.16;5.16;5.16;5.16;5.17;0.0;0.0
103453;577501;2018-09-24;FRC;N26;;;0;0;0.0;;;0.0;0.0;0.0;0.0;0.0;5.26;0.0;0.0
103454;577502;2018-09-24;FRC;F27;;;1;169;28344511.0;;;5.35;5.35;5.35;5.35;5.35;5.35;0.0;0.0
103455;577503;2018-09-24;FRC;F28;;;0;0;0.0;;;0.0;0.0;0.0;0.0;0.0;5.51;0.0;0.0
103456;577504;2018-09-24;FRC;F29;;;0;0;0.0;;;0.0;0.0;0.0;0.0;0.0;5.66;0.0;0.0
103457;577505;2018-09-24;FRC;F30;;;0;0;0.0;;;0.0;0.0;0.0;0.0;0.0;5.71;0.0;0.0
103458;577676;2018-09-25;FRC;X18;;;259;353397;72484690662.0;;;3.52;3.47;3.54;3.49;3.49;3.52;3.49;3.52
103459;577677;2018-09-25;FRC;Z18;;;42;69495;14234517963.0;;;3.32;3.3;3.32;3.3;3.31;3.31;3.31;0.0
103460;577678;2018-09-25;FRC;F19;;;55;64529;13196390262.0;;;3.5;3.44;3.5;3.46;3.46;3.46;3.45;3.48
103461;577679;2018-09-25;FRC;G19;;;10;11133;2273124030.0;;;3.55;3.53;3.55;3.54;3.55;3.55;3.54;0.0
103462;577680;2018-09-25;FRC;H19;;;16;23220;4733101720.0;;;3.69;3.69;3.69;3.69;3.69;3.69;3.67;0.0
103463;577681;2018-09-25;FRC;J19;;;3;1090;221806159.0;;;3.74;3.73;3.74;3.73;3.73;3.74;0.0;0.0
103464;577682;2018-09-25;FRC;K19;;;6;1386;281483722.0;;;3.87;3.87;3.87;3.87;3.87;3.87;0.0;0.0
103465;577683;2018-09-25;FRC;M19;;;1;790;160118815.0;;;3.96;3.96;3.96;3.96;3.96;3.95;0.0;0.0
103466;577684;2018-09-25;FRC;N19;;;12;3349;677563007.0;;;4.03;4.03;4.03;4.03;4.03;4.03;0.0;0.0
103467;577685;2018-09-25;FRC;Q19;;;7;1967;397150088.0;;;4.11;4.11;4.11;4.11;4.11;4.11;4.09;0.0
103468;577686;2018-09-25;FRC;U19;;;3;1275;256928731.0;;;4.14;4.14;4.14;4.14;4.14;4.14;4.12;0.0
103469;577687;2018-09-25;FRC;V19;;;5;1803;362562843.0;;;4.24;4.2;4.24;4.23;4.2;4.24;4.2;0.0
103470;577688;2018-09-25;FRC;F20;;;16;8176;1633880109.0;;;4.4;4.36;4.4;4.37;4.36;4.36;4.35;4.37
103471;577689;2018-09-25;FRC;J20;;;1;194;38554082.0;;;4.42;4.42;4.42;4.42;4.42;4.42;0.0;0.0
103472;577690;2018-09-25;FRC;N20;;;6;2890;571022232.0;;;4.46;4.46;4.46;4.46;4.46;4.46;0.0;0.0
103473;577691;2018-09-25;FRC;V20;;;1;383;75209943.0;;;4.53;4.53;4.53;4.53;4.53;4.52;0.0;0.0
103474;577692;2018-09-25;FRC;F21;;;32;13346;2604255163.0;;;4.58;4.58;4.61;4.58;4.58;4.58;0.0;0.0
103475;577693;2018-09-25;FRC;J21;;;0;0;0.0;;;0.0;0.0;0.0;0.0;0.0;4.6;0.0;0.0
103476;577694;2018-09-25;FRC;N21;;;0;0;0.0;;;0.0;0.0;0.0;0.0;0.0;4.63;0.0;0.0
103477;577695;2018-09-25;FRC;V21;;;0;0;0.0;;;0.0;0.0;0.0;0.0;0.0;4.66;0.0;0.0
103478;577696;2018-09-25;FRC;F22;;;1;187;35659535.0;;;4.68;4.68;4.68;4.68;4.68;4.68;0.0;0.0
103479;577697;2018-09-25;FRC;J22;;;0;0;0.0;;;0.0;0.0;0.0;0.0;0.0;4.69;0.0;0.0
103480;577698;2018-09-25;FRC;N22;;;1;185;34886120.0;;;4.7;4.7;4.7;4.7;4.7;4.7;0.0;0.0
103481;577699;2018-09-25;FRC;V22;;;2;276;51725319.0;;;4.73;4.73;4.73;4.73;4.73;4.73;0.0;0.0
103482;577700;2018-09-25;FRC;F23;;;15;5523;1028491164.0;;;4.77;4.77;4.78;4.77;4.78;4.78;0.0;0.0
103483;577701;2018-09-25;FRC;J23;;;0;0;0.0;;;0.0;0.0;0.0;0.0;0.0;4.81;0.0;0.0
103484;577702;2018-09-25;FRC;N23;;;6;1086;199909614.0;;;4.8;4.8;4.8;4.8;4.8;4.8;0.0;0.0
103485;577703;2018-09-25;FRC;F24;;;16;8959;1626836327.0;;;4.92;4.91;4.93;4.92;4.91;4.91;0.0;0.0
103486;577704;2018-09-25;FRC;N24;;;0;0;0.0;;;0.0;0.0;0.0;0.0;0.0;4.95;0.0;0.0
103487;577705;2018-09-25;FRC;F25;;;2;405;71741616.0;;;5.04;5.04;5.04;5.04;5.04;5.04;0.0;0.0
103488;577706;2018-09-25;FRC;N25;;;0;0;0.0;;;0.0;0.0;0.0;0.0;0.0;5.09;0.0;0.0
103489;577707;2018-09-25;FRC;F26;;;2;914;157736598.0;;;5.17;5.17;5.17;5.17;5.17;5.17;0.0;0.0
103490;577708;2018-09-25;FRC;N26;;;0;0;0.0;;;0.0;0.0;0.0;0.0;0.0;5.26;0.0;0.0
103491;577709;2018-09-25;FRC;F27;;;0;0;0.0;;;0.0;0.0;0.0;0.0;0.0;5.35;0.0;0.0
103492;577710;2018-09-25;FRC;F28;;;0;0;0.0;;;0.0;0.0;0.0;0.0;0.0;5.51;0.0;0.0
103493;577711;2018-09-25;FRC;F29;;;2;814;129139055.0;;;5.66;5.66;5.66;5.66;5.66;5.66;0.0;0.0
103494;577712;2018-09-25;FRC;F30;;;0;0;0.0;;;0.0;0.0;0.0;0.0;0.0;5.71;0.0;0.0
103495;577883;2018-09-26;FRC;X18;;;341;491312;99319610452.0;;;3.48;3.4;3.6;3.52;3.59;3.59;3.59;0.0
103496;577884;2018-09-26;FRC;Z18;;;29;55098;11123273462.0;;;3.28;3.25;3.35;3.28;3.35;3.35;0.0;0.0
103497;577885;2018-09-26;FRC;F19;;;31;50974;10274235610.0;;;3.4;3.4;3.48;3.46;3.48;3.48;0.0;0.0
103498;577886;2018-09-26;FRC;G19;;;31;19683;3960790600.0;;;3.53;3.53;3.58;3.57;3.58;3.58;0.0;0.0
103499;577887;2018-09-26;FRC;H19;;;14;17804;3576795218.0;;;3.67;3.67;3.71;3.69;3.71;3.71;0.0;0.0
103500;577888;2018-09-26;FRC;J19;;;17;17438;3497394377.0;;;3.73;3.73;3.74;3.73;3.74;3.74;0.0;0.0
103501;577889;2018-09-26;FRC;K19;;;5;1584;317067276.0;;;3.86;3.86;3.86;3.86;3.86;3.86;0.0;0.0
103502;577890;2018-09-26;FRC;M19;;;1;1480;295667468.0;;;3.94;3.94;3.94;3.94;3.94;3.92;0.0;0.0
103503;577891;2018-09-26;FRC;N19;;;26;12214;2435864734.0;;;4.0;3.99;4.0;3.99;3.99;3.99;0.0;0.0
103504;577892;2018-09-26;FRC;Q19;;;9;2655;528407963.0;;;4.08;4.08;4.08;4.08;4.08;4.08;0.0;4.1
103505;577893;2018-09-26;FRC;U19;;;0;0;0.0;;;0.0;0.0;0.0;0.0;0.0;4.1;0.0;0.0
103506;577894;2018-09-26;FRC;V19;;;12;5291;1048839287.0;;;4.2;4.2;4.2;4.2;4.2;4.2;0.0;0.0
103507;577895;2018-09-26;FRC;F20;;;29;14809;2917628217.0;;;4.36;4.3;4.36;4.33;4.32;4.32;0.0;0.0
103508;577896;2018-09-26;FRC;J20;;;5;970;190060083.0;;;4.37;4.37;4.37;4.37;4.37;4.37;0.0;0.0
103509;577897;2018-09-26;FRC;N20;;;4;4432;863386437.0;;;4.42;4.42;4.42;4.42;4.42;4.42;0.0;0.0
103510;577898;2018-09-26;FRC;V20;;;0;0;0.0;;;0.0;0.0;0.0;0.0;0.0;4.48;0.0;0.0
103511;577899;2018-09-26;FRC;F21;;;11;2671;514043738.0;;;4.55;4.53;4.55;4.53;4.53;4.53;0.0;4.53
103512;577900;2018-09-26;FRC;J21;;;0;0;0.0;;;0.0;0.0;0.0;0.0;0.0;4.55;0.0;0.0
103513;577901;2018-09-26;FRC;N21;;;0;0;0.0;;;0.0;0.0;0.0;0.0;0.0;4.58;0.0;0.0
103514;577902;2018-09-26;FRC;V21;;;0;0;0.0;;;0.0;0.0;0.0;0.0;0.0;4.61;0.0;0.0
103515;577903;2018-09-26;FRC;F22;;;6;1122;211023159.0;;;4.63;4.63;4.63;4.63;4.63;4.63;0.0;0.0
103516;577904;2018-09-26;FRC;J22;;;3;558;104377514.0;;;4.64;4.64;4.64;4.64;4.64;4.64;0.0;0.0
103517;577905;2018-09-26;FRC;N22;;;0;0;0.0;;;0.0;0.0;0.0;0.0;0.0;4.66;0.0;0.0
103518;577906;2018-09-26;FRC;V22;;;0;0;0.0;;;0.0;0.0;0.0;0.0;0.0;4.7;0.0;0.0
103519;577907;2018-09-26;FRC;F23;;;8;2068;379744533.0;;;4.75;4.75;4.75;4.75;4.75;4.75;0.0;0.0
103520;577908;2018-09-26;FRC;J23;;;0;0;0.0;;;0.0;0.0;0.0;0.0;0.0;4.8;0.0;0.0
103521;577909;2018-09-26;FRC;N23;;;1;36;6527825.0;;;4.8;4.8;4.8;4.8;4.8;4.8;0.0;0.0
103522;577910;2018-09-26;FRC;F24;;;2;305;54584786.0;;;4.93;4.93;4.93;4.93;4.93;4.91;0.0;0.0
103523;577911;2018-09-26;FRC;N24;;;2;1136;200865883.0;;;4.97;4.97;4.97;4.97;4.97;4.95;0.0;0.0
103524;577912;2018-09-26;FRC;F25;;;9;1601;279541196.0;;;5.03;5.03;5.03;5.03;5.03;5.03;0.0;0.0
103525;577913;2018-09-26;FRC;N25;;;0;0;0.0;;;0.0;0.0;0.0;0.0;0.0;5.08;0.0;0.0
103526;577914;2018-09-26;FRC;F26;;;2;586;99637351.0;;;5.18;5.18;5.18;5.18;5.18;5.16;0.0;0.0
103527;577915;2018-09-26;FRC;N26;;;2;1537;257870804.0;;;5.26;5.26;5.26;5.26;5.26;5.25;0.0;0.0
103528;577916;2018-09-26;FRC;F27;;;2;1183;195634863.0;;;5.35;5.35;5.35;5.35;5.35;5.34;0.0;0.0
103529;577917;2018-09-26;FRC;F28;;;2;332;53423791.0;;;5.5;5.5;5.5;5.5;5.5;5.5;0.0;0.0
103530;577918;2018-09-26;FRC;F29;;;0;0;0.0;;;0.0;0.0;0.0;0.0;0.0;5.65;0.0;0.0
103531;577919;2018-09-26;FRC;F30;;;0;0;0.0;;;0.0;0.0;0.0;0.0;0.0;5.7;0.0;0.0
103532;578090;2018-09-27;FRC;Z18;;;11;7212;1459684421.0;;;3.2;3.15;3.2;3.15;3.15;3.15;3.15;3.2
103533;578091;2018-09-27;FRC;F19;;;3;4906;991287533.0;;;3.41;3.41;3.44;3.43;3.44;3.45;0.0;0.0
103534;578092;2018-09-27;FRC;G19;;;17;17317;3493025549.0;;;3.6;3.6;3.6;3.6;3.6;3.6;0.0;0.0
103535;578093;2018-09-27;FRC;H19;;;0;0;0.0;;;0.0;0.0;0.0;0.0;0.0;3.76;0.0;3.76
103536;578094;2018-09-27;FRC;J19;;;12;10713;2153630265.0;;;3.78;3.78;3.78;3.78;3.78;3.78;0.0;3.78
103537;578095;2018-09-27;FRC;K19;;;0;0;0.0;;;0.0;0.0;0.0;0.0;0.0;3.89;0.0;3.89
103538;578096;2018-09-27;FRC;M19;;;0;0;0.0;;;0.0;0.0;0.0;0.0;0.0;3.94;0.0;3.94
103539;578097;2018-09-27;FRC;N19;;;9;2208;441415705.0;;;4.03;4.0;4.03;4.0;4.0;4.0;0.0;4.0
103540;578098;2018-09-27;FRC;Q19;;;2;591;117912425.0;;;4.08;4.08;4.08;4.08;4.08;4.08;0.0;0.0
103541;578099;2018-09-27;FRC;U19;;;0;0;0.0;;;0.0;0.0;0.0;0.0;0.0;4.11;0.0;0.0
103542;578100;2018-09-27;FRC;V19;;;12;7847;1559269892.0;;;4.21;4.21;4.21;4.21;4.21;4.21;0.0;0.0
103543;578101;2018-09-27;FRC;F20;;;8;6515;1286784256.0;;;4.33;4.33;4.33;4.33;4.33;4.33;0.0;0.0
103544;578102;2018-09-27;FRC;J20;;;7;1552;304775858.0;;;4.4;4.4;4.4;4.4;4.4;4.4;0.0;0.0
103545;578103;2018-09-27;FRC;N20;;;3;2316;452224619.0;;;4.44;4.44;4.44;4.44;4.44;4.44;0.0;0.0
103546;578104;2018-09-27;FRC;V20;;;1;192;37262198.0;;;4.51;4.51;4.51;4.51;4.51;4.51;0.0;0.0
103547;578105;2018-09-27;FRC;F21;;;14;3018;582113278.0;;;4.53;4.53;4.56;4.55;4.56;4.56;0.0;0.0
103548;578106;2018-09-27;FRC;J21;;;2;190;36442782.0;;;4.59;4.59;4.59;4.59;4.59;4.58;0.0;0.0
103549;578107;2018-09-27;FRC;N21;;;0;0;0.0;;;0.0;0.0;0.0;0.0;0.0;4.61;0.0;0.0
103550;578108;2018-09-27;FRC;V21;;;0;0;0.0;;;0.0;0.0;0.0;0.0;0.0;4.64;0.0;0.0
103551;578109;2018-09-27;FRC;F22;;;6;2057;387712306.0;;;4.65;4.65;4.65;4.65;4.65;4.65;4.65;0.0
103552;578110;2018-09-27;FRC;J22;;;0;0;0.0;;;0.0;0.0;0.0;0.0;0.0;4.66;0.0;0.0
103553;578111;2018-09-27;FRC;N22;;;0;0;0.0;;;0.0;0.0;0.0;0.0;0.0;4.68;0.0;0.0
103554;578112;2018-09-27;FRC;V22;;;0;0;0.0;;;0.0;0.0;0.0;0.0;0.0;4.72;0.0;0.0
103555;578113;2018-09-27;FRC;F23;;;2;586;107837214.0;;;4.77;4.77;4.77;4.77;4.77;4.77;0.0;0.0
103556;578114;2018-09-27;FRC;J23;;;0;0;0.0;;;0.0;0.0;0.0;0.0;0.0;4.82;0.0;0.0
103557;578115;2018-09-27;FRC;N23;;;0;0;0.0;;;0.0;0.0;0.0;0.0;0.0;4.82;0.0;0.0
103558;578116;2018-09-27;FRC;F24;;;3;6820;1223593558.0;;;4.93;4.93;4.93;4.93;4.93;4.93;0.0;0.0
103559;578117;2018-09-27;FRC;N24;;;0;0;0.0;;;0.0;0.0;0.0;0.0;0.0;4.97;0.0;0.0
103560;578118;2018-09-27;FRC;F25;;;6;4418;773185022.0;;;5.02;5.02;5.04;5.03;5.04;5.04;0.0;0.0
103561;578119;2018-09-27;FRC;N25;;;0;0;0.0;;;0.0;0.0;0.0;0.0;0.0;5.09;0.0;0.0
103562;578120;2018-09-27;FRC;F26;;;0;0;0.0;;;0.0;0.0;0.0;0.0;0.0;5.17;0.0;0.0
103563;578121;2018-09-27;FRC;N26;;;0;0;0.0;;;0.0;0.0;0.0;0.0;0.0;5.26;0.0;0.0
103564;578122;2018-09-27;FRC;F27;;;0;0;0.0;;;0.0;0.0;0.0;0.0;0.0;5.35;0.0;0.0
103565;578123;2018-09-27;FRC;F28;;;0;0;0.0;;;0.0;0.0;0.0;0.0;0.0;5.51;0.0;0.0
103566;578124;2018-09-27;FRC;F29;;;0;0;0.0;;;0.0;0.0;0.0;0.0;0.0;5.66;0.0;0.0
103567;578125;2018-09-27;FRC;F30;;;0;0;0.0;;;0.0;0.0;0.0;0.0;0.0;5.71;0.0;0.0
103568;578299;2018-09-28;FRC;Z18;;;34;95492;19558890398.0;;;3.15;3.0;3.15;3.09;3.05;3.05;3.03;0.0
103569;578300;2018-09-28;FRC;F19;;;57;95015;19429103444.0;;;3.44;3.28;3.45;3.36;3.33;3.33;3.3;0.0
103570;578301;2018-09-28;FRC;G19;;;36;62618;12783358818.0;;;3.6;3.5;3.6;3.51;3.5;3.5;0.0;0.0
103571;578302;2018-09-28;FRC;H19;;;13;11551;2354267079.0;;;3.7;3.63;3.7;3.64;3.63;3.64;3.63;0.0
103572;578303;2018-09-28;FRC;J19;;;18;13297;2705751439.0;;;3.67;3.67;3.67;3.67;3.67;3.67;0.0;0.0
103573;578304;2018-09-28;FRC;K19;;;0;0;0.0;;;0.0;0.0;0.0;0.0;0.0;3.79;0.0;0.0
103574;578305;2018-09-28;FRC;M19;;;4;1188;240833646.0;;;3.85;3.85;3.85;3.85;3.85;3.85;0.0;0.0
103575;578306;2018-09-28;FRC;N19;;;13;10286;2081425504.0;;;3.99;3.91;3.99;3.93;3.91;3.91;0.0;0.0
103576;578307;2018-09-28;FRC;Q19;;;9;3349;676427486.0;;;3.98;3.98;3.98;3.98;3.98;3.98;0.0;0.0
103577;578308;2018-09-28;FRC;U19;;;5;1574;317294631.0;;;4.03;4.03;4.03;4.03;4.03;4.03;0.0;0.0
103578;578309;2018-09-28;FRC;V19;;;19;9622;1935607183.0;;;4.13;4.13;4.13;4.13;4.13;4.13;0.0;0.0
103579;578310;2018-09-28;FRC;F20;;;14;6244;1248451019.0;;;4.27;4.27;4.27;4.27;4.27;4.27;0.0;0.0
103580;578311;2018-09-28;FRC;J20;;;3;582;115705416.0;;;4.34;4.34;4.34;4.34;4.34;4.34;0.0;0.0
103581;578312;2018-09-28;FRC;N20;;;2;386;76314974.0;;;4.37;4.37;4.37;4.37;4.37;4.37;0.0;0.0
103582;578313;2018-09-28;FRC;V20;;;0;0;0.0;;;0.0;0.0;0.0;0.0;0.0;4.44;0.0;0.0
103583;578314;2018-09-28;FRC;F21;;;26;9053;1768453738.0;;;4.48;4.48;4.48;4.48;4.48;4.48;0.0;0.0
103584;578315;2018-09-28;FRC;J21;;;0;0;0.0;;;0.0;0.0;0.0;0.0;0.0;4.51;0.0;0.0
103585;578316;2018-09-28;FRC;N21;;;2;378;73003695.0;;;4.55;4.55;4.55;4.55;4.55;4.55;0.0;0.0
103586;578317;2018-09-28;FRC;V21;;;0;0;0.0;;;0.0;0.0;0.0;0.0;0.0;4.57;0.0;0.0
103587;578318;2018-09-28;FRC;F22;;;3;561;107125477.0;;;4.57;4.57;4.57;4.57;4.57;4.57;4.57;0.0
103588;578319;2018-09-28;FRC;J22;;;1;186;35320833.0;;;4.59;4.59;4.59;4.59;4.59;4.59;0.0;0.0
103589;578320;2018-09-28;FRC;N22;;;0;0;0.0;;;0.0;0.0;0.0;0.0;0.0;4.61;0.0;0.0
103590;578321;2018-09-28;FRC;V22;;;0;0;0.0;;;0.0;0.0;0.0;0.0;0.0;4.65;0.0;0.0
103591;578322;2018-09-28;FRC;F23;;;15;4672;871022802.0;;;4.76;4.7;4.76;4.7;4.7;4.7;4.67;0.0
103592;578323;2018-09-28;FRC;J23;;;0;0;0.0;;;0.0;0.0;0.0;0.0;0.0;4.76;0.0;0.0
103593;578324;2018-09-28;FRC;N23;;;1;182;33536782.0;;;4.77;4.77;4.77;4.77;4.77;4.77;0.0;0.0
103594;578325;2018-09-28;FRC;V23;;;0;0;0.0;;;0.0;0.0;0.0;0.0;0.0;4.46;0.0;0.0
103595;578326;2018-09-28;FRC;F24;;;0;0;0.0;;;0.0;0.0;0.0;0.0;0.0;4.88;0.0;0.0
103596;578327;2018-09-28;FRC;N24;;;0;0;0.0;;;0.0;0.0;0.0;0.0;0.0;4.92;0.0;0.0
103597;578328;2018-09-28;FRC;F25;;;3;4388;778155785.0;;;4.99;4.99;4.99;4.99;4.99;4.99;4.97;0.0
103598;578329;2018-09-28;FRC;N25;;;0;0;0.0;;;0.0;0.0;0.0;0.0;0.0;5.04;5.02;0.0
103599;578330;2018-09-28;FRC;F26;;;0;0;0.0;;;0.0;0.0;0.0;0.0;0.0;5.12;5.12;0.0
103600;578331;2018-09-28;FRC;N26;;;0;0;0.0;;;0.0;0.0;0.0;0.0;0.0;5.21;0.0;0.0
103601;578332;2018-09-28;FRC;F27;;;0;0;0.0;;;0.0;0.0;0.0;0.0;0.0;5.3;5.3;0.0
103602;578333;2018-09-28;FRC;F28;;;0;0;0.0;;;0.0;0.0;0.0;0.0;0.0;5.46;5.45;0.0
103603;578334;2018-09-28;FRC;F29;;;0;0;0.0;;;0.0;0.0;0.0;0.0;0.0;5.61;0.0;0.0
103604;578335;2018-09-28;FRC;F30;;;0;0;0.0;;;0.0;0.0;0.0;0.0;0.0;5.66;0.0;0.0
103605;578510;2018-10-01;FRC;Z18;;;45;43623;8707032566.0;;;3.05;2.92;3.05;2.93;2.92;2.92;2.92;0.0
103606;578511;2018-10-01;FRC;F19;;;46;168156;33506927235.0;;;3.33;3.23;3.33;3.29;3.24;3.23;3.23;0.0
103607;578512;2018-10-01;FRC;G19;;;4;8224;1636090029.0;;;3.5;3.42;3.5;3.44;3.42;3.42;0.0;3.44
103608;578513;2018-10-01;FRC;H19;;;10;26960;5354781689.0;;;3.64;3.58;3.64;3.58;3.58;3.58;3.56;3.6
103609;578514;2018-10-01;FRC;J19;;;18;69176;13716202002.0;;;3.67;3.6;3.69;3.65;3.6;3.6;0.0;3.62
103610;578515;2018-10-01;FRC;K19;;;5;1783;352915328.0;;;3.72;3.72;3.72;3.72;3.72;3.72;0.0;0.0
103611;578516;2018-10-01;FRC;M19;;;4;1207;238453361.0;;;3.85;3.8;3.85;3.8;3.8;3.8;0.0;0.0
103612;578517;2018-10-01;FRC;N19;;;17;15065;2971220588.0;;;3.91;3.85;3.91;3.85;3.87;3.87;3.85;0.0
103613;578518;2018-10-01;FRC;Q19;;;0;0;0.0;;;0.0;0.0;0.0;0.0;0.0;3.94;0.0;0.0
103614;578519;2018-10-01;FRC;U19;;;3;787;154611760.0;;;3.99;3.99;3.99;3.99;3.99;3.99;0.0;0.0
103615;578520;2018-10-01;FRC;V19;;;17;6420;1258818125.0;;;4.13;4.06;4.13;4.06;4.06;4.06;0.0;0.0
103616;578521;2018-10-01;FRC;F20;;;24;14188;2765069750.0;;;4.27;4.2;4.27;4.21;4.2;4.22;4.2;0.0
103617;578522;2018-10-01;FRC;J20;;;4;970;187972192.0;;;4.29;4.29;4.29;4.29;4.29;4.29;0.0;4.29
103618;578523;2018-10-01;FRC;N20;;;2;96;18490255.0;;;4.37;4.37;4.37;4.37;4.37;4.32;0.0;0.0
103619;578524;2018-10-01;FRC;V20;;;2;38;7274896.0;;;4.44;4.39;4.44;4.41;4.39;4.39;0.0;0.0
103620;578525;2018-10-01;FRC;F21;;;10;5596;1065384546.0;;;4.48;4.43;4.48;4.45;4.43;4.43;4.4;4.43
103621;578526;2018-10-01;FRC;J21;;;2;38;7197446.0;;;4.46;4.46;4.46;4.46;4.46;4.46;0.0;0.0
103622;578527;2018-10-01;FRC;N21;;;6;1134;213535378.0;;;4.5;4.5;4.5;4.5;4.5;4.5;0.0;0.0
103623;578528;2018-10-01;FRC;V21;;;1;19;3559992.0;;;4.52;4.52;4.52;4.52;4.52;4.52;0.0;0.0
103624;578529;2018-10-01;FRC;F22;;;11;2285;425430724.0;;;4.57;4.53;4.57;4.53;4.53;4.53;4.52;4.55
103625;578530;2018-10-01;FRC;J22;;;1;186;34437486.0;;;4.55;4.55;4.55;4.55;4.55;4.55;0.0;0.0
103626;578531;2018-10-01;FRC;N22;;;1;19;3505752.0;;;4.57;4.57;4.57;4.57;4.57;4.57;0.0;0.0
103627;578532;2018-10-01;FRC;V22;;;0;0;0.0;;;0.0;0.0;0.0;0.0;0.0;4.62;0.0;0.0
103628;578533;2018-10-01;FRC;F23;;;5;2495;453465252.0;;;4.7;4.67;4.7;4.68;4.67;4.67;0.0;4.68
103629;578534;2018-10-01;FRC;J23;;;0;0;0.0;;;0.0;0.0;0.0;0.0;0.0;4.73;0.0;0.0
103630;578535;2018-10-01;FRC;N23;;;3;546;98109538.0;;;4.73;4.73;4.73;4.73;4.73;4.73;0.0;4.73
103631;578536;2018-10-01;FRC;V23;;;0;0;0.0;;;0.0;0.0;0.0;0.0;0.0;4.78;0.0;0.0
103632;578537;2018-10-01;FRC;F24;;;1;18;3188865.0;;;4.88;4.88;4.88;4.88;4.88;4.85;0.0;0.0
103633;578538;2018-10-01;FRC;N24;;;0;0;0.0;;;0.0;0.0;0.0;0.0;0.0;4.9;0.0;0.0
103634;578539;2018-10-01;FRC;F25;;;2;53;9161721.0;;;4.99;4.99;4.99;4.99;4.99;4.99;0.0;5.0
103635;578540;2018-10-01;FRC;N25;;;0;0;0.0;;;0.0;0.0;0.0;0.0;0.0;5.05;0.0;5.08
103636;578541;2018-10-01;FRC;F26;;;0;0;0.0;;;0.0;0.0;0.0;0.0;0.0;5.15;0.0;5.15
103637;578542;2018-10-01;FRC;N26;;;0;0;0.0;;;0.0;0.0;0.0;0.0;0.0;5.24;0.0;0.0
103638;578543;2018-10-01;FRC;F27;;;1;339;55527746.0;;;5.3;5.3;5.3;5.3;5.3;5.33;0.0;0.0
103639;578544;2018-10-01;FRC;F28;;;0;0;0.0;;;0.0;0.0;0.0;0.0;0.0;5.49;0.0;5.49
103640;578545;2018-10-01;FRC;F29;;;0;0;0.0;;;0.0;0.0;0.0;0.0;0.0;5.64;0.0;0.0
103641;578546;2018-10-01;FRC;F30;;;0;0;0.0;;;0.0;0.0;0.0;0.0;0.0;5.69;0.0;0.0
103642;578717;2018-10-02;FRC;Z18;;;123;105483;20882428060.0;;;2.92;2.79;2.92;2.82;2.84;2.84;2.8;2.83
103643;578718;2018-10-02;FRC;F19;;;64;139867;27646692724.0;;;3.2;3.0;3.2;3.11;3.09;3.09;0.0;0.0
103644;578719;2018-10-02;FRC;G19;;;19;43515;8586975730.0;;;3.38;3.26;3.38;3.34;3.26;3.26;0.0;3.26
103645;578720;2018-10-02;FRC;H19;;;1;5806;1143680175.0;;;3.58;3.58;3.58;3.58;3.58;3.42;0.0;0.0
103646;578721;2018-10-02;FRC;J19;;;23;23234;4570754069.0;;;3.6;3.44;3.6;3.48;3.44;3.44;0.0;0.0
103647;578722;2018-10-02;FRC;K19;;;1;1189;233430912.0;;;3.68;3.68;3.68;3.68;3.68;3.55;0.0;0.0
103648;578723;2018-10-02;FRC;M19;;;0;0;0.0;;;0.0;0.0;0.0;0.0;0.0;3.61;0.0;0.0
103649;578724;2018-10-02;FRC;N19;;;14;11462;2243568598.0;;;3.67;3.67;3.67;3.67;3.67;3.67;3.67;0.0
103650;578725;2018-10-02;FRC;Q19;;;8;1970;384912158.0;;;3.73;3.73;3.73;3.73;3.73;3.73;3.73;3.77
103651;578726;2018-10-02;FRC;U19;;;0;0;0.0;;;0.0;0.0;0.0;0.0;0.0;3.8;0.0;0.0
103652;578727;2018-10-02;FRC;V19;;;20;7176;1396447132.0;;;4.02;3.89;4.02;3.91;3.89;3.89;0.0;0.0
103653;578728;2018-10-02;FRC;F20;;;18;14730;2849518459.0;;;4.18;4.02;4.18;4.07;4.02;4.02;0.0;4.05
103654;578729;2018-10-02;FRC;J20;;;4;776;149314010.0;;;4.13;4.13;4.13;4.13;4.13;4.13;0.0;0.0
103655;578730;2018-10-02;FRC;N20;;;0;0;0.0;;;0.0;0.0;0.0;0.0;0.0;4.17;0.0;0.0
103656;578731;2018-10-02;FRC;V20;;;5;5438;1033567608.0;;;4.36;4.35;4.36;4.35;4.35;4.25;0.0;0.0
103657;578732;2018-10-02;FRC;F21;;;44;18643;3524900664.0;;;4.4;4.3;4.41;4.33;4.3;4.3;0.0;4.3
103658;578733;2018-10-02;FRC;J21;;;0;0;0.0;;;0.0;0.0;0.0;0.0;0.0;4.32;0.0;0.0
103659;578734;2018-10-02;FRC;N21;;;5;1514;283229327.0;;;4.38;4.35;4.38;4.36;4.35;4.35;0.0;0.0
103660;578735;2018-10-02;FRC;V21;;;3;567;105546132.0;;;4.36;4.36;4.36;4.36;4.36;4.36;0.0;0.0
103661;578736;2018-10-02;FRC;F22;;;11;2255;417275727.0;;;4.4;4.4;4.4;4.4;4.4;4.4;4.4;0.0
103662;578737;2018-10-02;FRC;J22;;;2;374;68838957.0;;;4.42;4.42;4.42;4.42;4.42;4.42;0.0;0.0
103663;578738;2018-10-02;FRC;N22;;;3;558;102138615.0;;;4.44;4.44;4.44;4.44;4.44;4.44;0.0;0.0
103664;578739;2018-10-02;FRC;V22;;;0;0;0.0;;;0.0;0.0;0.0;0.0;0.0;4.51;0.0;0.0
103665;578740;2018-10-02;FRC;F23;;;9;2391;432002803.0;;;4.57;4.57;4.57;4.57;4.57;4.57;0.0;4.57
103666;578741;2018-10-02;FRC;J23;;;0;0;0.0;;;0.0;0.0;0.0;0.0;0.0;4.62;0.0;0.0
103667;578742;2018-10-02;FRC;N23;;;0;0;0.0;;;0.0;0.0;0.0;0.0;0.0;4.61;0.0;0.0
103668;578743;2018-10-02;FRC;V23;;;0;0;0.0;;;0.0;0.0;0.0;0.0;0.0;4.66;0.0;0.0
103669;578744;2018-10-02;FRC;F24;;;8;2341;412733380.0;;;4.72;4.72;4.72;4.72;4.72;4.72;0.0;0.0
103670;578745;2018-10-02;FRC;N24;;;0;0;0.0;;;0.0;0.0;0.0;0.0;0.0;4.77;0.0;0.0
103671;578746;2018-10-02;FRC;F25;;;10;1838;316023192.0;;;4.91;4.87;4.93;4.87;4.87;4.87;0.0;0.0
103672;578747;2018-10-02;FRC;N25;;;0;0;0.0;;;0.0;0.0;0.0;0.0;0.0;4.93;0.0;0.0
103673;578748;2018-10-02;FRC;F26;;;0;0;0.0;;;0.0;0.0;0.0;0.0;0.0;5.03;0.0;0.0
103674;578749;2018-10-02;FRC;N26;;;0;0;0.0;;;0.0;0.0;0.0;0.0;0.0;5.12;0.0;0.0
103675;578750;2018-10-02;FRC;F27;;;0;0;0.0;;;0.0;0.0;0.0;0.0;0.0;5.21;0.0;0.0
103676;578751;2018-10-02;FRC;F28;;;0;0;0.0;;;0.0;0.0;0.0;0.0;0.0;5.37;0.0;0.0
103677;578752;2018-10-02;FRC;F29;;;0;0;0.0;;;0.0;0.0;0.0;0.0;0.0;5.52;0.0;0.0
103678;578753;2018-10-02;FRC;F30;;;0;0;0.0;;;0.0;0.0;0.0;0.0;0.0;5.57;0.0;0.0
103679;578923;2018-10-03;FRC;Z18;;;11;14981;2929093271.0;;;2.84;2.84;2.84;2.84;2.84;2.84;0.0;0.0
103680;578924;2018-10-03;FRC;F19;;;94;101838;19882134239.0;;;3.09;3.05;3.13;3.07;3.12;3.13;0.0;0.0
103681;578925;2018-10-03;FRC;G19;;;8;9061;1766194999.0;;;3.24;3.24;3.31;3.26;3.31;3.31;0.0;0.0
103682;578926;2018-10-03;FRC;H19;;;11;9944;1935136244.0;;;3.39;3.39;3.46;3.44;3.45;3.45;0.0;0.0
103683;578927;2018-10-03;FRC;J19;;;39;47069;9147023831.0;;;3.38;3.38;3.45;3.41;3.45;3.45;0.0;0.0
103684;578928;2018-10-03;FRC;K19;;;7;1663;322569796.0;;;3.56;3.56;3.56;3.56;3.56;3.56;0.0;0.0
103685;578929;2018-10-03;FRC;M19;;;9;3168;613312451.0;;;3.67;3.67;3.67;3.67;3.67;3.67;0.0;0.0
103686;578930;2018-10-03;FRC;N19;;;23;30748;5944022497.0;;;3.65;3.65;3.72;3.68;3.69;3.72;0.0;0.0
103687;578931;2018-10-03;FRC;Q19;;;9;8106;1564096366.0;;;3.71;3.71;3.8;3.75;3.76;3.8;0.0;0.0
103688;578932;2018-10-03;FRC;U19;;;9;3740;720094769.0;;;3.87;3.87;3.87;3.87;3.87;3.87;0.0;0.0
103689;578933;2018-10-03;FRC;V19;;;20;20627;3963925277.0;;;3.89;3.89;3.96;3.94;3.96;3.96;0.0;0.0
103690;578934;2018-10-03;FRC;F20;;;97;96801;18493461903.0;;;3.95;3.95;4.11;4.09;4.11;4.11;0.0;0.0
103691;578935;2018-10-03;FRC;J20;;;7;2333;443094340.0;;;4.22;4.22;4.22;4.22;4.22;4.22;0.0;0.0
103692;578936;2018-10-03;FRC;N20;;;0;0;0.0;;;0.0;0.0;0.0;0.0;0.0;4.26;0.0;0.0
103693;578937;2018-10-03;FRC;V20;;;3;576;108151298.0;;;4.33;4.33;4.33;4.33;4.33;4.33;0.0;0.0
103694;578938;2018-10-03;FRC;F21;;;27;13841;2584050628.0;;;4.27;4.27;4.38;4.35;4.36;4.38;0.0;0.0
103695;578939;2018-10-03;FRC;J21;;;0;0;0.0;;;0.0;0.0;0.0;0.0;0.0;4.41;0.0;0.0
103696;578940;2018-10-03;FRC;N21;;;3;208;38402840.0;;;4.35;4.35;4.44;4.42;4.44;4.44;0.0;4.43
103697;578941;2018-10-03;FRC;V21;;;3;942;172925510.0;;;4.46;4.46;4.46;4.46;4.46;4.46;0.0;0.0
103698;578942;2018-10-03;FRC;F22;;;15;6486;1184878517.0;;;4.37;4.37;4.52;4.41;4.51;4.52;0.0;0.0
103699;578943;2018-10-03;FRC;J22;;;0;0;0.0;;;0.0;0.0;0.0;0.0;0.0;4.53;0.0;0.0
103700;578944;2018-10-03;FRC;N22;;;0;0;0.0;;;0.0;0.0;0.0;0.0;0.0;4.54;0.0;0.0
103701;578945;2018-10-03;FRC;V22;;;0;0;0.0;;;0.0;0.0;0.0;0.0;0.0;4.6;0.0;0.0
103702;578946;2018-10-03;FRC;F23;;;24;23351;4159614662.0;;;4.57;4.57;4.66;4.65;4.66;4.66;4.66;0.0
103703;578947;2018-10-03;FRC;J23;;;0;0;0.0;;;0.0;0.0;0.0;0.0;0.0;4.72;0.0;0.0
103704;578948;2018-10-03;FRC;N23;;;1;55;9710515.0;;;4.61;4.61;4.61;4.61;4.61;4.72;0.0;0.0
103705;578949;2018-10-03;FRC;V23;;;0;0;0.0;;;0.0;0.0;0.0;0.0;0.0;4.77;0.0;0.0
103706;578950;2018-10-03;FRC;F24;;;5;1619;281507291.0;;;4.73;4.73;4.82;4.78;4.82;4.83;0.0;4.83
103707;578951;2018-10-03;FRC;N24;;;0;0;0.0;;;0.0;0.0;0.0;0.0;0.0;4.88;0.0;0.0
103708;578952;2018-10-03;FRC;F25;;;0;0;0.0;;;0.0;0.0;0.0;0.0;0.0;4.98;0.0;0.0
103709;578953;2018-10-03;FRC;N25;;;0;0;0.0;;;0.0;0.0;0.0;0.0;0.0;5.04;0.0;0.0
103710;578954;2018-10-03;FRC;F26;;;0;0;0.0;;;0.0;0.0;0.0;0.0;0.0;5.13;5.13;0.0
103711;578955;2018-10-03;FRC;N26;;;0;0;0.0;;;0.0;0.0;0.0;0.0;0.0;5.22;0.0;0.0
103712;578956;2018-10-03;FRC;F27;;;0;0;0.0;;;0.0;0.0;0.0;0.0;0.0;5.3;0.0;0.0
103713;578957;2018-10-03;FRC;F28;;;0;0;0.0;;;0.0;0.0;0.0;0.0;0.0;5.46;0.0;0.0
103714;578958;2018-10-03;FRC;F29;;;0;0;0.0;;;0.0;0.0;0.0;0.0;0.0;5.61;0.0;0.0
103715;578959;2018-10-03;FRC;F30;;;0;0;0.0;;;0.0;0.0;0.0;0.0;0.0;5.66;0.0;0.0
103716;579129;2018-10-04;FRC;Z18;;;29;55526;10722925292.0;;;2.82;2.81;2.88;2.86;2.86;2.86;0.0;0.0
103717;579130;2018-10-04;FRC;F19;;;31;32929;6349209497.0;;;3.12;3.11;3.17;3.15;3.17;3.17;0.0;0.0
103718;579131;2018-10-04;FRC;G19;;;23;51977;10005482726.0;;;3.35;3.35;3.37;3.36;3.37;3.37;0.0;0.0
103719;579132;2018-10-04;FRC;H19;;;11;7159;1375986699.0;;;3.45;3.45;3.51;3.47;3.51;3.51;0.0;0.0
103720;579133;2018-10-04;FRC;J19;;;17;9831;1886842349.0;;;3.46;3.43;3.48;3.45;3.48;3.48;0.0;0.0
103721;579134;2018-10-04;FRC;K19;;;0;0;0.0;;;0.0;0.0;0.0;0.0;0.0;3.59;0.0;0.0
103722;579135;2018-10-04;FRC;M19;;;5;32647;6242409743.0;;;3.63;3.63;3.69;3.68;3.69;3.69;0.0;0.0
103723;579136;2018-10-04;FRC;N19;;;25;41645;7950232682.0;;;3.69;3.69;3.74;3.73;3.74;3.74;0.0;0.0
103724;579137;2018-10-04;FRC;Q19;;;0;0;0.0;;;0.0;0.0;0.0;0.0;0.0;3.82;0.0;0.0
103725;579138;2018-10-04;FRC;U19;;;3;591;112391599.0;;;3.88;3.88;3.88;3.88;3.88;3.88;0.0;0.0
103726;579139;2018-10-04;FRC;V19;;;13;6087;1155255830.0;;;3.97;3.97;3.97;3.97;3.97;3.97;0.0;3.97
103727;579140;2018-10-04;FRC;F20;;;36;22617;4267094950.0;;;4.08;4.08;4.15;4.12;4.12;4.12;0.0;0.0
103728;579141;2018-10-04;FRC;J20;;;8;1747;327736673.0;;;4.21;4.21;4.21;4.21;4.21;4.21;0.0;0.0
103729;579142;2018-10-04;FRC;N20;;;6;1352;252187957.0;;;4.28;4.28;4.28;4.28;4.28;4.28;0.0;0.0
103730;579143;2018-10-04;FRC;V20;;;5;960;178038958.0;;;4.33;4.33;4.33;4.33;4.33;4.33;0.0;0.0
103731;579144;2018-10-04;FRC;F21;;;13;8045;1482892435.0;;;4.38;4.38;4.41;4.39;4.38;4.38;0.0;4.38
103732;579145;2018-10-04;FRC;J21;;;2;380;69667497.0;;;4.42;4.42;4.42;4.42;4.42;4.42;0.0;0.0
103733;579146;2018-10-04;FRC;N21;;;2;208;37923617.0;;;4.44;4.44;4.44;4.44;4.44;4.44;0.0;0.0
103734;579147;2018-10-04;FRC;V21;;;2;189;34277745.0;;;4.46;4.46;4.46;4.46;4.46;4.45;0.0;0.0
103735;579148;2018-10-04;FRC;F22;;;13;2432;438239515.0;;;4.5;4.5;4.52;4.5;4.5;4.5;0.0;0.0
103736;579149;2018-10-04;FRC;J22;;;2;372;66656766.0;;;4.53;4.53;4.53;4.53;4.53;4.53;0.0;0.0
103737;579150;2018-10-04;FRC;N22;;;0;0;0.0;;;0.0;0.0;0.0;0.0;0.0;4.54;0.0;0.0
103738;579151;2018-10-04;FRC;V22;;;1;185;32768402.0;;;4.6;4.6;4.6;4.6;4.6;4.6;0.0;0.0
103739;579152;2018-10-04;FRC;F23;;;14;5490;965963946.0;;;4.66;4.65;4.66;4.65;4.66;4.66;4.6;4.66
103740;579153;2018-10-04;FRC;J23;;;0;0;0.0;;;0.0;0.0;0.0;0.0;0.0;4.73;0.0;0.0
103741;579154;2018-10-04;FRC;N23;;;0;0;0.0;;;0.0;0.0;0.0;0.0;0.0;4.75;0.0;0.0
103742;579155;2018-10-04;FRC;V23;;;0;0;0.0;;;0.0;0.0;0.0;0.0;0.0;4.78;0.0;0.0
103743;579156;2018-10-04;FRC;F24;;;1;18;3088525.0;;;4.83;4.83;4.83;4.83;4.83;4.86;0.0;0.0
103744;579157;2018-10-04;FRC;N24;;;3;712;120686935.0;;;4.88;4.88;4.88;4.88;4.88;4.91;0.0;0.0
103745;579158;2018-10-04;FRC;F25;;;3;705;117892621.0;;;4.98;4.98;4.98;4.98;4.98;5.01;0.0;0.0
103746;579159;2018-10-04;FRC;N25;;;0;0;0.0;;;0.0;0.0;0.0;0.0;0.0;5.07;0.0;0.0
103747;579160;2018-10-04;FRC;F26;;;1;173;28164546.0;;;5.16;5.16;5.16;5.16;5.16;5.16;0.0;0.0
103748;579161;2018-10-04;FRC;N26;;;0;0;0.0;;;0.0;0.0;0.0;0.0;0.0;5.25;0.0;0.0
103749;579162;2018-10-04;FRC;F27;;;1;169;26733452.0;;;5.34;5.34;5.34;5.34;5.34;5.34;0.0;0.0
103750;579163;2018-10-04;FRC;F28;;;0;0;0.0;;;0.0;0.0;0.0;0.0;0.0;5.52;0.0;0.0
103751;579164;2018-10-04;FRC;F29;;;0;0;0.0;;;0.0;0.0;0.0;0.0;0.0;5.67;0.0;0.0
103752;579165;2018-10-04;FRC;F30;;;0;0;0.0;;;0.0;0.0;0.0;0.0;0.0;5.72;0.0;0.0
103753;579335;2018-10-05;FRC;Z18;;;15;21711;4202625934.0;;;2.86;2.84;2.87;2.86;2.87;2.87;0.0;0.0
103754;579336;2018-10-05;FRC;F19;;;15;13302;2570858952.0;;;3.17;3.15;3.17;3.16;3.17;3.17;3.17;0.0
103755;579337;2018-10-05;FRC;G19;;;16;25330;4887385360.0;;;3.37;3.37;3.38;3.37;3.38;3.38;0.0;0.0
103756;579338;2018-10-05;FRC;H19;;;12;6763;1302836944.0;;;3.52;3.52;3.52;3.52;3.52;3.52;0.0;0.0
103757;579339;2018-10-05;FRC;J19;;;12;9333;1795228784.0;;;3.52;3.52;3.52;3.52;3.52;3.52;0.0;3.51
103758;579340;2018-10-05;FRC;K19;;;1;198;38020972.0;;;3.59;3.59;3.59;3.59;3.59;3.59;0.0;0.0
103759;579341;2018-10-05;FRC;M19;;;2;1504;288271473.0;;;3.69;3.67;3.69;3.67;3.67;3.68;0.0;0.0
103760;579342;2018-10-05;FRC;N19;;;14;10117;1935998324.0;;;3.75;3.73;3.78;3.73;3.73;3.73;0.0;0.0
103761;579343;2018-10-05;FRC;Q19;;;1;394;75251917.0;;;3.81;3.81;3.81;3.81;3.81;3.81;0.0;0.0
103762;579344;2018-10-05;FRC;U19;;;0;0;0.0;;;0.0;0.0;0.0;0.0;0.0;3.88;0.0;0.0
103763;579345;2018-10-05;FRC;V19;;;18;31487;5990168350.0;;;3.96;3.96;3.98;3.97;3.97;3.97;0.0;0.0
103764;579346;2018-10-05;FRC;F20;;;40;26779;5063967016.0;;;4.12;4.12;4.15;4.13;4.12;4.12;0.0;0.0
103765;579347;2018-10-05;FRC;J20;;;19;26234;4934062844.0;;;4.19;4.19;4.19;4.19;4.19;4.19;0.0;0.0
103766;579348;2018-10-05;FRC;N20;;;8;2144;400871649.0;;;4.28;4.28;4.28;4.28;4.28;4.28;0.0;0.0
103767;579349;2018-10-05;FRC;V20;;;6;3613;671619705.0;;;4.33;4.33;4.34;4.33;4.34;4.34;0.0;0.0
103768;579350;2018-10-05;FRC;F21;;;24;12977;2397552973.0;;;4.38;4.37;4.41;4.4;4.41;4.4;0.0;4.41
103769;579351;2018-10-05;FRC;J21;;;1;19;3491687.0;;;4.42;4.42;4.42;4.42;4.42;4.45;0.0;0.0
103770;579352;2018-10-05;FRC;N21;;;0;0;0.0;;;0.0;0.0;0.0;0.0;0.0;4.47;0.0;0.0
103771;579353;2018-10-05;FRC;V21;;;1;188;34151106.0;;;4.49;4.49;4.49;4.49;4.49;4.49;0.0;0.0
103772;579354;2018-10-05;FRC;F22;;;4;749;135253296.0;;;4.5;4.5;4.53;4.52;4.53;4.53;0.0;0.0
103773;579355;2018-10-05;FRC;J22;;;0;0;0.0;;;0.0;0.0;0.0;0.0;0.0;4.56;0.0;0.0
103774;579356;2018-10-05;FRC;N22;;;0;0;0.0;;;0.0;0.0;0.0;0.0;0.0;4.57;0.0;0.0
103775;579357;2018-10-05;FRC;V22;;;2;368;65259759.0;;;4.64;4.64;4.64;4.64;4.64;4.64;0.0;0.0
103776;579358;2018-10-05;FRC;F23;;;12;6510;1147419249.0;;;4.66;4.66;4.72;4.68;4.68;4.68;0.0;0.0
103777;579359;2018-10-05;FRC;J23;;;0;0;0.0;;;0.0;0.0;0.0;0.0;0.0;4.75;0.0;0.0
103778;579360;2018-10-05;FRC;N23;;;0;0;0.0;;;0.0;0.0;0.0;0.0;0.0;4.77;0.0;0.0
103779;579361;2018-10-05;FRC;V23;;;0;0;0.0;;;0.0;0.0;0.0;0.0;0.0;4.8;0.0;0.0
103780;579362;2018-10-05;FRC;F24;;;0;0;0.0;;;0.0;0.0;0.0;0.0;0.0;4.88;0.0;0.0
103781;579363;2018-10-05;FRC;N24;;;2;178;30222823.0;;;4.91;4.91;4.91;4.91;4.91;4.93;0.0;0.0
103782;579364;2018-10-05;FRC;F25;;;0;0;0.0;;;0.0;0.0;0.0;0.0;0.0;5.03;0.0;0.0
103783;579365;2018-10-05;FRC;N25;;;0;0;0.0;;;0.0;0.0;0.0;0.0;0.0;5.09;0.0;0.0
103784;579366;2018-10-05;FRC;F26;;;0;0;0.0;;;0.0;0.0;0.0;0.0;0.0;5.18;0.0;0.0
103785;579367;2018-10-05;FRC;N26;;;0;0;0.0;;;0.0;0.0;0.0;0.0;0.0;5.27;0.0;0.0
103786;579368;2018-10-05;FRC;F27;;;0;0;0.0;;;0.0;0.0;0.0;0.0;0.0;5.36;0.0;0.0
103787;579369;2018-10-05;FRC;F28;;;0;0;0.0;;;0.0;0.0;0.0;0.0;0.0;5.54;0.0;0.0
103788;579370;2018-10-05;FRC;F29;;;0;0;0.0;;;0.0;0.0;0.0;0.0;0.0;5.69;0.0;0.0
103789;579371;2018-10-05;FRC;F30;;;0;0;0.0;;;0.0;0.0;0.0;0.0;0.0;5.74;0.0;0.0
103790;579541;2018-10-08;FRC;Z18;;;22;37254;7077216385.0;;;2.79;2.79;2.84;2.81;2.84;2.84;0.0;0.0
103791;579542;2018-10-08;FRC;F19;;;40;55570;10540711206.0;;;3.09;3.09;3.12;3.11;3.12;3.12;0.0;0.0
103792;579543;2018-10-08;FRC;G19;;;27;58794;11134164382.0;;;3.3;3.3;3.34;3.31;3.3;3.3;0.0;0.0
103793;579544;2018-10-08;FRC;H19;;;11;6704;1267769289.0;;;3.39;3.39;3.39;3.39;3.39;3.39;0.0;0.0
103794;579545;2018-10-08;FRC;J19;;;12;11519;2175224166.0;;;3.38;3.38;3.38;3.38;3.38;3.38;0.0;0.0
103795;579546;2018-10-08;FRC;K19;;;28;13576;2559366191.0;;;3.5;3.39;3.5;3.46;3.43;3.43;0.0;0.0
103796;579547;2018-10-08;FRC;M19;;;0;0;0.0;;;0.0;0.0;0.0;0.0;0.0;3.51;0.0;0.0
103797;579548;2018-10-08;FRC;N19;;;12;7966;1497006749.0;;;3.56;3.55;3.56;3.55;3.55;3.55;0.0;0.0
103798;579549;2018-10-08;FRC;Q19;;;2;394;73910459.0;;;3.62;3.62;3.62;3.62;3.62;3.62;0.0;0.0
103799;579550;2018-10-08;FRC;U19;;;2;394;73776855.0;;;3.67;3.67;3.67;3.67;3.67;3.67;0.0;0.0
103800;579551;2018-10-08;FRC;V19;;;10;6294;1176389875.0;;;3.75;3.75;3.75;3.75;3.75;3.75;3.75;0.0
103801;579552;2018-10-08;FRC;F20;;;32;23470;4361335800.0;;;3.95;3.91;3.95;3.92;3.92;3.92;3.92;3.94
103802;579553;2018-10-08;FRC;J20;;;7;2918;539358016.0;;;4.0;4.0;4.0;4.0;4.0;4.0;3.99;0.0
103803;579554;2018-10-08;FRC;N20;;;11;4454;818640801.0;;;4.09;4.09;4.09;4.09;4.09;4.09;0.0;0.0
103804;579555;2018-10-08;FRC;V20;;;0;0;0.0;;;0.0;0.0;0.0;0.0;0.0;4.16;0.0;0.0
103805;579556;2018-10-08;FRC;F21;;;34;16094;2923118875.0;;;4.3;4.22;4.32;4.24;4.24;4.24;0.0;0.0
103806;579557;2018-10-08;FRC;J21;;;3;573;103533265.0;;;4.28;4.28;4.28;4.28;4.28;4.28;0.0;0.0
103807;579558;2018-10-08;FRC;N21;;;0;0;0.0;;;0.0;0.0;0.0;0.0;0.0;4.31;0.0;0.0
103808;579559;2018-10-08;FRC;V21;;;1;189;33772550.0;;;4.34;4.34;4.34;4.34;4.34;4.34;0.0;0.0
103809;579560;2018-10-08;FRC;F22;;;48;7779;1381844611.0;;;4.4;4.34;4.4;4.37;4.39;4.39;0.0;0.0
103810;579561;2018-10-08;FRC;J22;;;0;0;0.0;;;0.0;0.0;0.0;0.0;0.0;4.42;0.0;0.0
103811;579562;2018-10-08;FRC;N22;;;3;558;98019966.0;;;4.44;4.44;4.44;4.44;4.44;4.44;0.0;0.0
103812;579563;2018-10-08;FRC;V22;;;3;555;96868605.0;;;4.5;4.5;4.5;4.5;4.5;4.5;0.0;0.0
103813;579564;2018-10-08;FRC;F23;;;15;7630;1322798346.0;;;4.58;4.57;4.58;4.57;4.58;4.58;0.0;0.0
103814;579565;2018-10-08;FRC;J23;;;0;0;0.0;;;0.0;0.0;0.0;0.0;0.0;4.65;0.0;0.0
103815;579566;2018-10-08;FRC;N23;;;0;0;0.0;;;0.0;0.0;0.0;0.0;0.0;4.67;0.0;0.0
103816;579567;2018-10-08;FRC;V23;;;0;0;0.0;;;0.0;0.0;0.0;0.0;0.0;4.7;0.0;0.0
103817;579568;2018-10-08;FRC;F24;;;3;900;152145852.0;;;4.75;4.75;4.77;4.75;4.77;4.78;0.0;0.0
103818;579569;2018-10-08;FRC;N24;;;2;357;59645978.0;;;4.81;4.81;4.81;4.81;4.81;4.82;0.0;0.0
103819;579570;2018-10-08;FRC;F25;;;13;2642;435323687.0;;;4.91;4.91;4.91;4.91;4.91;4.91;0.0;0.0
103820;579571;2018-10-08;FRC;N25;;;0;0;0.0;;;0.0;0.0;0.0;0.0;0.0;4.98;0.0;0.0
103821;579572;2018-10-08;FRC;F26;;;0;0;0.0;;;0.0;0.0;0.0;0.0;0.0;5.08;0.0;0.0
103822;579573;2018-10-08;FRC;N26;;;0;0;0.0;;;0.0;0.0;0.0;0.0;0.0;5.17;0.0;0.0
103823;579574;2018-10-08;FRC;F27;;;6;1527;238310425.0;;;5.27;5.27;5.27;5.27;5.27;5.27;0.0;0.0
103824;579575;2018-10-08;FRC;F28;;;0;0;0.0;;;0.0;0.0;0.0;0.0;0.0;5.45;0.0;0.0
103825;579576;2018-10-08;FRC;F29;;;0;0;0.0;;;0.0;0.0;0.0;0.0;0.0;5.6;0.0;0.0
103826;579577;2018-10-08;FRC;F30;;;0;0;0.0;;;0.0;0.0;0.0;0.0;0.0;5.65;0.0;0.0
103827;579747;2018-10-09;FRC;Z18;;;21;63419;11793234823.0;;;2.84;2.83;2.86;2.84;2.85;2.84;0.0;0.0
103828;579748;2018-10-09;FRC;F19;;;55;217297;40347294345.0;;;3.12;3.09;3.15;3.12;3.11;3.11;0.0;0.0
103829;579749;2018-10-09;FRC;G19;;;28;151803;28141325697.0;;;3.31;3.29;3.34;3.31;3.3;3.3;3.3;0.0
103830;579750;2018-10-09;FRC;H19;;;24;58868;10897483111.0;;;3.39;3.38;3.41;3.38;3.41;3.38;3.38;0.0
103831;579751;2018-10-09;FRC;J19;;;23;38590;7133494807.0;;;3.4;3.33;3.4;3.37;3.38;3.37;0.0;0.0
103832;579752;2018-10-09;FRC;K19;;;12;28021;5171652824.0;;;3.43;3.41;3.43;3.42;3.43;3.41;0.0;0.0
103833;579753;2018-10-09;FRC;M19;;;2;1881;346591793.0;;;3.47;3.47;3.47;3.47;3.47;3.47;0.0;0.0
103834;579754;2018-10-09;FRC;N19;;;13;8182;1505353038.0;;;3.54;3.51;3.54;3.51;3.51;3.51;0.0;0.0
103835;579755;2018-10-09;FRC;Q19;;;4;986;181103931.0;;;3.56;3.56;3.56;3.56;3.56;3.56;0.0;0.0
103836;579756;2018-10-09;FRC;U19;;;0;0;0.0;;;0.0;0.0;0.0;0.0;0.0;3.62;0.0;0.0
103837;579757;2018-10-09;FRC;V19;;;16;12588;2303649052.0;;;3.72;3.7;3.72;3.7;3.7;3.7;3.7;0.0
103838;579758;2018-10-09;FRC;F20;;;38;47768;8691632183.0;;;3.92;3.87;3.92;3.87;3.87;3.87;3.87;0.0
103839;579759;2018-10-09;FRC;J20;;;9;3504;634200590.0;;;3.96;3.96;3.96;3.96;3.96;3.96;0.0;0.0
103840;579760;2018-10-09;FRC;N20;;;5;4162;749063251.0;;;4.09;4.04;4.09;4.05;4.04;4.06;0.0;0.0
103841;579761;2018-10-09;FRC;V20;;;4;1348;241201016.0;;;4.14;4.14;4.14;4.14;4.14;4.14;0.0;0.0
103842;579762;2018-10-09;FRC;F21;;;30;27416;4876588529.0;;;4.24;4.18;4.24;4.2;4.21;4.21;0.0;0.0
103843;579763;2018-10-09;FRC;J21;;;7;4003;708341949.0;;;4.27;4.23;4.27;4.23;4.25;4.25;0.0;0.0
103844;579764;2018-10-09;FRC;N21;;;4;1139;200458253.0;;;4.26;4.26;4.28;4.26;4.28;4.28;0.0;0.0
103845;579765;2018-10-09;FRC;V21;;;0;0;0.0;;;0.0;0.0;0.0;0.0;0.0;4.31;0.0;0.0
103846;579766;2018-10-09;FRC;F22;;;22;7884;1371004499.0;;;4.4;4.36;4.4;4.37;4.37;4.37;0.0;0.0
103847;579767;2018-10-09;FRC;J22;;;0;0;0.0;;;0.0;0.0;0.0;0.0;0.0;4.4;0.0;0.0
103848;579768;2018-10-09;FRC;N22;;;0;0;0.0;;;0.0;0.0;0.0;0.0;0.0;4.42;0.0;0.0
103849;579769;2018-10-09;FRC;V22;;;4;925;158098005.0;;;4.48;4.48;4.48;4.48;4.48;4.48;0.0;0.0
103850;579770;2018-10-09;FRC;F23;;;23;6438;1092788365.0;;;4.55;4.55;4.57;4.56;4.57;4.57;4.57;0.0
103851;579771;2018-10-09;FRC;J23;;;0;0;0.0;;;0.0;0.0;0.0;0.0;0.0;4.64;0.0;0.0
103852;579772;2018-10-09;FRC;N23;;;0;0;0.0;;;0.0;0.0;0.0;0.0;0.0;4.66;0.0;0.0
103853;579773;2018-10-09;FRC;V23;;;2;905;150775142.0;;;4.7;4.7;4.7;4.7;4.7;4.69;0.0;0.0
103854;579774;2018-10-09;FRC;F24;;;16;9000;1489300431.0;;;4.78;4.75;4.78;4.76;4.76;4.77;0.0;0.0
103855;579775;2018-10-09;FRC;N24;;;0;0;0.0;;;0.0;0.0;0.0;0.0;0.0;4.81;0.0;0.0
103856;579776;2018-10-09;FRC;F25;;;11;2299;371097119.0;;;4.91;4.9;4.91;4.9;4.9;4.9;0.0;0.0
103857;579777;2018-10-09;FRC;N25;;;0;0;0.0;;;0.0;0.0;0.0;0.0;0.0;4.97;0.0;0.0
103858;579778;2018-10-09;FRC;F26;;;0;0;0.0;;;0.0;0.0;0.0;0.0;0.0;5.08;0.0;0.0
103859;579779;2018-10-09;FRC;N26;;;0;0;0.0;;;0.0;0.0;0.0;0.0;0.0;5.16;0.0;0.0
103860;579780;2018-10-09;FRC;F27;;;3;510;77946201.0;;;5.27;5.27;5.27;5.27;5.27;5.27;0.0;0.0
103861;579781;2018-10-09;FRC;F28;;;1;166;24644767.0;;;5.44;5.44;5.44;5.44;5.44;5.44;0.0;0.0
103862;579782;2018-10-09;FRC;F29;;;0;0;0.0;;;0.0;0.0;0.0;0.0;0.0;5.59;0.0;0.0
103863;579783;2018-10-09;FRC;F30;;;0;0;0.0;;;0.0;0.0;0.0;0.0;0.0;5.64;0.0;0.0
103864;579953;2018-10-10;FRC;Z18;;;43;86903;16228571401.0;;;2.84;2.83;2.88;2.87;2.87;2.87;0.0;0.0
103865;579954;2018-10-10;FRC;F19;;;50;78388;14615952436.0;;;3.13;3.13;3.19;3.16;3.19;3.18;3.18;0.0
103866;579955;2018-10-10;FRC;G19;;;16;36843;6858382424.0;;;3.33;3.33;3.39;3.37;3.39;3.39;3.39;0.0
103867;579956;2018-10-10;FRC;H19;;;3;24204;4499522907.0;;;3.4;3.4;3.4;3.4;3.4;3.47;3.47;0.0
103868;579957;2018-10-10;FRC;J19;;;23;28420;5275537304.0;;;3.39;3.39;3.45;3.4;3.45;3.45;0.0;0.0
103869;579958;2018-10-10;FRC;K19;;;6;1783;330394948.0;;;3.51;3.51;3.51;3.51;3.51;3.51;0.0;0.0
103870;579959;2018-10-10;FRC;M19;;;0;0;0.0;;;0.0;0.0;0.0;0.0;0.0;3.56;0.0;0.0
103871;579960;2018-10-10;FRC;N19;;;14;10989;2029817614.0;;;3.53;3.53;3.6;3.59;3.6;3.6;0.0;0.0
103872;579961;2018-10-10;FRC;Q19;;;1;6493;1197586335.0;;;3.58;3.58;3.58;3.58;3.58;3.65;0.0;0.0
103873;579962;2018-10-10;FRC;U19;;;0;0;0.0;;;0.0;0.0;0.0;0.0;0.0;3.72;0.0;0.0
103874;579963;2018-10-10;FRC;V19;;;12;4327;794876978.0;;;3.74;3.74;3.8;3.79;3.8;3.8;0.0;3.8
103875;579964;2018-10-10;FRC;F20;;;23;10154;1854513935.0;;;3.91;3.91;3.97;3.96;3.97;3.97;0.0;0.0
103876;579965;2018-10-10;FRC;J20;;;4;776;140914790.0;;;4.08;4.08;4.08;4.08;4.08;4.08;0.0;4.08
103877;579966;2018-10-10;FRC;N20;;;0;0;0.0;;;0.0;0.0;0.0;0.0;0.0;4.19;0.0;0.0
103878;579967;2018-10-10;FRC;V20;;;5;1422;255187915.0;;;4.16;4.16;4.28;4.27;4.28;4.28;0.0;0.0
103879;579968;2018-10-10;FRC;F21;;;10;3076;548628541.0;;;4.24;4.24;4.35;4.34;4.35;4.35;0.0;0.0
103880;579969;2018-10-10;FRC;J21;;;0;0;0.0;;;0.0;0.0;0.0;0.0;0.0;4.39;0.0;0.0
103881;579970;2018-10-10;FRC;N21;;;3;4665;824333406.0;;;4.28;4.28;4.28;4.28;4.28;4.42;0.0;0.0
103882;579971;2018-10-10;FRC;V21;;;4;4528;795607029.0;;;4.31;4.31;4.46;4.31;4.46;4.46;0.0;0.0
103883;579972;2018-10-10;FRC;F22;;;3;561;97766253.0;;;4.5;4.5;4.5;4.5;4.5;4.5;0.0;0.0
103884;579973;2018-10-10;FRC;J22;;;0;0;0.0;;;0.0;0.0;0.0;0.0;0.0;4.53;0.0;0.0
103885;579974;2018-10-10;FRC;N22;;;0;0;0.0;;;0.0;0.0;0.0;0.0;0.0;4.55;0.0;0.0
103886;579975;2018-10-10;FRC;V22;;;0;0;0.0;;;0.0;0.0;0.0;0.0;0.0;4.62;0.0;0.0
103887;579976;2018-10-10;FRC;F23;;;7;1281;217821567.0;;;4.68;4.68;4.68;4.68;4.68;4.68;0.0;0.0
103888;579977;2018-10-10;FRC;J23;;;0;0;0.0;;;0.0;0.0;0.0;0.0;0.0;4.75;0.0;0.0
103889;579978;2018-10-10;FRC;N23;;;0;0;0.0;;;0.0;0.0;0.0;0.0;0.0;4.77;0.0;4.77
103890;579979;2018-10-10;FRC;V23;;;0;0;0.0;;;0.0;0.0;0.0;0.0;0.0;4.8;0.0;0.0
103891;579980;2018-10-10;FRC;F24;;;4;720;119374398.0;;;4.87;4.87;4.87;4.87;4.87;4.87;0.0;0.0
103892;579981;2018-10-10;FRC;N24;;;3;356;58304898.0;;;4.92;4.92;4.92;4.92;4.92;4.91;0.0;0.0
103893;579982;2018-10-10;FRC;F25;;;0;0;0.0;;;0.0;0.0;0.0;0.0;0.0;5.0;0.0;0.0
103894;579983;2018-10-10;FRC;N25;;;0;0;0.0;;;0.0;0.0;0.0;0.0;0.0;5.07;0.0;0.0
103895;579984;2018-10-10;FRC;F26;;;0;0;0.0;;;0.0;0.0;0.0;0.0;0.0;5.18;5.18;0.0
103896;579985;2018-10-10;FRC;N26;;;0;0;0.0;;;0.0;0.0;0.0;0.0;0.0;5.26;0.0;0.0
103897;579986;2018-10-10;FRC;F27;;;0;0;0.0;;;0.0;0.0;0.0;0.0;0.0;5.37;0.0;0.0
103898;579987;2018-10-10;FRC;F28;;;0;0;0.0;;;0.0;0.0;0.0;0.0;0.0;5.54;0.0;5.54
103899;579988;2018-10-10;FRC;F29;;;0;0;0.0;;;0.0;0.0;0.0;0.0;0.0;5.69;0.0;0.0
103900;579989;2018-10-10;FRC;F30;;;0;0;0.0;;;0.0;0.0;0.0;0.0;0.0;5.74;0.0;0.0
103901;580159;2018-10-11;FRC;Z18;;;20;38151;7153552538.0;;;2.87;2.84;2.91;2.87;2.91;2.91;0.0;0.0
103902;580160;2018-10-11;FRC;F19;;;23;44795;8386014608.0;;;3.18;3.15;3.24;3.21;3.24;3.24;0.0;0.0
103903;580161;2018-10-11;FRC;G19;;;19;35505;6635849249.0;;;3.39;3.33;3.47;3.42;3.47;3.47;0.0;0.0
103904;580162;2018-10-11;FRC;H19;;;0;0;0.0;;;0.0;0.0;0.0;0.0;0.0;3.55;3.5;0.0
103905;580163;2018-10-11;FRC;J19;;;16;11260;2098343697.0;;;3.45;3.45;3.52;3.48;3.52;3.52;0.0;0.0
103906;580164;2018-10-11;FRC;K19;;;8;4558;847929936.0;;;3.57;3.57;3.57;3.57;3.57;3.57;0.0;0.0
103907;580165;2018-10-11;FRC;M19;;;4;1188;220611517.0;;;3.64;3.64;3.64;3.64;3.64;3.64;0.0;0.0
103908;580166;2018-10-11;FRC;N19;;;16;25118;4657982553.0;;;3.6;3.6;3.65;3.63;3.65;3.65;0.0;3.65
103909;580167;2018-10-11;FRC;Q19;;;2;4262;789091662.0;;;3.65;3.65;3.65;3.65;3.65;3.7;0.0;0.0
103910;580168;2018-10-11;FRC;U19;;;1;20;3696759.0;;;3.73;3.73;3.73;3.73;3.73;3.77;0.0;0.0
103911;580169;2018-10-11;FRC;V19;;;18;6981;1287348842.0;;;3.85;3.85;3.85;3.85;3.85;3.85;0.0;0.0
103912;580170;2018-10-11;FRC;F20;;;39;27644;5069348571.0;;;3.97;3.95;4.0;3.96;4.0;4.0;0.0;4.0
103913;580171;2018-10-11;FRC;J20;;;7;2526;460505341.0;;;4.11;4.11;4.11;4.11;4.11;4.11;0.0;4.1
103914;580172;2018-10-11;FRC;N20;;;0;0;0.0;;;0.0;0.0;0.0;0.0;0.0;4.22;0.0;0.0
103915;580173;2018-10-11;FRC;V20;;;8;2884;519561866.0;;;4.3;4.3;4.3;4.3;4.3;4.3;0.0;0.0
103916;580174;2018-10-11;FRC;F21;;;14;6043;1082282238.0;;;4.35;4.33;4.35;4.34;4.34;4.34;0.0;4.33
103917;580175;2018-10-11;FRC;J21;;;0;0;0.0;;;0.0;0.0;0.0;0.0;0.0;4.38;0.0;0.0
103918;580176;2018-10-11;FRC;N21;;;0;0;0.0;;;0.0;0.0;0.0;0.0;0.0;4.41;0.0;0.0
103919;580177;2018-10-11;FRC;V21;;;2;376;66203240.0;;;4.45;4.45;4.45;4.45;4.45;4.45;0.0;0.0
103920;580178;2018-10-11;FRC;F22;;;6;1498;262192397.0;;;4.49;4.49;4.49;4.49;4.49;4.49;0.0;0.0
103921;580179;2018-10-11;FRC;J22;;;0;0;0.0;;;0.0;0.0;0.0;0.0;0.0;4.51;0.0;0.0
103922;580180;2018-10-11;FRC;N22;;;0;0;0.0;;;0.0;0.0;0.0;0.0;0.0;4.52;0.0;0.0
103923;580181;2018-10-11;FRC;V22;;;0;0;0.0;;;0.0;0.0;0.0;0.0;0.0;4.58;0.0;0.0
103924;580182;2018-10-11;FRC;F23;;;12;3691;630834633.0;;;4.68;4.63;4.68;4.64;4.63;4.63;4.6;0.0
103925;580183;2018-10-11;FRC;J23;;;0;0;0.0;;;0.0;0.0;0.0;0.0;0.0;4.7;0.0;0.0
103926;580184;2018-10-11;FRC;N23;;;0;0;0.0;;;0.0;0.0;0.0;0.0;0.0;4.71;0.0;4.71
103927;580185;2018-10-11;FRC;V23;;;2;361;60540531.0;;;4.77;4.77;4.77;4.77;4.77;4.74;0.0;0.0
103928;580186;2018-10-11;FRC;F24;;;1;180;30010095.0;;;4.8;4.8;4.8;4.8;4.8;4.8;0.0;0.0
103929;580187;2018-10-11;FRC;N24;;;0;0;0.0;;;0.0;0.0;0.0;0.0;0.0;4.85;0.0;0.0
103930;580188;2018-10-11;FRC;F25;;;4;1234;200290334.0;;;5.0;5.0;5.0;5.0;5.0;4.95;4.9;0.0
103931;580189;2018-10-11;FRC;N25;;;0;0;0.0;;;0.0;0.0;0.0;0.0;0.0;5.02;0.0;0.0
103932;580190;2018-10-11;FRC;F26;;;2;172;27146173.0;;;5.18;5.18;5.18;5.18;5.18;5.14;5.14;0.0
103933;580191;2018-10-11;FRC;N26;;;0;0;0.0;;;0.0;0.0;0.0;0.0;0.0;5.22;0.0;0.0
103934;580192;2018-10-11;FRC;F27;;;0;0;0.0;;;0.0;0.0;0.0;0.0;0.0;5.34;0.0;0.0
103935;580193;2018-10-11;FRC;F28;;;0;0;0.0;;;0.0;0.0;0.0;0.0;0.0;5.51;0.0;0.0
103936;580194;2018-10-11;FRC;F29;;;0;0;0.0;;;0.0;0.0;0.0;0.0;0.0;5.66;0.0;0.0
103937;580195;2018-10-11;FRC;F30;;;0;0;0.0;;;0.0;0.0;0.0;0.0;0.0;5.71;0.0;0.0
103938;580376;2018-10-15;FRC;Z18;;;35;77857;14510388823.0;;;2.92;2.91;3.0;2.94;3.0;3.0;0.0;3.01
103939;580377;2018-10-15;FRC;F19;;;40;77038;14334851293.0;;;3.25;3.24;3.31;3.28;3.31;3.31;0.0;0.0
103940;580378;2018-10-15;FRC;G19;;;18;16124;2994972647.0;;;3.56;3.55;3.56;3.55;3.56;3.56;0.0;0.0
103941;580379;2018-10-15;FRC;H19;;;3;11652;2161363819.0;;;3.55;3.55;3.56;3.55;3.56;3.63;3.6;0.0
103942;580380;2018-10-15;FRC;J19;;;13;12213;2262279447.0;;;3.47;3.47;3.51;3.49;3.51;3.59;0.0;0.0
103943;580381;2018-10-15;FRC;K19;;;11;6004;1110223510.0;;;3.57;3.54;3.63;3.58;3.63;3.63;0.0;0.0
103944;580382;2018-10-15;FRC;M19;;;0;0;0.0;;;0.0;0.0;0.0;0.0;0.0;3.69;0.0;0.0
103945;580383;2018-10-15;FRC;N19;;;30;22489;4144811078.0;;;3.62;3.62;3.69;3.68;3.69;3.69;3.69;3.71
103946;580384;2018-10-15;FRC;Q19;;;0;0;0.0;;;0.0;0.0;0.0;0.0;0.0;3.73;0.0;0.0
103947;580385;2018-10-15;FRC;U19;;;1;1280;235075212.0;;;3.77;3.77;3.77;3.77;3.77;3.79;0.0;0.0
103948;580386;2018-10-15;FRC;V19;;;5;3145;576489005.0;;;3.85;3.85;3.86;3.85;3.86;3.86;0.0;0.0
103949;580387;2018-10-15;FRC;F20;;;25;8917;1625236626.0;;;4.0;3.95;4.02;3.99;4.02;4.02;0.0;4.02
103950;580388;2018-10-15;FRC;J20;;;10;2913;527896851.0;;;4.11;4.11;4.11;4.11;4.11;4.11;0.0;4.11
103951;580389;2018-10-15;FRC;N20;;;6;1023;184315719.0;;;4.2;4.2;4.2;4.2;4.2;4.2;4.18;4.2
103952;580390;2018-10-15;FRC;V20;;;38;11344;2032091085.0;;;4.27;4.27;4.27;4.27;4.27;4.27;0.0;4.27
103953;580391;2018-10-15;FRC;F21;;;50;18271;3254587816.0;;;4.3;4.26;4.3;4.29;4.3;4.3;0.0;0.0
103954;580392;2018-10-15;FRC;J21;;;0;0;0.0;;;0.0;0.0;0.0;0.0;0.0;4.34;0.0;0.0
103955;580393;2018-10-15;FRC;N21;;;1;189;33287675.0;;;4.38;4.38;4.38;4.38;4.38;4.38;0.0;0.0
103956;580394;2018-10-15;FRC;V21;;;7;1694;296600065.0;;;4.43;4.43;4.43;4.43;4.43;4.43;0.0;0.0
103957;580395;2018-10-15;FRC;F22;;;10;5303;923208143.0;;;4.45;4.45;4.46;4.45;4.46;4.46;0.0;0.0
103958;580396;2018-10-15;FRC;J22;;;4;3732;646269607.0;;;4.47;4.47;4.47;4.47;4.47;4.48;0.0;0.0
103959;580397;2018-10-15;FRC;N22;;;4;929;159962324.0;;;4.5;4.5;4.5;4.5;4.5;4.5;0.0;0.0
103960;580398;2018-10-15;FRC;V22;;;0;0;0.0;;;0.0;0.0;0.0;0.0;0.0;4.56;0.0;0.0
103961;580399;2018-10-15;FRC;F23;;;18;11535;1960974118.0;;;4.63;4.57;4.63;4.6;4.61;4.61;0.0;0.0
103962;580400;2018-10-15;FRC;J23;;;0;0;0.0;;;0.0;0.0;0.0;0.0;0.0;4.68;4.6;0.0
103963;580401;2018-10-15;FRC;N23;;;0;0;0.0;;;0.0;0.0;0.0;0.0;0.0;4.69;0.0;0.0
103964;580402;2018-10-15;FRC;V23;;;0;0;0.0;;;0.0;0.0;0.0;0.0;0.0;4.72;0.0;0.0
103965;580403;2018-10-15;FRC;F24;;;4;3778;626104805.0;;;4.8;4.78;4.8;4.79;4.78;4.78;0.0;0.0
103966;580404;2018-10-15;FRC;N24;;;0;0;0.0;;;0.0;0.0;0.0;0.0;0.0;4.83;0.0;0.0
103967;580405;2018-10-15;FRC;F25;;;8;4409;712784294.0;;;4.92;4.92;4.92;4.92;4.92;4.92;0.0;0.0
103968;580406;2018-10-15;FRC;N25;;;0;0;0.0;;;0.0;0.0;0.0;0.0;0.0;4.98;0.0;0.0
103969;580407;2018-10-15;FRC;F26;;;2;760;119554165.0;;;5.11;5.11;5.11;5.11;5.11;5.09;5.09;0.0
103970;580408;2018-10-15;FRC;N26;;;0;0;0.0;;;0.0;0.0;0.0;0.0;0.0;5.17;0.0;0.0
103971;580409;2018-10-15;FRC;F27;;;4;849;129996217.0;;;5.28;5.28;5.28;5.28;5.28;5.28;0.0;0.0
103972;580410;2018-10-15;FRC;F28;;;3;783;116623804.0;;;5.44;5.44;5.44;5.44;5.44;5.45;0.0;0.0
103973;580411;2018-10-15;FRC;F29;;;0;0;0.0;;;0.0;0.0;0.0;0.0;0.0;5.6;0.0;0.0
103974;580412;2018-10-15;FRC;F30;;;0;0;0.0;;;0.0;0.0;0.0;0.0;0.0;5.65;0.0;0.0
103975;580582;2018-10-16;FRC;Z18;;;84;144809;26929737237.0;;;3.0;2.88;3.01;2.99;2.98;2.98;0.0;0.0
103976;580583;2018-10-16;FRC;F19;;;24;19103;3546996950.0;;;3.31;3.25;3.31;3.28;3.28;3.27;3.27;0.0
103977;580584;2018-10-16;FRC;G19;;;17;17322;3210677159.0;;;3.56;3.53;3.56;3.54;3.53;3.53;3.5;3.55
103978;580585;2018-10-16;FRC;H19;;;13;13321;2465361396.0;;;3.62;3.62;3.62;3.62;3.62;3.62;0.0;0.0
103979;580586;2018-10-16;FRC;J19;;;17;8939;1651976513.0;;;3.59;3.55;3.59;3.57;3.58;3.58;0.0;0.0
103980;580587;2018-10-16;FRC;K19;;;8;2773;511608691.0;;;3.63;3.63;3.63;3.63;3.63;3.63;0.0;0.0
103981;580588;2018-10-16;FRC;M19;;;0;0;0.0;;;0.0;0.0;0.0;0.0;0.0;3.7;0.0;0.0
103982;580589;2018-10-16;FRC;N19;;;36;14921;2744081149.0;;;3.67;3.64;3.7;3.69;3.7;3.7;0.0;0.0
103983;580590;2018-10-16;FRC;Q19;;;1;197;36168282.0;;;3.72;3.72;3.72;3.72;3.72;3.72;0.0;0.0
103984;580591;2018-10-16;FRC;U19;;;4;985;180504620.0;;;3.78;3.78;3.78;3.78;3.78;3.78;0.0;0.0
103985;580592;2018-10-16;FRC;V19;;;16;7491;1370404253.0;;;3.82;3.82;3.99;3.82;3.82;3.82;0.0;0.0
103986;580593;2018-10-16;FRC;F20;;;20;8205;1492270811.0;;;4.01;3.95;4.01;3.99;3.99;3.99;0.0;0.0
103987;580594;2018-10-16;FRC;J20;;;0;0;0.0;;;0.0;0.0;0.0;0.0;0.0;4.08;0.0;4.08
103988;580595;2018-10-16;FRC;N20;;;12;4851;872468920.0;;;4.16;4.16;4.16;4.16;4.16;4.16;0.0;0.0
103989;580596;2018-10-16;FRC;V20;;;3;365;65254029.0;;;4.25;4.25;4.25;4.25;4.25;4.24;0.0;0.0
103990;580597;2018-10-16;FRC;F21;;;16;5626;1000071811.0;;;4.28;4.26;4.29;4.28;4.28;4.29;0.0;0.0
103991;580598;2018-10-16;FRC;J21;;;0;0;0.0;;;0.0;0.0;0.0;0.0;0.0;4.33;0.0;0.0
103992;580599;2018-10-16;FRC;N21;;;5;3560;625769824.0;;;4.38;4.36;4.38;4.37;4.36;4.36;0.0;0.0
103993;580600;2018-10-16;FRC;V21;;;0;0;0.0;;;0.0;0.0;0.0;0.0;0.0;4.41;0.0;0.0
103994;580601;2018-10-16;FRC;F22;;;9;4309;748442153.0;;;4.48;4.44;4.48;4.46;4.44;4.44;0.0;0.0
103995;580602;2018-10-16;FRC;J22;;;0;0;0.0;;;0.0;0.0;0.0;0.0;0.0;4.46;0.0;0.0
103996;580603;2018-10-16;FRC;N22;;;0;0;0.0;;;0.0;0.0;0.0;0.0;0.0;4.48;0.0;0.0
103997;580604;2018-10-16;FRC;V22;;;0;0;0.0;;;0.0;0.0;0.0;0.0;0.0;4.54;0.0;0.0
103998;580605;2018-10-16;FRC;F23;;;19;5512;935362241.0;;;4.6;4.59;4.6;4.59;4.59;4.59;0.0;0.0
103999;580606;2018-10-16;FRC;J23;;;0;0;0.0;;;0.0;0.0;0.0;0.0;0.0;4.66;0.0;0.0
104000;580607;2018-10-16;FRC;N23;;;0;0;0.0;;;0.0;0.0;0.0;0.0;0.0;4.67;0.0;0.0
104001;580608;2018-10-16;FRC;V23;;;0;0;0.0;;;0.0;0.0;0.0;0.0;0.0;4.7;0.0;0.0
104002;580609;2018-10-16;FRC;F24;;;7;1260;208527123.0;;;4.78;4.76;4.78;4.76;4.76;4.76;0.0;0.0
104003;580610;2018-10-16;FRC;N24;;;0;0;0.0;;;0.0;0.0;0.0;0.0;0.0;4.81;0.0;0.0
104004;580611;2018-10-16;FRC;F25;;;21;12197;1968144855.0;;;4.93;4.9;4.93;4.91;4.9;4.9;0.0;0.0
104005;580612;2018-10-16;FRC;N25;;;4;10309;1641835184.0;;;5.0;5.0;5.0;5.0;5.0;4.96;0.0;0.0
104006;580613;2018-10-16;FRC;F26;;;4;5691;894044810.0;;;5.09;5.09;5.09;5.09;5.09;5.07;5.07;0.0
104007;580614;2018-10-16;FRC;N26;;;1;34;5262695.0;;;5.17;5.17;5.17;5.17;5.17;5.15;0.0;0.0
104008;580615;2018-10-16;FRC;F27;;;4;1560;238283922.0;;;5.28;5.26;5.28;5.27;5.26;5.26;0.0;0.0
104009;580616;2018-10-16;FRC;F28;;;0;0;0.0;;;0.0;0.0;0.0;0.0;0.0;5.43;0.0;0.0
104010;580617;2018-10-16;FRC;F29;;;0;0;0.0;;;0.0;0.0;0.0;0.0;0.0;5.58;0.0;0.0
104011;580618;2018-10-16;FRC;F30;;;0;0;0.0;;;0.0;0.0;0.0;0.0;0.0;5.63;0.0;0.0
104012;580787;2018-10-17;FRC;Z18;;;108;227264;41851480941.0;;;2.95;2.94;3.1;3.03;3.05;3.1;0.0;3.1
104013;580788;2018-10-17;FRC;F19;;;35;54339;9990771538.0;;;3.28;3.28;3.42;3.34;3.36;3.36;3.33;0.0
104014;580789;2018-10-17;FRC;G19;;;15;15527;2849909201.0;;;3.51;3.51;3.61;3.56;3.61;3.61;3.59;0.0
104015;580790;2018-10-17;FRC;H19;;;9;12723;2331561122.0;;;3.59;3.59;3.68;3.67;3.66;3.69;3.66;0.0
104016;580791;2018-10-17;FRC;J19;;;27;18954;3468296869.0;;;3.57;3.57;3.64;3.63;3.64;3.64;0.0;0.0
104017;580792;2018-10-17;FRC;K19;;;3;535;97745437.0;;;3.6;3.6;3.65;3.63;3.65;3.69;0.0;0.0
104018;580793;2018-10-17;FRC;M19;;;2;396;72217946.0;;;3.71;3.71;3.71;3.71;3.71;3.75;0.0;0.0
104019;580794;2018-10-17;FRC;N19;;;22;21099;3841803550.0;;;3.7;3.7;3.75;3.74;3.75;3.75;0.0;3.75
104020;580795;2018-10-17;FRC;Q19;;;1;1479;268892321.0;;;3.73;3.73;3.73;3.73;3.73;3.76;0.0;0.0
104021;580796;2018-10-17;FRC;U19;;;0;0;0.0;;;0.0;0.0;0.0;0.0;0.0;3.81;0.0;0.0
104022;580797;2018-10-17;FRC;V19;;;30;19643;3558193468.0;;;3.8;3.77;3.85;3.84;3.84;3.85;0.0;0.0
104023;580798;2018-10-17;FRC;F20;;;24;16070;2894563070.0;;;3.97;3.97;3.98;3.97;3.98;3.98;3.98;0.0
104024;580799;2018-10-17;FRC;J20;;;3;894;160154481.0;;;4.06;4.06;4.07;4.06;4.07;4.07;0.0;4.07
104025;580800;2018-10-17;FRC;N20;;;3;386;68757203.0;;;4.14;4.14;4.15;4.14;4.15;4.15;0.0;0.0
104026;580801;2018-10-17;FRC;V20;;;9;2538;449472413.0;;;4.22;4.22;4.22;4.22;4.22;4.22;0.0;4.22
104027;580802;2018-10-17;FRC;F21;;;9;7941;1397929292.0;;;4.29;4.27;4.29;4.28;4.27;4.27;0.0;0.0
104028;580803;2018-10-17;FRC;J21;;;0;0;0.0;;;0.0;0.0;0.0;0.0;0.0;4.31;0.0;0.0
104029;580804;2018-10-17;FRC;N21;;;2;644;112166413.0;;;4.33;4.33;4.33;4.33;4.33;4.34;0.0;4.37
104030;580805;2018-10-17;FRC;V21;;;0;0;0.0;;;0.0;0.0;0.0;0.0;0.0;4.39;0.0;0.0
104031;580806;2018-10-17;FRC;F22;;;19;4375;753237262.0;;;4.42;4.38;4.42;4.4;4.41;4.41;4.41;0.0
104032;580807;2018-10-17;FRC;J22;;;2;38;6517959.0;;;4.4;4.4;4.4;4.4;4.4;4.42;0.0;0.0
104033;580808;2018-10-17;FRC;N22;;;2;38;6485249.0;;;4.42;4.42;4.42;4.42;4.42;4.43;0.0;0.0
104034;580809;2018-10-17;FRC;V22;;;1;18;3040185.0;;;4.48;4.48;4.48;4.48;4.48;4.48;0.0;0.0
104035;580810;2018-10-17;FRC;F23;;;26;7892;1327709676.0;;;4.56;4.53;4.56;4.53;4.53;4.53;0.0;0.0
104036;580811;2018-10-17;FRC;J23;;;2;219;36588095.0;;;4.61;4.61;4.61;4.61;4.61;4.6;0.0;0.0
104037;580812;2018-10-17;FRC;N23;;;0;0;0.0;;;0.0;0.0;0.0;0.0;0.0;4.61;0.0;0.0
104038;580813;2018-10-17;FRC;V23;;;0;0;0.0;;;0.0;0.0;0.0;0.0;0.0;4.64;0.0;0.0
104039;580814;2018-10-17;FRC;F24;;;2;540;88530094.0;;;4.75;4.75;4.75;4.75;4.75;4.7;0.0;0.0
104040;580815;2018-10-17;FRC;N24;;;2;36;5846491.0;;;4.75;4.75;4.75;4.75;4.75;4.74;0.0;0.0
104041;580816;2018-10-17;FRC;F25;;;33;13800;2207974773.0;;;4.89;4.82;4.93;4.86;4.82;4.82;4.82;0.0
104042;580817;2018-10-17;FRC;N25;;;0;0;0.0;;;0.0;0.0;0.0;0.0;0.0;4.88;0.0;0.0
104043;580818;2018-10-17;FRC;F26;;;8;5918;921443185.0;;;5.07;5.02;5.07;5.06;5.02;4.99;4.99;5.03
104044;580819;2018-10-17;FRC;N26;;;0;0;0.0;;;0.0;0.0;0.0;0.0;0.0;5.07;0.0;0.0
104045;580820;2018-10-17;FRC;F27;;;2;425;64489234.0;;;5.19;5.19;5.19;5.19;5.19;5.18;0.0;0.0
104046;580821;2018-10-17;FRC;F28;;;0;0;0.0;;;0.0;0.0;0.0;0.0;0.0;5.35;0.0;0.0
104047;580822;2018-10-17;FRC;F29;;;0;0;0.0;;;0.0;0.0;0.0;0.0;0.0;5.5;0.0;0.0
104048;580823;2018-10-17;FRC;F30;;;0;0;0.0;;;0.0;0.0;0.0;0.0;0.0;5.55;0.0;0.0
104049;580992;2018-10-18;FRC;Z18;;;40;55546;10261422480.0;;;3.07;3.04;3.12;3.1;3.04;3.11;3.06;3.11
104050;580993;2018-10-18;FRC;F19;;;16;24546;4527325852.0;;;3.37;3.36;3.41;3.39;3.4;3.4;3.38;0.0
104051;580994;2018-10-18;FRC;G19;;;18;11941;2198552020.0;;;3.61;3.61;3.66;3.63;3.66;3.66;0.0;0.0
104052;580995;2018-10-18;FRC;H19;;;23;28447;5228991023.0;;;3.77;3.77;3.77;3.77;3.77;3.77;0.0;3.77
104053;580996;2018-10-18;FRC;J19;;;16;45871;8420733348.0;;;3.62;3.62;3.67;3.63;3.67;3.66;0.0;0.0
104054;580997;2018-10-18;FRC;K19;;;1;139;25472901.0;;;3.71;3.71;3.71;3.71;3.71;3.71;0.0;0.0
104055;580998;2018-10-18;FRC;M19;;;1;158;28900157.0;;;3.78;3.78;3.78;3.78;3.78;3.78;0.0;0.0
104056;580999;2018-10-18;FRC;N19;;;15;8261;1508891687.0;;;3.78;3.77;3.78;3.77;3.78;3.78;0.0;3.8
104057;581000;2018-10-18;FRC;Q19;;;1;394;71845091.0;;;3.79;3.79;3.79;3.79;3.79;3.79;0.0;0.0
104058;581001;2018-10-18;FRC;U19;;;5;1379;251005052.0;;;3.83;3.83;3.83;3.83;3.83;3.83;0.0;0.0
104059;581002;2018-10-18;FRC;V19;;;35;24926;4529659242.0;;;3.85;3.85;3.86;3.85;3.85;3.85;0.0;0.0
104060;581003;2018-10-18;FRC;F20;;;18;10827;1956445087.0;;;3.98;3.97;3.99;3.98;3.98;3.98;3.99;0.0
104061;581004;2018-10-18;FRC;J20;;;20;12521;2250226288.0;;;4.07;4.06;4.08;4.06;4.06;4.06;0.0;0.0
104062;581005;2018-10-18;FRC;N20;;;2;97;17335860.0;;;4.15;4.15;4.15;4.15;4.15;4.14;0.0;0.0
104063;581006;2018-10-18;FRC;V20;;;13;5000;888467794.0;;;4.19;4.19;4.21;4.2;4.21;4.21;0.0;0.0
104064;581007;2018-10-18;FRC;F21;;;11;3156;557537688.0;;;4.27;4.25;4.27;4.25;4.26;4.25;0.0;0.0
104065;581008;2018-10-18;FRC;J21;;;0;0;0.0;;;0.0;0.0;0.0;0.0;0.0;4.28;0.0;0.0
104066;581009;2018-10-18;FRC;N21;;;8;1727;301945275.0;;;4.34;4.29;4.34;4.29;4.29;4.29;0.0;0.0
104067;581010;2018-10-18;FRC;V21;;;6;1322;229853473.0;;;4.32;4.32;4.32;4.32;4.32;4.32;0.0;0.0
104068;581011;2018-10-18;FRC;F22;;;8;2066;357096550.0;;;4.36;4.36;4.36;4.36;4.36;4.36;0.0;0.0
104069;581012;2018-10-18;FRC;J22;;;0;0;0.0;;;0.0;0.0;0.0;0.0;0.0;4.38;0.0;0.0
104070;581013;2018-10-18;FRC;N22;;;3;558;95412989.0;;;4.4;4.4;4.4;4.4;4.4;4.4;0.0;0.0
104071;581014;2018-10-18;FRC;V22;;;5;925;157186641.0;;;4.45;4.45;4.45;4.45;4.45;4.45;0.0;0.0
104072;581015;2018-10-18;FRC;F23;;;7;2595;438674282.0;;;4.45;4.45;4.45;4.45;4.45;4.45;0.0;0.0
104073;581016;2018-10-18;FRC;J23;;;2;1317;220831673.0;;;4.6;4.6;4.6;4.6;4.6;4.52;0.0;0.0
104074;581017;2018-10-18;FRC;N23;;;2;1274;212362485.0;;;4.63;4.63;4.63;4.63;4.63;4.53;0.0;0.0
104075;581018;2018-10-18;FRC;V23;;;0;0;0.0;;;0.0;0.0;0.0;0.0;0.0;4.56;0.0;0.0
104076;581019;2018-10-18;FRC;F24;;;2;1228;202654681.0;;;4.61;4.61;4.61;4.61;4.61;4.61;0.0;0.0
104077;581020;2018-10-18;FRC;N24;;;0;0;0.0;;;0.0;0.0;0.0;0.0;0.0;4.65;0.0;0.0
104078;581021;2018-10-18;FRC;F25;;;9;2124;342082375.0;;;4.74;4.74;4.74;4.74;4.74;4.74;0.0;0.0
104079;581022;2018-10-18;FRC;N25;;;0;0;0.0;;;0.0;0.0;0.0;0.0;0.0;4.8;0.0;0.0
104080;581023;2018-10-18;FRC;F26;;;0;0;0.0;;;0.0;0.0;0.0;0.0;0.0;4.91;0.0;0.0
104081;581024;2018-10-18;FRC;N26;;;0;0;0.0;;;0.0;0.0;0.0;0.0;0.0;4.99;0.0;0.0
104082;581025;2018-10-18;FRC;F27;;;0;0;0.0;;;0.0;0.0;0.0;0.0;0.0;5.1;0.0;0.0
104083;581026;2018-10-18;FRC;F28;;;0;0;0.0;;;0.0;0.0;0.0;0.0;0.0;5.27;0.0;0.0
104084;581027;2018-10-18;FRC;F29;;;0;0;0.0;;;0.0;0.0;0.0;0.0;0.0;5.42;0.0;0.0
104085;581028;2018-10-18;FRC;F30;;;0;0;0.0;;;0.0;0.0;0.0;0.0;0.0;5.47;0.0;0.0
104086;581195;2018-10-19;FRC;Z18;;;63;101500;18730437449.0;;;3.01;3.01;3.2;3.16;3.2;3.2;0.0;3.25
104087;581196;2018-10-19;FRC;F19;;;41;41570;7658485052.0;;;3.44;3.44;3.51;3.49;3.5;3.51;0.0;0.0
104088;581197;2018-10-19;FRC;G19;;;23;22751;4183958741.0;;;3.66;3.66;3.75;3.72;3.73;3.73;0.0;0.0
104089;581198;2018-10-19;FRC;H19;;;17;9561;1755400463.0;;;3.77;3.77;3.84;3.83;3.84;3.84;0.0;0.0
104090;581199;2018-10-19;FRC;J19;;;11;8614;1579509307.0;;;3.67;3.66;3.71;3.67;3.71;3.71;0.0;0.0
104091;581200;2018-10-19;FRC;K19;;;3;1386;253689557.0;;;3.76;3.76;3.76;3.76;3.76;3.76;0.0;0.0
104092;581201;2018-10-19;FRC;M19;;;1;1385;253059496.0;;;3.8;3.8;3.8;3.8;3.8;3.82;0.0;0.0
104093;581202;2018-10-19;FRC;N19;;;6;4247;774853132.0;;;3.78;3.78;3.81;3.8;3.81;3.81;3.81;0.0
104094;581203;2018-10-19;FRC;Q19;;;7;2956;538315792.0;;;3.86;3.86;3.86;3.86;3.86;3.86;0.0;0.0
104095;581204;2018-10-19;FRC;U19;;;0;0;0.0;;;0.0;0.0;0.0;0.0;0.0;3.89;0.0;0.0
104096;581205;2018-10-19;FRC;V19;;;31;6824;1238611129.0;;;3.85;3.85;3.91;3.88;3.91;3.91;3.91;0.0
104097;581206;2018-10-19;FRC;F20;;;5;666;120211655.0;;;3.99;3.99;4.03;4.0;4.03;4.03;4.02;4.05
104098;581207;2018-10-19;FRC;J20;;;0;0;0.0;;;0.0;0.0;0.0;0.0;0.0;4.11;0.0;0.0
104099;581208;2018-10-19;FRC;N20;;;2;541;96580626.0;;;4.14;4.14;4.14;4.14;4.14;4.19;0.0;0.0
104100;581209;2018-10-19;FRC;V20;;;10;3652;647983658.0;;;4.25;4.25;4.25;4.25;4.25;4.25;0.0;0.0
104101;581210;2018-10-19;FRC;F21;;;12;4017;708658254.0;;;4.27;4.27;4.29;4.28;4.29;4.29;4.28;0.0
104102;581211;2018-10-19;FRC;J21;;;0;0;0.0;;;0.0;0.0;0.0;0.0;0.0;4.33;0.0;0.0
104103;581212;2018-10-19;FRC;N21;;;2;568;99106466.0;;;4.36;4.36;4.36;4.36;4.36;4.36;0.0;0.0
104104;581213;2018-10-19;FRC;V21;;;0;0;0.0;;;0.0;0.0;0.0;0.0;0.0;4.38;0.0;0.0
104105;581214;2018-10-19;FRC;F22;;;7;1503;259335948.0;;;4.41;4.41;4.41;4.41;4.41;4.41;4.41;0.0
104106;581215;2018-10-19;FRC;J22;;;1;93;15964466.0;;;4.39;4.39;4.39;4.39;4.39;4.43;0.0;0.0
104107;581216;2018-10-19;FRC;N22;;;0;0;0.0;;;0.0;0.0;0.0;0.0;0.0;4.45;0.0;0.0
104108;581217;2018-10-19;FRC;V22;;;0;0;0.0;;;0.0;0.0;0.0;0.0;0.0;4.5;0.0;0.0
104109;581218;2018-10-19;FRC;F23;;;13;4437;749051210.0;;;4.45;4.45;4.5;4.46;4.49;4.5;0.0;0.0
104110;581219;2018-10-19;FRC;J23;;;4;1649;276726120.0;;;4.51;4.51;4.51;4.51;4.51;4.51;0.0;4.51
104111;581220;2018-10-19;FRC;N23;;;0;0;0.0;;;0.0;0.0;0.0;0.0;0.0;4.58;0.0;0.0
104112;581221;2018-10-19;FRC;V23;;;0;0;0.0;;;0.0;0.0;0.0;0.0;0.0;4.61;0.0;0.0
104113;581222;2018-10-19;FRC;F24;;;0;0;0.0;;;0.0;0.0;0.0;0.0;0.0;4.66;0.0;0.0
104114;581223;2018-10-19;FRC;N24;;;0;0;0.0;;;0.0;0.0;0.0;0.0;0.0;4.7;0.0;0.0
104115;581224;2018-10-19;FRC;F25;;;7;2125;341724321.0;;;4.74;4.74;4.79;4.76;4.79;4.78;4.78;0.0
104116;581225;2018-10-19;FRC;N25;;;0;0;0.0;;;0.0;0.0;0.0;0.0;0.0;4.84;0.0;0.0
104117;581226;2018-10-19;FRC;F26;;;10;3421;535979213.0;;;4.92;4.92;4.95;4.93;4.95;4.94;4.94;0.0
104118;581227;2018-10-19;FRC;N26;;;0;0;0.0;;;0.0;0.0;0.0;0.0;0.0;5.04;0.0;0.0
104119;581228;2018-10-19;FRC;F27;;;4;1191;181624120.0;;;5.1;5.1;5.1;5.1;5.1;5.17;0.0;0.0
104120;581229;2018-10-19;FRC;F28;;;3;501;74243229.0;;;5.31;5.31;5.31;5.31;5.31;5.31;0.0;0.0
104121;581230;2018-10-19;FRC;F29;;;0;0;0.0;;;0.0;0.0;0.0;0.0;0.0;5.46;0.0;0.0
104122;581231;2018-10-19;FRC;F30;;;0;0;0.0;;;0.0;0.0;0.0;0.0;0.0;5.51;0.0;0.0
104123;581398;2018-10-22;FRC;Z18;;;216;351243;64767969910.0;;;3.19;3.07;3.2;3.13;3.1;3.1;3.08;3.09
104124;581399;2018-10-22;FRC;F19;;;44;106761;19654486259.0;;;3.52;3.39;3.53;3.45;3.42;3.42;3.4;0.0
104125;581400;2018-10-22;FRC;G19;;;34;36329;6676472205.0;;;3.71;3.63;3.71;3.67;3.67;3.67;0.0;0.0
104126;581401;2018-10-22;FRC;H19;;;12;11430;2097271218.0;;;3.76;3.76;3.76;3.76;3.76;3.76;0.0;3.76
104127;581402;2018-10-22;FRC;J19;;;26;25037;4588040009.0;;;3.68;3.62;3.68;3.62;3.62;3.62;0.0;0.0
104128;581403;2018-10-22;FRC;K19;;;2;2041;373375893.0;;;3.76;3.68;3.76;3.68;3.68;3.67;0.0;0.0
104129;581404;2018-10-22;FRC;M19;;;0;0;0.0;;;0.0;0.0;0.0;0.0;0.0;3.73;0.0;0.0
104130;581405;2018-10-22;FRC;N19;;;20;19047;3473333528.0;;;3.74;3.72;3.74;3.72;3.72;3.72;0.0;3.72
104131;581406;2018-10-22;FRC;Q19;;;4;2169;394822680.0;;;3.78;3.78;3.78;3.78;3.78;3.78;0.0;0.0
104132;581407;2018-10-22;FRC;U19;;;8;4332;787219233.0;;;3.79;3.79;3.79;3.79;3.79;3.79;0.0;0.0
104133;581408;2018-10-22;FRC;V19;;;16;6607;1198640188.0;;;3.82;3.82;4.01;3.82;3.82;3.82;3.82;3.84
104134;581409;2018-10-22;FRC;F20;;;32;16523;2980499351.0;;;4.0;3.95;4.15;3.97;3.96;3.96;3.94;3.96
104135;581410;2018-10-22;FRC;J20;;;12;5467;980949911.0;;;4.05;4.04;4.05;4.04;4.04;4.04;0.0;0.0
104136;581411;2018-10-22;FRC;N20;;;0;0;0.0;;;0.0;0.0;0.0;0.0;0.0;4.12;0.0;4.12
104137;581412;2018-10-22;FRC;V20;;;2;1925;341542082.0;;;4.18;4.18;4.18;4.18;4.18;4.18;4.18;0.0
104138;581413;2018-10-22;FRC;F21;;;16;9092;1603954725.0;;;4.21;4.21;4.22;4.21;4.22;4.22;4.2;0.0
104139;581414;2018-10-22;FRC;J21;;;0;0;0.0;;;0.0;0.0;0.0;0.0;0.0;4.26;0.0;0.0
104140;581415;2018-10-22;FRC;N21;;;0;0;0.0;;;0.0;0.0;0.0;0.0;0.0;4.29;0.0;0.0
104141;581416;2018-10-22;FRC;V21;;;0;0;0.0;;;0.0;0.0;0.0;0.0;0.0;4.31;0.0;0.0
104142;581417;2018-10-22;FRC;F22;;;7;2292;395531070.0;;;4.35;4.34;4.35;4.34;4.34;4.34;4.35;4.36
104143;581418;2018-10-22;FRC;J22;;;0;0;0.0;;;0.0;0.0;0.0;0.0;0.0;4.36;0.0;0.0
104144;581419;2018-10-22;FRC;N22;;;0;0;0.0;;;0.0;0.0;0.0;0.0;0.0;4.38;0.0;0.0
104145;581420;2018-10-22;FRC;V22;;;0;0;0.0;;;0.0;0.0;0.0;0.0;0.0;4.44;0.0;0.0
104146;581421;2018-10-22;FRC;F23;;;12;3257;549686687.0;;;4.44;4.44;4.44;4.44;4.44;4.44;4.44;4.46
104147;581422;2018-10-22;FRC;J23;;;2;550;92355484.0;;;4.44;4.44;4.44;4.44;4.44;4.44;0.0;0.0
104148;581423;2018-10-22;FRC;N23;;;2;365;60929293.0;;;4.48;4.48;4.48;4.48;4.48;4.48;4.46;0.0
104149;581424;2018-10-22;FRC;V23;;;0;0;0.0;;;0.0;0.0;0.0;0.0;0.0;4.52;4.47;0.0
104150;581425;2018-10-22;FRC;F24;;;2;361;59528084.0;;;4.56;4.56;4.56;4.56;4.56;4.59;0.0;0.0
104151;581426;2018-10-22;FRC;N24;;;1;179;29169886.0;;;4.63;4.63;4.63;4.63;4.63;4.63;0.0;0.0
104152;581427;2018-10-22;FRC;F25;;;2;354;56925168.0;;;4.73;4.73;4.73;4.73;4.73;4.73;0.0;0.0
104153;581428;2018-10-22;FRC;N25;;;0;0;0.0;;;0.0;0.0;0.0;0.0;0.0;4.79;0.0;0.0
104154;581429;2018-10-22;FRC;F26;;;2;348;54564803.0;;;4.89;4.89;4.89;4.89;4.89;4.89;0.0;0.0
104155;581430;2018-10-22;FRC;N26;;;0;0;0.0;;;0.0;0.0;0.0;0.0;0.0;4.97;0.0;0.0
104156;581431;2018-10-22;FRC;F27;;;7;1361;207509134.0;;;5.08;5.08;5.08;5.08;5.08;5.08;0.0;0.0
104157;581432;2018-10-22;FRC;F28;;;3;586;87072199.0;;;5.22;5.22;5.22;5.22;5.22;5.22;0.0;0.0
104158;581433;2018-10-22;FRC;F29;;;0;0;0.0;;;0.0;0.0;0.0;0.0;0.0;5.37;0.0;0.0
104159;581434;2018-10-22;FRC;F30;;;0;0;0.0;;;0.0;0.0;0.0;0.0;0.0;5.42;0.0;0.0
104160;581602;2018-10-23;FRC;Z18;;;149;209783;38643884824.0;;;3.1;3.1;3.16;3.14;3.15;3.16;3.14;3.16
104161;581603;2018-10-23;FRC;F19;;;26;36889;6784289264.0;;;3.42;3.42;3.47;3.46;3.47;3.47;0.0;3.48
104162;581604;2018-10-23;FRC;G19;;;116;64336;11810899600.0;;;3.68;3.68;3.74;3.71;3.74;3.74;0.0;0.0
104163;581605;2018-10-23;FRC;H19;;;0;0;0.0;;;0.0;0.0;0.0;0.0;0.0;3.82;0.0;3.81
104164;581606;2018-10-23;FRC;J19;;;13;7540;1380167770.0;;;3.67;3.67;3.67;3.67;3.67;3.67;0.0;0.0
104165;581607;2018-10-23;FRC;K19;;;10;5607;1024627108.0;;;3.73;3.71;3.73;3.71;3.71;3.71;0.0;0.0
104166;581608;2018-10-23;FRC;M19;;;3;1780;324698751.0;;;3.76;3.76;3.76;3.76;3.76;3.76;0.0;0.0
104167;581609;2018-10-23;FRC;N19;;;56;4557;830121880.0;;;3.75;3.75;3.76;3.75;3.75;3.75;0.0;0.0
104168;581610;2018-10-23;FRC;Q19;;;5;1182;214924214.0;;;3.8;3.8;3.8;3.8;3.8;3.8;0.0;0.0
104169;581611;2018-10-23;FRC;U19;;;0;0;0.0;;;0.0;0.0;0.0;0.0;0.0;3.82;0.0;0.0
104170;581612;2018-10-23;FRC;V19;;;11;3855;698598789.0;;;3.85;3.85;3.85;3.85;3.85;3.85;0.0;0.0
104171;581613;2018-10-23;FRC;F20;;;13;9848;1774465179.0;;;3.99;3.99;3.99;3.99;3.99;3.99;0.0;0.0
104172;581614;2018-10-23;FRC;J20;;;9;2525;452526089.0;;;4.06;4.06;4.06;4.06;4.06;4.06;0.0;0.0
104173;581615;2018-10-23;FRC;N20;;;2;193;34393329.0;;;4.14;4.14;4.14;4.14;4.14;4.14;0.0;0.0
104174;581616;2018-10-23;FRC;V20;;;6;1404;248823316.0;;;4.19;4.19;4.19;4.19;4.19;4.19;0.0;0.0
104175;581617;2018-10-23;FRC;F21;;;17;5855;1031942515.0;;;4.24;4.21;4.24;4.21;4.21;4.21;0.0;0.0
104176;581618;2018-10-23;FRC;J21;;;0;0;0.0;;;0.0;0.0;0.0;0.0;0.0;4.25;0.0;0.0
104177;581619;2018-10-23;FRC;N21;;;6;1140;198823066.0;;;4.27;4.27;4.27;4.27;4.27;4.27;0.0;0.0
104178;581620;2018-10-23;FRC;V21;;;3;755;130951418.0;;;4.29;4.29;4.29;4.29;4.29;4.29;0.0;0.0
104179;581621;2018-10-23;FRC;F22;;;5;940;162133002.0;;;4.34;4.31;4.34;4.31;4.31;4.31;0.0;0.0
104180;581622;2018-10-23;FRC;J22;;;0;0;0.0;;;0.0;0.0;0.0;0.0;0.0;4.32;0.0;0.0
104181;581623;2018-10-23;FRC;N22;;;0;0;0.0;;;0.0;0.0;0.0;0.0;0.0;4.33;0.0;0.0
104182;581624;2018-10-23;FRC;V22;;;2;370;62773842.0;;;4.38;4.38;4.38;4.38;4.38;4.38;0.0;0.0
104183;581625;2018-10-23;FRC;F23;;;10;1748;294855076.0;;;4.44;4.41;4.44;4.41;4.41;4.41;0.0;0.0
104184;581626;2018-10-23;FRC;J23;;;1;183;30704319.0;;;4.42;4.42;4.42;4.42;4.42;4.42;0.0;0.0
104185;581627;2018-10-23;FRC;N23;;;0;0;0.0;;;0.0;0.0;0.0;0.0;0.0;4.44;0.0;0.0
104186;581628;2018-10-23;FRC;V23;;;0;0;0.0;;;0.0;0.0;0.0;0.0;0.0;4.47;0.0;0.0
104187;581629;2018-10-23;FRC;F24;;;13;3437;566692580.0;;;4.53;4.53;4.53;4.53;4.53;4.53;0.0;0.0
104188;581630;2018-10-23;FRC;N24;;;1;179;29140663.0;;;4.63;4.63;4.63;4.63;4.63;4.63;0.0;0.0
104189;581631;2018-10-23;FRC;F25;;;9;2482;399394451.0;;;4.73;4.66;4.73;4.67;4.66;4.66;0.0;0.0
104190;581632;2018-10-23;FRC;N25;;;0;0;0.0;;;0.0;0.0;0.0;0.0;0.0;4.72;0.0;0.0
104191;581633;2018-10-23;FRC;F26;;;0;0;0.0;;;0.0;0.0;0.0;0.0;0.0;4.81;4.8;0.0
104192;581634;2018-10-23;FRC;N26;;;0;0;0.0;;;0.0;0.0;0.0;0.0;0.0;4.89;0.0;0.0
104193;581635;2018-10-23;FRC;F27;;;0;0;0.0;;;0.0;0.0;0.0;0.0;0.0;4.99;4.99;0.0
104194;581636;2018-10-23;FRC;F28;;;0;0;0.0;;;0.0;0.0;0.0;0.0;0.0;5.25;0.0;0.0
104195;581637;2018-10-23;FRC;F29;;;0;0;0.0;;;0.0;0.0;0.0;0.0;0.0;5.4;0.0;0.0
104196;581638;2018-10-23;FRC;F30;;;0;0;0.0;;;0.0;0.0;0.0;0.0;0.0;5.45;0.0;0.0
104197;581806;2018-10-24;FRC;Z18;;;121;175219;32482418039.0;;;3.17;3.13;3.24;3.2;3.24;3.24;3.22;3.24
104198;581807;2018-10-24;FRC;F19;;;22;33660;6229838708.0;;;3.49;3.48;3.51;3.5;3.51;3.51;0.0;0.0
104199;581808;2018-10-24;FRC;G19;;;21;47097;8701384402.0;;;3.74;3.73;3.75;3.73;3.73;3.73;0.0;3.75
104200;581809;2018-10-24;FRC;H19;;;4;3795;699999945.0;;;3.84;3.84;3.84;3.84;3.84;3.84;0.0;0.0
104201;581810;2018-10-24;FRC;J19;;;7;7581;1396536201.0;;;3.7;3.68;3.7;3.68;3.68;3.68;0.0;0.0
104202;581811;2018-10-24;FRC;K19;;;9;3368;619399500.0;;;3.72;3.72;3.72;3.72;3.72;3.72;0.0;3.72
104203;581812;2018-10-24;FRC;M19;;;4;990;181753356.0;;;3.76;3.75;3.76;3.75;3.75;3.76;0.0;3.76
104204;581813;2018-10-24;FRC;N19;;;19;9309;1706596058.0;;;3.75;3.75;3.75;3.75;3.75;3.75;3.75;0.0
104205;581814;2018-10-24;FRC;Q19;;;0;0;0.0;;;0.0;0.0;0.0;0.0;0.0;3.8;0.0;0.0
104206;581815;2018-10-24;FRC;U19;;;0;0;0.0;;;0.0;0.0;0.0;0.0;0.0;3.82;0.0;0.0
104207;581816;2018-10-24;FRC;V19;;;7;1692;308582215.0;;;3.87;3.84;3.87;3.85;3.84;3.85;3.84;0.0
104208;581817;2018-10-24;FRC;F20;;;9;14034;2544808440.0;;;4.0;4.0;4.0;4.0;4.0;4.0;0.0;4.0
104209;581818;2018-10-24;FRC;J20;;;10;2914;525592817.0;;;4.06;4.06;4.06;4.06;4.06;4.06;0.0;0.0
104210;581819;2018-10-24;FRC;N20;;;0;0;0.0;;;0.0;0.0;0.0;0.0;0.0;4.14;0.0;0.0
104211;581820;2018-10-24;FRC;V20;;;2;38;6772901.0;;;4.21;4.21;4.21;4.21;4.21;4.19;0.0;0.0
104212;581821;2018-10-24;FRC;F21;;;14;8577;1521479765.0;;;4.25;4.2;4.25;4.2;4.2;4.21;0.0;0.0
104213;581822;2018-10-24;FRC;J21;;;2;95;16755950.0;;;4.27;4.27;4.27;4.27;4.27;4.24;0.0;0.0
104214;581823;2018-10-24;FRC;N21;;;4;760;133431495.0;;;4.25;4.25;4.25;4.25;4.25;4.25;0.0;0.0
104215;581824;2018-10-24;FRC;V21;;;0;0;0.0;;;0.0;0.0;0.0;0.0;0.0;4.27;0.0;0.0
104216;581825;2018-10-24;FRC;F22;;;8;1692;293861118.0;;;4.28;4.28;4.28;4.28;4.28;4.28;0.0;0.0
104217;581826;2018-10-24;FRC;J22;;;0;0;0.0;;;0.0;0.0;0.0;0.0;0.0;4.29;0.0;0.0
104218;581827;2018-10-24;FRC;N22;;;0;0;0.0;;;0.0;0.0;0.0;0.0;0.0;4.3;0.0;0.0
104219;581828;2018-10-24;FRC;V22;;;4;740;126438418.0;;;4.34;4.34;4.34;4.34;4.34;4.34;0.0;0.0
104220;581829;2018-10-24;FRC;F23;;;7;2063;350408597.0;;;4.42;4.37;4.42;4.38;4.37;4.37;0.0;0.0
104221;581830;2018-10-24;FRC;J23;;;4;862;145553397.0;;;4.43;4.42;4.44;4.43;4.42;4.38;0.0;0.0
104222;581831;2018-10-24;FRC;N23;;;3;493;82802461.0;;;4.45;4.43;4.45;4.44;4.43;4.4;0.0;0.0
104223;581832;2018-10-24;FRC;V23;;;0;0;0.0;;;0.0;0.0;0.0;0.0;0.0;4.43;0.0;0.0
104224;581833;2018-10-24;FRC;F24;;;6;1086;180335008.0;;;4.5;4.5;4.5;4.5;4.5;4.5;0.0;0.0
104225;581834;2018-10-24;FRC;N24;;;0;0;0.0;;;0.0;0.0;0.0;0.0;0.0;4.6;0.0;0.0
104226;581835;2018-10-24;FRC;F25;;;4;1244;201730251.0;;;4.63;4.63;4.63;4.63;4.63;4.63;0.0;4.7
104227;581836;2018-10-24;FRC;N25;;;0;0;0.0;;;0.0;0.0;0.0;0.0;0.0;4.69;0.0;0.0
104228;581837;2018-10-24;FRC;F26;;;0;0;0.0;;;0.0;0.0;0.0;0.0;0.0;4.78;4.78;0.0
104229;581838;2018-10-24;FRC;N26;;;0;0;0.0;;;0.0;0.0;0.0;0.0;0.0;4.86;0.0;0.0
104230;581839;2018-10-24;FRC;F27;;;2;1880;289565554.0;;;4.95;4.95;4.95;4.95;4.95;4.95;0.0;0.0
104231;581840;2018-10-24;FRC;F28;;;0;0;0.0;;;0.0;0.0;0.0;0.0;0.0;5.2;0.0;0.0
104232;581841;2018-10-24;FRC;F29;;;3;493;71742607.0;;;5.34;5.33;5.34;5.33;5.33;5.34;0.0;0.0
104233;581842;2018-10-24;FRC;F30;;;0;0;0.0;;;0.0;0.0;0.0;0.0;0.0;5.39;0.0;0.0
104234;582010;2018-10-25;FRC;Z18;;;223;366425;67691251597.0;;;3.22;3.15;3.22;3.17;3.17;3.17;3.17;3.2
104235;582011;2018-10-25;FRC;F19;;;95;75159;13862353421.0;;;3.47;3.43;3.5;3.46;3.5;3.5;3.43;3.47
104236;582012;2018-10-25;FRC;G19;;;66;78551;14463144894.0;;;3.73;3.63;3.73;3.66;3.63;3.63;0.0;3.67
104237;582013;2018-10-25;FRC;H19;;;10;7454;1370174406.0;;;3.82;3.8;3.82;3.81;3.8;3.75;0.0;0.0
104238;582014;2018-10-25;FRC;J19;;;9;5977;1097344342.0;;;3.7;3.61;3.7;3.62;3.61;3.61;0.0;0.0
104239;582015;2018-10-25;FRC;K19;;;1;20;3665268.0;;;3.75;3.75;3.75;3.75;3.75;3.65;0.0;0.0
104240;582016;2018-10-25;FRC;M19;;;12;14642;2678774165.0;;;3.76;3.7;3.76;3.74;3.7;3.7;0.0;0.0
104241;582017;2018-10-25;FRC;N19;;;12;7016;1281920585.0;;;3.75;3.7;3.75;3.7;3.7;3.7;0.0;0.0
104242;582018;2018-10-25;FRC;Q19;;;0;0;0.0;;;0.0;0.0;0.0;0.0;0.0;3.75;0.0;0.0
104243;582019;2018-10-25;FRC;U19;;;0;0;0.0;;;0.0;0.0;0.0;0.0;0.0;3.76;0.0;0.0
104244;582020;2018-10-25;FRC;V19;;;21;31257;5680951950.0;;;3.85;3.79;3.85;3.83;3.79;3.79;0.0;0.0
104245;582021;2018-10-25;FRC;F20;;;33;45688;8256254484.0;;;4.0;3.95;4.0;3.98;3.95;3.95;0.0;0.0
104246;582022;2018-10-25;FRC;J20;;;8;2336;420006073.0;;;4.02;4.02;4.02;4.02;4.02;4.02;0.0;0.0
104247;582023;2018-10-25;FRC;N20;;;12;2521;450768310.0;;;4.1;4.1;4.1;4.1;4.1;4.1;0.0;0.0
104248;582024;2018-10-25;FRC;V20;;;9;171;30383792.0;;;4.17;4.17;4.17;4.17;4.17;4.16;0.0;0.0
104249;582025;2018-10-25;FRC;F21;;;16;14845;2624579474.0;;;4.21;4.19;4.21;4.19;4.19;4.19;0.0;0.0
104250;582026;2018-10-25;FRC;J21;;;0;0;0.0;;;0.0;0.0;0.0;0.0;0.0;4.22;0.0;0.0
104251;582027;2018-10-25;FRC;N21;;;2;95;16624499.0;;;4.23;4.23;4.23;4.23;4.23;4.23;0.0;0.0
104252;582028;2018-10-25;FRC;V21;;;0;0;0.0;;;0.0;0.0;0.0;0.0;0.0;4.25;0.0;0.0
104253;582029;2018-10-25;FRC;F22;;;2;3007;520552449.0;;;4.26;4.26;4.26;4.26;4.26;4.26;0.0;0.0
104254;582030;2018-10-25;FRC;J22;;;0;0;0.0;;;0.0;0.0;0.0;0.0;0.0;4.27;0.0;0.0
104255;582031;2018-10-25;FRC;N22;;;0;0;0.0;;;0.0;0.0;0.0;0.0;0.0;4.28;0.0;0.0
104256;582032;2018-10-25;FRC;V22;;;0;0;0.0;;;0.0;0.0;0.0;0.0;0.0;4.31;0.0;0.0
104257;582033;2018-10-25;FRC;F23;;;11;7005;1186353625.0;;;4.39;4.34;4.39;4.36;4.34;4.34;0.0;0.0
104258;582034;2018-10-25;FRC;J23;;;0;0;0.0;;;0.0;0.0;0.0;0.0;0.0;4.35;0.0;0.0
104259;582035;2018-10-25;FRC;N23;;;0;0;0.0;;;0.0;0.0;0.0;0.0;0.0;4.37;0.0;0.0
104260;582036;2018-10-25;FRC;V23;;;0;0;0.0;;;0.0;0.0;0.0;0.0;0.0;4.4;0.0;0.0
104261;582037;2018-10-25;FRC;F24;;;8;1448;239808096.0;;;4.46;4.46;4.46;4.46;4.46;4.46;0.0;0.0
104262;582038;2018-10-25;FRC;N24;;;2;1971;322355384.0;;;4.56;4.56;4.56;4.56;4.56;4.56;0.0;0.0
104263;582039;2018-10-25;FRC;F25;;;7;2133;344801189.0;;;4.64;4.6;4.64;4.61;4.6;4.6;0.0;0.0
104264;582040;2018-10-25;FRC;N25;;;0;0;0.0;;;0.0;0.0;0.0;0.0;0.0;4.66;0.0;0.0
104265;582041;2018-10-25;FRC;F26;;;0;0;0.0;;;0.0;0.0;0.0;0.0;0.0;4.75;0.0;0.0
104266;582042;2018-10-25;FRC;N26;;;0;0;0.0;;;0.0;0.0;0.0;0.0;0.0;4.83;0.0;0.0
104267;582043;2018-10-25;FRC;F27;;;4;1368;210175066.0;;;4.92;4.92;4.92;4.92;4.92;4.92;0.0;0.0
104268;582044;2018-10-25;FRC;F28;;;0;0;0.0;;;0.0;0.0;0.0;0.0;0.0;5.17;0.0;0.0
104269;582045;2018-10-25;FRC;F29;;;2;2305;334724375.0;;;5.31;5.31;5.31;5.31;5.31;5.31;0.0;0.0
104270;582046;2018-10-25;FRC;F30;;;0;0;0.0;;;0.0;0.0;0.0;0.0;0.0;5.36;0.0;0.0
104271;582214;2018-10-26;FRC;Z18;;;554;470904;86391558710.0;;;3.13;2.9;3.17;3.01;2.93;2.93;2.91;0.0
104272;582215;2018-10-26;FRC;F19;;;161;87096;15954274790.0;;;3.39;3.17;3.46;3.29;3.25;3.25;0.0;0.0
104273;582216;2018-10-26;FRC;G19;;;63;25478;4659627028.0;;;3.55;3.4;3.55;3.46;3.4;3.4;0.0;0.0
104274;582217;2018-10-26;FRC;H19;;;12;8869;1619757671.0;;;3.65;3.5;3.65;3.5;3.5;3.5;0.0;0.0
104275;582218;2018-10-26;FRC;J19;;;14;8819;1608457191.0;;;3.48;3.43;3.51;3.43;3.43;3.43;0.0;3.43
104276;582219;2018-10-26;FRC;K19;;;0;0;0.0;;;0.0;0.0;0.0;0.0;0.0;3.46;0.0;0.0
104277;582220;2018-10-26;FRC;M19;;;0;0;0.0;;;0.0;0.0;0.0;0.0;0.0;3.5;0.0;0.0
104278;582221;2018-10-26;FRC;N19;;;12;8897;1615346457.0;;;3.5;3.5;3.51;3.5;3.5;3.5;3.51;3.58
104279;582222;2018-10-26;FRC;Q19;;;7;2169;393100433.0;;;3.58;3.58;3.58;3.58;3.58;3.58;0.0;0.0
104280;582223;2018-10-26;FRC;U19;;;5;1970;356476497.0;;;3.58;3.58;3.58;3.58;3.58;3.58;0.0;0.0
104281;582224;2018-10-26;FRC;V19;;;17;9225;1666383589.0;;;3.72;3.64;3.72;3.64;3.64;3.64;3.64;0.0
104282;582225;2018-10-26;FRC;F20;;;47;42845;7694517723.0;;;3.95;3.8;3.95;3.85;3.8;3.8;0.0;0.0
104283;582226;2018-10-26;FRC;J20;;;9;2279;407254220.0;;;3.96;3.89;3.96;3.89;3.89;3.89;0.0;0.0
104284;582227;2018-10-26;FRC;N20;;;7;2517;447352574.0;;;3.97;3.97;3.97;3.97;3.97;3.97;0.0;0.0
104285;582228;2018-10-26;FRC;V20;;;0;0;0.0;;;0.0;0.0;0.0;0.0;0.0;4.03;0.0;0.0
104286;582229;2018-10-26;FRC;F21;;;32;14136;2485180841.0;;;4.12;4.04;4.14;4.06;4.07;4.07;0.0;0.0
104287;582230;2018-10-26;FRC;J21;;;0;0;0.0;;;0.0;0.0;0.0;0.0;0.0;4.1;0.0;0.0
104288;582231;2018-10-26;FRC;N21;;;0;0;0.0;;;0.0;0.0;0.0;0.0;0.0;4.11;0.0;0.0
104289;582232;2018-10-26;FRC;V21;;;0;0;0.0;;;0.0;0.0;0.0;0.0;0.0;4.13;0.0;0.0
104290;582233;2018-10-26;FRC;F22;;;3;752;129479103.0;;;4.15;4.15;4.15;4.15;4.15;4.15;0.0;0.0
104291;582234;2018-10-26;FRC;J22;;;0;0;0.0;;;0.0;0.0;0.0;0.0;0.0;4.17;0.0;0.0
104292;582235;2018-10-26;FRC;N22;;;4;934;159193280.0;;;4.19;4.19;4.19;4.19;4.19;4.19;0.0;0.0
104293;582236;2018-10-26;FRC;V22;;;2;372;63052935.0;;;4.22;4.22;4.22;4.22;4.22;4.22;0.0;0.0
104294;582237;2018-10-26;FRC;F23;;;28;8361;1409821751.0;;;4.3;4.22;4.3;4.23;4.22;4.22;0.0;0.0
104295;582238;2018-10-26;FRC;J23;;;0;0;0.0;;;0.0;0.0;0.0;0.0;0.0;4.23;0.0;0.0
104296;582239;2018-10-26;FRC;N23;;;0;0;0.0;;;0.0;0.0;0.0;0.0;0.0;4.26;0.0;0.0
104297;582240;2018-10-26;FRC;V23;;;0;0;0.0;;;0.0;0.0;0.0;0.0;0.0;4.28;0.0;0.0
104298;582241;2018-10-26;FRC;F24;;;10;3626;597711005.0;;;4.36;4.36;4.36;4.36;4.36;4.36;0.0;0.0
104299;582242;2018-10-26;FRC;N24;;;1;180;29357464.0;;;4.4;4.4;4.4;4.4;4.4;4.4;0.0;0.0
104300;582243;2018-10-26;FRC;F25;;;7;6831;1098841964.0;;;4.6;4.45;4.6;4.53;4.45;4.45;4.45;4.48
104301;582244;2018-10-26;FRC;N25;;;0;0;0.0;;;0.0;0.0;0.0;0.0;0.0;4.52;0.0;0.0
104302;582245;2018-10-26;FRC;F26;;;0;0;0.0;;;0.0;0.0;0.0;0.0;0.0;4.62;4.62;0.0
104303;582246;2018-10-26;FRC;N26;;;0;0;0.0;;;0.0;0.0;0.0;0.0;0.0;4.71;0.0;0.0
104304;582247;2018-10-26;FRC;F27;;;3;513;78498886.0;;;4.82;4.82;4.82;4.82;4.82;4.82;0.0;0.0
104305;582248;2018-10-26;FRC;F28;;;0;0;0.0;;;0.0;0.0;0.0;0.0;0.0;5.07;0.0;0.0
104306;582249;2018-10-26;FRC;F29;;;0;0;0.0;;;0.0;0.0;0.0;0.0;0.0;5.21;0.0;0.0
104307;582250;2018-10-26;FRC;F30;;;0;0;0.0;;;0.0;0.0;0.0;0.0;0.0;5.26;0.0;0.0
104308;582418;2018-10-29;FRC;Z18;;;305;453958;83553562464.0;;;2.9;2.75;2.96;2.86;2.82;2.86;2.81;2.82
104309;582419;2018-10-29;FRC;F19;;;78;94639;17392947655.0;;;3.24;3.18;3.26;3.19;3.18;3.18;0.0;0.0
104310;582420;2018-10-29;FRC;G19;;;15;40324;7399206881.0;;;3.38;3.38;3.38;3.38;3.38;3.38;0.0;0.0
104311;582421;2018-10-29;FRC;H19;;;1;80;14660559.0;;;3.4;3.4;3.4;3.4;3.4;3.48;0.0;0.0
104312;582422;2018-10-29;FRC;J19;;;11;13823;2529361265.0;;;3.39;3.39;3.4;3.39;3.4;3.4;0.0;3.4
104313;582423;2018-10-29;FRC;K19;;;3;1984;362507894.0;;;3.44;3.4;3.44;3.4;3.4;3.42;0.0;0.0
104314;582424;2018-10-29;FRC;M19;;;3;792;144473330.0;;;3.45;3.45;3.45;3.45;3.45;3.45;0.0;0.0
104315;582425;2018-10-29;FRC;N19;;;26;10680;1945474924.0;;;3.49;3.47;3.49;3.47;3.47;3.47;0.0;0.0
104316;582426;2018-10-29;FRC;Q19;;;10;3355;610087955.0;;;3.54;3.54;3.54;3.54;3.54;3.54;0.0;0.0
104317;582427;2018-10-29;FRC;U19;;;0;0;0.0;;;0.0;0.0;0.0;0.0;0.0;3.55;0.0;0.0
104318;582428;2018-10-29;FRC;V19;;;12;6496;1177364481.0;;;3.62;3.6;3.62;3.61;3.6;3.62;0.0;0.0
104319;582429;2018-10-29;FRC;F20;;;28;25637;4621052778.0;;;3.77;3.75;3.79;3.77;3.77;3.77;0.0;3.77
104320;582430;2018-10-29;FRC;J20;;;1;195;34965261.0;;;3.87;3.87;3.87;3.87;3.87;3.86;0.0;0.0
104321;582431;2018-10-29;FRC;N20;;;6;1939;345856968.0;;;3.93;3.93;3.93;3.93;3.93;3.93;0.0;0.0
104322;582432;2018-10-29;FRC;V20;;;0;0;0.0;;;0.0;0.0;0.0;0.0;0.0;3.97;0.0;0.0
104323;582433;2018-10-29;FRC;F21;;;23;6295;1110968992.0;;;4.07;3.99;4.07;4.0;3.99;3.99;0.0;0.0
104324;582434;2018-10-29;FRC;J21;;;0;0;0.0;;;0.0;0.0;0.0;0.0;0.0;4.01;0.0;0.0
104325;582435;2018-10-29;FRC;N21;;;8;2661;465094911.0;;;4.02;4.02;4.02;4.02;4.02;4.02;0.0;0.0
104326;582436;2018-10-29;FRC;V21;;;0;0;0.0;;;0.0;0.0;0.0;0.0;0.0;4.03;0.0;0.0
104327;582437;2018-10-29;FRC;F22;;;4;1149;198776076.0;;;4.05;4.05;4.05;4.05;4.05;4.04;0.0;0.0
104328;582438;2018-10-29;FRC;J22;;;3;751;129309582.0;;;4.06;4.06;4.06;4.06;4.06;4.06;0.0;0.0
104329;582439;2018-10-29;FRC;N22;;;5;1496;256320082.0;;;4.07;4.07;4.07;4.07;4.07;4.07;0.0;0.0
104330;582440;2018-10-29;FRC;V22;;;1;186;31692989.0;;;4.1;4.1;4.1;4.1;4.1;4.1;0.0;0.0
104331;582441;2018-10-29;FRC;F23;;;11;2961;501902792.0;;;4.12;4.12;4.12;4.12;4.12;4.12;4.1;0.0
104332;582442;2018-10-29;FRC;J23;;;0;0;0.0;;;0.0;0.0;0.0;0.0;0.0;4.13;0.0;0.0
104333;582443;2018-10-29;FRC;N23;;;0;0;0.0;;;0.0;0.0;0.0;0.0;0.0;4.16;0.0;0.0
104334;582444;2018-10-29;FRC;V23;;;0;0;0.0;;;0.0;0.0;0.0;0.0;0.0;4.18;0.0;0.0
104335;582445;2018-10-29;FRC;F24;;;8;3273;542475438.0;;;4.27;4.27;4.27;4.27;4.27;4.27;0.0;0.0
104336;582446;2018-10-29;FRC;N24;;;0;0;0.0;;;0.0;0.0;0.0;0.0;0.0;4.31;0.0;0.0
104337;582447;2018-10-29;FRC;F25;;;8;3216;521402343.0;;;4.37;4.37;4.37;4.37;4.37;4.37;4.34;0.0
104338;582448;2018-10-29;FRC;N25;;;0;0;0.0;;;0.0;0.0;0.0;0.0;0.0;4.44;0.0;0.0
104339;582449;2018-10-29;FRC;F26;;;0;0;0.0;;;0.0;0.0;0.0;0.0;0.0;4.54;0.0;0.0
104340;582450;2018-10-29;FRC;N26;;;0;0;0.0;;;0.0;0.0;0.0;0.0;0.0;4.63;0.0;0.0
104341;582451;2018-10-29;FRC;F27;;;0;0;0.0;;;0.0;0.0;0.0;0.0;0.0;4.74;0.0;0.0
104342;582452;2018-10-29;FRC;F28;;;0;0;0.0;;;0.0;0.0;0.0;0.0;0.0;4.99;0.0;0.0
104343;582453;2018-10-29;FRC;F29;;;0;0;0.0;;;0.0;0.0;0.0;0.0;0.0;5.13;0.0;0.0
104344;582454;2018-10-29;FRC;F30;;;0;0;0.0;;;0.0;0.0;0.0;0.0;0.0;5.18;0.0;0.0
104345;582622;2018-10-30;FRC;F19;;;24;47572;8701254403.0;;;3.4;3.38;3.51;3.41;3.38;3.39;3.38;0.0
104346;582623;2018-10-30;FRC;G19;;;18;25124;4587858535.0;;;3.54;3.54;3.65;3.58;3.54;3.54;0.0;0.0
104347;582624;2018-10-30;FRC;H19;;;8;7169;1307367339.0;;;3.56;3.56;3.56;3.56;3.56;3.56;0.0;0.0
104348;582625;2018-10-30;FRC;J19;;;11;9946;1811612235.0;;;3.41;3.41;3.41;3.41;3.41;3.41;0.0;0.0
104349;582626;2018-10-30;FRC;K19;;;0;0;0.0;;;0.0;0.0;0.0;0.0;0.0;3.41;0.0;0.0
104350;582627;2018-10-30;FRC;M19;;;1;2062;374331089.0;;;3.54;3.54;3.54;3.54;3.54;3.43;0.0;0.0
104351;582628;2018-10-30;FRC;N19;;;19;16692;3026651805.0;;;3.55;3.45;3.55;3.48;3.45;3.45;0.0;0.0
104352;582629;2018-10-30;FRC;Q19;;;0;0;0.0;;;0.0;0.0;0.0;0.0;0.0;3.52;0.0;0.0
104353;582630;2018-10-30;FRC;U19;;;1;414;74811239.0;;;3.58;3.58;3.58;3.58;3.58;3.51;0.0;0.0
104354;582631;2018-10-30;FRC;V19;;;11;4334;782068598.0;;;3.6;3.58;3.6;3.58;3.58;3.58;0.0;0.0
104355;582632;2018-10-30;FRC;F20;;;66;78091;14013361076.0;;;3.83;3.73;3.83;3.75;3.75;3.75;0.0;0.0
104356;582633;2018-10-30;FRC;J20;;;0;0;0.0;;;0.0;0.0;0.0;0.0;0.0;3.84;0.0;0.0
104357;582634;2018-10-30;FRC;N20;;;10;6989;1241376067.0;;;3.89;3.89;3.89;3.89;3.89;3.89;0.0;3.89
104358;582635;2018-10-30;FRC;V20;;;0;0;0.0;;;0.0;0.0;0.0;0.0;0.0;3.92;0.0;0.0
104359;582636;2018-10-30;FRC;F21;;;16;19165;3368290583.0;;;4.03;3.93;4.03;3.96;3.93;3.93;0.0;0.0
104360;582637;2018-10-30;FRC;J21;;;0;0;0.0;;;0.0;0.0;0.0;0.0;0.0;3.93;0.0;0.0
104361;582638;2018-10-30;FRC;N21;;;0;0;0.0;;;0.0;0.0;0.0;0.0;0.0;3.94;0.0;0.0
104362;582639;2018-10-30;FRC;V21;;;9;2659;460970359.0;;;3.94;3.94;3.94;3.94;3.94;3.94;0.0;0.0
104363;582640;2018-10-30;FRC;F22;;;9;6794;1169931724.0;;;4.09;3.96;4.09;4.06;3.96;3.96;0.0;0.0
104364;582641;2018-10-30;FRC;J22;;;0;0;0.0;;;0.0;0.0;0.0;0.0;0.0;3.99;0.0;0.0
104365;582642;2018-10-30;FRC;N22;;;0;0;0.0;;;0.0;0.0;0.0;0.0;0.0;4.0;0.0;0.0
104366;582643;2018-10-30;FRC;V22;;;0;0;0.0;;;0.0;0.0;0.0;0.0;0.0;4.04;0.0;0.0
104367;582644;2018-10-30;FRC;F23;;;12;8726;1474094918.0;;;4.07;4.07;4.07;4.07;4.07;4.07;0.0;4.07
104368;582645;2018-10-30;FRC;J23;;;0;0;0.0;;;0.0;0.0;0.0;0.0;0.0;4.08;0.0;0.0
104369;582646;2018-10-30;FRC;N23;;;2;368;61541814.0;;;4.1;4.1;4.1;4.1;4.1;4.1;0.0;0.0
104370;582647;2018-10-30;FRC;V23;;;5;3348;556244459.0;;;4.18;4.18;4.18;4.18;4.18;4.11;0.0;0.0
104371;582648;2018-10-30;FRC;F24;;;14;5335;881104794.0;;;4.26;4.17;4.28;4.22;4.18;4.18;0.0;0.0
104372;582649;2018-10-30;FRC;N24;;;0;0;0.0;;;0.0;0.0;0.0;0.0;0.0;4.22;0.0;0.0
104373;582650;2018-10-30;FRC;F25;;;6;1253;202716649.0;;;4.28;4.28;4.28;4.28;4.28;4.28;0.0;0.0
104374;582651;2018-10-30;FRC;N25;;;0;0;0.0;;;0.0;0.0;0.0;0.0;0.0;4.35;0.0;0.0
104375;582652;2018-10-30;FRC;F26;;;0;0;0.0;;;0.0;0.0;0.0;0.0;0.0;4.45;0.0;0.0
104376;582653;2018-10-30;FRC;N26;;;0;0;0.0;;;0.0;0.0;0.0;0.0;0.0;4.54;0.0;0.0
104377;582654;2018-10-30;FRC;F27;;;0;0;0.0;;;0.0;0.0;0.0;0.0;0.0;4.65;0.0;0.0
104378;582655;2018-10-30;FRC;F28;;;0;0;0.0;;;0.0;0.0;0.0;0.0;0.0;4.9;0.0;0.0
104379;582656;2018-10-30;FRC;F29;;;0;0;0.0;;;0.0;0.0;0.0;0.0;0.0;5.04;0.0;0.0
104380;582657;2018-10-30;FRC;F30;;;0;0;0.0;;;0.0;0.0;0.0;0.0;0.0;5.09;0.0;0.0
104381;582830;2018-10-31;FRC;F19;;;16;18775;3465186122.0;;;3.39;3.38;3.42;3.4;3.42;3.42;0.0;0.0
104382;582831;2018-10-31;FRC;G19;;;15;14755;2718806137.0;;;3.54;3.54;3.58;3.57;3.58;3.58;0.0;0.0
104383;582832;2018-10-31;FRC;H19;;;14;7965;1465595747.0;;;3.59;3.59;3.59;3.59;3.59;3.59;3.59;0.0
104384;582833;2018-10-31;FRC;J19;;;14;17144;3150664653.0;;;3.45;3.45;3.45;3.45;3.45;3.45;0.0;0.0
104385;582834;2018-10-31;FRC;K19;;;4;1192;218723880.0;;;3.48;3.48;3.48;3.48;3.48;3.48;0.0;0.0
104386;582835;2018-10-31;FRC;M19;;;1;2577;472081014.0;;;3.52;3.52;3.52;3.52;3.52;3.52;0.0;0.0
104387;582836;2018-10-31;FRC;N19;;;16;17225;3150897410.0;;;3.48;3.48;3.55;3.54;3.55;3.55;0.0;0.0
104388;582837;2018-10-31;FRC;Q19;;;0;0;0.0;;;0.0;0.0;0.0;0.0;0.0;3.62;0.0;0.0
104389;582838;2018-10-31;FRC;U19;;;1;197;35929455.0;;;3.52;3.52;3.52;3.52;3.52;3.62;0.0;0.0
104390;582839;2018-10-31;FRC;V19;;;6;4137;752906702.0;;;3.69;3.69;3.69;3.69;3.69;3.69;0.0;0.0
104391;582840;2018-10-31;FRC;X19;;;0;0;0.0;;;0.0;0.0;0.0;0.0;0.0;3.75;0.0;0.0
104392;582841;2018-10-31;FRC;F20;;;41;35757;6474487495.0;;;3.75;3.73;3.81;3.76;3.81;3.81;3.75;0.0
104393;582842;2018-10-31;FRC;J20;;;8;3315;596927950.0;;;3.9;3.9;3.9;3.9;3.9;3.9;0.0;3.9
104394;582843;2018-10-31;FRC;N20;;;13;3104;556082867.0;;;3.94;3.94;3.94;3.94;3.94;3.94;0.0;3.94
104395;582844;2018-10-31;FRC;V20;;;0;0;0.0;;;0.0;0.0;0.0;0.0;0.0;3.97;0.0;3.97
104396;582845;2018-10-31;FRC;F21;;;38;25395;4504044356.0;;;3.95;3.95;3.97;3.96;3.97;3.97;0.0;3.97
104397;582846;2018-10-31;FRC;J21;;;2;382;67420366.0;;;3.98;3.98;3.98;3.98;3.98;3.98;0.0;0.0
104398;582847;2018-10-31;FRC;N21;;;5;1145;201108043.0;;;4.0;4.0;4.0;4.0;4.0;4.0;0.0;0.0
104399;582848;2018-10-31;FRC;V21;;;2;1138;198869942.0;;;4.01;4.01;4.01;4.01;4.01;4.01;0.0;0.0
104400;582849;2018-10-31;FRC;F22;;;20;6633;1153541511.0;;;3.96;3.96;4.04;4.0;4.04;4.04;0.0;0.0
104401;582850;2018-10-31;FRC;J22;;;0;0;0.0;;;0.0;0.0;0.0;0.0;0.0;4.07;0.0;0.0
104402;582851;2018-10-31;FRC;N22;;;0;0;0.0;;;0.0;0.0;0.0;0.0;0.0;4.08;0.0;0.0
104403;582852;2018-10-31;FRC;V22;;;0;0;0.0;;;0.0;0.0;0.0;0.0;0.0;4.12;0.0;0.0
104404;582853;2018-10-31;FRC;F23;;;22;12056;2053750448.0;;;4.08;4.08;4.15;4.1;4.15;4.15;0.0;4.15
104405;582854;2018-10-31;FRC;J23;;;0;0;0.0;;;0.0;0.0;0.0;0.0;0.0;4.17;0.0;0.0
104406;582855;2018-10-31;FRC;N23;;;2;238;40078105.0;;;4.18;4.18;4.18;4.18;4.18;4.2;0.0;0.0
104407;582856;2018-10-31;FRC;V23;;;7;15337;2575317743.0;;;4.11;4.11;4.11;4.11;4.11;4.2;0.0;0.0
104408;582857;2018-10-31;FRC;F24;;;15;10934;1823707283.0;;;4.18;4.17;4.26;4.19;4.26;4.26;0.0;0.0
104409;582858;2018-10-31;FRC;N24;;;0;0;0.0;;;0.0;0.0;0.0;0.0;0.0;4.3;0.0;0.0
104410;582859;2018-10-31;FRC;F25;;;12;1701;277173759.0;;;4.3;4.3;4.36;4.35;4.36;4.36;0.0;0.0
104411;582860;2018-10-31;FRC;N25;;;0;0;0.0;;;0.0;0.0;0.0;0.0;0.0;4.42;4.42;0.0
104412;582861;2018-10-31;FRC;F26;;;0;0;0.0;;;0.0;0.0;0.0;0.0;0.0;4.51;0.0;0.0
104413;582862;2018-10-31;FRC;N26;;;0;0;0.0;;;0.0;0.0;0.0;0.0;0.0;4.6;0.0;0.0
104414;582863;2018-10-31;FRC;F27;;;3;516;79937656.0;;;4.7;4.7;4.7;4.7;4.7;4.7;0.0;0.0
104415;582864;2018-10-31;FRC;F28;;;0;0;0.0;;;0.0;0.0;0.0;0.0;0.0;4.95;0.0;0.0
104416;582865;2018-10-31;FRC;F29;;;0;0;0.0;;;0.0;0.0;0.0;0.0;0.0;5.09;0.0;0.0
104417;582866;2018-10-31;FRC;F30;;;0;0;0.0;;;0.0;0.0;0.0;0.0;0.0;5.14;0.0;0.0
104418;583041;2018-11-01;FRC;F19;;;26;40664;7497251206.0;;;3.42;3.42;3.6;3.51;3.6;3.6;0.0;3.6
104419;583042;2018-11-01;FRC;G19;;;33;29548;5438876007.0;;;3.58;3.58;3.75;3.65;3.75;3.75;0.0;0.0
104420;583043;2018-11-01;FRC;H19;;;3;1036;190422309.0;;;3.59;3.59;3.76;3.66;3.76;3.76;0.0;0.0
104421;583044;2018-11-01;FRC;J19;;;16;14993;2752020913.0;;;3.45;3.45;3.62;3.57;3.62;3.62;3.62;0.0
104422;583045;2018-11-01;FRC;K19;;;5;2006;367579657.0;;;3.65;3.65;3.65;3.65;3.65;3.65;0.0;0.0
104423;583046;2018-11-01;FRC;M19;;;2;138;25250363.0;;;3.52;3.52;3.68;3.58;3.68;3.68;0.0;0.0
104424;583047;2018-11-01;FRC;N19;;;14;4513;824376905.0;;;3.55;3.55;3.7;3.68;3.7;3.7;0.0;0.0
104425;583048;2018-11-01;FRC;Q19;;;9;3359;612478322.0;;;3.75;3.75;3.75;3.75;3.75;3.75;0.0;0.0
104426;583049;2018-11-01;FRC;U19;;;4;1380;251225008.0;;;3.74;3.74;3.74;3.74;3.74;3.74;0.0;0.0
104427;583050;2018-11-01;FRC;V19;;;16;10815;1965589368.0;;;3.69;3.69;3.8;3.78;3.8;3.8;0.0;0.0
104428;583051;2018-11-01;FRC;X19;;;0;0;0.0;;;0.0;0.0;0.0;0.0;0.0;3.87;0.0;0.0
104429;583052;2018-11-01;FRC;F20;;;34;42493;7681056739.0;;;3.81;3.81;3.92;3.89;3.92;3.9;0.0;0.0
104430;583053;2018-11-01;FRC;J20;;;3;1112;200044567.0;;;3.9;3.9;3.98;3.9;3.98;3.98;0.0;0.0
104431;583054;2018-11-01;FRC;N20;;;3;310;55472351.0;;;3.94;3.94;4.01;3.96;4.01;4.01;0.0;0.0
104432;583055;2018-11-01;FRC;V20;;;6;7318;1302687000.0;;;3.97;3.97;4.03;4.0;4.03;4.03;0.0;0.0
104433;583056;2018-11-01;FRC;F21;;;67;27732;4910378638.0;;;3.97;3.97;4.07;4.02;4.07;4.07;0.0;0.0
104434;583057;2018-11-01;FRC;J21;;;2;95;16728424.0;;;4.08;4.08;4.08;4.08;4.08;4.08;0.0;0.0
104435;583058;2018-11-01;FRC;N21;;;4;4756;833295184.0;;;4.11;4.11;4.11;4.11;4.11;4.11;0.0;0.0
104436;583059;2018-11-01;FRC;V21;;;2;57;9937983.0;;;4.12;4.12;4.12;4.12;4.12;4.12;0.0;0.0
104437;583060;2018-11-01;FRC;F22;;;11;2792;484418261.0;;;4.04;4.04;4.15;4.09;4.13;4.15;0.0;0.0
104438;583061;2018-11-01;FRC;J22;;;2;207;35712032.0;;;4.17;4.17;4.17;4.17;4.17;4.17;0.0;0.0
104439;583062;2018-11-01;FRC;N22;;;1;19;3264656.0;;;4.18;4.18;4.18;4.18;4.18;4.18;0.0;0.0
104440;583063;2018-11-01;FRC;V22;;;2;56;9559939.0;;;4.21;4.21;4.21;4.21;4.21;4.21;0.0;0.0
104441;583064;2018-11-01;FRC;F23;;;18;7240;1229965144.0;;;4.15;4.15;4.24;4.19;4.24;4.24;0.0;0.0
104442;583065;2018-11-01;FRC;J23;;;0;0;0.0;;;0.0;0.0;0.0;0.0;0.0;4.26;0.0;0.0
104443;583066;2018-11-01;FRC;N23;;;0;0;0.0;;;0.0;0.0;0.0;0.0;0.0;4.3;0.0;0.0
104444;583067;2018-11-01;FRC;V23;;;1;183;30574979.0;;;4.3;4.3;4.3;4.3;4.3;4.3;0.0;0.0
104445;583068;2018-11-01;FRC;F24;;;5;2256;375309076.0;;;4.26;4.26;4.36;4.26;4.36;4.36;0.0;0.0
104446;583069;2018-11-01;FRC;N24;;;0;0;0.0;;;0.0;0.0;0.0;0.0;0.0;4.39;0.0;0.0
104447;583070;2018-11-01;FRC;F25;;;2;179;29136192.0;;;4.36;4.36;4.36;4.36;4.36;4.44;0.0;0.0
104448;583071;2018-11-01;FRC;N25;;;0;0;0.0;;;0.0;0.0;0.0;0.0;0.0;4.49;0.0;0.0
104449;583072;2018-11-01;FRC;F26;;;1;18;2871414.0;;;4.51;4.51;4.51;4.51;4.51;4.57;0.0;0.0
104450;583073;2018-11-01;FRC;N26;;;0;0;0.0;;;0.0;0.0;0.0;0.0;0.0;4.65;0.0;0.0
104451;583074;2018-11-01;FRC;F27;;;0;0;0.0;;;0.0;0.0;0.0;0.0;0.0;4.74;0.0;0.0
104452;583075;2018-11-01;FRC;F28;;;5;844;126870240.0;;;4.95;4.95;4.97;4.96;4.97;4.97;0.0;0.0
104453;583076;2018-11-01;FRC;F29;;;0;0;0.0;;;0.0;0.0;0.0;0.0;0.0;5.11;0.0;0.0
104454;583077;2018-11-01;FRC;F30;;;0;0;0.0;;;0.0;0.0;0.0;0.0;0.0;5.16;0.0;0.0
104455;583259;2018-11-05;FRC;F19;;;16;15376;2838840878.0;;;3.7;3.65;3.7;3.65;3.66;3.66;3.66;0.0
104456;583260;2018-11-05;FRC;G19;;;7;6976;1285785065.0;;;3.79;3.79;3.82;3.8;3.82;3.82;0.0;0.0
104457;583261;2018-11-05;FRC;H19;;;9;4577;842323142.0;;;3.84;3.84;3.84;3.84;3.84;3.84;0.0;0.0
104458;583262;2018-11-05;FRC;J19;;;6;3976;730743680.0;;;3.69;3.69;3.69;3.69;3.69;3.69;3.69;0.0
104459;583263;2018-11-05;FRC;K19;;;8;4166;764423442.0;;;3.67;3.67;3.73;3.7;3.73;3.73;0.0;0.0
104460;583264;2018-11-05;FRC;M19;;;4;1188;217598662.0;;;3.76;3.76;3.76;3.76;3.76;3.76;0.0;0.0
104461;583265;2018-11-05;FRC;N19;;;7;2770;506620296.0;;;3.77;3.77;3.77;3.77;3.77;3.77;0.0;0.0
104462;583266;2018-11-05;FRC;Q19;;;1;198;36148873.0;;;3.83;3.83;3.83;3.83;3.83;3.83;0.0;0.0
104463;583267;2018-11-05;FRC;U19;;;1;197;35907013.0;;;3.81;3.81;3.81;3.81;3.81;3.81;0.0;0.0
104464;583268;2018-11-05;FRC;V19;;;15;6064;1103363364.0;;;3.85;3.84;3.87;3.86;3.87;3.87;0.0;0.0
104465;583269;2018-11-05;FRC;X19;;;2;1769;321264926.0;;;3.92;3.92;3.92;3.92;3.92;3.92;0.0;0.0
104466;583270;2018-11-05;FRC;F20;;;22;11377;2058660279.0;;;3.93;3.93;3.98;3.97;3.98;3.98;0.0;0.0
104467;583271;2018-11-05;FRC;J20;;;7;3117;561013069.0;;;4.05;4.05;4.05;4.05;4.05;4.05;0.0;0.0
104468;583272;2018-11-05;FRC;N20;;;0;0;0.0;;;0.0;0.0;0.0;0.0;0.0;4.08;0.0;0.0
104469;583273;2018-11-05;FRC;V20;;;5;1351;240625149.0;;;4.11;4.11;4.11;4.11;4.11;4.11;0.0;0.0
104470;583274;2018-11-05;FRC;F21;;;19;4512;799286923.0;;;4.13;4.13;4.14;4.13;4.14;4.13;4.14;0.0
104471;583275;2018-11-05;FRC;J21;;;2;382;67324082.0;;;4.16;4.16;4.16;4.16;4.16;4.16;0.0;0.0
104472;583276;2018-11-05;FRC;N21;;;0;0;0.0;;;0.0;0.0;0.0;0.0;0.0;4.19;0.0;0.0
104473;583277;2018-11-05;FRC;V21;;;0;0;0.0;;;0.0;0.0;0.0;0.0;0.0;4.2;0.0;0.0
104474;583278;2018-11-05;FRC;F22;;;0;0;0.0;;;0.0;0.0;0.0;0.0;0.0;4.23;0.0;0.0
104475;583279;2018-11-05;FRC;J22;;;0;0;0.0;;;0.0;0.0;0.0;0.0;0.0;4.25;0.0;0.0
104476;583280;2018-11-05;FRC;N22;;;0;0;0.0;;;0.0;0.0;0.0;0.0;0.0;4.26;0.0;0.0
104477;583281;2018-11-05;FRC;V22;;;0;0;0.0;;;0.0;0.0;0.0;0.0;0.0;4.28;4.3;0.0
104478;583282;2018-11-05;FRC;F23;;;12;17044;2893352106.0;;;4.31;4.31;4.31;4.31;4.31;4.31;0.0;0.0
104479;583283;2018-11-05;FRC;J23;;;4;9202;1554004500.0;;;4.33;4.32;4.33;4.32;4.32;4.33;0.0;0.0
104480;583284;2018-11-05;FRC;N23;;;0;0;0.0;;;0.0;0.0;0.0;0.0;0.0;4.37;0.0;0.0
104481;583285;2018-11-05;FRC;V23;;;0;0;0.0;;;0.0;0.0;0.0;0.0;0.0;4.37;0.0;0.0
104482;583286;2018-11-05;FRC;F24;;;4;2722;451952883.0;;;4.41;4.41;4.41;4.41;4.41;4.43;0.0;0.0
104483;583287;2018-11-05;FRC;N24;;;0;0;0.0;;;0.0;0.0;0.0;0.0;0.0;4.46;4.46;0.0
104484;583288;2018-11-05;FRC;F25;;;0;0;0.0;;;0.0;0.0;0.0;0.0;0.0;4.51;0.0;0.0
104485;583289;2018-11-05;FRC;N25;;;0;0;0.0;;;0.0;0.0;0.0;0.0;0.0;4.56;0.0;0.0
104486;583290;2018-11-05;FRC;F26;;;0;0;0.0;;;0.0;0.0;0.0;0.0;0.0;4.64;0.0;0.0
104487;583291;2018-11-05;FRC;N26;;;0;0;0.0;;;0.0;0.0;0.0;0.0;0.0;4.72;0.0;0.0
104488;583292;2018-11-05;FRC;F27;;;0;0;0.0;;;0.0;0.0;0.0;0.0;0.0;4.81;0.0;0.0
104489;583293;2018-11-05;FRC;F28;;;0;0;0.0;;;0.0;0.0;0.0;0.0;0.0;5.04;0.0;0.0
104490;583294;2018-11-05;FRC;F29;;;0;0;0.0;;;0.0;0.0;0.0;0.0;0.0;5.18;0.0;0.0
104491;583295;2018-11-05;FRC;F30;;;0;0;0.0;;;0.0;0.0;0.0;0.0;0.0;5.23;0.0;0.0
104492;583467;2018-11-06;FRC;F19;;;30;44829;8315102684.0;;;3.69;3.65;3.69;3.67;3.68;3.68;0.0;0.0
104493;583468;2018-11-06;FRC;G19;;;14;22188;4108404637.0;;;3.85;3.85;3.85;3.85;3.85;3.85;0.0;0.0
104494;583469;2018-11-06;FRC;H19;;;10;8180;1512366794.0;;;3.85;3.85;3.87;3.85;3.87;3.87;0.0;0.0
104495;583470;2018-11-06;FRC;J19;;;9;9365;1729120208.0;;;3.71;3.71;3.74;3.71;3.74;3.71;3.71;3.74
104496;583471;2018-11-06;FRC;K19;;;0;0;0.0;;;0.0;0.0;0.0;0.0;0.0;3.75;0.0;0.0
104497;583472;2018-11-06;FRC;M19;;;0;0;0.0;;;0.0;0.0;0.0;0.0;0.0;3.78;0.0;0.0
104498;583473;2018-11-06;FRC;N19;;;10;3562;654465455.0;;;3.79;3.79;3.79;3.79;3.79;3.79;0.0;0.0
104499;583474;2018-11-06;FRC;Q19;;;0;0;0.0;;;0.0;0.0;0.0;0.0;0.0;3.85;0.0;0.0
104500;583475;2018-11-06;FRC;U19;;;0;0;0.0;;;0.0;0.0;0.0;0.0;0.0;3.84;0.0;0.0
104501;583476;2018-11-06;FRC;V19;;;11;5178;946430305.0;;;3.87;3.87;3.9;3.89;3.9;3.9;3.9;0.0
104502;583477;2018-11-06;FRC;X19;;;9;3535;644904521.0;;;3.92;3.92;3.95;3.93;3.95;3.95;0.0;0.0
104503;583478;2018-11-06;FRC;F20;;;28;16391;2979046077.0;;;4.02;4.01;4.04;4.02;4.02;4.02;0.0;0.0
104504;583479;2018-11-06;FRC;J20;;;8;3119;563885790.0;;;4.08;4.08;4.08;4.08;4.08;4.08;0.0;0.0
104505;583480;2018-11-06;FRC;N20;;;8;1746;313966199.0;;;4.13;4.13;4.13;4.13;4.13;4.13;0.0;0.0
104506;583481;2018-11-06;FRC;V20;;;2;386;69045674.0;;;4.15;4.15;4.15;4.15;4.15;4.15;0.0;0.0
104507;583482;2018-11-06;FRC;F21;;;24;11169;1986734051.0;;;4.18;4.18;4.18;4.18;4.18;4.18;0.0;0.0
104508;583483;2018-11-06;FRC;J21;;;5;1146;202800878.0;;;4.21;4.21;4.21;4.21;4.21;4.21;0.0;0.0
104509;583484;2018-11-06;FRC;N21;;;3;399;70225426.0;;;4.24;4.24;4.24;4.24;4.24;4.24;0.0;0.0
104510;583485;2018-11-06;FRC;V21;;;1;189;33085078.0;;;4.26;4.26;4.26;4.26;4.26;4.26;0.0;0.0
104511;583486;2018-11-06;FRC;F22;;;12;2256;392570825.0;;;4.31;4.31;4.31;4.31;4.31;4.31;0.0;0.0
104512;583487;2018-11-06;FRC;J22;;;0;0;0.0;;;0.0;0.0;0.0;0.0;0.0;4.32;0.0;0.0
104513;583488;2018-11-06;FRC;N22;;;0;0;0.0;;;0.0;0.0;0.0;0.0;0.0;4.33;0.0;0.0
104514;583489;2018-11-06;FRC;V22;;;0;0;0.0;;;0.0;0.0;0.0;0.0;0.0;4.34;0.0;0.0
104515;583490;2018-11-06;FRC;F23;;;13;7109;1210158428.0;;;4.37;4.37;4.41;4.4;4.41;4.41;0.0;0.0
104516;583491;2018-11-06;FRC;J23;;;0;0;0.0;;;0.0;0.0;0.0;0.0;0.0;4.43;0.0;0.0
104517;583492;2018-11-06;FRC;N23;;;0;0;0.0;;;0.0;0.0;0.0;0.0;0.0;4.47;0.0;0.0
104518;583493;2018-11-06;FRC;V23;;;2;364;60944037.0;;;4.47;4.47;4.47;4.47;4.47;4.47;0.0;0.0
104519;583494;2018-11-06;FRC;F24;;;1;181;30094162.0;;;4.55;4.55;4.55;4.55;4.55;4.55;0.0;0.0
104520;583495;2018-11-06;FRC;N24;;;1;179;29435725.0;;;4.57;4.57;4.57;4.57;4.57;4.57;0.0;0.0
104521;583496;2018-11-06;FRC;F25;;;2;356;57891673.0;;;4.62;4.62;4.62;4.62;4.62;4.62;0.0;0.0
104522;583497;2018-11-06;FRC;N25;;;0;0;0.0;;;0.0;0.0;0.0;0.0;0.0;4.67;0.0;0.0
104523;583498;2018-11-06;FRC;F26;;;0;0;0.0;;;0.0;0.0;0.0;0.0;0.0;4.75;0.0;0.0
104524;583499;2018-11-06;FRC;N26;;;0;0;0.0;;;0.0;0.0;0.0;0.0;0.0;4.83;0.0;0.0
104525;583500;2018-11-06;FRC;F27;;;0;0;0.0;;;0.0;0.0;0.0;0.0;0.0;4.92;0.0;0.0
104526;583501;2018-11-06;FRC;F28;;;0;0;0.0;;;0.0;0.0;0.0;0.0;0.0;5.15;0.0;0.0
104527;583502;2018-11-06;FRC;F29;;;0;0;0.0;;;0.0;0.0;0.0;0.0;0.0;5.29;0.0;0.0
104528;583503;2018-11-06;FRC;F30;;;0;0;0.0;;;0.0;0.0;0.0;0.0;0.0;5.34;0.0;0.0
104529;583675;2018-11-07;FRC;F19;;;35;54145;10105058185.0;;;3.68;3.67;3.71;3.68;3.67;3.67;0.0;0.0
104530;583676;2018-11-07;FRC;G19;;;27;75138;13998788607.0;;;3.85;3.84;3.86;3.85;3.84;3.84;0.0;0.0
104531;583677;2018-11-07;FRC;H19;;;10;20622;3836219880.0;;;3.87;3.86;3.87;3.86;3.86;3.86;0.0;0.0
104532;583678;2018-11-07;FRC;J19;;;15;21987;4084636809.0;;;3.71;3.71;3.75;3.71;3.71;3.71;0.0;0.0
104533;583679;2018-11-07;FRC;K19;;;7;5258;975165425.0;;;3.77;3.75;3.77;3.75;3.75;3.75;0.0;0.0
104534;583680;2018-11-07;FRC;M19;;;4;990;183291774.0;;;3.78;3.78;3.78;3.78;3.78;3.78;0.0;0.0
104535;583681;2018-11-07;FRC;N19;;;12;10821;2000405377.0;;;3.82;3.8;3.83;3.8;3.8;3.8;0.0;0.0
104536;583682;2018-11-07;FRC;Q19;;;0;0;0.0;;;0.0;0.0;0.0;0.0;0.0;3.86;0.0;0.0
104537;583683;2018-11-07;FRC;U19;;;1;197;36291293.0;;;3.85;3.85;3.85;3.85;3.85;3.85;0.0;3.87
104538;583684;2018-11-07;FRC;V19;;;39;5127;942718511.0;;;3.94;3.94;3.95;3.94;3.94;3.94;0.0;0.0
104539;583685;2018-11-07;FRC;X19;;;5;1964;360444138.0;;;3.98;3.98;3.98;3.98;3.98;3.98;0.0;0.0
104540;583686;2018-11-07;FRC;F20;;;37;19183;3507172898.0;;;4.06;4.05;4.08;4.06;4.06;4.06;0.0;0.0
104541;583687;2018-11-07;FRC;J20;;;8;1948;354229498.0;;;4.13;4.13;4.13;4.13;4.13;4.13;0.0;0.0
104542;583688;2018-11-07;FRC;N20;;;8;8970;1622187380.0;;;4.16;4.16;4.21;4.18;4.18;4.18;0.0;0.0
104543;583689;2018-11-07;FRC;V20;;;2;193;34723658.0;;;4.19;4.19;4.19;4.19;4.19;4.2;0.0;0.0
104544;583690;2018-11-07;FRC;F21;;;18;12584;2251166428.0;;;4.23;4.21;4.23;4.22;4.22;4.22;0.0;0.0
104545;583691;2018-11-07;FRC;J21;;;0;0;0.0;;;0.0;0.0;0.0;0.0;0.0;4.25;0.0;0.0
104546;583692;2018-11-07;FRC;N21;;;0;0;0.0;;;0.0;0.0;0.0;0.0;0.0;4.28;0.0;0.0
104547;583693;2018-11-07;FRC;V21;;;0;0;0.0;;;0.0;0.0;0.0;0.0;0.0;4.31;0.0;0.0
104548;583694;2018-11-07;FRC;F22;;;3;564;98694013.0;;;4.35;4.35;4.35;4.35;4.35;4.37;0.0;0.0
104549;583695;2018-11-07;FRC;J22;;;0;0;0.0;;;0.0;0.0;0.0;0.0;0.0;4.38;0.0;0.0
104550;583696;2018-11-07;FRC;N22;;;0;0;0.0;;;0.0;0.0;0.0;0.0;0.0;4.38;0.0;0.0
104551;583697;2018-11-07;FRC;V22;;;0;0;0.0;;;0.0;0.0;0.0;0.0;0.0;4.38;0.0;0.0
104552;583698;2018-11-07;FRC;F23;;;15;6675;1142742501.0;;;4.41;4.41;4.45;4.42;4.45;4.45;0.0;0.0
104553;583699;2018-11-07;FRC;J23;;;5;4444;756783754.0;;;4.43;4.43;4.45;4.44;4.45;4.47;0.0;0.0
104554;583700;2018-11-07;FRC;N23;;;0;0;0.0;;;0.0;0.0;0.0;0.0;0.0;4.5;0.0;0.0
104555;583701;2018-11-07;FRC;V23;;;0;0;0.0;;;0.0;0.0;0.0;0.0;0.0;4.5;0.0;0.0
104556;583702;2018-11-07;FRC;F24;;;8;1629;272405870.0;;;4.57;4.57;4.57;4.57;4.57;4.57;0.0;0.0
104557;583703;2018-11-07;FRC;N24;;;0;0;0.0;;;0.0;0.0;0.0;0.0;0.0;4.59;0.0;0.0
104558;583704;2018-11-07;FRC;F25;;;0;0;0.0;;;0.0;0.0;0.0;0.0;0.0;4.64;0.0;0.0
104559;583705;2018-11-07;FRC;N25;;;0;0;0.0;;;0.0;0.0;0.0;0.0;0.0;4.69;0.0;0.0
104560;583706;2018-11-07;FRC;F26;;;0;0;0.0;;;0.0;0.0;0.0;0.0;0.0;4.77;0.0;0.0
104561;583707;2018-11-07;FRC;N26;;;0;0;0.0;;;0.0;0.0;0.0;0.0;0.0;4.85;0.0;0.0
104562;583708;2018-11-07;FRC;F27;;;0;0;0.0;;;0.0;0.0;0.0;0.0;0.0;4.94;0.0;0.0
104563;583709;2018-11-07;FRC;F28;;;0;0;0.0;;;0.0;0.0;0.0;0.0;0.0;5.15;0.0;0.0
104564;583710;2018-11-07;FRC;F29;;;0;0;0.0;;;0.0;0.0;0.0;0.0;0.0;5.29;0.0;0.0
104565;583711;2018-11-07;FRC;F30;;;0;0;0.0;;;0.0;0.0;0.0;0.0;0.0;5.34;0.0;0.0
104566;583885;2018-11-08;FRC;F19;;;66;117019;21905954531.0;;;3.68;3.68;3.74;3.71;3.7;3.7;0.0;3.71
104567;583886;2018-11-08;FRC;G19;;;18;39277;7339889245.0;;;3.86;3.86;3.9;3.88;3.89;3.89;0.0;0.0
104568;583887;2018-11-08;FRC;H19;;;0;0;0.0;;;0.0;0.0;0.0;0.0;0.0;3.92;0.0;0.0
104569;583888;2018-11-08;FRC;J19;;;34;13311;2480187108.0;;;3.75;3.75;3.78;3.77;3.78;3.78;0.0;0.0
104570;583889;2018-11-08;FRC;K19;;;8;3769;701073060.0;;;3.81;3.81;3.81;3.81;3.81;3.81;0.0;0.0
104571;583890;2018-11-08;FRC;M19;;;3;792;147060956.0;;;3.84;3.84;3.84;3.84;3.84;3.84;0.0;0.0
104572;583891;2018-11-08;FRC;N19;;;11;6035;1118816626.0;;;3.86;3.86;3.88;3.87;3.88;3.88;0.0;0.0
104573;583892;2018-11-08;FRC;Q19;;;1;197;36458631.0;;;3.89;3.89;3.89;3.89;3.89;3.93;0.0;0.0
104574;583893;2018-11-08;FRC;U19;;;2;591;109183515.0;;;3.91;3.91;3.91;3.91;3.91;3.91;0.0;0.0
104575;583894;2018-11-08;FRC;V19;;;20;44942;8287031253.0;;;3.94;3.94;4.0;3.99;4.0;4.0;0.0;0.0
104576;583895;2018-11-08;FRC;X19;;;9;9036;1663297152.0;;;3.98;3.98;4.03;4.0;4.03;4.03;0.0;0.0
104577;583896;2018-11-08;FRC;F20;;;12;8609;1578382596.0;;;4.11;4.11;4.11;4.11;4.11;4.11;0.0;0.0
104578;583897;2018-11-08;FRC;J20;;;5;1169;213174550.0;;;4.17;4.17;4.17;4.17;4.17;4.17;0.0;0.0
104579;583898;2018-11-08;FRC;N20;;;0;0;0.0;;;0.0;0.0;0.0;0.0;0.0;4.22;0.0;0.0
104580;583899;2018-11-08;FRC;V20;;;3;579;104436955.0;;;4.25;4.25;4.25;4.25;4.25;4.25;0.0;0.0
104581;583900;2018-11-08;FRC;F21;;;11;7612;1365657410.0;;;4.22;4.22;4.28;4.24;4.28;4.28;0.0;0.0
104582;583901;2018-11-08;FRC;J21;;;2;382;68160418.0;;;4.3;4.3;4.3;4.3;4.3;4.3;0.0;0.0
104583;583902;2018-11-08;FRC;N21;;;2;3799;674512127.0;;;4.28;4.28;4.28;4.28;4.28;4.33;0.0;0.0
104584;583903;2018-11-08;FRC;V21;;;5;5613;990985692.0;;;4.31;4.31;4.36;4.31;4.36;4.36;0.0;0.0
104585;583904;2018-11-08;FRC;F22;;;7;5640;989755168.0;;;4.36;4.36;4.4;4.36;4.4;4.4;0.0;0.0
104586;583905;2018-11-08;FRC;J22;;;1;187;32615519.0;;;4.44;4.44;4.44;4.44;4.44;4.44;0.0;0.0
104587;583906;2018-11-08;FRC;N22;;;0;0;0.0;;;0.0;0.0;0.0;0.0;0.0;4.45;0.0;0.0
104588;583907;2018-11-08;FRC;V22;;;1;185;31908011.0;;;4.47;4.47;4.47;4.47;4.47;4.47;0.0;0.0
104589;583908;2018-11-08;FRC;F23;;;10;2081;357072202.0;;;4.45;4.45;4.48;4.46;4.48;4.48;0.0;0.0
104590;583909;2018-11-08;FRC;J23;;;1;183;31214663.0;;;4.5;4.5;4.5;4.5;4.5;4.5;0.0;0.0
104591;583910;2018-11-08;FRC;N23;;;3;730;123896185.0;;;4.5;4.5;4.5;4.5;4.5;4.53;0.0;0.0
104592;583911;2018-11-08;FRC;V23;;;2;2783;469963180.0;;;4.5;4.5;4.5;4.5;4.5;4.53;0.0;0.0
104593;583912;2018-11-08;FRC;F24;;;3;3203;537366452.0;;;4.56;4.56;4.56;4.56;4.56;4.6;0.0;0.0
104594;583913;2018-11-08;FRC;N24;;;0;0;0.0;;;0.0;0.0;0.0;0.0;0.0;4.62;0.0;0.0
104595;583914;2018-11-08;FRC;F25;;;0;0;0.0;;;0.0;0.0;0.0;0.0;0.0;4.67;0.0;0.0
104596;583915;2018-11-08;FRC;N25;;;0;0;0.0;;;0.0;0.0;0.0;0.0;0.0;4.72;0.0;0.0
104597;583916;2018-11-08;FRC;F26;;;0;0;0.0;;;0.0;0.0;0.0;0.0;0.0;4.8;0.0;0.0
104598;583917;2018-11-08;FRC;N26;;;0;0;0.0;;;0.0;0.0;0.0;0.0;0.0;4.88;0.0;0.0
104599;583918;2018-11-08;FRC;F27;;;0;0;0.0;;;0.0;0.0;0.0;0.0;0.0;4.97;0.0;0.0
104600;583919;2018-11-08;FRC;F28;;;0;0;0.0;;;0.0;0.0;0.0;0.0;0.0;5.18;0.0;0.0
104601;583920;2018-11-08;FRC;F29;;;0;0;0.0;;;0.0;0.0;0.0;0.0;0.0;5.32;0.0;0.0
104602;583921;2018-11-08;FRC;F30;;;0;0;0.0;;;0.0;0.0;0.0;0.0;0.0;5.37;0.0;0.0
104603;584095;2018-11-09;FRC;F19;;;30;78401;14606855109.0;;;3.71;3.61;3.71;3.63;3.61;3.61;0.0;0.0
104604;584096;2018-11-09;FRC;G19;;;16;35490;6600473747.0;;;3.89;3.85;3.89;3.85;3.85;3.85;0.0;0.0
104605;584097;2018-11-09;FRC;H19;;;11;18413;3419264560.0;;;3.92;3.87;3.92;3.87;3.87;3.87;0.0;0.0
104606;584098;2018-11-09;FRC;J19;;;10;5368;995429294.0;;;3.8;3.74;3.8;3.74;3.74;3.74;0.0;0.0
104607;584099;2018-11-09;FRC;K19;;;7;3374;624650828.0;;;3.76;3.76;3.76;3.76;3.76;3.76;0.0;0.0
104608;584100;2018-11-09;FRC;M19;;;0;0;0.0;;;0.0;0.0;0.0;0.0;0.0;3.79;0.0;0.0
104609;584101;2018-11-09;FRC;N19;;;27;25813;4762639888.0;;;3.88;3.83;3.88;3.85;3.83;3.83;0.0;0.0
104610;584102;2018-11-09;FRC;Q19;;;0;0;0.0;;;0.0;0.0;0.0;0.0;0.0;3.9;0.0;0.0
104611;584103;2018-11-09;FRC;U19;;;10;4435;815428524.0;;;3.91;3.9;3.91;3.9;3.9;3.9;0.0;0.0
104612;584104;2018-11-09;FRC;V19;;;60;8712;1598796736.0;;;4.03;3.97;4.04;3.98;3.97;3.97;0.0;0.0
104613;584105;2018-11-09;FRC;X19;;;6;1569;287399847.0;;;4.01;4.01;4.01;4.01;4.01;4.01;0.0;0.0
104614;584106;2018-11-09;FRC;F20;;;22;11448;2089113248.0;;;4.1;4.08;4.1;4.08;4.08;4.08;0.0;0.0
104615;584107;2018-11-09;FRC;J20;;;7;1948;353611747.0;;;4.13;4.13;4.13;4.13;4.13;4.13;0.0;0.0
104616;584108;2018-11-09;FRC;N20;;;4;2132;384879089.0;;;4.19;4.19;4.19;4.19;4.19;4.19;0.0;0.0
104617;584109;2018-11-09;FRC;V20;;;2;386;69307740.0;;;4.22;4.22;4.22;4.22;4.22;4.22;0.0;0.0
104618;584110;2018-11-09;FRC;F21;;;19;17636;3147464487.0;;;4.3;4.26;4.3;4.28;4.26;4.26;0.0;0.0
104619;584111;2018-11-09;FRC;J21;;;1;191;33916043.0;;;4.3;4.3;4.3;4.3;4.3;4.3;0.0;0.0
104620;584112;2018-11-09;FRC;N21;;;0;0;0.0;;;0.0;0.0;0.0;0.0;0.0;4.32;0.0;0.0
104621;584113;2018-11-09;FRC;V21;;;0;0;0.0;;;0.0;0.0;0.0;0.0;0.0;4.34;0.0;0.0
104622;584114;2018-11-09;FRC;F22;;;9;2275;397296519.0;;;4.37;4.37;4.37;4.37;4.37;4.37;0.0;0.0
104623;584115;2018-11-09;FRC;J22;;;0;0;0.0;;;0.0;0.0;0.0;0.0;0.0;4.42;0.0;0.0
104624;584116;2018-11-09;FRC;N22;;;0;0;0.0;;;0.0;0.0;0.0;0.0;0.0;4.44;0.0;0.0
104625;584117;2018-11-09;FRC;V22;;;0;0;0.0;;;0.0;0.0;0.0;0.0;0.0;4.47;0.0;0.0
104626;584118;2018-11-09;FRC;F23;;;5;1566;267444099.0;;;4.48;4.44;4.48;4.46;4.44;4.45;0.0;0.0
104627;584119;2018-11-09;FRC;J23;;;0;0;0.0;;;0.0;0.0;0.0;0.0;0.0;4.46;0.0;0.0
104628;584120;2018-11-09;FRC;N23;;;0;0;0.0;;;0.0;0.0;0.0;0.0;0.0;4.48;0.0;0.0
104629;584121;2018-11-09;FRC;V23;;;2;727;122090966.0;;;4.53;4.53;4.53;4.53;4.53;4.48;0.0;0.0
104630;584122;2018-11-09;FRC;F24;;;3;543;90700414.0;;;4.54;4.54;4.54;4.54;4.54;4.54;0.0;0.0
104631;584123;2018-11-09;FRC;N24;;;0;0;0.0;;;0.0;0.0;0.0;0.0;0.0;4.56;0.0;0.0
104632;584124;2018-11-09;FRC;F25;;;0;0;0.0;;;0.0;0.0;0.0;0.0;0.0;4.61;0.0;0.0
104633;584125;2018-11-09;FRC;N25;;;0;0;0.0;;;0.0;0.0;0.0;0.0;0.0;4.66;0.0;0.0
104634;584126;2018-11-09;FRC;F26;;;0;0;0.0;;;0.0;0.0;0.0;0.0;0.0;4.74;0.0;0.0
104635;584127;2018-11-09;FRC;N26;;;1;52;8187554.0;;;4.83;4.83;4.83;4.83;4.83;4.82;0.0;0.0
104636;584128;2018-11-09;FRC;F27;;;0;0;0.0;;;0.0;0.0;0.0;0.0;0.0;4.91;0.0;0.0
104637;584129;2018-11-09;FRC;F28;;;0;0;0.0;;;0.0;0.0;0.0;0.0;0.0;5.12;0.0;0.0
104638;584130;2018-11-09;FRC;F29;;;0;0;0.0;;;0.0;0.0;0.0;0.0;0.0;5.26;0.0;0.0
104639;584131;2018-11-09;FRC;F30;;;0;0;0.0;;;0.0;0.0;0.0;0.0;0.0;5.31;0.0;0.0
104640;584305;2018-11-12;FRC;F19;;;42;71291;13319428710.0;;;3.64;3.6;3.64;3.61;3.61;3.61;3.61;3.9
104641;584306;2018-11-12;FRC;G19;;;8;4785;892409446.0;;;3.86;3.86;3.86;3.86;3.86;3.86;0.0;0.0
104642;584307;2018-11-12;FRC;H19;;;10;6767;1260106603.0;;;3.89;3.89;3.9;3.89;3.9;3.89;0.0;0.0
104643;584308;2018-11-12;FRC;J19;;;6;3182;591690901.0;;;3.77;3.77;3.77;3.77;3.77;3.77;3.76;0.0
104644;584309;2018-11-12;FRC;K19;;;1;397;73694562.0;;;3.82;3.82;3.82;3.82;3.82;3.82;0.0;0.0
104645;584310;2018-11-12;FRC;M19;;;4;2377;440497240.0;;;3.82;3.82;3.82;3.82;3.82;3.82;0.0;0.0
104646;584311;2018-11-12;FRC;N19;;;12;9714;1797339830.0;;;3.83;3.83;3.87;3.85;3.87;3.87;0.0;0.0
104647;584312;2018-11-12;FRC;Q19;;;0;0;0.0;;;0.0;0.0;0.0;0.0;0.0;3.94;0.0;0.0
104648;584313;2018-11-12;FRC;U19;;;1;197;36314816.0;;;3.95;3.95;3.95;3.95;3.95;3.95;0.0;0.0
104649;584314;2018-11-12;FRC;V19;;;10;3345;615494464.0;;;4.01;4.01;4.01;4.01;4.01;4.01;0.0;0.0
104650;584315;2018-11-12;FRC;X19;;;8;2925;537219375.0;;;4.04;4.04;4.04;4.04;4.04;4.04;0.0;0.0
104651;584316;2018-11-12;FRC;F20;;;22;16867;3086115572.0;;;4.08;4.08;4.12;4.11;4.12;4.12;0.0;0.0
104652;584317;2018-11-12;FRC;J20;;;13;4477;814681974.0;;;4.18;4.18;4.18;4.18;4.18;4.18;0.0;0.0
104653;584318;2018-11-12;FRC;N20;;;6;16946;3066966086.0;;;4.22;4.22;4.22;4.22;4.22;4.24;0.0;0.0
104654;584319;2018-11-12;FRC;V20;;;7;1543;277698645.0;;;4.27;4.27;4.27;4.27;4.27;4.27;0.0;0.0
104655;584320;2018-11-12;FRC;F21;;;18;28270;5058540592.0;;;4.26;4.26;4.31;4.3;4.31;4.31;0.0;0.0
104656;584321;2018-11-12;FRC;J21;;;0;0;0.0;;;0.0;0.0;0.0;0.0;0.0;4.35;0.0;0.0
104657;584322;2018-11-12;FRC;N21;;;7;1520;269074538.0;;;4.36;4.36;4.36;4.36;4.36;4.36;0.0;0.0
104658;584323;2018-11-12;FRC;V21;;;0;0;0.0;;;0.0;0.0;0.0;0.0;0.0;4.38;0.0;0.0
104659;584324;2018-11-12;FRC;F22;;;1;188;32904945.0;;;4.41;4.41;4.41;4.41;4.41;4.41;0.0;0.0
104660;584325;2018-11-12;FRC;J22;;;0;0;0.0;;;0.0;0.0;0.0;0.0;0.0;4.46;0.0;0.0
104661;584326;2018-11-12;FRC;N22;;;0;0;0.0;;;0.0;0.0;0.0;0.0;0.0;4.47;0.0;0.0
104662;584327;2018-11-12;FRC;V22;;;0;0;0.0;;;0.0;0.0;0.0;0.0;0.0;4.49;0.0;0.0
104663;584328;2018-11-12;FRC;F23;;;13;2392;409558170.0;;;4.47;4.47;4.47;4.47;4.47;4.47;4.46;0.0
104664;584329;2018-11-12;FRC;J23;;;0;0;0.0;;;0.0;0.0;0.0;0.0;0.0;4.48;0.0;0.0
104665;584330;2018-11-12;FRC;N23;;;0;0;0.0;;;0.0;0.0;0.0;0.0;0.0;4.5;0.0;0.0
104666;584331;2018-11-12;FRC;V23;;;0;0;0.0;;;0.0;0.0;0.0;0.0;0.0;4.5;0.0;0.0
104667;584332;2018-11-12;FRC;F24;;;9;2208;369765561.0;;;4.55;4.54;4.55;4.54;4.54;4.55;4.54;0.0
104668;584333;2018-11-12;FRC;N24;;;0;0;0.0;;;0.0;0.0;0.0;0.0;0.0;4.57;0.0;0.0
104669;584334;2018-11-12;FRC;F25;;;3;534;87484881.0;;;4.61;4.61;4.61;4.61;4.61;4.61;0.0;0.0
104670;584335;2018-11-12;FRC;N25;;;0;0;0.0;;;0.0;0.0;0.0;0.0;0.0;4.66;0.0;0.0
104671;584336;2018-11-12;FRC;F26;;;1;175;27991340.0;;;4.74;4.74;4.74;4.74;4.74;4.74;0.0;0.0
104672;584337;2018-11-12;FRC;N26;;;0;0;0.0;;;0.0;0.0;0.0;0.0;0.0;4.82;0.0;0.0
104673;584338;2018-11-12;FRC;F27;;;2;342;53247246.0;;;4.91;4.91;4.91;4.91;4.91;4.91;0.0;0.0
104674;584339;2018-11-12;FRC;F28;;;0;0;0.0;;;0.0;0.0;0.0;0.0;0.0;5.12;0.0;0.0
104675;584340;2018-11-12;FRC;F29;;;0;0;0.0;;;0.0;0.0;0.0;0.0;0.0;5.26;0.0;0.0
104676;584341;2018-11-12;FRC;F30;;;0;0;0.0;;;0.0;0.0;0.0;0.0;0.0;5.31;0.0;0.0
104677;584516;2018-11-13;FRC;F19;;;51;73678;13873950874.0;;;3.65;3.65;3.73;3.69;3.69;3.73;3.67;3.69
104678;584517;2018-11-13;FRC;G19;;;9;4804;902989597.0;;;3.94;3.94;3.94;3.94;3.94;3.94;0.0;3.98
104679;584518;2018-11-13;FRC;H19;;;9;1692;317542463.0;;;3.95;3.95;3.98;3.96;3.98;3.98;0.0;0.0
104680;584519;2018-11-13;FRC;J19;;;1;199;37292695.0;;;3.85;3.85;3.85;3.85;3.85;3.85;0.0;0.0
104681;584520;2018-11-13;FRC;K19;;;0;0;0.0;;;0.0;0.0;0.0;0.0;0.0;3.89;0.0;0.0
104682;584521;2018-11-13;FRC;M19;;;0;0;0.0;;;0.0;0.0;0.0;0.0;0.0;3.88;0.0;0.0
104683;584522;2018-11-13;FRC;N19;;;17;25179;4694997349.0;;;3.87;3.87;3.93;3.9;3.93;3.93;3.9;0.0
104684;584523;2018-11-13;FRC;Q19;;;1;197;36652279.0;;;4.05;4.05;4.05;4.05;4.05;4.05;0.0;0.0
104685;584524;2018-11-13;FRC;U19;;;0;0;0.0;;;0.0;0.0;0.0;0.0;0.0;4.04;0.0;0.0
104686;584525;2018-11-13;FRC;V19;;;13;7080;1312691065.0;;;4.08;4.08;4.08;4.08;4.08;4.08;0.0;0.0
104687;584526;2018-11-13;FRC;X19;;;4;1767;326960875.0;;;4.14;4.14;4.14;4.14;4.14;4.14;0.0;0.0
104688;584527;2018-11-13;FRC;F20;;;52;27482;5066225736.0;;;4.16;4.15;4.21;4.18;4.21;4.21;0.0;0.0
104689;584528;2018-11-13;FRC;J20;;;11;3310;606795257.0;;;4.26;4.26;4.26;4.26;4.26;4.26;0.0;0.0
104690;584529;2018-11-13;FRC;N20;;;0;0;0.0;;;0.0;0.0;0.0;0.0;0.0;4.31;0.0;0.0
104691;584530;2018-11-13;FRC;V20;;;0;0;0.0;;;0.0;0.0;0.0;0.0;0.0;4.34;0.0;0.0
104692;584531;2018-11-13;FRC;F21;;;9;10401;1874783461.0;;;4.31;4.31;4.37;4.36;4.37;4.37;0.0;4.37
104693;584532;2018-11-13;FRC;J21;;;0;0;0.0;;;0.0;0.0;0.0;0.0;0.0;4.41;0.0;0.0
104694;584533;2018-11-13;FRC;N21;;;2;569;101455411.0;;;4.41;4.41;4.41;4.41;4.41;4.41;0.0;0.0
104695;584534;2018-11-13;FRC;V21;;;0;0;0.0;;;0.0;0.0;0.0;0.0;0.0;4.42;0.0;0.0
104696;584535;2018-11-13;FRC;F22;;;2;376;66287283.0;;;4.46;4.46;4.46;4.46;4.46;4.45;0.0;4.47
104697;584536;2018-11-13;FRC;J22;;;0;0;0.0;;;0.0;0.0;0.0;0.0;0.0;4.5;0.0;0.0
104698;584537;2018-11-13;FRC;N22;;;0;0;0.0;;;0.0;0.0;0.0;0.0;0.0;4.5;0.0;0.0
104699;584538;2018-11-13;FRC;V22;;;0;0;0.0;;;0.0;0.0;0.0;0.0;0.0;4.52;0.0;0.0
104700;584539;2018-11-13;FRC;F23;;;8;1472;253899044.0;;;4.5;4.5;4.5;4.5;4.5;4.5;0.0;0.0
104701;584540;2018-11-13;FRC;J23;;;0;0;0.0;;;0.0;0.0;0.0;0.0;0.0;4.51;0.0;0.0
104702;584541;2018-11-13;FRC;N23;;;0;0;0.0;;;0.0;0.0;0.0;0.0;0.0;4.52;0.0;0.0
104703;584542;2018-11-13;FRC;V23;;;6;1092;185428832.0;;;4.52;4.52;4.52;4.52;4.52;4.52;0.0;0.0
104704;584543;2018-11-13;FRC;F24;;;11;4344;733172891.0;;;4.55;4.55;4.56;4.55;4.56;4.56;0.0;0.0
104705;584544;2018-11-13;FRC;N24;;;0;0;0.0;;;0.0;0.0;0.0;0.0;0.0;4.58;0.0;0.0
104706;584545;2018-11-13;FRC;F25;;;0;0;0.0;;;0.0;0.0;0.0;0.0;0.0;4.62;0.0;0.0
104707;584546;2018-11-13;FRC;N25;;;0;0;0.0;;;0.0;0.0;0.0;0.0;0.0;4.67;0.0;0.0
104708;584547;2018-11-13;FRC;F26;;;0;0;0.0;;;0.0;0.0;0.0;0.0;0.0;4.75;0.0;0.0
104709;584548;2018-11-13;FRC;N26;;;0;0;0.0;;;0.0;0.0;0.0;0.0;0.0;4.83;0.0;0.0
104710;584549;2018-11-13;FRC;F27;;;0;0;0.0;;;0.0;0.0;0.0;0.0;0.0;4.92;0.0;0.0
104711;584550;2018-11-13;FRC;F28;;;0;0;0.0;;;0.0;0.0;0.0;0.0;0.0;5.1;0.0;0.0
104712;584551;2018-11-13;FRC;F29;;;0;0;0.0;;;0.0;0.0;0.0;0.0;0.0;5.24;0.0;0.0
104713;584552;2018-11-13;FRC;F30;;;0;0;0.0;;;0.0;0.0;0.0;0.0;0.0;5.29;0.0;0.0
104714;584727;2018-11-14;FRC;F19;;;124;159474;30071431696.0;;;3.72;3.72;3.84;3.79;3.8;3.8;0.0;0.0
104715;584728;2018-11-14;FRC;G19;;;45;22871;4305016107.0;;;3.97;3.96;4.02;3.98;3.96;3.96;3.96;0.0
104716;584729;2018-11-14;FRC;H19;;;4;8259;1552120342.0;;;4.02;4.02;4.02;4.02;4.02;4.02;0.0;0.0
104717;584730;2018-11-14;FRC;J19;;;15;16217;3043251284.0;;;3.88;3.88;3.89;3.88;3.88;3.88;0.0;0.0
104718;584731;2018-11-14;FRC;K19;;;4;2182;408782863.0;;;3.89;3.89;3.89;3.89;3.89;3.89;0.0;0.0
104719;584732;2018-11-14;FRC;M19;;;0;0;0.0;;;0.0;0.0;0.0;0.0;0.0;3.88;0.0;3.9
104720;584733;2018-11-14;FRC;N19;;;8;3047;568941197.0;;;3.95;3.93;3.95;3.93;3.93;3.93;0.0;0.0
104721;584734;2018-11-14;FRC;Q19;;;6;2170;404404647.0;;;4.0;4.0;4.0;4.0;4.0;4.0;0.0;0.0
104722;584735;2018-11-14;FRC;U19;;;1;197;36646353.0;;;4.02;4.02;4.02;4.02;4.02;4.02;0.0;0.0
104723;584736;2018-11-14;FRC;V19;;;32;13177;2446526812.0;;;4.08;4.08;4.11;4.09;4.09;4.09;0.0;0.0
104724;584737;2018-11-14;FRC;X19;;;5;1374;254621392.0;;;4.13;4.13;4.13;4.13;4.13;4.13;4.11;4.13
104725;584738;2018-11-14;FRC;F20;;;39;34779;6420396948.0;;;4.2;4.19;4.2;4.19;4.19;4.19;0.0;0.0
104726;584739;2018-11-14;FRC;J20;;;0;0;0.0;;;0.0;0.0;0.0;0.0;0.0;4.24;0.0;0.0
104727;584740;2018-11-14;FRC;N20;;;19;8521;1555960729.0;;;4.28;4.28;4.28;4.28;4.28;4.28;0.0;0.0
104728;584741;2018-11-14;FRC;V20;;;5;907;164703443.0;;;4.32;4.32;4.32;4.32;4.32;4.32;0.0;0.0
104729;584742;2018-11-14;FRC;F21;;;3;4215;761113076.0;;;4.36;4.32;4.37;4.32;4.32;4.32;0.0;0.0
104730;584743;2018-11-14;FRC;J21;;;5;1145;205708589.0;;;4.34;4.34;4.34;4.34;4.34;4.34;0.0;0.0
104731;584744;2018-11-14;FRC;N21;;;3;3795;677910102.0;;;4.38;4.38;4.38;4.38;4.38;4.38;0.0;0.0
104732;584745;2018-11-14;FRC;V21;;;0;0;0.0;;;0.0;0.0;0.0;0.0;0.0;4.38;0.0;0.0
104733;584746;2018-11-14;FRC;F22;;;1;38;6719497.0;;;4.4;4.4;4.4;4.4;4.4;4.4;0.0;0.0
104734;584747;2018-11-14;FRC;J22;;;2;374;65711222.0;;;4.44;4.44;4.44;4.44;4.44;4.44;0.0;0.0
104735;584748;2018-11-14;FRC;N22;;;4;744;130012478.0;;;4.45;4.45;4.45;4.45;4.45;4.45;0.0;0.0
104736;584749;2018-11-14;FRC;V22;;;2;370;64328517.0;;;4.43;4.43;4.43;4.43;4.43;4.43;0.0;0.0
104737;584750;2018-11-14;FRC;F23;;;15;3869;669114594.0;;;4.44;4.44;4.44;4.44;4.44;4.44;0.0;0.0
104738;584751;2018-11-14;FRC;J23;;;0;0;0.0;;;0.0;0.0;0.0;0.0;0.0;4.48;0.0;0.0
104739;584752;2018-11-14;FRC;N23;;;0;0;0.0;;;0.0;0.0;0.0;0.0;0.0;4.51;0.0;0.0
104740;584753;2018-11-14;FRC;V23;;;5;1056;179727757.0;;;4.48;4.48;4.48;4.48;4.48;4.48;0.0;0.0
104741;584754;2018-11-14;FRC;F24;;;3;543;91828548.0;;;4.53;4.53;4.53;4.53;4.53;4.53;0.0;0.0
104742;584755;2018-11-14;FRC;N24;;;0;0;0.0;;;0.0;0.0;0.0;0.0;0.0;4.55;0.0;0.0
104743;584756;2018-11-14;FRC;F25;;;0;0;0.0;;;0.0;0.0;0.0;0.0;0.0;4.58;0.0;0.0
104744;584757;2018-11-14;FRC;N25;;;0;0;0.0;;;0.0;0.0;0.0;0.0;0.0;4.63;0.0;0.0
104745;584758;2018-11-14;FRC;F26;;;6;1050;169709671.0;;;4.7;4.7;4.7;4.7;4.7;4.7;0.0;0.0
104746;584759;2018-11-14;FRC;N26;;;0;0;0.0;;;0.0;0.0;0.0;0.0;0.0;4.78;0.0;0.0
104747;584760;2018-11-14;FRC;F27;;;0;0;0.0;;;0.0;0.0;0.0;0.0;0.0;4.87;0.0;0.0
104748;584761;2018-11-14;FRC;F28;;;0;0;0.0;;;0.0;0.0;0.0;0.0;0.0;5.05;0.0;0.0
104749;584762;2018-11-14;FRC;F29;;;0;0;0.0;;;0.0;0.0;0.0;0.0;0.0;5.19;0.0;0.0
104750;584763;2018-11-14;FRC;F30;;;0;0;0.0;;;0.0;0.0;0.0;0.0;0.0;5.24;0.0;0.0
104751;584949;2018-11-16;FRC;F19;;;67;99977;18765646308.0;;;3.81;3.81;3.98;3.92;3.93;3.93;0.0;0.0
104752;584950;2018-11-16;FRC;G19;;;37;19178;3593351867.0;;;4.02;4.02;4.07;4.05;4.05;4.05;0.0;0.0
104753;584951;2018-11-16;FRC;H19;;;11;6627;1239728162.0;;;4.02;4.02;4.07;4.06;4.04;4.04;0.0;4.04
104754;584952;2018-11-16;FRC;J19;;;6;2187;408541719.0;;;3.9;3.9;3.9;3.9;3.9;3.9;0.0;0.0
104755;584953;2018-11-16;FRC;K19;;;4;792;147702902.0;;;3.9;3.9;3.9;3.9;3.9;3.9;0.0;0.0
104756;584954;2018-11-16;FRC;M19;;;2;396;73717011.0;;;3.94;3.94;3.94;3.94;3.94;3.94;0.0;0.0
104757;584955;2018-11-16;FRC;N19;;;4;1741;323603268.0;;;3.96;3.94;3.96;3.94;3.94;3.94;0.0;0.0
104758;584956;2018-11-16;FRC;Q19;;;0;0;0.0;;;0.0;0.0;0.0;0.0;0.0;4.01;0.0;0.0
104759;584957;2018-11-16;FRC;U19;;;2;394;72959435.0;;;4.03;4.03;4.03;4.03;4.03;4.03;0.0;0.0
104760;584958;2018-11-16;FRC;V19;;;7;1969;363987787.0;;;4.06;4.06;4.06;4.06;4.06;4.06;0.0;0.0
104761;584959;2018-11-16;FRC;X19;;;4;981;180998383.0;;;4.1;4.1;4.1;4.1;4.1;4.1;0.0;0.0
104762;584960;2018-11-16;FRC;F20;;;11;12754;2344213186.0;;;4.19;4.12;4.25;4.16;4.12;4.12;0.0;0.0
104763;584961;2018-11-16;FRC;J20;;;0;0;0.0;;;0.0;0.0;0.0;0.0;0.0;4.17;0.0;0.0
104764;584962;2018-11-16;FRC;N20;;;0;0;0.0;;;0.0;0.0;0.0;0.0;0.0;4.22;0.0;0.0
104765;584963;2018-11-16;FRC;V20;;;0;0;0.0;;;0.0;0.0;0.0;0.0;0.0;4.26;0.0;0.0
104766;584964;2018-11-16;FRC;F21;;;13;6116;1099987227.0;;;4.36;4.27;4.36;4.27;4.27;4.27;0.0;4.27
104767;584965;2018-11-16;FRC;J21;;;3;764;136734375.0;;;4.28;4.28;4.28;4.28;4.28;4.28;0.0;0.0
104768;584966;2018-11-16;FRC;N21;;;0;0;0.0;;;0.0;0.0;0.0;0.0;0.0;4.32;0.0;0.0
104769;584967;2018-11-16;FRC;V21;;;0;0;0.0;;;0.0;0.0;0.0;0.0;0.0;4.32;0.0;0.0
104770;584968;2018-11-16;FRC;F22;;;4;1692;297831760.0;;;4.35;4.35;4.35;4.35;4.35;4.35;0.0;0.0
104771;584969;2018-11-16;FRC;J22;;;0;0;0.0;;;0.0;0.0;0.0;0.0;0.0;4.39;0.0;0.0
104772;584970;2018-11-16;FRC;N22;;;0;0;0.0;;;0.0;0.0;0.0;0.0;0.0;4.4;0.0;0.0
104773;584971;2018-11-16;FRC;V22;;;3;555;96140039.0;;;4.38;4.38;4.38;4.38;4.38;4.38;0.0;0.0
104774;584972;2018-11-16;FRC;F23;;;8;5978;1029457789.0;;;4.44;4.4;4.44;4.43;4.4;4.4;0.0;0.0
104775;584973;2018-11-16;FRC;J23;;;2;918;157191757.0;;;4.46;4.46;4.46;4.46;4.46;4.44;0.0;0.0
104776;584974;2018-11-16;FRC;N23;;;0;0;0.0;;;0.0;0.0;0.0;0.0;0.0;4.47;0.0;0.0
104777;584975;2018-11-16;FRC;V23;;;5;910;154299078.0;;;4.44;4.44;4.44;4.44;4.44;4.44;0.0;0.0
104778;584976;2018-11-16;FRC;F24;;;0;0;0.0;;;0.0;0.0;0.0;0.0;0.0;4.49;0.0;0.0
104779;584977;2018-11-16;FRC;N24;;;0;0;0.0;;;0.0;0.0;0.0;0.0;0.0;4.51;0.0;0.0
104780;584978;2018-11-16;FRC;F25;;;0;0;0.0;;;0.0;0.0;0.0;0.0;0.0;4.55;0.0;0.0
104781;584979;2018-11-16;FRC;N25;;;0;0;0.0;;;0.0;0.0;0.0;0.0;0.0;4.6;0.0;0.0
104782;584980;2018-11-16;FRC;F26;;;0;0;0.0;;;0.0;0.0;0.0;0.0;0.0;4.67;0.0;0.0
104783;584981;2018-11-16;FRC;N26;;;0;0;0.0;;;0.0;0.0;0.0;0.0;0.0;4.75;0.0;0.0
104784;584982;2018-11-16;FRC;F27;;;0;0;0.0;;;0.0;0.0;0.0;0.0;0.0;4.84;0.0;0.0
104785;584983;2018-11-16;FRC;F28;;;3;1014;155562389.0;;;4.9;4.9;4.9;4.9;4.9;4.95;0.0;0.0
104786;584984;2018-11-16;FRC;F29;;;0;0;0.0;;;0.0;0.0;0.0;0.0;0.0;5.09;0.0;0.0
104787;584985;2018-11-16;FRC;F30;;;0;0;0.0;;;0.0;0.0;0.0;0.0;0.0;5.14;0.0;0.0
104788;585161;2018-11-19;FRC;F19;;;104;231946;43433927031.0;;;3.93;3.93;4.03;4.01;4.01;4.03;0.0;0.0
104789;585162;2018-11-19;FRC;G19;;;23;36257;6777559383.0;;;4.12;4.08;4.12;4.09;4.11;4.12;0.0;4.12
104790;585163;2018-11-19;FRC;H19;;;19;20716;3866537214.0;;;4.08;4.05;4.09;4.06;4.06;4.06;0.0;0.0
104791;585164;2018-11-19;FRC;J19;;;11;7710;1436882410.0;;;3.93;3.9;3.93;3.92;3.9;3.93;0.0;0.0
104792;585165;2018-11-19;FRC;K19;;;0;0;0.0;;;0.0;0.0;0.0;0.0;0.0;3.92;0.0;0.0
104793;585166;2018-11-19;FRC;M19;;;3;594;110318780.0;;;3.95;3.95;3.95;3.95;3.95;3.95;0.0;0.0
104794;585167;2018-11-19;FRC;N19;;;6;1583;293572805.0;;;3.93;3.93;3.93;3.93;3.93;3.93;0.0;0.0
104795;585168;2018-11-19;FRC;Q19;;;0;0;0.0;;;0.0;0.0;0.0;0.0;0.0;4.0;0.0;0.0
104796;585169;2018-11-19;FRC;U19;;;3;591;109192459.0;;;4.02;4.02;4.02;4.02;4.02;4.01;0.0;0.0
104797;585170;2018-11-19;FRC;V19;;;10;3934;725624085.0;;;4.04;4.04;4.04;4.04;4.04;4.04;0.0;0.0
104798;585171;2018-11-19;FRC;X19;;;4;784;144312715.0;;;4.13;4.08;4.13;4.1;4.08;4.08;0.0;0.0
104799;585172;2018-11-19;FRC;F20;;;28;11936;2189398012.0;;;4.12;4.12;4.12;4.12;4.12;4.12;0.0;0.0
104800;585173;2018-11-19;FRC;J20;;;0;0;0.0;;;0.0;0.0;0.0;0.0;0.0;4.17;0.0;0.0
104801;585174;2018-11-19;FRC;N20;;;0;0;0.0;;;0.0;0.0;0.0;0.0;0.0;4.21;0.0;0.0
104802;585175;2018-11-19;FRC;V20;;;0;0;0.0;;;0.0;0.0;0.0;0.0;0.0;4.25;0.0;0.0
104803;585176;2018-11-19;FRC;F21;;;15;6827;1225311669.0;;;4.27;4.24;4.27;4.25;4.24;4.25;0.0;0.0
104804;585177;2018-11-19;FRC;J21;;;0;0;0.0;;;0.0;0.0;0.0;0.0;0.0;4.26;0.0;0.0
104805;585178;2018-11-19;FRC;N21;;;0;0;0.0;;;0.0;0.0;0.0;0.0;0.0;4.29;0.0;0.0
104806;585179;2018-11-19;FRC;V21;;;0;0;0.0;;;0.0;0.0;0.0;0.0;0.0;4.29;0.0;0.0
104807;585180;2018-11-19;FRC;F22;;;6;2256;396399757.0;;;4.31;4.31;4.32;4.31;4.32;4.31;0.0;0.0
104808;585181;2018-11-19;FRC;J22;;;0;0;0.0;;;0.0;0.0;0.0;0.0;0.0;4.35;0.0;0.0
104809;585182;2018-11-19;FRC;N22;;;0;0;0.0;;;0.0;0.0;0.0;0.0;0.0;4.36;0.0;0.0
104810;585183;2018-11-19;FRC;V22;;;0;0;0.0;;;0.0;0.0;0.0;0.0;0.0;4.33;0.0;0.0
104811;585184;2018-11-19;FRC;F23;;;15;3586;617115899.0;;;4.37;4.35;4.37;4.35;4.35;4.35;0.0;0.0
104812;585185;2018-11-19;FRC;J23;;;0;0;0.0;;;0.0;0.0;0.0;0.0;0.0;4.39;4.34;0.0
104813;585186;2018-11-19;FRC;N23;;;0;0;0.0;;;0.0;0.0;0.0;0.0;0.0;4.42;0.0;0.0
104814;585187;2018-11-19;FRC;V23;;;1;182;30813531.0;;;4.4;4.4;4.4;4.4;4.4;4.4;0.0;0.0
104815;585188;2018-11-19;FRC;F24;;;0;0;0.0;;;0.0;0.0;0.0;0.0;0.0;4.45;0.0;0.0
104816;585189;2018-11-19;FRC;N24;;;0;0;0.0;;;0.0;0.0;0.0;0.0;0.0;4.47;0.0;0.0
104817;585190;2018-11-19;FRC;F25;;;5;748;123180428.0;;;4.57;4.5;4.57;4.5;4.5;4.5;0.0;0.0
104818;585191;2018-11-19;FRC;N25;;;0;0;0.0;;;0.0;0.0;0.0;0.0;0.0;4.55;4.5;0.0
104819;585192;2018-11-19;FRC;F26;;;1;175;28152793.0;;;4.62;4.62;4.62;4.62;4.62;4.62;0.0;0.0
104820;585193;2018-11-19;FRC;N26;;;0;0;0.0;;;0.0;0.0;0.0;0.0;0.0;4.69;0.0;0.0
104821;585194;2018-11-19;FRC;F27;;;0;0;0.0;;;0.0;0.0;0.0;0.0;0.0;4.77;0.0;0.0
104822;585195;2018-11-19;FRC;F28;;;1;169;25908453.0;;;4.85;4.85;4.85;4.85;4.85;4.85;4.85;0.0
104823;585196;2018-11-19;FRC;F29;;;0;0;0.0;;;0.0;0.0;0.0;0.0;0.0;4.99;0.0;0.0
104824;585197;2018-11-19;FRC;F30;;;0;0;0.0;;;0.0;0.0;0.0;0.0;0.0;5.04;0.0;0.0
104825;585382;2018-11-21;FRC;F19;;;339;338697;63677671539.0;;;4.03;3.95;4.12;4.05;3.95;4.0;3.95;3.99
104826;585383;2018-11-21;FRC;G19;;;229;84555;15869272997.0;;;4.17;4.03;4.17;4.12;4.05;4.03;0.0;4.05
104827;585384;2018-11-21;FRC;H19;;;17;14189;2659086153.0;;;4.06;3.97;4.06;4.02;3.97;3.97;0.0;0.0
104828;585385;2018-11-21;FRC;J19;;;9;4570;855233729.0;;;3.91;3.83;3.91;3.85;3.83;3.83;0.0;0.0
104829;585386;2018-11-21;FRC;K19;;;12;4366;815575274.0;;;3.94;3.85;3.94;3.93;3.85;3.85;0.0;0.0
104830;585387;2018-11-21;FRC;M19;;;0;0;0.0;;;0.0;0.0;0.0;0.0;0.0;3.87;0.0;0.0
104831;585388;2018-11-21;FRC;N19;;;16;7400;1378166280.0;;;3.91;3.84;3.91;3.85;3.84;3.84;0.0;3.85
104832;585389;2018-11-21;FRC;Q19;;;0;0;0.0;;;0.0;0.0;0.0;0.0;0.0;3.91;0.0;0.0
104833;585390;2018-11-21;FRC;U19;;;0;0;0.0;;;0.0;0.0;0.0;0.0;0.0;3.92;0.0;0.0
104834;585391;2018-11-21;FRC;V19;;;0;0;0.0;;;0.0;0.0;0.0;0.0;0.0;3.95;0.0;4.0
104835;585392;2018-11-21;FRC;X19;;;0;0;0.0;;;0.0;0.0;0.0;0.0;0.0;3.98;0.0;0.0
104836;585393;2018-11-21;FRC;F20;;;14;5387;992679081.0;;;4.11;4.01;4.11;4.01;4.01;4.01;4.0;4.03
104837;585394;2018-11-21;FRC;J20;;;10;3119;571854454.0;;;4.04;4.04;4.04;4.04;4.04;4.04;0.0;0.0
104838;585395;2018-11-21;FRC;N20;;;13;3974;724406261.0;;;4.2;4.1;4.2;4.14;4.1;4.1;4.08;4.11
104839;585396;2018-11-21;FRC;V20;;;2;386;70015183.0;;;4.13;4.13;4.13;4.13;4.13;4.13;0.0;0.0
104840;585397;2018-11-21;FRC;F21;;;7;3263;588645408.0;;;4.15;4.15;4.15;4.15;4.15;4.15;0.0;0.0
104841;585398;2018-11-21;FRC;J21;;;3;573;102839403.0;;;4.18;4.18;4.18;4.18;4.18;4.18;4.18;0.0
104842;585399;2018-11-21;FRC;N21;;;1;190;33924279.0;;;4.19;4.19;4.19;4.19;4.19;4.19;4.19;0.0
104843;585400;2018-11-21;FRC;V21;;;1;189;33560810.0;;;4.22;4.22;4.22;4.22;4.22;4.22;4.22;0.0
104844;585401;2018-11-21;FRC;F22;;;23;6681;1179549953.0;;;4.33;4.25;4.33;4.26;4.25;4.25;0.0;0.0
104845;585402;2018-11-21;FRC;J22;;;0;0;0.0;;;0.0;0.0;0.0;0.0;0.0;4.3;0.0;0.0
104846;585403;2018-11-21;FRC;N22;;;0;0;0.0;;;0.0;0.0;0.0;0.0;0.0;4.32;0.0;0.0
104847;585404;2018-11-21;FRC;V22;;;1;186;32332611.0;;;4.3;4.3;4.3;4.3;4.3;4.3;0.0;0.0
104848;585405;2018-11-21;FRC;F23;;;15;4069;703451861.0;;;4.32;4.32;4.33;4.32;4.32;4.32;0.0;0.0
104849;585406;2018-11-21;FRC;J23;;;5;1233;212048624.0;;;4.33;4.33;4.33;4.33;4.33;4.33;0.0;0.0
104850;585407;2018-11-21;FRC;N23;;;1;183;31286632.0;;;4.37;4.37;4.37;4.37;4.37;4.37;0.0;0.0
104851;585408;2018-11-21;FRC;V23;;;0;0;0.0;;;0.0;0.0;0.0;0.0;0.0;4.36;0.0;0.0
104852;585409;2018-11-21;FRC;F24;;;3;543;91762180.0;;;4.43;4.43;4.43;4.43;4.43;4.43;0.0;0.0
104853;585410;2018-11-21;FRC;N24;;;0;0;0.0;;;0.0;0.0;0.0;0.0;0.0;4.47;0.0;0.0
104854;585411;2018-11-21;FRC;F25;;;0;0;0.0;;;0.0;0.0;0.0;0.0;0.0;4.52;0.0;0.0
104855;585412;2018-11-21;FRC;N25;;;0;0;0.0;;;0.0;0.0;0.0;0.0;0.0;4.57;0.0;0.0
104856;585413;2018-11-21;FRC;F26;;;0;0;0.0;;;0.0;0.0;0.0;0.0;0.0;4.64;0.0;0.0
104857;585414;2018-11-21;FRC;N26;;;0;0;0.0;;;0.0;0.0;0.0;0.0;0.0;4.71;0.0;0.0
104858;585415;2018-11-21;FRC;F27;;;0;0;0.0;;;0.0;0.0;0.0;0.0;0.0;4.79;0.0;0.0
104859;585416;2018-11-21;FRC;F28;;;0;0;0.0;;;0.0;0.0;0.0;0.0;0.0;4.87;0.0;0.0
104860;585417;2018-11-21;FRC;F29;;;0;0;0.0;;;0.0;0.0;0.0;0.0;0.0;5.01;0.0;0.0
104861;585418;2018-11-21;FRC;F30;;;0;0;0.0;;;0.0;0.0;0.0;0.0;0.0;5.06;0.0;0.0
104862;585592;2018-11-22;FRC;F19;;;155;254963;48281589958.0;;;4.05;4.0;4.05;4.02;4.03;4.03;0.0;4.04
104863;585593;2018-11-22;FRC;G19;;;73;50915;9625377656.0;;;4.08;4.04;4.08;4.04;4.04;4.04;0.0;0.0
104864;585594;2018-11-22;FRC;H19;;;9;8696;1641561289.0;;;3.97;3.96;3.97;3.96;3.97;3.97;0.0;0.0
104865;585595;2018-11-22;FRC;J19;;;8;6301;1187729498.0;;;3.83;3.83;3.83;3.83;3.83;3.83;0.0;0.0
104866;585596;2018-11-22;FRC;K19;;;6;2381;448100613.0;;;3.81;3.81;3.81;3.81;3.81;3.81;0.0;3.83
104867;585597;2018-11-22;FRC;M19;;;4;2575;483786099.0;;;3.82;3.82;3.82;3.82;3.82;3.82;0.0;0.0
104868;585598;2018-11-22;FRC;N19;;;13;5045;946427344.0;;;3.84;3.81;3.86;3.83;3.81;3.81;0.0;0.0
104869;585599;2018-11-22;FRC;Q19;;;6;2368;443456177.0;;;3.86;3.86;3.86;3.86;3.86;3.86;0.0;0.0
104870;585600;2018-11-22;FRC;U19;;;2;394;73651309.0;;;3.89;3.89;3.89;3.89;3.89;3.89;0.0;0.0
104871;585601;2018-11-22;FRC;V19;;;7;2560;477739255.0;;;3.93;3.93;3.93;3.93;3.93;3.93;0.0;0.0
104872;585602;2018-11-22;FRC;X19;;;0;0;0.0;;;0.0;0.0;0.0;0.0;0.0;3.95;0.0;0.0
104873;585603;2018-11-22;FRC;F20;;;25;11712;2174201817.0;;;4.0;3.97;4.01;3.97;3.97;3.97;0.0;0.0
104874;585604;2018-11-22;FRC;J20;;;0;0;0.0;;;0.0;0.0;0.0;0.0;0.0;4.01;0.0;0.0
104875;585605;2018-11-22;FRC;N20;;;0;0;0.0;;;0.0;0.0;0.0;0.0;0.0;4.08;0.0;0.0
104876;585606;2018-11-22;FRC;V20;;;8;1756;320836046.0;;;4.16;4.12;4.16;4.12;4.12;4.12;0.0;4.12
104877;585607;2018-11-22;FRC;F21;;;14;10558;1918759330.0;;;4.15;4.13;4.15;4.13;4.13;4.13;0.0;0.0
104878;585608;2018-11-22;FRC;J21;;;0;0;0.0;;;0.0;0.0;0.0;0.0;0.0;4.16;0.0;0.0
104879;585609;2018-11-22;FRC;N21;;;0;0;0.0;;;0.0;0.0;0.0;0.0;0.0;4.17;0.0;0.0
104880;585610;2018-11-22;FRC;V21;;;0;0;0.0;;;0.0;0.0;0.0;0.0;0.0;4.2;0.0;0.0
104881;585611;2018-11-22;FRC;F22;;;2;565;100535888.0;;;4.22;4.22;4.22;4.22;4.22;4.22;0.0;0.0
104882;585612;2018-11-22;FRC;J22;;;0;0;0.0;;;0.0;0.0;0.0;0.0;0.0;4.27;0.0;0.0
104883;585613;2018-11-22;FRC;N22;;;0;0;0.0;;;0.0;0.0;0.0;0.0;0.0;4.29;0.0;0.0
104884;585614;2018-11-22;FRC;V22;;;0;0;0.0;;;0.0;0.0;0.0;0.0;0.0;4.3;0.0;0.0
104885;585615;2018-11-22;FRC;F23;;;5;1110;193356609.0;;;4.3;4.3;4.3;4.3;4.3;4.3;0.0;0.0
104886;585616;2018-11-22;FRC;J23;;;0;0;0.0;;;0.0;0.0;0.0;0.0;0.0;4.35;0.0;0.0
104887;585617;2018-11-22;FRC;N23;;;0;0;0.0;;;0.0;0.0;0.0;0.0;0.0;4.38;0.0;0.0
104888;585618;2018-11-22;FRC;V23;;;1;182;31185371.0;;;4.36;4.36;4.36;4.36;4.36;4.36;0.0;0.0
104889;585619;2018-11-22;FRC;F24;;;5;905;154104516.0;;;4.41;4.41;4.41;4.41;4.41;4.41;0.0;0.0
104890;585620;2018-11-22;FRC;N24;;;0;0;0.0;;;0.0;0.0;0.0;0.0;0.0;4.45;0.0;0.0
104891;585621;2018-11-22;FRC;F25;;;0;0;0.0;;;0.0;0.0;0.0;0.0;0.0;4.51;0.0;0.0
104892;585622;2018-11-22;FRC;N25;;;0;0;0.0;;;0.0;0.0;0.0;0.0;0.0;4.56;0.0;0.0
104893;585623;2018-11-22;FRC;F26;;;0;0;0.0;;;0.0;0.0;0.0;0.0;0.0;4.64;0.0;0.0
104894;585624;2018-11-22;FRC;N26;;;0;0;0.0;;;0.0;0.0;0.0;0.0;0.0;4.71;0.0;0.0
104895;585625;2018-11-22;FRC;F27;;;0;0;0.0;;;0.0;0.0;0.0;0.0;0.0;4.8;0.0;0.0
104896;585626;2018-11-22;FRC;F28;;;1;169;26166309.0;;;4.89;4.89;4.89;4.89;4.89;4.89;0.0;0.0
104897;585627;2018-11-22;FRC;F29;;;0;0;0.0;;;0.0;0.0;0.0;0.0;0.0;5.03;0.0;0.0
104898;585628;2018-11-22;FRC;F30;;;0;0;0.0;;;0.0;0.0;0.0;0.0;0.0;5.08;0.0;0.0
104899;585802;2018-11-23;FRC;F19;;;142;168426;32030805233.0;;;4.03;3.9;4.03;3.94;3.93;3.93;3.85;3.93
104900;585803;2018-11-23;FRC;G19;;;71;69705;13234373895.0;;;4.0;3.93;4.0;3.96;3.95;3.95;0.0;0.0
104901;585804;2018-11-23;FRC;H19;;;6;5374;1018871909.0;;;3.88;3.88;3.88;3.88;3.88;3.88;0.0;0.0
104902;585805;2018-11-23;FRC;J19;;;9;4573;865787902.0;;;3.74;3.74;3.74;3.74;3.74;3.74;0.0;0.0
104903;585806;2018-11-23;FRC;K19;;;10;3768;712282539.0;;;3.71;3.71;3.71;3.71;3.71;3.71;0.0;0.0
104904;585807;2018-11-23;FRC;M19;;;6;2178;411055803.0;;;3.7;3.7;3.7;3.7;3.7;3.7;0.0;0.0
104905;585808;2018-11-23;FRC;N19;;;15;5345;1007253678.0;;;3.78;3.71;3.78;3.73;3.71;3.71;0.0;0.0
104906;585809;2018-11-23;FRC;Q19;;;5;2372;446260835.0;;;3.75;3.75;3.75;3.75;3.75;3.75;0.0;0.0
104907;585810;2018-11-23;FRC;U19;;;3;493;92590502.0;;;3.86;3.75;3.86;3.77;3.75;3.75;0.0;0.0
104908;585811;2018-11-23;FRC;V19;;;12;4531;849603626.0;;;3.8;3.8;3.8;3.8;3.8;3.8;0.0;0.0
104909;585812;2018-11-23;FRC;X19;;;6;2556;478434301.0;;;3.83;3.83;3.83;3.83;3.83;3.83;0.0;0.0
104910;585813;2018-11-23;FRC;F20;;;25;19355;3609433513.0;;;3.97;3.86;3.97;3.91;3.86;3.86;0.0;0.0
104911;585814;2018-11-23;FRC;J20;;;10;3841;712940470.0;;;3.95;3.9;3.95;3.9;3.9;3.9;0.0;0.0
104912;585815;2018-11-23;FRC;N20;;;17;6499;1200062514.0;;;4.03;3.95;4.03;3.95;3.95;3.95;0.0;0.0
104913;585816;2018-11-23;FRC;V20;;;4;965;177231269.0;;;4.01;4.01;4.01;4.01;4.01;4.01;0.0;0.0
104914;585817;2018-11-23;FRC;F21;;;13;10597;1934723209.0;;;4.13;4.02;4.13;4.09;4.02;4.02;0.0;0.0
104915;585818;2018-11-23;FRC;J21;;;0;0;0.0;;;0.0;0.0;0.0;0.0;0.0;4.05;0.0;0.0
104916;585819;2018-11-23;FRC;N21;;;0;0;0.0;;;0.0;0.0;0.0;0.0;0.0;4.06;0.0;0.0
104917;585820;2018-11-23;FRC;V21;;;2;378;67997117.0;;;4.1;4.1;4.1;4.1;4.1;4.1;0.0;0.0
104918;585821;2018-11-23;FRC;F22;;;3;1132;202556773.0;;;4.13;4.13;4.13;4.13;4.13;4.13;0.0;0.0
104919;585822;2018-11-23;FRC;J22;;;0;0;0.0;;;0.0;0.0;0.0;0.0;0.0;4.18;0.0;0.0
104920;585823;2018-11-23;FRC;N22;;;0;0;0.0;;;0.0;0.0;0.0;0.0;0.0;4.2;0.0;0.0
104921;585824;2018-11-23;FRC;V22;;;0;0;0.0;;;0.0;0.0;0.0;0.0;0.0;4.22;0.0;0.0
104922;585825;2018-11-23;FRC;F23;;;9;2681;469379135.0;;;4.3;4.22;4.3;4.25;4.22;4.22;0.0;0.0
104923;585826;2018-11-23;FRC;J23;;;0;0;0.0;;;0.0;0.0;0.0;0.0;0.0;4.25;0.0;0.0
104924;585827;2018-11-23;FRC;N23;;;1;183;31707046.0;;;4.27;4.27;4.27;4.27;4.27;4.27;0.0;0.0
104925;585828;2018-11-23;FRC;V23;;;1;183;31539839.0;;;4.31;4.31;4.31;4.31;4.31;4.31;0.0;0.0
104926;585829;2018-11-23;FRC;F24;;;8;1818;311235091.0;;;4.38;4.38;4.38;4.38;4.38;4.38;0.0;0.0
104927;585830;2018-11-23;FRC;N24;;;0;0;0.0;;;0.0;0.0;0.0;0.0;0.0;4.42;0.0;0.0
104928;585831;2018-11-23;FRC;F25;;;0;0;0.0;;;0.0;0.0;0.0;0.0;0.0;4.48;0.0;0.0
104929;585832;2018-11-23;FRC;N25;;;0;0;0.0;;;0.0;0.0;0.0;0.0;0.0;4.53;0.0;0.0
104930;585833;2018-11-23;FRC;F26;;;0;0;0.0;;;0.0;0.0;0.0;0.0;0.0;4.61;0.0;0.0
104931;585834;2018-11-23;FRC;N26;;;0;0;0.0;;;0.0;0.0;0.0;0.0;0.0;4.68;0.0;0.0
104932;585835;2018-11-23;FRC;F27;;;0;0;0.0;;;0.0;0.0;0.0;0.0;0.0;4.77;0.0;0.0
104933;585836;2018-11-23;FRC;F28;;;0;0;0.0;;;0.0;0.0;0.0;0.0;0.0;4.86;0.0;0.0
104934;585837;2018-11-23;FRC;F29;;;0;0;0.0;;;0.0;0.0;0.0;0.0;0.0;5.0;0.0;0.0
104935;585838;2018-11-23;FRC;F30;;;0;0;0.0;;;0.0;0.0;0.0;0.0;0.0;5.05;0.0;0.0
104936;586012;2018-11-26;FRC;F19;;;223;367435;70680328107.0;;;3.91;3.89;3.95;3.92;3.9;3.93;3.9;3.92
104937;586013;2018-11-26;FRC;G19;;;28;53641;10301359618.0;;;3.95;3.94;3.98;3.95;3.96;3.98;0.0;3.96
104938;586014;2018-11-26;FRC;H19;;;15;21200;4065452086.0;;;3.87;3.87;3.9;3.88;3.9;3.9;0.0;0.0
104939;586015;2018-11-26;FRC;J19;;;30;23456;4491337577.0;;;3.74;3.74;3.8;3.79;3.8;3.8;0.0;3.85
104940;586016;2018-11-26;FRC;K19;;;9;3967;758427970.0;;;3.75;3.75;3.75;3.75;3.75;3.75;0.0;0.0
104941;586017;2018-11-26;FRC;M19;;;10;3961;756090279.0;;;3.72;3.72;3.72;3.72;3.72;3.72;0.0;0.0
104942;586018;2018-11-26;FRC;N19;;;15;24142;4601513747.0;;;3.74;3.74;3.74;3.74;3.74;3.74;0.0;0.0
104943;586019;2018-11-26;FRC;Q19;;;0;0;0.0;;;0.0;0.0;0.0;0.0;0.0;3.78;0.0;0.0
104944;586020;2018-11-26;FRC;U19;;;5;2169;412016811.0;;;3.78;3.78;3.78;3.78;3.78;3.78;0.0;0.0
104945;586021;2018-11-26;FRC;V19;;;9;3940;747259691.0;;;3.8;3.8;3.8;3.8;3.8;3.8;0.0;0.0
104946;586022;2018-11-26;FRC;X19;;;4;611;115656661.0;;;3.89;3.88;3.89;3.88;3.88;3.89;0.0;3.89
104947;586023;2018-11-26;FRC;F20;;;26;9700;1830022542.0;;;3.9;3.88;3.9;3.88;3.88;3.88;0.0;0.0
104948;586024;2018-11-26;FRC;J20;;;0;0;0.0;;;0.0;0.0;0.0;0.0;0.0;3.92;0.0;0.0
104949;586025;2018-11-26;FRC;N20;;;13;4850;905655153.0;;;3.98;3.98;3.98;3.98;3.98;3.98;0.0;0.0
104950;586026;2018-11-26;FRC;V20;;;6;1544;286746258.0;;;4.04;4.04;4.04;4.04;4.04;4.04;0.0;0.0
104951;586027;2018-11-26;FRC;F21;;;15;3936;727035855.0;;;4.06;4.06;4.07;4.06;4.07;4.07;0.0;0.0
104952;586028;2018-11-26;FRC;J21;;;0;0;0.0;;;0.0;0.0;0.0;0.0;0.0;4.1;0.0;0.0
104953;586029;2018-11-26;FRC;N21;;;0;0;0.0;;;0.0;0.0;0.0;0.0;0.0;4.11;0.0;0.0
104954;586030;2018-11-26;FRC;V21;;;2;701;127564522.0;;;4.1;4.1;4.1;4.1;4.1;4.15;0.0;0.0
104955;586031;2018-11-26;FRC;F22;;;6;1790;323793216.0;;;4.15;4.15;4.17;4.16;4.17;4.17;0.0;0.0
104956;586032;2018-11-26;FRC;J22;;;0;0;0.0;;;0.0;0.0;0.0;0.0;0.0;4.22;0.0;0.0
104957;586033;2018-11-26;FRC;N22;;;0;0;0.0;;;0.0;0.0;0.0;0.0;0.0;4.25;0.0;0.0
104958;586034;2018-11-26;FRC;V22;;;0;0;0.0;;;0.0;0.0;0.0;0.0;0.0;4.28;0.0;0.0
104959;586035;2018-11-26;FRC;F23;;;9;2590;458428667.0;;;4.28;4.28;4.28;4.28;4.28;4.28;0.0;0.0
104960;586036;2018-11-26;FRC;J23;;;0;0;0.0;;;0.0;0.0;0.0;0.0;0.0;4.3;0.0;0.0
104961;586037;2018-11-26;FRC;N23;;;0;0;0.0;;;0.0;0.0;0.0;0.0;0.0;4.31;0.0;0.0
104962;586038;2018-11-26;FRC;V23;;;5;910;158440212.0;;;4.34;4.34;4.34;4.34;4.34;4.34;0.0;0.0
104963;586039;2018-11-26;FRC;F24;;;5;905;156524913.0;;;4.41;4.41;4.41;4.41;4.41;4.41;4.41;0.0
104964;586040;2018-11-26;FRC;N24;;;0;0;0.0;;;0.0;0.0;0.0;0.0;0.0;4.44;0.0;0.0
104965;586041;2018-11-26;FRC;F25;;;0;0;0.0;;;0.0;0.0;0.0;0.0;0.0;4.49;0.0;0.0
104966;586042;2018-11-26;FRC;N25;;;0;0;0.0;;;0.0;0.0;0.0;0.0;0.0;4.53;0.0;0.0
104967;586043;2018-11-26;FRC;F26;;;0;0;0.0;;;0.0;0.0;0.0;0.0;0.0;4.6;0.0;0.0
104968;586044;2018-11-26;FRC;N26;;;0;0;0.0;;;0.0;0.0;0.0;0.0;0.0;4.67;0.0;0.0
104969;586045;2018-11-26;FRC;F27;;;2;344;55476078.0;;;4.75;4.75;4.75;4.75;4.75;4.75;0.0;0.0
104970;586046;2018-11-26;FRC;F28;;;1;169;26561156.0;;;4.91;4.91;4.91;4.91;4.91;4.91;0.0;0.0
104971;586047;2018-11-26;FRC;F29;;;0;0;0.0;;;0.0;0.0;0.0;0.0;0.0;5.05;0.0;0.0
104972;586048;2018-11-26;FRC;F30;;;0;0;0.0;;;0.0;0.0;0.0;0.0;0.0;5.1;0.0;0.0
104973;586222;2018-11-27;FRC;F19;;;348;542358;104964491067.0;;;3.8;3.73;3.85;3.79;3.83;3.83;3.83;3.87
104974;586223;2018-11-27;FRC;G19;;;98;62660;12106807761.0;;;3.8;3.8;3.9;3.87;3.89;3.89;0.0;3.91
104975;586224;2018-11-27;FRC;H19;;;28;19944;3847914272.0;;;3.76;3.76;3.86;3.83;3.85;3.85;0.0;0.0
104976;586225;2018-11-27;FRC;J19;;;36;58844;11336625230.0;;;3.69;3.67;3.75;3.72;3.75;3.73;0.0;0.0
104977;586226;2018-11-27;FRC;K19;;;16;17065;3282601915.0;;;3.7;3.7;3.7;3.7;3.7;3.7;3.7;0.0
104978;586227;2018-11-27;FRC;M19;;;8;4955;951663534.0;;;3.67;3.67;3.67;3.67;3.67;3.67;3.7;0.0
104979;586228;2018-11-27;FRC;N19;;;12;12666;2428998543.0;;;3.7;3.7;3.7;3.7;3.7;3.7;0.0;0.0
104980;586229;2018-11-27;FRC;Q19;;;0;0;0.0;;;0.0;0.0;0.0;0.0;0.0;3.75;0.0;0.0
104981;586230;2018-11-27;FRC;U19;;;0;0;0.0;;;0.0;0.0;0.0;0.0;0.0;3.77;0.0;0.0
104982;586231;2018-11-27;FRC;V19;;;18;5237;999244182.0;;;3.75;3.75;3.8;3.79;3.8;3.8;0.0;0.0
104983;586232;2018-11-27;FRC;X19;;;15;5115;974178281.0;;;3.82;3.82;3.85;3.84;3.85;3.85;0.0;0.0
104984;586233;2018-11-27;FRC;F20;;;20;13442;2551305552.0;;;3.88;3.81;3.89;3.88;3.88;3.89;3.88;0.0
104985;586234;2018-11-27;FRC;J20;;;11;2730;515472968.0;;;3.95;3.95;3.95;3.95;3.95;3.95;0.0;0.0
104986;586235;2018-11-27;FRC;N20;;;0;0;0.0;;;0.0;0.0;0.0;0.0;0.0;4.01;3.99;4.01
104987;586236;2018-11-27;FRC;V20;;;8;1563;291976576.0;;;4.05;4.04;4.06;4.05;4.06;4.06;0.0;0.0
104988;586237;2018-11-27;FRC;F21;;;16;8949;1662666604.0;;;4.07;4.07;4.1;4.08;4.1;4.1;0.0;4.1
104989;586238;2018-11-27;FRC;J21;;;1;191;35301123.0;;;4.13;4.13;4.13;4.13;4.13;4.13;0.0;0.0
104990;586239;2018-11-27;FRC;N21;;;2;380;69856943.0;;;4.16;4.16;4.16;4.16;4.16;4.16;0.0;0.0
104991;586240;2018-11-27;FRC;V21;;;0;0;0.0;;;0.0;0.0;0.0;0.0;0.0;4.2;0.0;0.0
104992;586241;2018-11-27;FRC;F22;;;2;376;68369163.0;;;4.21;4.21;4.21;4.21;4.21;4.21;0.0;0.0
104993;586242;2018-11-27;FRC;J22;;;0;0;0.0;;;0.0;0.0;0.0;0.0;0.0;4.25;0.0;0.0
104994;586243;2018-11-27;FRC;N22;;;1;187;33648621.0;;;4.27;4.27;4.27;4.27;4.27;4.27;0.0;0.0
104995;586244;2018-11-27;FRC;V22;;;0;0;0.0;;;0.0;0.0;0.0;0.0;0.0;4.29;0.0;0.0
104996;586245;2018-11-27;FRC;F23;;;12;3569;635491073.0;;;4.28;4.28;4.28;4.28;4.28;4.28;4.28;0.0
104997;586246;2018-11-27;FRC;J23;;;4;1472;260689726.0;;;4.3;4.3;4.3;4.3;4.3;4.3;0.0;0.0
104998;586247;2018-11-27;FRC;N23;;;0;0;0.0;;;0.0;0.0;0.0;0.0;0.0;4.33;0.0;0.0
104999;586248;2018-11-27;FRC;V23;;;1;182;31860429.0;;;4.37;4.37;4.37;4.37;4.37;4.37;0.0;0.0
105000;586249;2018-11-27;FRC;F24;;;6;905;157445657.0;;;4.41;4.41;4.42;4.41;4.42;4.42;0.0;0.0
105001;586250;2018-11-27;FRC;N24;;;0;0;0.0;;;0.0;0.0;0.0;0.0;0.0;4.47;0.0;0.0
105002;586251;2018-11-27;FRC;F25;;;1;54;9208227.0;;;4.48;4.48;4.48;4.48;4.48;4.55;0.0;0.0
105003;586252;2018-11-27;FRC;N25;;;0;0;0.0;;;0.0;0.0;0.0;0.0;0.0;4.59;0.0;0.0
105004;586253;2018-11-27;FRC;F26;;;0;0;0.0;;;0.0;0.0;0.0;0.0;0.0;4.66;0.0;0.0
105005;586254;2018-11-27;FRC;N26;;;0;0;0.0;;;0.0;0.0;0.0;0.0;0.0;4.73;0.0;0.0
105006;586255;2018-11-27;FRC;F27;;;0;0;0.0;;;0.0;0.0;0.0;0.0;0.0;4.8;0.0;0.0
105007;586256;2018-11-27;FRC;F28;;;0;0;0.0;;;0.0;0.0;0.0;0.0;0.0;4.96;0.0;0.0
105008;586257;2018-11-27;FRC;F29;;;0;0;0.0;;;0.0;0.0;0.0;0.0;0.0;5.1;0.0;0.0
105009;586258;2018-11-27;FRC;F30;;;0;0;0.0;;;0.0;0.0;0.0;0.0;0.0;5.15;0.0;0.0
105010;586432;2018-11-28;FRC;F19;;;180;330377;63723128964.0;;;3.82;3.79;4.03;3.95;4.02;4.03;0.0;4.03
105011;586433;2018-11-28;FRC;G19;;;247;82479;15882286470.0;;;3.87;3.87;4.01;3.96;4.01;4.01;0.0;0.0
105012;586434;2018-11-28;FRC;H19;;;64;103042;19812466575.0;;;3.83;3.82;3.96;3.92;3.96;3.96;0.0;0.0
105013;586435;2018-11-28;FRC;J19;;;109;91652;17597241606.0;;;3.72;3.72;4.01;3.78;4.01;3.83;0.0;0.0
105014;586436;2018-11-28;FRC;K19;;;5;990;189741203.0;;;3.86;3.86;3.86;3.86;3.86;3.86;3.79;3.85
105015;586437;2018-11-28;FRC;M19;;;4;1584;303125197.0;;;3.79;3.79;3.79;3.79;3.79;3.79;0.0;0.0
105016;586438;2018-11-28;FRC;N19;;;21;6729;1285867013.0;;;3.76;3.74;3.8;3.78;3.8;3.8;0.0;0.0
105017;586439;2018-11-28;FRC;Q19;;;0;0;0.0;;;0.0;0.0;0.0;0.0;0.0;3.84;0.0;0.0
105018;586440;2018-11-28;FRC;U19;;;0;0;0.0;;;0.0;0.0;0.0;0.0;0.0;3.85;0.0;0.0
105019;586441;2018-11-28;FRC;V19;;;3;2008;381768957.0;;;3.86;3.84;3.86;3.85;3.84;3.88;0.0;0.0
105020;586442;2018-11-28;FRC;X19;;;5;2360;447836342.0;;;3.92;3.92;3.92;3.92;3.92;3.92;0.0;0.0
105021;586443;2018-11-28;FRC;F20;;;60;43292;8186786579.0;;;3.9;3.9;3.97;3.94;3.96;3.96;0.0;0.0
105022;586444;2018-11-28;FRC;J20;;;0;0;0.0;;;0.0;0.0;0.0;0.0;0.0;4.02;0.0;0.0
105023;586445;2018-11-28;FRC;N20;;;18;12898;2413410804.0;;;4.07;4.06;4.07;4.06;4.06;4.07;0.0;0.0
105024;586446;2018-11-28;FRC;V20;;;0;0;0.0;;;0.0;0.0;0.0;0.0;0.0;4.12;0.0;0.0
105025;586447;2018-11-28;FRC;F21;;;18;5799;1073237096.0;;;4.05;4.05;4.15;4.14;4.05;4.15;0.0;0.0
105026;586448;2018-11-28;FRC;J21;;;0;0;0.0;;;0.0;0.0;0.0;0.0;0.0;4.17;0.0;0.0
105027;586449;2018-11-28;FRC;N21;;;5;950;174005203.0;;;4.19;4.19;4.19;4.19;4.19;4.19;0.0;0.0
105028;586450;2018-11-28;FRC;V21;;;0;0;0.0;;;0.0;0.0;0.0;0.0;0.0;4.23;0.0;0.0
105029;586451;2018-11-28;FRC;F22;;;6;1128;204377023.0;;;4.23;4.23;4.23;4.23;4.23;4.23;0.0;0.0
105030;586452;2018-11-28;FRC;J22;;;0;0;0.0;;;0.0;0.0;0.0;0.0;0.0;4.27;0.0;0.0
105031;586453;2018-11-28;FRC;N22;;;0;0;0.0;;;0.0;0.0;0.0;0.0;0.0;4.29;0.0;0.0
105032;586454;2018-11-28;FRC;V22;;;0;0;0.0;;;0.0;0.0;0.0;0.0;0.0;4.32;0.0;0.0
105033;586455;2018-11-28;FRC;F23;;;11;2774;492043404.0;;;4.31;4.31;4.31;4.31;4.31;4.31;0.0;0.0
105034;586456;2018-11-28;FRC;J23;;;0;0;0.0;;;0.0;0.0;0.0;0.0;0.0;4.32;0.0;0.0
105035;586457;2018-11-28;FRC;N23;;;0;0;0.0;;;0.0;0.0;0.0;0.0;0.0;4.35;0.0;0.0
105036;586458;2018-11-28;FRC;V23;;;7;1274;222245747.0;;;4.38;4.38;4.38;4.38;4.38;4.38;0.0;0.0
105037;586459;2018-11-28;FRC;F24;;;11;2717;470953430.0;;;4.44;4.44;4.44;4.44;4.44;4.44;0.0;0.0
105038;586460;2018-11-28;FRC;N24;;;0;0;0.0;;;0.0;0.0;0.0;0.0;0.0;4.47;0.0;0.0
105039;586461;2018-11-28;FRC;F25;;;10;1780;301687129.0;;;4.53;4.53;4.53;4.53;4.53;4.53;0.0;0.0
105040;586462;2018-11-28;FRC;N25;;;0;0;0.0;;;0.0;0.0;0.0;0.0;0.0;4.57;0.0;0.0
105041;586463;2018-11-28;FRC;F26;;;2;437;72352691.0;;;4.64;4.64;4.64;4.64;4.64;4.64;0.0;0.0
105042;586464;2018-11-28;FRC;N26;;;0;0;0.0;;;0.0;0.0;0.0;0.0;0.0;4.71;0.0;0.0
105043;586465;2018-11-28;FRC;F27;;;0;0;0.0;;;0.0;0.0;0.0;0.0;0.0;4.78;0.0;0.0
105044;586466;2018-11-28;FRC;F28;;;0;0;0.0;;;0.0;0.0;0.0;0.0;0.0;4.94;0.0;0.0
105045;586467;2018-11-28;FRC;F29;;;0;0;0.0;;;0.0;0.0;0.0;0.0;0.0;5.08;0.0;0.0
105046;586468;2018-11-28;FRC;F30;;;0;0;0.0;;;0.0;0.0;0.0;0.0;0.0;5.13;0.0;0.0
105047;586646;2018-11-29;FRC;G19;;;51;29417;5649361505.0;;;3.95;3.9;3.95;3.92;3.92;3.92;3.9;0.0
105048;586647;2018-11-29;FRC;H19;;;10;8971;1720357293.0;;;3.86;3.86;3.86;3.86;3.86;3.86;3.82;3.87
105049;586648;2018-11-29;FRC;J19;;;18;77167;14777611667.0;;;3.75;3.65;3.75;3.7;3.7;3.7;0.0;3.7
105050;586649;2018-11-29;FRC;K19;;;8;5368;1026365947.0;;;3.7;3.7;3.74;3.7;3.74;3.7;0.0;3.75
105051;586650;2018-11-29;FRC;M19;;;4;2778;530349785.0;;;3.66;3.66;3.66;3.66;3.66;3.66;0.0;0.0
105052;586651;2018-11-29;FRC;N19;;;16;40425;7705112619.0;;;3.74;3.69;3.74;3.73;3.69;3.69;0.0;0.0
105053;586652;2018-11-29;FRC;Q19;;;0;0;0.0;;;0.0;0.0;0.0;0.0;0.0;3.74;0.0;0.0
105054;586653;2018-11-29;FRC;U19;;;0;0;0.0;;;0.0;0.0;0.0;0.0;0.0;3.76;0.0;0.0
105055;586654;2018-11-29;FRC;V19;;;1;197;37366182.0;;;3.77;3.77;3.77;3.77;3.77;3.8;3.8;0.0
105056;586655;2018-11-29;FRC;X19;;;7;2954;559217856.0;;;3.85;3.85;3.85;3.85;3.85;3.85;0.0;0.0
105057;586656;2018-11-29;FRC;Z19;;;0;0;0.0;;;0.0;0.0;0.0;0.0;0.0;3.88;0.0;0.0
105058;586657;2018-11-29;FRC;F20;;;23;18815;3549217161.0;;;3.9;3.9;3.91;3.9;3.91;3.91;0.0;0.0
105059;586658;2018-11-29;FRC;J20;;;0;0;0.0;;;0.0;0.0;0.0;0.0;0.0;3.98;0.0;0.0
105060;586659;2018-11-29;FRC;N20;;;0;0;0.0;;;0.0;0.0;0.0;0.0;0.0;4.02;0.0;4.0
105061;586660;2018-11-29;FRC;V20;;;4;1294;240254096.0;;;4.07;4.07;4.07;4.07;4.07;4.07;0.0;0.0
105062;586661;2018-11-29;FRC;F21;;;18;14922;2756065474.0;;;4.08;4.08;4.08;4.08;4.08;4.08;0.0;0.0
105063;586662;2018-11-29;FRC;J21;;;0;0;0.0;;;0.0;0.0;0.0;0.0;0.0;4.1;0.0;0.0
105064;586663;2018-11-29;FRC;N21;;;0;0;0.0;;;0.0;0.0;0.0;0.0;0.0;4.13;0.0;0.0
105065;586664;2018-11-29;FRC;V21;;;0;0;0.0;;;0.0;0.0;0.0;0.0;0.0;4.17;0.0;0.0
105066;586665;2018-11-29;FRC;F22;;;6;2077;375657526.0;;;4.18;4.18;4.18;4.18;4.18;4.18;0.0;0.0
105067;586666;2018-11-29;FRC;J22;;;0;0;0.0;;;0.0;0.0;0.0;0.0;0.0;4.22;0.0;0.0
105068;586667;2018-11-29;FRC;N22;;;0;0;0.0;;;0.0;0.0;0.0;0.0;0.0;4.24;0.0;0.0
105069;586668;2018-11-29;FRC;V22;;;0;0;0.0;;;0.0;0.0;0.0;0.0;0.0;4.28;0.0;0.0
105070;586669;2018-11-29;FRC;F23;;;12;13187;2334467190.0;;;4.3;4.27;4.3;4.27;4.27;4.27;0.0;0.0
105071;586670;2018-11-29;FRC;J23;;;0;0;0.0;;;0.0;0.0;0.0;0.0;0.0;4.28;0.0;0.0
105072;586671;2018-11-29;FRC;N23;;;0;0;0.0;;;0.0;0.0;0.0;0.0;0.0;4.31;0.0;0.0
105073;586672;2018-11-29;FRC;V23;;;5;1097;191090673.0;;;4.34;4.34;4.34;4.34;4.34;4.34;0.0;0.0
105074;586673;2018-11-29;FRC;F24;;;2;364;63034761.0;;;4.38;4.38;4.38;4.38;4.38;4.38;0.0;0.0
105075;586674;2018-11-29;FRC;N24;;;0;0;0.0;;;0.0;0.0;0.0;0.0;0.0;4.41;0.0;0.0
105076;586675;2018-11-29;FRC;F25;;;7;6432;1089298379.0;;;4.47;4.47;4.47;4.47;4.47;4.47;0.0;0.0
105077;586676;2018-11-29;FRC;N25;;;0;0;0.0;;;0.0;0.0;0.0;0.0;0.0;4.51;0.0;0.0
105078;586677;2018-11-29;FRC;F26;;;0;0;0.0;;;0.0;0.0;0.0;0.0;0.0;4.58;0.0;0.0
105079;586678;2018-11-29;FRC;N26;;;0;0;0.0;;;0.0;0.0;0.0;0.0;0.0;4.66;0.0;0.0
105080;586679;2018-11-29;FRC;F27;;;3;516;83259557.0;;;4.73;4.73;4.73;4.73;4.73;4.73;0.0;0.0
105081;586680;2018-11-29;FRC;F28;;;0;0;0.0;;;0.0;0.0;0.0;0.0;0.0;4.89;0.0;0.0
105082;586681;2018-11-29;FRC;F29;;;0;0;0.0;;;0.0;0.0;0.0;0.0;0.0;5.03;0.0;0.0
105083;586682;2018-11-29;FRC;F30;;;0;0;0.0;;;0.0;0.0;0.0;0.0;0.0;5.08;0.0;0.0
105084;586860;2018-11-30;FRC;G19;;;31;60757;11667951976.0;;;3.92;3.91;4.05;3.95;3.92;3.93;0.0;3.92
105085;586861;2018-11-30;FRC;H19;;;26;19439;3727742171.0;;;3.85;3.85;3.92;3.88;3.86;3.86;3.8;3.86
105086;586862;2018-11-30;FRC;J19;;;14;13717;2627107436.0;;;3.72;3.65;3.72;3.65;3.65;3.65;0.0;3.64
105087;586863;2018-11-30;FRC;K19;;;9;4176;798523363.0;;;3.67;3.67;3.67;3.67;3.67;3.67;0.0;0.0
105088;586864;2018-11-30;FRC;M19;;;6;1982;378404439.0;;;3.64;3.64;3.64;3.64;3.64;3.64;0.0;0.0
105089;586865;2018-11-30;FRC;N19;;;4;990;188741868.0;;;3.65;3.65;3.65;3.65;3.65;3.65;0.0;0.0
105090;586866;2018-11-30;FRC;Q19;;;2;792;150737018.0;;;3.7;3.7;3.7;3.7;3.7;3.7;0.0;0.0
105091;586867;2018-11-30;FRC;U19;;;4;1384;262963919.0;;;3.72;3.72;3.72;3.72;3.72;3.72;0.0;0.0
105092;586868;2018-11-30;FRC;V19;;;0;0;0.0;;;0.0;0.0;0.0;0.0;0.0;3.77;0.0;0.0
105093;586869;2018-11-30;FRC;X19;;;20;8172;1547189096.0;;;3.83;3.83;3.83;3.83;3.83;3.83;3.8;0.0
105094;586870;2018-11-30;FRC;Z19;;;0;0;0.0;;;0.0;0.0;0.0;0.0;0.0;3.84;0.0;0.0
105095;586871;2018-11-30;FRC;F20;;;12;8868;1673010990.0;;;3.94;3.87;3.94;3.88;3.87;3.87;0.0;0.0
105096;586872;2018-11-30;FRC;J20;;;11;2733;513018981.0;;;3.93;3.93;3.93;3.93;3.93;3.93;0.0;0.0
105097;586873;2018-11-30;FRC;N20;;;7;1748;326415533.0;;;3.98;3.98;3.98;3.98;3.98;3.98;0.0;0.0
105098;586874;2018-11-30;FRC;V20;;;4;772;143395868.0;;;4.02;4.02;4.02;4.02;4.02;4.02;0.0;0.0
105099;586875;2018-11-30;FRC;F21;;;1;3271;604467160.0;;;4.03;4.03;4.03;4.03;4.03;4.03;0.0;0.0
105100;586876;2018-11-30;FRC;J21;;;0;0;0.0;;;0.0;0.0;0.0;0.0;0.0;4.05;0.0;0.0
105101;586877;2018-11-30;FRC;N21;;;3;573;104845241.0;;;4.07;4.07;4.07;4.07;4.07;4.07;0.0;0.0
105102;586878;2018-11-30;FRC;V21;;;0;0;0.0;;;0.0;0.0;0.0;0.0;0.0;4.11;0.0;0.0
105103;586879;2018-11-30;FRC;F22;;;8;2456;444616430.0;;;4.2;4.11;4.2;4.11;4.11;4.11;0.0;0.0
105104;586880;2018-11-30;FRC;J22;;;0;0;0.0;;;0.0;0.0;0.0;0.0;0.0;4.15;0.0;0.0
105105;586881;2018-11-30;FRC;N22;;;0;0;0.0;;;0.0;0.0;0.0;0.0;0.0;4.18;0.0;0.0
105106;586882;2018-11-30;FRC;V22;;;0;0;0.0;;;0.0;0.0;0.0;0.0;0.0;4.23;0.0;0.0
105107;586883;2018-11-30;FRC;F23;;;9;3169;561574774.0;;;4.22;4.22;4.22;4.22;4.22;4.22;0.0;0.0
105108;586884;2018-11-30;FRC;J23;;;0;0;0.0;;;0.0;0.0;0.0;0.0;0.0;4.25;0.0;0.0
105109;586885;2018-11-30;FRC;N23;;;1;184;32262211.0;;;4.27;4.27;4.27;4.27;4.27;4.27;0.0;0.0
105110;586886;2018-11-30;FRC;V23;;;0;0;0.0;;;0.0;0.0;0.0;0.0;0.0;4.3;0.0;0.0
105111;586887;2018-11-30;FRC;F24;;;1;182;31544327.0;;;4.34;4.34;4.34;4.34;4.34;4.34;0.0;0.0
105112;586888;2018-11-30;FRC;N24;;;0;0;0.0;;;0.0;0.0;0.0;0.0;0.0;4.37;0.0;0.0
105113;586889;2018-11-30;FRC;F25;;;8;2415;409564159.0;;;4.42;4.42;4.42;4.42;4.42;4.42;0.0;0.0
105114;586890;2018-11-30;FRC;N25;;;0;0;0.0;;;0.0;0.0;0.0;0.0;0.0;4.45;0.0;0.0
105115;586891;2018-11-30;FRC;F26;;;0;0;0.0;;;0.0;0.0;0.0;0.0;0.0;4.51;4.51;0.0
105116;586892;2018-11-30;FRC;N26;;;0;0;0.0;;;0.0;0.0;0.0;0.0;0.0;4.59;0.0;0.0
105117;586893;2018-11-30;FRC;F27;;;0;0;0.0;;;0.0;0.0;0.0;0.0;0.0;4.65;0.0;0.0
105118;586894;2018-11-30;FRC;F28;;;2;340;53691391.0;;;4.8;4.8;4.8;4.8;4.8;4.8;0.0;0.0
105119;586895;2018-11-30;FRC;F29;;;0;0;0.0;;;0.0;0.0;0.0;0.0;0.0;4.94;0.0;0.0
105120;586896;2018-11-30;FRC;F30;;;0;0;0.0;;;0.0;0.0;0.0;0.0;0.0;4.99;0.0;0.0
105121;587077;2018-12-03;FRC;G19;;;68;109516;20933363701.0;;;4.0;3.94;4.06;3.99;4.0;3.99;3.96;4.04
105122;587078;2018-12-03;FRC;H19;;;65;52918;10100953514.0;;;3.86;3.84;3.91;3.86;3.86;3.85;3.8;3.87
105123;587079;2018-12-03;FRC;J19;;;12;11927;2273740705.0;;;3.66;3.61;3.7;3.62;3.61;3.61;0.0;0.0
105124;587080;2018-12-03;FRC;K19;;;7;2386;454140560.0;;;3.72;3.64;3.72;3.64;3.64;3.64;0.0;0.0
105125;587081;2018-12-03;FRC;M19;;;2;2442;464095863.0;;;3.64;3.61;3.64;3.61;3.61;3.61;0.0;0.0
105126;587082;2018-12-03;FRC;N19;;;13;20653;3919434355.0;;;3.65;3.6;3.65;3.62;3.63;3.62;0.0;0.0
105127;587083;2018-12-03;FRC;Q19;;;7;5540;1049417656.0;;;3.7;3.7;3.8;3.71;3.8;3.7;0.0;0.0
105128;587084;2018-12-03;FRC;U19;;;4;3556;672346828.0;;;3.72;3.72;3.9;3.77;3.9;3.72;0.0;0.0
105129;587085;2018-12-03;FRC;V19;;;2;236;44550774.0;;;3.77;3.77;3.8;3.79;3.8;3.77;0.0;0.0
105130;587086;2018-12-03;FRC;X19;;;8;3152;593986805.0;;;3.83;3.83;3.83;3.83;3.83;3.83;0.0;0.0
105131;587087;2018-12-03;FRC;Z19;;;0;0;0.0;;;0.0;0.0;0.0;0.0;0.0;3.84;0.0;0.0
105132;587088;2018-12-03;FRC;F20;;;30;11945;2243167168.0;;;3.87;3.86;3.92;3.87;3.86;3.86;0.0;0.0
105133;587089;2018-12-03;FRC;J20;;;8;2558;477999708.0;;;3.93;3.91;3.93;3.91;3.91;3.91;0.0;0.0
105134;587090;2018-12-03;FRC;N20;;;11;2467;458571897.0;;;3.98;3.97;3.98;3.97;3.97;3.97;0.0;0.0
105135;587091;2018-12-03;FRC;V20;;;9;3133;579326990.0;;;4.02;4.01;4.02;4.01;4.01;4.01;0.0;0.0
105136;587092;2018-12-03;FRC;F21;;;12;24662;4535403757.0;;;4.03;4.03;4.06;4.04;4.03;4.03;0.0;0.0
105137;587093;2018-12-03;FRC;J21;;;1;19;3476638.0;;;4.05;4.05;4.05;4.05;4.05;4.05;0.0;0.0
105138;587094;2018-12-03;FRC;N21;;;0;0;0.0;;;0.0;0.0;0.0;0.0;0.0;4.07;0.0;0.0
105139;587095;2018-12-03;FRC;V21;;;1;38;6882911.0;;;4.11;4.11;4.11;4.11;4.11;4.11;0.0;0.0
105140;587096;2018-12-03;FRC;F22;;;5;1512;272478921.0;;;4.11;4.11;4.11;4.11;4.11;4.11;0.0;0.0
105141;587097;2018-12-03;FRC;J22;;;0;0;0.0;;;0.0;0.0;0.0;0.0;0.0;4.15;0.0;4.15
105142;587098;2018-12-03;FRC;N22;;;0;0;0.0;;;0.0;0.0;0.0;0.0;0.0;4.17;0.0;4.17
105143;587099;2018-12-03;FRC;V22;;;0;0;0.0;;;0.0;0.0;0.0;0.0;0.0;4.21;0.0;4.21
105144;587100;2018-12-03;FRC;F23;;;20;18439;3251411294.0;;;4.22;4.2;4.26;4.23;4.2;4.2;0.0;0.0
105145;587101;2018-12-03;FRC;J23;;;0;0;0.0;;;0.0;0.0;0.0;0.0;0.0;4.23;0.0;0.0
105146;587102;2018-12-03;FRC;N23;;;2;183;31921109.0;;;4.27;4.27;4.27;4.27;4.27;4.24;0.0;0.0
105147;587103;2018-12-03;FRC;V23;;;1;183;31777238.0;;;4.27;4.27;4.27;4.27;4.27;4.27;0.0;0.0
105148;587104;2018-12-03;FRC;F24;;;6;2949;509096652.0;;;4.34;4.3;4.34;4.3;4.3;4.32;0.0;0.0
105149;587105;2018-12-03;FRC;N24;;;0;0;0.0;;;0.0;0.0;0.0;0.0;0.0;4.35;0.0;0.0
105150;587106;2018-12-03;FRC;F25;;;3;984;166175652.0;;;4.42;4.4;4.42;4.4;4.4;4.4;0.0;0.0
105151;587107;2018-12-03;FRC;N25;;;0;0;0.0;;;0.0;0.0;0.0;0.0;0.0;4.43;0.0;0.0
105152;587108;2018-12-03;FRC;F26;;;2;282;46581975.0;;;4.51;4.5;4.51;4.5;4.5;4.49;0.0;0.0
105153;587109;2018-12-03;FRC;N26;;;0;0;0.0;;;0.0;0.0;0.0;0.0;0.0;4.57;0.0;0.0
105154;587110;2018-12-03;FRC;F27;;;0;0;0.0;;;0.0;0.0;0.0;0.0;0.0;4.63;0.0;0.0
105155;587111;2018-12-03;FRC;F28;;;1;170;26728330.0;;;4.79;4.79;4.79;4.79;4.79;4.79;0.0;0.0
105156;587112;2018-12-03;FRC;F29;;;0;0;0.0;;;0.0;0.0;0.0;0.0;0.0;4.93;0.0;0.0
105157;587113;2018-12-03;FRC;F30;;;0;0;0.0;;;0.0;0.0;0.0;0.0;0.0;4.98;0.0;0.0
105158;587290;2018-12-04;FRC;G19;;;51;128871;24622310712.0;;;4.0;3.86;4.0;3.93;3.87;3.87;3.85;3.87
105159;587291;2018-12-04;FRC;H19;;;26;38881;7418622158.0;;;3.85;3.78;3.85;3.79;3.78;3.78;3.75;3.79
105160;587292;2018-12-04;FRC;J19;;;46;65567;12494558920.0;;;3.59;3.55;3.59;3.57;3.56;3.55;0.0;0.0
105161;587293;2018-12-04;FRC;K19;;;9;5211;991458166.0;;;3.6;3.6;3.62;3.6;3.62;3.6;0.0;3.62
105162;587294;2018-12-04;FRC;M19;;;7;9133;1734975867.0;;;3.57;3.57;3.75;3.58;3.75;3.57;0.0;0.0
105163;587295;2018-12-04;FRC;N19;;;26;33103;6279886017.0;;;3.6;3.58;3.6;3.58;3.58;3.58;3.59;0.0
105164;587296;2018-12-04;FRC;Q19;;;0;0;0.0;;;0.0;0.0;0.0;0.0;0.0;3.66;0.0;0.0
105165;587297;2018-12-04;FRC;U19;;;1;988;186784616.0;;;3.68;3.68;3.68;3.68;3.68;3.68;0.0;0.0
105166;587298;2018-12-04;FRC;V19;;;13;7889;1488984563.0;;;3.8;3.65;3.8;3.72;3.65;3.71;0.0;0.0
105167;587299;2018-12-04;FRC;X19;;;8;13192;2484841278.0;;;3.83;3.79;3.83;3.82;3.79;3.79;0.0;0.0
105168;587300;2018-12-04;FRC;Z19;;;15;25555;4805769876.0;;;3.83;3.77;3.83;3.82;3.77;3.77;3.72;0.0
105169;587301;2018-12-04;FRC;F20;;;28;34540;6484434293.0;;;3.86;3.81;3.88;3.84;3.86;3.81;0.0;0.0
105170;587302;2018-12-04;FRC;J20;;;7;1365;255035766.0;;;3.85;3.85;3.85;3.85;3.85;3.85;0.0;0.0
105171;587303;2018-12-04;FRC;N20;;;7;1262;234555375.0;;;3.92;3.92;3.92;3.92;3.92;3.92;0.0;3.91
105172;587304;2018-12-04;FRC;V20;;;2;96;17745743.0;;;3.96;3.96;3.96;3.96;3.96;3.95;0.0;0.0
105173;587305;2018-12-04;FRC;F21;;;15;4528;833155858.0;;;3.98;3.95;3.98;3.95;3.95;3.95;0.0;0.0
105174;587306;2018-12-04;FRC;J21;;;2;96;17574927.0;;;4.0;4.0;4.0;4.0;4.0;3.96;0.0;0.0
105175;587307;2018-12-04;FRC;N21;;;2;95;17298831.0;;;4.02;4.02;4.02;4.02;4.02;3.97;0.0;0.0
105176;587308;2018-12-04;FRC;V21;;;3;342;61928222.0;;;4.11;4.06;4.11;4.09;4.06;4.0;0.0;0.0
105177;587309;2018-12-04;FRC;F22;;;3;566;101950906.0;;;4.11;4.06;4.11;4.1;4.06;4.0;0.0;0.0
105178;587310;2018-12-04;FRC;J22;;;2;94;16853535.0;;;4.1;4.1;4.1;4.1;4.1;4.04;0.0;0.0
105179;587311;2018-12-04;FRC;N22;;;2;94;16772409.0;;;4.12;4.12;4.12;4.12;4.12;4.05;0.0;0.0
105180;587312;2018-12-04;FRC;V22;;;2;94;16684147.0;;;4.16;4.16;4.16;4.16;4.16;4.08;0.0;0.0
105181;587313;2018-12-04;FRC;F23;;;21;14015;2474318249.0;;;4.2;4.07;4.2;4.14;4.07;4.07;4.05;0.0
105182;587314;2018-12-04;FRC;J23;;;2;3322;582807562.0;;;4.22;4.22;4.22;4.22;4.22;4.1;0.0;0.0
105183;587315;2018-12-04;FRC;N23;;;2;183;31923180.0;;;4.24;4.24;4.24;4.24;4.24;4.11;0.0;0.0
105184;587316;2018-12-04;FRC;V23;;;2;366;63704535.0;;;4.13;4.13;4.13;4.13;4.13;4.13;0.0;0.0
105185;587317;2018-12-04;FRC;F24;;;6;951;164642231.0;;;4.28;4.17;4.28;4.17;4.17;4.17;0.0;0.0
105186;587318;2018-12-04;FRC;N24;;;0;0;0.0;;;0.0;0.0;0.0;0.0;0.0;4.19;0.0;0.0
105187;587319;2018-12-04;FRC;F25;;;5;1971;333179515.0;;;4.4;4.22;4.4;4.35;4.22;4.22;0.0;0.0
105188;587320;2018-12-04;FRC;N25;;;0;0;0.0;;;0.0;0.0;0.0;0.0;0.0;4.26;0.0;0.0
105189;587321;2018-12-04;FRC;F26;;;0;0;0.0;;;0.0;0.0;0.0;0.0;0.0;4.33;0.0;0.0
105190;587322;2018-12-04;FRC;N26;;;0;0;0.0;;;0.0;0.0;0.0;0.0;0.0;4.42;0.0;0.0
105191;587323;2018-12-04;FRC;F27;;;2;346;55984750.0;;;4.5;4.5;4.5;4.5;4.5;4.5;0.0;0.0
105192;587324;2018-12-04;FRC;F28;;;0;0;0.0;;;0.0;0.0;0.0;0.0;0.0;4.66;0.0;0.0
105193;587325;2018-12-04;FRC;F29;;;0;0;0.0;;;0.0;0.0;0.0;0.0;0.0;4.8;0.0;0.0
105194;587326;2018-12-04;FRC;F30;;;0;0;0.0;;;0.0;0.0;0.0;0.0;0.0;4.85;0.0;0.0
105195;587502;2018-12-05;FRC;G19;;;25;31372;6006615483.0;;;3.87;3.85;3.88;3.87;3.88;3.88;0.0;0.0
105196;587503;2018-12-05;FRC;H19;;;12;15035;2874606723.0;;;3.8;3.78;3.8;3.79;3.8;3.8;0.0;0.0
105197;587504;2018-12-05;FRC;J19;;;4;7965;1520979151.0;;;3.55;3.55;3.57;3.55;3.57;3.57;0.0;0.0
105198;587505;2018-12-05;FRC;K19;;;4;2386;454877238.0;;;3.62;3.62;3.62;3.62;3.62;3.62;3.63;0.0
105199;587506;2018-12-05;FRC;M19;;;0;0;0.0;;;0.0;0.0;0.0;0.0;0.0;3.59;0.0;0.0
105200;587507;2018-12-05;FRC;N19;;;13;7134;1356071061.0;;;3.6;3.6;3.6;3.6;3.6;3.6;0.0;0.0
105201;587508;2018-12-05;FRC;Q19;;;0;0;0.0;;;0.0;0.0;0.0;0.0;0.0;3.68;0.0;0.0
105202;587509;2018-12-05;FRC;U19;;;0;0;0.0;;;0.0;0.0;0.0;0.0;0.0;3.71;0.0;0.0
105203;587510;2018-12-05;FRC;V19;;;5;5917;1119007789.0;;;3.74;3.74;3.74;3.74;3.74;3.74;0.0;0.0
105204;587511;2018-12-05;FRC;X19;;;7;2955;557764952.0;;;3.82;3.82;3.82;3.82;3.82;3.82;0.0;3.82
105205;587512;2018-12-05;FRC;Z19;;;27;11404;2149365627.0;;;3.79;3.79;3.79;3.79;3.79;3.79;0.0;0.0
105206;587513;2018-12-05;FRC;F20;;;46;42277;7953693762.0;;;3.83;3.83;3.88;3.83;3.88;3.83;3.81;3.87
105207;587514;2018-12-05;FRC;J20;;;8;2343;438621611.0;;;3.87;3.87;3.87;3.87;3.87;3.87;0.0;0.0
105208;587515;2018-12-05;FRC;N20;;;17;8355;1555967194.0;;;3.93;3.93;3.93;3.93;3.93;3.93;3.9;3.92
105209;587516;2018-12-05;FRC;V20;;;0;0;0.0;;;0.0;0.0;0.0;0.0;0.0;3.96;0.0;0.0
105210;587517;2018-12-05;FRC;F21;;;8;5182;955400163.0;;;3.95;3.95;3.96;3.95;3.96;3.96;3.96;0.0
105211;587518;2018-12-05;FRC;J21;;;0;0;0.0;;;0.0;0.0;0.0;0.0;0.0;3.98;0.0;0.0
105212;587519;2018-12-05;FRC;N21;;;0;0;0.0;;;0.0;0.0;0.0;0.0;0.0;3.99;0.0;0.0
105213;587520;2018-12-05;FRC;V21;;;2;380;69008549.0;;;4.03;4.03;4.03;4.03;4.03;4.03;0.0;0.0
105214;587521;2018-12-05;FRC;F22;;;7;2835;512197358.0;;;4.04;4.04;4.04;4.04;4.04;4.04;0.0;0.0
105215;587522;2018-12-05;FRC;J22;;;5;940;168980458.0;;;4.06;4.06;4.06;4.06;4.06;4.06;4.06;0.0
105216;587523;2018-12-05;FRC;N22;;;0;0;0.0;;;0.0;0.0;0.0;0.0;0.0;4.07;0.0;0.0
105217;587524;2018-12-05;FRC;V22;;;0;0;0.0;;;0.0;0.0;0.0;0.0;0.0;4.11;0.0;0.0
105218;587525;2018-12-05;FRC;F23;;;18;8042;1423972466.0;;;4.1;4.1;4.1;4.1;4.1;4.1;4.1;0.0
105219;587526;2018-12-05;FRC;J23;;;0;0;0.0;;;0.0;0.0;0.0;0.0;0.0;4.13;0.0;0.0
105220;587527;2018-12-05;FRC;N23;;;0;0;0.0;;;0.0;0.0;0.0;0.0;0.0;4.14;0.0;0.0
105221;587528;2018-12-05;FRC;V23;;;5;3299;575177582.0;;;4.15;4.15;4.16;4.15;4.16;4.15;0.0;0.0
105222;587529;2018-12-05;FRC;F24;;;0;0;0.0;;;0.0;0.0;0.0;0.0;0.0;4.2;0.0;0.0
105223;587530;2018-12-05;FRC;N24;;;0;0;0.0;;;0.0;0.0;0.0;0.0;0.0;4.25;0.0;0.0
105224;587531;2018-12-05;FRC;F25;;;0;0;0.0;;;0.0;0.0;0.0;0.0;0.0;4.31;0.0;0.0
105225;587532;2018-12-05;FRC;N25;;;0;0;0.0;;;0.0;0.0;0.0;0.0;0.0;4.35;0.0;0.0
105226;587533;2018-12-05;FRC;F26;;;0;0;0.0;;;0.0;0.0;0.0;0.0;0.0;4.42;0.0;0.0
105227;587534;2018-12-05;FRC;N26;;;0;0;0.0;;;0.0;0.0;0.0;0.0;0.0;4.51;0.0;0.0
105228;587535;2018-12-05;FRC;F27;;;0;0;0.0;;;0.0;0.0;0.0;0.0;0.0;4.59;0.0;0.0
105229;587536;2018-12-05;FRC;F28;;;0;0;0.0;;;0.0;0.0;0.0;0.0;0.0;4.74;0.0;0.0
105230;587537;2018-12-05;FRC;F29;;;0;0;0.0;;;0.0;0.0;0.0;0.0;0.0;4.88;0.0;0.0
105231;587538;2018-12-05;FRC;F30;;;0;0;0.0;;;0.0;0.0;0.0;0.0;0.0;4.93;0.0;0.0
105232;587714;2018-12-06;FRC;G19;;;64;124717;24032159107.0;;;3.92;3.92;3.97;3.94;3.95;3.95;3.9;3.95
105233;587715;2018-12-06;FRC;H19;;;36;40395;7773123667.0;;;3.85;3.81;3.87;3.81;3.81;3.81;0.0;0.0
105234;587716;2018-12-06;FRC;J19;;;37;35705;6862025957.0;;;3.62;3.56;3.63;3.58;3.56;3.56;0.0;0.0
105235;587717;2018-12-06;FRC;K19;;;15;14513;2784770697.0;;;3.65;3.6;3.66;3.61;3.6;3.6;0.0;0.0
105236;587718;2018-12-06;FRC;M19;;;8;5162;988923110.0;;;3.64;3.6;3.64;3.6;3.6;3.6;0.0;0.0
105237;587719;2018-12-06;FRC;N19;;;12;12290;2351410440.0;;;3.58;3.58;3.58;3.58;3.58;3.58;3.57;0.0
105238;587720;2018-12-06;FRC;Q19;;;10;4751;907380611.0;;;3.66;3.66;3.66;3.66;3.66;3.66;0.0;0.0
105239;587721;2018-12-06;FRC;U19;;;6;1976;376771080.0;;;3.67;3.67;3.67;3.67;3.67;3.67;0.0;0.0
105240;587722;2018-12-06;FRC;V19;;;11;38076;7248928263.0;;;3.69;3.69;3.69;3.69;3.69;3.69;0.0;0.0
105241;587723;2018-12-06;FRC;X19;;;6;1970;374332760.0;;;3.77;3.77;3.77;3.77;3.77;3.77;0.0;0.0
105242;587724;2018-12-06;FRC;Z19;;;8;5703;1081906086.0;;;3.82;3.74;3.82;3.77;3.74;3.74;0.0;0.0
105243;587725;2018-12-06;FRC;F20;;;77;57351;10859701085.0;;;3.83;3.79;3.88;3.82;3.84;3.79;3.84;0.0
105244;587726;2018-12-06;FRC;J20;;;12;5079;957347040.0;;;3.81;3.81;3.81;3.81;3.81;3.81;0.0;0.0
105245;587727;2018-12-06;FRC;N20;;;10;15976;2994570500.0;;;3.93;3.85;3.93;3.92;3.85;3.85;0.0;3.83
105246;587728;2018-12-06;FRC;V20;;;10;4259;794867563.0;;;3.87;3.87;3.87;3.87;3.87;3.87;0.0;0.0
105247;587729;2018-12-06;FRC;F21;;;28;27164;5039646183.0;;;3.96;3.88;4.0;3.97;3.88;3.88;0.0;0.0
105248;587730;2018-12-06;FRC;J21;;;0;0;0.0;;;0.0;0.0;0.0;0.0;0.0;3.9;0.0;0.0
105249;587731;2018-12-06;FRC;N21;;;0;0;0.0;;;0.0;0.0;0.0;0.0;0.0;3.9;0.0;0.0
105250;587732;2018-12-06;FRC;V21;;;0;0;0.0;;;0.0;0.0;0.0;0.0;0.0;3.94;0.0;0.0
105251;587733;2018-12-06;FRC;F22;;;9;3780;687468852.0;;;4.05;3.94;4.06;4.02;3.94;3.94;0.0;0.0
105252;587734;2018-12-06;FRC;J22;;;0;0;0.0;;;0.0;0.0;0.0;0.0;0.0;3.97;0.0;0.0
105253;587735;2018-12-06;FRC;N22;;;0;0;0.0;;;0.0;0.0;0.0;0.0;0.0;3.99;0.0;0.0
105254;587736;2018-12-06;FRC;V22;;;0;0;0.0;;;0.0;0.0;0.0;0.0;0.0;4.04;0.0;0.0
105255;587737;2018-12-06;FRC;F23;;;26;8290;1477921457.0;;;4.11;4.03;4.14;4.08;4.03;4.03;0.0;0.0
105256;587738;2018-12-06;FRC;J23;;;1;185;32807121.0;;;4.11;4.11;4.11;4.11;4.11;4.07;0.0;0.0
105257;587739;2018-12-06;FRC;N23;;;0;0;0.0;;;0.0;0.0;0.0;0.0;0.0;4.08;0.0;0.0
105258;587740;2018-12-06;FRC;V23;;;1;184;32337269.0;;;4.1;4.1;4.1;4.1;4.1;4.1;0.0;0.0
105259;587741;2018-12-06;FRC;F24;;;6;1792;313258436.0;;;4.2;4.11;4.2;4.11;4.11;4.11;0.0;0.0
105260;587742;2018-12-06;FRC;N24;;;0;0;0.0;;;0.0;0.0;0.0;0.0;0.0;4.15;0.0;0.0
105261;587743;2018-12-06;FRC;F25;;;11;2298;392706400.0;;;4.31;4.19;4.31;4.26;4.19;4.19;0.0;0.0
105262;587744;2018-12-06;FRC;N25;;;0;0;0.0;;;0.0;0.0;0.0;0.0;0.0;4.23;0.0;0.0
105263;587745;2018-12-06;FRC;F26;;;0;0;0.0;;;0.0;0.0;0.0;0.0;0.0;4.3;0.0;0.0
105264;587746;2018-12-06;FRC;N26;;;0;0;0.0;;;0.0;0.0;0.0;0.0;0.0;4.39;0.0;0.0
105265;587747;2018-12-06;FRC;F27;;;0;0;0.0;;;0.0;0.0;0.0;0.0;0.0;4.47;0.0;0.0
105266;587748;2018-12-06;FRC;F28;;;0;0;0.0;;;0.0;0.0;0.0;0.0;0.0;4.62;0.0;0.0
105267;587749;2018-12-06;FRC;F29;;;0;0;0.0;;;0.0;0.0;0.0;0.0;0.0;4.76;0.0;0.0
105268;587750;2018-12-06;FRC;F30;;;0;0;0.0;;;0.0;0.0;0.0;0.0;0.0;4.81;0.0;0.0
105269;587926;2018-12-07;FRC;G19;;;67;118586;23002036176.0;;;3.95;3.94;4.01;3.97;3.97;3.98;3.95;4.0
105270;587927;2018-12-07;FRC;H19;;;24;69787;13517901716.0;;;3.8;3.8;3.84;3.83;3.84;3.84;0.0;0.0
105271;587928;2018-12-07;FRC;J19;;;12;23918;4627470425.0;;;3.58;3.55;3.58;3.55;3.55;3.55;3.55;0.0
105272;587929;2018-12-07;FRC;K19;;;8;4971;960254943.0;;;3.57;3.57;3.57;3.57;3.57;3.57;0.0;0.0
105273;587930;2018-12-07;FRC;M19;;;0;0;0.0;;;0.0;0.0;0.0;0.0;0.0;3.57;0.0;0.0
105274;587931;2018-12-07;FRC;N19;;;11;12489;2405531176.0;;;3.58;3.55;3.58;3.55;3.55;3.55;3.55;0.0
105275;587932;2018-12-07;FRC;Q19;;;1;1583;304339112.0;;;3.66;3.66;3.66;3.66;3.66;3.62;0.0;0.0
105276;587933;2018-12-07;FRC;U19;;;1;1383;265452348.0;;;3.67;3.67;3.67;3.67;3.67;3.62;0.0;0.0
105277;587934;2018-12-07;FRC;V19;;;7;1775;340233443.0;;;3.69;3.64;3.69;3.64;3.65;3.64;3.65;0.0
105278;587935;2018-12-07;FRC;X19;;;4;1379;263819135.0;;;3.73;3.73;3.73;3.73;3.73;3.73;0.0;0.0
105279;587936;2018-12-07;FRC;Z19;;;3;7001;1337373307.0;;;3.73;3.71;3.73;3.71;3.72;3.7;0.0;0.0
105280;587937;2018-12-07;FRC;F20;;;30;40833;7785599712.0;;;3.79;3.74;3.8;3.77;3.8;3.74;3.74;3.8
105281;587938;2018-12-07;FRC;J20;;;5;2346;445315846.0;;;3.75;3.75;3.75;3.75;3.75;3.75;0.0;0.0
105282;587939;2018-12-07;FRC;N20;;;34;17806;3362847954.0;;;3.81;3.81;3.81;3.81;3.81;3.81;3.8;0.0
105283;587940;2018-12-07;FRC;V20;;;0;0;0.0;;;0.0;0.0;0.0;0.0;0.0;3.85;3.85;0.0
105284;587941;2018-12-07;FRC;F21;;;21;6940;1297288674.0;;;3.88;3.88;3.9;3.88;3.88;3.88;3.87;0.0
105285;587942;2018-12-07;FRC;J21;;;0;0;0.0;;;0.0;0.0;0.0;0.0;0.0;3.91;0.0;0.0
105286;587943;2018-12-07;FRC;N21;;;8;4584;848561182.0;;;3.94;3.92;3.94;3.93;3.92;3.92;0.0;0.0
105287;587944;2018-12-07;FRC;V21;;;0;0;0.0;;;0.0;0.0;0.0;0.0;0.0;3.96;0.0;0.0
105288;587945;2018-12-07;FRC;F22;;;10;11239;2059471793.0;;;3.94;3.94;3.98;3.96;3.98;3.96;3.97;0.0
105289;587946;2018-12-07;FRC;J22;;;0;0;0.0;;;0.0;0.0;0.0;0.0;0.0;3.98;0.0;0.0
105290;587947;2018-12-07;FRC;N22;;;2;563;102196881.0;;;3.98;3.98;3.98;3.98;3.98;4.0;0.0;0.0
105291;587948;2018-12-07;FRC;V22;;;4;748;134993973.0;;;4.04;4.04;4.04;4.04;4.04;4.04;0.0;0.0
105292;587949;2018-12-07;FRC;F23;;;5;1878;337178027.0;;;4.01;4.01;4.06;4.05;4.06;4.06;0.0;0.0
105293;587950;2018-12-07;FRC;J23;;;2;370;66086755.0;;;4.08;4.08;4.08;4.08;4.08;4.08;0.0;0.0
105294;587951;2018-12-07;FRC;N23;;;0;0;0.0;;;0.0;0.0;0.0;0.0;0.0;4.1;0.0;0.0
105295;587952;2018-12-07;FRC;V23;;;1;183;32337906.0;;;4.13;4.13;4.13;4.13;4.13;4.13;0.0;0.0
105296;587953;2018-12-07;FRC;F24;;;5;915;160877464.0;;;4.16;4.16;4.16;4.16;4.16;4.16;0.0;0.0
105297;587954;2018-12-07;FRC;N24;;;0;0;0.0;;;0.0;0.0;0.0;0.0;0.0;4.19;0.0;0.0
105298;587955;2018-12-07;FRC;F25;;;4;772;132956412.0;;;4.16;4.16;4.22;4.21;4.22;4.22;0.0;0.0
105299;587956;2018-12-07;FRC;N25;;;0;0;0.0;;;0.0;0.0;0.0;0.0;0.0;4.25;0.0;0.0
105300;587957;2018-12-07;FRC;F26;;;0;0;0.0;;;0.0;0.0;0.0;0.0;0.0;4.31;0.0;0.0
105301;587958;2018-12-07;FRC;N26;;;0;0;0.0;;;0.0;0.0;0.0;0.0;0.0;4.4;0.0;0.0
105302;587959;2018-12-07;FRC;F27;;;7;1906;313469801.0;;;4.47;4.47;4.47;4.47;4.47;4.47;0.0;0.0
105303;587960;2018-12-07;FRC;F28;;;0;0;0.0;;;0.0;0.0;0.0;0.0;0.0;4.62;0.0;0.0
105304;587961;2018-12-07;FRC;F29;;;0;0;0.0;;;0.0;0.0;0.0;0.0;0.0;4.76;0.0;0.0
105305;587962;2018-12-07;FRC;F30;;;0;0;0.0;;;0.0;0.0;0.0;0.0;0.0;4.81;0.0;0.0
105306;588140;2018-12-10;FRC;G19;;;70;171695;33429496111.0;;;3.95;3.9;3.97;3.93;3.91;3.93;3.91;3.93
105307;588141;2018-12-10;FRC;H19;;;26;53639;10429632003.0;;;3.82;3.77;3.95;3.77;3.77;3.77;0.0;0.0
105308;588142;2018-12-10;FRC;J19;;;137;43820;8509802916.0;;;3.55;3.52;3.55;3.53;3.53;3.53;0.0;0.0
105309;588143;2018-12-10;FRC;K19;;;14;8154;1581161975.0;;;3.52;3.52;3.52;3.52;3.52;3.52;0.0;0.0
105310;588144;2018-12-10;FRC;M19;;;0;0;0.0;;;0.0;0.0;0.0;0.0;0.0;3.53;3.53;0.0
105311;588145;2018-12-10;FRC;N19;;;87;100906;19509017912.0;;;3.56;3.51;3.57;3.53;3.51;3.51;3.51;0.0
105312;588146;2018-12-10;FRC;Q19;;;0;0;0.0;;;0.0;0.0;0.0;0.0;0.0;3.58;0.0;0.0
105313;588147;2018-12-10;FRC;U19;;;0;0;0.0;;;0.0;0.0;0.0;0.0;0.0;3.58;0.0;0.0
105314;588148;2018-12-10;FRC;V19;;;9;15215;2927576747.0;;;3.63;3.6;3.63;3.62;3.61;3.6;3.6;0.0
105315;588149;2018-12-10;FRC;X19;;;6;2561;491806307.0;;;3.69;3.69;3.88;3.71;3.88;3.69;0.0;0.0
105316;588150;2018-12-10;FRC;Z19;;;3;591;113345653.0;;;3.67;3.67;3.67;3.67;3.67;3.67;0.0;0.0
105317;588151;2018-12-10;FRC;F20;;;51;27680;5298346187.0;;;3.76;3.7;3.76;3.73;3.7;3.7;0.0;0.0
105318;588152;2018-12-10;FRC;J20;;;10;5470;1042304295.0;;;3.73;3.73;3.73;3.73;3.73;3.73;0.0;0.0
105319;588153;2018-12-10;FRC;N20;;;7;2531;479908539.0;;;3.78;3.78;3.78;3.78;3.78;3.78;0.0;0.0
105320;588154;2018-12-10;FRC;V20;;;6;1164;219593177.0;;;3.83;3.83;3.83;3.83;3.83;3.83;0.0;0.0
105321;588155;2018-12-10;FRC;F21;;;13;10329;1937871679.0;;;3.91;3.86;3.91;3.88;3.86;3.86;0.0;0.0
105322;588156;2018-12-10;FRC;J21;;;0;0;0.0;;;0.0;0.0;0.0;0.0;0.0;3.89;0.0;0.0
105323;588157;2018-12-10;FRC;N21;;;0;0;0.0;;;0.0;0.0;0.0;0.0;0.0;3.9;0.0;0.0
105324;588158;2018-12-10;FRC;V21;;;0;0;0.0;;;0.0;0.0;0.0;0.0;0.0;3.94;0.0;0.0
105325;588159;2018-12-10;FRC;F22;;;4;2724;500903460.0;;;3.99;3.94;3.99;3.98;3.94;3.94;0.0;0.0
105326;588160;2018-12-10;FRC;J22;;;0;0;0.0;;;0.0;0.0;0.0;0.0;0.0;3.96;0.0;0.0
105327;588161;2018-12-10;FRC;N22;;;0;0;0.0;;;0.0;0.0;0.0;0.0;0.0;3.98;0.0;0.0
105328;588162;2018-12-10;FRC;V22;;;0;0;0.0;;;0.0;0.0;0.0;0.0;0.0;4.02;0.0;0.0
105329;588163;2018-12-10;FRC;F23;;;43;40206;7245694905.0;;;4.09;4.04;4.09;4.05;4.04;4.04;4.08;4.09
105330;588164;2018-12-10;FRC;J23;;;2;5832;1046211110.0;;;4.05;4.05;4.05;4.05;4.05;4.05;0.0;0.0
105331;588165;2018-12-10;FRC;N23;;;0;0;0.0;;;0.0;0.0;0.0;0.0;0.0;4.09;0.0;0.0
105332;588166;2018-12-10;FRC;V23;;;0;0;0.0;;;0.0;0.0;0.0;0.0;0.0;4.13;0.0;0.0
105333;588167;2018-12-10;FRC;F24;;;32;34776;6134302947.0;;;4.18;4.15;4.2;4.17;4.17;4.18;0.0;0.0
105334;588168;2018-12-10;FRC;N24;;;0;0;0.0;;;0.0;0.0;0.0;0.0;0.0;4.21;0.0;0.0
105335;588169;2018-12-10;FRC;F25;;;17;20186;3486103023.0;;;4.25;4.25;4.29;4.25;4.29;4.24;4.29;0.0
105336;588170;2018-12-10;FRC;N25;;;0;0;0.0;;;0.0;0.0;0.0;0.0;0.0;4.27;0.0;0.0
105337;588171;2018-12-10;FRC;F26;;;0;0;0.0;;;0.0;0.0;0.0;0.0;0.0;4.33;0.0;0.0
105338;588172;2018-12-10;FRC;N26;;;0;0;0.0;;;0.0;0.0;0.0;0.0;0.0;4.42;0.0;0.0
105339;588173;2018-12-10;FRC;F27;;;0;0;0.0;;;0.0;0.0;0.0;0.0;0.0;4.49;0.0;0.0
105340;588174;2018-12-10;FRC;F28;;;0;0;0.0;;;0.0;0.0;0.0;0.0;0.0;4.64;0.0;0.0
105341;588175;2018-12-10;FRC;F29;;;0;0;0.0;;;0.0;0.0;0.0;0.0;0.0;4.78;0.0;0.0
105342;588176;2018-12-10;FRC;F30;;;0;0;0.0;;;0.0;0.0;0.0;0.0;0.0;4.83;0.0;0.0
105343;588177;2018-12-10;FRC;F31;;;0;0;0.0;;;0.0;0.0;0.0;0.0;0.0;4.89;0.0;0.0
105344;588355;2018-12-11;FRC;G19;;;68;124378;24230193459.0;;;3.86;3.85;3.96;3.91;3.96;3.96;3.93;4.0
105345;588356;2018-12-11;FRC;H19;;;25;45002;8755109311.0;;;3.74;3.74;3.8;3.75;3.78;3.78;0.0;0.0
105346;588357;2018-12-11;FRC;J19;;;5;4977;967052071.0;;;3.53;3.53;3.53;3.53;3.53;3.53;0.0;0.0
105347;588358;2018-12-11;FRC;K19;;;3;995;193037128.0;;;3.55;3.54;3.55;3.54;3.54;3.54;0.0;0.0
105348;588359;2018-12-11;FRC;M19;;;3;1390;269250898.0;;;3.54;3.54;3.54;3.54;3.54;3.54;0.0;0.0
105349;588360;2018-12-11;FRC;N19;;;17;12886;2492702488.0;;;3.52;3.52;3.54;3.53;3.54;3.54;0.0;0.0
105350;588361;2018-12-11;FRC;Q19;;;0;0;0.0;;;0.0;0.0;0.0;0.0;0.0;3.61;0.0;0.0
105351;588362;2018-12-11;FRC;U19;;;3;791;152501964.0;;;3.62;3.62;3.62;3.62;3.62;3.62;0.0;0.0
105352;588363;2018-12-11;FRC;V19;;;5;2170;417745735.0;;;3.63;3.63;3.63;3.63;3.63;3.63;0.0;0.0
105353;588364;2018-12-11;FRC;X19;;;9;4629;889407736.0;;;3.72;3.72;3.72;3.72;3.72;3.72;0.0;0.0
105354;588365;2018-12-11;FRC;Z19;;;11;2795;536188466.0;;;3.66;3.66;3.85;3.72;3.85;3.7;0.0;0.0
105355;588366;2018-12-11;FRC;F20;;;72;50028;9582221098.0;;;3.7;3.69;3.73;3.71;3.73;3.73;0.0;0.0
105356;588367;2018-12-11;FRC;J20;;;3;585;111497944.0;;;3.77;3.77;3.77;3.77;3.77;3.77;0.0;0.0
105357;588368;2018-12-11;FRC;N20;;;23;25104;4762432881.0;;;3.76;3.76;3.82;3.78;3.82;3.82;0.0;0.0
105358;588369;2018-12-11;FRC;V20;;;2;426;80396927.0;;;3.84;3.84;3.84;3.84;3.84;3.88;0.0;0.0
105359;588370;2018-12-11;FRC;F21;;;26;29286;5497718233.0;;;3.86;3.85;3.92;3.88;3.91;3.92;0.0;3.92
105360;588371;2018-12-11;FRC;J21;;;0;0;0.0;;;0.0;0.0;0.0;0.0;0.0;3.95;0.0;0.0
105361;588372;2018-12-11;FRC;N21;;;0;0;0.0;;;0.0;0.0;0.0;0.0;0.0;3.97;0.0;0.0
105362;588373;2018-12-11;FRC;V21;;;0;0;0.0;;;0.0;0.0;0.0;0.0;0.0;4.01;0.0;0.0
105363;588374;2018-12-11;FRC;F22;;;15;9681;1780479552.0;;;3.96;3.96;4.02;4.0;4.02;4.02;0.0;0.0
105364;588375;2018-12-11;FRC;J22;;;0;0;0.0;;;0.0;0.0;0.0;0.0;0.0;4.03;0.0;0.0
105365;588376;2018-12-11;FRC;N22;;;3;1989;362434387.0;;;3.98;3.98;4.02;4.0;4.02;4.04;0.0;0.0
105366;588377;2018-12-11;FRC;V22;;;0;0;0.0;;;0.0;0.0;0.0;0.0;0.0;4.07;0.0;0.0
105367;588378;2018-12-11;FRC;F23;;;31;14087;2538910894.0;;;4.07;4.06;4.09;4.08;4.09;4.09;0.0;0.0
105368;588379;2018-12-11;FRC;J23;;;1;185;33159741.0;;;4.12;4.12;4.12;4.12;4.12;4.12;0.0;0.0
105369;588380;2018-12-11;FRC;N23;;;2;552;98497174.0;;;4.1;4.1;4.1;4.1;4.1;4.15;0.0;0.0
105370;588381;2018-12-11;FRC;V23;;;0;0;0.0;;;0.0;0.0;0.0;0.0;0.0;4.18;0.0;0.0
105371;588382;2018-12-11;FRC;F24;;;9;4304;758915135.0;;;4.19;4.19;4.21;4.2;4.21;4.21;0.0;0.0
105372;588383;2018-12-11;FRC;N24;;;0;0;0.0;;;0.0;0.0;0.0;0.0;0.0;4.26;0.0;0.0
105373;588384;2018-12-11;FRC;F25;;;12;12086;2086613975.0;;;4.27;4.27;4.31;4.28;4.31;4.31;0.0;0.0
105374;588385;2018-12-11;FRC;N25;;;0;0;0.0;;;0.0;0.0;0.0;0.0;0.0;4.34;0.0;0.0
105375;588386;2018-12-11;FRC;F26;;;7;8093;1367318109.0;;;4.33;4.33;4.44;4.36;4.44;4.42;0.0;0.0
105376;588387;2018-12-11;FRC;N26;;;2;1223;204206800.0;;;4.44;4.44;4.44;4.44;4.44;4.51;0.0;0.0
105377;588388;2018-12-11;FRC;F27;;;6;7442;1226467797.0;;;4.49;4.49;4.54;4.53;4.54;4.58;0.0;0.0
105378;588389;2018-12-11;FRC;F28;;;2;170;27281458.0;;;4.74;4.74;4.74;4.74;4.74;4.73;0.0;0.0
105379;588390;2018-12-11;FRC;F29;;;2;151;23660853.0;;;4.87;4.87;4.87;4.87;4.87;4.87;0.0;0.0
105380;588391;2018-12-11;FRC;F30;;;0;0;0.0;;;0.0;0.0;0.0;0.0;0.0;4.92;0.0;0.0
105381;588392;2018-12-11;FRC;F31;;;0;0;0.0;;;0.0;0.0;0.0;0.0;0.0;4.98;0.0;0.0
105382;588570;2018-12-12;FRC;G19;;;223;252708;48750662497.0;;;3.97;3.97;4.08;4.03;4.01;4.02;3.99;0.0
105383;588571;2018-12-12;FRC;H19;;;22;34097;6569245632.0;;;3.81;3.79;3.82;3.79;3.79;3.79;0.0;0.0
105384;588572;2018-12-12;FRC;J19;;;29;41993;8080299094.0;;;3.59;3.53;3.59;3.55;3.53;3.53;0.0;0.0
105385;588573;2018-12-12;FRC;K19;;;12;6779;1302418719.0;;;3.59;3.56;3.59;3.56;3.56;3.56;0.0;3.56
105386;588574;2018-12-12;FRC;M19;;;2;1589;304825050.0;;;3.54;3.54;3.54;3.54;3.54;3.54;0.0;0.0
105387;588575;2018-12-12;FRC;N19;;;22;94293;18063500405.0;;;3.6;3.55;3.6;3.55;3.55;3.55;3.55;3.58
105388;588576;2018-12-12;FRC;Q19;;;4;1188;227196067.0;;;3.61;3.61;3.61;3.61;3.61;3.61;0.0;0.0
105389;588577;2018-12-12;FRC;U19;;;0;0;0.0;;;0.0;0.0;0.0;0.0;0.0;3.62;0.0;0.0
105390;588578;2018-12-12;FRC;V19;;;20;50317;9592947514.0;;;3.66;3.63;3.66;3.63;3.63;3.63;0.0;0.0
105391;588579;2018-12-12;FRC;X19;;;0;0;0.0;;;0.0;0.0;0.0;0.0;0.0;3.71;0.0;0.0
105392;588580;2018-12-12;FRC;Z19;;;3;1574;299107024.0;;;3.67;3.67;3.67;3.67;3.67;3.67;0.0;0.0
105393;588581;2018-12-12;FRC;F20;;;20;34540;6551975058.0;;;3.73;3.7;3.73;3.71;3.71;3.71;0.0;0.0
105394;588582;2018-12-12;FRC;J20;;;0;0;0.0;;;0.0;0.0;0.0;0.0;0.0;3.75;0.0;0.0
105395;588583;2018-12-12;FRC;N20;;;11;2338;439190946.0;;;3.85;3.8;3.85;3.8;3.8;3.8;0.0;0.0
105396;588584;2018-12-12;FRC;V20;;;7;11652;2177014571.0;;;3.88;3.88;3.88;3.88;3.88;3.86;0.0;0.0
105397;588585;2018-12-12;FRC;F21;;;6;11809;2195066260.0;;;3.9;3.9;3.9;3.9;3.9;3.9;0.0;0.0
105398;588586;2018-12-12;FRC;J21;;;4;3068;567398499.0;;;3.95;3.95;3.95;3.95;3.95;3.93;0.0;0.0
105399;588587;2018-12-12;FRC;N21;;;8;7062;1299619711.0;;;3.97;3.94;3.97;3.96;3.94;3.94;0.0;0.0
105400;588588;2018-12-12;FRC;V21;;;3;570;104385924.0;;;3.97;3.97;3.97;3.97;3.97;3.97;0.0;0.0
105401;588589;2018-12-12;FRC;F22;;;2;284;51736888.0;;;4.0;4.0;4.0;4.0;4.0;4.0;0.0;0.0
105402;588590;2018-12-12;FRC;J22;;;0;0;0.0;;;0.0;0.0;0.0;0.0;0.0;4.04;0.0;0.0
105403;588591;2018-12-12;FRC;N22;;;0;0;0.0;;;0.0;0.0;0.0;0.0;0.0;4.05;0.0;0.0
105404;588592;2018-12-12;FRC;V22;;;5;935;167741090.0;;;4.07;4.07;4.07;4.07;4.07;4.07;0.0;0.0
105405;588593;2018-12-12;FRC;F23;;;8;10924;1949471885.0;;;4.09;4.09;4.09;4.09;4.09;4.09;4.09;4.11
105406;588594;2018-12-12;FRC;J23;;;1;185;32839363.0;;;4.12;4.12;4.12;4.12;4.12;4.12;4.11;4.12
105407;588595;2018-12-12;FRC;N23;;;1;184;32483813.0;;;4.15;4.15;4.15;4.15;4.15;4.15;0.0;0.0
105408;588596;2018-12-12;FRC;V23;;;3;549;96388292.0;;;4.18;4.18;4.18;4.18;4.18;4.18;0.0;0.0
105409;588597;2018-12-12;FRC;F24;;;8;5125;894997474.0;;;4.21;4.2;4.21;4.2;4.2;4.21;0.0;0.0
105410;588598;2018-12-12;FRC;N24;;;2;470;81193530.0;;;4.26;4.26;4.26;4.26;4.26;4.26;0.0;0.0
105411;588599;2018-12-12;FRC;F25;;;7;1791;305975329.0;;;4.31;4.31;4.31;4.31;4.31;4.31;0.0;0.0
105412;588600;2018-12-12;FRC;N25;;;2;534;90314099.0;;;4.34;4.34;4.34;4.34;4.34;4.35;0.0;0.0
105413;588601;2018-12-12;FRC;F26;;;10;3538;590718582.0;;;4.42;4.42;4.46;4.43;4.46;4.44;0.0;0.0
105414;588602;2018-12-12;FRC;N26;;;0;0;0.0;;;0.0;0.0;0.0;0.0;0.0;4.51;0.0;0.0
105415;588603;2018-12-12;FRC;F27;;;6;2248;366537208.0;;;4.57;4.56;4.57;4.56;4.56;4.56;0.0;0.0
105416;588604;2018-12-12;FRC;F28;;;0;0;0.0;;;0.0;0.0;0.0;0.0;0.0;4.71;0.0;0.0
105417;588605;2018-12-12;FRC;F29;;;0;0;0.0;;;0.0;0.0;0.0;0.0;0.0;4.85;0.0;0.0
105418;588606;2018-12-12;FRC;F30;;;0;0;0.0;;;0.0;0.0;0.0;0.0;0.0;4.9;0.0;0.0
105419;588607;2018-12-12;FRC;F31;;;0;0;0.0;;;0.0;0.0;0.0;0.0;0.0;4.96;0.0;0.0
105420;588796;2018-12-13;FRC;G19;;;107;228886;44125925535.0;;;4.0;4.0;4.1;4.06;4.07;4.07;4.0;4.07
105421;588797;2018-12-13;FRC;H19;;;13;37605;7240107240.0;;;3.79;3.78;3.85;3.83;3.85;3.82;0.0;0.0
105422;588798;2018-12-13;FRC;J19;;;14;14696;2826031568.0;;;3.53;3.53;3.55;3.54;3.54;3.54;3.54;0.0
105423;588799;2018-12-13;FRC;K19;;;7;7952;1526755631.0;;;3.58;3.57;3.58;3.57;3.57;3.57;3.54;0.0
105424;588800;2018-12-13;FRC;M19;;;2;795;152406976.0;;;3.55;3.55;3.55;3.55;3.55;3.55;3.54;0.0
105425;588801;2018-12-13;FRC;N19;;;12;8323;1593285656.0;;;3.57;3.57;3.57;3.57;3.57;3.57;3.55;3.59
105426;588802;2018-12-13;FRC;Q19;;;8;3168;605481226.0;;;3.61;3.6;3.61;3.6;3.6;3.6;3.6;0.0
105427;588803;2018-12-13;FRC;U19;;;4;1186;226299626.0;;;3.62;3.62;3.62;3.62;3.62;3.62;0.0;0.0
105428;588804;2018-12-13;FRC;V19;;;6;3157;601516171.0;;;3.62;3.62;3.62;3.62;3.62;3.62;3.62;0.0
105429;588805;2018-12-13;FRC;X19;;;6;2561;486998160.0;;;3.72;3.72;3.72;3.72;3.72;3.72;0.0;0.0
105430;588806;2018-12-13;FRC;Z19;;;20;9046;1717633708.0;;;3.7;3.7;3.7;3.7;3.7;3.7;0.0;0.0
105431;588807;2018-12-13;FRC;F20;;;21;12585;2385508048.0;;;3.73;3.73;3.73;3.73;3.73;3.73;3.7;0.0
105432;588808;2018-12-13;FRC;J20;;;4;780;147122618.0;;;3.78;3.78;3.78;3.78;3.78;3.78;0.0;0.0
105433;588809;2018-12-13;FRC;N20;;;4;780;146404858.0;;;3.83;3.83;3.83;3.83;3.83;3.83;0.0;0.0
105434;588810;2018-12-13;FRC;V20;;;0;0;0.0;;;0.0;0.0;0.0;0.0;0.0;3.89;0.0;0.0
105435;588811;2018-12-13;FRC;F21;;;7;3564;661857597.0;;;3.93;3.93;3.93;3.93;3.93;3.93;3.9;0.0
105436;588812;2018-12-13;FRC;J21;;;0;0;0.0;;;0.0;0.0;0.0;0.0;0.0;3.96;0.0;0.0
105437;588813;2018-12-13;FRC;N21;;;4;859;157969321.0;;;3.97;3.97;3.97;3.97;3.97;3.97;0.0;0.0
105438;588814;2018-12-13;FRC;V21;;;1;190;34759301.0;;;4.0;4.0;4.0;4.0;4.0;4.0;0.0;0.0
105439;588815;2018-12-13;FRC;F22;;;1;189;34390430.0;;;4.03;4.03;4.03;4.03;4.03;4.03;0.0;0.0
105440;588816;2018-12-13;FRC;J22;;;0;0;0.0;;;0.0;0.0;0.0;0.0;0.0;4.06;0.0;0.0
105441;588817;2018-12-13;FRC;N22;;;0;0;0.0;;;0.0;0.0;0.0;0.0;0.0;4.06;0.0;0.0
105442;588818;2018-12-13;FRC;V22;;;0;0;0.0;;;0.0;0.0;0.0;0.0;0.0;4.07;0.0;0.0
105443;588819;2018-12-13;FRC;F23;;;10;4089;729265581.0;;;4.09;4.09;4.09;4.09;4.09;4.09;0.0;0.0
105444;588820;2018-12-13;FRC;J23;;;0;0;0.0;;;0.0;0.0;0.0;0.0;0.0;4.12;0.0;0.0
105445;588821;2018-12-13;FRC;N23;;;3;736;129875093.0;;;4.14;4.14;4.14;4.14;4.14;4.14;0.0;0.0
105446;588822;2018-12-13;FRC;V23;;;2;366;64255103.0;;;4.15;4.15;4.15;4.15;4.15;4.15;0.0;0.0
105447;588823;2018-12-13;FRC;F24;;;16;11854;2068739525.0;;;4.2;4.2;4.21;4.2;4.21;4.21;0.0;0.0
105448;588824;2018-12-13;FRC;N24;;;0;0;0.0;;;0.0;0.0;0.0;0.0;0.0;4.25;0.0;0.0
105449;588825;2018-12-13;FRC;F25;;;17;18103;3091481095.0;;;4.31;4.29;4.34;4.3;4.29;4.29;0.0;0.0
105450;588826;2018-12-13;FRC;N25;;;2;267;45139738.0;;;4.33;4.33;4.33;4.33;4.33;4.33;0.0;0.0
105451;588827;2018-12-13;FRC;F26;;;12;11967;1995752095.0;;;4.45;4.45;4.46;4.45;4.46;4.42;0.0;0.0
105452;588828;2018-12-13;FRC;N26;;;0;0;0.0;;;0.0;0.0;0.0;0.0;0.0;4.49;0.0;0.0
105453;588829;2018-12-13;FRC;F27;;;0;0;0.0;;;0.0;0.0;0.0;0.0;0.0;4.54;0.0;0.0
105454;588830;2018-12-13;FRC;F28;;;0;0;0.0;;;0.0;0.0;0.0;0.0;0.0;4.69;0.0;0.0
105455;588831;2018-12-13;FRC;F29;;;0;0;0.0;;;0.0;0.0;0.0;0.0;0.0;4.83;0.0;0.0
105456;588832;2018-12-13;FRC;F30;;;0;0;0.0;;;0.0;0.0;0.0;0.0;0.0;4.88;0.0;0.0
105457;588833;2018-12-13;FRC;F31;;;0;0;0.0;;;0.0;0.0;0.0;0.0;0.0;4.94;0.0;0.0
105458;589009;2018-12-14;FRC;G19;;;89;138248;26772063824.0;;;4.07;4.04;4.16;4.12;4.15;4.16;4.14;0.0
105459;589010;2018-12-14;FRC;H19;;;25;25920;5012716447.0;;;3.89;3.89;3.89;3.89;3.89;3.89;0.0;3.9
105460;589011;2018-12-14;FRC;J19;;;18;18717;3615252986.0;;;3.6;3.6;3.6;3.6;3.6;3.6;0.0;0.0
105461;589012;2018-12-14;FRC;K19;;;8;8746;1686615004.0;;;3.64;3.63;3.64;3.63;3.63;3.64;3.6;3.66
105462;589013;2018-12-14;FRC;M19;;;11;7150;1376777077.0;;;3.59;3.59;3.59;3.59;3.59;3.59;3.59;0.0
105463;589014;2018-12-14;FRC;N19;;;10;4358;837905383.0;;;3.6;3.6;3.63;3.62;3.63;3.63;3.6;3.65
105464;589015;2018-12-14;FRC;Q19;;;5;1584;304075047.0;;;3.64;3.64;3.64;3.64;3.64;3.64;0.0;0.0
105465;589016;2018-12-14;FRC;U19;;;1;593;113662504.0;;;3.62;3.62;3.62;3.62;3.62;3.62;0.0;0.0
105466;589017;2018-12-14;FRC;V19;;;9;6512;1246235460.0;;;3.65;3.65;3.65;3.65;3.65;3.65;0.0;0.0
105467;589018;2018-12-14;FRC;X19;;;4;1970;376279264.0;;;3.74;3.74;3.74;3.74;3.74;3.74;0.0;0.0
105468;589019;2018-12-14;FRC;Z19;;;14;6884;1313045808.0;;;3.7;3.7;3.7;3.7;3.7;3.7;0.0;0.0
105469;589020;2018-12-14;FRC;F20;;;12;19436;3700443579.0;;;3.75;3.74;3.75;3.74;3.75;3.75;0.0;0.0
105470;589021;2018-12-14;FRC;J20;;;7;2345;444340106.0;;;3.78;3.78;3.78;3.78;3.78;3.78;0.0;0.0
105471;589022;2018-12-14;FRC;N20;;;3;777;146474351.0;;;3.84;3.84;3.84;3.84;3.84;3.84;0.0;0.0
105472;589023;2018-12-14;FRC;V20;;;0;0;0.0;;;0.0;0.0;0.0;0.0;0.0;3.9;0.0;0.0
105473;589024;2018-12-14;FRC;F21;;;12;4663;869796611.0;;;3.95;3.94;3.95;3.94;3.94;3.94;0.0;0.0
105474;589025;2018-12-14;FRC;J21;;;3;576;106934405.0;;;3.96;3.96;3.96;3.96;3.96;3.96;0.0;0.0
105475;589026;2018-12-14;FRC;N21;;;2;286;52830271.0;;;3.97;3.97;3.97;3.97;3.97;3.96;0.0;0.0
105476;589027;2018-12-14;FRC;V21;;;0;0;0.0;;;0.0;0.0;0.0;0.0;0.0;3.98;0.0;0.0
105477;589028;2018-12-14;FRC;F22;;;2;3404;622478676.0;;;4.0;4.0;4.0;4.0;4.0;4.0;0.0;0.0
105478;589029;2018-12-14;FRC;J22;;;0;0;0.0;;;0.0;0.0;0.0;0.0;0.0;4.04;0.0;0.0
105479;589030;2018-12-14;FRC;N22;;;0;0;0.0;;;0.0;0.0;0.0;0.0;0.0;4.05;0.0;0.0
105480;589031;2018-12-14;FRC;V22;;;0;0;0.0;;;0.0;0.0;0.0;0.0;0.0;4.07;0.0;0.0
105481;589032;2018-12-14;FRC;F23;;;14;3588;642825200.0;;;4.09;4.09;4.09;4.09;4.09;4.09;0.0;0.0
105482;589033;2018-12-14;FRC;J23;;;0;0;0.0;;;0.0;0.0;0.0;0.0;0.0;4.12;0.0;0.0
105483;589034;2018-12-14;FRC;N23;;;2;368;65244349.0;;;4.13;4.13;4.13;4.13;4.13;4.13;0.0;0.0
105484;589035;2018-12-14;FRC;V23;;;1;183;32253486.0;;;4.18;4.18;4.18;4.18;4.18;4.18;0.0;0.0
105485;589036;2018-12-14;FRC;F24;;;13;17308;3034030781.0;;;4.21;4.21;4.22;4.21;4.22;4.22;0.0;0.0
105486;589037;2018-12-14;FRC;N24;;;0;0;0.0;;;0.0;0.0;0.0;0.0;0.0;4.27;0.0;0.0
105487;589038;2018-12-14;FRC;F25;;;8;15217;2606535430.0;;;4.36;4.33;4.36;4.35;4.33;4.33;0.0;0.0
105488;589039;2018-12-14;FRC;N25;;;2;267;45297657.0;;;4.37;4.37;4.37;4.37;4.37;4.37;0.0;0.0
105489;589040;2018-12-14;FRC;F26;;;0;0;0.0;;;0.0;0.0;0.0;0.0;0.0;4.46;0.0;0.0
105490;589041;2018-12-14;FRC;N26;;;0;0;0.0;;;0.0;0.0;0.0;0.0;0.0;4.53;0.0;0.0
105491;589042;2018-12-14;FRC;F27;;;0;0;0.0;;;0.0;0.0;0.0;0.0;0.0;4.58;0.0;0.0
105492;589043;2018-12-14;FRC;F28;;;0;0;0.0;;;0.0;0.0;0.0;0.0;0.0;4.73;0.0;0.0
105493;589044;2018-12-14;FRC;F29;;;0;0;0.0;;;0.0;0.0;0.0;0.0;0.0;4.87;0.0;0.0
105494;589045;2018-12-14;FRC;F30;;;0;0;0.0;;;0.0;0.0;0.0;0.0;0.0;4.92;0.0;0.0
105495;589046;2018-12-14;FRC;F31;;;0;0;0.0;;;0.0;0.0;0.0;0.0;0.0;4.98;0.0;0.0
105496;589222;2018-12-17;FRC;G19;;;154;282586;54874966359.0;;;4.11;4.11;4.18;4.13;4.18;4.15;4.07;4.18
105497;589223;2018-12-17;FRC;H19;;;32;195787;37967338475.0;;;3.88;3.88;3.93;3.91;3.93;3.93;0.0;3.93
105498;589224;2018-12-17;FRC;J19;;;5;6173;1195617797.0;;;3.58;3.58;3.61;3.6;3.61;3.61;0.0;0.0
105499;589225;2018-12-17;FRC;K19;;;3;2127;411295914.0;;;3.65;3.65;3.65;3.65;3.65;3.65;0.0;0.0
105500;589226;2018-12-17;FRC;M19;;;2;1190;229759698.0;;;3.61;3.61;3.61;3.61;3.61;3.61;0.0;0.0
105501;589227;2018-12-17;FRC;N19;;;4;25769;4968200184.0;;;3.63;3.63;3.63;3.63;3.63;3.65;3.62;3.68
105502;589228;2018-12-17;FRC;Q19;;;5;2970;571690979.0;;;3.65;3.65;3.65;3.65;3.65;3.65;0.0;0.0
105503;589229;2018-12-17;FRC;U19;;;5;4545;873598286.0;;;3.6;3.6;3.61;3.6;3.61;3.6;0.0;0.0
105504;589230;2018-12-17;FRC;V19;;;4;32165;6173001843.0;;;3.63;3.63;3.63;3.63;3.63;3.63;3.63;0.0
105505;589231;2018-12-17;FRC;X19;;;3;1576;301852299.0;;;3.74;3.74;3.74;3.74;3.74;3.74;0.0;0.0
105506;589232;2018-12-17;FRC;Z19;;;9;7277;1391629738.0;;;3.73;3.73;3.73;3.73;3.73;3.73;0.0;0.0
105507;589233;2018-12-17;FRC;F20;;;14;19202;3665964340.0;;;3.75;3.75;3.75;3.75;3.75;3.75;0.0;0.0
105508;589234;2018-12-17;FRC;J20;;;0;0;0.0;;;0.0;0.0;0.0;0.0;0.0;3.77;0.0;0.0
105509;589235;2018-12-17;FRC;N20;;;6;25070;4739219337.0;;;3.84;3.84;3.84;3.84;3.84;3.82;0.0;0.0
105510;589236;2018-12-17;FRC;V20;;;0;0;0.0;;;0.0;0.0;0.0;0.0;0.0;3.88;0.0;0.0
105511;589237;2018-12-17;FRC;F21;;;10;28122;5260840850.0;;;3.93;3.91;3.93;3.92;3.91;3.91;0.0;3.91
105512;589238;2018-12-17;FRC;J21;;;0;0;0.0;;;0.0;0.0;0.0;0.0;0.0;3.93;0.0;0.0
105513;589239;2018-12-17;FRC;N21;;;0;0;0.0;;;0.0;0.0;0.0;0.0;0.0;3.93;0.0;0.0
105514;589240;2018-12-17;FRC;V21;;;0;0;0.0;;;0.0;0.0;0.0;0.0;0.0;3.95;0.0;0.0
105515;589241;2018-12-17;FRC;F22;;;5;1134;208021087.0;;;3.97;3.97;3.97;3.97;3.97;3.97;0.0;0.0
105516;589242;2018-12-17;FRC;J22;;;0;0;0.0;;;0.0;0.0;0.0;0.0;0.0;4.01;0.0;0.0
105517;589243;2018-12-17;FRC;N22;;;0;0;0.0;;;0.0;0.0;0.0;0.0;0.0;4.01;0.0;0.0
105518;589244;2018-12-17;FRC;V22;;;0;0;0.0;;;0.0;0.0;0.0;0.0;0.0;4.02;0.0;0.0
105519;589245;2018-12-17;FRC;F23;;;6;3533;635280076.0;;;4.04;4.04;4.04;4.04;4.04;4.04;0.0;0.0
105520;589246;2018-12-17;FRC;J23;;;0;0;0.0;;;0.0;0.0;0.0;0.0;0.0;4.07;0.0;0.0
105521;589247;2018-12-17;FRC;N23;;;0;0;0.0;;;0.0;0.0;0.0;0.0;0.0;4.07;0.0;0.0
105522;589248;2018-12-17;FRC;V23;;;0;0;0.0;;;0.0;0.0;0.0;0.0;0.0;4.12;0.0;0.0
105523;589249;2018-12-17;FRC;F24;;;3;549;96659507.0;;;4.15;4.15;4.15;4.15;4.15;4.15;0.0;0.0
105524;589250;2018-12-17;FRC;N24;;;0;0;0.0;;;0.0;0.0;0.0;0.0;0.0;4.2;0.0;0.0
105525;589251;2018-12-17;FRC;F25;;;5;895;154130149.0;;;4.25;4.25;4.25;4.25;4.25;4.25;0.0;0.0
105526;589252;2018-12-17;FRC;N25;;;0;0;0.0;;;0.0;0.0;0.0;0.0;0.0;4.29;0.0;0.0
105527;589253;2018-12-17;FRC;F26;;;0;0;0.0;;;0.0;0.0;0.0;0.0;0.0;4.38;0.0;0.0
105528;589254;2018-12-17;FRC;N26;;;0;0;0.0;;;0.0;0.0;0.0;0.0;0.0;4.45;0.0;0.0
105529;589255;2018-12-17;FRC;F27;;;0;0;0.0;;;0.0;0.0;0.0;0.0;0.0;4.5;0.0;0.0
105530;589256;2018-12-17;FRC;F28;;;0;0;0.0;;;0.0;0.0;0.0;0.0;0.0;4.65;0.0;0.0
105531;589257;2018-12-17;FRC;F29;;;0;0;0.0;;;0.0;0.0;0.0;0.0;0.0;4.79;0.0;0.0
105532;589258;2018-12-17;FRC;F30;;;0;0;0.0;;;0.0;0.0;0.0;0.0;0.0;4.84;0.0;0.0
105533;589259;2018-12-17;FRC;F31;;;0;0;0.0;;;0.0;0.0;0.0;0.0;0.0;4.9;0.0;0.0
105534;589436;2018-12-18;FRC;G19;;;145;304257;59217405724.0;;;4.12;4.1;4.18;4.15;4.16;4.17;0.0;4.17
105535;589437;2018-12-18;FRC;H19;;;70;101018;19633954185.0;;;3.9;3.9;3.96;3.92;3.96;3.96;0.0;3.96
105536;589438;2018-12-18;FRC;J19;;;7;7566;1468697138.0;;;3.61;3.61;3.65;3.62;3.65;3.65;0.0;0.0
105537;589439;2018-12-18;FRC;K19;;;31;28370;5498064634.0;;;3.65;3.65;3.68;3.67;3.68;3.68;0.0;3.68
105538;589440;2018-12-18;FRC;M19;;;8;20164;3901863047.0;;;3.64;3.63;3.64;3.63;3.63;3.63;0.0;0.0
105539;589441;2018-12-18;FRC;N19;;;43;15150;2927487088.0;;;3.63;3.63;3.64;3.63;3.64;3.66;3.6;3.65
105540;589442;2018-12-18;FRC;Q19;;;3;1584;305595961.0;;;3.65;3.65;3.65;3.65;3.65;3.65;0.0;0.0
105541;589443;2018-12-18;FRC;U19;;;6;1780;342885944.0;;;3.63;3.63;3.63;3.63;3.63;3.63;0.0;0.0
105542;589444;2018-12-18;FRC;V19;;;2;790;151954854.0;;;3.64;3.64;3.64;3.64;3.64;3.64;0.0;0.0
105543;589445;2018-12-18;FRC;X19;;;9;3546;680743210.0;;;3.73;3.73;3.73;3.73;3.73;3.73;0.0;0.0
105544;589446;2018-12-18;FRC;Z19;;;11;4131;791799743.0;;;3.73;3.73;3.73;3.73;3.73;3.73;0.0;0.0
105545;589447;2018-12-18;FRC;F20;;;9;4909;939371124.0;;;3.75;3.74;3.76;3.74;3.74;3.74;0.0;3.74
105546;589448;2018-12-18;FRC;J20;;;0;0;0.0;;;0.0;0.0;0.0;0.0;0.0;3.75;0.0;0.0
105547;589449;2018-12-18;FRC;N20;;;2;934;177045316.0;;;3.78;3.78;3.78;3.78;3.78;3.79;0.0;0.0
105548;589450;2018-12-18;FRC;V20;;;6;1357;255861929.0;;;3.88;3.83;3.88;3.85;3.83;3.83;0.0;0.0
105549;589451;2018-12-18;FRC;F21;;;16;6822;1279573930.0;;;3.87;3.87;3.89;3.88;3.89;3.89;0.0;0.0
105550;589452;2018-12-18;FRC;J21;;;2;748;139662616.0;;;3.89;3.89;3.89;3.89;3.89;3.91;0.0;0.0
105551;589453;2018-12-18;FRC;N21;;;0;0;0.0;;;0.0;0.0;0.0;0.0;0.0;3.91;0.0;0.0
105552;589454;2018-12-18;FRC;V21;;;0;0;0.0;;;0.0;0.0;0.0;0.0;0.0;3.93;0.0;0.0
105553;589455;2018-12-18;FRC;F22;;;5;1514;278496576.0;;;3.94;3.94;3.94;3.94;3.94;3.94;0.0;0.0
105554;589456;2018-12-18;FRC;J22;;;0;0;0.0;;;0.0;0.0;0.0;0.0;0.0;3.97;0.0;0.0
105555;589457;2018-12-18;FRC;N22;;;0;0;0.0;;;0.0;0.0;0.0;0.0;0.0;3.96;0.0;0.0
105556;589458;2018-12-18;FRC;V22;;;0;0;0.0;;;0.0;0.0;0.0;0.0;0.0;3.96;0.0;0.0
105557;589459;2018-12-18;FRC;F23;;;8;2976;536921329.0;;;3.98;3.98;3.98;3.98;3.98;3.98;0.0;0.0
105558;589460;2018-12-18;FRC;J23;;;0;0;0.0;;;0.0;0.0;0.0;0.0;0.0;4.0;0.0;0.0
105559;589461;2018-12-18;FRC;N23;;;0;0;0.0;;;0.0;0.0;0.0;0.0;0.0;3.99;0.0;0.0
105560;589462;2018-12-18;FRC;V23;;;0;0;0.0;;;0.0;0.0;0.0;0.0;0.0;4.04;0.0;0.0
105561;589463;2018-12-18;FRC;F24;;;5;823;145498810.0;;;4.06;4.06;4.06;4.06;4.06;4.06;0.0;0.0
105562;589464;2018-12-18;FRC;N24;;;0;0;0.0;;;0.0;0.0;0.0;0.0;0.0;4.11;0.0;0.0
105563;589465;2018-12-18;FRC;F25;;;4;720;124665918.0;;;4.15;4.15;4.15;4.15;4.15;4.15;0.0;0.0
105564;589466;2018-12-18;FRC;N25;;;0;0;0.0;;;0.0;0.0;0.0;0.0;0.0;4.19;0.0;0.0
105565;589467;2018-12-18;FRC;F26;;;0;0;0.0;;;0.0;0.0;0.0;0.0;0.0;4.28;0.0;0.0
105566;589468;2018-12-18;FRC;N26;;;0;0;0.0;;;0.0;0.0;0.0;0.0;0.0;4.35;0.0;0.0
105567;589469;2018-12-18;FRC;F27;;;0;0;0.0;;;0.0;0.0;0.0;0.0;0.0;4.4;0.0;0.0
105568;589470;2018-12-18;FRC;F28;;;0;0;0.0;;;0.0;0.0;0.0;0.0;0.0;4.55;0.0;0.0
105569;589471;2018-12-18;FRC;F29;;;0;0;0.0;;;0.0;0.0;0.0;0.0;0.0;4.69;0.0;0.0
105570;589472;2018-12-18;FRC;F30;;;0;0;0.0;;;0.0;0.0;0.0;0.0;0.0;4.74;0.0;0.0
105571;589473;2018-12-18;FRC;F31;;;0;0;0.0;;;0.0;0.0;0.0;0.0;0.0;4.8;0.0;0.0
105572;589650;2018-12-19;FRC;G19;;;153;200847;38904489537.0;;;4.2;4.2;4.27;4.24;4.27;4.27;0.0;0.0
105573;589651;2018-12-19;FRC;H19;;;18;48245;9332127717.0;;;3.99;3.99;4.01;3.99;4.0;4.03;0.0;4.0
105574;589652;2018-12-19;FRC;J19;;;43;58015;11207821166.0;;;3.65;3.65;3.69;3.67;3.68;3.68;0.0;0.0
105575;589653;2018-12-19;FRC;K19;;;38;25907;4996969223.0;;;3.69;3.68;3.69;3.68;3.69;3.69;0.0;3.69
105576;589654;2018-12-19;FRC;M19;;;22;31138;5997044618.0;;;3.63;3.62;3.65;3.62;3.65;3.65;0.0;0.0
105577;589655;2018-12-19;FRC;N19;;;63;51280;9861883300.0;;;3.64;3.64;3.65;3.64;3.65;3.65;3.63;3.67
105578;589656;2018-12-19;FRC;Q19;;;2;990;190090445.0;;;3.66;3.66;3.66;3.66;3.66;3.66;0.0;0.0
105579;589657;2018-12-19;FRC;U19;;;7;35233;6754497677.0;;;3.63;3.63;3.65;3.64;3.65;3.65;0.0;0.0
105580;589658;2018-12-19;FRC;V19;;;4;31687;6065659755.0;;;3.66;3.64;3.66;3.65;3.66;3.66;3.66;0.0
105581;589659;2018-12-19;FRC;X19;;;9;12960;2476251121.0;;;3.73;3.73;3.74;3.73;3.73;3.75;0.0;0.0
105582;589660;2018-12-19;FRC;Z19;;;6;3364;641706766.0;;;3.73;3.73;3.75;3.74;3.75;3.75;0.0;0.0
105583;589661;2018-12-19;FRC;F20;;;64;35789;6815885342.0;;;3.74;3.74;3.81;3.75;3.81;3.76;0.0;3.79
105584;589662;2018-12-19;FRC;J20;;;6;1953;370213728.0;;;3.76;3.76;3.76;3.76;3.76;3.76;0.0;0.0
105585;589663;2018-12-19;FRC;N20;;;5;2606;491565178.0;;;3.79;3.79;3.81;3.8;3.81;3.81;3.81;0.0
105586;589664;2018-12-19;FRC;V20;;;5;1781;334277856.0;;;3.83;3.83;3.84;3.83;3.84;3.84;0.0;0.0
105587;589665;2018-12-19;FRC;F21;;;16;8630;1611054374.0;;;3.87;3.87;3.89;3.88;3.89;3.89;0.0;3.89
105588;589666;2018-12-19;FRC;J21;;;4;537;99778975.0;;;3.91;3.9;3.91;3.9;3.9;3.9;0.0;0.0
105589;589667;2018-12-19;FRC;N21;;;0;0;0.0;;;0.0;0.0;0.0;0.0;0.0;3.9;0.0;0.0
105590;589668;2018-12-19;FRC;V21;;;0;0;0.0;;;0.0;0.0;0.0;0.0;0.0;3.92;0.0;0.0
105591;589669;2018-12-19;FRC;F22;;;4;2176;398377465.0;;;3.94;3.94;3.94;3.94;3.94;3.94;0.0;0.0
105592;589670;2018-12-19;FRC;J22;;;0;0;0.0;;;0.0;0.0;0.0;0.0;0.0;3.97;0.0;0.0
105593;589671;2018-12-19;FRC;N22;;;0;0;0.0;;;0.0;0.0;0.0;0.0;0.0;3.96;0.0;0.0
105594;589672;2018-12-19;FRC;V22;;;0;0;0.0;;;0.0;0.0;0.0;0.0;0.0;3.96;0.0;0.0
105595;589673;2018-12-19;FRC;F23;;;9;2791;501270556.0;;;3.97;3.97;3.97;3.97;3.97;3.97;0.0;0.0
105596;589674;2018-12-19;FRC;J23;;;0;0;0.0;;;0.0;0.0;0.0;0.0;0.0;3.99;0.0;0.0
105597;589675;2018-12-19;FRC;N23;;;0;0;0.0;;;0.0;0.0;0.0;0.0;0.0;3.98;0.0;0.0
105598;589676;2018-12-19;FRC;V23;;;0;0;0.0;;;0.0;0.0;0.0;0.0;0.0;4.03;0.0;0.0
105599;589677;2018-12-19;FRC;F24;;;1;183;32201944.0;;;4.06;4.06;4.06;4.06;4.06;4.06;0.0;0.0
105600;589678;2018-12-19;FRC;N24;;;0;0;0.0;;;0.0;0.0;0.0;0.0;0.0;4.11;0.0;0.0
105601;589679;2018-12-19;FRC;F25;;;2;216;37223140.0;;;4.15;4.15;4.15;4.15;4.15;4.15;0.0;0.0
105602;589680;2018-12-19;FRC;N25;;;0;0;0.0;;;0.0;0.0;0.0;0.0;0.0;4.19;0.0;0.0
105603;589681;2018-12-19;FRC;F26;;;0;0;0.0;;;0.0;0.0;0.0;0.0;0.0;4.28;0.0;0.0
105604;589682;2018-12-19;FRC;N26;;;0;0;0.0;;;0.0;0.0;0.0;0.0;0.0;4.35;0.0;0.0
105605;589683;2018-12-19;FRC;F27;;;1;174;28660186.0;;;4.4;4.4;4.4;4.4;4.4;4.4;0.0;0.0
105606;589684;2018-12-19;FRC;F28;;;0;0;0.0;;;0.0;0.0;0.0;0.0;0.0;4.55;0.0;0.0
105607;589685;2018-12-19;FRC;F29;;;0;0;0.0;;;0.0;0.0;0.0;0.0;0.0;4.69;0.0;0.0
105608;589686;2018-12-19;FRC;F30;;;0;0;0.0;;;0.0;0.0;0.0;0.0;0.0;4.74;0.0;0.0
105609;589687;2018-12-19;FRC;F31;;;0;0;0.0;;;0.0;0.0;0.0;0.0;0.0;4.8;0.0;0.0
105610;589863;2018-12-20;FRC;G19;;;118;202628;39084808985.0;;;4.22;4.22;4.35;4.3;4.32;4.35;4.33;0.0
105611;589864;2018-12-20;FRC;H19;;;33;33932;6536112900.0;;;4.0;4.0;4.03;4.01;4.02;4.02;4.0;4.08
105612;589865;2018-12-20;FRC;J19;;;14;14492;2787863341.0;;;3.72;3.72;3.72;3.72;3.72;3.72;0.0;0.0
105613;589866;2018-12-20;FRC;K19;;;16;29739;5711978774.0;;;3.68;3.68;3.71;3.7;3.71;3.71;0.0;0.0
105614;589867;2018-12-20;FRC;M19;;;15;13353;2560785040.0;;;3.65;3.65;3.68;3.66;3.68;3.68;0.0;0.0
105615;589868;2018-12-20;FRC;N19;;;22;18034;3453527383.0;;;3.67;3.65;3.68;3.67;3.68;3.68;3.66;3.7
105616;589869;2018-12-20;FRC;Q19;;;5;1782;340705684.0;;;3.69;3.69;3.69;3.69;3.69;3.69;0.0;0.0
105617;589870;2018-12-20;FRC;U19;;;5;1977;377390498.0;;;3.68;3.68;3.68;3.68;3.68;3.68;0.0;0.0
105618;589871;2018-12-20;FRC;V19;;;1;592;112841863.0;;;3.68;3.68;3.68;3.68;3.68;3.68;0.0;0.0
105619;589872;2018-12-20;FRC;X19;;;5;1576;299832298.0;;;3.76;3.76;3.76;3.76;3.76;3.76;0.0;0.0
105620;589873;2018-12-20;FRC;Z19;;;8;4915;933538902.0;;;3.77;3.77;3.77;3.77;3.77;3.77;0.0;0.0
105621;589874;2018-12-20;FRC;F20;;;42;33410;6335358434.0;;;3.76;3.76;3.79;3.78;3.79;3.79;0.0;0.0
105622;589875;2018-12-20;FRC;J20;;;0;0;0.0;;;0.0;0.0;0.0;0.0;0.0;3.78;0.0;0.0
105623;589876;2018-12-20;FRC;N20;;;0;0;0.0;;;0.0;0.0;0.0;0.0;0.0;3.82;0.0;0.0
105624;589877;2018-12-20;FRC;V20;;;4;969;181111379.0;;;3.84;3.84;3.84;3.84;3.84;3.84;0.0;0.0
105625;589878;2018-12-20;FRC;F21;;;9;5605;1041924759.0;;;3.9;3.89;3.9;3.89;3.89;3.89;0.0;0.0
105626;589879;2018-12-20;FRC;J21;;;0;0;0.0;;;0.0;0.0;0.0;0.0;0.0;3.9;0.0;0.0
105627;589880;2018-12-20;FRC;N21;;;2;382;70345831.0;;;3.91;3.91;3.91;3.91;3.91;3.91;0.0;0.0
105628;589881;2018-12-20;FRC;V21;;;0;0;0.0;;;0.0;0.0;0.0;0.0;0.0;3.92;0.0;0.0
105629;589882;2018-12-20;FRC;F22;;;8;1702;310376697.0;;;3.92;3.92;3.92;3.92;3.92;3.92;0.0;0.0
105630;589883;2018-12-20;FRC;J22;;;0;0;0.0;;;0.0;0.0;0.0;0.0;0.0;3.95;0.0;0.0
105631;589884;2018-12-20;FRC;N22;;;0;0;0.0;;;0.0;0.0;0.0;0.0;0.0;3.93;0.0;0.0
105632;589885;2018-12-20;FRC;V22;;;0;0;0.0;;;0.0;0.0;0.0;0.0;0.0;3.92;0.0;0.0
105633;589886;2018-12-20;FRC;F23;;;10;4095;732946797.0;;;3.93;3.93;3.93;3.93;3.93;3.93;0.0;0.0
105634;589887;2018-12-20;FRC;J23;;;0;0;0.0;;;0.0;0.0;0.0;0.0;0.0;3.95;0.0;0.0
105635;589888;2018-12-20;FRC;N23;;;0;0;0.0;;;0.0;0.0;0.0;0.0;0.0;3.94;0.0;0.0
105636;589889;2018-12-20;FRC;V23;;;0;0;0.0;;;0.0;0.0;0.0;0.0;0.0;3.99;0.0;0.0
105637;589890;2018-12-20;FRC;F24;;;0;0;0.0;;;0.0;0.0;0.0;0.0;0.0;4.03;0.0;0.0
105638;589891;2018-12-20;FRC;N24;;;0;0;0.0;;;0.0;0.0;0.0;0.0;0.0;4.09;0.0;0.0
105639;589892;2018-12-20;FRC;F25;;;7;1440;247179590.0;;;4.14;4.14;4.14;4.14;4.14;4.14;0.0;0.0
105640;589893;2018-12-20;FRC;N25;;;0;0;0.0;;;0.0;0.0;0.0;0.0;0.0;4.18;0.0;0.0
105641;589894;2018-12-20;FRC;F26;;;0;0;0.0;;;0.0;0.0;0.0;0.0;0.0;4.27;0.0;0.0
105642;589895;2018-12-20;FRC;N26;;;0;0;0.0;;;0.0;0.0;0.0;0.0;0.0;4.34;0.0;0.0
105643;589896;2018-12-20;FRC;F27;;;0;0;0.0;;;0.0;0.0;0.0;0.0;0.0;4.39;0.0;0.0
105644;589897;2018-12-20;FRC;F28;;;0;0;0.0;;;0.0;0.0;0.0;0.0;0.0;4.54;0.0;0.0
105645;589898;2018-12-20;FRC;F29;;;0;0;0.0;;;0.0;0.0;0.0;0.0;0.0;4.68;0.0;0.0
105646;589899;2018-12-20;FRC;F30;;;0;0;0.0;;;0.0;0.0;0.0;0.0;0.0;4.73;0.0;0.0
105647;589900;2018-12-20;FRC;F31;;;0;0;0.0;;;0.0;0.0;0.0;0.0;0.0;4.79;0.0;0.0
105648;590076;2018-12-21;FRC;G19;;;112;161960;31202600696.0;;;4.32;4.31;4.5;4.4;4.44;4.44;4.44;0.0
105649;590077;2018-12-21;FRC;H19;;;20;18779;3612936053.0;;;4.04;4.04;4.07;4.05;4.06;4.06;4.06;4.1
105650;590078;2018-12-21;FRC;J19;;;15;13536;2600783606.0;;;3.75;3.75;3.76;3.75;3.76;3.76;0.0;0.0
105651;590079;2018-12-21;FRC;K19;;;5;3180;609995560.0;;;3.78;3.78;3.78;3.78;3.78;3.78;0.0;0.0
105652;590080;2018-12-21;FRC;M19;;;4;2182;417895453.0;;;3.74;3.74;3.74;3.74;3.74;3.74;0.0;0.0
105653;590081;2018-12-21;FRC;N19;;;20;13332;2549547930.0;;;3.7;3.7;3.77;3.75;3.77;3.77;3.75;3.77
105654;590082;2018-12-21;FRC;Q19;;;0;0;0.0;;;0.0;0.0;0.0;0.0;0.0;3.77;0.0;0.0
105655;590083;2018-12-21;FRC;U19;;;0;0;0.0;;;0.0;0.0;0.0;0.0;0.0;3.75;0.0;0.0
105656;590084;2018-12-21;FRC;V19;;;1;5326;1013776847.0;;;3.74;3.74;3.74;3.74;3.74;3.74;0.0;0.0
105657;590085;2018-12-21;FRC;X19;;;1;10437;1983310141.0;;;3.76;3.76;3.76;3.76;3.76;3.8;0.0;0.0
105658;590086;2018-12-21;FRC;Z19;;;2;1966;372929296.0;;;3.8;3.8;3.8;3.8;3.8;3.8;0.0;0.0
105659;590087;2018-12-21;FRC;F20;;;21;30052;5691105364.0;;;3.77;3.77;3.84;3.81;3.84;3.84;0.0;0.0
105660;590088;2018-12-21;FRC;J20;;;1;6838;1288768746.0;;;3.83;3.83;3.83;3.83;3.83;3.83;0.0;0.0
105661;590089;2018-12-21;FRC;N20;;;0;0;0.0;;;0.0;0.0;0.0;0.0;0.0;3.87;0.0;0.0
105662;590090;2018-12-21;FRC;V20;;;0;0;0.0;;;0.0;0.0;0.0;0.0;0.0;3.88;0.0;0.0
105663;590091;2018-12-21;FRC;F21;;;3;4797;890471969.0;;;3.87;3.87;3.92;3.91;3.92;3.92;0.0;0.0
105664;590092;2018-12-21;FRC;J21;;;0;0;0.0;;;0.0;0.0;0.0;0.0;0.0;3.92;0.0;0.0
105665;590093;2018-12-21;FRC;N21;;;5;4393;808023239.0;;;3.91;3.91;3.92;3.91;3.92;3.92;0.0;0.0
105666;590094;2018-12-21;FRC;V21;;;0;0;0.0;;;0.0;0.0;0.0;0.0;0.0;3.93;0.0;0.0
105667;590095;2018-12-21;FRC;F22;;;9;1532;279038354.0;;;3.93;3.92;3.94;3.92;3.92;3.92;0.0;0.0
105668;590096;2018-12-21;FRC;J22;;;0;0;0.0;;;0.0;0.0;0.0;0.0;0.0;3.96;0.0;0.0
105669;590097;2018-12-21;FRC;N22;;;0;0;0.0;;;0.0;0.0;0.0;0.0;0.0;3.96;0.0;0.0
105670;590098;2018-12-21;FRC;V22;;;0;0;0.0;;;0.0;0.0;0.0;0.0;0.0;3.97;0.0;0.0
105671;590099;2018-12-21;FRC;F23;;;7;1860;332152502.0;;;3.99;3.99;3.99;3.99;3.99;3.99;0.0;0.0
105672;590100;2018-12-21;FRC;J23;;;0;0;0.0;;;0.0;0.0;0.0;0.0;0.0;4.02;0.0;0.0
105673;590101;2018-12-21;FRC;N23;;;0;0;0.0;;;0.0;0.0;0.0;0.0;0.0;4.02;0.0;0.0
105674;590102;2018-12-21;FRC;V23;;;0;0;0.0;;;0.0;0.0;0.0;0.0;0.0;4.07;0.0;0.0
105675;590103;2018-12-21;FRC;F24;;;4;732;127960377.0;;;4.12;4.12;4.12;4.12;4.12;4.12;0.0;0.0
105676;590104;2018-12-21;FRC;N24;;;0;0;0.0;;;0.0;0.0;0.0;0.0;0.0;4.18;0.0;0.0
105677;590105;2018-12-21;FRC;F25;;;0;0;0.0;;;0.0;0.0;0.0;0.0;0.0;4.23;0.0;0.0
105678;590106;2018-12-21;FRC;N25;;;0;0;0.0;;;0.0;0.0;0.0;0.0;0.0;4.27;0.0;0.0
105679;590107;2018-12-21;FRC;F26;;;0;0;0.0;;;0.0;0.0;0.0;0.0;0.0;4.36;0.0;0.0
105680;590108;2018-12-21;FRC;N26;;;0;0;0.0;;;0.0;0.0;0.0;0.0;0.0;4.43;0.0;0.0
105681;590109;2018-12-21;FRC;F27;;;0;0;0.0;;;0.0;0.0;0.0;0.0;0.0;4.48;0.0;0.0
105682;590110;2018-12-21;FRC;F28;;;0;0;0.0;;;0.0;0.0;0.0;0.0;0.0;4.63;0.0;0.0
105683;590111;2018-12-21;FRC;F29;;;0;0;0.0;;;0.0;0.0;0.0;0.0;0.0;4.77;0.0;0.0
105684;590112;2018-12-21;FRC;F30;;;0;0;0.0;;;0.0;0.0;0.0;0.0;0.0;4.82;0.0;0.0
105685;590113;2018-12-21;FRC;F31;;;0;0;0.0;;;0.0;0.0;0.0;0.0;0.0;4.88;0.0;0.0
105686;590311;2018-12-26;FRC;G19;;;248;323510;62937818911.0;;;4.47;4.43;4.74;4.61;4.74;4.7;4.6;4.74
105687;590312;2018-12-26;FRC;H19;;;58;58101;11287757583.0;;;4.1;4.1;4.19;4.16;4.18;4.18;4.18;4.2
105688;590313;2018-12-26;FRC;J19;;;17;20700;4016139832.0;;;3.82;3.82;3.84;3.83;3.84;3.84;3.84;0.0
105689;590314;2018-12-26;FRC;K19;;;2;1192;230876190.0;;;3.87;3.86;3.87;3.86;3.86;3.87;0.0;0.0
105690;590315;2018-12-26;FRC;M19;;;30;23808;4603888515.0;;;3.82;3.82;3.85;3.82;3.85;3.85;0.0;0.0
105691;590316;2018-12-26;FRC;N19;;;14;10044;1939281699.0;;;3.82;3.82;3.86;3.84;3.86;3.85;3.85;3.88
105692;590317;2018-12-26;FRC;Q19;;;0;0;0.0;;;0.0;0.0;0.0;0.0;0.0;3.85;0.0;0.0
105693;590318;2018-12-26;FRC;U19;;;0;0;0.0;;;0.0;0.0;0.0;0.0;0.0;3.84;0.0;0.0
105694;590319;2018-12-26;FRC;V19;;;8;5323;1022849465.0;;;3.83;3.83;3.83;3.83;3.83;3.83;0.0;0.0
105695;590320;2018-12-26;FRC;X19;;;1;590;113106639.0;;;4.0;4.0;4.0;4.0;4.0;3.88;0.0;0.0
105696;590321;2018-12-26;FRC;Z19;;;1;197;37727367.0;;;3.87;3.87;3.87;3.87;3.87;3.87;0.0;0.0
105697;590322;2018-12-26;FRC;F20;;;15;6885;1316010010.0;;;3.85;3.85;3.92;3.91;3.9;3.92;0.0;0.0
105698;590323;2018-12-26;FRC;J20;;;6;1953;371488077.0;;;3.93;3.93;3.93;3.93;3.93;3.93;0.0;0.0
105699;590324;2018-12-26;FRC;N20;;;0;0;0.0;;;0.0;0.0;0.0;0.0;0.0;3.96;0.0;0.0
105700;590325;2018-12-26;FRC;V20;;;6;1352;254627226.0;;;3.95;3.95;3.95;3.95;3.95;3.95;0.0;0.0
105701;590326;2018-12-26;FRC;F21;;;108;8048;1508043872.0;;;3.93;3.92;3.96;3.95;3.96;3.96;0.0;0.0
105702;590327;2018-12-26;FRC;J21;;;0;0;0.0;;;0.0;0.0;0.0;0.0;0.0;3.96;0.0;0.0
105703;590328;2018-12-26;FRC;N21;;;0;0;0.0;;;0.0;0.0;0.0;0.0;0.0;3.96;0.0;0.0
105704;590329;2018-12-26;FRC;V21;;;0;0;0.0;;;0.0;0.0;0.0;0.0;0.0;3.97;0.0;0.0
105705;590330;2018-12-26;FRC;F22;;;21;3044;559567443.0;;;3.93;3.93;3.97;3.96;3.97;3.97;0.0;0.0
105706;590331;2018-12-26;FRC;J22;;;0;0;0.0;;;0.0;0.0;0.0;0.0;0.0;4.01;0.0;0.0
105707;590332;2018-12-26;FRC;N22;;;0;0;0.0;;;0.0;0.0;0.0;0.0;0.0;4.0;0.0;0.0
105708;590333;2018-12-26;FRC;V22;;;0;0;0.0;;;0.0;0.0;0.0;0.0;0.0;4.0;0.0;0.0
105709;590334;2018-12-26;FRC;F23;;;12;7384;1330905106.0;;;4.02;4.02;4.02;4.02;4.02;4.02;0.0;0.0
105710;590335;2018-12-26;FRC;J23;;;0;0;0.0;;;0.0;0.0;0.0;0.0;0.0;4.04;0.0;0.0
105711;590336;2018-12-26;FRC;N23;;;0;0;0.0;;;0.0;0.0;0.0;0.0;0.0;4.03;0.0;0.0
105712;590337;2018-12-26;FRC;V23;;;0;0;0.0;;;0.0;0.0;0.0;0.0;0.0;4.07;0.0;0.0
105713;590338;2018-12-26;FRC;F24;;;0;0;0.0;;;0.0;0.0;0.0;0.0;0.0;4.13;0.0;0.0
105714;590339;2018-12-26;FRC;N24;;;0;0;0.0;;;0.0;0.0;0.0;0.0;0.0;4.2;0.0;0.0
105715;590340;2018-12-26;FRC;F25;;;5;7658;1321114662.0;;;4.27;4.27;4.27;4.27;4.27;4.27;0.0;0.0
105716;590341;2018-12-26;FRC;N25;;;10;8351;1423411872.0;;;4.32;4.32;4.37;4.36;4.37;4.32;0.0;0.0
105717;590342;2018-12-26;FRC;F26;;;4;704;118801840.0;;;4.36;4.36;4.36;4.36;4.36;4.36;4.3;0.0
105718;590343;2018-12-26;FRC;N26;;;0;0;0.0;;;0.0;0.0;0.0;0.0;0.0;4.43;0.0;0.0
105719;590344;2018-12-26;FRC;F27;;;1;173;28524313.0;;;4.48;4.48;4.48;4.48;4.48;4.48;0.0;0.0
105720;590345;2018-12-26;FRC;F28;;;0;0;0.0;;;0.0;0.0;0.0;0.0;0.0;4.63;0.0;0.0
105721;590346;2018-12-26;FRC;F29;;;0;0;0.0;;;0.0;0.0;0.0;0.0;0.0;4.77;0.0;0.0
105722;590347;2018-12-26;FRC;F30;;;0;0;0.0;;;0.0;0.0;0.0;0.0;0.0;4.82;0.0;0.0
105723;590348;2018-12-26;FRC;F31;;;0;0;0.0;;;0.0;0.0;0.0;0.0;0.0;4.88;0.0;0.0
105724;590526;2018-12-27;FRC;H19;;;78;125496;24383780079.0;;;3.7;3.45;3.7;3.5;3.45;3.45;0.0;3.45
105725;590527;2018-12-27;FRC;J19;;;35;26383;5119834364.0;;;3.45;3.27;3.45;3.3;3.27;3.27;0.0;0.0
105726;590528;2018-12-27;FRC;K19;;;8;3184;616918132.0;;;3.39;3.39;3.39;3.39;3.39;3.39;0.0;0.0
105727;590529;2018-12-27;FRC;M19;;;0;0;0.0;;;0.0;0.0;0.0;0.0;0.0;3.43;0.0;0.0
105728;590530;2018-12-27;FRC;N19;;;22;14300;2762393416.0;;;3.47;3.47;3.47;3.47;3.47;3.47;0.0;0.0
105729;590531;2018-12-27;FRC;Q19;;;0;0;0.0;;;0.0;0.0;0.0;0.0;0.0;3.5;0.0;0.0
105730;590532;2018-12-27;FRC;U19;;;2;24744;4764613195.0;;;3.53;3.53;3.53;3.53;3.53;3.53;0.0;0.0
105731;590533;2018-12-27;FRC;V19;;;6;11859;2280152958.0;;;3.55;3.55;3.55;3.55;3.55;3.55;0.0;0.0
105732;590534;2018-12-27;FRC;X19;;;5;1577;302627359.0;;;3.65;3.65;3.65;3.65;3.65;3.65;0.0;0.0
105733;590535;2018-12-27;FRC;Z19;;;6;6501;1245516948.0;;;3.67;3.67;3.67;3.67;3.67;3.67;0.0;0.0
105734;590536;2018-12-27;FRC;F20;;;13;18093;3459963704.0;;;3.84;3.68;3.84;3.73;3.68;3.68;0.0;0.0
105735;590537;2018-12-27;FRC;J20;;;0;0;0.0;;;0.0;0.0;0.0;0.0;0.0;3.7;0.0;0.0
105736;590538;2018-12-27;FRC;N20;;;4;1170;221709326.0;;;3.73;3.73;3.73;3.73;3.73;3.74;0.0;0.0
105737;590539;2018-12-27;FRC;V20;;;8;1746;329301312.0;;;3.74;3.74;3.74;3.74;3.74;3.74;0.0;0.0
105738;590540;2018-12-27;FRC;F21;;;18;16207;3038764237.0;;;3.9;3.74;3.9;3.85;3.74;3.74;0.0;0.0
105739;590541;2018-12-27;FRC;J21;;;0;0;0.0;;;0.0;0.0;0.0;0.0;0.0;3.75;0.0;0.0
105740;590542;2018-12-27;FRC;N21;;;0;0;0.0;;;0.0;0.0;0.0;0.0;0.0;3.75;0.0;0.0
105741;590543;2018-12-27;FRC;V21;;;0;0;0.0;;;0.0;0.0;0.0;0.0;0.0;3.77;0.0;0.0
105742;590544;2018-12-27;FRC;F22;;;14;8727;1605787289.0;;;3.93;3.77;3.93;3.87;3.77;3.77;0.0;0.0
105743;590545;2018-12-27;FRC;J22;;;0;0;0.0;;;0.0;0.0;0.0;0.0;0.0;3.82;0.0;0.0
105744;590546;2018-12-27;FRC;N22;;;0;0;0.0;;;0.0;0.0;0.0;0.0;0.0;3.81;0.0;0.0
105745;590547;2018-12-27;FRC;V22;;;0;0;0.0;;;0.0;0.0;0.0;0.0;0.0;3.82;0.0;0.0
105746;590548;2018-12-27;FRC;F23;;;3;561;101428075.0;;;3.84;3.84;3.84;3.84;3.84;3.84;0.0;0.0
105747;590549;2018-12-27;FRC;J23;;;0;0;0.0;;;0.0;0.0;0.0;0.0;0.0;3.86;0.0;0.0
105748;590550;2018-12-27;FRC;N23;;;0;0;0.0;;;0.0;0.0;0.0;0.0;0.0;3.86;0.0;0.0
105749;590551;2018-12-27;FRC;V23;;;6;1474;262559165.0;;;3.9;3.9;3.9;3.9;3.9;3.9;0.0;0.0
105750;590552;2018-12-27;FRC;F24;;;8;1472;261017739.0;;;3.91;3.91;3.91;3.91;3.91;3.91;0.0;0.0
105751;590553;2018-12-27;FRC;N24;;;0;0;0.0;;;0.0;0.0;0.0;0.0;0.0;3.97;0.0;0.0
105752;590554;2018-12-27;FRC;F25;;;10;1810;314435603.0;;;4.01;4.01;4.01;4.01;4.01;4.01;0.0;0.0
105753;590555;2018-12-27;FRC;N25;;;0;0;0.0;;;0.0;0.0;0.0;0.0;0.0;4.06;0.0;0.0
105754;590556;2018-12-27;FRC;F26;;;0;0;0.0;;;0.0;0.0;0.0;0.0;0.0;4.1;0.0;0.0
105755;590557;2018-12-27;FRC;N26;;;0;0;0.0;;;0.0;0.0;0.0;0.0;0.0;4.17;0.0;0.0
105756;590558;2018-12-27;FRC;F27;;;0;0;0.0;;;0.0;0.0;0.0;0.0;0.0;4.22;0.0;0.0
105757;590559;2018-12-27;FRC;F28;;;0;0;0.0;;;0.0;0.0;0.0;0.0;0.0;4.37;0.0;0.0
105758;590560;2018-12-27;FRC;F29;;;0;0;0.0;;;0.0;0.0;0.0;0.0;0.0;4.51;0.0;0.0
105759;590561;2018-12-27;FRC;F30;;;0;0;0.0;;;0.0;0.0;0.0;0.0;0.0;4.56;0.0;0.0
105760;590562;2018-12-27;FRC;F31;;;1;16;2393703.0;;;4.86;4.86;4.86;4.86;4.86;4.62;0.0;0.0
105761;590740;2018-12-28;FRC;H19;;;61;138693;26927551115.0;;;3.35;3.31;3.35;3.31;3.31;3.31;0.0;0.0
105762;590741;2018-12-28;FRC;J19;;;21;25731;4989847490.0;;;3.13;3.12;3.13;3.12;3.13;3.13;0.0;0.0
105763;590742;2018-12-28;FRC;K19;;;9;4980;964329796.0;;;3.2;3.2;3.2;3.2;3.2;3.2;0.0;0.0
105764;590743;2018-12-28;FRC;M19;;;13;8158;1577378535.0;;;3.45;3.23;3.45;3.23;3.23;3.23;0.0;0.0
105765;590744;2018-12-28;FRC;N19;;;20;11284;2178769501.0;;;3.29;3.29;3.29;3.29;3.29;3.29;0.0;0.0
105766;590745;2018-12-28;FRC;Q19;;;1;198;38168201.0;;;3.37;3.37;3.37;3.37;3.37;3.37;0.0;0.0
105767;590746;2018-12-28;FRC;U19;;;7;3762;724222023.0;;;3.33;3.33;3.33;3.33;3.33;3.33;0.0;0.0
105768;590747;2018-12-28;FRC;V19;;;11;7714;1482567616.0;;;3.42;3.4;3.42;3.41;3.4;3.42;3.38;0.0
105769;590748;2018-12-28;FRC;X19;;;2;394;75586852.0;;;3.5;3.5;3.5;3.5;3.5;3.5;0.0;0.0
105770;590749;2018-12-28;FRC;Z19;;;11;4531;867887667.0;;;3.52;3.52;3.52;3.52;3.52;3.52;0.0;0.0
105771;590750;2018-12-28;FRC;F20;;;22;52259;9995020487.0;;;3.55;3.52;3.57;3.52;3.52;3.52;3.52;3.55
105772;590751;2018-12-28;FRC;J20;;;11;4312;820918125.0;;;3.57;3.57;3.57;3.57;3.57;3.57;3.56;3.58
105773;590752;2018-12-28;FRC;N20;;;15;4095;776118946.0;;;3.58;3.58;3.58;3.58;3.58;3.58;0.0;0.0
105774;590753;2018-12-28;FRC;V20;;;0;0;0.0;;;0.0;0.0;0.0;0.0;0.0;3.6;0.0;0.0
105775;590754;2018-12-28;FRC;F21;;;34;14771;2773439350.0;;;3.61;3.6;3.62;3.61;3.62;3.62;3.6;3.62
105776;590755;2018-12-28;FRC;J21;;;9;4047;756683238.0;;;3.62;3.62;3.62;3.62;3.62;3.62;0.0;0.0
105777;590756;2018-12-28;FRC;N21;;;7;1920;357468794.0;;;3.61;3.61;3.61;3.61;3.61;3.61;0.0;0.0
105778;590757;2018-12-28;FRC;V21;;;3;573;106182333.0;;;3.63;3.63;3.63;3.63;3.63;3.63;0.0;0.0
105779;590758;2018-12-28;FRC;F22;;;19;3707;683695956.0;;;3.7;3.63;3.7;3.64;3.63;3.64;3.6;0.0
105780;590759;2018-12-28;FRC;J22;;;6;1140;209390856.0;;;3.65;3.65;3.65;3.65;3.65;3.65;0.0;0.0
105781;590760;2018-12-28;FRC;N22;;;2;2075;379114232.0;;;3.7;3.7;3.7;3.7;3.7;3.7;0.0;0.0
105782;590761;2018-12-28;FRC;V22;;;5;940;171091243.0;;;3.66;3.66;3.66;3.66;3.66;3.66;0.0;0.0
105783;590762;2018-12-28;FRC;F23;;;26;9541;1727592962.0;;;3.77;3.67;3.78;3.7;3.69;3.7;3.67;3.72
105784;590763;2018-12-28;FRC;J23;;;5;930;167595581.0;;;3.72;3.72;3.72;3.72;3.72;3.72;3.67;0.0
105785;590764;2018-12-28;FRC;N23;;;7;1488;267169282.0;;;3.7;3.7;3.7;3.7;3.7;3.7;0.0;0.0
105786;590765;2018-12-28;FRC;V23;;;6;1110;198337674.0;;;3.72;3.72;3.72;3.72;3.72;3.72;0.0;0.0
105787;590766;2018-12-28;FRC;F24;;;6;1657;294426355.0;;;3.79;3.74;3.79;3.77;3.74;3.79;3.75;3.79
105788;590767;2018-12-28;FRC;N24;;;1;183;32296479.0;;;3.7;3.7;3.7;3.7;3.7;3.7;3.75;0.0
105789;590768;2018-12-28;FRC;F25;;;5;1087;189522697.0;;;3.83;3.83;3.83;3.83;3.83;3.83;3.84;3.86
105790;590769;2018-12-28;FRC;N25;;;3;1507;259359246.0;;;4.01;3.95;4.01;3.98;3.95;3.95;0.0;3.95
105791;590770;2018-12-28;FRC;F26;;;5;1069;182567386.0;;;3.94;3.94;3.94;3.94;3.94;3.94;3.9;0.0
105792;590771;2018-12-28;FRC;N26;;;3;528;88911016.0;;;4.1;4.1;4.1;4.1;4.1;4.1;0.0;0.0
105793;590772;2018-12-28;FRC;F27;;;4;1437;240235769.0;;;4.05;4.05;4.05;4.05;4.05;4.05;4.05;4.08
105794;590773;2018-12-28;FRC;F28;;;2;863;141203953.0;;;4.16;4.16;4.16;4.16;4.16;4.18;4.12;0.0
105795;590774;2018-12-28;FRC;F29;;;6;1190;190330667.0;;;4.29;4.29;4.29;4.29;4.29;4.29;4.25;0.0
105796;590775;2018-12-28;FRC;F30;;;0;0;0.0;;;0.0;0.0;0.0;0.0;0.0;4.34;0.0;0.0
105797;590776;2018-12-28;FRC;F31;;;0;0;0.0;;;0.0;0.0;0.0;0.0;0.0;4.4;0.0;0.0
