;index;yield;price;bidask spread;du;coupon;duration;modified duration;dv01;pnl;vna;volume;open interest;convexity;maturity;bond code;reference date
0;0;0.07157747383465521;4097.996265;12.688272999999754;4848;0.0;14.182506334940154;10.364863002249226;-4.247516987045401;7.982864999999947;4578.950958;265;;79.42584744414773;2045-05-15;BRSTNCNTB0A6;2026-01-02
1;1;0.07364466786812333;4225.277364;18.311224999999467;2342;0.0;7.686999993610137;6.610672101265559;-2.793192319030368;10.191820000000007;4578.950958;155441;;28.974412787001537;2035-05-15;BRSTNCNTB0O7;2026-01-02
2;2;0.07698811208690118;4406.242085;11.557272000000012;1152;0.0;4.0631963806565095;3.6715688089917955;-1.6177821004152975;9.63047800000004;4578.950958;103958;;9.138039351482874;2030-08-15;BRSTNCNTB3B8;2026-01-02
3;3;0.0726308059490118;4197.14429;32.38691999999992;3661;0.0;11.13761104202746;8.748813650292009;-3.672003325659716;5.554124000000229;4578.950958;28726;;54.43976229347134;2040-08-15;BRSTNCNTB3C6;2026-01-02
4;4;0.07135327331014436;4118.770965;78.66179800000009;6163;0.0;17.196795871391345;11.30071046418542;-4.6545038143758575;13.356463999999505;4578.950958;0;;101.82382493909338;2050-08-15;BRSTNCNTB3D4;2026-01-02
5;5;0.0709783048645802;4034.63732;0.0;7352;0.0;20.0169641479979;12.209422491170006;-4.926059163852187;12.468427999999676;4578.950958;0;;122.56256042323682;2055-05-17;BRSTNCNTB4Q4;2026-01-02
6;6;0.10405497215652987;4571.368215;0.5677900000000591;154;0.0;0.597376315094355;0.5404720092649175;-0.24706965642508294;1.9199889999999868;4578.950958;3549;;0.39364330070659;2026-08-17;BRSTNCNTB4U6;2026-01-02
7;7;0.07973798474091784;4485.920411;9.913429000000178;654;0.0;2.408214459842012;2.207226692867496;-0.9901443273238328;7.070400999999947;4578.950958;0;;3.6068025061785245;2028-08-15;BRSTNCNTB4X0;2026-01-02
8;8;0.07635181872776116;4322.058072;10.32095500000014;1656;0.0;5.624793645454741;4.9691120726208124;-2.147679094414343;9.520730000000185;4578.950958;0;;16.4612173375725;2032-08-16;BRSTNCNTB674;2026-01-02
9;9;0.08476276415779599;4483.351619;4.317950000000565;339;0.0;1.3050448428878108;1.2006203916514508;-0.5382803376714946;4.153664999999819;4578.950958;1013426;;1.2884864308006942;2027-05-17;BRSTNCNTB682;2026-01-02
10;10;0.07151400964305693;4046.634172;353.42175099999986;8669;0.0;22.840669185154404;12.46169768636044;-5.042793169875949;8.262991000000056;4578.950958;0;;136.23310589777296;2060-08-16;BRSTNCNTB690;2026-01-02
11;11;0.07638825321235343;4223.441205;4.775845999999547;1843;0.0;6.243854232357889;5.491669931063255;-2.319374507111206;8.685292000000118;4578.950958;6026;;19.812298787586986;2033-05-16;BRSTNCNTB6B1;2026-01-02
12;12;0.07805012445006697;4393.622496;12.372326000000612;838;0.0;3.0714156648542916;2.8130355050311713;-1.2359416076951675;7.659808000000339;4578.950958;55773;;5.499712612396242;2029-05-15;BRSTNCNTB716;2026-01-02
13;0;0.07218387221461665;4074.143592;29.79547100000036;4847;0.0;14.178538080971899;10.330001078305433;-4.208590769853117;-23.852672999999868;4579.691115;36744;;79.02863756005394;2045-05-15;BRSTNCNTB0A6;2026-01-05
14;1;0.07434325468400589;4207.701124;33.61493299999984;2341;0.0;7.683031739641883;6.597027803955827;-2.7758321305764184;-17.576239999999416;4579.691115;223457;;28.87869173147513;2035-05-15;BRSTNCNTB0O7;2026-01-05
15;2;0.07718059749398695;4405.140767;9.864655000000312;1151;0.0;4.0592281266882555;3.6669619181560553;-1.6153483436705756;-1.101317999999992;4579.691115;1060934;;9.11874518991767;2030-08-15;BRSTNCNTB3B8;2026-01-05
16;3;0.07337028452103835;4171.961215;32.94629799999984;3660;0.0;11.133642788059205;8.721213034172084;-3.6384562526318405;-25.183074999999917;4579.691115;40945;;54.18403687217819;2040-08-15;BRSTNCNTB3C6;2026-01-05
17;4;0.07177447174419987;4101.030959;42.36214299999938;6162;0.0;17.192827617423088;11.265050972226854;-4.619832279181537;-17.740005999999994;4579.691115;58519;;101.3494814404866;2050-08-15;BRSTNCNTB3D4;2026-01-05
18;5;0.07142658070658399;4014.401521;15.309907000000294;7351;0.0;20.012995894029647;12.16272184323301;-4.882604906697452;-20.235799000000043;4579.691115;13128;;121.85250365976631;2055-05-17;BRSTNCNTB4Q4;2026-01-05
19;6;0.1040255863585956;4573.97566;2.747815000000628;153;0.0;0.5934080611261009;0.5368922111429125;-0.24557319058112625;2.607444999999643;4579.691115;416796;;0.39010032032463476;2026-08-17;BRSTNCNTB4U6;2026-01-05
20;7;0.07966820529717437;4488.701811;7.927444999999352;653;0.0;2.404246205873758;2.2037146708234214;-0.989181803385236;2.7813999999998487;4579.691115;329255;;3.5974998265984546;2028-08-15;BRSTNCNTB4X0;2026-01-05
21;8;0.07667117570448775;4317.169481;34.311046000000715;1655;0.0;5.620825391486486;4.962798438123736;-2.142524195742226;-4.888590999999906;4579.691115;274216;;16.42671319095961;2032-08-16;BRSTNCNTB674;2026-01-05
22;9;0.08477058823876422;4485.482289;2.7478149999997186;338;0.0;1.3010765889195568;1.1969533571160296;-0.5368913084103042;2.1306699999995544;4579.691115;264242;;1.2823960602730917;2027-05-17;BRSTNCNTB682;2026-01-05
23;10;0.0718051678834313;4033.759876;38.65717300000006;8668;0.0;22.83670093118615;12.423925546943869;-5.011513237367353;-12.874295999999958;4579.691115;45558;;135.6032086481903;2060-08-16;BRSTNCNTB690;2026-01-05
24;11;0.07686275370193975;4214.373734;13.363538999999946;1842;0.0;6.239885978389636;5.483494313886344;-2.3109494406980957;-9.067471000000296;4579.691115;117126;;19.76341151428262;2033-05-16;BRSTNCNTB6B1;2026-01-05
25;12;0.07813439793912126;4394.602898;5.069718000000648;837;0.0;3.067447410886037;2.8090947668199937;-1.2344856003023779;0.9804020000001401;4579.691115;367364;;5.486703140361424;2029-05-15;BRSTNCNTB716;2026-01-05
26;0;0.07279419024488354;4050.360968;42.28654199999983;4846;0.0;14.17456982700365;10.294984772196907;-4.169840448746072;-23.78262399999994;4580.431391;220289;;78.63039495201723;2045-05-15;BRSTNCNTB0A6;2026-01-06
27;1;0.0750727798669105;4189.395382;37.829783000000134;2340;0.0;7.67906348567363;6.582953657640704;-2.7578595653239972;-18.305742000000464;4580.431391;324583;;28.780144134028625;2035-05-15;BRSTNCNTB0O7;2026-01-06
28;2;0.07754687013566691;4401.244914;11.46023999999943;1150;0.0;4.0552598727200015;3.6615249480680454;-1.61152680551686;-3.8958529999999882;4580.431391;2753054;;9.095821592600872;2030-08-15;BRSTNCNTB3B8;2026-01-06
29;3;0.07400967767541003;4150.635772;36.69841600000018;3659;0.0;11.12967453409095;8.696867593586006;-3.609752973828563;-21.325443000000632;4580.431391;459036;;53.95894613422408;2040-08-15;BRSTNCNTB3C6;2026-01-06
30;4;0.07232475041838929;4077.522926;46.72956100000056;6161;0.0;17.18885936345484;11.219691268359222;-4.574854836937675;-23.508032999999614;4580.431391;0;;100.74537919353669;2050-08-15;BRSTNCNTB3D4;2026-01-06
31;5;0.07177872284488251;3999.014332;34.792957000000115;7350;0.0;20.009027640061383;12.125332105298222;-4.8489376869347325;-15.38718899999958;4580.431391;0;;121.28695785835586;2055-05-17;BRSTNCNTB4Q4;2026-01-06
32;6;0.10401113129704626;4576.547185;1.9787459999997736;152;0.0;0.5894398071578468;0.533304925631796;-0.24406951561468304;2.5715250000002925;4580.431391;974694;;0.3865593633517729;2026-08-17;BRSTNCNTB4U6;2026-01-06
33;7;0.07996096803532576;4487.902096;6.133197999999538;652;0.0;2.400277951905504;2.1993557394615775;-0.9870493232979243;-0.7997150000001056;4580.431391;2318693;;3.585594562318489;2028-08-15;BRSTNCNTB4X0;2026-01-06
34;8;0.07713066078871278;4309.306496;12.430645000000368;1654;0.0;5.616857137518232;4.955336457018291;-2.1354063584094547;-7.862984999999753;4580.431391;188543;;16.385930081542245;2032-08-16;BRSTNCNTB674;2026-01-06
35;9;0.08512252213839096;4485.772195;1.667276999999558;337;0.0;1.2971083349513033;1.1928981000279546;-0.5351069128573727;0.2899059999999736;4580.431391;1126769;;1.2754973426256508;2027-05-17;BRSTNCNTB682;2026-01-06
36;10;0.0720883681584486;4021.371418;35.53498600000012;8667;0.0;22.832732677217894;12.38717496385225;-4.981343134940062;-12.3884579999999;4580.431391;159607;;134.99159785921347;2060-08-16;BRSTNCNTB690;2026-01-06
37;11;0.0773860158837599;4204.226819;14.334595999999692;1841;0.0;6.235917724421381;5.474863346077545;-2.3017567309939295;-10.146914999999353;4580.431391;119254;;19.711864310399683;2033-05-16;BRSTNCNTB6B1;2026-01-06
38;12;0.07848204326127603;4392.340556;9.14712099999997;836;0.0;3.0634791569177837;2.8043440280626606;-1.2317634007436027;-2.2623419999999896;4580.431391;417848;;5.470737365732032;2029-05-15;BRSTNCNTB716;2026-01-06
39;0;0.07279118048334007;4052.270922;72.02976399999989;4845;0.0;14.170601573035391;10.291440093214794;-4.170370343523928;1.909954000000198;4581.171786;281551;;78.59236068772539;2045-05-15;BRSTNCNTB0A6;2026-01-07
40;1;0.07544398343485474;4181.056823;52.69721899999968;2339;0.0;7.675095231705377;6.573984175375494;-2.7486201390747738;-8.338558999999805;4581.171786;2414254;;28.717341174390402;2035-05-15;BRSTNCNTB0O7;2026-01-07
41;2;0.07788358368569079;4397.842453;17.75662199999988;1149;0.0;4.051291618751747;3.656232689553238;-1.6079535340163602;-3.4024609999996756;4581.171786;1203008;;9.073564165759006;2030-08-15;BRSTNCNTB3B8;2026-01-07
42;3;0.0740026701141035;4152.736019;53.26672099999996;3658;0.0;11.1257062801227;8.693398986496955;-3.6101391098763997;2.1002470000003086;4581.171786;1624569;;53.927191257618155;2040-08-15;BRSTNCNTB3C6;2026-01-07
43;4;0.07226067672761284;4082.245529;54.75416499999983;6160;0.0;17.184891109486585;11.220835703389008;-4.580620638180335;4.722602999999708;4581.171786;322193;;100.76729183728439;2050-08-15;BRSTNCNTB3D4;2026-01-07
44;5;0.0718227815038399;3998.6254;38.362732999999935;7349;0.0;20.00505938609313;12.117420538753771;-4.845302554874252;-0.3889320000002954;4581.171786;54513;;121.17557602995089;2055-05-17;BRSTNCNTB4Q4;2026-01-07
45;6;0.10416678203970603;4578.707115;3.7153299999999945;151;0.0;0.5854715531895929;0.5296349791174272;-0.24250434472378402;2.159929999999804;4581.171786;0;;0.382912366670495;2026-08-17;BRSTNCNTB4U6;2026-01-07
46;7;0.07993315154690747;4490.272175;8.988258999999744;651;0.0;2.3963096979372502;2.195746128558043;-0.9859497744428154;2.37007900000026;4581.171786;1321071;;3.5760186079291616;2028-08-15;BRSTNCNTB4X0;2026-01-07
47;8;0.07744782898185101;4304.51024;23.95952800000032;1653;0.0;5.612888883549978;4.949047882118735;-2.1303227286830406;-4.79625600000054;4581.171786;1111367;;16.35165250162249;2032-08-16;BRSTNCNTB674;2026-01-07
48;9;0.08506890484511842;4488.238135;5.125017999999727;336;0.0;1.2931400809830491;1.1893014379804812;-0.5337868067954332;2.465940000000046;4581.171786;1188308;;1.269583996635442;2027-05-17;BRSTNCNTB682;2026-01-07
49;10;0.07212236170667646;4021.439636;30.871959999999945;8666;0.0;22.82876442324964;12.3795126234961;-4.978346273848956;0.06821799999988798;4581.171786;160963;;134.8764968925336;2060-08-16;BRSTNCNTB690;2026-01-07
50;11;0.07754826116194145;4202.418827;17.999423999999635;1840;0.0;6.231949470453128;5.469647650044916;-2.2985750261605062;-1.807992000000013;4581.171786;1608112;;19.68082471313519;2033-05-16;BRSTNCNTB6B1;2026-01-07
51;12;0.07860735042778755;4392.82607;7.398591999999553;835;0.0;3.059510902949529;2.8002794298008253;-1.2301140482513802;0.4855139999999665;4581.171786;521746;;5.45730845752662;2029-05-15;BRSTNCNTB716;2026-01-07
52;0;0.07263412381314893;4060.614393;54.30024300000014;4844;0.0;14.166633319067138;10.29579445177856;-4.180725113826156;8.343470999999681;4581.912302;317937;;78.64461164088613;2045-05-15;BRSTNCNTB0A6;2026-01-08
53;1;0.07524384030007844;4188.445164;45.56104999999934;2338;0.0;7.6711269777371225;6.5731393571812715;-2.7531233752883963;7.388340999999855;4581.912302;731782;;28.71119397795447;2035-05-15;BRSTNCNTB0O7;2026-01-08
54;2;0.07788151651619811;4399.895835;23.57393900000079;1148;0.0;4.047323364783493;3.6525610375865294;-1.607088809636025;2.053382000000056;4581.912302;1130039;;9.058445991882756;2030-08-15;BRSTNCNTB3B8;2026-01-08
55;3;0.07373049618742664;4164.42678;59.62900600000012;3657;0.0;11.121738026154445;8.698490108799877;-3.622422515465132;11.690760999999839;4581.912302;409413;;53.974589966611106;2040-08-15;BRSTNCNTB3C6;2026-01-08
56;4;0.07225175025835852;4084.444919;23.367752999999993;6159;0.0;17.18092285551833;11.217809939953726;-4.581852681155169;2.1993900000002213;4581.912302;45862;;100.73312277831498;2050-08-15;BRSTNCNTB3D4;2026-01-08
57;5;0.07172674068014559;4005.031215;29.64039099999991;7348;0.0;20.00109113212488;12.12289451387708;-4.855257094422996;6.405815000000075;4581.912302;59080;;121.27017229833409;2055-05-17;BRSTNCNTB4Q4;2026-01-08
58;6;0.10399394801350914;4581.664878;4.42154599999958;150;0.0;0.5815032992213389;0.5261244179544166;-0.24105257671999425;2.9577629999994315;4581.912302;646796;;0.37950749363496167;2026-08-17;BRSTNCNTB4U6;2026-01-08
59;7;0.07998533560511525;4491.854815;10.002314999999726;650;0.0;2.3923414439689963;2.1919501476077254;-0.9845921824771722;1.5826399999996283;4581.912302;317911;;3.565881738900265;2028-08-15;BRSTNCNTB4X0;2026-01-08
60;8;0.07737796191027836;4307.968929;28.018393999999716;1652;0.0;5.608920629581724;4.945938276883455;-2.130694842156572;3.4586890000000494;4581.912302;386432;;16.334872311299115;2032-08-16;BRSTNCNTB674;2026-01-08
61;9;0.0849729235158858;4490.929269;4.884318999999778;335;0.0;1.2891718270147952;1.1857519323677868;-0.5325128058843802;2.691134000000602;4581.912302;468681;;1.263783104294222;2027-05-17;BRSTNCNTB682;2026-01-08
62;10;0.07212241866725086;4023.198497;29.002787999999782;8665;0.0;22.824796169281377;12.375804675548107;-4.979031876983072;1.758860999999797;4581.912302;153155;;134.8288441391679;2060-08-16;BRSTNCNTB690;2026-01-08
63;11;0.07736712659550003;4208.509358;30.1902199999995;1839;0.0;6.227981216484874;5.46767526543958;-2.301076252110761;6.090530999999828;4581.912302;358515;;19.669209485466908;2033-05-16;BRSTNCNTB6B1;2026-01-08
64;12;0.07865357328670729;4394.287575;22.345985999999357;834;0.0;3.0555426489812754;2.796458494259855;-1.228844281532929;1.4615050000002157;4581.912302;584334;;5.4447880608035;2029-05-15;BRSTNCNTB716;2026-01-08
65;0;0.07296824222732114;4048.139983;30.051445000000058;4843;0.0;14.162665065098885;10.274966995243364;-4.159450471745004;-12.474409999999807;4582.282962;360823;;78.40916377714422;2045-05-15;BRSTNCNTB0A6;2026-01-09
66;1;0.0756441043695457;4178.991656;19.8869880000002;2337;0.0;7.667158723768868;6.5637608160087995;-2.7429901682080526;-9.453507999999601;4582.282962;888181;;28.645632075409928;2035-05-15;BRSTNCNTB0O7;2026-01-09
67;2;0.07824499346306715;4395.729058;21.383882999999514;1147;0.0;4.043355110815239;3.647145357991344;-1.6031862828872363;-4.166777000000366;4582.282962;440097;;9.035696121103875;2030-08-15;BRSTNCNTB3B8;2026-01-09
68;3;0.07410475907774859;4152.414415;25.901153999999224;3656;0.0;11.11776977218619;8.682714863055462;-3.6054230358686254;-12.01236499999959;4582.282962;545576;;53.8291013002168;2040-08-15;BRSTNCNTB3C6;2026-01-09
69;4;0.07252491787289195;4073.420439;33.328168000000005;6158;0.0;17.176954601550076;11.193463713169535;-4.559568387242962;-11.02448000000004;4582.282962;370810;;100.41249180852627;2050-08-15;BRSTNCNTB3D4;2026-01-09
70;5;0.07204886231244648;3990.866029;29.47258099999999;7347;0.0;19.997122878156627;12.088438248425726;-4.824333754930649;-14.165186000000176;4582.282962;0;;120.75068647149486;2055-05-17;BRSTNCNTB4Q4;2026-01-09
71;6;0.10376948524674669;4584.372483;2.4242229999999836;149;0.0;0.5775350452530851;0.5226374941505577;-0.239596494676789;2.7076050000005125;4582.282962;1912407;;0.37614880457054917;2026-08-17;BRSTNCNTB4U6;2026-01-09
72;7;0.0805788424613563;4487.759629;5.284310000000005;649;0.0;2.388373190000742;2.186897372973526;-0.9814269743196746;-4.095185999999558;4582.282962;548426;;3.551894937558867;2028-08-15;BRSTNCNTB4X0;2026-01-09
73;8;0.07767711067207152;4303.226511;34.6852829999998;1651;0.0;5.60495237561347;4.939801202457119;-2.125708349348315;-4.742417999999816;4582.282962;366090;;16.301486194673444;2032-08-16;BRSTNCNTB674;2026-01-09
74;9;0.08549543810324735;4489.972871;2.7175139999999374;334;0.0;1.2852035730465412;1.181510476679672;-0.5304949987094005;-0.956398000000263;4582.282962;197884;;1.2565378631303614;2027-05-17;BRSTNCNTB682;2026-01-09
75;10;0.0724225460477874;4009.740452;108.31646099999989;8664;0.0;22.820827915313124;12.337189322865237;-4.946892709187523;-13.458044999999856;4582.282962;315033;;134.18665938512927;2060-08-16;BRSTNCNTB690;2026-01-09
76;11;0.0776543955998519;4203.493123;11.621607999999469;1838;0.0;6.224012962516619;5.4612806914775796;-2.295645582939869;-5.0162350000000515;4582.282962;274893;;19.63116256269582;2033-05-16;BRSTNCNTB6B1;2026-01-09
77;12;0.0791082826222316;4390.386116;10.124597999999423;833;0.0;3.051574395013021;2.791386013262674;-1.2255262397025035;-3.9014590000006137;4582.282962;365405;;5.427707119736599;2029-05-15;BRSTNCNTB716;2026-01-09
78;0;0.07309229883777725;4044.751233;35.75657999999976;4842;0.0;14.158696811130628;10.264912841294443;-4.151901887146323;-3.3887500000000728;4583.001891;292960;;78.29690961062263;2045-05-15;BRSTNCNTB0A6;2026-01-12
79;1;0.0757612903978352;4177.644539;24.890284000000065;2336;0.0;7.663190469800615;6.558407088615496;-2.7398693558293417;-1.347117000000253;4583.001891;746728;;28.60813364331665;2035-05-15;BRSTNCNTB0O7;2026-01-12
80;2;0.0783822813101389;4395.534198;13.84299800000008;1146;0.0;4.039386856846985;3.6428107773358156;-1.6012099348622542;-0.19485999999960768;4583.001891;1590377;;9.01770895857546;2030-08-15;BRSTNCNTB3B8;2026-01-12
81;3;0.07403273191705022;4156.842294;16.45297699999992;3655;0.0;11.113801518217935;8.681344453596;-3.6086979793490173;4.427878999999848;4583.001891;338260;;53.816771738246594;2040-08-15;BRSTNCNTB3C6;2026-01-12
82;4;0.07252692998979925;4075.099872;22.410879000000023;6157;0.0;17.172986347581823;11.189611820891935;-4.55987856990464;1.67943299999979;4583.001891;260304;;100.36731826909643;2050-08-15;BRSTNCNTB3D4;2026-01-12
83;5;0.07207788684626355;3991.194273;19.798972999999933;7346;0.0;19.993154624188367;12.081968939789242;-4.822148523905071;0.328244000000268;4583.001891;47118;;120.66169543644507;2055-05-17;BRSTNCNTB4Q4;2026-01-12
84;6;0.10375802347800009;4586.915774;3.3822559999998703;148;0.0;0.573566791284831;0.5190477651079682;-0.23808283812331865;2.543290999999954;4583.001891;245826;;0.3726555125988084;2026-08-17;BRSTNCNTB4U6;2026-01-12
85;7;0.08064113929408696;4489.233672;6.970745999999963;648;0.0;2.384404936032488;2.1830806437370827;-0.9800359134555947;1.4740430000001652;4583.001891;1196978;;3.5417281399105565;2028-08-15;BRSTNCNTB4X0;2026-01-12
86;8;0.07778731501797419;4302.838402;17.03043500000058;1650;0.0;5.600984121645216;4.935215580335462;-2.123543512121614;-0.3881089999995311;4583.001891;490247;;16.27664234710929;2032-08-16;BRSTNCNTB674;2026-01-12
87;9;0.08544869783692753;4492.386777;3.1431039999997665;333;0.0;1.2812353190782872;1.1779068277587301;-0.5291613057561335;2.41390599999977;4583.001891;416177;;1.2506508092427038;2027-05-17;BRSTNCNTB682;2026-01-12
88;10;0.07249957141252486;4007.674748;24.58322199999975;8663;0.0;22.816859661344875;12.32454470490429;-4.939276659444204;-2.065704000000096;4583.001891;334014;;133.98708432398598;2060-08-16;BRSTNCNTB690;2026-01-12
89;11;0.07765445172075194;4205.399199;16.902110999999422;1837;0.0;6.220044708548366;5.457597854574281;-2.2951377646090805;1.906076000000212;4583.001891;283234;;19.60934758341068;2033-05-16;BRSTNCNTB6B1;2026-01-12
90;12;0.07918147096545163;4391.505739;8.098165000000336;832;0.0;3.047606141044768;2.787484712816534;-1.2241255113708576;1.1196230000005016;4583.001891;233487;;5.41492752608896;2029-05-15;BRSTNCNTB716;2026-01-12
91;0;0.07328544861066669;4038.510246;27.90646800000013;4841;0.0;14.154728557162372;10.251323546533627;-4.140007517773711;-6.240987000000132;4583.720933;0;;78.14442380311088;2045-05-15;BRSTNCNTB0A6;2026-01-13
92;1;0.0756502798802604;4182.553676;17.395220999999765;2335;0.0;7.659222215832361;6.556294735399774;-2.7422054646485776;4.909137000000555;4583.720933;390756;;28.593189943525143;2035-05-15;BRSTNCNTB0O7;2026-01-13
93;2;0.0783783419512767;4397.603528;74.59547399999974;1145;0.0;4.035418602878732;3.6391497147750815;-1.6003537624615092;2.069329999999354;4583.720933;1629215;;9.002686721571772;2030-08-15;BRSTNCNTB3B8;2026-01-13
94;3;0.0742498539377967;4150.848079;15.14461399999982;3654;0.0;11.109833264249684;8.670645259065015;-3.5990531217280477;-5.994214999999713;4583.720933;84755;;53.71833657329924;2040-08-15;BRSTNCNTB3C6;2026-01-13
95;4;0.07272499840119415;4067.855228;14.159114000000045;6156;0.0;17.16901809361357;11.170959637193523;-4.544184656193465;-7.24464399999988;4583.720933;76773;;100.12353205439419;2050-08-15;BRSTNCNTB3D4;2026-01-13
96;5;0.07222795287757221;3985.696614;16.185117999999875;7345;0.0;19.989186370220114;12.063966296983512;-4.80833096212973;-5.497659000000112;4583.720933;0;;120.3956332858501;2055-05-17;BRSTNCNTB4Q4;2026-01-13
97;6;0.10358009503461252;4589.853951;4.822075000000041;147;0.0;0.569598537316577;0.5155366543888474;-0.2366237950031973;2.938176999999996;4583.720933;1391204;;0.3692870282019297;2026-08-17;BRSTNCNTB4U6;2026-01-13
98;7;0.08054118046860194;4492.298618;49.51335299999937;647;0.0;2.380436682064234;2.1796398612342784;-0.9791593136360461;3.064945999999509;4583.720933;246100;;3.5327287040410846;2028-08-15;BRSTNCNTB4X0;2026-01-13
99;8;0.07779835560843061;4304.558577;17.115614000000278;1649;0.0;5.597015867676963;4.931443266348024;-2.122768640914728;1.7201749999994718;4583.720933;272349;;16.256274767368097;2032-08-16;BRSTNCNTB674;2026-01-13
100;9;0.08520123056482892;4495.86017;2.750232999999753;332;0.0;1.2772670651100335;1.1745258301943795;-0.5280503898607094;3.4733930000002147;4583.720933;452123;;1.2452438244519726;2027-05-17;BRSTNCNTB682;2026-01-13
101;10;0.07263067535343345;4002.949739;29.771267999999964;8662;0.0;22.812891407376622;12.305635947076807;-4.925884220258013;-4.725008999999773;4583.720933;236779;;133.68110942750923;2060-08-16;BRSTNCNTB690;2026-01-13
102;11;0.07773964729786041;4205.353104;8.269032999999581;1836;0.0;6.216076454580112;5.4531121958866775;-2.2932262299432296;-0.04609500000060507;4583.720933;225359;;19.58275522686447;2033-05-16;BRSTNCNTB6B1;2026-01-13
103;12;0.07919676235522999;4393.336084;6.128434999999627;831;0.0;3.043637887076513;2.783760880834254;-1.222999712699675;1.8303449999993973;4583.720933;237356;;5.402810359834034;2029-05-15;BRSTNCNTB716;2026-01-13
104;0;0.07399384464783003;4011.105426;20.74459200000001;4840;0.0;14.150760303194119;10.211389016645125;-4.095895789166207;-27.404819999999745;4584.440088;316553;;77.69207480517257;2045-05-15;BRSTNCNTB0A6;2026-01-14
105;1;0.07694501519381192;4149.119995;33.17759300000034;2334;0.0;7.655253961864108;6.534232375495012;-2.7111314201142704;-33.43368100000043;4584.440088;809493;;28.439794754975168;2035-05-15;BRSTNCNTB0O7;2026-01-14
106;2;0.07912531907068193;4387.685088;13.533267000000706;1144;0.0;4.031450348910478;3.6319173007555143;-1.5935709381374181;-9.918439999999464;4584.440088;1792066;;8.972076807310849;2030-08-15;BRSTNCNTB3B8;2026-01-14
107;3;0.07501330879857183;4125.331335;19.635156999999708;3653;0.0;11.10586501028143;8.642337953754668;-3.565250756828391;-25.51674400000047;4584.440088;445655;;53.45774774588216;2040-08-15;BRSTNCNTB3C6;2026-01-14
108;4;0.07341737120900751;4038.355338;32.256119999999555;6155;0.0;17.165049839645313;11.115099990559417;-4.488672337927937;-29.49989000000005;4584.440088;58182;;99.38148126144007;2050-08-15;BRSTNCNTB3D4;2026-01-14
109;5;0.07292030552946491;3954.359226;19.52512999999999;7344;0.0;19.98521811625186;11.994470087231106;-4.743044345042335;-31.33738799999992;4584.440088;18709;;119.34036827933802;2055-05-17;BRSTNCNTB4Q4;2026-01-14
110;6;0.10355807826471215;4592.421598;0.7564320000001317;146;0.0;0.565630283348323;0.5119511916677713;-0.235109570973691;2.5676469999998517;4584.440088;397318;;0.36582527373268037;2026-08-17;BRSTNCNTB4U6;2026-01-14
111;7;0.0815339050966958;4484.69184;12.277130999999827;646;0.0;2.3764684280959805;2.17367499639347;-0.9748262519137825;-7.6067779999993945;4584.440088;791074;;3.5160137861242236;2028-08-15;BRSTNCNTB4X0;2026-01-14
112;8;0.07857007451309737;4290.178632;19.442611000000397;1648;0.0;5.593047613708708;4.92144373379617;-2.1113872745322624;-14.37994499999968;4584.440088;231008;;16.201852511537428;2032-08-16;BRSTNCNTB674;2026-01-14
113;9;0.08570663569414778;4495.364417;6.972933000000012;331;0.0;1.2732988111417793;1.170309602234103;-0.526096814275661;-0.49575300000014977;4584.440088;972754;;1.2380991472773077;2027-05-17;BRSTNCNTB682;2026-01-14
114;10;0.07335500986121046;3969.286163;49.30106899999964;8661;0.0;22.808923153408372;12.218249859775073;-4.849773010448189;-33.66357599999992;4584.440088;0;;132.21308544604696;2060-08-16;BRSTNCNTB690;2026-01-14
115;11;0.07853626839903963;4189.050468;11.58488000000034;1835;0.0;6.2121082006118575;5.441924568517002;-2.2796496660566845;-16.30263599999944;4584.440088;391898;;19.516243625521245;2033-05-16;BRSTNCNTB6B1;2026-01-14
116;12;0.08002118748720999;4385.296595;17.11829899999975;830;0.0;3.039669633108259;2.777568747494512;-1.2180462770766098;-8.039488999999776;4584.440088;155255;;5.381718624590574;2029-05-15;BRSTNCNTB716;2026-01-14
117;13;0.07877082318522108;4286.30478;0.09169300000030489;1330;0.0;4.670846114967126;4.194330199553674;-1.797817758324527;0.0;4584.440088;0;;11.653744329205617;2031-05-15;BRSTNCNTB7X3;2026-01-14
118;14;0.07602787710286728;4109.991798;3.941584999999577;2835;0.0;9.039620388224213;7.488463221185734;-3.0777522418698027;0.0;4584.440088;0;;38.04790928008422;2037-05-15;BRSTNCNTB7Y1;2026-01-14
119;0;0.07384769283041803;4018.864664;37.469922000000224;4839;0.0;14.146792049225866;10.215165007596044;-4.105336568595703;7.759238000000096;4585.159356;88731;;77.7376413287191;2045-05-15;BRSTNCNTB0A6;2026-01-15
120;1;0.07686711202549688;4153.104375;43.72407999999996;2333;0.0;7.651285707895854;6.531652342227275;-2.7126633918483094;3.9843799999998737;4585.159356;567834;;28.421667839184586;2035-05-15;BRSTNCNTB0O7;2026-01-15
121;2;0.07931059073010602;4386.75034;23.155053000000407;1143;0.0;4.027482094942223;3.627360106337294;-1.5912323179777559;-0.9347480000005817;4585.159356;1389123;;8.953185980931686;2030-08-15;BRSTNCNTB3B8;2026-01-15
122;3;0.07495819828119858;4129.128576;61.321922999999515;3652;0.0;11.101896756313174;8.640422430225467;-3.567741516535534;3.797241000000213;4585.159356;153719;;53.44048420370736;2040-08-15;BRSTNCNTB3C6;2026-01-15
123;4;0.07324723067992588;4047.774094;48.68522200000007;6154;0.0;17.16108158567706;11.1242050814225;-4.502826914492516;9.41875600000003;4585.159356;157894;;99.5100710652625;2050-08-15;BRSTNCNTB3D4;2026-01-15
124;5;0.07274825259294113;3964.260001;38.78785700000026;7343;0.0;19.981249862283608;12.007093228931495;-4.759923941573106;9.900775000000067;4585.159356;39963;;119.54431005167733;2055-05-17;BRSTNCNTB4Q4;2026-01-15
125;6;0.10376576349262952;4594.453474;2.0220549999994546;145;0.0;0.561662029380069;0.5082584943493633;-0.23351700050534419;2.031876000000011;4585.159356;479630;;0.36222437864464524;2026-08-17;BRSTNCNTB4U6;2026-01-15
126;7;0.08170787501933222;4485.097423;14.64499799999976;645;0.0;2.372500174127726;2.1696051728194425;-0.9730890569539952;0.40558299999975134;4585.159356;507843;;3.5051243105331795;2028-08-15;BRSTNCNTB4X0;2026-01-15
127;8;0.07866414541590386;4290.154788;26.580167999999503;1647;0.0;5.589079359740453;4.916995121401133;-2.109467016265171;-0.023844000000281085;4585.159356;674236;;16.177842942426405;2032-08-16;BRSTNCNTB674;2026-01-15
128;9;0.08598025264537032;4496.101805;4.7410549999995055;330;0.0;1.2693305571735256;1.166352825657836;-0.5244041044707046;0.7373880000004647;4585.159356;1029004;;1.231514520439763;2027-05-17;BRSTNCNTB682;2026-01-15
129;10;0.07308386500482235;3984.214615;44.28346899999997;8660;0.0;22.80495489944012;12.245811810826604;-4.878994238923497;14.928451999999652;4585.159356;57602;;132.69635158761972;2060-08-16;BRSTNCNTB690;2026-01-15
130;11;0.0785332879307503;4191.032813;21.715315000000373;1834;0.0;6.208139946643603;5.438273331665121;-2.279198197907135;1.982344999999441;4585.159356;351933;;19.494689263187713;2033-05-16;BRSTNCNTB6B1;2026-01-15
131;12;0.08014828250201289;4385.778286;13.113554999999906;829;0.0;3.0357013791400047;2.773507529434988;-1.2163989098653474;0.48169099999995524;4585.159356;418774;;5.368411813861944;2029-05-15;BRSTNCNTB716;2026-01-15
132;13;0.07893300594954338;4285.354126;0.09169300000030489;1329;0.0;4.666877860998872;4.189725472413694;-1.7954457340015324;-0.9506540000002133;4585.159356;0;;11.632092362728677;2031-05-15;BRSTNCNTB7X3;2026-01-15
133;14;0.07601085326691828;4112.356063;3.941584999999577;2834;0.0;9.035652134255962;7.48511608669005;-3.0781462521358662;2.3642650000001595;4585.159356;0;;38.021263891879954;2037-05-15;BRSTNCNTB7Y1;2026-01-15
134;0;0.07388175203405413;4019.259772;25.02530200000001;4838;0.0;14.142823795257613;10.209728527466343;-4.103555115348627;0.39510799999970914;4585.908368;0;;77.67837086448817;2045-05-15;BRSTNCNTB0A6;2026-01-16
135;1;0.07741744670064578;4140.112215;27.32284200000049;2332;0.0;7.647317453927599;6.520166710831925;-2.6994221843351625;-12.992159999999785;4585.908368;707331;;28.341899672229303;2035-05-15;BRSTNCNTB0O7;2026-01-16
136;2;0.07973110579558157;4382.115186;15.10598200000004;1142;0.0;4.023513840973969;3.6216886266720794;-1.5870656729903203;-4.635153999999602;4585.908368;1153636;;8.929462443173477;2030-08-15;BRSTNCNTB3B8;2026-01-16
137;3;0.07523738795095221;4121.044008;32.5737079999999;3651;0.0;11.097928502344923;8.627736630469457;-3.5555282343598265;-8.084568000000218;4585.908368;329882;;53.324128113506724;2040-08-15;BRSTNCNTB3C6;2026-01-16
138;4;0.07325432586883153;4049.251613;58.18600500000002;6153;0.0;17.157113331708807;11.119973611302091;-4.502757108208243;1.4775190000000293;4585.908368;71514;;99.46007499437907;2050-08-15;BRSTNCNTB3D4;2026-01-16
139;5;0.07272320921228521;3967.205126;58.071358000000146;7342;0.0;19.97728160831535;12.005771269880489;-4.7629357323453405;2.9451249999997344;4585.908368;75991;;119.53459353355017;2055-05-17;BRSTNCNTB4Q4;2026-01-16
140;6;0.10387379628135104;4596.754041;2.3617420000000493;144;0.0;0.5576937754118151;0.5046132989097577;-0.23195832209057698;2.3005670000002283;4585.908368;628593;;0.35870425654333865;2026-08-17;BRSTNCNTB4U6;2026-01-16
141;7;0.08197832240870317;4484.601066;7.988652000000002;644;0.0;2.3685319201594726;2.1653148736209973;-0.9710573390466379;-0.49635699999998906;4585.908368;664933;;3.4935789107096413;2028-08-15;BRSTNCNTB4X0;2026-01-16
142;8;0.07906156921374759;4283.774966;38.20061600000008;1646;0.0;5.5851111057722;4.910067852473317;-2.1033625747786573;-6.379821999999876;4585.908368;583471;;16.140326380613754;2032-08-16;BRSTNCNTB674;2026-01-16
143;9;0.08644783399748722;4495.864057;4.196106000000327;329;0.0;1.2653623032052712;1.162184966376871;-0.5225025617919528;-0.23774800000046525;4585.908368;675281;;1.224505459564739;2027-05-17;BRSTNCNTB682;2026-01-16
144;10;0.07308388904286654;3985.979835;34.11457299999984;8659;0.0;22.800986645471866;12.242111040468034;-4.879680774513645;1.7652200000002267;4585.908368;42927;;132.6493030509349;2060-08-16;BRSTNCNTB690;2026-01-16
145;11;0.07915578431744633;4178.821868;13.890716999999313;1833;0.0;6.20417169267535;5.428737488436317;-2.268572693230908;-12.21094499999981;4585.908368;371992;;19.438160110375534;2033-05-16;BRSTNCNTB6B1;2026-01-16
146;12;0.08060022288086112;4382.349067;10.185303000000204;828;0.0;3.031733125171751;2.7684598732728167;-1.2132357542664067;-3.429218999999648;4585.908368;392764;;5.351540083275252;2029-05-15;BRSTNCNTB716;2026-01-16
147;13;0.07909631118797392;4284.416994;12.57456000000002;1328;0.0;4.662909607030619;4.185115655320577;-1.7930780635510928;-0.9371320000000196;4585.908368;40054;;11.610437130753759;2031-05-15;BRSTNCNTB7X3;2026-01-16
148;14;0.0762801122096402;4105.947198;3.941584999999577;2833;0.0;9.031683880287707;7.476040244934661;-3.0696226495824703;-6.408865000000333;4585.908368;0;;37.94963803890582;2037-05-15;BRSTNCNTB7Y1;2026-01-16
149;0;0.0739978583667903;4016.292882;27.497012000000268;4837;0.0;14.138855541289358;10.200099329757998;-4.096658633380002;-2.966889999999694;4586.657503;115639;;77.57145505809942;2045-05-15;BRSTNCNTB0A6;2026-01-19
150;1;0.07761153088125525;4136.779788;27.07045300000027;2331;0.0;7.643349199959345;6.513734056433692;-2.6945883389062146;-3.33242700000028;4586.657503;1852893;;28.297173239575258;2035-05-15;BRSTNCNTB0O7;2026-01-19
151;2;0.07948400354049591;4388.087339;14.613091000000168;1141;0.0;4.019545587005715;3.619184605637198;-1.5881298145500296;5.972152999999707;4586.657503;1112265;;8.919554105271969;2030-08-15;BRSTNCNTB3B8;2026-01-19
152;3;0.07542151196407311;4116.364575;39.39480100000037;3650;0.0;11.093960248376668;8.618116580515997;-3.547530979525618;-4.679433000000245;4586.657503;192208;;53.23607265035552;2040-08-15;BRSTNCNTB3C6;2026-01-19
153;4;0.07339533872826783;4044.707225;28.620743000000402;6152;0.0;17.153145077740554;11.105666541550182;-4.491916969904878;-4.544387999999799;4586.657503;307735;;99.27527362201153;2050-08-15;BRSTNCNTB3D4;2026-01-19
154;5;0.07288629580109622;3961.202539;69.51250399999981;7341;0.0;19.9733133543471;11.98659901037026;-4.748134643385356;-6.002586999999949;4586.657503;130109;;119.25153431663682;2055-05-17;BRSTNCNTB4Q4;2026-01-19
155;6;0.10387811495612351;4599.298331;4.577484000000368;143;0.0;0.5537255214435611;0.5010164704932546;-0.23043242165431366;2.544289999999819;4586.657503;345367;;0.3552656509233937;2026-08-17;BRSTNCNTB4U6;2026-01-19
156;7;0.08164406063082597;4489.979936;9.691607000000658;643;0.0;2.364563666191218;2.162414700468706;-0.970919861841594;5.3788699999995515;4586.657503;589971;;3.4862880768685556;2028-08-15;BRSTNCNTB4X0;2026-01-19
157;8;0.07908558677671919;4285.263651;17.04860599999938;1645;0.0;5.581142851803945;4.906194162650731;-2.1024335509955563;1.4886850000002596;4586.657503;266939;;16.11950273490924;2032-08-16;BRSTNCNTB674;2026-01-19
158;9;0.08618264091912617;4499.460557;8.366063000000395;328;0.0;1.2613940492370173;1.1588229142185473;-0.5214077995074149;3.5965000000005602;4586.657503;802151;;1.2191908922107764;2027-05-17;BRSTNCNTB682;2026-01-19
159;10;0.0732700023036743;3978.682291;49.37995499999988;8658;0.0;22.797018391503606;12.216949582004181;-4.860736095195989;-7.297544000000016;4586.657503;134844;;132.23839382400234;2060-08-16;BRSTNCNTB690;2026-01-19
160;11;0.07928192976602168;4177.908346;17.163273000000117;1832;0.0;6.2002034387070974;5.423874395760742;-2.2660450105704513;-0.9135219999998299;4586.657503;876961;;19.409458247200714;2033-05-16;BRSTNCNTB6B1;2026-01-19
161;12;0.08041110309512242;4386.706755;10.853547000000617;827;0.0;3.027764871203497;2.7653617358538987;-1.2130831006688823;4.357688000000053;4586.657503;280259;;5.341763390585336;2029-05-15;BRSTNCNTB716;2026-01-19
162;13;0.07904034402851436;4287.414794;0.252266000000418;1327;0.0;4.658941353062365;4.181757421097294;-1.7928928632131829;2.9978000000000975;4586.657503;0;;11.59490597299749;2031-05-15;BRSTNCNTB7X3;2026-01-19
163;14;0.07649420659552998;4101.251539;0.0917329999992944;2832;0.0;9.027715626319454;7.468070687045472;-3.0628436398606027;-4.695658999999978;4586.657503;0;;37.88676555877411;2037-05-15;BRSTNCNTB7Y1;2026-01-19
164;0;0.074138877964569;4012.315687;21.147946000000047;4836;0.0;14.134887287321103;10.18919991886254;-4.088228667243129;-3.9771950000003926;4587.406761;0;;77.4501814107349;2045-05-15;BRSTNCNTB0A6;2026-01-20
165;1;0.07796990652969098;4129.042252;21.735133000000133;2330;0.0;7.639380945991091;6.504976936814089;-2.6859324620390908;-7.737535999999636;4587.406761;2231602;;28.236436114789953;2035-05-15;BRSTNCNTB0O7;2026-01-20
166;2;0.07985555632950521;4384.244277;13.987003000000186;1140;0.0;4.015577333037461;3.61374889685925;-1.584355791957023;-3.843061999999918;4587.406761;1245458;;8.896902746091218;2030-08-15;BRSTNCNTB3B8;2026-01-20
167;3;0.07565369596631982;4109.999926;23.40494899999976;3649;0.0;11.089991994408413;8.606952034333348;-3.5374572224195617;-6.36464899999919;4587.406761;283042;;53.13391252395215;2040-08-15;BRSTNCNTB3C6;2026-01-20
168;4;0.07346337653408984;4043.450416;50.17705599999999;6151;0.0;17.1491768237723;11.096853190956018;-4.486957565126204;-1.2568089999999756;4587.406761;105895;;99.1640748357971;2050-08-15;BRSTNCNTB3D4;2026-01-20
169;5;0.07300343086068023;3957.39984;28.7813900000001;7340;0.0;19.969345100378845;11.971797758092682;-4.737719053238834;-3.8026989999998477;4587.406761;33505;;119.03558708035231;2055-05-17;BRSTNCNTB4Q4;2026-01-20
170;6;0.10408524215039383;4601.380001;2.5047240000003512;142;0.0;0.5497572674753072;0.4973271551449954;-0.22883912256384065;2.0816700000004857;4587.406761;2752957;;0.35170989359851834;2026-08-17;BRSTNCNTB4U6;2026-01-20
171;7;0.08175663130065368;4491.020757;6.803124000000025;642;0.0;2.360595412222964;2.158487860492004;-0.969381378520211;1.0408210000005056;4587.406761;1048096;;3.4758798502073645;2028-08-15;BRSTNCNTB4X0;2026-01-20
172;8;0.07950702053654987;4278.412803;23.52422099999967;1644;0.0;5.5771745978356915;4.899076582796393;-2.096027197471358;-6.850848000000042;4587.406761;735586;;16.08102620249854;2032-08-16;BRSTNCNTB674;2026-01-20
173;9;0.08648432024704386;4500.103822;2.6606959999999162;327;0.0;1.2574257952687633;1.1548401327028595;-0.5196900494975125;0.6432649999997011;4587.406761;372127;;1.2125977724112034;2027-05-17;BRSTNCNTB682;2026-01-20
174;10;0.07326806186070892;3980.543307;39.442523000000165;8657;0.0;22.793050137535356;12.213475807234262;-4.861626937969277;1.861015999999836;4587.406761;171180;;132.19529672945202;2060-08-16;BRSTNCNTB690;2026-01-20
175;11;0.07952508600398038;4174.352068;19.312982999999804;1831;0.0;6.196235184738843;5.417912962699312;-2.261627618008788;-3.5562780000000203;4587.406761;804013;;19.374264525151677;2033-05-16;BRSTNCNTB6B1;2026-01-20
176;12;0.08061729971734562;4386.271911;14.675115000000005;826;0.0;3.0237966172352433;2.761063561384828;-1.2110775543787895;-0.4348440000003393;4587.406761;701206;;5.32764807900866;2029-05-15;BRSTNCNTB716;2026-01-20
177;13;0.07943964692836378;4282.261638;16.221070999999938;1326;0.0;4.654973099094111;4.17580472332681;-1.7881888374481605;-5.153156000000308;4587.406761;0;;11.566746792645015;2031-05-15;BRSTNCNTB7X3;2026-01-20
178;14;0.07703950647179951;4086.46653;4.596582000000126;2831;0.0;9.023747372351199;7.453481722814238;-3.0458403592247123;-14.785008999999718;4587.406761;0;;37.77208559953009;2037-05-15;BRSTNCNTB7Y1;2026-01-20
179;0;0.07398680219831598;4020.335112;29.162320999999793;4835;0.0;14.130919033352848;10.193274548939026;-4.098037957535553;8.01942500000041;4588.15614;136544;;77.49908504234672;2045-05-15;BRSTNCNTB0A6;2026-01-21
180;1;0.07771976248874277;4137.672617;24.936628000000383;2329;0.0;7.635412692022837;6.504836785121691;-2.6914885043852337;8.630364999999983;4588.15614;1140852;;28.235230243667786;2035-05-15;BRSTNCNTB0O7;2026-01-21
181;2;0.07936687563562554;4394.045018;17.439581000000544;1139;0.0;4.011609079069207;3.6123869816040317;-1.5872991019605251;9.800741000000016;4588.15614;1944135;;8.891976709297955;2030-08-15;BRSTNCNTB3B8;2026-01-21
182;3;0.07548659808882352;4117.778372;25.569794;3648;0.0;11.086023740440162;8.608641406921862;-3.544847739772649;7.778445999999349;4588.15614;230193;;53.14982828942614;2040-08-15;BRSTNCNTB3C6;2026-01-21
183;4;0.07324632384970947;4055.007808;27.45552600000019;6150;0.0;17.145208569804044;11.1094836022731;-4.504904275006538;11.557391999999709;4588.15614;143470;;99.33967940242397;2050-08-15;BRSTNCNTB3D4;2026-01-21
184;5;0.0728473162010554;3966.561922;17.735224000000017;7339;0.0;19.96537684641059;11.982898099018797;-4.753090731477414;9.162081999999828;4588.15614;45902;;119.216009596684;2055-05-17;BRSTNCNTB4Q4;2026-01-21
185;6;0.10409170006965496;4603.925632;1.8496310000000449;141;0.0;0.5457890135070532;0.4937300753598031;-0.22730965492382893;2.5456309999999576;4588.15614;882021;;0.34829709616247706;2026-08-17;BRSTNCNTB4U6;2026-01-21
186;7;0.08123358897027813;4498.223691;7.152463999999782;641;0.0;2.35662715825471;2.1560174728347516;-0.969824887451523;7.202933999999914;4588.15614;626107;;3.4699161708044293;2028-08-15;BRSTNCNTB4X0;2026-01-21
187;8;0.07909968339709714;4288.957889;19.449193999999807;1643;0.0;5.5732063438674375;4.898724267612801;-2.101042209361367;10.545086000000083;4588.15614;520498;;16.07941113513043;2032-08-16;BRSTNCNTB674;2026-01-21
188;9;0.08611704216876731;4504.224999;4.551449999999932;326;0.0;1.2534575413005093;1.1515875517567007;-0.5187009439159738;4.121176999999989;4588.15614;949005;;1.2075349380899039;2027-05-17;BRSTNCNTB682;2026-01-21
189;10;0.07314691926070298;3988.208843;33.6306169999998;8656;0.0;22.789081883567096;12.223744315069323;-4.875084517193045;7.665535999999975;4588.15614;107340;;132.385094481121;2060-08-16;BRSTNCNTB690;2026-01-21
190;11;0.07907480906859546;4186.499775;18.494856999999683;1830;0.0;6.192266930770588;5.418466722172412;-2.2684409713219793;12.147707000000082;4588.15614;374444;;19.377735195820208;2033-05-16;BRSTNCNTB6B1;2026-01-21
191;12;0.08001292619229078;4395.660049;13.392828000000009;825;0.0;3.0198283632669893;2.7592226050998483;-1.2128604571535107;9.388138000000254;4588.15614;1005963;;5.32244577703772;2029-05-15;BRSTNCNTB716;2026-01-21
192;13;0.07904841902908599;4291.261144;8.969845000000532;1325;0.0;4.651004845125857;4.174356271897819;-1.791325287080781;8.99950600000011;4588.15614;6104;;11.560543345781303;2031-05-15;BRSTNCNTB7X3;2026-01-21
193;14;0.07691957571575571;4091.992935;6.276597000000038;2830;0.0;9.019779118382946;7.452194403174922;-3.0494326848038327;5.526405000000068;4588.15614;8210;;37.76169009663756;2037-05-15;BRSTNCNTB7Y1;2026-01-21
194;0;0.07359465302221233;4038.250732;20.528937999999926;4834;0.0;14.126950779384599;10.209624502700814;-4.12290236214767;17.915619999999763;4588.905643;289467;;77.68749315669848;2045-05-15;BRSTNCNTB0A6;2026-01-22
195;1;0.07727249983233009;4151.638002;21.595390000000407;2328;0.0;7.631444438054583;6.507486452925148;-2.7016728055464228;13.965384999999515;4588.905643;1026660;;28.253281919663156;2035-05-15;BRSTNCNTB0O7;2026-01-22
196;2;0.07898549460112055;4402.15095;23.4584849999992;1138;0.0;4.007640825100953;3.610515414902168;-1.5894033863701225;8.105932000000394;4588.905643;2265514;;8.884838529408599;2030-08-15;BRSTNCNTB3B8;2026-01-22
197;3;0.07508439002696761;4133.934004;19.741473000000042;3647;0.0;11.082055486471905;8.617900747289964;-3.5625832942318993;16.15563199999997;4588.905643;876085;;53.23525216684972;2040-08-15;BRSTNCNTB3C6;2026-01-22
198;4;0.07272300879662744;4080.496197;49.64737000000014;6149;0.0;17.14124031583579;11.14521509838027;-4.547800782368768;25.488389000000097;4588.905643;123454;;99.82454016819727;2050-08-15;BRSTNCNTB3D4;2026-01-22
199;5;0.07223005818384291;3997.840829;43.60378199999968;7338;0.0;19.961408592442336;12.037859184144121;-4.8125444940124;31.278907000000345;4588.905643;0;;120.06827884704734;2055-05-17;BRSTNCNTB4Q4;2026-01-22
200;6;0.1035865612673238;4607.628378;2.620264999999563;140;0.0;0.5418207595387993;0.49036314025960603;-0.2259411120585355;3.7027459999999337;4588.905643;209684;;0.3452193311569162;2026-08-17;BRSTNCNTB4U6;2026-01-22
201;7;0.08078427805101547;4504.708402;10.6737949999997;640;0.0;2.3526589042864563;2.1533758003005445;-0.9700330060277338;6.484711000000061;4588.905643;1220537;;3.4634382808068804;2028-08-15;BRSTNCNTB4X0;2026-01-22
202;8;0.07859528529374649;4301.566727;19.167859000000135;1642;0.0;5.569238089899183;4.899162863240565;-2.1074075962669667;12.608838000000105;4588.905643;1184745;;16.082100938467683;2032-08-16;BRSTNCNTB674;2026-01-22
203;9;0.08578350375007962;4508.163848;4.28603800000019;325;0.0;1.2494892873322554;1.14829612109779;-0.5176707059931687;3.9388490000001184;4588.905643;614911;;1.2024023495844995;2027-05-17;BRSTNCNTB682;2026-01-22
204;10;0.07257770373649595;4017.903524;36.79384500000015;8655;0.0;22.78511362959884;12.285880494194595;-4.936348253306733;29.694680999999946;4588.905643;246146;;133.45497472048226;2060-08-16;BRSTNCNTB690;2026-01-22
205;11;0.07864259952945103;4198.265872;18.172066000000086;1829;0.0;6.188298676802334;5.418849598489279;-2.2749771334838442;11.766096999999718;4588.905643;1382406;;19.380190568955427;2033-05-16;BRSTNCNTB6B1;2026-01-22
206;12;0.07952136385894261;4403.683644;12.312034000000494;824;0.0;3.0158601092987354;2.757037510126905;-1.2141120989240335;8.02359499999966;4588.905643;701596;;5.316001963780974;2029-05-15;BRSTNCNTB716;2026-01-22
207;13;0.0787072247068833;4299.37323;2.239386000000195;1324;0.0;4.647036591157602;4.172621407076953;-1.7939656776511583;8.11208600000009;4588.905643;420000;;11.552948035252872;2031-05-15;BRSTNCNTB7X3;2026-01-22
208;14;0.07661039893103368;4103.307647;12.624079000000165;2829;0.0;9.01581086441469;7.454689134238489;-3.05888829305286;11.314711999999417;4588.905643;1112340;;37.780909162560356;2037-05-15;BRSTNCNTB7Y1;2026-01-22
209;0;0.07290635975542847;4068.577935;43.75318399999969;4833;0.0;14.122982525416344;10.241152238054633;-4.166692602472494;30.327202999999827;4589.655267;215141;;78.04867627381422;2045-05-15;BRSTNCNTB0A6;2026-01-23
210;1;0.076634977250896;4170.812506;32.85275199999978;2327;0.0;7.627476184086328;6.512829750816775;-2.716379177415547;19.174504000000525;4589.655267;4082022;;28.289939025134824;2035-05-15;BRSTNCNTB0O7;2026-01-23
211;2;0.07868334032503811;4409.001846;17.80786199999966;1137;0.0;4.0036725711327;3.6082672925806634;-1.5908857153849567;6.850895999999921;4589.655267;2270644;;8.876068832334793;2030-08-15;BRSTNCNTB3B8;2026-01-23
212;3;0.07462217511773452;4152.311606;54.07531800000015;3646;0.0;11.07808723250365;8.629096338225203;-3.583069687450461;18.37760200000048;4589.655267;770225;;53.338484419695334;2040-08-15;BRSTNCNTB3C6;2026-01-23
213;4;0.07212278562951968;4109.747143;47.59475199999952;6148;0.0;17.137272061867538;11.18685156290984;-4.597513124983379;29.250945999999658;4589.655267;270870;;100.3890301170812;2050-08-15;BRSTNCNTB3D4;2026-01-23
214;5;0.07166372319860216;4027.014017;43.45944599999984;7337;0.0;19.95744033847408;12.088186860138178;-4.867929792589166;29.173187999999755;4589.655267;23745;;120.85067060938051;2055-05-17;BRSTNCNTB4Q4;2026-01-23
215;6;0.10389710425430179;4609.487167;2.749203000000307;139;0.0;0.5378525055705453;0.4866286727406399;-0.22431086220922225;1.858788999999888;4589.655267;866808;;0.34163981572121904;2026-08-17;BRSTNCNTB4U6;2026-01-23
216;7;0.08074338459818438;4507.229648;16.48145199999999;639;0.0;2.3486906503182023;2.1497976614991336;-0.9689631757109964;2.5212460000002466;4589.655267;1743430;;3.4541238843496265;2028-08-15;BRSTNCNTB4X0;2026-01-23
217;8;0.07806085406271704;4314.840478;21.09405599999991;1641;0.0;5.56526983593093;4.899845462390544;-2.1142051537067346;13.27375099999972;4589.655267;2183906;;16.086118306950294;2032-08-16;BRSTNCNTB674;2026-01-23
218;9;0.08608576834429119;4508.813079;6.246519999999691;324;0.0;1.2455210333640012;1.144314165920084;-0.515949867778545;0.6492309999994177;4589.655267;460602;;1.1958527642988335;2027-05-17;BRSTNCNTB682;2026-01-23
219;10;0.07206540625214317;4045.111028;59.289386999999806;8654;0.0;22.781145375630594;12.341731649322345;-4.992367479929044;27.20750399999997;4589.655267;465009;;134.41976284482814;2060-08-16;BRSTNCNTB690;2026-01-23
220;11;0.0779649990949356;4215.662617;38.75963999999931;1828;0.0;6.184330422834082;5.421537609383358;-2.285537342653697;17.39674500000001;4589.655267;937089;;19.396321627362298;2033-05-16;BRSTNCNTB6B1;2026-01-23
221;12;0.07931011295662072;4408.304218;10.589568000000327;823;0.0;3.0118918553304814;2.7540012170698662;-1.2140475181586226;4.620574000000488;4589.655267;518108;;5.306484436165145;2029-05-15;BRSTNCNTB716;2026-01-23
222;13;0.07842889914775959;4306.363385;5.392843999999968;1323;0.0;4.643068337189349;4.170527150792804;-1.7959805418322503;6.990154999999504;4589.655267;140067;;11.543606934192043;2031-05-15;BRSTNCNTB7X3;2026-01-23
223;14;0.07613916690856692;4119.628671;18.427464999999756;2828;0.0;9.011842610446434;7.460422979550957;-3.0734172404345372;16.32102400000076;4589.655267;1629500;;37.82549639151931;2037-05-15;BRSTNCNTB7Y1;2026-01-23
224;0;0.07262819906715623;4081.994706;37.63673000000017;4832;0.0;14.11901427144809;10.251703535104452;-4.184739955777786;13.416771000000153;4590.405014;280054;;78.17128329607276;2045-05-15;BRSTNCNTB0A6;2026-01-26
225;1;0.07634487103482407;4180.605787;37.878138000000035;2326;0.0;7.623507930118075;6.513252191008389;-2.7229339801920105;9.793281000000206;4590.405014;1665250;;28.292603338723787;2035-05-15;BRSTNCNTB0O7;2026-01-26
226;2;0.07829389688240276;4417.245756;30.191093000000365;1136;0.0;3.9997043171644457;3.6064307552004045;-1.5930490947716862;8.243910000000142;4590.405014;1449612;;8.869090320405753;2030-08-15;BRSTNCNTB3B8;2026-01-26
227;3;0.07450112577267505;4158.516758;37.289999999999964;3645;0.0;11.074118978535395;8.629303178139583;-3.5885101876156114;6.2051519999995435;4590.405014;221925;;53.34073698625079;2040-08-15;BRSTNCNTB3C6;2026-01-26
228;4;0.07191168547610868;4121.279392;66.90056099999993;6147;0.0;17.133303807899278;11.199123056171068;-4.615471505986989;11.532249000000775;4590.405014;373577;;100.56008985443574;2050-08-15;BRSTNCNTB3D4;2026-01-26
229;5;0.07152268247097776;4035.654568;44.31577000000016;7336;0.0;19.953472084505826;12.097969973080687;-4.882322778538992;8.64055099999996;4590.405014;13581;;121.01120056273712;2055-05-17;BRSTNCNTB4Q4;2026-01-26
230;6;0.10407231451765982;4611.658589;4.287438999999722;138;0.0;0.5338842516022912;0.4829562611425806;-0.22272293898095086;2.1714219999994384;4590.405014;722337;;0.33816068841659086;2026-08-17;BRSTNCNTB4U6;2026-01-26
231;7;0.08064125151446526;4510.34376;7.564987000000656;638;0.0;2.344722396349948;2.1463590929153846;-0.9680817341450165;3.114111999999295;4590.405014;543536;;3.445245507467127;2028-08-15;BRSTNCNTB4X0;2026-01-26
232;8;0.0775986157571719;4326.617389;23.85307499999999;1640;0.0;5.561301581962676;4.899937515962373;-2.1200154861576266;11.776910999999927;4590.405014;859301;;16.086918963784008;2032-08-16;BRSTNCNTB674;2026-01-26
233;9;0.08607415317885779;4511.087405;2.8606950000003053;323;0.0;1.2415527793957475;1.1406729768049177;-0.5145675498888522;2.2743260000006558;4590.405014;808705;;1.1900222507560676;2027-05-17;BRSTNCNTB682;2026-01-26
234;10;0.0718143201729972;4059.460408;52.835561999999754;8653;0.0;22.777177121662334;12.367320482065283;-5.020464784999149;14.34938000000011;4590.405014;649401;;134.8706730863981;2060-08-16;BRSTNCNTB690;2026-01-26
235;11;0.07751166049857246;4227.983357;113.33597399999962;1827;0.0;6.180362168865827;5.422116996917234;-2.292462042267289;12.320740000000114;4590.405014;1721539;;19.399940167905562;2033-05-16;BRSTNCNTB6B1;2026-01-26
236;12;0.07900978619006116;4414.00493;13.49119999999948;822;0.0;3.0079236013622275;2.7512332948953557;-1.2143957327248245;5.7007119999998395;4590.405014;960737;;5.297946004803963;2029-05-15;BRSTNCNTB716;2026-01-26
237;13;0.07797156260850349;4316.578174;3.681504999999561;1322;0.0;4.639100083221095;4.169450791850912;-1.7997760285670665;10.214789000000565;4590.405014;312170;;11.539220816951207;2031-05-15;BRSTNCNTB7X3;2026-01-26
238;14;0.0758629919920583;4130.001162;16.791701000000103;2827;0.0;9.007874356478181;7.462256703349025;-3.081912885597376;10.372490999999172;4590.405014;882408;;37.83952705601871;2037-05-15;BRSTNCNTB7Y1;2026-01-26
239;0;0.0723611168373387;4094.997957;39.93217699999968;4831;0.0;14.115046017479836;10.26169388017096;-4.202161547465948;13.003251000000091;4591.154884;259666;;78.28751212871822;2045-05-15;BRSTNCNTB0A6;2026-01-27
240;1;0.07574458802774768;4198.895793;30.935201999999663;2325;0.0;7.619539676149822;6.518067026656907;-2.7368684216721704;18.290005999999266;4591.154884;1178284;;28.325614471890713;2035-05-15;BRSTNCNTB0O7;2026-01-27
241;2;0.077695532660062;4428.830011;16.11036300000069;1135;0.0;3.9957360631961913;3.6055811959454673;-1.5968506207700557;11.584254999999757;4591.154884;976507;;8.866398016644636;2030-08-15;BRSTNCNTB3B8;2026-01-27
242;3;0.07425794329026451;4169.122153;17.639216999999917;3644;0.0;11.070150724567144;8.633444814456116;-3.599388603265197;10.605395000000499;4591.154884;316284;;53.37913851197556;2040-08-15;BRSTNCNTB3C6;2026-01-27
243;4;0.07159247672849456;4137.865571;37.169990000000325;6146;0.0;17.129335553931025;11.219601065090277;-4.642520096759199;16.586178999999902;4591.154884;226698;;100.84128834210658;2050-08-15;BRSTNCNTB3D4;2026-01-27
244;5;0.0711595712508445;4055.2156;54.06084899999996;7335;0.0;19.94950383053758;12.129042214983954;-4.918588120326149;19.56103200000007;4591.154884;31507;;121.49876457600077;2055-05-17;BRSTNCNTB4Q4;2026-01-27
245;6;0.10401373184061495;4614.353989;1.7354560000003403;137;0.0;0.5299159976340373;0.4793878307573414;-0.22120651491331955;2.695400000000518;4591.154884;968374;;0.3348393792828288;2026-08-17;BRSTNCNTB4U6;2026-01-27
246;7;0.08004230866578604;4518.265709;10.75707599999987;637;0.0;2.340754142381694;2.144053420130859;-0.9687403046441432;7.921949000000495;4591.154884;432645;;3.439811739932423;2028-08-15;BRSTNCNTB4X0;2026-01-27
247;8;0.07694808655968764;4342.424477;26.00430200000028;1639;0.0;5.557333327994422;4.901565893273552;-2.128467971057944;15.807087999999567;4591.154884;1069198;;16.096084883834312;2032-08-16;BRSTNCNTB674;2026-01-27
248;9;0.08558595807798958;4515.809441;4.223861999999826;322;0.0;1.2375845254274935;1.1375445297869713;-0.5136934327169911;4.7220360000001165;4591.154884;1467361;;1.1852614983520684;2027-05-17;BRSTNCNTB682;2026-01-27
249;10;0.07147910178711371;4078.134646;67.74269600000025;8652;0.0;22.773208867694077;12.402828510787671;-5.058040465823979;18.67423800000006;4591.154884;525165;;135.49080583880396;2060-08-16;BRSTNCNTB690;2026-01-27
250;11;0.07691836369534992;4243.553956;20.49312699999973;1826;0.0;6.176393914897573;5.424011175560731;-2.301708408143895;15.570598999999675;4591.154884;574401;;19.411361433804817;2033-05-16;BRSTNCNTB6B1;2026-01-27
251;12;0.07834172970268367;4424.17458;14.599871999999777;821;0.0;3.0039553473939735;2.749576446060009;-1.2164606218425433;10.16964999999982;4591.154884;641263;;5.293428566316422;2029-05-15;BRSTNCNTB716;2026-01-27
252;13;0.07719085068100386;4332.645317;12.699133999999503;1321;0.0;4.635131829252841;4.17021478313303;-1.8068061551025494;16.067143000000215;4591.154884;634326;;11.543787975753876;2031-05-15;BRSTNCNTB7X3;2026-01-27
253;14;0.07534059062051904;4148.016614;8.319172999999864;2826;0.0;9.00390610250993;7.469013288538253;-3.098159121104345;18.01545200000055;4591.154884;619174;;37.892131426806074;2037-05-15;BRSTNCNTB7Y1;2026-01-27
254;0;0.07223103438959269;4101.772951;35.63318200000003;4830;0.0;14.111077763511586;10.264663608297441;-4.21033195396285;6.774993999999879;4591.343296;341134;;78.32377675930309;2045-05-15;BRSTNCNTB0A6;2026-01-28
255;1;0.07535327986550448;4211.010191;26.301633000000038;2324;0.0;7.615571422181567;6.519920980300421;-2.7455453692559786;12.11439800000062;4591.343296;1844581;;28.338163900338124;2035-05-15;BRSTNCNTB0O7;2026-01-28
256;2;0.07712074946689844;4439.512164;18.24062799999956;1134;0.0;3.991767809227938;3.604618421383758;-1.600274732831167;10.682152999999744;4591.343296;1799803;;8.863215646681788;2030-08-15;BRSTNCNTB3B8;2026-01-28
257;3;0.07396584072813278;4181.010354;21.828035999999884;3643;0.0;11.066182470598887;8.639163498846028;-3.612043203857411;11.888200999999754;4591.343296;379489;;53.432025702718065;2040-08-15;BRSTNCNTB3C6;2026-01-28
258;4;0.07145945152685779;4145.353982;184.75529199999983;6145;0.0;17.125367299962775;11.225984163359234;-4.6535678153450135;7.48841099999936;4591.343296;759528;;100.93337175930007;2050-08-15;BRSTNCNTB3D4;2026-01-28
259;5;0.07104451255211779;4062.15425;19.947233999999753;7334;0.0;19.945535576569323;12.136373588095282;-4.9299821550469005;6.938650000000052;4591.343296;97877;;121.62168249965279;2055-05-17;BRSTNCNTB4Q4;2026-01-28
260;6;0.10364953582487499;4617.155828;1.4829630000003817;136;0.0;0.5259477436657833;0.47595250688513646;-0.2197546891015918;2.8018389999997453;4591.343296;877230;;0.3317151676356384;2026-08-17;BRSTNCNTB4U6;2026-01-28
261;7;0.07947271774095753;4525.347327;8.333189999999377;636;0.0;2.3367858884134405;2.1416781546333103;-0.9691837512364145;7.081618000000162;4591.343296;1942449;;3.4341729680232196;2028-08-15;BRSTNCNTB4X0;2026-01-28
262;8;0.076552879911992;4352.299598;23.82872899999984;1638;0.0;5.553365074026167;4.901108097143999;-2.133109080095437;9.875121000000036;4591.343296;1173883;;16.093888447074217;2032-08-16;BRSTNCNTB674;2026-01-28
263;9;0.08498450931679591;4520.549373;5.277296000000206;321;0.0;1.2336162714592396;1.1345349292522589;-0.5128721163077898;4.739931999999499;4591.343296;1044084;;1.1807553546994112;2027-05-17;BRSTNCNTB682;2026-01-28
264;10;0.07135205154492168;4085.854764;42.14258699999982;8651;0.0;22.769240613725827;12.414017464333305;-5.072187239702544;7.720118000000184;4591.343296;1002685;;135.69688315658968;2060-08-16;BRSTNCNTB690;2026-01-28
265;11;0.0764539663213007;4255.67937;22.09815499999968;1825;0.0;6.172425660929318;5.424692450777527;-2.308575175136866;12.125414000000092;4591.343296;491920;;19.415582113951444;2033-05-16;BRSTNCNTB6B1;2026-01-28
266;12;0.07772717544305512;4433.157745;22.205589000000145;820;0.0;2.9999870934257196;2.7477554384522302;-1.2181233303340377;8.983165000000554;4591.343296;1460916;;5.288321915074043;2029-05-15;BRSTNCNTB716;2026-01-28
267;13;0.07664642430720135;4343.947945;26.259973999999602;1320;0.0;4.631163575284587;4.169631738140927;-1.8112663220304057;11.302627999999459;4591.343296;2292498;;11.54180242392577;2031-05-15;BRSTNCNTB7X3;2026-01-28
268;14;0.07503742207916547;4158.788252;34.41406099999949;2825;0.0;8.999937848541672;7.471385496892409;-3.1071910230639332;10.771638000000166;4591.343296;804722;;37.91037173247421;2037-05-15;BRSTNCNTB7Y1;2026-01-28
269;0;0.0720359222593535;4111.750401;24.856663000000026;4829;0.0;14.107109509543333;10.270970386443093;-4.223166660511652;9.977450000000317;4592.030915;181700;;78.39803589696946;2045-05-15;BRSTNCNTB0A6;2026-01-29
270;1;0.07491009341802306;4225.044988;32.3177340000002;2323;0.0;7.611603168213313;6.522508971564536;-2.7557893839493772;14.034796999999344;4592.030915;1366031;;28.355784988526324;2035-05-15;BRSTNCNTB0O7;2026-01-29
271;2;0.07660433372217579;4449.756021;35.00505200000043;1133;0.0;3.9877995552596834;3.6033777279539967;-1.6034151740900597;10.24385700000039;4592.030915;2121069;;8.858828877665067;2030-08-15;BRSTNCNTB3B8;2026-01-29
272;3;0.07365672943488502;4194.007451;37.01781300000039;3642;0.0;11.062214216630634;8.645431507824146;-3.6259004160924633;12.997097000000394;4592.030915;278180;;53.48995796452361;2040-08-15;BRSTNCNTB3C6;2026-01-29
273;4;0.07112933418193795;4162.519895;32.58505100000002;6144;0.0;17.121399045994522;11.24733502453746;-4.6817255805367495;17.165913000000728;4592.030915;259103;;101.22640656552852;2050-08-15;BRSTNCNTB3D4;2026-01-29
274;5;0.07075236966010418;4078.315824;73.36228600000004;7333;0.0;19.94156732260107;12.160725693988917;-4.9595280029118385;16.161573999999746;4592.030915;129937;;122.00626852107554;2055-05-17;BRSTNCNTB4Q4;2026-01-29
275;6;0.1034951668172494;4619.991791;1.6072109999995519;135;0.0;0.5219794896975294;0.4724238827245116;-0.21825944600595903;2.835963000000447;4592.030915;556577;;0.3284738476259853;2026-08-17;BRSTNCNTB4U6;2026-01-29
276;7;0.07880175358135515;4533.900395;10.179465000000164;635;0.0;2.332817634445186;2.1395315214856563;-0.9700422810378768;8.553067999999257;4592.030915;1315469;;3.429232413338569;2028-08-15;BRSTNCNTB4X0;2026-01-29
277;8;0.07621463566760535;4361.446674;28.65219799999977;1637;0.0;5.549396820057914;4.9001837864249085;-2.137189027729164;9.147076000000197;4592.030915;926014;;16.08915098241671;2032-08-16;BRSTNCNTB674;2026-01-29
278;9;0.08437323927487612;4525.818421;5.593093999999837;320;0.0;1.2296480174909856;1.1315325220575831;-0.5121110732288798;5.269048000000112;4592.030915;814801;;1.17627345911084;2027-05-17;BRSTNCNTB682;2026-01-29
279;10;0.0709098612585596;4110.124822;33.493708000000424;8650;0.0;22.76527235975758;12.462280891525092;-5.122153003099356;24.270057999999608;4592.030915;524549;;136.5352981642813;2060-08-16;BRSTNCNTB690;2026-01-29
280;11;0.07611575071498172;4265.376795;9.927969999999732;1824;0.0;6.168457406961064;5.424185968732457;-2.313619696279602;9.697425000000294;4592.030915;432142;;19.412750132133034;2033-05-16;BRSTNCNTB6B1;2026-01-29
281;12;0.07684495020658674;4445.894123;31.33062300000074;819;0.0;2.996018839457465;2.7467424404614302;-1.221172607344215;12.736377999999604;4592.030915;822882;;5.286136625119978;2029-05-15;BRSTNCNTB716;2026-01-29
282;13;0.07619989118564813;4353.966256;7.333474000000024;1319;0.0;4.627195321316332;4.1684894911463575;-1.814946258294185;10.018310999999812;4592.030915;227764;;11.537097322660824;2031-05-15;BRSTNCNTB7X3;2026-01-29
283;14;0.07470133373407116;4171.065664;23.836818000000676;2824;0.0;8.99596959457342;7.474415385543839;-3.1176277373115227;12.277411999999458;4592.030915;443904;;37.93376239276109;2037-05-15;BRSTNCNTB7Y1;2026-01-29
284;0;0.07221997821314795;4105.738901;21.567407000000458;4828;0.0;14.103141255575073;10.257828677757711;-4.211596624206322;-6.011500000000524;4592.718637;217051;;78.25082765545923;2045-05-15;BRSTNCNTB0A6;2026-01-30
285;1;0.07484407153963824;4228.708943;35.91506000000027;2322;0.0;7.607634914245059;6.519752488226285;-2.757013565310899;3.663954999999987;4592.718637;1115505;;28.33645819426838;2035-05-15;BRSTNCNTB0O7;2026-01-30
286;2;0.07677776364871076;4448.948172;16.66863100000046;1132;0.0;3.983831301291429;3.598871626893417;-1.6011193345730135;-0.8078489999998055;4592.718637;6164004;;8.84028755438298;2030-08-15;BRSTNCNTB3B8;2026-01-30
287;3;0.07377380285701586;4191.576813;25.719224999999824;3641;0.0;11.05824596266238;8.637962099656079;-3.6206681648491212;-2.4306380000007266;4592.718637;408063;;53.42161701009139;2040-08-15;BRSTNCNTB3C6;2026-01-30
288;4;0.07123834054621159;4159.179775;47.31418699999995;6143;0.0;17.117430792026262;11.235353549345694;-4.672985524741307;-3.340120000000752;4592.718637;1060993;;101.07190587347965;2050-08-15;BRSTNCNTB3D4;2026-01-30
289;5;0.07080239147784378;4077.553387;35.64868300000035;7332;0.0;19.937599068632814;12.152212019340809;-4.955129327900522;-0.7624369999998635;4592.718637;83590;;121.88556784725785;2055-05-17;BRSTNCNTB4Q4;2026-01-30
290;6;0.10344909646096981;4622.589679;2.6316280000000916;134;0.0;0.5180112357292755;0.4688476396820314;-0.2167290260217669;2.5978879999993296;4592.718637;1531062;;0.32517939505063825;2026-08-17;BRSTNCNTB4U6;2026-01-30
291;7;0.07874166321566271;4536.526724;12.652939000000515;634;0.0;2.328849380476932;2.1359899916739726;-0.9689975679425515;2.6263290000006236;4592.718637;2132382;;3.420078132265574;2028-08-15;BRSTNCNTB4X0;2026-01-30
292;8;0.07627265910912272;4362.132012;18.715329000000565;1636;0.0;5.545428566089659;4.896022917933944;-2.135709830180531;0.6853380000002289;4592.718637;2158904;;16.066799633467582;2032-08-16;BRSTNCNTB674;2026-01-30
293;9;0.08448463431628264;4527.382621;6.172614000000067;319;0.0;1.2256797635227314;1.1277539836489343;-0.5105773786335703;1.5641999999998006;4592.718637;853076;;1.1702076158010242;2027-05-17;BRSTNCNTB682;2026-01-30
294;10;0.07092684129687477;4110.988379;62.51608600000054;8649;0.0;22.761304105789332;12.456575991974598;-5.120883914513797;0.8635570000005828;4592.718637;210442;;136.45328486573652;2060-08-16;BRSTNCNTB690;2026-01-30
295;11;0.07635390928982602;4261.753553;18.83933199999956;1823;0.0;6.164489152992811;5.418259910307303;-2.309128842382961;-3.623242000000573;4592.718637;1171779;;19.377764861075796;2033-05-16;BRSTNCNTB6B1;2026-01-30
296;12;0.07687637777023681;4447.483095;36.85927500000071;818;0.0;2.9920505854892117;2.7429623231485736;-1.2199278562425206;1.5889719999995577;4592.718637;2749678;;5.2739675758896345;2029-05-15;BRSTNCNTB716;2026-01-30
297;13;0.07633015110052868;4353.525257;7.265680999999859;1318;0.0;4.623227067348078;4.164060513807701;-1.8128342618538227;-0.440998999999465;4592.718637;678680;;11.516416167892272;2031-05-15;BRSTNCNTB7X3;2026-01-30
298;14;0.07470129148482574;4172.884448;18.802589999999327;2823;0.0;8.992001340605166;7.470723803967472;-3.117446717687926;1.8187840000000506;4592.718637;145642;;37.90445927537184;2037-05-15;BRSTNCNTB7Y1;2026-01-30
299;0;0.07255722478094727;4093.3223;34.078481999999894;4827;0.0;14.09917300160682;10.236841874843872;-4.190269312787223;-12.4166009999999;4593.406462;260556;;78.0145362353296;2045-05-15;BRSTNCNTB0A6;2026-02-02
300;1;0.07514418755782754;4222.291373;16.674065000000155;2321;0.0;7.603666660276805;6.511810712209965;-2.7494762192773123;-6.417569999999614;4593.406462;464194;;28.281331112610438;2035-05-15;BRSTNCNTB0O7;2026-02-02
301;2;0.07699586811392309;4447.432598;14.836702999999943;1131;0.0;3.979863047323175;3.594155883029008;-1.5984766036476685;-1.515574000000015;4593.406462;713410;;8.820859446530505;2030-08-15;BRSTNCNTB3B8;2026-02-02
302;3;0.07411895643332454;4180.918561;21.745186000000103;3640;0.0;11.054277708694128;8.62314587171635;-3.6052670629269414;-10.658251999999266;4593.406462;448280;;53.2858849514619;2040-08-15;BRSTNCNTB3C6;2026-02-02
303;4;0.07160155136998207;4144.019727;38.354944000000614;6142;0.0;17.113462538058013;11.204100752002011;-4.643001453959187;-15.160047999999733;4593.406462;501725;;100.65907575579237;2050-08-15;BRSTNCNTB3D4;2026-02-02
304;5;0.07117257670603398;4060.993905;35.21764699999994;7331;0.0;19.933630814664564;12.112976876701357;-4.919072526769014;-16.559482000000116;4593.406462;253228;;121.29308225428542;2055-05-17;BRSTNCNTB4Q4;2026-02-02
305;6;0.10350514573952156;4624.967757;1.332087999999203;133;0.0;0.5140429817610215;0.4652274645640608;-0.21516620232796413;2.3780780000006416;4593.406462;637380;;0.3218372973890594;2026-08-17;BRSTNCNTB4U6;2026-02-02
306;7;0.07855050759460415;4540.421518;6.88551600000028;633;0.0;2.3248811265086786;2.1327462139407247;-0.9683566802209498;3.89479399999982;4593.406462;876392;;3.411835681410538;2028-08-15;BRSTNCNTB4X0;2026-02-02
307;8;0.07658904964723637;4357.309963;13.899647999999615;1635;0.0;5.541460312121407;4.889754854001694;-2.130617754196919;-4.822049000000334;4593.406462;493914;;16.03301288906632;2032-08-16;BRSTNCNTB674;2026-02-02
308;9;0.08410346059847736;4531.459782;4.111098000000311;318;0.0;1.2217115095544777;1.1245010426042286;-0.509563124937813;4.07716100000016;4593.406462;1436502;;1.1652328960950917;2027-05-17;BRSTNCNTB682;2026-02-02
309;10;0.07132304326230303;4092.518454;36.34762600000022;8648;0.0;22.757335851821065;12.406307973135714;-5.077304432606525;-18.46992500000033;4593.406462;316624;;135.61176445840758;2060-08-16;BRSTNCNTB690;2026-02-02
310;11;0.07665427630369603;4256.709768;14.244153000000551;1822;0.0;6.160520899024558;5.411751768560667;-2.3036256615223465;-5.043784999999843;4593.406462;582295;;19.339367054943708;2033-05-16;BRSTNCNTB6B1;2026-02-02
311;12;0.07700856270119119;4447.846004;7.445912000000135;817;0.0;2.9880823315209573;2.738878114211789;-1.2182108075739961;0.36290900000039983;4593.406462;1354062;;5.260717134458607;2029-05-15;BRSTNCNTB716;2026-02-02
312;13;0.07666145104775217;4349.450644;4.717429000000266;1317;0.0;4.619258813379826;4.158489010520656;-1.8087142704875987;-4.0746130000006815;4593.406462;485526;;11.490208981119839;2031-05-15;BRSTNCNTB7X3;2026-02-02
313;14;0.07500852910133843;4165.14021;12.969498000000385;2822;0.0;8.988033086636912;7.460889224522717;-3.107564971141528;-7.744238000000223;4593.406462;536495;;37.827066941315444;2037-05-15;BRSTNCNTB7Y1;2026-02-02
314;0;0.07276329412786725;4086.451553;33.86766400000033;4826;0.0;14.095204747638569;10.222587027291242;-4.177410663335195;-6.8707469999999375;4594.09439;158588;;77.85500389419336;2045-05-15;BRSTNCNTB0A6;2026-02-03
315;1;0.07509528898495493;4225.482632;87.40369399999963;2320;0.0;7.59969840630855;6.508812007078459;-2.7502872090863093;3.191259000000173;4594.09439;562609;;28.26036308279337;2035-05-15;BRSTNCNTB0O7;2026-02-03
316;2;0.07658162103809506;4456.032665;39.54596400000082;1130;0.0;3.975894793354921;3.592427307273727;-1.600797342784972;8.600066999999399;4594.09439;2127546;;8.814373704364815;2030-08-15;BRSTNCNTB3B8;2026-02-03
317;3;0.07411491588681735;4182.877001;13.010475000000042;3639;0.0;11.050309454725873;8.619581587868486;-3.6054649582138154;1.9584399999994275;4594.09439;202617;;53.25350851799671;2040-08-15;BRSTNCNTB3C6;2026-02-03
318;4;0.07186371952406752;4133.632903;28.377720999999838;6141;0.0;17.10949428408976;11.180541239443064;-4.621625314071025;-10.38682400000016;4594.09439;303146;;100.34983706095123;2050-08-15;BRSTNCNTB3D4;2026-02-03
319;5;0.07137668340325608;4052.689554;53.92547999999988;7330;0.0;19.929662560696308;12.089719811432861;-4.89958811905808;-8.30435099999977;4594.09439;152613;;120.94649109989007;2055-05-17;BRSTNCNTB4Q4;2026-02-03
320;6;0.10307429663456089;4628.389304;1.810073000000557;132;0.0;0.5100747277927675;0.4618141624042724;-0.21374557297076535;3.4215469999999186;4594.09439;315629;;0.3187920115412294;2026-08-17;BRSTNCNTB4U6;2026-02-03
321;7;0.07805812732694765;4547.230033;9.790014999999585;632;0.0;2.320912872540424;2.1301859732100277;-0.9686445633255971;6.808514999999716;4594.09439;763243;;3.4056666024733686;2028-08-15;BRSTNCNTB4X0;2026-02-03
322;8;0.07620858107259494;4367.352861;13.240179999999782;1634;0.0;5.537492058153152;4.889171468592098;-2.1352737001275273;10.042898000000605;4594.09439;201390;;16.030136900644134;2032-08-16;BRSTNCNTB674;2026-02-03
323;9;0.08338269280076725;4537.256254;4.336825000000317;317;0.0;1.217743255586224;1.1216070301595056;-0.5089018512121584;5.796471999999994;4594.09439;606633;;1.1610034603558348;2027-05-17;BRSTNCNTB682;2026-02-03
324;10;0.07152220740233399;4084.1591;26.21411799999987;8647;0.0;22.753367597852804;12.379262693032793;-5.055887837904038;-8.359354000000167;4594.09439;303915;;135.16675517813871;2060-08-16;BRSTNCNTB690;2026-02-03
325;11;0.07638099028061295;4264.895368;15.932318999999552;1821;0.0;6.156552645056302;5.410632079198605;-2.307577969252634;8.185600000000704;4594.09439;189491;;19.332909090939822;2033-05-16;BRSTNCNTB6B1;2026-02-03
326;12;0.07660691957538218;4454.71416;13.42394400000012;816;0.0;2.9841140775527037;2.7364056004928763;-1.218990477601892;6.868156000000454;4594.09439;1107557;;5.253285111487855;2029-05-15;BRSTNCNTB716;2026-02-03
327;13;0.07615814546592659;4360.489284;7.332174000000123;1316;0.0;4.615290559411571;4.157665079903504;-1.8129454027380234;11.038640000000669;4594.09439;3899;;11.487060237190185;2031-05-15;BRSTNCNTB7X3;2026-02-03
328;14;0.07501256466459345;4166.834423;14.08039000000008;2821;0.0;8.984064832668658;7.457117199183076;-3.107257264190139;1.6942130000006728;4594.09439;407148;;37.79718484329998;2037-05-15;BRSTNCNTB7Y1;2026-02-03
329;0;0.07305252310299418;4076.146355;27.008131000000503;4825;0.0;14.09123649367031;10.204082737723207;-4.159333465748887;-10.305198000000019;4594.782421;154431;;77.64738522841974;2045-05-15;BRSTNCNTB0A6;2026-02-04
330;1;0.0753673476439062;4219.857365;16.78014499999972;2319;0.0;7.595730152340297;6.5012709875281836;-2.7434436258581627;-5.625267000000349;4594.782421;506547;;28.208084370490337;2035-05-15;BRSTNCNTB0O7;2026-02-04
331;2;0.07698411389357081;4451.572242;9.763912999999775;1129;0.0;3.9719265393866676;3.5868422100252846;-1.5967087218582492;-4.460422999999537;4594.782421;1502134;;8.791219245622637;2030-08-15;BRSTNCNTB3B8;2026-02-04
332;3;0.07415600740199331;4183.20938;22.92796499999986;3638;0.0;11.04634120075762;8.614563764010365;-3.6036523942216263;0.332379000000401;4594.782421;385264;;53.207815939213624;2040-08-15;BRSTNCNTB3C6;2026-02-04
333;4;0.0721478427350847;4122.291755;32.21861499999977;6140;0.0;17.105526030121506;11.155346751706611;-4.59855939387262;-11.34114799999952;4594.782421;340575;;100.01906601512417;2050-08-15;BRSTNCNTB3D4;2026-02-04
334;5;0.07163977301785746;4041.547643;34.87899299999981;7329;0.0;19.925694306728047;12.060852305612748;-4.874450920832032;-11.141911000000164;4594.782421;144401;;120.51426468944194;2055-05-17;BRSTNCNTB4Q4;2026-02-04
335;6;0.10275881270157027;4631.554464;3.868807000000743;131;0.0;0.5061064738245135;0.4583495857583336;-0.2122871069991561;3.1651599999995597;4594.782421;297132;;0.31568832982426664;2026-08-17;BRSTNCNTB4U6;2026-02-04
336;7;0.07830152545328381;4546.913977;10.365829000000303;631;0.0;2.3169446185721707;2.1259525958769387;-0.9666523572632286;-0.31605599999966216;4594.782421;567343;;3.394459882337049;2028-08-15;BRSTNCNTB4X0;2026-02-04
337;8;0.07657799191641933;4361.404232;14.95601600000009;1633;0.0;5.533523804184897;4.882473066884578;-2.1294438696536417;-5.948629000000437;4594.782421;1452278;;15.994058540180697;2032-08-16;BRSTNCNTB674;2026-02-04
338;9;0.08322058574866362;4540.201;4.603971999999885;316;0.0;1.2137750016179698;1.1181161536979933;-0.5076472079135783;2.944746000000123;4594.782421;640451;;1.1555628641982327;2027-05-17;BRSTNCNTB682;2026-02-04
339;10;0.07172426556176113;4075.696066;41.16006100000004;8646;0.0;22.749399343884562;12.351923653742679;-5.034268664309138;-8.46303399999988;4594.782421;259251;;134.71721685885336;2060-08-16;BRSTNCNTB690;2026-02-04
340;11;0.07665435009107521;4260.479836;9.465250999999625;1820;0.0;6.15258439108805;5.404379620008605;-2.3025250397136006;-4.415531999999985;4594.782421;813819;;19.296074412501067;2033-05-16;BRSTNCNTB6B1;2026-02-04
341;12;0.07697769302523051;4452.174158;15.962274000000434;815;0.0;2.9801458235844493;2.7316021012642198;-1.2161568285187059;-2.5400020000006407;4594.782421;2525886;;5.237474776149081;2029-05-15;BRSTNCNTB716;2026-02-04
342;13;0.0765745800366478;4354.875046;7.4343580000004295;1315;0.0;4.611322305443317;4.1516111084634035;-1.8079747616943678;-5.614238000000114;4594.782421;810424;;11.458550530553248;2031-05-15;BRSTNCNTB7X3;2026-02-04
343;14;0.07533671623084519;4158.599725;24.889936999999918;2820;0.0;8.980096578700403;7.446949300972096;-3.0968881315111503;-8.234698000000208;4594.782421;268336;;37.71731220184554;2037-05-15;BRSTNCNTB7Y1;2026-02-04
344;0;0.07305343397612872;4077.859729;16.883758999999827;4824;0.0;14.08726823970206;10.200338028527383;-4.159554766871906;1.7133739999999307;4595.470556;0;;77.60740427048593;2045-05-15;BRSTNCNTB0A6;2026-02-05
345;1;0.0754395506187954;4219.726501;27.683114999999816;2318;0.0;7.5917618983720425;6.496559477753721;-2.7413704193600097;-0.13086399999974674;4595.470556;627467;;28.17534872901082;2035-05-15;BRSTNCNTB0O7;2026-02-05
346;2;0.07678210389271882;4456.774659;9.35178199999973;1128;0.0;3.9679582854184137;3.584109942968528;-1.597357036889207;5.202416999999514;4595.470556;835746;;8.780411055213555;2030-08-15;BRSTNCNTB3B8;2026-02-05
347;3;0.07419203774371609;4183.725585;11.171588999999585;3637;0.0;11.042372946789364;8.60970925367465;-3.6020660884009885;0.5162049999998999;4595.470556;226271;;53.16364487079372;2040-08-15;BRSTNCNTB3C6;2026-02-05
348;4;0.07225386744859204;4119.177605;55.4397570000001;6139;0.0;17.10155777615325;11.143632684808624;-4.590260219360971;-3.114150000000336;4595.470556;157701;;99.86889698484437;2050-08-15;BRSTNCNTB3D4;2026-02-05
349;5;0.07169584894053685;4040.530722;25.23330599999963;7328;0.0;19.921726052759794;12.051791627089354;-4.869563432439691;-1.0169209999999111;4595.470556;170774;;120.38581491538447;2055-05-17;BRSTNCNTB4Q4;2026-02-05
350;6;0.10334857605489828;4632.804158;3.98427300000003;130;0.0;0.5021382198562595;0.45450470117273867;-0.21056312694236112;1.2496940000000905;4595.470556;656987;;0.31207760837081916;2026-08-17;BRSTNCNTB4U6;2026-02-05
351;7;0.07814071437387453;4550.508472;5.850034000000051;630;0.0;2.3129763646039168;2.1226369219622243;-0.9659077296369105;3.594495000000279;4595.470556;463643;;3.3860335765806426;2028-08-15;BRSTNCNTB4X0;2026-02-05
352;8;0.07655596919250232;4363.803694;12.37560300000041;1632;0.0;5.529555550216645;4.87896648046541;-2.1290851950357137;2.3994620000003124;4595.470556;397402;;15.975329524733022;2032-08-16;BRSTNCNTB674;2026-02-05
353;9;0.08309487018350248;4542.958113;3.0973469999998997;315;0.0;1.2098067476497159;1.1145857359324822;-0.5063516311688545;2.757112999999663;4595.470556;384999;;1.1500537813418337;2027-05-17;BRSTNCNTB682;2026-02-05
354;10;0.07192237588014888;4067.473966;35.80331099999967;8645;0.0;22.745431089916305;12.32509086509909;-5.013198622237496;-8.222099999999955;4595.470556;154248;;134.27675204390167;2060-08-16;BRSTNCNTB690;2026-02-05
355;11;0.076552336374364;4264.716158;13.382010000000264;1819;0.0;6.148616137119795;5.401650974828227;-2.3036508192226393;4.2363219999997455;4595.470556;235479;;19.280109105424657;2033-05-16;BRSTNCNTB6B1;2026-02-05
356;12;0.07680762501148641;4456.218607;5.601878999999826;814;0.0;2.976177569616196;2.728429439938573;-1.2158478038140856;4.044448999999986;4595.470556;164677;;5.227545049782151;2029-05-15;BRSTNCNTB716;2026-02-05
357;13;0.0765485292433806;4357.27353;6.332558000000063;1314;0.0;4.607354051475063;4.148073021884962;-1.8074288778766459;2.3984840000002805;4595.470556;239612;;11.442258855830248;2031-05-15;BRSTNCNTB7X3;2026-02-05
358;14;0.0753107358636353;4161.226161;3.40983899999992;2819;0.0;8.976128324732148;7.443777997234155;-3.097524373876695;2.6264359999995577;4595.470556;382524;;37.69217627150959;2037-05-15;BRSTNCNTB7Y1;2026-02-05
359;0;0.07331762579988337;4068.643859;24.980123000000276;4823;0.0;14.083299985733808;10.18312677032245;-4.143151619949094;-9.215869999999995;4596.158793;387520;;77.41474372975;2045-05-15;BRSTNCNTB0A6;2026-02-06
360;1;0.07588578152894014;4209.369049;22.21323499999926;2317;0.0;7.587793644403789;6.4865600962287875;-2.730432530354392;-10.357452000000194;4596.158793;485675;;28.106246282079855;2035-05-15;BRSTNCNTB0O7;2026-02-06
361;2;0.07723453908025993;4451.53606;12.942784000000756;1127;0.0;3.9639900314501597;3.578293686294945;-1.5928903377812276;-5.23859899999934;4596.158793;1015697;;8.756307279873358;2030-08-15;BRSTNCNTB3B8;2026-02-06
362;3;0.07436020601062367;4179.489421;16.22443999999996;3636;0.0;11.03840469282111;8.600601102430497;-3.5946121321849205;-4.236163999999917;4596.158793;268522;;53.080536304144;2040-08-15;BRSTNCNTB3C6;2026-02-06
363;4;0.0725210408519946;4108.699383;41.77448700000059;6138;0.0;17.097589522184997;11.119757852643328;-4.568774222826505;-10.478221999999732;4596.158793;149278;;99.5563429121584;2050-08-15;BRSTNCNTB3D4;2026-02-06
364;5;0.07193799651213649;4030.481953;29.760127999999895;7327;0.0;19.91775779879155;12.024976541440736;-4.8466450935525245;-10.048768999999993;4596.158793;332446;;119.98568299375371;2055-05-17;BRSTNCNTB4Q4;2026-02-06
365;6;0.10335852457340163;4635.285892;2.1326170000002094;129;0.0;0.49816996588800566;0.45090402418210895;-0.20900690619373563;2.4817339999999604;4596.158793;778353;;0.30881397663401283;2026-08-17;BRSTNCNTB4U6;2026-02-06
366;7;0.07830927398469133;4550.923398;7.827258000000256;629;0.0;2.3090081106356624;2.1185748716706243;-0.9641471953900691;0.41492599999946833;4596.158793;626605;;3.3753739708563937;2028-08-15;BRSTNCNTB4X0;2026-02-06
367;8;0.07688542262435152;4358.730422;14.073437999999442;1631;0.0;5.525587296248391;4.872598181898933;-2.1238341929624767;-5.073272000000543;4596.158793;382936;;15.94110881883157;2032-08-16;BRSTNCNTB674;2026-02-06
368;9;0.0830140322905564;4545.486142;3.1391759999996793;314;0.0;1.2058384936814617;1.1110071694715904;-0.5050067692495759;2.5280290000000605;4596.158793;1155188;;1.1444590790356102;2027-05-17;BRSTNCNTB682;2026-02-06
369;10;0.07217055171676952;4056.794962;32.23286199999984;8644;0.0;22.74146283594805;12.292474494817235;-4.986804860108805;-10.679004000000077;4596.158793;145891;;133.73861067657614;2060-08-16;BRSTNCNTB690;2026-02-06
370;11;0.07691355068153119;4258.29516;11.536358000000291;1818;0.0;6.144647883151542;5.394577706295545;-2.2971704136962217;-6.420998000000509;4596.158793;497583;;19.238483670109527;2033-05-16;BRSTNCNTB6B1;2026-02-06
371;12;0.07710814245226505;4454.546544;6.756352999999763;813;0.0;2.972209315647942;2.7238407135123524;-1.2133475236782942;-1.67206299999998;4596.158793;547275;;5.212543902373112;2029-05-15;BRSTNCNTB716;2026-02-06
372;13;0.07694904221423303;4351.974068;9.950683999999455;1313;0.0;4.603385797506809;4.142114818793283;-1.8026376278066891;-5.299461999999949;4596.158793;0;;11.41427195378917;2031-05-15;BRSTNCNTB7X3;2026-02-06
373;14;0.0757099611714095;4150.708275;27.926261000000522;2818;0.0;8.972160070763897;7.432115866778358;-3.0848544828995728;-10.517885999999635;4596.158793;437042;;37.60076977183382;2037-05-15;BRSTNCNTB7Y1;2026-02-06
374;0;0.07309750425998562;4079.531747;33.88336100000015;4822;0.0;14.079331731765553;10.1906872607861;-4.157323220412536;10.887888000000203;4596.847133;306895;;77.5029795627724;2045-05-15;BRSTNCNTB0A6;2026-02-09
375;1;0.07594487488093872;4209.60873;24.62531200000012;2316;0.0;7.583825390435535;6.4820365519549705;-2.7286837657288743;0.23968100000001868;4596.847133;447572;;28.07487212948388;2035-05-15;BRSTNCNTB0O7;2026-02-09
376;2;0.07748301264849901;4449.56415;48.06506900000022;1126;0.0;3.9600217774819053;3.5734410862828363;-1.5900255349661165;-1.9719100000002072;4596.847133;1442075;;8.736388229305179;2030-08-15;BRSTNCNTB3B8;2026-02-09
377;3;0.07426216249070125;4184.831724;110.33352500000001;3635;0.0;11.034436438852858;8.600063435084712;-3.598981829155491;5.342302999999447;4596.847133;458287;;53.07595032133649;2040-08-15;BRSTNCNTB3C6;2026-02-09
378;4;0.07242699349149774;4114.757386;32.49051599999984;6137;0.0;17.093621268216744;11.123156261209132;-4.576908938144243;6.058003000000099;4596.847133;166527;;99.60829340756452;2050-08-15;BRSTNCNTB3D4;2026-02-09
379;5;0.07182496453874912;4037.68205;39.859261999999944;7326;0.0;19.913789544823292;12.032058228847179;-4.858162553517104;7.200096999999914;4596.847133;72405;;120.10444423182774;2055-05-17;BRSTNCNTB4Q4;2026-02-09
380;6;0.10376350102441571;4636.950027;2.123743000000104;128;0.0;0.49420171191975165;0.44714109561634574;-0.2073370915391024;1.6641349999999875;4596.847133;909478;;0.3053431787835841;2026-08-17;BRSTNCNTB4U6;2026-02-09
381;7;0.0787795166570496;4548.442332;9.252743999999439;628;0.0;2.305039856667409;2.113832977554008;-0.9614647397884255;-2.4810660000002827;4596.847133;1950892;;3.362690390701783;2028-08-15;BRSTNCNTB4X0;2026-02-09
382;8;0.07698262202234088;4358.601739;19.8441729999995;1630;0.0;5.521619042280136;4.868122415589172;-2.1218206826251844;-0.12868299999990995;4596.847133;296175;;15.917169495304806;2032-08-16;BRSTNCNTB674;2026-02-09
383;9;0.08338663295263644;4545.730192;4.596847000000707;313;0.0;1.2018702397132077;1.1069515437348483;-0.5031903053436508;0.24405000000024302;4596.847133;626955;;1.137907527564756;2027-05-17;BRSTNCNTB682;2026-02-09
384;10;0.07201946952872071;4066.072178;35.584194000000025;8643;0.0;22.737494581979796;12.306367072117188;-5.003857676419102;9.277215999999953;4596.847133;61042;;133.98991682669993;2060-08-16;BRSTNCNTB690;2026-02-09
385;11;0.0769516796080625;4259.309841;20.039033000000018;1817;0.0;6.140679629183287;5.390535525154702;-2.2959961010551524;1.0146810000005644;4596.847133;0;;19.214792558497546;2033-05-16;BRSTNCNTB6B1;2026-02-09
386;12;0.07750802030864828;4451.683297;10.512990000000173;812;0.0;2.968241061679688;2.718956376422346;-1.2103932686191001;-2.8632470000002286;4596.847133;547074;;5.196505234385851;2029-05-15;BRSTNCNTB716;2026-02-09
387;13;0.0772034701476513;4349.325302;12.733266000000185;1312;0.0;4.599417543538555;4.136988254562294;-1.7993107689644603;-2.6487660000002506;4596.847133;419117;;11.390339027094202;2031-05-15;BRSTNCNTB7X3;2026-02-09
388;14;0.07572405613699965;4152.097576;28.443734999999833;2817;0.0;8.96819181679564;7.428145543322936;-3.0842385104606365;1.3893010000001595;4596.847133;277590;;37.56945075801521;2037-05-15;BRSTNCNTB7Y1;2026-02-09
389;0;0.07302748672510949;4084.197356;25.897531000000072;4821;0.0;14.075363477797293;10.190571173371167;-4.162030384241234;4.665609000000131;4597.535143;237394;;77.50417773425762;2045-05-15;BRSTNCNTB0A6;2026-02-10
390;1;0.07566767757815991;4219.033867;52.16863000000012;2315;0.0;7.5798571364672815;6.482265487173484;-2.7348897625270183;9.425137000000177;4597.535143;430432;;28.07617924767455;2035-05-15;BRSTNCNTB0O7;2026-02-10
391;2;0.07749391903671006;4451.374903;8.275564000000486;1125;0.0;3.9560535235136522;3.569706935226994;-1.5890103862534488;1.8107529999997496;4597.535143;737254;;8.721304809950166;2030-08-15;BRSTNCNTB3B8;2026-02-10
392;3;0.0740330339793442;4194.906002;120.76337700000022;3634;0.0;11.030468184884606;8.603745490299813;-3.609190359693912;10.07427800000005;4597.535143;426185;;53.10999373468809;2040-08-15;BRSTNCNTB3C6;2026-02-10
393;4;0.07242803926280705;4116.467455;18.80812800000058;6136;0.0;17.089653014248487;11.119377058028405;-4.577255377924757;1.7100689999997485;4597.535143;254223;;99.5643623623063;2050-08-15;BRSTNCNTB3D4;2026-02-10
394;5;0.07181491652519421;4039.886312;20.17398699999967;7325;0.0;19.90982129085504;12.029314856478035;-4.859706443142386;2.204262000000199;4597.535143;0;;120.07284933466175;2055-05-17;BRSTNCNTB4Q4;2026-02-10
395;6;0.10357420938203243;4639.850856;1.7056860000002416;127;0.0;0.4902334579514977;0.44362304096842714;-0.20583447463786797;2.900829000000158;4597.535143;450901;;0.30221784859895184;2026-08-17;BRSTNCNTB4U6;2026-02-10
396;7;0.07894512386524222;4548.902416;8.708161999999902;627;0.0;2.3010716026991545;2.1097813401719288;-0.9597189435539804;0.46008400000027905;4597.535143;419943;;3.352098063726592;2028-08-15;BRSTNCNTB4X0;2026-02-10
397;8;0.07702166021102114;4359.709247;75.18767899999966;1629;0.0;5.517650788311882;4.864120347634171;-2.1206150458101547;1.1075080000000526;4597.535143;418728;;15.895811816547983;2032-08-16;BRSTNCNTB674;2026-02-10
398;9;0.0834263468045836;4547.656484;2.6205959999997503;312;0.0;1.1979019857449538;1.1032471376664703;-0.5017188999063364;1.9262920000001031;4597.535143;465965;;1.1320848286707248;2027-05-17;BRSTNCNTB682;2026-02-10
399;10;0.07209653257641535;4063.949811;18.555652999999893;8642;0.0;22.73352632801155;12.293688473665403;-4.99609329490454;-2.12236699999994;4597.535143;246624;;133.79033913802945;2060-08-16;BRSTNCNTB690;2026-02-10
400;11;0.07685569834721258;4263.404678;83.70272399999976;1816;0.0;6.136711375215032;5.387750039879071;-2.297015872391512;4.094836999999643;4597.535143;484120;;19.198529793500533;2033-05-16;BRSTNCNTB6B1;2026-02-10
401;12;0.07746693392873588;4454.165607;7.5771590000003926;811;0.0;2.964272807711434;2.71539670415311;-1.2094826608999938;2.482310000000325;4597.535143;333368;;5.185230334768848;2029-05-15;BRSTNCNTB716;2026-02-10
402;13;0.07726847911173705;4350.091204;8.280162000000018;1311;0.0;4.595449289570301;4.132936303546942;-1.797864986075183;0.7659020000000965;4597.535143;1121951;;11.371619130968346;2031-05-15;BRSTNCNTB7X3;2026-02-10
403;14;0.07549395572111896;4161.026766;97.32023200000003;2816;0.0;8.96422356282739;7.429049396540732;-3.091247338494213;8.929189999999835;4597.535143;248025;;37.57615072287916;2037-05-15;BRSTNCNTB7Y1;2026-02-10
404;0;0.0728634737739129;4092.786919;17.284723000000213;4820;0.0;14.071395223829045;10.195265012287189;-4.1727047278027385;8.589562999999998;4598.223665;217238;;77.55988875234723;2045-05-15;BRSTNCNTB0A6;2026-02-11
405;1;0.0755577000829872;4223.896071;27.322645000000193;2314;0.0;7.575888882499028;6.480130336423294;-2.737139706758626;4.86220400000002;4598.223665;2029923;;28.061234970506035;2035-05-15;BRSTNCNTB0O7;2026-02-11
406;2;0.07737286906993819;4455.283284;8.115865000000667;1124;0.0;3.952085269545398;3.5665926274479904;-1.589018051390667;3.9083810000001904;4598.223665;762897;;8.708900141333661;2030-08-15;BRSTNCNTB3B8;2026-02-11
407;3;0.07402699942001417;4196.941283;18.748241000000235;3633;0.0;11.026499930916351;8.600245031821775;-3.6094723417968453;2.0352810000003956;4598.223665;311484;;53.078270205110194;2040-08-15;BRSTNCNTB3C6;2026-02-11
408;4;0.07222494837937589;4127.540294;37.09388599999966;6135;0.0;17.085684760280234;11.131014048497153;-4.594370899825208;11.072839000000386;4598.223665;270991;;99.72632376086287;2050-08-15;BRSTNCNTB3D4;2026-02-11
409;5;0.07162283902175043;4050.956879;18.979925000000094;7324;0.0;19.905853036886782;12.043955501067886;-4.878954438742085;11.070566999999755;4598.223665;108473;;120.30725710592588;2055-05-17;BRSTNCNTB4Q4;2026-02-11
410;6;0.10327886082913076;4642.964381;3.1129979999996067;126;0.0;0.48626520398324374;0.44014668511364163;-0.2043585381397861;3.113524999999754;4598.223665;552305;;0.29916119434330285;2026-08-17;BRSTNCNTB4U6;2026-02-11
411;7;0.07864848486006683;4553.800226;5.85813700000017;626;0.0;2.297103348730901;2.106770936244009;-0.9593813965598201;4.897810000000391;4598.223665;771984;;3.344639137971884;2028-08-15;BRSTNCNTB4X0;2026-02-11
412;8;0.07687450892864069;4364.767251;15.404485000000022;1628;0.0;5.513682534343628;4.8616320976269005;-2.121989256613233;5.058004000000437;4598.223665;549286;;15.88265108649338;2032-08-16;BRSTNCNTB674;2026-02-11
413;9;0.08308783476771585;4551.478123;2.731268999999884;311;0.0;1.1939337317767;1.099937842046335;-0.5006343024733724;3.8216389999997773;4598.223665;850829;;1.127076069787339;2027-05-17;BRSTNCNTB682;2026-02-11
414;10;0.07200048777050064;4070.485534;55.63850699999966;8641;0.0;22.729558074043286;12.301175812766585;-5.007175819705708;6.535722999999962;4598.223665;85390;;133.93291218029134;2060-08-16;BRSTNCNTB690;2026-02-11
415;11;0.07674451751833838;4267.850491;15.413792999999714;1815;0.0;6.132743121246779;5.385106356943319;-2.2982828809567764;4.445813000000271;4598.223665;767349;;19.183110548638457;2033-05-16;BRSTNCNTB6B1;2026-02-11
416;12;0.077309021502832;4458.060611;6.630638999999974;810;0.0;2.9603045537431796;2.7121865577160214;-1.2091092062637472;3.8950039999999717;4598.223665;214580;;5.175217709736705;2029-05-15;BRSTNCNTB716;2026-02-11
417;13;0.07710952186817802;4354.885668;7.78479200000038;1310;0.0;4.5914810356020475;4.1301522611369546;-1.7986340888683117;4.794463999999607;4598.223665;1402854;;11.359030960696648;2031-05-15;BRSTNCNTB7X3;2026-02-11
418;14;0.07532383719886836;4168.115019;22.324375000000146;2815;0.0;8.960255308859136;7.428755149765889;-3.0963905912212795;7.088252999999895;4598.223665;1856555;;37.57350232648203;2037-05-15;BRSTNCNTB7Y1;2026-02-11
419;0;0.07255829841430506;4107.306961;30.145870000000286;4819;0.0;14.067426969860788;10.20718842074336;-4.1924056052757805;14.520042000000103;4598.91229;186822;;77.69755817046486;2045-05-15;BRSTNCNTB0A6;2026-02-12
420;1;0.0753445778469702;4231.587967;14.252028999999311;2313;0.0;7.571920628530774;6.479451871099212;-2.7418370570499064;7.69189600000027;4598.91229;630552;;28.056301706664115;2035-05-15;BRSTNCNTB0O7;2026-02-12
421;2;0.07703074104590318;4462.706304;8.512587000000167;1123;0.0;3.9481170155771435;3.5645156413337835;-1.590738642328688;7.423020000000179;4598.91229;559312;;8.700962417663487;2030-08-15;BRSTNCNTB3B8;2026-02-12
422;3;0.07383289055041727;4205.774272;136.05826999999954;3632;0.0;11.022531676948097;8.602799112077143;-3.6181431172758494;8.832988999999543;4598.91229;334729;;53.10196524389815;2040-08-15;BRSTNCNTB3C6;2026-02-12
423;4;0.07190074512503766;4144.240826;28.094755000000077;6134;0.0;17.08171650631198;11.151824270893421;-4.62158454278142;16.70053199999984;4598.91229;124081;;100.01088817012196;2050-08-15;BRSTNCNTB3D4;2026-02-12
424;5;0.07141074415724326;4063.047029;15.60870900000009;7323;0.0;19.901884782918533;12.06053308120338;-4.90025131037396;12.090149999999994;4598.91229;59638;;120.5713643015797;2055-05-17;BRSTNCNTB4Q4;2026-02-12
425;6;0.10294308099068941;4646.152317;1.7383890000000974;125;0.0;0.48229695001498973;0.4366847034921442;-0.20289036469284838;3.1879360000002634;4598.91229;752367;;0.29613605659280945;2026-08-17;BRSTNCNTB4U6;2026-02-12
426;7;0.07840454271370786;4558.188921;5.402039999999943;625;0.0;2.2931350947626465;2.1036403734152906;-0.958879024386988;4.388694999999643;4598.91229;561144;;3.336829900712289;2028-08-15;BRSTNCNTB4X0;2026-02-12
427;8;0.07666046976287923;4371.247735;10.83963600000061;1627;0.0;5.509714280375374;4.85968669726572;-2.1242894468232407;6.480483999999706;4598.91229;281550;;15.872428844276211;2032-08-16;BRSTNCNTB674;2026-02-12
428;9;0.08273931875677067;4555.342194;51.62278999999944;310;0.0;1.1899654778084459;1.0966368975665703;-0.49955563309822537;3.864070999999967;4598.91229;300259;;1.122095271225218;2027-05-17;BRSTNCNTB682;2026-02-12
429;10;0.07178941034024042;4082.813154;40.916523000000325;8640;0.0;22.725589820075037;12.322098059346716;-5.030882404157865;12.327620000000024;4598.91229;71567;;134.30349903225556;2060-08-16;BRSTNCNTB690;2026-02-12
430;11;0.07645427524983348;4276.418164;11.855995999999323;1814;0.0;6.1287748672785245;5.3841390045851245;-2.3024829836708705;8.567672999999559;4598.91229;447798;;19.17757778138838;2033-05-16;BRSTNCNTB6B1;2026-02-12
431;12;0.07690865092015522;4464.886189;8.839108999999553;809;0.0;2.956336299774926;2.7097010170557168;-1.2098506647371323;6.82557799999995;4598.91229;926858;;5.167804255698606;2029-05-15;BRSTNCNTB716;2026-02-12
432;13;0.07688332955823884;4360.890985;12.605618999999933;1309;0.0;4.5875127816337935;4.127747745528581;-1.8000657931829664;6.005317000000105;4598.91229;1643070;;11.348280192250408;2031-05-15;BRSTNCNTB7X3;2026-02-12
433;14;0.0751297847907401;4175.954925;28.090156000000206;2814;0.0;8.95628705489088;7.428937878207128;-3.1022909720018106;7.8399060000001555;4598.91229;1435123;;37.57456861210521;2037-05-15;BRSTNCNTB7Y1;2026-02-12
434;0;0.07214505509555684;4126.444661;39.89233999999988;4818;0.0;14.063458715892532;10.224658644094598;-4.219148807247166;19.137700000000223;4599.601019;52737;;77.89818050856766;2045-05-15;BRSTNCNTB0A6;2026-02-13
435;1;0.07507146817412913;4240.93793;24.69985799999995;2312;0.0;7.567952374562519;6.479619981636399;-2.747966615210771;9.349962999999661;4599.601019;406787;;28.057182175457207;2035-05-15;BRSTNCNTB0O7;2026-02-13
436;2;0.07681958779128453;4468.04783;13.05826799999977;1122;0.0;3.94414876160889;3.5618222413307947;-1.5914392136223796;5.341526000000158;4599.601019;1629226;;8.690381317132598;2030-08-15;BRSTNCNTB3B8;2026-02-13
437;3;0.07353881728386089;4218.252698;31.456670999999915;3631;0.0;11.018563422979843;8.608572144524446;-3.6313132674567896;12.478426000000582;4599.601019;182878;;53.155115550173576;2040-08-15;BRSTNCNTB3C6;2026-02-13
438;4;0.07149761038300656;4164.704143;48.27882700000009;6133;0.0;17.077748252343724;11.178648650477728;-4.655576434778595;20.463316999999734;4599.601019;117347;;100.37601000308968;2050-08-15;BRSTNCNTB3D4;2026-02-13
439;5;0.07098457919988213;4085.742792;34.96616700000004;7322;0.0;19.897916528950272;12.0976625037664;-4.9427937374812245;22.69576300000017;4599.601019;0;;121.15044247291104;2055-05-17;BRSTNCNTB4Q4;2026-02-13
440;6;0.10234677564498273;4649.856259;1.430475999999544;124;0.0;0.4783286960467357;0.4333244733019114;-0.2014896514360771;3.7039420000000973;4599.601019;651150;;0.2932596325579149;2026-08-17;BRSTNCNTB4U6;2026-02-13
441;7;0.07794662421100118;4564.625652;7.580141999999796;624;0.0;2.2891668407943926;2.1009890477815576;-0.9590228502074751;6.4367309999997815;4599.601019;461936;;3.33046269357697;2028-08-15;BRSTNCNTB4X0;2026-02-13
442;8;0.07635616554045006;4379.652697;18.490396000000146;1626;0.0;5.50574602640712;4.858473835366466;-2.1278428036366677;8.404962000000523;4599.601019;918994;;15.866166284591246;2032-08-16;BRSTNCNTB674;2026-02-13
443;9;0.08198503659545507;4561.221948;4.498410000000149;309;0.0;1.185997223840192;1.09375552210134;-0.49888616931548313;5.879754000000503;4599.601019;578409;;1.1179729769210562;2027-05-17;BRSTNCNTB682;2026-02-13
444;10;0.07141116659093595;4103.658238;45.07149100000015;8639;0.0;22.721621566106787;12.362640748237204;-5.073205254993809;20.845084000000043;4599.601019;188736;;135.00758394868228;2060-08-16;BRSTNCNTB690;2026-02-13
445;11;0.0762352266543286;4283.35545;14.042582000000039;1813;0.0;6.1248066133102705;5.382503725559751;-2.3055176667521664;6.937286000000313;4599.601019;463009;;19.168108800766213;2033-05-16;BRSTNCNTB6B1;2026-02-13
446;12;0.07658027024772855;4470.839788;11.834773999999925;808;0.0;2.952368045806672;2.706998200843801;-1.2102555262376882;5.953599000000395;4599.601019;684497;;5.159621314944148;2029-05-15;BRSTNCNTB716;2026-02-13
447;13;0.07662806430654116;4367.422358;13.062866000000213;1308;0.0;4.5835445276655395;4.1255065412477325;-1.8017829506320595;6.531372999999803;4599.601019;3301348;;11.338322003471506;2031-05-15;BRSTNCNTB7X3;2026-02-13
448;14;0.07484862316830658;4186.515451;13.964388999999755;2813;0.0;8.952318800922626;7.430858533552821;-3.110940406491409;10.560526000000209;4599.601019;262801;;37.58917862110474;2037-05-15;BRSTNCNTB7Y1;2026-02-13
449;0;0.0718729478016571;4139.708831;42.14592100000027;4817;0.0;14.059490461924277;10.234906987138784;-4.2369534839122025;13.264169999999467;4600.289851;196241;;78.01690129853723;2045-05-15;BRSTNCNTB0A6;2026-02-18
450;1;0.0749133372848613;4247.1394;109.07747300000028;2311;0.0;7.563984120594266;6.478162637245866;-2.7513659776254826;6.201469999999972;4600.289851;330584;;28.04689452060126;2035-05-15;BRSTNCNTB0O7;2026-02-18
451;2;0.07647963548981494;4339.402813;17.692715000000135;1121;135.9984337232195;4.0322774612464;3.671443583964078;-1.593187261602452;7.353416723219198;4600.289851;1910127;;8.95463940467011;2030-08-15;BRSTNCNTB3B8;2026-02-18
452;3;0.07337466957797224;4090.002699;153.89452400000027;3630;135.9984337232195;11.189977249880414;8.896665234162166;-3.638738481982273;7.748434723219361;4600.289851;294262;;54.938490369009926;2040-08-15;BRSTNCNTB3C6;2026-02-18
453;4;0.07122361958960717;4043.222351;33.1450890000001;6132;135.9984337232195;17.27996812643294;11.572530952904378;-4.679031580642231;14.516641723219436;4600.289851;136686;;103.99599039347417;2050-08-15;BRSTNCNTB3D4;2026-02-18
454;5;0.0707414266661273;4099.516098;38.42344499999945;7321;0.0;19.89394827498202;12.117304652678785;-4.967508548802698;13.773306000000048;4600.289851;105177;;121.46179742466246;2055-05-17;BRSTNCNTB4Q4;2026-02-18
455;6;0.10162368867806292;4517.74685;2.6037649999998393;123;135.9984337232195;0.488095238095238;0.44306894050440426;-0.200167331029661;3.8890247232202455;4600.289851;340576;;0.2992531865337831;2026-08-17;BRSTNCNTB4U6;2026-02-18
456;7;0.07739180777111261;4435.949096;5.129323999999542;623;135.9984337232195;2.344158146888009;2.1630229527898632;-0.9595059712055445;7.321877723220496;4600.289851;784099;;3.4267589946933454;2028-08-15;BRSTNCNTB4X0;2026-02-18
457;8;0.07609718145908873;4251.063447;25.596011999999973;1625;135.9984337232195;5.619356470594672;5.012434496931325;-2.130817707038659;7.40918372321994;4600.289851;643929;;16.36543136864268;2032-08-16;BRSTNCNTB674;2026-02-18
458;9;0.08138533495465516;4566.31671;6.836032000000159;308;0.0;1.1820289698719382;1.0907097432335697;-0.4980526126287259;5.094761999999719;4600.289851;479580;;1.1135277753041102;2027-05-17;BRSTNCNTB682;2026-02-18
459;10;0.0711333158554895;3983.501388;85.8184070000002;8638;135.9984337232195;22.938624763576982;12.81483086227988;-5.104789652687714;15.841583723219628;4600.289851;131670;;140.14209168811144;2060-08-16;BRSTNCNTB690;2026-02-18
460;11;0.07605522635578627;4289.397662;14.539464000000407;1812;0.0;6.1208383593420175;5.380501780999793;-2.3079111759807347;6.042212000000291;4600.289851;437739;;19.156481728726813;2033-05-16;BRSTNCNTB6B1;2026-02-18
461;12;0.07620793602668535;4477.324103;10.544300999999905;807;0.0;2.948399791838418;2.704425105110883;-1.2108587707871266;6.484314999999697;4600.289851;1412646;;5.1519086935932;2029-05-15;BRSTNCNTB716;2026-02-18
462;13;0.07634685552634853;4374.424819;14.518514999999752;1307;0.0;4.579576273697286;4.123410824768749;-1.8037550650801677;7.002461000000039;4600.289851;591769;;11.329069531981439;2031-05-15;BRSTNCNTB7X3;2026-02-18
463;14;0.07471247794155006;4192.579962;24.616151000000173;2812;0.0;8.948350546954371;7.42988383717331;-3.115038209572049;6.064510999999584;4600.289851;148705;;37.58121106655316;2037-05-15;BRSTNCNTB7Y1;2026-02-18
464;0;0.0719820451664255;4137.262878;34.5798020000002;4816;0.0;14.055522207956031;10.225611298551513;-4.230604203035455;-2.4459530000003724;4601.437486;89096;;77.91382990155334;2045-05-15;BRSTNCNTB0A6;2026-02-19
465;1;0.07525262817248968;4240.095803;27.7742760000001;2310;0.0;7.560015866626011;6.4696795052675276;-2.743206091703996;-7.043596999999863;4601.437486;143126;;27.988389473930376;2035-05-15;BRSTNCNTB0O7;2026-02-19
466;2;0.07689322655247677;4335.175305;11.314934999999423;1120;0.0;4.028309207278146;3.6659271568413008;-1.5892436880267269;-4.227507999999943;4601.437486;742143;;8.93123776267827;2030-08-15;BRSTNCNTB3B8;2026-02-19
467;3;0.07353171782118487;4086.463008;18.589806999999837;3629;0.0;11.186008995912157;8.888143644487647;-3.632107021298907;-3.539690999999948;4601.437486;131220;;54.85855113400376;2040-08-15;BRSTNCNTB3C6;2026-02-19
468;4;0.07142376834449812;4035.985239;24.327800000000025;6131;0.0;17.27599987246468;11.554008620567073;-4.663180824388746;-7.237111999999797;4601.437486;128481;;103.7493610243501;2050-08-15;BRSTNCNTB3D4;2026-02-19
469;5;0.07098054037542399;4089.79905;63.310897999999725;7320;0.0;19.88998002101377;12.090639509100123;-4.944828597821015;-9.717047999999977;4601.437486;0;;121.06329739098943;2055-05-17;BRSTNCNTB4Q4;2026-02-19
470;6;0.10153625693239589;4520.783489;3.160200000000259;122;0.0;0.48412698412698413;0.4395016355852879;-0.19868917375424644;3.036638999999923;4601.437486;558306;;0.29607570677949147;2026-08-17;BRSTNCNTB4U6;2026-02-19
471;7;0.07753505067538813;4436.995914;8.742731999999705;622;0.0;2.340189892919755;2.159028747057181;-0.9579601728901252;1.0468179999998029;4601.437486;368597;;3.4161339344213704;2028-08-15;BRSTNCNTB4X0;2026-02-19
472;8;0.07645852097085848;4245.672745;17.02363200000036;1624;0.0;5.615388216626419;5.006000219825941;-2.1253838694779006;-5.390702000000601;4601.437486;204925;;16.32982259098133;2032-08-16;BRSTNCNTB674;2026-02-19
473;9;0.08144671166674727;4568.569418;1.5736919999999373;307;0.0;1.178060715903684;1.0869766802042513;-0.4965928419260308;2.252707999999984;4601.437486;408480;;1.1077074812455865;2027-05-17;BRSTNCNTB682;2026-02-19
474;10;0.07139043914026169;3972.490003;31.243761000000177;8637;0.0;22.934656509608725;12.781318463765174;-5.077365982246647;-11.011385000000246;4601.437486;96525;;139.57779403292065;2060-08-16;BRSTNCNTB690;2026-02-19
475;11;0.07635430633125141;4284.821775;16.399523000000045;1811;0.0;6.1168701053737635;5.374015116438732;-2.3026696990095843;-4.575886999999966;4601.437486;362844;;19.118460695377834;2033-05-16;BRSTNCNTB6B1;2026-02-19
476;12;0.07650845026971287;4476.112734;7.471019000000524;806;0.0;2.944431537870164;2.6998406032530533;-1.2084790903991234;-1.2113689999996495;4601.437486;941555;;5.137032673300237;2029-05-15;BRSTNCNTB716;2026-02-19
477;13;0.07676832544181711;4369.202936;27.231307999999444;1306;0.0;4.575608019729031;4.117342508743074;-1.7989504977717843;-5.221883000000162;4601.437486;373296;;11.30070162850895;2031-05-15;BRSTNCNTB7X3;2026-02-19
478;14;0.07499065784683505;4186.171557;28.528911999999764;2811;0.0;8.944382292986116;7.420640701343366;-3.106407503868013;-6.40840500000013;4601.437486;137116;;37.50883195694339;2037-05-15;BRSTNCNTB7Y1;2026-02-19
479;0;0.0713927512372912;4164.483713;17.793596000000434;4815;0.0;14.051553953987773;10.252137227284098;-4.269485850646561;27.22083500000008;4602.585408;738848;;78.2172738172584;2045-05-15;BRSTNCNTB0A6;2026-02-20
480;1;0.07477731819702799;4255.440006;19.772707000000082;2309;0.0;7.556047612657756;6.472699979153793;-2.7544186438126417;15.344202999999652;4602.585408;470477;;28.008834863969888;2035-05-15;BRSTNCNTB0O7;2026-02-20
481;2;0.07688018839344073;4337.738835;9.996815999999853;1119;0.0;4.024340953309891;3.6622998767289943;-1.5886100400703072;2.5635300000003554;4602.585408;777907;;8.916281741071595;2030-08-15;BRSTNCNTB3B8;2026-02-20
482;3;0.07295449567178401;4109.676126;25.761535000000094;3628;0.0;11.182040741943906;8.902181506033163;-3.6585082804663216;23.213118000000122;4602.585408;180152;;54.99062068951645;2040-08-15;BRSTNCNTB3C6;2026-02-20
483;4;0.07091055086284627;4062.145226;26.307966000000306;6130;0.0;17.27203161849643;11.588323541120952;-4.707345314990789;26.159987;4602.585408;146727;;104.22328936019827;2050-08-15;BRSTNCNTB3D4;2026-02-20
484;5;0.0705613906959215;4112.750653;44.61286099999961;7319;0.0;19.886011767045513;12.12720176836571;-4.987615699190883;22.951602999999977;4602.585408;35676;;121.63393317815135;2055-05-17;BRSTNCNTB4Q4;2026-02-20
485;6;0.10127044348372805;4524.17116;3.9858389999999417;121;0.0;0.4801587301587302;0.4360043760558814;-0.1972558423785813;3.3876709999995;4602.585408;40537;;0.2930050886021486;2026-08-17;BRSTNCNTB4U6;2026-02-20
486;7;0.07783813241880612;4436.519523;6.710570000000189;621;0.0;2.336221638951501;2.1546893011467003;-0.9559321150536562;-0.4763910000001488;4602.585408;454077;;3.404465549480163;2028-08-15;BRSTNCNTB4X0;2026-02-20
487;8;0.0763943792764165;4249.336977;22.911159999999654;1623;0.0;5.611419962658164;5.002801072843305;-2.125858758740833;3.6642320000000836;4602.585408;266292;;16.312395695332018;2032-08-16;BRSTNCNTB674;2026-02-20
488;9;0.08147602901314775;4570.984056;2.0619589999996606;306;0.0;1.17409246193543;1.0832770754230931;-0.4951642239989269;2.4146380000001955;4602.585408;406218;;1.1019684367276676;2027-05-17;BRSTNCNTB682;2026-02-20
489;10;0.07099127141550693;3994.929069;26.487879000000248;8636;0.0;22.93068825564048;12.823917240653484;-5.123063976313688;22.43906599999991;4602.585408;162050;;140.32890914313074;2060-08-16;BRSTNCNTB690;2026-02-20
490;11;0.07613536257812352;4292.187048;18.640754000000015;1810;0.0;6.112901851405509;5.372376472074092;-2.305924471041635;7.3652729999994335;4602.585408;411495;;19.108987237247888;2033-05-16;BRSTNCNTB6B1;2026-02-20
491;12;0.07663984434798866;4476.953236;7.36811200000011;805;0.0;2.9404632839019103;2.6957626692215064;-1.206880340545922;0.840502000000015;4602.585408;332134;;5.123980821524541;2029-05-15;BRSTNCNTB716;2026-02-20
492;13;0.07667128314320351;4373.321423;11.957516999999825;1305;0.0;4.571639765760777;4.114205057973596;-1.7992741118650883;4.118487000000641;4602.585408;1609856;;11.286457126196215;2031-05-15;BRSTNCNTB7X3;2026-02-20
493;14;0.07448143032262865;4204.277666;25.157110000000102;2810;0.0;8.940414039017863;7.427109402578398;-3.1225630184198963;18.106109000000288;4602.585408;211697;;37.55884337110792;2037-05-15;BRSTNCNTB7Y1;2026-02-20
494;0;0.07132676456373378;4169.481838;44.996892000000116;4814;0.0;14.04758570001952;10.251820400207327;-4.274477896510234;4.998125000000073;4603.733616;289766;;78.21603095743683;2045-05-15;BRSTNCNTB0A6;2026-02-23
495;1;0.07468218769586105;4260.341125;36.341872999999396;2308;0.0;7.552079358689503;6.470350954358519;-2.7565902264036595;4.901119000000108;4603.733616;901593;;27.992437804999664;2035-05-15;BRSTNCNTB0O7;2026-02-23
496;2;0.07687150480478999;4340.234318;23.99005500000021;1118;0.0;4.020372699341638;3.6586532754137404;-1.5879412503613821;2.4954829999996946;4603.733616;1382373;;8.901252962677784;2030-08-15;BRSTNCNTB3B8;2026-02-23
497;3;0.07268336801793239;4121.787158;47.73585600000024;3627;0.0;11.178072487975651;8.906815675801495;-3.671199847119169;12.111031999999796;4603.733616;392453;;55.03431133966187;2040-08-15;BRSTNCNTB3C6;2026-02-23
498;4;0.0710205608408736;4059.08891;47.952490000000125;6129;0.0;17.268063364528174;11.576462203817929;-4.6989889348551515;-3.0563160000001517;4603.733616;269639;;104.06738039348969;2050-08-15;BRSTNCNTB3D4;2026-02-23
499;5;0.07064939662180243;4110.503407;36.85749100000021;7318;0.0;19.88204351307726;12.115031665589267;-4.979887893731757;-2.2472459999999046;4603.733616;16667;;121.45750938831651;2055-05-17;BRSTNCNTB4Q4;2026-02-23
500;6;0.10106667339905911;4527.431335;3.397555999999895;120;0.0;0.4761904761904761;0.432481056858172;-0.19580282886136047;3.260175000000345;4603.733616;532928;;0.2899117741465596;2026-08-17;BRSTNCNTB4U6;2026-02-23
501;7;0.0777271400461135;4440.006433;23.07851699999992;620;0.0;2.3322533849832476;2.1512477039397786;-0.9551553644469095;3.486909999999625;4603.733616;1087913;;3.395567309158722;2028-08-15;BRSTNCNTB4X0;2026-02-23
502;8;0.07636140506007906;4252.339836;17.360678999999436;1622;0.0;5.6074517086899105;4.999364844832508;-2.125899828437923;3.0028590000001714;4603.733616;978259;;16.29365009833342;2032-08-16;BRSTNCNTB674;2026-02-23
503;9;0.08139467146924147;4573.947459;7.448841000000357;305;0.0;1.170124207967176;1.0796913458819843;-0.4938451488001192;2.9634029999997438;4603.733616;391558;;1.0964715698628988;2027-05-17;BRSTNCNTB682;2026-02-23
504;10;0.07109635115299341;3991.635005;51.23495200000025;8635;0.0;22.926720001672226;12.808007293807297;-5.112489025825653;-3.2940639999997074;4603.733616;114373;;140.0686914241466;2060-08-16;BRSTNCNTB690;2026-02-23
505;11;0.07615424900433769;4294.072681;21.00223300000016;1809;0.0;6.108933597437256;5.368512340284907;-2.3052782178028792;1.8856329999998707;4603.733616;590821;;19.086431855302948;2033-05-16;BRSTNCNTB6B1;2026-02-23
506;12;0.0766089525741144;4479.755069;9.787538000000495;804;0.0;2.9364950299336563;2.69216887204694;-1.2060257151156293;2.801832999999533;4603.733616;663464;;5.112666985978382;2029-05-15;BRSTNCNTB716;2026-02-23
507;13;0.07667143405126732;4375.692275;15.850655000000188;1304;0.0;4.567671511792524;4.110518536934631;-1.798636420830917;2.3708520000000135;4603.733616;1681954;;11.269584625251248;2031-05-15;BRSTNCNTB7X3;2026-02-23
508;14;0.07431136087414178;4211.840791;23.70002099999965;2809;0.0;8.936445785049608;7.426809709171527;-3.1280540080083483;7.563124999999673;4603.733616;392133;;37.556129873171685;2037-05-15;BRSTNCNTB7Y1;2026-02-23
