;index;yield;price;bidask spread;du;coupon;duration;modified duration;dv01;pnl;vna;volume;open interest;convexity;maturity;bond code;reference date
0;0;0.11904453068958311;984.274566;1.4543280000000323;250;48.808848170151634;0.9696530388860987;0.865387716368323;-0.08517791189501622;0.519233170151665;1000.0;398131;;0.7656483376790808;2023-01-02;BRSTNCNTF147;2022-01-03
1;1;0.10947715907983939;978.978289;4.602300000000014;752;48.808848170151634;2.7008310317160675;2.3900043210072828;-0.23397623408823165;-4.728142829848366;1000.0;164192;;4.140450697528357;2025-01-02;BRSTNCNTF170;2022-01-03
2;2;0.10960573872567483;967.771001;6.213438999999994;1253;48.808848170151634;4.236571922531157;3.6317749809655107;-0.3514726508735748;-7.203089829848409;1000.0;130610;;9.124749922631327;2027-01-04;BRSTNCNTF1P8;2022-01-03
3;3;0.11049343531668496;955.368147;10.13610499999993;1752;48.808848170151634;5.641829550774748;4.635627332454826;-0.44287306947899197;-9.805387829848314;1000.0;130701;;14.96537236550999;2029-01-02;BRSTNCNTF1Q6;2022-01-03
4;4;0.11074728542566796;946.19961;54.14966900000002;2253;48.808848170151634;6.964808249060126;5.454067861193102;-0.5160636883174448;-10.599445829848264;1000.0;258137;;21.213095776630166;2031-01-02;BRSTNCNTF204;2022-01-03
5;0;0.1213873318242082;982.729821;1.3206539999999904;249;0.0;0.9656847849178446;0.8600198478991804;-0.08451671511824088;-1.5447450000000345;1000.0;3712303;;0.7578016175391354;2023-01-02;BRSTNCNTF147;2022-01-04
6;1;0.1129047749620873;971.418143;11.309195000000045;751;0.0;2.6968627777478136;2.377660000818705;-0.23097020626806852;-7.560146000000032;1000.0;16980;;4.1018049546696504;2025-01-02;BRSTNCNTF170;2022-01-04
7;2;0.11240661657733628;958.400618;17.45930400000009;1252;0.0;4.232603668562903;3.6140662673134187;-0.34637233440861337;-9.370382999999947;1000.0;135043;;9.048220614044851;2027-01-04;BRSTNCNTF1P8;2022-01-04
8;3;0.11301554027153234;944.690096;16.29764499999999;1751;0.0;5.637861296806493;4.610808804106169;-0.4355785411788702;-10.678050999999982;1000.0;22275;;14.834097896862433;2029-01-02;BRSTNCNTF1Q6;2022-01-04
9;4;0.11330787989008864;933.513426;21.239383999999973;2252;0.0;6.960839995091872;5.418099532489488;-0.505786865698326;-12.686184000000026;1000.0;755095;;20.991453907114437;2031-01-02;BRSTNCNTF204;2022-01-04
10;0;0.12131617070203808;983.236627;2.633917999999994;248;0.0;0.9617165309495905;0.8565361450725618;-0.08421777101847283;0.5068059999999832;1000.0;3808358;;0.7532830100237337;2023-01-02;BRSTNCNTF147;2022-01-05
11;1;0.1140025153382111;969.302654;10.61929699999996;750;0.0;2.6928945237795596;2.3713008869086756;-0.22985082431131332;-2.115489000000025;1000.0;190160;;4.082684710907505;2025-01-02;BRSTNCNTF170;2022-01-05
12;2;0.11310134545478888;956.405025;25.46352300000001;1251;0.0;4.228635414594648;3.6070051348649637;-0.3449757836185654;-1.9955929999999853;1000.0;281509;;9.018465158180582;2027-01-04;BRSTNCNTF1P8;2022-01-05
13;3;0.11379824170027347;941.692044;25.820065999999997;1750;0.0;5.633893042838239;4.600668159558534;-0.4332412602940394;-2.9980520000000297;1000.0;169933;;14.781163536768526;2029-01-02;BRSTNCNTF1Q6;2022-01-05
14;4;0.11377363821853112;931.560172;29.597503000000074;2251;0.0;6.956871741123617;5.408657541476657;-0.5038489949627092;-1.9532540000000154;1000.0;289460;;20.93426757488562;2031-01-02;BRSTNCNTF204;2022-01-05
15;0;0.12042625227257328;984.430785;1.780349000000001;247;0.0;0.9577482769813366;0.8536827856082656;-0.08403916147773316;1.1941580000000158;1000.0;2663072;;0.749878652093457;2023-01-02;BRSTNCNTF147;2022-01-06
16;1;0.11413238457826722;969.419884;10.799785000000043;749;0.0;2.6889262698113052;2.3674090133415446;-0.22950133710941145;0.11723000000006323;1000.0;607962;;4.071579359432331;2025-01-02;BRSTNCNTF170;2022-01-06
17;2;0.11301240503521312;957.118492;19.247884;1250;0.0;4.224667160626394;3.603886891186447;-0.344934678663094;0.7134669999999232;1000.0;1255281;;9.005960895155912;2027-01-04;BRSTNCNTF1P8;2022-01-06
18;3;0.1137694128776099;942.219742;26.305702999999994;1749;0.0;5.629924788869984;4.597347311506533;-0.43317113977320787;0.5276979999999867;1000.0;111542;;14.764461871110129;2029-01-02;BRSTNCNTF1Q6;2022-01-06
19;4;0.11365749273617815;932.543913;26.885715000000005;2250;0.0;6.952903487155363;5.406559578993809;-0.5041854225662519;0.9837410000000091;1000.0;450146;;20.92243858835872;2031-01-02;BRSTNCNTF204;2022-01-06
20;0;0.1205791422092743;984.747092;1.2687270000000126;246;0.0;0.9537800230130827;0.8500236734032418;-0.0837058340515;0.31630699999993794;1000.0;107928;;0.7450759607747122;2023-01-02;BRSTNCNTF147;2022-01-07
21;1;0.1150556255612352;967.722514;11.261924000000022;748;0.0;2.6849580158430517;2.3615084110383546;-0.2285284856362182;-1.697369999999978;1000.0;744053;;4.054006345853672;2025-01-02;BRSTNCNTF170;2022-01-07
22;2;0.11373724680699926;955.030939;14.148163999999952;1249;0.0;4.220698906658141;3.5966843409994023;-0.34349448234712554;-2.087552999999957;1000.0;1180228;;8.975662876081618;2027-01-04;BRSTNCNTF1P8;2022-01-07
23;3;0.11425419085010927;940.526777;19.203588999999965;1748;0.0;5.625956534901731;4.589718446231624;-0.4316753097571677;-1.6929649999999583;1000.0;1475090;;14.724955925703053;2029-01-02;BRSTNCNTF1Q6;2022-01-07
24;4;0.11416639665029853;930.382182;17.102818999999954;2249;0.0;6.948935233187109;5.396581118409482;-0.5020882916285814;-2.1617310000000316;1000.0;869695;;20.86205128391448;2031-01-02;BRSTNCNTF204;2022-01-07
25;5;0.11497190710496737;916.974165;5.875893000000019;2753;0.0;8.216467878917964;6.031942688623981;-0.553113561022883;0.0;1000.0;2490000;;26.915420949274726;2033-01-03;BRSTNCNTF212;2022-01-07
26;0;0.12153579113655719;984.394942;1.6750839999999698;245;0.0;0.9498117690448288;0.8457517346509987;-0.08325537297781693;-0.3521499999999378;1000.0;443147;;0.7392198927662995;2023-01-02;BRSTNCNTF147;2022-01-10
27;1;0.11588058442279243;966.260238;6.07820700000002;747;0.0;2.6809897618747978;2.3558655244849867;-0.22763791823848578;-1.462276000000088;1000.0;178481;;4.03729974167453;2025-01-02;BRSTNCNTF170;2022-01-10
28;2;0.11435974515754387;953.30554;8.959502000000043;1248;0.0;4.216730652689887;3.590002853452664;-0.34223696088122324;-1.7253990000000385;1000.0;1833979;;8.947684732000628;2027-01-04;BRSTNCNTF1P8;2022-01-10
29;3;0.1151201662374302;937.204088;11.270538999999985;1747;0.0;5.621988280933478;4.57890360149441;-0.4291367173878484;-3.322689000000082;1000.0;241262;;14.66866814596937;2029-01-02;BRSTNCNTF1Q6;2022-01-10
30;4;0.11517996148698673;925.71345;13.593619000000103;2248;0.0;6.944966979218855;5.380260648925697;-0.49805796472162456;-4.668731999999977;1000.0;709829;;20.762761272555498;2031-01-02;BRSTNCNTF204;2022-01-10
31;5;0.11584087338040502;912.58322;9.232613999999899;2752;0.0;8.212499624949709;6.0132384434404536;-0.5487580501342677;-4.390944999999988;1000.0;558300;;26.786804192489754;2033-01-03;BRSTNCNTF212;2022-01-10
32;0;0.12103569840187123;985.258078;0.9425159999999551;244;0.0;0.9458435150765748;0.8425937375355763;-0.08301722863791383;0.8631359999999404;1000.0;1990397;;0.7353167682049875;2023-01-02;BRSTNCNTF147;2022-01-11
33;1;0.11604356885731905;966.310232;8.02825299999995;746;0.0;2.6770215079065434;2.3518984841238937;-0.2272663569834208;0.04999400000008336;1000.0;187401;;4.026013473583304;2025-01-02;BRSTNCNTF170;2022-01-11
34;2;0.11502640135525576;951.438768;11.396637999999939;1247;0.0;4.212762398721632;3.583107540759458;-0.34091074241916886;-1.866771999999969;1000.0;1396370;;8.918823942206608;2027-01-04;BRSTNCNTF1P8;2022-01-11
35;3;0.11577147523092063;934.821189;11.302917999999977;1746;0.0;5.6180200269652225;4.56989749743164;-0.42720370121571705;-2.382898999999952;1000.0;29697;;14.622033305107538;2029-01-02;BRSTNCNTF1Q6;2022-01-11
36;4;0.11566479490444784;923.704313;19.60574299999996;2247;0.0;6.940998725250601;5.370607669445872;-0.496085346769803;-2.0091370000000097;1000.0;2823697;;20.704605989367423;2031-01-02;BRSTNCNTF204;2022-01-11
37;5;0.11648713702880574;909.444552;0.0;2751;0.0;8.208531370981454;5.99843672534267;-0.5455245600379612;-3.1386679999999387;1000.0;2201;;26.68559316300412;2033-01-03;BRSTNCNTF212;2022-01-11
38;0;0.1193801977948562;987.076055;2.3683119999999462;243;0.0;0.9418752611083208;0.8403098488475261;-0.08294497305780624;1.8179770000000417;1000.0;1908508;;0.732940974675331;2023-01-02;BRSTNCNTF147;2022-01-12
39;1;0.11289261543310436;973.923391;6.852640000000065;745;0.0;2.6730532539382894;2.3562967421180177;-0.22948525132858322;7.613158999999996;1000.0;205358;;4.041653467611831;2025-01-02;BRSTNCNTF170;2022-01-12
40;2;0.11241782589215442;960.795829;10.494445000000042;1246;0.0;4.208794144753378;3.592606426824245;-0.3451761270131328;9.357061000000044;1000.0;881177;;8.961230432778484;2027-01-04;BRSTNCNTF1P8;2022-01-12
41;3;0.11351867629555451;944.918095;14.481424999999945;1745;0.0;5.6140517729969694;4.585197367342215;-0.43326359615480214;10.09690599999999;1000.0;492745;;14.703759006197714;2029-01-02;BRSTNCNTF1Q6;2022-01-12
42;4;0.1134577784086723;935.145506;16.743352000000073;2246;0.0;6.937030471282347;5.39482354813518;-0.5044944996701588;11.441192999999998;1000.0;1259111;;20.854571696243884;2031-01-02;BRSTNCNTF204;2022-01-12
43;5;0.11411078565492658;922.941999;11.592298000000028;2750;0.0;8.204563117013203;6.036293050822922;-0.5571148374876316;13.497446999999966;1000.0;1106371;;26.951070410561062;2033-01-03;BRSTNCNTF212;2022-01-12
44;0;0.11993504183603051;987.059633;2.6492980000000443;242;0.0;0.9379070071400668;0.8363452198647202;-0.0825522605780975;-0.01642200000003413;1000.0;3058452;;0.7276578821428167;2023-01-02;BRSTNCNTF147;2022-01-13
45;1;0.11258417508359679;975.044293;7.294098000000076;744;0.0;2.669084999970036;2.3535109663831335;-0.22947774362847895;1.120902000000001;1000.0;157334;;4.034166751977765;2025-01-02;BRSTNCNTF170;2022-01-13
46;2;0.1118161268237498;963.280956;13.261168999999995;1245;0.0;4.204825890785124;3.5920565504225266;-0.34601596678970736;2.4851269999999204;1000.0;1829898;;8.959946005219235;2027-01-04;BRSTNCNTF1P8;2022-01-13
47;3;0.11338853061445833;945.885276;13.555416000000037;1744;0.0;5.610083519028715;4.5827244179209625;-0.4334731550877109;0.9671809999999823;1000.0;86719;;14.691590134640759;2029-01-02;BRSTNCNTF1Q6;2022-01-13
48;4;0.1134018300962768;935.826653;12.290614000000005;2245;0.0;6.9330622173140934;5.3919647267083155;-0.5045944303289502;0.6811470000000099;1000.0;808598;;20.83808864866048;2031-01-02;BRSTNCNTF204;2022-01-13
49;5;0.11403274158343328;923.772714;14.457410000000095;2749;0.0;8.200594863044948;6.0340941522247675;-0.5574131531532203;0.830714999999941;1000.0;180835;;26.937484158659355;2033-01-03;BRSTNCNTF212;2022-01-13
50;0;0.1201885039564052;987.295003;2.2280809999999747;241;0.0;0.9339387531718129;0.8326111982047437;-0.0822032875429386;0.23536999999998898;1000.0;2055488;;0.7227891525669754;2023-01-02;BRSTNCNTF147;2022-01-14
51;1;0.11302598681918787;974.445184;10.76699199999996;743;0.0;2.665116746001782;2.3488286262853495;-0.22888047429250946;-0.5991089999999986;1000.0;705707;;4.020588679678938;2025-01-02;BRSTNCNTF170;2022-01-14
52;2;0.11182752884244637;963.646782;15.143377999999984;1244;0.0;4.20085763681687;3.588430219057743;-0.3457979233026549;0.3658260000000837;1000.0;2454952;;8.945278016089917;2027-01-04;BRSTNCNTF1P8;2022-01-14
53;3;0.11338879407140591;946.287378;15.078178999999977;1743;0.0;5.6061152650604615;4.579158086646144;-0.43331994992598766;0.4021020000000135;1000.0;417205;;14.673650912984693;2029-01-02;BRSTNCNTF1Q6;2022-01-14
54;4;0.11295258788414612;938.49591;16.427145999999993;2244;0.0;6.929093963345841;5.394062894548548;-0.5062305964816574;2.669257000000016;1000.0;2420329;;20.852104683489042;2031-01-02;BRSTNCNTF204;2022-01-14
55;5;0.11391055683284569;924.849987;13.603509000000031;2748;0.0;8.196626609076695;6.0326658620249365;-0.5579310944069107;1.0772730000001047;1000.0;97045;;26.92927561633846;2033-01-03;BRSTNCNTF212;2022-01-14
56;0;0.12094437989465777;987.121181;0.9465920000000096;240;0.0;0.9299704992035588;0.8285028106053067;-0.08178326728665297;-0.17382199999997283;1000.0;569237;;0.7172890449107329;2023-01-02;BRSTNCNTF147;2022-01-17
57;1;0.11487805302044854;970.638336;3.554208000000017;742;0.0;2.6611484920335275;2.3406017979655935;-0.22718778344159318;-3.806848000000059;1000.0;71047;;3.995664659664542;2025-01-02;BRSTNCNTF170;2022-01-17
58;2;0.11457634788868204;954.617029;12.190943999999945;1243;0.0;4.1968893828486165;3.571116821217503;-0.34090489300825766;-9.029753000000028;1000.0;805720;;8.871252478313572;2027-01-04;BRSTNCNTF1P8;2022-01-17
59;3;0.11609757767235122;935.058341;6.921365000000037;1742;0.0;5.602147011092208;4.552949981988931;-0.42572738568145496;-11.229036999999948;1000.0;126193;;14.536433962339315;2029-01-02;BRSTNCNTF1Q6;2022-01-17
60;4;0.11576609501942062;924.808588;3.2972859999999855;2243;0.0;6.925125709377585;5.355108734710531;-0.4952450547534113;-13.687321999999995;1000.0;256825;;20.61413576286295;2031-01-02;BRSTNCNTF204;2022-01-17
61;5;0.11653512888869096;910.774978;0.2795329999999012;2747;0.0;8.19265835510844;5.983385867454482;-0.5449518131796367;-14.075009000000023;1000.0;109722;;26.588261286117874;2033-01-03;BRSTNCNTF212;2022-01-17
62;0;0.12165006824756229;986.99393;1.2374970000000758;239;0.0;0.9260022452353049;0.8244373035570381;-0.0813714614276364;-0.1272510000000011;1000.0;133978;;0.7118798299131478;2023-01-02;BRSTNCNTF147;2022-01-18
63;1;0.1154803701883841;969.691787;6.529367999999977;741;0.0;2.657180238065274;2.335531575366829;-0.22647457869123855;-0.9465490000000045;1000.0;433205;;3.9809082406583935;2025-01-02;BRSTNCNTF170;2022-01-18
64;2;0.11500620426332421;953.565027;6.776255999999989;1242;0.0;4.1929211288803625;3.565413743617997;-0.3399853852699266;-1.0520020000000159;1000.0;700506;;8.84767873866694;2027-01-04;BRSTNCNTF1P8;2022-01-18
65;3;0.11647905081673687;933.84449;9.090952000000016;1741;0.0;5.598178757123954;4.546213752596479;-0.4245456663224445;-1.2138510000000906;1000.0;18261;;14.501949867248845;2029-01-02;BRSTNCNTF1Q6;2022-01-18
66;4;0.1162679947375366;922.730408;9.632972999999993;2242;0.0;6.921157455409332;5.3452568434959655;-0.4932231028063825;-2.078179999999975;1000.0;305582;;20.554997726457852;2031-01-02;BRSTNCNTF204;2022-01-18
67;5;0.11731282384450051;906.95066;2.810561000000007;2746;0.0;8.188690101140187;5.96633137572815;-0.5411168178995354;-3.824318000000062;1000.0;12191;;26.47184150299152;2033-01-03;BRSTNCNTF212;2022-01-18
68;0;0.12097720794538554;987.989398;0.8562110000000303;238;0.0;0.922033991267051;0.8213982601014459;-0.0811532772515875;0.9954680000000735;1000.0;1531978;;0.7082481888508749;2023-01-02;BRSTNCNTF147;2022-01-19
69;1;0.11338955337538441;974.859304;6.272748999999976;740;0.0;2.65321198409702;2.337218846480384;-0.227845953797555;5.167516999999975;1000.0;11874;;3.9877907336971097;2025-01-02;BRSTNCNTF170;2022-01-19
70;2;0.11297156329362339;960.925631;7.385937000000013;1241;0.0;4.1889528749121085;3.5720029529384276;-0.34324291914862215;7.360603999999967;1000.0;746947;;8.877303154795575;2027-01-04;BRSTNCNTF1P8;2022-01-19
71;3;0.11461043158971618;942.230756;10.000018999999952;1740;0.0;5.5942105031557;4.558250597514622;-0.4294923906533654;8.386266000000091;1000.0;174678;;14.566142309954802;2029-01-02;BRSTNCNTF1Q6;2022-01-19
72;4;0.11426161241236817;933.103692;19.101094999999987;2241;0.0;6.917189201441078;5.366890738264244;-0.5007865562434972;10.373284000000012;1000.0;599003;;20.68856578887376;2031-01-02;BRSTNCNTF204;2022-01-19
73;5;0.11521834357632586;918.787852;0.0;2745;0.0;8.18472184717193;5.999178021381047;-0.5511971888030303;11.837192000000073;1000.0;152;;26.7014890536784;2033-01-03;BRSTNCNTF212;2022-01-19
74;0;0.11962106041491706;989.534827;1.1365920000000642;237;0.0;0.9180657372987969;0.8188611915329429;-0.08102916675005645;1.5454289999998991;1000.0;1017933;;0.7054867081231311;2023-01-02;BRSTNCNTF147;2022-01-20
75;1;0.11137796927716002;979.868922;6.840297000000078;739;0.0;2.649243730128766;2.3387121819506564;-0.22916313845962577;5.009618000000046;1000.0;296939;;3.994062345754759;2025-01-02;BRSTNCNTF170;2022-01-20
76;2;0.11145771372149683;966.546643;10.263035000000059;1240;0.0;4.1849846209438555;3.5760036313117096;-0.3456374305200143;5.621012000000064;1000.0;733102;;8.895749103053468;2027-01-04;BRSTNCNTF1P8;2022-01-20
77;3;0.11348214305587079;947.498266;14.335935000000063;1739;0.0;5.590242249187445;4.5641207057489845;-0.4324496454511859;5.267509999999902;1000.0;135839;;14.597954120643843;2029-01-02;BRSTNCNTF1Q6;2022-01-20
78;4;0.11322543072416634;938.713012;15.206433000000061;2240;0.0;6.913220947472824;5.376364937102312;-0.5046863723718502;5.609320000000025;1000.0;1350473;;20.747781553864524;2031-01-02;BRSTNCNTF204;2022-01-20
79;5;0.11431767467052582;924.169153;0.0;2744;0.0;8.18075359320368;6.011313457522886;-0.5555470466456427;5.381301000000008;1000.0;0;;26.787607024859962;2033-01-03;BRSTNCNTF212;2022-01-20
80;0;0.11957318795713641;990.01725;1.9424289999999473;236;0.0;0.914097483330543;0.8153522050567574;-0.0807212747831727;0.4824230000000398;1000.0;1341659;;0.7010683072547935;2023-01-02;BRSTNCNTF147;2022-01-21
81;1;0.11262322284015087;977.435168;6.84283199999993;738;0.0;2.645275476160512;2.3320127554076;-0.22793912793599702;-2.4337540000000217;1000.0;625842;;3.974099357088292;2025-01-02;BRSTNCNTF170;2022-01-21
82;2;0.11337369294694608;960.364936;14.659444000000008;1239;0.0;4.1810163669756015;3.5628664246846853;-0.34216519859188566;-6.181707000000074;1000.0;1714797;;8.839982512974801;2027-01-04;BRSTNCNTF1P8;2022-01-21
83;3;0.11579771597702286;937.96605;15.63520399999993;1738;0.0;5.586273995219192;4.541226699201456;-0.42595164692045273;-9.532215999999949;1000.0;1931848;;14.478517609871895;2029-01-02;BRSTNCNTF1Q6;2022-01-21
84;4;0.11569081797254875;926.790568;15.830389999999966;2239;0.0;6.90925269350457;5.341826520817089;-0.4950754435385534;-11.922444000000041;1000.0;350142;;20.537445230233754;2031-01-02;BRSTNCNTF204;2022-01-21
85;5;0.11673561395434996;911.279055;0.5479609999999866;2743;0.0;8.176785339235424;5.965689213552649;-0.5436407628949951;-12.89009800000008;1000.0;0;;26.472838073236545;2033-01-03;BRSTNCNTF212;2022-01-21
86;0;0.11892844524581812;990.979781;1.6766480000000001;235;0.0;0.910129229362289;0.8122813958007211;-0.08049544397209729;0.9625310000000127;1000.0;318491;;0.6974108773464545;2023-01-02;BRSTNCNTF147;2022-01-24
87;1;0.11163070891928199;980.112842;7.855646999999976;737;0.0;2.641307222192258;2.330936265071567;-0.2284580567280159;2.6776740000000245;1000.0;649925;;3.9721439785302763;2025-01-02;BRSTNCNTF170;2022-01-24
88;2;0.11237059817300024;964.21312;9.279097999999976;1238;0.0;4.177048113007347;3.5643042311157176;-0.3436748903313287;3.8481840000000602;1000.0;950962;;8.847304375048319;2027-01-04;BRSTNCNTF1P8;2022-01-24
89;3;0.1147767610629251;942.735405;8.832828999999947;1737;0.0;5.582305741250938;4.546182081088384;-0.42858468054186005;4.769355000000019;1000.0;65478;;14.505435634643902;2029-01-02;BRSTNCNTF1Q6;2022-01-24
90;4;0.11475095057128955;931.862098;19.070545999999922;2238;0.0;6.905284439536316;5.350060978212161;-0.49855190475847166;5.071529999999939;1000.0;309246;;20.588898316522243;2031-01-02;BRSTNCNTF204;2022-01-24
91;5;0.11598943609905339;915.747753;19.31375700000001;2742;0.0;8.172817085267171;5.975093473055828;-0.547167842191584;4.468698000000018;1000.0;152852;;26.539763347822845;2033-01-03;BRSTNCNTF212;2022-01-24
92;0;0.11918206294869997;991.21847;0.7799929999999904;234;0.0;0.9061609753940351;0.8085493505683271;-0.08014490501898308;0.23868900000002213;1000.0;156370;;0.6926352319180078;2023-01-02;BRSTNCNTF147;2022-01-25
93;1;0.11094211111392435;982.097781;4.474031999999966;736;0.0;2.637338968224004;2.329094411478615;-0.22873984532526492;1.984939000000054;1000.0;1404405;;3.9677447852309635;2025-01-02;BRSTNCNTF170;2022-01-25
94;2;0.11201975483568631;965.826788;10.31445999999994;1237;0.0;4.173079859039093;3.5624870165627014;-0.34407453924984566;1.6136679999999615;1000.0;1015054;;8.840554861601902;2027-01-04;BRSTNCNTF1P8;2022-01-25
95;3;0.11467069498425944;943.596546;8.410260999999991;1736;0.0;5.578337487282684;4.5435070431944204;-0.4287237552684928;0.8611409999999751;1000.0;184562;;14.492304084515387;2029-01-02;BRSTNCNTF1Q6;2022-01-25
96;4;0.11466390386747204;932.697904;13.990638999999987;2237;0.0;6.901316185568063;5.347593845746307;-0.4987689571370879;0.8358060000000478;1000.0;587826;;20.574940068844974;2031-01-02;BRSTNCNTF204;2022-01-25
97;5;0.11584016822539935;916.963788;6.663219000000026;2741;0.0;8.168848831298916;5.974131494868869;-0.5478062245545061;1.2160350000000335;1000.0;131496;;26.534892166295755;2033-01-03;BRSTNCNTF212;2022-01-25
98;0;0.12101141483725615;990.203388;1.2019320000000562;233;0.0;0.9021927214257812;0.8036734498828018;-0.07958001729195985;-1.0150820000000067;1000.0;741504;;0.6859290369390278;2023-01-02;BRSTNCNTF147;2022-01-26
99;1;0.11103086939659518;982.305118;5.4783089999999675;735;0.0;2.6333707142557503;2.3252998868293617;-0.22841539797173027;0.2073369999999386;1000.0;729017;;3.957113576629663;2025-01-02;BRSTNCNTF170;2022-01-26
100;2;0.11114810805931088;969.23768;13.070528999999965;1236;0.0;4.16911160507084;3.5632679289053493;-0.34536535406306257;3.41089199999999;1000.0;2474815;;8.845037147111155;2027-01-04;BRSTNCNTF1P8;2022-01-26
101;3;0.11368584950708359;948.237187;12.41068000000007;1735;0.0;5.57436923331443;4.548164314179641;-0.4312738535291487;4.64064099999996;1000.0;423581;;14.517657766808048;2029-01-02;BRSTNCNTF1Q6;2022-01-26
102;4;0.11363272944533843;938.26219;12.184738000000038;2236;0.0;6.897347931599808;5.356985153148523;-0.5026256621590619;5.564286000000038;1000.0;630266;;20.633479905466228;2031-01-02;BRSTNCNTF204;2022-01-26
103;5;0.11511706090037226;921.336049;8.17184199999997;2740;0.0;8.164880577330662;5.983148812895112;-0.5512490687851823;4.37226099999998;1000.0;70118;;26.599148913429804;2033-01-03;BRSTNCNTF212;2022-01-26
104;0;0.12307402558473994;989.020278;3.0429319999999507;232;0.0;0.8982244674575272;0.7986454358019937;-0.07898765309403188;-1.183110000000056;1000.0;344342;;0.6789911311592274;2023-01-02;BRSTNCNTF147;2022-01-27
105;1;0.11377973101967143;976.473017;7.6420989999999165;734;0.0;2.6294024602874964;2.3148614354133565;-0.2260399729775031;-5.832100999999966;1000.0;359662;;3.9253416167915667;2025-01-02;BRSTNCNTF170;2022-01-27
106;2;0.11350865758221199;961.542861;13.110700999999949;1235;0.0;4.165143351102586;3.547938610253253;-0.3411495041955277;-7.694818999999939;1000.0;1513066;;8.779996316696334;2027-01-04;BRSTNCNTF1P8;2022-01-27
107;3;0.11569648453855072;940.029513;14.577994999999987;1734;0.0;5.570400979346175;4.52784344827141;-0.42563064716188137;-8.207673999999997;1000.0;262644;;14.412049715866356;2029-01-02;BRSTNCNTF1Q6;2022-01-27
108;4;0.11526638592792254;930.505165;18.2330639999999;2235;0.0;6.893379677631554;5.332918048217621;-0.4962307788388216;-7.757024999999999;1000.0;579637;;20.487596477581064;2031-01-02;BRSTNCNTF204;2022-01-27
109;5;0.11598806367674887;916.952415;6.077666999999906;2739;0.0;8.160912323362409;5.964449856154101;-0.5469116699746905;-4.383634000000029;1000.0;32260;;26.471466793933764;2033-01-03;BRSTNCNTF212;2022-01-27
110;0;0.12332781878830515;989.276292;2.89559399999996;231;0.0;0.8942562134892732;0.7949301209470679;-0.07864055224496269;0.25601400000005015;1000.0;384453;;0.6742952298491214;2023-01-02;BRSTNCNTF147;2022-01-28
111;1;0.11409419663218356;976.181013;5.96535700000004;733;0.0;2.625434206319242;2.3105161028020778;-0.22554819497861445;-0.2920040000000199;1000.0;302830;;3.913016116462917;2025-01-02;BRSTNCNTF170;2022-01-28
112;2;0.11351806688596323;961.921111;8.439192999999932;1234;0.0;4.161175097134331;3.544328117319267;-0.34093640403602876;0.37824999999998;1000.0;242358;;8.765557315427289;2027-01-04;BRSTNCNTF1P8;2022-01-28
113;3;0.1155984466198003;940.855251;11.417777000000001;1733;0.0;5.566432725377921;4.525102384774116;-0.42574663400273494;0.8257380000000012;1000.0;1583091;;14.398623025058312;2029-01-02;BRSTNCNTF1Q6;2022-01-28
114;4;0.11496563128984007;932.401889;13.826836999999955;2234;0.0;6.889411423663299;5.3331298481814775;-0.49726203447266926;1.8967239999999492;1000.0;669852;;20.490015029957718;2031-01-02;BRSTNCNTF204;2022-01-28
115;5;0.11573245404275073;918.751134;6.783651000000077;2738;0.0;8.156944069394156;5.965333800069453;-0.5480657193502338;1.7987190000000055;1000.0;585434;;26.479371728927706;2033-01-03;BRSTNCNTF212;2022-01-28
116;0;0.12343089761918234;989.652207;2.89559399999996;230;0.0;0.8902879595210191;0.7913239900140563;-0.07831355331694567;0.3759149999999636;1000.0;0;;0.6697970006067093;2023-01-02;BRSTNCNTF147;2022-01-31
117;1;0.11329325528550596;978.406573;5.96535700000004;732;0.0;2.6214659523509876;2.3089454349916885;-0.2259087390294212;2.225559999999973;1000.0;0;;3.909511936769604;2025-01-02;BRSTNCNTF170;2022-01-31
118;2;0.11243467864179203;966.033067;8.439192999999932;1233;0.0;4.157206843166077;3.5461485645633664;-0.34256967738627964;4.111955999999964;1000.0;0;;8.774497368767083;2027-01-04;BRSTNCNTF1P8;2022-01-31
119;3;0.1145453780529598;945.760632;11.417777000000001;1732;0.0;5.562464471409668;4.530310725488513;-0.4284589534894394;4.905381000000034;1000.0;0;;14.426780274138414;2029-01-02;BRSTNCNTF1Q6;2022-01-31
120;4;0.11388027014297336;938.223007;13.826836999999955;2233;0.0;6.885443169695046;5.343186580703822;-0.5013100580709988;5.8211180000000695;1000.0;0;;20.552491347083222;2031-01-02;BRSTNCNTF204;2022-01-31
121;5;0.11463313458495504;925.203999;6.783651000000077;2737;0.0;8.152975815425899;5.980892670873574;-0.5533545816682022;6.452864999999974;1000.0;0;;26.588831570238337;2033-01-03;BRSTNCNTF212;2022-01-31
122;0;0.1224284929437458;990.891926;1.4744680000000017;229;0.0;0.8863197055527652;0.7885043286216222;-0.07813225728472162;1.2397190000000364;1000.0;1312349;;0.6666344380345838;2023-01-02;BRSTNCNTF147;2022-02-01
123;1;0.11159757337515808;982.66076;7.347410000000082;731;0.0;2.617497698382734;2.309600276735833;-0.2269553563233444;4.254187000000002;1000.0;240809;;3.913076501626832;2025-01-02;BRSTNCNTF170;2022-02-01
124;2;0.11119072872687512;970.713655;9.175784000000021;1232;0.0;4.153238589197823;3.548770430169305;-0.3444839915025568;4.680588000000057;1000.0;311079;;8.786894430319201;2027-01-04;BRSTNCNTF1P8;2022-02-01
125;3;0.11350434511532374;950.641347;12.189269999999965;1731;0.0;5.558496217441414;4.535424969441205;-0.4311562502167021;4.880715000000009;1000.0;263713;;14.454462577676484;2029-01-02;BRSTNCNTF1Q6;2022-02-01
126;4;0.11319724245546958;942.056906;9.698529000000008;2232;0.0;6.881474915726792;5.348201950234282;-0.5038310581900873;3.833898999999974;1000.0;602592;;20.584224206421457;2031-01-02;BRSTNCNTF204;2022-02-01
127;5;0.11369834143291244;930.795955;4.716090000000008;2736;0.0;8.149007561457646;5.993615456406091;-0.5578833022648269;5.591956000000096;1000.0;316430;;26.678748067228856;2033-01-03;BRSTNCNTF212;2022-02-01
128;0;0.12217984144225219;991.539703;1.0251899999999523;228;0.0;0.8823514515845112;0.7851450894214088;-0.07785025287768121;0.6477770000000191;1000.0;818719;;0.6625739084935484;2023-01-02;BRSTNCNTF147;2022-02-02
129;1;0.11048667267222756;985.596553;2.0638979999999947;730;0.0;2.61352944441448;2.3087977602111343;-0.22755431140382143;2.9357929999999897;1000.0;66030;;3.9120165015456414;2025-01-02;BRSTNCNTF170;2022-02-02
130;2;0.10998490720211222;975.283704;8.627356000000077;1231;0.0;4.149270335229569;3.5512058953901477;-0.34634332393227396;4.570048999999926;1000.0;540427;;8.798496504722644;2027-01-04;BRSTNCNTF1P8;2022-02-02
131;3;0.11212824750706156;957.004099;5.0315180000000055;1730;0.0;5.55452796347316;4.5433429695624685;-0.4347997845034115;6.362752;1000.0;1212908;;14.496862871734676;2029-01-02;BRSTNCNTF1Q6;2022-02-02
132;4;0.11186004005009019;949.228285;12.583615000000009;2231;0.0;6.877506661758538;5.361452170275038;-0.5089242048699703;7.171379000000002;1000.0;1119638;;20.666308260443326;2031-01-02;BRSTNCNTF204;2022-02-02
133;5;0.1123953646016657;938.504001;7.171551999999906;2735;0.0;8.145039307489393;6.012792105537626;-0.5643029448228276;7.7080459999999675;1000.0;338390;;26.813545107794575;2033-01-03;BRSTNCNTF212;2022-02-02
134;0;0.11997739066290494;993.704215;0.8563960000000179;227;0.0;0.8783831976162574;0.7831658799527937;-0.07782352359532752;2.164511999999945;1000.0;383212;;0.6608399645246462;2023-01-02;BRSTNCNTF147;2022-02-03
135;1;0.1092553979641454;988.811004;8.531961999999908;729;0.0;2.6095611904462257;2.308293805279573;-0.22824663151254754;3.2144510000000537;1000.0;272925;;3.9119076171490024;2025-01-02;BRSTNCNTF170;2022-02-03
136;2;0.10980163642945232;976.322284;12.222279999999955;1230;0.0;4.145302081261315;3.548544155143176;-0.3464522734424236;1.0385800000000245;1000.0;760020;;8.788131257737028;2027-01-04;BRSTNCNTF1P8;2022-02-03
137;3;0.11233918207266465;956.491587;11.722036000000003;1729;0.0;5.550559709504906;4.538014068333133;-0.43405722780482847;-0.5125120000000152;1000.0;1039164;;14.469827185353859;2029-01-02;BRSTNCNTF1Q6;2022-02-03
138;4;0.112263617616076;947.577566;12.739520999999968;2230;0.0;6.873538407790285;5.352805976447692;-0.5072198858432557;-1.650718999999981;1000.0;1828355;;20.6145472476597;2031-01-02;BRSTNCNTF204;2022-02-03
139;5;0.1132543277478223;934.07295;3.7849559999999656;2734;0.0;8.14107105352114;5.99423054555606;-0.5599048608667658;-4.431051000000025;1000.0;14320;;26.686497481580957;2033-01-03;BRSTNCNTF212;2022-02-03
140;0;0.12069861069347113;993.59247;2.8205359999999473;226;0.0;0.8744149436480034;0.7791144719475885;-0.07741222725951502;-0.11174499999992804;1000.0;841433;;0.6556382090647196;2023-01-02;BRSTNCNTF147;2022-02-04
141;1;0.11111058067411222;985.001628;15.301045999999928;728;0.0;2.605592936477972;2.3001000346562352;-0.2265602278699248;-3.809376000000043;1000.0;233720;;3.8874105835882906;2025-01-02;BRSTNCNTF170;2022-02-04
142;2;0.11255760825673403;967.24828;12.767476999999985;1229;0.0;4.141333827293061;3.5312700489050055;-0.34156148810188824;-9.074003999999945;1000.0;241588;;8.714970656835185;2027-01-04;BRSTNCNTF1P8;2022-02-04
143;3;0.11534902271875747;943.960432;9.362733999999932;1728;0.0;5.546591455536651;4.509388834952187;-0.4256684632697443;-12.531155000000012;1000.0;1945783;;14.3211282116012;2029-01-02;BRSTNCNTF1Q6;2022-02-04
144;4;0.11546050112356816;931.964073;19.82153100000005;2229;0.0;6.869570153822031;5.309140117745595;-0.4947927848261884;-15.613493000000062;1000.0;1250543;;20.349642442686925;2031-01-02;BRSTNCNTF204;2022-02-04
145;5;0.11652606859595287;916.418855;29.07886099999996;2733;0.0;8.137102799552883;5.93378577378999;-0.5437833164631911;-17.654094999999984;1000.0;657812;;26.27058310112841;2033-01-03;BRSTNCNTF212;2022-02-04
146;0;0.12037861431170001;994.288634;3.082098999999971;225;0.0;0.8704466896797495;0.7757980096391218;-0.07713671432640012;0.6961639999999534;1000.0;2253010;;0.6516810299664477;2023-01-02;BRSTNCNTF147;2022-02-07
147;1;0.10993747666092311;988.073576;7.295798999999988;727;0.0;2.6016246825097182;2.2994422100411325;-0.2272018087280685;3.0719480000000203;1000.0;1048062;;3.88681712414564;2025-01-02;BRSTNCNTF170;2022-02-07
148;2;0.11132367790593176;971.882771;13.062414000000103;1228;0.0;4.137365573324807;3.5338254243307587;-0.3434464045628829;4.6344910000000255;1000.0;524018;;8.727040755624676;2027-01-04;BRSTNCNTF1P8;2022-02-07
149;3;0.11444742440699547;948.216906;19.529595000000086;1727;0.0;5.542623201568398;4.513323033713252;-0.4279609202806114;4.256474000000026;1000.0;884529;;14.342551332792263;2029-01-02;BRSTNCNTF1Q6;2022-02-07
150;4;0.11476643230177175;935.8108;23.079737000000023;2228;0.0;6.865601899853777;5.31426942605559;-0.49731507230126226;3.846726999999987;1000.0;88052;;20.381937134058283;2031-01-02;BRSTNCNTF204;2022-02-07
151;5;0.11576984334907517;920.945134;8.991591999999969;2732;0.0;8.133134545584632;5.943345132440563;-0.5473494779403723;4.526279000000045;1000.0;220544;;26.338263484385955;2033-01-03;BRSTNCNTF212;2022-02-07
152;0;0.12204272972873914;993.460638;1.3884120000000166;224;0.0;0.8664784357114953;0.7710957373257191;-0.07660532631626893;-0.8279959999999846;1000.0;0;;0.6454248222835802;2023-01-02;BRSTNCNTF147;2022-02-08
153;1;0.1114225467997546;985.120807;5.697194999999965;726;0.0;2.5976564285414643;2.292184351608625;-0.22580784982494606;-2.9527689999999893;1000.0;808633;;3.865351081761734;2025-01-02;BRSTNCNTF170;2022-02-08
154;2;0.1127400018599923;967.445447;12.86814800000002;1227;0.0;4.133397319356553;3.5232330864723007;-0.3408535808227384;-4.437324000000103;1000.0;144560;;8.682731051092174;2027-01-04;BRSTNCNTF1P8;2022-02-08
155;3;0.11585117535832778;942.646058;19.856583999999998;1726;0.0;5.538654947600145;4.498106073977862;-0.42401219591010886;-5.570847999999955;1000.0;437897;;14.264190503384102;2029-01-02;BRSTNCNTF1Q6;2022-02-08
156;4;0.11617136811976701;929.266524;26.941525999999953;2227;0.0;6.861633645885523;5.293139890085062;-0.49187377067050875;-6.544275999999968;1000.0;221138;;20.254819606465652;2031-01-02;BRSTNCNTF204;2022-02-08
157;5;0.11807249282445284;908.871612;6.74885299999994;2731;0.0;8.129166291616377;5.899925438197221;-0.5362274743694115;-12.073522000000025;1000.0;140504;;26.041368972365746;2033-01-03;BRSTNCNTF212;2022-02-08
158;0;0.12346974289343579;992.827346;1.7047840000000178;223;0.0;0.8625101817432413;0.7665712887686759;-0.07610729381480041;-0.6332919999999831;1000.0;2999474;;0.639487360472406;2023-01-02;BRSTNCNTF147;2022-02-09
159;1;0.11212823123759064;983.94408;5.07683899999995;725;0.0;2.5936881745732103;2.2868695636617136;-0.22501517688971262;-1.176727000000028;1000.0;464027;;3.8500657576073696;2025-01-02;BRSTNCNTF170;2022-02-09
160;2;0.11209612802178079;970.052502;7.537987000000044;1226;0.0;4.1294290653883;3.522855030040102;-0.3417354336073686;2.6070550000000594;1000.0;179280;;8.68221503391078;2027-01-04;BRSTNCNTF1P8;2022-02-09
161;3;0.11484824956444921;947.320751;7.684218000000101;1725;0.0;5.53468669363189;4.502872188754008;-0.42656642635074604;4.674692999999934;1000.0;399702;;14.289902374377574;2029-01-02;BRSTNCNTF1Q6;2022-02-09
162;4;0.11526859984191756;934.126698;13.672271000000023;2226;0.0;6.857665391917269;5.3008672537900585;-0.4951681624319235;4.860174000000029;1000.0;278767;;20.302807988072;2031-01-02;BRSTNCNTF204;2022-02-09
163;5;0.11638124319346839;918.409798;6.74885299999994;2730;0.0;8.125198037648124;5.9256324331864425;-0.5442158885985009;9.538185999999996;1000.0;0;;26.219858069729344;2033-01-03;BRSTNCNTF212;2022-02-09
164;0;0.12444050451567648;992.550968;3.05433000000005;222;0.0;0.8585419277749874;0.7623716487826172;-0.07566927179749428;-0.27637800000002244;1000.0;2404093;;0.6341088716720661;2023-01-02;BRSTNCNTF147;2022-02-10
165;1;0.11347791978064159;981.332453;5.887637999999924;724;0.0;2.5897199206049564;2.279975402331927;-0.2237413854350052;-2.6116269999999986;1000.0;134848;;3.829841401273334;2025-01-02;BRSTNCNTF170;2022-02-10
166;2;0.11312611515439407;966.952733;8.35759900000005;1225;0.0;4.125460811420045;3.514191572818691;-0.33980571456226016;-3.0997690000000375;1000.0;766737;;8.646264126418595;2027-01-04;BRSTNCNTF1P8;2022-02-10
167;3;0.11575141089835145;943.889344;10.277192000000014;1724;0.0;5.530718439663636;4.4918205689125115;-0.4239781570156538;-3.431406999999922;1000.0;555566;;14.233332515289074;2029-01-02;BRSTNCNTF1Q6;2022-02-10
168;4;0.11597219971885439;931.057378;14.355251000000067;2225;0.0;6.853697137949014;5.288516600086069;-0.49239123991856104;-3.0693200000000616;1000.0;694626;;20.229082575872884;2031-01-02;BRSTNCNTF204;2022-02-10
169;5;0.11702453808837253;915.320713;9.302763000000027;2729;0.0;8.121229783679869;5.91094064476965;-0.5410406405471235;-3.0890850000000682;1000.0;18896;;26.120661141053017;2033-01-03;BRSTNCNTF212;2022-02-10
170;0;0.12569179728603885;992.071106;2.110345999999936;221;0.0;0.8545736738067334;0.7579877914158835;-0.07519777865644528;-0.47986200000002555;1000.0;628187;;0.6284446037325634;2023-01-02;BRSTNCNTF147;2022-02-11
171;1;0.11450562821501564;979.458282;5.971320999999989;723;0.0;2.585751666636702;2.273887500623609;-0.2227177944822074;-1.874170999999933;1000.0;220372;;3.8121978454228285;2025-01-02;BRSTNCNTF170;2022-02-11
172;2;0.1136473275183122;965.596254;7.136947999999961;1224;0.0;4.121492557451791;3.508052949212516;-0.33873627865932576;-1.356478999999922;1000.0;617350;;8.621158589539101;2027-01-04;BRSTNCNTF1P8;2022-02-11
173;3;0.11625329489746156;942.17594;3.83764199999996;1723;0.0;5.526750185695382;4.484106335030202;-0.42248171012670355;-1.7134040000000823;1000.0;1874173;;14.194190456210052;2029-01-02;BRSTNCNTF1Q6;2022-02-11
174;4;0.11627245403454742;929.986488;5.891120999999998;2224;0.0;6.84972888398076;5.281212442789113;-0.49114562120513483;-1.070889999999963;1000.0;452933;;20.186010241590882;2031-01-02;BRSTNCNTF204;2022-02-11
175;5;0.11753540831286666;912.965433;6.007739000000015;2728;0.0;8.117261529711614;5.898554942699464;-0.5385176767335906;-2.3552799999999934;1000.0;651297;;26.03745656877051;2033-01-03;BRSTNCNTF212;2022-02-11
176;0;0.1257459462971457;992.496776;1.606096999999977;220;0.0;0.8506054198384796;0.7544258453543116;-0.07487652192452288;0.42566999999996824;1000.0;227446;;0.6241524686057413;2023-01-02;BRSTNCNTF147;2022-02-14
177;1;0.11496759145249685;978.852827;5.108729000000039;722;0.0;2.5817834126684485;2.269195297071025;-0.2221208231553078;-0.6054550000000063;1000.0;695812;;3.7989645531093057;2025-01-02;BRSTNCNTF170;2022-02-14
178;2;0.11375208093048898;965.654254;6.759425999999962;1223;0.0;4.117524303483538;3.5039729794509253;-0.3383626413507841;0.057999999999992724;1000.0;57687;;8.604862764725869;2027-01-04;BRSTNCNTF1P8;2022-02-14
179;3;0.11632480358189512;942.285279;5.950510000000008;1722;0.0;5.5227819317271285;4.4799594398376374;-0.42213998306760914;0.1093389999999772;1000.0;227338;;14.173594749989103;2029-01-02;BRSTNCNTF1Q6;2022-02-14
180;4;0.11647337760473374;929.406668;4.733712999999966;2223;0.0;6.845760630012506;5.275150862303729;-0.49027603861310354;-0.5798200000000406;1000.0;1223360;;20.150497548227698;2031-01-02;BRSTNCNTF204;2022-02-14
181;5;0.1178396120074706;911.732387;2.1794290000000274;2727;0.0;8.113293275743361;5.889749308393686;-0.5369875195773375;-1.2330459999999448;1000.0;100723;;25.97890906971241;2033-01-03;BRSTNCNTF212;2022-02-14
182;0;0.12480090150766494;993.668574;7.191368000000011;219;0.0;0.8466371658702256;0.751540249251692;-0.07467819277775334;1.1717980000000807;1000.0;577519;;0.6209843312109942;2023-01-02;BRSTNCNTF147;2022-02-15
183;1;0.11349453533640803;982.551945;2.6799720000000207;721;0.0;2.5778151587001945;2.2692431530295054;-0.22296492736870732;3.6991179999999986;1000.0;1036937;;3.800593562252344;2025-01-02;BRSTNCNTF170;2022-02-15
184;2;0.1123334790253016;970.881114;4.93271500000003;1222;0.0;4.113556049515283;3.507409406068709;-0.34052775514180667;5.226859999999988;1000.0;148292;;8.620615365230023;2027-01-04;BRSTNCNTF1P8;2022-02-15
185;3;0.11491055025828045;948.691623;5.777693999999997;1721;0.0;5.518813677758874;4.488117836398629;-0.4257839794428264;6.406344000000104;1000.0;197908;;14.216825612745284;2029-01-02;BRSTNCNTF1Q6;2022-02-15
186;4;0.11547026481104013;934.748843;5.924385000000029;2222;0.0;6.841792376044252;5.284115644212922;-0.4939320984706228;5.3421749999999975;1000.0;27090;;20.20584135630408;2031-01-02;BRSTNCNTF204;2022-02-15
187;5;0.11684360058607436;917.506677;4.354292999999984;2726;0.0;8.109325021775106;5.903412493871399;-0.541642038021223;5.774289999999951;1000.0;3825;;26.07441866859096;2033-01-03;BRSTNCNTF212;2022-02-15
188;0;0.12469826286644488;994.208749;1.1206379999999854;218;0.0;0.8426689119019717;0.7480814747530393;-0.07437491471642943;0.5401749999999765;1000.0;180556;;0.6168843840999999;2023-01-02;BRSTNCNTF147;2022-02-16
189;1;0.11376389926820983;982.371562;6.806296999999972;720;0.0;2.57384690473194;2.26501997882635;-0.2225091214560848;-0.18038300000000618;1000.0;458298;;3.788848792303331;2025-01-02;BRSTNCNTF170;2022-02-16
190;2;0.11231479526611869;971.354948;4.586428000000069;1221;0.0;4.1095877955470295;3.50393412813055;-0.34035637528256757;0.47383400000001075;1000.0;39348;;8.606898476597406;2027-01-04;BRSTNCNTF1P8;2022-02-16
191;3;0.11459882750813422;950.429304;7.666558000000009;1720;0.0;5.51484542379062;4.487142471665566;-0.42647116962939435;1.7376809999999523;1000.0;917831;;14.212668074402135;2029-01-02;BRSTNCNTF1Q6;2022-02-16
192;4;0.1147862194063813;938.541031;11.775326000000064;2221;0.0;6.837824122075998;5.289104058949037;-0.4964041176552314;3.79218800000001;1000.0;22975;;20.23715306105095;2031-01-02;BRSTNCNTF204;2022-02-16
193;5;0.11616862825772661;921.575364;5.143624000000045;2725;0.0;8.105356767806853;5.911540841503245;-0.544793040280922;4.068687000000068;1000.0;739429;;26.132008633609818;2033-01-03;BRSTNCNTF212;2022-02-16
194;0;0.12496057108341249;994.478265;1.5662589999999454;217;0.0;0.8387006579337176;0.74437722238838;-0.07402669686263152;0.26951599999995324;1000.0;16241;;0.6123945943826966;2023-01-02;BRSTNCNTF147;2022-02-17
195;1;0.11461107336559742;980.911458;4.8301400000000285;719;0.0;2.569878650763686;2.259387922757122;-0.22162595014992803;-1.4601040000000012;1000.0;12288;;3.7727207930000346;2025-01-02;BRSTNCNTF170;2022-02-17
196;2;0.11336889202823652;968.189041;6.2968740000000025;1220;0.0;4.1056195415787755;3.495170818191291;-0.3383986082595811;-3.165907000000061;1000.0;80130;;8.570689674723615;2027-01-04;BRSTNCNTF1P8;2022-02-17
197;3;0.11568258233353423;946.234171;13.347241999999937;1719;0.0;5.510877169822367;4.474607223483686;-0.42340262566636966;-4.195133000000055;1000.0;1957104;;14.148593069493346;2029-01-02;BRSTNCNTF1Q6;2022-02-17
198;4;0.11584903437119964;933.692612;11.772512000000006;2220;0.0;6.833855868107744;5.272273726500021;-0.4922683026874779;-4.848418999999922;1000.0;103133;;20.13652628674693;2031-01-02;BRSTNCNTF204;2022-02-17
199;5;0.11725336433786587;916.096998;4.1034779999999955;2724;0.0;8.101388513838598;5.889223359746251;-0.5395099840415014;-5.478366000000051;1000.0;500020;;25.98078302604332;2033-01-03;BRSTNCNTF212;2022-02-17
200;0;0.12472628732300889;995.115772;0.6298340000000735;216;0.0;0.8347324039654636;0.7410061921108332;-0.0737386948919152;0.6375070000000278;1000.0;84127;;0.6084627045834224;2023-01-02;BRSTNCNTF147;2022-02-18
201;1;0.114058879025261;982.557438;3.1148899999999458;718;0.0;2.5659103967954326;2.2571742768739056;-0.22178033746047277;1.6459800000000087;1000.0;237832;;3.767287842436942;2025-01-02;BRSTNCNTF170;2022-02-18
202;2;0.1131806154468501;969.238766;4.7968550000000505;1219;0.0;4.101651287610522;3.4925334537208643;-0.33850988148981287;1.0497250000000804;1000.0;250570;;8.560576644886213;2027-01-04;BRSTNCNTF1P8;2022-02-18
203;3;0.1158172949798767;946.075367;8.958343000000013;1718;0.0;5.506908915854112;4.469936205344162;-0.4228896535937565;-0.15880399999991823;1000.0;3474827;;14.125325250049697;2029-01-02;BRSTNCNTF1Q6;2022-02-18
204;4;0.11577202571430184;934.47795;5.453893999999991;2219;0.0;6.82988761413949;5.269678047308867;-0.4924397938809193;0.7853379999999106;1000.0;397694;;20.121987491714197;2031-01-02;BRSTNCNTF204;2022-02-18
205;5;0.1171241625515065;917.197485;10.919146000000069;2723;0.0;8.097420259870345;5.887903859804718;-0.540037061213468;1.1004870000000437;1000.0;500966;;25.973565513752437;2033-01-03;BRSTNCNTF212;2022-02-18
206;0;0.1246790178345495;995.614737;0.49470899999994344;215;0.0;0.8307641499972096;0.7375094180730729;-0.07342752453098456;0.4989649999999983;1000.0;323150;;0.6043372662728744;2023-01-02;BRSTNCNTF147;2022-02-21
207;1;0.11347257484640814;984.278746;1.2885849999998982;717;0.0;2.5619421428271787;2.2550415773687194;-0.22195894959503448;1.7213079999999081;1000.0;221390;;3.762112814370338;2025-01-02;BRSTNCNTF170;2022-02-21
208;2;0.11217746111990849;973.053357;2.669554000000062;1218;0.0;4.097683033642268;3.493908099512693;-0.3399759005280316;3.8145909999999503;1000.0;466902;;8.56752003123802;2027-01-04;BRSTNCNTF1P8;2022-02-21
209;3;0.11466286312194993;951.384933;2.3368299999999635;1717;0.0;5.502940661885859;4.475931435644345;-0.42583337290130885;5.309566000000018;1000.0;2785522;;14.157261644409035;2029-01-02;BRSTNCNTF1Q6;2022-02-21
210;4;0.11476890373897218;939.841815;5.977434000000017;2218;0.0;6.825919360171238;5.278641369984085;-0.49610878858999286;5.3638650000000325;1000.0;1381315;;20.177245012723734;2031-01-02;BRSTNCNTF204;2022-02-21
211;5;0.1162595698865102;922.286904;2.98169699999994;2722;0.0;8.093452005902092;5.899301205162432;-0.5440848244272729;5.089419000000021;1000.0;1013646;;26.05344927416832;2033-01-03;BRSTNCNTF212;2022-02-21
212;0;0.1252148940241419;995.687452;0.8084029999999984;214;0.0;0.8267958960289558;0.7336266990341236;-0.07304628986804573;0.07271500000001652;1000.0;290873;;0.5995964940667042;2023-01-02;BRSTNCNTF147;2022-02-22
213;1;0.11407900856537512;983.35553;4.9026079999999865;716;0.0;2.5579738888589243;2.2500013378905406;-0.2212551258122062;-0.9232159999999112;1000.0;23377;;3.7478834049386394;2025-01-02;BRSTNCNTF170;2022-02-22
214;2;0.11268263083481413;971.749676;7.807897000000025;1217;0.0;4.093714779674014;3.4878533692515896;-0.33893203815057404;-1.3036809999999832;1000.0;43999;;8.542895426701968;2027-01-04;BRSTNCNTF1P8;2022-02-22
215;3;0.1151888332307691;949.559621;6.166336999999999;1716;0.0;5.498972407917605;4.468019345253138;-0.42426507560992377;-1.8253120000000536;1000.0;3746734;;14.117224555804519;2029-01-02;BRSTNCNTF1Q6;2022-02-22
216;4;0.11517050282917776;938.258275;3.959998999999925;2217;0.0;6.821951106202981;5.2700683296366035;-0.49446852200969715;-1.5835399999999709;1000.0;21958;;20.126600810655603;2031-01-02;BRSTNCNTF204;2022-02-22
217;5;0.11661494189569832;920.759343;6.2555600000000595;2721;0.0;8.08948375193384;5.889599698154485;-0.5422903948605722;-1.5275610000001052;1000.0;706298;;25.98880039703807;2033-01-03;BRSTNCNTF212;2022-02-22
218;0;0.12471827424493048;996.515027;0.8487169999999651;213;0.0;0.8228276420607018;0.7304268822153064;-0.07278813642523119;0.8275750000000244;1000.0;2359297;;0.5959786354325607;2023-01-02;BRSTNCNTF147;2022-02-23
219;1;0.11274234590123305;986.73777;4.852485999999999;715;0.0;2.554005634890671;2.249691354126102;-0.22198554299586704;3.3822399999999107;1000.0;264658;;3.7483983350439742;2025-01-02;BRSTNCNTF170;2022-02-23
220;2;0.11178283566090327;975.216091;7.805157000000008;1216;0.0;4.08974652570576;3.488714714115782;-0.34022507261141754;3.4664149999999836;1000.0;104879;;8.547652237110668;2027-01-04;BRSTNCNTF1P8;2022-02-23
221;3;0.11479283724681968;951.652085;5.975156999999967;1715;0.0;5.495004153949351;4.467736006575216;-0.4251730285886879;2.0924640000000636;1000.0;2380980;;14.116664014638323;2029-01-02;BRSTNCNTF1Q6;2022-02-23
222;4;0.114468388940228;942.144436;8.442062999999962;2216;0.0;6.817982852234728;5.27527445222579;-0.49700704735374757;3.8861610000000155;1000.0;96813;;20.159147659935943;2031-01-02;BRSTNCNTF204;2022-02-23
223;5;0.1159469853576083;924.794812;3.550836000000004;2720;0.0;8.085515497965583;5.897600235272017;-0.545407010082954;4.035469000000035;1000.0;656283;;26.045387903600204;2033-01-03;BRSTNCNTF212;2022-02-23
224;0;0.12549152127114394;996.419887;1.2529349999999795;212;0.0;0.8188593880924478;0.7263923048111092;-0.0723791738277555;-0.09514000000001488;1000.0;7172281;;0.5910195797822629;2023-01-02;BRSTNCNTF147;2022-02-24
225;1;0.11398277920895986;984.411441;3.3681399999999257;714;0.0;2.550037380922417;2.243111064136305;-0.22081441949694636;-2.326328999999987;1000.0;153967;;3.729408592247244;2025-01-02;BRSTNCNTF170;2022-02-24
226;2;0.11297644686900525;971.579569;5.728659999999991;1215;0.0;4.085778271737506;3.479277032477453;-0.3380394479646043;-3.6365220000000136;1000.0;190134;;8.508720666722713;2027-01-04;BRSTNCNTF1P8;2022-02-24
227;3;0.11559771113147005;948.650373;7.23914400000001;1714;0.0;5.491035899981097;4.457524251651724;-0.42286320439859537;-3.0017120000001114;1000.0;3167435;;14.064822207989183;2029-01-02;BRSTNCNTF1Q6;2022-02-24
228;4;0.1156726946875704;936.593125;11.868072999999981;2215;0.0;6.814014598266474;5.256689935624954;-0.4923379653963025;-5.551311000000055;1000.0;72078;;20.04820225854037;2031-01-02;BRSTNCNTF204;2022-02-24
229;5;0.11709694715712717;918.958284;3.8254759999999806;2719;0.0;8.081547243997328;5.874164976724336;-0.5398112566943496;-5.83652799999993;1000.0;706224;;25.886857918242743;2033-01-03;BRSTNCNTF212;2022-02-24
230;0;0.125822437307513;996.649044;1.4351660000000948;211;0.0;0.8148911341241938;0.7226510593124791;-0.07202294874093695;0.2291569999999865;1000.0;2741414;;0.5865505346616428;2023-01-02;BRSTNCNTF147;2022-02-25
231;1;0.1143414492420296;984.042589;25.179240999999934;713;0.0;2.546069126954163;2.238679669108107;-0.2202956137530805;-0.3688519999999471;1000.0;132848;;3.717128692783089;2025-01-02;BRSTNCNTF170;2022-02-25
232;2;0.11322873189001446;971.140553;7.13014899999996;1214;0.0;4.081810017769252;3.4744733913135266;-0.33742020106240034;-0.4390160000000378;1000.0;187329;;8.489479699969488;2027-01-04;BRSTNCNTF1P8;2022-02-25
233;3;0.11577556703346772;948.310869;11.250513999999953;1713;0.0;5.487067646012842;4.452498824417895;-0.42223530294052125;-0.33950399999991987;1000.0;5118148;;14.039807374476844;2029-01-02;BRSTNCNTF1Q6;2022-02-25
234;4;0.11597396276020835;935.518832;11.381244000000038;2214;0.0;6.81004634429822;5.249380044290656;-0.49108938877589026;-1.0742930000000115;1000.0;93033;;20.005332381863145;2031-01-02;BRSTNCNTF204;2022-02-25
235;5;0.11726370997284104;918.462785;10.639667999999915;2718;0.0;8.077578990029075;5.867734029443277;-0.5389295338321745;-0.49549899999999525;1000.0;384063;;25.84474995097544;2033-01-03;BRSTNCNTF212;2022-02-25
236;0;0.12724335663912714;996.100167;0.642001999999934;210;0.0;0.8109228801559398;0.7182070693862053;-0.07154061817561796;-0.5488769999999477;1000.0;252161;;0.5809644784693545;2023-01-02;BRSTNCNTF147;2022-03-02
237;1;0.11544548123855335;982.040575;4.527746999999977;712;0.0;2.542100872985909;2.2324500698009486;-0.21923565502061138;-2.002014000000031;1000.0;124732;;3.699300898555302;2025-01-02;BRSTNCNTF170;2022-03-02
238;2;0.11418652633897763;968.331699;5.12119000000007;1213;0.0;4.077841763800999;3.4662153336471553;-0.33564461831304016;-2.8088539999999966;1000.0;210769;;8.455668098180256;2027-01-04;BRSTNCNTF1P8;2022-03-02
239;3;0.11646808799928837;945.806576;6.718552000000045;1712;0.0;5.483099392044589;4.443230642863177;-0.42024367607047;-2.504293000000075;1000.0;915363;;13.992972989550537;2029-01-02;BRSTNCNTF1Q6;2022-03-02
240;4;0.11657624985892984;932.975992;4.199411999999938;2213;0.0;6.806078090329966;5.238328269039415;-0.4887234513228691;-2.5428399999999556;1000.0;144688;;19.940029726815826;2031-01-02;BRSTNCNTF204;2022-03-02
241;5;0.11786589586788541;915.630773;3.1950669999999946;2717;0.0;8.073610736060822;5.853796942466676;-0.5359916619415799;-2.832012000000077;1000.0;203950;;25.751489969824753;2033-01-03;BRSTNCNTF212;2022-03-02
242;0;0.12883231803082787;995.443455;2.508767999999918;209;0.0;0.8069546261876858;0.7136665181598212;-0.07104146645548326;-0.6567120000000841;1000.0;794181;;0.5752443913160566;2023-01-02;BRSTNCNTF147;2022-03-03
243;1;0.11761290361182972;977.737158;4.7092139999999745;711;0.0;2.538132619017655;2.2236753620745526;-0.21741700288293941;-4.303416999999968;1000.0;67222;;3.673659390525743;2025-01-02;BRSTNCNTF170;2022-03-03
244;2;0.11509013858030596;965.722822;15.640811999999983;1212;0.0;4.073873509832744;3.4582349646162456;-0.33396964291682707;-2.6088770000000068;1000.0;210373;;8.42309746946315;2027-01-04;BRSTNCNTF1P8;2022-03-03
245;3;0.11713653689715019;943.417962;7.8382369999999355;1711;0.0;5.479131138076335;4.434170609242289;-0.4183276199331658;-2.3886139999999614;1000.0;107962;;13.947291351385582;2029-01-02;BRSTNCNTF1Q6;2022-03-03
246;4;0.11727888089828703;929.960387;19.837484000000018;2212;0.0;6.802109836361712;5.226040561208266;-0.48600107027789363;-3.0156050000000505;1000.0;39639;;19.86742372559619;2031-01-02;BRSTNCNTF204;2022-03-03
247;5;0.1183446823306055;913.475268;4.630047999999988;2716;0.0;8.069642482092569;5.842000034397251;-0.5336522547077038;-2.1555049999999483;1000.0;2532;;25.672957460021443;2033-01-03;BRSTNCNTF212;2022-03-03
248;0;0.13069090110747483;994.609736;2.797649999999976;208;0.0;0.8029863722194319;0.7089672353331503;-0.07051457147673545;-0.8337189999999737;1000.0;2366847;;0.5692927090028372;2023-01-02;BRSTNCNTF147;2022-03-04
249;1;0.12015455567506954;972.672156;8.648956999999996;710;0.0;2.5341643650494006;2.2140395608498595;-0.21535346331211258;-5.0650020000000495;1000.0;925025;;3.6454572247064596;2025-01-02;BRSTNCNTF170;2022-03-04
250;2;0.11719504833620563;959.150664;14.731542999999988;1211;0.0;4.06990525586449;3.4444130483788706;-0.3303711062442858;-6.572157999999945;1000.0;260188;;8.366041044071904;2027-01-04;BRSTNCNTF1P8;2022-03-04
251;3;0.11856445488987194;937.888239;17.172895999999923;1710;0.0;5.475162884108081;4.418879151982713;-0.41444147862068803;-5.52972299999999;1000.0;2265501;;13.869740969165447;2029-01-02;BRSTNCNTF1Q6;2022-03-04
252;4;0.1184109721948764;924.892649;13.020205000000033;2211;0.0;6.798141582393459;5.208440356396782;-0.48172481983863236;-5.067737999999963;1000.0;566017;;19.76315714914777;2031-01-02;BRSTNCNTF204;2022-03-04
253;5;0.1195929917663555;907.256633;13.621085000000107;2715;0.0;8.065674228124314;5.816989534635298;-0.5277502339389457;-6.218635000000063;1000.0;656385;;25.504756236373407;2033-01-03;BRSTNCNTF212;2022-03-04
254;0;0.13186783665206267;994.269216;4.532896000000051;207;0.0;0.799018118251178;0.7047136093247814;-0.07006750478478807;-0.3405199999999695;1000.0;2119121;;0.5640738918305002;2023-01-02;BRSTNCNTF147;2022-03-07
255;1;0.12271932883034216;967.616432;16.090599999999995;709;0.0;2.530196111081147;2.2043914295547644;-0.21330053697971607;-5.055723999999941;1000.0;371895;;3.6173224704867923;2025-01-02;BRSTNCNTF170;2022-03-07
256;2;0.12093886026028952;947.32292;18.025041999999985;1210;0.0;4.065937001896237;3.422699089040511;-0.3242401295311197;-11.827744000000052;1000.0;315765;;8.276189325899892;2027-01-04;BRSTNCNTF1P8;2022-03-07
257;3;0.12237715116737058;922.696784;15.303269999999998;1709;0.0;5.471194630139827;4.384114122297603;-0.40452080013329805;-15.191455000000019;1000.0;0;;13.693066978158564;2029-01-02;BRSTNCNTF1Q6;2022-03-07
258;4;0.12190810775327067;908.682008;35.81768999999997;2210;0.0;6.794173328425204;5.161661892420392;-0.46903092930216417;-16.21064100000001;1000.0;1309332;;19.485323427446488;2031-01-02;BRSTNCNTF204;2022-03-07
259;5;0.1233074128315307;888.378779;10.966047000000003;2714;0.0;8.06170597415606;5.749904038346025;-0.5108092728953011;-18.877853999999957;1000.0;102694;;25.052650090827886;2033-01-03;BRSTNCNTF212;2022-03-07
260;0;0.131455983510285;995.045439;3.275308999999993;206;0.0;0.795049864282924;0.7014665902916216;-0.06979911312805598;0.776222999999959;1000.0;488469;;0.5604718695541896;2023-01-02;BRSTNCNTF147;2022-03-08
261;1;0.12397494724700886;965.391321;20.88011800000004;708;0.0;2.526227857112893;2.197881606630263;-0.2121815827626392;-2.2251110000000835;1000.0;645681;;3.598870952079971;2025-01-02;BRSTNCNTF170;2022-03-08
262;2;0.12274176108190943;941.935231;25.289536;1209;0.0;4.061968747927982;3.410454946951021;-0.32124276682714026;-5.387688999999909;1000.0;341741;;8.226217892734148;2027-01-04;BRSTNCNTF1P8;2022-03-08
263;3;0.12438400662906622;915.054873;24.18223899999998;1708;0.0;5.467226376171572;4.364220818334465;-0.3993501526665;-7.641910999999936;1000.0;436440;;13.592868267984867;2029-01-02;BRSTNCNTF1Q6;2022-03-08
264;4;0.12380182671838333;900.279903;34.106448;2209;0.0;6.79020507445695;5.134819966320322;-0.4622775221201323;-8.402105000000006;1000.0;1016830;;19.32720079047131;2031-01-02;BRSTNCNTF204;2022-03-08
265;5;0.12521392734575937;879.131963;10.93216700000005;2713;0.0;8.057737720187806;5.713944687541508;-0.5023311409631788;-9.246815999999967;1000.0;70638;;24.812520702368207;2033-01-03;BRSTNCNTF212;2022-03-08
266;0;0.13000731499422993;996.54099;2.966336999999953;205;0.0;0.79108161031467;0.6988671070556557;-0.06964497187436791;1.4955509999999776;1000.0;1237909;;0.5579078193786338;2023-01-02;BRSTNCNTF147;2022-03-09
267;1;0.12146348812674869;971.183856;17.884420999999975;707;0.0;2.522259603144639;2.200300725885837;-0.2136896543325406;5.7925350000000435;1000.0;242742;;3.6077188768936206;2025-01-02;BRSTNCNTF170;2022-03-09
268;2;0.12053024334746433;949.506328;27.45412799999997;1208;0.0;4.058000493959727;3.4175935716091796;-0.32450267227750373;7.571097000000009;1000.0;1135044;;8.257058284790878;2027-01-04;BRSTNCNTF1P8;2022-03-09
269;3;0.12249514391049955;923.065806;30.71722299999999;1707;0.0;5.463258122203318;4.376080294461086;-0.40394100841274394;8.010932999999909;1000.0;2364414;;13.654045757205115;2029-01-02;BRSTNCNTF1Q6;2022-03-09
270;4;0.12199594750849196;909.100292;34.0841079999999;2208;0.0;6.786236820488695;5.153505523836474;-0.4685053376543351;8.820388999999977;1000.0;955676;;19.439254090605488;2031-01-02;BRSTNCNTF204;2022-03-09
271;5;0.12330387263847777;889.217064;3.8007869999999;2712;0.0;8.053769466219553;5.742899049443353;-0.510668383159441;10.085101000000009;1000.0;1001354;;25.009311786296454;2033-01-03;BRSTNCNTF212;2022-03-09
272;0;0.13125080542087458;996.163204;2.26141599999994;204;0.0;0.787113356346416;0.6945799551907944;-0.06919149935970381;-0.3777860000000146;1000.0;6958347;;0.552678505342531;2023-01-02;BRSTNCNTF147;2022-03-10
273;1;0.12306321880792807;968.22016;6.92331200000001;706;0.0;2.5182913491763848;2.1929745667803906;-0.21232821859240403;-2.963696000000027;1000.0;1252449;;3.5868013367633966;2025-01-02;BRSTNCNTF170;2022-03-10
274;2;0.1216506991128537;946.311245;20.14586799999995;1207;0.0;4.054032239991474;3.408643798322242;-0.322563795655185;-3.195083000000068;1000.0;1541008;;8.220855218755412;2027-01-04;BRSTNCNTF1P8;2022-03-10
275;3;0.12353886100362597;919.288329;11.249496999999906;1706;0.0;5.459289868235065;4.36404000718038;-0.4011811045889999;-3.777476999999976;1000.0;951623;;13.593823333726997;2029-01-02;BRSTNCNTF1Q6;2022-03-10
276;4;0.12283608309712762;905.592908;17.203486999999996;2207;0.0;6.782268566520442;5.139627837390735;-0.4654410519300427;-3.507384000000002;1000.0;775436;;19.358124262129536;2031-01-02;BRSTNCNTF204;2022-03-10
277;5;0.12416394433464929;885.252406;6.822560000000067;2711;0.0;8.049801212251296;5.724727960144735;-0.5067829200413598;-3.9646580000000995;1000.0;76326;;24.888948766386317;2033-01-03;BRSTNCNTF212;2022-03-10
278;0;0.13237774645664288;995.875331;1.8282600000000002;203;0.0;0.783145102378162;0.6903743119398612;-0.06875267464170065;-0.2878729999999905;1000.0;160190;;0.5475968174455291;2023-01-02;BRSTNCNTF147;2022-03-11
279;1;0.12475025766672318;965.098086;6.026413000000048;705;0.0;2.5143230952081312;2.185463257909212;-0.21091864072315047;-3.122073999999998;1000.0;520664;;3.565379345006074;2025-01-02;BRSTNCNTF170;2022-03-11
280;2;0.12230850056749276;944.625211;17.32124299999998;1206;0.0;4.05006398602322;3.401937089958962;-0.32135555414112105;-1.6860339999999496;1000.0;357243;;8.194052834844452;2027-01-04;BRSTNCNTF1P8;2022-03-11
281;3;0.12383313304240419;918.534282;11.894407000000001;1705;0.0;5.455321614266811;4.358113308057184;-0.400307647829095;-0.7540470000000141;1000.0;3050525;;13.564705317658772;2029-01-02;BRSTNCNTF1Q6;2022-03-11
282;4;0.12327886859210865;903.952348;31.287807000000043;2206;0.0;6.778300312552188;5.130650520939194;-0.46378635851704075;-1.6405599999999367;1000.0;842394;;19.30616011972383;2031-01-02;BRSTNCNTF204;2022-03-11
283;5;0.12457654516895995;883.576723;28.759167000000048;2710;0.0;8.045832958283043;5.714185749347095;-0.5048921519021405;-1.6756829999999354;1000.0;250518;;24.820062770587576;2033-01-03;BRSTNCNTF212;2022-03-11
284;0;0.13372907733935233;995.442921;1.7713350000000219;202;0.0;0.7791768484099081;0.6860392316742789;-0.06829128966984399;-0.4324100000000044;1000.0;699993;;0.5423299649564071;2023-01-02;BRSTNCNTF147;2022-03-14
285;1;0.12733824146054332;960.119064;4.799283999999943;704;0.0;2.5103548412398773;2.1758632636262467;-0.20890878000648172;-4.979021999999986;1000.0;234984;;3.5376892272010236;2025-01-02;BRSTNCNTF170;2022-03-14
286;2;0.12555867987723732;934.700442;10.70195000000001;1205;0.0;4.046095732054966;3.382800341919589;-0.3161904974789991;-9.924769000000083;1000.0;368215;;8.115818762566017;2027-01-04;BRSTNCNTF1P8;2022-03-14
287;3;0.12699983720769054;906.411637;12.851745999999935;1704;0.0;5.451353360298557;4.328885000498032;-0.39237517396861676;-12.12264499999992;1000.0;1258120;;13.417905483279286;2029-01-02;BRSTNCNTF1Q6;2022-03-14
288;4;0.1263155338128352;890.448421;17.941103999999996;2205;0.0;6.774332058583934;5.089900088948298;-0.45322934972517714;-13.503926999999976;1000.0;502155;;19.066806956375604;2031-01-02;BRSTNCNTF204;2022-03-14
289;5;0.12756768171117777;869.082888;16.499133999999913;2709;0.0;8.04186470431479;5.660005277038962;-0.49190137322642613;-14.49383499999999;1000.0;58980;;24.45915850318802;2033-01-03;BRSTNCNTF212;2022-03-14
290;0;0.1321869010189609;996.988437;1.1644099999999753;201;0.0;0.7752085944416541;0.6834824923930769;-0.06814241418078382;1.5455160000000205;1000.0;1072405;;0.5398715861697234;2023-01-02;BRSTNCNTF147;2022-03-15
291;1;0.12518689582956005;965.080784;9.479321000000027;703;0.0;2.506386587271623;2.1773820708569915;-0.2101349596010209;4.961720000000014;1000.0;691826;;3.543737635047299;2025-01-02;BRSTNCNTF170;2022-03-15
292;2;0.12344547905086432;941.851143;9.790721000000076;1204;0.0;4.042127478086711;3.38940286557306;-0.31923129630274616;7.150701000000026;1000.0;598704;;8.14422813219909;2027-01-04;BRSTNCNTF1P8;2022-03-15
293;3;0.12481698205130443;915.462071;14.900698000000034;1703;0.0;5.447385106330303;4.343058221916123;-0.3975905074308912;9.050433999999996;1000.0;585941;;13.490389007061163;2029-01-02;BRSTNCNTF1Q6;2022-03-15
294;4;0.12438620866881463;899.674703;18.627219999999966;2204;0.0;6.77036380461568;5.109996066019456;-0.45973341930272227;9.22628199999997;1000.0;288389;;19.186514425459368;2031-01-02;BRSTNCNTF204;2022-03-15
295;5;0.12561847248091548;879.165116;11.10126200000002;2708;0.0;8.037896450346537;5.689452972335336;-0.5001968582399741;10.082227999999986;1000.0;95526;;24.658133068692738;2033-01-03;BRSTNCNTF212;2022-03-15
296;0;0.13208800520045197;997.54682;1.212163999999916;200;0.0;0.7712403404734002;0.6800378285386008;-0.06783695733383865;0.5583830000000489;1000.0;10288;;0.5360287494213364;2023-01-02;BRSTNCNTF147;2022-03-16
297;1;0.1253048962548168;965.284971;6.083978000000002;702;0.0;2.5024183333033694;2.1735788315029496;-0.20981229793335388;0.2041870000000472;1000.0;1019016;;3.533660226170544;2025-01-02;BRSTNCNTF170;2022-03-16
298;2;0.12340577572626324;942.412974;10.529905999999983;1203;0.0;4.038159224118457;3.386061120478372;-0.31910679306957945;0.5618309999999838;1000.0;1261795;;8.13147848021296;2027-01-04;BRSTNCNTF1P8;2022-03-16
299;3;0.12479020784091073;915.995884;13.885972000000038;1702;0.0;5.443416852362048;4.339747600530989;-0.39751909396852625;0.5338130000000092;1000.0;3418525;;13.474602463661016;2029-01-02;BRSTNCNTF1Q6;2022-03-16
300;4;0.12470156818924395;898.645582;10.544038;2203;0.0;6.766395550647427;5.102602143635284;-0.45854308730815774;-1.029121000000032;1000.0;66933;;19.144125784033168;2031-01-02;BRSTNCNTF204;2022-03-16
301;5;0.12600800625953873;877.633187;2.7276489999999285;2707;0.0;8.033928196378282;5.6793301908226725;-0.498436865539702;-1.531928999999991;1000.0;156577;;24.592365167639695;2033-01-03;BRSTNCNTF212;2022-03-16
302;0;0.13022894045093683;999.295138;2.7502779999999802;199;0.0;0.7672720865051462;0.6776619792767442;-0.06771843210987072;1.7483179999999265;1000.0;1375010;;0.5338701853456096;2023-01-02;BRSTNCNTF147;2022-03-17
303;1;0.12371535582497575;969.077102;4.225086000000033;701;0.0;2.4984500793351154;2.1737766246677688;-0.21065571518283832;3.7921309999999266;1000.0;616131;;3.5357087436349337;2025-01-02;BRSTNCNTF170;2022-03-17
304;2;0.1223734769542692;946.14864;11.314299000000005;1202;0.0;4.034190970150204;3.3874818816061354;-0.3205061375306286;3.7356660000000375;1000.0;1172891;;8.13844582242531;2027-01-04;BRSTNCNTF1P8;2022-03-17
305;3;0.12393470863922212;919.832075;15.653861000000006;1701;0.0;5.439448598393795;4.343164199151557;-0.39949817373712904;3.8361909999999853;1000.0;508902;;13.492797847253444;2029-01-02;BRSTNCNTF1Q6;2022-03-17
306;4;0.1239011042573607;902.745442;6.435178999999948;2202;0.0;6.762427296679173;5.108884631159211;-0.4612022314482829;4.099860000000035;1000.0;159073;;19.182403851227427;2031-01-02;BRSTNCNTF204;2022-03-17
307;5;0.12524271372985293;881.8732;7.6868709999999965;2706;0.0;8.029959942410027;5.688769988359137;-0.5016773793698235;4.240012999999976;1000.0;176405;;24.65752998957346;2033-01-03;BRSTNCNTF212;2022-03-17
308;0;0.12989971713858767;1000.002663;2.096891000000028;198;0.0;0.7633038325368922;0.6743503341920881;-0.06743521299870281;0.7075250000000324;1000.0;0;;0.5302554062950132;2023-01-02;BRSTNCNTF147;2022-03-18
309;1;0.12157502065201597;974.044959;5.316855000000032;700;0.0;2.494481825366861;2.1752692004294487;-0.2118809999146265;4.967856999999981;1000.0;1019144;;3.5416871284287876;2025-01-02;BRSTNCNTF170;2022-03-18
310;2;0.12006254511502207;954.025782;6.081882999999948;1201;0.0;4.03022271618195;3.3950550978447303;-0.32389700946544053;7.877142000000049;1000.0;43482;;8.170919407139682;2027-01-04;BRSTNCNTF1P8;2022-03-18
311;3;0.12162743779050109;929.539316;7.374582000000032;1700;0.0;5.4354803444255415;4.358397802614182;-0.405130211229789;9.707240999999954;1000.0;1331975;;13.570798950033359;2029-01-02;BRSTNCNTF1Q6;2022-03-18
312;4;0.12170284866494761;913.384249;11.975513999999976;2201;0.0;6.7584590427109195;5.132353359829195;-0.46878107191702156;10.638806999999929;1000.0;4313;;19.32226531621814;2031-01-02;BRSTNCNTF204;2022-03-18
313;5;0.12285103276226653;894.408291;8.793924999999945;2705;0.0;8.025991688441774;5.725879273008978;-0.5121273895044283;12.535090999999966;1000.0;0;;24.908367505791645;2033-01-03;BRSTNCNTF212;2022-03-18
314;0;0.13026155513506296;1000.244636;2.1617990000000873;197;0.0;0.7593355785686382;0.6706203002180611;-0.06707843580858253;0.24197300000002997;1000.0;77007;;0.525999204607949;2023-01-02;BRSTNCNTF147;2022-03-21
315;1;0.12330424718168974;970.839196;9.305969000000005;699;0.0;2.4905135713986066;2.16767614760479;-0.21044649683290118;-3.2057629999999335;1000.0;2718779;;3.520147406432287;2025-01-02;BRSTNCNTF170;2022-03-21
316;2;0.12092108552764956;951.681726;12.945126999999957;1200;0.0;4.026254462213696;3.3873833474165016;-0.3223710830692994;-2.3440560000000232;1000.0;129503;;8.140211220752732;2027-01-04;BRSTNCNTF1P8;2022-03-21
317;3;0.1222798881963252;927.325824;14.248176999999941;1699;0.0;5.431512090457287;4.349549527775802;-0.40334495998735065;-2.213491999999974;1000.0;584776;;13.526938943793986;2029-01-02;BRSTNCNTF1Q6;2022-03-21
318;4;0.12249383324115352;910.104506;19.172343999999953;2200;0.0;6.7544907887426655;5.119092318142727;-0.46589089853716814;-3.2797429999999395;1000.0;23201;;19.245081613575362;2031-01-02;BRSTNCNTF204;2022-03-21
319;5;0.1230308654637221;893.899532;20.260620000000017;2704;0.0;8.022023434473521;5.719283557080661;-0.5112464895049698;-0.5087589999999409;1000.0;162829;;24.8660090223207;2033-01-03;BRSTNCNTF212;2022-03-21
320;0;0.13037499440823383;1000.655057;1.006984999999986;196;0.0;0.7553673246003842;0.6670414221740832;-0.06674783723269684;0.4104210000000421;1000.0;76228;;0.5219920253768059;2023-01-02;BRSTNCNTF147;2022-03-22
321;1;0.12180999582591234;974.435805;8.756213000000002;698;0.0;2.486545317430353;2.167642014331286;-0.2112227991186728;3.596608999999944;1000.0;583508;;3.521498010903228;2025-01-02;BRSTNCNTF170;2022-03-22
322;2;0.11983156742750058;955.63233;10.710391999999956;1199;0.0;4.022286208245442;3.389080316499392;-0.32387147194134513;3.9506039999999985;1000.0;78359;;8.148326401238677;2027-01-04;BRSTNCNTF1P8;2022-03-22
323;3;0.1213380981153253;931.558894;10.905510999999933;1698;0.0;5.427543836489033;4.35367752420888;-0.4055707019284682;4.233069999999998;1000.0;1627005;;13.548748655808646;2029-01-02;BRSTNCNTF1Q6;2022-03-22
324;4;0.12202349468117311;912.716557;138.6144270000001;2199;0.0;6.750522534774411;5.121335898276457;-0.467432806831539;2.6120509999999513;1000.0;449506;;19.259534479179685;2031-01-02;BRSTNCNTF204;2022-03-22
325;5;0.1225525178262369;896.761457;13.721807000000013;2703;0.0;8.018055180505266;5.723894745014681;-0.5132968191254008;2.8619249999999283;1000.0;1660080;;24.898900019497106;2033-01-03;BRSTNCNTF212;2022-03-22
326;0;0.13078121059638298;1000.872042;0.9687529999999924;195;0.0;0.7513990706321304;0.6632888671878928;-0.0663867282938213;0.21698499999990872;1000.0;247087;;0.5177281915987106;2023-01-02;BRSTNCNTF147;2022-03-23
327;1;0.12172432608068448;975.061137;8.157524999999964;697;0.0;2.4825770634620987;2.164305229151314;-0.21103299175513257;0.6253320000000713;1000.0;130648;;3.5128659754823;2025-01-02;BRSTNCNTF170;2022-03-23
328;2;0.1196784420426526;956.557436;4.651409000000058;1198;0.0;4.0183179542771885;3.3862729535427256;-0.3239164574036977;0.925106000000028;1000.0;41676;;8.137788373921811;2027-01-04;BRSTNCNTF1P8;2022-03-23
329;3;0.12129526286826474;932.15603;9.20061899999996;1697;0.0;5.423575582520778;4.350487350185727;-0.40553330169143464;0.5971359999999777;1000.0;488845;;13.533533254748434;2029-01-02;BRSTNCNTF1Q6;2022-03-23
330;4;0.1221993731643255;912.312276;10.981884000000036;2198;0.0;6.746554280806157;5.115638334821263;-0.4667059652433636;-0.404280999999969;1000.0;394990;;19.227098888350383;2031-01-02;BRSTNCNTF204;2022-03-23
331;5;0.122419312932037;897.856965;8.577036000000021;2702;0.0;8.014086926537011;5.722628720390916;-0.5138102054712022;1.0955079999999953;1000.0;221445;;24.89232698227363;2033-01-03;BRSTNCNTF212;2022-03-23
332;0;0.1294270287168907;1002.255941;1.1575699999999642;194;0.0;0.7474308166638765;0.6605827483827259;-0.06620729840886952;1.3838990000000422;1000.0;23693;;0.5150988559883937;2023-01-02;BRSTNCNTF147;2022-03-24
333;1;0.11823556305757471;982.901253;6.012862000000041;696;0.0;2.478608809493845;2.1689500509548068;-0.21318637227778936;7.840115999999966;1000.0;405930;;3.528377514134586;2025-01-02;BRSTNCNTF170;2022-03-24
334;2;0.11667898845453359;966.766889;8.739379999999983;1197;0.0;4.014349700308935;3.3971755603844627;-0.32842768478997186;10.20945299999994;1000.0;26933;;8.184073903093454;2027-01-04;BRSTNCNTF1P8;2022-03-24
335;3;0.11845723267580402;944.18687;10.948817000000076;1696;0.0;5.419607328552525;4.370088230042289;-0.41261799275474687;12.030840000000012;1000.0;1100167;;13.633745794415464;2029-01-02;BRSTNCNTF1Q6;2022-03-24
336;4;0.11939000395465624;925.977706;10.072227999999996;2197;0.0;6.742586026837903;5.14668085310752;-0.47657117298746243;13.665430000000015;1000.0;592231;;19.41181624539187;2031-01-02;BRSTNCNTF204;2022-03-24
337;5;0.1197978606220408;911.890583;4.4449749999999995;2701;0.0;8.010118672568758;5.763860053972462;-0.525600970494736;14.033618000000047;1000.0;125014;;25.171535617150738;2033-01-03;BRSTNCNTF212;2022-03-24
338;0;0.12857581206912108;1003.301338;1.1914110000000164;193;0.0;0.7434625626956224;0.6575724467815068;-0.06597433156878196;1.04539699999998;1000.0;1773760;;0.5120069197881214;2023-01-02;BRSTNCNTF147;2022-03-25
339;1;0.11568284347496076;988.795414;9.551680000000033;695;0.0;2.4746405555255913;2.1714115124205837;-0.21470817453882773;5.894161000000054;1000.0;72476;;3.5373059609482436;2025-01-02;BRSTNCNTF170;2022-03-25
340;2;0.1148768746087656;973.131154;9.396413999999936;1196;0.0;4.01038144634068;3.4023274633719622;-0.33109108507170504;6.364265000000046;1000.0;781459;;8.206566515148245;2027-01-04;BRSTNCNTF1P8;2022-03-25
341;3;0.1170559255972078;950.411678;21.42464499999994;1695;0.0;5.41563907458427;4.37799553689659;-0.4160898084498399;6.224808000000053;1000.0;785441;;13.674805379451252;2029-01-02;BRSTNCNTF1Q6;2022-03-25
342;4;0.11819015577316241;932.134929;13.947843000000034;2196;0.0;6.738617772869649;5.157946319912642;-0.4807901926697582;6.1572230000000445;1000.0;794272;;19.47975307043966;2031-01-02;BRSTNCNTF204;2022-03-25
343;5;0.11864025747658115;918.414346;6.8121660000000475;2700;0.0;8.006150418600503;5.780154316532327;-0.5308576646397114;6.523763000000031;1000.0;768279;;25.283277722750665;2033-01-03;BRSTNCNTF212;2022-03-25
344;0;0.12832820678396165;1003.945616;3.1799690000000282;192;0.0;0.7394943087273683;0.6542020330120853;-0.06567832630207704;0.6442779999999857;1000.0;556332;;0.5083682106208396;2023-01-02;BRSTNCNTF147;2022-03-28
345;1;0.11522593734039513;990.205594;15.47273599999994;694;0.0;2.4706723015573373;2.1689317942623902;-0.2147688395683076;1.4101799999999685;1000.0;186626;;3.531258858051941;2025-01-02;BRSTNCNTF170;2022-03-28
346;2;0.11399509087288562;976.475098;20.037646999999993;1195;0.0;4.006413192372426;3.4030335753838186;-0.3322977544020205;3.343943999999965;1000.0;19713;;8.210593016361;2027-01-04;BRSTNCNTF1P8;2022-03-28
347;3;0.11593553932022929;955.505682;24.128140999999914;1694;0.0;5.411670820616016;4.383614629396979;-0.41885686860871374;5.094003999999927;1000.0;3171124;;13.70427243291367;2029-01-02;BRSTNCNTF1Q6;2022-03-28
348;4;0.11716992135060109;937.471167;25.793559999999957;2195;0.0;6.734649518901395;5.1670092938926135;-0.48439222326453546;5.33623799999998;1000.0;58256;;19.534683772089497;2031-01-02;BRSTNCNTF204;2022-03-28
349;5;0.11774451934690837;923.596007;22.127591000000052;2699;0.0;8.00218216463225;5.791985019032674;-0.5349454236182396;5.181660999999963;1000.0;588147;;25.3649950522052;2033-01-03;BRSTNCNTF212;2022-03-28
350;0;0.12794380297615368;1004.678045;1.641650000000027;191;0.0;0.7355260547591144;0.6509102996001587;-0.06539552872726517;0.7324290000000246;1000.0;4820752;;0.5048621540109196;2023-01-02;BRSTNCNTF147;2022-03-29
351;1;0.1142774256273753;992.672003;10.752730000000042;693;0.0;2.466704047589083;2.16760917492254;-0.21517249413915351;2.4664089999999987;1000.0;46950;;3.5287236715385752;2025-01-02;BRSTNCNTF170;2022-03-29
352;2;0.1137195017729317;977.809312;15.518774000000008;1194;0.0;4.002444938404172;3.4008047912603394;-0.3325338593188576;1.3342139999999745;1000.0;1295604;;8.202418738973511;2027-01-04;BRSTNCNTF1P8;2022-03-29
353;3;0.11558467789395269;957.392361;22.391543999999953;1693;0.0;5.407702566647763;4.382932651614076;-0.4196186239432791;1.886679000000072;1000.0;1743295;;13.701706141973512;2029-01-02;BRSTNCNTF1Q6;2022-03-29
354;4;0.11665943248748371;940.360374;21.044318999999973;2194;0.0;6.730681264933141;5.169773547131127;-0.4861450186275533;2.889206999999942;1000.0;1309076;;19.552238943334373;2031-01-02;BRSTNCNTF204;2022-03-29
355;5;0.11710663308491838;927.425373;29.255223;2698;0.0;7.998213910663996;5.7994002269599045;-0.5378510918664574;3.82936600000005;1000.0;155917;;25.416923326625305;2033-01-03;BRSTNCNTF212;2022-03-29
356;0;0.12874460119683276;1004.637376;0.8177220000000034;190;0.0;0.7315578007908604;0.6469256990904062;-0.06499257368011513;-0.04066899999997986;1000.0;1878993;;0.5003017911760517;2023-01-02;BRSTNCNTF147;2022-03-30
357;1;0.11629158597097576;988.78382;15.320614999999975;692;0.0;2.4627357936208294;2.1593113228667544;-0.2135092098393443;-3.8881830000000264;1000.0;48827;;3.505091075040141;2025-01-02;BRSTNCNTF170;2022-03-30
358;2;0.11533879596556408;972.866898;27.42990800000007;1193;0.0;3.9984766844359183;3.3894201148320193;-0.32974546331354304;-4.942413999999985;1000.0;2263796;;8.156263912175179;2027-01-04;BRSTNCNTF1P8;2022-03-30
359;3;0.11644078588800638;954.226555;31.391498999999953;1692;0.0;5.403734312679508;4.372368119740401;-0.4172229768091711;-3.1658060000000887;1000.0;3638786;;13.648946913069866;2029-01-02;BRSTNCNTF1Q6;2022-03-30
360;4;0.117756461601756;935.462436;16.84564499999999;2193;0.0;6.726713010964887;5.1526558626454495;-0.4820116005139994;-4.897937999999954;1000.0;84105;;19.451855243955862;2031-01-02;BRSTNCNTF204;2022-03-30
361;5;0.11817138672564985;922.13384;14.637307999999962;2697;0.0;7.9942456566957425;5.777555454174176;-0.5327679396770577;-5.291533000000072;1000.0;911034;;25.271279598973436;2033-01-03;BRSTNCNTF212;2022-03-30
362;0;0.12830593911579533;1005.404081;0.8177220000000034;189;0.0;0.7275895468226065;0.6436641381217081;-0.0647142551260913;0.7667050000000017;1000.0;0;;0.4968659003689917;2023-01-02;BRSTNCNTF147;2022-03-31
363;1;0.11566612834409103;990.550721;15.320614999999975;691;0.0;2.4587675396525754;2.1572235641855606;-0.21368393568621968;1.7669009999999616;1000.0;0;;3.500256548619855;2025-01-02;BRSTNCNTF170;2022-03-31
364;2;0.11432251560581995;976.645676;27.42990800000007;1192;0.0;3.994508430467665;3.3907656425962958;-0.33115766031710336;3.7787779999999884;1000.0;0;;8.162929979837246;2027-01-04;BRSTNCNTF1P8;2022-03-31
365;3;0.11525918972917956;959.589984;31.391498999999953;1691;0.0;5.399766058711255;4.378483796788834;-0.4201549196504857;5.3634289999999964;1000.0;0;;13.680897148474527;2029-01-02;BRSTNCNTF1Q6;2022-03-31
366;4;0.11673923014967304;940.796612;16.84564499999999;2192;0.0;6.722744756996634;5.161679017903122;-0.4856090132274744;5.334175999999957;1000.0;0;;19.506483819399705;2031-01-02;BRSTNCNTF204;2022-03-31
367;5;0.1170809976200449;928.378698;14.637307999999962;2696;0.0;7.9902774027274885;5.792736502257439;-0.5377853171822835;6.244858000000022;1000.0;0;;25.37554293857203;2033-01-03;BRSTNCNTF212;2022-03-31
368;0;0.1272374329177571;1006.574416;0.8418780000000652;188;0.0;0.7236212928543526;0.6407635145991587;-0.06449761605017557;1.1703350000000228;1000.0;1394416;;0.4939933853864332;2023-01-02;BRSTNCNTF147;2022-04-01
369;1;0.113163518627851;996.343962;5.156752999999981;690;0.0;2.454799285684321;2.159544786151964;-0.21516494083510906;5.79324100000008;1000.0;132133;;3.5087422836550384;2025-01-02;BRSTNCNTF170;2022-04-01
370;2;0.11204865853172283;984.632011;24.313291999999933;1191;0.0;3.9905401764994104;3.398195571084623;-0.3345972138928346;7.986335000000054;1000.0;1542031;;8.194851081588217;2027-01-04;BRSTNCNTF1P8;2022-04-01
371;3;0.11284353346623766;970.22811;29.54776700000002;1690;0.0;5.395797804743001;4.394737293453205;-0.4263897658173619;10.638126000000057;1000.0;324163;;13.764463912132086;2029-01-02;BRSTNCNTF1Q6;2022-04-01
372;4;0.11382949912134417;955.491922;12.383562999999981;2191;0.0;6.718776503028378;5.194190105776933;-0.4963006687402185;14.695310000000063;1000.0;205634;;19.700789840569765;2031-01-02;BRSTNCNTF204;2022-04-01
373;5;0.11441839918673588;943.271739;16.62587300000007;2695;0.0;7.986309148759235;5.835076356841898;-0.5504062622316042;14.89304100000004;1000.0;55335;;25.663780876004296;2033-01-03;BRSTNCNTF212;2022-04-01
374;0;0.1272435206622847;1007.049025;1.3559450000000197;187;0.0;0.7196530388860987;0.637239682960316;-0.06417316014164953;0.47460899999998674;1000.0;1960549;;0.490177060391604;2023-01-02;BRSTNCNTF147;2022-04-04
375;1;0.112514971104554;998.163122;11.275043000000096;689;0.0;2.4508310317160675;2.157505303764381;-0.21535422297370133;1.8191600000000108;1000.0;785029;;3.5040561625682884;2025-01-02;BRSTNCNTF170;2022-04-04
376;2;0.11077844595163891;989.307523;12.350352999999927;1190;0.0;3.9865719225311564;3.4007793103772186;-0.33644165558189343;4.675511999999912;1000.0;1176140;;8.206678318454227;2027-01-04;BRSTNCNTF1P8;2022-04-04
377;3;0.11164186786447086;975.780965;14.396746000000007;1689;0.0;5.391829550774747;4.401047800067864;-0.42944586693613473;5.552855000000022;1000.0;1115052;;13.797509699765785;2029-01-02;BRSTNCNTF1Q6;2022-04-04
378;4;0.1125172509958171;962.444299;16.790061000000037;2190;0.0;6.714808249060124;5.206940136264091;-0.5011389849381658;6.952376999999956;1000.0;838901;;19.777857431809743;2031-01-02;BRSTNCNTF204;2022-04-04
379;5;0.11291865364206771;951.985242;17.17726499999992;2694;0.0;7.98234089479098;5.857462119169811;-0.5576217493023705;8.713502999999946;1000.0;396059;;25.817432940017415;2033-01-03;BRSTNCNTF212;2022-04-04
380;0;0.12821362650494678;1006.908846;2.63722400000006;186;0.0;0.7156847849178447;0.6331657623729874;-0.0637540207117695;-0.14017899999998917;1000.0;1253300;;0.48553483050340096;2023-01-02;BRSTNCNTF147;2022-04-05
381;1;0.11496258848627514;993.341818;7.841266000000019;688;0.0;2.4468627777478136;2.1481984279236235;-0.2133895331818394;-4.821304000000055;1000.0;128734;;3.4774637242145836;2025-01-02;BRSTNCNTF170;2022-04-05
382;2;0.11307521231301074;982.040264;13.467596999999955;1189;0.0;3.982603668562903;3.386098626459785;-0.33252851890586044;-7.267258999999967;1000.0;630566;;8.146862552912326;2027-01-04;BRSTNCNTF1P8;2022-04-05
383;3;0.1136718310735217;967.531846;20.027017999999998;1688;0.0;5.387861296806493;4.380810154357704;-0.4238573335621254;-8.249119000000064;1000.0;74811;;13.69540090068192;2029-01-02;BRSTNCNTF1Q6;2022-04-05
384;4;0.11434176950855698;953.773619;25.19640000000004;2189;0.0;6.710839995091871;5.180707022941116;-0.4941221686249264;-8.670679999999948;1000.0;214227;;19.62281416240972;2031-01-02;BRSTNCNTF204;2022-04-05
385;5;0.11474491949421287;942.289134;12.954124999999976;2693;0.0;7.978372640822725;5.822316428022129;-0.5486305504834945;-9.696107999999981;1000.0;30227;;25.580884858839852;2033-01-03;BRSTNCNTF212;2022-04-05
386;0;0.12867769175221333;1007.096728;1.1813850000000912;185;0.0;0.7117165309495905;0.6293854317939208;-0.06338520090105249;0.18788199999994504;1000.0;3043387;;0.48135551806104626;2023-01-02;BRSTNCNTF147;2022-04-06
387;1;0.11660158372930265;990.286944;6.39253199999996;687;0.0;2.4428945237795596;2.1408144418230877;-0.21200205912640513;-3.0548740000000407;1000.0;150153;;3.456738336357391;2025-01-02;BRSTNCNTF170;2022-04-06
388;2;0.11446269060603492;977.862302;10.295007999999939;1188;0.0;3.9786354145946485;3.375846115907694;-0.33011126540992564;-4.1779619999999795;1000.0;238739;;8.105552006810989;2027-01-04;BRSTNCNTF1P8;2022-04-06
389;3;0.1150085296628605;962.305368;18.819450999999958;1687;0.0;5.383893042838238;4.366301451081615;-0.4201715324682027;-5.226477999999929;1000.0;51022;;13.622686553332583;2029-01-02;BRSTNCNTF1Q6;2022-04-06
390;4;0.11553011655370946;948.339416;28.716809000000012;2188;0.0;6.706871741123617;5.162420564021656;-0.4895726902830688;-5.434203000000025;1000.0;342224;;19.515412235679985;2031-01-02;BRSTNCNTF204;2022-04-06
391;5;0.11581870441284589;936.833029;28.464056000000028;2692;0.0;7.974404386854473;5.8002428013260054;-0.5433859032501687;-5.4561049999999796;1000.0;30636;;25.433445223698914;2033-01-03;BRSTNCNTF212;2022-04-06
392;0;0.12873025909307517;1007.547449;0.8255570000000034;184;0.0;0.7077482769813366;0.6258399696654119;-0.06305634649186231;0.4507210000000441;1000.0;4821789;;0.477546474748765;2023-01-02;BRSTNCNTF147;2022-04-07
393;1;0.11784730601766222;988.08801;8.012319000000048;686;0.0;2.4389262698113052;2.134364624493847;-0.21089400944305225;-2.1989339999998947;1000.0;715693;;3.438868959026517;2025-01-02;BRSTNCNTF170;2022-04-07
394;2;0.11607199931205728;972.994171;17.142732000000024;1187;0.0;3.9746671606263946;3.364551508864047;-0.32736890061539725;-4.8681309999999485;1000.0;358284;;8.060059105854966;2027-01-04;BRSTNCNTF1P8;2022-04-07
395;3;0.11622986047014953;957.610929;17.99718000000007;1686;0.0;5.379924788869985;4.352763498368733;-0.4168253897390173;-4.6944389999999885;1000.0;69313;;13.555077267555577;2029-01-02;BRSTNCNTF1Q6;2022-04-07
396;4;0.11692619091637126;941.953789;13.13708900000006;2187;0.0;6.702903487155363;5.1416024607883655;-0.48431519194713246;-6.3856269999999995;1000.0;782815;;19.39332656627275;2031-01-02;BRSTNCNTF204;2022-04-07
397;5;0.11714834995914745;930.05862;12.141565000000014;2691;0.0;7.970436132886218;5.773817788268457;-0.5369989004288414;-6.7744089999999915;1000.0;28896;;25.257070585293707;2033-01-03;BRSTNCNTF212;2022-04-07
398;0;0.13078048082972044;1006.747575;2.607405999999969;183;0.0;0.7037800230130826;0.6211776373719905;-0.06253690800684808;-0.7998740000000453;1000.0;9396908;;0.4720627195061454;2023-01-02;BRSTNCNTF147;2022-04-08
399;1;0.12043249696529146;983.102149;7.098212999999987;685;0.0;2.4349580158430517;2.124832823126967;-0.20889277146818586;-4.985861;1000.0;60970;;3.4118459159412056;2025-01-02;BRSTNCNTF170;2022-04-08
400;2;0.11849130559991475;965.548766;6.4493349999999054;1186;0.0;3.97069890665814;3.349412324654534;-0.32340209368953765;-7.445405000000051;1000.0;225194;;7.998921094492991;2027-01-04;BRSTNCNTF1P8;2022-04-08
401;3;0.11832108854822963;949.371839;10.66087099999993;1685;0.0;5.375956534901731;4.332168170391014;-0.4112838462781383;-8.239090000000033;1000.0;1915624;;13.452082652272656;2029-01-02;BRSTNCNTF1Q6;2022-04-08
402;4;0.11895747536038227;932.606763;19.001976000000013;2186;0.0;6.698935233187109;5.11300777819423;-0.4768425633215543;-9.347026000000028;1000.0;207172;;19.22578948348784;2031-01-02;BRSTNCNTF204;2022-04-08
403;5;0.11909506614347282;920.103948;14.664351999999894;2690;0.0;7.966467878917965;5.736895384264148;-0.527854009232442;-9.954672000000073;1000.0;1352143;;25.010765394569148;2033-01-03;BRSTNCNTF212;2022-04-08
404;0;0.1320167446667208;1006.470308;2.581784999999968;182;0.0;0.6998117690448288;0.6169827601096645;-0.062097482859826414;-0.277266999999938;1000.0;2669086;;0.4673054427151536;2023-01-02;BRSTNCNTF147;2022-04-11
405;1;0.12258730403796603;979.065605;11.28786500000001;684;0.0;2.4309897618747973;2.1163321120520364;-0.20720279796671548;-4.036544000000049;1000.0;74085;;3.3879900907245712;2025-01-02;BRSTNCNTF170;2022-04-11
406;2;0.12015888050955241;960.609648;13.024242999999956;1185;0.0;3.9667306526898867;3.3379099268246986;-0.32064284798627796;-4.939118000000008;1000.0;689830;;7.952891140670022;2027-01-04;BRSTNCNTF1P8;2022-04-11
407;3;0.11935281968232699;945.565029;16.82944800000007;1684;0.0;5.371988280933477;4.320234461082195;-0.4085062623479985;-3.8068100000000413;1000.0;213282;;13.392968158695787;2029-01-02;BRSTNCNTF1Q6;2022-04-11
408;4;0.11985083971740966;928.778197;15.092469999999935;2185;0.0;6.694966979218856;5.098475655470921;-0.4735353026736675;-3.8285660000000235;1000.0;57845;;19.141477430279995;2031-01-02;BRSTNCNTF204;2022-04-11
409;5;0.11968928263021253;917.386924;18.909824999999955;2689;0.0;7.962499624949711;5.723190397072374;-0.5250380033836564;-2.717023999999924;1000.0;346368;;24.920768994002238;2033-01-03;BRSTNCNTF212;2022-04-11
410;0;0.13214305404750096;1006.88766;2.055027999999993;181;0.0;0.6958435150765748;0.6134077179353291;-0.06176326617378436;0.4173519999999371;1000.0;85429;;0.46349604471918343;2023-01-02;BRSTNCNTF147;2022-04-12
411;1;0.12288293419264903;978.903453;11.197855000000004;683;0.0;2.427021507906544;2.112119198885144;-0.20675607769362614;-0.16215199999999186;1000.0;40497;;3.3769282928994913;2025-01-02;BRSTNCNTF170;2022-04-12
412;2;0.12048653342377534;959.993154;15.236011000000076;1184;0.0;3.9627623987216327;3.3328077810033143;-0.3199472653361113;-0.6164939999999888;1000.0;1118437;;7.93311986970377;2027-01-04;BRSTNCNTF1P8;2022-04-12
413;3;0.12022803978615001;942.42387;22.72260300000005;1683;0.0;5.368020026965223;4.309588366599469;-0.406145894655765;-3.141159000000016;1000.0;316007;;13.340445232602391;2029-01-02;BRSTNCNTF1Q6;2022-04-12
414;4;0.12090376518615417;924.230378;23.056208000000083;2184;0.0;6.690998725250601;5.08200715197498;-0.4696945391068539;-4.547819000000004;1000.0;518056;;19.045992539456304;2031-01-02;BRSTNCNTF204;2022-04-12
415;5;0.12073601763110202;912.328702;25.530910000000063;2688;0.0;7.958531370981457;5.701782723600998;-0.5201900031308924;-5.058222000000001;1000.0;207114;;24.779433683147257;2033-01-03;BRSTNCNTF212;2022-04-12
416;0;0.13174102762147105;1007.630766;1.144553999999971;180;0.0;0.6918752611083209;0.6101228752593137;-0.061477858015166476;0.7431060000000116;1000.0;44609;;0.4601339449899737;2023-01-02;BRSTNCNTF147;2022-04-13
417;1;0.12284244493493979;979.43739;6.936768000000029;682;0.0;2.42305325393829;2.1086779214087925;-0.2065317999695253;0.5339370000000372;1000.0;890051;;3.3681715665735923;2025-01-02;BRSTNCNTF170;2022-04-13
418;2;0.12026817403952282;961.125202;13.261461000000054;1183;0.0;3.9587941447533783;3.3303048076947066;-0.32008398810171457;1.1320479999999407;1000.0;3658767;;7.923981415705422;2027-01-04;BRSTNCNTF1P8;2022-04-13
419;3;0.12035878545522775;942.317945;12.675260999999978;1682;0.0;5.364051772996969;4.304986383975784;-0.40566659226010415;-0.10592499999995653;1000.0;879983;;13.318295221476628;2029-01-02;BRSTNCNTF1Q6;2022-04-13
420;4;0.12096525583382732;924.360392;14.525694000000044;2183;0.0;6.687030471282347;5.077712959736489;-0.4693636741925502;0.1300140000000738;1000.0;172013;;19.022010539318977;2031-01-02;BRSTNCNTF204;2022-04-13
421;5;0.12088274568802204;911.978814;5.555462000000034;2687;0.0;7.954563117013202;5.695741288285143;-0.5194395384941117;-0.34988799999996445;1000.0;0;;24.740972178392173;2033-01-03;BRSTNCNTF212;2022-04-13
422;0;0.13206874361638624;1007.925371;0.5691790000000765;179;0.0;0.6879070071400668;0.6064380213569283;-0.06112442676646879;0.29460500000004686;1000.0;1579118;;0.4561850111481078;2023-01-02;BRSTNCNTF147;2022-04-14
423;1;0.12407422535695387;977.351878;8.410616000000005;681;0.0;2.419084999970036;2.10233009278053;-0.20547162643549655;-2.0855119999999943;1000.0;417210;;3.350826158636588;2025-01-02;BRSTNCNTF170;2022-04-14
424;2;0.12165274177093945;957.143929;13.326224000000025;1182;0.0;3.954825890785124;3.3201873579821592;-0.31778971728351735;-3.9812729999999874;1000.0;1186432;;7.8838167215051795;2027-01-04;BRSTNCNTF1P8;2022-04-14
425;3;0.12183402162858176;936.787894;9.823082;1681;0.0;5.360083519028715;4.2895066736086935;-0.4018357923068834;-5.530050999999958;1000.0;2367474;;13.24177189197353;2029-01-02;BRSTNCNTF1Q6;2022-04-14
426;4;0.12273669468426252;916.521746;19.99043400000005;2182;0.0;6.6830622173140934;5.052489250202116;-0.4630716269241475;-7.83864600000004;1000.0;297269;;18.875672970129344;2031-01-02;BRSTNCNTF204;2022-04-14
427;5;0.12277332618160275;902.653222;10.736336000000051;2686;0.0;7.950594863044949;5.660050468749903;-0.510906279229971;-9.325592000000029;1000.0;943674;;24.505015032770824;2033-01-03;BRSTNCNTF212;2022-04-14
428;0;0.13155808337508829;1008.732249;0.6608190000000604;178;0.0;0.6839387531718129;0.6032093607070125;-0.06084767350438369;0.8068779999999833;1000.0;5733328;;0.4529295696539494;2023-01-02;BRSTNCNTF147;2022-04-18
429;1;0.12300127764052489;980.011288;8.49093700000003;680;0.0;2.4151167460017815;2.1012470424280587;-0.20592458204561126;2.65940999999998;1000.0;457687;;3.349072092406873;2025-01-02;BRSTNCNTF170;2022-04-18
430;2;0.1206785877651192;960.68111;12.659389000000033;1181;0.0;3.9508576368168704;3.3212711802494104;-0.31906824840530135;3.5371810000000323;1000.0;1435243;;7.889310715350477;2027-01-04;BRSTNCNTF1P8;2022-04-18
431;3;0.12123232625282503;939.636793;4.8529230000000325;1680;0.0;5.3561152650604615;4.290833462440429;-0.40318249939446105;2.8488989999999603;1000.0;213433;;13.249320850862443;2029-01-02;BRSTNCNTF1Q6;2022-04-18
432;4;0.12191812713864111;920.74415;36.34488499999998;2181;0.0;6.6790939633458395;5.058964589227355;-0.46580120505882405;4.222403999999983;1000.0;528850;;18.91469763781065;2031-01-02;BRSTNCNTF204;2022-04-18
433;5;0.12216853676885087;906.165615;13.065319999999929;2685;0.0;7.946626609076693;5.666786003103281;-0.5135046623575477;3.5123929999999746;1000.0;11056;;24.55176115807954;2033-01-03;BRSTNCNTF212;2022-04-18
434;0;0.1314802712459498;1009.274209;0.5203539999999975;177;0.0;0.6799704992035588;0.5997444026561264;-0.06053065575929395;0.5419600000000173;1000.0;20228;;0.4493331107834696;2023-01-02;BRSTNCNTF147;2022-04-19
435;1;0.12306113267689071;980.339433;6.134122999999931;679;0.0;2.411148492033528;2.097576979384454;-0.20563374266436085;0.3281449999999495;1000.0;52943;;3.339677105993556;2025-01-02;BRSTNCNTF170;2022-04-19
436;2;0.12095907791849232;960.221742;10.843578000000093;1180;0.0;3.9468893828486165;3.316399702423744;-0.3184479099429609;-0.4593680000000404;1000.0;298214;;7.870563715386682;2027-01-04;BRSTNCNTF1P8;2022-04-19
437;3;0.12159987042554558;938.583916;8.849880999999982;1679;0.0;5.352147011092207;4.2843237287229465;-0.4021197342716505;-1.0528769999999668;1000.0;59572;;13.217735349758428;2029-01-02;BRSTNCNTF1Q6;2022-04-19
438;4;0.1224974270959737;918.472673;20.195410999999922;2180;0.0;6.6751257093775855;5.048344133322507;-0.4636766130356591;-2.2714770000000044;1000.0;363158;;18.853889050848142;2031-01-02;BRSTNCNTF204;2022-04-19
439;5;0.12278685694091149;903.414095;16.568887000000018;2684;0.0;7.94265835510844;5.652752221269793;-0.510677603223769;-2.7515200000000277;1000.0;11246;;24.460357635472267;2033-01-03;BRSTNCNTF212;2022-04-19
440;0;0.13171858630679692;1009.625607;0.8175380000000132;176;0.0;0.6760022452353047;0.5961095880407801;-0.060184750466419246;0.35139799999990373;1000.0;724229;;0.4454966312409288;2023-01-02;BRSTNCNTF147;2022-04-20
441;1;0.1234661542269528;979.959725;6.988140999999928;678;0.0;2.407180238065274;2.0931218894698853;-0.20511751511963894;-0.3797079999999369;1000.0;403152;;3.3279808185876165;2025-01-02;BRSTNCNTF170;2022-04-20
442;2;0.12090432723918654;960.831198;10.194616999999994;1179;0.0;3.942921128880363;3.313119149112213;-0.3183348241158228;0.6094560000000229;1000.0;268287;;7.858305355993995;2027-01-04;BRSTNCNTF1P8;2022-04-20
443;3;0.12152894917191215;939.296572;8.032434999999964;1678;0.0;5.348178757123954;4.281358549980495;-0.40214654094995694;0.7126559999999245;1000.0;1580633;;13.203863066901686;2029-01-02;BRSTNCNTF1Q6;2022-04-20
444;4;0.12255591426727701;918.622874;13.578875000000039;2179;0.0;6.671157455409332;5.044094318155398;-0.4633620419270983;0.15020100000003822;1000.0;331070;;18.830307240648985;2031-01-02;BRSTNCNTF204;2022-04-20
445;5;0.12260950321880601;904.735631;9.253639000000021;2683;0.0;7.938690101140186;5.652227083227862;-0.5113771236699449;1.3215360000000373;1000.0;692902;;24.458800456538185;2033-01-03;BRSTNCNTF212;2022-04-20
446;0;0.1315220991889564;1010.239111;0.8137629999999945;175;0.0;0.672033991267051;0.5927078487517102;-0.05987766502056502;0.6135040000000345;1000.0;922806;;0.4420183791253885;2023-01-02;BRSTNCNTF147;2022-04-22
447;1;0.12385312246458216;979.620271;4.751154999999926;677;0.0;2.4032119840970196;2.08871096766103;-0.204614360418077;-0.3394540000000461;1000.0;537258;;3.316434731049915;2025-01-02;BRSTNCNTF170;2022-04-22
448;2;0.12273257789222682;955.475221;4.401848000000086;1178;0.0;3.9389528749121085;3.300930934809525;-0.31539577144428677;-5.355976999999939;1000.0;285471;;7.809926955469809;2027-01-04;BRSTNCNTF1P8;2022-04-22
449;3;0.12354101709187373;931.685641;14.155361999999968;1677;0.0;5.3442105031557;4.261596832664093;-0.39704685767242154;-7.610930999999937;1000.0;471661;;13.106410536739649;2029-01-02;BRSTNCNTF1Q6;2022-04-22
450;4;0.12433942988625844;910.836974;18.806691999999998;2178;0.0;6.667189201441078;5.018804980927926;-0.457131314192452;-7.78589999999997;1000.0;1530380;;18.684332491468673;2031-01-02;BRSTNCNTF204;2022-04-22
451;5;0.12431650002756701;896.487299;9.016594000000055;2682;0.0;7.934721847171933;5.619779102558065;-0.5038060588628923;-8.248332000000005;1000.0;1217005;;24.245538781033304;2033-01-03;BRSTNCNTF212;2022-04-22
452;0;0.13057063167972616;1011.30161;0.929347000000007;174;0.0;0.668065737298797;0.5897051997509074;-0.05963698179334642;1.0624990000000025;1000.0;535303;;0.43914146109555274;2023-01-02;BRSTNCNTF147;2022-04-25
453;1;0.12233063762464075;983.193206;4.315924999999993;676;0.0;2.399243730128766;2.0886360230404764;-0.2053532747660256;3.5729350000000295;1000.0;895230;;3.3176629696008706;2025-01-02;BRSTNCNTF170;2022-04-25
454;2;0.12107687689842031;961.153567;6.36832000000004;1177;0.0;3.9349846209438546;3.3052220333498177;-0.317682594708117;5.6783459999999195;1000.0;35177;;7.828400841395992;2027-01-04;BRSTNCNTF1P8;2022-04-25
455;3;0.12198611703346322;938.317434;8.061418000000003;1676;0.0;5.340242249187445;4.2705932524981405;-0.40071721023417695;6.631793000000016;1000.0;250162;;13.15207252539691;2029-01-02;BRSTNCNTF1Q6;2022-04-25
456;4;0.12271503826666028;918.729595;9.998064999999997;2177;0.0;6.663220947472825;5.035081393903179;-0.4625878289812704;7.892620999999963;1000.0;737458;;18.78020926241827;2031-01-02;BRSTNCNTF204;2022-04-25
457;5;0.1227905997747684;904.64142;13.833960999999931;2681;0.0;7.930753593203678;5.6420858799138465;-0.5104064582167211;8.154121000000032;1000.0;172979;;24.395335659671435;2033-01-03;BRSTNCNTF212;2022-04-25
458;0;0.1313537556529859;1011.33002;0.7157190000000355;173;0.0;0.664097483330543;0.5857824902171114;-0.05924194175469211;0.02841000000000804;1000.0;725401;;0.43491694627124483;2023-01-02;BRSTNCNTF147;2022-04-26
459;1;0.12388857519072069;980.456138;4.7166579999999385;675;0.0;2.395275476160512;2.0815688363985063;-0.20408869423164333;-2.737068000000022;1000.0;460294;;3.298332004355196;2025-01-02;BRSTNCNTF170;2022-04-26
460;2;0.1227967425253844;956.151396;10.850223999999912;1176;0.0;3.9310163669756006;3.29355933655031;-0.31491413574514127;-5.002170999999976;1000.0;682128;;7.78224582472908;2027-01-04;BRSTNCNTF1P8;2022-04-26
461;3;0.12346239951786886;932.859365;12.200217000000066;1675;0.0;5.336273995219192;4.255165536399321;-0.3969471020255355;-5.458069000000023;1000.0;915698;;13.076327558318596;2029-01-02;BRSTNCNTF1Q6;2022-04-26
462;4;0.12408812876793562;912.833862;7.822664000000032;2176;0.0;6.659252693504571;5.014806106311796;-0.4577684825205779;-5.895733000000064;1000.0;484354;;18.66355238464538;2031-01-02;BRSTNCNTF204;2022-04-26
463;5;0.12417752614853024;898.021736;15.853410999999937;2680;0.0;7.926785339235424;5.615069525465898;-0.5042454483019583;-6.619684000000007;1000.0;385681;;24.218295685733782;2033-01-03;BRSTNCNTF212;2022-04-26
464;0;0.13087450118964133;1012.10789;0.8010499999999183;172;0.0;0.660129229362289;0.5825260039648401;-0.0589579164742986;0.7778700000000072;1000.0;264766;;0.43168749512921367;2023-01-02;BRSTNCNTF147;2022-04-27
465;1;0.12263599327446299;983.468952;4.587522000000035;674;0.0;2.391307222192258;2.0808726241436504;-0.20464736189120458;3.012813999999935;1000.0;32669;;3.297735835254722;2025-01-02;BRSTNCNTF170;2022-04-27
466;2;0.1217312302066898;959.952801;9.345133000000033;1175;0.0;3.927048113007347;3.2950517195473945;-0.3163094127619388;3.801405000000045;1000.0;125853;;7.78935994622056;2027-01-04;BRSTNCNTF1P8;2022-04-27
467;3;0.12291387690849354;935.470628;10.193219;1674;0.0;5.332305741250939;4.256046894143117;-0.39814068608615116;2.611263000000008;1000.0;467010;;13.081626488911674;2029-01-02;BRSTNCNTF1Q6;2022-04-27
468;4;0.12370306893524845;915.022462;10.688302999999905;2175;0.0;6.655284439536317;5.015965703130208;-0.4589721286985764;2.188600000000065;1000.0;102417;;18.671503054513785;2031-01-02;BRSTNCNTF204;2022-04-27
469;5;0.12373828963113406;900.657622;16.829674000000068;2679;0.0;7.922817085267171;5.618967922573962;-0.5060766287239744;2.635885999999914;1000.0;504714;;24.246046771236845;2033-01-03;BRSTNCNTF212;2022-04-27
470;0;0.13143833262785368;1012.271536;1.1807759999999234;171;0.0;0.6561609753940351;0.5787234175804978;-0.05858252428333799;0.16364599999997154;1000.0;1314526;;0.42766741971100175;2023-01-02;BRSTNCNTF147;2022-04-28
471;1;0.12285941727119991;983.46401;5.119045000000028;673;0.0;2.387338968224004;2.0768325055750307;-0.20424900240311672;-0.004941999999914515;1000.0;1402811;;3.2873304274547923;2025-01-02;BRSTNCNTF170;2022-04-28
472;2;0.12139644076794999;961.449645;8.074923000000013;1174;0.0;3.923079859039093;3.2930941044405295;-0.316614415766594;1.49684400000001;1000.0;91278;;7.782520291236161;2027-01-04;BRSTNCNTF1P8;2022-04-28
473;3;0.12253994047416264;937.391022;6.454731999999922;1673;0.0;5.328337487282684;4.255522556227423;-0.3989088638126077;1.9203939999999875;1000.0;150188;;13.0799477343291;2029-01-02;BRSTNCNTF1Q6;2022-04-28
474;4;0.12321966280836154;917.668206;12.007669999999962;2174;0.0;6.651316185568063;5.01832440625834;-0.4605156755017106;2.645744000000036;1000.0;41102;;18.686411010458066;2031-01-02;BRSTNCNTF204;2022-04-28
475;5;0.1234927061603774;902.318621;11.524928000000045;2678;0.0;7.918848831298917;5.619591971616018;-0.5070662478411236;1.6609990000000607;1000.0;504936;;24.252126849336513;2033-01-03;BRSTNCNTF212;2022-04-28
476;0;0.13149682954626352;1012.733633;0.8627219999999625;170;0.0;0.6521927214257811;0.5751858929152647;-0.0582510098982425;0.46209700000008525;1000.0;489573;;0.42404965381853205;2023-01-02;BRSTNCNTF147;2022-04-29
477;1;0.12307782937236067;983.470949;5.432687999999985;672;0.0;2.3833707142557503;2.0728053004889255;-0.2038543795964074;0.006938999999988482;1000.0;1364561;;3.276979319961953;2025-01-02;BRSTNCNTF170;2022-04-29
478;2;0.12132965158303324;962.098245;6.7975810000000365;1173;0.0;3.9191116050708388;3.2898705205379977;-0.31651786540868443;0.6485999999999876;1000.0;84900;;7.770568568221486;2027-01-04;BRSTNCNTF1P8;2022-04-29
479;3;0.1221409178493055;939.414204;10.763053000000014;1672;0.0;5.32436923331443;4.2551994390073125;-0.39973947938563015;2.02318200000002;1000.0;320432;;13.079265935894997;2029-01-02;BRSTNCNTF1Q6;2022-04-29
480;4;0.12301322628689518;919.04262;7.387460999999917;2173;0.0;6.647347931599808;5.017307543382459;-0.46111194700159785;1.3744140000000016;1000.0;70615;;18.68171747482138;2031-01-02;BRSTNCNTF204;2022-04-29
481;5;0.12339361776386878;903.238229;4.753823000000011;2677;0.0;7.9148805773306625;5.6177367720618845;-0.5074154612985353;0.9196080000000393;1000.0;92422;;24.241802071566237;2033-01-03;BRSTNCNTF212;2022-04-29
482;0;0.13200548041464905;1012.935719;6.237842999999998;169;0.0;0.6482244674575272;0.5714173989253812;-0.05788090938295909;0.20208599999989474;1000.0;62108;;0.42010732357889197;2023-01-02;BRSTNCNTF147;2022-05-02
483;1;0.12446022111691275;981.115622;2.5934929999999667;671;0.0;2.379402460287496;2.0661592921122307;-0.20271411590317712;-2.3553269999999884;1000.0;4833448;;3.258992797482401;2025-01-02;BRSTNCNTF170;2022-05-02
484;2;0.12287790964940701;957.655925;6.184848999999986;1172;0.0;3.9151433511025853;3.279040484243744;-0.3140192548050891;-4.442319999999995;1000.0;254949;;7.727950772596012;2027-01-04;BRSTNCNTF1P8;2022-05-02
485;3;0.12363729000190872;933.891929;6.996142000000077;1671;0.0;5.320400979346175;4.239632041535611;-0.39593581455199;-5.522275000000036;1000.0;379788;;13.00306918862603;2029-01-02;BRSTNCNTF1Q6;2022-05-02
486;4;0.12407825389869515;914.575458;7.0785359999999855;2172;0.0;6.643379677631554;5.000805451488456;-0.45736139361639516;-4.46716200000003;1000.0;53785;;18.587253784605434;2031-01-02;BRSTNCNTF204;2022-05-02
487;5;0.1241745098481704;899.706978;13.721955000000094;2676;0.0;7.910912323362409;5.601000812152651;-0.5039259514477408;-3.5312509999999975;1000.0;76424;;24.13316887446689;2033-01-03;BRSTNCNTF212;2022-05-02
488;0;0.13241354440049127;1013.199446;0.47540299999991475;168;0.0;0.6442562134892732;0.5677036090726427;-0.057519698220460214;0.26372700000001714;1000.0;575061;;0.4162589175318061;2023-01-02;BRSTNCNTF147;2022-05-03
489;1;0.12452913947904329;981.432908;5.990610999999944;670;0.0;2.3754342063192424;2.0624754918200177;-0.202418131961565;0.3172859999999673;1000.0;2246681;;3.2496868967533405;2025-01-02;BRSTNCNTF170;2022-05-03
490;2;0.12308114068511782;957.458968;8.291625000000067;1171;0.0;3.9111750971343313;3.274551308675865;-0.31352485166678434;-0.1969569999999976;1000.0;16034;;7.710950923749653;2027-01-04;BRSTNCNTF1P8;2022-05-03
491;3;0.12374397761751925;933.901912;10.363326999999913;1670;0.0;5.316432725377922;4.2352439474656975;-0.39553024203246423;0.009983000000033826;1000.0;465821;;12.982297710054478;2029-01-02;BRSTNCNTF1Q6;2022-05-03
492;4;0.12417087062790425;914.576703;7.283958999999982;2171;0.0;6.6394114236633;4.996148777279384;-0.45693612764216596;0.0012449999999262218;1000.0;222853;;18.561516652536106;2031-01-02;BRSTNCNTF204;2022-05-03
493;5;0.12429717513110644;899.507258;33.442691999999965;2675;0.0;7.9069440693941555;5.595399077003487;-0.5033102081171137;-0.19972000000007029;1000.0;326849;;24.098165198472632;2033-01-03;BRSTNCNTF212;2022-05-03
494;0;0.13164452991272896;1014.139609;0.6742649999999912;167;0.0;0.6402879595210192;0.5645896257041354;-0.057257270225704815;0.9401629999999841;1000.0;1039473;;0.4132951081473556;2023-01-02;BRSTNCNTF147;2022-05-04
495;1;0.12329258782327156;984.394859;5.40597600000001;669;0.0;2.3714659523509884;2.061722490030064;-0.20295490198702737;2.961950999999999;1000.0;328849;;3.248936399033362;2025-01-02;BRSTNCNTF170;2022-05-04
496;2;0.12211197240543206;960.943735;9.616240000000062;1170;0.0;3.907206843166077;3.2755725357269423;-0.31476409067448685;3.48476699999992;1000.0;46879;;7.716137175115861;2027-01-04;BRSTNCNTF1P8;2022-05-04
497;3;0.122991760625386;937.31538;10.734797000000071;1669;0.0;5.312464471409667;4.237751791076283;-0.39721099303983465;3.413467999999966;1000.0;1072663;;12.995619428360625;2029-01-02;BRSTNCNTF1Q6;2022-05-04
498;4;0.12353893866208501;917.895206;12.899558999999954;2170;0.0;6.635443169695046;5.000305954706036;-0.45897568643579234;3.318503000000078;1000.0;0;;18.58679625958611;2031-01-02;BRSTNCNTF204;2022-05-04
499;5;0.12365926033375431;903.144541;6.388165999999956;2674;0.0;7.9029758154259;5.602647415625067;-0.5060000428569538;3.637283000000025;1000.0;956090;;24.14795269398959;2033-01-03;BRSTNCNTF212;2022-05-04
500;0;0.13362272535230746;1013.512878;1.0936940000000277;166;0.0;0.6363197055527652;0.5600862958250801;-0.05676546736100363;-0.6267309999999497;1000.0;259240;;0.40832912677693123;2023-01-02;BRSTNCNTF147;2022-05-05
501;1;0.12602264492844362;979.338982;4.447045000000003;668;0.0;2.367497698382734;2.0520777268459445;-0.20096797119941812;-5.0558770000000095;1000.0;619944;;3.222307978383802;2025-01-02;BRSTNCNTF170;2022-05-05
502;2;0.1249541314845484;952.502146;5.407140000000027;1169;0.0;3.9032385891978225;3.2587071009002866;-0.31039255067929616;-8.441588999999908;1000.0;274337;;7.649471739630094;2027-01-04;BRSTNCNTF1P8;2022-05-05
503;3;0.12579960338183677;926.693344;10.68902300000002;1668;0.0;5.308496217441413;4.211717133093548;-0.3902970234048553;-10.62203599999998;1000.0;1411378;;12.868132339152899;2029-01-02;BRSTNCNTF1Q6;2022-05-05
504;4;0.1258403392836065;907.849005;8.241175999999996;2169;0.0;6.631474915726792;4.9688229036978635;-0.45109409291433167;-10.046200999999996;1000.0;77977;;18.406148239382297;2031-01-02;BRSTNCNTF204;2022-05-05
505;5;0.12612990697648158;891.195071;12.93355100000008;2673;0.0;7.899007561457648;5.557457518367364;-0.49527787476608864;-11.94947000000002;1000.0;605464;;23.85235540747462;2033-01-03;BRSTNCNTF212;2022-05-05
506;0;0.13468572970385323;1013.417938;0.8301729999999452;165;0.0;0.6323514515845112;0.5560549213393591;-0.05635160317984855;-0.0949399999999514;1000.0;396194;;0.40406505915106233;2023-01-02;BRSTNCNTF147;2022-05-06
507;1;0.12836141028147297;975.123218;8.467462999999952;667;0.0;2.3635294444144797;2.043347443642622;-0.19925155347368673;-4.215764000000036;1000.0;296884;;3.198431820317254;2025-01-02;BRSTNCNTF170;2022-05-06
508;2;0.12697323206226055;946.713563;11.838508000000047;1168;0.0;3.899270335229569;3.2457512771750996;-0.3072796756226239;-5.788583000000017;1000.0;60106;;7.598711924119011;2027-01-04;BRSTNCNTF1P8;2022-05-06
509;3;0.1276000605252883;920.143095;6.115548999999987;1667;0.0;5.30452796347316;4.193816784473554;-0.38589115559284437;-6.550249000000008;1000.0;110511;;12.781131217038114;2029-01-02;BRSTNCNTF1Q6;2022-05-06
510;4;0.12774637127146218;899.740514;12.566719999999918;2168;0.0;6.627506661758538;4.942232244707296;-0.4446726580160316;-8.108491000000072;1000.0;38287;;18.25438537746833;2031-01-02;BRSTNCNTF204;2022-05-06
511;5;0.12786006034405517;883.110822;15.601279999999974;2672;0.0;7.895039307489393;5.524890074015186;-0.4879090214723192;-8.084249;1000.0;428227;;23.640787409331978;2033-01-03;BRSTNCNTF212;2022-05-06
512;0;0.13418883652442085;1014.204691;1.554550000000063;164;0.0;0.6283831976162573;0.5528041873724013;-0.05606566000375324;0.786752999999976;1000.0;0;;0.40094004498180763;2023-01-02;BRSTNCNTF147;2022-05-09
513;1;0.1268850230167161;978.535506;9.178322999999978;666;0.0;2.359561190446226;2.043110067164926;-0.1999255743386925;3.4122880000001032;1000.0;357161;;3.1991803951378457;2025-01-02;BRSTNCNTF170;2022-05-09
514;2;0.1259859906924507;950.201495;9.613240000000019;1167;0.0;3.895302081261315;3.246833466680568;-0.30851460140559084;3.4879320000000007;1000.0;61108;;7.604107014548454;2027-01-04;BRSTNCNTF1P8;2022-05-09
515;3;0.1269351379488754;923.151847;15.755076999999915;1666;0.0;5.300559709504905;4.195600212763816;-0.38731760856865094;3.0087519999999586;1000.0;1055857;;12.790818403363192;2029-01-02;BRSTNCNTF1Q6;2022-05-09
516;4;0.12709236069397103;903.084411;9.536567999999988;2167;0.0;6.623538407790284;4.946618083446314;-0.44672136783310634;3.3438970000000836;1000.0;199066;;18.28084077529175;2031-01-02;BRSTNCNTF204;2022-05-09
517;5;0.1273646295069888;885.954577;23.093641000000048;2671;0.0;7.89107105352114;5.529676356956003;-0.48990420777738564;2.8437549999999874;1000.0;382693;;23.67415978909906;2033-01-03;BRSTNCNTF212;2022-05-09
518;0;0.1339639122254478;1014.836979;1.4762489999999389;163;0.0;0.6244149436480033;0.5494163832451102;-0.05575680625855739;0.6322880000000168;1000.0;0;;0.3976288859419487;2023-01-02;BRSTNCNTF147;2022-05-10
519;1;0.12557620595444388;981.618226;6.596110000000067;665;0.0;2.355592936477972;2.0424986757113666;-0.2004953926659141;3.082719999999995;1000.0;636032;;3.1988492860888527;2025-01-02;BRSTNCNTF170;2022-05-10
520;2;0.12488230516924559;954.060767;7.711538000000019;1166;0.0;3.8913338272930615;3.248460131045782;-0.30992283641944596;3.8592720000000327;1000.0;37558;;7.611680025552497;2027-01-04;BRSTNCNTF1P8;2022-05-10
521;3;0.12605347531766056;927.012499;18.34846399999992;1665;0.0;5.296591455536652;4.1991149932591165;-0.38926320834895023;3.860652000000073;1000.0;430277;;12.809001138058505;2029-01-02;BRSTNCNTF1Q6;2022-05-10
522;4;0.12606000966835854;908.141543;17.319500000000062;2166;0.0;6.619570153822031;4.9555882317171;-0.4500375543224209;5.0571319999999105;1000.0;559075;;18.33366066092853;2031-01-02;BRSTNCNTF204;2022-05-10
523;5;0.12650595745940507;890.597644;18.524532000000022;2670;0.0;7.887102799552886;5.5405671216590555;-0.4934416024973416;4.643066999999974;1000.0;686390;;23.74753375793158;2033-01-03;BRSTNCNTF212;2022-05-10
524;0;0.134561949178143;1015.012049;0.836793000000057;162;0.0;0.6204466896797495;0.5456238595179373;-0.05538147916325897;0.17507000000000517;1000.0;677619;;0.3937497442741867;2023-01-02;BRSTNCNTF147;2022-05-11
525;1;0.1269556883731629;979.32276;5.095810000000029;664;0.0;2.351624682509718;2.035910480936681;-0.1993813471303838;-2.295466000000033;1000.0;78948;;3.181238345770657;2025-01-02;BRSTNCNTF170;2022-05-11
526;2;0.12608935779136007;950.778325;9.002010000000041;1165;0.0;3.887365573324807;3.239303313579702;-0.3079859378652259;-3.28244200000006;1000.0;105145;;7.576195948616369;2027-01-04;BRSTNCNTF1P8;2022-05-11
527;3;0.12727999479006882;922.69449;9.093328000000042;1664;0.0;5.292623201568399;4.185809012938688;-0.3862222912430866;-4.318009000000075;1000.0;440283;;12.744710036774407;2029-01-02;BRSTNCNTF1Q6;2022-05-11
528;4;0.12717626242729385;903.567814;13.82121200000006;2165;0.0;6.615601899853775;4.938562502130142;-0.4462326124352103;-4.5737289999999575;1000.0;275362;;18.23709049477641;2031-01-02;BRSTNCNTF204;2022-05-11
529;5;0.12771033069940677;885.107363;20.271918000000028;2669;0.0;7.883134545584632;5.516842922943558;-0.4882998291611784;-5.490280999999982;1000.0;357355;;23.59424358270241;2033-01-03;BRSTNCNTF212;2022-05-11
530;0;0.1352880423709716;1015.121141;0.7763069999999743;161;0.0;0.6164784357114954;0.5417730799640184;-0.054996530709615854;0.1090919999999187;1000.0;534882;;0.3898019515773289;2023-01-02;BRSTNCNTF147;2022-05-12
531;1;0.1277029986352678;978.300957;4.30346099999997;663;0.0;2.3476564285414643;2.030735458336977;-0.19866704423048986;-1.0218029999999771;1000.0;144822;;3.1677455186400914;2025-01-02;BRSTNCNTF170;2022-05-12
532;2;0.12664997381208393;949.503175;5.411070999999993;1164;0.0;3.883397319356553;3.2331701552425676;-0.3069905327718061;-1.2751499999999396;1000.0;44931;;7.552831337102807;2027-01-04;BRSTNCNTF1P8;2022-05-12
533;3;0.1277248567073439;921.418064;5.431017999999995;1663;0.0;5.288654947600144;4.178746469364352;-0.38503724817485363;-1.276426000000015;1000.0;238695;;12.711094793422696;2029-01-02;BRSTNCNTF1Q6;2022-05-12
534;4;0.1275679547304335;902.252248;8.67800800000009;2164;0.0;6.611633645885521;4.930311163593886;-0.4448384330692079;-1.3155659999999898;1000.0;0;;18.19102569958336;2031-01-02;BRSTNCNTF204;2022-05-12
535;5;0.12771661313252086;885.498937;8.754670000000033;2668;0.0;7.879166291616377;5.513218833785127;-0.488194941676511;0.39157399999999143;1000.0;97417;;23.572588973621585;2033-01-03;BRSTNCNTF212;2022-05-12
536;0;0.1356939499862972;1015.410559;0.6780700000000479;160;0.0;0.6125101817432413;0.5380817221899833;-0.05463738623166137;0.2894180000000688;1000.0;790559;;0.3860960010288045;2023-01-02;BRSTNCNTF147;2022-05-13
537;1;0.12817436162246684;977.833056;3.5352980000000116;662;0.0;2.3436881745732103;2.02617599571004;-0.19812618658789916;-0.46790099999998347;1000.0;191619;;3.156051202279249;2025-01-02;BRSTNCNTF170;2022-05-13
538;2;0.12634029117604137;950.903392;7.232973000000015;1163;0.0;3.8794290653882992;3.231088077745628;-0.30724526129790775;1.4002169999999978;1000.0;426901;;7.545615603859673;2027-01-04;BRSTNCNTF1P8;2022-05-13
539;3;0.12699269817628533;924.682016;10.620451000000003;1662;0.0;5.28468669363189;4.1810565807355875;-0.38661478280846495;3.2639520000000175;1000.0;255514;;12.723330049607265;2029-01-02;BRSTNCNTF1Q6;2022-05-13
540;4;0.12677444296834167;906.221579;6.493938999999955;2163;0.0;6.607665391917268;4.93637639955502;-0.4473450815343085;3.969331000000011;1000.0;51691;;18.22705407587;2031-01-02;BRSTNCNTF204;2022-05-13
541;5;0.12725930873675242;888.157935;7.858289000000013;2667;0.0;7.875198037648122;5.517361809535543;-0.4900288671404951;2.658997999999997;1000.0;86548;;23.601694602121896;2033-01-03;BRSTNCNTF212;2022-05-13
542;0;0.1350835260951189;1016.255072;0.821262000000047;159;0.0;0.6085419277749874;0.5348805069155037;-0.05435750280668117;0.8445130000000063;1000.0;1120687;;0.3830995518611296;2023-01-02;BRSTNCNTF147;2022-05-16
543;1;0.12706622446795174;980.497668;3.7473449999999957;661;0.0;2.3397199206049564;2.025102773918333;-0.19856085472872564;2.66461199999992;1000.0;121479;;3.154398596333809;2025-01-02;BRSTNCNTF170;2022-05-16
544;2;0.12496154596883849;955.599603;5.0884150000000545;1162;0.0;3.8754608114200457;3.2339801986566727;-0.30903901939461775;4.696210999999948;1000.0;476962;;7.558199071755831;2027-01-04;BRSTNCNTF1P8;2022-05-16
545;3;0.12555312051472306;930.708822;3.6786970000000565;1661;0.0;5.2807184396636355;4.189009547288124;-0.3898748141103283;6.026806000000079;1000.0;1570776;;12.763186872678943;2029-01-02;BRSTNCNTF1Q6;2022-05-16
546;4;0.1249442515212043;914.891808;5.3680349999999635;2162;0.0;6.603697137949014;4.955001421726813;-0.4533290209366214;8.67022899999995;1000.0;785517;;18.335229689871685;2031-01-02;BRSTNCNTF204;2022-05-16
547;5;0.12537511993668138;897.886654;8.336358000000018;2666;0.0;7.87122978367987;5.545479127643886;-0.4979211698747008;9.72871900000007;1000.0;302602;;23.78772203644823;2033-01-03;BRSTNCNTF212;2022-05-16
548;0;0.13478744266633175;1016.926182;0.9789030000000594;158;0.0;0.6045736738067334;0.5315257805172566;-0.05405224826159838;0.6711099999999988;1000.0;1255272;;0.37989595596120956;2023-01-02;BRSTNCNTF147;2022-05-17
549;1;0.12651702966904976;982.053234;5.265938000000006;660;0.0;2.335751666636702;2.022793242480769;-0.19864906454915854;1.555565999999999;1000.0;85768;;3.149193858506059;2025-01-02;BRSTNCNTF170;2022-05-17
550;2;0.12493894830096182;956.116014;8.023997000000008;1161;0.0;3.8714925574517918;3.2305579265832356;-0.30887881677608675;0.5164109999999482;1000.0;40284;;7.545648253023389;2027-01-04;BRSTNCNTF1P8;2022-05-17
551;3;0.12549726786980003;931.363458;9.70539999999994;1660;0.0;5.2767501856953825;4.185929410516699;-0.38986216907227345;0.6546359999999822;1000.0;224728;;12.749038216148813;2029-01-02;BRSTNCNTF1Q6;2022-05-17
552;4;0.12506698462240287;914.763346;3.8049599999999373;2161;0.0;6.59972888398076;4.949987106957925;-0.4528066768617691;-0.12846200000001318;1000.0;359107;;18.30764925455879;2031-01-02;BRSTNCNTF204;2022-05-17
553;5;0.12542655153148335;898.051617;15.383237000000008;2665;0.0;7.867261529711615;5.541087932019548;-0.49761829772893407;0.16496299999994335;1000.0;206546;;23.760941615955222;2033-01-03;BRSTNCNTF212;2022-05-17
554;0;0.13449141052687327;1017.595643;1.0271209999999655;157;0.0;0.6006054198384795;0.5281692791049769;-0.05374627571836754;0.6694609999999557;1000.0;241089;;0.37670110630108733;2023-01-02;BRSTNCNTF147;2022-05-18
555;1;0.12631905934159324;982.910488;5.748608999999988;659;0.0;2.3317834126684485;2.019706970340779;-0.19851911638346564;0.8572540000000117;1000.0;2407241;;3.141763989739875;2025-01-02;BRSTNCNTF170;2022-05-18
556;2;0.12482600731273523;956.911519;8.313323000000082;1160;0.0;3.8675243034835374;3.227555805107887;-0.3088485328123056;0.7955050000000483;1000.0;214179;;7.534779388015265;2027-01-04;BRSTNCNTF1P8;2022-05-18
557;3;0.12549359435665608;931.814823;9.36938699999996;1659;0.0;5.2727819317271285;4.182432920364206;-0.38972529913985454;0.4513650000000098;1000.0;971391;;12.732862604329757;2029-01-02;BRSTNCNTF1Q6;2022-05-18
558;4;0.12493280652093172;915.798936;13.727304000000004;2160;0.0;6.595760630012506;4.948085021800386;-0.4531450998202331;1.0355900000000702;1000.0;12636;;18.29795701837302;2031-01-02;BRSTNCNTF204;2022-05-18
559;5;0.12543684286802623;898.421609;4.763196999999991;2664;0.0;7.863293275743362;5.537388883036098;-0.49749098299560046;0.36999200000002475;1000.0;32060;;23.738710704044113;2033-01-03;BRSTNCNTF212;2022-05-18
560;0;0.13396370316234762;1018.387305;0.48402099999998427;156;0.0;0.5966371658702256;0.5249203072462091;-0.05345721770362388;0.7916619999999739;1000.0;235693;;0.3736693148910401;2023-01-02;BRSTNCNTF147;2022-05-19
561;1;0.12481050372561489;986.372558;2.2868530000000646;658;0.0;2.327815158700194;2.0195086456289886;-0.1991987908692181;3.4620700000000397;1000.0;1186020;;3.142633819197704;2025-01-02;BRSTNCNTF170;2022-05-19
562;2;0.12307984949144768;962.769922;4.435763000000065;1159;0.0;3.863556049515284;3.232156960951087;-0.3111823505186635;5.858402999999953;1000.0;234852;;7.55415478430072;2027-01-04;BRSTNCNTF1P8;2022-05-19
563;3;0.12394864622774154;938.299274;9.555850999999961;1658;0.0;5.2688136777588745;4.191233604759297;-0.3932631448510051;6.484450999999922;1000.0;324292;;12.776862036719264;2029-01-02;BRSTNCNTF1Q6;2022-05-19
564;4;0.12372079919411405;921.742346;5.237715999999978;2159;0.0;6.5917923760442525;4.959248048839443;-0.4571148930933191;5.943409999999972;1000.0;93656;;18.363306790213958;2031-01-02;BRSTNCNTF204;2022-05-19
565;5;0.12410955244090381;905.482774;11.463449000000082;2663;0.0;7.859325021775108;5.556206632620254;-0.5031049394622187;7.06116499999996;1000.0;506396;;23.863965574884087;2033-01-03;BRSTNCNTF212;2022-05-19
566;0;0.13390857667324466;1018.924779;1.0140409999999065;155;0.0;0.5926689119019717;0.5214466927548267;-0.05313149561754926;0.5374739999999747;1000.0;1191764;;0.3703318872760052;2023-01-02;BRSTNCNTF147;2022-05-20
567;1;0.12393314823382036;988.580856;4.075189000000023;657;0.0;2.3238469047319406;2.017915604900907;-0.19948727360286966;2.2082980000000134;1000.0;43113;;3.139500762775211;2025-01-02;BRSTNCNTF170;2022-05-20
568;2;0.12185366521108561;967.03769;7.288595999999984;1158;0.0;3.85958779554703;3.234340805040091;-0.312772946077871;4.267768000000046;1000.0;204079;;7.5639227851105035;2027-01-04;BRSTNCNTF1P8;2022-05-20
569;3;0.12283216150572139;943.138479;11.00136299999997;1657;0.0;5.264845423790621;4.196624176727096;-0.39579977429730206;4.839204999999993;1000.0;680531;;12.804197072479663;2029-01-02;BRSTNCNTF1Q6;2022-05-20
570;4;0.12271251305445552;926.794224;1.9646559999999909;2158;0.0;6.587824122075998;4.96795625854492;-0.46042731655040825;5.051877999999988;1000.0;139250;;18.414598042238325;2031-01-02;BRSTNCNTF204;2022-05-20
571;5;0.12308931168765373;911.057805;6.798595999999975;2662;0.0;7.855356767806854;5.569888523709408;-0.5074490412505384;5.575031000000081;1000.0;383074;;23.955679791767423;2033-01-03;BRSTNCNTF212;2022-05-20
572;0;0.13386663033545748;1019.455185;0.7707720000000791;154;0.0;0.5887006579337177;0.5179666023696118;-0.052804373844253405;0.5304060000000845;1000.0;3841204;;0.3669974229926956;2023-01-02;BRSTNCNTF147;2022-05-23
573;1;0.12333476355532742;990.232571;6.970988999999918;656;0.0;2.3198786507636866;2.0157043598541526;-0.19960161106342866;1.6517149999999674;1000.0;4191116;;3.134596996917369;2025-01-02;BRSTNCNTF170;2022-05-23
574;2;0.12100190112371205;970.146727;12.043871000000081;1157;0.0;3.855619541578775;3.234778510241315;-0.3138209784280548;3.1090370000000576;1000.0;99286;;7.566738808666974;2027-01-04;BRSTNCNTF1P8;2022-05-23
575;3;0.12196954244435598;946.994111;11.024110999999948;1656;0.0;5.260877169822366;4.199989651923242;-0.397736546663225;3.855632000000014;1000.0;312722;;12.821616463847834;2029-01-02;BRSTNCNTF1Q6;2022-05-23
576;4;0.12228328086102873;929.198963;14.360440999999923;2157;0.0;6.583855868107744;4.969636716166325;-0.46177812831484744;2.4047390000000632;1000.0;292603;;18.42546870997906;2031-01-02;BRSTNCNTF204;2022-05-23
577;5;0.12239418213590285;915.014959;16.24141599999996;2661;0.0;7.851388513838598;5.578100252776919;-0.5104045174092562;3.957153999999946;1000.0;275005;;24.0115377946239;2033-01-03;BRSTNCNTF212;2022-05-23
578;0;0.13530907531838368;1019.207423;0.9508389999999736;153;0.0;0.5847324039654636;0.5138003986133582;-0.05236691802070936;-0.24776200000007975;1000.0;488233;;0.3627143774540079;2023-01-02;BRSTNCNTF147;2022-05-24
579;1;0.12556431007725682;986.260569;4.591408000000001;655;0.0;2.3159103967954326;2.0072694694274045;-0.19796907290538002;-3.972001999999975;1000.0;2703604;;3.1118755106913123;2025-01-02;BRSTNCNTF170;2022-05-24
580;2;0.12336639533486564;963.211848;7.1890019999999595;1156;0.0;3.8516512876105207;3.2202241220085788;-0.31017580275340606;-6.9348790000000236;1000.0;63642;;7.509940841151066;2027-01-04;BRSTNCNTF1P8;2022-05-24
581;3;0.12418646864852624;938.671875;6.353080999999975;1655;0.0;5.256908915854112;4.178744697941707;-0.39224701207632506;-8.322235999999975;1000.0;1349782;;12.718544027113456;2029-01-02;BRSTNCNTF1Q6;2022-05-24
582;4;0.12439006943755207;919.973712;7.825054000000023;2156;0.0;6.57988761413949;4.9405446799524295;-0.4545171228517688;-9.225251000000071;1000.0;47181;;18.259606544814858;2031-01-02;BRSTNCNTF204;2022-05-24
583;5;0.12449563816232181;904.806563;9.177644999999984;2660;0.0;7.847420259870345;5.539114331243101;-0.5011827000116114;-10.208395999999993;1000.0;1631262;;23.757919269636407;2033-01-03;BRSTNCNTF212;2022-05-24
584;0;0.13536008506668376;1019.694273;1.0756999999999834;152;0.0;0.5807641499972096;0.5102817116659263;-0.052033133900238226;0.486850000000004;1000.0;52452;;0.35935259964517385;2023-01-02;BRSTNCNTF147;2022-05-25
585;1;0.12584703507222308;986.164869;7.364148999999998;654;0.0;2.3119421428271782;2.0031244616399415;-0.19754109723038482;-0.09570000000007894;1000.0;1866613;;3.1014699393485055;2025-01-02;BRSTNCNTF170;2022-05-25
586;2;0.12437172755054128;960.547568;9.68114300000002;1155;0.0;3.847683033642267;3.2120234934575373;-0.3085301354999501;-2.664280000000076;1000.0;33380;;7.478503066726132;2027-01-04;BRSTNCNTF1P8;2022-05-25
587;3;0.12548526850895653;934.035505;14.608959999999911;1654;0.0;5.252940661885859;4.164870219981781;-0.38901366591801434;-4.636370000000056;1000.0;224049;;12.651777375200753;2029-01-02;BRSTNCNTF1Q6;2022-05-25
588;4;0.12556656424777965;915.078943;17.45174499999996;2155;0.0;6.575919360171236;4.922784760064718;-0.4504736674856531;-4.894768999999997;1000.0;0;;18.159167695783974;2031-01-02;BRSTNCNTF204;2022-05-25
589;5;0.1258475411745109;898.492703;8.778802999999925;2659;0.0;7.84345200590209;5.51286254087699;-0.49532667656200147;-6.313859999999977;1000.0;21063;;23.588404388589847;2033-01-03;BRSTNCNTF212;2022-05-25
590;0;0.13465635694424666;1020.57212;0.7504820000000336;151;0.0;0.5767958960289556;0.5071071259705716;-0.05175393946188933;0.877847000000088;1000.0;130533;;0.3564824258852688;2023-01-02;BRSTNCNTF147;2022-05-26
591;1;0.12380054764508659;990.679104;7.348487999999975;653;0.0;2.3079738888589247;2.0040838827572562;-0.19854040253107996;4.514235000000099;1000.0;2249257;;3.1056508246860206;2025-01-02;BRSTNCNTF170;2022-05-26
592;2;0.12284437396150626;965.720639;12.582859999999982;1154;0.0;3.843714779674013;3.215584272358574;-0.3105356098260472;5.17307100000005;1000.0;1426428;;7.493679796053465;2027-01-04;BRSTNCNTF1P8;2022-05-26
593;3;0.12395836020465038;940.439036;13.674013999999943;1653;0.0;5.248972407917604;4.173502985062519;-0.3924925124015317;6.403531000000044;1000.0;481611;;12.694798187413397;2029-01-02;BRSTNCNTF1Q6;2022-05-26
594;4;0.12470177923891515;919.415691;9.470057999999995;2154;0.0;6.571951106202982;4.929714185820492;-0.453245657458865;4.336748000000057;1000.0;430222;;18.200032225616475;2031-01-02;BRSTNCNTF204;2022-05-26
595;5;0.1252015770234581;902.123387;24.302723000000015;2658;0.0;7.8394837519338365;5.520185523392502;-0.4979888461231212;3.630683999999974;1000.0;166497;;23.63818111234103;2033-01-03;BRSTNCNTF212;2022-05-26
596;0;0.13449990479651072;1021.164331;0.8594020000000455;150;0.0;0.5728276420607017;0.5036806476689624;-0.051434071161452266;0.5922109999999066;1000.0;316019;;0.35327233406465247;2023-01-02;BRSTNCNTF147;2022-05-27
597;1;0.12431308022259528;990.122597;7.932087000000024;652;0.0;2.304005634890671;1.9994298993837194;-0.1979680724497257;-0.5565070000000105;1000.0;769292;;3.0938054721867623;2025-01-02;BRSTNCNTF170;2022-05-27
598;2;0.12307474341484341;965.450224;6.840525999999954;1153;0.0;3.8397465257057597;3.2109804588463104;-0.3100041803252793;-0.2704149999999572;1000.0;427561;;7.4765125791911204;2027-01-04;BRSTNCNTF1P8;2022-05-27
599;3;0.12384430598311563;941.322873;9.027964999999995;1652;0.0;5.245004153949351;4.170881273613526;-0.3926145943419783;0.8838369999999713;1000.0;108157;;12.682931066600329;2029-01-02;BRSTNCNTF1Q6;2022-05-27
600;4;0.12445319197426895;920.972016;4.317363;2153;0.0;6.567982852234728;4.929193130602669;-0.4539648934744491;1.5563250000000153;1000.0;112794;;18.198275631901257;2031-01-02;BRSTNCNTF204;2022-05-27
601;5;0.12486266796920814;904.235665;7.013699000000088;2657;0.0;7.8355154979655826;5.522354699484642;-0.49935100740543703;2.1122780000000603;1000.0;174367;;23.654321136173635;2033-01-03;BRSTNCNTF212;2022-05-27
602;0;0.13530002222091733;1021.267168;0.1741109999999253;149;0.0;0.5688593880924478;0.49982323574177845;-0.051045306046660244;0.10283700000002227;1000.0;16702;;0.34947674837578235;2023-01-02;BRSTNCNTF147;2022-05-30
603;1;0.12699230184727622;985.307837;1.3813109999999824;651;0.0;2.3000373809224164;1.9900549736162876;-0.19608167615649563;-4.814760000000092;1000.0;25916;;3.0685546752280475;2025-01-02;BRSTNCNTF170;2022-05-30
604;2;0.12608378755965557;956.637723;2.8699349999999413;1152;0.0;3.8357782717375057;3.1935180167433925;-0.3055039803896875;-8.812500999999997;1000.0;260561;;7.408610118003639;2027-01-04;BRSTNCNTF1P8;2022-05-30
605;3;0.12689315406949173;929.903547;12.156181999999944;1651;0.0;5.241035899981098;4.14311402134447;-0.3852696424073656;-11.419325999999955;1000.0;291144;;12.548785946971837;2029-01-02;BRSTNCNTF1Q6;2022-05-30
606;4;0.12748634721540586;907.787543;0.4554210000000012;2152;0.0;6.564014598266474;4.88906185571116;-0.4438229449571054;-13.184473000000025;1000.0;6033;;17.970564472393317;2031-01-02;BRSTNCNTF204;2022-05-30
607;5;0.12785224081165417;889.921235;5.256563999999912;2656;0.0;7.8315472439973295;5.468726429097945;-0.4866735777659983;-14.314430000000016;1000.0;235750;;23.30724405156209;2033-01-03;BRSTNCNTF212;2022-05-30
608;0;0.13499258672519898;1021.937512;0.1741109999999253;148;0.0;0.5648911341241939;0.4964650700497549;-0.05073562784815522;0.670344;1000.0;0;;0.34638599522282454;2023-01-02;BRSTNCNTF147;2022-05-31
609;1;0.12570146446312755;988.308243;1.3813109999999824;650;0.0;2.296069126954163;1.989342807778964;-0.19660838950807147;3.000405999999998;1000.0;0;;3.0679672844550425;2025-01-02;BRSTNCNTF170;2022-05-31
610;2;0.12502321061851338;960.334643;2.8699349999999413;1151;0.0;3.8318100177692513;3.1948930835603586;-0.3068166508824106;3.6969199999999773;1000.0;0;;7.415097097388564;2027-01-04;BRSTNCNTF1P8;2022-05-31
611;3;0.12568131749156716;935.028741;12.156181999999944;1650;0.0;5.237067646012842;4.149209583818941;-0.3879630213303358;5.125193999999965;1000.0;0;;12.579308089595026;2029-01-02;BRSTNCNTF1Q6;2022-05-31
612;4;0.12618699914416417;914.01292;0.4554210000000012;2151;0.0;6.560046344298221;4.901196315083653;-0.44797567554428497;6.22537699999998;1000.0;0;;18.040904876291144;2031-01-02;BRSTNCNTF204;2022-05-31
613;5;0.12650986696806288;896.915644;5.256563999999912;2655;0.0;7.827578990029074;5.487662301961062;-0.49219701676179284;6.994409000000019;1000.0;0;;23.432291500169946;2033-01-03;BRSTNCNTF212;2022-05-31
614;0;0.13525675683241847;1022.318022;0.5331469999999854;147;0.0;0.5609228801559398;0.492851731688761;-0.05038512074793289;0.38051000000007207;1000.0;58742;;0.3429547266815923;2023-01-02;BRSTNCNTF147;2022-06-01
615;1;0.12678807276002196;986.642712;7.979638000000023;649;0.0;2.292100872985909;1.9834561357602796;-0.19569625409195623;-1.6655309999999872;1000.0;100886;;3.0526973959017933;2025-01-02;BRSTNCNTF170;2022-06-01
616;2;0.12635986045041597;956.697903;10.784331000000066;1150;0.0;3.8278417638009974;3.1851970345451774;-0.30472713235911897;-3.6367400000000316;1000.0;38154;;7.377991555798701;2027-01-04;BRSTNCNTF1P8;2022-06-01
617;3;0.12708852792685882;930.03393;15.640266999999994;1649;0.0;5.233099392044589;4.1345228930363325;-0.384524657488555;-4.994810999999913;1000.0;721409;;12.509006379581626;2029-01-02;BRSTNCNTF1Q6;2022-06-01
618;4;0.1276726359765239;907.826624;10.323590999999965;2150;0.0;6.556078090329967;4.879781652147518;-0.4429995703126224;-6.18629599999997;1000.0;223880;;17.920319386437303;2031-01-02;BRSTNCNTF204;2022-06-01
619;5;0.12791599344463433;890.461331;6.673746999999935;2654;0.0;7.823610736060821;5.460624912482905;-0.48624753276612864;-6.45431300000007;1000.0;0;;23.258763410683937;2033-01-03;BRSTNCNTF212;2022-06-01
620;0;0.135573478510434;1022.674301;1.0755300000000716;146;0.0;0.5569546261876858;0.4892169678587334;-0.05003096206422697;0.35627899999997226;1000.0;425585;;0.3395070649374772;2023-01-02;BRSTNCNTF147;2022-06-02
621;1;0.12757764160309593;985.568918;6.578627999999981;648;0.0;2.288132619017655;1.9782236253070127;-0.194967571795587;-1.073793999999907;1000.0;237579;;3.0393144796383647;2025-01-02;BRSTNCNTF170;2022-06-02
622;2;0.12743953717387496;953.86997;12.89700199999993;1149;0.0;3.823873509832744;3.176703486040016;-0.30301620589278855;-2.82793300000003;1000.0;328300;;7.345700304951797;2027-01-04;BRSTNCNTF1P8;2022-06-02
623;3;0.12780134762916615;927.741534;9.163715000000025;1648;0.0;5.229131138076336;4.125358976767014;-0.38272668654065;-2.2923960000000534;1000.0;142301;;12.465595577269287;2029-01-02;BRSTNCNTF1Q6;2022-06-02
624;4;0.12809948121723702;906.372086;5.383669999999938;2149;0.0;6.552109836361713;4.871131507915486;-0.4415057626009684;-1.4545380000000705;1000.0;84161;;17.872471078101388;2031-01-02;BRSTNCNTF204;2022-06-02
625;5;0.12844509349827224;888.320254;17.072325999999975;2653;0.0;7.819642482092568;5.448277628131816;-0.4839815366484572;-2.1410769999999957;1000.0;105225;;23.180810701541926;2033-01-03;BRSTNCNTF212;2022-06-02
626;0;0.13547902487764166;1023.237331;0.7574710000000096;145;0.0;0.5529863722194318;0.485763716727362;-0.0497051569000746;0.5630300000000261;1000.0;370089;;0.33632149457156413;2023-01-02;BRSTNCNTF147;2022-06-03
627;1;0.12734456787554024;986.492617;4.678771999999981;647;0.0;2.2841643650494006;1.9752083895469117;-0.19485284933244884;0.9236989999999423;1000.0;509705;;3.0322223206881747;2025-01-02;BRSTNCNTF170;2022-06-03
628;2;0.126571694967481;956.957428;8.40044899999998;1148;0.0;3.81990525586449;3.1771756928491626;-0.3040421879333053;3.0874580000000833;1000.0;1644196;;7.348618521213685;2027-01-04;BRSTNCNTF1P8;2022-06-03
629;3;0.12707518306353355;930.9687;19.693783000000053;1647;0.0;5.225162884108081;4.127586949599317;-0.3842654256605442;3.227166000000011;1000.0;940178;;12.477304721867473;2029-01-02;BRSTNCNTF1Q6;2022-06-03
630;4;0.1272678028672682;910.487954;11.699866000000043;2148;0.0;6.548141582393459;4.877612232757877;-0.44410071822090913;4.115867999999978;1000.0;511647;;17.910512341076025;2031-01-02;BRSTNCNTF204;2022-06-03
631;5;0.127525172234882;893.215311;7.732686000000058;2652;0.0;7.815674228124314;5.460115011113332;-0.48770583277473634;4.895057000000065;1000.0;751290;;23.259529150545863;2033-01-03;BRSTNCNTF212;2022-06-03
632;0;0.13568913803929275;1023.649639;0.49765800000000127;144;0.0;0.5490181182511779;0.4821778447904449;-0.0493581176753537;0.41230799999993906;1000.0;899950;;0.33296649202056006;2023-01-02;BRSTNCNTF147;2022-06-06
633;1;0.1274537193763279;986.749587;0.0;646;0.0;2.280196111081147;1.9714526568050983;-0.19453300948924834;0.2569700000000239;1000.0;0;;3.023049332418857;2025-01-02;BRSTNCNTF170;2022-06-06
634;2;0.12714542618991348;955.669146;6.765387999999916;1147;0.0;3.8159370018962355;3.1710154343488446;-0.3030441612096979;-1.2882820000000947;1000.0;530520;;7.325533558303183;2027-01-04;BRSTNCNTF1P8;2022-06-06
635;3;0.1275843014703126;929.458121;11.737899999999968;1646;0.0;5.221194630139827;4.1200381360277305;-0.3829402904360677;-1.510579000000007;1000.0;107734;;12.441757026806316;2029-01-02;BRSTNCNTF1Q6;2022-06-06
636;4;0.12762740797277067;909.326379;6.866749000000027;2147;0.0;6.544173328425204;4.869768334944123;-0.4428208806583598;-1.1615749999999707;1000.0;492827;;17.867261344908165;2031-01-02;BRSTNCNTF204;2022-06-06
637;5;0.1279790130451549;891.432078;9.032136000000037;2651;0.0;7.811705974156059;5.449018542984181;-0.4857429922832921;-1.7832329999999956;1000.0;369046;;23.189697930126066;2033-01-03;BRSTNCNTF212;2022-06-06
638;0;0.13616556352137243;1023.933138;0.4546909999999116;143;0.0;0.545049864282924;0.47847875887567914;-0.04899302570419195;0.28349900000000616;1000.0;85617;;0.3294699479135071;2023-01-02;BRSTNCNTF147;2022-06-07
639;1;0.12908233229831315;984.063267;3.3220469999999978;645;0.0;2.2762278571128927;1.9644259916240425;-0.193311945909727;-2.6863200000000234;1000.0;46330;;3.004680164380197;2025-01-02;BRSTNCNTF170;2022-06-07
640;2;0.1289469287393394;950.68989;5.158213000000046;1146;0.0;3.811968747927982;3.1592323267547076;-0.3003450233206877;-4.979255999999964;1000.0;137840;;7.280515293475526;2027-01-04;BRSTNCNTF1P8;2022-06-07
641;3;0.12922034479508795;923.669218;10.182272000000012;1645;0.0;5.217226376171572;4.103599852863369;-0.37903688670792235;-5.788903000000005;1000.0;505310;;12.363432653179585;2029-01-02;BRSTNCNTF1Q6;2022-06-07
642;4;0.12961488684656397;901.024883;13.680304999999976;2146;0.0;6.54020507445695;4.842404231929094;-0.43631267065126167;-8.30149599999993;1000.0;0;;17.71364432178727;2031-01-02;BRSTNCNTF204;2022-06-07
643;5;0.12992303952456663;882.494382;8.769683999999984;2650;0.0;7.807737720187805;5.413130128195737;-0.47770569271676777;-8.937696000000074;1000.0;40412;;22.959914340399298;2033-01-03;BRSTNCNTF212;2022-06-07
644;0;0.1361581675131173;1024.455576;2.034103000000073;142;0.0;0.5410816103146701;0.4749892441220853;-0.04866053796808956;0.5224380000000792;1000.0;819797;;0.3262721352317716;2023-01-02;BRSTNCNTF147;2022-06-08
645;1;0.12926878126798574;984.177616;4.173076999999921;644;0.0;2.272259603144639;1.9605111136882458;-0.19294911540112025;0.11434899999994741;1000.0;1542640;;2.995101064511056;2025-01-02;BRSTNCNTF170;2022-06-08
646;2;0.1289825910142684;951.040525;6.197985000000017;1145;0.0;3.808000493959728;3.155554093632977;-0.30010598218746054;0.35063500000001113;1000.0;238035;;7.26722325090858;2027-01-04;BRSTNCNTF1P8;2022-06-08
647;3;0.1289427376185782;925.167486;9.930655000000002;1644;0.0;5.213258122203319;4.1022748475642405;-0.3795291307602042;1.4982680000000528;1000.0;684006;;12.357995867011793;2029-01-02;BRSTNCNTF1Q6;2022-06-08
648;4;0.12907826795115993;903.806128;14.610394000000042;2145;0.0;6.536236820488696;4.8453202623996745;-0.43792301452793936;2.781244999999899;1000.0;212327;;17.731398532682462;2031-01-02;BRSTNCNTF204;2022-06-08
649;5;0.12915664498314;886.594684;12.889675000000011;2649;0.0;7.803769466219552;5.422361702632411;-0.4807437060279085;4.100302000000056;1000.0;33319;;23.021532704742214;2033-01-03;BRSTNCNTF212;2022-06-08
650;0;0.13509612823025885;1025.488281;0.43861199999992095;141;0.0;0.537113356346416;0.4719471236940874;-0.048397624459994404;1.0327049999998508;1000.0;661800;;0.32369372810953106;2023-01-02;BRSTNCNTF147;2022-06-09
651;1;0.12728039610102004;988.49572;5.037212000000068;643;0.0;2.2682913491763848;1.9612663944848776;-0.1938703436728133;4.318104000000062;1000.0;615476;;2.9986537493113685;2025-01-02;BRSTNCNTF170;2022-06-09
652;2;0.12769209680591626;955.380404;5.12346100000002;1144;0.0;3.8040322399914737;3.1579473591455343;-0.3017041023791194;4.339878999999996;1000.0;920662;;7.277625722986379;2027-01-04;BRSTNCNTF1P8;2022-06-09
653;3;0.12801285731937545;929.150594;9.681440000000066;1643;0.0;5.209289868235066;4.106096054629863;-0.3815181588180394;3.983107999999902;1000.0;439865;;12.377330358597353;2029-01-02;BRSTNCNTF1Q6;2022-06-09
654;4;0.12867512907597278;906.009257;6.139903000000004;2144;0.0;6.532268566520442;4.846637869970766;-0.4391098775520277;2.2031290000001036;1000.0;357403;;17.74011669457698;2031-01-02;BRSTNCNTF204;2022-06-09
655;5;0.12880870528634483;888.697043;18.152198999999996;2648;0.0;7.799801212251296;5.424638429198543;-0.48208601313729105;2.1023589999999786;1000.0;593889;;23.0382851579344;2033-01-03;BRSTNCNTF212;2022-06-09
656;0;0.13500620432239574;1026.047297;0.866664000000128;140;0.0;0.533145102378162;0.4684890733119915;-0.04806919473458038;0.559016000000156;1000.0;1474758;;0.3205613399742887;2023-01-02;BRSTNCNTF147;2022-06-10
657;1;0.1273082680726321;988.911829;5.7082450000000335;642;0.0;2.2643230952081312;1.9576863360336667;-0.1935979175175362;0.41610900000000584;1000.0;194193;;2.9900264513249657;2025-01-02;BRSTNCNTF170;2022-06-10
658;2;0.12789641260096157;955.220366;6.965688999999998;1143;0.0;3.8000639860232193;3.1534929209079214;-0.3012280662088074;-0.1600379999999859;1000.0;514218;;7.261311078918503;2027-01-04;BRSTNCNTF1P8;2022-06-10
659;3;0.12824301678534739;928.717681;9.518492000000037;1642;0.0;5.20532161426681;4.100762127198282;-0.3808450293104215;-0.432912999999985;1000.0;100394;;12.352595106240877;2029-01-02;BRSTNCNTF1Q6;2022-06-10
660;4;0.12893036896173896;905.325087;10.523097000000007;2143;0.0;6.528300312552188;4.840063028281515;-0.4381830482164446;-0.6841699999999946;1000.0;250889;;17.704253481951103;2031-01-02;BRSTNCNTF204;2022-06-10
661;5;0.12901971195933115;888.108283;4.375036000000023;2647;0.0;7.795832958283044;5.4176111773853775;-0.4811425360709336;-0.5887599999999793;1000.0;467627;;22.99501885344913;2033-01-03;BRSTNCNTF212;2022-06-10
662;0;0.13675689333868252;1025.728364;0.8664679999999407;139;0.0;0.5291768484099081;0.4642611994457015;-0.04762058805761171;-0.31893300000001545;1000.0;729153;;0.3164015709669311;2023-01-02;BRSTNCNTF147;2022-06-13
663;1;0.12982514985161694;984.534637;5.645290999999929;641;0.0;2.260354841239877;1.948780559230314;-0.19186419604744742;-4.377192000000036;1000.0;55682;;2.9664957274517194;2025-01-02;BRSTNCNTF170;2022-06-13
664;2;0.13040271265589642;948.175138;7.867158000000018;1142;0.0;3.7960957320549658;3.1385297407880053;-0.2975875870088771;-7.0452280000000655;1000.0;166484;;7.204150583705606;2027-01-04;BRSTNCNTF1P8;2022-06-13
665;3;0.13049123108290744;920.661135;9.903857000000016;1641;0.0;5.201353360298557;4.079544186054644;-0.37558777806157195;-8.056546000000026;1000.0;107778;;12.25167198807949;2029-01-02;BRSTNCNTF1Q6;2022-06-13
666;4;0.13073221426543158;897.919159;1.4568309999999656;2142;0.0;6.524332058583934;4.814994678929964;-0.43234759726942684;-7.405928000000017;1000.0;686;;17.56426682018837;2031-01-02;BRSTNCNTF204;2022-06-13
667;5;0.13074701483126544;880.287209;6.299761999999987;2646;0.0;7.791864704314789;5.385411467429773;-0.4740708829980349;-7.821074000000067;1000.0;12962;;22.78985785448456;2033-01-03;BRSTNCNTF212;2022-06-13
668;0;0.13820739271678556;1025.565016;1.454375999999911;138;0.0;0.525208594441654;0.4601703262428509;-0.047193458799597465;-0.1633480000000418;1000.0;763526;;0.3124446788325693;2023-01-02;BRSTNCNTF147;2022-06-14
669;1;0.13329455661538014;978.398779;6.754171000000042;640;0.0;2.2563865872716233;1.937892743406171;-0.1896031893981558;-6.135857999999985;1000.0;94553;;2.937534893717831;2025-01-02;BRSTNCNTF170;2022-06-14
670;2;0.13309779934816848;940.670582;11.152115999999978;1141;0.0;3.792127478086712;3.1227681974575385;-0.29374961777534736;-7.50455599999998;1000.0;674175;;7.14413754357184;2027-01-04;BRSTNCNTF1P8;2022-06-14
671;3;0.13290305342924577;912.119407;11.058701999999926;1640;0.0;5.1973851063303025;4.05711547381871;-0.37005737601100464;-8.541727999999921;1000.0;248075;;12.145383698568889;2029-01-02;BRSTNCNTF1Q6;2022-06-14
672;4;0.13320753098701457;887.753565;19.206438999999932;2141;0.0;6.52036380461568;4.78198624599585;-0.4245225337663783;-10.165594000000056;1000.0;186785;;17.38029460853759;2031-01-02;BRSTNCNTF204;2022-06-14
673;5;0.13315472405495973;869.4195;10.58262400000001;2645;0.0;7.787896450346536;5.342096942741098;-0.4644523252909494;-10.86770899999999;1000.0;8938;;22.51431554556932;2033-01-03;BRSTNCNTF212;2022-06-14
674;0;0.1372919356070524;1026.521242;1.3259299999999712;137;0.0;0.5212403404734001;0.45705962450624926;-0.04691814134162087;0.9562260000000151;1000.0;1740833;;0.30981869583791233;2023-01-02;BRSTNCNTF147;2022-06-15
675;1;0.1295828592331536;985.952683;6.878021999999987;639;0.0;2.2524183333033694;1.9422719633498304;-0.1914988253380443;7.553903999999989;1000.0;3765684;;2.9511621209158916;2025-01-02;BRSTNCNTF170;2022-06-15
676;2;0.12968798724201286;951.225707;19.71624399999996;1140;0.0;3.7881592241184583;3.1347637471416077;-0.2981867861652745;10.55512500000009;1000.0;434917;;7.191655945315746;2027-01-04;BRSTNCNTF1P8;2022-06-15
677;3;0.12985272804403256;923.958713;12.689959000000044;1639;0.0;5.193416852362049;4.077541151261155;-0.3767479674323795;11.839305999999965;1000.0;280367;;12.243966692813446;2029-01-02;BRSTNCNTF1Q6;2022-06-15
678;4;0.13024509480264362;900.903941;18.28162599999996;2140;0.0;6.516395550647427;4.813793371518403;-0.43367654195606065;13.150376000000051;1000.0;153033;;17.56009105992326;2031-01-02;BRSTNCNTF204;2022-06-15
679;5;0.13057296110094843;881.971581;24.926873;2644;0.0;7.783928196378282;5.38127738912179;-0.4746133726683297;12.552081000000044;1000.0;173119;;22.767496828973574;2033-01-03;BRSTNCNTF212;2022-06-15
680;0;0.13681224989187024;1027.268959;2.015034000000014;136;0.0;0.5172720865051462;0.453766045843838;-0.046613977354354574;0.747716999999966;1000.0;1953370;;0.30695780523659494;2023-01-02;BRSTNCNTF147;2022-06-17
681;1;0.12729633816020255;990.817609;6.973392999999987;638;0.0;2.248450079335115;1.9436313491520112;-0.192578416614424;4.8649259999999686;1000.0;4153367;;2.956386454862453;2025-01-02;BRSTNCNTF170;2022-06-17
682;2;0.12748590375617394;958.281517;15.053901999999994;1139;0.0;3.7841909701502043;3.1412946088422666;-0.3010244563105289;7.055809999999951;1000.0;1215451;;7.218076576255353;2027-01-04;BRSTNCNTF1P8;2022-06-17
683;3;0.12815715410791864;930.824715;14.08364800000004;1638;0.0;5.189448598393796;4.0873696698242075;-0.3804624708013762;6.86600199999998;1000.0;505556;;12.292010426223943;2029-01-02;BRSTNCNTF1Q6;2022-06-17
684;4;0.1289296420760735;907.072635;21.884366;2139;0.0;6.512427296679172;4.8260115003992174;-0.4377542968207422;6.1686939999999595;1000.0;416702;;17.630121698520927;2031-01-02;BRSTNCNTF204;2022-06-17
685;5;0.12929376127467848;888.504442;21.178266000000008;2643;0.0;7.779959942410028;5.398996706100812;-0.47970325557139404;6.532861000000025;1000.0;362383;;22.88342595648401;2033-01-03;BRSTNCNTF212;2022-06-17
686;0;0.1371235090207957;1027.647792;0.5131440000000111;135;0.0;0.5133038325368923;0.45014935336368966;-0.04625949890544234;0.378832999999986;1000.0;907654;;0.30367645517821784;2023-01-02;BRSTNCNTF147;2022-06-20
687;1;0.12680533607411318;992.233845;7.361407999999983;637;0.0;2.244481825366861;1.9411584252682104;-0.19260830880580215;1.4162360000000263;1000.0;29417;;2.9509121515111367;2025-01-02;BRSTNCNTF170;2022-06-20
688;2;0.12682283417136758;960.735669;9.727985999999987;1138;0.0;3.78022271618195;3.140803656989808;-0.301748210259575;2.454152000000022;1000.0;13936;;7.217230642097789;2027-01-04;BRSTNCNTF1P8;2022-06-20
689;3;0.1275062350580862;933.750641;4.8975059999999075;1637;0.0;5.185480344425541;4.088980111183878;-0.38180877998541973;2.925926000000004;1000.0;0;;12.300670295585993;2029-01-02;BRSTNCNTF1Q6;2022-06-20
690;4;0.12829164561016723;910.307934;3.4727380000000494;2138;0.0;6.508459042710918;4.83013510252123;-0.4396910306116979;3.2352990000000545;1000.0;10181;;17.6546147548645;2031-01-02;BRSTNCNTF204;2022-06-20
691;5;0.1285584627206682;892.470929;0.0;2642;0.0;7.775991688441772;5.407708714699367;-0.48262228203691393;3.9664869999999155;1000.0;0;;22.9415263937066;2033-01-03;BRSTNCNTF212;2022-06-20
692;0;0.1369971072183267;1028.230006;0.9165729999999712;134;0.0;0.5093355785686382;0.4467103982902264;-0.04593210355142219;0.5822140000000218;1000.0;336237;;0.30064477039133203;2023-01-02;BRSTNCNTF147;2022-06-21
693;1;0.12687035785382714;992.578976;12.005454999999984;636;0.0;2.240513571398607;1.9374982117196;-0.19231199909904717;0.3451310000000376;1000.0;714483;;2.94213332909451;2025-01-02;BRSTNCNTF170;2022-06-21
694;2;0.12707133059671352;960.44207;19.982486999999992;1137;0.0;3.776254462213696;3.136147430062445;-0.30120879295543546;-0.29359900000008565;1000.0;138339;;7.200209065107288;2027-01-04;BRSTNCNTF1P8;2022-06-21
695;3;0.12811071316962597;931.892546;22.225841999999943;1636;0.0;5.181512090457287;4.080700295432797;-0.3802774187773821;-1.8580949999999348;1000.0;1632771;;12.261913798067702;2029-01-02;BRSTNCNTF1Q6;2022-06-21
696;4;0.12874762108070664;908.743016;23.548699000000056;2137;0.0;6.504490788742665;4.821159333160817;-0.43811948730331096;-1.5649180000000342;1000.0;71503;;17.605355651938606;2031-01-02;BRSTNCNTF204;2022-06-21
697;5;0.1291698765980714;889.95667;25.105503999999996;2641;0.0;7.772023434473518;5.39402702330202;-0.4800450327547878;-2.5142589999999245;1000.0;506700;;22.855617231258798;2033-01-03;BRSTNCNTF212;2022-06-21
698;0;0.13683853960513556;1028.826318;0.5058979999998883;133;0.0;0.5053673246003842;0.4432835053445127;-0.04560617366337283;0.596311999999898;1000.0;1045338;;0.29764099226637475;2023-01-02;BRSTNCNTF147;2022-06-22
699;1;0.12539074465274583;995.897594;11.372521000000006;635;0.0;2.236545317430353;1.9371281902572146;-0.19291813039467343;3.318618000000015;1000.0;134859;;2.9425353790435365;2025-01-02;BRSTNCNTF170;2022-06-22
700;2;0.12549166513622528;965.670384;10.680252999999993;1136;0.0;3.7722862082454425;3.1398413006180794;-0.303205175446692;5.2283140000000685;1000.0;280507;;7.215615567899595;2027-01-04;BRSTNCNTF1P8;2022-06-22
701;3;0.1268817639502619;937.02734;12.765254000000027;1635;0.0;5.177543836489032;4.086861216611285;-0.3829500694750436;5.134793999999943;1000.0;265202;;12.292370858110779;2029-01-02;BRSTNCNTF1Q6;2022-06-22
702;4;0.1274923781127456;914.703234;14.736171000000013;2136;0.0;6.500522534774411;4.832676611361425;-0.44204649252884565;5.960217999999941;1000.0;514370;;17.671452600014476;2031-01-02;BRSTNCNTF204;2022-06-22
703;5;0.12769498450795053;897.509191;9.225492999999915;2640;0.0;7.768055180505266;5.41505168631717;-0.48600586582097094;7.552520999999956;1000.0;18847;;22.992874391822152;2033-01-03;BRSTNCNTF212;2022-06-22
704;0;0.1364359170568382;1029.532372;0.5296140000000378;132;0.0;0.5013990706321302;0.4399522796637654;-0.04529451140490437;0.7060539999999946;1000.0;700568;;0.2947757208133981;2023-01-02;BRSTNCNTF147;2022-06-23
705;1;0.12456350364401457;997.960294;3.1070640000000367;634;0.0;2.2325770634620987;1.9353649060574292;-0.19314173306463545;2.06269999999995;1000.0;4392051;;2.9390559013821553;2025-01-02;BRSTNCNTF170;2022-06-23
706;2;0.12496512002351465;967.720911;12.11646799999994;1135;0.0;3.7683179542771885;3.1387224948086163;-0.3037407392052387;2.050526999999988;1000.0;280171;;7.212331471887415;2027-01-04;BRSTNCNTF1P8;2022-06-23
707;3;0.12662622542460802;938.450577;7.394800000000032;1634;0.0;5.173575582520779;4.0853535688328675;-0.3833902413920214;1.4232369999999719;1000.0;610454;;12.28607293348761;2029-01-02;BRSTNCNTF1Q6;2022-06-23
708;4;0.12722171081020048;916.336254;10.16488400000003;2135;0.0;6.496554280806157;4.832401728120114;-0.4428104897368712;1.6330200000001014;1000.0;561197;;17.67115868523701;2031-01-02;BRSTNCNTF204;2022-06-23
709;5;0.12778958674771254;897.477796;8.071113999999966;2639;0.0;7.764086926537011;5.409956871329653;-0.48553161693359925;-0.03139499999997497;1000.0;56858;;22.96212737221036;2033-01-03;BRSTNCNTF212;2022-06-23
710;0;0.13776491367012528;1029.458063;0.7149930000000495;131;0.0;0.49743081666387634;0.43593886157050127;-0.04487807760187934;-0.0743089999998574;1000.0;284441;;0.29102023305931485;2023-01-02;BRSTNCNTF147;2022-06-24
711;1;0.1275020480669454;992.782627;5.169202000000041;633;0.0;2.228608809493845;1.9255946735253995;-0.19116969385197535;-5.1776669999999285;1000.0;3275913;;2.9133153939259286;2025-01-02;BRSTNCNTF170;2022-06-24
712;2;0.12784194175430053;959.498246;5.146134999999958;1134;0.0;3.764349700308934;3.122076263572029;-0.29956266987755953;-8.222665000000006;1000.0;222682;;7.148879900107821;2027-01-04;BRSTNCNTF1P8;2022-06-24
713;3;0.1289076039363318;930.211145;6.1660550000000285;1633;0.0;5.169607328552525;4.0638855594682495;-0.3780271639421926;-8.239431999999965;1000.0;0;;12.184320644771548;2029-01-02;BRSTNCNTF1Q6;2022-06-24
714;4;0.12896336995506252;909.110372;7.759812000000011;2134;0.0;6.492586026837903;4.808033021342883;-0.43710326886213124;-7.22588200000007;1000.0;150730;;17.535410402001528;2031-01-02;BRSTNCNTF204;2022-06-24
715;5;0.12934832875333171;890.38911;7.560397999999964;2638;0.0;7.760118672568758;5.380521189148933;-0.47907574729424596;-7.0886860000000524;1000.0;477210;;22.775133882502825;2033-01-03;BRSTNCNTF212;2022-06-24
716;0;0.1380265966012708;1029.868913;0.6499559999999747;130;0.0;0.49346256269562244;0.4323493454967653;-0.04452631504830151;0.4108499999999822;1000.0;857309;;0.28783916732294856;2023-01-02;BRSTNCNTF147;2022-06-27
717;1;0.12781901440261792;992.650677;5.993734000000018;632;0.0;2.224640555525591;1.9214047723386911;-0.19072837480530325;-0.1319500000000744;1000.0;250633;;2.9031258263181488;2025-01-02;BRSTNCNTF170;2022-06-27
718;2;0.12817177375118485;958.969758;7.861846000000014;1133;0.0;3.7603814463406806;3.117058344081751;-0.29891646858959575;-0.5284880000000385;1000.0;91046;;7.130550086955371;2027-01-04;BRSTNCNTF1P8;2022-06-27
719;3;0.12925017763477906;929.36563;9.734815000000026;1632;0.0;5.165639074584271;4.057681757141014;-0.3771069962564866;-0.8455149999999776;1000.0;1098285;;12.155663123112564;2029-01-02;BRSTNCNTF1Q6;2022-06-27
720;4;0.12956589115414346;906.920869;7.498119999999972;2133;0.0;6.48861777286965;4.797321112551009;-0.4350790632266808;-2.189502999999945;1000.0;22463;;17.47660803527858;2031-01-02;BRSTNCNTF204;2022-06-27
721;5;0.1298553880977564;888.395425;8.501801;2637;0.0;7.756150418600504;5.368596094757774;-0.4769436209255673;-1.993684999999914;1000.0;0;;22.700795347070596;2033-01-03;BRSTNCNTF212;2022-06-27
722;0;0.13929768328877812;1029.836234;0.6516940000001341;129;0.0;0.48949430872736843;0.42837269188104776;-0.044115371975522066;-0.032678999999916414;1000.0;290449;;0.2841629812511984;2023-01-02;BRSTNCNTF147;2022-06-28
723;1;0.1309674365835771;987.156187;10.094038999999952;631;0.0;2.2206723015573373;1.9112566040158212;-0.1886708781598827;-5.494489999999928;1000.0;1011041;;2.876495403110148;2025-01-02;BRSTNCNTF170;2022-06-28
724;2;0.13130870150853802;950.124914;16.55149499999993;1132;0.0;3.7564131923724267;3.0993264173831823;-0.2944747245774124;-8.844843999999966;1000.0;265292;;7.063303363620415;2027-01-04;BRSTNCNTF1P8;2022-06-28
725;3;0.13249802284264076;917.689032;17.615276999999992;1631;0.0;5.161670820616017;4.028752164581097;-0.36971416740823315;-11.676598000000013;1000.0;648901;;12.019054759763577;2029-01-02;BRSTNCNTF1Q6;2022-06-28
726;4;0.13261737969681664;894.23258;19.37795399999993;2132;0.0;6.484649518901395;4.757475892052189;-0.425428994123763;-12.688289000000054;1000.0;325056;;17.255207828043353;2031-01-02;BRSTNCNTF204;2022-06-28
727;5;0.132815101713229;874.887032;6.533107000000086;2636;0.0;7.75218216463225;5.316172506662837;-0.46510503859542496;-13.50839300000007;1000.0;0;;22.368143099830238;2033-01-03;BRSTNCNTF212;2022-06-28
728;0;0.13932870170131373;1030.355741;1.0710120000001098;128;0.0;0.4855260547591144;0.4248777800761724;-0.04377752599248197;0.519506999999976;1000.0;489797;;0.2811329247315454;2023-01-02;BRSTNCNTF147;2022-06-29
729;1;0.13095421854081565;987.663324;8.816596000000004;630;0.0;2.216704047589083;1.9077755970259165;-0.1884239987604701;0.5071369999999433;1000.0;2391373;;2.8683206348927857;2025-01-02;BRSTNCNTF170;2022-06-29
730;2;0.13087252599384824;951.875071;18.58352000000002;1131;0.0;3.7524449384041723;3.0977898918742333;-0.2948708973270868;1.7501570000000584;1000.0;150742;;7.058457228317987;2027-01-04;BRSTNCNTF1P8;2022-06-29
731;3;0.13199562332786047;920.001784;18.535665999999992;1630;0.0;5.157702566647762;4.029170398791797;-0.3706843954928445;2.312752000000046;1000.0;1467336;;12.021988787047599;2029-01-02;BRSTNCNTF1Q6;2022-06-29
732;4;0.13224635460473805;896.254784;24.5264380000001;2131;0.0;6.480681264933141;4.758379070907426;-0.42647200063862556;2.022203999999988;1000.0;637446;;17.261553820186705;2031-01-02;BRSTNCNTF204;2022-06-29
733;5;0.13242199988896253;877.151152;12.781370000000038;2635;0.0;7.748213910663996;5.319147161285526;-0.466569606017913;2.264120000000048;1000.0;6624;;22.389222302774613;2033-01-03;BRSTNCNTF212;2022-06-29
734;0;0.13930134256488216;1030.901093;1.0710120000001098;127;0.0;0.4815578007908604;0.42140516535703737;-0.04344270455624155;0.5453519999998662;1000.0;0;;0.2781441423640908;2023-01-02;BRSTNCNTF147;2022-06-30
735;1;0.12934910406359035;991.173387;8.816596000000004;629;0.0;2.2127357936208294;1.9076324053172704;-0.18907944723292758;3.510063000000059;1000.0;0;;2.869348667860186;2025-01-02;BRSTNCNTF170;2022-06-30
736;2;0.12959401142450866;956.11828;18.58352000000002;1130;0.0;3.748476684435918;3.100062068027397;-0.2964026012375598;4.243208999999979;1000.0;0;;7.068245599740821;2027-01-04;BRSTNCNTF1P8;2022-06-30
737;3;0.13086800723181718;924.646934;18.535665999999992;1629;0.0;5.153734312679508;4.034474858467168;-0.37304648081817504;4.645149999999944;1000.0;0;;12.048099395160952;2029-01-02;BRSTNCNTF1Q6;2022-06-30
738;4;0.1312670980573406;900.886736;24.5264380000001;2130;0.0;6.476713010964887;4.766515045567427;-0.4294090181496131;4.631952000000069;1000.0;0;;17.30822565099233;2031-01-02;BRSTNCNTF204;2022-06-30
739;5;0.13149099606754758;881.944251;12.781370000000038;2634;0.0;7.7442456566957425;5.331002757042675;-0.4701647233638937;4.793098999999984;1000.0;0;;22.46688902286806;2033-01-03;BRSTNCNTF212;2022-06-30
740;0;0.13833877997178048;983.015978;0.5006660000000238;126;48.808848170151634;0.49999999999999994;0.4392365534844853;-0.043177655019690064;0.9237331701517633;1000.0;615468;;0.28939311001854967;2023-01-02;BRSTNCNTF147;2022-07-01
741;1;0.1283990948532844;944.616088;8.127633999999944;628;48.808848170151634;2.295582044993351;2.0048308825341823;-0.18937955053610267;2.2515491701515202;1000.0;553912;;3.0148542525296755;2025-01-02;BRSTNCNTF170;2022-07-01
742;2;0.12897321731125014;909.589845;10.070325000000025;1129;48.808848170151634;3.8716267645964426;3.2659394432711526;-0.2970665351984394;2.280413170151519;1000.0;257927;;7.446059547135739;2027-01-04;BRSTNCNTF1P8;2022-07-01
743;3;0.13062618004003543;877.168108;17.397127999999952;1628;48.808848170151634;5.3036635950097395;4.257563947165779;-0.3734599312224418;1.3300221701516648;1000.0;225484;;12.711801817386426;2029-01-02;BRSTNCNTF1Q6;2022-07-01
744;4;0.13053024083241743;855.666985;11.179923999999914;2129;48.808848170151634;6.6455119818212935;5.04430037960497;-0.431624129725094;3.5890971701516037;1000.0;207097;;18.328491144550004;2031-01-02;BRSTNCNTF204;2022-07-01
745;5;0.13072556259420479;837.153884;7.783546999999999;2633;48.808848170151634;7.926939308351589;5.651848540370918;-0.47314669573512447;4.018481170151631;1000.0;59364;;23.84143996526968;2033-01-03;BRSTNCNTF212;2022-07-01
746;0;0.13860638413684145;983.406875;0.4753849999999602;125;0.0;0.496031746031746;0.43564813558403087;-0.04284193716142681;0.3908969999999954;1000.0;636090;;0.28620226630971785;2023-01-02;BRSTNCNTF147;2022-07-04
747;1;0.1294706992677356;943.045459;4.579223999999954;627;0.0;2.291613791025097;1.999165209499299;-0.18853036726090977;-1.5706289999999399;1000.0;177322;;3.0000771966814908;2025-01-02;BRSTNCNTF170;2022-07-04
748;2;0.12982703308764942;907.497844;4.9231150000000525;1128;0.0;3.867658510628189;3.2588215537283394;-0.2957373533989198;-2.092000999999982;1000.0;2276357;;7.418476547240738;2027-01-04;BRSTNCNTF1P8;2022-07-04
749;3;0.1312005195328135;875.455025;11.36514800000009;1627;0.0;5.299695341041486;4.249866855774922;-0.3720567294469106;-1.7130829999999833;1000.0;1326738;;12.674504722013362;2029-01-02;BRSTNCNTF1Q6;2022-07-04
750;4;0.13101228000613502;854.007145;4.3150909999999385;2128;0.0;6.64154372785304;5.035389182831988;-0.43002583399942296;-1.6598399999999174;1000.0;0;;18.27783070770224;2031-01-02;BRSTNCNTF204;2022-07-04
751;5;0.13119043333719754;835.367206;4.7569839999999886;2632;0.0;7.922971054383335;5.6410269768871935;-0.47123289446528815;-1.786677999999938;1000.0;168424;;23.77167993657526;2033-01-03;BRSTNCNTF212;2022-07-04
752;0;0.13868244607393376;983.881217;1.8159239999999954;124;0.0;0.49206349206349204;0.4321340827835979;-0.0425168607276305;0.4743419999999787;1000.0;15732928;;0.28312173930462375;2023-01-02;BRSTNCNTF147;2022-07-05
753;1;0.13058447501448053;941.407552;4.827528999999913;626;0.0;2.287645537056843;1.9934260203622818;-0.1876626309922358;-1.637907000000041;1000.0;327226;;2.985123446972818;2025-01-02;BRSTNCNTF170;2022-07-05
754;2;0.13084549894455266;904.934293;12.620589999999993;1127;0.0;3.863690256659935;3.251020944539856;-0.2941960339975367;-2.5635509999999613;1000.0;415904;;7.388195619009568;2027-01-04;BRSTNCNTF1P8;2022-07-05
755;3;0.13221539323171755;872.120163;15.304691000000048;1626;0.0;5.2957270870732325;4.238971343806797;-0.36968923793131125;-3.33486199999993;1000.0;2014318;;12.621407122256715;2029-01-02;BRSTNCNTF1Q6;2022-07-05
756;4;0.13215369380347317;849.537375;11.058597000000077;2127;0.0;6.637575473884786;5.019111057145004;-0.42639224323204417;-4.4697700000000395;1000.0;182892;;18.18449764768934;2031-01-02;BRSTNCNTF204;2022-07-05
757;5;0.1322272881711442;830.911857;11.938949000000093;2631;0.0;7.919002800415081;5.621236994295419;-0.46707524695671054;-4.455348999999956;1000.0;1389052;;23.64280738821791;2033-01-03;BRSTNCNTF212;2022-07-05
758;0;0.13909573957120355;984.21406;0.7415640000000394;123;0.0;0.4880952380952381;0.4284936054628804;-0.04217294311166597;0.3328430000000253;1000.0;466064;;0.2798883640371793;2023-01-02;BRSTNCNTF147;2022-07-06
759;1;0.13089738281618482;941.279981;6.104775000000018;625;0.0;2.283677283088589;1.9892925276698419;-0.18724812326485107;-0.127570999999989;1000.0;219983;;2.974796371270431;2025-01-02;BRSTNCNTF170;2022-07-06
760;2;0.1311863424341849;904.374592;6.14804700000002;1126;0.0;3.859722002691681;3.2460792625938066;-0.2935671608707935;-0.5597010000000182;1000.0;344750;;7.369476868569879;2027-01-04;BRSTNCNTF1P8;2022-07-06
761;3;0.13258904800732185;871.170652;11.560890000000086;1625;0.0;5.291758833104978;4.23275042892546;-0.3687447950920273;-0.9495110000000295;1000.0;1799941;;12.591558406016327;2029-01-02;BRSTNCNTF1Q6;2022-07-06
762;4;0.13275818443639228;847.384577;14.664277999999968;2126;0.0;6.633607219916532;5.008854357696735;-0.42444259311514543;-2.1527979999999616;1000.0;227851;;18.12624877170075;2031-01-02;BRSTNCNTF204;2022-07-06
763;5;0.13305944209088358;827.44872;9.945635000000038;2630;0.0;7.915034546446828;5.604691116829207;-0.46375944906156974;-3.4631370000000743;1000.0;301557;;23.53560632236765;2033-01-03;BRSTNCNTF212;2022-07-06
764;0;0.1390661827340561;984.735208;0.26197099999990314;122;0.0;0.48412698412698413;0.4250209458922012;-0.041853308955751345;0.5211479999999256;1000.0;1788662;;0.2768869256172511;2023-01-02;BRSTNCNTF147;2022-07-07
765;1;0.12998487214444965;943.448377;3.5746330000000626;624;0.0;2.279709029120335;1.9876002007314377;-0.18751981835049492;2.1683960000000297;1000.0;302204;;2.9714636620614376;2025-01-02;BRSTNCNTF170;2022-07-07
766;2;0.12996711962311544;908.404115;6.153622999999925;1125;0.0;3.855753748723427;3.2476953731099676;-0.2950219841199555;4.02952300000004;1000.0;431649;;7.377158658154455;2027-01-04;BRSTNCNTF1P8;2022-07-07
767;3;0.1315959539657465;875.272774;6.48423600000001;1624;0.0;5.287790579136723;4.236465557373393;-0.37080629603576654;4.1021220000000085;1000.0;230572;;12.610924975652583;2029-01-02;BRSTNCNTF1Q6;2022-07-07
768;4;0.1320429231093927;850.846973;6.4468930000000455;2125;0.0;6.629638965948278;5.013338521310216;-0.4265583905481094;3.4623960000000125;1000.0;391799;;18.15341099574291;2031-01-02;BRSTNCNTF204;2022-07-07
769;5;0.13225090682173365;831.620938;11.768752999999947;2629;0.0;7.911066292478573;5.613856991951868;-0.4668601017444871;4.1722180000000435;1000.0;44185;;23.597892107601137;2033-01-03;BRSTNCNTF212;2022-07-07
770;0;0.13932242888885304;985.137748;0.4275589999999738;121;0.0;0.4801587301587302;0.4214423592893281;-0.04151787767420956;0.40254000000004453;1000.0;110031;;0.2737599135529169;2023-01-02;BRSTNCNTF147;2022-07-08
771;1;0.13162057205795494;940.850141;3.9387810000000627;623;0.0;2.275740775152081;1.980839218859019;-0.18636728583618378;-2.5982360000000426;1000.0;69957;;2.953662687328889;2025-01-02;BRSTNCNTF170;2022-07-08
772;2;0.1312124874797878;905.183125;6.22409099999993;1124;0.0;3.851785494755173;3.2389534744250112;-0.2931846027709639;-3.220990000000029;1000.0;183765;;7.343184888737032;2027-01-04;BRSTNCNTF1P8;2022-07-08
773;3;0.13252654777064668;872.262275;7.60009100000002;1623;0.0;5.28382232516847;4.22619684417756;-0.3686352073900139;-3.0104989999999816;1000.0;444985;;12.56107237666427;2029-01-02;BRSTNCNTF1Q6;2022-07-08
774;4;0.1326484209851378;848.689211;10.271848999999975;2124;0.0;6.625670711980024;5.003072811775057;-0.4246053917200925;-2.157762000000048;1000.0;30972;;18.09517139340356;2031-01-02;BRSTNCNTF204;2022-07-08
775;5;0.13302586739515093;828.42518;8.454437999999982;2628;0.0;7.907098038510319;5.59821216558654;-0.4637699920954219;-3.195758000000069;1000.0;69271;;23.496740013375057;2033-01-03;BRSTNCNTF212;2022-07-08
776;0;0.14033695767880122;985.23011;0.5863679999999931;120;0.0;0.47619047619047616;0.4175875167546017;-0.04114197950667631;0.09236199999998007;1000.0;2595597;;0.27028796578914716;2023-01-02;BRSTNCNTF147;2022-07-11
777;1;0.13423184981336636;936.470412;3.651395999999977;622;0.0;2.271772521183827;1.9721726100592898;-0.18468812966773385;-4.3797289999999975;1000.0;267836;;2.9304951379628204;2025-01-02;BRSTNCNTF170;2022-07-11
778;2;0.13359431264488317;898.684592;7.656079000000091;1123;0.0;3.847817240786919;3.2254782795221715;-0.28986876316372445;-6.498533000000066;1000.0;906804;;7.290338760204061;2027-01-04;BRSTNCNTF1P8;2022-07-11
779;3;0.1344656692854635;865.588243;9.981255000000033;1622;0.0;5.279854071200215;4.208637779865605;-0.364294738129729;-6.674032000000011;1000.0;1123759;;12.475374880496489;2029-01-02;BRSTNCNTF1Q6;2022-07-11
780;4;0.13475233916574209;840.244832;8.725988999999913;2123;0.0;6.621702458011771;4.976135532620688;-0.41811721646161004;-8.444379000000026;1000.0;894495;;17.940843193582975;2031-01-02;BRSTNCNTF204;2022-07-11
781;5;0.1347581663198529;820.86107;6.0950109999999995;2627;0.0;7.903129784542066;5.567644818478094;-0.4570262883075884;-7.564109999999914;1000.0;212847;;23.297841427936465;2033-01-03;BRSTNCNTF212;2022-07-11
782;0;0.14000917134667815;985.877505;0.7481439999999111;119;0.0;0.4722222222222222;0.41422668895605513;-0.04083767746124067;0.6473950000000741;1000.0;913463;;0.26746879682739044;2023-01-02;BRSTNCNTF147;2022-07-12
783;1;0.13235382969834542;940.412337;9.336862999999994;621;0.0;2.267804267215573;1.9723767971565727;-0.18548474732585873;3.9419249999999693;1000.0;264108;;2.9325754519685763;2025-01-02;BRSTNCNTF170;2022-07-12
784;2;0.13187612834261891;904.128811;11.443560000000048;1122;0.0;3.843848986818665;3.229158753580208;-0.29195754644047156;5.444219000000089;1000.0;378394;;7.306248085703461;2027-01-04;BRSTNCNTF1P8;2022-07-12
785;3;0.13291662786500733;871.688896;17.266320999999948;1621;0.0;5.275885817231962;4.216359728939133;-0.3675353957257812;6.100652999999966;1000.0;95377;;12.51442221456482;2029-01-02;BRSTNCNTF1Q6;2022-07-12
786;4;0.13336765413752838;846.483884;9.593889999999988;2122;0.0;6.617734204043517;4.988048373142164;-0.422230256047726;6.239052000000015;1000.0;12543;;18.010749897734197;2031-01-02;BRSTNCNTF204;2022-07-12
787;5;0.13356328071918439;826.760622;14.621402999999987;2626;0.0;7.899161530573811;5.5828028211132095;-0.46156415328869116;5.8995519999999715;1000.0;64182;;23.399237168145422;2033-01-03;BRSTNCNTF212;2022-07-12
788;0;0.14030745515376725;986.269452;0.44772600000010243;118;0.0;0.46825396825396826;0.4106383487296854;-0.04050000591718117;0.3919469999999592;1000.0;1606985;;0.2643678930319359;2023-01-02;BRSTNCNTF147;2022-07-13
789;1;0.1327059177162439;940.224418;5.546884000000091;620;0.0;2.263836013247319;1.96817833809092;-0.18505293324517424;-0.1879189999999653;1000.0;1223651;;2.922152036184412;2025-01-02;BRSTNCNTF170;2022-07-13
790;2;0.13197002427543136;904.299451;11.843034999999986;1121;0.0;3.839880732850411;3.225260207020019;-0.2916601034540349;0.17063999999993484;1000.0;969697;;7.291812988364369;2027-01-04;BRSTNCNTF1P8;2022-07-13
791;3;0.1329350541089572;872.052984;12.67392899999993;1620;0.0;5.271917563263707;4.212723487132488;-0.3673718087720772;0.36408800000003794;1000.0;827667;;12.49745536934313;2029-01-02;BRSTNCNTF1Q6;2022-07-13
792;4;0.13331177164204114;847.140473;14.370077999999921;2121;0.0;6.613765950075262;4.985169512580507;-0.42231388588726304;0.6565890000000536;1000.0;105233;;17.995337000896807;2031-01-02;BRSTNCNTF204;2022-07-13
793;5;0.1336057021017159;826.976283;12.94867099999999;2625;0.0;7.895193276605557;5.5786392086519925;-0.46134023169690863;0.21566099999995458;1000.0;36841;;23.373804150220916;2033-01-03;BRSTNCNTF212;2022-07-13
794;0;0.14057062673374154;986.677737;0.4340439999999717;117;0.0;0.4642857142857143;0.4070644163101861;-0.04016413970981603;0.408284999999978;1000.0;1186274;;0.2612984257377302;2023-01-02;BRSTNCNTF147;2022-07-14
795;1;0.1337947040425493;938.680462;6.8510029999999915;619;0.0;2.259867759279065;1.962534853969265;-0.18421931234149724;-1.5439559999999801;1000.0;907332;;2.907653120788778;2025-01-02;BRSTNCNTF170;2022-07-14
796;2;0.13272852663500811;902.53724;8.45305200000007;1120;0.0;3.835912478882157;3.218587260313285;-0.29048948626223137;-1.7622109999999793;1000.0;318848;;7.266305683748306;2027-01-04;BRSTNCNTF1P8;2022-07-14
797;3;0.13353952966374527;870.269053;7.713942999999972;1619;0.0;5.267949309295454;4.204843461344474;-0.3659345137117498;-1.7839310000000523;1000.0;624789;;12.4596011211136;2029-01-02;BRSTNCNTF1Q6;2022-07-14
798;4;0.1338821572974489;845.157898;9.49204199999997;2120;0.0;6.609797696107008;4.9753192536745185;-0.4204930362314485;-1.982574999999997;1000.0;57234;;17.939759357505515;2031-01-02;BRSTNCNTF204;2022-07-14
799;5;0.13419101742600506;824.694579;8.096837999999934;2624;0.0;7.891225022637303;5.565999359282287;-0.45902494983175757;-2.2817039999999906;1000.0;65231;;23.292810773073974;2033-01-03;BRSTNCNTF212;2022-07-14
800;0;0.14027865834295355;987.309204;0.46680300000002717;116;0.0;0.4603174603174603;0.40368857127207053;-0.03985654419665252;0.6314670000000433;1000.0;2140541;;0.2584953548521873;2023-01-02;BRSTNCNTF147;2022-07-15
801;1;0.1329925895477074;940.625821;3.5135510000000068;618;0.0;2.2558995053108113;1.9606086621920114;-0.18441991325340723;1.9453589999999394;1000.0;168201;;2.903699562599797;2025-01-02;BRSTNCNTF170;2022-07-15
802;2;0.13214677912478412;904.67484;6.369854000000032;1119;0.0;3.8319442249139035;3.2175110981944735;-0.29108013379573094;2.1376000000000204;1000.0;1613029;;7.263180243081109;2027-01-04;BRSTNCNTF1P8;2022-07-15
803;3;0.13303814015252918;872.538902;7.375538000000006;1618;0.0;5.263981055327199;4.2049717611712065;-0.36690014434333307;2.269849000000022;1000.0;182915;;12.461202080837849;2029-01-02;BRSTNCNTF1Q6;2022-07-15
804;4;0.1334900580981989;847.230143;8.248561999999993;2119;0.0;6.605829442138754;4.976182064831807;-0.42159714423814876;2.0722449999999526;1000.0;133853;;17.9459294360503;2031-01-02;BRSTNCNTF204;2022-07-15
805;5;0.13382902961728146;826.770685;9.667101000000002;2623;0.0;7.88725676866905;5.56815042969284;-0.4603583544940193;2.0761059999999816;1000.0;6372;;23.30882050532297;2033-01-03;BRSTNCNTF212;2022-07-15
806;0;0.14059273655584414;987.699509;0.4749459999999317;115;0.0;0.45634920634920634;0.4000982943469987;-0.03951768888782681;0.3903050000000121;1000.0;1082012;;0.25542984240253624;2023-01-02;BRSTNCNTF147;2022-07-18
807;1;0.13533700712558153;936.788946;4.254082999999923;617;0.0;2.251931251342557;1.9525197476527796;-0.18290989164478333;-3.8368749999999636;1000.0;38279;;2.8823425361665707;2025-01-02;BRSTNCNTF170;2022-07-18
808;2;0.13469934562647237;897.737505;4.0768450000000485;1118;0.0;3.8279759709456496;3.2033806182870053;-0.28757949238263336;-6.937334999999962;1000.0;692808;;7.208024706122415;2027-01-04;BRSTNCNTF1P8;2022-07-18
809;3;0.13564464203244453;863.484807;7.832496999999989;1617;0.0;5.260012801358946;4.182640089740357;-0.3611646170639915;-9.054094999999961;1000.0;749719;;12.352473562663228;2029-01-02;BRSTNCNTF1Q6;2022-07-18
810;4;0.13590314073638998;837.568009;5.503979999999956;2118;0.0;6.601861188170499;4.945883081292193;-0.41425134451446866;-9.662134000000037;1000.0;64357;;17.77299494749306;2031-01-02;BRSTNCNTF204;2022-07-18
811;5;0.1363320577568755;815.781158;10.403002000000015;2622;0.0;7.883288514700795;5.525674331215294;-0.4507741004649688;-10.989526999999953;1000.0;42341;;23.03298300446313;2033-01-03;BRSTNCNTF212;2022-07-18
812;0;0.14080606758613512;988.131636;0.3483040000000983;114;0.0;0.4523809523809524;0.3965450108456416;-0.039183867031454156;0.4321269999999231;1000.0;1050332;;0.2524243310573194;2023-01-02;BRSTNCNTF147;2022-07-19
813;1;0.13624618945422826;935.602295;5.514634999999998;616;0.0;2.2479629973743034;1.9472536788785946;-0.1821855010906006;-1.1866509999999835;1000.0;1290202;;2.8689986409382118;2025-01-02;BRSTNCNTF170;2022-07-19
814;2;0.13600001747861495;894.460448;7.691285999999991;1117;0.0;3.8240077169773947;3.1944893642053342;-0.28573443878383387;-3.2770570000000134;1000.0;333619;;7.173862373973155;2027-01-04;BRSTNCNTF1P8;2022-07-19
815;3;0.13698271847946003;859.108736;11.268459000000007;1616;0.0;5.256044547390691;4.169511047388689;-0.3582063365660133;-4.3760710000000245;1000.0;663184;;12.28917506085789;2029-01-02;BRSTNCNTF1Q6;2022-07-19
816;4;0.1374741876087006;831.52143;13.856367999999975;2117;0.0;6.597892934202247;4.9250021892472935;-0.409524486315604;-6.0465789999999515;1000.0;202369;;17.6546403376579;2031-01-02;BRSTNCNTF204;2022-07-19
817;5;0.1377503124827121;809.840277;15.84319599999992;2621;0.0;7.879320260732541;5.500188166394294;-0.4454273908224877;-5.94088099999999;1000.0;603085;;22.86889797925685;2033-01-03;BRSTNCNTF212;2022-07-19
818;0;0.14038029746263447;988.813826;0.37294999999994616;113;0.0;0.44841269841269843;0.3932133003778871;-0.03888147479807458;0.6821899999999914;1000.0;3119603;;0.2497128092201099;2023-01-02;BRSTNCNTF147;2022-07-20
819;1;0.13521523428613627;937.955322;4.947987999999896;615;0.0;2.2439947434060494;1.9457663236946587;-0.182504187867778;2.3530269999999973;1000.0;2332149;;2.8663062872058562;2025-01-02;BRSTNCNTF170;2022-07-20
820;2;0.13535100908489753;896.769217;10.257005999999933;1116;0.0;3.8200394630091417;3.1936843557444083;-0.28639978190460624;2.308768999999984;1000.0;679965;;7.171835520752693;2027-01-04;BRSTNCNTF1P8;2022-07-20
821;3;0.13633782680362852;861.860188;11.85613699999999;1615;0.0;5.252076293422438;4.1706601056508195;-0.35945259027403154;2.751451999999972;1000.0;2078973;;12.295770329102629;2029-01-02;BRSTNCNTF1Q6;2022-07-20
822;4;0.13697068698493892;834.011848;15.08500099999992;2116;0.0;6.593924680233993;4.927079726279296;-0.410924286775753;2.490417999999977;1000.0;123125;;17.667753254690798;2031-01-02;BRSTNCNTF204;2022-07-20
823;5;0.13735220166558734;812.03113;21.70102799999995;2620;0.0;7.875352006764288;5.5028666434218065;-0.44684990186971163;2.1908529999999473;1000.0;1366569;;22.888297374117904;2033-01-03;BRSTNCNTF212;2022-07-20
824;0;0.14063748335368428;989.230258;0.4671600000000353;112;0.0;0.4444444444444444;0.38964566125669275;-0.03854492780135388;0.41643200000009983;1000.0;2627667;;0.2467135783445201;2023-01-02;BRSTNCNTF147;2022-07-21
825;1;0.1366644288097926;935.791683;5.071946000000025;614;0.0;2.240026489437795;1.939457717272497;-0.1814928401353768;-2.163638999999989;1000.0;1798933;;2.8500714011113977;2025-01-02;BRSTNCNTF170;2022-07-21
826;2;0.1365091370579495;893.914749;15.027523000000087;1115;0.0;3.8160712090408877;3.185397698281249;-0.284747398392426;-2.854467999999997;1000.0;92882;;7.1401557908816535;2027-01-04;BRSTNCNTF1P8;2022-07-21
827;3;0.13735478638743404;858.654067;6.830757999999946;1614;0.0;5.248108039454183;4.159857240850537;-0.3571878337995713;-3.206120999999939;1000.0;652743;;12.243975873550255;2029-01-02;BRSTNCNTF1Q6;2022-07-21
828;4;0.1375742214847801;831.962577;7.230329999999981;2115;0.0;6.589956426265738;4.916919842646093;-0.4090693303190278;-2.049270999999976;1000.0;394013;;17.610923631767506;2031-01-02;BRSTNCNTF204;2022-07-21
829;5;0.13775389876524;810.654194;3.5899499999999307;2619;0.0;7.871383752796033;5.493157035768193;-0.44530507893460936;-1.3769360000000006;1000.0;167358;;22.8271287600138;2033-01-03;BRSTNCNTF212;2022-07-21
830;0;0.1401746606216739;989.923887;0.5019019999999728;111;0.0;0.44047619047619047;0.38632343593792184;-0.03824307973428631;0.6936289999999872;1000.0;1372822;;0.24403706324624377;2023-01-02;BRSTNCNTF147;2022-07-22
831;1;0.1344139580011;940.360169;4.102271999999971;613;0.0;2.236058235469541;1.940331047997403;-0.1824610032210785;4.568486000000007;1000.0;149511;;2.854017032390552;2025-01-02;BRSTNCNTF170;2022-07-22
832;2;0.13479892995258796;899.254385;4.9020269999999755;1114;0.0;3.8121029550726337;3.1889794216118985;-0.2867703728559263;5.339635999999928;1000.0;386997;;7.155512273251496;2027-01-04;BRSTNCNTF1P8;2022-07-22
833;3;0.13579968412847754;864.671033;5.957641000000081;1613;0.0;5.24413978548593;4.167547096260682;-0.3603557252799874;6.016965999999911;1000.0;46663;;12.282502641327353;2029-01-02;BRSTNCNTF1Q6;2022-07-22
834;4;0.13623968717190502;837.872502;4.947136999999998;2114;0.0;6.585988172297484;4.928183932144908;-0.4129189801542452;5.909925000000044;1000.0;501831;;17.67652053124242;2031-01-02;BRSTNCNTF204;2022-07-22
835;5;0.1364997785216417;816.682646;5.572288999999955;2618;0.0;7.86741549882778;5.509102993963929;-0.44991888101969835;6.028452000000016;1000.0;36357;;22.932805259482173;2033-01-03;BRSTNCNTF212;2022-07-22
836;0;0.13994433094369188;990.526687;0.38285400000006575;110;0.0;0.4365079365079365;0.3829203993732147;-0.037929287457586724;0.602800000000002;1000.0;334024;;0.2412697609763402;2023-01-02;BRSTNCNTF147;2022-07-25
837;1;0.13353554889135213;942.433634;3.0069519999999557;612;0.0;2.232089981501287;1.938538455505147;-0.1826943841270463;2.073464999999942;1000.0;0;;2.8504804437712914;2025-01-02;BRSTNCNTF170;2022-07-25
838;2;0.1338386821680512;902.463754;9.17442799999992;1113;0.0;3.80813470110438;3.189459346240703;-0.28783714548387707;3.209369000000038;1000.0;631750;;7.15858369784932;2027-01-04;BRSTNCNTF1P8;2022-07-25
839;3;0.13483265127123306;868.601609;7.208917999999926;1612;0.0;5.240171531517675;4.171014470001864;-0.3622949879805901;3.9305760000000873;1000.0;343724;;12.300423872115246;2029-01-02;BRSTNCNTF1Q6;2022-07-25
840;4;0.13515405788705337;842.796642;13.870541000000003;2113;0.0;6.582019918329229;4.936712074172545;-0.4160644358633476;4.924139999999966;1000.0;745285;;17.726530494774895;2031-01-02;BRSTNCNTF204;2022-07-25
841;5;0.13552463666727885;821.502075;14.955349999999953;2617;0.0;7.863447244859526;5.520752802839445;-0.4535309883094669;4.819429000000014;1000.0;285629;;23.01061695354325;2033-01-03;BRSTNCNTF212;2022-07-25
842;0;0.14046186309981348;990.847107;0.5315759999999727;109;0.0;0.43253968253968256;0.37926711840659455;-0.03757957270534007;0.3204200000000128;1000.0;8721;;0.23819962736094644;2023-01-02;BRSTNCNTF147;2022-07-26
843;1;0.13368795353544305;942.624497;6.188922000000048;611;0.0;2.228121727533033;1.9347420625236935;-0.18237352635111392;0.19086300000003575;1000.0;95652;;2.841327151372807;2025-01-02;BRSTNCNTF170;2022-07-26
844;2;0.1335792029876707;903.660562;8.892444000000069;1112;0.0;3.804166447136125;3.187034337100007;-0.287999724017709;1.1968080000000327;1000.0;39746;;7.1501418975373605;2027-01-04;BRSTNCNTF1P8;2022-07-26
845;3;0.13484707582829442;868.985452;11.358776000000034;1611;0.0;5.236203277549422;4.167413833310915;-0.36214219936107384;0.3838429999999562;1000.0;3667354;;12.283796749631676;2029-01-02;BRSTNCNTF1Q6;2022-07-26
846;4;0.13515940651879488;843.198468;14.384869999999978;2112;0.0;6.578051664360975;4.933157032466879;-0.4159630452179499;0.4018260000000282;1000.0;290828;;17.707400154974067;2031-01-02;BRSTNCNTF204;2022-07-26
847;5;0.13543359852940365;822.329489;9.745162999999934;2616;0.0;7.859478990891271;5.518672969288974;-0.4538167522793515;0.8274139999999761;1000.0;176168;;22.99900530094514;2033-01-03;BRSTNCNTF212;2022-07-26
848;0;0.14048862509480317;991.354059;0.41423900000006597;108;0.0;0.42857142857142855;0.375778785555049;-0.03725298243460884;0.5069519999999557;1000.0;58756;;0.235349471642992;2023-01-02;BRSTNCNTF147;2022-07-27
849;1;0.1323779340573222;945.484553;4.932637;610;0.0;2.224153473564779;1.933781291352715;-0.18283603398543846;2.860055999999986;1000.0;87778;;2.840133200937766;2025-01-02;BRSTNCNTF170;2022-07-27
850;2;0.13197941511207967;908.731459;11.031127999999967;1111;0.0;3.800198193167871;3.1901650535143644;-0.28990033435309215;5.070896999999945;1000.0;88934;;7.1637229805181715;2027-01-04;BRSTNCNTF1P8;2022-07-27
851;3;0.13334916564056623;874.868521;8.666622000000075;1610;0.0;5.232235023581167;4.174709429617361;-0.36523218642940947;5.883068999999978;1000.0;532942;;12.320433818704252;2029-01-02;BRSTNCNTF1Q6;2022-07-27
852;4;0.1339041528227607;848.866674;11.103447999999958;2111;0.0;6.5740834103927215;4.9435777941436365;-0.41964384397749654;5.668205999999941;1000.0;58308;;17.76825863728631;2031-01-02;BRSTNCNTF204;2022-07-27
853;5;0.13419954265735298;828.372604;12.79171000000008;2615;0.0;7.8555107369230175;5.534377775334104;-0.4584526929273238;6.043115000000057;1000.0;776817;;23.103292233448954;2033-01-03;BRSTNCNTF212;2022-07-27
854;0;0.1399972038085186;992.052862;0.7865659999999934;107;0.0;0.4246031746031746;0.37245984031009366;-0.03694998505596914;0.6988029999999981;1000.0;301499;;0.23272314410872313;2023-01-02;BRSTNCNTF147;2022-07-28
855;1;0.13010432991461243;950.116476;4.314449999999965;609;0.0;2.2201852195965253;1.93469114432205;-0.18381819321916737;4.631923000000029;1000.0;317062;;2.844190132723996;2025-01-02;BRSTNCNTF170;2022-07-28
856;2;0.12993486206386015;915.129452;7.521593999999936;1110;0.0;3.796229939199617;3.195152098396833;-0.2923977788862544;6.397993000000042;1000.0;442288;;7.184689472526793;2027-01-04;BRSTNCNTF1P8;2022-07-28
857;3;0.13133041866196654;882.717896;9.140440000000012;1609;0.0;5.228266769612914;4.185783485866465;-0.36948659917555915;7.849375000000009;1000.0;1253851;;12.375629369641873;2029-01-02;BRSTNCNTF1Q6;2022-07-28
858;4;0.13178775552132818;858.237488;8.412359000000038;2110;0.0;6.570115156424468;4.963597401317004;-0.42599453651496333;9.370813999999996;1000.0;169231;;17.884268379524276;2031-01-02;BRSTNCNTF204;2022-07-28
859;5;0.13192683892129634;839.304102;15.207182999999986;2614;0.0;7.8515424829547635;5.566353834388943;-0.46718636063860686;10.93149799999992;1000.0;230617;;23.314083966184604;2033-01-03;BRSTNCNTF212;2022-07-28
860;0;0.13954029033128204;992.736194;0.5068679999999404;106;0.0;0.42063492063492064;0.369126854101933;-0.036644558824434625;0.6833319999999503;1000.0;5025458;;0.23009038054015973;2023-01-02;BRSTNCNTF147;2022-07-29
861;1;0.1284991933152189;953.531301;6.217061999999942;608;0.0;2.2162169656282713;1.9343016736897891;-0.1844417191439902;3.4148249999999507;1000.0;37600;;2.844606596130296;2025-01-02;BRSTNCNTF170;2022-07-29
862;2;0.12839931736244206;920.075844;11.467852000000107;1109;0.0;3.792261685231364;3.1980314702892203;-0.2942431504164915;4.946391999999946;1000.0;2083599;;7.1973064962822475;2027-01-04;BRSTNCNTF1P8;2022-07-29
863;3;0.12952943813788728;889.837849;14.607503000000065;1608;0.0;5.2242985156446595;4.195309047926027;-0.3733144779096733;7.1199530000000095;1000.0;2223310;;12.423324545507835;2029-01-02;BRSTNCNTF1Q6;2022-07-29
864;4;0.1298379661239441;867.022063;9.751845000000003;2109;0.0;6.5661469024562145;4.981821678504511;-0.4319349309195104;8.784575000000018;1000.0;4752;;17.99021916415697;2031-01-02;BRSTNCNTF204;2022-07-29
865;5;0.12977556566350934;849.857168;24.648052000000007;2613;0.0;7.8475742289865105;5.596566231199348;-0.47562819277715107;10.553066000000058;1000.0;612800;;23.513920206136948;2033-01-03;BRSTNCNTF212;2022-07-29
866;0;0.13984464342264855;993.140402;0.569564000000014;105;0.0;0.4166666666666667;0.36554689351861613;-0.03630393887789296;0.40420800000003965;1000.0;649513;;0.2271617070531307;2023-01-02;BRSTNCNTF147;2022-08-01
867;1;0.1272764669891928;956.245085;5.345857000000024;607;0.0;2.2122487116600174;1.9331654970363013;-0.18485800050325452;2.7137840000000324;1000.0;133333;;2.84293050876967;2025-01-02;BRSTNCNTF170;2022-08-01
868;2;0.12698424419511845;924.691451;17.597402999999986;1108;0.0;3.788293431263109;3.2004137434088835;-0.29593952281931024;4.615607000000068;1000.0;554909;;7.207957950236913;2027-01-04;BRSTNCNTF1P8;2022-08-01
869;3;0.12839580467244546;894.512796;11.889313000000016;1607;0.0;5.2203302616764065;4.200013333976437;-0.3756965670612544;4.674946999999975;1000.0;505883;;12.447390838420882;2029-01-02;BRSTNCNTF1Q6;2022-08-01
870;4;0.12866701304118483;872.520253;13.153185000000008;2108;0.0;6.5621786484879605;4.991387698692975;-0.43550868576846824;5.498190000000022;1000.0;376837;;18.04647247636504;2031-01-02;BRSTNCNTF204;2022-08-01
871;5;0.12876629542983045;855.08887;24.092116999999917;2612;0.0;7.843605975018256;5.608917998204929;-0.4796123353007715;5.231702000000041;1000.0;863312;;23.596855133381734;2033-01-03;BRSTNCNTF212;2022-08-01
872;0;0.1395387399226629;993.766461;1.499663000000055;104;0.0;0.4126984126984127;0.36216268920495837;-0.03599051339574544;0.6260590000000548;1000.0;1480730;;0.22448851751902452;2023-01-02;BRSTNCNTF147;2022-08-02
873;1;0.12845265699133535;954.532198;6.917197999999985;606;0.0;2.208280457691763;1.9273592264727821;-0.18397264387806445;-1.7128870000000234;1000.0;513273;;2.8281647742741116;2025-01-02;BRSTNCNTF170;2022-08-02
874;2;0.12859515103723312;920.383114;12.83621400000004;1107;0.0;3.784325177294855;3.190183313157269;-0.29361908519945246;-4.308337000000051;1000.0;1224651;;7.168488799439591;2027-01-04;BRSTNCNTF1P8;2022-08-02
875;3;0.13029585983566225;887.845787;16.72469000000001;1606;0.0;5.216362007708152;4.182736953438865;-0.3713625382239911;-6.667009000000007;1000.0;632549;;12.36358259363954;2029-01-02;BRSTNCNTF1Q6;2022-08-02
876;4;0.13058030634380216;864.666037;26.55764099999999;2107;0.0;6.5582103945197066;4.966520663245026;-0.42943817395666883;-7.854216000000065;1000.0;490981;;17.904586042728155;2031-01-02;BRSTNCNTF204;2022-08-02
877;5;0.13079066579740328;845.874364;23.16292199999998;2611;0.0;7.839637721050003;5.573619871230442;-0.47145821637548124;-9.214506000000029;1000.0;269749;;23.36723147050307;2033-01-03;BRSTNCNTF212;2022-08-02
878;0;0.1396182181521474;994.253368;0.6001989999999751;103;0.0;0.4087301587301587;0.3586553408850556;-0.03565942806261546;0.4869069999999738;1000.0;385071;;0.22167450685414627;2023-01-02;BRSTNCNTF147;2022-08-03
879;1;0.1268254119796985;957.986859;7.0015789999999924;605;0.0;2.2043122037235094;1.9270015834278953;-0.18460421941961158;3.4546609999999873;1000.0;363340;;2.828677011437308;2025-01-02;BRSTNCNTF170;2022-08-03
880;2;0.12704452959068474;925.391028;10.23589800000002;1106;0.0;3.7803569233266017;3.1931202913473644;-0.2954884868937597;5.007914000000028;1000.0;970248;;7.181322577360577;2027-01-04;BRSTNCNTF1P8;2022-08-03
881;3;0.12908494736887038;892.788824;14.943226999999979;1605;0.0;5.2123937537398985;4.187987139828679;-0.373898811349477;4.943037000000004;1000.0;280640;;12.39026856767265;2029-01-02;BRSTNCNTF1Q6;2022-08-03
882;4;0.12947358143094492;869.857921;13.716138999999998;2106;0.0;6.554242140551453;4.97534994987382;-0.43278475636446956;5.191884000000073;1000.0;338418;;17.95648101913835;2031-01-02;BRSTNCNTF204;2022-08-03
883;5;0.12978540397603305;851.045802;14.106764999999996;2610;0.0;7.835669467081749;5.5858745178392955;-0.47538350589059064;5.1714379999999665;1000.0;101695;;23.449327860952266;2033-01-03;BRSTNCNTF212;2022-08-03
884;0;0.13921063563471664;994.913187;0.3749769999999444;102;0.0;0.40476190476190477;0.355300322746515;-0.035349297644586386;0.6598189999999704;1000.0;0;;0.21906061713836847;2023-01-02;BRSTNCNTF147;2022-08-04
885;1;0.12270386540076204;966.085292;3.50583400000005;604;0.0;2.200343949755255;1.9315083715256607;-0.18660018291058122;8.098433;1000.0;64989;;2.8428402593339652;2025-01-02;BRSTNCNTF170;2022-08-04
886;2;0.12323696188694083;937.171067;7.38590899999997;1105;0.0;3.7763886693583477;3.205499264782481;-0.3004101166243913;11.780038999999988;1000.0;46103;;7.231748410703647;2027-01-04;BRSTNCNTF1P8;2022-08-04
887;3;0.1257987181172923;905.622117;9.947120999999925;1604;0.0;5.208425499771644;4.2083148271022175;-0.38111429827227994;12.833293000000026;1000.0;184052;;12.491070679223109;2029-01-02;BRSTNCNTF1Q6;2022-08-04
888;4;0.12665059207007523;882.618438;6.952257000000031;2105;0.0;6.550273886583198;5.003397774358799;-0.4416091128297239;12.760516999999936;1000.0;256462;;18.119158807905077;2031-01-02;BRSTNCNTF204;2022-08-04
889;5;0.12699086206982838;864.898118;12.923293000000058;2609;0.0;7.831701213113494;5.626336484189243;-0.48662078364100125;13.852315999999973;1000.0;73117;;23.71678452968251;2033-01-03;BRSTNCNTF212;2022-08-04
890;0;0.1394069222126717;995.359161;2.4362989999999627;101;0.0;0.4007936507936508;0.35175637843699026;-0.03501239337174411;0.44597399999997833;1000.0;260057;;0.21622570373468392;2023-01-02;BRSTNCNTF147;2022-08-05
891;1;0.12269361617094267;966.548202;9.027388000000087;603;0.0;2.1963756957870015;1.9279938251832835;-0.1863498965198005;0.4629099999999653;1000.0;176319;;2.8345015103707687;2025-01-02;BRSTNCNTF170;2022-08-05
892;2;0.12204876500514981;941.180112;17.727280999999948;1104;0.0;3.772420415390093;3.206943757094193;-0.3018311684479613;4.009045000000015;1000.0;354340;;7.2386897609308845;2027-01-04;BRSTNCNTF1P8;2022-08-05
893;3;0.1242917594528973;911.814931;45.508723999999916;1603;0.0;5.204457245803389;4.215755996972845;-0.3843989263492631;6.1928139999999985;1000.0;478052;;12.528661331354197;2029-01-02;BRSTNCNTF1Q6;2022-08-05
894;4;0.12470781559793868;891.674359;16.682754000000045;2104;0.0;6.546305632614944;5.021669402504333;-0.44776938455879645;9.055921000000012;1000.0;100052;;18.225828480768428;2031-01-02;BRSTNCNTF204;2022-08-05
895;5;0.12522593603813634;873.959971;30.692013000000088;2608;0.0;7.827732959145241;5.650703409230366;-0.4938488587660572;9.061853000000042;1000.0;43076;;23.87904450836198;2033-01-03;BRSTNCNTF212;2022-08-05
896;0;0.13921014019379124;995.943039;0.32620600000007016;100;0.0;0.3968253968253968;0.34833380122790725;-0.03469206245813439;0.583878000000027;1000.0;1686974;;0.21355214072597437;2023-01-02;BRSTNCNTF147;2022-08-08
897;1;0.12025230168499797;971.551662;7.260510999999951;602;0.0;2.1924074418187476;1.9292268300335982;-0.18743435330941338;5.003460000000018;1000.0;565889;;2.8394926809078873;2025-01-02;BRSTNCNTF170;2022-08-08
898;2;0.11850825799660428;952.375594;25.588581999999974;1103;0.0;3.768452161421839;3.218282034362218;-0.30650132641352457;11.19548199999997;1000.0;1259175;;7.285159582420463;2027-01-04;BRSTNCNTF1P8;2022-08-08
899;3;0.12056098313535948;926.734925;53.68125900000007;1602;0.0;5.200488991835136;4.239464643010665;-0.3928859947980641;14.919993999999974;1000.0;654441;;12.646692486469853;2029-01-02;BRSTNCNTF1Q6;2022-08-08
900;4;0.12111804764983196;908.371847;24.921801999999957;2103;0.0;6.54233737864669;5.0585691011310665;-0.4595061757571557;16.69748800000002;1000.0;1128164;;18.440842113918205;2031-01-02;BRSTNCNTF204;2022-08-08
901;5;0.12133758762220147;893.888343;31.053342999999927;2607;0.0;7.823764705176985;5.708932665425668;-0.5103148360595924;19.928371999999968;1000.0;501694;;24.265854484256252;2033-01-03;BRSTNCNTF212;2022-08-08
902;0;0.13898123639117488;996.536946;0.38218000000006214;99;0.0;0.39285714285714285;0.3449197686385229;-0.03437252928540602;0.5939069999999447;1000.0;982613;;0.21090075057947022;2023-01-02;BRSTNCNTF147;2022-08-09
903;1;0.12079711384945413;970.970619;8.597364000000084;601;0.0;2.1884391878504936;1.9246205411515247;-0.1868749998182011;-0.5810429999999087;1000.0;247494;;2.8281004100383447;2025-01-02;BRSTNCNTF170;2022-08-09
904;2;0.11973861761870674;949.04083;21.555777000000035;1102;0.0;3.764483907453586;3.2095596251082323;-0.3046003130547206;-3.33476399999995;1000.0;1385938;;7.2514954131135365;2027-01-04;BRSTNCNTF1P8;2022-08-09
905;3;0.12214087242700342;920.977969;39.54599900000005;1601;0.0;5.196520737866883;4.2243759837927195;-0.38905572138457956;-5.756955999999946;1000.0;695162;;12.573053788389334;2029-01-02;BRSTNCNTF1Q6;2022-08-09
906;4;0.12279645035362112;901.120517;39.40164200000004;2102;0.0;6.538369124678436;5.036105329024178;-0.45381378377567216;-7.251330000000053;1000.0;598799;;18.31160076178794;2031-01-02;BRSTNCNTF204;2022-08-09
907;5;0.12342012067862904;883.76233;23.617961000000037;2606;0.0;7.819796451208733;5.672269206266572;-0.5012937850117396;-10.126012999999944;1000.0;1793877;;24.02486961958058;2033-01-03;BRSTNCNTF212;2022-08-09
908;0;0.1389963620177131;997.046547;0.3785520000000133;98;0.0;0.3888888888888889;0.3414311963714944;-0.03404227953802774;0.5096010000000888;1000.0;1506532;;0.2081701176968197;2023-01-02;BRSTNCNTF147;2022-08-10
909;1;0.12047971055553734;972.002722;7.01087700000005;600;0.0;2.1844709338822397;1.921698729786883;-0.18678963962167927;1.0321029999998927;1000.0;338915;;2.8214456390953306;2025-01-02;BRSTNCNTF170;2022-08-10
910;2;0.11941181854313238;950.462359;16.34426600000006;1101;0.0;3.760515653485332;3.2073881477298722;-0.3048501705119975;1.421528999999964;1000.0;1269385;;7.244018220981125;2027-01-04;BRSTNCNTF1P8;2022-08-10
911;3;0.12162639959631692;923.403115;19.077324999999973;1600;0.0;5.192552483898628;4.224595452300072;-0.39010046002687204;2.425145999999927;1000.0;822780;;12.575074450967854;2029-01-02;BRSTNCNTF1Q6;2022-08-10
912;4;0.12291518026210475;900.996329;32.84799399999997;2101;0.0;6.534400870710182;5.031234562977495;-0.4533123871580642;-0.12418800000000374;1000.0;750773;;18.28449766239456;2031-01-02;BRSTNCNTF204;2022-08-10
913;5;0.12345750454370644;883.983217;16.569596000000047;2605;0.0;7.815828197240478;5.668143573204953;-0.501054379025959;0.22088699999994788;1000.0;941118;;23.999350009752085;2033-01-03;BRSTNCNTF212;2022-08-10
914;0;0.13902090223978034;997.55334;0.34102500000005875;97;0.0;0.38492063492063494;0.3379399234878288;-0.03371130993946281;0.506793000000016;1000.0;857832;;0.20544836893410445;2023-01-02;BRSTNCNTF147;2022-08-11
915;1;0.1212624299385101;970.98327;6.760030000000029;599;0.0;2.1805026799139857;1.9166344085457037;-0.1861019945404223;-1.0194520000000011;1000.0;303266;;2.808807970479426;2025-01-02;BRSTNCNTF170;2022-08-11
916;2;0.11993840451346038;949.285575;10.430692000000022;1100;0.0;3.756547399517078;3.2016337496422858;-0.3039264734968583;-1.1767839999999978;1000.0;1044730;;7.222268635344272;2027-01-04;BRSTNCNTF1P8;2022-08-11
917;3;0.12198399794925201;922.430821;21.614660999999955;1599;0.0;5.188584229930375;4.218447775644408;-0.38912262450332946;-0.9722939999999198;1000.0;843445;;12.545690345960269;2029-01-02;BRSTNCNTF1Q6;2022-08-11
918;4;0.1232135671413696;900.06008;13.298200999999949;2100;0.0;6.530432616741928;5.024343826939117;-0.4522211306822328;-0.9362489999999752;1000.0;429596;;18.24573702135154;2031-01-02;BRSTNCNTF204;2022-08-11
919;5;0.12386920226956516;882.332759;22.569080999999983;2604;0.0;7.811859943272224;5.65808120504536;-0.4992310400293718;-1.6504579999999578;1000.0;661193;;23.93468533683404;2033-01-03;BRSTNCNTF212;2022-08-11
920;0;0.13882722529568917;998.133412;0.5771939999999631;96;0.0;0.38095238095238093;0.33451288667890294;-0.033388848893878276;0.5800719999999728;1000.0;1149728;;0.20281671403011808;2023-01-02;BRSTNCNTF147;2022-08-12
921;1;0.11964715839679226;974.433356;5.0668869999999515;598;0.0;2.1765344259457318;1.9162349655162794;-0.18672432683325724;3.4500860000000557;1000.0;16710849;;2.809224040889871;2025-01-02;BRSTNCNTF170;2022-08-12
922;2;0.11786466812459027;956.040419;60.68072499999994;1099;0.0;3.7525791455488235;3.2067954229426188;-0.30658260397973436;6.754844000000048;1000.0;1490373;;7.2440294905600915;2027-01-04;BRSTNCNTF1P8;2022-08-12
923;3;0.12013883233892361;930.068981;20.236433999999917;1598;0.0;5.18461597596212;4.228385270351082;-0.39326899796708403;7.638159999999971;1000.0;4605552;;12.595652980332353;2029-01-02;BRSTNCNTF1Q6;2022-08-12
924;4;0.12144340386159481;908.529983;20.795391999999993;2099;0.0;6.526464362773674;5.040741796368806;-0.4579665058562341;8.469903000000045;1000.0;3305444;;18.3417437579214;2031-01-02;BRSTNCNTF204;2022-08-12
925;5;0.12190657119635032;892.620062;15.782969999999978;2603;0.0;7.807891689303971;5.685719692444576;-0.5075187464384499;10.287302999999952;1000.0;1089185;;24.118911432359447;2033-01-03;BRSTNCNTF212;2022-08-12
926;0;0.1390051944907914;998.589624;0.23408500000005006;95;0.0;0.376984126984127;0.3309766543582806;-0.03305098528284134;0.4562119999999368;1000.0;277389;;0.20006477407976475;2023-01-02;BRSTNCNTF147;2022-08-15
927;1;0.11824266670510407;977.494702;4.241229999999973;597;0.0;2.1725661719774774;1.9154235266715374;-0.18723163494075834;3.0613459999999577;1000.0;15903192;;2.8084919565335746;2025-01-02;BRSTNCNTF170;2022-08-15
928;2;0.11602284747392778;962.129707;11.323287999999934;1098;0.0;3.7486108915805696;3.2109948604247673;-0.30893935442389875;6.0892880000000105;1000.0;2178723;;7.261981353525096;2027-01-04;BRSTNCNTF1P8;2022-08-15
929;3;0.11806887542292373;938.675539;15.229029999999966;1597;0.0;5.180647721993867;4.239993974385164;-0.3979978629262746;8.60655799999995;1000.0;1830377;;12.65396881346194;2029-01-02;BRSTNCNTF1Q6;2022-08-15
930;4;0.11932697754146021;918.708479;14.116728999999964;2098;0.0;6.52249610880542;5.061096043319222;-0.4649671848030721;10.178495999999996;1000.0;1065774;;18.46090857559896;2031-01-02;BRSTNCNTF204;2022-08-15
931;5;0.11986265867013383;903.489642;23.123104000000012;2602;0.0;7.803923435335716;5.7147571216609645;-0.5163223865966415;10.869580000000042;1000.0;448639;;24.31286975729816;2033-01-03;BRSTNCNTF212;2022-08-15
932;0;0.13895887801968781;999.120673;0.22894699999994828;94;0.0;0.373015873015873;0.32750600726310014;-0.03272180223882515;0.5310490000000527;1000.0;331192;;0.19740437576198344;2023-01-02;BRSTNCNTF147;2022-08-16
933;1;0.11874232495820553;976.994787;4.843335000000025;596;0.0;2.168597918009224;1.9109034850496711;-0.18669427433536612;-0.49991499999998723;1000.0;145041;;2.797402389648932;2025-01-02;BRSTNCNTF170;2022-08-16
934;2;0.11629942970777032;961.695539;13.806205999999975;1097;0.0;3.7446426376123156;3.206274910616135;-0.3083460278347161;-0.43416799999999967;1000.0;311040;;7.244332265113468;2027-01-04;BRSTNCNTF1P8;2022-08-16
935;3;0.11812439886157498;938.870483;17.89308600000004;1596;0.0;5.176679468025612;4.236037954088896;-0.39770909999617743;0.19494400000007772;1000.0;521866;;12.635327698475905;2029-01-02;BRSTNCNTF1Q6;2022-08-16
936;4;0.1192449669677858;919.500878;11.375035000000025;2097;0.0;6.518527854837167;5.058477929580739;-0.4651274897593112;0.7923989999999321;1000.0;973516;;18.44677122399123;2031-01-02;BRSTNCNTF204;2022-08-16
937;5;0.11967123274320425;904.884619;23.143537000000038;2601;0.0;7.799955181367463;5.714270087592947;-0.5170755111074641;1.3949770000000399;1000.0;150760;;24.31130353592689;2033-01-03;BRSTNCNTF212;2022-08-16
938;0;0.13902625833371618;999.614856;0.5595899999999574;93;0.0;0.36904761904761907;0.3240027329357694;-0.03238779452271956;0.4941830000000209;1000.0;1082078;;0.19471683053405392;2023-01-02;BRSTNCNTF147;2022-08-17
939;1;0.12054290374726591;974.081885;6.430618999999979;595;0.0;2.16462966404097;1.9038686750273148;-0.18545239877630593;-2.9129019999999173;1000.0;179798;;2.779331318098177;2025-01-02;BRSTNCNTF170;2022-08-17
940;2;0.1183550974942812;955.810474;18.49005199999999;1096;0.0;3.7406743836440617;3.1940893056567;-0.30529440132380614;-5.885065000000054;1000.0;422222;;7.1969932605792675;2027-01-04;BRSTNCNTF1P8;2022-08-17
941;3;0.119834762631028;932.521505;11.519691999999964;1595;0.0;5.172711214057359;4.219978306412255;-0.39352205213629077;-6.348977999999988;1000.0;99144;;12.55697193476852;2029-01-02;BRSTNCNTF1Q6;2022-08-17
942;4;0.1205269375644673;913.978499;15.69974000000002;2096;0.0;6.514559600868913;5.040457291331434;-0.46068695894047096;-5.522378999999887;1000.0;124081;;18.343345815150624;2031-01-02;BRSTNCNTF204;2022-08-17
943;5;0.1210774097023719;898.064127;20.250970999999936;2600;0.0;7.795986927399209;5.6883030888548305;-0.5108460947603817;-6.820492000000058;1000.0;0;;24.141072376665644;2033-01-03;BRSTNCNTF212;2022-08-17
944;0;0.13909300616610787;1000.109957;0.17842299999995248;92;0.0;0.36507936507936506;0.32050005102058904;-0.03205352922446991;0.4951009999999769;1000.0;238755;;0.19204227990520945;2023-01-02;BRSTNCNTF147;2022-08-18
945;1;0.1220945778481255;971.654846;6.5179820000000745;594;0.0;2.160661410072716;1.897335436264898;-0.18435551711343123;-2.427039000000036;1000.0;249103;;2.762706439466953;2025-01-02;BRSTNCNTF170;2022-08-18
946;2;0.11951221075803035;952.713772;9.824558999999908;1095;0.0;3.7367061296758077;3.185698695415583;-0.30350590205648587;-3.0967020000000502;1000.0;1486789;;7.1648587421672545;2027-01-04;BRSTNCNTF1P8;2022-08-18
947;3;0.120623887606079;929.843529;13.084697000000006;1594;0.0;5.168742960089104;4.210675287307289;-0.3915269168622899;-2.677976000000058;1000.0;1473103;;12.512088666581189;2029-01-02;BRSTNCNTF1Q6;2022-08-18
948;4;0.12145663175446395;910.12387;13.480373999999983;2095;0.0;6.510591346900658;5.026438730647354;-0.45746818698546576;-3.8546290000000454;1000.0;660974;;18.26332513745361;2031-01-02;BRSTNCNTF204;2022-08-18
949;5;0.12182930044199969;894.643386;15.211642999999981;2599;0.0;7.792018673430954;5.672799961472858;-0.5075132965632747;-3.420741000000021;1000.0;401750;;24.04036956763936;2033-01-03;BRSTNCNTF212;2022-08-18
950;0;0.13920367779121975;1000.591838;0.26654199999995853;91;0.0;0.3611111111111111;0.3169855572276359;-0.03171731613258544;0.48188100000004397;1000.0;177249;;0.1893658676869996;2023-01-02;BRSTNCNTF147;2022-08-19
951;1;0.12324275260464938;969.988902;7.397596000000021;593;0.0;2.1566931561044616;1.8915939601438718;-0.18348251484297862;-1.6659439999999677;1000.0;72377;;2.7483194215746947;2025-01-02;BRSTNCNTF170;2022-08-19
952;2;0.1207225531773357;949.479619;16.670721999999955;1094;0.0;3.7327378757075538;3.1771021816176983;-0.3016593768926441;-3.234152999999992;1000.0;1073888;;7.131983569990843;2027-01-04;BRSTNCNTF1P8;2022-08-19
953;3;0.12196296923666622;925.0438;16.06270799999993;1593;0.0;5.164774706120851;4.197379892182459;-0.38827602455080523;-4.799728999999957;1000.0;1301833;;12.447690304450889;2029-01-02;BRSTNCNTF1Q6;2022-08-19
954;4;0.12249874669273368;905.789788;7.429948999999965;2094;0.0;6.506623092932404;5.011176900075992;-0.45390728619503307;-4.334081999999967;1000.0;485487;;18.176307717792223;2031-01-02;BRSTNCNTF204;2022-08-19
955;5;0.1229816074932249;889.232914;20.478634000000056;2598;0.0;7.7880504194627;5.650964080359068;-0.5025023256087024;-5.410471999999913;1000.0;1503012;;23.89815950022987;2033-01-03;BRSTNCNTF212;2022-08-19
956;0;0.13922059828364897;1001.104148;0.2732370000001083;90;0.0;0.35714285714285715;0.31349754309887934;-0.03138436907840969;0.5123099999999567;1000.0;6827;;0.18673333791179533;2023-01-02;BRSTNCNTF147;2022-08-22
957;1;0.12285711041613252;971.14334;17.479712999999947;592;0.0;2.152724902136208;1.8888000006036405;-0.18342955411782214;1.1544379999999137;1000.0;71951;;2.7421135596388693;2025-01-02;BRSTNCNTF170;2022-08-22
958;2;0.1208375230452415;949.562645;12.165196000000037;1093;0.0;3.7287696217393003;3.1730823647386215;-0.301304048306406;0.08302600000001803;1000.0;313418;;7.11726690047081;2027-01-04;BRSTNCNTF1P8;2022-08-22
959;3;0.12234667365858135;923.978768;14.537299000000075;1592;0.0;5.160806452152596;4.1910526118955165;-0.3872443628962401;-1.0650320000000875;1000.0;315235;;12.417594364714265;2029-01-02;BRSTNCNTF1Q6;2022-08-22
960;4;0.12307114709476502;903.6131;16.96643700000004;2093;0.0;6.50265483896415;5.00121209180397;-0.45191607620324703;-2.176688000000013;1000.0;272579;;18.119984563626357;2031-01-02;BRSTNCNTF204;2022-08-22
961;5;0.12359402081285534;886.573361;15.807301000000052;2597;0.0;7.784082165494447;5.637723206231436;-0.49982552113363;-2.6595530000000736;1000.0;86619;;23.812787774334527;2033-01-03;BRSTNCNTF212;2022-08-22
962;0;0.13913462191647546;1001.648791;0.2515300000000025;89;0.0;0.3531746031746032;0.3100376354323336;-0.03105488226952957;0.5446429999999509;1000.0;258685;;0.18414638587723905;2023-01-02;BRSTNCNTF147;2022-08-23
963;1;0.12088040652127512;975.221145;5.805293000000006;591;0.0;2.1487566481679536;1.88905495180901;-0.18422463330711025;4.077805000000012;1000.0;30744;;2.744347251047552;2025-01-02;BRSTNCNTF170;2022-08-23
964;2;0.11860107422460535;956.760529;10.45600300000001;1092;0.0;3.7248013677710463;3.1788683624806513;-0.30414157761083516;7.197884000000045;1000.0;1387459;;7.141343558987247;2027-01-04;BRSTNCNTF1P8;2022-08-23
965;3;0.12015323429764085;932.9482;11.880708000000027;1591;0.0;5.156838198184343;4.203481765203664;-0.3921630746579581;8.969432000000097;1000.0;191301;;12.479517636616247;2029-01-02;BRSTNCNTF1Q6;2022-08-23
966;4;0.1209867976364809;913.518093;13.688060999999948;2092;0.0;6.4986865849958955;5.021111774720013;-0.45868764531820716;9.90499299999999;1000.0;1321290;;18.235810103543436;2031-01-02;BRSTNCNTF204;2022-08-23
967;5;0.12167952617177902;896.628838;14.391876999999909;2596;0.0;7.780113911526192;5.664568376946984;-0.507901536159352;10.055476999999996;1000.0;0;;23.991181328271544;2033-01-03;BRSTNCNTF212;2022-08-23
968;0;0.13915335846161064;1002.160961;0.24886400000002595;88;0.0;0.3492063492063492;0.3065490243564581;-0.030721146484268047;0.5121700000000828;1000.0;54088;;0.18153742009668727;2023-01-02;BRSTNCNTF147;2022-08-24
969;1;0.12202659365969123;973.557805;5.150342000000023;590;0.0;2.1447883941997;1.8833196115468152;-0.18335205071309701;-1.6633399999999483;1000.0;230523;;2.7300227369861316;2025-01-02;BRSTNCNTF170;2022-08-24
970;2;0.11946503993801061;954.565321;10.768586000000028;1091;0.0;3.7208331138027915;3.1717168164674896;-0.30276108810323876;-2.1952079999999796;1000.0;1871688;;7.114235482269869;2027-01-04;BRSTNCNTF1P8;2022-08-24
971;3;0.12102667314989371;929.953261;11.32780600000001;1590;0.0;5.152869944216088;4.193578692599247;-0.3899832180442786;-2.994939000000045;1000.0;334882;;12.431846685075016;2029-01-02;BRSTNCNTF1Q6;2022-08-24
972;4;0.12142269371790881;911.936466;11.189959000000044;2091;0.0;6.494718331027643;5.012666577169238;-0.4571233443620031;-1.5816270000000259;1000.0;653867;;18.188172051052923;2031-01-02;BRSTNCNTF204;2022-08-24
973;5;0.12205610543967199;895.128209;15.857078999999999;2595;0.0;7.776145657557938;5.655048130232302;-0.5061993104623639;-1.5006290000000035;1000.0;427733;;23.930179413224522;2033-01-03;BRSTNCNTF212;2022-08-24
974;0;0.13917353926658418;1002.673085;0.24927200000001903;87;0.0;0.34523809523809523;0.3030601438130677;-0.03038702493375922;0.5121239999999716;1000.0;15288;;0.17894030061386293;2023-01-02;BRSTNCNTF147;2022-08-25
975;1;0.12365364632780095;971.030727;4.5373599999999215;589;0.0;2.140820140231446;1.8766796860784498;-0.18223136399188888;-2.527078000000074;1000.0;177733;;2.7132422680543433;2025-01-02;BRSTNCNTF170;2022-08-25
976;2;0.12159109060456919;948.590887;7.7232420000000275;1090;0.0;3.7168648598345384;3.159330610233479;-0.2996912225887627;-5.9744340000000875;1000.0;1589615;;7.066547363456648;2027-01-04;BRSTNCNTF1P8;2022-08-25
977;3;0.12302913918504138;922.614827;11.323401999999987;1589;0.0;5.1489016902478335;4.1754927256816785;-0.385237149874456;-7.338434000000007;1000.0;5206480;;12.344259997698508;2029-01-02;BRSTNCNTF1Q6;2022-08-25
978;4;0.12342033850860887;903.287637;25.465702999999962;2090;0.0;6.4907500770593884;4.986695566631313;-0.45044204548207745;-8.648828999999978;1000.0;725442;;18.039804523579317;2031-01-02;BRSTNCNTF204;2022-08-25
979;5;0.12386173681679256;886.468208;12.226360999999997;2594;0.0;7.7721774035896845;5.622890470964935;-0.4984513639576562;-8.660000999999966;1000.0;1022453;;23.720594560279885;2033-01-03;BRSTNCNTF212;2022-08-25
980;0;0.1393066259373847;1003.151683;0.20395699999994577;86;0.0;0.3412698412698413;0.299541699203477;-0.030048575968464775;0.4785980000000336;1000.0;24346;;0.17632050405413066;2023-01-02;BRSTNCNTF147;2022-08-26
981;1;0.1223404513978839;973.874264;3.211930000000052;588;0.0;2.1368518862631922;1.8756479279989908;-0.18266452454031423;2.843537000000083;1000.0;135824;;2.711926895735549;2025-01-02;BRSTNCNTF170;2022-08-26
982;2;0.12048616162981177;952.340289;6.756816000000072;1089;0.0;3.7128966058662844;3.160380379166661;-0.30097575636455076;3.749402000000032;1000.0;1004538;;7.071864005664301;2027-01-04;BRSTNCNTF1P8;2022-08-26
983;3;0.12211523173972982;926.568605;7.02343099999996;1588;0.0;5.14493343627958;4.178589911328023;-0.3871750225006281;3.9537780000000566;1000.0;844784;;12.360332397022644;2029-01-02;BRSTNCNTF1Q6;2022-08-26
984;4;0.1226106604766393;907.361818;5.261212;2089;0.0;6.4867818230911345;4.992244788746382;-0.4529772307417943;4.074180999999953;1000.0;108669;;18.07279216879828;2031-01-02;BRSTNCNTF204;2022-08-26
985;5;0.12320968804676258;890.137637;27.159268999999995;2593;0.0;7.768209149621431;5.629682022583983;-0.5011191852644288;3.6694290000000365;1000.0;333309;;23.766884850835414;2033-01-03;BRSTNCNTF212;2022-08-26
986;0;0.1394229829271925;1003.636415;0.21677499999998417;85;0.0;0.3373015873015873;0.29602842290209136;-0.02971049050995589;0.48473200000000816;1000.0;144377;;0.1737191923236133;2023-01-02;BRSTNCNTF147;2022-08-29
987;1;0.12352583974225952;972.161905;5.940174999999954;587;0.0;2.1328836322949383;1.8698591980929906;-0.18178058800998542;-1.7123589999999922;1000.0;21198;;2.697535384865329;2025-01-02;BRSTNCNTF170;2022-08-29
988;2;0.12151783308476882;949.674453;11.37824599999999;1088;0.0;3.7089283518980305;3.1525581945409877;-0.299390397895138;-2.665836000000013;1000.0;25338;;7.042256164554208;2027-01-04;BRSTNCNTF1P8;2022-08-29
989;3;0.12294353194525467;923.794446;9.722122000000013;1587;0.0;5.140965182311327;4.169046145672496;-0.38513416744899587;-2.774159000000054;1000.0;980756;;12.314657355150164;2029-01-02;BRSTNCNTF1Q6;2022-08-29
990;4;0.12329448293032483;904.689214;10.279979000000026;2088;0.0;6.4828135691228805;4.98104146812997;-0.4506294490703908;-2.6726039999999784;1000.0;25550;;18.009549495875174;2031-01-02;BRSTNCNTF204;2022-08-29
991;5;0.12375286739107182;887.832856;12.139562000000069;2592;0.0;7.764240895653177;5.617550924307302;-0.49874462808531916;-2.304781000000048;1000.0;85081;;23.68905582101188;2033-01-03;BRSTNCNTF212;2022-08-29
992;0;0.13949019129503504;1004.136635;0.342412999999965;84;0.0;0.3333333333333333;0.29252848090398503;-0.02937385644565893;0.5002199999998993;1000.0;42090;;0.17114583091292057;2023-01-02;BRSTNCNTF147;2022-08-30
993;1;0.12323757602466626;973.134809;3.3933320000001004;586;0.0;2.1289153783266843;1.8668737903937767;-0.1816719869441954;0.9729039999999713;1000.0;22876;;2.690864744293191;2025-01-02;BRSTNCNTF170;2022-08-30
994;2;0.12148823377223547;950.195304;8.084932999999978;1087;0.0;3.7049600979297765;3.1491425303891707;-0.2992300444002467;0.5208509999999933;1000.0;862424;;7.030012015874909;2027-01-04;BRSTNCNTF1P8;2022-08-30
995;3;0.12277528076828514;924.867675;4.841158999999948;1586;0.0;5.136996928343073;4.166731511822484;-0.3853675285688496;1.0732289999999693;1000.0;550623;;12.304302517915293;2029-01-02;BRSTNCNTF1Q6;2022-08-30
996;4;0.1230960552868209;906.001302;7.372310999999968;2087;0.0;6.478845315154626;4.979732527457063;-0.45116441534878504;1.312088000000017;1000.0;0;;18.003141535317294;2031-01-02;BRSTNCNTF204;2022-08-30
997;5;0.12357449351843311;889.134162;8.05056900000011;2591;0.0;7.760272641684923;5.616841678573765;-0.4994125818965358;1.301305999999954;1000.0;1299397;;23.686140735397366;2033-01-03;BRSTNCNTF212;2022-08-30
998;0;0.13941904137788358;1004.677754;0.4282030000000532;83;0.0;0.32936507936507936;0.2890640481800796;-0.029041621868771017;0.5411190000000943;1000.0;1506970;;0.16862612894310416;2023-01-02;BRSTNCNTF147;2022-08-31
999;1;0.12208397562301466;975.679943;4.117199000000028;585;0.0;2.1249471243584304;1.8655273181647694;-0.1820157587451945;2.545133999999962;1000.0;45708;;2.688696817163687;2025-01-02;BRSTNCNTF170;2022-08-31
1000;2;0.12022164005428707;954.425948;5.563163000000031;1086;0.0;3.700991843961522;3.1508527352415605;-0.30072556088413194;4.230643999999984;1000.0;832384;;7.03791267793056;2027-01-04;BRSTNCNTF1P8;2022-08-31
1001;3;0.12182322959121168;928.970582;7.0002470000000585;1585;0.0;5.1330286743748195;4.1700983238461395;-0.38738986669005726;4.102907000000073;1000.0;2273871;;12.321660849719152;2029-01-02;BRSTNCNTF1Q6;2022-08-31
1002;4;0.12246703763634341;909.262425;10.444227999999953;2086;0.0;6.474877061186372;4.983250962351673;-0.45310828544114656;3.2611229999999978;1000.0;55236;;18.02442686412999;2031-01-02;BRSTNCNTF204;2022-08-31
1003;5;0.12281907393603635;893.329433;11.824922000000015;2590;0.0;7.756304387716668;5.62526921632151;-0.5025218559488849;4.195271000000048;1000.0;643271;;23.74310079758063;2033-01-03;BRSTNCNTF212;2022-08-31
1004;0;0.13928856263109826;1005.235701;1.0861949999999752;82;0.0;0.3253968253968254;0.28561405543518376;-0.02871094452308398;0.5579469999998992;1000.0;173676;;0.16613523208626654;2023-01-02;BRSTNCNTF147;2022-09-01
1005;1;0.1199807042211539;979.960403;8.019937000000027;584;0.0;2.1209788703901764;1.8659818806262038;-0.18285883557291527;4.280460000000062;1000.0;49957;;2.6914741368919115;2025-01-02;BRSTNCNTF170;2022-09-01
1006;2;0.11810260083185684;961.25445;12.661600000000021;1085;0.0;3.697023589993268;3.1561078608897457;-0.3033822725960249;6.828502000000071;1000.0;429773;;7.059767750533915;2027-01-04;BRSTNCNTF1P8;2022-09-01
1007;3;0.12000408110081053;936.476889;9.083608000000027;1584;0.0;5.129060420406565;4.17976767346925;-0.39142558275932515;7.5063069999999925;1000.0;355414;;12.369816064098842;2029-01-02;BRSTNCNTF1Q6;2022-09-01
1008;4;0.12086844078885081;916.962973;5.657277000000022;2085;0.0;6.470908807218118;4.997662222403555;-0.45826712095049515;7.700548000000026;1000.0;147291;;18.10828916981838;2031-01-02;BRSTNCNTF204;2022-09-01
1009;5;0.12130897989694125;901.376046;8.774498999999992;2589;0.0;7.752336133748415;5.645687601217178;-0.5088887566936364;8.04661299999998;1000.0;587216;;23.878809099268157;2033-01-03;BRSTNCNTF212;2022-09-01
1010;0;0.13921535169328847;1005.776796;0.3106480000000147;81;0.0;0.32142857142857145;0.28214908815667955;-0.028377900588054672;0.5410950000000412;1000.0;1480365;;0.1636388764516103;2023-01-02;BRSTNCNTF147;2022-09-02
1011;1;0.11947056450497412;981.333308;7.451650000000086;583;0.0;2.1170106164219225;1.8634073622619496;-0.18286237109600734;1.372904999999946;1000.0;0;;2.6859432936941734;2025-01-02;BRSTNCNTF170;2022-09-02
1012;2;0.11740830503046153;963.788574;12.074838999999997;1084;0.0;3.6930553360250142;3.155445367562864;-0.30411821911383186;2.53412400000002;1000.0;85450;;7.05834411452653;2027-01-04;BRSTNCNTF1P8;2022-09-02
1013;3;0.11920155789878215;940.045645;14.42641900000001;1583;0.0;5.125092166438312;4.182059061992841;-0.3931326408359155;3.5687560000000076;1000.0;55210;;12.381946519347222;2029-01-02;BRSTNCNTF1Q6;2022-09-02
1014;4;0.11976868178439014;922.436939;23.280731999999944;2084;0.0;6.466940553249865;5.0064898552924;-0.4618171177250474;5.4739660000000185;1000.0;297450;;18.160141315833627;2031-01-02;BRSTNCNTF204;2022-09-02
1015;5;0.12021134558365539;907.396469;25.967362999999978;2588;0.0;7.748367879780161;5.65959748318554;-0.5135498772203846;6.020423000000051;1000.0;553646;;23.971926610769977;2033-01-03;BRSTNCNTF212;2022-09-02
1016;0;0.13923190062500343;1006.292499;0.12510699999995722;80;0.0;0.31746031746031744;0.2786617180672518;-0.02804151966495283;0.5157030000000304;1000.0;1414203;;0.16112861959841507;2023-01-02;BRSTNCNTF147;2022-09-05
1017;1;0.1193077638787708;982.070225;2.0162590000001046;582;0.0;2.113042362453668;1.8601713873167973;-0.18268189328807694;0.7369170000000622;1000.0;364;;2.678606923780423;2025-01-02;BRSTNCNTF170;2022-09-05
1018;2;0.11713570912572743;965.04219;15.258088000000043;1083;0.0;3.689087082056761;3.1530273995717786;-0.3042804466812754;1.2536159999999654;1000.0;31649;;7.050013387501024;2027-01-04;BRSTNCNTF1P8;2022-09-05
1019;3;0.11878340433987472;942.111107;0.39590799999996307;1582;0.0;5.121123912470058;4.1815547903643076;-0.3939489212531271;2.0654619999999113;1000.0;2200000;;12.380406539602927;2029-01-02;BRSTNCNTF1Q6;2022-09-05
1020;4;0.11944277486469469;924.357595;20.426908000000026;2083;0.0;6.462972299281611;5.006614097259826;-0.4627901766036189;1.9206559999998944;1000.0;1634613;;18.161925175441134;2031-01-02;BRSTNCNTF204;2022-09-05
1021;5;0.1197037982637758;910.416973;15.02192100000002;2587;0.0;7.744399625811907;5.664133730607942;-0.515672348568728;3.02050399999996;1000.0;79752;;24.003435727991814;2033-01-03;BRSTNCNTF212;2022-09-05
1022;0;0.13961011775269966;1006.708404;0.23876799999993636;79;0.0;0.3134920634920635;0.2750871195595652;-0.027693251509276706;0.41590499999995245;1000.0;355805;;0.15852998591513373;2023-01-02;BRSTNCNTF147;2022-09-06
1023;1;0.12171794194140002;978.128229;6.3945059999999785;581;0.0;2.109074108485414;1.8520713501220565;-0.1811563269676526;-3.9419960000000174;1000.0;389398;;2.6579868994330527;2025-01-02;BRSTNCNTF170;2022-09-06
1024;2;0.11888730469715102;960.161153;13.615652999999952;1082;0.0;3.6851188280885063;3.1422068297029915;-0.3017024932572099;-4.881036999999992;1000.0;65384;;7.008690879582563;2027-01-04;BRSTNCNTF1P8;2022-09-06
1025;3;0.12007937720320251;937.446921;18.20136500000001;1581;0.0;5.117155658501802;4.168591862021554;-0.39078336059577623;-4.664185999999972;1000.0;2367161;;12.318033943306013;2029-01-02;BRSTNCNTF1Q6;2022-09-06
1026;4;0.12025205905600919;921.038213;21.298912000000087;2082;0.0;6.459004045313357;4.993966670674568;-0.4599634138139663;-3.319381999999905;1000.0;1530206;;18.090286084466268;2031-01-02;BRSTNCNTF204;2022-09-06
1027;5;0.12042861602450947;907.099965;15.844759000000067;2586;0.0;7.740431371843653;5.649057329003541;-0.5124259705422105;-3.317007999999987;1000.0;157939;;23.9059926821395;2033-01-03;BRSTNCNTF212;2022-09-06
1028;0;0.13953253339188054;1007.25184;0.21928400000001602;78;0.0;0.30952380952380953;0.2716234961757784;-0.02735932663102858;0.5434360000000424;1000.0;244077;;0.15607163555643538;2023-01-02;BRSTNCNTF147;2022-09-08
1029;1;0.11998204718052517;981.722099;4.253055000000018;580;0.0;2.1051058545171597;1.8518067642739875;-0.18179596235654572;3.5938699999999244;1000.0;16319;;2.6587946841593433;2025-01-02;BRSTNCNTF170;2022-09-08
1030;2;0.11677726947789288;966.980976;9.006463999999937;1081;0.0;3.681150574120252;3.1474117516188245;-0.30434872874542407;6.819823000000042;1000.0;38189;;7.030305920289398;2027-01-04;BRSTNCNTF1P8;2022-09-08
1031;3;0.11806150105615737;945.798435;10.605289999999968;1580;0.0;5.113187404533549;4.17971116531796;-0.3953164278909753;8.351514000000066;1000.0;399554;;12.373242622556539;2029-01-02;BRSTNCNTF1Q6;2022-09-08
1032;4;0.11855608956823253;929.300282;19.852794000000017;2081;0.0;6.455035791345103;5.009507406506469;-0.465533664554755;8.262068999999997;1000.0;131385;;18.180701501362385;2031-01-02;BRSTNCNTF204;2022-09-08
1033;5;0.11899679059071999;914.889777;11.605124000000046;2585;0.0;7.7364631178754;5.668307211397586;-0.5185876320603029;7.7898119999999835;1000.0;1482265;;24.034208662815285;2033-01-03;BRSTNCNTF212;2022-09-08
1034;0;0.13939262458939122;1007.81187;0.711304000000041;77;0.0;0.3055555555555556;0.268174069361326;-0.027026901032854767;0.5600299999999834;1000.0;760167;;0.15364158594138616;2023-01-02;BRSTNCNTF147;2022-09-09
1035;1;0.1187631486308788;984.38017;4.719742999999994;579;0.0;2.101137600548906;1.8505640014076674;-0.182165850630156;2.6580710000000636;1000.0;250777;;2.6569353147858137;2025-01-02;BRSTNCNTF170;2022-09-09
1036;2;0.1155236967162558;971.228168;13.691700000000083;1080;0.0;3.6771823201519984;3.1490674120334408;-0.305846297349774;4.247191999999927;1000.0;117338;;7.037997707313147;2027-01-04;BRSTNCNTF1P8;2022-09-09
1037;3;0.11675215695996406;951.411422;26.24350400000003;1579;0.0;5.109219150565296;4.185694046760787;-0.3982317125085615;5.6129869999999755;1000.0;955964;;12.403417352363304;2029-01-02;BRSTNCNTF1Q6;2022-09-09
1038;4;0.1172796682087476;935.681752;14.301833000000101;2080;0.0;6.451067537376849;5.020349842982416;-0.4697449736734711;6.381469999999922;1000.0;0;;18.244194547645233;2031-01-02;BRSTNCNTF204;2022-09-09
1039;5;0.11774259404527042;921.835713;12.541610999999989;2584;0.0;7.732494863907145;5.684770086761718;-0.524042408617106;6.945936000000074;1000.0;1270361;;24.144260234837386;2033-01-03;BRSTNCNTF212;2022-09-09
1040;0;0.13956080312414268;1008.289007;0.02708800000004885;76;0.0;0.30158730158730157;0.2646522255933993;-0.026684592974390853;0.4771369999999706;1000.0;506697;;0.15114065968277005;2023-01-02;BRSTNCNTF147;2022-09-12
1041;1;0.11955607431586349;983.377969;3.024393000000032;578;0.0;2.097169346580652;1.8455224953881468;-0.18148461632586077;-1.0022010000000137;1000.0;327770;;2.644718664261881;2025-01-02;BRSTNCNTF170;2022-09-12
1042;2;0.11580935581833017;970.77709;6.109555;1079;0.0;3.6732140661837445;3.1443231242386664;-0.3052436852568121;-0.4510779999999386;1000.0;162281;;7.020546732761177;2027-01-04;BRSTNCNTF1P8;2022-09-12
1043;3;0.11698432137297546;950.904878;7.940692000000013;1578;0.0;5.105250896597041;4.180449937838516;-0.39752102381254417;-0.5065439999999626;1000.0;155271;;12.378695495895975;2029-01-02;BRSTNCNTF1Q6;2022-09-12
1044;4;0.11766538316088507;934.284749;2.5121869999999262;2079;0.0;6.447099283408595;5.012448010708738;-0.46830537315605625;-1.397002999999927;1000.0;89877;;18.199735190631408;2031-01-02;BRSTNCNTF204;2022-09-12
1045;5;0.11804390660317222;920.666289;11.146187000000054;2583;0.0;7.728526609938891;5.676409577085511;-0.5226078940179377;-1.169424000000049;1000.0;1779424;;24.09081957544662;2033-01-03;BRSTNCNTF212;2022-09-12
1046;0;0.13972057338691396;1008.769773;0.3396099999999933;75;0.0;0.2976190476190476;0.2611333476882239;-0.02634234278701797;0.4807660000000169;1000.0;38558;;0.1486555616745479;2023-01-02;BRSTNCNTF147;2022-09-13
1047;1;0.12135896603926799;980.560024;6.165449000000081;577;0.0;2.0932010926123983;1.8385933614594896;-0.18028511506389577;-2.817945000000009;1000.0;278270;;2.6273983137847394;2025-01-02;BRSTNCNTF170;2022-09-13
1048;2;0.11812225800340832;964.180502;13.685095000000047;1078;0.0;3.6692458122154896;3.1311828768897256;-0.301902547809334;-6.596587999999997;1000.0;375823;;6.970239280263889;2027-01-04;BRSTNCNTF1P8;2022-09-13
1049;3;0.11930397158087655;942.168065;17.18526799999995;1577;0.0;5.101282642628788;4.160042404601613;-0.3919459102661449;-8.736813000000097;1000.0;2500830;;12.280084304945643;2029-01-02;BRSTNCNTF1Q6;2022-09-13
1050;4;0.11988087704347357;924.407647;11.714690000000019;2078;0.0;6.443131029440341;4.983966395707277;-0.4607216648582835;-9.877102000000036;1000.0;3110;;18.03719370368382;2031-01-02;BRSTNCNTF204;2022-09-13
1051;5;0.1202018157611179;909.901183;10.166829000000007;2582;0.0;7.724558355970638;5.638494451715455;-0.5130472771954828;-10.76510600000006;1000.0;905013;;23.843366951583686;2033-01-03;BRSTNCNTF212;2022-09-13
1052;0;0.1397267717629454;1009.291829;0.22438199999999142;74;0.0;0.29365079365079366;0.25765016848270433;-0.02600442097900668;0.5220560000000205;1000.0;506737;;0.14622334041653542;2023-01-02;BRSTNCNTF147;2022-09-14
1053;1;0.12156363055586245;980.637489;6.811772000000019;576;0.0;2.0892328386441443;1.8346716686515134;-0.179914781828586;0.07746499999996104;1000.0;832111;;2.6182816316741135;2025-01-02;BRSTNCNTF170;2022-09-14
1054;2;0.11883467552132787;962.461866;12.752504999999928;1077;0.0;3.6652775582472357;3.124691057125425;-0.30073959855144494;-1.7186360000000604;1000.0;786675;;6.94605109861218;2027-01-04;BRSTNCNTF1P8;2022-09-14
1055;3;0.12019652222917701;939.101836;14.578870999999936;1576;0.0;5.097314388660533;4.150029272987974;-0.38973001097167526;-3.0662289999999075;1000.0;793521;;12.23231820749756;2029-01-02;BRSTNCNTF1Q6;2022-09-14
1056;4;0.12079055087982762;920.646859;9.760922999999934;2077;0.0;6.439162775472087;4.970213068692094;-0.45758110502521276;-3.7607880000000478;1000.0;64353;;17.959506006546043;2031-01-02;BRSTNCNTF204;2022-09-14
1057;5;0.12121467314124162;905.137784;18.22602699999993;2581;0.0;7.720590102002383;5.618871713582233;-0.5085853091412105;-4.763398999999936;1000.0;1351920;;23.716531448639397;2033-01-03;BRSTNCNTF212;2022-09-14
1058;0;0.13999365451058232;1009.747301;0.4108459999999923;73;0.0;0.2896825396825397;0.25410890633761507;-0.02565857823344686;0.4554719999999861;1000.0;43458;;0.1437375438580935;2023-01-02;BRSTNCNTF147;2022-09-15
1059;1;0.12309953415587951;978.330814;4.419881000000032;575;0.0;2.0852645846758904;1.8282692561411067;-0.17886521495717034;-2.3066749999999274;1000.0;541190;;2.6024664722299837;2025-01-02;BRSTNCNTF170;2022-09-15
1060;2;0.12046284260473178;958.015302;10.782222000000047;1076;0.0;3.6613093042789826;3.1144362202657603;-0.2983677556117641;-4.446563999999967;1000.0;1160194;;6.907248438285155;2027-01-04;BRSTNCNTF1P8;2022-09-15
1061;3;0.12148952481181786;934.50686;17.72406799999999;1575;0.0;5.09334613469228;4.1371356733010165;-0.3866181667450519;-4.594976000000088;1000.0;1440747;;12.17068891389518;2029-01-02;BRSTNCNTF1Q6;2022-09-15
1062;4;0.12190499466999505;915.985862;15.09848999999997;2076;0.0;6.435194521503833;4.9541868651914625;-0.45379651262214793;-4.660996999999952;1000.0;108287;;17.869010599601104;2031-01-02;BRSTNCNTF204;2022-09-15
1063;5;0.12229779088236523;900.066301;22.783031999999935;2580;0.0;7.716621848034129;5.598173371931982;-0.5038727199231516;-5.0714830000000575;1000.0;296308;;23.58297748754002;2033-01-03;BRSTNCNTF212;2022-09-15
1064;0;0.1401263083200462;1010.238851;0.29579999999998563;72;0.0;0.2857142857142857;0.2505988018224903;-0.02531646456151293;0.4915499999999611;1000.0;1632231;;0.14129948363417696;2023-01-02;BRSTNCNTF147;2022-09-16
1065;1;0.12261249799302266;979.652077;5.249298999999951;574;0.0;2.0812963307076364;1.8256418436686765;-0.17884938240081283;1.3212629999999308;1000.0;341199;;2.5968873701146578;2025-01-02;BRSTNCNTF170;2022-09-16
1066;2;0.11992617780681797;960.049847;8.898514999999975;1075;0.0;3.6573410503107286;3.1131020859278355;-0.29887331812903994;2.03454499999998;1000.0;685496;;6.90323312780914;2027-01-04;BRSTNCNTF1P8;2022-09-16
1067;3;0.12071006693551044;937.951384;9.391339000000016;1574;0.0;5.089377880724026;4.1392299085826005;-0.38823964214492435;3.4445240000000013;1000.0;380930;;12.181766908662835;2029-01-02;BRSTNCNTF1Q6;2022-09-16
1068;4;0.12111435867150523;920.001271;7.56287999999995;2075;0.0;6.431226267535579;4.959502998145489;-0.456274906182216;4.015408999999977;1000.0;23011;;17.900447380721015;2031-01-02;BRSTNCNTF204;2022-09-16
1069;5;0.12153231639863828;904.3473;12.15001600000005;2579;0.0;7.712653594065875;5.606758451931628;-0.5070456867756548;4.280999000000065;1000.0;656893;;23.64073305716597;2033-01-03;BRSTNCNTF212;2022-09-16
1070;0;0.13990523626650436;1010.819935;0.20421799999996892;71;0.0;0.28174603174603174;0.24716618876725954;-0.0249840510863919;0.5810840000000326;1000.0;751975;;0.13896080439041902;2023-01-02;BRSTNCNTF147;2022-09-19
1071;1;0.12174294998741522;981.656607;3.6182629999999563;573;0.0;2.0773280767393825;1.8237235601825852;-0.1790270282194797;2.004530000000045;1000.0;95338;;2.593230607808456;2025-01-02;BRSTNCNTF170;2022-09-19
1072;2;0.11877499623163901;963.928436;11.609140000000025;1074;0.0;3.6533727963424747;3.114296557976602;-0.30019590103705696;3.8785890000000336;1000.0;969583;;6.909062090432609;2027-01-04;BRSTNCNTF1P8;2022-09-19
1073;3;0.11965661915539215;942.476603;6.011310999999978;1573;0.0;5.085409626755772;4.1433081763939485;-0.39049710152698935;4.525218999999993;1000.0;514631;;12.202468503580874;2029-01-02;BRSTNCNTF1Q6;2022-09-19
1074;4;0.12013401455171013;924.906498;8.701802000000043;2074;0.0;6.427258013567325;4.966952425697812;-0.4593966573784769;4.905227000000082;1000.0;205705;;17.944086629852464;2031-01-02;BRSTNCNTF204;2022-09-19
1075;5;0.12056110626770392;909.702834;10.160538999999972;2578;0.0;7.708685340097622;5.618620485928502;-0.5111274979219615;5.355534000000034;1000.0;469435;;23.719938364079084;2033-01-03;BRSTNCNTF212;2022-09-19
1076;0;0.1400049673792812;1011.32074;0.2778729999999996;70;0.0;0.2777777777777778;0.24366365653094302;-0.024642210943397913;0.5008050000000139;1000.0;199139;;0.13655554015456428;2023-01-02;BRSTNCNTF147;2022-09-20
1077;1;0.12156412281092305;982.423989;6.9190849999999955;572;0.0;2.0733598227711285;1.8205181763527283;-0.1788520728859453;0.7673819999999978;1000.0;34047;;2.5861046617133776;2025-01-02;BRSTNCNTF170;2022-09-20
1078;2;0.11877953833417684;964.344215;9.745845000000031;1073;0.0;3.6494045423742203;3.1107308985329443;-0.2999815346421997;0.4157789999999295;1000.0;993098;;6.896364121168235;2027-01-04;BRSTNCNTF1P8;2022-09-20
1079;3;0.1196087934405622;943.086107;14.038148999999976;1572;0.0;5.081441372787517;4.140110025193602;-0.3904480246211506;0.6095040000000154;1000.0;702752;;12.187884738459498;2029-01-02;BRSTNCNTF1Q6;2022-09-20
1080;4;0.1199536439998749;926.151915;19.98852999999997;2073;0.0;6.423289759599071;4.965432785559922;-0.45987450831501064;1.245416999999975;1000.0;253643;;17.936473236611295;2031-01-02;BRSTNCNTF204;2022-09-20
1081;5;0.1203656625520153;911.113456;10.634360000000015;2577;0.0;7.704717086129367;5.618181000177728;-0.5118800307505467;1.4106219999999894;1000.0;260804;;23.718740882688376;2033-01-03;BRSTNCNTF212;2022-09-20
1082;0;0.139607558049508;1011.943337;0.2963399999999865;69;0.0;0.27380952380952384;0.2402665048096974;-0.024313608864645175;0.6225970000000416;1000.0;108294;;0.13428032393865516;2023-01-02;BRSTNCNTF147;2022-09-21
1083;1;0.11975585183327561;986.108963;5.190115999999989;571;0.0;2.0693915688028746;1.820339287795517;-0.17950528873961957;3.684974000000011;1000.0;0;;2.587151862592835;2025-01-02;BRSTNCNTF170;2022-09-21
1084;2;0.11682104211100983;970.670427;7.799060000000054;1072;0.0;3.6454362884059663;3.1152513840169895;-0.30238823911361123;6.326212000000055;1000.0;1293754;;6.915142354481113;2027-01-04;BRSTNCNTF1P8;2022-09-21
1085;3;0.11775746376908659;950.774078;10.136528999999996;1571;0.0;5.077473118819263;4.14997223349729;-0.3945686024028987;7.687971000000061;1000.0;175011;;12.23665667712677;2029-01-02;BRSTNCNTF1Q6;2022-09-21
1086;4;0.11806190488444282;935.325422;11.452142999999978;2072;0.0;6.419321505630817;4.983134024901316;-0.46608519347233823;9.173506999999972;1000.0;32374;;18.03879546037077;2031-01-02;BRSTNCNTF204;2022-09-21
1087;5;0.11858857397828;920.68802;14.187604999999962;2576;0.0;7.700748832161113;5.6428880831452535;-0.5195339456352599;9.57456400000001;1000.0;277515;;23.882105827660038;2033-01-03;BRSTNCNTF212;2022-09-21
1088;0;0.13902988868657953;1012.606787;0.41426000000001295;68;0.0;0.2698412698412698;0.23690446889908365;-0.023989107307784252;0.6634500000000116;1000.0;67350;;0.13205583022303513;2023-01-02;BRSTNCNTF147;2022-09-22
1089;1;0.11721969110006024;991.113817;4.307821999999987;570;0.0;2.0654233148346206;1.8215168840284475;-0.1805330551659381;5.004854000000023;1000.0;0;;2.591868119695753;2025-01-02;BRSTNCNTF170;2022-09-22
1090;2;0.11495090273703866;976.77073;11.390271000000098;1071;0.0;3.6414680344377124;3.1194187789842767;-0.30469569579241806;6.10030299999994;1000.0;1566123;;6.932570497904734;2027-01-04;BRSTNCNTF1P8;2022-09-22
1091;3;0.11600348468789001;958.147881;16.49664400000006;1570;0.0;5.073504864851009;4.159150406908492;-0.398508114913966;7.373802999999953;1000.0;576749;;12.282183519099581;2029-01-02;BRSTNCNTF1Q6;2022-09-22
1092;4;0.1165535913205153;942.806373;7.620917999999961;2071;0.0;6.415353251662564;4.99656147069592;-0.47107899976583667;7.480951000000005;1000.0;50680;;18.116806387791282;2031-01-02;BRSTNCNTF204;2022-09-22
1093;5;0.11701521324113404;929.324882;10.238489999999956;2575;0.0;7.69678057819286;5.664422428417787;-0.5264088704887513;8.636861999999951;1000.0;353793;;24.024990440806835;2033-01-03;BRSTNCNTF212;2022-09-22
1094;0;0.1391128049546222;1013.110402;0.38443900000004305;67;0.0;0.26587301587301587;0.23340358891243668;-0.023646360379132148;0.503614999999968;1000.0;3581827;;0.12968836212580956;2023-01-02;BRSTNCNTF147;2022-09-23
1095;1;0.11864017170304889;988.994456;6.957568999999921;569;0.0;2.0614550608663667;1.8153224545115223;-0.17953438433642077;-2.1193610000000263;1000.0;30371;;2.576688204279172;2025-01-02;BRSTNCNTF170;2022-09-23
1096;2;0.11711327503097899;970.640093;13.387812000000054;1070;0.0;3.6374997804694593;3.106941573910282;-0.3015722058245842;-6.130636999999979;1000.0;1375570;;6.885169424499229;2027-01-04;BRSTNCNTF1P8;2022-09-23
1097;3;0.1181254767227454;950.165195;23.87419299999999;1569;0.0;5.069536610882756;4.140206399482875;-0.3933880020904894;-7.982685999999944;1000.0;134970;;12.191117769188246;2029-01-02;BRSTNCNTF1Q6;2022-09-23
1098;4;0.11865169330381602;933.412615;10.315394999999967;2070;0.0;6.41138499769431;4.9694094822482295;-0.4638509499831116;-9.393758000000048;1000.0;413911;;17.96239055244771;2031-01-02;BRSTNCNTF204;2022-09-23
1099;5;0.11912498892392465;918.727748;37.953415000000064;2574;0.0;7.692812324224605;5.627259727146424;-0.5169919656532329;-10.597133999999983;1000.0;1027563;;23.783091272585885;2033-01-03;BRSTNCNTF212;2022-09-23
1100;0;0.13940014631192438;1013.567222;0.20615799999995943;66;0.0;0.2619047619047619;0.22986197054015192;-0.023298055892382763;0.45681999999999334;1000.0;758951;;0.12728798277689324;2023-01-02;BRSTNCNTF147;2022-09-26
1101;1;0.12073336060070428;985.693341;5.479518999999982;568;0.0;2.0574868068981127;1.8078997323461177;-0.17820347273692505;-3.3011149999999816;1000.0;157907;;2.558249506578493;2025-01-02;BRSTNCNTF170;2022-09-26
1102;2;0.1199002571030685;962.719492;15.86715300000003;1069;0.0;3.6335315265012045;3.0919483548146838;-0.2976678949437428;-7.920601000000033;1000.0;352469;;6.828194142761097;2027-01-04;BRSTNCNTF1P8;2022-09-26
1103;3;0.12103033607917327;939.260644;23.05797400000006;1568;0.0;5.065568356914501;4.115675820023775;-0.38656923212107586;-10.904551000000083;1000.0;507635;;12.073436209675318;2029-01-02;BRSTNCNTF1Q6;2022-09-26
1104;4;0.12146650199088128;920.906718;17.182192999999984;2069;0.0;6.407416743726055;4.934327839153922;-0.45440556558912704;-12.505897000000004;1000.0;333178;;17.763476375184307;2031-01-02;BRSTNCNTF204;2022-09-26
1105;5;0.12191723961187358;904.873808;17.77720199999999;2573;0.0;7.6888440702563505;5.579439052743709;-0.5048688262160113;-13.853939999999966;1000.0;685391;;23.47283021646254;2033-01-03;BRSTNCNTF212;2022-09-26
1106;0;0.139167735530327;1014.14561;4.902368000000024;65;0.0;0.25793650793650796;0.22642539885217605;-0.022962832423843338;0.5783880000000181;1000.0;139633;;0.12501617725885839;2023-01-02;BRSTNCNTF147;2022-09-27
1107;1;0.11830959657187211;990.466827;6.113935999999967;567;0.0;2.0535185529298583;1.8088399561832726;-0.1791595971951665;4.773485999999934;1000.0;1536544;;2.562308951408537;2025-01-02;BRSTNCNTF170;2022-09-27
1108;2;0.11845282918947868;967.471514;14.613075999999978;1068;0.0;3.6295632725329505;3.094336075784287;-0.29936820080638427;4.752022000000011;1000.0;129485;;6.838616572586064;2027-01-04;BRSTNCNTF1P8;2022-09-27
1109;3;0.11997285552296555;943.785501;17.40519000000006;1567;0.0;5.061600102946248;4.119760767951903;-0.3888170480381632;4.524856999999997;1000.0;740299;;12.094071651837739;2029-01-02;BRSTNCNTF1Q6;2022-09-27
1110;4;0.12047911619718066;925.827284;18.094058000000018;2068;0.0;6.4034484897578015;4.941832809999391;-0.4575283648463824;4.920566000000008;1000.0;93404;;17.807251252541555;2031-01-02;BRSTNCNTF204;2022-09-27
1111;5;0.12103332798361939;909.765418;29.307530999999926;2572;0.0;7.684875816288097;5.589890203951647;-0.5085488797972175;4.8916099999999005;1000.0;2065799;;23.54255330124158;2033-01-03;BRSTNCNTF212;2022-09-27
1112;0;0.13928327125355355;1014.643981;4.832739999999944;64;0.0;0.25396825396825395;0.2229193224349239;-0.022618374875719383;0.4983710000000201;1000.0;1617877;;0.12267964362966477;2023-01-02;BRSTNCNTF147;2022-09-28
1113;1;0.1197662790073315;988.305956;5.546660999999972;566;0.0;2.049550298961605;1.8026007686944416;-0.1781521075990895;-2.160870999999929;1000.0;584564;;2.547090038875602;2025-01-02;BRSTNCNTF170;2022-09-28
1114;2;0.12010617855050426;962.973274;11.087239000000068;1067;0.0;3.625595018564697;3.084019488750759;-0.2969828344162124;-4.49824000000001;1000.0;254348;;6.799890586919688;2027-01-04;BRSTNCNTF1P8;2022-09-28
1115;3;0.12202566224781661;936.279386;15.407157999999981;1566;0.0;5.0576318489779934;4.101433099116885;-0.3840087263761234;-7.506114999999909;1000.0;1763490;;12.006691353122696;2029-01-02;BRSTNCNTF1Q6;2022-09-28
1116;4;0.12250099265816121;917.064078;19.595390000000066;2067;0.0;6.399480235789547;4.915701511971054;-0.4508013274798941;-8.763205999999968;1000.0;116715;;17.659885706877688;2031-01-02;BRSTNCNTF204;2022-09-28
1117;5;0.123064883306522;899.936152;17.52385800000002;2571;0.0;7.680907562319843;5.554240962193602;-0.49984622387972877;-9.829265999999961;1000.0;967208;;23.312553055048312;2033-01-03;BRSTNCNTF212;2022-09-28
1118;0;0.13942134327336386;1015.138397;0.27207400000008874;63;0.0;0.24999999999999997;0.21940961732802466;-0.02227311272207544;0.4944160000000011;1000.0;804104;;0.1203514614247006;2023-01-02;BRSTNCNTF147;2022-09-29
1119;1;0.11957741115750027;989.085746;5.735683999999992;565;0.0;2.0455820449933504;1.7994048305822536;-0.1779765669212452;0.7797899999999345;1000.0;333201;;2.540057507329995;2025-01-02;BRSTNCNTF170;2022-09-29
1120;2;0.11972514245085289;964.53857;10.570847000000072;1066;0.0;3.621626764596443;3.0820339032799313;-0.29727405737611434;1.565296000000103;1000.0;436156;;6.793399296213568;2027-01-04;BRSTNCNTF1P8;2022-09-29
1121;3;0.12136562057390761;939.245748;21.64749299999994;1565;0.0;5.05366359500974;4.102643324869553;-0.385339029844431;2.9663620000000037;1000.0;3742989;;12.013439734319016;2029-01-02;BRSTNCNTF1Q6;2022-09-29
1122;4;0.12202250932465615;919.644868;18.31466599999999;2066;0.0;6.395511981821293;4.917504535683345;-0.4522357809607911;2.580789999999979;1000.0;278051;;17.671200685361576;2031-01-02;BRSTNCNTF204;2022-09-29
1123;5;0.12259545746927439;902.701346;15.86409900000001;2570;0.0;7.676939308351589;5.558114747073651;-0.5017317663405834;2.7651939999999513;1000.0;374603;;23.33940302226668;2033-01-03;BRSTNCNTF212;2022-09-29
1124;0;0.13950871537075568;1015.645152;0.26793099999997594;62;0.0;0.24603174603174602;0.21591036873810873;-0.02192883192753925;0.5067549999999983;1000.0;6331232;;0.11804699171558868;2023-01-02;BRSTNCNTF147;2022-09-30
1125;1;0.11820882077478717;991.965936;5.352998999999954;564;0.0;2.041613791025097;1.79838040334689;-0.17839321000900554;2.880190000000084;1000.0;141434;;2.5388478949602553;2025-01-02;BRSTNCNTF170;2022-09-30
1126;2;0.11831485024663901;969.174036;10.08466199999998;1065;0.0;3.617658510628188;3.084256900715652;-0.29891817085274397;4.635465999999951;1000.0;81703;;6.803160614830645;2027-01-04;BRSTNCNTF1P8;2022-09-30
1127;3;0.11984745651067137;945.546547;13.109053000000017;1564;0.0;5.0496953410414855;4.110034990842008;-0.38862293936398373;6.300798999999984;1000.0;1338984;;12.049944442265659;2029-01-02;BRSTNCNTF1Q6;2022-09-30
1128;4;0.12051315854728593;926.926318;18.230910999999992;2065;0.0;6.3915437278530405;4.9308274046492615;-0.45705136908850363;7.2814500000000635;1000.0;280197;;17.74789834438423;2031-01-02;BRSTNCNTF204;2022-09-30
1129;5;0.12085746864234924;911.898167;19.997934999999984;2569;0.0;7.672971054383335;5.582054835593034;-0.5090265572670774;9.196821;1000.0;259107;;23.49661536470863;2033-01-03;BRSTNCNTF212;2022-09-30
1130;0;0.1393355865843379;1016.209015;1.1397360000000845;61;0.0;0.24206349206349206;0.21246022311458557;-0.021590399405795324;0.5638629999999694;1000.0;802706;;0.11580831519717241;2023-01-02;BRSTNCNTF147;2022-10-03
1131;1;0.11704403484485214;994.483968;4.632730000000038;563;0.0;2.037645537056843;1.7969774572821977;-0.17870652721245506;2.5180319999999483;1000.0;60789;;2.53662819995174;2025-01-02;BRSTNCNTF170;2022-10-03
1132;2;0.11580400704604214;977.145951;9.25203799999997;1064;0.0;3.613690256659935;3.0909992247151177;-0.3020357376974516;7.971914999999967;1000.0;122760;;6.830413477528253;2027-01-04;BRSTNCNTF1P8;2022-10-03
1133;3;0.11730155915836182;955.935435;13.337988999999993;1563;0.0;5.045727087073231;4.124865951837313;-0.39431055279862903;10.388887999999952;1000.0;1170460;;12.122401659300152;2029-01-02;BRSTNCNTF1Q6;2022-10-03
1134;4;0.11787357513266045;939.521395;16.706072000000063;2064;0.0;6.387575473884786;4.956853678181715;-0.46570700825361655;12.595076999999947;1000.0;226460;;17.897055583610577;2031-01-02;BRSTNCNTF204;2022-10-03
1135;5;0.11812591724150655;926.374179;21.873205999999982;2568;0.0;7.669002800415082;5.621865432051971;-0.5207950974065625;14.476012000000082;1000.0;407250;;23.757699125339148;2033-01-03;BRSTNCNTF212;2022-10-03
1136;0;0.13940814204225416;1016.719766;0.368033999999966;60;0.0;0.23809523809523808;0.20896396133861905;-0.021245778987463382;0.5107510000000275;1000.0;1030268;;0.1135314266873459;2023-01-02;BRSTNCNTF147;2022-10-04
1137;1;0.11699471352589398;995.008882;7.503067999999985;562;0.0;2.033677283088589;1.793515799353514;-0.17845641503640763;0.524913999999967;1000.0;280091;;2.5289035281731955;2025-01-02;BRSTNCNTF170;2022-10-04
1138;2;0.11516689554375559;979.496563;18.6221690000001;1063;0.0;3.609722002691681;3.090058417137266;-0.30267015990551727;2.350612000000069;1000.0;318263;;6.827952957547274;2027-01-04;BRSTNCNTF1P8;2022-10-04
1139;3;0.11665355094083517;958.915235;25.028636000000006;1562;0.0;5.041758833104977;4.125999676539907;-0.3956483949439189;2.9798000000000684;1000.0;682888;;12.128793463968815;2029-01-02;BRSTNCNTF1Q6;2022-10-04
1140;4;0.11718429270084259;943.154076;26.417982000000052;2063;0.0;6.383607219916532;4.9610419361835785;-0.46790269233184745;3.632681000000048;1000.0;0;;17.921980590221043;2031-01-02;BRSTNCNTF204;2022-10-04
1141;5;0.1174928970644486;930.08967;25.173666000000026;2567;0.0;7.665034546446827;5.628391553857038;-0.523490884295768;3.715490999999929;1000.0;387294;;23.801950360212906;2033-01-03;BRSTNCNTF212;2022-10-04
1142;0;0.1393954455216015;1017.249108;0.26623300000005656;59;0.0;0.23412698412698413;0.20548351836583734;-0.020902792576634965;0.5293419999999287;1000.0;2403750;;0.11128391574366572;2023-01-02;BRSTNCNTF147;2022-10-05
1143;1;0.11755986605705344;994.439647;7.035258999999996;561;0.0;2.029709029120335;1.7889249899118596;-0.17789779354774282;-0.5692349999999351;1000.0;53892;;2.5181758731249264;2025-01-02;BRSTNCNTF170;2022-10-05
1144;2;0.11582614165895869;977.929335;23.248868000000016;1062;0.0;3.6057537487234272;3.0837956544406073;-0.3015734233622993;-1.567228;1000.0;1461488;;6.804915100058512;2027-01-04;BRSTNCNTF1P8;2022-10-05
1145;3;0.11743373000441348;956.256783;23.640731000000073;1561;0.0;5.037790579136724;4.1168079651096265;-0.3936725540944508;-2.658452000000011;1000.0;2137613;;12.085343940634624;2029-01-02;BRSTNCNTF1Q6;2022-10-05
1146;4;0.11787919294142997;940.326482;21.079735000000028;2062;0.0;6.379638965948278;4.949691012832822;-0.4654325537084105;-2.8275939999999764;1000.0;258677;;17.85835461156132;2031-01-02;BRSTNCNTF204;2022-10-05
1147;5;0.11830907655989623;926.242655;22.208364999999958;2566;0.0;7.661066292478574;5.611854960983656;-0.5197939438536423;-3.847014999999942;1000.0;3012024;;23.69565291936115;2033-01-03;BRSTNCNTF212;2022-10-05
1148;0;0.13948710899162484;1017.757181;0.5407790000000432;58;0.0;0.23015873015873015;0.20198449736889143;-0.020557117264786484;0.5080729999999676;1000.0;269780;;0.10902843236059319;2023-01-02;BRSTNCNTF147;2022-10-06
1149;1;0.1179402872157866;994.202999;2.8901309999999967;560;0.0;2.0257407751520806;1.7846771208981442;-0.17743313458436205;-0.23664800000005926;1000.0;271678;;2.508383577924356;2025-01-02;BRSTNCNTF170;2022-10-06
1150;2;0.11610682809953371;977.509386;9.50686200000007;1061;0.0;3.6017854947551733;3.079089638924304;-0.3009839022383858;-0.41994900000008784;1000.0;800003;;6.7879236862625465;2027-01-04;BRSTNCNTF1P8;2022-10-06
1151;3;0.11766391424960639;955.773038;14.198591999999962;1560;0.0;5.03382232516847;4.111595220362364;-0.3929751854792016;-0.483744999999999;1000.0;3661110;;12.061136767533705;2029-01-02;BRSTNCNTF1Q6;2022-10-06
1152;4;0.11822679613230637;939.126995;7.437311999999906;2061;0.0;6.375670711980023;4.942244157229911;-0.4641394903935634;-1.1994870000000901;1000.0;213939;;17.81703782030543;2031-01-02;BRSTNCNTF204;2022-10-06
1153;5;0.11866360283168668;924.814036;6.7953939999999875;2565;0.0;7.65709803851032;5.602673059745523;-0.5181430684771726;-1.428619000000026;1000.0;464039;;23.6374578162999;2033-01-03;BRSTNCNTF212;2022-10-06
1154;0;0.1395803031696275;1018.26585;0.24320299999999406;57;0.0;0.2261904761904762;0.1984857726600419;-0.02021112840105843;0.5086690000000544;1000.0;1018590;;0.10678554281734731;2023-01-02;BRSTNCNTF147;2022-10-07
1155;1;0.11792913591110928;994.6627;2.7956210000000965;559;0.0;2.0217725211838267;1.7811478996127692;-0.1771641378928166;0.4597009999999955;1000.0;215829;;2.5005216409566167;2025-01-02;BRSTNCNTF170;2022-10-07
1156;2;0.1161445103028831;977.822248;8.43608800000004;1060;0.0;3.597817240786919;3.0753800097094297;-0.3007174994548336;0.31286199999999553;1000.0;1228280;;6.774795304249341;2027-01-04;BRSTNCNTF1P8;2022-10-07
1157;3;0.11768333302256478;956.118765;5.960656999999969;1559;0.0;5.029854071200215;4.107904647525711;-0.39276447183300434;0.3457270000000108;1000.0;1339765;;12.04428231630886;2029-01-02;BRSTNCNTF1Q6;2022-10-07
1158;4;0.11819598113696411;939.686525;11.04670699999997;2060;0.0;6.371702458011769;4.939040748177335;-0.464115003748816;0.5595299999999952;1000.0;481732;;17.799880997445495;2031-01-02;BRSTNCNTF204;2022-10-07
1159;5;0.11877425394777348;924.652695;11.006786999999917;2564;0.0;7.653129784542065;5.5973685794746215;-0.517562194191953;-0.16134099999999307;1000.0;1079886;;23.60456699769277;2033-01-03;BRSTNCNTF212;2022-10-07
1160;0;0.13960166471915506;1018.789706;0.14190999999993892;56;0.0;0.2222222222222222;0.1949999108240531;-0.019866390181846327;0.5238560000000234;1000.0;4346892;;0.1045686431934402;2023-01-02;BRSTNCNTF147;2022-10-10
1161;1;0.11728542757246907;996.242489;0.6215449999999691;558;0.0;2.017804267215573;1.7787739309282298;-0.17720901683162538;1.5797890000000052;1000.0;191278;;2.495743416900489;2025-01-02;BRSTNCNTF170;2022-10-10
1162;2;0.11579257608188039;979.307089;3.4665249999999332;1059;0.0;3.593848986818665;3.073263944776687;-0.3009669167487914;1.484841000000074;1000.0;232871;;6.767819194244702;2027-01-04;BRSTNCNTF1P8;2022-10-10
1163;3;0.11745384455449061;957.442559;2.104396000000065;1558;0.0;5.025885817231961;4.106009215865181;-0.3931267970915542;1.323793999999907;1000.0;810543;;12.036076541555342;2029-01-02;BRSTNCNTF1Q6;2022-10-10
1164;4;0.11789615518980902;941.495857;2.334180999999944;2059;0.0;6.367734204043515;4.938851487283771;-0.46499082136159586;1.8093320000000404;1000.0;1987408;;17.79985660061452;2031-01-02;BRSTNCNTF204;2022-10-10
1165;5;0.11836202305792926;927.201462;4.167815000000019;2563;0.0;7.649161530573811;5.600368414604044;-0.5192669781759491;2.548766999999998;1000.0;51724;;23.625734147582747;2033-01-03;BRSTNCNTF212;2022-10-10
1166;0;0.13972162743545716;1019.294736;0.20317999999997483;55;0.0;0.21825396825396826;0.19149761113265026;-0.01951925069840854;0.5050299999999197;1000.0;2227248;;0.10234635414139667;2023-01-02;BRSTNCNTF147;2022-10-11
1167;1;0.11879745874339397;994.011395;2.1462280000000646;557;0.0;2.013836013247319;1.772467550813297;-0.17618529427761587;-2.2310939999999846;1000.0;65195;;2.480532342811318;2025-01-02;BRSTNCNTF170;2022-10-11
1168;2;0.11756447568598691;974.424703;10.928583000000003;1058;0.0;3.589880732850411;3.062474851604954;-0.29841511477201266;-4.882385999999997;1000.0;932887;;6.727490643012986;2027-01-04;BRSTNCNTF1P8;2022-10-11
1169;3;0.1192959226052275;950.664856;4.134505999999988;1557;0.0;5.021917563263708;4.089194531321798;-0.38874535302750246;-6.777702999999974;1000.0;391437;;11.95623069827152;2029-01-02;BRSTNCNTF1Q6;2022-10-11
1170;4;0.11971630629217479;933.506338;21.33459700000003;2058;0.0;6.363765950075262;4.914935842784365;-0.4588123760102576;-7.989518999999973;1000.0;601715;;17.66526358246842;2031-01-02;BRSTNCNTF204;2022-10-11
1171;5;0.12025711112844295;917.852592;13.03143799999998;2562;0.0;7.645193276605557;5.566770191776852;-0.5109474449590721;-9.348870000000034;1000.0;182582;;23.409095261975967;2033-01-03;BRSTNCNTF212;2022-10-11
1172;0;0.13977500387610298;1019.813637;0.18789699999990717;54;0.0;0.21428571428571427;0.1880070314717537;-0.019173213454678262;0.518901000000028;1000.0;758187;;0.10014882747615785;2023-01-02;BRSTNCNTF147;2022-10-13
1173;1;0.11938576477736168;993.420235;2.5662750000000187;556;0.0;2.009867759279065;1.7678526981624432;-0.17562206428539184;-0.5911599999999453;1000.0;173311;;2.4698393620659913;2025-01-02;BRSTNCNTF170;2022-10-13
1174;2;0.11796668972139111;973.656249;4.51257099999998;1057;0.0;3.585912478882158;3.057286319893841;-0.29767459303468513;-0.7684540000000197;1000.0;1794795;;6.708750755530601;2027-01-04;BRSTNCNTF1P8;2022-10-13
1175;3;0.11962548453046137;949.810723;9.247854999999959;1556;0.0;5.017949309295454;4.083280949174329;-0.3878344030547396;-0.8541329999999334;1000.0;926154;;11.928810822186543;2029-01-02;BRSTNCNTF1Q6;2022-10-13
1176;4;0.11992239000442384;932.980727;17.079887999999983;2057;0.0;6.359797696107008;4.909090100807882;-0.4580086451160241;-0.5256110000000263;1000.0;84275;;17.633245846983765;2031-01-02;BRSTNCNTF204;2022-10-13
1177;5;0.1203577330562763;917.752483;6.565732000000025;2561;0.0;7.641225022637304;5.561635613950226;-0.5104204894244049;-0.10010899999997491;1000.0;47330;;23.377481549761146;2033-01-03;BRSTNCNTF212;2022-10-13
1178;0;0.13994974066700838;1020.310335;0.5635550000000649;53;0.0;0.21031746031746032;0.1844971348611752;-0.018824433347674585;0.4966980000000376;1000.0;1661307;;0.09794295407797729;2023-01-02;BRSTNCNTF147;2022-10-14
1179;1;0.12015381876338192;992.519602;4.003550999999902;555;0.0;2.0058995053108113;1.7629175021929113;-0.17497301776353424;-0.9006330000000844;1000.0;118657;;2.4583220871119686;2025-01-02;BRSTNCNTF170;2022-10-14
1180;2;0.11861995872202195;972.146756;9.31670500000007;1056;0.0;3.581944224913903;3.0510810829308004;-0.29660985770641446;-1.5094930000000204;1000.0;171763;;6.686144825477053;2027-01-04;BRSTNCNTF1P8;2022-10-14
1181;3;0.12010660507406848;948.374154;9.7425199999999;1555;0.0;5.013981055327199;4.076282794064222;-0.3865841246285413;-1.4365690000000768;1000.0;2127272;;11.896238388718366;2029-01-02;BRSTNCNTF1Q6;2022-10-14
1182;4;0.12032923326635431;931.539991;19.885248000000047;2056;0.0;6.355829442138754;4.901006086701687;-0.4565483165897035;-1.4407360000000153;1000.0;81386;;17.588613668934705;2031-01-02;BRSTNCNTF204;2022-10-14
1183;5;0.12075944500144443;916.119886;19.366232999999966;2560;0.0;7.637256768669049;5.551740916848409;-0.50860602558447;-1.6325970000000325;1000.0;1257655;;23.315074531782948;2033-01-03;BRSTNCNTF212;2022-10-14
1184;0;0.13991300316124117;1020.847597;0.17934200000001965;52;0.0;0.20634920634920634;0.18102189068990515;-0.018479576211518633;0.5372619999999415;1000.0;3961123;;0.09578610534015132;2023-01-02;BRSTNCNTF147;2022-10-17
1185;1;0.1186967936277079;995.517195;2.619163999999955;554;0.0;2.001931251342557;1.7620090850753338;-0.17541103419387127;2.9975930000000517;1000.0;207399;;2.4574545600426867;2025-01-02;BRSTNCNTF170;2022-10-17
1186;2;0.11724676281987845;976.661665;5.706627000000026;1055;0.0;3.577975970945649;3.0531147964370406;-0.2981860180524336;4.514908999999989;1000.0;245422;;6.695109767954986;2027-01-04;BRSTNCNTF1P8;2022-10-17
1187;3;0.11895273217765867;953.274975;8.098075999999992;1554;0.0;5.010012801358945;4.08102379357434;-0.3890337854793984;4.9008210000000645;1000.0;1638456;;11.919840628926432;2029-01-02;BRSTNCNTF1Q6;2022-10-17
1188;4;0.11932474876318722;936.561379;10.343924000000015;2055;0.0;6.3518611881705;4.908676696188635;-0.4597277015647592;5.021388000000002;1000.0;273846;;17.63303779259724;2031-01-02;BRSTNCNTF204;2022-10-17
1189;5;0.11969886737802915;921.951698;10.148758999999927;2559;0.0;7.633288514700796;5.564979196602717;-0.5130642019642551;5.8318120000000135;1000.0;138996;;23.402486567003226;2033-01-03;BRSTNCNTF212;2022-10-17
1190;0;0.13990996408302883;1021.37877;0.1575080000000071;51;0.0;0.20238095238095238;0.1775411738163532;-0.018133678573690304;0.5311730000000807;1000.0;3540452;;0.093635523246738;2023-01-02;BRSTNCNTF147;2022-10-18
1191;1;0.11832318647409013;996.615056;3.0523560000000316;553;0.0;1.997962997374303;1.759137226888013;-0.17531826458866817;1.0978609999999662;1000.0;0;;2.451406940311982;2025-01-02;BRSTNCNTF170;2022-10-18
1192;2;0.11684662850205191;978.284769;7.46191900000008;1054;0.0;3.5740077169773956;3.05119024642008;-0.2984932945394121;1.623104000000012;1000.0;570082;;6.688913151212238;2027-01-04;BRSTNCNTF1P8;2022-10-18
1193;3;0.11856366089087371;955.214933;8.744231000000013;1553;0.0;5.006044547390692;4.080272376238517;-0.3897537104490425;1.9399579999999332;1000.0;944050;;11.917161071489172;2029-01-02;BRSTNCNTF1Q6;2022-10-18
1194;4;0.11892153226578016;938.836293;12.601859999999988;2054;0.0;6.347892934202246;4.909635872489823;-0.4609344342508166;2.274913999999967;1000.0;71368;;17.639522069510775;2031-01-02;BRSTNCNTF204;2022-10-18
1195;5;0.11925552085688931;924.643893;8.36904800000002;2558;0.0;7.629320260732542;5.56845743392347;-0.5148840159707788;2.6921950000000834;1000.0;798438;;23.42668830205096;2033-01-03;BRSTNCNTF212;2022-10-18
1196;0;0.13998783262721615;1021.895807;0.17273199999999633;50;0.0;0.1984126984126984;0.17404808490378001;-0.01778590081795528;0.5170369999999593;1000.0;245849;;0.09148404797353957;2023-01-02;BRSTNCNTF147;2022-10-19
1197;1;0.11896474030013311;995.935435;4.382135000000062;552;0.0;1.9939947434060488;1.7544314292362309;-0.17473004286540572;-0.6796209999999974;1000.0;222612;;2.4405356889684833;2025-01-02;BRSTNCNTF170;2022-10-19
1198;2;0.11763948749229167;976.353059;8.229502000000025;1053;0.0;3.5700394630091417;3.044416267237433;-0.29724251353866293;-1.9317099999999527;1000.0;223151;;6.664169562259055;2027-01-04;BRSTNCNTF1P8;2022-10-19
1199;3;0.11931076004460105;952.735468;9.332529999999906;1552;0.0;5.002076293422438;4.071361506490663;-0.3878930510283567;-2.4794650000000047;1000.0;0;;11.875473273829325;2029-01-02;BRSTNCNTF1Q6;2022-10-19
1200;4;0.11992864676657183;934.630894;10.604805000000056;2053;0.0;6.343924680233992;4.894846988399618;-0.4574875216761143;-4.205398999999943;1000.0;37815;;17.55704664768739;2031-01-02;BRSTNCNTF204;2022-10-19
1201;5;0.12017410518649904;920.346842;7.467964000000052;2557;0.0;7.625352006764287;5.550371544625961;-0.5108266923023166;-4.29705100000001;1000.0;2630091;;23.311242610830174;2033-01-03;BRSTNCNTF212;2022-10-19
1202;0;0.14004555519962913;1022.417174;0.5942310000000361;49;0.0;0.19444444444444445;0.17055848708139998;-0.01743819263634805;0.5213670000000548;1000.0;202416;;0.08934844755912696;2023-01-02;BRSTNCNTF147;2022-10-20
1203;1;0.1193643147685456;995.683079;1.3312250000000176;551;0.0;1.9900264894377953;1.7501661365906458;-0.17426108076421087;-0.2523559999999634;1000.0;86399;;2.4308450910936616;2025-01-02;BRSTNCNTF170;2022-10-20
1204;2;0.11792020889858959;975.950756;7.216266000000019;1052;0.0;3.566071209040887;3.0397271481127497;-0.2966624008234362;-0.40230300000007446;1000.0;666152;;6.647430655940289;2027-01-04;BRSTNCNTF1P8;2022-10-20
1205;3;0.11962427172939848;951.947233;6.009854999999902;1551;0.0;4.998108039454183;4.065568295485766;-0.3870206489460202;-0.788234999999986;1000.0;0;;11.848734124538966;2029-01-02;BRSTNCNTF1Q6;2022-10-20
1206;4;0.12016284304772763;933.980846;3.7863629999999375;2052;0.0;6.339956426265738;4.888692517326023;-0.45659451731660283;-0.6500479999999698;1000.0;747187;;17.523405515287312;2031-01-02;BRSTNCNTF204;2022-10-20
1207;5;0.12045137071554518;919.346966;11.841137000000003;2556;0.0;7.621383752796034;5.542445808316714;-0.5095430738095388;-0.9998760000000857;1000.0;1588019;;23.26167484163318;2033-01-03;BRSTNCNTF212;2022-10-20
1208;0;0.14011293581109208;1022.937568;0.2098839999999882;48;0.0;0.19047619047619047;0.16706782734418407;-0.017089995699450355;0.5203940000000102;1000.0;1122157;;0.08722390912851896;2023-01-02;BRSTNCNTF147;2022-10-21
1209;1;0.11905196634575828;996.672389;1.4850999999999885;550;0.0;1.9860582354695415;1.7471819978083871;-0.1741368055773478;0.9893099999999322;1000.0;46512;;2.4245362530667096;2025-01-02;BRSTNCNTF170;2022-10-21
1210;2;0.11748894391587697;977.662233;4.557091999999898;1051;0.0;3.562102955072633;3.0379254347365614;-0.29700649642120425;1.711477000000059;1000.0;129664;;6.641727815988454;2027-01-04;BRSTNCNTF1P8;2022-10-21
1211;3;0.1191077303889464;954.375453;6.7712269999999535;1550;0.0;4.994139785485929;4.065726627073272;-0.3880229691487216;2.4282200000000103;1000.0;1714576;;11.850406816966405;2029-01-02;BRSTNCNTF1Q6;2022-10-21
1212;4;0.11977066732769782;936.194186;8.267532999999958;2051;0.0;6.335988172297484;4.889521768924351;-0.45775418523874123;2.213339999999903;1000.0;40975;;17.529147391356197;2031-01-02;BRSTNCNTF204;2022-10-21
1213;5;0.12004917148701341;921.814431;14.953090999999972;2555;0.0;7.6174154988277785;5.54526184775557;-0.511170239493481;2.467465000000061;1000.0;182016;;23.281545370118927;2033-01-03;BRSTNCNTF212;2022-10-21
1214;0;0.1402218883140171;1023.451748;0.17142100000000937;47;0.0;0.1865079365079365;0.16357161622534724;-0.01674076565490168;0.5141799999998966;1000.0;196973;;0.0851058246944859;2023-01-02;BRSTNCNTF147;2022-10-24
1215;1;0.12045369640632621;994.685025;2.7543869999999515;549;0.0;1.9820899815012873;1.741125340366516;-0.17318713027106014;-1.9873639999999568;1000.0;224406;;2.4101828779179195;2025-01-02;BRSTNCNTF170;2022-10-24
1216;2;0.11939651617613105;972.45532;8.507324999999923;1050;0.0;3.55813470110438;3.0266577180367324;-0.29432893997238807;-5.206912999999986;1000.0;378203;;6.5999721877346165;2027-01-04;BRSTNCNTF1P8;2022-10-24
1217;3;0.12112653375529281;947.017482;10.050696000000016;1549;0.0;4.990171531517676;4.047731505744294;-0.383327249838203;-7.3579710000000205;1000.0;392658;;11.76562432662332;2029-01-02;BRSTNCNTF1Q6;2022-10-24
1218;4;0.12168122928641331;927.930824;8.247451999999953;2050;0.0;6.33201991832923;4.864710004534373;-0.4514114363028625;-8.263361999999915;1000.0;39242;;17.39061377541145;2031-01-02;BRSTNCNTF204;2022-10-24
1219;5;0.1219784464940442;912.448565;6.908134000000018;2554;0.0;7.613447244859526;5.511271183456725;-0.5028751482670941;-9.365865999999983;1000.0;109737;;23.063970899670633;2033-01-03;BRSTNCNTF212;2022-10-24
1220;0;0.14024968961643772;1023.980267;0.1712920000001077;46;0.0;0.18253968253968253;0.16008746575816277;-0.016392640593039687;0.5285190000000739;1000.0;148599;;0.08301243123364524;2023-01-02;BRSTNCNTF147;2022-10-25
1221;1;0.12064042574299319;994.811256;2.5382800000001;548;0.0;1.9781217275330334;1.737250305419184;-0.1728236158320442;0.12623099999996157;1000.0;50316;;2.401570383552438;2025-01-02;BRSTNCNTF170;2022-10-25
1222;2;0.11902550858042996;973.982742;6.974038000000064;1049;0.0;3.5541664471361254;3.024610587109447;-0.2945918513115089;1.5274220000000014;1000.0;108201;;6.593358740301688;2027-01-04;BRSTNCNTF1P8;2022-10-25
1223;3;0.12089203421148904;948.346382;10.597938999999997;1548;0.0;4.986203277549422;4.045867515127183;-0.38368838200221944;1.328899999999976;1000.0;122719;;11.757685699287393;2029-01-02;BRSTNCNTF1Q6;2022-10-25
1224;4;0.12148580254119243;929.236305;10.01691900000003;2049;0.0;6.328051664360976;4.863344263415034;-0.45191960532787334;1.3054809999999861;1000.0;44938;;17.38402632356961;2031-01-02;BRSTNCNTF204;2022-10-25
1225;5;0.12180407730076714;913.742731;12.532618999999954;2553;0.0;7.609478990891271;5.510481225073673;-0.5035162163723044;1.2941660000000184;1000.0;615095;;23.060587300711852;2033-01-03;BRSTNCNTF212;2022-10-25
1226;0;0.14033685567606236;1024.499733;0.20064299999989998;45;0.0;0.17857142857142858;0.15659533257183678;-0.0160431876408893;0.5194660000000795;1000.0;114369;;0.08092294469825112;2023-01-02;BRSTNCNTF147;2022-10-26
1227;1;0.12142163048106101;993.914487;4.0759599999998954;547;0.0;1.9741534735647792;1.732318138128742;-0.17217760935790238;-0.8967689999999493;1000.0;564939;;2.3902137315464795;2025-01-02;BRSTNCNTF170;2022-10-26
1228;2;0.12031952893519392;970.618896;12.696755000000053;1048;0.0;3.5501981931678714;3.015847928354229;-0.29272389867230686;-3.3638460000000805;1000.0;346276;;6.561257384621019;2027-01-04;BRSTNCNTF1P8;2022-10-26
1229;3;0.12178671026950011;945.353544;12.154101000000082;1547;0.0;4.982235023581168;4.035940461753998;-0.3815390618892138;-2.9928379999998924;1000.0;1402078;;11.71148201739241;2029-01-02;BRSTNCNTF1Q6;2022-10-26
1230;4;0.12217674854551183;926.545207;14.811366000000021;2048;0.0;6.324083410392722;4.852131526377784;-0.44957192094989296;-2.691098000000011;1000.0;42548;;17.32220754999054;2031-01-02;BRSTNCNTF204;2022-10-26
1231;5;0.12241757989205289;911.078989;16.319820999999934;2552;0.0;7.605510736923017;5.497285057870753;-0.5008460912769692;-2.66374200000007;1000.0;559102;;22.977417541096738;2033-01-03;BRSTNCNTF212;2022-10-26
1232;0;0.14030622444463312;1025.038573;0.17705900000009933;44;0.0;0.1746031746031746;0.1531195493208518;-0.015695344433424907;0.5388399999999365;1000.0;1038639;;0.07886246778021479;2023-01-02;BRSTNCNTF147;2022-10-27
1233;1;0.12053089633175912;995.899663;3.2514540000000807;546;0.0;1.9701852195965253;1.7303630347266195;-0.17232679631518977;1.985176000000024;1000.0;107744;;2.3866403270197853;2025-01-02;BRSTNCNTF170;2022-10-27
1234;2;0.11874744719920592;975.670885;5.896629000000075;1047;0.0;3.546229939199617;3.018639664448823;-0.29451988329088863;5.051989000000049;1000.0;503940;;6.573019247181874;2027-01-04;BRSTNCNTF1P8;2022-10-27
1235;3;0.12012493015034811;952.1531;6.141283999999928;1546;0.0;4.9782667696129135;4.044267084713766;-0.3850761441938175;6.799555999999939;1000.0;1052738;;11.751920526032569;2029-01-02;BRSTNCNTF1Q6;2022-10-27
1236;4;0.12074059845034181;933.457116;5.43104900000003;2047;0.0;6.320115156424468;4.864551057042534;-0.45408498003416753;6.911909000000037;1000.0;31152;;17.392956917798948;2031-01-02;BRSTNCNTF204;2022-10-27
1237;5;0.12076180930124987;919.845616;9.910508999999934;2551;0.0;7.601542482954764;5.519837452814317;-0.5077398282003855;8.766626999999971;1000.0;712485;;23.124213074473538;2033-01-03;BRSTNCNTF212;2022-10-27
1238;0;0.140444153479201;1025.551611;0.1574569999997948;43;0.0;0.17063492063492064;0.14962146166376092;-0.015344453104944478;0.5130380000000514;1000.0;1422446;;0.07679118952255037;2023-01-02;BRSTNCNTF147;2022-10-28
1239;1;0.12029287250829925;996.759169;2.966890000000035;545;0.0;1.9662169656282715;1.7272444394721065;-0.17216467321480877;0.8595060000000103;1000.0;254756;;2.3800397870496957;2025-01-02;BRSTNCNTF170;2022-10-28
1240;2;0.11852506347884374;976.760228;7.363850999999954;1046;0.0;3.542261685231363;3.0159891266452528;-0.2945898226987538;1.0893429999999853;1000.0;1187461;;6.564133083138351;2027-01-04;BRSTNCNTF1P8;2022-10-28
1241;3;0.11988340117214198;953.512144;9.600148999999988;1545;0.0;4.9742985156446595;4.04245031362641;-0.3854525465559391;1.3590440000000399;1000.0;2917852;;11.744210603652041;2029-01-02;BRSTNCNTF1Q6;2022-10-28
1242;4;0.12032031272069482;935.790249;8.447897000000012;2046;0.0;6.316146902456215;4.865684901234814;-0.4553260485282067;2.3331329999999753;1000.0;247946;;17.40039435056657;2031-01-02;BRSTNCNTF204;2022-10-28
1243;5;0.12046900508340311;921.750089;14.472185000000081;2550;0.0;7.59757422898651;5.520917497234097;-0.5088906194437186;1.9044730000000527;1000.0;568262;;23.132848400711786;2033-01-03;BRSTNCNTF212;2022-10-28
1244;0;0.14046774636017073;1026.083037;0.20017500000017208;42;0.0;0.16666666666666666;0.1461388695452229;-0.014995061508670915;0.5314260000000104;1000.0;2279238;;0.07474798818428917;2023-01-02;BRSTNCNTF147;2022-10-31
1245;1;0.11911994700894717;999.227954;2.171214999999961;544;0.0;1.9622487116600176;1.7257846613744021;-0.17244522762297265;2.4687849999999116;1000.0;424932;;2.3777674745607684;2025-01-02;BRSTNCNTF170;2022-10-31
1246;2;0.11691882437031327;981.9394;7.644508999999971;1045;0.0;3.538293431263109;3.018920840895047;-0.2964397319155978;5.179171999999994;1000.0;557975;;6.576430776650515;2027-01-04;BRSTNCNTF1P8;2022-10-31
1247;3;0.11831295316232661;960.019094;12.883209999999963;1544;0.0;4.970330261676406;4.05013834145205;-0.38882101411354597;6.506949999999961;1000.0;3638539;;11.781652032153847;2029-01-02;BRSTNCNTF1Q6;2022-10-31
1248;4;0.11871150110923166;943.577863;9.16946900000005;2045;0.0;6.312178648487961;4.880058749259627;-0.4604715405940851;7.787613999999962;1000.0;280769;;17.482226955450653;2031-01-02;BRSTNCNTF204;2022-10-31
1249;5;0.11886140857047388;930.400965;13.396364999999946;2549;0.0;7.5936059750182565;5.54278443941417;-0.5157011991217928;8.65087600000004;1000.0;415797;;23.27549404051828;2033-01-03;BRSTNCNTF212;2022-10-31
1250;0;0.14053530650732524;1026.608468;0.1534639999999854;41;0.0;0.1626984126984127;0.1426509221536545;-0.014644664465095047;0.5254309999997986;1000.0;98002;;0.07271146843279701;2023-01-02;BRSTNCNTF147;2022-11-01
1251;1;0.11902049517617623;999.845554;5.279954999999973;543;0.0;1.9582804576917632;1.7224152374894146;-0.17221492173456454;0.6176000000000386;1000.0;536244;;2.370529081695882;2025-01-02;BRSTNCNTF170;2022-11-01
1252;2;0.11681895199390706;982.666262;11.74926000000005;1044;0.0;3.534325177294856;3.01577107869316;-0.2963496492947115;0.7268619999999828;1000.0;410757;;6.5656499036320985;2027-01-04;BRSTNCNTF1P8;2022-11-01
1253;3;0.11794796216091527;961.865237;14.912341000000083;1543;0.0;4.9663620077081525;4.04920264631191;-0.3894787263055832;1.8461429999999837;1000.0;482865;;11.778116121056229;2029-01-02;BRSTNCNTF1Q6;2022-11-01
1254;4;0.11844981398018037;945.203774;17.157297000000085;2044;0.0;6.308210394519707;4.8794289989287485;-0.4612054704752495;1.6259109999999737;1000.0;69677;;17.479739092408998;2031-01-02;BRSTNCNTF204;2022-11-01
1255;5;0.11857964051166703;932.270238;19.964443999999958;2548;0.0;7.589637721050003;5.543697976812853;-0.5168224632243437;1.8692729999999074;1000.0;38834;;23.283034971175592;2033-01-03;BRSTNCNTF212;2022-11-01
1256;0;0.14060401766985228;1027.134487;0.2130449999999655;40;0.0;0.15873015873015872;0.13916324752456846;-0.014293937085540165;0.526019000000133;1000.0;310821;;0.0706873960358206;2023-01-02;BRSTNCNTF147;2022-11-03
1257;1;0.1197434911482864;999.049966;7.424516999999923;542;0.0;1.9543122037235094;1.7175893127950295;-0.17159575445498376;-0.7955879999999524;1000.0;777062;;2.3595197527727514;2025-01-02;BRSTNCNTF170;2022-11-03
1258;2;0.11721919961921758;981.912964;14.611434000000031;1043;0.0;3.5303569233266012;3.010604108778284;-0.29561512038810633;-0.7532979999999725;1000.0;0;;6.547235196644751;2027-01-04;BRSTNCNTF1P8;2022-11-03
1259;3;0.1187643468620457;959.120165;18.72981799999991;1542;0.0;4.962393753739898;4.039813536546038;-0.387466662574127;-2.7450719999999365;1000.0;530901;;11.73444200989349;2029-01-02;BRSTNCNTF1Q6;2022-11-03
1260;4;0.11931040276007084;941.667987;17.59636899999998;2043;0.0;6.304242140551453;4.866293747073342;-0.4582433036957241;-3.535786999999914;1000.0;437111;;17.407007178193528;2031-01-02;BRSTNCNTF204;2022-11-03
1261;5;0.1194410411279509;928.249905;12.743268000000057;2547;0.0;7.585669467081749;5.52652484621888;-0.5129996163482815;-4.020332999999937;1000.0;358058;;23.173965266441208;2033-01-03;BRSTNCNTF212;2022-11-03
1262;0;0.14067728632193702;1027.660632;0.1520460000001549;39;0.0;0.15476190476190477;0.13567545098884123;-0.013942831971007763;0.5261450000000423;1000.0;116508;;0.06867534372067656;2023-01-02;BRSTNCNTF147;2022-11-04
1263;1;0.11929157030376024;1000.273153;4.674487999999997;541;0.0;1.9503439497552553;1.7148437184398622;-0.17153121331460852;1.223186999999939;1000.0;232499;;2.35392645548398;2025-01-02;BRSTNCNTF170;2022-11-04
1264;2;0.11665435653430165;984.015531;9.98595499999999;1042;0.0;3.5263886693583473;3.009328141565857;-0.29612256291761696;2.102567000000022;1000.0;207138;;6.543574628087242;2027-01-04;BRSTNCNTF1P8;2022-11-04
1265;3;0.11811229062359635;962.077586;13.159849999999892;1541;0.0;4.958425499771645;4.040928026684941;-0.3887686281112792;2.957420999999954;1000.0;104098;;11.740642188105996;2029-01-02;BRSTNCNTF1Q6;2022-11-04
1266;4;0.11864216544201983;945.157883;15.510356999999999;2042;0.0;6.300273886583198;4.8701896903001165;-0.4603098177492484;3.4898959999999306;1000.0;1386912;;17.429932740412998;2031-01-02;BRSTNCNTF204;2022-11-04
1267;5;0.11881401259123221;931.89011;10.213623999999982;2546;0.0;7.581701213113494;5.532894158947663;-0.5156049346400096;3.640205000000037;1000.0;98157;;23.216651744543032;2033-01-03;BRSTNCNTF212;2022-11-04
1268;0;0.1409006708113454;1028.16717;0.19169899999997142;38;0.0;0.15079365079365079;0.13217070962309385;-0.013589358447006816;0.506537999999864;1000.0;613449;;0.06665839534272476;2023-01-02;BRSTNCNTF147;2022-11-07
1269;1;0.12119154745967878;997.475267;3.2722400000000107;540;0.0;1.9463756957870013;1.7079524236055927;-0.1703640299759286;-2.7978859999999486;1000.0;0;;2.337611998401539;2025-01-02;BRSTNCNTF170;2022-11-07
1270;2;0.11936142291384043;976.48309;11.453959000000054;1041;0.0;3.5224204153900938;2.9948935245622526;-0.2924462883085539;-7.532441000000063;1000.0;1009885;;6.490195610911012;2027-01-04;BRSTNCNTF1P8;2022-11-07
1271;3;0.12062699827793198;952.802719;7.569498999999951;1540;0.0;4.95445724580339;4.019433087645861;-0.38297267747475416;-9.274866999999972;1000.0;1780090;;11.639782590972086;2029-01-02;BRSTNCNTF1Q6;2022-11-07
1272;4;0.12105268723046694;934.580778;8.987923000000023;2041;0.0;6.296305632614943;4.839842252945759;-0.4523223538155321;-10.57710499999996;1000.0;498309;;17.26099019056563;2031-01-02;BRSTNCNTF204;2022-11-07
1273;5;0.12116487060496879;920.305195;11.370896000000016;2545;0.0;7.57773295914524;5.492243155105135;-0.5054539907846447;-11.584915000000024;1000.0;2221511;;22.956944420819077;2033-01-03;BRSTNCNTF212;2022-11-07
1274;0;0.1409554280593839;1028.697883;0.635972000000038;37;0.0;0.14682539682539683;0.12868635678239562;-0.013237938279303307;0.5307130000001052;1000.0;3610924;;0.06467418463458428;2023-01-02;BRSTNCNTF147;2022-11-08
1275;1;0.1220401301385169;996.486494;3.0856280000000424;539;0.0;1.9424074418187471;1.702924978832855;-0.1696941741702176;-0.9887730000000374;1000.0;60429;;2.3261550397469266;2025-01-02;BRSTNCNTF170;2022-11-08
1276;2;0.12056713456135626;973.405838;6.967444;1040;0.0;3.51845216142184;2.9865206405142763;-0.2907096626784096;-3.0772519999999304;1000.0;19859;;6.459825743418519;2027-01-04;BRSTNCNTF1P8;2022-11-08
1277;3;0.12202759017826256;947.893509;15.385062000000062;1539;0.0;4.950488991835137;4.005928826506942;-0.37971939321619175;-4.90921000000003;1000.0;2858115;;11.576985151459127;2029-01-02;BRSTNCNTF1Q6;2022-11-08
1278;4;0.12257885406549227;928.140772;14.011206000000016;2040;0.0;6.292337378646689;4.819389447053246;-0.4473071841956653;-6.440006000000039;1000.0;504788;;17.147916117257004;2031-01-02;BRSTNCNTF204;2022-11-08
1279;5;0.12268370903895838;913.095872;17.074531999999977;2544;0.0;7.573764705176986;5.464821709484759;-0.49899061441465165;-7.20932300000004;1000.0;1134066;;22.78299657487427;2033-01-03;BRSTNCNTF212;2022-11-08
1280;0;0.141003521714605;1029.230121;0.5767319999999927;36;0.0;0.14285714285714285;0.12520306956702146;-0.012886277044003691;0.5322380000000067;1000.0;1108028;;0.0627032161403685;2023-01-02;BRSTNCNTF147;2022-11-09
1281;1;0.12222492228988495;996.628937;2.7274739999999156;538;0.0;1.9384391878504936;1.6990651499963703;-0.1693337494334628;0.14244299999995746;1000.0;0;;2.3177302937838093;2025-01-02;BRSTNCNTF170;2022-11-09
1282;2;0.12101763600570091;972.538234;11.854528999999957;1039;0.0;3.514483907453585;2.981179240085266;-0.28993107933899864;-0.8676040000000285;1000.0;114273;;6.440912086320386;2027-01-04;BRSTNCNTF1P8;2022-11-09
1283;3;0.12257099629197407;946.26739;15.064843999999994;1538;0.0;4.946520737866882;3.998533618742868;-0.3783681971235069;-1.626119000000017;1000.0;388420;;11.543087818075374;2029-01-02;BRSTNCNTF1Q6;2022-11-09
1284;4;0.12317647209817315;925.899959;20.013693999999987;2039;0.0;6.288369124678437;4.809244137117936;-0.4452878949378487;-2.240813000000003;1000.0;314259;;17.092511650208408;2031-01-02;BRSTNCNTF204;2022-11-09
1285;5;0.12332433518614529;910.327727;20.948064000000045;2543;0.0;7.569796451208732;5.451236178001819;-0.49624114392605634;-2.768145000000004;1000.0;316315;;22.697898807065208;2033-01-03;BRSTNCNTF212;2022-11-09
1286;0;0.14156778993542157;1029.698297;0.1603740000000471;35;0.0;0.1388888888888889;0.12166503868414608;-0.012527828313750433;0.4681759999998576;1000.0;1920721;;0.06068977117994964;2023-01-02;BRSTNCNTF147;2022-11-10
1287;1;0.1324505372065777;980.035702;12.155644999999936;537;0.0;1.93447093388224;1.677838891659661;-0.16443420160305777;-16.593234999999936;1000.0;79267;;2.2648856934733503;2025-01-02;BRSTNCNTF170;2022-11-10
1288;2;0.13166098350976457;942.838957;37.096933000000035;1038;0.0;3.510515653485332;2.9355069778366145;-0.2767710337249696;-29.699276999999938;1000.0;160807;;6.271673652332406;2027-01-04;BRSTNCNTF1P8;2022-11-10
1289;3;0.13248262609912184;910.263325;8.186444999999935;1537;0.0;4.942552483898628;3.9251690991841732;-0.357293747541064;-36.00406499999997;1000.0;1160767;;11.201360940888874;2029-01-02;BRSTNCNTF1Q6;2022-11-10
1290;4;0.13265037931545012;885.534971;14.633899000000042;2038;0.0;6.284400870710182;4.701748883544997;-0.41635630612393015;-40.364987999999926;1000.0;86347;;16.499999568762377;2031-01-02;BRSTNCNTF204;2022-11-10
1291;5;0.13249352848323928;866.940476;53.78378200000009;2542;0.0;7.565828197240478;5.305205670265574;-0.4599297529057935;-43.38725099999999;1000.0;1079794;;21.77448673039966;2033-01-03;BRSTNCNTF212;2022-11-10
1292;0;0.14183388224299082;1030.207054;0.13841600000000653;34;0.0;0.1349206349206349;0.11816135204763564;-0.012173065838965158;0.5087570000000596;1000.0;90372;;0.0587229437333348;2023-01-02;BRSTNCNTF147;2022-11-11
1293;1;0.13472944045054142;976.789702;16.278284999999983;536;0.0;1.9305026799139857;1.670442043802713;-0.1631670586174323;-3.245999999999981;1000.0;114223;;2.247578666624029;2025-01-02;BRSTNCNTF170;2022-11-11
1294;2;0.1335246897492985;938.167711;39.87098500000002;1037;0.0;3.506547399517078;2.9246994682481904;-0.2743858605489322;-4.6712459999999965;1000.0;237604;;6.232840579118391;2027-01-04;BRSTNCNTF1P8;2022-11-11
1295;3;0.1340670376201786;905.079572;43.32265199999995;1536;0.0;4.938584229930374;3.910598275897819;-0.3539402613813536;-5.183753000000024;1000.0;999837;;11.134847554896151;2029-01-02;BRSTNCNTF1Q6;2022-11-11
1296;4;0.13385441487519364;880.982068;0.04236900000000787;2037;0.0;6.280432616741928;4.685145169058738;-0.4127528879917577;-4.552903000000015;1000.0;0;;16.410298298264273;2031-01-02;BRSTNCNTF204;2022-11-11
1297;5;0.1336270511793589;862.180241;51.19867599999998;2541;0.0;7.561859943272225;5.284264089984864;-0.4555988086610796;-4.760234999999966;1000.0;957960;;21.644901132934866;2033-01-03;BRSTNCNTF212;2022-11-11
1298;0;0.14166402079889528;1030.769509;0.16264300000011644;33;0.0;0.13095238095238096;0.11470308161539886;-0.01182324391174916;0.5624549999999999;1000.0;426597;;0.056813446195267826;2023-01-02;BRSTNCNTF147;2022-11-14
1299;1;0.13173267936161245;982.181418;20.99459200000001;535;0.0;1.9265344259457318;1.6720578129338164;-0.16422641136853144;5.391715999999974;1000.0;180629;;2.253174238441758;2025-01-02;BRSTNCNTF170;2022-11-14
1300;2;0.1294748025911317;949.835417;36.42145000000005;1036;0.0;3.502579145548824;2.9370779888468053;-0.27897406962978266;11.667705999999953;1000.0;1092781;;6.279799434384997;2027-01-04;BRSTNCNTF1P8;2022-11-14
1301;3;0.13006231109433444;919.863237;48.14887400000009;1535;0.0;4.934615975962121;3.9351071740482673;-0.3619760423061962;14.783665000000042;1000.0;1862032;;11.24936928361361;2029-01-02;BRSTNCNTF1Q6;2022-11-14
1302;4;0.12986830069482624;898.102189;53.22026800000003;2036;0.0;6.276464362773674;4.725096933476555;-0.4243619899192481;17.120120999999926;1000.0;422554;;16.630495732525414;2031-01-02;BRSTNCNTF204;2022-11-14
1303;5;0.12968769720428208;880.847368;58.99267599999996;2540;0.0;7.557891689303971;5.341519271461898;-0.470506319138849;18.667126999999937;1000.0;671436;;22.006896021346716;2033-01-03;BRSTNCNTF212;2022-11-14
1304;0;0.14198217588734643;1031.27508;0.5311900000001515;32;0.0;0.12698412698412698;0.11119624286068534;-0.01146739142518527;0.5055709999999181;1000.0;42233;;0.054867940784908226;2023-01-02;BRSTNCNTF147;2022-11-16
1305;1;0.13526704242862067;976.896277;12.55473399999994;534;0.0;1.9225661719774776;1.6625351035899743;-0.16241243530788552;-5.285140999999953;1000.0;144068;;2.230529279247345;2025-01-02;BRSTNCNTF170;2022-11-16
1306;2;0.13224744694737492;942.610566;38.661925999999994;1035;0.0;3.49861089158057;2.9226911988436837;-0.2754959605185263;-7.224851000000058;1000.0;2294683;;6.227720392831004;2027-01-04;BRSTNCNTF1P8;2022-11-16
1307;3;0.1325190150978651;911.482667;18.544683000000077;1534;0.0;4.930647721993867;3.914402780730352;-0.35679102862923173;-8.380570000000034;1000.0;678361;;11.154337251332544;2029-01-02;BRSTNCNTF1Q6;2022-11-16
1308;4;0.13217862163132235;888.815031;56.83809899999994;2035;0.0;6.27249610880542;4.696374976018423;-0.4174208669897439;-9.287157999999977;1000.0;261414;;16.47410584036011;2031-01-02;BRSTNCNTF204;2022-11-16
1309;5;0.13196345810816137;870.667584;51.997423000000026;2539;0.0;7.553923435335716;5.302858082036286;-0.4617026634581407;-10.179783999999927;1000.0;1847104;;21.765393360774194;2033-01-03;BRSTNCNTF212;2022-11-16
1310;0;0.1422008842041285;1031.794241;0.27536000000009153;31;0.0;0.12301587301587301;0.10770073381161416;-0.011112499689829747;0.5191610000001674;1000.0;1240673;;0.052945857905765815;2023-01-02;BRSTNCNTF147;2022-11-17
1311;1;0.13728594455467164;974.123347;8.103765000000067;533;0.0;1.9185979180092236;1.6556257031920187;-0.1612783651372638;-2.7729300000000876;1000.0;113217;;2.214572507666724;2025-01-02;BRSTNCNTF170;2022-11-17
1312;2;0.13438438446575027;937.218924;18.851775999999973;1034;0.0;3.4946426376123156;2.9108442533089716;-0.27280983190178176;-5.391641999999933;1000.0;1122300;;6.185205325899528;2027-01-04;BRSTNCNTF1P8;2022-11-17
1313;3;0.13437548049975664;905.346714;16.085077999999953;1533;0.0;4.926679468025612;3.8979522151622175;-0.35289982293261346;-6.135952999999972;1000.0;3936118;;11.079315080780571;2029-01-02;BRSTNCNTF1Q6;2022-11-17
1314;4;0.13415869138572037;881.046935;19.019706999999926;2034;0.0;6.268527854837165;4.671341906478144;-0.41156714690396257;-7.768096000000014;1000.0;440480;;16.338508210576947;2031-01-02;BRSTNCNTF204;2022-11-17
1315;5;0.13385281135486782;862.441442;23.820044000000053;2538;0.0;7.549955181367461;5.270296358630065;-0.4545321991304263;-8.226141999999982;1000.0;880541;;21.56313466968026;2033-01-03;BRSTNCNTF212;2022-11-17
1316;0;0.14223039893093115;1032.335591;0.13955000000009932;30;0.0;0.11904761904761904;0.10422382342458854;-0.010759396235130225;0.5413499999999658;1000.0;348369;;0.0510542354059966;2023-01-02;BRSTNCNTF147;2022-11-18
1317;1;0.13869625461750484;972.35414;16.555255000000102;532;0.0;1.91462966404097;1.6497630201551674;-0.16041539026667806;-1.7692069999999376;1000.0;365526;;2.201298688419741;2025-01-02;BRSTNCNTF170;2022-11-18
1318;2;0.136069391669887;933.110735;25.39042699999993;1033;0.0;3.4906743836440617;2.9007926333306204;-0.2706760746169721;-4.1081890000000385;1000.0;704850;;6.149424155652772;2027-01-04;BRSTNCNTF1P8;2022-11-18
1319;3;0.13622795862459755;899.299251;25.853030999999987;1532;0.0;4.922711214057358;3.8815749848994656;-0.3490697476620426;-6.047462999999993;1000.0;1037578;;11.004888053589982;2029-01-02;BRSTNCNTF1Q6;2022-11-18
1320;4;0.13586170737897166;874.521413;28.912710999999945;2033;0.0;6.264559600868911;4.649385734110657;-0.40659873817764947;-6.52552199999991;1000.0;1157232;;16.220153274928297;2031-01-02;BRSTNCNTF204;2022-11-18
1321;5;0.1358024180792281;854.081566;29.061514000000102;2537;0.0;7.545986927399208;5.236933382666494;-0.44727682645054756;-8.3598760000001;1000.0;1408184;;21.3566581404833;2033-01-03;BRSTNCNTF212;2022-11-18
1322;0;0.1423411870958984;1032.86898;0.12753199999997378;29;0.0;0.11507936507936507;0.1007399249232782;-0.010405114350078293;0.5333889999999428;1000.0;3354783;;0.04916788054022844;2023-01-02;BRSTNCNTF147;2022-11-21
1323;1;0.1369709282677257;975.625066;13.075734000000011;531;0.0;1.910661410072716;1.6491772141024585;-0.16089786283544072;3.2709259999999176;1000.0;136887;;2.201307185855936;2025-01-02;BRSTNCNTF170;2022-11-21
1324;2;0.13397290998753839;939.279228;19.36175300000002;1032;0.0;3.4867061296758077;2.9054495877794944;-0.27290284458024416;6.168493000000012;1000.0;732111;;6.167663316636126;2027-01-04;BRSTNCNTF1P8;2022-11-21
1325;3;0.1342890050548807;906.558109;19.524460999999974;1531;0.0;4.918742960089105;3.891557617237943;-0.3527923114547775;7.258857999999918;1000.0;1991515;;11.051754477682548;2029-01-02;BRSTNCNTF1Q6;2022-11-21
1326;4;0.13416444595822238;881.903989;19.536325000000033;2032;0.0;6.260591346900658;4.664281766713995;-0.411344869588504;7.382575999999972;1000.0;420904;;16.30241897791569;2031-01-02;BRSTNCNTF204;2022-11-21
1327;5;0.13388755623472798;863.143869;22.997015000000033;2536;0.0;7.542018673430954;5.262763654267181;-0.45425221821767536;9.062303000000043;1000.0;1075142;;21.519850020868116;2033-01-03;BRSTNCNTF212;2022-11-21
1328;0;0.14251801493446348;1033.396804;0.11710700000003271;28;0.0;0.1111111111111111;0.09725108050054544;-0.010049895577481038;0.5278240000000096;1000.0;858476;;0.04728885417612572;2023-01-02;BRSTNCNTF147;2022-11-22
1329;1;0.13846664343532347;973.72425;9.841033000000039;530;0.0;1.9066931561044618;1.6431778194755782;-0.16000020898854928;-1.9008159999999634;1000.0;86610;;2.187728025966982;2025-01-02;BRSTNCNTF170;2022-11-22
1330;2;0.13616615763593581;933.794481;14.616837000000032;1031;0.0;3.4827378757075547;2.893431456489702;-0.27018703252218756;-5.48474699999997;1000.0;60660;;6.124735552867438;2027-01-04;BRSTNCNTF1P8;2022-11-22
1331;3;0.13653198886339174;899.151716;17.528301000000056;1530;0.0;4.914774706120851;3.872481420742159;-0.348194831463843;-7.40639299999998;1000.0;1709524;;10.965054050875624;2029-01-02;BRSTNCNTF1Q6;2022-11-22
1332;4;0.1358654670341638;875.390761;15.391668000000095;2031;0.0;6.256623092932404;4.642357850131017;-0.4063877171260515;-6.513228000000026;1000.0;450141;;16.184394797947416;2031-01-02;BRSTNCNTF204;2022-11-22
1333;5;0.13570066359366156;855.400328;17.104692;2535;0.0;7.5380504194627;5.231500942511483;-0.4475027622156631;-7.74354100000005;1000.0;1098808;;21.32669935296861;2033-01-03;BRSTNCNTF212;2022-11-22
1334;0;0.14283643363182236;1033.912445;0.09494800000015857;27;0.0;0.10714285714285714;0.09375169911396657;-0.00969310484538255;0.5156409999999596;1000.0;132045;;0.04541181959928408;2023-01-02;BRSTNCNTF147;2022-11-23
1335;1;0.14111847308114864;970.004249;5.87073799999996;529;0.0;1.902724902136208;1.6352675217744272;-0.15862164443728943;-3.7200010000000248;1000.0;70604;;2.1694140341962886;2025-01-02;BRSTNCNTF170;2022-11-23
1336;2;0.1396169720869692;925.018136;18.626461999999947;1030;0.0;3.4787696217393;2.8766040705388622;-0.2660910935339871;-8.776344999999992;1000.0;42119;;6.064434318775832;2027-01-04;BRSTNCNTF1P8;2022-11-23
1337;3;0.13973970817782347;888.544397;23.270606000000043;1529;0.0;4.910806452152596;3.846808258055335;-0.3418059924028398;-10.607318999999961;1000.0;2828478;;10.848581858135692;2029-01-02;BRSTNCNTF1Q6;2022-11-23
1338;4;0.13916981001775225;862.561495;13.60434900000007;2030;0.0;6.25265483896415;4.603223434430145;-0.39705632874211005;-12.829265999999961;1000.0;392817;;15.97374251160963;2031-01-02;BRSTNCNTF204;2022-11-23
1339;5;0.13887291875100544;841.820407;29.106196999999952;2534;0.0;7.534082165494446;5.179683222213895;-0.4360363038255173;-13.5799209999999;1000.0;632828;;21.00681961780991;2033-01-03;BRSTNCNTF212;2022-11-23
1340;0;0.14303770513307001;1034.441577;0.09453799999982948;26;0.0;0.10317460317460317;0.09026351713116991;-0.009337233500673392;0.5291320000001178;1000.0;5710254;;0.04355778313706089;2023-01-02;BRSTNCNTF147;2022-11-24
1341;1;0.1380944186319207;975.320885;8.636160000000018;528;0.0;1.8987566481679539;1.6368281479815359;-0.15964326778822624;5.316636000000017;1000.0;492379;;2.1747896521086654;2025-01-02;BRSTNCNTF170;2022-11-24
1342;2;0.13593147826384228;935.374552;13.365219000000025;1029;0.0;3.474801367771046;2.8873548111424823;-0.2700758212937444;10.356415999999967;1000.0;305351;;6.10479449945354;2027-01-04;BRSTNCNTF1P8;2022-11-24
1343;3;0.1363220605011943;900.796289;29.32859700000006;1528;0.0;4.906838198184342;3.8669528981242225;-0.3483336820368095;12.251891999999998;1000.0;1648587;;10.941625622965843;2029-01-02;BRSTNCNTF1Q6;2022-11-24
1344;4;0.13594853996300674;875.938957;17.92524800000001;2029;0.0;6.248686584995896;4.634472603074103;-0.4059515098181805;13.377461999999923;1000.0;17192;;16.1440372104243;2031-01-02;BRSTNCNTF204;2022-11-24
1345;5;0.1358368042429695;855.655953;20.89157;2533;0.0;7.530113911526193;5.222432973950743;-0.4468605863304447;13.835545999999908;1000.0;270487;;21.27414906757082;2033-01-03;BRSTNCNTF212;2022-11-24
1346;0;0.14328815286231472;1034.968013;0.10047099999997045;25;0.0;0.0992063492063492;0.08677283084700405;-0.008980710432410888;0.526435999999876;1000.0;118562;;0.04171357209558673;2023-01-02;BRSTNCNTF147;2022-11-25
1347;1;0.14065791202575467;971.749694;8.854363000000035;527;0.0;1.8947883941996997;1.6290767013313898;-0.15830547860213073;-3.571190999999999;1000.0;173336;;2.1569205840558143;2025-01-02;BRSTNCNTF170;2022-11-25
1348;2;0.13795303928163694;930.415074;17.660907000000066;1028;0.0;3.470833113802792;2.876050702120718;-0.26759209268413997;-4.95947799999999;1000.0;291346;;6.064695298658631;2027-01-04;BRSTNCNTF1P8;2022-11-25
1349;3;0.1382699653668842;894.507908;25.629020999999966;1527;0.0;4.902869944216089;3.8499865881703808;-0.3443843448812345;-6.2883809999999585;1000.0;690160;;10.8650078985417;2029-01-02;BRSTNCNTF1Q6;2022-11-25
1350;4;0.13736648541364518;870.655704;25.244105999999988;2028;0.0;6.244718331027642;4.615673117524617;-0.401866212757227;-5.283252999999945;1000.0;50872;;16.043472757163972;2031-01-02;BRSTNCNTF204;2022-11-25
1351;5;0.13712798349098157;850.349924;90.33647799999994;2532;0.0;7.526145657557938;5.199246596760562;-0.4421178948412603;-5.306028999999967;1000.0;27235;;21.132065306945957;2033-01-03;BRSTNCNTF212;2022-11-25
1352;0;0.1435041984662319;1035.499489;0.09032300000012583;24;0.0;0.09523809523809523;0.0832861791360929;-0.008624279593618667;0.5314760000001115;1000.0;40987;;0.039885380644436405;2023-01-02;BRSTNCNTF147;2022-11-28
1353;1;0.13861011356203973;975.502646;8.354468999999995;526;0.0;1.8908201402314455;1.6289967810806776;-0.1589090670269684;3.7529520000000502;1000.0;82901;;2.1581972896524775;2025-01-02;BRSTNCNTF170;2022-11-28
1354;2;0.13589969253917508;936.406922;10.788415999999984;1027;0.0;3.4668648598345384;2.880490932908024;-0.26973116483333115;5.9918480000000045;1000.0;55251;;6.082018527819027;2027-01-04;BRSTNCNTF1P8;2022-11-28
1355;3;0.136176378243948;902.217661;17.135846000000015;1526;0.0;4.898901690247835;3.8609772916787306;-0.34834419012724993;7.709752999999978;1000.0;572423;;10.916182145241361;2029-01-02;BRSTNCNTF1Q6;2022-11-28
1356;4;0.13544531295236922;878.870974;22.78933900000004;2027;0.0;6.2407500770593884;4.632924734994365;-0.407174307431319;8.215270000000032;1000.0;189178;;16.1380677014175;2031-01-02;BRSTNCNTF204;2022-11-28
1357;5;0.13511170484358842;859.770053;20.723192999999924;2531;0.0;7.5221774035896845;5.226524684359912;-0.44936094048779296;9.420128999999974;1000.0;74288;;21.303491086184412;2033-01-03;BRSTNCNTF212;2022-11-28
1358;0;0.1436617880935975;1036.037628;0.09108900000001086;23;0.0;0.09126984126984126;0.07980492352442041;-0.008268090367096192;0.538139000000001;1000.0;367207;;0.03807451184838753;2023-01-02;BRSTNCNTF147;2022-11-29
1359;1;0.1333190137023491;984.458784;7.404378999999949;525;0.0;1.886851886263192;1.6343335605195832;-0.16089340296394994;8.95613800000001;1000.0;33947;;2.1730083226163814;2025-01-02;BRSTNCNTF170;2022-11-29
1360;2;0.13051873827829588;951.5506;13.767296999999985;1026;0.0;3.4628966058662836;2.8978741299560657;-0.27574738670841725;15.143678000000023;1000.0;347015;;6.1467377858094245;2027-01-04;BRSTNCNTF1P8;2022-11-29
1361;3;0.13092170981913318;921.246853;10.108292000000006;1525;0.0;4.89493343627958;3.893994635144579;-0.35873303032258264;19.029191999999966;1000.0;1847086;;11.068640136581905;2029-01-02;BRSTNCNTF1Q6;2022-11-29
1362;4;0.13061775547360802;899.300533;11.407922999999982;2026;0.0;6.2367818230911345;4.681808686561333;-0.42103530472286366;20.429558999999927;1000.0;99476;;16.405039643849747;2031-01-02;BRSTNCNTF204;2022-11-29
1363;5;0.13019555195443522;882.739743;7.717327000000068;2530;0.0;7.518209149621431;5.298549316911282;-0.467724006228309;22.969690000000014;1000.0;122538;;21.755153291275143;2033-01-03;BRSTNCNTF212;2022-11-29
1364;0;0.14384952443950216;1036.574797;1.5948110000001634;22;0.0;0.0873015873015873;0.0763226155974279;-0.007911409976941286;0.5371689999999489;1000.0;2062164;;0.036274748021332896;2023-01-02;BRSTNCNTF147;2022-11-30
1365;1;0.13189291010739176;987.24289;15.39047400000004;524;0.0;1.8828836322949383;1.6332193436837088;-0.16123841848622078;2.7841059999999516;1000.0;83690;;2.171714839135672;2025-01-02;BRSTNCNTF170;2022-11-30
1366;2;0.12812891541225913;958.632532;17.880415000000085;1025;0.0;3.4589283518980296;2.9036839986389653;-0.2783565943743156;7.081931999999938;1000.0;376679;;6.169212910699433;2027-01-04;BRSTNCNTF1P8;2022-11-30
1367;3;0.12837340754116686;930.901106;22.970857999999907;1524;0.0;4.8909651823113265;3.9082820884708633;-0.3638224118717517;9.65425300000004;1000.0;1307384;;11.135442831144656;2029-01-02;BRSTNCNTF1Q6;2022-11-30
1368;4;0.12802898989552533;910.735017;11.861185999999975;2025;0.0;6.2328135691228805;4.7065407951342015;-0.42864115110677403;11.434483999999998;1000.0;132362;;16.54133670071019;2031-01-02;BRSTNCNTF204;2022-11-30
1369;5;0.12791431090532682;893.937234;28.69921999999997;2529;0.0;7.5142408956531765;5.3303213055160334;-0.4764972684184272;11.197491000000014;1000.0;1259793;;21.95645337586996;2033-01-03;BRSTNCNTF212;2022-11-30
1370;0;0.14407192803043245;1037.110979;0.07721600000013495;21;0.0;0.08333333333333333;0.07283924334781408;-0.00755423789780707;0.5361820000000534;1000.0;2257720;;0.03448611127079138;2023-01-02;BRSTNCNTF147;2022-12-01
1371;1;0.13289349566607622;986.119851;11.336082999999917;523;0.0;1.878915378326684;1.6280410336985214;-0.1605443581572672;-1.1230389999999488;1000.0;200114;;2.1602706949642894;2025-01-02;BRSTNCNTF170;2022-12-01
1372;2;0.12908474594473987;956.437986;25.679749000000015;1024;0.0;3.4549600979297765;2.8964376968942926;-0.27702630373920556;-2.1945459999999457;1000.0;997473;;6.143767882160699;2027-01-04;BRSTNCNTF1P8;2022-12-01
1373;3;0.12925317475775044;928.155927;23.162724000000026;1523;0.0;4.886996928343073;3.8986168267559305;-0.3618524314855449;-2.7451790000000074;1000.0;1050138;;11.091801066344873;2029-01-02;BRSTNCNTF1Q6;2022-12-01
1374;4;0.12913265585207157;906.459302;26.747262999999975;2024;0.0;6.228845315154627;4.690972246306204;-0.4252175428088094;-4.275714999999991;1000.0;116047;;16.457366119940854;2031-01-02;BRSTNCNTF204;2022-12-01
1375;5;0.12885813675726052;889.885274;36.44692700000007;2528;0.0;7.510272641684923;5.312189407180453;-0.47272391261486746;-4.051960000000008;1000.0;187021;;21.844375578640772;2033-01-03;BRSTNCNTF212;2022-12-01
1376;0;0.14434058246409082;1037.645714;0.09277300000007926;20;0.0;0.07936507936507936;0.06935442193447261;-0.007196531866725309;0.5347349999999551;1000.0;3390199;;0.032708221232006486;2023-01-02;BRSTNCNTF147;2022-12-02
1377;1;0.13063168096208447;990.244332;8.945967999999993;522;0.0;1.8749471243584301;1.628315977469452;-0.16124306673941646;4.124480999999946;1000.0;125173;;2.162452926599553;2025-01-02;BRSTNCNTF170;2022-12-02
1378;2;0.1264618826910335;964.200138;32.99576999999999;1023;0.0;3.4509918439615226;2.9031600272003497;-0.2799227298862661;7.762152000000015;1000.0;304670;;6.169590949906577;2027-01-04;BRSTNCNTF1P8;2022-12-02
1379;3;0.12641074400190283;938.968479;35.54157799999996;1522;0.0;4.8830286743748195;3.9149865664850556;-0.3676048981637905;10.812551999999982;1000.0;690886;;11.16827115829555;2029-01-02;BRSTNCNTF1Q6;2022-12-02
1380;4;0.12629290315705083;919.089344;23.251841000000013;2023;0.0;6.224877061186373;4.718496887055391;-0.43367202085897816;12.630042000000003;1000.0;57578;;16.609083639362712;2031-01-02;BRSTNCNTF204;2022-12-02
1381;5;0.12603988485146264;903.789282;32.78229799999997;2527;0.0;7.506304387716669;5.352379908105413;-0.48374235941378174;13.904007999999976;1000.0;1179600;;22.098887396377098;2033-01-03;BRSTNCNTF212;2022-12-02
1382;0;0.14471250267775956;1038.175602;0.0992630000000645;19;0.0;0.07539682539682539;0.06586529406637645;-0.006837974131826741;0.5298880000000281;1000.0;127725;;0.030938483240915856;2023-01-02;BRSTNCNTF147;2022-12-05
1383;1;0.13248907554351275;987.744334;6.139030999999932;521;0.0;1.870978870390176;1.621708640127581;-0.16018335206848633;-2.499998000000005;1000.0;320356;;2.1474735256291506;2025-01-02;BRSTNCNTF170;2022-12-05
1384;2;0.1288289137595311;958.068074;11.988136000000054;1022;0.0;3.4470235899932686;2.8904044292740774;-0.27692042046356846;-6.132064000000014;1000.0;593066;;6.123964859885949;2027-01-04;BRSTNCNTF1P8;2022-12-05
1385;3;0.12891671776188385;930.269403;38.81146899999999;1521;0.0;4.8790604204065655;3.893937135510965;-0.36224105743713153;-8.699075999999991;1000.0;151555;;11.072119623036873;2029-01-02;BRSTNCNTF1Q6;2022-12-05
1386;4;0.1286956511462114;909.193522;23.179837999999904;2022;0.0;6.220908807218119;4.688709783137294;-0.4262944561366453;-9.895821999999953;1000.0;301234;;16.4473087621909;2031-01-02;BRSTNCNTF204;2022-12-05
1387;5;0.12844718709798725;892.686955;20.35839999999996;2526;0.0;7.502336133748415;5.311515942042909;-0.4741520992736241;-11.102326999999946;1000.0;100809;;21.84379794849254;2033-01-03;BRSTNCNTF212;2022-12-05
1388;0;0.1451529705261649;1038.704006;0.070931999999857;18;0.0;0.07142857142857142;0.06237469881205279;-0.006478884952912267;0.5284039999999095;1000.0;1012298;;0.029179545627537357;2023-01-02;BRSTNCNTF147;2022-12-06
1389;1;0.13332699013500593;986.893648;8.057052999999996;520;0.0;1.867010616421922;1.6168130989860547;-0.15956225773925325;-0.8506859999999961;1000.0;244879;;2.136792127308435;2025-01-02;BRSTNCNTF170;2022-12-06
1390;2;0.12958388665911744;956.443096;9.614738999999986;1021;0.0;3.4430553360250142;2.8839536321219543;-0.2758337540627167;-1.6249780000000555;1000.0;121364;;6.101524444999354;2027-01-04;BRSTNCNTF1P8;2022-12-06
1391;3;0.12989588234323915;927.181547;16.220390000000066;1520;0.0;4.875092166438311;3.8835937901473754;-0.3600796498268437;-3.087855999999988;1000.0;426413;;11.025502064756985;2029-01-02;BRSTNCNTF1Q6;2022-12-06
1392;4;0.12977724880971692;905.038294;19.21539000000007;2021;0.0;6.216940553249865;4.6734062728275;-0.4229611640328699;-4.155228000000079;1000.0;703639;;16.3650397276313;2031-01-02;BRSTNCNTF204;2022-12-06
1393;5;0.12944121515429283;888.421985;21.211993000000007;2525;0.0;7.498367879780161;5.292634197074182;-0.47020925792435264;-4.264970000000062;1000.0;324182;;21.727327292611008;2033-01-03;BRSTNCNTF212;2022-12-06
1394;0;0.14562400173643214;1039.233992;0.054830999999921914;17;0.0;0.06746031746031746;0.05888521674472651;-0.006119551886740737;0.5299860000000081;1000.0;763337;;0.0274337976550558;2023-01-02;BRSTNCNTF147;2022-12-07
1395;1;0.13191791918439866;989.63269;3.225259000000051;519;0.0;1.8630423624536683;1.615648533677447;-0.15988986044777675;2.7390420000000404;1000.0;120670;;2.1353927833220756;2025-01-02;BRSTNCNTF170;2022-12-07
1396;2;0.12872575545540685;959.275249;7.561039000000051;1020;0.0;3.4390870820567603;2.8837747194289762;-0.27663337120401366;2.832153000000062;1000.0;289486;;6.102018733901525;2027-01-04;BRSTNCNTF1P8;2022-12-07
1397;3;0.1290611012903177;930.642736;9.240458999999987;1519;0.0;4.871123912470058;3.8858999259735474;-0.36163845389302196;3.4611889999999903;1000.0;125602;;11.037028599721813;2029-01-02;BRSTNCNTF1Q6;2022-12-07
1398;4;0.1292344741112805;907.776106;37.68211900000006;2020;0.0;6.212972299281611;4.675805103481226;-0.42445841492531144;2.7378120000000763;1000.0;0;;16.379253575209674;2031-01-02;BRSTNCNTF204;2022-12-07
1399;5;0.12915042049864567;890.21995;19.75866999999994;2524;0.0;7.494399625811907;5.293611735936815;-0.4712478774885085;1.7979650000000902;1000.0;177672;;21.735280283189724;2033-01-03;BRSTNCNTF212;2022-12-07
1400;0;0.14608993222108643;1039.767947;0.056135999999924024;16;0.0;0.06349206349206349;0.05539884949965193;-0.005760194801041507;0.5339550000001054;1000.0;4120181;;0.025703158084230824;2023-01-02;BRSTNCNTF147;2022-12-08
1401;1;0.13235004187715999;989.430065;3.210220999999933;518;0.0;1.8590741084854143;1.6114268367758677;-0.15943941598538913;-0.20262500000001182;1000.0;47528;;2.1264109145694676;2025-01-02;BRSTNCNTF170;2022-12-08
1402;2;0.12936121104717127;957.982079;7.639290999999957;1019;0.0;3.4351188280885063;2.877791635340315;-0.2756872813752125;-1.293170000000032;1000.0;73686;;6.081327070467773;2027-01-04;BRSTNCNTF1P8;2022-12-08
1403;3;0.13000112542030334;927.702126;15.505953999999974;1518;0.0;4.867155658501803;3.875836984595506;-0.35956222106386804;-2.9406099999999924;1000.0;1296140;;10.991780330673066;2029-01-02;BRSTNCNTF1Q6;2022-12-08
1404;4;0.13027994196644416;903.793848;9.396175999999969;2019;0.0;6.209004045313358;4.660912670091596;-0.4212504197294038;-3.9822580000000016;1000.0;222587;;16.29940025489338;2031-01-02;BRSTNCNTF204;2022-12-08
1405;5;0.13024985798844577;885.492308;10.9542899999999;2523;0.0;7.490431371843654;5.27313443400141;-0.4669319980358182;-4.72764200000006;1000.0;318904;;21.609129360780244;2033-01-03;BRSTNCNTF212;2022-12-08
1406;0;0.1467158478047048;1040.296904;0.0586719999998877;15;0.0;0.05952380952380952;0.05190807278204011;-0.0053999807407763;0.5289569999999912;1000.0;2069524;;0.023980573828736397;2023-01-02;BRSTNCNTF147;2022-12-09
1407;1;0.1323562746290315;989.908286;2.4594110000000455;517;0.0;1.8551058545171601;1.6079120927430202;-0.1591685503765916;0.47822099999996226;1000.0;27565;;2.1191969774897084;2025-01-02;BRSTNCNTF170;2022-12-09
1408;2;0.1301553796368652;956.260513;4.2816609999999855;1018;0.0;3.431150574120252;2.8712001259223303;-0.2745615305340152;-1.7215660000000526;1000.0;157403;;6.058457651802385;2027-01-04;BRSTNCNTF1P8;2022-12-09
1409;3;0.13049745471922403;926.370812;41.818445;1517;0.0;4.86318740453355;3.8688728437124182;-0.3584010877754622;-1.3313140000000203;1000.0;1934056;;10.960812027920408;2029-01-02;BRSTNCNTF1Q6;2022-12-09
1410;4;0.1306818859409103;902.542813;14.06099400000005;2018;0.0;6.205035791345104;4.653033396308307;-0.41995618504870436;-1.2510350000000017;1000.0;45195;;16.257777061679054;2031-01-02;BRSTNCNTF204;2022-12-09
1411;5;0.13062858823906645;884.157291;14.92917900000009;2522;0.0;7.486463117875399;5.2637896899377665;-0.46540180326491054;-1.3350169999999935;1000.0;687797;;21.552679508618176;2033-01-03;BRSTNCNTF212;2022-12-09
1412;0;0.14754017027219024;1040.820659;1.595555000000104;14;0.0;0.05555555555555555;0.04841273285851849;-0.005038897251779417;0.5237549999999374;1000.0;1423733;;0.022266034001457796;2023-01-02;BRSTNCNTF147;2022-12-12
1413;1;0.13538306787432602;985.606206;3.2757850000000417;516;0.0;1.8511376005489064;1.5994267929307895;-0.15764049731552632;-4.302079999999933;1000.0;117607;;2.0997253896953363;2025-01-02;BRSTNCNTF170;2022-12-12
1414;2;0.13273448216133063;949.687237;8.585209000000077;1017;0.0;3.427182320151998;2.8577274543032454;-0.2713947290176293;-6.573275999999964;1000.0;32513;;6.010661498847114;2027-01-04;BRSTNCNTF1P8;2022-12-12
1415;3;0.13280778189526954;918.598936;8.63606399999992;1516;0.0;4.859219150565295;3.8493313755154865;-0.3535991705859942;-7.77187600000002;1000.0;106264;;10.872472650386916;2029-01-02;BRSTNCNTF1Q6;2022-12-12
1416;4;0.13288594991769498;893.799983;10.603324000000043;2017;0.0;6.201067537376849;4.625624689233215;-0.41343832686010273;-8.742830000000026;1000.0;59046;;16.11051552660249;2031-01-02;BRSTNCNTF204;2022-12-12
1417;5;0.13264551594410057;875.280008;7.243149000000017;2521;0.0;7.482494863907146;5.2292907574931915;-0.4577093656052966;-8.877283000000034;1000.0;192898;;21.33984768578791;2033-01-03;BRSTNCNTF212;2022-12-12
1418;0;0.14841232139286326;1041.348407;0.04273800000009942;13;0.0;0.051587301587301584;0.04492054009425844;-0.004677793286873566;0.5277479999999741;1000.0;144535;;0.02056661196873023;2023-01-02;BRSTNCNTF147;2022-12-13
1419;1;0.13780623830543084;982.301539;5.403520000000071;515;0.0;1.8471693465806522;1.5919703674159185;-0.15637949419550523;-3.304666999999995;1000.0;0;;2.0828632669984537;2025-01-02;BRSTNCNTF170;2022-12-13
1420;2;0.13509366219669194;943.790643;9.880737999999951;1016;0.0;3.423214066183744;2.8451539478685817;-0.2685229673892877;-5.896593999999936;1000.0;274626;;5.966307775886374;2027-01-04;BRSTNCNTF1P8;2022-12-13
1421;3;0.13502679584953026;911.259343;15.421502000000032;1515;0.0;4.855250896597042;3.8304869839885485;-0.3490567052399456;-7.339593000000036;1000.0;395185;;10.787661160035984;2029-01-02;BRSTNCNTF1Q6;2022-12-13
1422;4;0.13512920501331205;885.042555;13.367403000000081;2016;0.0;6.197099283408594;4.597888911212402;-0.4069327349585592;-8.757428000000004;1000.0;65293;;15.962110348532514;2031-01-02;BRSTNCNTF204;2022-12-13
1423;5;0.13486323749482187;865.654979;19.551807999999937;2520;0.0;7.478526609938891;5.191861302639889;-0.44943605869076464;-9.625028999999927;1000.0;150817;;21.10975400260059;2033-01-03;BRSTNCNTF212;2022-12-13
1424;0;0.14936303455524946;1041.879342;0.5368469999998524;12;0.0;0.047619047619047616;0.04143081543105945;-0.0043165910719835665;0.5309349999999995;1000.0;2165111;;0.01888164237804418;2023-01-02;BRSTNCNTF147;2022-12-14
1425;1;0.1395956139144207;980.017912;10.485279999999989;514;0.0;1.8432010926123983;1.5855736012745631;-0.1553890530043418;-2.283627000000024;1000.0;882035;;2.068657296564862;2025-01-02;BRSTNCNTF170;2022-12-14
1426;2;0.13763571060317686;937.480488;21.842963999999938;1015;0.0;3.41924581221549;2.831929098763036;-0.26548782734897713;-6.310155000000009;1000.0;562534;;5.9197806947502745;2027-01-04;BRSTNCNTF1P8;2022-12-14
1427;3;0.13710329439128516;904.514432;14.916162999999983;1514;0.0;4.851282642628787;3.812684925224385;-0.34486285395342975;-6.744910999999888;1000.0;3395819;;10.707902862921987;2029-01-02;BRSTNCNTF1Q6;2022-12-14
1428;4;0.13717671835277379;877.216814;29.23654399999998;2015;0.0;6.19313102944034;4.57235521516469;-0.40109468743230536;-7.825740999999994;1000.0;407103;;15.82614185903764;2031-01-02;BRSTNCNTF204;2022-12-14
1429;5;0.13699165614353134;856.607621;24.31082600000002;2519;0.0;7.474558355970637;5.155951654602585;-0.4416627480840134;-9.047358000000031;1000.0;1144024;;20.89003536392932;2033-01-03;BRSTNCNTF212;2022-12-14
1430;0;0.15063920162789998;1042.404553;0.028366000000005442;11;0.0;0.04365079365079365;0.03793612602955796;-0.003954479049639303;0.5252110000001267;1000.0;303679;;0.017204394817155137;2023-01-02;BRSTNCNTF147;2022-12-15
1431;1;0.13704032268641936;984.503444;10.194689999999923;513;0.0;1.839232838644144;1.5862407055054475;-0.15616594375831028;4.485531999999921;1000.0;195809;;2.0717690257423103;2025-01-02;BRSTNCNTF170;2022-12-15
1432;2;0.1350920424721017;944.744611;17.83126699999991;1014;0.0;3.4152775582472366;2.8381682123990317;-0.26813441237754887;7.264122999999927;1000.0;161717;;5.94338146780098;2027-01-04;BRSTNCNTF1P8;2022-12-15
1433;3;0.13454280577518332;913.866122;23.48169800000005;1513;0.0;4.847314388660534;3.8268336330710024;-0.3497213611793768;9.351689999999962;1000.0;1065053;;10.772968148539412;2029-01-02;BRSTNCNTF1Q6;2022-12-15
1434;4;0.1345757662735687;888.188579;23.773209000000065;2014;0.0;6.189162775472086;4.596864454043407;-0.40828825072924246;10.971765000000005;1000.0;1196318;;15.95899939450275;2031-01-02;BRSTNCNTF204;2022-12-15
1435;5;0.13412607033731275;869.84649;26.696538999999916;2518;0.0;7.470590102002383;5.196123817558323;-0.45198300643085076;13.238869000000022;1000.0;719451;;21.13997625846198;2033-01-03;BRSTNCNTF212;2022-12-15
1436;0;0.15201774427472953;1042.935587;0.03202199999986988;10;0.0;0.03968253968253968;0.03444611854635578;-0.0035925082866015146;0.5310339999998632;1000.0;5551089;;0.015543618348094094;2023-01-02;BRSTNCNTF147;2022-12-16
1437;1;0.13874333946013834;982.356165;5.275389000000018;512;0.0;1.8352645846758906;1.579988559093959;-0.15521115016554177;-2.1472789999999122;1000.0;0;;2.057951417465374;2025-01-02;BRSTNCNTF170;2022-12-16
1438;2;0.1371951563001928;939.609431;7.686913000000004;1013;0.0;3.4113093042789817;2.8266334480462247;-0.26559314457642813;-5.135179999999991;1000.0;1081973;;5.903017128156559;2027-01-04;BRSTNCNTF1P8;2022-12-16
1439;3;0.13641251217660802;907.822186;19.99399200000005;1512;0.0;4.843346134692279;3.8104554949524876;-0.3459216037083479;-6.043936000000031;1000.0;1824280;;10.699719755421754;2029-01-02;BRSTNCNTF1Q6;2022-12-16
1440;4;0.13605703475398653;882.618382;20.853116;2013;0.0;6.185194521503833;4.577411797308363;-0.4040107794288019;-5.570197000000007;1000.0;316532;;15.855697664409178;2031-01-02;BRSTNCNTF204;2022-12-16
1441;5;0.1357184501105214;863.131384;22.804948999999965;2517;0.0;7.466621848034129;5.168336217862021;-0.4460953192700572;-6.715105999999992;1000.0;598170;;20.970288216573845;2033-01-03;BRSTNCNTF212;2022-12-16
1442;0;0.1539147427633926;1043.460113;0.046606000000110726;9;0.0;0.03571428571428571;0.03095054121848246;-0.0032295655237248866;0.5245260000001508;1000.0;2112452;;0.013890066447437769;2023-01-02;BRSTNCNTF147;2022-12-19
1443;1;0.1382082030289934;983.69254;2.592922000000044;511;0.0;1.8312963307076366;1.5773692294209785;-0.1551646343806965;1.3363749999999754;1000.0;215290;;2.053033101785465;2025-01-02;BRSTNCNTF170;2022-12-19
1444;2;0.1366122515311644;941.637838;9.622606000000019;1012;0.0;3.4073410503107286;2.825367608911059;-0.2660473046810239;2.0284070000000156;1000.0;1086183;;5.899606688318281;2027-01-04;BRSTNCNTF1P8;2022-12-19
1445;3;0.13590799994292846;910.029949;9.929298000000017;1511;0.0;4.839377880724025;3.810434256106205;-0.3467609291752183;2.207763;1000.0;2858212;;10.700573099840723;2029-01-02;BRSTNCNTF1Q6;2022-12-19
1446;4;0.13552128567365918;885.233228;12.843382999999903;2012;0.0;6.181226267535579;4.5796835366165745;-0.4054088040337547;2.614846000000057;1000.0;602431;;15.869095108723384;2031-01-02;BRSTNCNTF204;2022-12-19
1447;5;0.1352560084527328;865.633846;8.57233999999994;2516;0.0;7.462653594065876;5.171886465995562;-0.4476959972635086;2.502461999999923;1000.0;1727234;;20.994127983397412;2033-01-03;BRSTNCNTF212;2022-12-19
1448;0;0.15639996767094652;1043.981762;0.033104999999977736;8;0.0;0.031746031746031744;0.02745246689431055;-0.0028659874759568993;0.5216489999997975;1000.0;1576597;;0.012246594945949775;2023-01-02;BRSTNCNTF147;2022-12-20
1449;1;0.13448252253117235;989.997202;6.701248999999962;510;0.0;1.8273280767393825;1.5799188739580377;-0.1564115264605448;6.3046620000000075;1000.0;246010;;2.0607452469033207;2025-01-02;BRSTNCNTF170;2022-12-20
1450;2;0.13263512893720458;952.778118;57.28147999999999;1011;0.0;3.4033727963424747;2.837089106698511;-0.27031164196785085;11.140279999999962;1000.0;1822255;;5.942909803715436;2027-01-04;BRSTNCNTF1P8;2022-12-20
1451;3;0.1326949574430293;921.728412;12.563734999999951;1510;0.0;4.835409626755771;3.8290927940929853;-0.35293836204999707;11.69846300000006;1000.0;434296;;10.786048720871873;2029-01-02;BRSTNCNTF1Q6;2022-12-20
1452;4;0.1326291620137674;897.520046;10.999981999999932;2011;0.0;6.177258013567325;4.607383411161822;-0.4135218971125596;12.286817999999926;1000.0;515211;;16.019189640728623;2031-01-02;BRSTNCNTF204;2022-12-20
1453;5;0.13251187555750701;878.490977;17.242868999999928;2515;0.0;7.458685340097621;5.210316651065706;-0.45772161652740806;12.857131000000095;1000.0;1725933;;21.233537355858907;2033-01-03;BRSTNCNTF212;2022-12-20
1454;0;0.15943586509937627;1044.507857;0.030598000000054526;7;0.0;0.027777777777777776;0.02395801155200547;-0.002502433130416648;0.5260950000001685;1000.0;61956;;0.010618760561023751;2023-01-02;BRSTNCNTF147;2022-12-21
1455;1;0.13342195668654766;992.151313;7.331387000000063;509;0.0;1.8233598227711285;1.5781431192013764;-0.1565756767817561;2.1541109999999435;1000.0;84974;;2.0578916144708392;2025-01-02;BRSTNCNTF170;2022-12-21
1456;2;0.13163835119752493;955.947166;18.18440099999998;1010;0.0;3.3994045423742207;2.837409769603127;-0.27124138280328225;3.169048000000089;1000.0;1657753;;5.945206316396496;2027-01-04;BRSTNCNTF1P8;2022-12-21
1457;3;0.13182501680745792;925.260861;13.823191999999949;1509;0.0;4.831441372787518;3.831601857067077;-0.35452312332790825;3.5324489999999287;1000.0;725444;;10.798377585407486;2029-01-02;BRSTNCNTF1Q6;2022-12-21
1458;4;0.13165968226990626;901.985205;15.984785999999986;2010;0.0;6.173289759599071;4.614365199757154;-0.4162089140647822;4.4651589999999715;1000.0;210555;;16.05798185771548;2031-01-02;BRSTNCNTF204;2022-12-21
1459;5;0.13158365714880432;883.188893;15.410239000000047;2514;0.0;7.454717086129368;5.221042791735394;-0.4611167003538412;4.697915999999964;1000.0;211896;;21.301870664121868;2033-01-03;BRSTNCNTF212;2022-12-21
1460;0;0.16367038017908134;1045.030491;0.041063000000121974;6;0.0;0.023809523809523808;0.020460711447122717;-0.0021382067329795973;0.5226339999999254;1000.0;2738723;;0.009000754043872444;2023-01-02;BRSTNCNTF147;2022-12-22
1461;1;0.1316089478890303;995.485071;10.599059999999895;508;0.0;1.8193915688028743;1.5775876090482024;-0.15704649130020698;3.333757999999989;1000.0;283618;;2.058025721578669;2025-01-02;BRSTNCNTF170;2022-12-22
1462;2;0.1305109823971609;959.47924;17.330312999999933;1009;0.0;3.395436288405967;2.838231928681916;-0.2723224613875459;3.532073999999966;1000.0;1055640;;5.949312265048432;2027-01-04;BRSTNCNTF1P8;2022-12-22
1463;3;0.13086472271349764;929.127887;19.338486999999986;1508;0.0;4.827473118819264;3.8347383301379834;-0.3562962321879013;3.86702600000001;1000.0;195927;;10.813558893480428;2029-01-02;BRSTNCNTF1Q6;2022-12-22
1464;4;0.13069220807715903;906.467235;17.41326200000003;2009;0.0;6.169321505630817;4.621335029320744;-0.41890887860370185;4.482030000000009;1000.0;54212;;16.096731527325304;2031-01-02;BRSTNCNTF204;2022-12-22
1465;5;0.13083210847457893;887.097781;18.845122999999944;2513;0.0;7.450748832161114;5.229074215248295;-0.46387001330310795;3.908888000000047;1000.0;628992;;21.353536162718985;2033-01-03;BRSTNCNTF212;2022-12-22
1466;0;0.16902887827925644;1045.563957;0.05883400000016081;5;0.0;0.01984126984126984;0.016972437773529043;-0.0017745769198427297;0.5334660000000895;1000.0;2776608;;0.00740322980090694;2023-01-02;BRSTNCNTF147;2022-12-23
1467;1;0.12920422147553354;999.755451;5.8732800000000225;507;0.0;1.8154233148346204;1.577994727531512;-0.1577608830498889;4.270380000000046;1000.0;59494;;2.06051976580349;2025-01-02;BRSTNCNTF170;2022-12-23
1468;2;0.12919174785310378;963.546232;8.555793999999992;1008;0.0;3.3914680344377124;2.8397927289666822;-0.2736271583656844;4.0669920000000275;1000.0;560206;;5.956085132246984;2027-01-04;BRSTNCNTF1P8;2022-12-23
1469;3;0.13016744662699922;932.069631;20.462255000000027;1507;0.0;4.823504864851009;3.8360559816640856;-0.3575471283324987;2.9417439999999715;1000.0;796688;;10.820479017610996;2029-01-02;BRSTNCNTF1Q6;2022-12-23
1470;4;0.12976589493399793;910.801069;10.439149000000043;2008;0.0;6.165353251662562;4.6278679626581365;-0.42150670875798824;4.333834000000024;1000.0;181550;;16.133144388132468;2031-01-02;BRSTNCNTF204;2022-12-23
1471;5;0.12965293330571037;893.025976;29.119076000000064;2512;0.0;7.446780578192859;5.243698852671847;-0.46827592857573563;5.92819499999996;1000.0;1000591;;21.446156455391062;2033-01-03;BRSTNCNTF212;2022-12-23
1472;0;0.17710890860731998;1046.097752;0.019307000000026164;4;0.0;0.015873015873015872;0.013484747074629549;-0.0014106363601058547;0.5337949999998273;1000.0;2146479;;0.005818831106737579;2023-01-02;BRSTNCNTF147;2022-12-26
1473;1;0.13050841713277084;998.187214;12.694512000000032;506;0.0;1.8114550608663667;1.572359881161901;-0.1569509529182369;-1.5682369999999537;1000.0;108081;;2.0482441803982168;2025-01-02;BRSTNCNTF170;2022-12-26
1474;2;0.1300502720086475;961.667757;8.971119000000044;1007;0.0;3.3874997804694584;2.832979948504604;-0.2724385472704398;-1.8784749999999804;1000.0;260713;;5.932672167801303;2027-01-04;BRSTNCNTF1P8;2022-12-26
1475;3;0.13056442001890897;931.105164;10.088555000000042;1506;0.0;4.819536610882755;3.8297974852025676;-0.3565944215546324;-0.9644670000000133;1000.0;773516;;10.792992313223593;2029-01-02;BRSTNCNTF1Q6;2022-12-26
1476;4;0.1300945663289349;909.858751;0.0;2007;0.0;6.161384997694309;4.62079163119864;-0.4204267702193647;-0.9423180000000002;1000.0;0;;16.096118329373024;2031-01-02;BRSTNCNTF204;2022-12-26
1477;5;0.12999855220564355;891.842237;29.69591600000001;2511;0.0;7.442812324224605;5.234867768598785;-0.46686761811463384;-1.1837390000000596;1000.0;0;;21.393185123875988;2033-01-03;BRSTNCNTF212;2022-12-26
1478;0;0.19129232084304465;1046.625622;0.029334000000062588;3;0.0;0.011904761904761904;0.009993149226227297;-0.0010459086024638964;0.5278700000001209;1000.0;3540978;;0.004244175739211124;2023-01-02;BRSTNCNTF147;2022-12-27
1479;1;0.13032181230173334;998.965663;5.719974000000093;505;0.0;1.8074868068981127;1.56915227934658;-0.15675292470854174;0.7784489999999096;1000.0;4972;;2.041916253372967;2025-01-02;BRSTNCNTF170;2022-12-27
1480;2;0.13030911447630258;961.430167;26.48349900000005;1006;0.0;3.3835315265012045;2.8284755332290183;-0.2719381704267789;-0.23759000000006836;1000.0;351684;;5.917605619714916;2027-01-04;BRSTNCNTF1P8;2022-12-27
1481;3;0.13105676976117092;929.806191;7.948493000000099;1505;0.0;4.815568356914502;3.82288383459485;-0.35545410568801117;-1.2989729999999327;1000.0;19375;;10.762575737334027;2029-01-02;BRSTNCNTF1Q6;2022-12-27
1482;4;0.13071339632861276;907.705017;5.681086999999934;2006;0.0;6.157416743726055;4.610576879189094;-0.4185043764504144;-2.153733999999986;1000.0;29172;;16.042239122252976;2031-01-02;BRSTNCNTF204;2022-12-27
1483;5;0.13073064666492135;888.867794;7.54678100000001;2510;0.0;7.4388440702563505;5.22010483193892;-0.4639983066414288;-2.974442999999951;1000.0;5967;;21.30353594991572;2033-01-03;BRSTNCNTF212;2022-12-27
1484;0;0.21907698814888948;1047.161233;0.007000999999945634;2;0.0;0.007936507936507936;0.006510259837910552;-0.0006817291719016794;0.5356110000000172;1000.0;1017785;;0.002691346739104561;2023-01-02;BRSTNCNTF147;2022-12-28
1485;1;0.12791903656516374;1003.222995;5.335503000000017;504;0.0;1.8035185529298585;1.5695385497284569;-0.1574597164626539;4.257332000000019;1000.0;21650;;2.044359404600947;2025-01-02;BRSTNCNTF170;2022-12-28
1486;2;0.12762975020714035;969.21929;29.182870999999977;1005;0.0;3.3795632725329514;2.8352527899242794;-0.2747981696020929;7.789123000000018;1000.0;0;;5.943146932547916;2027-01-04;BRSTNCNTF1P8;2022-12-28
1487;3;0.12859562311608552;939.066085;16.604853999999932;1504;0.0;4.811600102946247;3.836405674774135;-0.36026384574819303;9.259894000000031;1000.0;105037;;10.824857156587452;2029-01-02;BRSTNCNTF1Q6;2022-12-28
1488;4;0.12844975320103866;917.693511;27.239468999999985;2005;0.0;6.1534484897578015;4.631611768460272;-0.42504000653872254;9.988493999999946;1000.0;0;;16.156795981185667;2031-01-02;BRSTNCNTF204;2022-12-28
1489;5;0.12837197317064786;900.349559;23.234736999999996;2509;0.0;7.4348758162880975;5.252894446481462;-0.47294411983631335;11.481764999999996;1000.0;213609;;21.508773319960863;2033-01-03;BRSTNCNTF212;2022-12-28
1490;0;0.30249010424886785;1047.709516;0.008020000000215077;1;0.0;0.003968253968253968;0.003046667274404661;-0.00031920222954795463;0.5482829999998557;1000.0;195406;;0.0011742288553583168;2023-01-02;BRSTNCNTF147;2022-12-29
1491;1;0.12733458544052037;1004.621675;0.47281599999996615;503;0.0;1.7995502989616048;1.5669688906898136;-0.15742109116376923;1.398680000000013;1000.0;601750;;2.0395961364976594;2025-01-02;BRSTNCNTF170;2022-12-29
1492;2;0.12690214768792474;971.682344;7.941801000000055;1004;0.0;3.3755950185646966;2.83453252313352;-0.27542652062226125;2.463053999999943;1000.0;142380;;5.94169648624407;2027-01-04;BRSTNCNTF1P8;2022-12-29
1493;3;0.1275750797056143;943.202642;11.139392000000043;1503;0.0;4.8076318489779934;3.8399656046949704;-0.36218657035374235;4.136556999999925;1000.0;646175;;10.841961255464057;2029-01-02;BRSTNCNTF1Q6;2022-12-29
1494;4;0.12754752560675234;921.979536;6.110651999999959;2004;0.0;6.1494802357895475;4.637898968428616;-0.4276047938926695;4.286025000000109;1000.0;16032;;16.1918884164579;2031-01-02;BRSTNCNTF204;2022-12-29
1495;5;0.12708437843478973;906.901841;19.601979999999912;2508;0.0;7.430907562319843;5.26925886214144;-0.4778700562781637;6.552281999999991;1000.0;436000;;21.612340175657906;2033-01-03;BRSTNCNTF212;2022-12-29
1496;0;;1048.259039;0.008020000000215077;0;0.0;0.0;-0.0;0.0;0.5495230000001357;1000.0;0;;0.0;2023-01-02;BRSTNCNTF147;2022-12-30
1497;1;0.1273358258102487;1005.097657;2.4278020000000424;502;0.0;1.7955820449933506;1.5634468482100765;-0.15714167639799825;0.47598200000004454;1000.0;0;;2.0325204185938452;2025-01-02;BRSTNCNTF170;2022-12-30
1498;2;0.12690281616881552;972.141285;3.912762999999927;1003;0.0;3.3716267645964426;2.8310085691840663;-0.275214030829261;0.4589410000000953;1000.0;1009751;;5.930149457825597;2027-01-04;BRSTNCNTF1P8;2022-12-30
1499;3;0.12757550450147095;943.650615;5.615428999999949;1502;0.0;4.8036635950097395;3.8364433767198642;-0.36202621518543765;0.44797300000004725;1000.0;435455;;10.826879607088175;2029-01-02;BRSTNCNTF1Q6;2022-12-30
1500;4;0.12754788583882287;922.417303;0.04900600000007671;2003;0.0;6.1455119818212935;4.634375684486495;-0.4274828319972812;0.4377669999998943;1000.0;2110;;16.173990393771984;2031-01-02;BRSTNCNTF204;2022-12-30
1501;5;0.12708467761917872;907.331055;15.941769000000022;2507;0.0;7.426939308351589;5.265733423390344;-0.4777763462393523;0.42921400000000176;1000.0;0;;21.59220362613983;2033-01-03;BRSTNCNTF212;2022-12-30
