;id;time_stamp;contract;maturity_code;open_interest_open;open_interest_close;number_of_trades;trading_volume;financial_volume;previous_settlement;indexed_settlement;opening_price;minimum_price;maximum_price;average_price;last_price;settlement_price;last_bid;last_offer
107350;754879;2022-03-02;FRC;K22;;;9;3759;455155227.0;;;0.83;0.75;0.83;0.81;0.75;0.75;0.0;0.0
107351;754880;2022-03-02;FRC;M22;;;15;15070;1823922023.0;;;1.01;0.95;1.01;0.95;0.95;0.95;0.0;0.0
107352;754881;2022-03-02;FRC;N22;;;20;20119;3871556720.0;;;0.99;0.95;0.99;0.95;0.95;0.95;0.0;0.0
107353;754882;2022-03-02;FRC;Q22;;;5;9800;1184476718.0;;;1.25;1.2;1.25;1.2;1.21;1.2;0.0;0.0
107354;754883;2022-03-02;FRC;U22;;;14;11805;1425556826.0;;;1.37;1.31;1.37;1.32;1.31;1.31;1.31;0.0
107355;754884;2022-03-02;FRC;V22;;;6;4264;818366617.0;;;1.46;1.41;1.46;1.42;1.41;1.41;0.0;0.0
107356;754885;2022-03-02;FRC;X22;;;6;2189;263833824.0;;;1.5;1.5;1.5;1.5;1.5;1.5;0.0;0.0
108568;754886;2022-03-02;FRC;Z22;;;9;2985;359631451.0;;;1.59;1.59;1.59;1.59;1.59;1.59;0.0;0.0
108569;754887;2022-03-02;FRC;F23;;;14;5962;1141025988.0;;;1.73;1.67;1.73;1.67;1.67;1.67;0.0;0.0
108570;754888;2022-03-02;FRC;G23;;;2;398;47909722.0;;;1.75;1.75;1.75;1.75;1.75;1.75;0.0;0.0
108571;754889;2022-03-02;FRC;H23;;;0;0;0.0;;;0.0;0.0;0.0;0.0;0.0;1.79;0.0;0.0
108572;754890;2022-03-02;FRC;J23;;;3;1386;264443516.0;;;1.85;1.85;1.85;1.85;1.85;1.85;0.0;0.0
108573;754891;2022-03-02;FRC;N23;;;4;693;131806217.0;;;1.98;1.98;1.98;1.98;1.98;1.98;0.0;0.0
108574;754892;2022-03-02;FRC;V23;;;5;1182;224025067.0;;;2.11;2.11;2.11;2.11;2.11;2.11;0.0;2.11
108575;754893;2022-03-02;FRC;F24;;;10;2921;551476476.0;;;2.31;2.21;2.31;2.24;2.21;2.21;0.0;0.0
108576;754894;2022-03-02;FRC;J24;;;7;1391;261889959.0;;;2.25;2.25;2.25;2.25;2.25;2.25;0.0;2.25
108577;754895;2022-03-02;FRC;N24;;;6;1443;270824685.0;;;2.28;2.28;2.28;2.28;2.28;2.28;2.25;0.0
108578;754896;2022-03-02;FRC;V24;;;1;233;27364866.0;;;2.45;2.45;2.45;2.45;2.45;2.33;0.0;0.0
108843;754897;2022-03-02;FRC;F25;;;8;2248;418666042.0;;;2.49;2.38;2.49;2.42;2.38;2.38;0.0;0.0
108844;754898;2022-03-02;FRC;J25;;;2;270;31482160.0;;;2.54;2.48;2.54;2.53;2.48;2.43;0.0;2.43
108845;754899;2022-03-02;FRC;N25;;;0;0;0.0;;;0.0;0.0;0.0;0.0;0.0;2.45;0.0;0.0
108846;754900;2022-03-02;FRC;V25;;;0;0;0.0;;;0.0;0.0;0.0;0.0;0.0;2.45;0.0;0.0
108847;754901;2022-03-02;FRC;F26;;;2;708;130076248.0;;;2.59;2.47;2.59;2.52;2.47;2.47;0.0;0.0
108848;754902;2022-03-02;FRC;J26;;;1;382;44065977.0;;;2.47;2.47;2.47;2.47;2.47;2.45;0.0;0.0
108849;754903;2022-03-02;FRC;N26;;;0;0;0.0;;;0.0;0.0;0.0;0.0;0.0;2.48;0.0;0.0
108850;754904;2022-03-02;FRC;V26;;;0;0;0.0;;;0.0;0.0;0.0;0.0;0.0;2.49;0.0;0.0
108851;754905;2022-03-02;FRC;F27;;;5;813;147413951.0;;;2.67;2.53;2.67;2.56;2.53;2.53;2.5;0.0
108852;754906;2022-03-02;FRC;F28;;;1;354;63131808.0;;;2.73;2.73;2.73;2.73;2.73;2.55;2.55;0.0
108853;754907;2022-03-02;FRC;F29;;;1;110;19326084.0;;;2.79;2.79;2.79;2.79;2.79;2.66;0.0;0.0
111092;754908;2022-03-02;FRC;F30;;;1;73;12657740.0;;;2.82;2.82;2.82;2.82;2.82;2.7;0.0;0.0
111093;754909;2022-03-02;FRC;F31;;;1;215;36679684.0;;;2.89;2.89;2.89;2.89;2.89;2.77;0.0;0.0
111094;754910;2022-03-02;FRC;F32;;;0;0;0.0;;;0.0;0.0;0.0;0.0;0.0;2.87;0.0;0.0
111095;754911;2022-03-02;FRC;F33;;;0;0;0.0;;;0.0;0.0;0.0;0.0;0.0;2.95;0.0;0.0
111096;754912;2022-03-02;FRC;F34;;;0;0;0.0;;;0.0;0.0;0.0;0.0;0.0;3.08;0.0;0.0
111097;754913;2022-03-02;FRC;F35;;;0;0;0.0;;;0.0;0.0;0.0;0.0;0.0;3.19;0.0;0.0
111098;754914;2022-03-02;FRC;F36;;;1;168;16491666.0;;;3.3;3.3;3.3;3.3;3.3;3.3;0.0;0.0
111099;754915;2022-03-02;FRC;F37;;;0;0;0.0;;;0.0;0.0;0.0;0.0;0.0;3.43;0.0;0.0
117259;755087;2022-03-03;FRC;K22;;;20;25116;2998576678.0;;;0.78;0.78;0.81;0.79;0.79;0.79;0.79;0.84
117260;755088;2022-03-03;FRC;M22;;;18;19844;2367711823.0;;;0.95;0.95;0.98;0.97;0.98;0.98;0.98;0.0
117261;755089;2022-03-03;FRC;N22;;;30;44171;8424607911.0;;;0.97;0.97;0.98;0.97;0.98;0.98;0.0;0.0
117519;755090;2022-03-03;FRC;Q22;;;21;14493;1727164983.0;;;1.26;1.26;1.26;1.26;1.26;1.26;0.0;0.0
117520;755091;2022-03-03;FRC;U22;;;25;20897;2487832333.0;;;1.33;1.33;1.37;1.36;1.37;1.37;1.37;0.0
117521;755092;2022-03-03;FRC;V22;;;41;29031;5522386703.0;;;1.4;1.4;1.48;1.43;1.48;1.46;0.0;0.0
117522;755093;2022-03-03;FRC;X22;;;9;3284;390248959.0;;;1.52;1.52;1.57;1.55;1.57;1.57;0.0;0.0
117523;755094;2022-03-03;FRC;Z22;;;13;7260;862053704.0;;;1.65;1.65;1.65;1.65;1.65;1.65;0.0;1.65
117524;755095;2022-03-03;FRC;F23;;;22;17185;3259343514.0;;;1.67;1.67;1.72;1.71;1.72;1.72;0.0;0.0
117525;755096;2022-03-03;FRC;G23;;;0;0;0.0;;;0.0;0.0;0.0;0.0;0.0;1.8;0.0;0.0
117526;755097;2022-03-03;FRC;H23;;;0;0;0.0;;;0.0;0.0;0.0;0.0;0.0;1.85;0.0;0.0
117527;755098;2022-03-03;FRC;J23;;;31;11408;2157173383.0;;;1.85;1.84;1.91;1.87;1.91;1.91;0.0;0.0
117528;755099;2022-03-03;FRC;N23;;;11;1713;322818414.0;;;1.98;1.98;2.03;2.02;2.03;2.03;0.0;0.0
117529;755100;2022-03-03;FRC;V23;;;11;7225;1356973707.0;;;2.1;2.1;2.16;2.13;2.16;2.16;0.0;0.0
117530;755101;2022-03-03;FRC;F24;;;17;5200;973163928.0;;;2.21;2.2;2.27;2.23;2.27;2.27;0.0;2.27
118566;755102;2022-03-03;FRC;J24;;;5;530;98904276.0;;;2.25;2.25;2.31;2.25;2.31;2.31;0.0;0.0
118567;755103;2022-03-03;FRC;N24;;;3;2769;515108679.0;;;2.28;2.28;2.28;2.28;2.28;2.33;0.0;0.0
118568;755104;2022-03-03;FRC;V24;;;0;0;0.0;;;0.0;0.0;0.0;0.0;0.0;2.38;0.0;2.38
118569;755105;2022-03-03;FRC;F25;;;14;6335;1169995770.0;;;2.37;2.37;2.43;2.39;2.42;2.42;0.0;2.42
118570;755106;2022-03-03;FRC;J25;;;0;0;0.0;;;0.0;0.0;0.0;0.0;0.0;2.47;0.0;0.0
118571;755107;2022-03-03;FRC;N25;;;0;0;0.0;;;0.0;0.0;0.0;0.0;0.0;2.49;0.0;0.0
118572;755108;2022-03-03;FRC;V25;;;0;0;0.0;;;0.0;0.0;0.0;0.0;0.0;2.48;0.0;0.0
118573;755109;2022-03-03;FRC;F26;;;3;612;111494367.0;;;2.5;2.5;2.5;2.5;2.5;2.5;0.0;0.0
118574;755110;2022-03-03;FRC;J26;;;0;0;0.0;;;0.0;0.0;0.0;0.0;0.0;2.47;0.0;0.0
118575;755111;2022-03-03;FRC;N26;;;0;0;0.0;;;0.0;0.0;0.0;0.0;0.0;2.5;0.0;0.0
118576;755112;2022-03-03;FRC;V26;;;0;0;0.0;;;0.0;0.0;0.0;0.0;0.0;2.51;0.0;0.0
118577;755113;2022-03-03;FRC;F27;;;5;775;139336081.0;;;2.55;2.55;2.55;2.55;2.55;2.55;0.0;0.0
118985;755114;2022-03-03;FRC;F28;;;3;580;102923845.0;;;2.59;2.59;2.59;2.59;2.59;2.59;0.0;0.0
118986;755115;2022-03-03;FRC;F29;;;1;185;32374747.0;;;2.65;2.65;2.65;2.65;2.65;2.65;0.0;0.0
118987;755116;2022-03-03;FRC;F30;;;3;273;47090571.0;;;2.7;2.7;2.7;2.7;2.7;2.7;0.0;2.7
118988;755117;2022-03-03;FRC;F31;;;1;108;18358989.0;;;2.76;2.76;2.76;2.76;2.76;2.76;0.0;0.0
118989;755118;2022-03-03;FRC;F32;;;1;178;18627604.0;;;2.84;2.84;2.84;2.84;2.84;2.84;0.0;0.0
118990;755119;2022-03-03;FRC;F33;;;0;0;0.0;;;0.0;0.0;0.0;0.0;0.0;2.92;0.0;0.0
118991;755120;2022-03-03;FRC;F34;;;0;0;0.0;;;0.0;0.0;0.0;0.0;0.0;3.05;0.0;0.0
118992;755121;2022-03-03;FRC;F35;;;0;0;0.0;;;0.0;0.0;0.0;0.0;0.0;3.16;0.0;0.0
118993;755122;2022-03-03;FRC;F36;;;0;0;0.0;;;0.0;0.0;0.0;0.0;0.0;3.27;0.0;0.0
118994;755123;2022-03-03;FRC;F37;;;0;0;0.0;;;0.0;0.0;0.0;0.0;0.0;3.4;0.0;0.0
119175;755294;2022-03-04;FRC;K22;;;37;92866;11329247712.0;;;0.8;0.8;0.95;0.87;0.95;0.9;0.9;0.95
119176;755295;2022-03-04;FRC;M22;;;11;9812;1196400336.0;;;1.02;1.02;1.1;1.08;1.1;1.1;1.1;0.0
119177;755296;2022-03-04;FRC;N22;;;17;19792;3826268596.0;;;1.01;1.0;1.07;1.06;1.07;1.07;0.0;0.0
119178;755297;2022-03-04;FRC;Q22;;;22;30335;3693766619.0;;;1.3;1.28;1.37;1.32;1.37;1.37;0.0;1.39
119179;755298;2022-03-04;FRC;U22;;;13;9171;1115620990.0;;;1.35;1.35;1.47;1.46;1.47;1.47;1.48;0.0
119180;755299;2022-03-04;FRC;V22;;;3;2211;426236580.0;;;1.46;1.46;1.55;1.54;1.55;1.55;1.55;0.0
119181;755300;2022-03-04;FRC;X22;;;26;7324;889367579.0;;;1.58;1.57;1.66;1.62;1.65;1.66;1.64;1.66
119182;755301;2022-03-04;FRC;Z22;;;9;10857;1317128831.0;;;1.67;1.67;1.73;1.72;1.72;1.73;0.0;1.73
119183;755302;2022-03-04;FRC;F23;;;14;5960;1145676581.0;;;1.72;1.72;1.78;1.77;1.78;1.78;1.23;2.0
119184;755303;2022-03-04;FRC;G23;;;0;0;0.0;;;0.0;0.0;0.0;0.0;0.0;1.86;0.0;0.0
119185;755304;2022-03-04;FRC;H23;;;1;991;119839713.0;;;1.91;1.91;1.91;1.91;1.91;1.9;0.0;0.0
119222;755305;2022-03-04;FRC;J23;;;15;9326;1787008555.0;;;1.9;1.9;1.96;1.94;1.96;1.96;0.0;1.96
119223;755306;2022-03-04;FRC;N23;;;7;3770;720232046.0;;;1.98;1.98;2.07;2.03;2.07;2.07;2.07;0.0
119224;755307;2022-03-04;FRC;V23;;;0;0;0.0;;;0.0;0.0;0.0;0.0;0.0;2.18;0.0;0.0
119225;755308;2022-03-04;FRC;F24;;;17;6943;1317323512.0;;;2.28;2.21;2.28;2.22;2.27;2.27;0.0;0.0
119226;755309;2022-03-04;FRC;J24;;;7;1567;296306141.0;;;2.3;2.3;2.3;2.3;2.3;2.3;2.3;0.0
119227;755310;2022-03-04;FRC;N24;;;1;195;36762697.0;;;2.31;2.31;2.31;2.31;2.31;2.31;0.0;0.0
119228;755311;2022-03-04;FRC;V24;;;0;0;0.0;;;0.0;0.0;0.0;0.0;0.0;2.35;0.0;0.0
119229;755312;2022-03-04;FRC;F25;;;13;3722;696903977.0;;;2.42;2.38;2.42;2.39;2.39;2.38;2.38;2.4
119230;755313;2022-03-04;FRC;J25;;;4;618;72731127.0;;;2.4;2.4;2.4;2.4;2.4;2.4;0.0;0.0
119231;755314;2022-03-04;FRC;N25;;;0;0;0.0;;;0.0;0.0;0.0;0.0;0.0;2.42;0.0;0.0
119232;755315;2022-03-04;FRC;V25;;;0;0;0.0;;;0.0;0.0;0.0;0.0;0.0;2.41;0.0;0.0
119233;755316;2022-03-04;FRC;F26;;;6;979;181069598.0;;;2.43;2.43;2.43;2.43;2.43;2.43;0.0;0.0
119270;755317;2022-03-04;FRC;J26;;;2;382;44412363.0;;;2.44;2.44;2.44;2.44;2.44;2.44;0.0;0.0
119271;755318;2022-03-04;FRC;N26;;;0;0;0.0;;;0.0;0.0;0.0;0.0;0.0;2.45;0.0;0.0
119272;755319;2022-03-04;FRC;V26;;;0;0;0.0;;;0.0;0.0;0.0;0.0;0.0;2.44;0.0;0.0
119273;755320;2022-03-04;FRC;F27;;;13;3027;552686598.0;;;2.55;2.45;2.55;2.47;2.45;2.46;0.0;0.0
119274;755321;2022-03-04;FRC;F28;;;1;187;33718410.0;;;2.5;2.5;2.5;2.5;2.5;2.5;0.0;0.0
119275;755322;2022-03-04;FRC;F29;;;0;0;0.0;;;0.0;0.0;0.0;0.0;0.0;2.57;0.0;2.57
119276;755323;2022-03-04;FRC;F30;;;0;0;0.0;;;0.0;0.0;0.0;0.0;0.0;2.63;0.0;2.63
119277;755324;2022-03-04;FRC;F31;;;1;72;12438991.0;;;2.69;2.69;2.69;2.69;2.69;2.7;0.0;2.7
119278;755325;2022-03-04;FRC;F32;;;0;0;0.0;;;0.0;0.0;0.0;0.0;0.0;2.78;0.0;2.8
119279;755326;2022-03-04;FRC;F33;;;0;0;0.0;;;0.0;0.0;0.0;0.0;0.0;2.87;0.0;2.87
119280;755327;2022-03-04;FRC;F34;;;0;0;0.0;;;0.0;0.0;0.0;0.0;0.0;3.01;0.0;3.02
119281;755328;2022-03-04;FRC;F35;;;0;0;0.0;;;0.0;0.0;0.0;0.0;0.0;3.13;0.0;3.15
119282;755329;2022-03-04;FRC;F36;;;0;0;0.0;;;0.0;0.0;0.0;0.0;0.0;3.24;0.0;3.3
119283;755330;2022-03-04;FRC;F37;;;0;0;0.0;;;0.0;0.0;0.0;0.0;0.0;3.37;0.0;0.0
119500;755501;2022-03-07;FRC;K22;;;50;150036;18253423369.0;;;0.97;0.97;0.99;0.98;0.99;0.99;0.99;0.0
119501;755502;2022-03-07;FRC;M22;;;13;15486;1883002831.0;;;1.18;1.18;1.18;1.18;1.18;1.18;1.18;0.0
119502;755503;2022-03-07;FRC;N22;;;17;38347;7400059734.0;;;1.12;1.12;1.19;1.15;1.19;1.19;0.0;0.0
119503;755504;2022-03-07;FRC;Q22;;;9;5808;705277526.0;;;1.43;1.43;1.47;1.46;1.47;1.47;0.0;0.0
119504;755505;2022-03-07;FRC;U22;;;8;3786;459130248.0;;;1.57;1.57;1.57;1.57;1.57;1.57;1.57;0.0
119505;755506;2022-03-07;FRC;V22;;;16;10713;2061212921.0;;;1.66;1.66;1.66;1.66;1.66;1.66;0.0;0.0
119506;755507;2022-03-07;FRC;X22;;;22;9154;1108394750.0;;;1.7;1.7;1.74;1.73;1.74;1.74;1.74;0.0
119507;755508;2022-03-07;FRC;Z22;;;1;596;72063443.0;;;1.81;1.81;1.81;1.81;1.81;1.82;0.0;0.0
119544;755509;2022-03-07;FRC;F23;;;13;6554;1257238590.0;;;1.88;1.88;1.88;1.88;1.88;1.88;1.85;0.0
119545;755510;2022-03-07;FRC;G23;;;2;853;102953257.0;;;1.88;1.88;1.96;1.95;1.96;1.94;0.0;0.0
119546;755511;2022-03-07;FRC;H23;;;17;4892;589674702.0;;;1.99;1.97;1.99;1.97;1.97;1.97;1.95;0.0
119547;755512;2022-03-07;FRC;J23;;;11;2851;545151522.0;;;1.97;1.97;2.04;2.03;2.04;2.04;2.03;0.0
119548;755513;2022-03-07;FRC;N23;;;8;8267;1575683911.0;;;2.14;2.14;2.14;2.14;2.14;2.14;2.14;0.0
119549;755514;2022-03-07;FRC;V23;;;0;0;0.0;;;0.0;0.0;0.0;0.0;0.0;2.25;2.25;0.0
119550;755515;2022-03-07;FRC;F24;;;12;6372;1206236416.0;;;2.28;2.28;2.33;2.3;2.33;2.33;2.33;0.0
119551;755516;2022-03-07;FRC;J24;;;0;0;0.0;;;0.0;0.0;0.0;0.0;0.0;2.37;0.0;2.37
119552;755517;2022-03-07;FRC;N24;;;1;19;3573627.0;;;2.31;2.31;2.31;2.31;2.31;2.4;0.0;0.0
119553;755518;2022-03-07;FRC;V24;;;0;0;0.0;;;0.0;0.0;0.0;0.0;0.0;2.42;0.0;2.42
119554;755519;2022-03-07;FRC;F25;;;9;5480;1024203200.0;;;2.39;2.39;2.42;2.4;2.42;2.42;2.42;0.0
119591;755520;2022-03-07;FRC;J25;;;2;193;22638537.0;;;2.44;2.44;2.44;2.44;2.44;2.44;0.0;0.0
119592;755521;2022-03-07;FRC;N25;;;5;634;117693907.0;;;2.46;2.46;2.46;2.46;2.46;2.46;0.0;2.47
119593;755522;2022-03-07;FRC;V25;;;0;0;0.0;;;0.0;0.0;0.0;0.0;0.0;2.45;0.0;0.0
119594;755523;2022-03-07;FRC;F26;;;7;8077;1490306468.0;;;2.46;2.46;2.48;2.46;2.48;2.46;0.0;0.0
119595;755524;2022-03-07;FRC;J26;;;0;0;0.0;;;0.0;0.0;0.0;0.0;0.0;2.47;0.0;0.0
119596;755525;2022-03-07;FRC;N26;;;1;95;17419462.0;;;2.48;2.48;2.48;2.48;2.48;2.48;0.0;0.0
119597;755526;2022-03-07;FRC;V26;;;0;0;0.0;;;0.0;0.0;0.0;0.0;0.0;2.46;0.0;0.0
119598;755527;2022-03-07;FRC;F27;;;6;1514;275949208.0;;;2.48;2.48;2.48;2.48;2.48;2.48;0.0;0.0
119599;755528;2022-03-07;FRC;F28;;;13;5706;1026520636.0;;;2.53;2.5;2.53;2.52;2.53;2.53;0.0;0.0
119600;755529;2022-03-07;FRC;F29;;;6;1665;295439301.0;;;2.59;2.59;2.59;2.59;2.59;2.59;0.0;0.0
119601;755530;2022-03-07;FRC;F30;;;4;1262;220801004.0;;;2.65;2.65;2.65;2.65;2.65;2.65;0.0;0.0
119602;755531;2022-03-07;FRC;F31;;;7;4690;808009263.0;;;2.73;2.73;2.73;2.73;2.73;2.73;0.0;0.0
119603;755532;2022-03-07;FRC;F32;;;1;178;18998834.0;;;2.8;2.8;2.8;2.8;2.8;2.8;0.0;0.0
119604;755533;2022-03-07;FRC;F33;;;2;1934;202960528.0;;;2.9;2.9;2.93;2.92;2.93;2.9;0.0;0.0
119605;755534;2022-03-07;FRC;F34;;;2;346;35578868.0;;;3.03;3.03;3.03;3.03;3.03;3.03;0.0;0.0
119606;755535;2022-03-07;FRC;F35;;;0;0;0.0;;;0.0;0.0;0.0;0.0;0.0;3.15;0.0;0.0
119607;755536;2022-03-07;FRC;F36;;;0;0;0.0;;;0.0;0.0;0.0;0.0;0.0;3.29;0.0;0.0
119608;755537;2022-03-07;FRC;F37;;;0;0;0.0;;;0.0;0.0;0.0;0.0;0.0;3.42;0.0;0.0
120075;755708;2022-03-08;FRC;K22;;;205;319024;38802942124.0;;;1.03;1.02;1.1;1.06;1.06;1.06;0.0;1.1
120076;755709;2022-03-08;FRC;M22;;;100;98709;11999141172.0;;;1.27;1.25;1.28;1.26;1.28;1.27;1.27;1.29
120077;755710;2022-03-08;FRC;N22;;;27;30628;5908675581.0;;;1.25;1.16;1.28;1.26;1.28;1.28;1.28;0.0
120078;755711;2022-03-08;FRC;Q22;;;111;34922;4239049225.0;;;1.53;1.52;1.56;1.53;1.55;1.55;1.55;1.57
120079;755712;2022-03-08;FRC;U22;;;25;19214;2329747952.0;;;1.65;1.64;1.66;1.65;1.66;1.66;1.66;1.67
120080;755713;2022-03-08;FRC;V22;;;23;12445;2393517242.0;;;1.74;1.73;1.76;1.75;1.76;1.76;0.0;0.0
120081;755714;2022-03-08;FRC;X22;;;8;4178;505621680.0;;;1.85;1.85;1.85;1.85;1.85;1.85;1.85;0.0
120082;755715;2022-03-08;FRC;Z22;;;3;795;96107803.0;;;1.95;1.95;1.95;1.95;1.95;1.95;1.93;1.95
120083;755716;2022-03-08;FRC;F23;;;31;26529;5086099379.0;;;1.92;1.92;1.99;1.98;1.99;1.99;0.0;1.99
120084;755717;2022-03-08;FRC;G23;;;12;4937;595459642.0;;;2.05;2.04;2.05;2.04;2.05;2.05;0.0;0.0
120085;755718;2022-03-08;FRC;H23;;;14;7742;932639333.0;;;2.01;2.01;2.09;2.08;2.09;2.09;0.0;0.0
120086;755719;2022-03-08;FRC;J23;;;9;7321;1398800856.0;;;2.16;2.16;2.16;2.16;2.16;2.16;2.16;0.0
120123;755720;2022-03-08;FRC;N23;;;10;9110;1734811654.0;;;2.2;2.2;2.28;2.25;2.26;2.27;2.21;2.28
120124;755721;2022-03-08;FRC;V23;;;3;687;130320526.0;;;2.39;2.39;2.4;2.39;2.4;2.39;2.39;0.0
120125;755722;2022-03-08;FRC;F24;;;13;2352;444577256.0;;;2.37;2.37;2.49;2.45;2.49;2.48;2.48;2.49
120126;755723;2022-03-08;FRC;J24;;;1;20;3769870.0;;;2.5;2.5;2.5;2.5;2.5;2.5;0.0;0.0
120127;755724;2022-03-08;FRC;N24;;;4;780;146439882.0;;;2.53;2.53;2.53;2.53;2.53;2.53;0.0;0.0
120128;755725;2022-03-08;FRC;V24;;;0;0;0.0;;;0.0;0.0;0.0;0.0;0.0;2.55;0.0;2.55
120129;755726;2022-03-08;FRC;F25;;;16;3440;641687355.0;;;2.47;2.46;2.55;2.53;2.55;2.54;2.54;2.56
120130;755727;2022-03-08;FRC;J25;;;1;193;22629627.0;;;2.47;2.47;2.47;2.47;2.47;2.56;0.0;2.56
120131;755728;2022-03-08;FRC;N25;;;0;0;0.0;;;0.0;0.0;0.0;0.0;0.0;2.58;0.0;0.0
120132;755729;2022-03-08;FRC;V25;;;0;0;0.0;;;0.0;0.0;0.0;0.0;0.0;2.56;0.0;0.0
120133;755730;2022-03-08;FRC;F26;;;2;382;70339239.0;;;2.57;2.57;2.57;2.57;2.57;2.57;0.0;0.0
120134;755731;2022-03-08;FRC;J26;;;2;382;44240741.0;;;2.57;2.57;2.57;2.57;2.57;2.57;0.0;0.0
120171;755732;2022-03-08;FRC;N26;;;0;0;0.0;;;0.0;0.0;0.0;0.0;0.0;2.59;0.0;0.0
120172;755733;2022-03-08;FRC;V26;;;0;0;0.0;;;0.0;0.0;0.0;0.0;0.0;2.57;0.0;0.0
120173;755734;2022-03-08;FRC;F27;;;28;19021;3457078427.0;;;2.6;2.58;2.6;2.59;2.6;2.6;0.0;0.0
120174;755735;2022-03-08;FRC;F28;;;0;0;0.0;;;0.0;0.0;0.0;0.0;0.0;2.65;0.0;0.0
120175;755736;2022-03-08;FRC;F29;;;3;497;87803215.0;;;2.72;2.72;2.72;2.72;2.72;2.72;2.71;2.72
120176;755737;2022-03-08;FRC;F30;;;0;0;0.0;;;0.0;0.0;0.0;0.0;0.0;2.78;2.77;0.0
120177;755738;2022-03-08;FRC;F31;;;4;2158;370011161.0;;;2.85;2.85;2.85;2.85;2.85;2.85;2.85;0.0
120178;755739;2022-03-08;FRC;F32;;;0;0;0.0;;;0.0;0.0;0.0;0.0;0.0;2.92;2.92;2.95
120179;755740;2022-03-08;FRC;F33;;;1;1174;122630735.0;;;3.02;3.02;3.02;3.02;3.02;3.02;0.0;3.11
120180;755741;2022-03-08;FRC;F34;;;1;1139;116548952.0;;;3.17;3.17;3.17;3.17;3.17;3.15;3.15;0.0
120181;755742;2022-03-08;FRC;F35;;;0;0;0.0;;;0.0;0.0;0.0;0.0;0.0;3.27;0.0;0.0
120182;755743;2022-03-08;FRC;F36;;;0;0;0.0;;;0.0;0.0;0.0;0.0;0.0;3.41;0.0;0.0
120183;755744;2022-03-08;FRC;F37;;;0;0;0.0;;;0.0;0.0;0.0;0.0;0.0;3.54;0.0;0.0
120652;755915;2022-03-09;FRC;K22;;;149;138870;16646004024.0;;;1.11;1.03;1.11;1.06;1.05;1.05;0.0;1.07
120653;755916;2022-03-09;FRC;M22;;;61;84036;10066490258.0;;;1.3;1.27;1.32;1.28;1.27;1.27;0.0;0.0
120654;755917;2022-03-09;FRC;N22;;;28;64536;12335872407.0;;;1.32;1.27;1.33;1.28;1.27;1.27;0.0;0.0
120655;755918;2022-03-09;FRC;Q22;;;60;57873;6920086566.0;;;1.6;1.54;1.6;1.56;1.54;1.54;1.54;1.56
120656;755919;2022-03-09;FRC;U22;;;32;22514;2689581991.0;;;1.71;1.65;1.71;1.66;1.65;1.65;1.65;1.66
120657;755920;2022-03-09;FRC;V22;;;5;5176;986369655.0;;;1.8;1.76;1.8;1.76;1.76;1.76;1.74;1.76
120658;755921;2022-03-09;FRC;X22;;;52;30628;3651948959.0;;;1.87;1.84;1.87;1.86;1.84;1.84;1.84;0.0
120659;755922;2022-03-09;FRC;Z22;;;29;10335;1231197444.0;;;1.98;1.96;1.98;1.97;1.96;1.94;1.91;1.95
120660;755923;2022-03-09;FRC;F23;;;26;13241;2515363530.0;;;2.0;1.98;2.01;1.99;1.98;1.98;0.0;0.0
120697;755924;2022-03-09;FRC;G23;;;7;3728;443140831.0;;;2.07;2.05;2.07;2.05;2.05;2.05;0.0;0.0
120698;755925;2022-03-09;FRC;H23;;;3;1525;181061797.0;;;2.11;2.1;2.11;2.1;2.11;2.09;0.0;0.0
120699;755926;2022-03-09;FRC;J23;;;14;3048;577018753.0;;;2.19;2.17;2.19;2.17;2.17;2.17;2.17;0.0
120700;755927;2022-03-09;FRC;N23;;;13;10666;2012190980.0;;;2.3;2.28;2.3;2.28;2.29;2.29;0.0;0.0
120701;755928;2022-03-09;FRC;V23;;;11;1845;346700700.0;;;2.41;2.4;2.44;2.42;2.44;2.44;0.0;2.44
120702;755929;2022-03-09;FRC;F24;;;24;6991;1308799160.0;;;2.52;2.5;2.52;2.5;2.51;2.51;2.52;0.0
120703;755930;2022-03-09;FRC;J24;;;5;1170;218315629.0;;;2.53;2.53;2.53;2.53;2.53;2.53;0.0;0.0
120704;755931;2022-03-09;FRC;N24;;;0;0;0.0;;;0.0;0.0;0.0;0.0;0.0;2.57;0.0;0.0
120705;755932;2022-03-09;FRC;V24;;;2;388;45060893.0;;;2.6;2.6;2.6;2.6;2.6;2.6;0.0;2.6
120706;755933;2022-03-09;FRC;F25;;;21;4865;898500692.0;;;2.57;2.57;2.6;2.59;2.6;2.6;0.0;0.0
120707;755934;2022-03-09;FRC;J25;;;2;386;44564594.0;;;2.61;2.61;2.61;2.61;2.61;2.61;0.0;2.61
120708;755935;2022-03-09;FRC;N25;;;0;0;0.0;;;0.0;0.0;0.0;0.0;0.0;2.63;0.0;0.0
120744;755936;2022-03-09;FRC;V25;;;0;0;0.0;;;0.0;0.0;0.0;0.0;0.0;2.61;0.0;0.0
120745;755937;2022-03-09;FRC;F26;;;0;0;0.0;;;0.0;0.0;0.0;0.0;0.0;2.62;0.0;0.0
120746;755938;2022-03-09;FRC;J26;;;0;0;0.0;;;0.0;0.0;0.0;0.0;0.0;2.63;0.0;0.0
120747;755939;2022-03-09;FRC;N26;;;0;0;0.0;;;0.0;0.0;0.0;0.0;0.0;2.65;0.0;0.0
120748;755940;2022-03-09;FRC;V26;;;0;0;0.0;;;0.0;0.0;0.0;0.0;0.0;2.63;0.0;0.0
120749;755941;2022-03-09;FRC;F27;;;7;1699;305545663.0;;;2.67;2.66;2.67;2.66;2.66;2.66;0.0;2.66
120750;755942;2022-03-09;FRC;F28;;;7;1302;230827900.0;;;2.72;2.72;2.72;2.72;2.72;2.72;0.0;0.0
120751;755943;2022-03-09;FRC;F29;;;0;0;0.0;;;0.0;0.0;0.0;0.0;0.0;2.78;0.0;0.0
120752;755944;2022-03-09;FRC;F30;;;0;0;0.0;;;0.0;0.0;0.0;0.0;0.0;2.84;0.0;0.0
120753;755945;2022-03-09;FRC;F31;;;1;180;30529830.0;;;2.9;2.9;2.9;2.9;2.9;2.9;0.0;0.0
120754;755946;2022-03-09;FRC;F32;;;0;0;0.0;;;0.0;0.0;0.0;0.0;0.0;2.97;0.0;0.0
120755;755947;2022-03-09;FRC;F33;;;0;0;0.0;;;0.0;0.0;0.0;0.0;0.0;3.07;0.0;0.0
120756;755948;2022-03-09;FRC;F34;;;0;0;0.0;;;0.0;0.0;0.0;0.0;0.0;3.2;0.0;0.0
120757;755949;2022-03-09;FRC;F35;;;0;0;0.0;;;0.0;0.0;0.0;0.0;0.0;3.32;0.0;0.0
120758;755950;2022-03-09;FRC;F36;;;0;0;0.0;;;0.0;0.0;0.0;0.0;0.0;3.46;0.0;0.0
120759;755951;2022-03-09;FRC;F37;;;0;0;0.0;;;0.0;0.0;0.0;0.0;0.0;3.59;0.0;0.0
121084;756122;2022-03-10;FRC;K22;;;66;168156;20451693694.0;;;1.05;0.95;1.05;1.0;1.0;1.0;1.01;1.03
121085;756123;2022-03-10;FRC;M22;;;194;67504;8206961049.0;;;1.28;1.21;1.28;1.24;1.22;1.22;1.22;0.0
121086;756124;2022-03-10;FRC;N22;;;38;28575;5512610787.0;;;1.27;1.23;1.28;1.23;1.23;1.23;0.0;0.0
121123;756125;2022-03-10;FRC;Q22;;;26;20739;2516149309.0;;;1.54;1.5;1.54;1.52;1.52;1.51;1.51;0.0
121124;756126;2022-03-10;FRC;U22;;;7;8172;990816269.0;;;1.63;1.62;1.63;1.62;1.62;1.62;1.62;0.0
121125;756127;2022-03-10;FRC;V22;;;13;8182;1573693721.0;;;1.8;1.73;1.8;1.73;1.73;1.73;1.73;0.0
121126;756128;2022-03-10;FRC;X22;;;38;35152;4253562167.0;;;1.84;1.83;1.84;1.83;1.83;1.83;1.83;0.0
121127;756129;2022-03-10;FRC;Z22;;;15;16591;2005232911.0;;;1.93;1.93;1.93;1.93;1.93;1.93;0.0;0.0
121128;756130;2022-03-10;FRC;F23;;;14;9987;1914733947.0;;;2.02;1.97;2.02;1.98;1.98;1.98;1.98;0.0
121129;756131;2022-03-10;FRC;G23;;;11;4300;518399273.0;;;2.05;2.05;2.05;2.05;2.05;2.05;2.05;0.0
121130;756132;2022-03-10;FRC;H23;;;7;4039;486471557.0;;;2.12;2.11;2.12;2.11;2.11;2.11;0.0;0.0
121131;756133;2022-03-10;FRC;J23;;;13;2257;431162486.0;;;2.2;2.16;2.21;2.19;2.19;2.19;2.19;0.0
121132;756134;2022-03-10;FRC;N23;;;14;15614;2972481010.0;;;2.3;2.28;2.33;2.3;2.32;2.32;2.32;0.0
121133;756135;2022-03-10;FRC;V23;;;3;216;40948185.0;;;2.47;2.47;2.48;2.47;2.48;2.47;0.0;2.47
121134;756136;2022-03-10;FRC;F24;;;53;7074;1336052751.0;;;2.54;2.54;2.55;2.54;2.55;2.55;2.55;0.0
121171;756137;2022-03-10;FRC;J24;;;1;98;18451502.0;;;2.56;2.56;2.56;2.56;2.56;2.57;0.0;0.0
121172;756138;2022-03-10;FRC;N24;;;1;19;3561468.0;;;2.6;2.6;2.6;2.6;2.6;2.61;0.0;0.0
121173;756139;2022-03-10;FRC;V24;;;1;97;11428614.0;;;2.63;2.63;2.63;2.63;2.63;2.65;0.0;2.65
121174;756140;2022-03-10;FRC;F25;;;5;830;154584221.0;;;2.63;2.62;2.65;2.64;2.65;2.65;0.0;2.68
121175;756141;2022-03-10;FRC;J25;;;1;96;11205812.0;;;2.64;2.64;2.64;2.64;2.64;2.66;0.0;2.66
121176;756142;2022-03-10;FRC;N25;;;0;0;0.0;;;0.0;0.0;0.0;0.0;0.0;2.68;0.0;0.0
121177;756143;2022-03-10;FRC;V25;;;0;0;0.0;;;0.0;0.0;0.0;0.0;0.0;2.66;0.0;0.0
121178;756144;2022-03-10;FRC;F26;;;1;57;10481690.0;;;2.63;2.63;2.63;2.63;2.63;2.66;0.0;0.0
121179;756145;2022-03-10;FRC;J26;;;0;0;0.0;;;0.0;0.0;0.0;0.0;0.0;2.67;0.0;0.0
121180;756146;2022-03-10;FRC;N26;;;0;0;0.0;;;0.0;0.0;0.0;0.0;0.0;2.69;0.0;0.0
121181;756147;2022-03-10;FRC;V26;;;0;0;0.0;;;0.0;0.0;0.0;0.0;0.0;2.67;0.0;0.0
121182;756148;2022-03-10;FRC;F27;;;8;1714;310749756.0;;;2.68;2.68;2.71;2.7;2.71;2.71;0.0;0.0
121219;756149;2022-03-10;FRC;F28;;;2;205;36649686.0;;;2.72;2.72;2.76;2.75;2.76;2.77;0.0;0.0
121220;756150;2022-03-10;FRC;F29;;;0;0;0.0;;;0.0;0.0;0.0;0.0;0.0;2.82;0.0;0.0
121221;756151;2022-03-10;FRC;F30;;;0;0;0.0;;;0.0;0.0;0.0;0.0;0.0;2.88;0.0;0.0
121222;756152;2022-03-10;FRC;F31;;;3;466;79568116.0;;;2.95;2.95;2.96;2.95;2.96;2.93;0.0;0.0
121223;756153;2022-03-10;FRC;F32;;;0;0;0.0;;;0.0;0.0;0.0;0.0;0.0;3.0;0.0;0.0
121224;756154;2022-03-10;FRC;F33;;;0;0;0.0;;;0.0;0.0;0.0;0.0;0.0;3.1;0.0;0.0
121225;756155;2022-03-10;FRC;F34;;;0;0;0.0;;;0.0;0.0;0.0;0.0;0.0;3.22;0.0;0.0
121226;756156;2022-03-10;FRC;F35;;;0;0;0.0;;;0.0;0.0;0.0;0.0;0.0;3.34;0.0;0.0
121227;756157;2022-03-10;FRC;F36;;;0;0;0.0;;;0.0;0.0;0.0;0.0;0.0;3.47;0.0;0.0
121228;756158;2022-03-10;FRC;F37;;;0;0;0.0;;;0.0;0.0;0.0;0.0;0.0;3.6;0.0;0.0
121660;756329;2022-03-11;FRC;K22;;;17;25790;3133717839.0;;;1.0;0.97;1.0;0.97;0.97;0.97;0.97;1.0
121661;756330;2022-03-11;FRC;M22;;;11;11948;1450879788.0;;;1.22;1.18;1.22;1.18;1.18;1.18;1.18;0.0
121662;756331;2022-03-11;FRC;N22;;;15;12900;2487235397.0;;;1.24;1.22;1.24;1.22;1.22;1.22;0.0;0.0
121663;756332;2022-03-11;FRC;Q22;;;13;15955;1934080356.0;;;1.51;1.5;1.51;1.5;1.5;1.5;0.0;0.0
121664;756333;2022-03-11;FRC;U22;;;7;10364;1255377757.0;;;1.62;1.61;1.62;1.61;1.61;1.61;0.0;0.0
121665;756334;2022-03-11;FRC;V22;;;12;7884;1515492117.0;;;1.76;1.72;1.76;1.73;1.72;1.72;1.72;0.0
121666;756335;2022-03-11;FRC;X22;;;12;11540;1395203862.0;;;1.84;1.84;1.84;1.84;1.84;1.84;1.84;0.0
121667;756336;2022-03-11;FRC;Z22;;;15;10925;1318913915.0;;;1.95;1.95;1.95;1.95;1.95;1.95;0.0;0.0
121668;756337;2022-03-11;FRC;F23;;;9;7026;1346204014.0;;;1.98;1.98;2.01;1.99;2.01;2.01;2.01;0.0
121669;756338;2022-03-11;FRC;G23;;;8;7594;914983512.0;;;2.05;2.05;2.09;2.05;2.09;2.09;0.0;0.0
121670;756339;2022-03-11;FRC;H23;;;2;13073;1573493881.0;;;2.11;2.11;2.11;2.11;2.11;2.15;2.15;2.16
121671;756340;2022-03-11;FRC;J23;;;8;7717;1473391572.0;;;2.18;2.18;2.23;2.18;2.23;2.23;2.21;2.24
121672;756341;2022-03-11;FRC;N23;;;26;4952;941944821.0;;;2.33;2.33;2.35;2.34;2.35;2.35;0.0;2.37
121673;756342;2022-03-11;FRC;V23;;;8;1392;263660152.0;;;2.5;2.5;2.51;2.5;2.51;2.51;0.0;0.0
121674;756343;2022-03-11;FRC;F24;;;12;3581;675691454.0;;;2.57;2.57;2.6;2.59;2.6;2.6;0.0;0.0
121675;756344;2022-03-11;FRC;J24;;;6;1170;220024486.0;;;2.61;2.61;2.61;2.61;2.61;2.61;0.0;0.0
121676;756345;2022-03-11;FRC;N24;;;2;388;72695253.0;;;2.65;2.65;2.65;2.65;2.65;2.65;0.0;0.0
121677;756346;2022-03-11;FRC;V24;;;4;1414;166226840.0;;;2.69;2.69;2.69;2.69;2.69;2.69;0.0;0.0
121678;756347;2022-03-11;FRC;F25;;;7;1525;283716481.0;;;2.67;2.66;2.7;2.68;2.7;2.7;0.0;0.0
121679;756348;2022-03-11;FRC;J25;;;0;0;0.0;;;0.0;0.0;0.0;0.0;0.0;2.71;0.0;0.0
121680;756349;2022-03-11;FRC;N25;;;3;384;70953997.0;;;2.71;2.71;2.72;2.71;2.72;2.72;0.0;0.0
121681;756350;2022-03-11;FRC;V25;;;2;210;24322928.0;;;2.69;2.69;2.72;2.71;2.72;2.71;0.0;0.0
121682;756351;2022-03-11;FRC;F26;;;5;629;115432260.0;;;2.67;2.67;2.73;2.72;2.73;2.73;0.0;0.0
121683;756352;2022-03-11;FRC;J26;;;1;133;15314455.0;;;2.73;2.73;2.73;2.73;2.73;2.74;0.0;0.0
121684;756353;2022-03-11;FRC;N26;;;1;189;34438235.0;;;2.75;2.75;2.75;2.75;2.75;2.75;0.0;0.0
121685;756354;2022-03-11;FRC;V26;;;0;0;0.0;;;0.0;0.0;0.0;0.0;0.0;2.73;0.0;0.0
121686;756355;2022-03-11;FRC;F27;;;8;2636;477394867.0;;;2.71;2.71;2.76;2.72;2.75;2.76;2.75;2.76
121723;756356;2022-03-11;FRC;F28;;;1;19;3398145.0;;;2.78;2.78;2.78;2.78;2.78;2.82;0.0;0.0
121724;756357;2022-03-11;FRC;F29;;;2;276;48519042.0;;;2.87;2.87;2.87;2.87;2.87;2.87;0.0;0.0
121725;756358;2022-03-11;FRC;F30;;;3;543;93971005.0;;;2.93;2.93;2.93;2.93;2.93;2.93;0.0;2.93
121726;756359;2022-03-11;FRC;F31;;;1;358;61028509.0;;;2.98;2.98;2.98;2.98;2.98;2.98;0.0;0.0
121727;756360;2022-03-11;FRC;F32;;;0;0;0.0;;;0.0;0.0;0.0;0.0;0.0;3.05;3.05;3.08
121728;756361;2022-03-11;FRC;F33;;;0;0;0.0;;;0.0;0.0;0.0;0.0;0.0;3.15;0.0;0.0
121729;756362;2022-03-11;FRC;F34;;;0;0;0.0;;;0.0;0.0;0.0;0.0;0.0;3.27;0.0;0.0
121730;756363;2022-03-11;FRC;F35;;;0;0;0.0;;;0.0;0.0;0.0;0.0;0.0;3.39;0.0;0.0
121731;756364;2022-03-11;FRC;F36;;;0;0;0.0;;;0.0;0.0;0.0;0.0;0.0;3.52;0.0;0.0
121732;756365;2022-03-11;FRC;F37;;;0;0;0.0;;;0.0;0.0;0.0;0.0;0.0;3.65;0.0;0.0
122165;756536;2022-03-14;FRC;K22;;;42;98097;12117731019.0;;;0.97;0.96;0.99;0.97;0.98;0.98;0.0;1.0
122166;756537;2022-03-14;FRC;M22;;;39;45917;5668910105.0;;;1.18;1.17;1.19;1.18;1.18;1.18;0.0;0.0
122167;756538;2022-03-14;FRC;N22;;;22;42214;8224666788.0;;;1.22;1.22;1.26;1.24;1.26;1.25;1.26;1.27
122168;756539;2022-03-14;FRC;Q22;;;16;18028;2221644125.0;;;1.5;1.5;1.53;1.52;1.53;1.53;0.0;0.0
122169;756540;2022-03-14;FRC;U22;;;11;6775;834162141.0;;;1.61;1.61;1.68;1.67;1.68;1.68;0.0;0.0
122170;756541;2022-03-14;FRC;V22;;;11;7365;1430540423.0;;;1.72;1.72;1.78;1.76;1.78;1.78;0.0;0.0
122171;756542;2022-03-14;FRC;X22;;;2;1094;134444193.0;;;1.85;1.85;1.9;1.85;1.9;1.9;1.91;0.0
122172;756543;2022-03-14;FRC;Z22;;;32;14110;1732173785.0;;;1.96;1.96;2.02;2.0;2.01;2.01;0.0;0.0
122173;756544;2022-03-14;FRC;F23;;;11;3609;698487907.0;;;2.08;2.07;2.1;2.09;2.1;2.1;0.0;0.0
122174;756545;2022-03-14;FRC;G23;;;2;991;121337786.0;;;2.18;2.18;2.18;2.18;2.18;2.18;0.0;0.0
122175;756546;2022-03-14;FRC;H23;;;6;1386;169520182.0;;;2.24;2.24;2.24;2.24;2.24;2.24;0.0;2.25
122176;756547;2022-03-14;FRC;J23;;;9;4746;915283164.0;;;2.23;2.23;2.31;2.27;2.31;2.31;2.31;0.0
122213;756548;2022-03-14;FRC;N23;;;6;1202;230909317.0;;;2.44;2.44;2.44;2.44;2.44;2.44;0.0;0.0
122214;756549;2022-03-14;FRC;V23;;;0;0;0.0;;;0.0;0.0;0.0;0.0;0.0;2.6;0.0;0.0
122215;756550;2022-03-14;FRC;F24;;;11;2185;416245070.0;;;2.67;2.67;2.69;2.68;2.69;2.69;0.0;0.0
122216;756551;2022-03-14;FRC;J24;;;11;2748;521772816.0;;;2.7;2.7;2.7;2.7;2.7;2.7;0.0;0.0
122217;756552;2022-03-14;FRC;N24;;;5;1552;293500748.0;;;2.76;2.76;2.76;2.76;2.76;2.76;0.0;0.0
122218;756553;2022-03-14;FRC;V24;;;0;0;0.0;;;0.0;0.0;0.0;0.0;0.0;2.8;0.0;0.0
122219;756554;2022-03-14;FRC;F25;;;6;984;184680089.0;;;2.82;2.82;2.82;2.82;2.82;2.82;2.82;0.0
122220;756555;2022-03-14;FRC;J25;;;1;96;11371921.0;;;2.79;2.79;2.79;2.79;2.79;2.84;0.0;0.0
122221;756556;2022-03-14;FRC;N25;;;0;0;0.0;;;0.0;0.0;0.0;0.0;0.0;2.87;0.0;0.0
122222;756557;2022-03-14;FRC;V25;;;5;783;92129570.0;;;2.87;2.87;2.88;2.87;2.88;2.87;2.77;2.88
122223;756558;2022-03-14;FRC;F26;;;6;1140;210806065.0;;;2.88;2.88;2.88;2.88;2.88;2.88;2.86;2.88
122224;756559;2022-03-14;FRC;J26;;;0;0;0.0;;;0.0;0.0;0.0;0.0;0.0;2.89;2.79;2.89
122225;756560;2022-03-14;FRC;N26;;;0;0;0.0;;;0.0;0.0;0.0;0.0;0.0;2.9;2.8;2.91
122226;756561;2022-03-14;FRC;V26;;;0;0;0.0;;;0.0;0.0;0.0;0.0;0.0;2.87;0.0;0.0
122227;756562;2022-03-14;FRC;F27;;;7;1503;274026022.0;;;2.9;2.9;2.9;2.9;2.9;2.9;0.0;0.0
122228;756563;2022-03-14;FRC;F28;;;0;0;0.0;;;0.0;0.0;0.0;0.0;0.0;2.96;0.0;0.0
122229;756564;2022-03-14;FRC;F29;;;0;0;0.0;;;0.0;0.0;0.0;0.0;0.0;3.01;3.0;0.0
122230;756565;2022-03-14;FRC;F30;;;0;0;0.0;;;0.0;0.0;0.0;0.0;0.0;3.08;0.0;0.0
122231;756566;2022-03-14;FRC;F31;;;0;0;0.0;;;0.0;0.0;0.0;0.0;0.0;3.13;0.0;0.0
122232;756567;2022-03-14;FRC;F32;;;1;176;18778948.0;;;3.2;3.2;3.2;3.2;3.2;3.2;0.0;0.0
122233;756568;2022-03-14;FRC;F33;;;0;0;0.0;;;0.0;0.0;0.0;0.0;0.0;3.3;0.0;0.0
122234;756569;2022-03-14;FRC;F34;;;0;0;0.0;;;0.0;0.0;0.0;0.0;0.0;3.42;0.0;0.0
122235;756570;2022-03-14;FRC;F35;;;0;0;0.0;;;0.0;0.0;0.0;0.0;0.0;3.54;0.0;0.0
122236;756571;2022-03-14;FRC;F36;;;0;0;0.0;;;0.0;0.0;0.0;0.0;0.0;3.67;0.0;0.0
122237;756572;2022-03-14;FRC;F37;;;0;0;0.0;;;0.0;0.0;0.0;0.0;0.0;3.8;0.0;0.0
122705;756744;2022-03-15;FRC;K22;;;32;85223;10506403691.0;;;0.98;0.97;1.02;0.98;1.02;0.99;0.99;1.02
122706;756745;2022-03-15;FRC;M22;;;22;33127;4081549908.0;;;1.19;1.17;1.22;1.17;1.19;1.19;1.19;0.0
122707;756746;2022-03-15;FRC;N22;;;16;10461;2035476684.0;;;1.24;1.24;1.28;1.27;1.28;1.28;0.0;0.0
122708;756747;2022-03-15;FRC;Q22;;;12;7698;946741067.0;;;1.52;1.52;1.57;1.56;1.57;1.57;0.0;0.0
122709;756748;2022-03-15;FRC;U22;;;12;5022;617107902.0;;;1.67;1.67;1.73;1.71;1.73;1.72;1.71;0.0
122710;756749;2022-03-15;FRC;V22;;;11;11744;2277841177.0;;;1.79;1.79;1.83;1.82;1.83;1.83;0.0;0.0
122711;756750;2022-03-15;FRC;X22;;;3;438;53745707.0;;;1.89;1.89;1.93;1.9;1.93;1.93;0.0;0.0
122712;756751;2022-03-15;FRC;Z22;;;2;219;26859641.0;;;2.03;2.03;2.03;2.03;2.03;2.03;0.0;0.0
122749;756752;2022-03-15;FRC;F23;;;16;5892;1138897481.0;;;2.05;2.05;2.11;2.1;2.11;2.11;0.0;0.0
122750;756753;2022-03-15;FRC;G23;;;5;1981;241986884.0;;;2.2;2.2;2.2;2.2;2.2;2.2;0.0;0.0
122751;756754;2022-03-15;FRC;H23;;;2;218;26624375.0;;;2.21;2.21;2.26;2.25;2.26;2.26;0.0;0.0
122752;756755;2022-03-15;FRC;J23;;;10;3164;609310481.0;;;2.31;2.3;2.33;2.31;2.33;2.33;0.0;0.0
122753;756756;2022-03-15;FRC;N23;;;13;4531;869361989.0;;;2.39;2.39;2.44;2.43;2.44;2.44;2.44;0.0
122754;756757;2022-03-15;FRC;V23;;;2;1863;355894110.0;;;2.61;2.61;2.61;2.61;2.61;2.61;0.0;2.61
122755;756758;2022-03-15;FRC;F24;;;18;7365;1401469530.0;;;2.64;2.64;2.71;2.68;2.71;2.71;0.0;2.71
122756;756759;2022-03-15;FRC;J24;;;6;1170;221774505.0;;;2.75;2.75;2.75;2.75;2.75;2.75;0.0;0.0
122757;756760;2022-03-15;FRC;N24;;;1;19;3585558.0;;;2.76;2.76;2.76;2.76;2.76;2.8;2.78;2.8
122758;756761;2022-03-15;FRC;V24;;;0;0;0.0;;;0.0;0.0;0.0;0.0;0.0;2.84;0.0;0.0
122759;756762;2022-03-15;FRC;F25;;;6;3547;665005377.0;;;2.79;2.79;2.85;2.8;2.84;2.85;2.84;2.85
122760;756763;2022-03-15;FRC;J25;;;0;0;0.0;;;0.0;0.0;0.0;0.0;0.0;2.87;0.0;0.0
122761;756764;2022-03-15;FRC;N25;;;0;0;0.0;;;0.0;0.0;0.0;0.0;0.0;2.89;0.0;0.0
122762;756765;2022-03-15;FRC;V25;;;0;0;0.0;;;0.0;0.0;0.0;0.0;0.0;2.89;0.0;0.0
122763;756766;2022-03-15;FRC;F26;;;3;570;105254979.0;;;2.89;2.89;2.89;2.89;2.89;2.89;2.89;2.91
122764;756767;2022-03-15;FRC;J26;;;0;0;0.0;;;0.0;0.0;0.0;0.0;0.0;2.9;0.0;0.0
122765;756768;2022-03-15;FRC;N26;;;0;0;0.0;;;0.0;0.0;0.0;0.0;0.0;2.92;0.0;0.0
122766;756769;2022-03-15;FRC;V26;;;0;0;0.0;;;0.0;0.0;0.0;0.0;0.0;2.9;0.0;0.0
122767;756770;2022-03-15;FRC;F27;;;8;2252;409779379.0;;;2.93;2.93;2.93;2.93;2.93;2.93;2.91;2.94
122768;756771;2022-03-15;FRC;F28;;;0;0;0.0;;;0.0;0.0;0.0;0.0;0.0;3.0;0.0;0.0
122769;756772;2022-03-15;FRC;F29;;;1;183;32277043.0;;;3.06;3.06;3.06;3.06;3.06;3.06;3.05;3.06
122770;756773;2022-03-15;FRC;F30;;;3;540;93717529.0;;;3.11;3.11;3.11;3.11;3.11;3.11;0.0;0.0
122771;756774;2022-03-15;FRC;F31;;;0;0;0.0;;;0.0;0.0;0.0;0.0;0.0;3.16;3.16;0.0
122772;756775;2022-03-15;FRC;F32;;;0;0;0.0;;;0.0;0.0;0.0;0.0;0.0;3.23;0.0;0.0
122773;756776;2022-03-15;FRC;F33;;;0;0;0.0;;;0.0;0.0;0.0;0.0;0.0;3.33;0.0;0.0
122774;756777;2022-03-15;FRC;F34;;;0;0;0.0;;;0.0;0.0;0.0;0.0;0.0;3.45;3.41;3.5
122775;756778;2022-03-15;FRC;F35;;;0;0;0.0;;;0.0;0.0;0.0;0.0;0.0;3.57;0.0;0.0
122776;756779;2022-03-15;FRC;F36;;;0;0;0.0;;;0.0;0.0;0.0;0.0;0.0;3.7;0.0;0.0
122777;756780;2022-03-15;FRC;F37;;;0;0;0.0;;;0.0;0.0;0.0;0.0;0.0;3.83;0.0;0.0
123248;756952;2022-03-16;FRC;K22;;;62;107002;12945348609.0;;;0.94;0.94;1.02;1.0;0.99;0.99;0.99;0.0
123249;756953;2022-03-16;FRC;M22;;;14;30050;3633167344.0;;;1.21;1.21;1.23;1.22;1.22;1.22;0.0;0.0
123250;756954;2022-03-16;FRC;N22;;;20;33243;6391848049.0;;;1.29;1.29;1.29;1.29;1.29;1.29;1.29;1.32
123251;756955;2022-03-16;FRC;Q22;;;22;16791;2026354424.0;;;1.56;1.56;1.59;1.58;1.59;1.59;1.59;0.0
123252;756956;2022-03-16;FRC;U22;;;14;16159;1948248381.0;;;1.79;1.75;1.79;1.75;1.75;1.75;0.0;0.0
123253;756957;2022-03-16;FRC;V22;;;9;4140;793408860.0;;;1.88;1.87;1.88;1.87;1.88;1.87;0.0;1.88
123254;756958;2022-03-16;FRC;X22;;;15;7757;933417854.0;;;1.98;1.98;1.98;1.98;1.98;1.98;0.0;0.0
123255;756959;2022-03-16;FRC;Z22;;;22;10929;1313761073.0;;;2.05;2.05;2.07;2.06;2.07;2.07;2.07;2.1
123256;756960;2022-03-16;FRC;F23;;;13;7835;1496367456.0;;;2.12;2.12;2.16;2.14;2.16;2.16;2.16;0.0
123293;756961;2022-03-16;FRC;G23;;;4;3131;375385842.0;;;2.2;2.2;2.26;2.2;2.26;2.26;0.0;0.0
123294;756962;2022-03-16;FRC;H23;;;3;673;80589899.0;;;2.28;2.28;2.31;2.3;2.31;2.31;0.0;0.0
123295;756963;2022-03-16;FRC;J23;;;7;1068;203180354.0;;;2.35;2.35;2.39;2.37;2.39;2.39;2.39;0.0
123296;756964;2022-03-16;FRC;N23;;;7;1595;302268686.0;;;2.46;2.46;2.52;2.51;2.52;2.52;0.0;0.0
123297;756965;2022-03-16;FRC;V23;;;3;255;48108773.0;;;2.69;2.69;2.71;2.69;2.71;2.69;0.0;0.0
123298;756966;2022-03-16;FRC;F24;;;11;3318;623345013.0;;;2.74;2.74;2.79;2.78;2.79;2.79;2.79;0.0
123299;756967;2022-03-16;FRC;J24;;;3;585;109512434.0;;;2.77;2.77;2.83;2.81;2.83;2.83;0.0;0.0
123300;756968;2022-03-16;FRC;N24;;;1;194;36186382.0;;;2.82;2.82;2.82;2.82;2.82;2.87;2.87;0.0
123301;756969;2022-03-16;FRC;V24;;;1;39;4581174.0;;;2.84;2.84;2.84;2.84;2.84;2.91;0.0;2.91
123302;756970;2022-03-16;FRC;F25;;;6;806;149093368.0;;;2.91;2.91;2.91;2.91;2.91;2.91;2.91;0.0
123303;756971;2022-03-16;FRC;J25;;;1;96;11128211.0;;;2.93;2.93;2.93;2.93;2.93;2.93;2.93;0.0
123304;756972;2022-03-16;FRC;N25;;;0;0;0.0;;;0.0;0.0;0.0;0.0;0.0;2.95;0.0;0.0
123341;756973;2022-03-16;FRC;V25;;;1;57;6541381.0;;;2.97;2.97;2.97;2.97;2.97;2.95;0.0;0.0
123342;756974;2022-03-16;FRC;F26;;;2;2108;384259933.0;;;2.91;2.91;2.95;2.94;2.95;2.95;2.95;0.0
123343;756975;2022-03-16;FRC;J26;;;0;0;0.0;;;0.0;0.0;0.0;0.0;0.0;2.96;0.0;0.0
123344;756976;2022-03-16;FRC;N26;;;1;19;3442157.0;;;2.93;2.93;2.93;2.93;2.93;2.98;0.0;0.0
123345;756977;2022-03-16;FRC;V26;;;0;0;0.0;;;0.0;0.0;0.0;0.0;0.0;2.96;0.0;0.0
123346;756978;2022-03-16;FRC;F27;;;12;5661;1016665375.0;;;2.94;2.94;2.99;2.98;2.99;2.99;0.0;0.0
123347;756979;2022-03-16;FRC;F28;;;8;1517;268138011.0;;;3.02;3.02;3.06;3.05;3.06;3.06;0.0;0.0
123348;756980;2022-03-16;FRC;F29;;;1;91;15833526.0;;;3.1;3.1;3.1;3.1;3.1;3.11;3.13;0.0
123349;756981;2022-03-16;FRC;F30;;;4;1585;271410610.0;;;3.12;3.12;3.19;3.16;3.16;3.16;3.16;0.0
123350;756982;2022-03-16;FRC;F31;;;0;0;0.0;;;0.0;0.0;0.0;0.0;0.0;3.2;0.0;0.0
123351;756983;2022-03-16;FRC;F32;;;0;0;0.0;;;0.0;0.0;0.0;0.0;0.0;3.28;0.0;0.0
123352;756984;2022-03-16;FRC;F33;;;0;0;0.0;;;0.0;0.0;0.0;0.0;0.0;3.39;0.0;0.0
123353;756985;2022-03-16;FRC;F34;;;0;0;0.0;;;0.0;0.0;0.0;0.0;0.0;3.53;0.0;0.0
123354;756986;2022-03-16;FRC;F35;;;0;0;0.0;;;0.0;0.0;0.0;0.0;0.0;3.66;0.0;0.0
123355;756987;2022-03-16;FRC;F36;;;10;2478;236810157.0;;;3.8;3.8;3.8;3.8;3.8;3.8;0.0;0.0
123356;756988;2022-03-16;FRC;F37;;;0;0;0.0;;;0.0;0.0;0.0;0.0;0.0;3.93;0.0;0.0
123717;757161;2022-02-25;FRC;K22;;;2;980;119906307.0;;;0.83;0.83;0.83;0.83;0.83;0.83;0.0;0.86
123718;757162;2022-02-25;FRC;M22;;;2;1519;185738008.0;;;1.01;1.01;1.01;1.01;1.01;1.01;0.0;0.0
123719;757163;2022-02-25;FRC;N22;;;16;31145;6031846474.0;;;0.96;0.96;0.99;0.96;0.99;0.99;0.0;0.0
123720;757164;2022-02-25;FRC;Q22;;;6;10519;1284503739.0;;;1.23;1.23;1.25;1.23;1.25;1.25;1.22;1.25
123721;757165;2022-02-25;FRC;U22;;;9;11127;1357522339.0;;;1.33;1.33;1.37;1.33;1.37;1.37;0.0;0.0
123722;757166;2022-02-25;FRC;V22;;;1;199;38433627.0;;;1.46;1.46;1.46;1.46;1.46;1.46;0.0;0.0
123723;757167;2022-02-25;FRC;X22;;;7;1214;147821113.0;;;1.57;1.57;1.57;1.57;1.57;1.57;0.0;0.0
123724;757168;2022-02-25;FRC;Z22;;;10;2428;295527339.0;;;1.65;1.65;1.65;1.65;1.65;1.65;0.0;0.0
123725;757169;2022-02-25;FRC;F23;;;25;11702;2253389387.0;;;1.72;1.69;1.73;1.72;1.73;1.73;1.7;1.73
123726;757170;2022-02-25;FRC;G23;;;3;594;72014656.0;;;1.8;1.8;1.8;1.8;1.8;1.8;0.0;0.0
123727;757171;2022-02-25;FRC;H23;;;0;0;0.0;;;0.0;0.0;0.0;0.0;0.0;1.85;0.0;0.0
123728;757172;2022-02-25;FRC;J23;;;8;2574;494080958.0;;;1.91;1.91;1.91;1.91;1.91;1.91;1.9;0.0
123729;757173;2022-02-25;FRC;N23;;;10;2228;426268911.0;;;1.99;1.99;2.04;2.03;2.04;2.04;0.0;0.0
123730;757174;2022-02-25;FRC;V23;;;7;1909;363922054.0;;;2.12;2.12;2.18;2.17;2.18;2.18;0.0;0.0
123731;757175;2022-02-25;FRC;F24;;;14;12039;2286680663.0;;;2.24;2.24;2.31;2.27;2.31;2.31;0.0;0.0
123732;757176;2022-02-25;FRC;J24;;;2;489;92601240.0;;;2.3;2.3;2.31;2.3;2.31;2.37;0.0;0.0
123733;757177;2022-02-25;FRC;N24;;;7;2729;514683628.0;;;2.41;2.41;2.41;2.41;2.41;2.41;0.0;0.0
123734;757178;2022-02-25;FRC;V24;;;10;2522;299081154.0;;;2.45;2.45;2.45;2.45;2.45;2.45;0.0;0.0
123735;757179;2022-02-25;FRC;F25;;;17;3518;658778635.0;;;2.43;2.43;2.49;2.48;2.49;2.49;0.0;0.0
123736;757180;2022-02-25;FRC;J25;;;2;463;54557822.0;;;2.49;2.49;2.52;2.51;2.52;2.54;0.0;2.54
123773;757181;2022-02-25;FRC;N25;;;0;0;0.0;;;0.0;0.0;0.0;0.0;0.0;2.57;0.0;0.0
123774;757182;2022-02-25;FRC;V25;;;0;0;0.0;;;0.0;0.0;0.0;0.0;0.0;2.57;0.0;0.0
123775;757183;2022-02-25;FRC;F26;;;4;840;155111061.0;;;2.59;2.59;2.59;2.59;2.59;2.59;0.0;0.0
123776;757184;2022-02-25;FRC;J26;;;0;0;0.0;;;0.0;0.0;0.0;0.0;0.0;2.58;0.0;0.0
123777;757185;2022-02-25;FRC;N26;;;0;0;0.0;;;0.0;0.0;0.0;0.0;0.0;2.61;0.0;0.0
123778;757186;2022-02-25;FRC;V26;;;0;0;0.0;;;0.0;0.0;0.0;0.0;0.0;2.63;0.0;0.0
123779;757187;2022-02-25;FRC;F27;;;5;718;130719587.0;;;2.67;2.67;2.67;2.67;2.67;2.67;0.0;0.0
123780;757188;2022-02-25;FRC;F28;;;0;0;0.0;;;0.0;0.0;0.0;0.0;0.0;2.73;0.0;0.0
123781;757189;2022-02-25;FRC;F29;;;0;0;0.0;;;0.0;0.0;0.0;0.0;0.0;2.79;0.0;2.79
123782;757190;2022-02-25;FRC;F30;;;0;0;0.0;;;0.0;0.0;0.0;0.0;0.0;2.82;0.0;0.0
123783;757191;2022-02-25;FRC;F31;;;0;0;0.0;;;0.0;0.0;0.0;0.0;0.0;2.89;0.0;2.89
123820;757192;2022-02-25;FRC;F32;;;0;0;0.0;;;0.0;0.0;0.0;0.0;0.0;2.98;0.0;0.0
123821;757193;2022-02-25;FRC;F33;;;0;0;0.0;;;0.0;0.0;0.0;0.0;0.0;3.06;0.0;3.06
123822;757194;2022-02-25;FRC;F34;;;0;0;0.0;;;0.0;0.0;0.0;0.0;0.0;3.18;0.0;0.0
123823;757195;2022-02-25;FRC;F35;;;0;0;0.0;;;0.0;0.0;0.0;0.0;0.0;3.29;0.0;0.0
123824;757196;2022-02-25;FRC;F36;;;0;0;0.0;;;0.0;0.0;0.0;0.0;0.0;3.39;0.0;0.0
123825;757197;2022-02-25;FRC;F37;;;0;0;0.0;;;0.0;0.0;0.0;0.0;0.0;3.52;0.0;0.0
124249;757369;2022-03-17;FRC;K22;;;40;144404;17293626290.0;;;0.97;0.93;0.98;0.94;0.93;0.93;0.92;0.0
124250;757370;2022-03-17;FRC;M22;;;32;96844;11590771905.0;;;1.2;1.16;1.21;1.16;1.16;1.16;0.0;0.0
124287;757371;2022-03-17;FRC;N22;;;28;43495;8310979430.0;;;1.25;1.21;1.27;1.21;1.21;1.21;0.0;0.0
124288;757372;2022-03-17;FRC;Q22;;;12;7437;888404908.0;;;1.58;1.5;1.58;1.5;1.5;1.5;1.5;0.0
124289;757373;2022-03-17;FRC;U22;;;20;17273;2061446087.0;;;1.75;1.64;1.75;1.72;1.64;1.64;1.64;0.0
124290;757374;2022-03-17;FRC;V22;;;9;5574;1061702068.0;;;1.85;1.76;1.85;1.78;1.76;1.76;1.76;0.0
124291;757375;2022-03-17;FRC;X22;;;3;4116;490212532.0;;;1.96;1.88;1.96;1.95;1.88;1.88;1.88;0.0
124292;757376;2022-03-17;FRC;Z22;;;8;6377;758728071.0;;;2.07;1.98;2.07;2.05;1.98;1.98;1.99;0.0
124293;757377;2022-03-17;FRC;F23;;;28;29581;5614354655.0;;;2.16;2.09;2.16;2.11;2.09;2.09;2.09;0.0
124294;757378;2022-03-17;FRC;G23;;;1;119;14130539.0;;;2.2;2.2;2.2;2.2;2.2;2.2;2.18;2.2
124295;757379;2022-03-17;FRC;H23;;;9;4038;478695929.0;;;2.31;2.26;2.31;2.26;2.26;2.26;2.25;0.0
124296;757380;2022-03-17;FRC;J23;;;12;10711;2025033979.0;;;2.39;2.34;2.39;2.35;2.34;2.34;2.34;0.0
124297;757381;2022-03-17;FRC;N23;;;4;1240;233541893.0;;;2.51;2.48;2.51;2.48;2.49;2.48;0.0;2.5
124298;757382;2022-03-17;FRC;V23;;;11;1490;279387739.0;;;2.68;2.66;2.68;2.66;2.66;2.66;0.0;0.0
124335;757383;2022-03-17;FRC;F24;;;26;13982;2610002509.0;;;2.79;2.77;2.81;2.79;2.81;2.8;0.0;2.81
124336;757384;2022-03-17;FRC;J24;;;10;3504;651580470.0;;;2.84;2.84;2.84;2.84;2.84;2.84;2.84;0.0
124337;757385;2022-03-17;FRC;N24;;;1;543;100587810.0;;;2.87;2.87;2.87;2.87;2.87;2.88;0.0;0.0
124338;757386;2022-03-17;FRC;V24;;;0;0;0.0;;;0.0;0.0;0.0;0.0;0.0;2.93;0.0;2.93
124339;757387;2022-03-17;FRC;F25;;;12;3327;611569072.0;;;2.91;2.89;2.93;2.91;2.93;2.93;0.0;0.0
124340;757388;2022-03-17;FRC;J25;;;4;768;88125892.0;;;2.93;2.93;2.93;2.93;2.93;2.93;2.93;0.0
124341;757389;2022-03-17;FRC;N25;;;0;0;0.0;;;0.0;0.0;0.0;0.0;0.0;2.96;0.0;0.0
124342;757390;2022-03-17;FRC;V25;;;0;0;0.0;;;0.0;0.0;0.0;0.0;0.0;2.96;0.0;0.0
124343;757391;2022-03-17;FRC;F26;;;8;1444;261470294.0;;;2.97;2.97;2.97;2.97;2.97;2.97;0.0;0.0
124344;757392;2022-03-17;FRC;J26;;;2;378;42668887.0;;;2.97;2.97;2.97;2.97;2.97;2.97;0.0;0.0
124345;757393;2022-03-17;FRC;N26;;;0;0;0.0;;;0.0;0.0;0.0;0.0;0.0;2.99;0.0;0.0
124346;757394;2022-03-17;FRC;V26;;;0;0;0.0;;;0.0;0.0;0.0;0.0;0.0;2.97;0.0;0.0
124347;757395;2022-03-17;FRC;F27;;;9;2774;495050780.0;;;2.95;2.95;3.01;2.98;3.01;3.0;2.99;0.0
124348;757396;2022-03-17;FRC;F28;;;2;370;64967659.0;;;3.07;3.07;3.07;3.07;3.07;3.07;0.0;0.0
124349;757397;2022-03-17;FRC;F29;;;2;364;62871570.0;;;3.13;3.13;3.14;3.13;3.14;3.12;0.0;0.0
124350;757398;2022-03-17;FRC;F30;;;0;0;0.0;;;0.0;0.0;0.0;0.0;0.0;3.17;0.0;0.0
124351;757399;2022-03-17;FRC;F31;;;0;0;0.0;;;0.0;0.0;0.0;0.0;0.0;3.21;0.0;0.0
124352;757400;2022-03-17;FRC;F32;;;0;0;0.0;;;0.0;0.0;0.0;0.0;0.0;3.29;0.0;0.0
124353;757401;2022-03-17;FRC;F33;;;0;0;0.0;;;0.0;0.0;0.0;0.0;0.0;3.4;0.0;0.0
124354;757402;2022-03-17;FRC;F34;;;0;0;0.0;;;0.0;0.0;0.0;0.0;0.0;3.54;0.0;0.0
124355;757403;2022-03-17;FRC;F35;;;0;0;0.0;;;0.0;0.0;0.0;0.0;0.0;3.67;0.0;0.0
124356;757404;2022-03-17;FRC;F36;;;0;0;0.0;;;0.0;0.0;0.0;0.0;0.0;3.81;0.0;0.0
124357;757405;2022-03-17;FRC;F37;;;0;0;0.0;;;0.0;0.0;0.0;0.0;0.0;3.94;0.0;0.0
124716;757575;2022-03-18;FRC;K22;;;49;58825;7072017824.0;;;0.94;0.83;0.95;0.88;0.83;0.83;0.0;0.0
124717;757576;2022-03-18;FRC;M22;;;11;23579;2832962053.0;;;1.16;1.05;1.16;1.08;1.05;1.05;0.0;0.0
124754;757577;2022-03-18;FRC;N22;;;66;22435;4297004723.0;;;1.21;1.15;1.23;1.21;1.15;1.15;0.0;1.15
124755;757578;2022-03-18;FRC;Q22;;;50;10067;1206984033.0;;;1.5;1.5;1.5;1.5;1.5;1.44;0.0;0.0
124756;757579;2022-03-18;FRC;U22;;;14;11281;1351929554.0;;;1.66;1.58;1.66;1.58;1.58;1.58;0.0;0.0
124757;757580;2022-03-18;FRC;V22;;;46;23550;4496790458.0;;;1.77;1.72;1.79;1.75;1.72;1.72;0.0;0.0
124758;757581;2022-03-18;FRC;X22;;;67;20516;2454010137.0;;;1.88;1.85;1.91;1.88;1.85;1.85;0.0;0.0
124759;757582;2022-03-18;FRC;Z22;;;5;1392;166364389.0;;;1.96;1.96;1.96;1.96;1.96;1.96;1.95;0.0
124760;757583;2022-03-18;FRC;F23;;;20;12599;2397288849.0;;;2.11;2.08;2.12;2.08;2.08;2.08;0.0;2.08
124761;757584;2022-03-18;FRC;G23;;;9;3903;464920972.0;;;2.23;2.18;2.23;2.18;2.18;2.18;0.0;0.0
124762;757585;2022-03-18;FRC;H23;;;10;4356;518438577.0;;;2.26;2.26;2.26;2.26;2.26;2.26;0.0;0.0
124763;757586;2022-03-18;FRC;J23;;;23;11150;2113082531.0;;;2.36;2.35;2.38;2.35;2.35;2.35;0.0;0.0
124764;757587;2022-03-18;FRC;N23;;;11;5810;1096876086.0;;;2.49;2.49;2.49;2.49;2.49;2.49;0.0;0.0
124765;757588;2022-03-18;FRC;V23;;;5;1764;331540126.0;;;2.67;2.67;2.67;2.67;2.67;2.67;0.0;0.0
124802;757589;2022-03-18;FRC;F24;;;8;3318;620764261.0;;;2.81;2.81;2.81;2.81;2.81;2.81;0.0;0.0
124803;757590;2022-03-18;FRC;J24;;;2;390;72691230.0;;;2.85;2.85;2.85;2.85;2.85;2.85;0.0;0.0
124804;757591;2022-03-18;FRC;N24;;;1;194;36012088.0;;;2.9;2.9;2.9;2.9;2.9;2.9;0.0;0.0
124805;757592;2022-03-18;FRC;V24;;;1;97;11277844.0;;;2.96;2.96;2.96;2.96;2.96;2.96;0.0;0.0
124806;757593;2022-03-18;FRC;F25;;;7;1441;265308518.0;;;2.97;2.97;2.97;2.97;2.97;2.97;0.0;0.0
124807;757594;2022-03-18;FRC;J25;;;1;58;6709488.0;;;2.96;2.96;2.96;2.96;2.96;2.97;0.0;0.0
124808;757595;2022-03-18;FRC;N25;;;0;0;0.0;;;0.0;0.0;0.0;0.0;0.0;3.0;0.0;0.0
124809;757596;2022-03-18;FRC;V25;;;0;0;0.0;;;0.0;0.0;0.0;0.0;0.0;3.0;0.0;0.0
124810;757597;2022-03-18;FRC;F26;;;8;1520;275700220.0;;;3.01;3.01;3.01;3.01;3.01;3.01;0.0;0.0
124811;757598;2022-03-18;FRC;J26;;;5;945;107042759.0;;;3.01;3.01;3.01;3.01;3.01;3.01;0.0;0.0
124812;757599;2022-03-18;FRC;N26;;;0;0;0.0;;;0.0;0.0;0.0;0.0;0.0;3.02;0.0;0.0
124813;757600;2022-03-18;FRC;V26;;;0;0;0.0;;;0.0;0.0;0.0;0.0;0.0;3.0;0.0;0.0
124814;757601;2022-03-18;FRC;F27;;;5;935;167101954.0;;;3.02;3.02;3.02;3.02;3.02;3.02;0.0;0.0
124815;757602;2022-03-18;FRC;F28;;;0;0;0.0;;;0.0;0.0;0.0;0.0;0.0;3.08;0.0;0.0
124816;757603;2022-03-18;FRC;F29;;;0;0;0.0;;;0.0;0.0;0.0;0.0;0.0;3.15;0.0;0.0
124817;757604;2022-03-18;FRC;F30;;;0;0;0.0;;;0.0;0.0;0.0;0.0;0.0;3.17;0.0;0.0
124818;757605;2022-03-18;FRC;F31;;;0;0;0.0;;;0.0;0.0;0.0;0.0;0.0;3.2;0.0;0.0
124819;757606;2022-03-18;FRC;F32;;;1;316;32695299.0;;;3.29;3.29;3.29;3.29;3.29;3.29;0.0;0.0
124820;757607;2022-03-18;FRC;F33;;;0;0;0.0;;;0.0;0.0;0.0;0.0;0.0;3.41;0.0;0.0
124821;757608;2022-03-18;FRC;F34;;;0;0;0.0;;;0.0;0.0;0.0;0.0;0.0;3.55;0.0;0.0
124822;757609;2022-03-18;FRC;F35;;;0;0;0.0;;;0.0;0.0;0.0;0.0;0.0;3.69;0.0;0.0
124823;757610;2022-03-18;FRC;F36;;;1;165;15636952.0;;;3.84;3.84;3.84;3.84;3.84;3.84;0.0;0.0
124824;757611;2022-03-18;FRC;F37;;;0;0;0.0;;;0.0;0.0;0.0;0.0;0.0;3.97;0.0;0.0
125149;757781;2022-03-21;FRC;K22;;;71;154606;18498906788.0;;;0.83;0.73;0.83;0.75;0.74;0.73;0.73;0.77
125150;757782;2022-03-21;FRC;M22;;;41;40663;4862609354.0;;;1.06;1.01;1.06;1.03;1.01;1.01;1.01;0.0
125151;757783;2022-03-21;FRC;N22;;;17;14980;2861179139.0;;;1.12;1.12;1.12;1.12;1.12;1.12;0.0;0.0
125152;757784;2022-03-21;FRC;Q22;;;7;3793;453025421.0;;;1.44;1.44;1.44;1.44;1.44;1.44;0.0;0.0
125153;757785;2022-03-21;FRC;U22;;;14;10965;1308038862.0;;;1.62;1.62;1.62;1.62;1.62;1.62;1.62;0.0
125154;757786;2022-03-21;FRC;V22;;;17;14352;2732419486.0;;;1.8;1.77;1.8;1.77;1.77;1.77;1.75;0.0
125155;757787;2022-03-21;FRC;X22;;;9;15711;1869682373.0;;;1.92;1.92;1.93;1.92;1.93;1.92;0.0;0.0
125156;757788;2022-03-21;FRC;Z22;;;6;2385;283580556.0;;;2.04;2.04;2.04;2.04;2.04;2.04;2.02;0.0
125157;757789;2022-03-21;FRC;F23;;;31;45032;8541676692.0;;;2.1;2.09;2.16;2.14;2.15;2.15;0.0;2.38
125158;757790;2022-03-21;FRC;G23;;;6;1327;157278976.0;;;2.21;2.21;2.27;2.26;2.27;2.27;0.0;0.0
125195;757791;2022-03-21;FRC;H23;;;12;4769;564603455.0;;;2.31;2.31;2.38;2.37;2.38;2.38;0.0;0.0
125196;757792;2022-03-21;FRC;J23;;;16;10810;2041501912.0;;;2.41;2.41;2.5;2.47;2.5;2.5;0.0;0.0
125197;757793;2022-03-21;FRC;N23;;;9;9603;1805913588.0;;;2.55;2.55;2.69;2.65;2.69;2.69;0.0;0.0
125198;757794;2022-03-21;FRC;V23;;;8;3959;741212056.0;;;2.73;2.72;2.88;2.8;2.88;2.88;0.0;2.88
125199;757795;2022-03-21;FRC;F24;;;22;8268;1540439440.0;;;2.9;2.87;3.03;2.95;3.02;3.03;0.0;3.02
125200;757796;2022-03-21;FRC;J24;;;3;252;46728965.0;;;3.07;3.07;3.07;3.07;3.07;3.07;0.0;3.07
125201;757797;2022-03-21;FRC;N24;;;3;405;74766360.0;;;3.13;3.13;3.13;3.13;3.13;3.13;0.0;3.14
125202;757798;2022-03-21;FRC;V24;;;2;212;24403023.0;;;3.18;3.18;3.18;3.18;3.18;3.18;0.0;3.18
125203;757799;2022-03-21;FRC;F25;;;9;2149;393537743.0;;;3.08;3.08;3.16;3.15;3.16;3.16;0.0;3.16
125204;757800;2022-03-21;FRC;J25;;;8;1682;192068302.0;;;3.06;3.06;3.16;3.09;3.16;3.16;0.0;0.0
125205;757801;2022-03-21;FRC;N25;;;0;0;0.0;;;0.0;0.0;0.0;0.0;0.0;3.18;0.0;0.0
125206;757802;2022-03-21;FRC;V25;;;0;0;0.0;;;0.0;0.0;0.0;0.0;0.0;3.2;0.0;0.0
125207;757803;2022-03-21;FRC;F26;;;7;983;177290197.0;;;3.1;3.1;3.17;3.15;3.17;3.17;0.0;0.0
125208;757804;2022-03-21;FRC;J26;;;3;416;46858624.0;;;3.1;3.1;3.18;3.17;3.18;3.18;0.0;0.0
125209;757805;2022-03-21;FRC;N26;;;1;19;3401629.0;;;3.19;3.19;3.19;3.19;3.19;3.19;0.0;0.0
125210;757806;2022-03-21;FRC;V26;;;1;187;20839793.0;;;3.18;3.18;3.18;3.18;3.18;3.18;0.0;0.0
125211;757807;2022-03-21;FRC;F27;;;5;617;109579659.0;;;3.18;3.18;3.18;3.18;3.18;3.18;0.0;0.0
125212;757808;2022-03-21;FRC;F28;;;1;18;3137632.0;;;3.25;3.25;3.25;3.25;3.25;3.25;0.0;0.0
125213;757809;2022-03-21;FRC;F29;;;1;18;3087753.0;;;3.32;3.32;3.32;3.32;3.32;3.32;0.0;0.0
125214;757810;2022-03-21;FRC;F30;;;1;233;39368937.0;;;3.35;3.35;3.35;3.35;3.35;3.35;0.0;0.0
125215;757811;2022-03-21;FRC;F31;;;4;743;123492317.0;;;3.39;3.39;3.39;3.39;3.39;3.39;0.0;0.0
125216;757812;2022-03-21;FRC;F32;;;0;0;0.0;;;0.0;0.0;0.0;0.0;0.0;3.48;0.0;0.0
125217;757813;2022-03-21;FRC;F33;;;0;0;0.0;;;0.0;0.0;0.0;0.0;0.0;3.6;0.0;0.0
125218;757814;2022-03-21;FRC;F34;;;0;0;0.0;;;0.0;0.0;0.0;0.0;0.0;3.74;0.0;0.0
125219;757815;2022-03-21;FRC;F35;;;0;0;0.0;;;0.0;0.0;0.0;0.0;0.0;3.88;0.0;0.0
125220;757816;2022-03-21;FRC;F36;;;0;0;0.0;;;0.0;0.0;0.0;0.0;0.0;4.03;0.0;0.0
125221;757817;2022-03-21;FRC;F37;;;0;0;0.0;;;0.0;0.0;0.0;0.0;0.0;4.16;0.0;0.0
125580;757987;2022-03-22;FRC;K22;;;126;317318;38266548070.0;;;0.73;0.65;0.73;0.68;0.67;0.67;0.65;0.67
125581;757988;2022-03-22;FRC;M22;;;45;88465;10662019413.0;;;1.01;0.99;1.01;0.99;0.99;0.99;0.98;0.99
125582;757989;2022-03-22;FRC;N22;;;74;43800;8406693501.0;;;1.13;1.12;1.13;1.12;1.12;1.12;0.0;1.12
125583;757990;2022-03-22;FRC;Q22;;;82;49702;5982118185.0;;;1.45;1.44;1.46;1.44;1.45;1.45;0.0;1.47
125584;757991;2022-03-22;FRC;U22;;;24;13615;1636701980.0;;;1.63;1.63;1.64;1.63;1.64;1.64;0.0;1.64
125585;757992;2022-03-22;FRC;V22;;;21;28848;5518651855.0;;;1.81;1.78;1.81;1.8;1.8;1.8;1.78;1.8
125586;757993;2022-03-22;FRC;X22;;;8;11533;1383015997.0;;;1.96;1.96;1.96;1.96;1.96;1.96;0.0;0.0
125587;757994;2022-03-22;FRC;Z22;;;21;11717;1403309469.0;;;2.08;2.08;2.08;2.08;2.08;2.08;2.06;2.08
125588;757995;2022-03-22;FRC;F23;;;16;23701;4516906205.0;;;2.19;2.19;2.19;2.19;2.19;2.19;0.0;2.2
125589;757996;2022-03-22;FRC;G23;;;0;0;0.0;;;0.0;0.0;0.0;0.0;0.0;2.31;2.31;0.0
125590;757997;2022-03-22;FRC;H23;;;9;3798;453022189.0;;;2.39;2.39;2.42;2.41;2.42;2.42;0.0;2.42
125591;757998;2022-03-22;FRC;J23;;;19;6333;1201279688.0;;;2.55;2.53;2.57;2.56;2.57;2.57;0.0;0.0
125592;757999;2022-03-22;FRC;N23;;;19;11014;2080539880.0;;;2.71;2.71;2.72;2.71;2.72;2.72;0.0;0.0
125593;758000;2022-03-22;FRC;V23;;;6;1956;367676923.0;;;2.92;2.92;2.92;2.92;2.92;2.92;0.0;2.92
125594;758001;2022-03-22;FRC;F24;;;36;17831;3335818750.0;;;3.04;3.04;3.08;3.04;3.04;3.04;0.0;0.0
125595;758002;2022-03-22;FRC;J24;;;2;1533;285533451.0;;;3.12;3.12;3.12;3.12;3.12;3.09;0.0;0.0
125596;758003;2022-03-22;FRC;N24;;;1;676;125345570.0;;;3.18;3.18;3.18;3.18;3.18;3.16;0.0;0.0
125597;758004;2022-03-22;FRC;V24;;;1;19;2183087.0;;;3.23;3.23;3.23;3.23;3.23;3.23;0.0;3.23
125598;758005;2022-03-22;FRC;F25;;;18;5602;1030094721.0;;;3.22;3.22;3.23;3.22;3.22;3.22;0.0;3.22
125599;758006;2022-03-22;FRC;J25;;;0;0;0.0;;;0.0;0.0;0.0;0.0;0.0;3.22;0.0;0.0
125600;758007;2022-03-22;FRC;N25;;;0;0;0.0;;;0.0;0.0;0.0;0.0;0.0;3.25;0.0;0.0
125601;758008;2022-03-22;FRC;V25;;;0;0;0.0;;;0.0;0.0;0.0;0.0;0.0;3.27;0.0;3.27
125602;758009;2022-03-22;FRC;F26;;;4;889;160880797.0;;;3.24;3.24;3.25;3.24;3.25;3.25;0.0;3.25
125603;758010;2022-03-22;FRC;J26;;;0;0;0.0;;;0.0;0.0;0.0;0.0;0.0;3.26;0.0;0.0
125604;758011;2022-03-22;FRC;N26;;;0;0;0.0;;;0.0;0.0;0.0;0.0;0.0;3.27;0.0;0.0
125605;758012;2022-03-22;FRC;V26;;;0;0;0.0;;;0.0;0.0;0.0;0.0;0.0;3.25;0.0;0.0
125606;758013;2022-03-22;FRC;F27;;;10;3673;654587975.0;;;3.24;3.22;3.25;3.23;3.25;3.25;3.23;0.0
125607;758014;2022-03-22;FRC;F28;;;4;754;132183812.0;;;3.28;3.28;3.31;3.29;3.31;3.31;0.0;0.0
125608;758015;2022-03-22;FRC;F29;;;3;1450;249715072.0;;;3.38;3.38;3.38;3.38;3.38;3.38;0.0;0.0
125609;758016;2022-03-22;FRC;F30;;;1;5689;964234160.0;;;3.4;3.4;3.4;3.4;3.4;3.4;0.0;0.0
125610;758017;2022-03-22;FRC;F31;;;2;6466;1078289709.0;;;3.43;3.43;3.43;3.43;3.43;3.43;0.0;0.0
125611;758018;2022-03-22;FRC;F32;;;0;0;0.0;;;0.0;0.0;0.0;0.0;0.0;3.52;0.0;0.0
125612;758019;2022-03-22;FRC;F33;;;0;0;0.0;;;0.0;0.0;0.0;0.0;0.0;3.64;0.0;0.0
125613;758020;2022-03-22;FRC;F34;;;0;0;0.0;;;0.0;0.0;0.0;0.0;0.0;3.78;0.0;0.0
125614;758021;2022-03-22;FRC;F35;;;0;0;0.0;;;0.0;0.0;0.0;0.0;0.0;3.92;0.0;0.0
125615;758022;2022-03-22;FRC;F36;;;0;0;0.0;;;0.0;0.0;0.0;0.0;0.0;4.07;0.0;0.0
125616;758023;2022-03-22;FRC;F37;;;0;0;0.0;;;0.0;0.0;0.0;0.0;0.0;4.2;0.0;0.0
126085;758193;2022-03-23;FRC;K22;;;312;334354;40107604594.0;;;0.63;0.55;0.65;0.59;0.55;0.63;0.56;0.0
126086;758194;2022-03-23;FRC;M22;;;23;14751;1768547903.0;;;0.92;0.9;1.0;0.93;0.95;0.95;0.95;0.0
126087;758195;2022-03-23;FRC;N22;;;26;22430;4290905277.0;;;1.05;1.05;1.07;1.06;1.07;1.07;0.0;1.07
126088;758196;2022-03-23;FRC;Q22;;;47;45441;5439287094.0;;;1.44;1.39;1.44;1.42;1.4;1.4;0.0;1.4
126089;758197;2022-03-23;FRC;U22;;;15;7256;867621552.0;;;1.6;1.58;1.6;1.58;1.58;1.58;0.0;1.58
126090;758198;2022-03-23;FRC;V22;;;20;10831;2065373953.0;;;1.75;1.74;1.75;1.74;1.74;1.74;0.0;1.74
126091;758199;2022-03-23;FRC;X22;;;6;2387;284791879.0;;;1.89;1.89;1.89;1.89;1.89;1.89;1.84;1.89
126092;758200;2022-03-23;FRC;Z22;;;14;6357;757485293.0;;;2.02;2.0;2.03;2.0;2.0;2.0;0.0;0.0
126093;758201;2022-03-23;FRC;F23;;;32;30813;5854552505.0;;;2.14;2.1;2.16;2.1;2.11;2.1;0.0;2.12
126094;758202;2022-03-23;FRC;G23;;;6;1327;157658958.0;;;2.25;2.25;2.25;2.25;2.25;2.25;0.0;0.0
126131;758203;2022-03-23;FRC;H23;;;10;13750;1631492614.0;;;2.41;2.35;2.41;2.39;2.35;2.35;0.0;0.0
126132;758204;2022-03-23;FRC;J23;;;29;22774;4306687395.0;;;2.54;2.48;2.54;2.51;2.51;2.48;0.0;2.48
126133;758205;2022-03-23;FRC;N23;;;14;3484;656198765.0;;;2.68;2.65;2.68;2.65;2.65;2.65;0.0;0.0
126134;758206;2022-03-23;FRC;V23;;;2;177;33175638.0;;;2.87;2.85;2.87;2.86;2.85;2.85;0.0;0.0
126135;758207;2022-03-23;FRC;F24;;;8;4172;778255040.0;;;3.0;2.97;3.02;2.99;2.97;2.97;0.0;0.0
126136;758208;2022-03-23;FRC;J24;;;0;0;0.0;;;0.0;0.0;0.0;0.0;0.0;3.02;0.0;0.0
126137;758209;2022-03-23;FRC;N24;;;1;19;3512354.0;;;3.11;3.11;3.11;3.11;3.11;3.08;0.0;0.0
126138;758210;2022-03-23;FRC;V24;;;2;212;24461616.0;;;3.18;3.18;3.18;3.18;3.18;3.15;0.0;0.0
126139;758211;2022-03-23;FRC;F25;;;13;3321;609223582.0;;;3.2;3.14;3.2;3.14;3.14;3.14;0.0;0.0
126140;758212;2022-03-23;FRC;J25;;;0;0;0.0;;;0.0;0.0;0.0;0.0;0.0;3.14;0.0;0.0
126141;758213;2022-03-23;FRC;N25;;;0;0;0.0;;;0.0;0.0;0.0;0.0;0.0;3.17;0.0;0.0
126178;758214;2022-03-23;FRC;V25;;;0;0;0.0;;;0.0;0.0;0.0;0.0;0.0;3.2;0.0;0.0
126179;758215;2022-03-23;FRC;F26;;;4;1531;276157846.0;;;3.25;3.18;3.25;3.24;3.18;3.18;0.0;0.0
126180;758216;2022-03-23;FRC;J26;;;0;0;0.0;;;0.0;0.0;0.0;0.0;0.0;3.2;0.0;0.0
126181;758217;2022-03-23;FRC;N26;;;0;0;0.0;;;0.0;0.0;0.0;0.0;0.0;3.22;0.0;0.0
126182;758218;2022-03-23;FRC;V26;;;0;0;0.0;;;0.0;0.0;0.0;0.0;0.0;3.22;0.0;0.0
126183;758219;2022-03-23;FRC;F27;;;6;3599;639312508.0;;;3.25;3.2;3.25;3.23;3.2;3.23;0.0;3.23
126184;758220;2022-03-23;FRC;F28;;;3;552;96551830.0;;;3.25;3.25;3.25;3.25;3.25;3.25;0.0;0.0
126185;758221;2022-03-23;FRC;F29;;;1;182;31367032.0;;;3.25;3.25;3.25;3.25;3.25;3.25;0.0;0.0
126186;758222;2022-03-23;FRC;F30;;;2;1075;181912430.0;;;3.35;3.35;3.35;3.35;3.35;3.35;0.0;0.0
126187;758223;2022-03-23;FRC;F31;;;3;372;61913770.0;;;3.42;3.4;3.42;3.4;3.4;3.4;0.0;0.0
126188;758224;2022-03-23;FRC;F32;;;0;0;0.0;;;0.0;0.0;0.0;0.0;0.0;3.49;0.0;0.0
126189;758225;2022-03-23;FRC;F33;;;0;0;0.0;;;0.0;0.0;0.0;0.0;0.0;3.61;0.0;0.0
126190;758226;2022-03-23;FRC;F34;;;0;0;0.0;;;0.0;0.0;0.0;0.0;0.0;3.75;0.0;0.0
126191;758227;2022-03-23;FRC;F35;;;0;0;0.0;;;0.0;0.0;0.0;0.0;0.0;3.89;0.0;0.0
126192;758228;2022-03-23;FRC;F36;;;0;0;0.0;;;0.0;0.0;0.0;0.0;0.0;4.04;0.0;0.0
126193;758229;2022-03-23;FRC;F37;;;0;0;0.0;;;0.0;0.0;0.0;0.0;0.0;4.17;0.0;0.0
126553;758399;2022-03-24;FRC;K22;;;112;245029;29565400054.0;;;0.63;0.62;0.69;0.64;0.63;0.63;0.0;0.0
126554;758400;2022-03-24;FRC;M22;;;24;28237;3405269439.0;;;1.0;0.93;1.0;0.94;0.95;0.94;0.93;0.95
126555;758401;2022-03-24;FRC;N22;;;25;35155;6750581042.0;;;1.1;1.05;1.11;1.06;1.05;1.05;0.0;1.05
126556;758402;2022-03-24;FRC;Q22;;;29;19178;2309362558.0;;;1.43;1.38;1.45;1.4;1.38;1.38;0.0;1.38
126557;758403;2022-03-24;FRC;U22;;;32;12673;1524063406.0;;;1.6;1.55;1.6;1.57;1.55;1.55;0.0;0.0
126558;758404;2022-03-24;FRC;V22;;;19;15053;2881539383.0;;;1.71;1.71;1.71;1.71;1.71;1.71;0.0;0.0
126595;758405;2022-03-24;FRC;X22;;;23;11421;1371105524.0;;;1.91;1.84;1.92;1.84;1.84;1.84;0.0;0.0
126596;758406;2022-03-24;FRC;Z22;;;7;7550;905181709.0;;;1.95;1.95;1.95;1.95;1.95;1.95;0.0;1.95
126597;758407;2022-03-24;FRC;F23;;;26;23020;4391005076.0;;;2.1;2.04;2.11;2.06;2.04;2.04;2.04;2.07
126598;758408;2022-03-24;FRC;G23;;;8;5352;640066885.0;;;2.18;2.18;2.18;2.18;2.18;2.18;0.0;0.0
126599;758409;2022-03-24;FRC;H23;;;10;3524;420873548.0;;;2.35;2.31;2.36;2.32;2.31;2.31;0.0;0.0
126600;758410;2022-03-24;FRC;J23;;;25;17763;3372640656.0;;;2.48;2.41;2.5;2.46;2.41;2.41;0.0;0.0
126601;758411;2022-03-24;FRC;N23;;;13;4016;759606439.0;;;2.66;2.58;2.66;2.58;2.58;2.58;0.0;0.0
126602;758412;2022-03-24;FRC;V23;;;8;2882;542477072.0;;;2.85;2.8;2.85;2.8;2.8;2.8;0.0;2.8
126603;758413;2022-03-24;FRC;F24;;;19;5479;1026181915.0;;;3.02;2.93;3.02;2.96;2.93;2.93;0.0;0.0
126604;758414;2022-03-24;FRC;J24;;;2;622;116028499.0;;;3.02;2.98;3.02;3.01;2.98;2.98;0.0;0.0
126605;758415;2022-03-24;FRC;N24;;;1;19;3528516.0;;;3.03;3.03;3.03;3.03;3.03;3.03;0.0;0.0
126606;758416;2022-03-24;FRC;V24;;;6;1273;147899310.0;;;3.1;3.1;3.1;3.1;3.1;3.1;0.0;0.0
126643;758417;2022-03-24;FRC;F25;;;15;3494;643298101.0;;;3.19;3.14;3.19;3.15;3.14;3.14;0.0;3.14
126644;758418;2022-03-24;FRC;J25;;;1;115;13263351.0;;;3.14;3.14;3.14;3.14;3.14;3.13;0.0;0.0
126645;758419;2022-03-24;FRC;N25;;;1;19;3470725.0;;;3.17;3.17;3.17;3.17;3.17;3.16;0.0;0.0
126646;758420;2022-03-24;FRC;V25;;;2;304;34744587.0;;;3.18;3.18;3.18;3.18;3.18;3.18;0.0;0.0
126647;758421;2022-03-24;FRC;F26;;;18;4178;757139760.0;;;3.19;3.18;3.19;3.18;3.19;3.19;3.18;0.0
126648;758422;2022-03-24;FRC;J26;;;1;113;12797572.0;;;3.2;3.2;3.2;3.2;3.2;3.21;0.0;0.0
126649;758423;2022-03-24;FRC;N26;;;1;19;3418095.0;;;3.22;3.22;3.22;3.22;3.22;3.22;0.0;0.0
126650;758424;2022-03-24;FRC;V26;;;1;112;12566447.0;;;3.22;3.22;3.22;3.22;3.22;3.22;0.0;0.0
126651;758425;2022-03-24;FRC;F27;;;11;2949;525997703.0;;;3.24;3.22;3.24;3.22;3.22;3.22;0.0;0.0
126652;758426;2022-03-24;FRC;F28;;;4;810;142158362.0;;;3.27;3.26;3.28;3.26;3.26;3.25;3.25;0.0
126653;758427;2022-03-24;FRC;F29;;;3;1162;200702382.0;;;3.3;3.29;3.3;3.29;3.29;3.28;3.28;0.0
126654;758428;2022-03-24;FRC;F30;;;3;3511;596270069.0;;;3.35;3.35;3.36;3.35;3.36;3.36;0.0;3.39
126691;758429;2022-03-24;FRC;F31;;;2;4380;730448343.0;;;3.44;3.44;3.44;3.44;3.44;3.44;0.0;3.44
126692;758430;2022-03-24;FRC;F32;;;1;174;17866682.0;;;3.53;3.53;3.53;3.53;3.53;3.53;0.0;0.0
126693;758431;2022-03-24;FRC;F33;;;1;1544;155419569.0;;;3.65;3.65;3.65;3.65;3.65;3.65;0.0;0.0
126694;758432;2022-03-24;FRC;F34;;;0;0;0.0;;;0.0;0.0;0.0;0.0;0.0;3.79;0.0;0.0
126695;758433;2022-03-24;FRC;F35;;;0;0;0.0;;;0.0;0.0;0.0;0.0;0.0;3.93;0.0;0.0
126696;758434;2022-03-24;FRC;F36;;;0;0;0.0;;;0.0;0.0;0.0;0.0;0.0;4.08;0.0;0.0
126697;758435;2022-03-24;FRC;F37;;;0;0;0.0;;;0.0;0.0;0.0;0.0;0.0;4.21;0.0;0.0
127021;758605;2022-03-25;FRC;K22;;;107;194866;23460471767.0;;;0.64;0.6;0.67;0.62;0.61;0.61;0.6;0.0
127022;758606;2022-03-25;FRC;M22;;;17;22804;2744130495.0;;;0.93;0.93;0.93;0.93;0.93;0.93;0.93;0.0
127023;758607;2022-03-25;FRC;N22;;;19;18993;3642191226.0;;;1.05;1.02;1.05;1.03;1.02;1.03;0.0;0.0
127024;758608;2022-03-25;FRC;Q22;;;16;13971;1678738616.0;;;1.39;1.38;1.41;1.38;1.38;1.38;0.0;1.38
127025;758609;2022-03-25;FRC;U22;;;17;15007;1800965963.0;;;1.55;1.55;1.55;1.55;1.55;1.55;1.55;0.0
127026;758610;2022-03-25;FRC;V22;;;25;20871;3989453567.0;;;1.77;1.73;1.78;1.73;1.73;1.73;0.0;0.0
127027;758611;2022-03-25;FRC;X22;;;6;10005;1198146847.0;;;1.88;1.88;1.88;1.88;1.88;1.88;0.0;0.0
127028;758612;2022-03-25;FRC;Z22;;;10;6577;786766781.0;;;1.99;1.99;1.99;1.99;1.99;1.99;0.0;0.0
127029;758613;2022-03-25;FRC;F23;;;203;60074;11441549015.0;;;2.1;2.1;2.11;2.1;2.1;2.1;2.1;0.0
127030;758614;2022-03-25;FRC;G23;;;4;2973;354700401.0;;;2.24;2.24;2.24;2.24;2.24;2.24;0.0;0.0
127031;758615;2022-03-25;FRC;H23;;;6;1583;188555965.0;;;2.39;2.39;2.39;2.39;2.39;2.39;0.0;2.39
127032;758616;2022-03-25;FRC;J23;;;12;5633;1068025919.0;;;2.48;2.47;2.48;2.47;2.48;2.47;2.47;0.0
127068;758617;2022-03-25;FRC;N23;;;13;25201;4757423997.0;;;2.67;2.67;2.68;2.67;2.68;2.67;2.67;0.0
127069;758618;2022-03-25;FRC;V23;;;3;5913;1110713388.0;;;2.89;2.89;2.9;2.89;2.9;2.9;0.0;0.0
127070;758619;2022-03-25;FRC;F24;;;21;10973;2051558393.0;;;2.94;2.94;3.07;3.01;3.05;3.05;0.0;0.0
127071;758620;2022-03-25;FRC;J24;;;13;5961;1110227383.0;;;2.99;2.99;3.08;3.03;3.07;3.07;3.07;0.0
127072;758621;2022-03-25;FRC;N24;;;0;0;0.0;;;0.0;0.0;0.0;0.0;0.0;3.13;0.0;0.0
127073;758622;2022-03-25;FRC;V24;;;1;58;6732145.0;;;3.15;3.15;3.15;3.15;3.15;3.22;0.0;0.0
127074;758623;2022-03-25;FRC;F25;;;17;5253;964374095.0;;;3.27;3.26;3.27;3.26;3.26;3.27;0.0;3.27
127075;758624;2022-03-25;FRC;J25;;;0;0;0.0;;;0.0;0.0;0.0;0.0;0.0;3.26;0.0;0.0
127076;758625;2022-03-25;FRC;N25;;;1;190;34592114.0;;;3.3;3.3;3.3;3.3;3.3;3.3;0.0;0.0
127077;758626;2022-03-25;FRC;V25;;;0;0;0.0;;;0.0;0.0;0.0;0.0;0.0;3.32;0.0;0.0
127078;758627;2022-03-25;FRC;F26;;;12;4266;770204275.0;;;3.29;3.29;3.34;3.32;3.34;3.34;0.0;0.0
127079;758628;2022-03-25;FRC;J26;;;0;0;0.0;;;0.0;0.0;0.0;0.0;0.0;3.36;0.0;0.0
127080;758629;2022-03-25;FRC;N26;;;0;0;0.0;;;0.0;0.0;0.0;0.0;0.0;3.37;0.0;0.0
127081;758630;2022-03-25;FRC;V26;;;0;0;0.0;;;0.0;0.0;0.0;0.0;0.0;3.37;0.0;0.0
127082;758631;2022-03-25;FRC;F27;;;15;2549;452567819.0;;;3.27;3.27;3.37;3.36;3.37;3.37;0.0;0.0
127083;758632;2022-03-25;FRC;F28;;;4;569;99410264.0;;;3.3;3.3;3.4;3.38;3.4;3.4;0.0;0.0
127084;758633;2022-03-25;FRC;F29;;;3;453;78059851.0;;;3.32;3.32;3.43;3.32;3.43;3.42;3.42;0.0
127085;758634;2022-03-25;FRC;F30;;;3;804;135825427.0;;;3.41;3.41;3.5;3.46;3.5;3.5;0.0;0.0
127086;758635;2022-03-25;FRC;F31;;;8;1497;248368211.0;;;3.49;3.49;3.57;3.53;3.57;3.57;0.0;0.0
127087;758636;2022-03-25;FRC;F32;;;1;504;51544489.0;;;3.58;3.58;3.58;3.58;3.58;3.66;0.0;0.0
127088;758637;2022-03-25;FRC;F33;;;0;0;0.0;;;0.0;0.0;0.0;0.0;0.0;3.78;0.0;0.0
127089;758638;2022-03-25;FRC;F34;;;0;0;0.0;;;0.0;0.0;0.0;0.0;0.0;3.92;0.0;0.0
127090;758639;2022-03-25;FRC;F35;;;0;0;0.0;;;0.0;0.0;0.0;0.0;0.0;4.06;0.0;0.0
127091;758640;2022-03-25;FRC;F36;;;1;49;4570671.0;;;4.21;4.21;4.21;4.21;4.21;4.21;0.0;0.0
127092;758641;2022-03-25;FRC;F37;;;0;0;0.0;;;0.0;0.0;0.0;0.0;0.0;4.34;0.0;0.0
127453;758811;2022-03-28;FRC;K22;;;1108;388126;47085267015.0;;;0.65;0.58;0.68;0.61;0.59;0.59;0.57;0.59
127454;758812;2022-03-28;FRC;M22;;;46;79479;9636825486.0;;;0.95;0.89;0.96;0.92;0.89;0.9;0.89;0.9
127455;758813;2022-03-28;FRC;N22;;;8;10209;1967273301.0;;;0.99;0.99;0.99;0.99;0.99;0.99;0.0;0.99
127456;758814;2022-03-28;FRC;Q22;;;2;1696;205320082.0;;;1.34;1.34;1.34;1.34;1.34;1.34;0.0;1.34
127457;758815;2022-03-28;FRC;U22;;;3;4068;492114155.0;;;1.56;1.51;1.56;1.51;1.51;1.5;0.0;0.0
127494;758816;2022-03-28;FRC;V22;;;26;51876;9965452535.0;;;1.76;1.68;1.76;1.68;1.68;1.68;1.65;0.0
127495;758817;2022-03-28;FRC;X22;;;10;34215;4129249706.0;;;1.83;1.83;1.83;1.83;1.83;1.83;0.0;1.83
127496;758818;2022-03-28;FRC;Z22;;;6;14703;1772359097.0;;;1.94;1.94;1.94;1.94;1.94;1.94;1.94;0.0
127497;758819;2022-03-28;FRC;F23;;;14;5673;1085871080.0;;;2.07;2.07;2.07;2.07;2.07;2.07;0.0;2.07
127498;758820;2022-03-28;FRC;G23;;;1;1189;142938552.0;;;2.2;2.2;2.2;2.2;2.2;2.2;0.0;0.0
127499;758821;2022-03-28;FRC;H23;;;7;2197;263764423.0;;;2.34;2.34;2.34;2.34;2.34;2.34;0.0;0.0
127500;758822;2022-03-28;FRC;J23;;;24;7334;1397518362.0;;;2.48;2.43;2.49;2.44;2.43;2.43;2.43;0.0
127501;758823;2022-03-28;FRC;N23;;;13;3916;742969346.0;;;2.65;2.65;2.65;2.65;2.65;2.65;0.0;0.0
127502;758824;2022-03-28;FRC;V23;;;2;137;25860529.0;;;2.89;2.88;2.89;2.88;2.88;2.88;0.0;0.0
127503;758825;2022-03-28;FRC;F24;;;3;5066;951570351.0;;;3.07;3.04;3.07;3.04;3.04;3.04;0.0;3.04
127504;758826;2022-03-28;FRC;J24;;;12;3065;573462467.0;;;3.09;3.06;3.09;3.06;3.06;3.06;0.0;0.0
127505;758827;2022-03-28;FRC;N24;;;1;155;28870037.0;;;3.14;3.14;3.14;3.14;3.14;3.12;0.0;0.0
127542;758828;2022-03-28;FRC;V24;;;1;231;26934978.0;;;3.21;3.21;3.21;3.21;3.21;3.19;0.0;0.0
127543;758829;2022-03-28;FRC;F25;;;16;2994;552657578.0;;;3.23;3.23;3.25;3.23;3.25;3.23;3.23;3.25
127544;758830;2022-03-28;FRC;J25;;;0;0;0.0;;;0.0;0.0;0.0;0.0;0.0;3.22;0.0;0.0
127545;758831;2022-03-28;FRC;N25;;;0;0;0.0;;;0.0;0.0;0.0;0.0;0.0;3.26;0.0;0.0
127546;758832;2022-03-28;FRC;V25;;;0;0;0.0;;;0.0;0.0;0.0;0.0;0.0;3.28;0.0;0.0
127547;758833;2022-03-28;FRC;F26;;;6;2078;377180295.0;;;3.3;3.3;3.3;3.3;3.3;3.3;0.0;0.0
127548;758834;2022-03-28;FRC;J26;;;2;132;15028343.0;;;3.36;3.33;3.36;3.33;3.33;3.33;0.0;0.0
127549;758835;2022-03-28;FRC;N26;;;3;411;73944595.0;;;3.37;3.34;3.37;3.34;3.34;3.34;0.0;3.34
127550;758836;2022-03-28;FRC;V26;;;0;0;0.0;;;0.0;0.0;0.0;0.0;0.0;3.34;0.0;3.36
127551;758837;2022-03-28;FRC;F27;;;10;2009;358553169.0;;;3.37;3.35;3.37;3.35;3.35;3.35;0.0;3.4
127552;758838;2022-03-28;FRC;F28;;;1;184;32324201.0;;;3.37;3.37;3.37;3.37;3.37;3.37;0.0;0.0
127553;758839;2022-03-28;FRC;F29;;;3;543;93816403.0;;;3.4;3.4;3.4;3.4;3.4;3.4;0.0;0.0
127590;758840;2022-03-28;FRC;F30;;;0;0;0.0;;;0.0;0.0;0.0;0.0;0.0;3.48;0.0;3.5
127591;758841;2022-03-28;FRC;F31;;;2;528;88016964.0;;;3.54;3.54;3.54;3.54;3.54;3.54;0.0;0.0
127592;758842;2022-03-28;FRC;F32;;;0;0;0.0;;;0.0;0.0;0.0;0.0;0.0;3.62;0.0;0.0
127593;758843;2022-03-28;FRC;F33;;;1;171;17233350.0;;;3.73;3.73;3.73;3.73;3.73;3.73;0.0;0.0
127594;758844;2022-03-28;FRC;F34;;;0;0;0.0;;;0.0;0.0;0.0;0.0;0.0;3.87;0.0;0.0
127595;758845;2022-03-28;FRC;F35;;;0;0;0.0;;;0.0;0.0;0.0;0.0;0.0;4.01;0.0;0.0
127596;758846;2022-03-28;FRC;F36;;;0;0;0.0;;;0.0;0.0;0.0;0.0;0.0;4.16;0.0;0.0
127597;758847;2022-03-28;FRC;F37;;;0;0;0.0;;;0.0;0.0;0.0;0.0;0.0;4.29;0.0;0.0
127956;759017;2022-03-29;FRC;K22;;;276;518022;62662567466.0;;;0.59;0.55;0.62;0.59;0.59;0.59;0.56;0.59
127957;759018;2022-03-29;FRC;M22;;;69;41298;4993737099.0;;;0.91;0.82;0.91;0.85;0.82;0.86;0.82;0.86
127994;759019;2022-03-29;FRC;N22;;;21;29867;5745291187.0;;;0.99;0.93;0.99;0.94;0.94;0.94;0.0;0.94
127995;759020;2022-03-29;FRC;Q22;;;33;69653;8409525481.0;;;1.28;1.26;1.28;1.27;1.28;1.28;1.28;0.0
127996;759021;2022-03-29;FRC;U22;;;17;16808;2027366594.0;;;1.45;1.44;1.45;1.44;1.45;1.45;1.45;0.0
127997;759022;2022-03-29;FRC;V22;;;22;46528;8923091082.0;;;1.68;1.64;1.68;1.64;1.64;1.64;1.62;1.64
127998;759023;2022-03-29;FRC;X22;;;15;12556;1511321843.0;;;1.81;1.78;1.81;1.78;1.78;1.78;1.77;0.0
127999;759024;2022-03-29;FRC;Z22;;;9;6181;743108360.0;;;1.94;1.89;1.94;1.89;1.89;1.89;1.89;0.0
128000;759025;2022-03-29;FRC;F23;;;38;49098;9382771709.0;;;2.06;2.02;2.06;2.02;2.02;2.02;0.0;0.0
128001;759026;2022-03-29;FRC;G23;;;6;5014;601111998.0;;;2.15;2.15;2.15;2.15;2.15;2.15;2.15;0.0
128002;759027;2022-03-29;FRC;H23;;;4;1980;237105722.0;;;2.28;2.28;2.28;2.28;2.28;2.28;0.0;2.28
128003;759028;2022-03-29;FRC;J23;;;23;9091;1729602905.0;;;2.4;2.39;2.43;2.39;2.4;2.4;0.0;0.0
128004;759029;2022-03-29;FRC;N23;;;8;1398;264831896.0;;;2.61;2.61;2.61;2.61;2.61;2.61;0.0;0.0
128005;759030;2022-03-29;FRC;V23;;;12;5799;1093097168.0;;;2.84;2.84;2.84;2.84;2.84;2.84;0.0;0.0
128006;759031;2022-03-29;FRC;F24;;;31;18772;3520754942.0;;;3.04;2.97;3.04;3.0;3.0;3.0;0.0;3.01
128007;759032;2022-03-29;FRC;J24;;;10;2251;420510504.0;;;3.02;3.0;3.04;3.03;3.04;3.04;0.0;3.04
128008;759033;2022-03-29;FRC;N24;;;1;193;35894554.0;;;3.1;3.1;3.1;3.1;3.1;3.1;0.0;3.1
128009;759034;2022-03-29;FRC;V24;;;3;212;24673074.0;;;3.16;3.16;3.18;3.16;3.18;3.18;0.0;0.0
128010;759035;2022-03-29;FRC;F25;;;18;6981;1286454379.0;;;3.23;3.21;3.23;3.22;3.22;3.22;0.0;0.0
128011;759036;2022-03-29;FRC;J25;;;6;2388;275375412.0;;;3.23;3.23;3.23;3.23;3.23;3.23;0.0;0.0
128012;759037;2022-03-29;FRC;N25;;;4;1313;240028136.0;;;3.24;3.24;3.24;3.24;3.24;3.24;0.0;3.24
128013;759038;2022-03-29;FRC;V25;;;2;380;43523826.0;;;3.24;3.24;3.24;3.24;3.24;3.26;0.0;0.0
128014;759039;2022-03-29;FRC;F26;;;8;4005;725782011.0;;;3.29;3.29;3.29;3.29;3.29;3.29;0.0;0.0
128015;759040;2022-03-29;FRC;J26;;;1;376;42597624.0;;;3.33;3.33;3.33;3.33;3.33;3.32;0.0;0.0
128016;759041;2022-03-29;FRC;N26;;;1;131;23530920.0;;;3.34;3.34;3.34;3.34;3.34;3.32;0.0;0.0
128017;759042;2022-03-29;FRC;V26;;;1;131;14747487.0;;;3.34;3.34;3.34;3.34;3.34;3.32;0.0;0.0
128018;759043;2022-03-29;FRC;F27;;;22;7444;1327011127.0;;;3.35;3.32;3.35;3.32;3.32;3.32;3.31;3.32
128019;759044;2022-03-29;FRC;F28;;;3;735;129000144.0;;;3.33;3.33;3.33;3.33;3.33;3.34;0.0;0.0
128020;759045;2022-03-29;FRC;F29;;;3;1215;209858058.0;;;3.35;3.35;3.36;3.35;3.36;3.37;3.35;0.0
128021;759046;2022-03-29;FRC;F30;;;0;0;0.0;;;0.0;0.0;0.0;0.0;0.0;3.44;0.0;3.45
128022;759047;2022-03-29;FRC;F31;;;3;705;117498124.0;;;3.5;3.5;3.5;3.5;3.5;3.5;3.49;0.0
128023;759048;2022-03-29;FRC;F32;;;0;0;0.0;;;0.0;0.0;0.0;0.0;0.0;3.58;0.0;0.0
128024;759049;2022-03-29;FRC;F33;;;0;0;0.0;;;0.0;0.0;0.0;0.0;0.0;3.69;0.0;0.0
128025;759050;2022-03-29;FRC;F34;;;0;0;0.0;;;0.0;0.0;0.0;0.0;0.0;3.83;0.0;0.0
128026;759051;2022-03-29;FRC;F35;;;0;0;0.0;;;0.0;0.0;0.0;0.0;0.0;3.97;0.0;0.0
128027;759052;2022-03-29;FRC;F36;;;3;653;61258223.0;;;4.13;4.13;4.13;4.13;4.13;4.12;0.0;0.0
128028;759053;2022-03-29;FRC;F37;;;0;0;0.0;;;0.0;0.0;0.0;0.0;0.0;4.25;0.0;0.0
128461;759223;2022-03-30;FRC;M22;;;69;41708;2087370961.0;;;1.12;1.09;1.12;1.09;1.09;1.09;0.0;0.0
128462;759224;2022-03-30;FRC;N22;;;112;48402;5879847736.0;;;1.12;1.08;1.12;1.11;1.08;1.08;1.05;1.08
128463;759225;2022-03-30;FRC;Q22;;;16;10380;518657624.0;;;1.49;1.49;1.49;1.49;1.49;1.49;0.0;0.0
128464;759226;2022-03-30;FRC;U22;;;18;25927;1294251046.0;;;1.64;1.64;1.64;1.64;1.64;1.64;0.0;0.0
128465;759227;2022-03-30;FRC;V22;;;9;10239;1239870338.0;;;1.79;1.79;1.79;1.79;1.79;1.79;0.0;0.0
128466;759228;2022-03-30;FRC;X22;;;0;0;0.0;;;0.0;0.0;0.0;0.0;0.0;1.92;0.0;0.0
128467;759229;2022-03-30;FRC;Z22;;;16;17494;870362735.0;;;2.02;2.02;2.02;2.02;2.02;2.02;0.0;0.0
128468;759230;2022-03-30;FRC;F23;;;17;10031;1209770737.0;;;2.18;2.14;2.18;2.15;2.14;2.14;0.0;0.0
128469;759231;2022-03-30;FRC;G23;;;4;2180;108157589.0;;;2.27;2.27;2.27;2.27;2.27;2.27;0.0;0.0
128470;759232;2022-03-30;FRC;H23;;;6;4752;235439654.0;;;2.38;2.38;2.38;2.38;2.38;2.38;0.0;0.0
128471;759233;2022-03-30;FRC;J23;;;6;2570;308590093.0;;;2.52;2.52;2.52;2.52;2.52;2.52;0.0;2.52
128508;759234;2022-03-30;FRC;N23;;;7;1852;221307723.0;;;2.76;2.71;2.76;2.71;2.71;2.71;0.0;0.0
128509;759235;2022-03-30;FRC;V23;;;8;2470;293735748.0;;;2.97;2.91;2.97;2.92;2.91;2.91;0.0;0.0
128510;759236;2022-03-30;FRC;F24;;;17;12130;1435708296.0;;;3.09;3.08;3.09;3.08;3.08;3.08;0.0;3.08
128511;759237;2022-03-30;FRC;J24;;;5;7189;847470402.0;;;3.08;3.08;3.11;3.1;3.11;3.11;0.0;0.0
128512;759238;2022-03-30;FRC;N24;;;1;194;22735669.0;;;3.16;3.16;3.16;3.16;3.16;3.16;0.0;0.0
128513;759239;2022-03-30;FRC;V24;;;1;193;9291228.0;;;3.2;3.2;3.2;3.2;3.2;3.2;0.0;0.0
128514;759240;2022-03-30;FRC;F25;;;8;1497;174097655.0;;;3.28;3.25;3.28;3.25;3.25;3.25;0.0;3.25
128515;759241;2022-03-30;FRC;J25;;;2;382;18232760.0;;;3.25;3.25;3.25;3.25;3.25;3.25;0.0;0.0
128516;759242;2022-03-30;FRC;N25;;;0;0;0.0;;;0.0;0.0;0.0;0.0;0.0;3.25;0.0;0.0
128517;759243;2022-03-30;FRC;V25;;;0;0;0.0;;;0.0;0.0;0.0;0.0;0.0;3.25;0.0;0.0
128518;759244;2022-03-30;FRC;F26;;;4;1134;129829793.0;;;3.28;3.28;3.28;3.28;3.28;3.28;0.0;0.0
128555;759245;2022-03-30;FRC;J26;;;0;0;0.0;;;0.0;0.0;0.0;0.0;0.0;3.31;0.0;0.0
128556;759246;2022-03-30;FRC;N26;;;0;0;0.0;;;0.0;0.0;0.0;0.0;0.0;3.3;0.0;0.0
128557;759247;2022-03-30;FRC;V26;;;0;0;0.0;;;0.0;0.0;0.0;0.0;0.0;3.29;0.0;0.0
128558;759248;2022-03-30;FRC;F27;;;16;3502;394716960.0;;;3.37;3.29;3.37;3.29;3.29;3.29;0.0;0.0
128559;759249;2022-03-30;FRC;F28;;;8;3418;378539537.0;;;3.38;3.31;3.38;3.36;3.31;3.31;0.0;0.0
128560;759250;2022-03-30;FRC;F29;;;1;18;1968159.0;;;3.4;3.4;3.4;3.4;3.4;3.32;3.32;0.0
128561;759251;2022-03-30;FRC;F30;;;0;0;0.0;;;0.0;0.0;0.0;0.0;0.0;3.39;0.0;3.4
128562;759252;2022-03-30;FRC;F31;;;8;1770;186611896.0;;;3.44;3.44;3.44;3.44;3.44;3.44;0.0;0.0
128563;759253;2022-03-30;FRC;F32;;;1;243;10329927.0;;;3.6;3.6;3.6;3.6;3.6;3.49;0.0;0.0
128564;759254;2022-03-30;FRC;F33;;;0;0;0.0;;;0.0;0.0;0.0;0.0;0.0;3.58;0.0;0.0
128565;759255;2022-03-30;FRC;F34;;;1;170;6981842.0;;;3.7;3.7;3.7;3.7;3.7;3.7;0.0;0.0
128566;759256;2022-03-30;FRC;F35;;;0;0;0.0;;;0.0;0.0;0.0;0.0;0.0;3.84;0.0;0.0
128567;759257;2022-03-30;FRC;F36;;;0;0;0.0;;;0.0;0.0;0.0;0.0;0.0;3.99;0.0;0.0
128568;759258;2022-03-30;FRC;F37;;;0;0;0.0;;;0.0;0.0;0.0;0.0;0.0;4.12;0.0;0.0
133132;746870;2022-01-03;FRC;H22;;;11;13639;686365013.0;;;0.58;0.52;0.58;0.52;0.52;0.52;0.0;0.58
133133;746871;2022-01-03;FRC;J22;;;11;9377;1142452740.0;;;0.62;0.58;0.62;0.58;0.58;0.58;0.0;0.58
133134;746872;2022-01-03;FRC;K22;;;10;5017;252317887.0;;;0.63;0.63;0.63;0.63;0.63;0.63;0.63;0.0
133135;746873;2022-01-03;FRC;M22;;;11;4178;210044121.0;;;0.67;0.67;0.69;0.68;0.69;0.69;0.0;0.72
133136;746874;2022-01-03;FRC;N22;;;14;10167;1237606947.0;;;0.62;0.62;0.66;0.65;0.66;0.66;0.0;0.66
133137;746875;2022-01-03;FRC;Q22;;;1;439;22051823.0;;;0.77;0.77;0.77;0.77;0.77;0.81;0.8;0.81
133138;746876;2022-01-03;FRC;U22;;;8;5050;253531568.0;;;0.81;0.81;0.85;0.83;0.85;0.85;0.85;0.0
133139;746877;2022-01-03;FRC;V22;;;15;8096;983606840.0;;;0.87;0.87;0.92;0.91;0.92;0.92;0.9;0.92
133140;746878;2022-01-03;FRC;X22;;;0;0;0.0;;;0.0;0.0;0.0;0.0;0.0;0.97;0.0;0.97
133141;746879;2022-01-03;FRC;Z22;;;0;0;0.0;;;0.0;0.0;0.0;0.0;0.0;1.01;0.0;1.02
133142;746880;2022-01-03;FRC;F23;;;10;4378;531056854.0;;;0.99;0.99;1.04;1.03;1.04;1.04;0.0;0.0
133143;746881;2022-01-03;FRC;J23;;;10;3777;456967446.0;;;1.1;1.1;1.16;1.15;1.16;1.16;0.0;0.0
133144;746882;2022-01-03;FRC;N23;;;1;198;23943217.0;;;1.2;1.2;1.2;1.2;1.2;1.26;0.0;1.26
133145;746883;2022-01-03;FRC;V23;;;1;198;23828033.0;;;1.38;1.38;1.38;1.38;1.38;1.38;0.0;1.38
133146;746884;2022-01-03;FRC;F24;;;12;3370;405021957.0;;;1.42;1.42;1.47;1.46;1.47;1.47;0.0;1.47
133147;746885;2022-01-03;FRC;J24;;;0;0;0.0;;;0.0;0.0;0.0;0.0;0.0;1.56;0.0;1.56
133148;746886;2022-01-03;FRC;N24;;;0;0;0.0;;;0.0;0.0;0.0;0.0;0.0;1.6;0.0;1.6
133149;746887;2022-01-03;FRC;V24;;;2;255;12549134.0;;;1.66;1.66;1.66;1.66;1.66;1.66;0.0;1.66
133150;746888;2022-01-03;FRC;F25;;;12;3239;384866765.0;;;1.68;1.68;1.72;1.71;1.72;1.72;1.72;0.0
133151;746889;2022-01-03;FRC;J25;;;0;0;0.0;;;0.0;0.0;0.0;0.0;0.0;1.76;0.0;0.0
133152;746890;2022-01-03;FRC;N25;;;5;1475;174282603.0;;;1.8;1.8;1.8;1.8;1.8;1.8;0.0;0.0
133153;746891;2022-01-03;FRC;V25;;;0;0;0.0;;;0.0;0.0;0.0;0.0;0.0;1.84;0.0;0.0
133154;746892;2022-01-03;FRC;F26;;;8;1757;206262289.0;;;1.83;1.83;1.89;1.88;1.89;1.89;0.0;0.0
133155;746893;2022-01-03;FRC;J26;;;1;193;9332582.0;;;1.92;1.92;1.92;1.92;1.92;1.92;0.0;0.0
133156;746894;2022-01-03;FRC;N26;;;0;0;0.0;;;0.0;0.0;0.0;0.0;0.0;1.95;0.0;0.0
133157;746895;2022-01-03;FRC;V26;;;0;0;0.0;;;0.0;0.0;0.0;0.0;0.0;2.0;0.0;0.0
133158;746896;2022-01-03;FRC;F27;;;7;1279;148411573.0;;;1.94;1.94;2.0;1.99;2.0;2.0;0.0;0.0
133159;746897;2022-01-03;FRC;F28;;;3;529;60693683.0;;;2.01;2.01;2.08;2.06;2.08;2.08;0.0;0.0
133160;746898;2022-01-03;FRC;F29;;;1;56;6371504.0;;;2.07;2.07;2.07;2.07;2.07;2.15;0.0;0.0
133161;746899;2022-01-03;FRC;F30;;;1;19;2103594.0;;;2.13;2.13;2.13;2.13;2.13;2.22;0.0;0.0
133162;746900;2022-01-03;FRC;F31;;;1;110;12188451.0;;;2.2;2.2;2.2;2.2;2.2;2.3;0.0;0.0
133163;746901;2022-01-03;FRC;F33;;;0;0;0.0;;;0.0;0.0;0.0;0.0;0.0;2.48;2.45;0.0
133164;746902;2022-01-03;FRC;F35;;;0;0;0.0;;;0.0;0.0;0.0;0.0;0.0;2.67;0.0;0.0
133165;746903;2022-01-03;FRC;F36;;;0;0;0.0;;;0.0;0.0;0.0;0.0;0.0;2.76;0.0;0.0
133166;746904;2022-01-03;FRC;F37;;;0;0;0.0;;;0.0;0.0;0.0;0.0;0.0;2.99;0.0;0.0
133167;747071;2022-01-04;FRC;H22;;;29;33516;1682973410.0;;;0.52;0.52;0.6;0.57;0.6;0.58;0.58;0.6
133168;747072;2022-01-04;FRC;J22;;;17;11195;1362723942.0;;;0.63;0.63;0.66;0.63;0.66;0.63;0.0;0.66
133169;747073;2022-01-04;FRC;K22;;;23;11889;596582257.0;;;0.69;0.69;0.7;0.69;0.7;0.7;0.0;0.0
133170;747074;2022-01-04;FRC;M22;;;12;5891;295485437.0;;;0.74;0.74;0.76;0.75;0.76;0.76;0.0;0.0
133171;747075;2022-01-04;FRC;N22;;;29;15958;1940350578.0;;;0.66;0.66;0.74;0.73;0.74;0.74;0.0;0.0
133172;747076;2022-01-04;FRC;Q22;;;21;13712;687154819.0;;;0.83;0.83;0.88;0.84;0.88;0.88;0.87;0.0
133173;747077;2022-01-04;FRC;U22;;;11;6081;304563347.0;;;0.88;0.88;0.93;0.91;0.93;0.93;0.0;0.0
133174;747078;2022-01-04;FRC;V22;;;84;31368;3808134629.0;;;0.92;0.92;0.99;0.95;0.99;0.99;0.98;0.99
133175;747079;2022-01-04;FRC;X22;;;5;1991;99592338.0;;;1.03;1.03;1.03;1.03;1.03;1.03;1.01;0.0
133176;747080;2022-01-04;FRC;Z22;;;6;2090;104477838.0;;;1.01;1.01;1.08;1.07;1.08;1.08;0.0;1.09
133177;747081;2022-01-04;FRC;F23;;;20;7363;891909786.0;;;1.09;1.09;1.11;1.1;1.11;1.11;1.1;1.12
133178;747082;2022-01-04;FRC;J23;;;8;3575;432056284.0;;;1.23;1.23;1.23;1.23;1.23;1.23;0.0;0.0
133179;747083;2022-01-04;FRC;N23;;;15;3605;435003375.0;;;1.26;1.26;1.29;1.28;1.29;1.29;1.3;0.0
133180;747084;2022-01-04;FRC;V23;;;1;20;2390851.0;;;1.38;1.38;1.38;1.38;1.38;1.41;1.4;0.0
133181;747085;2022-01-04;FRC;F24;;;15;7135;856124217.0;;;1.47;1.47;1.51;1.5;1.51;1.51;0.0;0.0
133182;747086;2022-01-04;FRC;J24;;;5;1239;148195537.0;;;1.56;1.56;1.6;1.59;1.6;1.6;0.0;0.0
133183;747087;2022-01-04;FRC;N24;;;3;99;11754071.0;;;1.6;1.6;1.65;1.62;1.65;1.64;1.64;0.0
133184;747088;2022-01-04;FRC;V24;;;5;1233;60507669.0;;;1.66;1.66;1.71;1.7;1.71;1.71;0.0;0.0
133185;747089;2022-01-04;FRC;F25;;;38;22705;2693827001.0;;;1.72;1.72;1.77;1.75;1.77;1.77;0.0;0.0
133186;747090;2022-01-04;FRC;J25;;;0;0;0.0;;;0.0;0.0;0.0;0.0;0.0;1.81;0.0;0.0
133187;747091;2022-01-04;FRC;N25;;;3;776;91513203.0;;;1.85;1.85;1.85;1.85;1.85;1.85;1.85;0.0
133188;747092;2022-01-04;FRC;V25;;;0;0;0.0;;;0.0;0.0;0.0;0.0;0.0;1.89;1.9;0.0
133189;747093;2022-01-04;FRC;F26;;;18;5518;646480291.0;;;1.89;1.89;1.94;1.93;1.94;1.94;0.0;0.0
133190;747094;2022-01-04;FRC;J26;;;1;58;2799413.0;;;1.91;1.91;1.91;1.91;1.91;1.97;0.0;1.99
133191;747095;2022-01-04;FRC;N26;;;0;0;0.0;;;0.0;0.0;0.0;0.0;0.0;2.01;2.01;0.0
133192;747096;2022-01-04;FRC;V26;;;0;0;0.0;;;0.0;0.0;0.0;0.0;0.0;2.06;0.0;0.0
133193;747097;2022-01-04;FRC;F27;;;16;4291;496432261.0;;;2.07;2.07;2.07;2.07;2.07;2.07;2.05;0.0
133194;747098;2022-01-04;FRC;F28;;;5;2261;258367144.0;;;2.17;2.17;2.17;2.17;2.17;2.17;0.0;2.2
133195;747099;2022-01-04;FRC;F29;;;1;186;21011446.0;;;2.24;2.24;2.24;2.24;2.24;2.23;0.0;0.0
133196;747100;2022-01-04;FRC;F30;;;5;1843;205192841.0;;;2.31;2.31;2.32;2.31;2.32;2.3;2.3;0.0
133197;747101;2022-01-04;FRC;F31;;;17;8903;979582084.0;;;2.31;2.31;2.39;2.34;2.39;2.39;0.0;0.0
133198;747102;2022-01-04;FRC;F33;;;1;889;39045869.0;;;2.58;2.58;2.58;2.58;2.58;2.57;0.0;0.0
133199;747103;2022-01-04;FRC;F35;;;0;0;0.0;;;0.0;0.0;0.0;0.0;0.0;2.76;2.77;0.0
133200;747104;2022-01-04;FRC;F36;;;0;0;0.0;;;0.0;0.0;0.0;0.0;0.0;2.85;0.0;0.0
133201;747105;2022-01-04;FRC;F37;;;0;0;0.0;;;0.0;0.0;0.0;0.0;0.0;3.08;0.0;0.0
133202;747272;2022-01-05;FRC;H22;;;31;64189;3208349475.0;;;0.6;0.58;0.61;0.58;0.59;0.59;0.0;0.0
133203;747273;2022-01-05;FRC;J22;;;24;71840;8728130042.0;;;0.64;0.64;0.68;0.67;0.68;0.68;0.0;0.0
133204;747274;2022-01-05;FRC;K22;;;21;12789;638765015.0;;;0.72;0.72;0.73;0.72;0.73;0.73;0.73;0.0
133205;747275;2022-01-05;FRC;M22;;;5;1798;89765436.0;;;0.79;0.79;0.79;0.79;0.79;0.79;0.0;0.0
133206;747276;2022-01-05;FRC;N22;;;22;15458;1875875510.0;;;0.75;0.75;0.76;0.75;0.76;0.76;0.76;0.0
133207;747277;2022-01-05;FRC;Q22;;;10;16343;815128998.0;;;0.88;0.88;0.91;0.89;0.91;0.91;0.91;0.0
133208;747278;2022-01-05;FRC;U22;;;9;12365;616388811.0;;;0.93;0.93;0.96;0.94;0.96;0.96;0.0;0.0
133209;747279;2022-01-05;FRC;V22;;;8;5580;675857018.0;;;1.03;1.03;1.03;1.03;1.03;1.03;0.0;0.0
133210;747280;2022-01-05;FRC;X22;;;10;3981;198180385.0;;;1.08;1.08;1.08;1.08;1.08;1.08;0.0;0.0
133211;747281;2022-01-05;FRC;Z22;;;8;4378;217796847.0;;;1.13;1.13;1.13;1.13;1.13;1.13;0.0;0.0
133212;747282;2022-01-05;FRC;F23;;;32;15542;1878361199.0;;;1.11;1.11;1.17;1.15;1.17;1.17;0.0;0.0
133213;747283;2022-01-05;FRC;J23;;;9;4766;574736872.0;;;1.27;1.27;1.27;1.27;1.27;1.27;1.27;0.0
133214;747284;2022-01-05;FRC;N23;;;21;5704;686658775.0;;;1.31;1.29;1.36;1.33;1.36;1.36;1.36;0.0
133215;747285;2022-01-05;FRC;V23;;;15;4073;488806177.0;;;1.42;1.41;1.46;1.44;1.46;1.46;0.0;0.0
133216;747286;2022-01-05;FRC;F24;;;38;8653;1035702109.0;;;1.51;1.51;1.56;1.54;1.56;1.56;1.56;0.0
133217;747287;2022-01-05;FRC;J24;;;2;590;70386362.0;;;1.64;1.64;1.64;1.64;1.64;1.64;0.0;0.0
133218;747288;2022-01-05;FRC;N24;;;14;3136;373272402.0;;;1.67;1.65;1.7;1.69;1.7;1.7;0.0;0.0
133219;747289;2022-01-05;FRC;V24;;;1;195;9516759.0;;;1.77;1.77;1.77;1.77;1.77;1.77;0.0;0.0
133220;747290;2022-01-05;FRC;F25;;;20;4444;525534173.0;;;1.77;1.77;1.85;1.83;1.85;1.85;0.0;1.85
133221;747291;2022-01-05;FRC;J25;;;4;465;22559409.0;;;1.8;1.8;1.88;1.86;1.88;1.88;0.0;0.0
133222;747292;2022-01-05;FRC;N25;;;3;582;68417091.0;;;1.86;1.86;1.92;1.9;1.92;1.92;0.0;0.0
133223;747293;2022-01-05;FRC;V25;;;2;386;18605418.0;;;1.96;1.96;1.99;1.97;1.99;1.96;0.0;0.0
133224;747294;2022-01-05;FRC;F26;;;16;6030;704218088.0;;;1.94;1.94;2.04;2.01;2.02;2.02;0.0;0.0
133225;747295;2022-01-05;FRC;J26;;;2;788;37803732.0;;;1.97;1.97;2.0;1.97;2.0;2.04;0.0;0.0
133226;747296;2022-01-05;FRC;N26;;;8;1037;120308321.0;;;2.03;2.01;2.07;2.04;2.07;2.07;0.0;0.0
133227;747297;2022-01-05;FRC;V26;;;0;0;0.0;;;0.0;0.0;0.0;0.0;0.0;2.12;0.0;0.0
133228;747298;2022-01-05;FRC;F27;;;8;1349;155772184.0;;;2.07;2.07;2.13;2.12;2.13;2.13;0.0;0.0
133229;747299;2022-01-05;FRC;F28;;;5;8280;942658397.0;;;2.23;2.23;2.23;2.23;2.23;2.23;0.0;0.0
133230;747300;2022-01-05;FRC;F29;;;2;372;41782685.0;;;2.32;2.32;2.32;2.32;2.32;2.32;2.32;2.34
133231;747301;2022-01-05;FRC;F30;;;0;0;0.0;;;0.0;0.0;0.0;0.0;0.0;2.39;0.0;0.0
133232;747302;2022-01-05;FRC;F31;;;5;9975;1089327544.0;;;2.48;2.48;2.48;2.48;2.48;2.48;0.0;0.0
133233;747303;2022-01-05;FRC;F33;;;0;0;0.0;;;0.0;0.0;0.0;0.0;0.0;2.67;0.0;0.0
133234;747304;2022-01-05;FRC;F35;;;0;0;0.0;;;0.0;0.0;0.0;0.0;0.0;2.86;0.0;0.0
133235;747305;2022-01-05;FRC;F36;;;2;342;14150129.0;;;2.95;2.95;2.95;2.95;2.95;2.95;0.0;0.0
133236;747306;2022-01-05;FRC;F37;;;1;168;6805596.0;;;3.08;3.08;3.08;3.08;3.08;3.08;0.0;0.0
133237;747475;2022-01-06;FRC;H22;;;15;35832;1794037670.0;;;0.61;0.57;0.61;0.57;0.57;0.57;0.0;0.57
133238;747476;2022-01-06;FRC;J22;;;25;29746;3616253251.0;;;0.72;0.69;0.72;0.69;0.69;0.69;0.0;0.0
133239;747477;2022-01-06;FRC;K22;;;14;10991;549883825.0;;;0.74;0.74;0.74;0.74;0.74;0.74;0.0;0.0
133240;747478;2022-01-06;FRC;M22;;;15;10606;530383850.0;;;0.81;0.78;0.81;0.8;0.81;0.81;0.0;0.0
133241;747479;2022-01-06;FRC;N22;;;11;17033;2068488279.0;;;0.8;0.77;0.8;0.78;0.78;0.78;0.73;0.0
133242;747480;2022-01-06;FRC;Q22;;;4;500;24979631.0;;;0.9;0.9;0.93;0.91;0.93;0.93;0.88;0.0
133243;747481;2022-01-06;FRC;U22;;;0;0;0.0;;;0.0;0.0;0.0;0.0;0.0;0.98;0.0;0.0
133244;747482;2022-01-06;FRC;V22;;;31;35694;4325994308.0;;;1.07;1.02;1.07;1.04;1.05;1.05;1.01;0.0
133245;747483;2022-01-06;FRC;X22;;;3;2987;148938550.0;;;1.1;1.1;1.1;1.1;1.1;1.1;0.0;0.0
133246;747484;2022-01-06;FRC;Z22;;;6;4378;218157677.0;;;1.14;1.14;1.14;1.14;1.14;1.14;0.0;0.0
133247;747485;2022-01-06;FRC;F23;;;38;44641;5398685212.0;;;1.2;1.17;1.2;1.18;1.19;1.19;1.16;1.19
133248;747486;2022-01-06;FRC;J23;;;4;4784;577426753.0;;;1.27;1.27;1.3;1.27;1.3;1.3;0.0;0.0
133249;747487;2022-01-06;FRC;N23;;;9;5544;667576557.0;;;1.39;1.38;1.4;1.38;1.39;1.39;0.0;0.0
133250;747488;2022-01-06;FRC;V23;;;4;1186;142367252.0;;;1.49;1.49;1.49;1.49;1.49;1.49;0.0;0.0
133251;747489;2022-01-06;FRC;F24;;;10;2955;353712888.0;;;1.61;1.61;1.61;1.61;1.61;1.61;1.61;0.0
133252;747490;2022-01-06;FRC;J24;;;0;0;0.0;;;0.0;0.0;0.0;0.0;0.0;1.69;0.0;0.0
133253;747491;2022-01-06;FRC;N24;;;1;196;23317913.0;;;1.76;1.76;1.76;1.76;1.76;1.76;0.0;0.0
133254;747492;2022-01-06;FRC;V24;;;0;0;0.0;;;0.0;0.0;0.0;0.0;0.0;1.83;0.0;0.0
133255;747493;2022-01-06;FRC;F25;;;2;6715;793840950.0;;;1.85;1.85;1.92;1.91;1.92;1.92;0.0;0.0
133256;747494;2022-01-06;FRC;J25;;;0;0;0.0;;;0.0;0.0;0.0;0.0;0.0;1.95;0.0;0.0
133257;747495;2022-01-06;FRC;N25;;;0;0;0.0;;;0.0;0.0;0.0;0.0;0.0;1.99;0.0;0.0
133258;747496;2022-01-06;FRC;V25;;;0;0;0.0;;;0.0;0.0;0.0;0.0;0.0;2.02;0.0;0.0
133259;747497;2022-01-06;FRC;F26;;;12;9250;1080075619.0;;;2.02;2.02;2.08;2.07;2.08;2.08;0.0;0.0
133260;747498;2022-01-06;FRC;J26;;;0;0;0.0;;;0.0;0.0;0.0;0.0;0.0;2.1;0.0;0.0
133261;747499;2022-01-06;FRC;N26;;;1;383;44412713.0;;;2.13;2.13;2.13;2.13;2.13;2.13;0.0;2.13
133262;747500;2022-01-06;FRC;V26;;;3;573;27277459.0;;;2.18;2.18;2.18;2.18;2.18;2.18;0.0;0.0
133263;747501;2022-01-06;FRC;F27;;;4;5171;595934631.0;;;2.13;2.13;2.2;2.19;2.2;2.2;0.0;0.0
133264;747502;2022-01-06;FRC;F28;;;5;9264;1053628867.0;;;2.29;2.29;2.29;2.29;2.29;2.29;0.0;0.0
133265;747503;2022-01-06;FRC;F29;;;0;0;0.0;;;0.0;0.0;0.0;0.0;0.0;2.38;0.0;0.0
133266;747504;2022-01-06;FRC;F30;;;0;0;0.0;;;0.0;0.0;0.0;0.0;0.0;2.45;0.0;0.0
133267;747505;2022-01-06;FRC;F31;;;3;6892;751693425.0;;;2.48;2.48;2.54;2.53;2.54;2.54;0.0;0.0
133268;747506;2022-01-06;FRC;F33;;;0;0;0.0;;;0.0;0.0;0.0;0.0;0.0;2.73;0.0;0.0
133269;747507;2022-01-06;FRC;F35;;;0;0;0.0;;;0.0;0.0;0.0;0.0;0.0;2.92;0.0;0.0
133270;747508;2022-01-06;FRC;F36;;;0;0;0.0;;;0.0;0.0;0.0;0.0;0.0;3.01;0.0;0.0
133271;747509;2022-01-06;FRC;F37;;;0;0;0.0;;;0.0;0.0;0.0;0.0;0.0;3.14;0.0;0.0
133272;747678;2022-01-07;FRC;H22;;;19;52587;2611055060.0;;;0.59;0.59;0.63;0.62;0.63;0.63;0.0;0.0
133273;747679;2022-01-07;FRC;J22;;;26;27965;3388048693.0;;;0.69;0.69;0.77;0.73;0.77;0.74;0.0;0.77
133274;747680;2022-01-07;FRC;K22;;;11;6494;322197649.0;;;0.77;0.74;0.77;0.76;0.77;0.77;0.0;0.0
133275;747681;2022-01-07;FRC;M22;;;4;1657;82171809.0;;;0.82;0.82;0.86;0.85;0.86;0.86;0.0;0.0
133276;747682;2022-01-07;FRC;N22;;;9;9084;1099353623.0;;;0.78;0.78;0.83;0.82;0.83;0.83;0.0;0.0
133277;747683;2022-01-07;FRC;Q22;;;5;2835;140436334.0;;;0.93;0.93;0.98;0.97;0.98;0.98;0.0;0.0
133278;747684;2022-01-07;FRC;U22;;;9;2731;135206409.0;;;0.98;0.98;1.03;1.02;1.03;1.03;1.01;1.03
133279;747685;2022-01-07;FRC;V22;;;15;4684;565575285.0;;;1.07;1.07;1.09;1.08;1.09;1.09;1.1;0.0
133280;747686;2022-01-07;FRC;X22;;;1;996;49244500.0;;;1.14;1.14;1.14;1.14;1.14;1.14;0.0;1.14
133281;747687;2022-01-07;FRC;Z22;;;4;16518;816117118.0;;;1.19;1.19;1.19;1.19;1.19;1.19;0.0;1.19
133282;747688;2022-01-07;FRC;F23;;;48;11194;1349301866.0;;;1.2;1.2;1.23;1.21;1.23;1.23;0.0;1.23
133283;747689;2022-01-07;FRC;J23;;;4;1191;143178624.0;;;1.34;1.34;1.34;1.34;1.34;1.34;0.0;0.0
133284;747690;2022-01-07;FRC;N23;;;5;1030;123507484.0;;;1.42;1.42;1.44;1.43;1.44;1.44;1.42;1.44
133285;747691;2022-01-07;FRC;V23;;;0;0;0.0;;;0.0;0.0;0.0;0.0;0.0;1.55;0.0;0.0
133286;747692;2022-01-07;FRC;F24;;;6;1221;145534396.0;;;1.62;1.62;1.68;1.67;1.68;1.68;0.0;0.0
133287;747693;2022-01-07;FRC;J24;;;2;177;21017772.0;;;1.76;1.75;1.76;1.75;1.75;1.74;0.0;0.0
133288;747694;2022-01-07;FRC;N24;;;6;1763;208743287.0;;;1.85;1.85;1.85;1.85;1.85;1.85;0.0;0.0
133289;747695;2022-01-07;FRC;V24;;;0;0;0.0;;;0.0;0.0;0.0;0.0;0.0;1.91;0.0;0.0
133290;747696;2022-01-07;FRC;F25;;;21;7328;862918900.0;;;1.94;1.93;1.98;1.97;1.98;1.98;0.0;0.0
133291;747697;2022-01-07;FRC;J25;;;1;194;9328518.0;;;2.02;2.02;2.02;2.02;2.02;2.01;0.0;0.0
133292;747698;2022-01-07;FRC;N25;;;1;387;45262668.0;;;2.05;2.05;2.05;2.05;2.05;2.05;0.0;0.0
133293;747699;2022-01-07;FRC;V25;;;0;0;0.0;;;0.0;0.0;0.0;0.0;0.0;2.08;0.0;0.0
133294;747700;2022-01-07;FRC;F26;;;6;1575;183104003.0;;;2.1;2.1;2.14;2.13;2.14;2.14;0.0;0.0
133295;747701;2022-01-07;FRC;J26;;;4;940;44638211.0;;;2.14;2.13;2.16;2.15;2.16;2.16;0.0;0.0
133296;747702;2022-01-07;FRC;N26;;;3;955;110359215.0;;;2.17;2.17;2.19;2.17;2.19;2.19;0.0;0.0
133297;747703;2022-01-07;FRC;V26;;;0;0;0.0;;;0.0;0.0;0.0;0.0;0.0;2.24;0.0;0.0
133298;747704;2022-01-07;FRC;F27;;;6;1007;115467860.0;;;2.25;2.25;2.25;2.25;2.25;2.25;0.0;0.0
133299;747705;2022-01-07;FRC;F28;;;5;940;106250916.0;;;2.35;2.35;2.35;2.35;2.35;2.35;0.0;0.0
133300;747706;2022-01-07;FRC;F29;;;1;5934;662345078.0;;;2.43;2.43;2.43;2.43;2.43;2.43;0.0;0.0
133301;747707;2022-01-07;FRC;F30;;;0;0;0.0;;;0.0;0.0;0.0;0.0;0.0;2.48;0.0;0.0
133302;747708;2022-01-07;FRC;F31;;;11;7242;785718207.0;;;2.59;2.56;2.59;2.57;2.56;2.56;0.0;0.0
133303;747709;2022-01-07;FRC;F33;;;0;0;0.0;;;0.0;0.0;0.0;0.0;0.0;2.75;0.0;0.0
133304;747710;2022-01-07;FRC;F35;;;0;0;0.0;;;0.0;0.0;0.0;0.0;0.0;2.94;0.0;0.0
133305;747711;2022-01-07;FRC;F36;;;0;0;0.0;;;0.0;0.0;0.0;0.0;0.0;3.03;0.0;0.0
133306;747712;2022-01-07;FRC;F37;;;0;0;0.0;;;0.0;0.0;0.0;0.0;0.0;3.16;0.0;0.0
133307;747881;2022-01-10;FRC;H22;;;18;22335;1116229170.0;;;0.67;0.63;0.69;0.63;0.63;0.63;0.0;0.0
133308;747882;2022-01-10;FRC;J22;;;38;92805;11274232447.0;;;0.75;0.74;0.78;0.75;0.75;0.75;0.0;0.0
133309;747883;2022-01-10;FRC;K22;;;7;7054;352265363.0;;;0.8;0.78;0.8;0.78;0.78;0.78;0.78;0.8
133310;747884;2022-01-10;FRC;M22;;;2;13900;693783240.0;;;0.87;0.87;0.88;0.87;0.88;0.88;0.0;0.0
133311;747885;2022-01-10;FRC;N22;;;14;15655;1899374982.0;;;0.85;0.85;0.85;0.85;0.85;0.85;0.0;0.0
133312;747886;2022-01-10;FRC;Q22;;;11;7758;386783248.0;;;0.98;0.98;1.02;1.01;1.02;1.02;0.0;0.0
133313;747887;2022-01-10;FRC;U22;;;3;5522;275138554.0;;;1.06;1.06;1.07;1.06;1.07;1.07;1.06;1.07
133314;747888;2022-01-10;FRC;V22;;;8;13348;1616269708.0;;;1.12;1.12;1.12;1.12;1.12;1.12;0.0;0.0
133315;747889;2022-01-10;FRC;X22;;;7;10533;524149610.0;;;1.16;1.16;1.16;1.16;1.16;1.16;0.0;0.0
133316;747890;2022-01-10;FRC;Z22;;;0;0;0.0;;;0.0;0.0;0.0;0.0;0.0;1.21;0.0;0.0
133317;747891;2022-01-10;FRC;F23;;;9;10460;1263773816.0;;;1.25;1.24;1.26;1.25;1.26;1.25;1.25;0.0
133318;747892;2022-01-10;FRC;J23;;;1;992;119596299.0;;;1.36;1.36;1.36;1.36;1.36;1.37;0.0;0.0
133319;747893;2022-01-10;FRC;N23;;;3;792;95218938.0;;;1.47;1.47;1.47;1.47;1.47;1.47;0.0;0.0
133320;747894;2022-01-10;FRC;V23;;;15;3728;447234439.0;;;1.57;1.56;1.61;1.58;1.61;1.58;0.0;0.0
133321;747895;2022-01-10;FRC;F24;;;9;2600;310542099.0;;;1.69;1.69;1.73;1.71;1.73;1.72;1.72;0.0
133322;747896;2022-01-10;FRC;J24;;;0;0;0.0;;;0.0;0.0;0.0;0.0;0.0;1.78;1.78;0.0
133323;747897;2022-01-10;FRC;N24;;;0;0;0.0;;;0.0;0.0;0.0;0.0;0.0;1.89;0.0;0.0
133324;747898;2022-01-10;FRC;V24;;;2;390;18988248.0;;;1.95;1.95;1.95;1.95;1.95;1.95;0.0;0.0
133325;747899;2022-01-10;FRC;F25;;;11;6219;733663972.0;;;1.98;1.98;2.02;2.01;2.02;2.02;0.0;0.0
133326;747900;2022-01-10;FRC;J25;;;5;3296;159462167.0;;;2.04;2.04;2.05;2.04;2.05;2.05;0.0;0.0
133327;747901;2022-01-10;FRC;N25;;;0;0;0.0;;;0.0;0.0;0.0;0.0;0.0;2.09;0.0;0.0
133328;747902;2022-01-10;FRC;V25;;;0;0;0.0;;;0.0;0.0;0.0;0.0;0.0;2.12;0.0;0.0
133329;747903;2022-01-10;FRC;F26;;;4;1017;118495419.0;;;2.14;2.14;2.18;2.17;2.18;2.18;2.18;0.0
133330;747904;2022-01-10;FRC;J26;;;1;575;27457712.0;;;2.2;2.2;2.2;2.2;2.2;2.2;0.0;0.0
133331;747905;2022-01-10;FRC;N26;;;3;573;66287837.0;;;2.23;2.23;2.23;2.23;2.23;2.23;0.0;0.0
133332;747906;2022-01-10;FRC;V26;;;0;0;0.0;;;0.0;0.0;0.0;0.0;0.0;2.28;0.0;0.0
133333;747907;2022-01-10;FRC;F27;;;16;3816;438387993.0;;;2.25;2.25;2.29;2.28;2.29;2.29;0.0;0.0
133334;747908;2022-01-10;FRC;F28;;;0;0;0.0;;;0.0;0.0;0.0;0.0;0.0;2.39;0.0;0.0
133335;747909;2022-01-10;FRC;F29;;;0;0;0.0;;;0.0;0.0;0.0;0.0;0.0;2.47;0.0;0.0
133336;747910;2022-01-10;FRC;F30;;;1;128;14133217.0;;;2.52;2.52;2.52;2.52;2.52;2.52;0.0;0.0
133337;747911;2022-01-10;FRC;F31;;;1;72;7848562.0;;;2.6;2.6;2.6;2.6;2.6;2.6;0.0;0.0
133338;747912;2022-01-10;FRC;F33;;;1;176;7614168.0;;;2.79;2.79;2.79;2.79;2.79;2.79;0.0;0.0
133339;747913;2022-01-10;FRC;F35;;;0;0;0.0;;;0.0;0.0;0.0;0.0;0.0;2.98;0.0;0.0
133340;747914;2022-01-10;FRC;F36;;;0;0;0.0;;;0.0;0.0;0.0;0.0;0.0;3.07;0.0;0.0
133341;747915;2022-01-10;FRC;F37;;;0;0;0.0;;;0.0;0.0;0.0;0.0;0.0;3.2;0.0;0.0
133342;748084;2022-01-11;FRC;H22;;;16;52784;2617414089.0;;;0.61;0.61;0.65;0.64;0.65;0.65;0.0;0.0
133343;748085;2022-01-11;FRC;J22;;;32;30645;3710649306.0;;;0.75;0.75;0.79;0.76;0.75;0.76;0.75;0.79
133344;748086;2022-01-11;FRC;K22;;;16;7695;381272424.0;;;0.78;0.78;0.81;0.8;0.8;0.8;0.0;0.0
133345;748087;2022-01-11;FRC;M22;;;8;2877;142477747.0;;;0.89;0.89;0.89;0.89;0.89;0.89;0.0;0.0
133346;748088;2022-01-11;FRC;N22;;;15;13178;1593821369.0;;;0.85;0.85;0.85;0.85;0.85;0.85;0.0;0.0
133347;748089;2022-01-11;FRC;Q22;;;25;37297;1845006890.0;;;1.02;1.02;1.02;1.02;1.02;1.02;0.0;1.02
133348;748090;2022-01-11;FRC;U22;;;3;40133;1984107967.0;;;1.07;1.06;1.07;1.06;1.07;1.07;0.0;0.0
133349;748091;2022-01-11;FRC;V22;;;12;25900;3126118079.0;;;1.12;1.12;1.12;1.12;1.12;1.12;1.1;1.12
133350;748092;2022-01-11;FRC;X22;;;1;199;9825769.0;;;1.16;1.16;1.16;1.16;1.16;1.16;0.0;0.0
133351;748093;2022-01-11;FRC;Z22;;;9;5572;274927180.0;;;1.21;1.21;1.21;1.21;1.21;1.21;0.0;0.0
133352;748094;2022-01-11;FRC;F23;;;21;12607;1518414462.0;;;1.25;1.25;1.29;1.25;1.25;1.25;0.0;0.0
133353;748095;2022-01-11;FRC;J23;;;3;1111;133507583.0;;;1.37;1.37;1.37;1.37;1.37;1.37;0.0;1.37
133354;748096;2022-01-11;FRC;N23;;;11;2436;291898024.0;;;1.47;1.47;1.47;1.47;1.47;1.47;0.0;0.0
133355;748097;2022-01-11;FRC;V23;;;11;2287;273493310.0;;;1.61;1.6;1.61;1.6;1.61;1.6;0.0;0.0
133356;748098;2022-01-11;FRC;F24;;;8;3976;473560078.0;;;1.72;1.72;1.72;1.72;1.72;1.72;0.0;0.0
133357;748099;2022-01-11;FRC;J24;;;5;1844;219109481.0;;;1.78;1.78;1.78;1.78;1.78;1.78;0.0;0.0
133358;748100;2022-01-11;FRC;N24;;;3;588;69517369.0;;;1.89;1.89;1.89;1.89;1.89;1.89;1.88;0.0
133359;748101;2022-01-11;FRC;V24;;;0;0;0.0;;;0.0;0.0;0.0;0.0;0.0;1.95;0.0;0.0
133360;748102;2022-01-11;FRC;F25;;;19;6664;783787994.0;;;2.02;2.02;2.02;2.02;2.02;2.02;0.0;0.0
133361;748103;2022-01-11;FRC;J25;;;0;0;0.0;;;0.0;0.0;0.0;0.0;0.0;2.05;0.0;0.0
133362;748104;2022-01-11;FRC;N25;;;0;0;0.0;;;0.0;0.0;0.0;0.0;0.0;2.09;0.0;0.0
133363;748105;2022-01-11;FRC;V25;;;0;0;0.0;;;0.0;0.0;0.0;0.0;0.0;2.12;0.0;0.0
133364;748106;2022-01-11;FRC;F26;;;15;2572;298622731.0;;;2.18;2.17;2.18;2.17;2.17;2.18;2.16;2.17
133365;748107;2022-01-11;FRC;J26;;;1;594;28144185.0;;;2.2;2.2;2.2;2.2;2.2;2.2;0.0;0.0
133366;748108;2022-01-11;FRC;N26;;;2;592;68275811.0;;;2.23;2.23;2.23;2.23;2.23;2.23;0.0;0.0
133367;748109;2022-01-11;FRC;V26;;;0;0;0.0;;;0.0;0.0;0.0;0.0;0.0;2.27;0.0;0.0
133368;748110;2022-01-11;FRC;F27;;;6;855;97888807.0;;;2.29;2.28;2.29;2.28;2.28;2.28;0.0;0.0
133369;748111;2022-01-11;FRC;F28;;;3;393;44464030.0;;;2.38;2.38;2.38;2.38;2.38;2.38;0.0;2.38
133370;748112;2022-01-11;FRC;F29;;;2;222;24779246.0;;;2.45;2.45;2.45;2.45;2.45;2.45;0.0;0.0
133371;748113;2022-01-11;FRC;F30;;;1;458;50412932.0;;;2.5;2.5;2.5;2.5;2.5;2.5;0.0;0.0
133372;748114;2022-01-11;FRC;F31;;;10;2118;229847201.0;;;2.57;2.57;2.57;2.57;2.57;2.57;0.0;0.0
133373;748115;2022-01-11;FRC;F33;;;4;1233;52912871.0;;;2.8;2.8;2.8;2.8;2.8;2.8;0.0;0.0
133374;748116;2022-01-11;FRC;F35;;;1;686;28347101.0;;;3.05;3.05;3.05;3.05;3.05;3.05;0.0;0.0
133375;748117;2022-01-11;FRC;F36;;;0;0;0.0;;;0.0;0.0;0.0;0.0;0.0;3.14;0.0;0.0
133376;748118;2022-01-11;FRC;F37;;;0;0;0.0;;;0.0;0.0;0.0;0.0;0.0;3.27;0.0;0.0
133377;748289;2022-01-12;FRC;H22;;;69;61836;3062089548.0;;;0.64;0.62;0.65;0.63;0.65;0.62;0.65;0.0
133378;748290;2022-01-12;FRC;J22;;;47;74916;9066875020.0;;;0.77;0.75;0.8;0.76;0.76;0.75;0.76;0.78
133379;748291;2022-01-12;FRC;K22;;;116;115036;5691939484.0;;;0.81;0.8;0.82;0.8;0.81;0.81;0.81;0.0
133380;748292;2022-01-12;FRC;M22;;;10;2458;121564314.0;;;0.92;0.87;0.92;0.87;0.87;0.87;0.87;0.0
133381;748293;2022-01-12;FRC;N22;;;39;29690;3589039345.0;;;0.85;0.83;0.85;0.84;0.84;0.84;0.84;0.0
133382;748294;2022-01-12;FRC;Q22;;;12;6009;296866774.0;;;1.01;0.99;1.01;0.99;1.01;0.99;1.0;1.01
133383;748295;2022-01-12;FRC;U22;;;17;6661;328878881.0;;;1.05;1.05;1.05;1.05;1.05;1.05;1.05;0.0
133384;748296;2022-01-12;FRC;V22;;;23;5702;687604218.0;;;1.12;1.11;1.12;1.11;1.11;1.11;0.0;0.0
133385;748297;2022-01-12;FRC;X22;;;8;1513;74603459.0;;;1.15;1.15;1.16;1.15;1.16;1.16;1.16;0.0
133386;748298;2022-01-12;FRC;Z22;;;5;1990;98054190.0;;;1.21;1.21;1.21;1.21;1.21;1.21;0.0;0.0
133387;748299;2022-01-12;FRC;F23;;;26;18078;2176040085.0;;;1.25;1.25;1.26;1.25;1.26;1.25;1.25;0.0
133388;748300;2022-01-12;FRC;J23;;;7;4424;531369592.0;;;1.37;1.36;1.37;1.36;1.36;1.36;1.36;0.0
133389;748301;2022-01-12;FRC;N23;;;2;1069;128059646.0;;;1.47;1.46;1.47;1.46;1.46;1.46;0.0;0.0
133390;748302;2022-01-12;FRC;V23;;;2;276;32996455.0;;;1.6;1.58;1.6;1.58;1.58;1.59;1.58;0.0
133391;748303;2022-01-12;FRC;F24;;;14;4982;592969019.0;;;1.72;1.71;1.72;1.71;1.71;1.71;1.7;0.0
133392;748304;2022-01-12;FRC;J24;;;0;0;0.0;;;0.0;0.0;0.0;0.0;0.0;1.76;0.0;0.0
133393;748305;2022-01-12;FRC;N24;;;5;1977;233818392.0;;;1.89;1.86;1.89;1.88;1.86;1.86;0.0;0.0
133394;748306;2022-01-12;FRC;V24;;;0;0;0.0;;;0.0;0.0;0.0;0.0;0.0;1.92;0.0;0.0
133395;748307;2022-01-12;FRC;F25;;;9;2817;331383901.0;;;2.02;1.98;2.02;1.98;1.99;1.99;0.0;0.0
133396;748308;2022-01-12;FRC;J25;;;0;0;0.0;;;0.0;0.0;0.0;0.0;0.0;2.02;0.0;0.0
133397;748309;2022-01-12;FRC;N25;;;0;0;0.0;;;0.0;0.0;0.0;0.0;0.0;2.06;0.0;0.0
133398;748310;2022-01-12;FRC;V25;;;1;193;9197616.0;;;2.1;2.1;2.1;2.1;2.1;2.09;0.0;0.0
133399;748311;2022-01-12;FRC;F26;;;7;1363;158270339.0;;;2.18;2.15;2.18;2.15;2.15;2.15;0.0;0.0
133400;748312;2022-01-12;FRC;J26;;;0;0;0.0;;;0.0;0.0;0.0;0.0;0.0;2.17;0.0;0.0
133401;748313;2022-01-12;FRC;N26;;;0;0;0.0;;;0.0;0.0;0.0;0.0;0.0;2.19;0.0;0.0
133402;748314;2022-01-12;FRC;V26;;;1;190;8935192.0;;;2.23;2.23;2.23;2.23;2.23;2.23;0.0;0.0
133403;748315;2022-01-12;FRC;F27;;;9;2507;287263863.0;;;2.28;2.25;2.28;2.25;2.25;2.25;0.0;0.0
133404;748316;2022-01-12;FRC;F28;;;1;19;2134744.0;;;2.33;2.33;2.33;2.33;2.33;2.33;2.33;0.0
133405;748317;2022-01-12;FRC;F29;;;0;0;0.0;;;0.0;0.0;0.0;0.0;0.0;2.43;0.0;2.43
133406;748318;2022-01-12;FRC;F30;;;1;110;12096743.0;;;2.5;2.5;2.5;2.5;2.5;2.5;0.0;2.5
133407;748319;2022-01-12;FRC;F31;;;5;1033;112204623.0;;;2.54;2.53;2.54;2.53;2.53;2.54;0.0;0.0
133408;748320;2022-01-12;FRC;F33;;;1;35;1502437.0;;;2.74;2.74;2.74;2.74;2.74;2.74;0.0;0.0
133409;748321;2022-01-12;FRC;F35;;;0;0;0.0;;;0.0;0.0;0.0;0.0;0.0;2.97;0.0;0.0
133410;748322;2022-01-12;FRC;F36;;;0;0;0.0;;;0.0;0.0;0.0;0.0;0.0;3.06;0.0;0.0
133411;748323;2022-01-12;FRC;F37;;;0;0;0.0;;;0.0;0.0;0.0;0.0;0.0;3.19;0.0;0.0
133412;748494;2022-01-13;FRC;H22;;;27;37517;1866907920.0;;;0.62;0.61;0.63;0.61;0.61;0.61;0.61;0.65
133413;748495;2022-01-13;FRC;J22;;;26;41657;5051721294.0;;;0.75;0.74;0.76;0.75;0.75;0.75;0.0;0.78
133414;748496;2022-01-13;FRC;K22;;;42;10995;546685675.0;;;0.8;0.8;0.81;0.8;0.81;0.81;0.8;0.0
133415;748497;2022-01-13;FRC;M22;;;10;7790;387143456.0;;;0.88;0.88;0.88;0.88;0.88;0.88;0.88;0.0
133416;748498;2022-01-13;FRC;N22;;;24;14498;1755894468.0;;;0.84;0.84;0.85;0.84;0.84;0.85;0.85;0.0
133417;748499;2022-01-13;FRC;Q22;;;10;3987;197925608.0;;;1.01;1.01;1.01;1.01;1.01;1.01;0.0;0.0
133418;748500;2022-01-13;FRC;U22;;;4;2591;128547945.0;;;1.06;1.06;1.06;1.06;1.06;1.06;1.06;0.0
133419;748501;2022-01-13;FRC;V22;;;17;13546;1637530611.0;;;1.11;1.11;1.12;1.11;1.12;1.12;0.0;0.0
133420;748502;2022-01-13;FRC;X22;;;4;1592;78875440.0;;;1.18;1.18;1.18;1.18;1.18;1.18;0.0;0.0
133421;748503;2022-01-13;FRC;Z22;;;8;3582;177343596.0;;;1.23;1.23;1.23;1.23;1.23;1.23;0.0;0.0
133422;748504;2022-01-13;FRC;F23;;;27;11216;1352632244.0;;;1.27;1.27;1.27;1.27;1.27;1.27;0.0;0.0
133423;748505;2022-01-13;FRC;J23;;;3;1071;128903807.0;;;1.36;1.36;1.38;1.37;1.38;1.38;1.36;0.0
133424;748506;2022-01-13;FRC;N23;;;0;0;0.0;;;0.0;0.0;0.0;0.0;0.0;1.48;0.0;0.0
133425;748507;2022-01-13;FRC;V23;;;0;0;0.0;;;0.0;0.0;0.0;0.0;0.0;1.62;0.0;0.0
133426;748508;2022-01-13;FRC;F24;;;4;689;82159986.0;;;1.71;1.71;1.74;1.73;1.74;1.74;0.0;1.74
133427;748509;2022-01-13;FRC;J24;;;0;0;0.0;;;0.0;0.0;0.0;0.0;0.0;1.79;0.0;0.0
133428;748510;2022-01-13;FRC;N24;;;1;20;2341889.0;;;1.86;1.86;1.86;1.86;1.86;1.88;0.0;0.0
133429;748511;2022-01-13;FRC;V24;;;0;0;0.0;;;0.0;0.0;0.0;0.0;0.0;1.94;0.0;0.0
133430;748512;2022-01-13;FRC;F25;;;5;1632;192397962.0;;;1.99;1.97;2.0;1.98;2.0;2.0;1.97;0.0
133431;748513;2022-01-13;FRC;J25;;;0;0;0.0;;;0.0;0.0;0.0;0.0;0.0;2.03;0.0;0.0
133432;748514;2022-01-13;FRC;N25;;;0;0;0.0;;;0.0;0.0;0.0;0.0;0.0;2.07;0.0;0.0
133433;748515;2022-01-13;FRC;V25;;;0;0;0.0;;;0.0;0.0;0.0;0.0;0.0;2.09;0.0;0.0
133434;748516;2022-01-13;FRC;F26;;;2;384;44682162.0;;;2.15;2.15;2.15;2.15;2.15;2.15;0.0;0.0
133435;748517;2022-01-13;FRC;J26;;;0;0;0.0;;;0.0;0.0;0.0;0.0;0.0;2.17;0.0;0.0
133436;748518;2022-01-13;FRC;N26;;;0;0;0.0;;;0.0;0.0;0.0;0.0;0.0;2.2;0.0;0.0
133437;748519;2022-01-13;FRC;V26;;;0;0;0.0;;;0.0;0.0;0.0;0.0;0.0;2.23;0.0;0.0
133438;748520;2022-01-13;FRC;F27;;;1;190;21811375.0;;;2.25;2.25;2.25;2.25;2.25;2.27;0.0;2.27
133439;748521;2022-01-13;FRC;F28;;;1;469;53204562.0;;;2.32;2.32;2.32;2.32;2.32;2.34;2.31;2.35
133440;748522;2022-01-13;FRC;F29;;;0;0;0.0;;;0.0;0.0;0.0;0.0;0.0;2.43;0.0;2.43
133441;748523;2022-01-13;FRC;F30;;;1;183;20218305.0;;;2.47;2.47;2.47;2.47;2.47;2.48;2.45;2.48
133442;748524;2022-01-13;FRC;F31;;;1;181;19743142.0;;;2.51;2.51;2.51;2.51;2.51;2.51;2.45;0.0
133443;748525;2022-01-13;FRC;F33;;;0;0;0.0;;;0.0;0.0;0.0;0.0;0.0;2.71;0.0;0.0
133444;748526;2022-01-13;FRC;F35;;;0;0;0.0;;;0.0;0.0;0.0;0.0;0.0;2.99;0.0;3.03
133445;748527;2022-01-13;FRC;F36;;;0;0;0.0;;;0.0;0.0;0.0;0.0;0.0;3.08;0.0;0.0
133446;748528;2022-01-13;FRC;F37;;;0;0;0.0;;;0.0;0.0;0.0;0.0;0.0;3.21;0.0;0.0
133447;748700;2022-01-14;FRC;H22;;;19;35797;1789177266.0;;;0.6;0.56;0.61;0.58;0.56;0.58;0.56;0.58
133448;748701;2022-01-14;FRC;J22;;;23;144376;17540736278.0;;;0.75;0.69;0.75;0.74;0.69;0.69;0.0;0.0
133449;748702;2022-01-14;FRC;K22;;;19;89850;4487083016.0;;;0.81;0.78;0.81;0.8;0.78;0.78;0.0;0.0
133450;748703;2022-01-14;FRC;M22;;;10;6589;328909059.0;;;0.86;0.86;0.86;0.86;0.86;0.86;0.86;0.0
133451;748704;2022-01-14;FRC;N22;;;13;23618;2866108803.0;;;0.85;0.83;0.87;0.84;0.83;0.83;0.82;0.0
133452;748705;2022-01-14;FRC;Q22;;;7;3653;182157672.0;;;0.98;0.98;0.98;0.98;0.98;0.98;0.0;0.0
133453;748706;2022-01-14;FRC;U22;;;23;2438;121489675.0;;;1.07;1.03;1.07;1.06;1.03;1.03;0.0;0.0
133454;748707;2022-01-14;FRC;V22;;;10;9981;1208721407.0;;;1.13;1.1;1.13;1.11;1.1;1.09;1.09;0.0
133455;748708;2022-01-14;FRC;X22;;;7;2985;148559784.0;;;1.15;1.15;1.15;1.15;1.15;1.15;0.0;0.0
133456;748709;2022-01-14;FRC;Z22;;;4;3383;168250744.0;;;1.2;1.2;1.2;1.2;1.2;1.2;0.0;0.0
133457;748710;2022-01-14;FRC;F23;;;66;33550;4055153544.0;;;1.27;1.24;1.28;1.25;1.24;1.24;1.24;1.28
133458;748711;2022-01-14;FRC;J23;;;6;1983;239150003.0;;;1.37;1.37;1.37;1.37;1.37;1.37;0.0;0.0
133459;748712;2022-01-14;FRC;N23;;;3;594;71423928.0;;;1.47;1.47;1.47;1.47;1.47;1.47;1.47;1.49
133460;748713;2022-01-14;FRC;V23;;;1;197;23641674.0;;;1.62;1.62;1.62;1.62;1.62;1.62;0.0;0.0
133461;748714;2022-01-14;FRC;F24;;;21;4095;489101673.0;;;1.74;1.74;1.75;1.74;1.75;1.75;1.75;0.0
133462;748715;2022-01-14;FRC;J24;;;0;0;0.0;;;0.0;0.0;0.0;0.0;0.0;1.8;0.0;0.0
133463;748716;2022-01-14;FRC;N24;;;0;0;0.0;;;0.0;0.0;0.0;0.0;0.0;1.9;0.0;0.0
133464;748717;2022-01-14;FRC;V24;;;1;97;4720178.0;;;1.99;1.99;1.99;1.99;1.99;1.97;0.0;2.0
133465;748718;2022-01-14;FRC;F25;;;4;776;91611571.0;;;2.04;2.04;2.04;2.04;2.04;2.04;0.0;2.05
133466;748719;2022-01-14;FRC;J25;;;0;0;0.0;;;0.0;0.0;0.0;0.0;0.0;2.07;0.0;0.0
133467;748720;2022-01-14;FRC;N25;;;0;0;0.0;;;0.0;0.0;0.0;0.0;0.0;2.11;0.0;0.0
133468;748721;2022-01-14;FRC;V25;;;2;8089;388716620.0;;;2.14;2.14;2.17;2.15;2.17;2.14;0.0;0.0
133469;748722;2022-01-14;FRC;F26;;;4;5281;615162556.0;;;2.16;2.16;2.2;2.17;2.17;2.2;0.0;0.0
133470;748723;2022-01-14;FRC;J26;;;0;0;0.0;;;0.0;0.0;0.0;0.0;0.0;2.22;0.0;0.0
133471;748724;2022-01-14;FRC;N26;;;0;0;0.0;;;0.0;0.0;0.0;0.0;0.0;2.25;0.0;0.0
133472;748725;2022-01-14;FRC;V26;;;0;0;0.0;;;0.0;0.0;0.0;0.0;0.0;2.27;0.0;0.0
133473;748726;2022-01-14;FRC;F27;;;3;873;100336453.0;;;2.27;2.27;2.31;2.28;2.31;2.31;0.0;0.0
133474;748727;2022-01-14;FRC;F28;;;4;939;106430777.0;;;2.37;2.37;2.37;2.37;2.37;2.37;2.37;0.0
133475;748728;2022-01-14;FRC;F29;;;3;1297;145044252.0;;;2.46;2.46;2.47;2.46;2.47;2.46;0.0;0.0
133476;748729;2022-01-14;FRC;F30;;;0;0;0.0;;;0.0;0.0;0.0;0.0;0.0;2.52;0.0;0.0
133477;748730;2022-01-14;FRC;F31;;;10;1992;217112164.0;;;2.55;2.55;2.55;2.55;2.55;2.55;0.0;0.0
133478;748731;2022-01-14;FRC;F33;;;0;0;0.0;;;0.0;0.0;0.0;0.0;0.0;2.74;0.0;0.0
133479;748732;2022-01-14;FRC;F35;;;3;516;21535084.0;;;3.02;3.02;3.02;3.02;3.02;3.02;0.0;0.0
133480;748733;2022-01-14;FRC;F36;;;0;0;0.0;;;0.0;0.0;0.0;0.0;0.0;3.11;0.0;0.0
133481;748734;2022-01-14;FRC;F37;;;0;0;0.0;;;0.0;0.0;0.0;0.0;0.0;3.24;0.0;0.0
133482;748906;2022-01-17;FRC;H22;;;22;55992;2794681480.0;;;0.55;0.54;0.55;0.54;0.54;0.54;0.0;0.0
133483;748907;2022-01-17;FRC;J22;;;26;30724;3731091807.0;;;0.69;0.66;0.69;0.66;0.66;0.66;0.0;0.67
133484;748908;2022-01-17;FRC;K22;;;9;13288;662726626.0;;;0.78;0.74;0.78;0.75;0.74;0.74;0.74;0.0
133485;748909;2022-01-17;FRC;M22;;;0;0;0.0;;;0.0;0.0;0.0;0.0;0.0;0.84;0.0;0.0
133486;748910;2022-01-17;FRC;N22;;;13;7389;896132587.0;;;0.83;0.8;0.83;0.81;0.82;0.82;0.82;0.83
133487;748911;2022-01-17;FRC;Q22;;;8;12252;610114416.0;;;1.0;0.97;1.0;0.97;0.97;0.97;0.97;0.0
133488;748912;2022-01-17;FRC;U22;;;5;8973;446559733.0;;;1.03;1.03;1.03;1.03;1.03;1.03;1.03;0.0
133489;748913;2022-01-17;FRC;V22;;;22;9445;1143256789.0;;;1.09;1.09;1.1;1.09;1.1;1.09;1.1;0.0
133490;748914;2022-01-17;FRC;X22;;;2;2827;140496362.0;;;1.16;1.16;1.16;1.16;1.16;1.16;0.0;0.0
133491;748915;2022-01-17;FRC;Z22;;;8;3144;156135713.0;;;1.21;1.21;1.22;1.21;1.22;1.22;0.0;0.0
133492;748916;2022-01-17;FRC;F23;;;30;17520;2115756792.0;;;1.25;1.24;1.27;1.26;1.27;1.27;0.0;0.0
133493;748917;2022-01-17;FRC;J23;;;0;0;0.0;;;0.0;0.0;0.0;0.0;0.0;1.41;0.0;0.0
133494;748918;2022-01-17;FRC;N23;;;10;2772;332955748.0;;;1.52;1.52;1.52;1.52;1.52;1.52;0.0;0.0
133495;748919;2022-01-17;FRC;V23;;;6;1578;189065923.0;;;1.65;1.65;1.65;1.65;1.65;1.65;1.64;0.0
133496;748920;2022-01-17;FRC;F24;;;8;2184;260723722.0;;;1.75;1.75;1.78;1.77;1.78;1.77;1.78;1.79
133497;748921;2022-01-17;FRC;J24;;;6;1568;186813895.0;;;1.82;1.82;1.82;1.82;1.82;1.82;0.0;0.0
133498;748922;2022-01-17;FRC;N24;;;0;0;0.0;;;0.0;0.0;0.0;0.0;0.0;1.92;0.0;0.0
133499;748923;2022-01-17;FRC;V24;;;0;0;0.0;;;0.0;0.0;0.0;0.0;0.0;2.0;0.0;0.0
133500;748924;2022-01-17;FRC;F25;;;7;3087;363882745.0;;;2.04;2.04;2.07;2.06;2.07;2.07;2.08;0.0
133501;748925;2022-01-17;FRC;J25;;;1;233;11255666.0;;;2.07;2.07;2.07;2.07;2.07;2.1;0.0;0.0
133502;748926;2022-01-17;FRC;N25;;;0;0;0.0;;;0.0;0.0;0.0;0.0;0.0;2.14;0.0;0.0
133503;748927;2022-01-17;FRC;V25;;;2;212;10176015.0;;;2.14;2.14;2.14;2.14;2.14;2.17;0.0;0.0
133504;748928;2022-01-17;FRC;F26;;;2;192;22306461.0;;;2.25;2.25;2.25;2.25;2.25;2.23;2.24;0.0
133505;748929;2022-01-17;FRC;J26;;;0;0;0.0;;;0.0;0.0;0.0;0.0;0.0;2.25;0.0;0.0
133506;748930;2022-01-17;FRC;N26;;;0;0;0.0;;;0.0;0.0;0.0;0.0;0.0;2.28;0.0;0.0
133507;748931;2022-01-17;FRC;V26;;;0;0;0.0;;;0.0;0.0;0.0;0.0;0.0;2.3;2.29;0.0
133508;748932;2022-01-17;FRC;F27;;;10;4151;476011497.0;;;2.31;2.31;2.37;2.35;2.36;2.34;2.34;2.36
133509;748933;2022-01-17;FRC;F28;;;1;1872;211842598.0;;;2.44;2.44;2.44;2.44;2.44;2.43;0.0;2.45
133510;748934;2022-01-17;FRC;F29;;;2;370;41359309.0;;;2.48;2.48;2.48;2.48;2.48;2.48;2.48;0.0
133511;748935;2022-01-17;FRC;F30;;;3;549;60480138.0;;;2.55;2.55;2.55;2.55;2.55;2.55;0.0;0.0
133512;748936;2022-01-17;FRC;F31;;;2;362;39332765.0;;;2.6;2.6;2.6;2.6;2.6;2.6;0.0;0.0
133513;748937;2022-01-17;FRC;F33;;;0;0;0.0;;;0.0;0.0;0.0;0.0;0.0;2.79;0.0;0.0
133514;748938;2022-01-17;FRC;F35;;;0;0;0.0;;;0.0;0.0;0.0;0.0;0.0;3.07;0.0;0.0
133515;748939;2022-01-17;FRC;F36;;;0;0;0.0;;;0.0;0.0;0.0;0.0;0.0;3.16;0.0;0.0
133516;748940;2022-01-17;FRC;F37;;;0;0;0.0;;;0.0;0.0;0.0;0.0;0.0;3.29;0.0;0.0
133517;749112;2022-01-18;FRC;H22;;;54;103202;5189024525.0;;;0.54;0.54;0.6;0.59;0.6;0.6;0.0;0.62
133518;749113;2022-01-18;FRC;J22;;;35;60167;7328433179.0;;;0.67;0.67;0.73;0.71;0.72;0.72;0.0;0.0
133519;749114;2022-01-18;FRC;K22;;;17;19101;959663152.0;;;0.74;0.74;0.79;0.77;0.78;0.78;0.78;0.8
133520;749115;2022-01-18;FRC;M22;;;5;1299;65230960.0;;;0.87;0.87;0.88;0.87;0.88;0.88;0.0;0.0
133521;749116;2022-01-18;FRC;N22;;;14;17209;2093532610.0;;;0.83;0.82;0.87;0.86;0.87;0.87;0.0;0.0
133522;749117;2022-01-18;FRC;Q22;;;10;5982;300050785.0;;;0.98;0.98;1.03;1.02;1.03;1.03;1.03;0.0
133523;749118;2022-01-18;FRC;U22;;;1;2293;114958397.0;;;1.04;1.04;1.04;1.04;1.04;1.09;1.09;0.0
133524;749119;2022-01-18;FRC;V22;;;20;17730;2152412763.0;;;1.1;1.1;1.15;1.13;1.15;1.15;0.0;0.0
133525;749120;2022-01-18;FRC;X22;;;7;4577;229099662.0;;;1.22;1.22;1.22;1.22;1.22;1.22;1.22;0.0
133526;749121;2022-01-18;FRC;Z22;;;6;6328;316548113.0;;;1.22;1.22;1.27;1.24;1.27;1.27;0.0;0.0
133527;749122;2022-01-18;FRC;F23;;;42;42126;5102477811.0;;;1.28;1.27;1.32;1.29;1.32;1.32;1.3;0.0
133528;749123;2022-01-18;FRC;J23;;;7;4582;553586273.0;;;1.42;1.41;1.46;1.43;1.46;1.46;0.0;0.0
133529;749124;2022-01-18;FRC;N23;;;15;6055;729505453.0;;;1.55;1.52;1.57;1.55;1.57;1.57;0.0;1.6
133530;749125;2022-01-18;FRC;V23;;;1;395;47437161.0;;;1.65;1.65;1.65;1.65;1.65;1.7;1.7;0.0
133531;749126;2022-01-18;FRC;F24;;;14;16300;1951940625.0;;;1.78;1.78;1.83;1.79;1.83;1.83;0.0;0.0
133532;749127;2022-01-18;FRC;J24;;;8;1588;189493393.0;;;1.9;1.9;1.9;1.9;1.9;1.9;0.0;0.0
133533;749128;2022-01-18;FRC;N24;;;0;0;0.0;;;0.0;0.0;0.0;0.0;0.0;1.99;0.0;0.0
133534;749129;2022-01-18;FRC;V24;;;2;194;9486285.0;;;2.08;2.08;2.08;2.08;2.08;2.07;0.0;2.08
133535;749130;2022-01-18;FRC;F25;;;4;989;116854310.0;;;2.13;2.13;2.13;2.13;2.13;2.13;0.0;0.0
133536;749131;2022-01-18;FRC;J25;;;1;19;922593.0;;;2.16;2.16;2.16;2.16;2.16;2.16;0.0;0.0
133537;749132;2022-01-18;FRC;N25;;;0;0;0.0;;;0.0;0.0;0.0;0.0;0.0;2.2;0.0;0.0
133538;749133;2022-01-18;FRC;V25;;;0;0;0.0;;;0.0;0.0;0.0;0.0;0.0;2.24;0.0;0.0
133539;749134;2022-01-18;FRC;F26;;;8;1363;158624413.0;;;2.3;2.3;2.3;2.3;2.3;2.3;0.0;0.0
133540;749135;2022-01-18;FRC;J26;;;1;19;910559.0;;;2.31;2.31;2.31;2.31;2.31;2.31;0.0;0.0
133541;749136;2022-01-18;FRC;N26;;;0;0;0.0;;;0.0;0.0;0.0;0.0;0.0;2.34;0.0;0.0
133542;749137;2022-01-18;FRC;V26;;;1;590;28134688.0;;;2.3;2.3;2.3;2.3;2.3;2.37;2.35;0.0
133543;749138;2022-01-18;FRC;F27;;;6;2083;239438174.0;;;2.34;2.34;2.41;2.39;2.41;2.41;0.0;0.0
133544;749139;2022-01-18;FRC;F28;;;7;1722;195337469.0;;;2.43;2.43;2.5;2.45;2.5;2.5;0.0;0.0
133545;749140;2022-01-18;FRC;F29;;;5;851;95322115.0;;;2.5;2.5;2.57;2.5;2.57;2.57;0.0;0.0
133546;749141;2022-01-18;FRC;F30;;;1;109;12028981.0;;;2.65;2.65;2.65;2.65;2.65;2.65;0.0;0.0
133547;749142;2022-01-18;FRC;F31;;;5;937;101893575.0;;;2.68;2.68;2.68;2.68;2.68;2.68;0.0;0.0
133548;749143;2022-01-18;FRC;F33;;;1;53;2303708.0;;;2.84;2.84;2.84;2.84;2.84;2.84;0.0;0.0
133549;749144;2022-01-18;FRC;F35;;;1;171;7148099.0;;;3.09;3.09;3.09;3.09;3.09;3.09;0.0;0.0
133550;749145;2022-01-18;FRC;F36;;;0;0;0.0;;;0.0;0.0;0.0;0.0;0.0;3.18;0.0;0.0
133551;749146;2022-01-18;FRC;F37;;;0;0;0.0;;;0.0;0.0;0.0;0.0;0.0;3.31;0.0;0.0
133552;749316;2022-01-19;FRC;H22;;;52;82492;4102225820.0;;;0.6;0.55;0.62;0.59;0.59;0.59;0.59;0.61
133553;749317;2022-01-19;FRC;J22;;;29;17032;2065024132.0;;;0.71;0.69;0.74;0.73;0.73;0.73;0.73;0.0
133554;749318;2022-01-19;FRC;K22;;;30;26355;1309565326.0;;;0.8;0.79;0.81;0.79;0.79;0.79;0.0;0.0
133555;749319;2022-01-19;FRC;M22;;;11;6612;328379383.0;;;0.91;0.89;0.91;0.89;0.89;0.89;0.89;0.0
133556;749320;2022-01-19;FRC;N22;;;28;31283;3788254735.0;;;0.88;0.88;0.9;0.88;0.88;0.88;0.0;0.0
133557;749321;2022-01-19;FRC;Q22;;;9;5345;265135885.0;;;1.04;1.04;1.06;1.05;1.06;1.06;0.0;0.0
133558;749322;2022-01-19;FRC;U22;;;12;8970;444664265.0;;;1.12;1.12;1.15;1.12;1.12;1.12;0.0;0.0
133559;749323;2022-01-19;FRC;V22;;;23;17533;2118320104.0;;;1.19;1.17;1.19;1.17;1.18;1.18;1.18;0.0
133560;749324;2022-01-19;FRC;X22;;;47;8921;441602090.0;;;1.25;1.22;1.27;1.24;1.27;1.26;0.0;1.27
133561;749325;2022-01-19;FRC;Z22;;;0;0;0.0;;;0.0;0.0;0.0;0.0;0.0;1.31;0.0;1.32
133562;749326;2022-01-19;FRC;F23;;;46;41404;4990923970.0;;;1.32;1.32;1.37;1.35;1.36;1.37;0.0;1.37
133563;749327;2022-01-19;FRC;J23;;;3;2756;331470434.0;;;1.46;1.46;1.46;1.46;1.46;1.5;0.0;1.51
133564;749328;2022-01-19;FRC;N23;;;8;6845;820832073.0;;;1.57;1.56;1.59;1.58;1.59;1.59;0.0;0.0
133565;749329;2022-01-19;FRC;V23;;;10;2602;311103669.0;;;1.71;1.7;1.73;1.72;1.73;1.73;0.0;0.0
133566;749330;2022-01-19;FRC;F24;;;14;9260;1103358411.0;;;1.83;1.82;1.85;1.83;1.85;1.85;0.0;1.85
133567;749331;2022-01-19;FRC;J24;;;1;294;34930062.0;;;1.9;1.9;1.9;1.9;1.9;1.92;0.0;0.0
133568;749332;2022-01-19;FRC;N24;;;1;195;23108554.0;;;2.0;2.0;2.0;2.0;2.0;2.0;0.0;0.0
133569;749333;2022-01-19;FRC;V24;;;1;97;4693227.0;;;2.05;2.05;2.05;2.05;2.05;2.06;0.0;0.0
133570;749334;2022-01-19;FRC;F25;;;16;5961;701217387.0;;;2.15;2.09;2.15;2.09;2.09;2.09;0.0;0.0
133571;749335;2022-01-19;FRC;J25;;;7;3872;186213837.0;;;2.12;2.12;2.12;2.12;2.12;2.12;0.0;0.0
133572;749336;2022-01-19;FRC;N25;;;0;0;0.0;;;0.0;0.0;0.0;0.0;0.0;2.16;0.0;0.0
133573;749337;2022-01-19;FRC;V25;;;0;0;0.0;;;0.0;0.0;0.0;0.0;0.0;2.2;0.0;0.0
133574;749338;2022-01-19;FRC;F26;;;10;2073;240468909.0;;;2.26;2.26;2.26;2.26;2.26;2.26;0.0;0.0
133575;749339;2022-01-19;FRC;J26;;;0;0;0.0;;;0.0;0.0;0.0;0.0;0.0;2.27;0.0;0.0
133576;749340;2022-01-19;FRC;N26;;;0;0;0.0;;;0.0;0.0;0.0;0.0;0.0;2.3;0.0;0.0
133577;749341;2022-01-19;FRC;V26;;;0;0;0.0;;;0.0;0.0;0.0;0.0;0.0;2.32;2.32;0.0
133578;749342;2022-01-19;FRC;F27;;;5;1402;160442397.0;;;2.41;2.36;2.41;2.38;2.36;2.36;0.0;0.0
133579;749343;2022-01-19;FRC;F28;;;5;1140;128798426.0;;;2.5;2.44;2.5;2.46;2.44;2.44;0.0;0.0
133580;749344;2022-01-19;FRC;F29;;;3;1459;162433795.0;;;2.56;2.51;2.56;2.55;2.51;2.51;0.0;0.0
133581;749345;2022-01-19;FRC;F30;;;1;37;4039700.0;;;2.58;2.58;2.58;2.58;2.58;2.59;0.0;2.59
133582;749346;2022-01-19;FRC;F31;;;9;2711;293561459.0;;;2.66;2.62;2.66;2.64;2.62;2.62;0.0;0.0
133583;749347;2022-01-19;FRC;F33;;;4;1585;68120236.0;;;2.84;2.81;2.85;2.83;2.81;2.81;0.0;0.0
133584;749348;2022-01-19;FRC;F35;;;0;0;0.0;;;0.0;0.0;0.0;0.0;0.0;3.06;0.0;0.0
133585;749349;2022-01-19;FRC;F36;;;1;17;692250.0;;;3.15;3.15;3.15;3.15;3.15;3.15;0.0;0.0
133586;749350;2022-01-19;FRC;F37;;;0;0;0.0;;;0.0;0.0;0.0;0.0;0.0;3.28;0.0;0.0
133587;749520;2022-01-20;FRC;H22;;;61;134939;6676775187.0;;;0.59;0.59;0.63;0.61;0.63;0.62;0.62;0.63
133588;749521;2022-01-20;FRC;J22;;;26;27925;3378882009.0;;;0.73;0.73;0.75;0.74;0.75;0.75;0.0;0.78
133589;749522;2022-01-20;FRC;K22;;;21;30809;1523196765.0;;;0.8;0.8;0.82;0.81;0.82;0.82;0.0;0.0
133590;749523;2022-01-20;FRC;M22;;;17;5135;253744620.0;;;0.9;0.89;0.91;0.9;0.91;0.91;0.0;0.0
133591;749524;2022-01-20;FRC;N22;;;45;28432;3435613099.0;;;0.88;0.88;0.9;0.89;0.9;0.9;0.0;0.0
133592;749525;2022-01-20;FRC;Q22;;;10;5225;257877315.0;;;1.06;1.06;1.08;1.07;1.08;1.08;0.0;0.0
133593;749526;2022-01-20;FRC;U22;;;14;10385;512201073.0;;;1.14;1.13;1.15;1.14;1.15;1.15;1.15;1.16
133594;749527;2022-01-20;FRC;V22;;;20;22252;2682936259.0;;;1.19;1.18;1.2;1.19;1.2;1.2;1.2;0.0
133595;749528;2022-01-20;FRC;X22;;;17;8479;417567928.0;;;1.28;1.26;1.29;1.28;1.29;1.29;0.0;1.29
133596;749529;2022-01-20;FRC;Z22;;;6;2228;109637455.0;;;1.31;1.31;1.34;1.33;1.34;1.34;0.0;0.0
133597;749530;2022-01-20;FRC;F23;;;26;9400;1130692358.0;;;1.37;1.37;1.38;1.37;1.38;1.38;1.35;1.38
133598;749531;2022-01-20;FRC;J23;;;12;4878;585248354.0;;;1.49;1.49;1.5;1.49;1.5;1.5;1.5;0.0
133599;749532;2022-01-20;FRC;N23;;;9;2612;312516836.0;;;1.57;1.57;1.59;1.58;1.59;1.59;0.0;0.0
133600;749533;2022-01-20;FRC;V23;;;13;3606;430417273.0;;;1.72;1.71;1.72;1.71;1.72;1.72;0.0;0.0
133601;749534;2022-01-20;FRC;F24;;;16;4739;563477422.0;;;1.84;1.83;1.84;1.83;1.83;1.83;1.83;0.0
133602;749535;2022-01-20;FRC;J24;;;0;0;0.0;;;0.0;0.0;0.0;0.0;0.0;1.91;0.0;0.0
133603;749536;2022-01-20;FRC;N24;;;1;78;9224908.0;;;2.0;2.0;2.0;2.0;2.0;1.99;0.0;1.99
133604;749537;2022-01-20;FRC;V24;;;0;0;0.0;;;0.0;0.0;0.0;0.0;0.0;2.06;0.0;0.0
133605;749538;2022-01-20;FRC;F25;;;5;1358;159483929.0;;;2.1;2.1;2.1;2.1;2.1;2.1;0.0;0.0
133606;749539;2022-01-20;FRC;J25;;;1;194;9281150.0;;;2.14;2.14;2.14;2.14;2.14;2.14;0.0;0.0
133607;749540;2022-01-20;FRC;N25;;;0;0;0.0;;;0.0;0.0;0.0;0.0;0.0;2.17;0.0;0.0
133608;749541;2022-01-20;FRC;V25;;;0;0;0.0;;;0.0;0.0;0.0;0.0;0.0;2.21;0.0;0.0
133609;749542;2022-01-20;FRC;F26;;;7;2207;255522910.0;;;2.26;2.26;2.26;2.26;2.26;2.26;0.0;0.0
133610;749543;2022-01-20;FRC;J26;;;0;0;0.0;;;0.0;0.0;0.0;0.0;0.0;2.27;0.0;0.0
133611;749544;2022-01-20;FRC;N26;;;0;0;0.0;;;0.0;0.0;0.0;0.0;0.0;2.3;0.0;0.0
133612;749545;2022-01-20;FRC;V26;;;0;0;0.0;;;0.0;0.0;0.0;0.0;0.0;2.32;0.0;0.0
133613;749546;2022-01-20;FRC;F27;;;1;189;21632158.0;;;2.36;2.36;2.36;2.36;2.36;2.36;0.0;0.0
133614;749547;2022-01-20;FRC;F28;;;1;187;21102234.0;;;2.44;2.44;2.44;2.44;2.44;2.44;0.0;0.0
133615;749548;2022-01-20;FRC;F29;;;0;0;0.0;;;0.0;0.0;0.0;0.0;0.0;2.51;0.0;0.0
133616;749549;2022-01-20;FRC;F30;;;0;0;0.0;;;0.0;0.0;0.0;0.0;0.0;2.59;0.0;0.0
133617;749550;2022-01-20;FRC;F31;;;0;0;0.0;;;0.0;0.0;0.0;0.0;0.0;2.62;2.6;0.0
133618;749551;2022-01-20;FRC;F33;;;0;0;0.0;;;0.0;0.0;0.0;0.0;0.0;2.81;0.0;0.0
133619;749552;2022-01-20;FRC;F35;;;0;0;0.0;;;0.0;0.0;0.0;0.0;0.0;3.06;0.0;0.0
133620;749553;2022-01-20;FRC;F36;;;0;0;0.0;;;0.0;0.0;0.0;0.0;0.0;3.15;0.0;0.0
133621;749554;2022-01-20;FRC;F37;;;0;0;0.0;;;0.0;0.0;0.0;0.0;0.0;3.28;0.0;0.0
133622;749724;2022-01-21;FRC;H22;;;95;196012;9827800566.0;;;0.62;0.6;0.65;0.6;0.62;0.6;0.6;0.61
133623;749725;2022-01-21;FRC;J22;;;11;42454;5165076405.0;;;0.76;0.7;0.76;0.75;0.7;0.7;0.0;0.72
133624;749726;2022-01-21;FRC;K22;;;14;19980;1000990828.0;;;0.82;0.77;0.82;0.79;0.77;0.77;0.77;0.0
133625;749727;2022-01-21;FRC;M22;;;2;3295;164995905.0;;;0.92;0.88;0.92;0.88;0.88;0.87;0.0;0.87
133626;749728;2022-01-21;FRC;N22;;;29;47275;5744356767.0;;;0.9;0.86;0.91;0.88;0.86;0.86;0.85;0.0
133627;749729;2022-01-21;FRC;Q22;;;14;7459;373065282.0;;;1.06;1.05;1.06;1.05;1.05;1.05;0.0;1.05
133628;749730;2022-01-21;FRC;U22;;;20;4364;218122376.0;;;1.12;1.12;1.12;1.12;1.12;1.12;0.0;1.12
133629;749731;2022-01-21;FRC;V22;;;16;13544;1642245217.0;;;1.19;1.17;1.19;1.17;1.17;1.18;1.16;1.18
133630;749732;2022-01-21;FRC;X22;;;4;2030;101312491.0;;;1.26;1.26;1.26;1.26;1.26;1.26;0.0;0.0
133631;749733;2022-01-21;FRC;Z22;;;5;3184;158796202.0;;;1.3;1.3;1.3;1.3;1.3;1.3;0.0;0.0
133632;749734;2022-01-21;FRC;F23;;;24;9743;1178433156.0;;;1.32;1.32;1.34;1.33;1.33;1.33;1.32;0.0
133633;749735;2022-01-21;FRC;J23;;;5;9262;1117697605.0;;;1.46;1.45;1.46;1.45;1.45;1.46;1.45;0.0
133634;749736;2022-01-21;FRC;N23;;;10;5342;642896418.0;;;1.59;1.55;1.59;1.56;1.55;1.55;0.0;0.0
133635;749737;2022-01-21;FRC;V23;;;10;2798;335981899.0;;;1.72;1.68;1.72;1.68;1.68;1.68;0.0;1.68
133636;749738;2022-01-21;FRC;F24;;;24;13434;1606148914.0;;;1.84;1.8;1.84;1.81;1.8;1.8;0.0;0.0
133637;749739;2022-01-21;FRC;J24;;;3;2724;324674280.0;;;1.92;1.92;1.92;1.92;1.92;1.87;1.87;0.0
133638;749740;2022-01-21;FRC;N24;;;2;860;102130967.0;;;2.0;1.96;2.0;1.99;1.96;1.96;0.0;1.96
133639;749741;2022-01-21;FRC;V24;;;0;0;0.0;;;0.0;0.0;0.0;0.0;0.0;2.03;0.0;0.0
133640;749742;2022-01-21;FRC;F25;;;5;2348;277266220.0;;;2.1;2.07;2.1;2.09;2.08;2.07;0.0;0.0
133641;749743;2022-01-21;FRC;J25;;;1;194;9412260.0;;;2.09;2.09;2.09;2.09;2.09;2.09;0.0;0.0
133642;749744;2022-01-21;FRC;N25;;;0;0;0.0;;;0.0;0.0;0.0;0.0;0.0;2.12;0.0;0.0
133643;749745;2022-01-21;FRC;V25;;;0;0;0.0;;;0.0;0.0;0.0;0.0;0.0;2.16;0.0;0.0
133644;749746;2022-01-21;FRC;F26;;;5;960;111891921.0;;;2.21;2.21;2.21;2.21;2.21;2.21;2.2;0.0
133645;749747;2022-01-21;FRC;J26;;;0;0;0.0;;;0.0;0.0;0.0;0.0;0.0;2.23;0.0;0.0
133646;749748;2022-01-21;FRC;N26;;;0;0;0.0;;;0.0;0.0;0.0;0.0;0.0;2.27;0.0;0.0
133647;749749;2022-01-21;FRC;V26;;;2;570;27103595.0;;;2.3;2.3;2.3;2.3;2.3;2.3;0.0;0.0
133648;749750;2022-01-21;FRC;F27;;;8;1576;181217876.0;;;2.31;2.31;2.31;2.31;2.31;2.31;0.0;0.0
133649;749751;2022-01-21;FRC;F28;;;0;0;0.0;;;0.0;0.0;0.0;0.0;0.0;2.39;0.0;2.4
133650;749752;2022-01-21;FRC;F29;;;0;0;0.0;;;0.0;0.0;0.0;0.0;0.0;2.46;0.0;0.0
133651;749753;2022-01-21;FRC;F30;;;0;0;0.0;;;0.0;0.0;0.0;0.0;0.0;2.54;0.0;2.56
133652;749754;2022-01-21;FRC;F31;;;0;0;0.0;;;0.0;0.0;0.0;0.0;0.0;2.57;0.0;0.0
133653;749755;2022-01-21;FRC;F33;;;0;0;0.0;;;0.0;0.0;0.0;0.0;0.0;2.78;0.0;0.0
133654;749756;2022-01-21;FRC;F35;;;0;0;0.0;;;0.0;0.0;0.0;0.0;0.0;3.03;0.0;3.13
133655;749757;2022-01-21;FRC;F36;;;0;0;0.0;;;0.0;0.0;0.0;0.0;0.0;3.12;0.0;0.0
133656;749758;2022-01-21;FRC;F37;;;0;0;0.0;;;0.0;0.0;0.0;0.0;0.0;3.25;0.0;0.0
133657;749928;2022-01-24;FRC;H22;;;95;403134;20256621092.0;;;0.6;0.59;0.65;0.6;0.62;0.6;0.6;0.63
133658;749929;2022-01-24;FRC;J22;;;37;49473;6024812624.0;;;0.7;0.7;0.74;0.71;0.7;0.7;0.7;0.72
133659;749930;2022-01-24;FRC;K22;;;27;28292;1420529729.0;;;0.76;0.76;0.79;0.78;0.78;0.79;0.78;0.79
133660;749931;2022-01-24;FRC;M22;;;16;10266;515181972.0;;;0.89;0.89;0.9;0.89;0.9;0.9;0.0;0.9
133661;749932;2022-01-24;FRC;N22;;;9;6987;849820958.0;;;0.88;0.88;0.88;0.88;0.88;0.88;0.0;0.88
133662;749933;2022-01-24;FRC;Q22;;;11;26788;1342753605.0;;;1.05;1.05;1.08;1.05;1.06;1.06;1.04;1.06
133663;749934;2022-01-24;FRC;U22;;;11;16108;806887666.0;;;1.13;1.11;1.13;1.11;1.11;1.11;1.12;1.13
133664;749935;2022-01-24;FRC;V22;;;8;12410;1505971155.0;;;1.2;1.18;1.2;1.19;1.18;1.18;1.16;1.18
133665;749936;2022-01-24;FRC;X22;;;15;12499;625190083.0;;;1.26;1.24;1.26;1.25;1.24;1.24;1.24;0.0
133666;749937;2022-01-24;FRC;Z22;;;10;4079;203889630.0;;;1.29;1.29;1.29;1.29;1.29;1.29;0.0;0.0
133667;749938;2022-01-24;FRC;F23;;;31;78025;9448043006.0;;;1.33;1.31;1.35;1.32;1.32;1.33;1.31;0.0
133668;749939;2022-01-24;FRC;J23;;;13;6504;785740313.0;;;1.45;1.45;1.45;1.45;1.45;1.45;1.43;0.0
133669;749940;2022-01-24;FRC;N23;;;17;4850;584363946.0;;;1.52;1.52;1.52;1.52;1.52;1.52;0.0;0.0
133670;749941;2022-01-24;FRC;V23;;;0;0;0.0;;;0.0;0.0;0.0;0.0;0.0;1.65;0.0;0.0
133671;749942;2022-01-24;FRC;F24;;;12;24115;2888069778.0;;;1.77;1.77;1.77;1.77;1.77;1.77;1.75;0.0
133672;749943;2022-01-24;FRC;J24;;;0;0;0.0;;;0.0;0.0;0.0;0.0;0.0;1.83;0.0;0.0
133673;749944;2022-01-24;FRC;N24;;;0;0;0.0;;;0.0;0.0;0.0;0.0;0.0;1.91;1.89;0.0
133674;749945;2022-01-24;FRC;V24;;;1;195;9545328.0;;;1.97;1.97;1.97;1.97;1.97;1.97;0.0;0.0
133675;749946;2022-01-24;FRC;F25;;;6;1359;160785373.0;;;2.04;2.04;2.04;2.04;2.04;2.04;0.0;0.0
133676;749947;2022-01-24;FRC;J25;;;0;0;0.0;;;0.0;0.0;0.0;0.0;0.0;2.06;0.0;0.0
133677;749948;2022-01-24;FRC;N25;;;0;0;0.0;;;0.0;0.0;0.0;0.0;0.0;2.08;0.0;0.0
133678;749949;2022-01-24;FRC;V25;;;0;0;0.0;;;0.0;0.0;0.0;0.0;0.0;2.12;0.0;0.0
133679;749950;2022-01-24;FRC;F26;;;5;1536;179418806.0;;;2.17;2.17;2.17;2.17;2.17;2.17;0.0;0.0
133680;749951;2022-01-24;FRC;J26;;;0;0;0.0;;;0.0;0.0;0.0;0.0;0.0;2.19;0.0;0.0
133681;749952;2022-01-24;FRC;N26;;;0;0;0.0;;;0.0;0.0;0.0;0.0;0.0;2.23;0.0;0.0
133682;749953;2022-01-24;FRC;V26;;;0;0;0.0;;;0.0;0.0;0.0;0.0;0.0;2.27;2.2;2.27
133683;749954;2022-01-24;FRC;F27;;;9;1615;186025252.0;;;2.28;2.28;2.28;2.28;2.28;2.28;0.0;0.0
133684;749955;2022-01-24;FRC;F28;;;2;375;42689648.0;;;2.35;2.35;2.35;2.35;2.35;2.35;2.33;0.0
133685;749956;2022-01-24;FRC;F29;;;1;835;93783232.0;;;2.41;2.41;2.41;2.41;2.41;2.41;2.41;0.0
133686;749957;2022-01-24;FRC;F30;;;2;366;40595115.0;;;2.48;2.48;2.48;2.48;2.48;2.48;0.0;2.5
133687;749958;2022-01-24;FRC;F31;;;3;435;47550404.0;;;2.52;2.52;2.54;2.53;2.54;2.54;2.51;2.55
133688;749959;2022-01-24;FRC;F33;;;0;0;0.0;;;0.0;0.0;0.0;0.0;0.0;2.75;0.0;0.0
133689;749960;2022-01-24;FRC;F35;;;0;0;0.0;;;0.0;0.0;0.0;0.0;0.0;3.0;0.0;0.0
133690;749961;2022-01-24;FRC;F36;;;0;0;0.0;;;0.0;0.0;0.0;0.0;0.0;3.09;0.0;0.0
133691;749962;2022-01-24;FRC;F37;;;0;0;0.0;;;0.0;0.0;0.0;0.0;0.0;3.22;0.0;0.0
133692;750132;2022-01-25;FRC;H22;;;132;253185;12600009376.0;;;0.6;0.59;0.64;0.63;0.63;0.63;0.63;0.0
133693;750133;2022-01-25;FRC;J22;;;32;67782;8221712066.0;;;0.71;0.71;0.75;0.73;0.74;0.75;0.0;0.0
133694;750134;2022-01-25;FRC;K22;;;43;52853;2628273341.0;;;0.79;0.79;0.81;0.8;0.8;0.81;0.0;0.81
133695;750135;2022-01-25;FRC;M22;;;16;16575;823809466.0;;;0.91;0.91;0.91;0.91;0.91;0.91;0.0;0.0
133696;750136;2022-01-25;FRC;N22;;;9;9803;1187525495.0;;;0.88;0.88;0.91;0.88;0.91;0.91;0.0;0.92
133697;750137;2022-01-25;FRC;Q22;;;8;3588;178119318.0;;;1.07;1.07;1.07;1.07;1.07;1.07;0.0;0.0
133698;750138;2022-01-25;FRC;U22;;;8;4227;209706484.0;;;1.13;1.13;1.13;1.13;1.13;1.13;1.12;0.0
133699;750139;2022-01-25;FRC;V22;;;15;25280;3055812751.0;;;1.19;1.18;1.19;1.18;1.19;1.18;1.18;0.0
133700;750140;2022-01-25;FRC;X22;;;19;18016;892575184.0;;;1.24;1.23;1.24;1.23;1.24;1.24;1.24;0.0
133701;750141;2022-01-25;FRC;Z22;;;6;2786;137931773.0;;;1.28;1.28;1.28;1.28;1.28;1.28;1.28;0.0
133702;750142;2022-01-25;FRC;F23;;;20;22242;2682662666.0;;;1.32;1.31;1.35;1.33;1.34;1.34;1.34;1.36
133703;750143;2022-01-25;FRC;J23;;;7;2358;283819470.0;;;1.45;1.45;1.47;1.46;1.47;1.47;0.0;0.0
133704;750144;2022-01-25;FRC;N23;;;13;16721;2007008855.0;;;1.52;1.52;1.54;1.52;1.54;1.54;0.0;0.0
133705;750145;2022-01-25;FRC;V23;;;7;2564;306897884.0;;;1.65;1.65;1.66;1.65;1.66;1.66;0.0;0.0
133706;750146;2022-01-25;FRC;F24;;;8;2085;248654314.0;;;1.77;1.77;1.79;1.78;1.79;1.79;0.0;0.0
133707;750147;2022-01-25;FRC;J24;;;1;196;23322844.0;;;1.84;1.84;1.84;1.84;1.84;1.84;0.0;0.0
133708;750148;2022-01-25;FRC;N24;;;3;1369;162310142.0;;;1.91;1.91;1.93;1.91;1.93;1.93;0.0;0.0
133709;750149;2022-01-25;FRC;V24;;;3;585;28362107.0;;;1.97;1.97;1.97;1.97;1.97;1.97;0.0;0.0
133710;750150;2022-01-25;FRC;F25;;;15;5439;640777458.0;;;2.04;2.04;2.04;2.04;2.04;2.04;2.04;0.0
133711;750151;2022-01-25;FRC;J25;;;0;0;0.0;;;0.0;0.0;0.0;0.0;0.0;2.06;0.0;0.0
133712;750152;2022-01-25;FRC;N25;;;3;405;47499882.0;;;2.08;2.08;2.08;2.08;2.08;2.08;0.0;0.0
133713;750153;2022-01-25;FRC;V25;;;0;0;0.0;;;0.0;0.0;0.0;0.0;0.0;2.12;0.0;0.0
133714;750154;2022-01-25;FRC;F26;;;3;403;46887754.0;;;2.21;2.18;2.21;2.18;2.18;2.18;0.0;0.0
133715;750155;2022-01-25;FRC;J26;;;0;0;0.0;;;0.0;0.0;0.0;0.0;0.0;2.19;0.0;0.0
133716;750156;2022-01-25;FRC;N26;;;1;19;2202164.0;;;2.23;2.23;2.23;2.23;2.23;2.22;0.0;0.0
133717;750157;2022-01-25;FRC;V26;;;0;0;0.0;;;0.0;0.0;0.0;0.0;0.0;2.25;2.25;0.0
133718;750158;2022-01-25;FRC;F27;;;5;1140;130797519.0;;;2.28;2.28;2.28;2.28;2.28;2.28;0.0;0.0
133719;750159;2022-01-25;FRC;F28;;;8;1522;172379061.0;;;2.35;2.35;2.35;2.35;2.35;2.35;0.0;2.36
133720;750160;2022-01-25;FRC;F29;;;0;0;0.0;;;0.0;0.0;0.0;0.0;0.0;2.42;2.41;2.43
133721;750161;2022-01-25;FRC;F30;;;2;5153;568669225.0;;;2.48;2.48;2.49;2.48;2.49;2.5;0.0;2.5
133722;750162;2022-01-25;FRC;F31;;;8;1576;171611841.0;;;2.54;2.54;2.55;2.54;2.55;2.54;2.54;0.0
133723;750163;2022-01-25;FRC;F33;;;1;53;2287212.0;;;2.77;2.77;2.77;2.77;2.77;2.77;0.0;2.8
133724;750164;2022-01-25;FRC;F35;;;0;0;0.0;;;0.0;0.0;0.0;0.0;0.0;3.03;0.0;0.0
133725;750165;2022-01-25;FRC;F36;;;2;338;13771936.0;;;3.13;3.13;3.13;3.13;3.13;3.13;0.0;0.0
133726;750166;2022-01-25;FRC;F37;;;0;0;0.0;;;0.0;0.0;0.0;0.0;0.0;3.26;0.0;0.0
133727;750336;2022-01-26;FRC;H22;;;258;320888;15902982215.0;;;0.63;0.61;0.66;0.63;0.63;0.63;0.63;0.0
133728;750337;2022-01-26;FRC;J22;;;51;46155;5588906492.0;;;0.75;0.73;0.77;0.73;0.74;0.73;0.73;0.0
133729;750338;2022-01-26;FRC;K22;;;47;27798;1376585141.0;;;0.81;0.8;0.82;0.8;0.8;0.8;0.81;0.85
133730;750339;2022-01-26;FRC;M22;;;13;18573;919263336.0;;;0.93;0.91;0.93;0.92;0.91;0.91;0.0;0.0
133731;750340;2022-01-26;FRC;N22;;;30;9871;1193066463.0;;;0.91;0.9;0.91;0.9;0.91;0.91;0.96;0.0
133732;750341;2022-01-26;FRC;Q22;;;16;8015;396238967.0;;;1.07;1.07;1.08;1.07;1.07;1.07;1.07;0.0
133733;750342;2022-01-26;FRC;U22;;;2;398;19664175.0;;;1.12;1.12;1.12;1.12;1.12;1.12;1.12;0.0
133734;750343;2022-01-26;FRC;V22;;;12;9361;1129790635.0;;;1.18;1.18;1.18;1.18;1.18;1.18;1.18;0.0
133735;750344;2022-01-26;FRC;X22;;;7;2587;127636311.0;;;1.24;1.24;1.24;1.24;1.24;1.24;0.0;0.0
133736;750345;2022-01-26;FRC;Z22;;;1;298;14692576.0;;;1.28;1.28;1.28;1.28;1.28;1.28;0.0;0.0
133737;750346;2022-01-26;FRC;F23;;;25;25764;3101921362.0;;;1.34;1.34;1.35;1.34;1.35;1.34;1.36;0.0
133738;750347;2022-01-26;FRC;J23;;;0;0;0.0;;;0.0;0.0;0.0;0.0;0.0;1.48;1.47;0.0
133739;750348;2022-01-26;FRC;N23;;;9;3996;478808101.0;;;1.55;1.55;1.55;1.55;1.55;1.55;1.55;0.0
133740;750349;2022-01-26;FRC;V23;;;5;1380;164944736.0;;;1.66;1.66;1.66;1.66;1.66;1.66;1.69;0.0
133741;750350;2022-01-26;FRC;F24;;;14;5016;597244224.0;;;1.8;1.78;1.81;1.78;1.8;1.78;1.8;0.0
133742;750351;2022-01-26;FRC;J24;;;4;1372;163043175.0;;;1.82;1.82;1.82;1.82;1.82;1.82;0.0;0.0
133743;750352;2022-01-26;FRC;N24;;;6;1019;120456475.0;;;1.92;1.92;1.92;1.92;1.92;1.92;1.91;0.0
133744;750353;2022-01-26;FRC;V24;;;0;0;0.0;;;0.0;0.0;0.0;0.0;0.0;1.96;0.0;0.0
133745;750354;2022-01-26;FRC;F25;;;14;4098;482106780.0;;;2.04;2.03;2.06;2.03;2.04;2.03;2.05;0.0
133746;750355;2022-01-26;FRC;J25;;;0;0;0.0;;;0.0;0.0;0.0;0.0;0.0;2.05;0.0;0.0
133747;750356;2022-01-26;FRC;N25;;;0;0;0.0;;;0.0;0.0;0.0;0.0;0.0;2.09;0.0;0.0
133748;750357;2022-01-26;FRC;V25;;;0;0;0.0;;;0.0;0.0;0.0;0.0;0.0;2.12;0.0;0.0
133749;750358;2022-01-26;FRC;F26;;;3;403;46798142.0;;;2.19;2.19;2.19;2.19;2.19;2.19;0.0;0.0
133750;750359;2022-01-26;FRC;J26;;;0;0;0.0;;;0.0;0.0;0.0;0.0;0.0;2.21;0.0;0.0
133751;750360;2022-01-26;FRC;N26;;;0;0;0.0;;;0.0;0.0;0.0;0.0;0.0;2.24;0.0;0.0
133752;750361;2022-01-26;FRC;V26;;;0;0;0.0;;;0.0;0.0;0.0;0.0;0.0;2.28;2.28;0.0
133753;750362;2022-01-26;FRC;F27;;;5;779;89101827.0;;;2.32;2.32;2.32;2.32;2.32;2.32;2.32;2.34
133754;750363;2022-01-26;FRC;F28;;;0;0;0.0;;;0.0;0.0;0.0;0.0;0.0;2.39;0.0;0.0
133755;750364;2022-01-26;FRC;F29;;;1;19;2087389.0;;;2.48;2.48;2.48;2.48;2.48;2.48;2.48;0.0
133756;750365;2022-01-26;FRC;F30;;;1;110;12050052.0;;;2.59;2.59;2.59;2.59;2.59;2.59;2.55;0.0
133757;750366;2022-01-26;FRC;F31;;;3;344;37234168.0;;;2.62;2.62;2.62;2.62;2.62;2.65;2.62;2.64
133758;750367;2022-01-26;FRC;F33;;;1;35;1496960.0;;;2.85;2.85;2.85;2.85;2.85;2.88;2.85;2.9
133759;750368;2022-01-26;FRC;F35;;;0;0;0.0;;;0.0;0.0;0.0;0.0;0.0;3.14;3.08;3.2
133760;750369;2022-01-26;FRC;F36;;;0;0;0.0;;;0.0;0.0;0.0;0.0;0.0;3.24;3.2;3.28
133761;750370;2022-01-26;FRC;F37;;;0;0;0.0;;;0.0;0.0;0.0;0.0;0.0;3.37;0.0;0.0
133762;750540;2022-01-27;FRC;H22;;;288;482243;24093981671.0;;;0.64;0.64;0.72;0.7;0.69;0.71;0.69;0.7
133763;750541;2022-01-27;FRC;J22;;;45;40755;4951502905.0;;;0.76;0.76;0.8;0.77;0.78;0.78;0.78;0.8
133764;750542;2022-01-27;FRC;K22;;;22;37681;1881149206.0;;;0.85;0.85;0.86;0.85;0.85;0.85;0.0;0.86
133765;750543;2022-01-27;FRC;M22;;;10;4713;235151346.0;;;0.95;0.95;0.98;0.97;0.98;0.98;0.95;0.98
133766;750544;2022-01-27;FRC;N22;;;21;22578;2739055954.0;;;0.97;0.95;0.97;0.96;0.97;0.97;0.0;0.0
133767;750545;2022-01-27;FRC;Q22;;;5;1016;50630740.0;;;1.13;1.13;1.13;1.13;1.13;1.13;0.0;0.0
133768;750546;2022-01-27;FRC;U22;;;7;8371;416891713.0;;;1.18;1.18;1.18;1.18;1.18;1.18;1.18;0.0
133769;750547;2022-01-27;FRC;V22;;;10;12546;1518790256.0;;;1.26;1.25;1.26;1.25;1.25;1.26;0.0;0.0
133770;750548;2022-01-27;FRC;X22;;;13;5373;267165323.0;;;1.33;1.33;1.33;1.33;1.33;1.33;0.0;0.0
133771;750549;2022-01-27;FRC;Z22;;;14;7556;375409291.0;;;1.39;1.39;1.39;1.39;1.39;1.39;0.0;0.0
133772;750550;2022-01-27;FRC;F23;;;17;7548;911656989.0;;;1.43;1.43;1.43;1.43;1.43;1.43;0.0;0.0
133773;750551;2022-01-27;FRC;J23;;;3;1388;167138458.0;;;1.56;1.56;1.56;1.56;1.56;1.56;0.0;0.0
133774;750552;2022-01-27;FRC;N23;;;13;5735;689002797.0;;;1.63;1.63;1.63;1.63;1.63;1.63;1.63;0.0
133775;750553;2022-01-27;FRC;V23;;;0;0;0.0;;;0.0;0.0;0.0;0.0;0.0;1.74;0.0;0.0
133776;750554;2022-01-27;FRC;F24;;;21;6479;773885198.0;;;1.87;1.87;1.87;1.87;1.87;1.87;0.0;0.0
133777;750555;2022-01-27;FRC;J24;;;1;196;23338936.0;;;1.9;1.9;1.9;1.9;1.9;1.9;0.0;0.0
133778;750556;2022-01-27;FRC;N24;;;0;0;0.0;;;0.0;0.0;0.0;0.0;0.0;2.0;0.0;0.0
133779;750557;2022-01-27;FRC;V24;;;0;0;0.0;;;0.0;0.0;0.0;0.0;0.0;2.03;0.0;0.0
133780;750558;2022-01-27;FRC;F25;;;18;7610;897397801.0;;;2.08;2.08;2.09;2.08;2.09;2.09;0.0;0.0
133781;750559;2022-01-27;FRC;J25;;;0;0;0.0;;;0.0;0.0;0.0;0.0;0.0;2.11;0.0;0.0
133782;750560;2022-01-27;FRC;N25;;;0;0;0.0;;;0.0;0.0;0.0;0.0;0.0;2.16;0.0;0.0
133783;750561;2022-01-27;FRC;V25;;;1;192;9218493.0;;;2.19;2.19;2.19;2.19;2.19;2.19;0.0;0.0
133784;750562;2022-01-27;FRC;F26;;;7;1765;205389301.0;;;2.18;2.18;2.28;2.23;2.28;2.24;0.0;0.0
133785;750563;2022-01-27;FRC;J26;;;0;0;0.0;;;0.0;0.0;0.0;0.0;0.0;2.25;0.0;0.0
133786;750564;2022-01-27;FRC;N26;;;0;0;0.0;;;0.0;0.0;0.0;0.0;0.0;2.27;0.0;0.0
133787;750565;2022-01-27;FRC;V26;;;0;0;0.0;;;0.0;0.0;0.0;0.0;0.0;2.29;2.29;0.0
133788;750566;2022-01-27;FRC;F27;;;7;2106;241899226.0;;;2.28;2.28;2.32;2.31;2.32;2.32;0.0;0.0
133789;750567;2022-01-27;FRC;F28;;;3;937;106242140.0;;;2.4;2.4;2.4;2.4;2.4;2.4;0.0;0.0
133790;750568;2022-01-27;FRC;F29;;;0;0;0.0;;;0.0;0.0;0.0;0.0;0.0;2.47;0.0;0.0
133791;750569;2022-01-27;FRC;F30;;;0;0;0.0;;;0.0;0.0;0.0;0.0;0.0;2.56;0.0;0.0
133792;750570;2022-01-27;FRC;F31;;;5;905;98418384.0;;;2.6;2.6;2.6;2.6;2.6;2.6;0.0;0.0
133793;750571;2022-01-27;FRC;F33;;;0;0;0.0;;;0.0;0.0;0.0;0.0;0.0;2.83;0.0;0.0
133794;750572;2022-01-27;FRC;F35;;;0;0;0.0;;;0.0;0.0;0.0;0.0;0.0;3.09;0.0;0.0
133795;750573;2022-01-27;FRC;F36;;;0;0;0.0;;;0.0;0.0;0.0;0.0;0.0;3.19;0.0;0.0
133796;750574;2022-01-27;FRC;F37;;;0;0;0.0;;;0.0;0.0;0.0;0.0;0.0;3.32;0.0;0.0
133797;750744;2022-01-28;FRC;J22;;;18;30829;3745999849.0;;;0.82;0.8;0.82;0.8;0.8;0.8;0.8;0.0
133798;750745;2022-01-28;FRC;K22;;;12;10731;536070754.0;;;0.93;0.87;0.93;0.89;0.89;0.9;0.0;0.89
133799;750746;2022-01-28;FRC;M22;;;11;14880;742909598.0;;;1.01;1.01;1.01;1.01;1.01;1.01;0.0;0.0
133800;750747;2022-01-28;FRC;N22;;;11;16433;1993784469.0;;;0.99;0.99;0.99;0.99;0.99;0.99;1.0;0.0
133801;750748;2022-01-28;FRC;Q22;;;0;0;0.0;;;0.0;0.0;0.0;0.0;0.0;1.17;0.0;0.0
133802;750749;2022-01-28;FRC;U22;;;3;797;39716582.0;;;1.21;1.21;1.21;1.21;1.21;1.21;1.21;0.0
133803;750750;2022-01-28;FRC;V22;;;20;13227;1601028977.0;;;1.35;1.3;1.35;1.3;1.3;1.3;0.0;1.3
133804;750751;2022-01-28;FRC;X22;;;6;2388;118815287.0;;;1.35;1.35;1.35;1.35;1.35;1.35;1.35;1.36
133805;750752;2022-01-28;FRC;Z22;;;13;8794;437190031.0;;;1.46;1.41;1.46;1.41;1.41;1.41;0.0;0.0
133806;750753;2022-01-28;FRC;F23;;;7;2188;264058630.0;;;1.47;1.47;1.47;1.47;1.47;1.47;0.0;0.0
133807;750754;2022-01-28;FRC;J23;;;5;1587;191049602.0;;;1.61;1.59;1.61;1.59;1.59;1.59;0.0;0.0
133808;750755;2022-01-28;FRC;N23;;;12;13096;1572772659.0;;;1.68;1.67;1.68;1.67;1.68;1.68;0.0;1.68
133809;750756;2022-01-28;FRC;V23;;;2;493;59020263.0;;;1.81;1.8;1.81;1.8;1.8;1.8;0.0;0.0
133810;750757;2022-01-28;FRC;F24;;;6;1103;131445436.0;;;1.93;1.91;1.93;1.92;1.92;1.92;0.0;1.92
133811;750758;2022-01-28;FRC;J24;;;5;1176;139984888.0;;;1.94;1.94;1.94;1.94;1.94;1.94;0.0;0.0
133812;750759;2022-01-28;FRC;N24;;;0;0;0.0;;;0.0;0.0;0.0;0.0;0.0;2.04;0.0;0.0
133813;750760;2022-01-28;FRC;V24;;;0;0;0.0;;;0.0;0.0;0.0;0.0;0.0;2.06;0.0;0.0
133814;750761;2022-01-28;FRC;F25;;;3;835;98404893.0;;;2.13;2.12;2.13;2.12;2.12;2.12;0.0;0.0
133815;750762;2022-01-28;FRC;J25;;;3;465;22479803.0;;;2.14;2.14;2.15;2.14;2.15;2.15;0.0;0.0
133816;750763;2022-01-28;FRC;N25;;;1;193;22608138.0;;;2.19;2.19;2.19;2.19;2.19;2.19;0.0;0.0
133817;750764;2022-01-28;FRC;V25;;;0;0;0.0;;;0.0;0.0;0.0;0.0;0.0;2.21;0.0;0.0
133818;750765;2022-01-28;FRC;F26;;;0;0;0.0;;;0.0;0.0;0.0;0.0;0.0;2.26;0.0;0.0
133819;750766;2022-01-28;FRC;J26;;;0;0;0.0;;;0.0;0.0;0.0;0.0;0.0;2.26;0.0;0.0
133820;750767;2022-01-28;FRC;N26;;;0;0;0.0;;;0.0;0.0;0.0;0.0;0.0;2.27;0.0;0.0
133821;750768;2022-01-28;FRC;V26;;;0;0;0.0;;;0.0;0.0;0.0;0.0;0.0;2.29;0.0;0.0
133822;750769;2022-01-28;FRC;F27;;;7;1463;168021134.0;;;2.31;2.31;2.31;2.31;2.31;2.31;2.29;2.31
133823;750770;2022-01-28;FRC;F28;;;6;2253;255595507.0;;;2.37;2.37;2.37;2.37;2.37;2.37;0.0;0.0
133824;750771;2022-01-28;FRC;F29;;;3;186;20727194.0;;;2.53;2.5;2.53;2.5;2.51;2.44;0.0;0.0
133825;750772;2022-01-28;FRC;F30;;;0;0;0.0;;;0.0;0.0;0.0;0.0;0.0;2.53;0.0;0.0
133826;750773;2022-01-28;FRC;F31;;;1;362;39380366.0;;;2.6;2.6;2.6;2.6;2.6;2.57;0.0;2.6
133827;750774;2022-01-28;FRC;F33;;;0;0;0.0;;;0.0;0.0;0.0;0.0;0.0;2.79;0.0;0.0
133828;750775;2022-01-28;FRC;F35;;;0;0;0.0;;;0.0;0.0;0.0;0.0;0.0;3.05;0.0;0.0
133829;750776;2022-01-28;FRC;F36;;;0;0;0.0;;;0.0;0.0;0.0;0.0;0.0;3.15;0.0;0.0
133830;750777;2022-01-28;FRC;F37;;;0;0;0.0;;;0.0;0.0;0.0;0.0;0.0;3.28;0.0;0.0
133831;750951;2022-01-31;FRC;J22;;;29;22457;2718836042.0;;;0.78;0.73;0.78;0.74;0.73;0.73;0.73;0.76
133832;750952;2022-01-31;FRC;K22;;;30;21011;1040504381.0;;;0.86;0.81;0.9;0.81;0.82;0.81;0.8;0.86
133833;750953;2022-01-31;FRC;M22;;;11;7613;376811532.0;;;0.93;0.93;0.96;0.93;0.96;0.93;0.93;0.96
133834;750954;2022-01-31;FRC;N22;;;10;14737;1781822757.0;;;0.95;0.94;0.96;0.94;0.94;0.94;0.92;0.0
133835;750955;2022-01-31;FRC;Q22;;;21;15109;746829969.0;;;1.13;1.13;1.15;1.14;1.15;1.15;0.0;0.0
133836;750956;2022-01-31;FRC;U22;;;11;10766;531802514.0;;;1.21;1.21;1.21;1.21;1.21;1.21;1.2;0.0
133837;750957;2022-01-31;FRC;V22;;;19;21278;2566652210.0;;;1.3;1.27;1.3;1.27;1.29;1.27;1.27;1.29
133838;750958;2022-01-31;FRC;X22;;;11;4359;214993657.0;;;1.35;1.34;1.35;1.34;1.34;1.34;1.34;0.0
133839;750959;2022-01-31;FRC;Z22;;;4;696;34300322.0;;;1.4;1.4;1.4;1.4;1.4;1.4;0.0;0.0
133840;750960;2022-01-31;FRC;F23;;;10;5468;657717362.0;;;1.47;1.47;1.47;1.47;1.47;1.47;0.0;1.47
133841;750961;2022-01-31;FRC;G23;;;0;0;0.0;;;0.0;0.0;0.0;0.0;0.0;1.53;0.0;0.0
133842;750962;2022-01-31;FRC;J23;;;7;1626;195094274.0;;;1.59;1.59;1.6;1.59;1.6;1.6;0.0;0.0
133843;750963;2022-01-31;FRC;N23;;;9;2394;286392360.0;;;1.68;1.68;1.7;1.69;1.7;1.7;0.0;1.7
133844;750964;2022-01-31;FRC;V23;;;2;296;35300524.0;;;1.8;1.8;1.8;1.8;1.8;1.81;1.79;1.81
133845;750965;2022-01-31;FRC;F24;;;17;11878;1411898948.0;;;1.92;1.91;1.92;1.91;1.91;1.91;0.0;1.91
133846;750966;2022-01-31;FRC;J24;;;5;804;95341316.0;;;1.94;1.94;1.94;1.94;1.94;1.94;0.0;0.0
133847;750967;2022-01-31;FRC;N24;;;0;0;0.0;;;0.0;0.0;0.0;0.0;0.0;2.04;0.0;2.03
133848;750968;2022-01-31;FRC;V24;;;0;0;0.0;;;0.0;0.0;0.0;0.0;0.0;2.05;0.0;2.05
133849;750969;2022-01-31;FRC;F25;;;1;389;45666533.0;;;2.1;2.1;2.1;2.1;2.1;2.1;2.08;2.1
133850;750970;2022-01-31;FRC;J25;;;0;0;0.0;;;0.0;0.0;0.0;0.0;0.0;2.13;0.0;2.13
133851;750971;2022-01-31;FRC;N25;;;0;0;0.0;;;0.0;0.0;0.0;0.0;0.0;2.17;0.0;0.0
133852;750972;2022-01-31;FRC;V25;;;2;386;18391282.0;;;2.18;2.18;2.18;2.18;2.18;2.18;0.0;0.0
133853;750973;2022-01-31;FRC;F26;;;4;614;71238858.0;;;2.23;2.23;2.23;2.23;2.23;2.23;0.0;0.0
133854;750974;2022-01-31;FRC;J26;;;0;0;0.0;;;0.0;0.0;0.0;0.0;0.0;2.23;0.0;0.0
133855;750975;2022-01-31;FRC;N26;;;0;0;0.0;;;0.0;0.0;0.0;0.0;0.0;2.24;0.0;0.0
133856;750976;2022-01-31;FRC;V26;;;0;0;0.0;;;0.0;0.0;0.0;0.0;0.0;2.26;2.25;0.0
133857;750977;2022-01-31;FRC;F27;;;13;2508;287235008.0;;;2.29;2.29;2.29;2.29;2.29;2.29;0.0;0.0
133858;750978;2022-01-31;FRC;F28;;;6;1128;127532431.0;;;2.35;2.35;2.35;2.35;2.35;2.35;2.35;0.0
133859;750979;2022-01-31;FRC;F29;;;0;0;0.0;;;0.0;0.0;0.0;0.0;0.0;2.42;2.4;0.0
133860;750980;2022-01-31;FRC;F30;;;0;0;0.0;;;0.0;0.0;0.0;0.0;0.0;2.51;0.0;0.0
133861;750981;2022-01-31;FRC;F31;;;0;0;0.0;;;0.0;0.0;0.0;0.0;0.0;2.55;2.52;2.55
133862;750982;2022-01-31;FRC;F33;;;0;0;0.0;;;0.0;0.0;0.0;0.0;0.0;2.77;0.0;0.0
133863;750983;2022-01-31;FRC;F35;;;0;0;0.0;;;0.0;0.0;0.0;0.0;0.0;3.03;0.0;3.15
133864;750984;2022-01-31;FRC;F36;;;0;0;0.0;;;0.0;0.0;0.0;0.0;0.0;3.13;0.0;0.0
133865;750985;2022-01-31;FRC;F37;;;0;0;0.0;;;0.0;0.0;0.0;0.0;0.0;3.26;0.0;0.0
133866;751161;2022-02-01;FRC;J22;;;49;154456;18706422747.0;;;0.73;0.7;0.73;0.7;0.7;0.7;0.7;0.0
133867;751162;2022-02-01;FRC;K22;;;15;28304;1402416824.0;;;0.81;0.8;0.86;0.8;0.8;0.8;0.0;0.8
133868;751163;2022-02-01;FRC;M22;;;12;5496;272169812.0;;;0.93;0.93;0.93;0.93;0.93;0.93;0.0;0.0
133869;751164;2022-02-01;FRC;N22;;;16;16034;1939164551.0;;;0.94;0.94;0.95;0.94;0.94;0.94;0.94;0.0
133870;751165;2022-02-01;FRC;Q22;;;14;8304;410666862.0;;;1.15;1.15;1.16;1.15;1.16;1.16;0.0;0.0
133871;751166;2022-02-01;FRC;U22;;;16;15572;769593129.0;;;1.21;1.2;1.22;1.21;1.22;1.22;0.0;0.0
133872;751167;2022-02-01;FRC;V22;;;13;12352;1490263559.0;;;1.27;1.27;1.28;1.27;1.28;1.28;0.0;0.0
133873;751168;2022-02-01;FRC;X22;;;5;3384;166992564.0;;;1.34;1.34;1.34;1.34;1.34;1.34;0.0;0.0
133874;751169;2022-02-01;FRC;Z22;;;5;1393;68682971.0;;;1.41;1.41;1.41;1.41;1.41;1.41;1.38;1.41
133875;751170;2022-02-01;FRC;F23;;;23;18368;2210081466.0;;;1.47;1.45;1.48;1.47;1.48;1.48;0.0;0.0
133876;751171;2022-02-01;FRC;G23;;;0;0;0.0;;;0.0;0.0;0.0;0.0;0.0;1.55;1.54;0.0
133877;751172;2022-02-01;FRC;J23;;;4;832;99883056.0;;;1.6;1.6;1.63;1.62;1.63;1.63;0.0;0.0
133878;751173;2022-02-01;FRC;N23;;;16;10108;1209657700.0;;;1.68;1.68;1.71;1.7;1.71;1.71;0.0;0.0
133879;751174;2022-02-01;FRC;V23;;;16;15496;1849303792.0;;;1.81;1.79;1.82;1.8;1.82;1.82;0.0;0.0
133880;751175;2022-02-01;FRC;F24;;;21;6216;739063458.0;;;1.91;1.89;1.91;1.9;1.91;1.91;1.91;1.92
133881;751176;2022-02-01;FRC;J24;;;1;196;23251053.0;;;1.95;1.95;1.95;1.95;1.95;1.95;0.0;0.0
133882;751177;2022-02-01;FRC;N24;;;0;0;0.0;;;0.0;0.0;0.0;0.0;0.0;2.05;0.0;0.0
133883;751178;2022-02-01;FRC;V24;;;1;253;12209982.0;;;2.05;2.05;2.05;2.05;2.05;2.06;0.0;0.0
133884;751179;2022-02-01;FRC;F25;;;10;1687;198424652.0;;;2.1;2.09;2.11;2.1;2.11;2.11;0.0;0.0
133885;751180;2022-02-01;FRC;J25;;;1;252;12086243.0;;;2.13;2.13;2.13;2.13;2.13;2.14;0.0;0.0
133886;751181;2022-02-01;FRC;N25;;;0;0;0.0;;;0.0;0.0;0.0;0.0;0.0;2.18;0.0;0.0
133887;751182;2022-02-01;FRC;V25;;;0;0;0.0;;;0.0;0.0;0.0;0.0;0.0;2.19;0.0;0.0
133888;751183;2022-02-01;FRC;F26;;;5;615;71290475.0;;;2.23;2.23;2.24;2.23;2.24;2.24;0.0;0.0
133889;751184;2022-02-01;FRC;J26;;;0;0;0.0;;;0.0;0.0;0.0;0.0;0.0;2.24;0.0;0.0
133890;751185;2022-02-01;FRC;N26;;;2;382;44060987.0;;;2.25;2.25;2.25;2.25;2.25;2.25;0.0;0.0
133891;751186;2022-02-01;FRC;V26;;;0;0;0.0;;;0.0;0.0;0.0;0.0;0.0;2.27;0.0;0.0
133892;751187;2022-02-01;FRC;F27;;;7;1425;163182387.0;;;2.29;2.29;2.37;2.3;2.3;2.3;0.0;0.0
133893;751188;2022-02-01;FRC;F28;;;4;563;63719845.0;;;2.35;2.3;2.37;2.35;2.37;2.41;0.0;2.41
133894;751189;2022-02-01;FRC;F29;;;3;149;16606021.0;;;2.42;2.41;2.48;2.42;2.48;2.48;0.0;0.0
133895;751190;2022-02-01;FRC;F30;;;2;293;32226551.0;;;2.52;2.52;2.56;2.53;2.56;2.56;2.51;2.54
133896;751191;2022-02-01;FRC;F31;;;3;399;43296007.0;;;2.55;2.55;2.59;2.56;2.59;2.59;0.0;2.57
133897;751192;2022-02-01;FRC;F32;;;0;0;0.0;;;0.0;0.0;0.0;0.0;0.0;2.7;0.0;0.0
133898;751193;2022-02-01;FRC;F33;;;1;18;775180.0;;;2.8;2.8;2.8;2.8;2.8;2.8;0.0;2.85
133899;751194;2022-02-01;FRC;F35;;;0;0;0.0;;;0.0;0.0;0.0;0.0;0.0;3.05;0.0;0.0
133900;751195;2022-02-01;FRC;F36;;;1;169;6855363.0;;;3.15;3.15;3.15;3.15;3.15;3.15;0.0;0.0
133901;751196;2022-02-01;FRC;F37;;;0;0;0.0;;;0.0;0.0;0.0;0.0;0.0;3.28;0.0;0.0
133902;751368;2022-02-02;FRC;J22;;;38;89039;10819847493.0;;;0.68;0.65;0.69;0.66;0.69;0.69;0.66;0.69
133903;751369;2022-02-02;FRC;K22;;;21;15112;754887972.0;;;0.76;0.75;0.77;0.76;0.77;0.77;0.0;0.0
133904;751370;2022-02-02;FRC;M22;;;5;1799;89815674.0;;;0.91;0.91;0.91;0.91;0.91;0.91;0.0;0.0
133905;751371;2022-02-02;FRC;N22;;;22;39362;4776297420.0;;;0.93;0.92;0.93;0.92;0.92;0.92;0.0;0.95
133906;751372;2022-02-02;FRC;Q22;;;11;4612;229943843.0;;;1.15;1.14;1.16;1.14;1.16;1.14;0.0;1.16
133907;751373;2022-02-02;FRC;U22;;;14;9969;496678528.0;;;1.22;1.22;1.22;1.22;1.22;1.22;1.2;1.22
133908;751374;2022-02-02;FRC;V22;;;15;22972;2780962384.0;;;1.26;1.26;1.28;1.26;1.27;1.27;0.0;0.0
133909;751375;2022-02-02;FRC;X22;;;6;2587;128699405.0;;;1.34;1.34;1.34;1.34;1.34;1.34;0.0;0.0
133910;751376;2022-02-02;FRC;Z22;;;11;4776;237417822.0;;;1.41;1.39;1.41;1.39;1.39;1.39;1.39;0.0
133911;751377;2022-02-02;FRC;F23;;;13;3322;400975650.0;;;1.48;1.45;1.48;1.45;1.45;1.45;0.0;0.0
133912;751378;2022-02-02;FRC;G23;;;3;418;20741213.0;;;1.52;1.52;1.52;1.52;1.52;1.52;0.0;0.0
133913;751379;2022-02-02;FRC;J23;;;10;2279;274513254.0;;;1.63;1.6;1.63;1.6;1.6;1.6;0.0;0.0
133914;751380;2022-02-02;FRC;N23;;;10;6447;774279062.0;;;1.71;1.69;1.71;1.69;1.69;1.69;0.0;0.0
133915;751381;2022-02-02;FRC;V23;;;4;4219;505193519.0;;;1.82;1.8;1.82;1.8;1.8;1.8;0.0;0.0
133916;751382;2022-02-02;FRC;F24;;;12;5702;680576846.0;;;1.89;1.89;1.89;1.89;1.89;1.89;0.0;0.0
133917;751383;2022-02-02;FRC;J24;;;0;0;0.0;;;0.0;0.0;0.0;0.0;0.0;1.93;0.0;0.0
133918;751384;2022-02-02;FRC;N24;;;1;117;13889442.0;;;2.05;2.05;2.05;2.05;2.05;2.04;0.0;2.04
133919;751385;2022-02-02;FRC;V24;;;2;273;13282478.0;;;2.06;2.05;2.06;2.05;2.05;2.05;0.0;0.0
133920;751386;2022-02-02;FRC;F25;;;8;1241;146532445.0;;;2.11;2.08;2.11;2.08;2.08;2.08;0.0;0.0
133921;751387;2022-02-02;FRC;J25;;;1;19;918049.0;;;2.13;2.13;2.13;2.13;2.13;2.11;0.0;0.0
133922;751388;2022-02-02;FRC;N25;;;1;58;6789963.0;;;2.18;2.18;2.18;2.18;2.18;2.15;0.0;0.0
133923;751389;2022-02-02;FRC;V25;;;0;0;0.0;;;0.0;0.0;0.0;0.0;0.0;2.16;0.0;0.0
133924;751390;2022-02-02;FRC;F26;;;2;768;89447313.0;;;2.21;2.21;2.21;2.21;2.21;2.21;0.0;0.0
133925;751391;2022-02-02;FRC;J26;;;0;0;0.0;;;0.0;0.0;0.0;0.0;0.0;2.22;0.0;0.0
133926;751392;2022-02-02;FRC;N26;;;0;0;0.0;;;0.0;0.0;0.0;0.0;0.0;2.23;0.0;0.0
133927;751393;2022-02-02;FRC;V26;;;0;0;0.0;;;0.0;0.0;0.0;0.0;0.0;2.26;0.0;0.0
133928;751394;2022-02-02;FRC;F27;;;11;2583;296816799.0;;;2.31;2.3;2.31;2.3;2.3;2.3;2.3;0.0
133929;751395;2022-02-02;FRC;F28;;;2;2101;238141495.0;;;2.41;2.36;2.41;2.4;2.36;2.36;2.36;0.0
133930;751396;2022-02-02;FRC;F29;;;5;2223;248755640.0;;;2.48;2.45;2.48;2.47;2.45;2.45;2.45;0.0
133931;751397;2022-02-02;FRC;F30;;;0;0;0.0;;;0.0;0.0;0.0;0.0;0.0;2.53;0.0;0.0
133932;751398;2022-02-02;FRC;F31;;;3;543;59215718.0;;;2.56;2.56;2.56;2.56;2.56;2.56;0.0;2.56
133933;751399;2022-02-02;FRC;F32;;;0;0;0.0;;;0.0;0.0;0.0;0.0;0.0;2.67;0.0;0.0
133934;751400;2022-02-02;FRC;F33;;;0;0;0.0;;;0.0;0.0;0.0;0.0;0.0;2.77;0.0;0.0
133935;751401;2022-02-02;FRC;F35;;;0;0;0.0;;;0.0;0.0;0.0;0.0;0.0;3.02;0.0;0.0
133936;751402;2022-02-02;FRC;F36;;;0;0;0.0;;;0.0;0.0;0.0;0.0;0.0;3.12;0.0;0.0
133937;751403;2022-02-02;FRC;F37;;;0;0;0.0;;;0.0;0.0;0.0;0.0;0.0;3.25;0.0;0.0
133938;751574;2022-02-03;FRC;J22;;;57;62585;7604930661.0;;;0.68;0.64;0.69;0.66;0.67;0.66;0.66;0.0
133939;751575;2022-02-03;FRC;K22;;;16;8654;432242922.0;;;0.75;0.74;0.76;0.74;0.75;0.75;0.0;0.0
133940;751576;2022-02-03;FRC;M22;;;7;3836;191490610.0;;;0.9;0.9;0.9;0.9;0.9;0.9;0.0;0.9
133941;751577;2022-02-03;FRC;N22;;;21;21005;2549089342.0;;;0.91;0.91;0.92;0.91;0.92;0.91;0.91;0.0
133942;751578;2022-02-03;FRC;Q22;;;29;19156;954976024.0;;;1.14;1.13;1.14;1.13;1.13;1.13;1.13;0.0
133943;751579;2022-02-03;FRC;U22;;;15;13220;658583511.0;;;1.22;1.21;1.22;1.21;1.21;1.21;1.21;0.0
133944;751580;2022-02-03;FRC;V22;;;26;16236;1965399958.0;;;1.28;1.28;1.29;1.28;1.28;1.28;1.28;0.0
133945;751581;2022-02-03;FRC;X22;;;13;5771;287050760.0;;;1.35;1.35;1.35;1.35;1.35;1.35;1.35;0.0
133946;751582;2022-02-03;FRC;Z22;;;9;4179;207688658.0;;;1.42;1.42;1.42;1.42;1.42;1.42;0.0;0.0
133947;751583;2022-02-03;FRC;F23;;;27;10460;1262510558.0;;;1.48;1.45;1.48;1.47;1.48;1.48;1.46;1.48
133948;751584;2022-02-03;FRC;G23;;;4;855;42413148.0;;;1.55;1.55;1.55;1.55;1.55;1.55;0.0;0.0
133949;751585;2022-02-03;FRC;J23;;;4;792;95422732.0;;;1.63;1.63;1.63;1.63;1.63;1.63;0.0;0.0
133950;751586;2022-02-03;FRC;N23;;;12;3302;396489072.0;;;1.72;1.72;1.72;1.72;1.72;1.72;0.0;0.0
133951;751587;2022-02-03;FRC;V23;;;21;12657;1515334048.0;;;1.83;1.81;1.85;1.81;1.81;1.81;0.0;0.0
133952;751588;2022-02-03;FRC;F24;;;6;1024;122023475.0;;;1.89;1.89;1.94;1.93;1.94;1.94;0.0;0.0
133953;751589;2022-02-03;FRC;J24;;;1;196;23320944.0;;;1.97;1.97;1.97;1.97;1.97;1.97;0.0;1.97
133954;751590;2022-02-03;FRC;N24;;;1;195;23144385.0;;;2.06;2.06;2.06;2.06;2.06;2.06;0.0;2.06
133955;751591;2022-02-03;FRC;V24;;;1;195;9479425.0;;;2.11;2.11;2.11;2.11;2.11;2.11;0.0;2.11
133956;751592;2022-02-03;FRC;F25;;;8;2388;281535233.0;;;2.08;2.08;2.15;2.11;2.15;2.15;0.0;2.15
133957;751593;2022-02-03;FRC;J25;;;2;388;18747509.0;;;2.17;2.17;2.17;2.17;2.17;2.17;0.0;0.0
133958;751594;2022-02-03;FRC;N25;;;0;0;0.0;;;0.0;0.0;0.0;0.0;0.0;2.21;0.0;0.0
133959;751595;2022-02-03;FRC;V25;;;0;0;0.0;;;0.0;0.0;0.0;0.0;0.0;2.23;0.0;0.0
133960;751596;2022-02-03;FRC;F26;;;3;1152;134091150.0;;;2.22;2.21;2.26;2.23;2.26;2.28;0.0;2.28
133961;751597;2022-02-03;FRC;J26;;;1;191;9108423.0;;;2.29;2.29;2.29;2.29;2.29;2.29;0.0;0.0
133962;751598;2022-02-03;FRC;N26;;;0;0;0.0;;;0.0;0.0;0.0;0.0;0.0;2.31;0.0;0.0
133963;751599;2022-02-03;FRC;V26;;;0;0;0.0;;;0.0;0.0;0.0;0.0;0.0;2.33;0.0;0.0
133964;751600;2022-02-03;FRC;F27;;;6;1386;159107013.0;;;2.3;2.3;2.36;2.33;2.36;2.36;0.0;0.0
133965;751601;2022-02-03;FRC;F28;;;2;488;55388906.0;;;2.37;2.36;2.37;2.36;2.36;2.44;0.0;2.44
133966;751602;2022-02-03;FRC;F29;;;2;186;20732431.0;;;2.5;2.5;2.51;2.5;2.51;2.53;0.0;2.53
133967;751603;2022-02-03;FRC;F30;;;0;0;0.0;;;0.0;0.0;0.0;0.0;0.0;2.61;0.0;2.61
133968;751604;2022-02-03;FRC;F31;;;1;181;19738277.0;;;2.56;2.56;2.56;2.56;2.56;2.63;0.0;2.63
133969;751605;2022-02-03;FRC;F32;;;0;0;0.0;;;0.0;0.0;0.0;0.0;0.0;2.74;0.0;0.0
133970;751606;2022-02-03;FRC;F33;;;0;0;0.0;;;0.0;0.0;0.0;0.0;0.0;2.84;0.0;2.9
133971;751607;2022-02-03;FRC;F35;;;0;0;0.0;;;0.0;0.0;0.0;0.0;0.0;3.09;0.0;0.0
133972;751608;2022-02-03;FRC;F36;;;0;0;0.0;;;0.0;0.0;0.0;0.0;0.0;3.19;0.0;0.0
133973;751609;2022-02-03;FRC;F37;;;0;0;0.0;;;0.0;0.0;0.0;0.0;0.0;3.32;0.0;0.0
133974;751780;2022-02-04;FRC;J22;;;30;66882;8133866689.0;;;0.68;0.68;0.71;0.69;0.71;0.69;0.69;0.0
133975;751781;2022-02-04;FRC;K22;;;13;3059;153096033.0;;;0.75;0.75;0.8;0.77;0.8;0.77;0.77;0.8
133976;751782;2022-02-04;FRC;M22;;;16;9830;491668400.0;;;0.95;0.92;0.96;0.95;0.93;0.96;0.0;0.0
133977;751783;2022-02-04;FRC;N22;;;15;14337;1740984582.0;;;0.94;0.94;0.97;0.96;0.97;0.97;0.96;0.0
133978;751784;2022-02-04;FRC;Q22;;;5;659;32916161.0;;;1.16;1.16;1.2;1.18;1.2;1.19;1.2;0.0
133979;751785;2022-02-04;FRC;U22;;;30;5709;284928000.0;;;1.26;1.26;1.3;1.28;1.3;1.28;1.29;0.0
133980;751786;2022-02-04;FRC;V22;;;21;32230;3903620745.0;;;1.32;1.32;1.38;1.35;1.38;1.38;0.0;0.0
133981;751787;2022-02-04;FRC;X22;;;0;0;0.0;;;0.0;0.0;0.0;0.0;0.0;1.45;1.45;0.0
133982;751788;2022-02-04;FRC;Z22;;;1;4455;221786126.0;;;1.5;1.5;1.5;1.5;1.5;1.53;0.0;0.0
133983;751789;2022-02-04;FRC;F23;;;68;35474;4284576499.0;;;1.48;1.48;1.59;1.55;1.59;1.59;1.57;0.0
133984;751790;2022-02-04;FRC;G23;;;7;2777;137974738.0;;;1.64;1.64;1.64;1.64;1.64;1.64;0.0;0.0
133985;751791;2022-02-04;FRC;J23;;;6;1030;124053572.0;;;1.72;1.72;1.74;1.73;1.74;1.74;0.0;0.0
133986;751792;2022-02-04;FRC;N23;;;18;8541;1025375427.0;;;1.82;1.82;1.82;1.82;1.82;1.82;1.82;1.84
133987;751793;2022-02-04;FRC;V23;;;19;9004;1078217765.0;;;1.89;1.86;1.94;1.89;1.94;1.94;1.91;0.0
133988;751794;2022-02-04;FRC;F24;;;30;10288;1227413142.0;;;2.01;1.99;2.06;2.03;2.06;2.06;0.0;0.0
133989;751795;2022-02-04;FRC;J24;;;3;412;48936399.0;;;1.97;1.97;2.1;2.09;2.1;2.1;0.0;0.0
133990;751796;2022-02-04;FRC;N24;;;0;0;0.0;;;0.0;0.0;0.0;0.0;0.0;2.19;0.0;0.0
133991;751797;2022-02-04;FRC;V24;;;3;582;28299523.0;;;2.24;2.24;2.24;2.24;2.24;2.24;0.0;0.0
133992;751798;2022-02-04;FRC;F25;;;8;1958;230487611.0;;;2.25;2.25;2.28;2.26;2.28;2.28;0.0;0.0
133993;751799;2022-02-04;FRC;J25;;;6;1158;55948885.0;;;2.3;2.3;2.3;2.3;2.3;2.3;0.0;0.0
133994;751800;2022-02-04;FRC;N25;;;0;0;0.0;;;0.0;0.0;0.0;0.0;0.0;2.34;0.0;0.0
133995;751801;2022-02-04;FRC;V25;;;0;0;0.0;;;0.0;0.0;0.0;0.0;0.0;2.36;0.0;0.0
133996;751802;2022-02-04;FRC;F26;;;6;1300;151036194.0;;;2.41;2.41;2.41;2.41;2.41;2.41;0.0;0.0
133997;751803;2022-02-04;FRC;J26;;;0;0;0.0;;;0.0;0.0;0.0;0.0;0.0;2.42;0.0;0.0
133998;751804;2022-02-04;FRC;N26;;;0;0;0.0;;;0.0;0.0;0.0;0.0;0.0;2.44;0.0;0.0
133999;751805;2022-02-04;FRC;V26;;;0;0;0.0;;;0.0;0.0;0.0;0.0;0.0;2.47;2.45;0.0
134000;751806;2022-02-04;FRC;F27;;;8;3500;401077109.0;;;2.43;2.43;2.5;2.46;2.5;2.5;2.49;2.5
134001;751807;2022-02-04;FRC;F28;;;3;561;63321662.0;;;2.57;2.57;2.57;2.57;2.57;2.57;0.0;0.0
134002;751808;2022-02-04;FRC;F29;;;4;647;72069486.0;;;2.55;2.55;2.62;2.61;2.62;2.62;2.62;2.65
134003;751809;2022-02-04;FRC;F30;;;0;0;0.0;;;0.0;0.0;0.0;0.0;0.0;2.68;0.0;2.7
134004;751810;2022-02-04;FRC;F31;;;3;234;25392818.0;;;2.65;2.65;2.73;2.71;2.73;2.73;0.0;0.0
134005;751811;2022-02-04;FRC;F32;;;0;0;0.0;;;0.0;0.0;0.0;0.0;0.0;2.85;0.0;0.0
134006;751812;2022-02-04;FRC;F33;;;0;0;0.0;;;0.0;0.0;0.0;0.0;0.0;2.95;0.0;0.0
134007;751813;2022-02-04;FRC;F35;;;0;0;0.0;;;0.0;0.0;0.0;0.0;0.0;3.21;0.0;0.0
134008;751814;2022-02-04;FRC;F36;;;2;336;13635437.0;;;3.32;3.32;3.32;3.32;3.32;3.32;0.0;0.0
134009;751815;2022-02-04;FRC;F37;;;0;0;0.0;;;0.0;0.0;0.0;0.0;0.0;3.45;0.0;0.0
134010;751986;2022-02-07;FRC;J22;;;29;64802;7855941361.0;;;0.65;0.65;0.68;0.67;0.68;0.68;0.68;0.0
134011;751987;2022-02-07;FRC;K22;;;19;32737;1625618319.0;;;0.77;0.77;0.78;0.77;0.78;0.77;0.77;0.0
134012;751988;2022-02-07;FRC;M22;;;4;1998;99153578.0;;;0.96;0.95;0.96;0.95;0.95;0.95;0.0;0.0
134013;751989;2022-02-07;FRC;N22;;;6;7728;935430052.0;;;0.97;0.97;0.97;0.97;0.97;0.97;0.0;0.98
134014;751990;2022-02-07;FRC;Q22;;;24;5492;272172564.0;;;1.19;1.19;1.19;1.19;1.19;1.19;1.19;0.0
134015;751991;2022-02-07;FRC;U22;;;64;29532;1462428703.0;;;1.28;1.28;1.28;1.28;1.28;1.28;1.28;0.0
134016;751992;2022-02-07;FRC;V22;;;28;18703;2257930890.0;;;1.38;1.38;1.38;1.38;1.38;1.38;0.0;0.0
134017;751993;2022-02-07;FRC;X22;;;3;1393;68862531.0;;;1.45;1.45;1.46;1.45;1.46;1.46;0.0;0.0
134018;751994;2022-02-07;FRC;Z22;;;4;2148;106091643.0;;;1.53;1.52;1.53;1.52;1.52;1.52;1.52;0.0
134019;751995;2022-02-07;FRC;F23;;;13;24696;2973386228.0;;;1.58;1.58;1.59;1.58;1.58;1.58;1.58;0.0
134020;751996;2022-02-07;FRC;G23;;;9;19092;941206578.0;;;1.64;1.64;1.64;1.64;1.64;1.64;1.64;0.0
134021;751997;2022-02-07;FRC;J23;;;6;951;114164496.0;;;1.74;1.74;1.74;1.74;1.74;1.74;1.74;0.0
134022;751998;2022-02-07;FRC;N23;;;6;9484;1135311163.0;;;1.83;1.83;1.84;1.83;1.84;1.84;0.0;0.0
134023;751999;2022-02-07;FRC;V23;;;3;591;70499833.0;;;1.96;1.96;1.96;1.96;1.96;1.96;1.96;0.0
134024;752000;2022-02-07;FRC;F24;;;12;4847;576302873.0;;;2.06;2.05;2.09;2.07;2.09;2.09;0.0;0.0
134025;752001;2022-02-07;FRC;J24;;;3;431;51040570.0;;;2.1;2.1;2.14;2.13;2.14;2.14;0.0;0.0
134026;752002;2022-02-07;FRC;N24;;;1;195;23037833.0;;;2.19;2.19;2.19;2.19;2.19;2.19;0.0;0.0
134027;752003;2022-02-07;FRC;V24;;;1;39;1881905.0;;;2.24;2.24;2.24;2.24;2.24;2.25;0.0;0.0
134028;752004;2022-02-07;FRC;F25;;;3;329;38639976.0;;;2.27;2.27;2.3;2.27;2.3;2.3;0.0;0.0
134029;752005;2022-02-07;FRC;J25;;;1;193;9248400.0;;;2.33;2.33;2.33;2.33;2.33;2.33;0.0;0.0
134030;752006;2022-02-07;FRC;N25;;;0;0;0.0;;;0.0;0.0;0.0;0.0;0.0;2.37;0.0;0.0
134031;752007;2022-02-07;FRC;V25;;;0;0;0.0;;;0.0;0.0;0.0;0.0;0.0;2.4;0.0;0.0
134032;752008;2022-02-07;FRC;F26;;;3;248;28734624.0;;;2.44;2.44;2.44;2.44;2.44;2.44;0.0;0.0
134033;752009;2022-02-07;FRC;J26;;;0;0;0.0;;;0.0;0.0;0.0;0.0;0.0;2.44;0.0;0.0
134034;752010;2022-02-07;FRC;N26;;;0;0;0.0;;;0.0;0.0;0.0;0.0;0.0;2.45;0.0;0.0
134035;752011;2022-02-07;FRC;V26;;;0;0;0.0;;;0.0;0.0;0.0;0.0;0.0;2.47;2.45;0.0
134036;752012;2022-02-07;FRC;F27;;;10;3100;353938699.0;;;2.5;2.49;2.51;2.49;2.51;2.51;0.0;0.0
134037;752013;2022-02-07;FRC;F28;;;2;206;23142734.0;;;2.59;2.58;2.59;2.58;2.58;2.58;0.0;2.58
134038;752014;2022-02-07;FRC;F29;;;0;0;0.0;;;0.0;0.0;0.0;0.0;0.0;2.63;2.6;0.0
134039;752015;2022-02-07;FRC;F30;;;0;0;0.0;;;0.0;0.0;0.0;0.0;0.0;2.68;0.0;0.0
134040;752016;2022-02-07;FRC;F31;;;4;720;77808104.0;;;2.73;2.73;2.73;2.73;2.73;2.73;0.0;0.0
134041;752017;2022-02-07;FRC;F32;;;0;0;0.0;;;0.0;0.0;0.0;0.0;0.0;2.85;0.0;0.0
134042;752018;2022-02-07;FRC;F33;;;0;0;0.0;;;0.0;0.0;0.0;0.0;0.0;2.95;0.0;0.0
134043;752019;2022-02-07;FRC;F35;;;0;0;0.0;;;0.0;0.0;0.0;0.0;0.0;3.21;0.0;0.0
134044;752020;2022-02-07;FRC;F36;;;0;0;0.0;;;0.0;0.0;0.0;0.0;0.0;3.32;0.0;0.0
134045;752021;2022-02-07;FRC;F37;;;0;0;0.0;;;0.0;0.0;0.0;0.0;0.0;3.45;0.0;0.0
134046;752192;2022-02-08;FRC;J22;;;27;58087;7051391134.0;;;0.69;0.69;0.71;0.69;0.7;0.7;0.7;0.72
134047;752193;2022-02-08;FRC;K22;;;36;26165;1303648325.0;;;0.79;0.78;0.8;0.79;0.79;0.79;0.79;0.0
134048;752194;2022-02-08;FRC;M22;;;13;6813;339247321.0;;;0.98;0.96;0.98;0.96;0.97;0.96;0.96;0.97
134049;752195;2022-02-08;FRC;N22;;;11;10383;1258515030.0;;;1.0;1.0;1.0;1.0;1.0;1.0;0.0;0.0
134050;752196;2022-02-08;FRC;Q22;;;12;7776;386636572.0;;;1.23;1.23;1.23;1.23;1.23;1.23;1.23;0.0
134051;752197;2022-02-08;FRC;U22;;;17;13076;649646927.0;;;1.3;1.3;1.33;1.32;1.33;1.33;1.32;0.0
134052;752198;2022-02-08;FRC;V22;;;16;9079;1097709251.0;;;1.4;1.39;1.41;1.4;1.41;1.41;1.41;0.0
134053;752199;2022-02-08;FRC;X22;;;5;3383;167785407.0;;;1.49;1.49;1.49;1.49;1.49;1.49;1.49;0.0
134054;752200;2022-02-08;FRC;Z22;;;12;18550;919225482.0;;;1.55;1.53;1.63;1.54;1.63;1.56;0.0;0.0
134055;752201;2022-02-08;FRC;F23;;;26;26597;3206382650.0;;;1.58;1.58;1.63;1.61;1.63;1.63;0.0;0.0
134056;752202;2022-02-08;FRC;G23;;;9;4642;229563437.0;;;1.66;1.66;1.71;1.69;1.71;1.71;1.71;1.72
134057;752203;2022-02-08;FRC;J23;;;12;6693;804533883.0;;;1.74;1.74;1.8;1.78;1.8;1.8;0.0;0.0
134058;752204;2022-02-08;FRC;N23;;;13;4362;522783407.0;;;1.91;1.91;1.91;1.91;1.91;1.91;1.89;1.91
134059;752205;2022-02-08;FRC;V23;;;7;1793;214006833.0;;;1.96;1.96;2.02;2.01;2.02;2.02;2.0;2.02
134060;752206;2022-02-08;FRC;F24;;;16;6373;758638222.0;;;2.12;2.12;2.13;2.12;2.12;2.12;2.12;2.14
134061;752207;2022-02-08;FRC;J24;;;0;0;0.0;;;0.0;0.0;0.0;0.0;0.0;2.18;0.0;2.19
134062;752208;2022-02-08;FRC;N24;;;2;234;27663858.0;;;2.19;2.19;2.24;2.23;2.24;2.24;0.0;0.0
134063;752209;2022-02-08;FRC;V24;;;1;19;919183.0;;;2.25;2.25;2.25;2.25;2.25;2.29;0.0;0.0
134064;752210;2022-02-08;FRC;F25;;;10;2441;286579930.0;;;2.3;2.3;2.33;2.32;2.33;2.33;0.0;0.0
134065;752211;2022-02-08;FRC;J25;;;2;2124;102083427.0;;;2.36;2.36;2.36;2.36;2.36;2.36;0.0;0.0
134066;752212;2022-02-08;FRC;N25;;;0;0;0.0;;;0.0;0.0;0.0;0.0;0.0;2.4;0.0;0.0
134067;752213;2022-02-08;FRC;V25;;;0;0;0.0;;;0.0;0.0;0.0;0.0;0.0;2.43;0.0;0.0
134068;752214;2022-02-08;FRC;F26;;;0;0;0.0;;;0.0;0.0;0.0;0.0;0.0;2.47;0.0;0.0
134069;752215;2022-02-08;FRC;J26;;;0;0;0.0;;;0.0;0.0;0.0;0.0;0.0;2.47;0.0;0.0
134070;752216;2022-02-08;FRC;N26;;;0;0;0.0;;;0.0;0.0;0.0;0.0;0.0;2.49;0.0;0.0
134071;752217;2022-02-08;FRC;V26;;;2;380;17895602.0;;;2.51;2.51;2.51;2.51;2.51;2.51;0.0;0.0
134072;752218;2022-02-08;FRC;F27;;;9;4346;496294748.0;;;2.54;2.54;2.54;2.54;2.54;2.54;0.0;0.0
134073;752219;2022-02-08;FRC;F28;;;1;19;2121275.0;;;2.58;2.58;2.58;2.58;2.58;2.61;0.0;0.0
134074;752220;2022-02-08;FRC;F29;;;2;1106;122896902.0;;;2.66;2.66;2.66;2.66;2.66;2.66;0.0;0.0
134075;752221;2022-02-08;FRC;F30;;;0;0;0.0;;;0.0;0.0;0.0;0.0;0.0;2.71;0.0;0.0
134076;752222;2022-02-08;FRC;F31;;;0;0;0.0;;;0.0;0.0;0.0;0.0;0.0;2.76;0.0;0.0
134077;752223;2022-02-08;FRC;F32;;;0;0;0.0;;;0.0;0.0;0.0;0.0;0.0;2.88;0.0;0.0
134078;752224;2022-02-08;FRC;F33;;;0;0;0.0;;;0.0;0.0;0.0;0.0;0.0;2.98;0.0;0.0
134079;752225;2022-02-08;FRC;F35;;;0;0;0.0;;;0.0;0.0;0.0;0.0;0.0;3.24;0.0;0.0
134080;752226;2022-02-08;FRC;F36;;;0;0;0.0;;;0.0;0.0;0.0;0.0;0.0;3.35;0.0;0.0
134081;752227;2022-02-08;FRC;F37;;;0;0;0.0;;;0.0;0.0;0.0;0.0;0.0;3.48;0.0;0.0
134082;752398;2022-02-09;FRC;J22;;;40;148179;17969359820.0;;;0.7;0.7;0.73;0.72;0.71;0.73;0.71;0.0
134083;752399;2022-02-09;FRC;K22;;;33;43971;2185166558.0;;;0.79;0.79;0.81;0.8;0.81;0.81;0.0;0.0
134084;752400;2022-02-09;FRC;M22;;;15;18580;922789599.0;;;0.96;0.96;0.98;0.97;0.98;0.98;0.0;0.0
134085;752401;2022-02-09;FRC;N22;;;9;7788;942860117.0;;;1.03;1.03;1.03;1.03;1.03;1.03;0.0;1.02
134086;752402;2022-02-09;FRC;Q22;;;61;17389;862367539.0;;;1.24;1.24;1.25;1.24;1.25;1.25;1.25;0.0
134087;752403;2022-02-09;FRC;U22;;;37;35636;1765836131.0;;;1.35;1.34;1.36;1.34;1.34;1.35;1.34;0.0
134088;752404;2022-02-09;FRC;V22;;;15;10354;1250461343.0;;;1.42;1.42;1.42;1.42;1.42;1.42;1.41;0.0
134089;752405;2022-02-09;FRC;X22;;;22;4955;245112464.0;;;1.5;1.5;1.51;1.5;1.51;1.51;1.5;0.0
134090;752406;2022-02-09;FRC;Z22;;;2;597;29505935.0;;;1.57;1.57;1.57;1.57;1.57;1.57;0.0;0.0
134091;752407;2022-02-09;FRC;F23;;;20;9335;1124178985.0;;;1.64;1.63;1.65;1.63;1.63;1.63;1.63;0.0
134092;752408;2022-02-09;FRC;G23;;;6;1606;79219077.0;;;1.71;1.69;1.71;1.69;1.69;1.69;0.0;0.0
134093;752409;2022-02-09;FRC;J23;;;7;1664;199752830.0;;;1.79;1.79;1.8;1.79;1.8;1.8;1.79;0.0
134094;752410;2022-02-09;FRC;N23;;;12;5922;709053111.0;;;1.91;1.9;1.91;1.9;1.9;1.9;1.89;0.0
134095;752411;2022-02-09;FRC;V23;;;3;1201;143281714.0;;;2.01;2.01;2.03;2.01;2.03;2.01;2.0;2.03
134096;752412;2022-02-09;FRC;F24;;;13;2824;335888816.0;;;2.13;2.1;2.13;2.1;2.12;2.1;2.11;0.0
134097;752413;2022-02-09;FRC;J24;;;0;0;0.0;;;0.0;0.0;0.0;0.0;0.0;2.17;0.0;0.0
134098;752414;2022-02-09;FRC;N24;;;1;195;23026444.0;;;2.24;2.24;2.24;2.24;2.24;2.24;0.0;2.25
134099;752415;2022-02-09;FRC;V24;;;0;0;0.0;;;0.0;0.0;0.0;0.0;0.0;2.29;0.0;2.3
134100;752416;2022-02-09;FRC;F25;;;4;621;72759239.0;;;2.33;2.33;2.33;2.33;2.33;2.33;0.0;0.0
134101;752417;2022-02-09;FRC;J25;;;1;193;9252254.0;;;2.36;2.36;2.36;2.36;2.36;2.36;0.0;0.0
134102;752418;2022-02-09;FRC;N25;;;0;0;0.0;;;0.0;0.0;0.0;0.0;0.0;2.4;0.0;0.0
134103;752419;2022-02-09;FRC;V25;;;0;0;0.0;;;0.0;0.0;0.0;0.0;0.0;2.44;0.0;0.0
134104;752420;2022-02-09;FRC;F26;;;0;0;0.0;;;0.0;0.0;0.0;0.0;0.0;2.48;0.0;2.48
134105;752421;2022-02-09;FRC;J26;;;1;191;9031286.0;;;2.48;2.48;2.48;2.48;2.48;2.48;0.0;0.0
134106;752422;2022-02-09;FRC;N26;;;0;0;0.0;;;0.0;0.0;0.0;0.0;0.0;2.5;0.0;0.0
134107;752423;2022-02-09;FRC;V26;;;0;0;0.0;;;0.0;0.0;0.0;0.0;0.0;2.51;2.51;0.0
134108;752424;2022-02-09;FRC;F27;;;4;756;86233901.0;;;2.54;2.54;2.54;2.54;2.54;2.54;0.0;0.0
134109;752425;2022-02-09;FRC;F28;;;0;0;0.0;;;0.0;0.0;0.0;0.0;0.0;2.61;0.0;0.0
134110;752426;2022-02-09;FRC;F29;;;0;0;0.0;;;0.0;0.0;0.0;0.0;0.0;2.66;2.63;0.0
134111;752427;2022-02-09;FRC;F30;;;0;0;0.0;;;0.0;0.0;0.0;0.0;0.0;2.71;0.0;0.0
134112;752428;2022-02-09;FRC;F31;;;0;0;0.0;;;0.0;0.0;0.0;0.0;0.0;2.76;2.73;0.0
134113;752429;2022-02-09;FRC;F32;;;1;356;15488685.0;;;2.86;2.86;2.86;2.86;2.86;2.88;0.0;0.0
134114;752430;2022-02-09;FRC;F33;;;0;0;0.0;;;0.0;0.0;0.0;0.0;0.0;2.98;0.0;0.0
134115;752431;2022-02-09;FRC;F35;;;0;0;0.0;;;0.0;0.0;0.0;0.0;0.0;3.24;0.0;0.0
134116;752432;2022-02-09;FRC;F36;;;0;0;0.0;;;0.0;0.0;0.0;0.0;0.0;3.35;0.0;0.0
134117;752433;2022-02-09;FRC;F37;;;0;0;0.0;;;0.0;0.0;0.0;0.0;0.0;3.48;0.0;0.0
134118;752604;2022-02-10;FRC;J22;;;41;58743;7127089353.0;;;0.75;0.75;0.85;0.8;0.85;0.82;0.85;0.9
134119;752605;2022-02-10;FRC;K22;;;18;31336;1559212049.0;;;0.86;0.86;0.95;0.9;0.95;0.88;0.95;0.0
134120;752606;2022-02-10;FRC;M22;;;20;18276;908792309.0;;;1.04;0.98;1.12;1.07;1.12;1.08;1.12;0.0
134121;752607;2022-02-10;FRC;N22;;;17;20043;2427681272.0;;;1.05;1.05;1.15;1.11;1.15;1.15;0.0;0.0
134122;752608;2022-02-10;FRC;Q22;;;24;14951;742266762.0;;;1.25;1.25;1.39;1.36;1.39;1.39;0.0;0.0
134123;752609;2022-02-10;FRC;U22;;;19;16932;839812450.0;;;1.48;1.48;1.5;1.49;1.5;1.5;0.0;0.0
134124;752610;2022-02-10;FRC;V22;;;21;8320;1004901865.0;;;1.5;1.5;1.6;1.55;1.58;1.58;0.0;0.0
134125;752611;2022-02-10;FRC;X22;;;8;3878;192007082.0;;;1.51;1.51;1.65;1.63;1.65;1.65;1.65;0.0
134126;752612;2022-02-10;FRC;Z22;;;7;3377;167023724.0;;;1.73;1.73;1.73;1.73;1.73;1.73;0.0;0.0
134127;752613;2022-02-10;FRC;F23;;;51;44465;5354298077.0;;;1.63;1.63;1.8;1.77;1.8;1.8;1.8;0.0
134128;752614;2022-02-10;FRC;G23;;;19;6386;315243520.0;;;1.69;1.69;1.88;1.81;1.88;1.88;0.0;0.0
134129;752615;2022-02-10;FRC;J23;;;4;6377;765997936.0;;;1.8;1.8;1.97;1.81;1.97;1.97;0.0;0.0
134130;752616;2022-02-10;FRC;N23;;;9;2306;276005860.0;;;1.98;1.98;2.08;2.06;2.08;2.08;0.0;0.0
134131;752617;2022-02-10;FRC;V23;;;6;1378;164111440.0;;;2.2;2.2;2.2;2.2;2.2;2.2;0.0;0.0
134132;752618;2022-02-10;FRC;F24;;;34;8919;1059492481.0;;;2.1;2.1;2.29;2.24;2.29;2.29;2.29;2.35
134133;752619;2022-02-10;FRC;J24;;;0;0;0.0;;;0.0;0.0;0.0;0.0;0.0;2.36;0.0;0.0
134134;752620;2022-02-10;FRC;N24;;;6;1170;137738606.0;;;2.44;2.44;2.44;2.44;2.44;2.44;0.0;0.0
134135;752621;2022-02-10;FRC;V24;;;0;0;0.0;;;0.0;0.0;0.0;0.0;0.0;2.48;0.0;0.0
134136;752622;2022-02-10;FRC;F25;;;19;11554;1354384791.0;;;2.33;2.33;2.51;2.4;2.51;2.51;0.0;0.0
134137;752623;2022-02-10;FRC;J25;;;0;0;0.0;;;0.0;0.0;0.0;0.0;0.0;2.53;0.0;0.0
134138;752624;2022-02-10;FRC;N25;;;0;0;0.0;;;0.0;0.0;0.0;0.0;0.0;2.56;0.0;0.0
134139;752625;2022-02-10;FRC;V25;;;0;0;0.0;;;0.0;0.0;0.0;0.0;0.0;2.58;0.0;0.0
134140;752626;2022-02-10;FRC;F26;;;12;6404;740457631.0;;;2.48;2.48;2.61;2.5;2.61;2.61;0.0;0.0
134141;752627;2022-02-10;FRC;J26;;;1;190;8970177.0;;;2.62;2.62;2.62;2.62;2.62;2.61;0.0;0.0
134142;752628;2022-02-10;FRC;N26;;;0;0;0.0;;;0.0;0.0;0.0;0.0;0.0;2.63;0.0;0.0
134143;752629;2022-02-10;FRC;V26;;;0;0;0.0;;;0.0;0.0;0.0;0.0;0.0;2.64;2.64;0.0
134144;752630;2022-02-10;FRC;F27;;;13;8397;957981287.0;;;2.54;2.54;2.67;2.57;2.67;2.67;0.0;0.0
134145;752631;2022-02-10;FRC;F28;;;1;3732;420183451.0;;;2.61;2.61;2.61;2.61;2.61;2.73;0.0;0.0
134146;752632;2022-02-10;FRC;F29;;;5;1843;204518477.0;;;2.66;2.66;2.76;2.68;2.76;2.76;2.76;0.0
134147;752633;2022-02-10;FRC;F30;;;0;0;0.0;;;0.0;0.0;0.0;0.0;0.0;2.8;0.0;0.0
134148;752634;2022-02-10;FRC;F31;;;9;7186;774977062.0;;;2.76;2.76;2.85;2.77;2.85;2.85;0.0;0.0
134149;752635;2022-02-10;FRC;F32;;;3;3909;170142560.0;;;2.88;2.87;2.88;2.87;2.87;2.96;0.0;0.0
134150;752636;2022-02-10;FRC;F33;;;0;0;0.0;;;0.0;0.0;0.0;0.0;0.0;3.05;0.0;0.0
134151;752637;2022-02-10;FRC;F35;;;0;0;0.0;;;0.0;0.0;0.0;0.0;0.0;3.28;0.0;0.0
134152;752638;2022-02-10;FRC;F36;;;0;0;0.0;;;0.0;0.0;0.0;0.0;0.0;3.38;3.38;0.0
134153;752639;2022-02-10;FRC;F37;;;0;0;0.0;;;0.0;0.0;0.0;0.0;0.0;3.51;0.0;0.0
134154;752810;2022-02-11;FRC;J22;;;18;32770;3985324743.0;;;0.82;0.79;0.85;0.79;0.79;0.79;0.0;0.86
134155;752811;2022-02-11;FRC;K22;;;4;4197;210037542.0;;;0.86;0.86;0.86;0.86;0.86;0.86;0.86;0.91
134156;752812;2022-02-11;FRC;M22;;;17;15181;759259893.0;;;1.03;1.03;1.03;1.03;1.03;1.03;0.0;0.0
134157;752813;2022-02-11;FRC;N22;;;13;8785;1066498896.0;;;1.15;1.11;1.15;1.11;1.11;1.11;0.0;1.09
134158;752814;2022-02-11;FRC;Q22;;;12;11187;558584376.0;;;1.38;1.35;1.38;1.35;1.35;1.35;0.0;0.0
134159;752815;2022-02-11;FRC;U22;;;8;5598;279257940.0;;;1.5;1.47;1.5;1.48;1.47;1.47;0.0;0.0
134160;752816;2022-02-11;FRC;V22;;;27;16301;1973465524.0;;;1.59;1.56;1.59;1.56;1.56;1.56;0.0;0.0
134161;752817;2022-02-11;FRC;X22;;;8;7679;382389384.0;;;1.63;1.62;1.63;1.62;1.62;1.62;1.62;0.0
134162;752818;2022-02-11;FRC;Z22;;;6;6279;312353171.0;;;1.75;1.69;1.75;1.71;1.69;1.69;0.0;0.0
134163;752819;2022-02-11;FRC;F23;;;14;11649;1405986870.0;;;1.8;1.76;1.82;1.8;1.76;1.76;1.72;1.77
134164;752820;2022-02-11;FRC;G23;;;0;0;0.0;;;0.0;0.0;0.0;0.0;0.0;1.84;1.81;0.0
134165;752821;2022-02-11;FRC;J23;;;0;0;0.0;;;0.0;0.0;0.0;0.0;0.0;1.94;1.9;0.0
134166;752822;2022-02-11;FRC;N23;;;5;1183;141930859.0;;;2.05;2.05;2.05;2.05;2.05;2.05;0.0;2.05
134167;752823;2022-02-11;FRC;V23;;;5;985;117613525.0;;;2.15;2.15;2.15;2.15;2.15;2.15;0.0;0.0
134168;752824;2022-02-11;FRC;F24;;;13;8914;1061149363.0;;;2.29;2.25;2.3;2.29;2.25;2.25;0.0;0.0
134169;752825;2022-02-11;FRC;J24;;;0;0;0.0;;;0.0;0.0;0.0;0.0;0.0;2.32;0.0;0.0
134170;752826;2022-02-11;FRC;N24;;;0;0;0.0;;;0.0;0.0;0.0;0.0;0.0;2.4;0.0;2.4
134171;752827;2022-02-11;FRC;V24;;;1;97;4703160.0;;;2.48;2.48;2.48;2.48;2.48;2.44;0.0;2.44
134172;752828;2022-02-11;FRC;F25;;;13;4790;562464637.0;;;2.51;2.47;2.51;2.49;2.47;2.47;0.0;2.43
134173;752829;2022-02-11;FRC;J25;;;0;0;0.0;;;0.0;0.0;0.0;0.0;0.0;2.49;0.0;2.49
134174;752830;2022-02-11;FRC;N25;;;0;0;0.0;;;0.0;0.0;0.0;0.0;0.0;2.52;0.0;0.0
134175;752831;2022-02-11;FRC;V25;;;0;0;0.0;;;0.0;0.0;0.0;0.0;0.0;2.54;0.0;0.0
134176;752832;2022-02-11;FRC;F26;;;2;1984;229555342.0;;;2.61;2.57;2.61;2.6;2.57;2.57;0.0;0.0
134177;752833;2022-02-11;FRC;J26;;;0;0;0.0;;;0.0;0.0;0.0;0.0;0.0;2.57;0.0;0.0
134178;752834;2022-02-11;FRC;N26;;;0;0;0.0;;;0.0;0.0;0.0;0.0;0.0;2.59;0.0;0.0
134179;752835;2022-02-11;FRC;V26;;;1;568;26815307.0;;;2.6;2.6;2.6;2.6;2.6;2.6;0.0;0.0
134180;752836;2022-02-11;FRC;F27;;;12;3020;344683493.0;;;2.63;2.63;2.63;2.63;2.63;2.63;0.0;2.63
134181;752837;2022-02-11;FRC;F28;;;1;559;62931471.0;;;2.69;2.69;2.69;2.69;2.69;2.69;0.0;0.0
134182;752838;2022-02-11;FRC;F29;;;0;0;0.0;;;0.0;0.0;0.0;0.0;0.0;2.72;0.0;0.0
134183;752839;2022-02-11;FRC;F30;;;0;0;0.0;;;0.0;0.0;0.0;0.0;0.0;2.76;0.0;0.0
134184;752840;2022-02-11;FRC;F31;;;0;0;0.0;;;0.0;0.0;0.0;0.0;0.0;2.81;0.0;0.0
134185;752841;2022-02-11;FRC;F32;;;0;0;0.0;;;0.0;0.0;0.0;0.0;0.0;2.92;0.0;0.0
134186;752842;2022-02-11;FRC;F33;;;0;0;0.0;;;0.0;0.0;0.0;0.0;0.0;3.01;0.0;3.05
134187;752843;2022-02-11;FRC;F35;;;0;0;0.0;;;0.0;0.0;0.0;0.0;0.0;3.24;0.0;0.0
134188;752844;2022-02-11;FRC;F36;;;0;0;0.0;;;0.0;0.0;0.0;0.0;0.0;3.34;0.0;0.0
134189;752845;2022-02-11;FRC;F37;;;0;0;0.0;;;0.0;0.0;0.0;0.0;0.0;3.47;0.0;0.0
134190;753016;2022-02-14;FRC;J22;;;27;46384;5641109698.0;;;0.8;0.77;0.81;0.77;0.77;0.77;0.77;0.79
134191;753017;2022-02-14;FRC;K22;;;3;1000;50038185.0;;;0.86;0.86;0.86;0.86;0.86;0.86;0.86;0.0
134192;753018;2022-02-14;FRC;M22;;;10;4994;249734092.0;;;1.05;1.04;1.05;1.04;1.04;1.04;0.0;0.0
134193;753019;2022-02-14;FRC;N22;;;13;8784;1066470743.0;;;1.11;1.1;1.12;1.11;1.1;1.1;0.0;0.0
134194;753020;2022-02-14;FRC;Q22;;;5;2094;104542057.0;;;1.37;1.37;1.37;1.37;1.37;1.37;0.0;0.0
134195;753021;2022-02-14;FRC;U22;;;9;9982;497876179.0;;;1.5;1.5;1.5;1.5;1.5;1.5;0.0;0.0
134196;753022;2022-02-14;FRC;V22;;;17;45163;5466657583.0;;;1.61;1.59;1.61;1.6;1.59;1.59;1.59;0.0
134197;753023;2022-02-14;FRC;X22;;;3;1214;60435946.0;;;1.68;1.68;1.68;1.68;1.68;1.68;0.0;0.0
134198;753024;2022-02-14;FRC;Z22;;;12;28015;1393345009.0;;;1.74;1.74;1.74;1.74;1.74;1.74;0.0;0.0
134199;753025;2022-02-14;FRC;F23;;;15;8811;1063480655.0;;;1.8;1.8;1.81;1.8;1.81;1.81;1.81;0.0
134200;753026;2022-02-14;FRC;G23;;;4;1686;83672984.0;;;1.88;1.88;1.89;1.88;1.89;1.89;0.0;0.0
134201;753027;2022-02-14;FRC;J23;;;5;1980;238062326.0;;;1.99;1.99;1.99;1.99;1.99;1.99;0.0;0.0
134202;753028;2022-02-14;FRC;N23;;;13;5482;657386281.0;;;2.1;2.09;2.1;2.09;2.09;2.09;2.07;2.09
134203;753029;2022-02-14;FRC;V23;;;3;256;30542383.0;;;2.24;2.23;2.24;2.23;2.23;2.24;0.0;2.24
134204;753030;2022-02-14;FRC;F24;;;15;7894;939337537.0;;;2.33;2.33;2.34;2.33;2.34;2.33;0.0;0.0
134205;753031;2022-02-14;FRC;J24;;;0;0;0.0;;;0.0;0.0;0.0;0.0;0.0;2.39;0.0;0.0
134206;753032;2022-02-14;FRC;N24;;;0;0;0.0;;;0.0;0.0;0.0;0.0;0.0;2.47;0.0;0.0
134207;753033;2022-02-14;FRC;V24;;;0;0;0.0;;;0.0;0.0;0.0;0.0;0.0;2.5;0.0;0.0
134208;753034;2022-02-14;FRC;F25;;;9;3864;453405827.0;;;2.52;2.52;2.52;2.52;2.52;2.52;0.0;2.52
134209;753035;2022-02-14;FRC;J25;;;1;58;2792452.0;;;2.55;2.55;2.55;2.55;2.55;2.54;0.0;2.55
134210;753036;2022-02-14;FRC;N25;;;0;0;0.0;;;0.0;0.0;0.0;0.0;0.0;2.57;0.0;0.0
134211;753037;2022-02-14;FRC;V25;;;0;0;0.0;;;0.0;0.0;0.0;0.0;0.0;2.58;0.0;0.0
134212;753038;2022-02-14;FRC;F26;;;8;3168;366483440.0;;;2.61;2.61;2.61;2.61;2.61;2.61;0.0;0.0
134213;753039;2022-02-14;FRC;J26;;;3;570;27067965.0;;;2.61;2.61;2.61;2.61;2.61;2.61;0.0;0.0
134214;753040;2022-02-14;FRC;N26;;;0;0;0.0;;;0.0;0.0;0.0;0.0;0.0;2.62;0.0;0.0
134215;753041;2022-02-14;FRC;V26;;;0;0;0.0;;;0.0;0.0;0.0;0.0;0.0;2.63;0.0;0.0
134216;753042;2022-02-14;FRC;F27;;;4;621;70953489.0;;;2.65;2.65;2.65;2.65;2.65;2.65;0.0;0.0
134217;753043;2022-02-14;FRC;F28;;;1;37;4178984.0;;;2.71;2.71;2.71;2.71;2.71;2.71;0.0;0.0
134218;753044;2022-02-14;FRC;F29;;;1;55;6122405.0;;;2.73;2.73;2.73;2.73;2.73;2.73;2.72;0.0
134219;753045;2022-02-14;FRC;F30;;;3;382;41782908.0;;;2.8;2.77;2.8;2.79;2.77;2.77;0.0;2.81
134220;753046;2022-02-14;FRC;F31;;;2;162;17482032.0;;;2.82;2.81;2.82;2.81;2.81;2.81;0.0;0.0
134221;753047;2022-02-14;FRC;F32;;;0;0;0.0;;;0.0;0.0;0.0;0.0;0.0;2.92;0.0;0.0
134222;753048;2022-02-14;FRC;F33;;;0;0;0.0;;;0.0;0.0;0.0;0.0;0.0;3.0;0.0;0.0
134223;753049;2022-02-14;FRC;F35;;;0;0;0.0;;;0.0;0.0;0.0;0.0;0.0;3.23;0.0;0.0
134224;753050;2022-02-14;FRC;F36;;;1;34;1383101.0;;;3.33;3.33;3.33;3.33;3.33;3.33;0.0;0.0
134225;753051;2022-02-14;FRC;F37;;;0;0;0.0;;;0.0;0.0;0.0;0.0;0.0;3.46;0.0;0.0
134226;753223;2022-02-15;FRC;J22;;;57;99609;12090804606.0;;;0.75;0.72;0.75;0.73;0.73;0.74;0.72;0.76
134227;753224;2022-02-15;FRC;K22;;;30;35880;1786824148.0;;;0.85;0.84;0.86;0.84;0.86;0.84;0.84;0.86
134228;753225;2022-02-15;FRC;M22;;;23;14999;746497497.0;;;1.02;1.02;1.02;1.02;1.02;1.02;0.0;1.03
134229;753226;2022-02-15;FRC;N22;;;39;25391;3077250746.0;;;1.09;1.08;1.09;1.08;1.08;1.08;0.0;0.0
134230;753227;2022-02-15;FRC;Q22;;;5;2991;148623157.0;;;1.34;1.34;1.34;1.34;1.34;1.34;1.32;0.0
134231;753228;2022-02-15;FRC;U22;;;18;10481;520330806.0;;;1.52;1.46;1.52;1.46;1.46;1.46;0.0;1.48
134232;753229;2022-02-15;FRC;V22;;;10;4179;505091556.0;;;1.54;1.54;1.54;1.54;1.54;1.54;0.0;1.56
134233;753230;2022-02-15;FRC;X22;;;0;0;0.0;;;0.0;0.0;0.0;0.0;0.0;1.63;1.62;1.64
134234;753231;2022-02-15;FRC;Z22;;;8;2863;141743883.0;;;1.69;1.69;1.69;1.69;1.69;1.69;0.0;0.0
134235;753232;2022-02-15;FRC;F23;;;12;13877;1671692638.0;;;1.82;1.76;1.82;1.77;1.78;1.76;0.0;0.0
134236;753233;2022-02-15;FRC;G23;;;10;12431;614025209.0;;;1.89;1.85;1.89;1.86;1.85;1.85;0.0;0.0
134237;753234;2022-02-15;FRC;J23;;;13;5781;693932738.0;;;1.99;1.95;1.99;1.96;1.95;1.95;0.0;0.0
134238;753235;2022-02-15;FRC;N23;;;5;848;101527763.0;;;2.09;2.05;2.09;2.05;2.05;2.05;2.05;0.0
134239;753236;2022-02-15;FRC;V23;;;5;1181;140734668.0;;;2.2;2.2;2.2;2.2;2.2;2.2;2.2;0.0
134240;753237;2022-02-15;FRC;F24;;;12;6953;825849190.0;;;2.35;2.31;2.35;2.32;2.31;2.31;0.0;0.0
134241;753238;2022-02-15;FRC;J24;;;0;0;0.0;;;0.0;0.0;0.0;0.0;0.0;2.38;0.0;0.0
134242;753239;2022-02-15;FRC;N24;;;0;0;0.0;;;0.0;0.0;0.0;0.0;0.0;2.46;0.0;0.0
134243;753240;2022-02-15;FRC;V24;;;0;0;0.0;;;0.0;0.0;0.0;0.0;0.0;2.5;0.0;0.0
134244;753241;2022-02-15;FRC;F25;;;14;6837;800623915.0;;;2.54;2.53;2.54;2.53;2.53;2.53;0.0;0.0
134245;753242;2022-02-15;FRC;J25;;;1;193;9247202.0;;;2.55;2.55;2.55;2.55;2.55;2.55;0.0;0.0
134246;753243;2022-02-15;FRC;N25;;;0;0;0.0;;;0.0;0.0;0.0;0.0;0.0;2.58;0.0;0.0
134247;753244;2022-02-15;FRC;V25;;;0;0;0.0;;;0.0;0.0;0.0;0.0;0.0;2.59;0.0;0.0
134248;753245;2022-02-15;FRC;F26;;;8;1546;178440836.0;;;2.62;2.62;2.62;2.62;2.62;2.62;0.0;0.0
134249;753246;2022-02-15;FRC;J26;;;0;0;0.0;;;0.0;0.0;0.0;0.0;0.0;2.62;0.0;0.0
134250;753247;2022-02-15;FRC;N26;;;0;0;0.0;;;0.0;0.0;0.0;0.0;0.0;2.63;0.0;0.0
134251;753248;2022-02-15;FRC;V26;;;0;0;0.0;;;0.0;0.0;0.0;0.0;0.0;2.64;0.0;0.0
134252;753249;2022-02-15;FRC;F27;;;6;2260;257366688.0;;;2.7;2.66;2.7;2.67;2.66;2.66;2.66;0.0
134253;753250;2022-02-15;FRC;F28;;;0;0;0.0;;;0.0;0.0;0.0;0.0;0.0;2.72;0.0;0.0
134254;753251;2022-02-15;FRC;F29;;;4;754;83437806.0;;;2.79;2.75;2.8;2.77;2.8;2.75;0.0;0.0
134255;753252;2022-02-15;FRC;F30;;;1;182;19871964.0;;;2.79;2.79;2.79;2.79;2.79;2.79;0.0;0.0
134256;753253;2022-02-15;FRC;F31;;;0;0;0.0;;;0.0;0.0;0.0;0.0;0.0;2.83;2.83;2.86
134257;753254;2022-02-15;FRC;F32;;;0;0;0.0;;;0.0;0.0;0.0;0.0;0.0;2.94;0.0;0.0
134258;753255;2022-02-15;FRC;F33;;;0;0;0.0;;;0.0;0.0;0.0;0.0;0.0;3.02;2.99;0.0
134259;753256;2022-02-15;FRC;F35;;;0;0;0.0;;;0.0;0.0;0.0;0.0;0.0;3.25;0.0;0.0
134260;753257;2022-02-15;FRC;F36;;;0;0;0.0;;;0.0;0.0;0.0;0.0;0.0;3.35;0.0;0.0
134261;753258;2022-02-15;FRC;F37;;;0;0;0.0;;;0.0;0.0;0.0;0.0;0.0;3.48;0.0;0.0
134262;753430;2022-02-16;FRC;J22;;;58;140901;17092932760.0;;;0.73;0.69;0.75;0.7;0.69;0.69;0.0;0.0
134263;753431;2022-02-16;FRC;K22;;;169;86077;4280242565.0;;;0.85;0.82;0.87;0.84;0.82;0.82;0.0;0.82
134264;753432;2022-02-16;FRC;M22;;;56;35385;1758535989.0;;;1.03;0.99;1.03;0.99;0.99;0.99;0.97;0.98
134265;753433;2022-02-16;FRC;N22;;;84;35125;4253757666.0;;;1.07;1.05;1.07;1.06;1.05;1.05;0.0;0.0
134266;753434;2022-02-16;FRC;Q22;;;35;18738;929841851.0;;;1.28;1.27;1.28;1.27;1.28;1.28;1.26;1.28
134267;753435;2022-02-16;FRC;U22;;;65;18962;940059613.0;;;1.44;1.41;1.44;1.42;1.41;1.41;1.4;0.0
134268;753436;2022-02-16;FRC;V22;;;0;0;0.0;;;0.0;0.0;0.0;0.0;0.0;1.48;0.0;0.0
134269;753437;2022-02-16;FRC;X22;;;9;12454;616361816.0;;;1.57;1.57;1.57;1.57;1.57;1.57;1.57;0.0
134270;753438;2022-02-16;FRC;Z22;;;6;4095;202477953.0;;;1.64;1.64;1.64;1.64;1.64;1.64;0.0;0.0
134271;753439;2022-02-16;FRC;F23;;;13;12332;1484872599.0;;;1.76;1.71;1.76;1.73;1.71;1.71;0.0;0.0
134272;753440;2022-02-16;FRC;G23;;;3;793;39126715.0;;;1.79;1.79;1.79;1.79;1.79;1.79;1.79;0.0
134273;753441;2022-02-16;FRC;J23;;;11;5345;641588289.0;;;1.95;1.88;1.95;1.9;1.88;1.88;0.0;0.0
134274;753442;2022-02-16;FRC;N23;;;12;4321;517315714.0;;;2.05;1.98;2.05;1.98;1.98;1.98;0.0;0.0
134275;753443;2022-02-16;FRC;V23;;;6;3226;384577441.0;;;2.2;2.13;2.2;2.15;2.13;2.13;0.0;0.0
134276;753444;2022-02-16;FRC;F24;;;22;11326;1345145883.0;;;2.31;2.25;2.31;2.27;2.25;2.25;0.0;0.0
134277;753445;2022-02-16;FRC;J24;;;1;20;2333321.0;;;2.38;2.38;2.38;2.38;2.38;2.31;0.0;0.0
134278;753446;2022-02-16;FRC;N24;;;3;1421;167629970.0;;;2.46;2.37;2.46;2.38;2.37;2.37;0.0;0.0
134279;753447;2022-02-16;FRC;V24;;;2;77;3711937.0;;;2.42;2.42;2.42;2.42;2.42;2.42;2.42;0.0
134280;753448;2022-02-16;FRC;F25;;;26;10685;1251292590.0;;;2.53;2.47;2.53;2.49;2.47;2.47;0.0;2.47
134281;753449;2022-02-16;FRC;J25;;;2;135;6459339.0;;;2.55;2.54;2.55;2.54;2.54;2.5;2.48;2.5
134282;753450;2022-02-16;FRC;N25;;;1;192;22334584.0;;;2.54;2.54;2.54;2.54;2.54;2.54;0.0;0.0
134283;753451;2022-02-16;FRC;V25;;;0;0;0.0;;;0.0;0.0;0.0;0.0;0.0;2.55;0.0;0.0
134284;753452;2022-02-16;FRC;F26;;;7;1356;156542883.0;;;2.58;2.58;2.58;2.58;2.58;2.58;0.0;0.0
134285;753453;2022-02-16;FRC;J26;;;1;19;896491.0;;;2.62;2.62;2.62;2.62;2.62;2.58;0.0;0.0
134286;753454;2022-02-16;FRC;N26;;;0;0;0.0;;;0.0;0.0;0.0;0.0;0.0;2.6;0.0;0.0
134287;753455;2022-02-16;FRC;V26;;;0;0;0.0;;;0.0;0.0;0.0;0.0;0.0;2.61;0.0;0.0
134288;753456;2022-02-16;FRC;F27;;;10;1542;175817879.0;;;2.66;2.64;2.66;2.65;2.64;2.64;0.0;0.0
134289;753457;2022-02-16;FRC;F28;;;9;2418;271610797.0;;;2.71;2.71;2.71;2.71;2.71;2.71;2.71;0.0
134290;753458;2022-02-16;FRC;F29;;;2;36;4034704.0;;;2.75;2.75;2.75;2.75;2.75;2.75;2.75;0.0
134291;753459;2022-02-16;FRC;F30;;;2;36;3951283.0;;;2.79;2.79;2.8;2.79;2.8;2.8;0.0;0.0
134292;753460;2022-02-16;FRC;F31;;;4;630;67700725.0;;;2.83;2.83;2.85;2.84;2.85;2.85;0.0;2.85
134293;753461;2022-02-16;FRC;F32;;;0;0;0.0;;;0.0;0.0;0.0;0.0;0.0;2.96;0.0;0.0
134294;753462;2022-02-16;FRC;F33;;;0;0;0.0;;;0.0;0.0;0.0;0.0;0.0;3.04;0.0;3.05
134295;753463;2022-02-16;FRC;F35;;;0;0;0.0;;;0.0;0.0;0.0;0.0;0.0;3.27;0.0;0.0
134296;753464;2022-02-16;FRC;F36;;;0;0;0.0;;;0.0;0.0;0.0;0.0;0.0;3.37;0.0;0.0
134297;753465;2022-02-16;FRC;F37;;;0;0;0.0;;;0.0;0.0;0.0;0.0;0.0;3.5;0.0;0.0
134298;753636;2022-02-17;FRC;J22;;;82;165173;20079481010.0;;;0.69;0.68;0.74;0.68;0.68;0.68;0.67;0.68
134299;753637;2022-02-17;FRC;K22;;;15;12812;640317254.0;;;0.82;0.82;0.82;0.82;0.82;0.82;0.0;0.0
134300;753638;2022-02-17;FRC;M22;;;33;17762;887178586.0;;;0.99;0.98;1.0;0.99;1.0;1.0;0.97;1.0
134301;753639;2022-02-17;FRC;N22;;;39;40029;4858607783.0;;;1.04;1.03;1.05;1.04;1.05;1.05;0.0;1.05
134302;753640;2022-02-17;FRC;Q22;;;13;8196;408774293.0;;;1.26;1.26;1.28;1.27;1.27;1.27;0.0;0.0
134303;753641;2022-02-17;FRC;U22;;;13;8094;403347776.0;;;1.4;1.38;1.4;1.38;1.38;1.38;0.0;0.0
134304;753642;2022-02-17;FRC;V22;;;8;3804;460436518.0;;;1.48;1.45;1.48;1.45;1.45;1.45;1.46;0.0
134305;753643;2022-02-17;FRC;X22;;;3;1831;91083987.0;;;1.57;1.54;1.57;1.54;1.54;1.54;1.53;0.0
134306;753644;2022-02-17;FRC;Z22;;;8;6958;345820891.0;;;1.61;1.61;1.61;1.61;1.61;1.61;0.0;0.0
134307;753645;2022-02-17;FRC;F23;;;17;7787;939778468.0;;;1.68;1.68;1.69;1.68;1.69;1.68;0.0;0.0
134308;753646;2022-02-17;FRC;G23;;;5;1388;68840415.0;;;1.76;1.76;1.76;1.76;1.76;1.76;0.0;0.0
134309;753647;2022-02-17;FRC;J23;;;5;1624;195394371.0;;;1.86;1.85;1.86;1.85;1.85;1.85;0.0;0.0
134310;753648;2022-02-17;FRC;N23;;;1;178;21333003.0;;;1.95;1.95;1.95;1.95;1.95;1.95;0.0;0.0
134311;753649;2022-02-17;FRC;V23;;;2;118;14106175.0;;;2.11;2.11;2.11;2.11;2.11;2.1;0.0;0.0
134312;753650;2022-02-17;FRC;F24;;;11;1705;203069586.0;;;2.22;2.22;2.23;2.22;2.22;2.22;2.2;0.0
134313;753651;2022-02-17;FRC;J24;;;8;1229;146007553.0;;;2.29;2.28;2.29;2.28;2.28;2.28;0.0;0.0
134314;753652;2022-02-17;FRC;N24;;;10;2008;237351989.0;;;2.34;2.34;2.34;2.34;2.34;2.34;0.0;0.0
134315;753653;2022-02-17;FRC;V24;;;0;0;0.0;;;0.0;0.0;0.0;0.0;0.0;2.39;0.0;2.39
134316;753654;2022-02-17;FRC;F25;;;7;3286;385914910.0;;;2.45;2.45;2.45;2.45;2.45;2.45;0.0;2.45
134317;753655;2022-02-17;FRC;J25;;;0;0;0.0;;;0.0;0.0;0.0;0.0;0.0;2.48;0.0;2.48
134318;753656;2022-02-17;FRC;N25;;;0;0;0.0;;;0.0;0.0;0.0;0.0;0.0;2.52;0.0;0.0
134319;753657;2022-02-17;FRC;V25;;;0;0;0.0;;;0.0;0.0;0.0;0.0;0.0;2.54;0.0;0.0
134320;753658;2022-02-17;FRC;F26;;;2;152;17647833.0;;;2.55;2.55;2.57;2.55;2.57;2.57;0.0;0.0
134321;753659;2022-02-17;FRC;J26;;;1;38;1804444.0;;;2.55;2.55;2.55;2.55;2.55;2.57;0.0;0.0
134322;753660;2022-02-17;FRC;N26;;;0;0;0.0;;;0.0;0.0;0.0;0.0;0.0;2.59;0.0;0.0
134323;753661;2022-02-17;FRC;V26;;;0;0;0.0;;;0.0;0.0;0.0;0.0;0.0;2.6;0.0;0.0
134324;753662;2022-02-17;FRC;F27;;;7;1323;150842986.0;;;2.63;2.63;2.63;2.63;2.63;2.63;2.63;0.0
134325;753663;2022-02-17;FRC;F28;;;6;1042;117354401.0;;;2.71;2.69;2.71;2.69;2.69;2.69;0.0;2.69
134326;753664;2022-02-17;FRC;F29;;;1;55;6114434.0;;;2.75;2.75;2.75;2.75;2.75;2.73;0.0;2.73
134327;753665;2022-02-17;FRC;F30;;;1;7090;775404471.0;;;2.8;2.8;2.8;2.8;2.8;2.77;2.77;0.0
134328;753666;2022-02-17;FRC;F31;;;5;846;91274993.0;;;2.8;2.8;2.82;2.81;2.82;2.82;2.8;2.82
134329;753667;2022-02-17;FRC;F32;;;1;177;7724598.0;;;2.91;2.91;2.91;2.91;2.91;2.91;0.0;0.0
134330;753668;2022-02-17;FRC;F33;;;2;123;5281561.0;;;3.0;3.0;3.0;3.0;3.0;2.99;0.0;0.0
134331;753669;2022-02-17;FRC;F35;;;0;0;0.0;;;0.0;0.0;0.0;0.0;0.0;3.22;0.0;0.0
134332;753670;2022-02-17;FRC;F36;;;0;0;0.0;;;0.0;0.0;0.0;0.0;0.0;3.32;0.0;0.0
134333;753671;2022-02-17;FRC;F37;;;0;0;0.0;;;0.0;0.0;0.0;0.0;0.0;3.45;0.0;0.0
134334;753842;2022-02-18;FRC;J22;;;102;174996;21250276474.0;;;0.68;0.65;0.69;0.67;0.67;0.67;0.0;0.0
134335;753843;2022-02-18;FRC;K22;;;11;12414;618782115.0;;;0.82;0.8;0.82;0.8;0.8;0.8;0.0;0.0
134336;753844;2022-02-18;FRC;M22;;;31;25172;1254001364.0;;;0.99;0.95;0.99;0.96;0.97;0.95;0.0;0.0
134337;753845;2022-02-18;FRC;N22;;;24;17769;2154463204.0;;;1.05;1.02;1.05;1.03;1.02;1.02;1.01;1.02
134338;753846;2022-02-18;FRC;Q22;;;13;22340;1111309746.0;;;1.27;1.24;1.27;1.24;1.24;1.24;1.23;0.0
134339;753847;2022-02-18;FRC;U22;;;13;16803;835200339.0;;;1.38;1.34;1.38;1.34;1.34;1.34;0.0;0.0
134340;753848;2022-02-18;FRC;V22;;;10;4978;602091356.0;;;1.42;1.41;1.42;1.41;1.41;1.41;0.0;0.0
134341;753849;2022-02-18;FRC;X22;;;17;6805;337662351.0;;;1.54;1.5;1.54;1.5;1.51;1.51;0.0;0.0
134342;753850;2022-02-18;FRC;Z22;;;6;6362;315407960.0;;;1.57;1.57;1.57;1.57;1.57;1.57;0.0;0.0
134343;753851;2022-02-18;FRC;F23;;;16;6895;831282287.0;;;1.66;1.64;1.68;1.64;1.64;1.64;0.0;0.0
134344;753852;2022-02-18;FRC;G23;;;4;1587;78516364.0;;;1.72;1.72;1.72;1.72;1.72;1.72;0.0;0.0
134345;753853;2022-02-18;FRC;J23;;;1;198;23807244.0;;;1.82;1.82;1.82;1.82;1.82;1.82;0.0;0.0
134346;753854;2022-02-18;FRC;N23;;;2;394;47294078.0;;;1.92;1.92;1.92;1.92;1.92;1.92;0.0;0.0
134347;753855;2022-02-18;FRC;V23;;;5;985;117569430.0;;;2.07;2.07;2.07;2.07;2.07;2.07;0.0;0.0
134348;753856;2022-02-18;FRC;F24;;;4;784;93313452.0;;;2.19;2.19;2.19;2.19;2.19;2.19;0.0;0.0
134349;753857;2022-02-18;FRC;J24;;;0;0;0.0;;;0.0;0.0;0.0;0.0;0.0;2.25;0.0;0.0
134350;753858;2022-02-18;FRC;N24;;;0;0;0.0;;;0.0;0.0;0.0;0.0;0.0;2.31;0.0;0.0
134351;753859;2022-02-18;FRC;V24;;;0;0;0.0;;;0.0;0.0;0.0;0.0;0.0;2.36;0.0;0.0
134352;753860;2022-02-18;FRC;F25;;;3;969;113609148.0;;;2.41;2.41;2.41;2.41;2.41;2.42;0.0;0.0
134353;753861;2022-02-18;FRC;J25;;;0;0;0.0;;;0.0;0.0;0.0;0.0;0.0;2.45;0.0;0.0
134354;753862;2022-02-18;FRC;N25;;;0;0;0.0;;;0.0;0.0;0.0;0.0;0.0;2.49;0.0;0.0
134355;753863;2022-02-18;FRC;V25;;;0;0;0.0;;;0.0;0.0;0.0;0.0;0.0;2.5;0.0;0.0
134356;753864;2022-02-18;FRC;F26;;;1;115;13282199.0;;;2.53;2.53;2.53;2.53;2.53;2.53;0.0;0.0
134357;753865;2022-02-18;FRC;J26;;;0;0;0.0;;;0.0;0.0;0.0;0.0;0.0;2.53;0.0;0.0
134358;753866;2022-02-18;FRC;N26;;;0;0;0.0;;;0.0;0.0;0.0;0.0;0.0;2.55;0.0;0.0
134359;753867;2022-02-18;FRC;V26;;;0;0;0.0;;;0.0;0.0;0.0;0.0;0.0;2.56;0.0;0.0
134360;753868;2022-02-18;FRC;F27;;;2;359;40951865.0;;;2.59;2.59;2.59;2.59;2.59;2.59;0.0;0.0
134361;753869;2022-02-18;FRC;F28;;;0;0;0.0;;;0.0;0.0;0.0;0.0;0.0;2.64;0.0;0.0
134362;753870;2022-02-18;FRC;F29;;;0;0;0.0;;;0.0;0.0;0.0;0.0;0.0;2.7;0.0;0.0
134363;753871;2022-02-18;FRC;F30;;;0;0;0.0;;;0.0;0.0;0.0;0.0;0.0;2.74;0.0;0.0
134364;753872;2022-02-18;FRC;F31;;;5;7624;821832616.0;;;2.82;2.8;2.82;2.81;2.8;2.8;0.0;0.0
134365;753873;2022-02-18;FRC;F32;;;2;5149;224305216.0;;;2.9;2.9;2.9;2.9;2.9;2.89;0.0;0.0
134366;753874;2022-02-18;FRC;F33;;;2;1754;75156200.0;;;2.98;2.98;2.98;2.98;2.98;2.97;0.0;0.0
134367;753875;2022-02-18;FRC;F34;;;0;0;0.0;;;0.0;0.0;0.0;0.0;0.0;3.09;0.0;0.0
134368;753876;2022-02-18;FRC;F35;;;0;0;0.0;;;0.0;0.0;0.0;0.0;0.0;3.2;0.0;0.0
134369;753877;2022-02-18;FRC;F36;;;0;0;0.0;;;0.0;0.0;0.0;0.0;0.0;3.3;0.0;0.0
134370;753878;2022-02-18;FRC;F37;;;0;0;0.0;;;0.0;0.0;0.0;0.0;0.0;3.43;0.0;0.0
134371;754049;2022-02-21;FRC;J22;;;141;355875;43190896328.0;;;0.67;0.6;0.67;0.61;0.6;0.6;0.55;0.0
134372;754050;2022-02-21;FRC;K22;;;20;12556;624924875.0;;;0.79;0.76;0.79;0.76;0.76;0.76;0.0;0.0
134373;754051;2022-02-21;FRC;M22;;;18;12908;642107833.0;;;0.95;0.91;0.95;0.91;0.91;0.91;0.0;0.0
134374;754052;2022-02-21;FRC;N22;;;8;23202;2811771982.0;;;1.0;0.96;1.0;0.98;0.96;0.96;0.0;0.0
134375;754053;2022-02-21;FRC;Q22;;;5;1416;70334881.0;;;1.25;1.22;1.25;1.22;1.22;1.19;0.0;0.0
134376;754054;2022-02-21;FRC;U22;;;15;12099;600545470.0;;;1.34;1.29;1.34;1.29;1.29;1.29;0.0;0.0
134377;754055;2022-02-21;FRC;V22;;;19;12230;1478439308.0;;;1.4;1.37;1.4;1.37;1.37;1.37;0.0;0.0
134378;754056;2022-02-21;FRC;X22;;;15;7741;383606356.0;;;1.51;1.45;1.51;1.45;1.45;1.45;1.45;0.0
134379;754057;2022-02-21;FRC;Z22;;;6;3838;190019987.0;;;1.53;1.53;1.53;1.53;1.53;1.53;0.0;0.0
134380;754058;2022-02-21;FRC;F23;;;16;10827;1305149383.0;;;1.64;1.61;1.64;1.61;1.61;1.61;0.0;0.0
134381;754059;2022-02-21;FRC;G23;;;9;2279;112608296.0;;;1.72;1.67;1.72;1.67;1.67;1.67;1.67;0.0
134382;754060;2022-02-21;FRC;J23;;;4;792;95204090.0;;;1.79;1.79;1.79;1.79;1.79;1.79;0.0;0.0
134383;754061;2022-02-21;FRC;N23;;;5;1006;120627385.0;;;1.92;1.9;1.92;1.9;1.9;1.9;0.0;1.9
134384;754062;2022-02-21;FRC;V23;;;6;1202;143393880.0;;;2.07;2.06;2.07;2.06;2.06;2.06;0.0;0.0
134385;754063;2022-02-21;FRC;F24;;;2;784;93279924.0;;;2.18;2.18;2.18;2.18;2.18;2.18;0.0;2.18
134386;754064;2022-02-21;FRC;J24;;;0;0;0.0;;;0.0;0.0;0.0;0.0;0.0;2.23;0.0;0.0
134387;754065;2022-02-21;FRC;N24;;;0;0;0.0;;;0.0;0.0;0.0;0.0;0.0;2.29;2.27;2.29
134388;754066;2022-02-21;FRC;V24;;;0;0;0.0;;;0.0;0.0;0.0;0.0;0.0;2.34;0.0;0.0
134389;754067;2022-02-21;FRC;F25;;;2;77;9056464.0;;;2.42;2.42;2.42;2.42;2.42;2.38;2.37;2.41
134390;754068;2022-02-21;FRC;J25;;;1;386;18511485.0;;;2.45;2.45;2.45;2.45;2.45;2.42;2.39;2.42
134391;754069;2022-02-21;FRC;N25;;;1;384;44750664.0;;;2.49;2.49;2.49;2.49;2.49;2.46;0.0;0.0
134392;754070;2022-02-21;FRC;V25;;;0;0;0.0;;;0.0;0.0;0.0;0.0;0.0;2.47;0.0;0.0
134393;754071;2022-02-21;FRC;F26;;;1;191;22111794.0;;;2.5;2.5;2.5;2.5;2.5;2.5;0.0;0.0
134394;754072;2022-02-21;FRC;J26;;;0;0;0.0;;;0.0;0.0;0.0;0.0;0.0;2.5;0.0;0.0
134395;754073;2022-02-21;FRC;N26;;;0;0;0.0;;;0.0;0.0;0.0;0.0;0.0;2.52;0.0;0.0
134396;754074;2022-02-21;FRC;V26;;;0;0;0.0;;;0.0;0.0;0.0;0.0;0.0;2.53;0.0;0.0
134397;754075;2022-02-21;FRC;F27;;;0;0;0.0;;;0.0;0.0;0.0;0.0;0.0;2.56;2.56;0.0
134398;754076;2022-02-21;FRC;F28;;;0;0;0.0;;;0.0;0.0;0.0;0.0;0.0;2.61;0.0;0.0
134399;754077;2022-02-21;FRC;F29;;;0;0;0.0;;;0.0;0.0;0.0;0.0;0.0;2.67;0.0;2.67
134400;754078;2022-02-21;FRC;F30;;;1;18;1985565.0;;;2.71;2.71;2.71;2.71;2.71;2.71;0.0;0.0
134401;754079;2022-02-21;FRC;F31;;;1;126;13606305.0;;;2.77;2.77;2.77;2.77;2.77;2.77;0.0;0.0
134402;754080;2022-02-21;FRC;F32;;;0;0;0.0;;;0.0;0.0;0.0;0.0;0.0;2.86;0.0;0.0
134403;754081;2022-02-21;FRC;F33;;;0;0;0.0;;;0.0;0.0;0.0;0.0;0.0;2.94;0.0;2.94
134404;754082;2022-02-21;FRC;F34;;;0;0;0.0;;;0.0;0.0;0.0;0.0;0.0;3.06;0.0;0.0
134405;754083;2022-02-21;FRC;F35;;;0;0;0.0;;;0.0;0.0;0.0;0.0;0.0;3.17;0.0;0.0
134406;754084;2022-02-21;FRC;F36;;;0;0;0.0;;;0.0;0.0;0.0;0.0;0.0;3.27;0.0;0.0
134407;754085;2022-02-21;FRC;F37;;;0;0;0.0;;;0.0;0.0;0.0;0.0;0.0;3.4;0.0;0.0
134408;754256;2022-02-22;FRC;J22;;;177;357070;43342063552.0;;;0.6;0.54;0.65;0.57;0.55;0.55;0.55;0.56
134409;754257;2022-02-22;FRC;K22;;;98;98269;4892484023.0;;;0.76;0.74;0.76;0.74;0.74;0.74;0.74;0.75
134410;754258;2022-02-22;FRC;M22;;;26;34802;1731752614.0;;;0.92;0.9;0.92;0.9;0.9;0.9;0.0;0.0
134411;754259;2022-02-22;FRC;N22;;;28;19745;2393605223.0;;;0.96;0.95;0.96;0.95;0.95;0.95;0.95;0.0
134412;754260;2022-02-22;FRC;Q22;;;65;75714;3762188232.0;;;1.22;1.19;1.22;1.2;1.2;1.2;1.2;0.0
134413;754261;2022-02-22;FRC;U22;;;37;16011;794959141.0;;;1.3;1.3;1.31;1.3;1.31;1.3;1.3;0.0
134414;754262;2022-02-22;FRC;V22;;;9;6992;845239776.0;;;1.37;1.37;1.39;1.38;1.39;1.39;1.39;0.0
134415;754263;2022-02-22;FRC;X22;;;10;7224;358048665.0;;;1.48;1.48;1.49;1.48;1.49;1.49;1.49;0.0
134416;754264;2022-02-22;FRC;Z22;;;15;7535;373117762.0;;;1.55;1.55;1.57;1.56;1.57;1.57;1.57;0.0
134417;754265;2022-02-22;FRC;F23;;;32;32259;3889008564.0;;;1.61;1.61;1.65;1.62;1.65;1.65;1.65;0.0
134418;754266;2022-02-22;FRC;G23;;;10;7063;349010771.0;;;1.69;1.69;1.73;1.72;1.73;1.73;0.0;0.0
134419;754267;2022-02-22;FRC;J23;;;10;3782;454442796.0;;;1.79;1.79;1.85;1.84;1.85;1.85;0.0;1.85
134420;754268;2022-02-22;FRC;N23;;;3;591;70885418.0;;;1.96;1.96;1.96;1.96;1.96;1.96;0.0;0.0
134421;754269;2022-02-22;FRC;V23;;;1;393;46932233.0;;;2.12;2.12;2.12;2.12;2.12;2.12;0.0;0.0
134422;754270;2022-02-22;FRC;F24;;;12;3763;447463354.0;;;2.18;2.18;2.24;2.23;2.24;2.24;0.0;0.0
134423;754271;2022-02-22;FRC;J24;;;1;59;6967924.0;;;2.27;2.27;2.27;2.27;2.27;2.29;0.0;0.0
134424;754272;2022-02-22;FRC;N24;;;1;19;2277027.0;;;2.33;2.33;2.33;2.33;2.33;2.34;0.0;0.0
134425;754273;2022-02-22;FRC;V24;;;1;78;3768065.0;;;2.38;2.38;2.38;2.38;2.38;2.39;0.0;0.0
134426;754274;2022-02-22;FRC;F25;;;4;3755;440394358.0;;;2.43;2.4;2.43;2.41;2.41;2.42;2.41;0.0
134427;754275;2022-02-22;FRC;J25;;;1;58;2782167.0;;;2.46;2.46;2.46;2.46;2.46;2.46;0.0;2.46
134428;754276;2022-02-22;FRC;N25;;;1;192;22379104.0;;;2.49;2.49;2.49;2.49;2.49;2.49;0.0;0.0
134429;754277;2022-02-22;FRC;V25;;;0;0;0.0;;;0.0;0.0;0.0;0.0;0.0;2.49;0.0;0.0
134430;754278;2022-02-22;FRC;F26;;;8;1910;221155153.0;;;2.5;2.5;2.5;2.5;2.5;2.5;0.0;0.0
134431;754279;2022-02-22;FRC;J26;;;0;0;0.0;;;0.0;0.0;0.0;0.0;0.0;2.5;0.0;0.0
134432;754280;2022-02-22;FRC;N26;;;0;0;0.0;;;0.0;0.0;0.0;0.0;0.0;2.52;0.0;0.0
134433;754281;2022-02-22;FRC;V26;;;0;0;0.0;;;0.0;0.0;0.0;0.0;0.0;2.54;0.0;0.0
134434;754282;2022-02-22;FRC;F27;;;1;378;43143538.0;;;2.56;2.56;2.56;2.56;2.56;2.57;0.0;0.0
134435;754283;2022-02-22;FRC;F28;;;1;485;54654773.0;;;2.61;2.61;2.61;2.61;2.61;2.63;0.0;0.0
134436;754284;2022-02-22;FRC;F29;;;3;552;61331455.0;;;2.69;2.69;2.69;2.69;2.69;2.69;0.0;0.0
134437;754285;2022-02-22;FRC;F30;;;1;1275;139611518.0;;;2.73;2.73;2.73;2.73;2.73;2.73;0.0;0.0
134438;754286;2022-02-22;FRC;F31;;;0;0;0.0;;;0.0;0.0;0.0;0.0;0.0;2.79;0.0;0.0
134439;754287;2022-02-22;FRC;F32;;;0;0;0.0;;;0.0;0.0;0.0;0.0;0.0;2.88;0.0;0.0
134440;754288;2022-02-22;FRC;F33;;;0;0;0.0;;;0.0;0.0;0.0;0.0;0.0;2.96;0.0;0.0
134441;754289;2022-02-22;FRC;F34;;;0;0;0.0;;;0.0;0.0;0.0;0.0;0.0;3.08;0.0;0.0
134442;754290;2022-02-22;FRC;F35;;;0;0;0.0;;;0.0;0.0;0.0;0.0;0.0;3.19;0.0;0.0
134443;754291;2022-02-22;FRC;F36;;;0;0;0.0;;;0.0;0.0;0.0;0.0;0.0;3.29;0.0;0.0
134444;754292;2022-02-22;FRC;F37;;;0;0;0.0;;;0.0;0.0;0.0;0.0;0.0;3.42;0.0;0.0
134445;754463;2022-02-23;FRC;J22;;;272;335714;40704641867.0;;;0.52;0.42;0.52;0.47;0.42;0.42;0.42;0.47
134446;754464;2022-02-23;FRC;K22;;;123;67574;3354899277.0;;;0.72;0.64;0.72;0.68;0.64;0.64;0.64;0.0
134447;754465;2022-02-23;FRC;M22;;;38;49888;2475563406.0;;;0.88;0.83;0.88;0.84;0.83;0.83;0.84;0.0
134448;754466;2022-02-23;FRC;N22;;;25;30236;3661036455.0;;;0.93;0.87;0.93;0.89;0.87;0.87;0.87;0.0
134449;754467;2022-02-23;FRC;Q22;;;35;13473;667620145.0;;;1.19;1.13;1.19;1.16;1.13;1.13;1.14;0.0
134450;754468;2022-02-23;FRC;U22;;;5;538;26709276.0;;;1.29;1.24;1.29;1.26;1.24;1.24;1.24;0.0
134451;754469;2022-02-23;FRC;V22;;;15;12849;1551767860.0;;;1.35;1.35;1.35;1.35;1.35;1.35;0.0;0.0
134452;754470;2022-02-23;FRC;X22;;;5;1592;78695234.0;;;1.44;1.44;1.44;1.44;1.44;1.44;1.44;0.0
134453;754471;2022-02-23;FRC;Z22;;;1;3977;196396248.0;;;1.54;1.54;1.54;1.54;1.54;1.54;0.0;0.0
134454;754472;2022-02-23;FRC;F23;;;4;5998;722333539.0;;;1.63;1.63;1.63;1.63;1.63;1.63;0.0;0.0
134455;754473;2022-02-23;FRC;G23;;;8;3173;156815520.0;;;1.7;1.7;1.7;1.7;1.7;1.7;1.68;0.0
134456;754474;2022-02-23;FRC;J23;;;11;2376;285229125.0;;;1.85;1.83;1.85;1.83;1.83;1.83;0.0;0.0
134457;754475;2022-02-23;FRC;N23;;;14;3432;410920542.0;;;1.96;1.95;1.96;1.95;1.95;1.95;0.0;0.0
134458;754476;2022-02-23;FRC;V23;;;9;2950;352219989.0;;;2.1;2.1;2.1;2.1;2.1;2.1;0.0;0.0
134459;754477;2022-02-23;FRC;F24;;;19;6389;758736271.0;;;2.26;2.24;2.27;2.24;2.24;2.24;0.0;0.0
134460;754478;2022-02-23;FRC;J24;;;1;195;23106489.0;;;2.3;2.3;2.3;2.3;2.3;2.29;0.0;0.0
134461;754479;2022-02-23;FRC;N24;;;1;78;9193717.0;;;2.35;2.35;2.35;2.35;2.35;2.35;0.0;0.0
134462;754480;2022-02-23;FRC;V24;;;1;136;6549884.0;;;2.39;2.39;2.39;2.39;2.39;2.4;0.0;0.0
134463;754481;2022-02-23;FRC;F25;;;10;4120;482567974.0;;;2.45;2.42;2.45;2.43;2.44;2.44;0.0;0.0
134464;754482;2022-02-23;FRC;J25;;;1;96;4588866.0;;;2.49;2.49;2.49;2.49;2.49;2.49;0.0;2.5
134465;754483;2022-02-23;FRC;N25;;;0;0;0.0;;;0.0;0.0;0.0;0.0;0.0;2.53;0.0;2.52
134466;754484;2022-02-23;FRC;V25;;;0;0;0.0;;;0.0;0.0;0.0;0.0;0.0;2.54;0.0;0.0
134467;754485;2022-02-23;FRC;F26;;;4;764;88212604.0;;;2.56;2.56;2.56;2.56;2.56;2.56;0.0;2.57
134468;754486;2022-02-23;FRC;J26;;;0;0;0.0;;;0.0;0.0;0.0;0.0;0.0;2.56;0.0;0.0
134469;754487;2022-02-23;FRC;N26;;;0;0;0.0;;;0.0;0.0;0.0;0.0;0.0;2.58;0.0;0.0
134470;754488;2022-02-23;FRC;V26;;;0;0;0.0;;;0.0;0.0;0.0;0.0;0.0;2.61;0.0;0.0
134471;754489;2022-02-23;FRC;F27;;;5;1472;167494742.0;;;2.64;2.64;2.64;2.64;2.64;2.64;0.0;2.64
134472;754490;2022-02-23;FRC;F28;;;1;186;20918276.0;;;2.7;2.7;2.7;2.7;2.7;2.7;0.0;0.0
134473;754491;2022-02-23;FRC;F29;;;0;0;0.0;;;0.0;0.0;0.0;0.0;0.0;2.76;0.0;2.8
134474;754492;2022-02-23;FRC;F30;;;0;0;0.0;;;0.0;0.0;0.0;0.0;0.0;2.8;0.0;2.85
134475;754493;2022-02-23;FRC;F31;;;0;0;0.0;;;0.0;0.0;0.0;0.0;0.0;2.86;0.0;2.9
134476;754494;2022-02-23;FRC;F32;;;0;0;0.0;;;0.0;0.0;0.0;0.0;0.0;2.95;0.0;3.0
134477;754495;2022-02-23;FRC;F33;;;0;0;0.0;;;0.0;0.0;0.0;0.0;0.0;3.03;0.0;3.1
134478;754496;2022-02-23;FRC;F34;;;0;0;0.0;;;0.0;0.0;0.0;0.0;0.0;3.15;0.0;0.0
134479;754497;2022-02-23;FRC;F35;;;0;0;0.0;;;0.0;0.0;0.0;0.0;0.0;3.26;0.0;0.0
134480;754498;2022-02-23;FRC;F36;;;0;0;0.0;;;0.0;0.0;0.0;0.0;0.0;3.36;0.0;0.0
134481;754499;2022-02-23;FRC;F37;;;0;0;0.0;;;0.0;0.0;0.0;0.0;0.0;3.49;0.0;0.0
134482;754670;2022-02-24;FRC;K22;;;7;18214;2255001701.0;;;0.85;0.8;0.85;0.8;0.8;0.8;0.8;0.0
134483;754671;2022-02-24;FRC;M22;;;6;2120;262459064.0;;;0.98;0.98;1.03;0.98;0.98;0.98;0.0;0.98
134484;754672;2022-02-24;FRC;N22;;;9;4276;834434882.0;;;1.02;0.96;1.02;0.96;0.96;0.96;0.96;0.0
134485;754673;2022-02-24;FRC;Q22;;;14;24750;3058697604.0;;;1.23;1.23;1.23;1.23;1.23;1.23;0.0;0.0
134486;754674;2022-02-24;FRC;U22;;;17;13163;1625446190.0;;;1.33;1.33;1.33;1.33;1.33;1.33;0.0;0.0
134487;754675;2022-02-24;FRC;V22;;;10;4406;857527661.0;;;1.42;1.42;1.43;1.42;1.43;1.42;1.42;0.0
134488;754676;2022-02-24;FRC;X22;;;4;2091;257797779.0;;;1.5;1.5;1.53;1.5;1.53;1.53;1.5;0.0
134489;754677;2022-02-24;FRC;Z22;;;5;2627;323618328.0;;;1.62;1.62;1.62;1.62;1.62;1.62;0.0;0.0
134490;754678;2022-02-24;FRC;F23;;;23;76189;14785335958.0;;;1.7;1.68;1.7;1.68;1.68;1.68;0.0;0.0
134491;754679;2022-02-24;FRC;G23;;;5;1590;195552810.0;;;1.76;1.76;1.76;1.76;1.76;1.76;0.0;0.0
134492;754680;2022-02-24;FRC;J23;;;8;2199;425399017.0;;;1.87;1.87;1.87;1.87;1.87;1.87;0.0;0.0
134493;754681;2022-02-24;FRC;N23;;;7;3754;723989343.0;;;1.98;1.98;1.98;1.98;1.98;1.98;0.0;0.0
134494;754682;2022-02-24;FRC;V23;;;14;5122;984456671.0;;;2.1;2.1;2.1;2.1;2.1;2.1;0.0;0.0
134495;754683;2022-02-24;FRC;F24;;;13;4137;792073597.0;;;2.23;2.23;2.23;2.23;2.23;2.23;2.23;0.0
134496;754684;2022-02-24;FRC;J24;;;10;2545;485668443.0;;;2.29;2.29;2.29;2.29;2.29;2.29;0.0;0.0
134497;754685;2022-02-24;FRC;N24;;;0;0;0.0;;;0.0;0.0;0.0;0.0;0.0;2.34;0.0;0.0
134498;754686;2022-02-24;FRC;V24;;;0;0;0.0;;;0.0;0.0;0.0;0.0;0.0;2.39;0.0;0.0
134499;754687;2022-02-24;FRC;F25;;;14;3681;695120106.0;;;2.43;2.43;2.43;2.43;2.43;2.43;0.0;0.0
134500;754688;2022-02-24;FRC;J25;;;0;0;0.0;;;0.0;0.0;0.0;0.0;0.0;2.48;0.0;0.0
134501;754689;2022-02-24;FRC;N25;;;0;0;0.0;;;0.0;0.0;0.0;0.0;0.0;2.51;0.0;0.0
134502;754690;2022-02-24;FRC;V25;;;0;0;0.0;;;0.0;0.0;0.0;0.0;0.0;2.52;0.0;0.0
134503;754691;2022-02-24;FRC;F26;;;1;956;178011152.0;;;2.55;2.55;2.55;2.55;2.55;2.54;2.53;0.0
134504;754692;2022-02-24;FRC;J26;;;6;1146;135107546.0;;;2.53;2.53;2.53;2.53;2.53;2.53;0.0;0.0
134505;754693;2022-02-24;FRC;N26;;;0;0;0.0;;;0.0;0.0;0.0;0.0;0.0;2.55;0.0;0.0
134506;754694;2022-02-24;FRC;V26;;;0;0;0.0;;;0.0;0.0;0.0;0.0;0.0;2.57;0.0;0.0
134507;754695;2022-02-24;FRC;F27;;;7;2305;423396889.0;;;2.62;2.6;2.62;2.6;2.6;2.6;0.0;0.0
134508;754696;2022-02-24;FRC;F28;;;2;374;67774089.0;;;2.66;2.66;2.66;2.66;2.66;2.66;2.64;0.0
134509;754697;2022-02-24;FRC;F29;;;0;0;0.0;;;0.0;0.0;0.0;0.0;0.0;2.72;2.7;0.0
134510;754698;2022-02-24;FRC;F30;;;0;0;0.0;;;0.0;0.0;0.0;0.0;0.0;2.75;0.0;0.0
134511;754699;2022-02-24;FRC;F31;;;0;0;0.0;;;0.0;0.0;0.0;0.0;0.0;2.81;0.0;0.0
134512;754700;2022-02-24;FRC;F32;;;0;0;0.0;;;0.0;0.0;0.0;0.0;0.0;2.9;0.0;0.0
134513;754701;2022-02-24;FRC;F33;;;0;0;0.0;;;0.0;0.0;0.0;0.0;0.0;2.98;0.0;0.0
134514;754702;2022-02-24;FRC;F34;;;0;0;0.0;;;0.0;0.0;0.0;0.0;0.0;3.1;0.0;0.0
134515;754703;2022-02-24;FRC;F35;;;0;0;0.0;;;0.0;0.0;0.0;0.0;0.0;3.21;0.0;0.0
134516;754704;2022-02-24;FRC;F36;;;0;0;0.0;;;0.0;0.0;0.0;0.0;0.0;3.31;0.0;0.0
134517;754705;2022-02-24;FRC;F37;;;0;0;0.0;;;0.0;0.0;0.0;0.0;0.0;3.44;0.0;0.0
134518;759432;2022-03-31;FRC;M22;;;35;52980;2646515216.0;;;1.02;1.02;1.02;1.02;1.02;1.02;1.02;0.0
134519;759433;2022-03-31;FRC;N22;;;25;62543;7593204249.0;;;1.08;1.05;1.08;1.05;1.05;1.05;0.0;0.0
134520;759434;2022-03-31;FRC;Q22;;;13;11138;555489892.0;;;1.46;1.45;1.46;1.45;1.45;1.45;0.0;0.0
134521;759435;2022-03-31;FRC;U22;;;6;16755;834843958.0;;;1.6;1.6;1.6;1.6;1.6;1.6;0.0;0.0
134522;759436;2022-03-31;FRC;V22;;;12;9864;1193536728.0;;;1.77;1.74;1.77;1.74;1.74;1.74;1.74;0.0
134523;759437;2022-03-31;FRC;X22;;;18;35033;1741773017.0;;;1.88;1.88;1.88;1.88;1.88;1.88;0.0;0.0
134524;759438;2022-03-31;FRC;Z22;;;1;199;9882255.0;;;2.0;2.0;2.0;2.0;2.0;2.0;0.0;0.0
134525;759439;2022-03-31;FRC;F23;;;24;16682;2011148578.0;;;2.14;2.1;2.14;2.1;2.1;2.1;0.0;0.0
134526;759440;2022-03-31;FRC;G23;;;8;2974;147279043.0;;;2.25;2.25;2.25;2.25;2.25;2.25;0.0;0.0
134527;759441;2022-03-31;FRC;H23;;;6;1980;97919571.0;;;2.36;2.36;2.36;2.36;2.36;2.36;0.0;0.0
134528;759442;2022-03-31;FRC;J23;;;22;11946;1433512844.0;;;2.47;2.47;2.47;2.47;2.47;2.47;0.0;0.0
134529;759443;2022-03-31;FRC;N23;;;14;10874;1299202048.0;;;2.66;2.66;2.66;2.66;2.66;2.66;0.0;0.0
134530;759444;2022-03-31;FRC;V23;;;13;9213;1095776290.0;;;2.85;2.85;2.86;2.85;2.86;2.85;0.0;0.0
134531;759445;2022-03-31;FRC;F24;;;13;11607;1373569562.0;;;3.07;3.0;3.07;3.02;3.0;3.0;3.0;3.03
134532;759446;2022-03-31;FRC;J24;;;8;3147;371119610.0;;;3.04;3.04;3.04;3.04;3.04;3.04;0.0;0.0
134533;759447;2022-03-31;FRC;N24;;;1;194;22741774.0;;;3.1;3.1;3.1;3.1;3.1;3.1;0.0;0.0
134534;759448;2022-03-31;FRC;V24;;;1;193;9278794.0;;;3.15;3.15;3.15;3.15;3.15;3.15;3.12;0.0
134535;759449;2022-03-31;FRC;F25;;;14;8867;1030914645.0;;;3.25;3.18;3.25;3.23;3.18;3.18;0.0;0.0
134536;759450;2022-03-31;FRC;J25;;;7;1242;59225299.0;;;3.18;3.18;3.18;3.18;3.18;3.18;3.16;0.0
134537;759451;2022-03-31;FRC;N25;;;0;0;0.0;;;0.0;0.0;0.0;0.0;0.0;3.18;0.0;0.0
134538;759452;2022-03-31;FRC;V25;;;1;190;8991545.0;;;3.18;3.18;3.18;3.18;3.18;3.18;0.0;0.0
134539;759453;2022-03-31;FRC;F26;;;7;1513;173354537.0;;;3.21;3.21;3.21;3.21;3.21;3.21;0.0;0.0
134540;759454;2022-03-31;FRC;J26;;;0;0;0.0;;;0.0;0.0;0.0;0.0;0.0;3.23;0.0;0.0
134541;759455;2022-03-31;FRC;N26;;;0;0;0.0;;;0.0;0.0;0.0;0.0;0.0;3.22;0.0;0.0
134542;759456;2022-03-31;FRC;V26;;;0;0;0.0;;;0.0;0.0;0.0;0.0;0.0;3.2;0.0;0.0
134543;759457;2022-03-31;FRC;F27;;;11;4479;504659232.0;;;3.29;3.18;3.29;3.25;3.18;3.19;3.18;0.0
134544;759458;2022-03-31;FRC;J27;;;0;0;0.0;;;0.0;0.0;0.0;0.0;0.0;3.19;0.0;0.0
134545;759459;2022-03-31;FRC;F28;;;6;1843;204857429.0;;;3.21;3.2;3.21;3.2;3.2;3.21;3.2;0.0
134546;759460;2022-03-31;FRC;F29;;;10;2002;219180616.0;;;3.22;3.22;3.22;3.22;3.22;3.22;3.22;0.0
134547;759461;2022-03-31;FRC;F30;;;0;0;0.0;;;0.0;0.0;0.0;0.0;0.0;3.29;0.0;3.3
134548;759462;2022-03-31;FRC;F31;;;4;1434;151586131.0;;;3.42;3.33;3.42;3.37;3.33;3.33;3.3;3.34
134549;759463;2022-03-31;FRC;F32;;;0;0;0.0;;;0.0;0.0;0.0;0.0;0.0;3.38;3.38;0.0
134550;759464;2022-03-31;FRC;F33;;;1;120;5016022.0;;;3.58;3.58;3.58;3.58;3.58;3.47;3.47;3.51
134551;759465;2022-03-31;FRC;F34;;;0;0;0.0;;;0.0;0.0;0.0;0.0;0.0;3.59;0.0;0.0
134552;759466;2022-03-31;FRC;F35;;;0;0;0.0;;;0.0;0.0;0.0;0.0;0.0;3.73;0.0;0.0
134553;759467;2022-03-31;FRC;F36;;;0;0;0.0;;;0.0;0.0;0.0;0.0;0.0;3.88;0.0;0.0
134554;759468;2022-03-31;FRC;F37;;;0;0;0.0;;;0.0;0.0;0.0;0.0;0.0;4.01;0.0;0.0
134555;759642;2022-04-01;FRC;M22;;;196;146099;7239666993.0;;;1.03;0.98;1.04;1.02;0.98;0.98;0.97;1.0
134556;759643;2022-04-01;FRC;N22;;;71;31326;3789832258.0;;;1.06;1.0;1.07;1.03;1.07;1.0;1.0;0.0
134557;759644;2022-04-01;FRC;Q22;;;47;11386;563327280.0;;;1.45;1.43;1.45;1.43;1.43;1.43;0.0;1.44
134558;759645;2022-04-01;FRC;U22;;;11;7658;378504114.0;;;1.62;1.61;1.62;1.61;1.61;1.62;1.58;1.61
134559;759646;2022-04-01;FRC;V22;;;21;27540;3321417672.0;;;1.75;1.74;1.76;1.74;1.74;1.74;0.0;0.0
134560;759647;2022-04-01;FRC;X22;;;6;1234;60861576.0;;;1.88;1.88;1.88;1.88;1.88;1.88;1.88;0.0
134561;759648;2022-04-01;FRC;Z22;;;15;8751;431094155.0;;;2.0;2.0;2.0;2.0;2.0;2.0;0.0;0.0
134562;759649;2022-04-01;FRC;F23;;;23;21190;2545691071.0;;;2.19;2.14;2.2;2.14;2.14;2.14;2.13;2.14
134563;759650;2022-04-01;FRC;G23;;;4;1190;58448313.0;;;2.3;2.3;2.3;2.3;2.3;2.3;0.0;0.0
134564;759651;2022-04-01;FRC;H23;;;1;139;6816803.0;;;2.44;2.44;2.44;2.44;2.44;2.41;0.0;0.0
134565;759652;2022-04-01;FRC;J23;;;8;3956;472961990.0;;;2.52;2.52;2.52;2.52;2.52;2.52;2.52;0.0
134566;759653;2022-04-01;FRC;N23;;;12;4314;513475867.0;;;2.72;2.69;2.74;2.71;2.72;2.72;0.0;0.0
134567;759654;2022-04-01;FRC;V23;;;10;4704;557266929.0;;;2.93;2.92;2.93;2.92;2.92;2.92;0.0;0.0
134568;759655;2022-04-01;FRC;F24;;;40;22289;2627784725.0;;;3.08;3.07;3.12;3.07;3.07;3.08;3.07;3.08
134569;759656;2022-04-01;FRC;J24;;;10;4079;478967339.0;;;3.13;3.07;3.14;3.11;3.14;3.14;0.0;0.0
134570;759657;2022-04-01;FRC;N24;;;4;2533;296110634.0;;;3.18;3.18;3.2;3.18;3.2;3.2;0.0;0.0
134571;759658;2022-04-01;FRC;V24;;;5;868;41358797.0;;;3.2;3.2;3.25;3.22;3.25;3.25;0.0;0.0
134572;759659;2022-04-01;FRC;F25;;;11;3838;444180356.0;;;3.3;3.3;3.3;3.3;3.3;3.3;0.0;0.0
134573;759660;2022-04-01;FRC;J25;;;6;1222;57709104.0;;;3.29;3.29;3.3;3.29;3.3;3.3;0.0;0.0
134574;759661;2022-04-01;FRC;N25;;;2;247;28416331.0;;;3.29;3.28;3.29;3.28;3.28;3.3;0.0;0.0
134575;759662;2022-04-01;FRC;V25;;;1;19;890547.0;;;3.28;3.28;3.28;3.28;3.28;3.3;0.0;0.0
134576;759663;2022-04-01;FRC;F26;;;6;1210;137768442.0;;;3.33;3.33;3.33;3.33;3.33;3.33;0.0;0.0
134577;759664;2022-04-01;FRC;J26;;;5;940;43660490.0;;;3.34;3.34;3.34;3.34;3.34;3.34;0.0;0.0
134578;759665;2022-04-01;FRC;N26;;;0;0;0.0;;;0.0;0.0;0.0;0.0;0.0;3.33;0.0;0.0
134579;759666;2022-04-01;FRC;V26;;;0;0;0.0;;;0.0;0.0;0.0;0.0;0.0;3.31;0.0;0.0
134580;759667;2022-04-01;FRC;F27;;;17;3183;357424069.0;;;3.3;3.3;3.3;3.3;3.3;3.3;3.3;0.0
134581;759668;2022-04-01;FRC;J27;;;0;0;0.0;;;0.0;0.0;0.0;0.0;0.0;3.3;0.0;0.0
134582;759669;2022-04-01;FRC;F28;;;5;1104;121888074.0;;;3.32;3.32;3.32;3.32;3.32;3.32;0.0;3.32
134583;759670;2022-04-01;FRC;F29;;;1;182;19755007.0;;;3.34;3.34;3.34;3.34;3.34;3.34;0.0;3.34
134584;759671;2022-04-01;FRC;F30;;;2;537;57329879.0;;;3.42;3.42;3.42;3.42;3.42;3.42;0.0;3.42
134585;759672;2022-04-01;FRC;F31;;;4;885;93033488.0;;;3.42;3.42;3.42;3.42;3.42;3.42;3.4;3.42
134586;759673;2022-04-01;FRC;F32;;;0;0;0.0;;;0.0;0.0;0.0;0.0;0.0;3.47;0.0;0.0
134587;759674;2022-04-01;FRC;F33;;;0;0;0.0;;;0.0;0.0;0.0;0.0;0.0;3.56;0.0;0.0
134588;759675;2022-04-01;FRC;F34;;;0;0;0.0;;;0.0;0.0;0.0;0.0;0.0;3.68;0.0;0.0
134589;759676;2022-04-01;FRC;F35;;;0;0;0.0;;;0.0;0.0;0.0;0.0;0.0;3.82;0.0;0.0
134590;759677;2022-04-01;FRC;F36;;;4;656;25462993.0;;;3.97;3.97;3.97;3.97;3.97;3.97;0.0;0.0
134591;759678;2022-04-01;FRC;F37;;;0;0;0.0;;;0.0;0.0;0.0;0.0;0.0;4.1;0.0;0.0
134592;759848;2022-04-04;FRC;M22;;;21;20833;1031037628.0;;;0.98;0.98;1.0;0.99;1.0;1.0;1.0;0.0
134593;759849;2022-04-04;FRC;N22;;;15;14548;1759649355.0;;;1.0;1.0;1.04;1.01;1.03;1.04;1.02;1.03
134594;759850;2022-04-04;FRC;Q22;;;17;19946;985593205.0;;;1.43;1.4;1.47;1.43;1.44;1.44;1.44;1.45
134595;759851;2022-04-04;FRC;U22;;;21;31472;1553578567.0;;;1.61;1.61;1.63;1.61;1.62;1.62;0.0;0.0
134596;759852;2022-04-04;FRC;V22;;;12;9284;1119312912.0;;;1.74;1.74;1.76;1.75;1.76;1.76;0.0;0.0
134597;759853;2022-04-04;FRC;X22;;;11;4279;210769098.0;;;1.88;1.88;1.9;1.89;1.9;1.9;0.0;0.0
134598;759854;2022-04-04;FRC;Z22;;;30;23720;1167011495.0;;;2.0;2.0;2.02;2.0;2.01;2.01;2.01;0.0
134599;759855;2022-04-04;FRC;F23;;;17;9932;1192453109.0;;;2.14;2.14;2.16;2.15;2.16;2.16;2.16;2.17
134600;759856;2022-04-04;FRC;G23;;;5;1785;87557268.0;;;2.32;2.32;2.32;2.32;2.32;2.32;0.0;0.0
134601;759857;2022-04-04;FRC;H23;;;1;792;38798414.0;;;2.41;2.41;2.41;2.41;2.41;2.43;0.0;2.43
134602;759858;2022-04-04;FRC;J23;;;7;2966;354454089.0;;;2.55;2.55;2.55;2.55;2.55;2.55;0.0;0.0
134603;759859;2022-04-04;FRC;N23;;;7;1497;178062690.0;;;2.72;2.72;2.76;2.75;2.76;2.76;0.0;0.0
134604;759860;2022-04-04;FRC;V23;;;9;3723;440711646.0;;;2.92;2.92;2.98;2.97;2.98;2.98;0.0;2.98
134605;759861;2022-04-04;FRC;F24;;;10;5246;618022518.0;;;3.08;3.08;3.12;3.1;3.12;3.12;0.0;0.0
134606;759862;2022-04-04;FRC;J24;;;7;2135;250505893.0;;;3.17;3.17;3.17;3.17;3.17;3.17;0.0;0.0
134607;759863;2022-04-04;FRC;N24;;;1;271;31640846.0;;;3.2;3.2;3.2;3.2;3.2;3.23;0.0;0.0
134608;759864;2022-04-04;FRC;V24;;;1;462;21979663.0;;;3.25;3.25;3.25;3.25;3.25;3.27;0.0;0.0
134609;759865;2022-04-04;FRC;F25;;;16;8188;947402124.0;;;3.3;3.3;3.32;3.31;3.32;3.32;3.32;0.0
134610;759866;2022-04-04;FRC;J25;;;1;478;22547604.0;;;3.3;3.3;3.3;3.3;3.3;3.33;0.0;0.0
134611;759867;2022-04-04;FRC;N25;;;2;380;43638048.0;;;3.35;3.35;3.35;3.35;3.35;3.35;0.0;0.0
134612;759868;2022-04-04;FRC;V25;;;0;0;0.0;;;0.0;0.0;0.0;0.0;0.0;3.34;0.0;0.0
134613;759869;2022-04-04;FRC;F26;;;8;3268;371901940.0;;;3.33;3.33;3.36;3.35;3.36;3.36;0.0;3.36
134614;759870;2022-04-04;FRC;J26;;;4;752;34873927.0;;;3.36;3.36;3.36;3.36;3.36;3.36;0.0;0.0
134615;759871;2022-04-04;FRC;N26;;;1;38;4261746.0;;;3.34;3.34;3.34;3.34;3.34;3.36;0.0;0.0
134616;759872;2022-04-04;FRC;V26;;;0;0;0.0;;;0.0;0.0;0.0;0.0;0.0;3.35;0.0;0.0
134617;759873;2022-04-04;FRC;F27;;;10;2738;306789372.0;;;3.3;3.3;3.36;3.34;3.35;3.35;0.0;0.0
134618;759874;2022-04-04;FRC;J27;;;0;0;0.0;;;0.0;0.0;0.0;0.0;0.0;3.35;0.0;0.0
134619;759875;2022-04-04;FRC;F28;;;1;589;64993489.0;;;3.32;3.32;3.32;3.32;3.32;3.37;0.0;0.0
134620;759876;2022-04-04;FRC;F29;;;1;200;21712770.0;;;3.34;3.34;3.34;3.34;3.34;3.38;0.0;0.0
134621;759877;2022-04-04;FRC;F30;;;1;72;7660826.0;;;3.42;3.42;3.42;3.42;3.42;3.46;0.0;3.46
134622;759878;2022-04-04;FRC;F31;;;5;1291;135573708.0;;;3.42;3.42;3.45;3.44;3.45;3.45;0.0;0.0
134623;759879;2022-04-04;FRC;F32;;;0;0;0.0;;;0.0;0.0;0.0;0.0;0.0;3.5;0.0;0.0
134624;759880;2022-04-04;FRC;F33;;;0;0;0.0;;;0.0;0.0;0.0;0.0;0.0;3.59;0.0;0.0
134625;759881;2022-04-04;FRC;F34;;;0;0;0.0;;;0.0;0.0;0.0;0.0;0.0;3.71;0.0;0.0
134626;759882;2022-04-04;FRC;F35;;;0;0;0.0;;;0.0;0.0;0.0;0.0;0.0;3.85;0.0;0.0
134627;759883;2022-04-04;FRC;F36;;;0;0;0.0;;;0.0;0.0;0.0;0.0;0.0;4.0;0.0;0.0
134628;759884;2022-04-04;FRC;F37;;;0;0;0.0;;;0.0;0.0;0.0;0.0;0.0;4.13;0.0;0.0
134629;760053;2022-04-05;FRC;M22;;;83;88386;4431973459.0;;;1.01;1.01;1.05;1.03;1.03;1.03;1.03;1.04
134630;760054;2022-04-05;FRC;N22;;;108;43570;5297704877.0;;;1.04;1.04;1.07;1.06;1.07;1.07;0.0;0.0
134631;760055;2022-04-05;FRC;Q22;;;11;6408;320808641.0;;;1.45;1.45;1.47;1.46;1.47;1.47;0.0;0.0
134632;760056;2022-04-05;FRC;U22;;;8;3490;174543985.0;;;1.66;1.66;1.66;1.66;1.66;1.66;0.0;0.0
134633;760057;2022-04-05;FRC;V22;;;18;13545;1641649732.0;;;1.82;1.82;1.82;1.82;1.82;1.82;0.0;0.0
134634;760058;2022-04-05;FRC;X22;;;8;2726;136025253.0;;;1.96;1.96;1.96;1.96;1.96;1.96;1.96;0.0
134635;760059;2022-04-05;FRC;Z22;;;13;11730;584613231.0;;;2.08;2.08;2.08;2.08;2.08;2.08;0.0;2.1
134636;760060;2022-04-05;FRC;F23;;;15;13147;1586833996.0;;;2.16;2.16;2.23;2.2;2.23;2.23;0.0;0.0
134637;760061;2022-04-05;FRC;G23;;;7;2179;108270921.0;;;2.38;2.38;2.38;2.38;2.38;2.38;0.0;0.0
134638;760062;2022-04-05;FRC;H23;;;10;2851;141464007.0;;;2.44;2.44;2.49;2.48;2.49;2.49;0.0;0.0
134639;760063;2022-04-05;FRC;J23;;;12;12297;1477536461.0;;;2.53;2.53;2.61;2.56;2.61;2.61;2.61;0.0
134640;760064;2022-04-05;FRC;N23;;;13;3484;416497949.0;;;2.78;2.78;2.84;2.83;2.84;2.84;0.0;0.0
134641;760065;2022-04-05;FRC;V23;;;7;5307;631251067.0;;;3.07;3.05;3.07;3.05;3.06;3.06;0.0;0.0
134642;760066;2022-04-05;FRC;F24;;;16;8108;959621169.0;;;3.19;3.19;3.2;3.19;3.2;3.2;0.0;0.0
134643;760067;2022-04-05;FRC;J24;;;11;6017;709189460.0;;;3.19;3.19;3.26;3.23;3.26;3.26;0.0;0.0
134644;760068;2022-04-05;FRC;N24;;;1;19;2251786.0;;;3.27;3.27;3.27;3.27;3.27;3.32;3.32;0.0
134645;760069;2022-04-05;FRC;V24;;;2;981;47238448.0;;;3.34;3.32;3.34;3.33;3.32;3.36;0.0;0.0
134646;760070;2022-04-05;FRC;F25;;;11;2685;311748476.0;;;3.41;3.41;3.41;3.41;3.41;3.41;3.41;0.0
134647;760071;2022-04-05;FRC;J25;;;10;1929;92042735.0;;;3.37;3.37;3.42;3.41;3.42;3.42;0.0;0.0
134648;760072;2022-04-05;FRC;N25;;;5;1140;131351332.0;;;3.44;3.44;3.44;3.44;3.44;3.44;0.0;0.0
134649;760073;2022-04-05;FRC;V25;;;0;0;0.0;;;0.0;0.0;0.0;0.0;0.0;3.44;0.0;0.0
134650;760074;2022-04-05;FRC;F26;;;12;2116;241423529.0;;;3.44;3.44;3.46;3.45;3.46;3.46;3.46;0.0
134651;760075;2022-04-05;FRC;J26;;;0;0;0.0;;;0.0;0.0;0.0;0.0;0.0;3.47;0.0;0.0
134652;760076;2022-04-05;FRC;N26;;;0;0;0.0;;;0.0;0.0;0.0;0.0;0.0;3.48;0.0;0.0
134653;760077;2022-04-05;FRC;V26;;;4;748;34791417.0;;;3.48;3.48;3.48;3.48;3.48;3.48;0.0;0.0
134654;760078;2022-04-05;FRC;F27;;;14;3385;380079299.0;;;3.47;3.47;3.48;3.47;3.47;3.47;0.0;0.0
134655;760079;2022-04-05;FRC;J27;;;0;0;0.0;;;0.0;0.0;0.0;0.0;0.0;3.47;0.0;0.0
134656;760080;2022-04-05;FRC;F28;;;3;733;81020575.0;;;3.48;3.48;3.48;3.48;3.48;3.48;3.48;0.0
134657;760081;2022-04-05;FRC;F29;;;0;0;0.0;;;0.0;0.0;0.0;0.0;0.0;3.5;3.5;0.0
134658;760082;2022-04-05;FRC;F30;;;0;0;0.0;;;0.0;0.0;0.0;0.0;0.0;3.59;0.0;0.0
134659;760083;2022-04-05;FRC;F31;;;6;1056;110889790.0;;;3.59;3.59;3.59;3.59;3.59;3.59;0.0;0.0
134660;760084;2022-04-05;FRC;F32;;;0;0;0.0;;;0.0;0.0;0.0;0.0;0.0;3.64;0.0;0.0
134661;760085;2022-04-05;FRC;F33;;;0;0;0.0;;;0.0;0.0;0.0;0.0;0.0;3.73;0.0;0.0
134662;760086;2022-04-05;FRC;F34;;;0;0;0.0;;;0.0;0.0;0.0;0.0;0.0;3.85;0.0;0.0
134663;760087;2022-04-05;FRC;F35;;;0;0;0.0;;;0.0;0.0;0.0;0.0;0.0;3.99;0.0;0.0
134664;760088;2022-04-05;FRC;F36;;;0;0;0.0;;;0.0;0.0;0.0;0.0;0.0;4.14;0.0;0.0
134665;760089;2022-04-05;FRC;F37;;;0;0;0.0;;;0.0;0.0;0.0;0.0;0.0;4.27;0.0;0.0
134666;760258;2022-04-06;FRC;M22;;;165;139032;6993316314.0;;;1.07;1.03;1.07;1.06;1.03;1.03;0.0;1.05
134667;760259;2022-04-06;FRC;N22;;;55;57726;7029045887.0;;;1.11;1.07;1.11;1.07;1.07;1.07;0.0;0.0
134668;760260;2022-04-06;FRC;Q22;;;32;40409;2029345617.0;;;1.5;1.48;1.51;1.48;1.51;1.48;0.0;0.0
134669;760261;2022-04-06;FRC;U22;;;8;18467;926487286.0;;;1.66;1.66;1.68;1.66;1.68;1.68;0.0;1.68
134670;760262;2022-04-06;FRC;V22;;;21;23984;2910444236.0;;;1.84;1.82;1.85;1.83;1.85;1.85;0.0;0.0
134671;760263;2022-04-06;FRC;X22;;;16;10228;511952464.0;;;1.99;1.95;1.99;1.97;1.99;1.99;1.97;0.0
134672;760264;2022-04-06;FRC;Z22;;;28;33396;1669530459.0;;;2.1;2.1;2.11;2.1;2.11;2.11;0.0;2.13
134673;760265;2022-04-06;FRC;F23;;;18;5178;625998832.0;;;2.27;2.25;2.27;2.25;2.26;2.26;0.0;2.26
134674;760266;2022-04-06;FRC;G23;;;3;594;29604395.0;;;2.41;2.41;2.41;2.41;2.41;2.41;0.0;0.0
134675;760267;2022-04-06;FRC;H23;;;2;1188;59123392.0;;;2.53;2.53;2.53;2.53;2.53;2.53;0.0;2.53
134676;760268;2022-04-06;FRC;J23;;;12;10731;1290571544.0;;;2.64;2.64;2.65;2.64;2.65;2.65;2.63;0.0
134677;760269;2022-04-06;FRC;N23;;;12;6788;812540307.0;;;2.84;2.84;2.87;2.86;2.87;2.87;0.0;2.87
134678;760270;2022-04-06;FRC;V23;;;4;1763;209910821.0;;;3.06;3.06;3.1;3.07;3.1;3.1;0.0;0.0
134679;760271;2022-04-06;FRC;F24;;;21;16171;1916329818.0;;;3.2;3.19;3.23;3.21;3.23;3.23;0.0;3.23
134680;760272;2022-04-06;FRC;J24;;;13;2522;297479109.0;;;3.29;3.29;3.29;3.29;3.29;3.29;0.0;0.0
134681;760273;2022-04-06;FRC;N24;;;4;1004;117929749.0;;;3.32;3.32;3.36;3.33;3.36;3.36;0.0;0.0
134682;760274;2022-04-06;FRC;V24;;;6;3307;159641196.0;;;3.36;3.36;3.41;3.39;3.41;3.41;0.0;0.0
134683;760275;2022-04-06;FRC;F25;;;19;8288;964385104.0;;;3.41;3.41;3.44;3.42;3.44;3.44;0.0;3.44
134684;760276;2022-04-06;FRC;J25;;;6;2100;100502530.0;;;3.42;3.42;3.44;3.43;3.44;3.44;0.0;0.0
134685;760277;2022-04-06;FRC;N25;;;1;190;21901191.0;;;3.48;3.48;3.48;3.48;3.48;3.48;0.0;0.0
134686;760278;2022-04-06;FRC;V25;;;1;57;2702274.0;;;3.52;3.52;3.52;3.52;3.52;3.48;3.49;3.51
134687;760279;2022-04-06;FRC;F26;;;8;3091;353401204.0;;;3.49;3.46;3.5;3.48;3.5;3.5;0.0;0.0
134688;760280;2022-04-06;FRC;J26;;;0;0;0.0;;;0.0;0.0;0.0;0.0;0.0;3.51;0.0;0.0
134689;760281;2022-04-06;FRC;N26;;;0;0;0.0;;;0.0;0.0;0.0;0.0;0.0;3.52;0.0;0.0
134690;760282;2022-04-06;FRC;V26;;;0;0;0.0;;;0.0;0.0;0.0;0.0;0.0;3.52;0.0;0.0
134691;760283;2022-04-06;FRC;F27;;;6;1506;169189960.0;;;3.47;3.47;3.52;3.5;3.52;3.52;0.0;3.52
134692;760284;2022-04-06;FRC;J27;;;0;0;0.0;;;0.0;0.0;0.0;0.0;0.0;3.52;0.0;0.0
134693;760285;2022-04-06;FRC;F28;;;2;1228;135889219.0;;;3.48;3.48;3.53;3.48;3.53;3.53;0.0;0.0
134694;760286;2022-04-06;FRC;F29;;;1;398;43315673.0;;;3.5;3.5;3.5;3.5;3.5;3.55;0.0;0.0
134695;760287;2022-04-06;FRC;F30;;;1;89;9502804.0;;;3.61;3.61;3.61;3.61;3.61;3.61;0.0;0.0
134696;760288;2022-04-06;FRC;F31;;;10;2815;295786734.0;;;3.6;3.59;3.64;3.6;3.64;3.64;0.0;0.0
134697;760289;2022-04-06;FRC;F32;;;0;0;0.0;;;0.0;0.0;0.0;0.0;0.0;3.69;0.0;0.0
134698;760290;2022-04-06;FRC;F33;;;0;0;0.0;;;0.0;0.0;0.0;0.0;0.0;3.78;0.0;0.0
134699;760291;2022-04-06;FRC;F34;;;0;0;0.0;;;0.0;0.0;0.0;0.0;0.0;3.9;0.0;0.0
134700;760292;2022-04-06;FRC;F35;;;0;0;0.0;;;0.0;0.0;0.0;0.0;0.0;4.04;0.0;0.0
134701;760293;2022-04-06;FRC;F36;;;0;0;0.0;;;0.0;0.0;0.0;0.0;0.0;4.19;0.0;0.0
134702;760294;2022-04-06;FRC;F37;;;0;0;0.0;;;0.0;0.0;0.0;0.0;0.0;4.32;0.0;0.0
134703;760463;2022-04-07;FRC;M22;;;23;38227;1919415247.0;;;1.04;1.04;1.06;1.04;1.05;1.04;0.0;1.05
134704;760464;2022-04-07;FRC;N22;;;32;42566;5178882995.0;;;1.09;1.07;1.1;1.07;1.07;1.07;1.07;0.0
134705;760465;2022-04-07;FRC;Q22;;;58;30394;1523632764.0;;;1.5;1.49;1.52;1.5;1.52;1.52;1.49;1.51
134706;760466;2022-04-07;FRC;U22;;;19;8896;445482121.0;;;1.7;1.7;1.71;1.7;1.71;1.71;0.0;1.71
134707;760467;2022-04-07;FRC;V22;;;21;9503;1152144946.0;;;1.88;1.86;1.88;1.87;1.87;1.87;1.87;0.0
134708;760468;2022-04-07;FRC;X22;;;19;8353;417326269.0;;;2.0;2.0;2.01;2.0;2.01;2.01;0.0;2.01
134709;760469;2022-04-07;FRC;Z22;;;13;8767;437474806.0;;;2.15;2.13;2.15;2.13;2.13;2.13;2.1;2.13
134710;760470;2022-04-07;FRC;F23;;;27;8329;1006414793.0;;;2.28;2.26;2.29;2.27;2.29;2.29;2.27;2.29
134711;760471;2022-04-07;FRC;G23;;;1;20;995175.0;;;2.41;2.41;2.41;2.41;2.41;2.44;0.0;0.0
134712;760472;2022-04-07;FRC;H23;;;1;20;993753.0;;;2.53;2.53;2.53;2.53;2.53;2.55;0.0;2.54
134713;760473;2022-04-07;FRC;J23;;;13;3460;415658986.0;;;2.67;2.67;2.67;2.67;2.67;2.67;0.0;0.0
134714;760474;2022-04-07;FRC;N23;;;14;7554;903685426.0;;;2.87;2.87;2.87;2.87;2.87;2.87;2.87;0.0
134715;760475;2022-04-07;FRC;V23;;;5;1761;209627508.0;;;3.09;3.09;3.09;3.09;3.09;3.09;0.0;0.0
134716;760476;2022-04-07;FRC;F24;;;16;5241;620553213.0;;;3.23;3.21;3.23;3.22;3.23;3.23;0.0;0.0
134717;760477;2022-04-07;FRC;J24;;;12;5432;640456470.0;;;3.26;3.26;3.28;3.27;3.28;3.28;3.26;0.0
134718;760478;2022-04-07;FRC;N24;;;2;386;45315787.0;;;3.34;3.34;3.34;3.34;3.34;3.34;0.0;3.34
134719;760479;2022-04-07;FRC;V24;;;0;0;0.0;;;0.0;0.0;0.0;0.0;0.0;3.38;3.38;0.0
134720;760480;2022-04-07;FRC;F25;;;6;1146;133406471.0;;;3.43;3.43;3.43;3.43;3.43;3.43;0.0;0.0
134721;760481;2022-04-07;FRC;J25;;;0;0;0.0;;;0.0;0.0;0.0;0.0;0.0;3.43;0.0;0.0
134722;760482;2022-04-07;FRC;N25;;;0;0;0.0;;;0.0;0.0;0.0;0.0;0.0;3.47;0.0;0.0
134723;760483;2022-04-07;FRC;V25;;;0;0;0.0;;;0.0;0.0;0.0;0.0;0.0;3.47;0.0;0.0
134724;760484;2022-04-07;FRC;F26;;;3;753;86073562.0;;;3.49;3.49;3.49;3.49;3.49;3.49;0.0;0.0
134725;760485;2022-04-07;FRC;J26;;;0;0;0.0;;;0.0;0.0;0.0;0.0;0.0;3.5;0.0;0.0
134726;760486;2022-04-07;FRC;N26;;;0;0;0.0;;;0.0;0.0;0.0;0.0;0.0;3.51;0.0;0.0
134727;760487;2022-04-07;FRC;V26;;;0;0;0.0;;;0.0;0.0;0.0;0.0;0.0;3.5;0.0;0.0
134728;760488;2022-04-07;FRC;F27;;;15;5020;563611298.0;;;3.5;3.5;3.5;3.5;3.5;3.5;0.0;0.0
134729;760489;2022-04-07;FRC;J27;;;0;0;0.0;;;0.0;0.0;0.0;0.0;0.0;3.5;0.0;0.0
134730;760490;2022-04-07;FRC;F28;;;4;732;80931614.0;;;3.51;3.51;3.51;3.51;3.51;3.51;0.0;0.0
134731;760491;2022-04-07;FRC;F29;;;3;469;50909408.0;;;3.58;3.58;3.58;3.58;3.58;3.58;0.0;0.0
134732;760492;2022-04-07;FRC;F30;;;3;623;66442198.0;;;3.62;3.62;3.62;3.62;3.62;3.62;0.0;0.0
134733;760493;2022-04-07;FRC;F31;;;1;703;73689843.0;;;3.65;3.65;3.65;3.65;3.65;3.65;0.0;0.0
134734;760494;2022-04-07;FRC;F32;;;0;0;0.0;;;0.0;0.0;0.0;0.0;0.0;3.7;0.0;0.0
134735;760495;2022-04-07;FRC;F33;;;0;0;0.0;;;0.0;0.0;0.0;0.0;0.0;3.8;0.0;0.0
134736;760496;2022-04-07;FRC;F34;;;0;0;0.0;;;0.0;0.0;0.0;0.0;0.0;3.92;0.0;0.0
134737;760497;2022-04-07;FRC;F35;;;0;0;0.0;;;0.0;0.0;0.0;0.0;0.0;4.06;0.0;0.0
134738;760498;2022-04-07;FRC;F36;;;0;0;0.0;;;0.0;0.0;0.0;0.0;0.0;4.21;0.0;0.0
134739;760499;2022-04-07;FRC;F37;;;0;0;0.0;;;0.0;0.0;0.0;0.0;0.0;4.34;0.0;0.0
134740;760668;2022-04-08;FRC;M22;;;26;108172;5382447650.0;;;1.05;1.04;1.06;1.04;1.04;1.04;0.0;0.0
134741;760669;2022-04-08;FRC;N22;;;33;22584;2737534122.0;;;1.07;1.05;1.07;1.05;1.05;1.05;0.0;1.05
134742;760670;2022-04-08;FRC;Q22;;;33;39923;1983290739.0;;;1.52;1.5;1.52;1.5;1.5;1.5;0.0;0.0
134743;760671;2022-04-08;FRC;U22;;;7;25725;1276631659.0;;;1.72;1.7;1.72;1.7;1.7;1.7;0.0;0.0
134744;760672;2022-04-08;FRC;V22;;;12;12351;1492041675.0;;;1.86;1.86;1.86;1.86;1.86;1.86;0.0;0.0
134745;760673;2022-04-08;FRC;X22;;;11;22586;1118260111.0;;;2.03;2.01;2.03;2.01;2.01;2.01;0.0;0.0
134746;760674;2022-04-08;FRC;Z22;;;10;5030;248736993.0;;;2.15;2.13;2.15;2.13;2.13;2.13;0.0;0.0
134747;760675;2022-04-08;FRC;F23;;;8;4208;506270693.0;;;2.3;2.28;2.3;2.28;2.28;2.28;2.28;0.0
134748;760676;2022-04-08;FRC;G23;;;0;0;0.0;;;0.0;0.0;0.0;0.0;0.0;2.44;0.0;0.0
134749;760677;2022-04-08;FRC;H23;;;6;2772;136452972.0;;;2.56;2.56;2.56;2.56;2.56;2.56;0.0;0.0
134750;760678;2022-04-08;FRC;J23;;;13;4172;499276616.0;;;2.67;2.67;2.7;2.68;2.7;2.7;0.0;0.0
134751;760679;2022-04-08;FRC;N23;;;10;2184;260215765.0;;;2.9;2.87;2.91;2.89;2.9;2.91;2.9;0.0
134752;760680;2022-04-08;FRC;V23;;;6;1567;185693419.0;;;3.11;3.11;3.11;3.11;3.11;3.11;0.0;0.0
134753;760681;2022-04-08;FRC;F24;;;12;5261;620580000.0;;;3.24;3.23;3.24;3.23;3.24;3.23;3.23;0.0
134754;760682;2022-04-08;FRC;J24;;;1;194;22770175.0;;;3.33;3.33;3.33;3.33;3.33;3.3;0.0;0.0
134755;760683;2022-04-08;FRC;N24;;;2;232;27097061.0;;;3.36;3.36;3.37;3.36;3.37;3.37;0.0;0.0
134756;760684;2022-04-08;FRC;V24;;;0;0;0.0;;;0.0;0.0;0.0;0.0;0.0;3.41;3.41;0.0
134757;760685;2022-04-08;FRC;F25;;;5;2507;290348979.0;;;3.44;3.44;3.46;3.44;3.46;3.46;3.46;0.0
134758;760686;2022-04-08;FRC;J25;;;1;191;9038124.0;;;3.47;3.47;3.47;3.47;3.47;3.47;0.0;0.0
134759;760687;2022-04-08;FRC;N25;;;0;0;0.0;;;0.0;0.0;0.0;0.0;0.0;3.51;0.0;0.0
134760;760688;2022-04-08;FRC;V25;;;0;0;0.0;;;0.0;0.0;0.0;0.0;0.0;3.5;0.0;0.0
134761;760689;2022-04-08;FRC;F26;;;7;1656;188576376.0;;;3.49;3.48;3.53;3.5;3.52;3.52;0.0;0.0
134762;760690;2022-04-08;FRC;J26;;;0;0;0.0;;;0.0;0.0;0.0;0.0;0.0;3.53;0.0;0.0
134763;760691;2022-04-08;FRC;N26;;;1;412;46491162.0;;;3.49;3.49;3.49;3.49;3.49;3.55;0.0;0.0
134764;760692;2022-04-08;FRC;V26;;;1;37;1705806.0;;;3.5;3.5;3.5;3.5;3.5;3.54;0.0;0.0
134765;760693;2022-04-08;FRC;F27;;;9;2601;290665572.0;;;3.5;3.5;3.55;3.54;3.55;3.55;0.0;0.0
134766;760694;2022-04-08;FRC;J27;;;0;0;0.0;;;0.0;0.0;0.0;0.0;0.0;3.55;0.0;0.0
134767;760695;2022-04-08;FRC;F28;;;3;2710;298201621.0;;;3.53;3.53;3.53;3.53;3.53;3.55;0.0;0.0
134768;760696;2022-04-08;FRC;F29;;;6;1567;169419918.0;;;3.6;3.6;3.61;3.6;3.61;3.61;0.0;0.0
134769;760697;2022-04-08;FRC;F30;;;1;605;64234841.0;;;3.64;3.64;3.64;3.64;3.64;3.66;0.0;0.0
134770;760698;2022-04-08;FRC;F31;;;6;1649;172066397.0;;;3.67;3.67;3.7;3.68;3.7;3.7;0.0;0.0
134771;760699;2022-04-08;FRC;F32;;;0;0;0.0;;;0.0;0.0;0.0;0.0;0.0;3.75;0.0;0.0
134772;760700;2022-04-08;FRC;F33;;;0;0;0.0;;;0.0;0.0;0.0;0.0;0.0;3.85;0.0;0.0
134773;760701;2022-04-08;FRC;F34;;;0;0;0.0;;;0.0;0.0;0.0;0.0;0.0;3.97;0.0;0.0
134774;760702;2022-04-08;FRC;F35;;;0;0;0.0;;;0.0;0.0;0.0;0.0;0.0;4.11;0.0;0.0
134775;760703;2022-04-08;FRC;F36;;;0;0;0.0;;;0.0;0.0;0.0;0.0;0.0;4.26;0.0;0.0
134776;760704;2022-04-08;FRC;F37;;;0;0;0.0;;;0.0;0.0;0.0;0.0;0.0;4.39;0.0;0.0
134777;760873;2022-04-11;FRC;M22;;;44;38308;1899413348.0;;;1.04;1.0;1.04;1.02;1.02;1.02;1.02;0.0
134778;760874;2022-04-11;FRC;N22;;;50;21467;2598398157.0;;;1.04;1.04;1.06;1.04;1.05;1.05;0.0;0.0
134779;760875;2022-04-11;FRC;Q22;;;17;7427;367666731.0;;;1.47;1.47;1.49;1.48;1.49;1.49;0.0;1.5
134780;760876;2022-04-11;FRC;U22;;;7;4388;216997430.0;;;1.7;1.69;1.7;1.69;1.69;1.69;0.0;1.7
134781;760877;2022-04-11;FRC;V22;;;15;14601;1761574036.0;;;1.87;1.85;1.87;1.85;1.85;1.85;0.0;0.0
134782;760878;2022-04-11;FRC;X22;;;8;8975;442808975.0;;;2.02;2.0;2.02;2.0;2.0;2.0;0.0;0.0
134783;760879;2022-04-11;FRC;Z22;;;10;7554;372243423.0;;;2.13;2.13;2.13;2.13;2.13;2.13;0.0;0.0
134784;760880;2022-04-11;FRC;F23;;;9;3611;434025778.0;;;2.28;2.27;2.28;2.27;2.27;2.27;0.0;0.0
134785;760881;2022-04-11;FRC;G23;;;0;0;0.0;;;0.0;0.0;0.0;0.0;0.0;2.43;0.0;0.0
134786;760882;2022-04-11;FRC;H23;;;0;0;0.0;;;0.0;0.0;0.0;0.0;0.0;2.54;0.0;0.0
134787;760883;2022-04-11;FRC;J23;;;4;2372;283552538.0;;;2.7;2.68;2.7;2.68;2.68;2.68;0.0;0.0
134788;760884;2022-04-11;FRC;N23;;;8;1575;187338797.0;;;2.92;2.9;2.92;2.9;2.9;2.9;0.0;2.91
134789;760885;2022-04-11;FRC;V23;;;5;1056;125095914.0;;;3.15;3.11;3.15;3.11;3.11;3.11;0.0;0.0
134790;760886;2022-04-11;FRC;F24;;;8;2534;298474076.0;;;3.23;3.23;3.23;3.23;3.23;3.23;0.0;3.23
134791;760887;2022-04-11;FRC;J24;;;2;78;9114869.0;;;3.34;3.34;3.34;3.34;3.34;3.3;0.0;0.0
134792;760888;2022-04-11;FRC;N24;;;0;0;0.0;;;0.0;0.0;0.0;0.0;0.0;3.38;0.0;0.0
134793;760889;2022-04-11;FRC;V24;;;3;576;27403265.0;;;3.42;3.42;3.42;3.42;3.42;3.42;0.0;0.0
134794;760890;2022-04-11;FRC;F25;;;6;1530;176995469.0;;;3.46;3.46;3.46;3.46;3.46;3.46;0.0;0.0
134795;760891;2022-04-11;FRC;J25;;;0;0;0.0;;;0.0;0.0;0.0;0.0;0.0;3.47;0.0;0.0
134796;760892;2022-04-11;FRC;N25;;;0;0;0.0;;;0.0;0.0;0.0;0.0;0.0;3.52;0.0;0.0
134797;760893;2022-04-11;FRC;V25;;;1;189;8831626.0;;;3.51;3.51;3.51;3.51;3.51;3.51;0.0;0.0
134798;760894;2022-04-11;FRC;F26;;;1;188;21377568.0;;;3.53;3.53;3.53;3.53;3.53;3.53;3.52;0.0
134799;760895;2022-04-11;FRC;J26;;;0;0;0.0;;;0.0;0.0;0.0;0.0;0.0;3.55;0.0;0.0
134800;760896;2022-04-11;FRC;N26;;;0;0;0.0;;;0.0;0.0;0.0;0.0;0.0;3.57;0.0;0.0
134801;760897;2022-04-11;FRC;V26;;;0;0;0.0;;;0.0;0.0;0.0;0.0;0.0;3.57;0.0;0.0
134802;760898;2022-04-11;FRC;F27;;;8;1852;206813920.0;;;3.58;3.58;3.58;3.58;3.58;3.58;0.0;0.0
134803;760899;2022-04-11;FRC;J27;;;0;0;0.0;;;0.0;0.0;0.0;0.0;0.0;3.59;0.0;0.0
134804;760900;2022-04-11;FRC;F28;;;8;1829;200503655.0;;;3.61;3.61;3.62;3.61;3.61;3.61;3.6;0.0
134805;760901;2022-04-11;FRC;F29;;;2;360;38760434.0;;;3.68;3.68;3.68;3.68;3.68;3.68;0.0;3.7
134806;760902;2022-04-11;FRC;F30;;;0;0;0.0;;;0.0;0.0;0.0;0.0;0.0;3.74;0.0;0.0
134807;760903;2022-04-11;FRC;F31;;;3;525;54504900.0;;;3.78;3.78;3.78;3.78;3.78;3.78;3.78;0.0
134808;760904;2022-04-11;FRC;F32;;;0;0;0.0;;;0.0;0.0;0.0;0.0;0.0;3.83;0.0;3.9
134809;760905;2022-04-11;FRC;F33;;;0;0;0.0;;;0.0;0.0;0.0;0.0;0.0;3.93;0.0;4.1
134810;760906;2022-04-11;FRC;F34;;;0;0;0.0;;;0.0;0.0;0.0;0.0;0.0;4.05;0.0;4.3
134811;760907;2022-04-11;FRC;F35;;;0;0;0.0;;;0.0;0.0;0.0;0.0;0.0;4.19;0.0;0.0
134812;760908;2022-04-11;FRC;F36;;;0;0;0.0;;;0.0;0.0;0.0;0.0;0.0;4.34;0.0;0.0
134813;760909;2022-04-11;FRC;F37;;;0;0;0.0;;;0.0;0.0;0.0;0.0;0.0;4.47;0.0;0.0
134814;761078;2022-04-12;FRC;M22;;;36;79690;3969745886.0;;;1.0;0.99;1.01;0.99;1.0;1.0;0.0;0.0
134815;761079;2022-04-12;FRC;N22;;;12;18605;2256650438.0;;;1.02;1.02;1.03;1.02;1.03;1.03;0.0;0.0
134816;761080;2022-04-12;FRC;Q22;;;10;14772;734722541.0;;;1.46;1.46;1.46;1.46;1.46;1.46;1.45;0.0
134817;761081;2022-04-12;FRC;U22;;;9;7976;396309824.0;;;1.65;1.65;1.65;1.65;1.65;1.65;0.0;1.65
134818;761082;2022-04-12;FRC;V22;;;16;12729;1539002301.0;;;1.81;1.8;1.81;1.8;1.8;1.8;1.8;0.0
134819;761083;2022-04-12;FRC;X22;;;8;3045;150961895.0;;;1.95;1.95;1.95;1.95;1.95;1.95;0.0;0.0
134820;761084;2022-04-12;FRC;Z22;;;6;4175;206743815.0;;;2.06;2.06;2.06;2.06;2.06;2.06;0.0;0.0
134821;761085;2022-04-12;FRC;F23;;;19;6097;734120456.0;;;2.23;2.2;2.23;2.2;2.2;2.2;2.18;0.0
134822;761086;2022-04-12;FRC;G23;;;7;3170;156515911.0;;;2.35;2.35;2.35;2.35;2.35;2.35;2.35;0.0
134823;761087;2022-04-12;FRC;H23;;;5;2317;114244273.0;;;2.45;2.45;2.46;2.45;2.46;2.45;2.45;0.0
134824;761088;2022-04-12;FRC;J23;;;21;9409;1127881113.0;;;2.6;2.57;2.6;2.57;2.57;2.57;2.57;0.0
134825;761089;2022-04-12;FRC;N23;;;12;3446;411085198.0;;;2.79;2.79;2.8;2.79;2.8;2.79;0.0;0.0
134826;761090;2022-04-12;FRC;V23;;;10;1763;209243685.0;;;3.04;3.0;3.04;3.03;3.0;3.0;0.0;0.0
134827;761091;2022-04-12;FRC;F24;;;16;10041;1186483813.0;;;3.17;3.12;3.19;3.12;3.12;3.12;0.0;0.0
134828;761092;2022-04-12;FRC;J24;;;9;1746;205567040.0;;;3.17;3.17;3.17;3.17;3.17;3.17;0.0;0.0
134829;761093;2022-04-12;FRC;N24;;;3;251;29422271.0;;;3.24;3.24;3.24;3.24;3.24;3.24;0.0;0.0
134830;761094;2022-04-12;FRC;V24;;;0;0;0.0;;;0.0;0.0;0.0;0.0;0.0;3.28;3.28;0.0
134831;761095;2022-04-12;FRC;F25;;;12;6195;718925264.0;;;3.32;3.32;3.32;3.32;3.32;3.32;0.0;0.0
134832;761096;2022-04-12;FRC;J25;;;2;382;18135614.0;;;3.32;3.32;3.32;3.32;3.32;3.32;0.0;0.0
134833;761097;2022-04-12;FRC;N25;;;0;0;0.0;;;0.0;0.0;0.0;0.0;0.0;3.38;0.0;0.0
134834;761098;2022-04-12;FRC;V25;;;0;0;0.0;;;0.0;0.0;0.0;0.0;0.0;3.38;0.0;0.0
134835;761099;2022-04-12;FRC;F26;;;2;95;10793770.0;;;3.41;3.41;3.41;3.41;3.41;3.41;0.0;0.0
134836;761100;2022-04-12;FRC;J26;;;0;0;0.0;;;0.0;0.0;0.0;0.0;0.0;3.44;0.0;0.0
134837;761101;2022-04-12;FRC;N26;;;0;0;0.0;;;0.0;0.0;0.0;0.0;0.0;3.46;0.0;0.0
134838;761102;2022-04-12;FRC;V26;;;0;0;0.0;;;0.0;0.0;0.0;0.0;0.0;3.47;3.46;0.0
134839;761103;2022-04-12;FRC;F27;;;2;75;8354906.0;;;3.58;3.48;3.58;3.5;3.48;3.48;3.48;3.5
134840;761104;2022-04-12;FRC;J27;;;0;0;0.0;;;0.0;0.0;0.0;0.0;0.0;3.49;0.0;0.0
134841;761105;2022-04-12;FRC;F28;;;2;201;22166605.0;;;3.52;3.52;3.52;3.52;3.52;3.52;0.0;3.52
134842;761106;2022-04-12;FRC;F29;;;1;722;78077697.0;;;3.59;3.59;3.59;3.59;3.59;3.59;3.59;0.0
134843;761107;2022-04-12;FRC;F30;;;0;0;0.0;;;0.0;0.0;0.0;0.0;0.0;3.66;0.0;0.0
134844;761108;2022-04-12;FRC;F31;;;12;8667;904771126.0;;;3.68;3.68;3.7;3.68;3.7;3.7;3.7;0.0
134845;761109;2022-04-12;FRC;F32;;;0;0;0.0;;;0.0;0.0;0.0;0.0;0.0;3.75;3.75;0.0
134846;761110;2022-04-12;FRC;F33;;;8;2733;112736213.0;;;3.83;3.83;3.85;3.83;3.85;3.85;3.85;0.0
134847;761111;2022-04-12;FRC;F34;;;0;0;0.0;;;0.0;0.0;0.0;0.0;0.0;3.97;0.0;0.0
134848;761112;2022-04-12;FRC;F35;;;0;0;0.0;;;0.0;0.0;0.0;0.0;0.0;4.11;0.0;0.0
134849;761113;2022-04-12;FRC;F36;;;0;0;0.0;;;0.0;0.0;0.0;0.0;0.0;4.26;0.0;0.0
134850;761114;2022-04-12;FRC;F37;;;0;0;0.0;;;0.0;0.0;0.0;0.0;0.0;4.39;0.0;0.0
134851;761283;2022-04-13;FRC;M22;;;19;51377;2575999886.0;;;1.0;0.99;1.0;0.99;0.99;0.99;0.0;0.0
134852;761284;2022-04-13;FRC;N22;;;14;14589;1774318008.0;;;0.99;0.99;1.0;0.99;1.0;1.0;0.0;1.02
134853;761285;2022-04-13;FRC;Q22;;;16;10880;544701663.0;;;1.46;1.42;1.46;1.42;1.42;1.42;1.42;0.0
134854;761286;2022-04-13;FRC;U22;;;11;10472;523762247.0;;;1.61;1.61;1.61;1.61;1.61;1.61;0.0;0.0
134855;761287;2022-04-13;FRC;V22;;;6;5660;686089229.0;;;1.8;1.76;1.8;1.76;1.76;1.76;0.0;0.0
134856;761288;2022-04-13;FRC;X22;;;4;637;31790648.0;;;1.95;1.9;1.95;1.9;1.9;1.9;0.0;1.92
134857;761289;2022-04-13;FRC;Z22;;;17;14714;733499669.0;;;2.01;2.01;2.01;2.01;2.01;2.01;0.0;0.0
134858;761290;2022-04-13;FRC;F23;;;15;20749;2505692389.0;;;2.2;2.13;2.2;2.18;2.13;2.13;2.13;0.0
134859;761291;2022-04-13;FRC;G23;;;4;2181;108418723.0;;;2.28;2.28;2.28;2.28;2.28;2.28;0.0;0.0
134860;761292;2022-04-13;FRC;H23;;;0;0;0.0;;;0.0;0.0;0.0;0.0;0.0;2.37;0.0;0.0
134861;761293;2022-04-13;FRC;J23;;;20;8126;977311934.0;;;2.5;2.48;2.5;2.48;2.48;2.48;2.5;0.0
134862;761294;2022-04-13;FRC;N23;;;3;709;84863855.0;;;2.79;2.7;2.79;2.71;2.7;2.7;0.0;2.73
134863;761295;2022-04-13;FRC;V23;;;2;314;37362846.0;;;2.96;2.92;2.96;2.95;2.92;2.92;0.0;2.92
134864;761296;2022-04-13;FRC;F24;;;15;4235;502128143.0;;;3.02;3.02;3.06;3.03;3.05;3.04;0.0;0.0
134865;761297;2022-04-13;FRC;J24;;;2;388;45857497.0;;;3.09;3.09;3.1;3.09;3.1;3.09;0.0;0.0
134866;761298;2022-04-13;FRC;N24;;;1;39;4561239.0;;;3.2;3.2;3.2;3.2;3.2;3.16;0.0;3.16
134867;761299;2022-04-13;FRC;V24;;;5;945;45582798.0;;;3.28;3.2;3.28;3.21;3.21;3.2;3.21;0.0
134868;761300;2022-04-13;FRC;F25;;;1;38;4451931.0;;;3.25;3.25;3.25;3.25;3.25;3.25;3.25;0.0
134869;761301;2022-04-13;FRC;J25;;;1;191;9134553.0;;;3.26;3.26;3.26;3.26;3.26;3.26;0.0;0.0
134870;761302;2022-04-13;FRC;N25;;;0;0;0.0;;;0.0;0.0;0.0;0.0;0.0;3.32;0.0;0.0
134871;761303;2022-04-13;FRC;V25;;;1;190;9008040.0;;;3.32;3.32;3.32;3.32;3.32;3.32;0.0;0.0
134872;761304;2022-04-13;FRC;F26;;;5;643;73564284.0;;;3.37;3.35;3.37;3.35;3.35;3.35;0.0;0.0
134873;761305;2022-04-13;FRC;J26;;;1;188;8833248.0;;;3.37;3.37;3.37;3.37;3.37;3.37;0.0;0.0
134874;761306;2022-04-13;FRC;N26;;;0;0;0.0;;;0.0;0.0;0.0;0.0;0.0;3.39;0.0;0.0
134875;761307;2022-04-13;FRC;V26;;;0;0;0.0;;;0.0;0.0;0.0;0.0;0.0;3.41;0.0;0.0
134876;761308;2022-04-13;FRC;F27;;;5;819;92097443.0;;;3.45;3.42;3.45;3.42;3.42;3.42;0.0;0.0
134877;761309;2022-04-13;FRC;J27;;;0;0;0.0;;;0.0;0.0;0.0;0.0;0.0;3.43;0.0;0.0
134878;761310;2022-04-13;FRC;F28;;;14;2802;310183528.0;;;3.47;3.46;3.47;3.46;3.46;3.46;0.0;0.0
134879;761311;2022-04-13;FRC;F29;;;1;36;3919756.0;;;3.53;3.53;3.53;3.53;3.53;3.53;0.0;0.0
134880;761312;2022-04-13;FRC;F30;;;3;143;15194611.0;;;3.66;3.6;3.66;3.64;3.6;3.6;0.0;0.0
134881;761313;2022-04-13;FRC;F31;;;5;807;84567003.0;;;3.7;3.65;3.7;3.66;3.66;3.66;0.0;0.0
134882;761314;2022-04-13;FRC;F32;;;2;277;11730349.0;;;3.75;3.75;3.75;3.75;3.75;3.71;0.0;0.0
134883;761315;2022-04-13;FRC;F33;;;0;0;0.0;;;0.0;0.0;0.0;0.0;0.0;3.81;0.0;0.0
134884;761316;2022-04-13;FRC;F34;;;0;0;0.0;;;0.0;0.0;0.0;0.0;0.0;3.93;0.0;0.0
134885;761317;2022-04-13;FRC;F35;;;0;0;0.0;;;0.0;0.0;0.0;0.0;0.0;4.07;0.0;0.0
134886;761318;2022-04-13;FRC;F36;;;0;0;0.0;;;0.0;0.0;0.0;0.0;0.0;4.22;0.0;0.0
134887;761319;2022-04-13;FRC;F37;;;0;0;0.0;;;0.0;0.0;0.0;0.0;0.0;4.35;0.0;0.0
134888;761488;2022-04-18;FRC;M22;;;32;68794;3413863879.0;;;0.99;0.99;1.02;0.99;0.99;0.99;0.0;0.0
134889;761489;2022-04-18;FRC;N22;;;15;26379;3194885009.0;;;1.02;1.02;1.02;1.02;1.02;1.02;0.0;0.0
134890;761490;2022-04-18;FRC;Q22;;;5;2816;139528108.0;;;1.47;1.47;1.47;1.47;1.47;1.47;0.0;0.0
134891;761491;2022-04-18;FRC;U22;;;1;20;989978.0;;;1.66;1.66;1.66;1.66;1.66;1.66;0.0;1.66
134892;761492;2022-04-18;FRC;V22;;;4;2789;336719192.0;;;1.81;1.81;1.81;1.81;1.81;1.81;0.0;0.0
134893;761493;2022-04-18;FRC;X22;;;16;6567;324344366.0;;;1.95;1.95;1.96;1.95;1.96;1.96;0.0;0.0
134894;761494;2022-04-18;FRC;Z22;;;2;1312;64720523.0;;;2.09;2.09;2.09;2.09;2.09;2.09;0.0;0.0
134895;761495;2022-04-18;FRC;F23;;;2;1152;138527489.0;;;2.19;2.19;2.2;2.19;2.2;2.21;2.2;0.0
134896;761496;2022-04-18;FRC;G23;;;1;99;4869873.0;;;2.35;2.35;2.35;2.35;2.35;2.36;0.0;0.0
134897;761497;2022-04-18;FRC;H23;;;2;1010;49613979.0;;;2.48;2.46;2.48;2.46;2.46;2.46;0.0;0.0
134898;761498;2022-04-18;FRC;J23;;;8;2096;250894706.0;;;2.57;2.57;2.57;2.57;2.57;2.57;0.0;0.0
134899;761499;2022-04-18;FRC;N23;;;0;0;0.0;;;0.0;0.0;0.0;0.0;0.0;2.79;0.0;0.0
134900;761500;2022-04-18;FRC;V23;;;3;470;55731573.0;;;3.01;3.01;3.02;3.01;3.02;3.02;0.0;0.0
134901;761501;2022-04-18;FRC;F24;;;3;448;52886747.0;;;3.14;3.14;3.16;3.15;3.16;3.16;0.0;0.0
134902;761502;2022-04-18;FRC;J24;;;1;194;22806418.0;;;3.19;3.19;3.19;3.19;3.19;3.21;0.0;0.0
134903;761503;2022-04-18;FRC;N24;;;0;0;0.0;;;0.0;0.0;0.0;0.0;0.0;3.28;0.0;0.0
134904;761504;2022-04-18;FRC;V24;;;0;0;0.0;;;0.0;0.0;0.0;0.0;0.0;3.34;0.0;0.0
134905;761505;2022-04-18;FRC;F25;;;2;747;86529721.0;;;3.39;3.39;3.39;3.39;3.39;3.39;3.39;0.0
134906;761506;2022-04-18;FRC;J25;;;0;0;0.0;;;0.0;0.0;0.0;0.0;0.0;3.4;0.0;0.0
134907;761507;2022-04-18;FRC;N25;;;0;0;0.0;;;0.0;0.0;0.0;0.0;0.0;3.46;0.0;0.0
134908;761508;2022-04-18;FRC;V25;;;0;0;0.0;;;0.0;0.0;0.0;0.0;0.0;3.46;0.0;0.0
134909;761509;2022-04-18;FRC;F26;;;2;566;64368678.0;;;3.46;3.46;3.48;3.47;3.48;3.48;0.0;0.0
134910;761510;2022-04-18;FRC;J26;;;0;0;0.0;;;0.0;0.0;0.0;0.0;0.0;3.49;0.0;0.0
134911;761511;2022-04-18;FRC;N26;;;1;112;12647572.0;;;3.51;3.51;3.51;3.51;3.51;3.51;0.0;0.0
134912;761512;2022-04-18;FRC;V26;;;0;0;0.0;;;0.0;0.0;0.0;0.0;0.0;3.53;0.0;0.0
134913;761513;2022-04-18;FRC;F27;;;8;1339;149491841.0;;;3.52;3.52;3.54;3.53;3.54;3.54;0.0;0.0
134914;761514;2022-04-18;FRC;J27;;;0;0;0.0;;;0.0;0.0;0.0;0.0;0.0;3.55;0.0;0.0
134915;761515;2022-04-18;FRC;F28;;;0;0;0.0;;;0.0;0.0;0.0;0.0;0.0;3.6;0.0;0.0
134916;761516;2022-04-18;FRC;F29;;;2;252;27183887.0;;;3.65;3.65;3.66;3.65;3.66;3.66;0.0;0.0
134917;761517;2022-04-18;FRC;F30;;;0;0;0.0;;;0.0;0.0;0.0;0.0;0.0;3.68;0.0;0.0
134918;761518;2022-04-18;FRC;F31;;;7;964;100154759.0;;;3.75;3.75;3.77;3.76;3.77;3.77;0.0;0.0
134919;761519;2022-04-18;FRC;F32;;;0;0;0.0;;;0.0;0.0;0.0;0.0;0.0;3.82;0.0;0.0
134920;761520;2022-04-18;FRC;F33;;;0;0;0.0;;;0.0;0.0;0.0;0.0;0.0;3.93;0.0;0.0
134921;761521;2022-04-18;FRC;F34;;;0;0;0.0;;;0.0;0.0;0.0;0.0;0.0;4.04;0.0;0.0
134922;761522;2022-04-18;FRC;F35;;;0;0;0.0;;;0.0;0.0;0.0;0.0;0.0;4.18;0.0;0.0
134923;761523;2022-04-18;FRC;F36;;;0;0;0.0;;;0.0;0.0;0.0;0.0;0.0;4.33;0.0;0.0
134924;761524;2022-04-18;FRC;F37;;;0;0;0.0;;;0.0;0.0;0.0;0.0;0.0;4.46;0.0;0.0
134925;761692;2022-04-19;FRC;M22;;;135;206612;10321055523.0;;;1.01;1.0;1.02;1.0;1.0;1.0;0.0;0.0
134926;761693;2022-04-19;FRC;N22;;;11;15205;1846761993.0;;;1.03;1.01;1.04;1.03;1.01;1.03;1.01;0.0
134927;761694;2022-04-19;FRC;Q22;;;17;19464;970809671.0;;;1.48;1.47;1.5;1.48;1.47;1.47;0.0;0.0
134928;761695;2022-04-19;FRC;U22;;;7;2992;149084948.0;;;1.67;1.67;1.67;1.67;1.67;1.67;0.0;0.0
134929;761696;2022-04-19;FRC;V22;;;11;6372;771452138.0;;;1.87;1.87;1.87;1.87;1.87;1.87;0.0;1.87
134930;761697;2022-04-19;FRC;X22;;;10;5433;270091860.0;;;2.01;2.0;2.01;2.0;2.0;2.0;2.0;0.0
134931;761698;2022-04-19;FRC;Z22;;;7;3994;198297409.0;;;2.15;2.14;2.15;2.14;2.14;2.15;2.14;0.0
134932;761699;2022-04-19;FRC;F23;;;28;7519;906940091.0;;;2.24;2.22;2.28;2.25;2.28;2.28;2.28;0.0
134933;761700;2022-04-19;FRC;G23;;;11;4517;223613863.0;;;2.4;2.4;2.42;2.41;2.42;2.42;0.0;0.0
134934;761701;2022-04-19;FRC;H23;;;1;20;988813.0;;;2.53;2.53;2.53;2.53;2.53;2.53;0.0;0.0
134935;761702;2022-04-19;FRC;J23;;;25;18083;2169952833.0;;;2.65;2.65;2.65;2.65;2.65;2.65;2.64;0.0
134936;761703;2022-04-19;FRC;N23;;;10;2656;317222088.0;;;2.88;2.88;2.88;2.88;2.88;2.88;0.0;0.0
134937;761704;2022-04-19;FRC;V23;;;2;2995;355898526.0;;;3.08;3.08;3.1;3.09;3.1;3.11;0.0;0.0
134938;761705;2022-04-19;FRC;F24;;;13;8768;1036548433.0;;;3.21;3.21;3.26;3.23;3.26;3.26;3.26;0.0
134939;761706;2022-04-19;FRC;J24;;;4;1028;120990187.0;;;3.26;3.26;3.31;3.3;3.31;3.31;0.0;0.0
134940;761707;2022-04-19;FRC;N24;;;6;7878;922896792.0;;;3.37;3.37;3.37;3.37;3.37;3.37;0.0;0.0
134941;761708;2022-04-19;FRC;V24;;;0;0;0.0;;;0.0;0.0;0.0;0.0;0.0;3.44;0.0;0.0
134942;761709;2022-04-19;FRC;F25;;;8;8436;978293136.0;;;3.44;3.44;3.51;3.5;3.51;3.51;0.0;0.0
134943;761710;2022-04-19;FRC;J25;;;1;190;9016645.0;;;3.55;3.55;3.55;3.55;3.55;3.55;0.0;0.0
134944;761711;2022-04-19;FRC;N25;;;0;0;0.0;;;0.0;0.0;0.0;0.0;0.0;3.58;0.0;0.0
134945;761712;2022-04-19;FRC;V25;;;0;0;0.0;;;0.0;0.0;0.0;0.0;0.0;3.59;0.0;0.0
134946;761713;2022-04-19;FRC;F26;;;8;1504;171312498.0;;;3.6;3.6;3.6;3.6;3.6;3.6;0.0;0.0
134947;761714;2022-04-19;FRC;J26;;;0;0;0.0;;;0.0;0.0;0.0;0.0;0.0;3.61;0.0;0.0
134948;761715;2022-04-19;FRC;N26;;;0;0;0.0;;;0.0;0.0;0.0;0.0;0.0;3.63;0.0;0.0
134949;761716;2022-04-19;FRC;V26;;;0;0;0.0;;;0.0;0.0;0.0;0.0;0.0;3.66;0.0;0.0
134950;761717;2022-04-19;FRC;F27;;;3;555;62053225.0;;;3.67;3.67;3.67;3.67;3.67;3.67;0.0;3.67
134951;761718;2022-04-19;FRC;J27;;;0;0;0.0;;;0.0;0.0;0.0;0.0;0.0;3.68;0.0;0.0
134952;761719;2022-04-19;FRC;F28;;;10;1711;188020281.0;;;3.71;3.71;3.71;3.71;3.71;3.71;0.0;0.0
134953;761720;2022-04-19;FRC;F29;;;0;0;0.0;;;0.0;0.0;0.0;0.0;0.0;3.79;0.0;0.0
134954;761721;2022-04-19;FRC;F30;;;0;0;0.0;;;0.0;0.0;0.0;0.0;0.0;3.83;0.0;0.0
134955;761722;2022-04-19;FRC;F31;;;0;0;0.0;;;0.0;0.0;0.0;0.0;0.0;3.92;0.0;0.0
134956;761723;2022-04-19;FRC;F32;;;0;0;0.0;;;0.0;0.0;0.0;0.0;0.0;3.97;0.0;0.0
134957;761724;2022-04-19;FRC;F33;;;0;0;0.0;;;0.0;0.0;0.0;0.0;0.0;4.08;0.0;0.0
134958;761725;2022-04-19;FRC;F34;;;0;0;0.0;;;0.0;0.0;0.0;0.0;0.0;4.19;0.0;0.0
134959;761726;2022-04-19;FRC;F35;;;0;0;0.0;;;0.0;0.0;0.0;0.0;0.0;4.33;0.0;0.0
134960;761727;2022-04-19;FRC;F36;;;0;0;0.0;;;0.0;0.0;0.0;0.0;0.0;4.48;0.0;0.0
134961;761728;2022-04-19;FRC;F37;;;0;0;0.0;;;0.0;0.0;0.0;0.0;0.0;4.61;0.0;0.0
134962;761895;2022-04-20;FRC;M22;;;75;111457;5539993218.0;;;1.0;1.0;1.01;1.0;1.0;1.0;0.0;1.02
134963;761896;2022-04-20;FRC;N22;;;39;79331;9615130602.0;;;1.03;1.03;1.04;1.03;1.03;1.03;0.0;1.03
134964;761897;2022-04-20;FRC;Q22;;;23;19688;977120351.0;;;1.46;1.46;1.47;1.46;1.47;1.47;0.0;1.47
134965;761898;2022-04-20;FRC;U22;;;22;28517;1413899549.0;;;1.66;1.65;1.7;1.66;1.7;1.67;0.0;0.0
134966;761899;2022-04-20;FRC;V22;;;14;31753;3835823686.0;;;1.86;1.86;1.86;1.86;1.86;1.86;0.0;1.87
134967;761900;2022-04-20;FRC;X22;;;30;7900;390766508.0;;;2.01;2.01;2.02;2.01;2.02;1.99;2.01;2.02
134968;761901;2022-04-20;FRC;Z22;;;13;7949;392699305.0;;;2.15;2.15;2.15;2.15;2.15;2.15;0.0;0.0
134969;761902;2022-04-20;FRC;F23;;;10;4582;551515186.0;;;2.3;2.29;2.3;2.29;2.29;2.29;0.0;2.29
134970;761903;2022-04-20;FRC;G23;;;3;455;22411213.0;;;2.42;2.42;2.44;2.43;2.44;2.44;0.0;2.44
134971;761904;2022-04-20;FRC;H23;;;7;1980;97396249.0;;;2.53;2.53;2.53;2.53;2.53;2.53;0.0;0.0
134972;761905;2022-04-20;FRC;J23;;;49;34845;4172774594.0;;;2.68;2.65;2.68;2.65;2.65;2.65;2.65;0.0
134973;761906;2022-04-20;FRC;N23;;;11;13966;1665055286.0;;;2.87;2.87;2.87;2.87;2.87;2.87;0.0;0.0
134974;761907;2022-04-20;FRC;V23;;;10;2975;352798171.0;;;3.11;3.11;3.11;3.11;3.11;3.11;0.0;0.0
134975;761908;2022-04-20;FRC;F24;;;8;18071;2131706332.0;;;3.27;3.27;3.28;3.27;3.28;3.28;0.0;3.28
134976;761909;2022-04-20;FRC;J24;;;2;272;31903140.0;;;3.34;3.34;3.34;3.34;3.34;3.34;0.0;0.0
134977;761910;2022-04-20;FRC;N24;;;4;1545;180615527.0;;;3.37;3.37;3.37;3.37;3.37;3.4;0.0;0.0
134978;761911;2022-04-20;FRC;V24;;;1;192;9155072.0;;;3.46;3.46;3.46;3.46;3.46;3.46;0.0;0.0
134979;761912;2022-04-20;FRC;F25;;;6;1300;150479213.0;;;3.52;3.52;3.52;3.52;3.52;3.52;0.0;0.0
134980;761913;2022-04-20;FRC;J25;;;6;1107;52296936.0;;;3.56;3.53;3.56;3.53;3.53;3.53;0.0;0.0
134981;761914;2022-04-20;FRC;N25;;;1;57;6528763.0;;;3.58;3.58;3.58;3.58;3.58;3.56;0.0;0.0
134982;761915;2022-04-20;FRC;V25;;;0;0;0.0;;;0.0;0.0;0.0;0.0;0.0;3.57;0.0;0.0
134983;761916;2022-04-20;FRC;F26;;;4;1336;151809277.0;;;3.6;3.58;3.6;3.59;3.58;3.58;0.0;0.0
134984;761917;2022-04-20;FRC;J26;;;0;0;0.0;;;0.0;0.0;0.0;0.0;0.0;3.59;0.0;0.0
134985;761918;2022-04-20;FRC;N26;;;0;0;0.0;;;0.0;0.0;0.0;0.0;0.0;3.61;0.0;0.0
134986;761919;2022-04-20;FRC;V26;;;4;1172;53854544.0;;;3.64;3.64;3.66;3.65;3.66;3.64;0.0;0.0
134987;761920;2022-04-20;FRC;F27;;;3;444;49592354.0;;;3.64;3.64;3.64;3.64;3.64;3.64;0.0;0.0
134988;761921;2022-04-20;FRC;J27;;;0;0;0.0;;;0.0;0.0;0.0;0.0;0.0;3.65;0.0;0.0
134989;761922;2022-04-20;FRC;F28;;;8;1074;117872356.0;;;3.69;3.69;3.69;3.69;3.69;3.69;0.0;0.0
134990;761923;2022-04-20;FRC;F29;;;0;0;0.0;;;0.0;0.0;0.0;0.0;0.0;3.77;3.72;3.77
134991;761924;2022-04-20;FRC;F30;;;3;531;56116131.0;;;3.8;3.8;3.8;3.8;3.8;3.81;0.0;0.0
134992;761925;2022-04-20;FRC;F31;;;0;0;0.0;;;0.0;0.0;0.0;0.0;0.0;3.9;0.0;3.89
134993;761926;2022-04-20;FRC;F32;;;0;0;0.0;;;0.0;0.0;0.0;0.0;0.0;3.95;0.0;0.0
134994;761927;2022-04-20;FRC;F33;;;0;0;0.0;;;0.0;0.0;0.0;0.0;0.0;4.06;0.0;0.0
134995;761928;2022-04-20;FRC;F34;;;0;0;0.0;;;0.0;0.0;0.0;0.0;0.0;4.17;0.0;0.0
134996;761929;2022-04-20;FRC;F35;;;0;0;0.0;;;0.0;0.0;0.0;0.0;0.0;4.31;0.0;0.0
134997;761930;2022-04-20;FRC;F36;;;0;0;0.0;;;0.0;0.0;0.0;0.0;0.0;4.46;0.0;0.0
134998;761931;2022-04-20;FRC;F37;;;0;0;0.0;;;0.0;0.0;0.0;0.0;0.0;4.59;0.0;0.0
134999;762098;2022-04-22;FRC;M22;;;150;380731;19412888513.0;;;1.01;0.98;1.07;1.04;1.07;1.07;0.0;0.0
135000;762099;2022-04-22;FRC;N22;;;5;11011;1348667574.0;;;1.05;1.05;1.05;1.05;1.05;1.05;1.05;0.0
135001;762100;2022-04-22;FRC;Q22;;;8;13753;700137300.0;;;1.43;1.43;1.55;1.54;1.55;1.55;0.0;0.0
135002;762101;2022-04-22;FRC;U22;;;20;19978;1015964070.0;;;1.66;1.66;1.79;1.75;1.79;1.79;0.0;0.0
135003;762102;2022-04-22;FRC;V22;;;12;8983;1096434219.0;;;1.92;1.91;1.97;1.95;1.97;1.97;0.0;0.0
135004;762103;2022-04-22;FRC;X22;;;13;3980;201932499.0;;;2.03;2.03;2.12;2.07;2.12;2.12;0.0;0.0
135005;762104;2022-04-22;FRC;Z22;;;9;5383;272664418.0;;;2.24;2.24;2.33;2.32;2.33;2.33;0.0;0.0
135006;762105;2022-04-22;FRC;F23;;;5;753;91594255.0;;;2.4;2.4;2.49;2.41;2.49;2.49;0.0;0.0
135007;762106;2022-04-22;FRC;G23;;;6;1386;69974801.0;;;2.66;2.66;2.66;2.66;2.66;2.66;0.0;0.0
135008;762107;2022-04-22;FRC;H23;;;0;0;0.0;;;0.0;0.0;0.0;0.0;0.0;2.74;0.0;0.0
135009;762108;2022-04-22;FRC;J23;;;23;13244;1601890469.0;;;2.78;2.78;2.85;2.84;2.85;2.85;0.0;0.0
135010;762109;2022-04-22;FRC;N23;;;10;1655;198915106.0;;;3.0;3.0;3.05;3.04;3.05;3.05;0.0;0.0
135011;762110;2022-04-22;FRC;V23;;;11;3827;458309619.0;;;3.31;3.31;3.31;3.31;3.31;3.31;0.0;0.0
135012;762111;2022-04-22;FRC;F24;;;15;4314;513636027.0;;;3.48;3.48;3.48;3.48;3.48;3.48;0.0;0.0
135013;762112;2022-04-22;FRC;J24;;;2;77;9152035.0;;;3.52;3.52;3.52;3.52;3.52;3.54;0.0;0.0
135014;762113;2022-04-22;FRC;N24;;;0;0;0.0;;;0.0;0.0;0.0;0.0;0.0;3.59;0.0;0.0
135015;762114;2022-04-22;FRC;V24;;;0;0;0.0;;;0.0;0.0;0.0;0.0;0.0;3.65;0.0;0.0
135016;762115;2022-04-22;FRC;F25;;;4;955;111392298.0;;;3.7;3.7;3.7;3.7;3.7;3.7;0.0;3.68
135017;762116;2022-04-22;FRC;J25;;;0;0;0.0;;;0.0;0.0;0.0;0.0;0.0;3.75;0.0;0.0
135018;762117;2022-04-22;FRC;N25;;;0;0;0.0;;;0.0;0.0;0.0;0.0;0.0;3.76;0.0;0.0
135019;762118;2022-04-22;FRC;V25;;;0;0;0.0;;;0.0;0.0;0.0;0.0;0.0;3.75;0.0;0.0
135020;762119;2022-04-22;FRC;F26;;;3;752;86088587.0;;;3.74;3.74;3.74;3.74;3.74;3.74;0.0;0.0
135021;762120;2022-04-22;FRC;J26;;;0;0;0.0;;;0.0;0.0;0.0;0.0;0.0;3.74;0.0;0.0
135022;762121;2022-04-22;FRC;N26;;;0;0;0.0;;;0.0;0.0;0.0;0.0;0.0;3.75;0.0;0.0
135023;762122;2022-04-22;FRC;V26;;;0;0;0.0;;;0.0;0.0;0.0;0.0;0.0;3.76;0.0;0.0
135024;762123;2022-04-22;FRC;F27;;;7;1276;143571594.0;;;3.75;3.75;3.75;3.75;3.75;3.75;0.0;0.0
135025;762124;2022-04-22;FRC;J27;;;0;0;0.0;;;0.0;0.0;0.0;0.0;0.0;3.76;0.0;0.0
135026;762125;2022-04-22;FRC;F28;;;4;637;70347733.0;;;3.81;3.81;3.81;3.81;3.81;3.81;0.0;3.81
135027;762126;2022-04-22;FRC;F29;;;3;448;48566372.0;;;3.86;3.86;3.86;3.86;3.86;3.86;0.0;3.86
135028;762127;2022-04-22;FRC;F30;;;0;0;0.0;;;0.0;0.0;0.0;0.0;0.0;3.89;0.0;0.0
135029;762128;2022-04-22;FRC;F31;;;1;174;18158774.0;;;3.97;3.97;3.97;3.97;3.97;3.97;0.0;0.0
135030;762129;2022-04-22;FRC;F32;;;0;0;0.0;;;0.0;0.0;0.0;0.0;0.0;4.02;0.0;0.0
135031;762130;2022-04-22;FRC;F33;;;0;0;0.0;;;0.0;0.0;0.0;0.0;0.0;4.13;0.0;4.2
135032;762131;2022-04-22;FRC;F34;;;0;0;0.0;;;0.0;0.0;0.0;0.0;0.0;4.24;0.0;0.0
135033;762132;2022-04-22;FRC;F35;;;0;0;0.0;;;0.0;0.0;0.0;0.0;0.0;4.38;0.0;0.0
135034;762133;2022-04-22;FRC;F36;;;0;0;0.0;;;0.0;0.0;0.0;0.0;0.0;4.53;4.5;4.75
135035;762134;2022-04-22;FRC;F37;;;0;0;0.0;;;0.0;0.0;0.0;0.0;0.0;4.66;0.0;0.0
135036;762301;2022-04-25;FRC;M22;;;190;467886;23710176447.0;;;1.07;0.96;1.09;1.02;0.99;0.99;0.0;0.99
135037;762302;2022-04-25;FRC;N22;;;47;101082;12350085960.0;;;1.07;0.98;1.07;1.01;0.98;0.98;0.98;0.0
135038;762303;2022-04-25;FRC;Q22;;;22;29327;1483974392.0;;;1.5;1.46;1.5;1.46;1.46;1.46;0.0;0.0
135039;762304;2022-04-25;FRC;U22;;;26;25006;1263916560.0;;;1.77;1.72;1.77;1.73;1.72;1.72;1.72;0.0
135040;762305;2022-04-25;FRC;V22;;;37;67927;8271732106.0;;;1.95;1.87;1.95;1.9;1.91;1.91;0.0;0.0
135041;762306;2022-04-25;FRC;X22;;;76;29947;1510078317.0;;;2.11;2.05;2.11;2.07;2.06;2.06;2.06;0.0
135042;762307;2022-04-25;FRC;Z22;;;18;11345;571267327.0;;;2.26;2.26;2.26;2.26;2.26;2.26;0.0;0.0
135043;762308;2022-04-25;FRC;F23;;;14;14166;1717695442.0;;;2.47;2.42;2.47;2.42;2.42;2.42;0.0;0.0
135044;762309;2022-04-25;FRC;G23;;;12;3842;192847241.0;;;2.58;2.58;2.58;2.58;2.58;2.58;0.0;0.0
135045;762310;2022-04-25;FRC;H23;;;4;832;41707849.0;;;2.66;2.66;2.66;2.66;2.66;2.66;0.0;0.0
135046;762311;2022-04-25;FRC;J23;;;17;12518;1511134880.0;;;2.74;2.74;2.76;2.75;2.76;2.76;2.76;0.0
135047;762312;2022-04-25;FRC;N23;;;19;8100;973093247.0;;;2.97;2.97;2.97;2.97;2.97;2.97;2.97;0.0
135048;762313;2022-04-25;FRC;V23;;;13;5616;670937050.0;;;3.2;3.2;3.22;3.2;3.22;3.2;0.0;3.22
135049;762314;2022-04-25;FRC;F24;;;8;1772;210507867.0;;;3.46;3.37;3.46;3.37;3.37;3.37;0.0;0.0
135050;762315;2022-04-25;FRC;J24;;;5;1336;158118458.0;;;3.43;3.39;3.43;3.42;3.43;3.43;3.39;0.0
135051;762316;2022-04-25;FRC;N24;;;0;0;0.0;;;0.0;0.0;0.0;0.0;0.0;3.48;0.0;0.0
135052;762317;2022-04-25;FRC;V24;;;2;38;1844782.0;;;3.54;3.54;3.54;3.54;3.54;3.54;0.0;0.0
135053;762318;2022-04-25;FRC;F25;;;5;1146;133642762.0;;;3.59;3.59;3.59;3.59;3.59;3.59;0.0;0.0
135054;762319;2022-04-25;FRC;J25;;;1;38;1827465.0;;;3.64;3.64;3.64;3.64;3.64;3.64;0.0;0.0
135055;762320;2022-04-25;FRC;N25;;;0;0;0.0;;;0.0;0.0;0.0;0.0;0.0;3.65;0.0;0.0
135056;762321;2022-04-25;FRC;V25;;;1;19;906462.0;;;3.63;3.63;3.63;3.63;3.63;3.63;0.0;0.0
135057;762322;2022-04-25;FRC;F26;;;4;583;66778562.0;;;3.62;3.62;3.62;3.62;3.62;3.62;0.0;0.0
135058;762323;2022-04-25;FRC;J26;;;0;0;0.0;;;0.0;0.0;0.0;0.0;0.0;3.62;0.0;0.0
135059;762324;2022-04-25;FRC;N26;;;1;19;2136169.0;;;3.64;3.64;3.64;3.64;3.64;3.64;0.0;0.0
135060;762325;2022-04-25;FRC;V26;;;0;0;0.0;;;0.0;0.0;0.0;0.0;0.0;3.65;0.0;0.0
135061;762326;2022-04-25;FRC;F27;;;4;777;87478993.0;;;3.65;3.65;3.65;3.65;3.65;3.65;0.0;0.0
135062;762327;2022-04-25;FRC;J27;;;0;0;0.0;;;0.0;0.0;0.0;0.0;0.0;3.66;0.0;0.0
135063;762328;2022-04-25;FRC;F28;;;4;728;80568209.0;;;3.69;3.69;3.69;3.69;3.69;3.69;3.69;0.0
135064;762329;2022-04-25;FRC;F29;;;0;0;0.0;;;0.0;0.0;0.0;0.0;0.0;3.74;3.74;0.0
135065;762330;2022-04-25;FRC;F30;;;0;0;0.0;;;0.0;0.0;0.0;0.0;0.0;3.77;3.77;0.0
135066;762331;2022-04-25;FRC;F31;;;1;349;36413765.0;;;3.9;3.9;3.9;3.9;3.9;3.86;0.0;0.0
135067;762332;2022-04-25;FRC;F32;;;0;0;0.0;;;0.0;0.0;0.0;0.0;0.0;3.91;0.0;0.0
135068;762333;2022-04-25;FRC;F33;;;0;0;0.0;;;0.0;0.0;0.0;0.0;0.0;4.02;0.0;0.0
135069;762334;2022-04-25;FRC;F34;;;0;0;0.0;;;0.0;0.0;0.0;0.0;0.0;4.13;0.0;0.0
135070;762335;2022-04-25;FRC;F35;;;0;0;0.0;;;0.0;0.0;0.0;0.0;0.0;4.27;0.0;0.0
135071;762336;2022-04-25;FRC;F36;;;0;0;0.0;;;0.0;0.0;0.0;0.0;0.0;4.42;0.0;0.0
135072;762337;2022-04-25;FRC;F37;;;0;0;0.0;;;0.0;0.0;0.0;0.0;0.0;4.55;0.0;0.0
135073;762504;2022-04-26;FRC;M22;;;162;372700;18807829015.0;;;0.97;0.9;0.99;0.93;0.9;0.9;0.0;0.0
135074;762505;2022-04-26;FRC;N22;;;83;107298;13087771406.0;;;0.97;0.94;0.98;0.96;0.94;0.94;0.94;0.0
135075;762506;2022-04-26;FRC;Q22;;;49;36579;1843250727.0;;;1.43;1.41;1.43;1.42;1.42;1.42;0.0;0.0
135076;762507;2022-04-26;FRC;U22;;;11;12464;627399657.0;;;1.69;1.68;1.69;1.68;1.68;1.68;0.0;0.0
135077;762508;2022-04-26;FRC;V22;;;15;19103;2322421209.0;;;1.88;1.88;1.89;1.88;1.89;1.89;0.0;0.0
135078;762509;2022-04-26;FRC;X22;;;17;14129;709520323.0;;;2.02;2.02;2.05;2.04;2.05;2.05;0.0;0.0
135079;762510;2022-04-26;FRC;Z22;;;22;16432;824098904.0;;;2.18;2.18;2.21;2.19;2.2;2.2;0.0;0.0
135080;762511;2022-04-26;FRC;F23;;;30;22736;2752803986.0;;;2.42;2.37;2.42;2.38;2.38;2.38;0.0;0.0
135081;762512;2022-04-26;FRC;G23;;;8;2278;113881487.0;;;2.53;2.53;2.54;2.53;2.54;2.54;0.0;0.0
135082;762513;2022-04-26;FRC;H23;;;5;1030;51425166.0;;;2.62;2.62;2.62;2.62;2.62;2.62;0.0;0.0
135083;762514;2022-04-26;FRC;J23;;;28;30306;3652283444.0;;;2.71;2.7;2.73;2.71;2.72;2.72;0.0;0.0
135084;762515;2022-04-26;FRC;N23;;;14;21222;2545971707.0;;;2.91;2.91;2.93;2.91;2.93;2.93;0.0;2.93
135085;762516;2022-04-26;FRC;V23;;;10;2369;282614236.0;;;3.16;3.15;3.16;3.15;3.15;3.15;0.0;0.0
135086;762517;2022-04-26;FRC;F24;;;23;15905;1888377524.0;;;3.37;3.3;3.37;3.3;3.31;3.31;0.0;0.0
135087;762518;2022-04-26;FRC;J24;;;2;582;68774567.0;;;3.34;3.34;3.34;3.34;3.34;3.34;0.0;0.0
135088;762519;2022-04-26;FRC;N24;;;3;772;90836413.0;;;3.4;3.4;3.4;3.4;3.4;3.4;0.0;0.0
135089;762520;2022-04-26;FRC;V24;;;0;0;0.0;;;0.0;0.0;0.0;0.0;0.0;3.46;0.0;0.0
135090;762521;2022-04-26;FRC;F25;;;3;765;89136707.0;;;3.51;3.51;3.51;3.51;3.51;3.51;0.0;3.5
135091;762522;2022-04-26;FRC;J25;;;0;0;0.0;;;0.0;0.0;0.0;0.0;0.0;3.56;0.0;0.0
135092;762523;2022-04-26;FRC;N25;;;0;0;0.0;;;0.0;0.0;0.0;0.0;0.0;3.57;0.0;0.0
135093;762524;2022-04-26;FRC;V25;;;0;0;0.0;;;0.0;0.0;0.0;0.0;0.0;3.55;0.0;0.0
135094;762525;2022-04-26;FRC;F26;;;5;1712;195868286.0;;;3.62;3.54;3.62;3.59;3.54;3.54;0.0;0.0
135095;762526;2022-04-26;FRC;J26;;;1;1068;50280562.0;;;3.63;3.63;3.63;3.63;3.63;3.53;0.0;0.0
135096;762527;2022-04-26;FRC;N26;;;0;0;0.0;;;0.0;0.0;0.0;0.0;0.0;3.55;0.0;0.0
135097;762528;2022-04-26;FRC;V26;;;0;0;0.0;;;0.0;0.0;0.0;0.0;0.0;3.55;0.0;0.0
135098;762529;2022-04-26;FRC;F27;;;3;555;62520576.0;;;3.58;3.58;3.58;3.58;3.58;3.58;0.0;0.0
135099;762530;2022-04-26;FRC;J27;;;0;0;0.0;;;0.0;0.0;0.0;0.0;0.0;3.59;0.0;0.0
135100;762531;2022-04-26;FRC;F28;;;4;640;70683823.0;;;3.65;3.63;3.65;3.63;3.63;3.63;0.0;0.0
135101;762532;2022-04-26;FRC;F29;;;8;1188;128943164.0;;;3.7;3.68;3.7;3.68;3.68;3.68;0.0;0.0
135102;762533;2022-04-26;FRC;F30;;;3;534;56827873.0;;;3.73;3.73;3.73;3.73;3.73;3.73;0.0;0.0
135103;762534;2022-04-26;FRC;F31;;;0;0;0.0;;;0.0;0.0;0.0;0.0;0.0;3.83;0.0;0.0
135104;762535;2022-04-26;FRC;F32;;;1;345;14625621.0;;;3.89;3.89;3.89;3.89;3.89;3.88;0.0;0.0
135105;762536;2022-04-26;FRC;F33;;;4;629;26104374.0;;;4.0;4.0;4.0;4.0;4.0;4.0;0.0;0.0
135106;762537;2022-04-26;FRC;F34;;;0;0;0.0;;;0.0;0.0;0.0;0.0;0.0;4.1;0.0;0.0
135107;762538;2022-04-26;FRC;F35;;;1;165;6553347.0;;;4.22;4.22;4.22;4.22;4.22;4.22;0.0;0.0
135108;762539;2022-04-26;FRC;F36;;;3;486;18808389.0;;;4.38;4.38;4.38;4.38;4.38;4.38;0.0;0.0
135109;762540;2022-04-26;FRC;F37;;;0;0;0.0;;;0.0;0.0;0.0;0.0;0.0;4.51;0.0;0.0
135110;762707;2022-04-27;FRC;M22;;;247;410969;20509968549.0;;;0.89;0.7;0.91;0.74;0.74;0.72;0.73;0.0
135111;762708;2022-04-27;FRC;N22;;;58;110409;13407100166.0;;;0.94;0.8;0.94;0.82;0.82;0.82;0.82;0.0
135112;762709;2022-04-27;FRC;Q22;;;26;53702;2676161571.0;;;1.4;1.33;1.4;1.36;1.33;1.33;1.33;0.0
135113;762710;2022-04-27;FRC;U22;;;24;29441;1465673232.0;;;1.64;1.6;1.64;1.6;1.6;1.6;0.0;0.0
135114;762711;2022-04-27;FRC;V22;;;34;46098;5580048536.0;;;1.83;1.78;1.83;1.8;1.8;1.8;1.78;0.0
135115;762712;2022-04-27;FRC;X22;;;35;21632;1074336249.0;;;2.02;1.99;2.02;2.0;1.99;1.99;1.99;0.0
135116;762713;2022-04-27;FRC;Z22;;;8;7355;364839759.0;;;2.2;2.13;2.2;2.13;2.14;2.13;2.13;2.15
135117;762714;2022-04-27;FRC;F23;;;33;28170;3396278821.0;;;2.38;2.29;2.38;2.33;2.29;2.29;0.0;0.0
135118;762715;2022-04-27;FRC;G23;;;16;4020;198778916.0;;;2.48;2.47;2.48;2.47;2.47;2.48;0.0;0.0
135119;762716;2022-04-27;FRC;H23;;;2;60;2962912.0;;;2.61;2.56;2.61;2.59;2.56;2.56;0.0;0.0
135120;762717;2022-04-27;FRC;J23;;;25;17191;2062308815.0;;;2.69;2.67;2.71;2.69;2.67;2.67;0.0;0.0
135121;762718;2022-04-27;FRC;N23;;;13;5469;653217608.0;;;2.93;2.88;2.93;2.88;2.88;2.88;0.0;0.0
135122;762719;2022-04-27;FRC;V23;;;8;2212;262884136.0;;;3.09;3.09;3.09;3.09;3.09;3.09;3.09;0.0
135123;762720;2022-04-27;FRC;F24;;;18;6603;780840405.0;;;3.31;3.23;3.31;3.23;3.23;3.23;3.23;0.0
135124;762721;2022-04-27;FRC;J24;;;9;2657;312765761.0;;;3.34;3.28;3.38;3.3;3.28;3.28;0.0;0.0
135125;762722;2022-04-27;FRC;N24;;;2;424;49704423.0;;;3.4;3.37;3.4;3.39;3.37;3.35;0.0;0.0
135126;762723;2022-04-27;FRC;V24;;;0;0;0.0;;;0.0;0.0;0.0;0.0;0.0;3.41;0.0;0.0
135127;762724;2022-04-27;FRC;F25;;;9;1605;186403292.0;;;3.51;3.47;3.51;3.47;3.47;3.47;0.0;0.0
135128;762725;2022-04-27;FRC;J25;;;15;3105;147323583.0;;;3.54;3.5;3.56;3.51;3.5;3.5;3.48;0.0
135129;762726;2022-04-27;FRC;N25;;;0;0;0.0;;;0.0;0.0;0.0;0.0;0.0;3.53;0.0;0.0
135130;762727;2022-04-27;FRC;V25;;;0;0;0.0;;;0.0;0.0;0.0;0.0;0.0;3.52;0.0;0.0
135131;762728;2022-04-27;FRC;F26;;;4;753;85872091.0;;;3.54;3.52;3.54;3.52;3.53;3.53;0.0;0.0
135132;762729;2022-04-27;FRC;J26;;;2;376;17545726.0;;;3.53;3.51;3.53;3.51;3.51;3.53;0.0;0.0
135133;762730;2022-04-27;FRC;N26;;;1;299;33828910.0;;;3.52;3.52;3.52;3.52;3.52;3.55;0.0;0.0
135134;762731;2022-04-27;FRC;V26;;;2;149;6892201.0;;;3.55;3.52;3.55;3.52;3.52;3.56;0.0;0.0
135135;762732;2022-04-27;FRC;F27;;;8;1592;178285251.0;;;3.56;3.56;3.62;3.61;3.62;3.62;0.0;0.0
135136;762733;2022-04-27;FRC;J27;;;1;37;1695250.0;;;3.59;3.59;3.59;3.59;3.59;3.63;0.0;0.0
135137;762734;2022-04-27;FRC;F28;;;1;55;6038810.0;;;3.63;3.63;3.63;3.63;3.63;3.68;0.0;0.0
135138;762735;2022-04-27;FRC;F29;;;3;432;46561362.0;;;3.68;3.68;3.75;3.73;3.75;3.75;0.0;0.0
135139;762736;2022-04-27;FRC;F30;;;3;266;28184632.0;;;3.73;3.73;3.78;3.76;3.78;3.78;0.0;0.0
135140;762737;2022-04-27;FRC;F31;;;4;1364;141833386.0;;;3.83;3.8;3.83;3.82;3.8;3.89;0.0;0.0
135141;762738;2022-04-27;FRC;F32;;;1;1241;52035450.0;;;3.88;3.88;3.88;3.88;3.88;3.96;0.0;0.0
135142;762739;2022-04-27;FRC;F33;;;3;507;20709887.0;;;4.09;4.09;4.09;4.09;4.09;4.09;0.0;0.0
135143;762740;2022-04-27;FRC;F34;;;0;0;0.0;;;0.0;0.0;0.0;0.0;0.0;4.17;4.17;0.0
135144;762741;2022-04-27;FRC;F35;;;1;165;6466981.0;;;4.27;4.27;4.27;4.27;4.27;4.27;0.0;0.0
135145;762742;2022-04-27;FRC;F36;;;0;0;0.0;;;0.0;0.0;0.0;0.0;0.0;4.43;0.0;0.0
135146;762743;2022-04-27;FRC;F37;;;0;0;0.0;;;0.0;0.0;0.0;0.0;0.0;4.56;0.0;0.0
135147;762910;2022-04-28;FRC;N22;;;36;78772;9545284594.0;;;0.97;0.97;0.97;0.97;0.97;0.97;0.0;0.0
135148;762911;2022-04-28;FRC;Q22;;;6;10625;527040360.0;;;1.63;1.63;1.65;1.64;1.65;1.65;0.0;1.65
135149;762912;2022-04-28;FRC;U22;;;18;22749;1127145739.0;;;1.9;1.9;1.9;1.9;1.9;1.9;0.0;0.0
135150;762913;2022-04-28;FRC;V22;;;34;51015;6157538443.0;;;2.08;2.08;2.08;2.08;2.08;2.08;0.0;2.07
135151;762914;2022-04-28;FRC;X22;;;15;16717;826142144.0;;;2.28;2.28;2.28;2.28;2.28;2.28;0.0;2.28
135152;762915;2022-04-28;FRC;Z22;;;13;10935;539697014.0;;;2.4;2.4;2.4;2.4;2.4;2.4;0.0;0.0
135153;762916;2022-04-28;FRC;F23;;;15;7164;861071475.0;;;2.52;2.52;2.55;2.54;2.55;2.55;0.0;0.0
135154;762917;2022-04-28;FRC;G23;;;14;11493;565361410.0;;;2.73;2.73;2.73;2.73;2.73;2.73;0.0;0.0
135155;762918;2022-04-28;FRC;H23;;;19;8118;398804224.0;;;2.8;2.8;2.8;2.8;2.8;2.8;2.8;0.0
135156;762919;2022-04-28;FRC;J23;;;7;1799;215040952.0;;;2.88;2.88;2.92;2.91;2.92;2.92;0.0;0.0
135157;762920;2022-04-28;FRC;N23;;;5;808;96025545.0;;;3.13;3.13;3.13;3.13;3.13;3.13;0.0;0.0
135158;762921;2022-04-28;FRC;V23;;;5;804;95032679.0;;;3.23;3.23;3.34;3.33;3.34;3.34;0.0;0.0
135159;762922;2022-04-28;FRC;F24;;;13;3330;392030207.0;;;3.43;3.43;3.47;3.46;3.47;3.47;0.0;0.0
135160;762923;2022-04-28;FRC;J24;;;9;2406;281912824.0;;;3.44;3.44;3.51;3.48;3.51;3.51;0.0;0.0
135161;762924;2022-04-28;FRC;N24;;;0;0;0.0;;;0.0;0.0;0.0;0.0;0.0;3.56;0.0;0.0
135162;762925;2022-04-28;FRC;V24;;;0;0;0.0;;;0.0;0.0;0.0;0.0;0.0;3.6;0.0;0.0
135163;762926;2022-04-28;FRC;F25;;;14;4433;512166841.0;;;3.65;3.65;3.65;3.65;3.65;3.65;0.0;0.0
135164;762927;2022-04-28;FRC;J25;;;0;0;0.0;;;0.0;0.0;0.0;0.0;0.0;3.67;0.0;0.0
135165;762928;2022-04-28;FRC;N25;;;0;0;0.0;;;0.0;0.0;0.0;0.0;0.0;3.69;0.0;0.0
135166;762929;2022-04-28;FRC;V25;;;0;0;0.0;;;0.0;0.0;0.0;0.0;0.0;3.69;0.0;0.0
135167;762930;2022-04-28;FRC;F26;;;9;4891;554712198.0;;;3.69;3.69;3.69;3.69;3.69;3.69;0.0;0.0
135168;762931;2022-04-28;FRC;J26;;;0;0;0.0;;;0.0;0.0;0.0;0.0;0.0;3.69;0.0;0.0
135169;762932;2022-04-28;FRC;N26;;;1;187;21002905.0;;;3.7;3.7;3.7;3.7;3.7;3.7;0.0;0.0
135170;762933;2022-04-28;FRC;V26;;;0;0;0.0;;;0.0;0.0;0.0;0.0;0.0;3.69;0.0;0.0
135171;762934;2022-04-28;FRC;F27;;;11;3166;352576407.0;;;3.73;3.7;3.73;3.72;3.73;3.73;0.0;0.0
135172;762935;2022-04-28;FRC;J27;;;0;0;0.0;;;0.0;0.0;0.0;0.0;0.0;3.74;0.0;0.0
135173;762936;2022-04-28;FRC;F28;;;6;1458;159486213.0;;;3.77;3.77;3.77;3.77;3.77;3.77;0.0;0.0
135174;762937;2022-04-28;FRC;F29;;;9;2516;269961086.0;;;3.83;3.82;3.85;3.82;3.82;3.82;0.0;0.0
135175;762938;2022-04-28;FRC;F30;;;0;0;0.0;;;0.0;0.0;0.0;0.0;0.0;3.84;0.0;0.0
135176;762939;2022-04-28;FRC;F31;;;3;522;53945531.0;;;3.96;3.96;3.96;3.96;3.96;3.96;0.0;0.0
135177;762940;2022-04-28;FRC;F32;;;0;0;0.0;;;0.0;0.0;0.0;0.0;0.0;4.03;0.0;0.0
135178;762941;2022-04-28;FRC;F33;;;1;169;6858689.0;;;4.15;4.15;4.15;4.15;4.15;4.15;0.0;0.0
135179;762942;2022-04-28;FRC;F34;;;0;0;0.0;;;0.0;0.0;0.0;0.0;0.0;4.24;0.0;0.0
135180;762943;2022-04-28;FRC;F35;;;1;164;6368870.0;;;4.35;4.35;4.35;4.35;4.35;4.35;0.0;0.0
135181;762944;2022-04-28;FRC;F36;;;1;162;6144543.0;;;4.49;4.49;4.49;4.49;4.49;4.49;0.0;0.0
135182;762945;2022-04-28;FRC;F37;;;0;0;0.0;;;0.0;0.0;0.0;0.0;0.0;4.62;0.0;0.0
135183;763116;2022-04-29;FRC;N22;;;50;110876;13425952427.0;;;0.94;0.93;0.94;0.93;0.93;0.93;0.93;0.95
135184;763117;2022-04-29;FRC;Q22;;;17;33632;1665050967.0;;;1.65;1.6;1.65;1.62;1.63;1.63;0.0;0.0
135185;763118;2022-04-29;FRC;U22;;;11;18956;937409190.0;;;1.88;1.88;1.88;1.88;1.88;1.88;0.0;0.0
135186;763119;2022-04-29;FRC;V22;;;20;33121;3994439047.0;;;2.09;2.09;2.09;2.09;2.09;2.09;0.0;2.09
135187;763120;2022-04-29;FRC;X22;;;18;14428;711557091.0;;;2.32;2.32;2.32;2.32;2.32;2.32;2.32;0.0
135188;763121;2022-04-29;FRC;Z22;;;3;1392;68562057.0;;;2.43;2.43;2.43;2.43;2.43;2.43;2.43;0.0
135189;763122;2022-04-29;FRC;F23;;;20;6325;759860991.0;;;2.62;2.59;2.62;2.59;2.59;2.59;2.59;0.0
135190;763123;2022-04-29;FRC;G23;;;0;0;0.0;;;0.0;0.0;0.0;0.0;0.0;2.77;0.0;0.0
135191;763124;2022-04-29;FRC;H23;;;14;6137;300848651.0;;;2.84;2.84;2.84;2.84;2.84;2.84;0.0;0.0
135192;763125;2022-04-29;FRC;J23;;;9;3241;387082050.0;;;2.99;2.96;2.99;2.96;2.96;2.96;0.0;0.0
135193;763126;2022-04-29;FRC;K23;;;0;0;0.0;;;0.0;0.0;0.0;0.0;0.0;3.01;0.0;0.0
135194;763127;2022-04-29;FRC;N23;;;6;926;109943244.0;;;3.17;3.17;3.17;3.17;3.17;3.17;0.0;3.17
135195;763128;2022-04-29;FRC;V23;;;3;588;69422007.0;;;3.4;3.4;3.4;3.4;3.4;3.4;0.0;0.0
135196;763129;2022-04-29;FRC;F24;;;14;6134;721086854.0;;;3.55;3.52;3.55;3.52;3.52;3.52;0.0;0.0
135197;763130;2022-04-29;FRC;J24;;;12;5815;680412309.0;;;3.57;3.57;3.58;3.57;3.58;3.57;0.0;3.57
135198;763131;2022-04-29;FRC;N24;;;5;965;112352752.0;;;3.62;3.62;3.62;3.62;3.62;3.62;0.0;0.0
135199;763132;2022-04-29;FRC;V24;;;1;96;4557854.0;;;3.66;3.66;3.66;3.66;3.66;3.65;0.0;0.0
135200;763133;2022-04-29;FRC;F25;;;11;7531;868351684.0;;;3.79;3.69;3.8;3.7;3.69;3.69;0.0;0.0
135201;763134;2022-04-29;FRC;J25;;;6;1713;80538054.0;;;3.73;3.73;3.73;3.73;3.73;3.73;0.0;0.0
135202;763135;2022-04-29;FRC;N25;;;0;0;0.0;;;0.0;0.0;0.0;0.0;0.0;3.75;0.0;0.0
135203;763136;2022-04-29;FRC;V25;;;0;0;0.0;;;0.0;0.0;0.0;0.0;0.0;3.74;0.0;0.0
135204;763137;2022-04-29;FRC;F26;;;19;7690;870626058.0;;;3.75;3.74;3.75;3.74;3.74;3.74;0.0;0.0
135205;763138;2022-04-29;FRC;J26;;;0;0;0.0;;;0.0;0.0;0.0;0.0;0.0;3.73;0.0;0.0
135206;763139;2022-04-29;FRC;N26;;;1;187;20968937.0;;;3.73;3.73;3.73;3.73;3.73;3.73;0.0;0.0
135207;763140;2022-04-29;FRC;V26;;;0;0;0.0;;;0.0;0.0;0.0;0.0;0.0;3.72;0.0;0.0
135208;763141;2022-04-29;FRC;F27;;;6;2850;316918508.0;;;3.77;3.76;3.77;3.76;3.76;3.76;0.0;0.0
135209;763142;2022-04-29;FRC;J27;;;0;0;0.0;;;0.0;0.0;0.0;0.0;0.0;3.77;0.0;0.0
135210;763143;2022-04-29;FRC;F28;;;6;1092;119271794.0;;;3.81;3.81;3.81;3.81;3.81;3.81;0.0;0.0
135211;763144;2022-04-29;FRC;F29;;;9;2606;279303381.0;;;3.78;3.78;3.84;3.83;3.84;3.84;3.84;0.0
135212;763145;2022-04-29;FRC;F30;;;15;11158;1175013888.0;;;3.8;3.8;3.87;3.85;3.86;3.86;3.86;0.0
135213;763146;2022-04-29;FRC;F31;;;0;0;0.0;;;0.0;0.0;0.0;0.0;0.0;3.98;0.0;0.0
135214;763147;2022-04-29;FRC;F32;;;0;0;0.0;;;0.0;0.0;0.0;0.0;0.0;4.05;0.0;0.0
135215;763148;2022-04-29;FRC;F33;;;0;0;0.0;;;0.0;0.0;0.0;0.0;0.0;4.17;0.0;0.0
135216;763149;2022-04-29;FRC;F34;;;0;0;0.0;;;0.0;0.0;0.0;0.0;0.0;4.26;0.0;0.0
135217;763150;2022-04-29;FRC;F35;;;0;0;0.0;;;0.0;0.0;0.0;0.0;0.0;4.37;0.0;0.0
135218;763151;2022-04-29;FRC;F36;;;1;32;1205771.0;;;4.51;4.51;4.51;4.51;4.51;4.51;0.0;0.0
135219;763152;2022-04-29;FRC;F37;;;0;0;0.0;;;0.0;0.0;0.0;0.0;0.0;4.64;0.0;0.0
135220;763323;2022-05-02;FRC;N22;;;24;54978;6723073693.0;;;0.93;0.91;0.93;0.91;0.91;0.91;0.0;0.0
135221;763324;2022-05-02;FRC;Q22;;;13;8989;455706666.0;;;1.63;1.63;1.63;1.63;1.63;1.63;0.0;0.0
135222;763325;2022-05-02;FRC;U22;;;15;16463;833652717.0;;;1.88;1.88;1.9;1.89;1.9;1.9;0.0;0.0
135223;763326;2022-05-02;FRC;V22;;;17;27921;3400685527.0;;;2.09;2.09;2.09;2.09;2.09;2.09;0.0;0.0
135224;763327;2022-05-02;FRC;X22;;;14;5672;286458769.0;;;2.32;2.31;2.34;2.31;2.31;2.31;2.31;0.0
135225;763328;2022-05-02;FRC;Z22;;;16;9165;462243708.0;;;2.43;2.43;2.45;2.44;2.45;2.45;0.0;0.0
135226;763329;2022-05-02;FRC;F23;;;15;9442;1145275878.0;;;2.59;2.59;2.62;2.6;2.6;2.6;0.0;0.0
135227;763330;2022-05-02;FRC;G23;;;9;2416;121448936.0;;;2.77;2.77;2.77;2.77;2.77;2.77;2.77;0.0
135228;763331;2022-05-02;FRC;H23;;;4;990;49694075.0;;;2.87;2.87;2.87;2.87;2.87;2.87;0.0;0.0
135229;763332;2022-05-02;FRC;J23;;;7;2017;243166082.0;;;2.96;2.96;3.0;2.99;3.0;3.0;0.0;0.0
135230;763333;2022-05-02;FRC;K23;;;0;0;0.0;;;0.0;0.0;0.0;0.0;0.0;3.06;0.0;0.0
135231;763334;2022-05-02;FRC;N23;;;0;0;0.0;;;0.0;0.0;0.0;0.0;0.0;3.21;0.0;0.0
135232;763335;2022-05-02;FRC;V23;;;4;647;77117559.0;;;3.43;3.43;3.43;3.43;3.43;3.43;0.0;0.0
135233;763336;2022-05-02;FRC;F24;;;18;5044;598452580.0;;;3.52;3.52;3.58;3.57;3.58;3.58;0.0;3.58
135234;763337;2022-05-02;FRC;J24;;;3;155;18320817.0;;;3.58;3.58;3.58;3.58;3.58;3.63;0.0;0.0
135235;763338;2022-05-02;FRC;N24;;;2;405;47624700.0;;;3.62;3.62;3.68;3.64;3.68;3.68;0.0;0.0
135236;763339;2022-05-02;FRC;V24;;;0;0;0.0;;;0.0;0.0;0.0;0.0;0.0;3.71;0.0;0.0
135237;763340;2022-05-02;FRC;F25;;;17;6284;731581427.0;;;3.69;3.69;3.75;3.74;3.75;3.75;0.0;0.0
135238;763341;2022-05-02;FRC;J25;;;6;1178;56699729.0;;;3.73;3.73;3.75;3.74;3.75;3.75;3.75;0.0
135239;763342;2022-05-02;FRC;N25;;;0;0;0.0;;;0.0;0.0;0.0;0.0;0.0;3.79;0.0;0.0
135240;763343;2022-05-02;FRC;V25;;;0;0;0.0;;;0.0;0.0;0.0;0.0;0.0;3.79;0.0;0.0
135241;763344;2022-05-02;FRC;F26;;;13;4698;536485837.0;;;3.74;3.74;3.81;3.8;3.81;3.81;0.0;0.0
135242;763345;2022-05-02;FRC;J26;;;0;0;0.0;;;0.0;0.0;0.0;0.0;0.0;3.82;0.0;0.0
135243;763346;2022-05-02;FRC;N26;;;0;0;0.0;;;0.0;0.0;0.0;0.0;0.0;3.81;0.0;0.0
135244;763347;2022-05-02;FRC;V26;;;0;0;0.0;;;0.0;0.0;0.0;0.0;0.0;3.8;0.0;0.0
135245;763348;2022-05-02;FRC;F27;;;17;7952;891827126.0;;;3.76;3.76;3.85;3.81;3.85;3.85;0.0;0.0
135246;763349;2022-05-02;FRC;J27;;;2;2582;119914281.0;;;3.77;3.77;3.77;3.77;3.77;3.86;0.0;0.0
135247;763350;2022-05-02;FRC;F28;;;8;1529;168190429.0;;;3.81;3.81;3.9;3.88;3.9;3.9;0.0;0.0
135248;763351;2022-05-02;FRC;F29;;;9;3874;418933988.0;;;3.84;3.84;3.94;3.88;3.94;3.94;0.0;0.0
135249;763352;2022-05-02;FRC;F30;;;5;2496;265525172.0;;;3.86;3.86;3.86;3.86;3.86;3.97;0.0;0.0
135250;763353;2022-05-02;FRC;F31;;;5;2752;286358075.0;;;3.98;3.98;4.1;3.99;4.1;4.1;0.0;0.0
135251;763354;2022-05-02;FRC;F32;;;0;0;0.0;;;0.0;0.0;0.0;0.0;0.0;4.17;4.15;4.25
135252;763355;2022-05-02;FRC;F33;;;0;0;0.0;;;0.0;0.0;0.0;0.0;0.0;4.29;0.0;0.0
135253;763356;2022-05-02;FRC;F34;;;0;0;0.0;;;0.0;0.0;0.0;0.0;0.0;4.38;0.0;0.0
135254;763357;2022-05-02;FRC;F35;;;0;0;0.0;;;0.0;0.0;0.0;0.0;0.0;4.49;0.0;0.0
135255;763358;2022-05-02;FRC;F36;;;0;0;0.0;;;0.0;0.0;0.0;0.0;0.0;4.63;0.0;0.0
135256;763359;2022-05-02;FRC;F37;;;0;0;0.0;;;0.0;0.0;0.0;0.0;0.0;4.76;0.0;0.0
135257;763526;2022-05-03;FRC;N22;;;44;65439;7927683007.0;;;0.89;0.84;0.89;0.88;0.89;0.89;0.0;0.0
135258;763527;2022-05-03;FRC;Q22;;;27;21390;1060041406.0;;;1.6;1.6;1.62;1.61;1.62;1.62;0.0;0.0
135259;763528;2022-05-03;FRC;U22;;;37;47094;2331138176.0;;;1.91;1.9;1.91;1.9;1.9;1.9;1.88;1.91
135260;763529;2022-05-03;FRC;V22;;;19;15862;1914169327.0;;;2.08;2.07;2.08;2.07;2.08;2.08;2.08;0.0
135261;763530;2022-05-03;FRC;X22;;;28;30847;1522934594.0;;;2.3;2.3;2.31;2.3;2.31;2.31;2.31;0.0
135262;763531;2022-05-03;FRC;Z22;;;21;17932;884037500.0;;;2.45;2.45;2.48;2.46;2.48;2.47;0.0;0.0
135263;763532;2022-05-03;FRC;F23;;;17;8471;1017838129.0;;;2.61;2.61;2.62;2.61;2.62;2.61;2.61;0.0
135264;763533;2022-05-03;FRC;G23;;;8;2575;126521405.0;;;2.8;2.8;2.8;2.8;2.8;2.8;0.0;0.0
135265;763534;2022-05-03;FRC;H23;;;7;1584;77707234.0;;;2.92;2.92;2.92;2.92;2.92;2.92;0.0;0.0
135266;763535;2022-05-03;FRC;J23;;;8;2685;320888432.0;;;2.96;2.96;3.04;3.03;3.04;3.04;3.04;0.0
135267;763536;2022-05-03;FRC;K23;;;4;4634;226587286.0;;;3.08;3.08;3.11;3.08;3.08;3.11;3.11;0.0
135268;763537;2022-05-03;FRC;N23;;;9;1398;166056954.0;;;3.21;3.2;3.24;3.23;3.24;3.24;0.0;0.0
135269;763538;2022-05-03;FRC;V23;;;4;647;76384058.0;;;3.43;3.43;3.45;3.44;3.45;3.45;3.45;0.0
135270;763539;2022-05-03;FRC;F24;;;15;12163;1430334487.0;;;3.58;3.56;3.59;3.57;3.59;3.59;3.59;0.0
135271;763540;2022-05-03;FRC;J24;;;9;5675;664046822.0;;;3.63;3.63;3.65;3.64;3.65;3.65;3.65;0.0
135272;763541;2022-05-03;FRC;N24;;;6;539;62821648.0;;;3.68;3.68;3.69;3.68;3.69;3.69;0.0;0.0
135273;763542;2022-05-03;FRC;V24;;;2;384;18238844.0;;;3.72;3.72;3.72;3.72;3.72;3.72;0.0;0.0
135274;763543;2022-05-03;FRC;F25;;;11;1776;204764776.0;;;3.73;3.73;3.77;3.76;3.77;3.77;0.0;0.0
135275;763544;2022-05-03;FRC;J25;;;2;380;17874316.0;;;3.77;3.77;3.77;3.77;3.77;3.77;0.0;0.0
135276;763545;2022-05-03;FRC;N25;;;3;227;25942502.0;;;3.8;3.8;3.8;3.8;3.8;3.8;0.0;0.0
135277;763546;2022-05-03;FRC;V25;;;6;1322;61603362.0;;;3.8;3.8;3.8;3.8;3.8;3.8;0.0;0.0
135278;763547;2022-05-03;FRC;F26;;;10;2105;238094446.0;;;3.81;3.81;3.81;3.81;3.81;3.81;0.0;0.0
135279;763548;2022-05-03;FRC;J26;;;0;0;0.0;;;0.0;0.0;0.0;0.0;0.0;3.83;0.0;0.0
135280;763549;2022-05-03;FRC;N26;;;2;38;4213985.0;;;3.83;3.83;3.83;3.83;3.83;3.83;0.0;0.0
135281;763550;2022-05-03;FRC;V26;;;3;558;25527599.0;;;3.83;3.83;3.83;3.83;3.83;3.83;0.0;0.0
135282;763551;2022-05-03;FRC;F27;;;5;925;102618315.0;;;3.86;3.86;3.86;3.86;3.86;3.86;3.86;0.0
135283;763552;2022-05-03;FRC;J27;;;0;0;0.0;;;0.0;0.0;0.0;0.0;0.0;3.87;0.0;0.0
135284;763553;2022-05-03;FRC;F28;;;6;1092;118902003.0;;;3.91;3.91;3.91;3.91;3.91;3.91;3.91;0.0
135285;763554;2022-05-03;FRC;F29;;;3;716;76502751.0;;;3.97;3.97;3.97;3.97;3.97;3.97;3.96;0.0
135286;763555;2022-05-03;FRC;F30;;;0;0;0.0;;;0.0;0.0;0.0;0.0;0.0;4.06;0.0;0.0
135287;763556;2022-05-03;FRC;F31;;;4;692;71056319.0;;;4.14;4.14;4.14;4.14;4.14;4.14;0.0;0.0
135288;763557;2022-05-03;FRC;F32;;;1;171;7030370.0;;;4.25;4.25;4.25;4.25;4.25;4.25;0.0;0.0
135289;763558;2022-05-03;FRC;F33;;;3;504;20242531.0;;;4.37;4.37;4.37;4.37;4.37;4.37;0.0;0.0
135290;763559;2022-05-03;FRC;F34;;;0;0;0.0;;;0.0;0.0;0.0;0.0;0.0;4.46;0.0;0.0
135291;763560;2022-05-03;FRC;F35;;;0;0;0.0;;;0.0;0.0;0.0;0.0;0.0;4.57;0.0;0.0
135292;763561;2022-05-03;FRC;F36;;;0;0;0.0;;;0.0;0.0;0.0;0.0;0.0;4.71;0.0;0.0
135293;763562;2022-05-03;FRC;F37;;;0;0;0.0;;;0.0;0.0;0.0;0.0;0.0;4.84;0.0;0.0
135294;763728;2022-05-04;FRC;N22;;;14;61181;7400871091.0;;;0.84;0.84;0.84;0.84;0.84;0.84;0.0;0.0
135295;763729;2022-05-04;FRC;Q22;;;6;3297;162785346.0;;;1.64;1.56;1.64;1.56;1.56;1.57;0.0;0.0
135296;763730;2022-05-04;FRC;U22;;;18;18897;931971395.0;;;1.84;1.84;1.84;1.84;1.84;1.84;0.0;0.0
135297;763731;2022-05-04;FRC;V22;;;13;8210;989385273.0;;;2.1;2.04;2.13;2.04;2.04;2.04;0.0;2.05
135298;763732;2022-05-04;FRC;X22;;;9;4040;198725196.0;;;2.33;2.26;2.36;2.26;2.26;2.26;2.26;0.0
135299;763733;2022-05-04;FRC;Z22;;;16;8451;415124184.0;;;2.48;2.42;2.52;2.42;2.42;2.42;2.4;0.0
135300;763734;2022-05-04;FRC;F23;;;17;11212;1345057106.0;;;2.66;2.55;2.66;2.59;2.55;2.55;0.0;2.56
135301;763735;2022-05-04;FRC;G23;;;0;0;0.0;;;0.0;0.0;0.0;0.0;0.0;2.75;0.0;2.76
135302;763736;2022-05-04;FRC;H23;;;3;297;14518032.0;;;2.92;2.87;2.92;2.87;2.87;2.87;0.0;2.87
135303;763737;2022-05-04;FRC;J23;;;13;6500;775380524.0;;;3.05;3.0;3.09;3.02;3.0;3.0;2.96;3.0
135304;763738;2022-05-04;FRC;K23;;;25;6886;335400061.0;;;3.12;3.09;3.14;3.1;3.09;3.07;0.0;0.0
135305;763739;2022-05-04;FRC;N23;;;16;8280;982912213.0;;;3.24;3.2;3.24;3.2;3.21;3.21;0.0;3.21
135306;763740;2022-05-04;FRC;V23;;;3;98;11557691.0;;;3.45;3.4;3.45;3.42;3.4;3.42;0.0;0.0
135307;763741;2022-05-04;FRC;F24;;;10;1168;137140278.0;;;3.59;3.55;3.61;3.56;3.55;3.55;0.0;0.0
135308;763742;2022-05-04;FRC;J24;;;3;2518;294350129.0;;;3.65;3.61;3.65;3.61;3.61;3.61;3.6;0.0
135309;763743;2022-05-04;FRC;N24;;;5;173;20162558.0;;;3.69;3.64;3.69;3.65;3.64;3.64;0.0;3.64
135310;763744;2022-05-04;FRC;V24;;;2;77;3644415.0;;;3.72;3.67;3.72;3.7;3.67;3.67;0.0;0.0
135311;763745;2022-05-04;FRC;F25;;;12;2883;332182144.0;;;3.78;3.7;3.78;3.73;3.7;3.71;0.0;0.0
135312;763746;2022-05-04;FRC;J25;;;7;4014;188076980.0;;;3.77;3.77;3.79;3.78;3.79;3.71;0.0;0.0
135313;763747;2022-05-04;FRC;N25;;;5;2008;229235564.0;;;3.8;3.73;3.8;3.74;3.73;3.74;0.0;0.0
135314;763748;2022-05-04;FRC;V25;;;5;964;44795420.0;;;3.8;3.74;3.8;3.74;3.74;3.74;0.0;0.0
135315;763749;2022-05-04;FRC;F26;;;11;1729;195554474.0;;;3.81;3.75;3.81;3.75;3.75;3.75;0.0;0.0
135316;763750;2022-05-04;FRC;J26;;;1;19;874517.0;;;3.83;3.83;3.83;3.83;3.83;3.77;0.0;0.0
135317;763751;2022-05-04;FRC;N26;;;1;37;4158585.0;;;3.83;3.83;3.83;3.83;3.83;3.78;0.0;0.0
135318;763752;2022-05-04;FRC;V26;;;1;74;3371331.0;;;3.83;3.83;3.83;3.83;3.83;3.78;0.0;0.0
135319;763753;2022-05-04;FRC;F27;;;7;1073;119002111.0;;;3.86;3.82;3.86;3.82;3.82;3.82;0.0;0.0
135320;763754;2022-05-04;FRC;J27;;;1;129;5821864.0;;;3.87;3.87;3.87;3.87;3.87;3.83;0.0;0.0
135321;763755;2022-05-04;FRC;F28;;;0;0;0.0;;;0.0;0.0;0.0;0.0;0.0;3.87;0.0;0.0
135322;763756;2022-05-04;FRC;F29;;;0;0;0.0;;;0.0;0.0;0.0;0.0;0.0;3.94;0.0;0.0
135323;763757;2022-05-04;FRC;F30;;;1;106;11061696.0;;;4.06;4.06;4.06;4.06;4.06;4.03;0.0;0.0
135324;763758;2022-05-04;FRC;F31;;;6;3020;309191154.0;;;4.14;4.12;4.14;4.13;4.12;4.12;0.0;0.0
135325;763759;2022-05-04;FRC;F32;;;2;2561;104868870.0;;;4.25;4.23;4.25;4.24;4.23;4.23;0.0;0.0
135326;763760;2022-05-04;FRC;F33;;;1;790;31614082.0;;;4.37;4.37;4.37;4.37;4.37;4.35;0.0;0.0
135327;763761;2022-05-04;FRC;F34;;;1;66;2582450.0;;;4.45;4.45;4.45;4.45;4.45;4.44;0.0;0.0
135328;763762;2022-05-04;FRC;F35;;;0;0;0.0;;;0.0;0.0;0.0;0.0;0.0;4.55;0.0;0.0
135329;763763;2022-05-04;FRC;F36;;;0;0;0.0;;;0.0;0.0;0.0;0.0;0.0;4.69;0.0;0.0
135330;763764;2022-05-04;FRC;F37;;;0;0;0.0;;;0.0;0.0;0.0;0.0;0.0;4.82;0.0;0.0
135331;763930;2022-05-05;FRC;N22;;;123;163431;19863247288.0;;;0.87;0.87;0.96;0.93;0.94;0.94;0.0;0.99
135332;763931;2022-05-05;FRC;Q22;;;11;11585;578731753.0;;;1.63;1.63;1.63;1.63;1.63;1.63;0.0;0.0
135333;763932;2022-05-05;FRC;U22;;;11;29911;1492579485.0;;;1.84;1.84;1.91;1.86;1.91;1.91;0.0;0.0
135334;763933;2022-05-05;FRC;V22;;;11;21902;2651896696.0;;;2.04;2.04;2.15;2.06;2.11;2.11;0.0;0.0
135335;763934;2022-05-05;FRC;X22;;;13;7164;356516915.0;;;2.33;2.33;2.33;2.33;2.33;2.33;0.0;0.0
135336;763935;2022-05-05;FRC;Z22;;;15;9939;493925029.0;;;2.48;2.48;2.48;2.48;2.48;2.48;0.0;0.0
135337;763936;2022-05-05;FRC;F23;;;17;7001;844153800.0;;;2.58;2.58;2.63;2.62;2.63;2.63;0.0;0.0
135338;763937;2022-05-05;FRC;G23;;;11;7725;382600173.0;;;2.82;2.82;2.82;2.82;2.82;2.82;0.0;0.0
135339;763938;2022-05-05;FRC;H23;;;4;2176;107593656.0;;;2.96;2.96;2.96;2.96;2.96;2.96;0.0;2.96
135340;763939;2022-05-05;FRC;J23;;;16;5408;648376222.0;;;3.09;3.09;3.09;3.09;3.09;3.09;0.0;3.09
135341;763940;2022-05-05;FRC;K23;;;12;7591;374050239.0;;;3.07;3.07;3.19;3.14;3.19;3.19;0.0;0.0
135342;763941;2022-05-05;FRC;N23;;;10;5324;635170776.0;;;3.21;3.21;3.31;3.26;3.31;3.31;0.0;3.31
135343;763942;2022-05-05;FRC;V23;;;9;1737;206160688.0;;;3.42;3.42;3.52;3.51;3.52;3.52;0.0;3.52
135344;763943;2022-05-05;FRC;F24;;;13;5696;672057246.0;;;3.63;3.63;3.63;3.63;3.63;3.63;0.0;3.63
135345;763944;2022-05-05;FRC;J24;;;10;1493;175097159.0;;;3.6;3.6;3.69;3.68;3.69;3.69;0.0;3.69
135346;763945;2022-05-05;FRC;N24;;;10;2624;306380958.0;;;3.65;3.65;3.71;3.7;3.71;3.71;0.0;0.0
135347;763946;2022-05-05;FRC;V24;;;4;960;45956195.0;;;3.74;3.74;3.74;3.74;3.74;3.74;0.0;0.0
135348;763947;2022-05-05;FRC;F25;;;10;1757;203277727.0;;;3.8;3.72;3.8;3.76;3.77;3.77;3.75;0.0
135349;763948;2022-05-05;FRC;J25;;;1;190;9015402.0;;;3.72;3.72;3.72;3.72;3.72;3.77;0.0;0.0
135350;763949;2022-05-05;FRC;N25;;;0;0;0.0;;;0.0;0.0;0.0;0.0;0.0;3.8;0.0;0.0
135351;763950;2022-05-05;FRC;V25;;;1;75;3524228.0;;;3.75;3.75;3.75;3.75;3.75;3.81;0.0;0.0
135352;763951;2022-05-05;FRC;F26;;;8;1917;217520957.0;;;3.82;3.82;3.82;3.82;3.82;3.82;0.0;0.0
135353;763952;2022-05-05;FRC;J26;;;0;0;0.0;;;0.0;0.0;0.0;0.0;0.0;3.84;0.0;0.0
135354;763953;2022-05-05;FRC;N26;;;0;0;0.0;;;0.0;0.0;0.0;0.0;0.0;3.86;0.0;0.0
135355;763954;2022-05-05;FRC;V26;;;1;185;8523222.0;;;3.86;3.86;3.86;3.86;3.86;3.86;0.0;0.0
135356;763955;2022-05-05;FRC;F27;;;14;8254;918861302.0;;;3.84;3.84;3.9;3.89;3.88;3.88;0.0;3.9
135357;763956;2022-05-05;FRC;J27;;;1;184;8405068.0;;;3.85;3.85;3.85;3.85;3.85;3.89;0.0;0.0
135358;763957;2022-05-05;FRC;F28;;;4;981;107126989.0;;;3.97;3.95;3.97;3.95;3.95;3.93;0.0;0.0
135359;763958;2022-05-05;FRC;F29;;;0;0;0.0;;;0.0;0.0;0.0;0.0;0.0;4.0;0.0;0.0
135360;763959;2022-05-05;FRC;F30;;;0;0;0.0;;;0.0;0.0;0.0;0.0;0.0;4.09;0.0;0.0
135361;763960;2022-05-05;FRC;F31;;;0;0;0.0;;;0.0;0.0;0.0;0.0;0.0;4.18;0.0;0.0
135362;763961;2022-05-05;FRC;F32;;;0;0;0.0;;;0.0;0.0;0.0;0.0;0.0;4.29;0.0;0.0
135363;763962;2022-05-05;FRC;F33;;;0;0;0.0;;;0.0;0.0;0.0;0.0;0.0;4.41;0.0;0.0
135364;763963;2022-05-05;FRC;F34;;;0;0;0.0;;;0.0;0.0;0.0;0.0;0.0;4.5;0.0;0.0
135365;763964;2022-05-05;FRC;F35;;;0;0;0.0;;;0.0;0.0;0.0;0.0;0.0;4.61;0.0;0.0
135366;763965;2022-05-05;FRC;F36;;;0;0;0.0;;;0.0;0.0;0.0;0.0;0.0;4.75;0.0;0.0
135367;763966;2022-05-05;FRC;F37;;;0;0;0.0;;;0.0;0.0;0.0;0.0;0.0;4.88;0.0;0.0
135368;764132;2022-05-06;FRC;N22;;;15;65475;7977136002.0;;;0.94;0.89;0.95;0.9;0.91;0.89;0.9;0.92
135369;764133;2022-05-06;FRC;Q22;;;6;4095;205738845.0;;;1.62;1.61;1.62;1.61;1.61;1.61;1.61;1.63
135370;764134;2022-05-06;FRC;U22;;;16;32765;1644251138.0;;;1.91;1.88;1.93;1.89;1.88;1.88;1.88;0.0
135371;764135;2022-05-06;FRC;V22;;;10;12755;1547978240.0;;;2.08;2.08;2.08;2.08;2.08;2.08;2.08;2.1
135372;764136;2022-05-06;FRC;X22;;;18;18290;915450857.0;;;2.33;2.31;2.33;2.31;2.31;2.31;2.3;2.32
135373;764137;2022-05-06;FRC;Z22;;;10;10139;506786192.0;;;2.45;2.45;2.46;2.45;2.46;2.45;2.45;2.47
135374;764138;2022-05-06;FRC;F23;;;16;7936;959037126.0;;;2.61;2.61;2.61;2.61;2.61;2.61;0.0;2.61
135375;764139;2022-05-06;FRC;G23;;;9;5230;260540345.0;;;2.82;2.79;2.82;2.79;2.79;2.79;0.0;0.0
135376;764140;2022-05-06;FRC;H23;;;10;2514;125034649.0;;;2.96;2.93;2.96;2.93;2.93;2.93;0.0;0.0
135377;764141;2022-05-06;FRC;J23;;;15;4755;571695947.0;;;3.09;3.06;3.09;3.06;3.06;3.06;0.0;0.0
135378;764142;2022-05-06;FRC;K23;;;1;197;9760782.0;;;3.19;3.19;3.19;3.19;3.19;3.19;0.0;3.19
135379;764143;2022-05-06;FRC;N23;;;10;2145;256251669.0;;;3.31;3.26;3.31;3.27;3.26;3.28;0.0;3.28
135380;764144;2022-05-06;FRC;V23;;;12;2696;320628130.0;;;3.52;3.5;3.52;3.5;3.5;3.5;0.0;0.0
135381;764145;2022-05-06;FRC;F24;;;24;9087;1074538748.0;;;3.65;3.57;3.65;3.6;3.57;3.6;3.57;3.59
135382;764146;2022-05-06;FRC;J24;;;5;1568;184597005.0;;;3.69;3.65;3.69;3.65;3.65;3.65;3.65;0.0
135383;764147;2022-05-06;FRC;N24;;;0;0;0.0;;;0.0;0.0;0.0;0.0;0.0;3.68;3.68;3.69
135384;764148;2022-05-06;FRC;V24;;;13;2534;122013976.0;;;3.73;3.73;3.73;3.73;3.73;3.73;0.0;3.73
135385;764149;2022-05-06;FRC;F25;;;25;11403;1322738177.0;;;3.77;3.75;3.77;3.75;3.75;3.75;0.0;3.75
135386;764150;2022-05-06;FRC;J25;;;0;0;0.0;;;0.0;0.0;0.0;0.0;0.0;3.76;0.0;0.0
135387;764151;2022-05-06;FRC;N25;;;0;0;0.0;;;0.0;0.0;0.0;0.0;0.0;3.8;0.0;0.0
135388;764152;2022-05-06;FRC;V25;;;0;0;0.0;;;0.0;0.0;0.0;0.0;0.0;3.83;0.0;0.0
135389;764153;2022-05-06;FRC;F26;;;7;1203;136717247.0;;;3.85;3.85;3.85;3.85;3.85;3.85;0.0;0.0
135390;764154;2022-05-06;FRC;J26;;;0;0;0.0;;;0.0;0.0;0.0;0.0;0.0;3.87;0.0;0.0
135391;764155;2022-05-06;FRC;N26;;;0;0;0.0;;;0.0;0.0;0.0;0.0;0.0;3.89;0.0;0.0
135392;764156;2022-05-06;FRC;V26;;;2;204;9449612.0;;;3.89;3.86;3.89;3.88;3.86;3.89;0.0;0.0
135393;764157;2022-05-06;FRC;F27;;;7;1202;133947874.0;;;3.91;3.91;3.91;3.91;3.91;3.91;3.91;3.95
135394;764158;2022-05-06;FRC;J27;;;0;0;0.0;;;0.0;0.0;0.0;0.0;0.0;3.93;0.0;0.0
135395;764159;2022-05-06;FRC;F28;;;7;1274;139117366.0;;;3.99;3.99;3.99;3.99;3.99;3.99;0.0;0.0
135396;764160;2022-05-06;FRC;F29;;;2;358;38296998.0;;;4.08;4.08;4.08;4.08;4.08;4.08;0.0;0.0
135397;764161;2022-05-06;FRC;F30;;;0;0;0.0;;;0.0;0.0;0.0;0.0;0.0;4.17;0.0;4.2
135398;764162;2022-05-06;FRC;F31;;;2;519;53221365.0;;;4.28;4.28;4.28;4.28;4.28;4.26;0.0;0.0
135399;764163;2022-05-06;FRC;F32;;;0;0;0.0;;;0.0;0.0;0.0;0.0;0.0;4.37;0.0;0.0
135400;764164;2022-05-06;FRC;F33;;;0;0;0.0;;;0.0;0.0;0.0;0.0;0.0;4.49;0.0;0.0
135401;764165;2022-05-06;FRC;F34;;;0;0;0.0;;;0.0;0.0;0.0;0.0;0.0;4.58;0.0;0.0
135402;764166;2022-05-06;FRC;F35;;;0;0;0.0;;;0.0;0.0;0.0;0.0;0.0;4.69;0.0;0.0
135403;764167;2022-05-06;FRC;F36;;;0;0;0.0;;;0.0;0.0;0.0;0.0;0.0;4.83;0.0;0.0
135404;764168;2022-05-06;FRC;F37;;;0;0;0.0;;;0.0;0.0;0.0;0.0;0.0;4.96;0.0;0.0
135405;764334;2022-05-09;FRC;N22;;;28;63375;7720083820.0;;;0.85;0.85;0.93;0.89;0.93;0.9;0.91;0.93
135406;764335;2022-05-09;FRC;Q22;;;7;13283;667028346.0;;;1.6;1.6;1.6;1.6;1.6;1.6;1.6;1.65
135407;764336;2022-05-09;FRC;U22;;;16;51120;2564293359.0;;;1.85;1.85;1.88;1.85;1.85;1.85;1.86;0.0
135408;764337;2022-05-09;FRC;V22;;;15;31347;3804487916.0;;;2.08;2.04;2.08;2.05;2.05;2.05;0.0;0.0
135409;764338;2022-05-09;FRC;X22;;;12;5075;253927082.0;;;2.27;2.25;2.27;2.25;2.25;2.25;0.0;0.0
135410;764339;2022-05-09;FRC;Z22;;;42;16138;806371728.0;;;2.4;2.38;2.41;2.4;2.4;2.4;2.4;0.0
135411;764340;2022-05-09;FRC;F23;;;21;9919;1198935629.0;;;2.61;2.55;2.61;2.56;2.56;2.56;0.0;2.57
135412;764341;2022-05-09;FRC;G23;;;8;1802;89740585.0;;;2.75;2.75;2.75;2.75;2.75;2.75;0.0;2.75
135413;764342;2022-05-09;FRC;H23;;;19;6551;325744456.0;;;2.9;2.87;2.9;2.87;2.87;2.87;0.0;2.87
135414;764343;2022-05-09;FRC;J23;;;24;7431;892903782.0;;;3.02;2.97;3.04;3.0;3.0;3.0;0.0;3.0
135415;764344;2022-05-09;FRC;K23;;;12;3785;187517912.0;;;3.14;3.12;3.14;3.12;3.12;3.12;0.0;0.0
135416;764345;2022-05-09;FRC;N23;;;13;2657;317549431.0;;;3.22;3.22;3.23;3.22;3.22;3.22;0.0;3.22
135417;764346;2022-05-09;FRC;V23;;;6;1351;160593862.0;;;3.46;3.41;3.47;3.42;3.41;3.41;3.4;0.0
135418;764347;2022-05-09;FRC;F24;;;13;4886;578302486.0;;;3.51;3.51;3.51;3.51;3.51;3.51;0.0;0.0
135419;764348;2022-05-09;FRC;J24;;;14;4091;481873164.0;;;3.6;3.55;3.6;3.55;3.55;3.55;0.0;0.0
135420;764349;2022-05-09;FRC;N24;;;1;116;13573712.0;;;3.65;3.65;3.65;3.65;3.65;3.6;0.0;3.61
135421;764350;2022-05-09;FRC;V24;;;21;14438;695443295.0;;;3.68;3.66;3.68;3.66;3.66;3.66;0.0;3.66
135422;764351;2022-05-09;FRC;F25;;;13;3764;436963019.0;;;3.7;3.7;3.7;3.7;3.7;3.7;0.0;3.7
135423;764352;2022-05-09;FRC;J25;;;0;0;0.0;;;0.0;0.0;0.0;0.0;0.0;3.71;0.0;0.0
135424;764353;2022-05-09;FRC;N25;;;0;0;0.0;;;0.0;0.0;0.0;0.0;0.0;3.75;0.0;0.0
135425;764354;2022-05-09;FRC;V25;;;0;0;0.0;;;0.0;0.0;0.0;0.0;0.0;3.77;0.0;3.78
135426;764355;2022-05-09;FRC;F26;;;6;2049;233209462.0;;;3.79;3.79;3.79;3.79;3.79;3.79;0.0;3.8
135427;764356;2022-05-09;FRC;J26;;;0;0;0.0;;;0.0;0.0;0.0;0.0;0.0;3.81;0.0;0.0
135428;764357;2022-05-09;FRC;N26;;;0;0;0.0;;;0.0;0.0;0.0;0.0;0.0;3.83;0.0;3.83
135429;764358;2022-05-09;FRC;V26;;;0;0;0.0;;;0.0;0.0;0.0;0.0;0.0;3.82;0.0;0.0
135430;764359;2022-05-09;FRC;F27;;;8;1535;171423674.0;;;3.84;3.84;3.84;3.84;3.84;3.84;0.0;0.0
135431;764360;2022-05-09;FRC;J27;;;0;0;0.0;;;0.0;0.0;0.0;0.0;0.0;3.86;0.0;0.0
135432;764361;2022-05-09;FRC;F28;;;1;909;99537339.0;;;3.93;3.93;3.93;3.93;3.93;3.92;0.0;0.0
135433;764362;2022-05-09;FRC;F29;;;5;1074;115225888.0;;;4.01;4.01;4.01;4.01;4.01;4.01;0.0;0.0
135434;764363;2022-05-09;FRC;F30;;;0;0;0.0;;;0.0;0.0;0.0;0.0;0.0;4.1;0.0;0.0
135435;764364;2022-05-09;FRC;F31;;;0;0;0.0;;;0.0;0.0;0.0;0.0;0.0;4.2;0.0;0.0
135436;764365;2022-05-09;FRC;F32;;;0;0;0.0;;;0.0;0.0;0.0;0.0;0.0;4.31;0.0;0.0
135437;764366;2022-05-09;FRC;F33;;;0;0;0.0;;;0.0;0.0;0.0;0.0;0.0;4.43;0.0;0.0
135438;764367;2022-05-09;FRC;F34;;;0;0;0.0;;;0.0;0.0;0.0;0.0;0.0;4.52;0.0;0.0
135439;764368;2022-05-09;FRC;F35;;;0;0;0.0;;;0.0;0.0;0.0;0.0;0.0;4.63;0.0;0.0
135440;764369;2022-05-09;FRC;F36;;;0;0;0.0;;;0.0;0.0;0.0;0.0;0.0;4.77;0.0;0.0
135441;764370;2022-05-09;FRC;F37;;;0;0;0.0;;;0.0;0.0;0.0;0.0;0.0;4.9;0.0;0.0
135442;764539;2022-05-10;FRC;N22;;;86;46810;5683333523.0;;;0.92;0.89;0.94;0.92;0.93;0.93;0.0;0.95
135443;764540;2022-05-10;FRC;Q22;;;43;19900;991595027.0;;;1.63;1.59;1.64;1.61;1.64;1.62;0.0;0.0
135444;764541;2022-05-10;FRC;U22;;;14;8584;427256067.0;;;1.88;1.88;1.89;1.88;1.89;1.89;1.89;0.0
135445;764542;2022-05-10;FRC;V22;;;18;11119;1345156508.0;;;2.05;2.05;2.09;2.08;2.09;2.09;0.0;0.0
135446;764543;2022-05-10;FRC;X22;;;11;1772;87976365.0;;;2.25;2.25;2.3;2.27;2.3;2.29;2.31;2.35
135447;764544;2022-05-10;FRC;Z22;;;12;6263;310505151.0;;;2.41;2.41;2.44;2.43;2.44;2.44;0.0;0.0
135448;764545;2022-05-10;FRC;F23;;;40;18527;2232337842.0;;;2.56;2.55;2.59;2.58;2.59;2.59;2.58;2.59
135449;764546;2022-05-10;FRC;G23;;;14;1525;75360879.0;;;2.74;2.74;2.78;2.75;2.78;2.78;0.0;0.0
135450;764547;2022-05-10;FRC;H23;;;18;6137;302803049.0;;;2.87;2.87;2.88;2.87;2.88;2.88;0.0;0.0
135451;764548;2022-05-10;FRC;J23;;;10;3203;383548969.0;;;2.98;2.98;3.01;3.0;3.01;3.01;0.0;3.01
135452;764549;2022-05-10;FRC;K23;;;12;3568;175409105.0;;;3.12;3.12;3.12;3.12;3.12;3.12;0.0;3.12
135453;764550;2022-05-10;FRC;N23;;;12;3206;382142878.0;;;3.22;3.21;3.22;3.21;3.21;3.21;0.0;0.0
135454;764551;2022-05-10;FRC;V23;;;3;79;9317156.0;;;3.4;3.4;3.4;3.4;3.4;3.4;0.0;3.41
135455;764552;2022-05-10;FRC;F24;;;13;5200;613527614.0;;;3.5;3.49;3.5;3.49;3.49;3.49;0.0;0.0
135456;764553;2022-05-10;FRC;J24;;;8;2017;236901334.0;;;3.52;3.52;3.52;3.52;3.52;3.52;0.0;0.0
135457;764554;2022-05-10;FRC;N24;;;5;1949;227901754.0;;;3.6;3.56;3.6;3.56;3.57;3.57;0.0;0.0
135458;764555;2022-05-10;FRC;V24;;;4;634;30319954.0;;;3.66;3.61;3.66;3.61;3.61;3.61;0.0;0.0
135459;764556;2022-05-10;FRC;F25;;;8;2350;272180867.0;;;3.66;3.66;3.66;3.66;3.66;3.66;0.0;0.0
135460;764557;2022-05-10;FRC;J25;;;0;0;0.0;;;0.0;0.0;0.0;0.0;0.0;3.66;0.0;0.0
135461;764558;2022-05-10;FRC;N25;;;0;0;0.0;;;0.0;0.0;0.0;0.0;0.0;3.69;0.0;0.0
135462;764559;2022-05-10;FRC;V25;;;3;2834;133070501.0;;;3.67;3.67;3.7;3.67;3.7;3.7;0.0;0.0
135463;764560;2022-05-10;FRC;F26;;;0;0;0.0;;;0.0;0.0;0.0;0.0;0.0;3.71;0.0;0.0
135464;764561;2022-05-10;FRC;J26;;;0;0;0.0;;;0.0;0.0;0.0;0.0;0.0;3.74;0.0;0.0
135465;764562;2022-05-10;FRC;N26;;;2;2613;294297237.0;;;3.73;3.73;3.73;3.73;3.73;3.77;0.0;0.0
135466;764563;2022-05-10;FRC;V26;;;0;0;0.0;;;0.0;0.0;0.0;0.0;0.0;3.78;0.0;0.0
135467;764564;2022-05-10;FRC;F27;;;8;1665;185504357.0;;;3.81;3.81;3.81;3.81;3.81;3.81;0.0;0.0
135468;764565;2022-05-10;FRC;J27;;;0;0;0.0;;;0.0;0.0;0.0;0.0;0.0;3.83;0.0;0.0
135469;764566;2022-05-10;FRC;F28;;;2;728;79480297.0;;;3.91;3.91;3.91;3.91;3.91;3.91;0.0;0.0
135470;764567;2022-05-10;FRC;F29;;;2;716;76593301.0;;;4.01;4.0;4.01;4.0;4.0;4.0;0.0;0.0
135471;764568;2022-05-10;FRC;F30;;;0;0;0.0;;;0.0;0.0;0.0;0.0;0.0;4.09;0.0;0.0
135472;764569;2022-05-10;FRC;F31;;;1;173;17765506.0;;;4.19;4.19;4.19;4.19;4.19;4.2;4.19;0.0
135473;764570;2022-05-10;FRC;F32;;;0;0;0.0;;;0.0;0.0;0.0;0.0;0.0;4.31;0.0;0.0
135474;764571;2022-05-10;FRC;F33;;;3;671;27032025.0;;;4.43;4.43;4.43;4.43;4.43;4.43;0.0;0.0
135475;764572;2022-05-10;FRC;F34;;;0;0;0.0;;;0.0;0.0;0.0;0.0;0.0;4.52;0.0;0.0
135476;764573;2022-05-10;FRC;F35;;;0;0;0.0;;;0.0;0.0;0.0;0.0;0.0;4.63;0.0;0.0
135477;764574;2022-05-10;FRC;F36;;;0;0;0.0;;;0.0;0.0;0.0;0.0;0.0;4.77;0.0;0.0
135478;764575;2022-05-10;FRC;F37;;;0;0;0.0;;;0.0;0.0;0.0;0.0;0.0;4.9;0.0;0.0
135479;764747;2022-05-11;FRC;N22;;;71;134551;16336374360.0;;;0.95;0.95;1.02;0.99;1.02;1.02;0.0;1.03
135480;764748;2022-05-11;FRC;Q22;;;23;33017;1645068407.0;;;1.64;1.64;1.69;1.66;1.69;1.68;1.66;1.69
135481;764749;2022-05-11;FRC;U22;;;19;21949;1092369113.0;;;1.91;1.91;1.95;1.93;1.95;1.93;1.95;0.0
135482;764750;2022-05-11;FRC;V22;;;10;11059;1337748008.0;;;2.09;2.09;2.15;2.13;2.15;2.15;0.0;0.0
135483;764751;2022-05-11;FRC;X22;;;7;9950;493916811.0;;;2.33;2.33;2.35;2.33;2.35;2.35;0.0;0.0
135484;764752;2022-05-11;FRC;Z22;;;9;5507;272983243.0;;;2.46;2.46;2.49;2.48;2.49;2.49;2.47;2.49
135485;764753;2022-05-11;FRC;F23;;;19;20300;2444832466.0;;;2.63;2.61;2.65;2.63;2.65;2.65;0.0;2.65
135486;764754;2022-05-11;FRC;G23;;;7;2772;136950502.0;;;2.82;2.82;2.82;2.82;2.82;2.82;0.0;0.0
135487;764755;2022-05-11;FRC;H23;;;10;3958;195248116.0;;;2.93;2.93;2.93;2.93;2.93;2.93;0.0;2.93
135488;764756;2022-05-11;FRC;J23;;;29;13484;1615871334.0;;;3.04;3.03;3.05;3.03;3.05;3.03;0.0;3.05
135489;764757;2022-05-11;FRC;K23;;;10;3035;149197743.0;;;3.13;3.13;3.13;3.13;3.13;3.13;0.0;3.13
135490;764758;2022-05-11;FRC;M23;;;0;0;0.0;;;0.0;0.0;0.0;0.0;0.0;3.2;0.0;0.0
135491;764759;2022-05-11;FRC;N23;;;6;1022;121856664.0;;;3.23;3.23;3.23;3.23;3.23;3.23;0.0;3.23
135492;764760;2022-05-11;FRC;V23;;;10;3189;378225737.0;;;3.44;3.39;3.44;3.39;3.39;3.39;3.39;0.0
135493;764761;2022-05-11;FRC;F24;;;23;7083;836130632.0;;;3.51;3.49;3.53;3.49;3.49;3.49;0.0;0.0
135494;764762;2022-05-11;FRC;J24;;;0;0;0.0;;;0.0;0.0;0.0;0.0;0.0;3.51;0.0;0.0
135495;764763;2022-05-11;FRC;N24;;;0;0;0.0;;;0.0;0.0;0.0;0.0;0.0;3.56;0.0;3.56
135496;764764;2022-05-11;FRC;V24;;;0;0;0.0;;;0.0;0.0;0.0;0.0;0.0;3.59;0.0;0.0
135497;764765;2022-05-11;FRC;F25;;;12;3021;349960950.0;;;3.66;3.63;3.66;3.63;3.63;3.63;0.0;0.0
135498;764766;2022-05-11;FRC;J25;;;5;1336;63312773.0;;;3.65;3.65;3.65;3.65;3.65;3.65;0.0;3.65
135499;764767;2022-05-11;FRC;N25;;;0;0;0.0;;;0.0;0.0;0.0;0.0;0.0;3.68;0.0;3.68
135500;764768;2022-05-11;FRC;V25;;;0;0;0.0;;;0.0;0.0;0.0;0.0;0.0;3.69;0.0;0.0
135501;764769;2022-05-11;FRC;F26;;;3;2766;314475373.0;;;3.71;3.67;3.71;3.69;3.67;3.69;0.0;0.0
135502;764770;2022-05-11;FRC;J26;;;0;0;0.0;;;0.0;0.0;0.0;0.0;0.0;3.72;0.0;0.0
135503;764771;2022-05-11;FRC;N26;;;0;0;0.0;;;0.0;0.0;0.0;0.0;0.0;3.75;0.0;3.74
135504;764772;2022-05-11;FRC;V26;;;0;0;0.0;;;0.0;0.0;0.0;0.0;0.0;3.76;0.0;0.0
135505;764773;2022-05-11;FRC;F27;;;10;1316;146610510.0;;;3.84;3.77;3.84;3.78;3.77;3.77;3.73;3.77
135506;764774;2022-05-11;FRC;J27;;;1;184;8384630.0;;;3.85;3.85;3.85;3.85;3.85;3.79;0.0;0.0
135507;764775;2022-05-11;FRC;F28;;;0;0;0.0;;;0.0;0.0;0.0;0.0;0.0;3.87;0.0;3.87
135508;764776;2022-05-11;FRC;F29;;;0;0;0.0;;;0.0;0.0;0.0;0.0;0.0;3.96;0.0;3.99
135509;764777;2022-05-11;FRC;F30;;;0;0;0.0;;;0.0;0.0;0.0;0.0;0.0;4.04;0.0;0.0
135510;764778;2022-05-11;FRC;F31;;;5;1038;106671327.0;;;4.23;4.15;4.23;4.17;4.15;4.15;0.0;0.0
135511;764779;2022-05-11;FRC;F32;;;0;0;0.0;;;0.0;0.0;0.0;0.0;0.0;4.26;0.0;0.0
135512;764780;2022-05-11;FRC;F33;;;1;1006;40508156.0;;;4.44;4.44;4.44;4.44;4.44;4.38;0.0;0.0
135513;764781;2022-05-11;FRC;F34;;;0;0;0.0;;;0.0;0.0;0.0;0.0;0.0;4.47;0.0;0.0
135514;764782;2022-05-11;FRC;F35;;;0;0;0.0;;;0.0;0.0;0.0;0.0;0.0;4.58;0.0;0.0
135515;764783;2022-05-11;FRC;F36;;;0;0;0.0;;;0.0;0.0;0.0;0.0;0.0;4.72;0.0;0.0
135516;764784;2022-05-11;FRC;F37;;;0;0;0.0;;;0.0;0.0;0.0;0.0;0.0;4.85;0.0;0.0
135517;764956;2022-05-12;FRC;N22;;;84;113550;13805379036.0;;;1.06;1.06;1.16;1.11;1.15;1.15;1.15;1.17
135518;764957;2022-05-12;FRC;Q22;;;39;46193;2309416225.0;;;1.7;1.7;1.8;1.74;1.8;1.79;1.8;0.0
135519;764958;2022-05-12;FRC;U22;;;41;71456;3568219323.0;;;1.97;1.96;2.04;2.02;2.04;2.04;2.04;0.0
135520;764959;2022-05-12;FRC;V22;;;18;16496;1997901634.0;;;2.15;2.15;2.25;2.24;2.25;2.25;0.0;0.0
135521;764960;2022-05-12;FRC;X22;;;8;6567;327050813.0;;;2.38;2.38;2.44;2.43;2.44;2.44;0.0;0.0
135522;764961;2022-05-12;FRC;Z22;;;170;28868;1435804346.0;;;2.51;2.51;2.56;2.53;2.56;2.56;0.0;0.0
135523;764962;2022-05-12;FRC;F23;;;117;51992;6270968473.0;;;2.65;2.65;2.72;2.67;2.72;2.72;0.0;0.0
135524;764963;2022-05-12;FRC;G23;;;7;2237;110879923.0;;;2.84;2.84;2.89;2.88;2.89;2.89;0.0;0.0
135525;764964;2022-05-12;FRC;H23;;;8;1703;84280747.0;;;2.93;2.93;3.01;3.0;3.01;3.01;0.0;0.0
135526;764965;2022-05-12;FRC;J23;;;35;6491;779105987.0;;;3.01;3.01;3.08;3.07;3.08;3.08;0.0;0.0
135527;764966;2022-05-12;FRC;K23;;;18;6015;296699025.0;;;3.15;3.13;3.16;3.15;3.16;3.16;0.0;3.16
135528;764967;2022-05-12;FRC;M23;;;0;0;0.0;;;0.0;0.0;0.0;0.0;0.0;3.22;0.0;0.0
135529;764968;2022-05-12;FRC;N23;;;32;8343;995529299.0;;;3.23;3.22;3.24;3.23;3.24;3.24;0.0;3.24
135530;764969;2022-05-12;FRC;V23;;;12;3953;469577234.0;;;3.37;3.37;3.37;3.37;3.37;3.37;3.37;0.0
135531;764970;2022-05-12;FRC;F24;;;35;16785;1984354015.0;;;3.43;3.43;3.47;3.46;3.47;3.47;0.0;0.0
135532;764971;2022-05-12;FRC;J24;;;11;3200;376597569.0;;;3.49;3.49;3.49;3.49;3.49;3.49;0.0;0.0
135533;764972;2022-05-12;FRC;N24;;;7;2008;235300528.0;;;3.51;3.51;3.51;3.51;3.51;3.51;3.51;0.0
135534;764973;2022-05-12;FRC;V24;;;1;769;36933494.0;;;3.55;3.55;3.55;3.55;3.55;3.5;3.5;0.0
135535;764974;2022-05-12;FRC;F25;;;20;5929;688495416.0;;;3.63;3.54;3.63;3.57;3.54;3.56;3.52;0.0
135536;764975;2022-05-12;FRC;J25;;;2;896;42616992.0;;;3.65;3.58;3.65;3.63;3.58;3.58;0.0;0.0
135537;764976;2022-05-12;FRC;N25;;;3;949;109102272.0;;;3.67;3.6;3.67;3.64;3.6;3.6;0.0;0.0
135538;764977;2022-05-12;FRC;V25;;;1;322;15191952.0;;;3.6;3.6;3.6;3.6;3.6;3.61;3.61;0.0
135539;764978;2022-05-12;FRC;F26;;;15;3556;405882932.0;;;3.6;3.6;3.6;3.6;3.6;3.6;3.6;0.0
135540;764979;2022-05-12;FRC;J26;;;0;0;0.0;;;0.0;0.0;0.0;0.0;0.0;3.63;0.0;0.0
135541;764980;2022-05-12;FRC;N26;;;0;0;0.0;;;0.0;0.0;0.0;0.0;0.0;3.66;0.0;0.0
135542;764981;2022-05-12;FRC;V26;;;0;0;0.0;;;0.0;0.0;0.0;0.0;0.0;3.67;0.0;0.0
135543;764982;2022-05-12;FRC;F27;;;10;3521;394156588.0;;;3.68;3.68;3.68;3.68;3.68;3.68;0.0;0.0
135544;764983;2022-05-12;FRC;J27;;;0;0;0.0;;;0.0;0.0;0.0;0.0;0.0;3.7;0.0;0.0
135545;764984;2022-05-12;FRC;F28;;;2;54;5962467.0;;;3.87;3.78;3.87;3.81;3.78;3.78;0.0;0.0
135546;764985;2022-05-12;FRC;F29;;;1;18;1926467.0;;;3.96;3.96;3.96;3.96;3.96;3.87;0.0;0.0
135547;764986;2022-05-12;FRC;F30;;;3;531;55963431.0;;;3.95;3.95;3.95;3.95;3.95;3.95;3.95;0.0
135548;764987;2022-05-12;FRC;F31;;;2;348;35868624.0;;;4.09;4.09;4.09;4.09;4.09;4.09;0.0;0.0
135549;764988;2022-05-12;FRC;F32;;;0;0;0.0;;;0.0;0.0;0.0;0.0;0.0;4.2;0.0;0.0
135550;764989;2022-05-12;FRC;F33;;;0;0;0.0;;;0.0;0.0;0.0;0.0;0.0;4.32;0.0;0.0
135551;764990;2022-05-12;FRC;F34;;;0;0;0.0;;;0.0;0.0;0.0;0.0;0.0;4.41;0.0;0.0
135552;764991;2022-05-12;FRC;F35;;;0;0;0.0;;;0.0;0.0;0.0;0.0;0.0;4.52;0.0;0.0
135553;764992;2022-05-12;FRC;F36;;;1;32;1210131.0;;;4.66;4.66;4.66;4.66;4.66;4.66;0.0;0.0
135554;764993;2022-05-12;FRC;F37;;;0;0;0.0;;;0.0;0.0;0.0;0.0;0.0;4.79;0.0;0.0
135555;765165;2022-05-13;FRC;N22;;;118;236323;28591030942.0;;;1.15;1.15;1.27;1.23;1.22;1.22;0.0;0.0
135556;765166;2022-05-13;FRC;Q22;;;27;62224;3074084404.0;;;1.79;1.79;1.91;1.83;1.85;1.85;0.0;1.89
135557;765167;2022-05-13;FRC;U22;;;18;20744;1023617680.0;;;2.12;2.08;2.12;2.09;2.1;2.08;0.0;2.11
135558;765168;2022-05-13;FRC;V22;;;24;23725;2859434718.0;;;2.2;2.2;2.29;2.28;2.29;2.29;2.29;2.32
135559;765169;2022-05-13;FRC;X22;;;14;11641;572871386.0;;;2.49;2.49;2.49;2.49;2.49;2.49;0.0;2.49
135560;765170;2022-05-13;FRC;Z22;;;18;33496;1646110843.0;;;2.63;2.61;2.65;2.61;2.61;2.61;2.61;0.0
135561;765171;2022-05-13;FRC;F23;;;47;38322;4597832589.0;;;2.76;2.76;2.81;2.77;2.78;2.78;2.78;2.8
135562;765172;2022-05-13;FRC;G23;;;6;4356;213341530.0;;;2.94;2.94;2.94;2.94;2.94;2.94;0.0;0.0
135563;765173;2022-05-13;FRC;H23;;;9;5932;290072678.0;;;3.05;3.05;3.05;3.05;3.05;3.05;0.0;0.0
135564;765174;2022-05-13;FRC;J23;;;16;13620;1625739141.0;;;3.14;3.14;3.14;3.14;3.14;3.14;0.0;0.0
135565;765175;2022-05-13;FRC;K23;;;25;11032;537622425.0;;;3.22;3.22;3.22;3.22;3.22;3.22;0.0;0.0
135566;765176;2022-05-13;FRC;M23;;;2;984;47875183.0;;;3.28;3.28;3.28;3.28;3.28;3.28;0.0;0.0
135567;765177;2022-05-13;FRC;N23;;;13;4514;536565240.0;;;3.3;3.3;3.3;3.3;3.3;3.3;0.0;3.3
135568;765178;2022-05-13;FRC;V23;;;7;20903;2469974413.0;;;3.46;3.46;3.46;3.46;3.46;3.46;3.46;0.0
135569;765179;2022-05-13;FRC;F24;;;11;3854;453141680.0;;;3.48;3.47;3.56;3.53;3.56;3.56;0.0;3.56
135570;765180;2022-05-13;FRC;J24;;;2;775;90693634.0;;;3.59;3.59;3.59;3.59;3.59;3.59;0.0;3.59
135571;765181;2022-05-13;FRC;N24;;;2;386;44954454.0;;;3.61;3.61;3.61;3.61;3.61;3.61;0.0;0.0
135572;765182;2022-05-13;FRC;V24;;;1;769;36517105.0;;;3.51;3.51;3.51;3.51;3.51;3.6;3.6;0.0
135573;765183;2022-05-13;FRC;F25;;;15;5256;606791373.0;;;3.65;3.65;3.65;3.65;3.65;3.65;0.0;0.0
135574;765184;2022-05-13;FRC;J25;;;0;0;0.0;;;0.0;0.0;0.0;0.0;0.0;3.67;0.0;0.0
135575;765185;2022-05-13;FRC;N25;;;4;949;108487648.0;;;3.68;3.68;3.68;3.68;3.68;3.68;0.0;0.0
135576;765186;2022-05-13;FRC;V25;;;0;0;0.0;;;0.0;0.0;0.0;0.0;0.0;3.7;3.68;0.0
135577;765187;2022-05-13;FRC;F26;;;4;752;85219151.0;;;3.71;3.71;3.71;3.71;3.71;3.71;3.71;0.0
135578;765188;2022-05-13;FRC;J26;;;0;0;0.0;;;0.0;0.0;0.0;0.0;0.0;3.74;0.0;0.0
135579;765189;2022-05-13;FRC;N26;;;0;0;0.0;;;0.0;0.0;0.0;0.0;0.0;3.77;0.0;0.0
135580;765190;2022-05-13;FRC;V26;;;0;0;0.0;;;0.0;0.0;0.0;0.0;0.0;3.78;0.0;0.0
135581;765191;2022-05-13;FRC;F27;;;5;1110;123348877.0;;;3.79;3.79;3.79;3.79;3.79;3.79;0.0;0.0
135582;765192;2022-05-13;FRC;J27;;;0;0;0.0;;;0.0;0.0;0.0;0.0;0.0;3.81;0.0;0.0
135583;765193;2022-05-13;FRC;F28;;;1;182;19828009.0;;;3.88;3.88;3.88;3.88;3.88;3.88;0.0;0.0
135584;765194;2022-05-13;FRC;F29;;;0;0;0.0;;;0.0;0.0;0.0;0.0;0.0;3.97;0.0;0.0
135585;765195;2022-05-13;FRC;F30;;;0;0;0.0;;;0.0;0.0;0.0;0.0;0.0;4.05;0.0;4.1
135586;765196;2022-05-13;FRC;F31;;;4;692;70832692.0;;;4.19;4.19;4.19;4.19;4.19;4.19;0.0;4.22
135587;765197;2022-05-13;FRC;F32;;;0;0;0.0;;;0.0;0.0;0.0;0.0;0.0;4.3;0.0;0.0
135588;765198;2022-05-13;FRC;F33;;;0;0;0.0;;;0.0;0.0;0.0;0.0;0.0;4.42;0.0;0.0
135589;765199;2022-05-13;FRC;F34;;;0;0;0.0;;;0.0;0.0;0.0;0.0;0.0;4.51;0.0;0.0
135590;765200;2022-05-13;FRC;F35;;;0;0;0.0;;;0.0;0.0;0.0;0.0;0.0;4.62;0.0;0.0
135591;765201;2022-05-13;FRC;F36;;;0;0;0.0;;;0.0;0.0;0.0;0.0;0.0;4.76;0.0;0.0
135592;765202;2022-05-13;FRC;F37;;;0;0;0.0;;;0.0;0.0;0.0;0.0;0.0;4.89;0.0;0.0
135593;765374;2022-05-16;FRC;N22;;;61;104156;12619703508.0;;;1.25;1.18;1.27;1.22;1.21;1.21;0.0;1.25
135594;765375;2022-05-16;FRC;Q22;;;11;14038;695795822.0;;;1.86;1.85;1.86;1.85;1.85;1.85;1.85;1.88
135595;765376;2022-05-16;FRC;U22;;;18;23735;1175063659.0;;;2.08;2.08;2.1;2.09;2.1;2.1;2.1;0.0
135596;765377;2022-05-16;FRC;V22;;;17;13885;1675830026.0;;;2.3;2.3;2.3;2.3;2.3;2.3;2.3;2.33
135597;765378;2022-05-16;FRC;X22;;;19;14129;697600536.0;;;2.49;2.49;2.5;2.49;2.5;2.5;2.5;2.52
135598;765379;2022-05-16;FRC;Z22;;;16;7669;378139582.0;;;2.61;2.61;2.64;2.61;2.64;2.61;2.61;2.64
135599;765380;2022-05-16;FRC;F23;;;23;9441;1134405307.0;;;2.78;2.78;2.79;2.78;2.79;2.79;0.0;0.0
135600;765381;2022-05-16;FRC;G23;;;10;4356;214037590.0;;;2.96;2.96;2.96;2.96;2.96;2.96;0.0;0.0
135601;765382;2022-05-16;FRC;H23;;;16;5536;271601512.0;;;3.06;3.06;3.06;3.06;3.06;3.06;0.0;0.0
135602;765383;2022-05-16;FRC;J23;;;15;5366;641649171.0;;;3.14;3.14;3.15;3.14;3.15;3.15;0.0;0.0
135603;765384;2022-05-16;FRC;K23;;;2;1182;57789525.0;;;3.24;3.24;3.24;3.24;3.24;3.24;0.0;3.25
135604;765385;2022-05-16;FRC;M23;;;8;2756;134524906.0;;;3.3;3.3;3.3;3.3;3.3;3.3;0.0;0.0
135605;765386;2022-05-16;FRC;N23;;;24;7500;892508812.0;;;3.3;3.3;3.32;3.31;3.32;3.32;0.0;0.0
135606;765387;2022-05-16;FRC;V23;;;8;3301;390829261.0;;;3.47;3.47;3.49;3.47;3.49;3.49;0.0;0.0
135607;765388;2022-05-16;FRC;F24;;;17;5994;705529015.0;;;3.56;3.56;3.58;3.57;3.58;3.58;0.0;0.0
135608;765389;2022-05-16;FRC;J24;;;9;2790;326948601.0;;;3.59;3.59;3.61;3.6;3.6;3.61;0.0;3.61
135609;765390;2022-05-16;FRC;N24;;;0;0;0.0;;;0.0;0.0;0.0;0.0;0.0;3.64;0.0;3.64
135610;765391;2022-05-16;FRC;V24;;;7;1920;91362637.0;;;3.6;3.6;3.64;3.62;3.63;3.64;0.0;0.0
135611;765392;2022-05-16;FRC;F25;;;7;1911;220933643.0;;;3.66;3.66;3.66;3.66;3.66;3.66;0.0;0.0
135612;765393;2022-05-16;FRC;J25;;;2;380;17911077.0;;;3.67;3.67;3.67;3.67;3.67;3.67;0.0;0.0
135613;765394;2022-05-16;FRC;N25;;;0;0;0.0;;;0.0;0.0;0.0;0.0;0.0;3.68;0.0;3.7
135614;765395;2022-05-16;FRC;V25;;;2;378;17654642.0;;;3.7;3.7;3.7;3.7;3.7;3.7;0.0;3.7
135615;765396;2022-05-16;FRC;F26;;;1;564;64028706.0;;;3.7;3.7;3.7;3.7;3.7;3.7;0.0;0.0
135616;765397;2022-05-16;FRC;J26;;;0;0;0.0;;;0.0;0.0;0.0;0.0;0.0;3.73;0.0;0.0
135617;765398;2022-05-16;FRC;N26;;;0;0;0.0;;;0.0;0.0;0.0;0.0;0.0;3.75;0.0;0.0
135618;765399;2022-05-16;FRC;V26;;;0;0;0.0;;;0.0;0.0;0.0;0.0;0.0;3.76;0.0;0.0
135619;765400;2022-05-16;FRC;F27;;;9;1850;206092328.0;;;3.76;3.76;3.76;3.76;3.76;3.76;0.0;0.0
135620;765401;2022-05-16;FRC;J27;;;0;0;0.0;;;0.0;0.0;0.0;0.0;0.0;3.78;0.0;0.0
135621;765402;2022-05-16;FRC;F28;;;6;1274;139267424.0;;;3.83;3.83;3.83;3.83;3.83;3.83;0.0;0.0
135622;765403;2022-05-16;FRC;F29;;;0;0;0.0;;;0.0;0.0;0.0;0.0;0.0;3.92;0.0;0.0
135623;765404;2022-05-16;FRC;F30;;;0;0;0.0;;;0.0;0.0;0.0;0.0;0.0;4.0;0.0;0.0
135624;765405;2022-05-16;FRC;F31;;;0;0;0.0;;;0.0;0.0;0.0;0.0;0.0;4.14;0.0;0.0
135625;765406;2022-05-16;FRC;F32;;;0;0;0.0;;;0.0;0.0;0.0;0.0;0.0;4.25;0.0;0.0
135626;765407;2022-05-16;FRC;F33;;;0;0;0.0;;;0.0;0.0;0.0;0.0;0.0;4.37;0.0;0.0
135627;765408;2022-05-16;FRC;F34;;;0;0;0.0;;;0.0;0.0;0.0;0.0;0.0;4.46;0.0;0.0
135628;765409;2022-05-16;FRC;F35;;;0;0;0.0;;;0.0;0.0;0.0;0.0;0.0;4.57;0.0;0.0
135629;765410;2022-05-16;FRC;F36;;;0;0;0.0;;;0.0;0.0;0.0;0.0;0.0;4.71;0.0;0.0
135630;765411;2022-05-16;FRC;F37;;;0;0;0.0;;;0.0;0.0;0.0;0.0;0.0;4.84;0.0;0.0
135631;765583;2022-05-17;FRC;N22;;;55;120397;14550287919.0;;;1.21;1.21;1.28;1.23;1.23;1.23;1.21;1.27
135632;765584;2022-05-17;FRC;Q22;;;33;49721;2449253296.0;;;1.88;1.86;1.89;1.88;1.89;1.89;1.87;1.92
135633;765585;2022-05-17;FRC;U22;;;33;82967;4081942024.0;;;2.1;2.1;2.18;2.16;2.17;2.17;0.0;2.19
135634;765586;2022-05-17;FRC;V22;;;19;11453;1378710458.0;;;2.35;2.35;2.38;2.37;2.37;2.37;0.0;0.0
135635;765587;2022-05-17;FRC;X22;;;20;14347;703902829.0;;;2.5;2.5;2.58;2.57;2.58;2.58;0.0;0.0
135636;765588;2022-05-17;FRC;Z22;;;34;29001;1420914056.0;;;2.66;2.66;2.7;2.69;2.7;2.7;2.7;0.0
135637;765589;2022-05-17;FRC;F23;;;33;11441;1370940213.0;;;2.86;2.86;2.89;2.88;2.89;2.89;0.0;0.0
135638;765590;2022-05-17;FRC;G23;;;1;40;1952708.0;;;3.06;3.06;3.06;3.06;3.06;3.06;3.04;0.0
135639;765591;2022-05-17;FRC;H23;;;3;1186;57808176.0;;;3.16;3.16;3.16;3.16;3.16;3.16;3.15;0.0
135640;765592;2022-05-17;FRC;J23;;;16;13852;1651087257.0;;;3.22;3.2;3.25;3.23;3.25;3.25;0.0;0.0
135641;765593;2022-05-17;FRC;K23;;;9;6107;296617267.0;;;3.29;3.29;3.34;3.33;3.34;3.34;0.0;0.0
135642;765594;2022-05-17;FRC;M23;;;5;5743;278468876.0;;;3.35;3.35;3.41;3.39;3.41;3.41;0.0;0.0
135643;765595;2022-05-17;FRC;N23;;;17;13451;1595126348.0;;;3.37;3.37;3.45;3.42;3.45;3.45;0.0;0.0
135644;765596;2022-05-17;FRC;V23;;;4;976;115143078.0;;;3.62;3.62;3.62;3.62;3.62;3.62;0.0;0.0
135645;765597;2022-05-17;FRC;F24;;;10;3866;453609742.0;;;3.72;3.72;3.72;3.72;3.72;3.72;0.0;3.72
135646;765598;2022-05-17;FRC;J24;;;4;1547;180690360.0;;;3.74;3.74;3.74;3.74;3.74;3.74;0.0;0.0
135647;765599;2022-05-17;FRC;N24;;;2;386;44799058.0;;;3.77;3.77;3.77;3.77;3.77;3.77;0.0;0.0
135648;765600;2022-05-17;FRC;V24;;;0;0;0.0;;;0.0;0.0;0.0;0.0;0.0;3.77;3.77;0.0
135649;765601;2022-05-17;FRC;F25;;;39;6091;701204523.0;;;3.74;3.74;3.79;3.77;3.79;3.79;3.79;3.81
135650;765602;2022-05-17;FRC;J25;;;0;0;0.0;;;0.0;0.0;0.0;0.0;0.0;3.8;0.0;0.0
135651;765603;2022-05-17;FRC;N25;;;4;1893;215847692.0;;;3.82;3.82;3.82;3.82;3.82;3.82;0.0;0.0
135652;765604;2022-05-17;FRC;V25;;;5;1887;87413283.0;;;3.83;3.83;3.83;3.83;3.83;3.83;0.0;3.83
135653;765605;2022-05-17;FRC;F26;;;10;2781;313978632.0;;;3.83;3.83;3.83;3.83;3.83;3.83;0.0;0.0
135654;765606;2022-05-17;FRC;J26;;;0;0;0.0;;;0.0;0.0;0.0;0.0;0.0;3.86;0.0;0.0
135655;765607;2022-05-17;FRC;N26;;;1;186;20818489.0;;;3.87;3.87;3.87;3.87;3.87;3.87;0.0;0.0
135656;765608;2022-05-17;FRC;V26;;;0;0;0.0;;;0.0;0.0;0.0;0.0;0.0;3.88;0.0;0.0
135657;765609;2022-05-17;FRC;F27;;;7;1552;172064902.0;;;3.76;3.76;3.87;3.85;3.87;3.87;0.0;0.0
135658;765610;2022-05-17;FRC;J27;;;1;184;8283887.0;;;3.9;3.9;3.9;3.9;3.9;3.9;0.0;0.0
135659;765611;2022-05-17;FRC;F28;;;0;0;0.0;;;0.0;0.0;0.0;0.0;0.0;3.95;0.0;0.0
135660;765612;2022-05-17;FRC;F29;;;7;1253;133283024.0;;;4.04;4.04;4.04;4.04;4.04;4.04;0.0;0.0
135661;765613;2022-05-17;FRC;F30;;;1;176;18325405.0;;;4.15;4.15;4.15;4.15;4.15;4.15;0.0;4.15
135662;765614;2022-05-17;FRC;F31;;;0;0;0.0;;;0.0;0.0;0.0;0.0;0.0;4.2;0.0;0.0
135663;765615;2022-05-17;FRC;F32;;;0;0;0.0;;;0.0;0.0;0.0;0.0;0.0;4.31;0.0;0.0
135664;765616;2022-05-17;FRC;F33;;;0;0;0.0;;;0.0;0.0;0.0;0.0;0.0;4.43;0.0;0.0
135665;765617;2022-05-17;FRC;F34;;;0;0;0.0;;;0.0;0.0;0.0;0.0;0.0;4.52;0.0;0.0
135666;765618;2022-05-17;FRC;F35;;;0;0;0.0;;;0.0;0.0;0.0;0.0;0.0;4.63;0.0;0.0
135667;765619;2022-05-17;FRC;F36;;;0;0;0.0;;;0.0;0.0;0.0;0.0;0.0;4.77;0.0;0.0
135668;765620;2022-05-17;FRC;F37;;;0;0;0.0;;;0.0;0.0;0.0;0.0;0.0;4.9;0.0;0.0
135669;765790;2022-05-18;FRC;N22;;;84;141152;17159932272.0;;;1.23;1.21;1.28;1.23;1.21;1.21;1.19;0.0
135670;765791;2022-05-18;FRC;Q22;;;23;26477;1323274847.0;;;1.89;1.88;1.92;1.9;1.92;1.92;0.0;1.95
135671;765792;2022-05-18;FRC;U22;;;20;38590;1926280974.0;;;2.17;2.17;2.2;2.18;2.19;2.19;0.0;0.0
135672;765793;2022-05-18;FRC;V22;;;27;57167;6922486452.0;;;2.37;2.37;2.4;2.39;2.39;2.39;2.36;2.39
135673;765794;2022-05-18;FRC;X22;;;21;12118;603228990.0;;;2.58;2.58;2.59;2.58;2.58;2.58;0.0;2.6
135674;765795;2022-05-18;FRC;Z22;;;26;29217;1452344861.0;;;2.7;2.69;2.71;2.7;2.71;2.71;0.0;2.73
135675;765796;2022-05-18;FRC;F23;;;39;23698;2856531861.0;;;2.89;2.87;2.89;2.88;2.88;2.88;2.88;2.92
135676;765797;2022-05-18;FRC;G23;;;9;4554;225578985.0;;;3.05;3.05;3.05;3.05;3.05;3.05;0.0;0.0
135677;765798;2022-05-18;FRC;H23;;;13;4744;234622483.0;;;3.15;3.15;3.15;3.15;3.15;3.15;0.0;0.0
135678;765799;2022-05-18;FRC;J23;;;19;12252;1469229533.0;;;3.25;3.23;3.25;3.24;3.25;3.25;0.0;0.0
135679;765800;2022-05-18;FRC;K23;;;6;2167;106784848.0;;;3.35;3.35;3.35;3.35;3.35;3.35;0.0;0.0
135680;765801;2022-05-18;FRC;M23;;;19;9046;445016163.0;;;3.41;3.41;3.41;3.41;3.41;3.41;0.0;0.0
135681;765802;2022-05-18;FRC;N23;;;17;9306;1110156969.0;;;3.47;3.44;3.47;3.44;3.45;3.45;0.0;0.0
135682;765803;2022-05-18;FRC;V23;;;6;6113;725433931.0;;;3.62;3.6;3.62;3.6;3.61;3.61;0.0;0.0
135683;765804;2022-05-18;FRC;F24;;;14;7209;850951372.0;;;3.71;3.71;3.71;3.71;3.71;3.71;0.0;0.0
135684;765805;2022-05-18;FRC;J24;;;6;1163;136503832.0;;;3.74;3.72;3.74;3.72;3.72;3.72;0.0;0.0
135685;765806;2022-05-18;FRC;N24;;;1;308;36015865.0;;;3.77;3.77;3.77;3.77;3.77;3.75;0.0;0.0
135686;765807;2022-05-18;FRC;V24;;;8;1958;93809973.0;;;3.77;3.76;3.77;3.76;3.76;3.76;0.0;0.0
135687;765808;2022-05-18;FRC;F25;;;29;4561;528281606.0;;;3.79;3.76;3.81;3.78;3.79;3.79;0.0;0.0
135688;765809;2022-05-18;FRC;J25;;;1;228;10818550.0;;;3.8;3.8;3.8;3.8;3.8;3.8;0.0;0.0
135689;765810;2022-05-18;FRC;N25;;;1;189;21704638.0;;;3.81;3.81;3.81;3.81;3.81;3.81;0.0;0.0
135690;765811;2022-05-18;FRC;V25;;;1;189;8885677.0;;;3.82;3.82;3.82;3.82;3.82;3.82;0.0;0.0
135691;765812;2022-05-18;FRC;F26;;;12;1842;209185476.0;;;3.83;3.83;3.83;3.83;3.83;3.81;0.0;0.0
135692;765813;2022-05-18;FRC;J26;;;1;75;3492103.0;;;3.86;3.86;3.86;3.86;3.86;3.84;0.0;0.0
135693;765814;2022-05-18;FRC;N26;;;1;186;20961667.0;;;3.84;3.84;3.84;3.84;3.84;3.84;0.0;0.0
135694;765815;2022-05-18;FRC;V26;;;1;37;1705780.0;;;3.88;3.88;3.88;3.88;3.88;3.85;0.0;0.0
135695;765816;2022-05-18;FRC;F27;;;4;869;96871132.0;;;3.87;3.85;3.87;3.86;3.85;3.85;0.0;0.0
135696;765817;2022-05-18;FRC;J27;;;1;74;3382085.0;;;3.9;3.9;3.9;3.9;3.9;3.88;0.0;0.0
135697;765818;2022-05-18;FRC;F28;;;2;509;55626447.0;;;3.95;3.95;3.95;3.95;3.95;3.93;0.0;0.0
135698;765819;2022-05-18;FRC;F29;;;2;465;49832195.0;;;4.04;4.01;4.04;4.01;4.01;4.01;0.0;0.0
135699;765820;2022-05-18;FRC;F30;;;2;738;77370887.0;;;4.15;4.15;4.15;4.15;4.15;4.13;0.0;0.0
135700;765821;2022-05-18;FRC;F31;;;6;2078;213623545.0;;;4.2;4.18;4.2;4.19;4.18;4.18;0.0;0.0
135701;765822;2022-05-18;FRC;F32;;;0;0;0.0;;;0.0;0.0;0.0;0.0;0.0;4.29;0.0;0.0
135702;765823;2022-05-18;FRC;F33;;;0;0;0.0;;;0.0;0.0;0.0;0.0;0.0;4.41;0.0;0.0
135703;765824;2022-05-18;FRC;F34;;;0;0;0.0;;;0.0;0.0;0.0;0.0;0.0;4.5;0.0;0.0
135704;765825;2022-05-18;FRC;F35;;;0;0;0.0;;;0.0;0.0;0.0;0.0;0.0;4.61;0.0;0.0
135705;765826;2022-05-18;FRC;F36;;;0;0;0.0;;;0.0;0.0;0.0;0.0;0.0;4.75;0.0;0.0
135706;765827;2022-05-18;FRC;F37;;;0;0;0.0;;;0.0;0.0;0.0;0.0;0.0;4.88;0.0;0.0
135707;765997;2022-05-19;FRC;N22;;;101;135536;16420340448.0;;;1.22;1.17;1.24;1.22;1.17;1.23;1.17;1.23
135708;765998;2022-05-19;FRC;Q22;;;15;21864;1083223720.0;;;1.92;1.9;1.95;1.93;1.9;1.95;1.9;0.0
135709;765999;2022-05-19;FRC;U22;;;25;36456;1803984461.0;;;2.19;2.18;2.2;2.19;2.19;2.19;0.0;0.0
135710;766000;2022-05-19;FRC;V22;;;44;46130;5566443342.0;;;2.39;2.37;2.41;2.39;2.38;2.39;0.0;0.0
135711;766001;2022-05-19;FRC;X22;;;15;5930;292642052.0;;;2.53;2.53;2.59;2.57;2.57;2.57;0.0;2.59
135712;766002;2022-05-19;FRC;Z22;;;43;22005;1084383945.0;;;2.65;2.65;2.72;2.7;2.71;2.71;0.0;2.73
135713;766003;2022-05-19;FRC;F23;;;36;14179;1703270890.0;;;2.88;2.85;2.88;2.86;2.86;2.86;0.0;2.88
135714;766004;2022-05-19;FRC;G23;;;10;3960;194458716.0;;;3.05;3.05;3.05;3.05;3.05;3.05;0.0;0.0
135715;766005;2022-05-19;FRC;H23;;;11;4546;222894273.0;;;3.14;3.14;3.14;3.14;3.14;3.14;0.0;0.0
135716;766006;2022-05-19;FRC;J23;;;16;5405;645975419.0;;;3.2;3.2;3.24;3.23;3.24;3.24;0.0;0.0
135717;766007;2022-05-19;FRC;K23;;;4;1182;57748045.0;;;3.33;3.33;3.33;3.33;3.33;3.33;0.0;0.0
135718;766008;2022-05-19;FRC;M23;;;2;786;38334463.0;;;3.4;3.4;3.4;3.4;3.4;3.4;3.39;0.0
135719;766009;2022-05-19;FRC;N23;;;8;7088;842677622.0;;;3.43;3.43;3.43;3.43;3.43;3.43;3.42;3.44
135720;766010;2022-05-19;FRC;V23;;;8;6368;752990425.0;;;3.6;3.6;3.6;3.6;3.6;3.6;0.0;3.6
135721;766011;2022-05-19;FRC;F24;;;16;16851;1982051072.0;;;3.71;3.7;3.71;3.7;3.71;3.71;0.0;3.71
135722;766012;2022-05-19;FRC;J24;;;2;2594;303679321.0;;;3.71;3.71;3.71;3.71;3.71;3.71;0.0;3.72
135723;766013;2022-05-19;FRC;N24;;;3;924;107737610.0;;;3.73;3.73;3.74;3.73;3.74;3.74;0.0;0.0
135724;766014;2022-05-19;FRC;V24;;;0;0;0.0;;;0.0;0.0;0.0;0.0;0.0;3.74;3.74;0.0
135725;766015;2022-05-19;FRC;F25;;;5;1337;154327975.0;;;3.76;3.76;3.76;3.76;3.76;3.76;0.0;0.0
135726;766016;2022-05-19;FRC;J25;;;1;190;8939955.0;;;3.78;3.78;3.78;3.78;3.78;3.78;0.0;0.0
135727;766017;2022-05-19;FRC;N25;;;2;493;56387000.0;;;3.75;3.75;3.81;3.75;3.81;3.79;0.0;0.0
135728;766018;2022-05-19;FRC;V25;;;0;0;0.0;;;0.0;0.0;0.0;0.0;0.0;3.79;0.0;3.8
135729;766019;2022-05-19;FRC;F26;;;4;752;85199483.0;;;3.78;3.78;3.78;3.78;3.78;3.78;3.78;0.0
135730;766020;2022-05-19;FRC;J26;;;0;0;0.0;;;0.0;0.0;0.0;0.0;0.0;3.81;0.0;0.0
135731;766021;2022-05-19;FRC;N26;;;2;205;23014940.0;;;3.84;3.81;3.84;3.81;3.81;3.81;0.0;0.0
135732;766022;2022-05-19;FRC;V26;;;0;0;0.0;;;0.0;0.0;0.0;0.0;0.0;3.82;0.0;0.0
135733;766023;2022-05-19;FRC;F27;;;13;7709;857057297.0;;;3.85;3.82;3.85;3.83;3.82;3.82;0.0;0.0
135734;766024;2022-05-19;FRC;J27;;;2;4123;186830847.0;;;3.87;3.87;3.87;3.87;3.87;3.85;0.0;0.0
135735;766025;2022-05-19;FRC;F28;;;9;3729;406509001.0;;;3.93;3.9;3.93;3.91;3.9;3.9;0.0;0.0
135736;766026;2022-05-19;FRC;F29;;;1;179;19160630.0;;;3.95;3.95;3.95;3.95;3.95;3.98;0.0;0.0
135737;766027;2022-05-19;FRC;F30;;;5;1232;128898565.0;;;4.1;4.1;4.1;4.1;4.1;4.1;0.0;4.12
135738;766028;2022-05-19;FRC;F31;;;3;936;95985872.0;;;4.18;4.12;4.18;4.16;4.12;4.15;4.15;0.0
135739;766029;2022-05-19;FRC;F32;;;0;0;0.0;;;0.0;0.0;0.0;0.0;0.0;4.27;0.0;0.0
135740;766030;2022-05-19;FRC;F33;;;0;0;0.0;;;0.0;0.0;0.0;0.0;0.0;4.39;0.0;0.0
135741;766031;2022-05-19;FRC;F34;;;0;0;0.0;;;0.0;0.0;0.0;0.0;0.0;4.48;0.0;0.0
135742;766032;2022-05-19;FRC;F35;;;0;0;0.0;;;0.0;0.0;0.0;0.0;0.0;4.59;0.0;0.0
135743;766033;2022-05-19;FRC;F36;;;0;0;0.0;;;0.0;0.0;0.0;0.0;0.0;4.73;0.0;0.0
135744;766034;2022-05-19;FRC;F37;;;0;0;0.0;;;0.0;0.0;0.0;0.0;0.0;4.86;0.0;0.0
135745;766204;2022-05-20;FRC;N22;;;55;139133;16862769163.0;;;1.22;1.18;1.22;1.19;1.18;1.18;0.0;1.2
135746;766205;2022-05-20;FRC;Q22;;;11;16834;834938556.0;;;1.89;1.89;1.89;1.89;1.89;1.89;1.89;1.9
135747;766206;2022-05-20;FRC;U22;;;35;37438;1854652485.0;;;2.16;2.14;2.18;2.15;2.14;2.14;2.14;2.15
135748;766207;2022-05-20;FRC;V22;;;24;24004;2898204962.0;;;2.36;2.33;2.37;2.33;2.33;2.33;0.0;0.0
135749;766208;2022-05-20;FRC;X22;;;22;14924;737355627.0;;;2.57;2.52;2.57;2.52;2.52;2.52;0.0;2.52
135750;766209;2022-05-20;FRC;Z22;;;22;16308;804626349.0;;;2.69;2.65;2.69;2.65;2.65;2.65;0.0;0.0
135751;766210;2022-05-20;FRC;F23;;;19;10391;1249212783.0;;;2.86;2.77;2.86;2.8;2.77;2.8;2.78;2.79
135752;766211;2022-05-20;FRC;G23;;;8;3643;179128219.0;;;2.98;2.98;2.98;2.98;2.98;2.98;0.0;2.98
135753;766212;2022-05-20;FRC;H23;;;4;1187;58269257.0;;;3.14;3.08;3.14;3.1;3.08;3.08;3.08;0.0
135754;766213;2022-05-20;FRC;J23;;;12;2544;304358352.0;;;3.24;3.18;3.24;3.18;3.18;3.18;3.13;3.18
135755;766214;2022-05-20;FRC;K23;;;5;2167;106015273.0;;;3.27;3.27;3.27;3.27;3.27;3.27;0.0;3.27
135756;766215;2022-05-20;FRC;M23;;;1;256;12499275.0;;;3.4;3.4;3.4;3.4;3.4;3.34;0.0;3.35
135757;766216;2022-05-20;FRC;N23;;;7;1414;168255995.0;;;3.37;3.37;3.37;3.37;3.37;3.37;0.0;3.39
135758;766217;2022-05-20;FRC;V23;;;0;0;0.0;;;0.0;0.0;0.0;0.0;0.0;3.54;0.0;3.54
135759;766218;2022-05-20;FRC;F24;;;12;2718;320309242.0;;;3.64;3.64;3.64;3.64;3.64;3.64;0.0;3.64
135760;766219;2022-05-20;FRC;J24;;;2;775;90818554.0;;;3.64;3.64;3.64;3.64;3.64;3.64;0.0;0.0
135761;766220;2022-05-20;FRC;N24;;;1;193;22509781.0;;;3.65;3.65;3.65;3.65;3.65;3.65;0.0;0.0
135762;766221;2022-05-20;FRC;V24;;;3;1767;84121758.0;;;3.65;3.65;3.65;3.65;3.65;3.65;0.0;0.0
135763;766222;2022-05-20;FRC;F25;;;10;3248;375684031.0;;;3.67;3.67;3.67;3.67;3.67;3.67;3.67;0.0
135764;766223;2022-05-20;FRC;J25;;;0;0;0.0;;;0.0;0.0;0.0;0.0;0.0;3.69;0.0;0.0
135765;766224;2022-05-20;FRC;N25;;;4;760;86990194.0;;;3.69;3.69;3.69;3.69;3.69;3.69;0.0;0.0
135766;766225;2022-05-20;FRC;V25;;;1;189;8834292.0;;;3.7;3.7;3.7;3.7;3.7;3.7;0.0;0.0
135767;766226;2022-05-20;FRC;F26;;;5;940;106771738.0;;;3.7;3.7;3.7;3.7;3.7;3.7;0.0;0.0
135768;766227;2022-05-20;FRC;J26;;;0;0;0.0;;;0.0;0.0;0.0;0.0;0.0;3.73;0.0;0.0
135769;766228;2022-05-20;FRC;N26;;;2;374;42040623.0;;;3.72;3.72;3.72;3.72;3.72;3.72;3.72;0.0
135770;766229;2022-05-20;FRC;V26;;;0;0;0.0;;;0.0;0.0;0.0;0.0;0.0;3.75;0.0;0.0
135771;766230;2022-05-20;FRC;F27;;;3;555;61840871.0;;;3.77;3.77;3.77;3.77;3.77;3.77;0.0;3.77
135772;766231;2022-05-20;FRC;J27;;;0;0;0.0;;;0.0;0.0;0.0;0.0;0.0;3.8;0.0;0.0
135773;766232;2022-05-20;FRC;F28;;;4;728;79593564.0;;;3.84;3.84;3.84;3.84;3.84;3.84;0.0;0.0
135774;766233;2022-05-20;FRC;F29;;;3;806;86289874.0;;;3.95;3.95;3.95;3.95;3.95;3.95;0.0;0.0
135775;766234;2022-05-20;FRC;F30;;;0;0;0.0;;;0.0;0.0;0.0;0.0;0.0;4.07;0.0;4.1
135776;766235;2022-05-20;FRC;F31;;;2;798;81940823.0;;;4.13;4.13;4.15;4.14;4.15;4.12;4.1;0.0
135777;766236;2022-05-20;FRC;F32;;;0;0;0.0;;;0.0;0.0;0.0;0.0;0.0;4.24;0.0;0.0
135778;766237;2022-05-20;FRC;F33;;;0;0;0.0;;;0.0;0.0;0.0;0.0;0.0;4.36;0.0;0.0
135779;766238;2022-05-20;FRC;F34;;;0;0;0.0;;;0.0;0.0;0.0;0.0;0.0;4.45;0.0;0.0
135780;766239;2022-05-20;FRC;F35;;;0;0;0.0;;;0.0;0.0;0.0;0.0;0.0;4.56;0.0;0.0
135781;766240;2022-05-20;FRC;F36;;;0;0;0.0;;;0.0;0.0;0.0;0.0;0.0;4.7;0.0;0.0
135782;766241;2022-05-20;FRC;F37;;;0;0;0.0;;;0.0;0.0;0.0;0.0;0.0;4.83;0.0;0.0
135783;766411;2022-05-24;FRC;N22;;;197;304878;37073468909.0;;;1.29;1.28;1.35;1.3;1.34;1.32;1.32;1.34
135784;766412;2022-05-24;FRC;Q22;;;178;63436;3171557886.0;;;1.97;1.97;2.0;1.98;1.99;1.99;0.0;0.0
135785;766413;2022-05-24;FRC;U22;;;35;75382;3764307830.0;;;2.23;2.23;2.24;2.23;2.23;2.23;0.0;2.25
135786;766414;2022-05-24;FRC;V22;;;10;9163;1109964392.0;;;2.41;2.41;2.41;2.41;2.41;2.41;0.0;2.43
135787;766415;2022-05-24;FRC;X22;;;23;59481;2962391433.0;;;2.58;2.55;2.6;2.58;2.58;2.58;2.58;2.59
135788;766416;2022-05-24;FRC;Z22;;;24;49740;2473783899.0;;;2.71;2.69;2.71;2.7;2.7;2.7;0.0;0.0
135789;766417;2022-05-24;FRC;F23;;;16;8130;980702055.0;;;2.84;2.84;2.84;2.84;2.84;2.84;2.84;2.85
135790;766418;2022-05-24;FRC;G23;;;11;6949;344465866.0;;;2.99;2.99;3.01;2.99;3.01;2.99;2.99;3.0
135791;766419;2022-05-24;FRC;H23;;;10;2452;121370410.0;;;3.07;3.07;3.07;3.07;3.07;3.07;0.0;0.0
135792;766420;2022-05-24;FRC;J23;;;6;1182;142021229.0;;;3.22;3.15;3.22;3.16;3.15;3.15;3.15;0.0
135793;766421;2022-05-24;FRC;K23;;;14;3743;184624730.0;;;3.26;3.26;3.26;3.26;3.26;3.26;0.0;0.0
135794;766422;2022-05-24;FRC;M23;;;0;0;0.0;;;0.0;0.0;0.0;0.0;0.0;3.34;0.0;3.34
135795;766423;2022-05-24;FRC;N23;;;11;3259;389286251.0;;;3.38;3.36;3.38;3.36;3.36;3.36;0.0;3.36
135796;766424;2022-05-24;FRC;V23;;;0;0;0.0;;;0.0;0.0;0.0;0.0;0.0;3.51;0.0;0.0
135797;766425;2022-05-24;FRC;F24;;;18;7589;896923102.0;;;3.59;3.58;3.59;3.58;3.58;3.59;3.57;3.59
135798;766426;2022-05-24;FRC;J24;;;0;0;0.0;;;0.0;0.0;0.0;0.0;0.0;3.6;0.0;0.0
135799;766427;2022-05-24;FRC;N24;;;0;0;0.0;;;0.0;0.0;0.0;0.0;0.0;3.61;0.0;0.0
135800;766428;2022-05-24;FRC;V24;;;0;0;0.0;;;0.0;0.0;0.0;0.0;0.0;3.62;0.0;0.0
135801;766429;2022-05-24;FRC;F25;;;22;5735;666142740.0;;;3.62;3.62;3.62;3.62;3.62;3.62;3.6;3.62
135802;766430;2022-05-24;FRC;J25;;;0;0;0.0;;;0.0;0.0;0.0;0.0;0.0;3.64;0.0;0.0
135803;766431;2022-05-24;FRC;N25;;;2;759;87349715.0;;;3.64;3.64;3.64;3.64;3.64;3.64;0.0;0.0
135804;766432;2022-05-24;FRC;V25;;;0;0;0.0;;;0.0;0.0;0.0;0.0;0.0;3.65;0.0;3.65
135805;766433;2022-05-24;FRC;F26;;;10;1900;216786214.0;;;3.65;3.65;3.65;3.65;3.65;3.65;3.65;0.0
135806;766434;2022-05-24;FRC;J26;;;0;0;0.0;;;0.0;0.0;0.0;0.0;0.0;3.68;0.0;0.0
135807;766435;2022-05-24;FRC;N26;;;1;187;21131793.0;;;3.66;3.66;3.66;3.66;3.66;3.66;0.0;0.0
135808;766436;2022-05-24;FRC;V26;;;0;0;0.0;;;0.0;0.0;0.0;0.0;0.0;3.68;0.0;0.0
135809;766437;2022-05-24;FRC;F27;;;13;2703;302621116.0;;;3.84;3.71;3.84;3.71;3.71;3.71;3.7;3.71
135810;766438;2022-05-24;FRC;J27;;;0;0;0.0;;;0.0;0.0;0.0;0.0;0.0;3.74;0.0;0.0
135811;766439;2022-05-24;FRC;F28;;;2;1165;127647610.0;;;3.83;3.83;3.92;3.87;3.92;3.8;0.0;0.0
135812;766440;2022-05-24;FRC;F29;;;0;0;0.0;;;0.0;0.0;0.0;0.0;0.0;3.94;0.0;3.95
135813;766441;2022-05-24;FRC;F30;;;3;881;92683425.0;;;4.06;4.04;4.06;4.05;4.04;4.07;0.0;4.1
135814;766442;2022-05-24;FRC;F31;;;1;520;53607603.0;;;4.14;4.14;4.14;4.14;4.14;4.15;0.0;4.17
135815;766443;2022-05-24;FRC;F32;;;6;1366;56626046.0;;;4.28;4.28;4.28;4.28;4.28;4.28;0.0;0.0
135816;766444;2022-05-24;FRC;F33;;;0;0;0.0;;;0.0;0.0;0.0;0.0;0.0;4.4;0.0;0.0
135817;766445;2022-05-24;FRC;F34;;;0;0;0.0;;;0.0;0.0;0.0;0.0;0.0;4.49;0.0;0.0
135818;766446;2022-05-24;FRC;F35;;;0;0;0.0;;;0.0;0.0;0.0;0.0;0.0;4.6;0.0;0.0
135819;766447;2022-05-24;FRC;F36;;;0;0;0.0;;;0.0;0.0;0.0;0.0;0.0;4.74;0.0;0.0
135820;766448;2022-05-24;FRC;F37;;;0;0;0.0;;;0.0;0.0;0.0;0.0;0.0;4.87;0.0;0.0
135821;766620;2022-05-25;FRC;N22;;;312;375746;45663895171.0;;;1.37;1.32;1.4;1.34;1.32;1.32;0.0;1.32
135822;766621;2022-05-25;FRC;Q22;;;137;83056;4146448541.0;;;2.04;1.94;2.06;1.97;1.95;1.95;0.0;0.0
135823;766622;2022-05-25;FRC;U22;;;26;45249;2256380257.0;;;2.23;2.17;2.24;2.19;2.17;2.17;0.0;0.0
135824;766623;2022-05-25;FRC;V22;;;13;32329;3914438767.0;;;2.41;2.36;2.41;2.37;2.36;2.36;0.0;2.38
135825;766624;2022-05-25;FRC;X22;;;47;23599;1173657307.0;;;2.6;2.52;2.6;2.56;2.52;2.52;0.0;0.0
135826;766625;2022-05-25;FRC;Z22;;;45;32175;1597981000.0;;;2.7;2.65;2.72;2.67;2.65;2.65;0.0;2.67
135827;766626;2022-05-25;FRC;F23;;;28;21756;2623058559.0;;;2.85;2.75;2.9;2.81;2.76;2.78;0.0;0.0
135828;766627;2022-05-25;FRC;G23;;;5;3960;196054723.0;;;2.93;2.93;2.93;2.93;2.93;2.93;2.91;2.93
135829;766628;2022-05-25;FRC;H23;;;11;4947;244571080.0;;;3.01;3.01;3.01;3.01;3.01;3.01;0.0;0.0
135830;766629;2022-05-25;FRC;J23;;;14;4933;591955302.0;;;3.15;3.09;3.15;3.13;3.09;3.09;0.0;0.0
135831;766630;2022-05-25;FRC;K23;;;10;2679;131969042.0;;;3.28;3.2;3.28;3.22;3.21;3.2;0.0;0.0
135832;766631;2022-05-25;FRC;M23;;;11;3741;184002025.0;;;3.34;3.27;3.35;3.27;3.27;3.27;3.25;3.27
135833;766632;2022-05-25;FRC;N23;;;13;7097;847263381.0;;;3.27;3.27;3.27;3.27;3.27;3.27;0.0;0.0
135834;766633;2022-05-25;FRC;V23;;;1;196;23251549.0;;;3.44;3.44;3.44;3.44;3.44;3.44;3.42;3.43
135835;766634;2022-05-25;FRC;F24;;;21;8020;948125041.0;;;3.59;3.5;3.59;3.5;3.5;3.5;3.48;3.5
135836;766635;2022-05-25;FRC;J24;;;0;0;0.0;;;0.0;0.0;0.0;0.0;0.0;3.51;0.0;0.0
135837;766636;2022-05-25;FRC;N24;;;2;386;45249045.0;;;3.52;3.52;3.52;3.52;3.52;3.52;0.0;0.0
135838;766637;2022-05-25;FRC;V24;;;0;0;0.0;;;0.0;0.0;0.0;0.0;0.0;3.54;0.0;0.0
135839;766638;2022-05-25;FRC;F25;;;16;6543;760040835.0;;;3.62;3.55;3.62;3.56;3.55;3.55;3.55;0.0
135840;766639;2022-05-25;FRC;J25;;;0;0;0.0;;;0.0;0.0;0.0;0.0;0.0;3.57;0.0;0.0
135841;766640;2022-05-25;FRC;N25;;;0;0;0.0;;;0.0;0.0;0.0;0.0;0.0;3.57;0.0;0.0
135842;766641;2022-05-25;FRC;V25;;;0;0;0.0;;;0.0;0.0;0.0;0.0;0.0;3.59;0.0;3.59
135843;766642;2022-05-25;FRC;F26;;;6;11991;1366832199.0;;;3.65;3.59;3.66;3.65;3.59;3.59;3.57;0.0
135844;766643;2022-05-25;FRC;J26;;;1;188;8786169.0;;;3.6;3.6;3.6;3.6;3.6;3.6;0.0;0.0
135845;766644;2022-05-25;FRC;N26;;;0;0;0.0;;;0.0;0.0;0.0;0.0;0.0;3.59;0.0;0.0
135846;766645;2022-05-25;FRC;V26;;;0;0;0.0;;;0.0;0.0;0.0;0.0;0.0;3.61;0.0;0.0
135847;766646;2022-05-25;FRC;F27;;;14;11262;1260720024.0;;;3.71;3.65;3.71;3.69;3.65;3.65;3.63;0.0
135848;766647;2022-05-25;FRC;J27;;;0;0;0.0;;;0.0;0.0;0.0;0.0;0.0;3.68;0.0;0.0
135849;766648;2022-05-25;FRC;F28;;;11;2148;236303024.0;;;3.77;3.74;3.8;3.75;3.74;3.74;3.72;0.0
135850;766649;2022-05-25;FRC;F29;;;1;251;26950127.0;;;3.94;3.94;3.94;3.94;3.94;3.88;0.0;0.0
135851;766650;2022-05-25;FRC;F30;;;3;1533;161229033.0;;;4.05;4.05;4.05;4.05;4.05;4.02;0.0;4.03
135852;766651;2022-05-25;FRC;F31;;;2;590;60770055.0;;;4.15;4.1;4.15;4.13;4.1;4.1;4.1;0.0
135853;766652;2022-05-25;FRC;F32;;;6;1060;43949761.0;;;4.28;4.23;4.28;4.23;4.23;4.23;4.23;0.0
135854;766653;2022-05-25;FRC;F33;;;0;0;0.0;;;0.0;0.0;0.0;0.0;0.0;4.35;0.0;0.0
135855;766654;2022-05-25;FRC;F34;;;0;0;0.0;;;0.0;0.0;0.0;0.0;0.0;4.44;0.0;0.0
135856;766655;2022-05-25;FRC;F35;;;0;0;0.0;;;0.0;0.0;0.0;0.0;0.0;4.55;0.0;0.0
135857;766656;2022-05-25;FRC;F36;;;0;0;0.0;;;0.0;0.0;0.0;0.0;0.0;4.69;0.0;0.0
135858;766657;2022-05-25;FRC;F37;;;0;0;0.0;;;0.0;0.0;0.0;0.0;0.0;4.82;0.0;0.0
135859;766831;2022-05-26;FRC;N22;;;262;433473;52480561482.0;;;1.29;1.18;1.32;1.24;1.2;1.22;1.1;1.21
135860;766832;2022-05-26;FRC;Q22;;;79;72617;3591647836.0;;;1.93;1.84;1.95;1.88;1.84;1.84;1.8;0.0
135861;766833;2022-05-26;FRC;U22;;;33;18089;893735058.0;;;2.15;2.07;2.15;2.07;2.07;2.07;2.04;2.06
135862;766834;2022-05-26;FRC;V22;;;22;18025;2174952113.0;;;2.33;2.25;2.36;2.27;2.25;2.25;2.22;2.25
135863;766835;2022-05-26;FRC;X22;;;3;4935;243210641.0;;;2.46;2.42;2.46;2.42;2.42;2.41;2.4;2.41
135864;766836;2022-05-26;FRC;Z22;;;40;31796;1564830390.0;;;2.6;2.55;2.6;2.57;2.55;2.55;2.53;2.55
135865;766837;2022-05-26;FRC;F23;;;19;12697;1525812966.0;;;2.66;2.66;2.67;2.66;2.66;2.66;2.66;2.69
135866;766838;2022-05-26;FRC;G23;;;9;3921;192382767.0;;;2.82;2.82;2.82;2.82;2.82;2.82;2.8;2.82
135867;766839;2022-05-26;FRC;H23;;;10;4293;210317811.0;;;2.93;2.93;2.93;2.93;2.93;2.93;2.9;2.93
135868;766840;2022-05-26;FRC;J23;;;58;9169;1095924641.0;;;3.05;3.02;3.05;3.02;3.02;3.02;2.99;3.02
135869;766841;2022-05-26;FRC;K23;;;6;4378;213746049.0;;;3.16;3.13;3.16;3.13;3.13;3.13;3.1;3.13
135870;766842;2022-05-26;FRC;M23;;;11;3231;157488046.0;;;3.23;3.2;3.23;3.2;3.2;3.2;0.0;3.2
135871;766843;2022-05-26;FRC;N23;;;23;3061;364623021.0;;;3.23;3.2;3.23;3.21;3.2;3.2;0.0;3.21
135872;766844;2022-05-26;FRC;V23;;;8;2348;277993316.0;;;3.36;3.36;3.36;3.36;3.36;3.36;0.0;3.36
135873;766845;2022-05-26;FRC;F24;;;16;5394;635472550.0;;;3.48;3.43;3.48;3.46;3.43;3.45;3.43;3.44
135874;766846;2022-05-26;FRC;J24;;;1;97;11380162.0;;;3.45;3.45;3.45;3.45;3.45;3.46;0.0;0.0
135875;766847;2022-05-26;FRC;N24;;;0;0;0.0;;;0.0;0.0;0.0;0.0;0.0;3.47;0.0;0.0
135876;766848;2022-05-26;FRC;V24;;;0;0;0.0;;;0.0;0.0;0.0;0.0;0.0;3.5;0.0;0.0
135877;766849;2022-05-26;FRC;F25;;;26;3969;459077250.0;;;3.55;3.51;3.55;3.52;3.52;3.51;0.0;0.0
135878;766850;2022-05-26;FRC;J25;;;0;0;0.0;;;0.0;0.0;0.0;0.0;0.0;3.53;0.0;0.0
135879;766851;2022-05-26;FRC;N25;;;0;0;0.0;;;0.0;0.0;0.0;0.0;0.0;3.53;0.0;0.0
135880;766852;2022-05-26;FRC;V25;;;0;0;0.0;;;0.0;0.0;0.0;0.0;0.0;3.56;0.0;3.56
135881;766853;2022-05-26;FRC;F26;;;3;1754;199312750.0;;;3.59;3.56;3.59;3.58;3.56;3.56;0.0;0.0
135882;766854;2022-05-26;FRC;J26;;;0;0;0.0;;;0.0;0.0;0.0;0.0;0.0;3.57;0.0;0.0
135883;766855;2022-05-26;FRC;N26;;;0;0;0.0;;;0.0;0.0;0.0;0.0;0.0;3.56;0.0;0.0
135884;766856;2022-05-26;FRC;V26;;;0;0;0.0;;;0.0;0.0;0.0;0.0;0.0;3.58;0.0;0.0
135885;766857;2022-05-26;FRC;F27;;;7;2414;269490637.0;;;3.62;3.62;3.62;3.62;3.62;3.62;0.0;0.0
135886;766858;2022-05-26;FRC;J27;;;0;0;0.0;;;0.0;0.0;0.0;0.0;0.0;3.65;0.0;0.0
135887;766859;2022-05-26;FRC;F28;;;2;1132;123879331.0;;;3.75;3.73;3.75;3.74;3.73;3.73;0.0;0.0
135888;766860;2022-05-26;FRC;F29;;;4;1256;134658024.0;;;3.87;3.87;3.88;3.87;3.88;3.87;0.0;3.87
135889;766861;2022-05-26;FRC;F30;;;1;794;83247592.0;;;4.02;4.02;4.02;4.02;4.02;4.02;0.0;4.0
135890;766862;2022-05-26;FRC;F31;;;11;2469;253537846.0;;;4.1;4.1;4.1;4.1;4.1;4.1;0.0;4.1
135891;766863;2022-05-26;FRC;F32;;;0;0;0.0;;;0.0;0.0;0.0;0.0;0.0;4.22;4.21;4.25
135892;766864;2022-05-26;FRC;F33;;;0;0;0.0;;;0.0;0.0;0.0;0.0;0.0;4.34;0.0;0.0
135893;766865;2022-05-26;FRC;F34;;;0;0;0.0;;;0.0;0.0;0.0;0.0;0.0;4.42;0.0;0.0
135894;766866;2022-05-26;FRC;F35;;;0;0;0.0;;;0.0;0.0;0.0;0.0;0.0;4.52;0.0;0.0
135895;766867;2022-05-26;FRC;F36;;;0;0;0.0;;;0.0;0.0;0.0;0.0;0.0;4.66;0.0;0.0
135896;766868;2022-05-26;FRC;F37;;;0;0;0.0;;;0.0;0.0;0.0;0.0;0.0;4.78;0.0;0.0
135897;767042;2022-05-27;FRC;N22;;;252;506296;61361676494.0;;;1.22;1.0;1.22;1.15;1.18;1.17;1.17;0.0
135898;767043;2022-05-27;FRC;Q22;;;35;34169;1694385517.0;;;1.76;1.71;1.78;1.77;1.78;1.78;0.0;0.0
135899;767044;2022-05-27;FRC;U22;;;187;39335;1948498564.0;;;1.97;1.94;2.01;1.99;2.01;2.01;0.0;0.0
135900;767045;2022-05-27;FRC;V22;;;28;20984;2534452204.0;;;2.19;2.11;2.2;2.18;2.19;2.19;0.0;0.0
135901;767046;2022-05-27;FRC;X22;;;20;10826;534962937.0;;;2.37;2.31;2.37;2.34;2.35;2.35;2.35;0.0
135902;767047;2022-05-27;FRC;Z22;;;34;19424;958568910.0;;;2.49;2.47;2.51;2.47;2.47;2.47;2.47;0.0
135903;767048;2022-05-27;FRC;F23;;;30;22423;2697742637.0;;;2.61;2.61;2.63;2.61;2.61;2.61;2.61;0.0
135904;767049;2022-05-27;FRC;G23;;;6;1545;76007882.0;;;2.77;2.77;2.77;2.77;2.77;2.77;2.77;0.0
135905;767050;2022-05-27;FRC;H23;;;3;198;9726205.0;;;2.88;2.88;2.89;2.88;2.89;2.89;0.0;0.0
135906;767051;2022-05-27;FRC;J23;;;15;6503;778193826.0;;;3.0;2.97;3.0;2.98;2.99;2.99;0.0;0.0
135907;767052;2022-05-27;FRC;K23;;;14;8715;426609403.0;;;3.08;3.08;3.11;3.1;3.11;3.11;0.0;0.0
135908;767053;2022-05-27;FRC;M23;;;8;1655;80879482.0;;;3.15;3.15;3.19;3.18;3.19;3.19;3.15;0.0
135909;767054;2022-05-27;FRC;N23;;;12;4209;501330463.0;;;3.11;3.11;3.19;3.18;3.19;3.19;0.0;0.0
135910;767055;2022-05-27;FRC;V23;;;5;1018;120621167.0;;;3.34;3.34;3.36;3.35;3.36;3.36;0.0;0.0
135911;767056;2022-05-27;FRC;F24;;;9;2687;316883101.0;;;3.47;3.47;3.47;3.47;3.47;3.47;0.0;3.47
135912;767057;2022-05-27;FRC;J24;;;5;989;116134514.0;;;3.48;3.48;3.48;3.48;3.48;3.48;0.0;0.0
135913;767058;2022-05-27;FRC;N24;;;0;0;0.0;;;0.0;0.0;0.0;0.0;0.0;3.53;0.0;0.0
135914;767059;2022-05-27;FRC;V24;;;0;0;0.0;;;0.0;0.0;0.0;0.0;0.0;3.54;0.0;0.0
135915;767060;2022-05-27;FRC;F25;;;10;2755;319186664.0;;;3.56;3.56;3.56;3.56;3.56;3.56;0.0;0.0
135916;767061;2022-05-27;FRC;J25;;;0;0;0.0;;;0.0;0.0;0.0;0.0;0.0;3.57;0.0;0.0
135917;767062;2022-05-27;FRC;N25;;;0;0;0.0;;;0.0;0.0;0.0;0.0;0.0;3.57;0.0;0.0
135918;767063;2022-05-27;FRC;V25;;;4;756;35390442.0;;;3.59;3.59;3.59;3.59;3.59;3.59;0.0;0.0
135919;767064;2022-05-27;FRC;F26;;;2;245;27842661.0;;;3.65;3.6;3.65;3.63;3.6;3.65;0.0;3.63
135920;767065;2022-05-27;FRC;J26;;;0;0;0.0;;;0.0;0.0;0.0;0.0;0.0;3.65;0.0;0.0
135921;767066;2022-05-27;FRC;N26;;;0;0;0.0;;;0.0;0.0;0.0;0.0;0.0;3.62;0.0;0.0
135922;767067;2022-05-27;FRC;V26;;;0;0;0.0;;;0.0;0.0;0.0;0.0;0.0;3.63;0.0;0.0
135923;767068;2022-05-27;FRC;F27;;;7;1462;163542446.0;;;3.65;3.65;3.65;3.65;3.65;3.65;0.0;0.0
135924;767069;2022-05-27;FRC;J27;;;0;0;0.0;;;0.0;0.0;0.0;0.0;0.0;3.68;0.0;0.0
135925;767070;2022-05-27;FRC;F28;;;0;0;0.0;;;0.0;0.0;0.0;0.0;0.0;3.76;0.0;0.0
135926;767071;2022-05-27;FRC;F29;;;0;0;0.0;;;0.0;0.0;0.0;0.0;0.0;3.9;0.0;0.0
135927;767072;2022-05-27;FRC;F30;;;0;0;0.0;;;0.0;0.0;0.0;0.0;0.0;4.05;0.0;4.05
135928;767073;2022-05-27;FRC;F31;;;0;0;0.0;;;0.0;0.0;0.0;0.0;0.0;4.13;0.0;0.0
135929;767074;2022-05-27;FRC;F32;;;0;0;0.0;;;0.0;0.0;0.0;0.0;0.0;4.25;0.0;0.0
135930;767075;2022-05-27;FRC;F33;;;0;0;0.0;;;0.0;0.0;0.0;0.0;0.0;4.37;0.0;0.0
135931;767076;2022-05-27;FRC;F34;;;0;0;0.0;;;0.0;0.0;0.0;0.0;0.0;4.45;0.0;0.0
135932;767077;2022-05-27;FRC;F35;;;0;0;0.0;;;0.0;0.0;0.0;0.0;0.0;4.55;0.0;0.0
135933;767078;2022-05-27;FRC;F36;;;1;64;2398290.0;;;4.69;4.69;4.69;4.69;4.69;4.69;0.0;0.0
135934;767079;2022-05-27;FRC;F37;;;0;0;0.0;;;0.0;0.0;0.0;0.0;0.0;4.81;0.0;0.0
135935;767253;2022-05-30;FRC;Q22;;;14;29171;3540877988.0;;;2.45;2.45;2.45;2.45;2.45;2.45;0.0;0.0
135936;767254;2022-05-30;FRC;U22;;;34;39518;4791603126.0;;;2.49;2.49;2.49;2.49;2.49;2.49;0.0;0.0
135937;767255;2022-05-30;FRC;V22;;;16;9369;1801620122.0;;;2.59;2.59;2.59;2.59;2.59;2.59;0.0;0.0
135938;767256;2022-05-30;FRC;X22;;;8;8560;1035215013.0;;;2.72;2.72;2.72;2.72;2.72;2.72;2.72;0.0
135939;767257;2022-05-30;FRC;Z22;;;13;8429;1017966458.0;;;2.74;2.74;2.82;2.81;2.82;2.82;2.82;0.0
135940;767258;2022-05-30;FRC;F23;;;26;11540;2209597497.0;;;2.94;2.94;2.94;2.94;2.94;2.94;2.94;0.0
135941;767259;2022-05-30;FRC;G23;;;10;3962;476817987.0;;;3.11;3.11;3.11;3.11;3.11;3.11;3.06;3.15
135942;767260;2022-05-30;FRC;H23;;;10;3365;404509133.0;;;3.22;3.22;3.22;3.22;3.22;3.22;3.22;3.25
135943;767261;2022-05-30;FRC;J23;;;12;9170;1747193215.0;;;3.2;3.2;3.31;3.23;3.31;3.31;0.0;3.35
135944;767262;2022-05-30;FRC;K23;;;8;2759;330288709.0;;;3.41;3.41;3.41;3.41;3.41;3.41;0.0;0.0
135945;767263;2022-05-30;FRC;M23;;;0;0;0.0;;;0.0;0.0;0.0;0.0;0.0;3.48;0.0;0.0
135946;767264;2022-05-30;FRC;N23;;;0;0;0.0;;;0.0;0.0;0.0;0.0;0.0;3.47;0.0;0.0
135947;767265;2022-05-30;FRC;V23;;;5;1565;295067888.0;;;3.61;3.61;3.61;3.61;3.61;3.61;0.0;0.0
135948;767266;2022-05-30;FRC;F24;;;9;1949;365578789.0;;;3.7;3.7;3.7;3.7;3.7;3.7;0.0;0.0
135949;767267;2022-05-30;FRC;J24;;;6;1164;217357987.0;;;3.7;3.7;3.7;3.7;3.7;3.7;0.0;0.0
135950;767268;2022-05-30;FRC;N24;;;0;0;0.0;;;0.0;0.0;0.0;0.0;0.0;3.73;0.0;0.0
135951;767269;2022-05-30;FRC;V24;;;0;0;0.0;;;0.0;0.0;0.0;0.0;0.0;3.73;0.0;0.0
135952;767270;2022-05-30;FRC;F25;;;7;1529;281530310.0;;;3.73;3.73;3.73;3.73;3.73;3.73;0.0;0.0
135953;767271;2022-05-30;FRC;J25;;;2;1908;220610558.0;;;3.64;3.64;3.64;3.64;3.64;3.74;0.0;0.0
135954;767272;2022-05-30;FRC;N25;;;2;380;69360503.0;;;3.73;3.73;3.73;3.73;3.73;3.73;0.0;0.0
135955;767273;2022-05-30;FRC;V25;;;0;0;0.0;;;0.0;0.0;0.0;0.0;0.0;3.73;0.0;0.0
135956;767274;2022-05-30;FRC;F26;;;8;1430;258739720.0;;;3.7;3.7;3.76;3.7;3.76;3.76;0.0;0.0
135957;767275;2022-05-30;FRC;J26;;;0;0;0.0;;;0.0;0.0;0.0;0.0;0.0;3.77;0.0;0.0
135958;767276;2022-05-30;FRC;N26;;;0;0;0.0;;;0.0;0.0;0.0;0.0;0.0;3.75;0.0;0.0
135959;767277;2022-05-30;FRC;V26;;;0;0;0.0;;;0.0;0.0;0.0;0.0;0.0;3.76;0.0;0.0
135960;767278;2022-05-30;FRC;F27;;;10;1850;328327727.0;;;3.79;3.79;3.79;3.79;3.79;3.79;0.0;0.0
135961;767279;2022-05-30;FRC;J27;;;0;0;0.0;;;0.0;0.0;0.0;0.0;0.0;3.82;0.0;0.0
135962;767280;2022-05-30;FRC;F28;;;0;0;0.0;;;0.0;0.0;0.0;0.0;0.0;3.88;0.0;0.0
135963;767281;2022-05-30;FRC;F29;;;0;0;0.0;;;0.0;0.0;0.0;0.0;0.0;4.02;0.0;4.02
135964;767282;2022-05-30;FRC;F30;;;0;0;0.0;;;0.0;0.0;0.0;0.0;0.0;4.16;0.0;4.16
135965;767283;2022-05-30;FRC;F31;;;1;173;28221919.0;;;4.22;4.22;4.22;4.22;4.22;4.22;0.0;0.0
135966;767284;2022-05-30;FRC;F32;;;0;0;0.0;;;0.0;0.0;0.0;0.0;0.0;4.34;0.0;0.0
135967;767285;2022-05-30;FRC;F33;;;0;0;0.0;;;0.0;0.0;0.0;0.0;0.0;4.46;0.0;0.0
135968;767286;2022-05-30;FRC;F34;;;0;0;0.0;;;0.0;0.0;0.0;0.0;0.0;4.54;0.0;0.0
135969;767287;2022-05-30;FRC;F35;;;0;0;0.0;;;0.0;0.0;0.0;0.0;0.0;4.64;0.0;0.0
135970;767288;2022-05-30;FRC;F36;;;0;0;0.0;;;0.0;0.0;0.0;0.0;0.0;4.78;0.0;0.0
135971;767289;2022-05-30;FRC;F37;;;0;0;0.0;;;0.0;0.0;0.0;0.0;0.0;4.9;0.0;0.0
135972;767464;2022-05-31;FRC;Q22;;;51;93065;11343789335.0;;;2.48;2.48;2.51;2.5;2.51;2.51;2.51;0.0
135973;767465;2022-05-31;FRC;U22;;;34;39658;4828723116.0;;;2.54;2.54;2.57;2.55;2.55;2.55;0.0;0.0
135974;767466;2022-05-31;FRC;V22;;;8;11361;2190281813.0;;;2.64;2.64;2.66;2.65;2.66;2.66;2.64;2.67
135975;767467;2022-05-31;FRC;X22;;;15;4702;571299536.0;;;2.73;2.73;2.78;2.77;2.78;2.78;2.78;0.0
135976;767468;2022-05-31;FRC;Z22;;;7;5169;626875820.0;;;2.87;2.87;2.88;2.87;2.88;2.87;2.87;0.0
135977;767469;2022-05-31;FRC;F23;;;17;12482;2395983382.0;;;2.98;2.98;3.0;2.99;3.0;3.0;3.01;0.0
135978;767470;2022-05-31;FRC;G23;;;14;12878;1556377297.0;;;3.15;3.15;3.17;3.16;3.17;3.17;3.17;0.0
135979;767471;2022-05-31;FRC;H23;;;10;2099;253424934.0;;;3.28;3.28;3.28;3.28;3.28;3.28;3.28;0.0
135980;767472;2022-05-31;FRC;J23;;;14;10030;1914999596.0;;;3.37;3.37;3.39;3.38;3.39;3.39;3.39;3.4
135981;767473;2022-05-31;FRC;K23;;;9;4928;592449842.0;;;3.48;3.48;3.48;3.48;3.48;3.48;3.49;0.0
135982;767474;2022-05-31;FRC;M23;;;10;5590;670943061.0;;;3.52;3.52;3.57;3.55;3.57;3.57;0.0;3.59
135983;767475;2022-05-31;FRC;N23;;;27;15361;2917815082.0;;;3.5;3.5;3.58;3.55;3.58;3.58;3.58;3.6
135984;767476;2022-05-31;FRC;V23;;;1;20;3780608.0;;;3.72;3.72;3.72;3.72;3.72;3.72;0.0;3.72
135985;767477;2022-05-31;FRC;F24;;;19;6893;1295417825.0;;;3.8;3.79;3.8;3.79;3.79;3.8;3.78;3.79
135986;767478;2022-05-31;FRC;J24;;;5;1394;260853662.0;;;3.76;3.76;3.76;3.76;3.76;3.76;3.77;0.0
135987;767479;2022-05-31;FRC;N24;;;10;2527;470490186.0;;;3.81;3.81;3.81;3.81;3.81;3.81;3.79;3.81
135988;767480;2022-05-31;FRC;V24;;;5;960;112224112.0;;;3.83;3.83;3.83;3.83;3.83;3.83;0.0;0.0
135989;767481;2022-05-31;FRC;F25;;;9;6077;1120614284.0;;;3.81;3.81;3.83;3.82;3.83;3.83;3.8;3.83
135990;767482;2022-05-31;FRC;J25;;;0;0;0.0;;;0.0;0.0;0.0;0.0;0.0;3.84;0.0;0.0
135991;767483;2022-05-31;FRC;N25;;;3;1138;207964147.0;;;3.83;3.83;3.83;3.83;3.83;3.83;0.0;0.0
135992;767484;2022-05-31;FRC;V25;;;0;0;0.0;;;0.0;0.0;0.0;0.0;0.0;3.83;0.0;0.0
135993;767485;2022-05-31;FRC;F26;;;16;8665;1568355705.0;;;3.85;3.85;3.85;3.85;3.85;3.85;0.0;0.0
135994;767486;2022-05-31;FRC;J26;;;0;0;0.0;;;0.0;0.0;0.0;0.0;0.0;3.87;0.0;3.87
135995;767487;2022-05-31;FRC;N26;;;1;186;33352785.0;;;3.86;3.86;3.86;3.86;3.86;3.86;0.0;0.0
135996;767488;2022-05-31;FRC;V26;;;0;0;0.0;;;0.0;0.0;0.0;0.0;0.0;3.86;0.0;0.0
135997;767489;2022-05-31;FRC;F27;;;1;2774;492746205.0;;;3.88;3.88;3.88;3.88;3.88;3.89;0.0;3.89
135998;767490;2022-05-31;FRC;J27;;;0;0;0.0;;;0.0;0.0;0.0;0.0;0.0;3.91;0.0;0.0
135999;767491;2022-05-31;FRC;F28;;;4;1980;344526868.0;;;3.99;3.98;3.99;3.98;3.99;3.96;0.0;0.0
136000;767492;2022-05-31;FRC;F29;;;0;0;0.0;;;0.0;0.0;0.0;0.0;0.0;4.07;0.0;0.0
136001;767493;2022-05-31;FRC;F30;;;14;3658;609884816.0;;;4.16;4.16;4.25;4.2;4.19;4.19;0.0;0.0
136002;767494;2022-05-31;FRC;F31;;;2;346;56487757.0;;;4.28;4.28;4.28;4.28;4.28;4.28;0.0;0.0
136003;767495;2022-05-31;FRC;F32;;;0;0;0.0;;;0.0;0.0;0.0;0.0;0.0;4.4;0.0;0.0
136004;767496;2022-05-31;FRC;F33;;;0;0;0.0;;;0.0;0.0;0.0;0.0;0.0;4.52;0.0;0.0
136005;767497;2022-05-31;FRC;F34;;;0;0;0.0;;;0.0;0.0;0.0;0.0;0.0;4.6;0.0;0.0
136006;767498;2022-05-31;FRC;F35;;;0;0;0.0;;;0.0;0.0;0.0;0.0;0.0;4.7;0.0;0.0
136007;767499;2022-05-31;FRC;F36;;;0;0;0.0;;;0.0;0.0;0.0;0.0;0.0;4.84;0.0;0.0
136008;767500;2022-05-31;FRC;F37;;;0;0;0.0;;;0.0;0.0;0.0;0.0;0.0;4.96;0.0;0.0
136009;767675;2022-06-01;FRC;Q22;;;14;19839;2431640881.0;;;2.51;2.5;2.54;2.51;2.51;2.51;0.0;0.0
136010;767676;2022-06-01;FRC;U22;;;22;37778;4625200174.0;;;2.55;2.55;2.6;2.56;2.56;2.56;2.56;2.58
136011;767677;2022-06-01;FRC;V22;;;38;20297;3926850406.0;;;2.66;2.66;2.7;2.67;2.67;2.67;0.0;0.0
136012;767678;2022-06-01;FRC;X22;;;5;1970;240514186.0;;;2.78;2.78;2.79;2.78;2.79;2.79;0.0;0.0
136013;767679;2022-06-01;FRC;Z22;;;13;11351;1384161984.0;;;2.87;2.87;2.92;2.91;2.92;2.92;2.9;2.93
136014;767680;2022-06-01;FRC;F23;;;23;19107;3679923564.0;;;3.0;3.0;3.07;3.06;3.07;3.07;0.0;3.07
136015;767681;2022-06-01;FRC;G23;;;10;3010;365660933.0;;;3.24;3.24;3.24;3.24;3.24;3.24;3.2;3.24
136016;767682;2022-06-01;FRC;H23;;;7;1584;192283948.0;;;3.35;3.35;3.35;3.35;3.35;3.35;0.0;0.0
136017;767683;2022-06-01;FRC;J23;;;13;9770;1871484452.0;;;3.39;3.39;3.45;3.44;3.45;3.45;0.0;0.0
136018;767684;2022-06-01;FRC;K23;;;18;5890;711694318.0;;;3.48;3.48;3.54;3.53;3.54;3.54;3.54;0.0
136019;767685;2022-06-01;FRC;M23;;;6;4998;603095977.0;;;3.57;3.54;3.64;3.58;3.64;3.64;0.0;3.64
136020;767686;2022-06-01;FRC;N23;;;19;22663;4318226530.0;;;3.58;3.58;3.65;3.63;3.65;3.65;0.0;0.0
136021;767687;2022-06-01;FRC;V23;;;3;742;140624895.0;;;3.72;3.72;3.81;3.76;3.81;3.81;0.0;0.0
136022;767688;2022-06-01;FRC;F24;;;22;13840;2608761913.0;;;3.8;3.8;3.88;3.86;3.87;3.87;0.0;3.87
136023;767689;2022-06-01;FRC;J24;;;6;1182;221847149.0;;;3.76;3.76;3.87;3.82;3.87;3.87;0.0;0.0
136024;767690;2022-06-01;FRC;N24;;;3;1022;190909409.0;;;3.81;3.81;3.9;3.83;3.9;3.9;0.0;0.0
136025;767691;2022-06-01;FRC;V24;;;1;250;29419653.0;;;3.83;3.83;3.83;3.83;3.83;3.92;0.0;0.0
136026;767692;2022-06-01;FRC;F25;;;13;4852;897294378.0;;;3.83;3.83;3.91;3.88;3.91;3.91;0.0;0.0
136027;767693;2022-06-01;FRC;J25;;;2;780;90788895.0;;;3.84;3.84;3.92;3.85;3.92;3.92;0.0;0.0
136028;767694;2022-06-01;FRC;N25;;;4;1098;201152186.0;;;3.83;3.83;3.91;3.89;3.91;3.91;0.0;0.0
136029;767695;2022-06-01;FRC;V25;;;1;113;13017548.0;;;3.83;3.83;3.83;3.83;3.83;3.91;0.0;0.0
136030;767696;2022-06-01;FRC;F26;;;5;1409;255653974.0;;;3.85;3.85;3.93;3.91;3.93;3.93;0.0;0.0
136031;767697;2022-06-01;FRC;J26;;;2;224;25537255.0;;;3.87;3.87;3.94;3.92;3.94;3.94;0.0;0.0
136032;767698;2022-06-01;FRC;N26;;;2;261;46929597.0;;;3.86;3.86;3.94;3.91;3.94;3.94;0.0;3.94
136033;767699;2022-06-01;FRC;V26;;;1;37;4178459.0;;;3.86;3.86;3.86;3.86;3.86;3.94;0.0;0.0
136034;767700;2022-06-01;FRC;F27;;;12;4155;739381775.0;;;3.89;3.89;3.98;3.96;3.98;3.98;0.0;4.0
136035;767701;2022-06-01;FRC;J27;;;0;0;0.0;;;0.0;0.0;0.0;0.0;0.0;4.0;0.0;0.0
136036;767702;2022-06-01;FRC;F28;;;4;764;133320781.0;;;3.96;3.96;4.05;4.02;4.05;4.05;0.0;4.05
136037;767703;2022-06-01;FRC;F29;;;4;463;79042450.0;;;4.07;4.07;4.15;4.13;4.15;4.15;0.0;0.0
136038;767704;2022-06-01;FRC;F30;;;8;1775;296622520.0;;;4.19;4.19;4.26;4.24;4.26;4.26;0.0;0.0
136039;767705;2022-06-01;FRC;F31;;;3;501;81893899.0;;;4.28;4.28;4.37;4.34;4.37;4.37;0.0;4.4
136040;767706;2022-06-01;FRC;F32;;;0;0;0.0;;;0.0;0.0;0.0;0.0;0.0;4.49;0.0;0.0
136041;767707;2022-06-01;FRC;F33;;;0;0;0.0;;;0.0;0.0;0.0;0.0;0.0;4.61;0.0;0.0
136042;767708;2022-06-01;FRC;F34;;;0;0;0.0;;;0.0;0.0;0.0;0.0;0.0;4.69;4.69;0.0
136043;767709;2022-06-01;FRC;F35;;;0;0;0.0;;;0.0;0.0;0.0;0.0;0.0;4.79;0.0;0.0
136044;767710;2022-06-01;FRC;F36;;;0;0;0.0;;;0.0;0.0;0.0;0.0;0.0;4.93;4.9;0.0
136045;767711;2022-06-01;FRC;F37;;;0;0;0.0;;;0.0;0.0;0.0;0.0;0.0;5.05;0.0;0.0
136046;767882;2022-06-02;FRC;Q22;;;12;19081;2319349217.0;;;2.49;2.48;2.49;2.48;2.48;2.48;0.0;0.0
136047;767883;2022-06-02;FRC;U22;;;17;40274;4889787806.0;;;2.54;2.53;2.56;2.55;2.56;2.56;0.0;0.0
136048;767884;2022-06-02;FRC;V22;;;6;6179;1189193866.0;;;2.73;2.66;2.73;2.66;2.66;2.66;0.0;2.66
136049;767885;2022-06-02;FRC;X22;;;48;16633;2015034599.0;;;2.79;2.77;2.79;2.78;2.78;2.78;0.0;0.0
136050;767886;2022-06-02;FRC;Z22;;;10;12365;1495284040.0;;;2.92;2.9;2.92;2.9;2.9;2.9;0.0;0.0
136051;767887;2022-06-02;FRC;F23;;;17;7262;1391378338.0;;;3.07;3.03;3.07;3.05;3.05;3.05;3.02;3.05
136052;767888;2022-06-02;FRC;G23;;;11;3564;429332780.0;;;3.2;3.2;3.22;3.21;3.22;3.22;3.2;0.0
136053;767889;2022-06-02;FRC;H23;;;1;1444;173725459.0;;;3.35;3.35;3.35;3.35;3.35;3.33;0.0;0.0
136054;767890;2022-06-02;FRC;J23;;;25;12731;2426080400.0;;;3.45;3.43;3.45;3.43;3.43;3.43;0.0;3.43
136055;767891;2022-06-02;FRC;K23;;;3;1065;127711912.0;;;3.52;3.51;3.52;3.51;3.51;3.52;0.0;0.0
136056;767892;2022-06-02;FRC;M23;;;9;3011;360308341.0;;;3.63;3.61;3.63;3.61;3.61;3.61;0.0;3.62
136057;767893;2022-06-02;FRC;N23;;;13;7226;1369629513.0;;;3.64;3.64;3.64;3.64;3.64;3.64;0.0;3.64
136058;767894;2022-06-02;FRC;V23;;;0;0;0.0;;;0.0;0.0;0.0;0.0;0.0;3.79;0.0;0.0
136059;767895;2022-06-02;FRC;F24;;;16;8747;1640423115.0;;;3.88;3.84;3.88;3.84;3.84;3.84;0.0;0.0
136060;767896;2022-06-02;FRC;J24;;;4;621;115928876.0;;;3.85;3.85;3.85;3.85;3.85;3.85;3.85;0.0
136061;767897;2022-06-02;FRC;N24;;;1;347;64439146.0;;;3.9;3.9;3.9;3.9;3.9;3.87;0.0;3.87
136062;767898;2022-06-02;FRC;V24;;;0;0;0.0;;;0.0;0.0;0.0;0.0;0.0;3.89;0.0;0.0
136063;767899;2022-06-02;FRC;F25;;;5;1146;210836497.0;;;3.91;3.87;3.91;3.87;3.87;3.87;0.0;0.0
136064;767900;2022-06-02;FRC;J25;;;0;0;0.0;;;0.0;0.0;0.0;0.0;0.0;3.88;0.0;0.0
136065;767901;2022-06-02;FRC;N25;;;2;378;68907831.0;;;3.87;3.87;3.87;3.87;3.87;3.87;0.0;0.0
136066;767902;2022-06-02;FRC;V25;;;0;0;0.0;;;0.0;0.0;0.0;0.0;0.0;3.87;0.0;0.0
136067;767903;2022-06-02;FRC;F26;;;1;113;20408203.0;;;3.89;3.89;3.89;3.89;3.89;3.89;0.0;0.0
136068;767904;2022-06-02;FRC;J26;;;0;0;0.0;;;0.0;0.0;0.0;0.0;0.0;3.91;0.0;0.0
136069;767905;2022-06-02;FRC;N26;;;1;56;10016977.0;;;3.92;3.92;3.92;3.92;3.92;3.91;0.0;0.0
136070;767906;2022-06-02;FRC;V26;;;0;0;0.0;;;0.0;0.0;0.0;0.0;0.0;3.91;0.0;0.0
136071;767907;2022-06-02;FRC;F27;;;7;12805;2268385246.0;;;3.98;3.92;3.98;3.92;3.92;3.92;0.0;3.96
136072;767908;2022-06-02;FRC;J27;;;1;1655;183683565.0;;;4.0;4.0;4.0;4.0;4.0;3.94;0.0;0.0
136073;767909;2022-06-02;FRC;F28;;;2;8417;1462483493.0;;;3.98;3.98;3.98;3.98;3.98;3.98;3.98;0.0
136074;767910;2022-06-02;FRC;F29;;;1;554;94289805.0;;;4.07;4.07;4.07;4.07;4.07;4.07;4.07;0.0
136075;767911;2022-06-02;FRC;F30;;;1;176;29328869.0;;;4.17;4.17;4.17;4.17;4.17;4.17;4.16;0.0
136076;767912;2022-06-02;FRC;F31;;;0;0;0.0;;;0.0;0.0;0.0;0.0;0.0;4.28;4.25;0.0
136077;767913;2022-06-02;FRC;F32;;;0;0;0.0;;;0.0;0.0;0.0;0.0;0.0;4.41;0.0;0.0
136078;767914;2022-06-02;FRC;F33;;;0;0;0.0;;;0.0;0.0;0.0;0.0;0.0;4.53;0.0;0.0
136079;767915;2022-06-02;FRC;F34;;;0;0;0.0;;;0.0;0.0;0.0;0.0;0.0;4.61;4.61;0.0
136080;767916;2022-06-02;FRC;F35;;;0;0;0.0;;;0.0;0.0;0.0;0.0;0.0;4.71;0.0;0.0
136081;767917;2022-06-02;FRC;F36;;;0;0;0.0;;;0.0;0.0;0.0;0.0;0.0;4.85;0.0;0.0
136082;767918;2022-06-02;FRC;F37;;;0;0;0.0;;;0.0;0.0;0.0;0.0;0.0;4.97;0.0;0.0
136083;768088;2022-06-03;FRC;Q22;;;10;11808;1431720992.0;;;2.48;2.45;2.48;2.45;2.45;2.45;0.0;2.48
136084;768089;2022-06-03;FRC;U22;;;16;25982;3146559892.0;;;2.56;2.54;2.56;2.54;2.54;2.54;0.0;2.54
136085;768090;2022-06-03;FRC;V22;;;27;29481;5665323340.0;;;2.66;2.61;2.66;2.64;2.64;2.64;0.0;0.0
136086;768091;2022-06-03;FRC;X22;;;24;5575;673540055.0;;;2.78;2.75;2.78;2.77;2.77;2.77;2.75;2.77
136087;768092;2022-06-03;FRC;Z22;;;12;9742;1175257098.0;;;2.89;2.88;2.89;2.88;2.88;2.89;0.0;2.89
136088;768093;2022-06-03;FRC;F23;;;38;30556;5845842563.0;;;3.05;3.01;3.07;3.02;3.01;3.01;3.01;0.0
136089;768094;2022-06-03;FRC;G23;;;17;3919;470837374.0;;;3.2;3.19;3.2;3.19;3.19;3.19;0.0;0.0
136090;768095;2022-06-03;FRC;H23;;;7;4155;498761157.0;;;3.29;3.29;3.29;3.29;3.29;3.29;0.0;0.0
136091;768096;2022-06-03;FRC;J23;;;8;8982;1709144383.0;;;3.45;3.4;3.45;3.41;3.4;3.4;3.38;3.4
136092;768097;2022-06-03;FRC;K23;;;0;0;0.0;;;0.0;0.0;0.0;0.0;0.0;3.49;0.0;0.0
136093;768098;2022-06-03;FRC;M23;;;10;4823;575867359.0;;;3.57;3.57;3.57;3.57;3.57;3.57;3.57;0.0
136094;768099;2022-06-03;FRC;N23;;;15;7973;1509060931.0;;;3.64;3.61;3.64;3.62;3.61;3.61;0.0;3.61
136095;768100;2022-06-03;FRC;V23;;;12;5725;1077648549.0;;;3.79;3.72;3.79;3.77;3.76;3.76;3.76;0.0
136096;768101;2022-06-03;FRC;F24;;;10;3556;665777026.0;;;3.9;3.8;3.9;3.86;3.86;3.86;0.0;3.86
136097;768102;2022-06-03;FRC;J24;;;8;2983;556001490.0;;;3.93;3.81;3.93;3.84;3.86;3.86;0.0;0.0
136098;768103;2022-06-03;FRC;N24;;;2;309;57312147.0;;;3.87;3.87;3.88;3.87;3.88;3.88;0.0;0.0
136099;768104;2022-06-03;FRC;V24;;;3;518;60188981.0;;;3.89;3.89;3.89;3.89;3.89;3.9;0.0;0.0
136100;768105;2022-06-03;FRC;F25;;;2;1794;329262045.0;;;3.95;3.95;3.95;3.95;3.95;3.88;0.0;3.9
136101;768106;2022-06-03;FRC;J25;;;2;380;43708169.0;;;3.89;3.89;3.89;3.89;3.89;3.89;0.0;0.0
136102;768107;2022-06-03;FRC;N25;;;4;756;137548114.0;;;3.9;3.9;3.9;3.9;3.9;3.9;0.0;0.0
136103;768108;2022-06-03;FRC;V25;;;0;0;0.0;;;0.0;0.0;0.0;0.0;0.0;3.89;3.89;0.0
136104;768109;2022-06-03;FRC;F26;;;7;1316;237243030.0;;;3.9;3.9;3.9;3.9;3.9;3.9;0.0;0.0
136105;768110;2022-06-03;FRC;J26;;;0;0;0.0;;;0.0;0.0;0.0;0.0;0.0;3.92;3.9;0.0
136106;768111;2022-06-03;FRC;N26;;;0;0;0.0;;;0.0;0.0;0.0;0.0;0.0;3.93;0.0;0.0
136107;768112;2022-06-03;FRC;V26;;;0;0;0.0;;;0.0;0.0;0.0;0.0;0.0;3.93;0.0;0.0
136108;768113;2022-06-03;FRC;F27;;;5;1109;196077877.0;;;3.95;3.95;3.95;3.95;3.95;3.95;3.95;0.0
136109;768114;2022-06-03;FRC;J27;;;0;0;0.0;;;0.0;0.0;0.0;0.0;0.0;3.97;0.0;0.0
136110;768115;2022-06-03;FRC;F28;;;0;0;0.0;;;0.0;0.0;0.0;0.0;0.0;4.01;0.0;4.05
136111;768116;2022-06-03;FRC;F29;;;1;36;6118893.0;;;4.1;4.1;4.1;4.1;4.1;4.1;4.08;0.0
136112;768117;2022-06-03;FRC;F30;;;0;0;0.0;;;0.0;0.0;0.0;0.0;0.0;4.2;4.17;0.0
136113;768118;2022-06-03;FRC;F31;;;0;0;0.0;;;0.0;0.0;0.0;0.0;0.0;4.31;0.0;0.0
136114;768119;2022-06-03;FRC;F32;;;0;0;0.0;;;0.0;0.0;0.0;0.0;0.0;4.44;0.0;0.0
136115;768120;2022-06-03;FRC;F33;;;0;0;0.0;;;0.0;0.0;0.0;0.0;0.0;4.56;0.0;0.0
136116;768121;2022-06-03;FRC;F34;;;0;0;0.0;;;0.0;0.0;0.0;0.0;0.0;4.64;0.0;0.0
136117;768122;2022-06-03;FRC;F35;;;0;0;0.0;;;0.0;0.0;0.0;0.0;0.0;4.74;0.0;0.0
136118;768123;2022-06-03;FRC;F36;;;0;0;0.0;;;0.0;0.0;0.0;0.0;0.0;4.88;0.0;0.0
136119;768124;2022-06-03;FRC;F37;;;0;0;0.0;;;0.0;0.0;0.0;0.0;0.0;5.0;0.0;0.0
136120;768294;2022-06-06;FRC;Q22;;;11;12986;1576267480.0;;;2.45;2.45;2.52;2.51;2.52;2.52;0.0;0.0
136121;768295;2022-06-06;FRC;U22;;;11;6288;762513433.0;;;2.54;2.54;2.59;2.58;2.59;2.59;0.0;0.0
136122;768296;2022-06-06;FRC;V22;;;11;15249;2932501729.0;;;2.65;2.65;2.69;2.68;2.69;2.69;2.69;0.0
136123;768297;2022-06-06;FRC;X22;;;7;2627;317645980.0;;;2.78;2.78;2.81;2.8;2.81;2.81;2.82;0.0
136124;768298;2022-06-06;FRC;Z22;;;5;6958;840279704.0;;;2.94;2.94;2.94;2.94;2.94;2.94;2.94;2.96
136125;768299;2022-06-06;FRC;F23;;;7;8196;1569150133.0;;;3.01;3.01;3.08;3.06;3.08;3.08;0.0;0.0
136126;768300;2022-06-06;FRC;G23;;;8;4752;571650902.0;;;3.26;3.26;3.26;3.26;3.26;3.26;0.0;0.0
136127;768301;2022-06-06;FRC;H23;;;8;3561;427876955.0;;;3.36;3.36;3.36;3.36;3.36;3.36;0.0;0.0
136128;768302;2022-06-06;FRC;J23;;;8;4303;819332067.0;;;3.46;3.46;3.49;3.46;3.49;3.46;0.0;3.49
136129;768303;2022-06-06;FRC;K23;;;5;2955;353603833.0;;;3.57;3.57;3.57;3.57;3.57;3.57;0.0;0.0
136130;768304;2022-06-06;FRC;M23;;;11;3599;429898497.0;;;3.57;3.57;3.67;3.64;3.67;3.65;0.0;3.67
136131;768305;2022-06-06;FRC;N23;;;20;7383;1398134540.0;;;3.63;3.63;3.68;3.67;3.68;3.68;0.0;0.0
136132;768306;2022-06-06;FRC;V23;;;2;390;73435619.0;;;3.85;3.85;3.85;3.85;3.85;3.85;0.0;0.0
136133;768307;2022-06-06;FRC;F24;;;12;6531;1223338831.0;;;3.91;3.91;3.93;3.91;3.93;3.93;3.91;0.0
136134;768308;2022-06-06;FRC;J24;;;0;0;0.0;;;0.0;0.0;0.0;0.0;0.0;3.93;0.0;0.0
136135;768309;2022-06-06;FRC;N24;;;2;386;71594392.0;;;3.96;3.96;3.96;3.96;3.96;3.96;0.0;0.0
136136;768310;2022-06-06;FRC;V24;;;0;0;0.0;;;0.0;0.0;0.0;0.0;0.0;3.98;0.0;0.0
136137;768311;2022-06-06;FRC;F25;;;7;1528;280656181.0;;;3.96;3.96;3.96;3.96;3.96;3.96;0.0;0.0
136138;768312;2022-06-06;FRC;J25;;;0;0;0.0;;;0.0;0.0;0.0;0.0;0.0;3.98;0.0;0.0
136139;768313;2022-06-06;FRC;N25;;;0;0;0.0;;;0.0;0.0;0.0;0.0;0.0;3.99;0.0;0.0
136140;768314;2022-06-06;FRC;V25;;;7;1505;171404814.0;;;3.99;3.99;3.99;3.99;3.99;3.99;0.0;0.0
136141;768315;2022-06-06;FRC;F26;;;7;1390;250381130.0;;;4.0;4.0;4.0;4.0;4.0;4.0;4.0;0.0
136142;768316;2022-06-06;FRC;J26;;;0;0;0.0;;;0.0;0.0;0.0;0.0;0.0;4.02;4.0;0.0
136143;768317;2022-06-06;FRC;N26;;;0;0;0.0;;;0.0;0.0;0.0;0.0;0.0;4.03;0.0;0.0
136144;768318;2022-06-06;FRC;V26;;;5;1907;213129102.0;;;4.03;4.03;4.03;4.03;4.03;4.03;0.0;0.0
136145;768319;2022-06-06;FRC;F27;;;4;1437;253608930.0;;;4.07;4.07;4.07;4.07;4.07;4.07;0.0;4.07
136146;768320;2022-06-06;FRC;J27;;;0;0;0.0;;;0.0;0.0;0.0;0.0;0.0;4.09;0.0;0.0
136147;768321;2022-06-06;FRC;F28;;;1;73;12657391.0;;;4.06;4.06;4.06;4.06;4.06;4.12;0.0;4.12
136148;768322;2022-06-06;FRC;F29;;;1;125;21185498.0;;;4.2;4.2;4.2;4.2;4.2;4.21;4.2;0.0
136149;768323;2022-06-06;FRC;F30;;;0;0;0.0;;;0.0;0.0;0.0;0.0;0.0;4.3;4.29;0.0
136150;768324;2022-06-06;FRC;F31;;;2;344;55735552.0;;;4.41;4.41;4.41;4.41;4.41;4.41;0.0;0.0
136151;768325;2022-06-06;FRC;F32;;;0;0;0.0;;;0.0;0.0;0.0;0.0;0.0;4.54;0.0;0.0
136152;768326;2022-06-06;FRC;F33;;;0;0;0.0;;;0.0;0.0;0.0;0.0;0.0;4.66;0.0;0.0
136153;768327;2022-06-06;FRC;F34;;;0;0;0.0;;;0.0;0.0;0.0;0.0;0.0;4.74;0.0;0.0
136154;768328;2022-06-06;FRC;F35;;;0;0;0.0;;;0.0;0.0;0.0;0.0;0.0;4.84;0.0;0.0
136155;768329;2022-06-06;FRC;F36;;;0;0;0.0;;;0.0;0.0;0.0;0.0;0.0;4.98;0.0;0.0
136156;768330;2022-06-06;FRC;F37;;;0;0;0.0;;;0.0;0.0;0.0;0.0;0.0;5.1;0.0;0.0
136157;768500;2022-06-08;FRC;Q22;;;17;18683;2265387161.0;;;2.46;2.46;2.48;2.47;2.48;2.48;0.0;2.48
136158;768501;2022-06-08;FRC;U22;;;11;12852;1556463300.0;;;2.54;2.54;2.54;2.54;2.54;2.54;2.54;0.0
136159;768502;2022-06-08;FRC;V22;;;11;8991;1727977467.0;;;2.66;2.65;2.66;2.65;2.65;2.65;0.0;0.0
136160;768503;2022-06-08;FRC;X22;;;7;7365;889627503.0;;;2.79;2.79;2.79;2.79;2.79;2.79;0.0;0.0
136161;768504;2022-06-08;FRC;Z22;;;10;3779;455973352.0;;;2.93;2.93;2.93;2.93;2.93;2.93;2.9;0.0
136162;768505;2022-06-08;FRC;F23;;;9;3093;591769407.0;;;3.06;3.06;3.06;3.06;3.06;3.06;3.06;0.0
136163;768506;2022-06-08;FRC;G23;;;4;1010;121373656.0;;;3.26;3.26;3.26;3.26;3.26;3.26;0.0;3.26
136164;768507;2022-06-08;FRC;H23;;;5;3581;429804019.0;;;3.35;3.35;3.35;3.35;3.35;3.35;0.0;0.0
136165;768508;2022-06-08;FRC;J23;;;14;5626;1070501276.0;;;3.46;3.46;3.47;3.46;3.47;3.47;3.47;0.0
136166;768509;2022-06-08;FRC;K23;;;32;11466;1370502940.0;;;3.58;3.56;3.58;3.57;3.57;3.57;3.57;0.0
136167;768510;2022-06-08;FRC;M23;;;21;7572;903395397.0;;;3.64;3.63;3.68;3.67;3.68;3.68;0.0;0.0
136168;768511;2022-06-08;FRC;N23;;;19;3318;627876943.0;;;3.67;3.66;3.7;3.69;3.7;3.7;0.0;0.0
136169;768512;2022-06-08;FRC;V23;;;7;1073;201887504.0;;;3.87;3.87;3.87;3.87;3.87;3.87;0.0;0.0
136170;768513;2022-06-08;FRC;F24;;;16;3419;639794545.0;;;3.94;3.93;3.96;3.95;3.96;3.96;0.0;3.96
136171;768514;2022-06-08;FRC;J24;;;5;521;97025926.0;;;3.93;3.93;3.96;3.95;3.96;3.96;0.0;0.0
136172;768515;2022-06-08;FRC;N24;;;3;579;107290397.0;;;3.99;3.99;3.99;3.99;3.99;3.99;0.0;0.0
136173;768516;2022-06-08;FRC;V24;;;0;0;0.0;;;0.0;0.0;0.0;0.0;0.0;4.0;0.0;0.0
136174;768517;2022-06-08;FRC;F25;;;7;1793;328820665.0;;;4.03;4.03;4.03;4.03;4.03;4.03;0.0;4.03
136175;768518;2022-06-08;FRC;J25;;;0;0;0.0;;;0.0;0.0;0.0;0.0;0.0;4.04;0.0;0.0
136176;768519;2022-06-08;FRC;N25;;;0;0;0.0;;;0.0;0.0;0.0;0.0;0.0;4.05;0.0;0.0
136177;768520;2022-06-08;FRC;V25;;;0;0;0.0;;;0.0;0.0;0.0;0.0;0.0;4.05;0.0;0.0
136178;768521;2022-06-08;FRC;F26;;;4;617;110925150.0;;;4.06;4.06;4.06;4.06;4.06;4.06;0.0;0.0
136179;768522;2022-06-08;FRC;J26;;;3;561;63290328.0;;;4.06;4.06;4.06;4.06;4.06;4.06;0.0;0.0
136180;768523;2022-06-08;FRC;N26;;;0;0;0.0;;;0.0;0.0;0.0;0.0;0.0;4.08;0.0;0.0
136181;768524;2022-06-08;FRC;V26;;;3;555;61892032.0;;;4.09;4.09;4.09;4.09;4.09;4.09;0.0;4.09
136182;768525;2022-06-08;FRC;F27;;;11;2999;528555526.0;;;4.1;4.1;4.1;4.1;4.1;4.1;0.0;0.0
136183;768526;2022-06-08;FRC;J27;;;0;0;0.0;;;0.0;0.0;0.0;0.0;0.0;4.13;0.0;0.0
136184;768527;2022-06-08;FRC;F28;;;8;1340;231457639.0;;;4.13;4.13;4.18;4.15;4.18;4.18;0.0;4.18
136185;768528;2022-06-08;FRC;F29;;;3;944;159727920.0;;;4.2;4.2;4.25;4.22;4.25;4.25;0.0;0.0
136186;768529;2022-06-08;FRC;F30;;;0;0;0.0;;;0.0;0.0;0.0;0.0;0.0;4.32;0.0;0.0
136187;768530;2022-06-08;FRC;F31;;;0;0;0.0;;;0.0;0.0;0.0;0.0;0.0;4.41;0.0;0.0
136188;768531;2022-06-08;FRC;F32;;;1;34;3393604.0;;;4.54;4.54;4.54;4.54;4.54;4.54;0.0;0.0
136189;768532;2022-06-08;FRC;F33;;;0;0;0.0;;;0.0;0.0;0.0;0.0;0.0;4.66;0.0;0.0
136190;768533;2022-06-08;FRC;F34;;;0;0;0.0;;;0.0;0.0;0.0;0.0;0.0;4.74;0.0;0.0
136191;768534;2022-06-08;FRC;F35;;;0;0;0.0;;;0.0;0.0;0.0;0.0;0.0;4.84;0.0;0.0
136192;768535;2022-06-08;FRC;F36;;;0;0;0.0;;;0.0;0.0;0.0;0.0;0.0;4.98;0.0;0.0
136193;768536;2022-06-08;FRC;F37;;;0;0;0.0;;;0.0;0.0;0.0;0.0;0.0;5.1;0.0;0.0
136194;768707;2022-06-09;FRC;Q22;;;20;19103;2329262610.0;;;2.5;2.4;2.5;2.44;2.45;2.45;2.44;2.45
136195;768708;2022-06-09;FRC;U22;;;12;12974;1580162129.0;;;2.5;2.5;2.53;2.52;2.53;2.53;0.0;0.0
136196;768709;2022-06-09;FRC;V22;;;70;30599;5901402522.0;;;2.68;2.65;2.68;2.66;2.65;2.65;2.65;0.0
136197;768710;2022-06-09;FRC;X22;;;15;37000;4493797236.0;;;2.75;2.75;2.81;2.8;2.81;2.81;2.8;0.0
136198;768711;2022-06-09;FRC;Z22;;;165;16033;1945460051.0;;;2.95;2.91;2.95;2.93;2.92;2.92;2.92;2.95
136199;768712;2022-06-09;FRC;F23;;;91;53379;10248959457.0;;;3.05;3.05;3.09;3.05;3.06;3.06;3.06;0.0
136200;768713;2022-06-09;FRC;G23;;;7;3366;406709372.0;;;3.25;3.25;3.25;3.25;3.25;3.25;3.24;3.26
136201;768714;2022-06-09;FRC;H23;;;6;2611;315074567.0;;;3.35;3.35;3.38;3.37;3.38;3.38;0.0;0.0
136202;768715;2022-06-09;FRC;J23;;;9;2960;565168050.0;;;3.49;3.49;3.49;3.49;3.49;3.49;0.0;0.0
136203;768716;2022-06-09;FRC;K23;;;6;1832;220176190.0;;;3.59;3.58;3.59;3.58;3.59;3.59;0.0;0.0
136204;768717;2022-06-09;FRC;M23;;;3;176;21039813.0;;;3.7;3.69;3.7;3.69;3.69;3.7;0.0;3.7
136205;768718;2022-06-09;FRC;N23;;;19;12525;2378228174.0;;;3.73;3.7;3.73;3.72;3.72;3.72;3.71;0.0
136206;768719;2022-06-09;FRC;V23;;;8;5194;980565633.0;;;3.9;3.9;3.9;3.9;3.9;3.9;0.0;3.9
136207;768720;2022-06-09;FRC;F24;;;10;2737;513812304.0;;;4.0;4.0;4.0;4.0;4.0;4.0;0.0;0.0
136208;768721;2022-06-09;FRC;J24;;;10;2360;440903663.0;;;3.99;3.99;4.01;4.0;4.01;4.01;0.0;0.0
136209;768722;2022-06-09;FRC;N24;;;1;385;71566555.0;;;4.02;4.02;4.02;4.02;4.02;4.03;4.0;0.0
136210;768723;2022-06-09;FRC;V24;;;0;0;0.0;;;0.0;0.0;0.0;0.0;0.0;4.04;0.0;0.0
136211;768724;2022-06-09;FRC;F25;;;19;7874;1448598825.0;;;4.06;4.06;4.06;4.06;4.06;4.06;0.0;0.0
136212;768725;2022-06-09;FRC;J25;;;0;0;0.0;;;0.0;0.0;0.0;0.0;0.0;4.07;0.0;0.0
136213;768726;2022-06-09;FRC;N25;;;0;0;0.0;;;0.0;0.0;0.0;0.0;0.0;4.09;0.0;0.0
136214;768727;2022-06-09;FRC;V25;;;0;0;0.0;;;0.0;0.0;0.0;0.0;0.0;4.09;0.0;0.0
136215;768728;2022-06-09;FRC;F26;;;6;1122;202271687.0;;;4.11;4.11;4.11;4.11;4.11;4.11;0.0;0.0
136216;768729;2022-06-09;FRC;J26;;;0;0;0.0;;;0.0;0.0;0.0;0.0;0.0;4.11;0.0;0.0
136217;768730;2022-06-09;FRC;N26;;;0;0;0.0;;;0.0;0.0;0.0;0.0;0.0;4.12;0.0;0.0
136218;768731;2022-06-09;FRC;V26;;;1;55;6126150.0;;;4.1;4.1;4.1;4.1;4.1;4.13;0.0;0.0
136219;768732;2022-06-09;FRC;F27;;;5;920;162624695.0;;;4.13;4.13;4.13;4.13;4.13;4.13;0.0;0.0
136220;768733;2022-06-09;FRC;J27;;;0;0;0.0;;;0.0;0.0;0.0;0.0;0.0;4.16;0.0;0.0
136221;768734;2022-06-09;FRC;F28;;;0;0;0.0;;;0.0;0.0;0.0;0.0;0.0;4.21;0.0;4.21
136222;768735;2022-06-09;FRC;F29;;;0;0;0.0;;;0.0;0.0;0.0;0.0;0.0;4.28;0.0;0.0
136223;768736;2022-06-09;FRC;F30;;;0;0;0.0;;;0.0;0.0;0.0;0.0;0.0;4.35;0.0;0.0
136224;768737;2022-06-09;FRC;F31;;;0;0;0.0;;;0.0;0.0;0.0;0.0;0.0;4.46;0.0;0.0
136225;768738;2022-06-09;FRC;F32;;;0;0;0.0;;;0.0;0.0;0.0;0.0;0.0;4.59;0.0;0.0
136226;768739;2022-06-09;FRC;F33;;;0;0;0.0;;;0.0;0.0;0.0;0.0;0.0;4.71;0.0;0.0
136227;768740;2022-06-09;FRC;F34;;;0;0;0.0;;;0.0;0.0;0.0;0.0;0.0;4.79;0.0;0.0
136228;768741;2022-06-09;FRC;F35;;;0;0;0.0;;;0.0;0.0;0.0;0.0;0.0;4.89;0.0;0.0
136229;768742;2022-06-09;FRC;F36;;;0;0;0.0;;;0.0;0.0;0.0;0.0;0.0;5.03;0.0;0.0
136230;768743;2022-06-09;FRC;F37;;;0;0;0.0;;;0.0;0.0;0.0;0.0;0.0;5.15;0.0;0.0
136231;768915;2022-06-10;FRC;Q22;;;26;75980;9348262443.0;;;2.5;2.5;2.56;2.54;2.55;2.55;0.0;0.0
136232;768916;2022-06-10;FRC;U22;;;25;45296;5566303014.0;;;2.53;2.53;2.63;2.59;2.63;2.63;0.0;0.0
136233;768917;2022-06-10;FRC;V22;;;14;30512;5918193337.0;;;2.65;2.65;2.77;2.73;2.77;2.77;0.0;0.0
136234;768918;2022-06-10;FRC;X22;;;6;3025;370712539.0;;;2.96;2.94;2.96;2.94;2.94;2.94;0.0;0.0
136235;768919;2022-06-10;FRC;Z22;;;17;18721;2290908839.0;;;2.95;2.95;3.09;3.07;3.09;3.09;3.1;0.0
136236;768920;2022-06-10;FRC;F23;;;28;28368;5475795068.0;;;3.2;3.2;3.24;3.23;3.24;3.24;3.25;0.0
136237;768921;2022-06-10;FRC;G23;;;21;7920;965513696.0;;;3.44;3.44;3.44;3.44;3.44;3.44;0.0;0.0
136238;768922;2022-06-10;FRC;H23;;;5;1582;192571584.0;;;3.57;3.57;3.57;3.57;3.57;3.57;0.0;0.0
136239;768923;2022-06-10;FRC;J23;;;11;7161;1374207912.0;;;3.68;3.68;3.68;3.68;3.68;3.68;3.68;0.0
136240;768924;2022-06-10;FRC;K23;;;9;6773;820934403.0;;;3.68;3.68;3.8;3.78;3.78;3.78;0.0;3.81
136241;768925;2022-06-10;FRC;M23;;;7;2003;242176477.0;;;3.9;3.9;3.9;3.9;3.9;3.9;0.0;0.0
136242;768926;2022-06-10;FRC;N23;;;31;9017;1720130705.0;;;3.85;3.85;3.95;3.93;3.95;3.95;0.0;3.97
136243;768927;2022-06-10;FRC;V23;;;4;1170;221813055.0;;;4.15;4.15;4.15;4.15;4.15;4.15;0.0;0.0
136244;768928;2022-06-10;FRC;F24;;;18;3531;665371494.0;;;4.18;4.18;4.28;4.27;4.28;4.28;0.0;4.28
136245;768929;2022-06-10;FRC;J24;;;4;579;108596056.0;;;4.15;4.15;4.28;4.21;4.28;4.29;0.0;0.0
136246;768930;2022-06-10;FRC;N24;;;1;269;50290732.0;;;4.02;4.02;4.02;4.02;4.02;4.3;0.0;4.31
136247;768931;2022-06-10;FRC;V24;;;0;0;0.0;;;0.0;0.0;0.0;0.0;0.0;4.31;0.0;0.0
136248;768932;2022-06-10;FRC;F25;;;27;7316;1349690865.0;;;4.06;4.06;4.33;4.3;4.33;4.32;0.0;4.33
136249;768933;2022-06-10;FRC;J25;;;0;0;0.0;;;0.0;0.0;0.0;0.0;0.0;4.33;0.0;0.0
136250;768934;2022-06-10;FRC;N25;;;11;2522;460495074.0;;;4.09;4.09;4.34;4.31;4.34;4.34;0.0;0.0
136251;768935;2022-06-10;FRC;V25;;;1;169;19472879.0;;;4.09;4.09;4.09;4.09;4.09;4.34;0.0;0.0
136252;768936;2022-06-10;FRC;F26;;;14;4743;856782259.0;;;4.11;4.11;4.36;4.34;4.36;4.36;0.0;4.36
136253;768937;2022-06-10;FRC;J26;;;1;168;19203232.0;;;4.11;4.11;4.11;4.11;4.11;4.35;0.0;0.0
136254;768938;2022-06-10;FRC;N26;;;1;260;46696035.0;;;4.12;4.12;4.12;4.12;4.12;4.35;0.0;0.0
136255;768939;2022-06-10;FRC;V26;;;1;166;18743055.0;;;4.1;4.1;4.1;4.1;4.1;4.34;0.0;0.0
136256;768940;2022-06-10;FRC;F27;;;24;8756;1552126468.0;;;4.13;4.13;4.33;4.27;4.33;4.33;0.0;0.0
136257;768941;2022-06-10;FRC;J27;;;2;403;45074398.0;;;4.19;4.19;4.3;4.19;4.3;4.36;0.0;0.0
136258;768942;2022-06-10;FRC;F28;;;2;13988;2435703179.0;;;4.21;4.21;4.3;4.21;4.3;4.4;0.0;4.4
136259;768943;2022-06-10;FRC;F29;;;1;3097;528130852.0;;;4.28;4.28;4.28;4.28;4.28;4.43;0.0;0.0
136260;768944;2022-06-10;FRC;F30;;;0;0;0.0;;;0.0;0.0;0.0;0.0;0.0;4.45;4.48;0.0
136261;768945;2022-06-10;FRC;F31;;;2;342;55412258.0;;;4.65;4.65;4.65;4.65;4.65;4.65;0.0;4.65
136262;768946;2022-06-10;FRC;F32;;;1;169;16977105.0;;;4.74;4.74;4.74;4.74;4.74;4.74;4.74;0.0
136263;768947;2022-06-10;FRC;F33;;;0;0;0.0;;;0.0;0.0;0.0;0.0;0.0;4.86;4.86;0.0
136264;768948;2022-06-10;FRC;F34;;;0;0;0.0;;;0.0;0.0;0.0;0.0;0.0;4.94;0.0;0.0
136265;768949;2022-06-10;FRC;F35;;;0;0;0.0;;;0.0;0.0;0.0;0.0;0.0;5.04;0.0;0.0
136266;768950;2022-06-10;FRC;F36;;;0;0;0.0;;;0.0;0.0;0.0;0.0;0.0;5.18;0.0;0.0
136267;768951;2022-06-10;FRC;F37;;;0;0;0.0;;;0.0;0.0;0.0;0.0;0.0;5.3;0.0;0.0
136268;769123;2022-06-13;FRC;Q22;;;52;110159;13631856481.0;;;2.55;2.55;2.69;2.66;2.69;2.65;2.69;2.72
136269;769124;2022-06-13;FRC;U22;;;59;55155;6817080041.0;;;2.63;2.63;2.8;2.75;2.75;2.75;0.0;0.0
136270;769125;2022-06-13;FRC;V22;;;42;46023;8958137437.0;;;2.77;2.77;2.95;2.9;2.9;2.9;2.94;0.0
136271;769126;2022-06-13;FRC;X22;;;5;1692;208579135.0;;;2.94;2.94;3.1;3.03;3.1;3.07;3.1;0.0
136272;769127;2022-06-13;FRC;Z22;;;15;9038;1111920043.0;;;3.09;3.09;3.29;3.26;3.27;3.27;3.3;0.0
136273;769128;2022-06-13;FRC;F23;;;25;14626;2832189976.0;;;3.24;3.24;3.52;3.45;3.52;3.45;3.46;3.5
136274;769129;2022-06-13;FRC;G23;;;11;2870;351753801.0;;;3.64;3.64;3.67;3.65;3.67;3.67;3.67;0.0
136275;769130;2022-06-13;FRC;H23;;;3;829;101356407.0;;;3.77;3.77;3.82;3.77;3.82;3.82;3.82;0.0
136276;769131;2022-06-13;FRC;J23;;;13;5122;985662385.0;;;3.68;3.68;3.95;3.93;3.95;3.95;3.95;0.0
136277;769132;2022-06-13;FRC;K23;;;18;5763;701814103.0;;;3.98;3.98;4.1;4.06;4.1;4.09;4.09;0.0
136278;769133;2022-06-13;FRC;M23;;;9;3588;435653966.0;;;4.23;4.23;4.23;4.23;4.23;4.23;4.23;0.0
136279;769134;2022-06-13;FRC;N23;;;30;7076;1353087934.0;;;3.95;3.95;4.29;4.21;4.29;4.29;4.29;0.0
136280;769135;2022-06-13;FRC;V23;;;22;4770;906232516.0;;;4.15;4.15;4.51;4.41;4.51;4.51;0.0;0.0
136281;769136;2022-06-13;FRC;F24;;;44;12129;2289056690.0;;;4.28;4.28;4.62;4.57;4.6;4.62;4.6;0.0
136282;769137;2022-06-13;FRC;J24;;;8;1441;270359701.0;;;4.29;4.29;4.65;4.6;4.65;4.65;0.0;0.0
136283;769138;2022-06-13;FRC;N24;;;9;1970;367552593.0;;;4.3;4.3;4.64;4.61;4.64;4.64;0.0;0.0
136284;769139;2022-06-13;FRC;V24;;;1;153;18076220.0;;;4.31;4.31;4.31;4.31;4.31;4.68;0.0;0.0
136285;769140;2022-06-13;FRC;F25;;;30;9052;1668549328.0;;;4.32;4.32;4.73;4.68;4.73;4.73;0.0;4.71
136286;769141;2022-06-13;FRC;J25;;;1;170;19833951.0;;;4.33;4.33;4.33;4.33;4.33;4.74;0.0;0.0
136287;769142;2022-06-13;FRC;N25;;;1;56;10253799.0;;;4.34;4.34;4.34;4.34;4.34;4.74;0.0;0.0
136288;769143;2022-06-13;FRC;V25;;;1;19;2217068.0;;;4.34;4.34;4.34;4.34;4.34;4.74;0.0;0.0
136289;769144;2022-06-13;FRC;F26;;;15;4272;769860167.0;;;4.36;4.36;4.75;4.71;4.73;4.75;0.0;4.73
136290;769145;2022-06-13;FRC;J26;;;1;37;4219606.0;;;4.35;4.35;4.35;4.35;4.35;4.74;0.0;0.0
136291;769146;2022-06-13;FRC;N26;;;1;18;3221859.0;;;4.35;4.35;4.35;4.35;4.35;4.74;0.0;0.0
136292;769147;2022-06-13;FRC;V26;;;1;18;2003081.0;;;4.34;4.34;4.34;4.34;4.34;4.73;0.0;0.0
136293;769148;2022-06-13;FRC;F27;;;34;8610;1517967952.0;;;4.33;4.33;4.72;4.7;4.72;4.72;0.0;4.72
136294;769149;2022-06-13;FRC;J27;;;0;0;0.0;;;0.0;0.0;0.0;0.0;0.0;4.74;0.0;0.0
136295;769150;2022-06-13;FRC;F28;;;1;252;43830047.0;;;4.4;4.4;4.4;4.4;4.4;4.77;0.0;4.77
136296;769151;2022-06-13;FRC;F29;;;3;813;137904961.0;;;4.43;4.43;4.62;4.59;4.62;4.78;0.0;0.0
136297;769152;2022-06-13;FRC;F30;;;1;105;17546347.0;;;4.45;4.45;4.45;4.45;4.45;4.77;0.0;0.0
136298;769153;2022-06-13;FRC;F31;;;6;1004;161863745.0;;;4.65;4.65;4.95;4.9;4.95;4.95;0.0;4.99
136299;769154;2022-06-13;FRC;F32;;;0;0;0.0;;;0.0;0.0;0.0;0.0;0.0;5.04;0.0;0.0
136300;769155;2022-06-13;FRC;F33;;;0;0;0.0;;;0.0;0.0;0.0;0.0;0.0;5.16;0.0;0.0
136301;769156;2022-06-13;FRC;F34;;;0;0;0.0;;;0.0;0.0;0.0;0.0;0.0;5.24;0.0;0.0
136302;769157;2022-06-13;FRC;F35;;;0;0;0.0;;;0.0;0.0;0.0;0.0;0.0;5.34;0.0;0.0
136303;769158;2022-06-13;FRC;F36;;;0;0;0.0;;;0.0;0.0;0.0;0.0;0.0;5.48;0.0;0.0
136304;769159;2022-06-13;FRC;F37;;;0;0;0.0;;;0.0;0.0;0.0;0.0;0.0;5.6;0.0;0.0
136305;769331;2022-06-14;FRC;Q22;;;34;84544;10318697049.0;;;2.65;2.65;2.83;2.77;2.83;2.83;0.0;2.85
136306;769332;2022-06-14;FRC;U22;;;23;37350;4552686707.0;;;2.75;2.75;2.91;2.9;2.91;2.91;0.0;0.0
136307;769333;2022-06-14;FRC;V22;;;75;44203;8528118217.0;;;2.9;2.9;3.09;3.03;3.09;3.07;3.09;0.0
136308;769334;2022-06-14;FRC;X22;;;22;13326;1619173338.0;;;3.07;3.07;3.35;3.31;3.35;3.32;3.32;3.35
136309;769335;2022-06-14;FRC;Z22;;;284;27323;3315735427.0;;;3.27;3.27;3.5;3.45;3.5;3.5;0.0;3.55
136310;769336;2022-06-14;FRC;F23;;;30;10500;2014584638.0;;;3.45;3.45;3.72;3.65;3.72;3.7;3.6;3.72
136311;769337;2022-06-14;FRC;G23;;;14;13802;1666975914.0;;;3.77;3.77;3.93;3.9;3.93;3.93;0.0;0.0
136312;769338;2022-06-14;FRC;H23;;;2;98;11762085.0;;;4.08;4.08;4.08;4.08;4.08;4.08;4.08;0.0
136313;769339;2022-06-14;FRC;J23;;;17;8189;1560673710.0;;;3.95;3.95;4.21;4.19;4.21;4.21;4.21;0.0
136314;769340;2022-06-14;FRC;K23;;;16;12513;1501165736.0;;;4.16;4.16;4.35;4.31;4.35;4.35;4.32;0.0
136315;769341;2022-06-14;FRC;M23;;;17;13118;1570601900.0;;;4.23;4.23;4.52;4.41;4.52;4.52;4.45;4.5
136316;769342;2022-06-14;FRC;N23;;;44;21735;4112913896.0;;;4.32;4.32;4.58;4.56;4.54;4.58;4.5;4.58
136317;769343;2022-06-14;FRC;V23;;;9;1399;263068435.0;;;4.51;4.51;4.76;4.67;4.76;4.76;4.7;4.76
136318;769344;2022-06-14;FRC;F24;;;13;12661;2366345140.0;;;4.62;4.62;4.84;4.71;4.84;4.84;4.77;4.84
136319;769345;2022-06-14;FRC;J24;;;8;1325;246028216.0;;;4.65;4.65;4.83;4.81;4.83;4.83;4.77;4.83
136320;769346;2022-06-14;FRC;N24;;;12;2330;430071137.0;;;4.64;4.64;4.83;4.82;4.83;4.83;4.78;4.83
136321;769347;2022-06-14;FRC;V24;;;6;1540;178380415.0;;;4.68;4.68;4.82;4.78;4.82;4.82;0.0;0.0
136322;769348;2022-06-14;FRC;F25;;;41;19668;3588976667.0;;;4.73;4.73;4.85;4.8;4.83;4.83;0.0;0.0
136323;769349;2022-06-14;FRC;J25;;;1;75;8568574.0;;;4.74;4.74;4.74;4.74;4.74;4.84;0.0;0.0
136324;769350;2022-06-14;FRC;N25;;;2;374;67446814.0;;;4.84;4.84;4.84;4.84;4.84;4.84;0.0;0.0
136325;769351;2022-06-14;FRC;V25;;;0;0;0.0;;;0.0;0.0;0.0;0.0;0.0;4.84;0.0;0.0
136326;769352;2022-06-14;FRC;F26;;;3;872;155588295.0;;;4.75;4.75;4.83;4.79;4.83;4.85;0.0;4.85
136327;769353;2022-06-14;FRC;J26;;;0;0;0.0;;;0.0;0.0;0.0;0.0;0.0;4.84;0.0;0.0
136328;769354;2022-06-14;FRC;N26;;;3;405;71442260.0;;;4.76;4.76;4.84;4.83;4.84;4.84;0.0;0.0
136329;769355;2022-06-14;FRC;V26;;;10;1830;202815564.0;;;4.73;4.73;4.83;4.74;4.83;4.83;0.0;4.83
136330;769356;2022-06-14;FRC;F27;;;25;4094;714345230.0;;;4.72;4.72;4.82;4.79;4.82;4.82;0.0;4.85
136331;769357;2022-06-14;FRC;J27;;;0;0;0.0;;;0.0;0.0;0.0;0.0;0.0;4.84;0.0;0.0
136332;769358;2022-06-14;FRC;F28;;;3;465;79379771.0;;;4.77;4.77;4.86;4.81;4.86;4.86;0.0;4.87
136333;769359;2022-06-14;FRC;F29;;;6;1284;214383109.0;;;4.78;4.78;4.85;4.84;4.85;4.85;0.0;0.0
136334;769360;2022-06-14;FRC;F30;;;9;1764;288183366.0;;;4.77;4.77;4.92;4.86;4.92;4.96;0.0;4.96
136335;769361;2022-06-14;FRC;F31;;;13;2295;365487434.0;;;4.95;4.95;5.02;5.01;5.02;5.02;0.0;0.0
136336;769362;2022-06-14;FRC;F32;;;3;668;65492935.0;;;5.08;5.08;5.12;5.1;5.12;5.11;0.0;0.0
136337;769363;2022-06-14;FRC;F33;;;0;0;0.0;;;0.0;0.0;0.0;0.0;0.0;5.23;0.0;0.0
136338;769364;2022-06-14;FRC;F34;;;0;0;0.0;;;0.0;0.0;0.0;0.0;0.0;5.31;0.0;0.0
136339;769365;2022-06-14;FRC;F35;;;0;0;0.0;;;0.0;0.0;0.0;0.0;0.0;5.41;0.0;0.0
136340;769366;2022-06-14;FRC;F36;;;0;0;0.0;;;0.0;0.0;0.0;0.0;0.0;5.55;5.48;0.0
136341;769367;2022-06-14;FRC;F37;;;0;0;0.0;;;0.0;0.0;0.0;0.0;0.0;5.67;0.0;0.0
136342;769540;2022-06-15;FRC;Q22;;;117;92632;11143679750.0;;;2.82;2.71;2.83;2.77;2.76;2.77;2.75;2.77
136343;769541;2022-06-15;FRC;U22;;;311;187307;22502633265.0;;;2.91;2.84;2.93;2.91;2.9;2.9;2.9;0.0
136344;769542;2022-06-15;FRC;V22;;;71;32584;6229109813.0;;;3.07;3.03;3.07;3.05;3.04;3.05;3.04;0.0
136345;769543;2022-06-15;FRC;X22;;;12;8155;976552863.0;;;3.32;3.29;3.39;3.33;3.29;3.29;0.0;3.29
136346;769544;2022-06-15;FRC;Z22;;;2;1767;211213428.0;;;3.5;3.5;3.5;3.5;3.5;3.46;3.42;0.0
136347;769545;2022-06-15;FRC;F23;;;16;12659;2406716731.0;;;3.7;3.65;3.75;3.66;3.65;3.65;3.6;3.66
136348;769546;2022-06-15;FRC;G23;;;10;5439;647538636.0;;;3.93;3.85;3.93;3.87;3.85;3.85;0.0;0.0
136349;769547;2022-06-15;FRC;H23;;;10;1734;205811798.0;;;4.0;3.99;4.0;3.99;3.99;4.0;0.0;3.99
136350;769548;2022-06-15;FRC;J23;;;1;256;48343256.0;;;4.21;4.21;4.21;4.21;4.21;4.11;0.0;4.11
136351;769549;2022-06-15;FRC;K23;;;18;7196;851395669.0;;;4.35;4.22;4.35;4.24;4.22;4.23;0.0;4.22
136352;769550;2022-06-15;FRC;M23;;;11;5452;643503237.0;;;4.52;4.31;4.52;4.32;4.31;4.31;0.0;4.31
136353;769551;2022-06-15;FRC;N23;;;16;21326;4000734791.0;;;4.58;4.33;4.58;4.47;4.33;4.35;0.0;4.35
136354;769552;2022-06-15;FRC;V23;;;8;12711;2368234354.0;;;4.76;4.49;4.76;4.69;4.49;4.49;4.45;4.52
136355;769553;2022-06-15;FRC;F24;;;39;32231;5975037683.0;;;4.84;4.52;4.84;4.58;4.53;4.52;4.53;0.0
136356;769554;2022-06-15;FRC;J24;;;2;557;102485254.0;;;4.83;4.81;4.83;4.81;4.81;4.52;0.0;0.0
136357;769555;2022-06-15;FRC;N24;;;5;881;161375101.0;;;4.83;4.53;4.83;4.68;4.54;4.53;4.53;0.0
136358;769556;2022-06-15;FRC;V24;;;6;1315;150447913.0;;;4.82;4.53;4.82;4.65;4.53;4.53;0.0;0.0
136359;769557;2022-06-15;FRC;F25;;;19;5062;917853076.0;;;4.83;4.53;4.83;4.58;4.54;4.53;4.53;0.0
136360;769558;2022-06-15;FRC;J25;;;5;1320;149284505.0;;;4.84;4.52;4.84;4.65;4.52;4.52;0.0;0.0
136361;769559;2022-06-15;FRC;N25;;;7;1145;205280780.0;;;4.84;4.52;4.84;4.61;4.53;4.52;4.52;0.0
136362;769560;2022-06-15;FRC;V25;;;2;242;26976944.0;;;4.84;4.84;4.84;4.84;4.84;4.52;0.0;0.0
136363;769561;2022-06-15;FRC;F26;;;15;6366;1126843848.0;;;4.85;4.54;4.85;4.72;4.55;4.54;4.54;0.0
136364;769562;2022-06-15;FRC;J26;;;2;239;26288810.0;;;4.84;4.84;4.84;4.84;4.84;4.55;0.0;0.0
136365;769563;2022-06-15;FRC;N26;;;2;294;51405830.0;;;4.84;4.56;4.84;4.8;4.56;4.56;0.0;0.0
136366;769564;2022-06-15;FRC;V26;;;2;237;25799376.0;;;4.83;4.82;4.83;4.82;4.82;4.57;4.55;0.0
136367;769565;2022-06-15;FRC;F27;;;13;3232;561014126.0;;;4.82;4.58;4.82;4.61;4.58;4.58;0.0;4.58
136368;769566;2022-06-15;FRC;J27;;;2;1829;197236723.0;;;4.84;4.84;4.84;4.84;4.84;4.61;0.0;0.0
136369;769567;2022-06-15;FRC;F28;;;11;4612;780298492.0;;;4.86;4.65;4.86;4.8;4.65;4.66;0.0;4.66
136370;769568;2022-06-15;FRC;F29;;;3;1090;180369691.0;;;4.85;4.67;4.85;4.83;4.67;4.66;4.66;0.0
136371;769569;2022-06-15;FRC;F30;;;6;3473;561627377.0;;;4.96;4.78;4.96;4.9;4.78;4.78;0.0;4.85
136372;769570;2022-06-15;FRC;F31;;;12;13077;2064255769.0;;;5.02;4.92;5.02;4.99;4.92;4.92;0.0;0.0
136373;769571;2022-06-15;FRC;F32;;;2;1504;145487499.0;;;5.11;5.01;5.11;5.07;5.01;5.01;0.0;0.0
136374;769572;2022-06-15;FRC;F33;;;0;0;0.0;;;0.0;0.0;0.0;0.0;0.0;5.13;0.0;0.0
136375;769573;2022-06-15;FRC;F34;;;0;0;0.0;;;0.0;0.0;0.0;0.0;0.0;5.21;0.0;0.0
136376;769574;2022-06-15;FRC;F35;;;0;0;0.0;;;0.0;0.0;0.0;0.0;0.0;5.31;0.0;0.0
136377;769575;2022-06-15;FRC;F36;;;0;0;0.0;;;0.0;0.0;0.0;0.0;0.0;5.45;0.0;0.0
136378;769576;2022-06-15;FRC;F37;;;0;0;0.0;;;0.0;0.0;0.0;0.0;0.0;5.57;0.0;0.0
136379;769749;2022-06-17;FRC;Q22;;;18;38115;4639558893.0;;;2.77;2.7;2.77;2.73;2.74;2.74;2.7;2.74
136380;769750;2022-06-17;FRC;U22;;;21;27829;3382874546.0;;;2.9;2.9;2.94;2.9;2.9;2.9;0.0;2.9
136381;769751;2022-06-17;FRC;V22;;;31;41411;7976461206.0;;;3.07;3.04;3.08;3.06;3.05;3.05;3.02;0.0
136382;769752;2022-06-17;FRC;X22;;;84;18154;2198189537.0;;;3.29;3.26;3.29;3.28;3.29;3.29;0.0;0.0
136383;769753;2022-06-17;FRC;Z22;;;5;8218;993994417.0;;;3.48;3.46;3.48;3.47;3.46;3.46;0.0;3.46
136384;769754;2022-06-17;FRC;F23;;;1;40;7664214.0;;;3.62;3.62;3.62;3.62;3.62;3.64;3.62;0.0
136385;769755;2022-06-17;FRC;G23;;;13;7339;884344839.0;;;3.84;3.84;3.84;3.84;3.84;3.84;0.0;3.85
136386;769756;2022-06-17;FRC;H23;;;11;3691;443813374.0;;;4.0;3.97;4.0;3.97;3.97;3.97;0.0;3.97
136387;769757;2022-06-17;FRC;J23;;;0;0;0.0;;;0.0;0.0;0.0;0.0;0.0;4.08;0.0;4.1
136388;769758;2022-06-17;FRC;K23;;;3;590;70657619.0;;;4.23;4.2;4.23;4.22;4.2;4.2;4.2;0.0
136389;769759;2022-06-17;FRC;M23;;;17;1513;180944000.0;;;4.31;4.28;4.31;4.3;4.28;4.28;4.24;4.28
136390;769760;2022-06-17;FRC;N23;;;25;13336;2523106117.0;;;4.35;4.3;4.35;4.3;4.31;4.3;4.31;0.0
136391;769761;2022-06-17;FRC;V23;;;7;1072;201591126.0;;;4.43;4.43;4.43;4.43;4.43;4.43;4.43;4.45
136392;769762;2022-06-17;FRC;F24;;;22;5947;1111709416.0;;;4.49;4.49;4.49;4.49;4.49;4.49;4.49;0.0
136393;769763;2022-06-17;FRC;J24;;;0;0;0.0;;;0.0;0.0;0.0;0.0;0.0;4.49;0.0;0.0
136394;769764;2022-06-17;FRC;N24;;;6;1610;297717387.0;;;4.49;4.49;4.49;4.49;4.49;4.49;4.49;0.0
136395;769765;2022-06-17;FRC;V24;;;0;0;0.0;;;0.0;0.0;0.0;0.0;0.0;4.5;0.0;0.0
136396;769766;2022-06-17;FRC;F25;;;29;8558;1564615618.0;;;4.51;4.51;4.63;4.52;4.52;4.52;4.52;0.0
136397;769767;2022-06-17;FRC;J25;;;0;0;0.0;;;0.0;0.0;0.0;0.0;0.0;4.51;0.0;0.0
136398;769768;2022-06-17;FRC;N25;;;1;38;6880691.0;;;4.51;4.51;4.51;4.51;4.51;4.51;4.5;0.0
136399;769769;2022-06-17;FRC;V25;;;0;0;0.0;;;0.0;0.0;0.0;0.0;0.0;4.5;0.0;0.0
136400;769770;2022-06-17;FRC;F26;;;18;2419;432854397.0;;;4.6;4.52;4.6;4.52;4.52;4.52;4.52;0.0
136401;769771;2022-06-17;FRC;J26;;;0;0;0.0;;;0.0;0.0;0.0;0.0;0.0;4.53;0.0;0.0
136402;769772;2022-06-17;FRC;N26;;;1;37;6553715.0;;;4.53;4.53;4.53;4.53;4.53;4.53;0.0;0.0
136403;769773;2022-06-17;FRC;V26;;;0;0;0.0;;;0.0;0.0;0.0;0.0;0.0;4.54;4.5;0.0
136404;769774;2022-06-17;FRC;F27;;;20;5686;996083294.0;;;4.51;4.51;4.6;4.53;4.54;4.54;4.5;0.0
136405;769775;2022-06-17;FRC;J27;;;0;0;0.0;;;0.0;0.0;0.0;0.0;0.0;4.57;0.0;0.0
136406;769776;2022-06-17;FRC;F28;;;1;72;12337690.0;;;4.61;4.61;4.61;4.61;4.61;4.61;0.0;4.65
136407;769777;2022-06-17;FRC;F29;;;1;71;11912306.0;;;4.65;4.65;4.65;4.65;4.65;4.65;0.0;0.0
136408;769778;2022-06-17;FRC;F30;;;1;607;99478453.0;;;4.72;4.72;4.72;4.72;4.72;4.72;0.0;0.0
136409;769779;2022-06-17;FRC;F31;;;1;699;111773232.0;;;4.85;4.85;4.85;4.85;4.85;4.85;0.0;0.0
136410;769780;2022-06-17;FRC;F32;;;1;520;51180748.0;;;4.94;4.94;4.94;4.94;4.94;4.94;0.0;0.0
136411;769781;2022-06-17;FRC;F33;;;0;0;0.0;;;0.0;0.0;0.0;0.0;0.0;5.06;0.0;0.0
136412;769782;2022-06-17;FRC;F34;;;0;0;0.0;;;0.0;0.0;0.0;0.0;0.0;5.14;0.0;0.0
136413;769783;2022-06-17;FRC;F35;;;0;0;0.0;;;0.0;0.0;0.0;0.0;0.0;5.24;0.0;0.0
136414;769784;2022-06-17;FRC;F36;;;0;0;0.0;;;0.0;0.0;0.0;0.0;0.0;5.38;0.0;0.0
136415;769785;2022-06-17;FRC;F37;;;0;0;0.0;;;0.0;0.0;0.0;0.0;0.0;5.5;0.0;0.0
136416;769955;2022-06-20;FRC;Q22;;;39;54021;6603723876.0;;;2.72;2.7;2.74;2.71;2.72;2.72;0.0;2.72
136417;769956;2022-06-20;FRC;U22;;;16;21430;2616314974.0;;;2.89;2.89;2.93;2.89;2.9;2.9;2.89;2.93
136418;769957;2022-06-20;FRC;V22;;;12;8744;1688813491.0;;;3.08;3.08;3.1;3.08;3.1;3.08;0.0;3.1
136419;769958;2022-06-20;FRC;X22;;;11;6167;750575860.0;;;3.31;3.31;3.31;3.31;3.31;3.31;3.31;0.0
136420;769959;2022-06-20;FRC;Z22;;;10;5064;615240352.0;;;3.49;3.49;3.51;3.49;3.51;3.49;3.49;0.0
136421;769960;2022-06-20;FRC;F23;;;24;10759;2066630626.0;;;3.68;3.68;3.7;3.68;3.7;3.68;3.68;0.0
136422;769961;2022-06-20;FRC;G23;;;11;5143;622286283.0;;;3.89;3.89;3.89;3.89;3.89;3.89;3.89;0.0
136423;769962;2022-06-20;FRC;H23;;;1;197;23758033.0;;;4.02;4.02;4.02;4.02;4.02;4.02;4.06;0.0
136424;769963;2022-06-20;FRC;J23;;;6;1182;225589077.0;;;4.15;4.15;4.15;4.15;4.15;4.15;4.15;0.0
136425;769964;2022-06-20;FRC;K23;;;7;3539;425504495.0;;;4.28;4.28;4.28;4.28;4.28;4.28;4.28;0.0
136426;769965;2022-06-20;FRC;M23;;;3;588;70497462.0;;;4.38;4.38;4.38;4.38;4.38;4.38;4.36;0.0
136427;769966;2022-06-20;FRC;N23;;;7;1762;334147377.0;;;4.39;4.39;4.39;4.39;4.39;4.39;4.39;0.0
136428;769967;2022-06-20;FRC;V23;;;8;2920;550184460.0;;;4.56;4.56;4.56;4.56;4.56;4.56;0.0;0.0
136429;769968;2022-06-20;FRC;F24;;;12;8702;1629381689.0;;;4.64;4.64;4.64;4.64;4.64;4.64;0.0;0.0
136430;769969;2022-06-20;FRC;J24;;;0;0;0.0;;;0.0;0.0;0.0;0.0;0.0;4.64;0.0;0.0
136431;769970;2022-06-20;FRC;N24;;;0;0;0.0;;;0.0;0.0;0.0;0.0;0.0;4.64;4.64;0.0
136432;769971;2022-06-20;FRC;V24;;;0;0;0.0;;;0.0;0.0;0.0;0.0;0.0;4.64;0.0;0.0
136433;769972;2022-06-20;FRC;F25;;;1;947;173332005.0;;;4.66;4.66;4.66;4.66;4.66;4.66;4.65;0.0
136434;769973;2022-06-20;FRC;J25;;;1;189;21757464.0;;;4.65;4.65;4.65;4.65;4.65;4.65;0.0;0.0
136435;769974;2022-06-20;FRC;N25;;;3;938;169820928.0;;;4.66;4.66;4.66;4.66;4.66;4.66;0.0;0.0
136436;769975;2022-06-20;FRC;V25;;;0;0;0.0;;;0.0;0.0;0.0;0.0;0.0;4.66;0.0;0.0
136437;769976;2022-06-20;FRC;F26;;;11;2287;409474027.0;;;4.52;4.52;4.69;4.66;4.69;4.69;0.0;0.0
136438;769977;2022-06-20;FRC;J26;;;0;0;0.0;;;0.0;0.0;0.0;0.0;0.0;4.7;0.0;4.7
136439;769978;2022-06-20;FRC;N26;;;0;0;0.0;;;0.0;0.0;0.0;0.0;0.0;4.69;0.0;0.0
136440;769979;2022-06-20;FRC;V26;;;0;0;0.0;;;0.0;0.0;0.0;0.0;0.0;4.7;4.68;0.0
136441;769980;2022-06-20;FRC;F27;;;8;1822;319001158.0;;;4.69;4.69;4.69;4.69;4.69;4.69;0.0;0.0
136442;769981;2022-06-20;FRC;J27;;;0;0;0.0;;;0.0;0.0;0.0;0.0;0.0;4.72;0.0;0.0
136443;769982;2022-06-20;FRC;F28;;;0;0;0.0;;;0.0;0.0;0.0;0.0;0.0;4.76;0.0;4.76
136444;769983;2022-06-20;FRC;F29;;;0;0;0.0;;;0.0;0.0;0.0;0.0;0.0;4.79;4.79;0.0
136445;769984;2022-06-20;FRC;F30;;;2;346;56613115.0;;;4.86;4.86;4.86;4.86;4.86;4.86;0.0;0.0
136446;769985;2022-06-20;FRC;F31;;;4;850;135593126.0;;;5.0;5.0;5.0;5.0;5.0;5.0;0.0;0.0
136447;769986;2022-06-20;FRC;F32;;;0;0;0.0;;;0.0;0.0;0.0;0.0;0.0;5.09;5.1;0.0
136448;769987;2022-06-20;FRC;F33;;;0;0;0.0;;;0.0;0.0;0.0;0.0;0.0;5.21;0.0;0.0
136449;769988;2022-06-20;FRC;F34;;;0;0;0.0;;;0.0;0.0;0.0;0.0;0.0;5.29;5.3;5.65
136450;769989;2022-06-20;FRC;F35;;;0;0;0.0;;;0.0;0.0;0.0;0.0;0.0;5.39;0.0;0.0
136451;769990;2022-06-20;FRC;F36;;;0;0;0.0;;;0.0;0.0;0.0;0.0;0.0;5.53;0.0;0.0
136452;769991;2022-06-20;FRC;F37;;;0;0;0.0;;;0.0;0.0;0.0;0.0;0.0;5.65;0.0;0.0
136453;770161;2022-06-21;FRC;Q22;;;93;176424;21362618558.0;;;2.72;2.71;2.78;2.75;2.78;2.78;2.78;0.0
136454;770162;2022-06-21;FRC;U22;;;30;22399;2708087920.0;;;2.93;2.93;2.97;2.96;2.97;2.97;0.0;0.0
136455;770163;2022-06-21;FRC;V22;;;99;36677;7041497138.0;;;3.08;3.08;3.15;3.1;3.15;3.15;0.0;0.0
136456;770164;2022-06-21;FRC;X22;;;17;11755;1416984943.0;;;3.33;3.32;3.38;3.34;3.38;3.38;3.38;0.0
136457;770165;2022-06-21;FRC;Z22;;;18;9453;1137555525.0;;;3.5;3.5;3.59;3.57;3.59;3.58;3.57;3.59
136458;770166;2022-06-21;FRC;F23;;;26;25890;4942753711.0;;;3.68;3.68;3.78;3.74;3.78;3.78;3.76;3.8
136459;770167;2022-06-21;FRC;G23;;;10;4981;596632982.0;;;4.01;4.01;4.01;4.01;4.01;4.01;0.0;0.0
136460;770168;2022-06-21;FRC;H23;;;8;1301;155467004.0;;;4.02;4.02;4.12;4.07;4.12;4.12;0.0;0.0
136461;770169;2022-06-21;FRC;J23;;;3;177;33569307.0;;;4.15;4.15;4.26;4.23;4.26;4.26;0.0;0.0
136462;770170;2022-06-21;FRC;K23;;;14;3297;392153969.0;;;4.31;4.28;4.39;4.37;4.39;4.39;0.0;0.0
136463;770171;2022-06-21;FRC;M23;;;11;19011;2257253443.0;;;4.37;4.37;4.49;4.48;4.48;4.49;0.0;4.49
136464;770172;2022-06-21;FRC;N23;;;21;39406;7426131570.0;;;4.39;4.38;4.52;4.45;4.51;4.51;0.0;0.0
136465;770173;2022-06-21;FRC;V23;;;9;2857;534864312.0;;;4.54;4.54;4.66;4.63;4.66;4.66;0.0;0.0
136466;770174;2022-06-21;FRC;F24;;;28;41188;7665169258.0;;;4.62;4.62;4.72;4.66;4.72;4.72;0.0;0.0
136467;770175;2022-06-21;FRC;J24;;;5;845;156303643.0;;;4.64;4.64;4.72;4.71;4.72;4.72;0.0;0.0
136468;770176;2022-06-21;FRC;N24;;;14;9799;1803077743.0;;;4.62;4.62;4.71;4.67;4.71;4.69;4.7;4.73
136469;770177;2022-06-21;FRC;V24;;;0;0;0.0;;;0.0;0.0;0.0;0.0;0.0;4.7;0.0;0.0
136470;770178;2022-06-21;FRC;F25;;;15;2289;416186716.0;;;4.66;4.62;4.73;4.71;4.73;4.73;4.7;4.73
136471;770179;2022-06-21;FRC;J25;;;0;0;0.0;;;0.0;0.0;0.0;0.0;0.0;4.71;0.0;0.0
136472;770180;2022-06-21;FRC;N25;;;2;1687;303441340.0;;;4.66;4.66;4.71;4.69;4.71;4.72;0.0;0.0
136473;770181;2022-06-21;FRC;V25;;;0;0;0.0;;;0.0;0.0;0.0;0.0;0.0;4.71;0.0;0.0
136474;770182;2022-06-21;FRC;F26;;;12;2657;472445346.0;;;4.69;4.69;4.73;4.72;4.73;4.73;4.7;0.0
136475;770183;2022-06-21;FRC;J26;;;0;0;0.0;;;0.0;0.0;0.0;0.0;0.0;4.74;0.0;0.0
136476;770184;2022-06-21;FRC;N26;;;0;0;0.0;;;0.0;0.0;0.0;0.0;0.0;4.73;0.0;0.0
136477;770185;2022-06-21;FRC;V26;;;1;37;4102226.0;;;4.72;4.72;4.72;4.72;4.72;4.75;0.0;0.0
136478;770186;2022-06-21;FRC;F27;;;4;528;91821160.0;;;4.68;4.68;4.74;4.72;4.74;4.74;0.0;0.0
136479;770187;2022-06-21;FRC;J27;;;0;0;0.0;;;0.0;0.0;0.0;0.0;0.0;4.77;0.0;0.0
136480;770188;2022-06-21;FRC;F28;;;5;1074;182548518.0;;;4.8;4.8;4.8;4.8;4.8;4.8;0.0;4.8
136481;770189;2022-06-21;FRC;F29;;;1;176;29256048.0;;;4.84;4.84;4.84;4.84;4.84;4.85;0.0;0.0
136482;770190;2022-06-21;FRC;F30;;;3;519;84393365.0;;;4.85;4.85;4.91;4.87;4.91;4.91;0.0;0.0
136483;770191;2022-06-21;FRC;F31;;;2;340;53834503.0;;;5.05;5.05;5.05;5.05;5.05;5.05;0.0;5.15
136484;770192;2022-06-21;FRC;F32;;;0;0;0.0;;;0.0;0.0;0.0;0.0;0.0;5.14;0.0;5.3
136485;770193;2022-06-21;FRC;F33;;;0;0;0.0;;;0.0;0.0;0.0;0.0;0.0;5.26;0.0;0.0
136486;770194;2022-06-21;FRC;F34;;;0;0;0.0;;;0.0;0.0;0.0;0.0;0.0;5.34;0.0;0.0
136487;770195;2022-06-21;FRC;F35;;;0;0;0.0;;;0.0;0.0;0.0;0.0;0.0;5.44;0.0;0.0
136488;770196;2022-06-21;FRC;F36;;;0;0;0.0;;;0.0;0.0;0.0;0.0;0.0;5.58;0.0;0.0
136489;770197;2022-06-21;FRC;F37;;;0;0;0.0;;;0.0;0.0;0.0;0.0;0.0;5.7;0.0;0.0
136490;770369;2022-06-22;FRC;Q22;;;64;152978;18611671983.0;;;2.8;2.78;2.95;2.84;2.87;2.95;2.82;2.9
136491;770370;2022-06-22;FRC;U22;;;18;23515;2856614029.0;;;2.97;2.97;3.04;3.0;3.04;3.01;0.0;3.04
136492;770371;2022-06-22;FRC;V22;;;22;36747;7075733081.0;;;3.15;3.15;3.23;3.19;3.23;3.23;0.0;3.23
136493;770372;2022-06-22;FRC;X22;;;18;14217;1721592477.0;;;3.38;3.38;3.45;3.44;3.45;3.45;3.43;3.45
136494;770373;2022-06-22;FRC;Z22;;;18;15799;1909682159.0;;;3.6;3.6;3.64;3.61;3.64;3.64;3.62;3.64
136495;770374;2022-06-22;FRC;F23;;;20;13782;2638745912.0;;;3.79;3.75;3.84;3.81;3.81;3.83;3.8;3.83
136496;770375;2022-06-22;FRC;G23;;;8;6107;734955389.0;;;4.05;4.05;4.05;4.05;4.05;4.05;0.0;4.05
136497;770376;2022-06-22;FRC;H23;;;5;1577;189331765.0;;;4.18;4.18;4.18;4.18;4.18;4.18;0.0;4.18
136498;770377;2022-06-22;FRC;J23;;;16;3428;652096943.0;;;4.26;4.21;4.28;4.26;4.28;4.28;4.24;4.28
136499;770378;2022-06-22;FRC;K23;;;7;1569;187444520.0;;;4.39;4.39;4.39;4.39;4.39;4.39;0.0;0.0
136500;770379;2022-06-22;FRC;M23;;;5;2156;257259764.0;;;4.44;4.44;4.44;4.44;4.44;4.44;0.0;0.0
136501;770380;2022-06-22;FRC;N23;;;7;2153;406968525.0;;;4.47;4.47;4.47;4.47;4.47;4.47;4.45;0.0
136502;770381;2022-06-22;FRC;V23;;;5;1032;193885186.0;;;4.56;4.56;4.57;4.56;4.57;4.57;0.0;0.0
136503;770382;2022-06-22;FRC;F24;;;25;11349;2119233459.0;;;4.72;4.61;4.72;4.62;4.62;4.62;4.57;4.62
136504;770383;2022-06-22;FRC;J24;;;8;1345;249802095.0;;;4.58;4.58;4.6;4.59;4.6;4.6;4.58;4.6
136505;770384;2022-06-22;FRC;N24;;;0;0;0.0;;;0.0;0.0;0.0;0.0;0.0;4.56;4.55;4.56
136506;770385;2022-06-22;FRC;V24;;;0;0;0.0;;;0.0;0.0;0.0;0.0;0.0;4.57;0.0;0.0
136507;770386;2022-06-22;FRC;F25;;;20;7013;1280857213.0;;;4.73;4.58;4.73;4.6;4.59;4.59;4.59;0.0
136508;770387;2022-06-22;FRC;J25;;;2;246;28220136.0;;;4.71;4.55;4.71;4.58;4.55;4.55;0.0;0.0
136509;770388;2022-06-22;FRC;N25;;;0;0;0.0;;;0.0;0.0;0.0;0.0;0.0;4.56;0.0;0.0
136510;770389;2022-06-22;FRC;V25;;;0;0;0.0;;;0.0;0.0;0.0;0.0;0.0;4.55;0.0;0.0
136511;770390;2022-06-22;FRC;F26;;;16;5005;894952158.0;;;4.73;4.56;4.73;4.56;4.57;4.57;0.0;0.0
136512;770391;2022-06-22;FRC;J26;;;0;0;0.0;;;0.0;0.0;0.0;0.0;0.0;4.58;0.0;0.0
136513;770392;2022-06-22;FRC;N26;;;0;0;0.0;;;0.0;0.0;0.0;0.0;0.0;4.57;0.0;0.0
136514;770393;2022-06-22;FRC;V26;;;0;0;0.0;;;0.0;0.0;0.0;0.0;0.0;4.59;0.0;0.0
136515;770394;2022-06-22;FRC;F27;;;8;2229;390054149.0;;;4.74;4.58;4.74;4.58;4.58;4.58;0.0;0.0
136516;770395;2022-06-22;FRC;J27;;;0;0;0.0;;;0.0;0.0;0.0;0.0;0.0;4.61;0.0;0.0
136517;770396;2022-06-22;FRC;F28;;;5;2189;374756161.0;;;4.8;4.62;4.8;4.62;4.65;4.65;0.0;0.0
136518;770397;2022-06-22;FRC;F29;;;0;0;0.0;;;0.0;0.0;0.0;0.0;0.0;4.71;0.0;0.0
136519;770398;2022-06-22;FRC;F30;;;0;0;0.0;;;0.0;0.0;0.0;0.0;0.0;4.78;0.0;0.0
136520;770399;2022-06-22;FRC;F31;;;1;17;2700014.0;;;5.05;5.05;5.05;5.05;5.05;4.94;0.0;0.0
136521;770400;2022-06-22;FRC;F32;;;0;0;0.0;;;0.0;0.0;0.0;0.0;0.0;5.04;0.0;0.0
136522;770401;2022-06-22;FRC;F33;;;3;492;46842618.0;;;5.17;5.17;5.17;5.17;5.17;5.17;0.0;0.0
136523;770402;2022-06-22;FRC;F34;;;0;0;0.0;;;0.0;0.0;0.0;0.0;0.0;5.25;0.0;0.0
136524;770403;2022-06-22;FRC;F35;;;0;0;0.0;;;0.0;0.0;0.0;0.0;0.0;5.35;0.0;0.0
136525;770404;2022-06-22;FRC;F36;;;0;0;0.0;;;0.0;0.0;0.0;0.0;0.0;5.49;0.0;0.0
136526;770405;2022-06-22;FRC;F37;;;0;0;0.0;;;0.0;0.0;0.0;0.0;0.0;5.61;0.0;0.0
136527;770577;2022-06-23;FRC;Q22;;;346;345032;42392756073.0;;;2.87;2.79;2.9;2.83;2.81;2.82;2.7;2.82
136528;770578;2022-06-23;FRC;U22;;;68;76981;9442815828.0;;;3.05;2.96;3.05;2.97;2.96;2.96;2.96;0.0
136529;770579;2022-06-23;FRC;V22;;;31;34300;6645704432.0;;;3.17;3.15;3.2;3.16;3.17;3.17;3.17;0.0
136530;770580;2022-06-23;FRC;X22;;;103;20099;2456022546.0;;;3.43;3.37;3.43;3.4;3.39;3.39;3.38;0.0
136531;770581;2022-06-23;FRC;Z22;;;100;17297;2110514183.0;;;3.61;3.55;3.61;3.57;3.57;3.57;0.0;0.0
136532;770582;2022-06-23;FRC;F23;;;72;23315;4492463714.0;;;3.78;3.74;3.78;3.74;3.75;3.75;3.75;0.0
136533;770583;2022-06-23;FRC;G23;;;16;5219;634390264.0;;;4.0;3.98;4.0;3.98;3.98;3.98;0.0;3.98
136534;770584;2022-06-23;FRC;H23;;;2;415;50393627.0;;;4.08;4.08;4.12;4.11;4.12;4.11;0.0;4.11
136535;770585;2022-06-23;FRC;J23;;;10;16658;3189249622.0;;;4.2;4.19;4.2;4.19;4.2;4.2;0.0;4.2
136536;770586;2022-06-23;FRC;K23;;;14;8257;997770208.0;;;4.28;4.28;4.28;4.28;4.28;4.28;0.0;0.0
136537;770587;2022-06-23;FRC;M23;;;10;6510;784737655.0;;;4.35;4.35;4.38;4.35;4.38;4.35;0.0;4.4
136538;770588;2022-06-23;FRC;N23;;;13;6848;1303174188.0;;;4.36;4.36;4.36;4.36;4.36;4.36;4.36;0.0
136539;770589;2022-06-23;FRC;V23;;;10;9421;1781998624.0;;;4.48;4.45;4.48;4.47;4.45;4.45;4.45;0.0
136540;770590;2022-06-23;FRC;F24;;;66;14240;2678057373.0;;;4.55;4.47;4.55;4.49;4.49;4.49;4.49;0.0
136541;770591;2022-06-23;FRC;J24;;;2;270;50521703.0;;;4.47;4.45;4.47;4.46;4.45;4.47;0.0;0.0
136542;770592;2022-06-23;FRC;N24;;;6;1725;321090954.0;;;4.44;4.44;4.44;4.44;4.44;4.44;4.44;0.0
136543;770593;2022-06-23;FRC;V24;;;0;0;0.0;;;0.0;0.0;0.0;0.0;0.0;4.44;0.0;0.0
136544;770594;2022-06-23;FRC;F25;;;16;5755;1059705137.0;;;4.44;4.44;4.45;4.44;4.44;4.44;4.44;0.0
136545;770595;2022-06-23;FRC;J25;;;1;95;11046598.0;;;4.39;4.39;4.39;4.39;4.39;4.39;4.39;0.0
136546;770596;2022-06-23;FRC;N25;;;1;19;3466684.0;;;4.4;4.4;4.4;4.4;4.4;4.4;0.0;0.0
136547;770597;2022-06-23;FRC;V25;;;0;0;0.0;;;0.0;0.0;0.0;0.0;0.0;4.38;0.0;0.0
136548;770598;2022-06-23;FRC;F26;;;6;856;154432451.0;;;4.39;4.39;4.4;4.39;4.39;4.39;4.39;0.0
136549;770599;2022-06-23;FRC;J26;;;0;0;0.0;;;0.0;0.0;0.0;0.0;0.0;4.41;0.0;0.0
136550;770600;2022-06-23;FRC;N26;;;1;18;3205699.0;;;4.41;4.41;4.41;4.41;4.41;4.41;0.0;0.0
136551;770601;2022-06-23;FRC;V26;;;0;0;0.0;;;0.0;0.0;0.0;0.0;0.0;4.45;4.4;0.0
136552;770602;2022-06-23;FRC;F27;;;8;2031;358568061.0;;;4.45;4.45;4.45;4.45;4.45;4.45;0.0;0.0
136553;770603;2022-06-23;FRC;J27;;;0;0;0.0;;;0.0;0.0;0.0;0.0;0.0;4.48;0.0;0.0
136554;770604;2022-06-23;FRC;F28;;;4;918;158653651.0;;;4.5;4.5;4.5;4.5;4.5;4.5;0.0;0.0
136555;770605;2022-06-23;FRC;F29;;;2;354;59850618.0;;;4.58;4.56;4.58;4.57;4.56;4.56;0.0;0.0
136556;770606;2022-06-23;FRC;F30;;;1;17;2799522.0;;;4.63;4.63;4.63;4.63;4.63;4.63;0.0;0.0
136557;770607;2022-06-23;FRC;F31;;;7;1074;173058675.0;;;4.82;4.78;4.82;4.79;4.79;4.79;0.0;0.0
136558;770608;2022-06-23;FRC;F32;;;1;235;23376274.0;;;4.89;4.89;4.89;4.89;4.89;4.89;0.0;0.0
136559;770609;2022-06-23;FRC;F33;;;0;0;0.0;;;0.0;0.0;0.0;0.0;0.0;5.02;0.0;0.0
136560;770610;2022-06-23;FRC;F34;;;0;0;0.0;;;0.0;0.0;0.0;0.0;0.0;5.1;0.0;0.0
136561;770611;2022-06-23;FRC;F35;;;0;0;0.0;;;0.0;0.0;0.0;0.0;0.0;5.2;0.0;0.0
136562;770612;2022-06-23;FRC;F36;;;0;0;0.0;;;0.0;0.0;0.0;0.0;0.0;5.34;0.0;0.0
136563;770613;2022-06-23;FRC;F37;;;0;0;0.0;;;0.0;0.0;0.0;0.0;0.0;5.46;0.0;0.0
136564;770785;2022-06-24;FRC;Q22;;;226;211530;25989597059.0;;;2.83;2.78;2.87;2.82;2.82;2.82;0.0;2.8
136565;770786;2022-06-24;FRC;U22;;;13;14359;1761291571.0;;;2.98;2.95;2.99;2.97;2.97;2.97;0.0;2.97
136566;770787;2022-06-24;FRC;V22;;;21;30079;5828331928.0;;;3.18;3.12;3.19;3.12;3.13;3.12;0.0;3.13
136567;770788;2022-06-24;FRC;X22;;;11;13923;1702884809.0;;;3.37;3.35;3.37;3.35;3.35;3.35;0.0;3.35
136568;770789;2022-06-24;FRC;Z22;;;2;3970;484625935.0;;;3.52;3.52;3.52;3.52;3.52;3.52;0.0;0.0
136569;770790;2022-06-24;FRC;F23;;;16;11689;2252624834.0;;;3.75;3.69;3.75;3.7;3.69;3.69;0.0;0.0
136570;770791;2022-06-24;FRC;G23;;;10;4351;529056708.0;;;3.91;3.91;3.91;3.91;3.91;3.91;0.0;3.91
136571;770792;2022-06-24;FRC;H23;;;6;2586;313838228.0;;;4.12;4.04;4.12;4.04;4.04;4.04;0.0;4.04
136572;770793;2022-06-24;FRC;J23;;;14;8547;1636622841.0;;;4.2;4.15;4.2;4.16;4.15;4.15;0.0;0.0
136573;770794;2022-06-24;FRC;K23;;;10;9867;1192229087.0;;;4.28;4.24;4.28;4.24;4.24;4.24;0.0;0.0
136574;770795;2022-06-24;FRC;M23;;;4;2904;350223900.0;;;4.39;4.31;4.39;4.31;4.31;4.31;0.0;4.31
136575;770796;2022-06-24;FRC;N23;;;13;5405;1028821212.0;;;4.38;4.32;4.38;4.32;4.32;4.32;0.0;0.0
136576;770797;2022-06-24;FRC;V23;;;5;1557;294578587.0;;;4.46;4.43;4.46;4.43;4.43;4.43;0.0;0.0
136577;770798;2022-06-24;FRC;F24;;;8;2711;509962446.0;;;4.51;4.47;4.51;4.47;4.47;4.47;0.0;0.0
136578;770799;2022-06-24;FRC;J24;;;5;1965;367722308.0;;;4.45;4.45;4.45;4.45;4.45;4.45;0.0;0.0
136579;770800;2022-06-24;FRC;N24;;;17;3531;657276908.0;;;4.44;4.44;4.46;4.44;4.46;4.46;0.0;0.0
136580;770801;2022-06-24;FRC;V24;;;0;0;0.0;;;0.0;0.0;0.0;0.0;0.0;4.46;0.0;0.0
136581;770802;2022-06-24;FRC;F25;;;12;3989;734477888.0;;;4.45;4.45;4.45;4.45;4.45;4.45;0.0;0.0
136582;770803;2022-06-24;FRC;J25;;;0;0;0.0;;;0.0;0.0;0.0;0.0;0.0;4.41;0.0;0.0
136583;770804;2022-06-24;FRC;N25;;;0;0;0.0;;;0.0;0.0;0.0;0.0;0.0;4.42;0.0;0.0
136584;770805;2022-06-24;FRC;V25;;;0;0;0.0;;;0.0;0.0;0.0;0.0;0.0;4.41;0.0;0.0
136585;770806;2022-06-24;FRC;F26;;;8;2235;403078183.0;;;4.39;4.39;4.43;4.41;4.43;4.43;4.42;0.0
136586;770807;2022-06-24;FRC;J26;;;0;0;0.0;;;0.0;0.0;0.0;0.0;0.0;4.44;0.0;0.0
136587;770808;2022-06-24;FRC;N26;;;0;0;0.0;;;0.0;0.0;0.0;0.0;0.0;4.42;0.0;0.0
136588;770809;2022-06-24;FRC;V26;;;7;1288;144603718.0;;;4.45;4.45;4.45;4.45;4.45;4.45;0.0;0.0
136589;770810;2022-06-24;FRC;F27;;;14;3843;678244990.0;;;4.47;4.47;4.47;4.47;4.47;4.47;0.0;0.0
136590;770811;2022-06-24;FRC;J27;;;0;0;0.0;;;0.0;0.0;0.0;0.0;0.0;4.5;0.0;0.0
136591;770812;2022-06-24;FRC;F28;;;4;720;124382252.0;;;4.52;4.52;4.52;4.52;4.52;4.52;0.0;0.0
136592;770813;2022-06-24;FRC;F29;;;2;212;35823803.0;;;4.58;4.58;4.58;4.58;4.58;4.58;0.0;0.0
136593;770814;2022-06-24;FRC;F30;;;0;0;0.0;;;0.0;0.0;0.0;0.0;0.0;4.65;4.65;0.0
136594;770815;2022-06-24;FRC;F31;;;6;889;143282241.0;;;4.81;4.81;4.81;4.81;4.81;4.81;0.0;0.0
136595;770816;2022-06-24;FRC;F32;;;1;50;4937766.0;;;4.91;4.91;4.91;4.91;4.91;4.91;0.0;0.0
136596;770817;2022-06-24;FRC;F33;;;0;0;0.0;;;0.0;0.0;0.0;0.0;0.0;5.04;0.0;0.0
136597;770818;2022-06-24;FRC;F34;;;0;0;0.0;;;0.0;0.0;0.0;0.0;0.0;5.15;0.0;0.0
136598;770819;2022-06-24;FRC;F35;;;0;0;0.0;;;0.0;0.0;0.0;0.0;0.0;5.25;0.0;0.0
136599;770820;2022-06-24;FRC;F36;;;0;0;0.0;;;0.0;0.0;0.0;0.0;0.0;5.39;0.0;0.0
136600;770821;2022-06-24;FRC;F37;;;0;0;0.0;;;0.0;0.0;0.0;0.0;0.0;5.51;0.0;0.0
136601;770993;2022-06-27;FRC;Q22;;;294;386670;46905725131.0;;;2.82;2.69;2.84;2.73;2.7;2.7;2.66;2.7
136602;770994;2022-06-27;FRC;U22;;;29;56381;6829987838.0;;;2.97;2.9;2.97;2.9;2.92;2.9;0.0;2.9
136603;770995;2022-06-27;FRC;V22;;;62;45471;8741867480.0;;;3.12;3.06;3.12;3.06;3.06;3.06;0.0;3.08
136604;770996;2022-06-27;FRC;X22;;;27;48450;5850891952.0;;;3.35;3.29;3.35;3.3;3.3;3.3;0.0;3.32
136605;770997;2022-06-27;FRC;Z22;;;18;9972;1202478883.0;;;3.52;3.47;3.52;3.47;3.48;3.48;0.0;3.5
136606;770998;2022-06-27;FRC;F23;;;25;22071;4220238374.0;;;3.69;3.65;3.69;3.67;3.67;3.67;0.0;0.0
136607;770999;2022-06-27;FRC;G23;;;15;6330;760080767.0;;;3.88;3.88;3.88;3.88;3.88;3.88;0.0;0.0
136608;771000;2022-06-27;FRC;H23;;;12;5563;666343302.0;;;4.01;4.01;4.01;4.01;4.01;4.01;0.0;0.0
136609;771001;2022-06-27;FRC;J23;;;14;6243;1186184750.0;;;4.15;4.13;4.15;4.13;4.13;4.13;4.13;4.15
136610;771002;2022-06-27;FRC;K23;;;2;216;25754755.0;;;4.24;4.22;4.24;4.22;4.22;4.22;0.0;0.0
136611;771003;2022-06-27;FRC;M23;;;17;10927;1301063820.0;;;4.31;4.28;4.31;4.28;4.28;4.28;0.0;0.0
136612;771004;2022-06-27;FRC;N23;;;20;8950;1690382136.0;;;4.32;4.3;4.35;4.3;4.3;4.3;0.0;0.0
136613;771005;2022-06-27;FRC;V23;;;17;4905;920812606.0;;;4.43;4.42;4.43;4.42;4.42;4.42;0.0;0.0
136614;771006;2022-06-27;FRC;F24;;;7;1103;205856190.0;;;4.47;4.47;4.47;4.47;4.47;4.47;0.0;0.0
136615;771007;2022-06-27;FRC;J24;;;3;174;32310133.0;;;4.45;4.45;4.45;4.45;4.45;4.45;0.0;0.0
136616;771008;2022-06-27;FRC;N24;;;2;1055;194826696.0;;;4.46;4.45;4.46;4.45;4.45;4.46;0.0;4.47
136617;771009;2022-06-27;FRC;V24;;;2;153;17709804.0;;;4.46;4.46;4.46;4.46;4.46;4.46;0.0;0.0
136618;771010;2022-06-27;FRC;F25;;;10;11332;2069988962.0;;;4.45;4.45;4.47;4.45;4.46;4.46;4.46;0.0
136619;771011;2022-06-27;FRC;J25;;;4;907;103722692.0;;;4.41;4.41;4.42;4.41;4.42;4.42;0.0;0.0
136620;771012;2022-06-27;FRC;N25;;;1;19;3438287.0;;;4.42;4.42;4.42;4.42;4.42;4.44;0.0;0.0
136621;771013;2022-06-27;FRC;V25;;;2;38;4344368.0;;;4.41;4.41;4.44;4.42;4.44;4.44;0.0;0.0
136622;771014;2022-06-27;FRC;F26;;;11;12151;2173429293.0;;;4.43;4.43;4.47;4.44;4.47;4.47;0.0;0.0
136623;771015;2022-06-27;FRC;J26;;;2;38;4326699.0;;;4.44;4.44;4.48;4.46;4.48;4.48;0.0;0.0
136624;771016;2022-06-27;FRC;N26;;;0;0;0.0;;;0.0;0.0;0.0;0.0;0.0;4.46;0.0;0.0
136625;771017;2022-06-27;FRC;V26;;;2;36;3924207.0;;;4.45;4.45;4.5;4.47;4.5;4.5;0.0;0.0
136626;771018;2022-06-27;FRC;F27;;;9;1811;316812469.0;;;4.47;4.47;4.52;4.51;4.52;4.52;0.0;0.0
136627;771019;2022-06-27;FRC;J27;;;2;54;5859756.0;;;4.5;4.5;4.56;4.54;4.56;4.56;0.0;0.0
136628;771020;2022-06-27;FRC;F28;;;2;198;33922804.0;;;4.52;4.52;4.61;4.53;4.61;4.61;0.0;0.0
136629;771021;2022-06-27;FRC;F29;;;7;794;132811046.0;;;4.58;4.58;4.67;4.66;4.67;4.67;0.0;0.0
136630;771022;2022-06-27;FRC;F30;;;2;260;42524399.0;;;4.65;4.65;4.76;4.72;4.76;4.75;4.76;0.0
136631;771023;2022-06-27;FRC;F31;;;4;1004;159952373.0;;;4.81;4.81;4.91;4.89;4.91;4.91;0.0;0.0
136632;771024;2022-06-27;FRC;F32;;;1;703;68743479.0;;;5.01;5.01;5.01;5.01;5.01;5.01;0.0;0.0
136633;771025;2022-06-27;FRC;F33;;;0;0;0.0;;;0.0;0.0;0.0;0.0;0.0;5.14;0.0;0.0
136634;771026;2022-06-27;FRC;F34;;;0;0;0.0;;;0.0;0.0;0.0;0.0;0.0;5.27;0.0;0.0
136635;771027;2022-06-27;FRC;F35;;;0;0;0.0;;;0.0;0.0;0.0;0.0;0.0;5.37;0.0;0.0
136636;771028;2022-06-27;FRC;F36;;;0;0;0.0;;;0.0;0.0;0.0;0.0;0.0;5.51;0.0;0.0
136637;771029;2022-06-27;FRC;F37;;;0;0;0.0;;;0.0;0.0;0.0;0.0;0.0;5.63;0.0;0.0
136638;771201;2022-06-28;FRC;Q22;;;285;694164;84915625515.0;;;2.7;2.59;2.7;2.61;2.6;2.6;2.6;0.0
136639;771202;2022-06-28;FRC;U22;;;36;34245;4184172987.0;;;2.84;2.78;2.87;2.8;2.78;2.8;2.78;0.0
136640;771203;2022-06-28;FRC;V22;;;55;86064;16636132684.0;;;3.0;2.97;3.01;2.97;2.97;2.97;2.97;0.0
136641;771204;2022-06-28;FRC;X22;;;29;18503;2253816689.0;;;3.28;3.22;3.28;3.22;3.23;3.22;3.22;3.24
136642;771205;2022-06-28;FRC;Z22;;;16;9536;1159722536.0;;;3.46;3.41;3.46;3.41;3.41;3.41;3.41;3.44
136643;771206;2022-06-28;FRC;F23;;;27;23504;4518729652.0;;;3.65;3.62;3.65;3.62;3.64;3.62;3.62;3.65
136644;771207;2022-06-28;FRC;G23;;;7;5083;615471901.0;;;3.82;3.82;3.82;3.82;3.82;3.82;0.0;0.0
136645;771208;2022-06-28;FRC;H23;;;4;1145;138375455.0;;;3.96;3.96;3.96;3.96;3.96;3.96;0.0;0.0
136646;771209;2022-06-28;FRC;J23;;;18;17963;3431756409.0;;;4.13;4.07;4.13;4.09;4.07;4.07;4.07;0.0
136647;771210;2022-06-28;FRC;K23;;;7;2950;355075355.0;;;4.17;4.17;4.17;4.17;4.17;4.17;4.17;0.0
136648;771211;2022-06-28;FRC;M23;;;4;1765;211890041.0;;;4.26;4.26;4.26;4.26;4.26;4.26;0.0;0.0
136649;771212;2022-06-28;FRC;N23;;;24;10829;2056377248.0;;;4.3;4.27;4.35;4.28;4.27;4.27;4.27;4.29
136650;771213;2022-06-28;FRC;V23;;;8;2608;492212809.0;;;4.42;4.42;4.42;4.42;4.42;4.42;0.0;0.0
136651;771214;2022-06-28;FRC;F24;;;10;4280;803178045.0;;;4.47;4.45;4.47;4.45;4.45;4.45;0.0;0.0
136652;771215;2022-06-28;FRC;J24;;;1;39;7283486.0;;;4.45;4.45;4.45;4.45;4.45;4.43;4.43;0.0
136653;771216;2022-06-28;FRC;N24;;;6;3644;676658836.0;;;4.43;4.43;4.43;4.43;4.43;4.43;0.0;0.0
136654;771217;2022-06-28;FRC;V24;;;3;573;66833871.0;;;4.43;4.43;4.43;4.43;4.43;4.43;0.0;0.0
136655;771218;2022-06-28;FRC;F25;;;9;2470;453678979.0;;;4.44;4.44;4.44;4.44;4.44;4.44;0.0;0.0
136656;771219;2022-06-28;FRC;J25;;;1;189;21796542.0;;;4.44;4.44;4.44;4.44;4.44;4.44;0.0;0.0
136657;771220;2022-06-28;FRC;N25;;;0;0;0.0;;;0.0;0.0;0.0;0.0;0.0;4.45;0.0;0.0
136658;771221;2022-06-28;FRC;V25;;;0;0;0.0;;;0.0;0.0;0.0;0.0;0.0;4.44;0.0;0.0
136659;771222;2022-06-28;FRC;F26;;;8;1675;301100489.0;;;4.46;4.46;4.46;4.46;4.46;4.46;0.0;0.0
136660;771223;2022-06-28;FRC;J26;;;0;0;0.0;;;0.0;0.0;0.0;0.0;0.0;4.47;0.0;0.0
136661;771224;2022-06-28;FRC;N26;;;0;0;0.0;;;0.0;0.0;0.0;0.0;0.0;4.44;0.0;0.0
136662;771225;2022-06-28;FRC;V26;;;2;368;41127215.0;;;4.48;4.48;4.48;4.48;4.48;4.48;0.0;0.0
136663;771226;2022-06-28;FRC;F27;;;7;1281;225283587.0;;;4.52;4.52;4.52;4.52;4.52;4.52;0.0;4.52
136664;771227;2022-06-28;FRC;J27;;;0;0;0.0;;;0.0;0.0;0.0;0.0;0.0;4.56;0.0;0.0
136665;771228;2022-06-28;FRC;F28;;;3;717;123200236.0;;;4.62;4.62;4.62;4.62;4.62;4.62;0.0;4.62
136666;771229;2022-06-28;FRC;F29;;;2;529;88840506.0;;;4.71;4.71;4.71;4.71;4.71;4.71;0.0;0.0
136667;771230;2022-06-28;FRC;F30;;;4;692;113498526.0;;;4.8;4.8;4.8;4.8;4.8;4.8;0.0;4.8
136668;771231;2022-06-28;FRC;F31;;;4;680;108782672.0;;;4.93;4.93;4.93;4.93;4.93;4.93;0.0;0.0
136669;771232;2022-06-28;FRC;F32;;;0;0;0.0;;;0.0;0.0;0.0;0.0;0.0;5.04;0.0;0.0
136670;771233;2022-06-28;FRC;F33;;;4;656;62774859.0;;;5.19;5.19;5.19;5.19;5.19;5.19;0.0;0.0
136671;771234;2022-06-28;FRC;F34;;;0;0;0.0;;;0.0;0.0;0.0;0.0;0.0;5.32;0.0;0.0
136672;771235;2022-06-28;FRC;F35;;;0;0;0.0;;;0.0;0.0;0.0;0.0;0.0;5.42;0.0;0.0
136673;771236;2022-06-28;FRC;F36;;;0;0;0.0;;;0.0;0.0;0.0;0.0;0.0;5.56;0.0;0.0
136674;771237;2022-06-28;FRC;F37;;;0;0;0.0;;;0.0;0.0;0.0;0.0;0.0;5.68;0.0;0.0
136675;771409;2022-06-29;FRC;U22;;;20;37153;1847561522.0;;;2.97;2.97;2.97;2.97;2.97;2.97;0.0;0.0
136676;771410;2022-06-29;FRC;V22;;;12;8097;978661727.0;;;3.11;3.11;3.13;3.12;3.13;3.13;0.0;0.0
136677;771411;2022-06-29;FRC;X22;;;60;6000;297405840.0;;;3.41;3.4;3.41;3.4;3.4;3.39;0.0;0.0
136678;771412;2022-06-29;FRC;Z22;;;10;5965;295147646.0;;;3.57;3.57;3.57;3.57;3.57;3.57;0.0;0.0
136679;771413;2022-06-29;FRC;F23;;;32;23449;2817890891.0;;;3.8;3.78;3.8;3.78;3.78;3.78;0.0;0.0
136680;771414;2022-06-29;FRC;G23;;;9;7920;390226318.0;;;3.97;3.97;3.97;3.97;3.97;3.97;0.0;0.0
136681;771415;2022-06-29;FRC;H23;;;12;4745;233358010.0;;;4.07;4.07;4.07;4.07;4.07;4.07;0.0;0.0
136682;771416;2022-06-29;FRC;J23;;;23;27549;3289437584.0;;;4.2;4.19;4.23;4.2;4.19;4.19;0.0;0.0
136683;771417;2022-06-29;FRC;K23;;;4;709;34714457.0;;;4.34;4.3;4.34;4.3;4.3;4.3;0.0;0.0
136684;771418;2022-06-29;FRC;M23;;;6;1491;72851553.0;;;4.37;4.37;4.37;4.37;4.37;4.37;0.0;0.0
136685;771419;2022-06-29;FRC;N23;;;14;5705;677138105.0;;;4.27;4.27;4.37;4.36;4.37;4.37;0.0;0.0
136686;771420;2022-06-29;FRC;V23;;;0;0;0.0;;;0.0;0.0;0.0;0.0;0.0;4.49;0.0;0.0
136687;771421;2022-06-29;FRC;F24;;;20;6402;750824241.0;;;4.53;4.47;4.53;4.48;4.47;4.48;0.0;0.0
136688;771422;2022-06-29;FRC;J24;;;1;39;4521215.0;;;4.51;4.51;4.51;4.51;4.51;4.42;0.0;0.0
136689;771423;2022-06-29;FRC;N24;;;12;4706;546772884.0;;;4.38;4.38;4.38;4.38;4.38;4.38;0.0;0.0
136690;771424;2022-06-29;FRC;V24;;;0;0;0.0;;;0.0;0.0;0.0;0.0;0.0;4.36;0.0;0.0
136691;771425;2022-06-29;FRC;F25;;;3;1313;150975177.0;;;4.35;4.35;4.36;4.35;4.36;4.36;0.0;0.0
136692;771426;2022-06-29;FRC;J25;;;0;0;0.0;;;0.0;0.0;0.0;0.0;0.0;4.35;0.0;0.0
136693;771427;2022-06-29;FRC;N25;;;2;378;42965774.0;;;4.35;4.35;4.35;4.35;4.35;4.35;0.0;0.0
136694;771428;2022-06-29;FRC;V25;;;0;0;0.0;;;0.0;0.0;0.0;0.0;0.0;4.35;0.0;0.0
136695;771429;2022-06-29;FRC;F26;;;2;168;18923782.0;;;4.37;4.37;4.37;4.37;4.37;4.37;0.0;0.0
136696;771430;2022-06-29;FRC;J26;;;0;0;0.0;;;0.0;0.0;0.0;0.0;0.0;4.38;0.0;0.0
136697;771431;2022-06-29;FRC;N26;;;5;925;103223511.0;;;4.35;4.35;4.35;4.35;4.35;4.35;0.0;0.0
136698;771432;2022-06-29;FRC;V26;;;2;922;42018073.0;;;4.37;4.36;4.37;4.36;4.36;4.37;0.0;0.0
136699;771433;2022-06-29;FRC;F27;;;3;1449;159730762.0;;;4.42;4.41;4.42;4.41;4.41;4.41;0.0;4.41
136700;771434;2022-06-29;FRC;J27;;;0;0;0.0;;;0.0;0.0;0.0;0.0;0.0;4.45;0.0;0.0
136701;771435;2022-06-29;FRC;F28;;;0;0;0.0;;;0.0;0.0;0.0;0.0;0.0;4.51;0.0;0.0
136702;771436;2022-06-29;FRC;F29;;;1;177;18660342.0;;;4.58;4.58;4.58;4.58;4.58;4.6;0.0;0.0
136703;771437;2022-06-29;FRC;F30;;;0;0;0.0;;;0.0;0.0;0.0;0.0;0.0;4.69;0.0;0.0
136704;771438;2022-06-29;FRC;F31;;;5;855;85861749.0;;;4.82;4.82;4.82;4.82;4.82;4.82;0.0;0.0
136705;771439;2022-06-29;FRC;F32;;;0;0;0.0;;;0.0;0.0;0.0;0.0;0.0;4.93;0.0;0.0
136706;771440;2022-06-29;FRC;F33;;;1;494;19312960.0;;;5.17;5.17;5.17;5.17;5.17;5.08;0.0;0.0
136707;771441;2022-06-29;FRC;F34;;;0;0;0.0;;;0.0;0.0;0.0;0.0;0.0;5.21;0.0;0.0
136708;771442;2022-06-29;FRC;F35;;;0;0;0.0;;;0.0;0.0;0.0;0.0;0.0;5.31;0.0;0.0
136709;771443;2022-06-29;FRC;F36;;;0;0;0.0;;;0.0;0.0;0.0;0.0;0.0;5.45;0.0;0.0
136710;771444;2022-06-29;FRC;F37;;;0;0;0.0;;;0.0;0.0;0.0;0.0;0.0;5.57;0.0;0.0
136711;771619;2022-06-30;FRC;U22;;;51;59838;2980099543.0;;;2.97;2.87;2.97;2.87;2.87;2.87;2.87;0.0
136712;771620;2022-06-30;FRC;V22;;;16;6261;757491590.0;;;3.13;3.0;3.13;3.01;3.0;3.0;3.0;0.0
136713;771621;2022-06-30;FRC;X22;;;26;10573;524903285.0;;;3.39;3.28;3.39;3.3;3.28;3.28;3.28;0.0
136714;771622;2022-06-30;FRC;Z22;;;24;19311;957122678.0;;;3.57;3.44;3.57;3.44;3.44;3.44;3.44;0.0
136715;771623;2022-06-30;FRC;F23;;;13;17325;2083807150.0;;;3.78;3.66;3.78;3.67;3.66;3.66;3.66;0.0
136716;771624;2022-06-30;FRC;G23;;;11;13072;645219769.0;;;3.84;3.84;3.86;3.84;3.84;3.84;3.84;0.0
136717;771625;2022-06-30;FRC;H23;;;11;8226;405333961.0;;;3.93;3.9;3.93;3.91;3.9;3.93;3.92;0.0
136718;771626;2022-06-30;FRC;J23;;;15;6846;818528387.0;;;4.19;4.04;4.19;4.04;4.04;4.04;0.0;0.0
136719;771627;2022-06-30;FRC;K23;;;7;2147;105329611.0;;;4.3;4.13;4.3;4.17;4.13;4.13;0.0;0.0
136720;771628;2022-06-30;FRC;M23;;;8;3675;179942330.0;;;4.37;4.22;4.37;4.22;4.22;4.22;0.0;0.0
136721;771629;2022-06-30;FRC;N23;;;17;11241;1336048194.0;;;4.37;4.22;4.37;4.22;4.22;4.22;0.0;0.0
136722;771630;2022-06-30;FRC;V23;;;26;12720;1502908933.0;;;4.49;4.33;4.49;4.33;4.33;4.33;0.0;0.0
136723;771631;2022-06-30;FRC;F24;;;8;1319;155026028.0;;;4.48;4.35;4.48;4.35;4.35;4.35;0.0;0.0
136724;771632;2022-06-30;FRC;J24;;;4;522;60996879.0;;;4.42;4.31;4.42;4.32;4.31;4.31;0.0;0.0
136725;771633;2022-06-30;FRC;N24;;;4;499;58121729.0;;;4.38;4.27;4.38;4.28;4.27;4.27;0.0;0.0
136726;771634;2022-06-30;FRC;V24;;;2;57;2711131.0;;;4.36;4.24;4.36;4.32;4.24;4.24;0.0;0.0
136727;771635;2022-06-30;FRC;F25;;;5;1944;223956925.0;;;4.36;4.22;4.36;4.23;4.22;4.22;4.22;0.0
136728;771636;2022-06-30;FRC;J25;;;2;95;4475892.0;;;4.35;4.2;4.35;4.29;4.2;4.2;0.0;0.0
136729;771637;2022-06-30;FRC;N25;;;3;246;28054899.0;;;4.35;4.18;4.35;4.19;4.18;4.18;0.0;0.0
136730;771638;2022-06-30;FRC;V25;;;1;188;8780757.0;;;4.18;4.18;4.18;4.18;4.18;4.18;0.0;0.0
136731;771639;2022-06-30;FRC;F26;;;12;2471;279249880.0;;;4.37;4.18;4.37;4.19;4.18;4.18;0.0;0.0
136732;771640;2022-06-30;FRC;J26;;;1;187;8650808.0;;;4.18;4.18;4.18;4.18;4.18;4.18;0.0;0.0
136733;771641;2022-06-30;FRC;N26;;;1;19;2102137.0;;;4.15;4.15;4.15;4.15;4.15;4.15;0.0;0.0
136734;771642;2022-06-30;FRC;V26;;;5;1110;50850027.0;;;4.17;4.17;4.17;4.17;4.17;4.17;0.0;0.0
136735;771643;2022-06-30;FRC;F27;;;19;4858;538467180.0;;;4.41;4.19;4.41;4.19;4.19;4.19;0.0;4.27
136736;771644;2022-06-30;FRC;J27;;;0;0;0.0;;;0.0;0.0;0.0;0.0;0.0;4.23;0.0;0.0
136737;771645;2022-06-30;FRC;N27;;;0;0;0.0;;;0.0;0.0;0.0;0.0;0.0;4.25;0.0;0.0
136738;771646;2022-06-30;FRC;F28;;;20;3529;382543300.0;;;4.51;4.29;4.51;4.29;4.29;4.29;0.0;0.0
136739;771647;2022-06-30;FRC;F29;;;3;177;18699440.0;;;4.6;4.52;4.6;4.54;4.52;4.38;0.0;4.45
136740;771648;2022-06-30;FRC;F30;;;1;52;5367125.0;;;4.69;4.69;4.69;4.69;4.69;4.46;0.0;0.0
136741;771649;2022-06-30;FRC;F31;;;6;961;97252390.0;;;4.82;4.59;4.82;4.63;4.59;4.59;0.0;0.0
136742;771650;2022-06-30;FRC;F32;;;0;0;0.0;;;0.0;0.0;0.0;0.0;0.0;4.7;0.0;0.0
136743;771651;2022-06-30;FRC;F33;;;1;182;7176566.0;;;5.0;5.0;5.0;5.0;5.0;4.85;0.0;0.0
136744;771652;2022-06-30;FRC;F34;;;0;0;0.0;;;0.0;0.0;0.0;0.0;0.0;4.98;0.0;0.0
136745;771653;2022-06-30;FRC;F35;;;0;0;0.0;;;0.0;0.0;0.0;0.0;0.0;5.08;0.0;0.0
136746;771654;2022-06-30;FRC;F36;;;0;0;0.0;;;0.0;0.0;0.0;0.0;0.0;5.22;0.0;0.0
136747;771655;2022-06-30;FRC;F37;;;0;0;0.0;;;0.0;0.0;0.0;0.0;0.0;5.34;0.0;0.0
136748;771830;2022-07-01;FRC;U22;;;30;12331;618146417.0;;;2.87;2.8;2.87;2.85;2.87;2.87;0.0;0.0
136749;771831;2022-07-01;FRC;V22;;;33;11039;1339876545.0;;;3.0;2.93;3.0;2.96;2.98;2.98;0.0;0.0
136750;771832;2022-07-01;FRC;X22;;;16;6753;337487670.0;;;3.28;3.24;3.28;3.24;3.24;3.24;0.0;0.0
136751;771833;2022-07-01;FRC;Z22;;;3;279;13919978.0;;;3.44;3.4;3.44;3.41;3.4;3.4;0.0;0.0
136752;771834;2022-07-01;FRC;F23;;;23;13888;1675637196.0;;;3.66;3.62;3.66;3.62;3.62;3.62;0.0;0.0
136753;771835;2022-07-01;FRC;G23;;;19;7544;374886108.0;;;3.8;3.77;3.8;3.77;3.77;3.77;0.0;0.0
136754;771836;2022-07-01;FRC;H23;;;0;0;0.0;;;0.0;0.0;0.0;0.0;0.0;3.86;3.85;0.0
136755;771837;2022-07-01;FRC;J23;;;20;6710;804722322.0;;;4.04;3.94;4.04;3.96;3.96;3.96;0.0;0.0
136756;771838;2022-07-01;FRC;K23;;;8;1104;54549388.0;;;4.13;4.0;4.13;4.03;4.04;4.04;0.0;0.0
136757;771839;2022-07-01;FRC;M23;;;8;1772;87369932.0;;;4.14;4.14;4.14;4.14;4.14;4.14;0.0;4.14
136758;771840;2022-07-01;FRC;N23;;;19;3650;435260229.0;;;4.22;4.09;4.22;4.12;4.13;4.13;0.0;4.13
136759;771841;2022-07-01;FRC;V23;;;11;1990;235997107.0;;;4.33;4.19;4.33;4.23;4.23;4.23;0.0;0.0
136760;771842;2022-07-01;FRC;F24;;;16;3866;455983535.0;;;4.35;4.17;4.35;4.21;4.21;4.21;0.0;0.0
136761;771843;2022-07-01;FRC;J24;;;9;1758;206573251.0;;;4.31;4.14;4.31;4.14;4.15;4.14;0.0;0.0
136762;771844;2022-07-01;FRC;N24;;;9;2408;281549273.0;;;4.27;4.07;4.27;4.07;4.07;4.07;4.07;0.0
136763;771845;2022-07-01;FRC;V24;;;1;77;3691906.0;;;4.24;4.24;4.24;4.24;4.24;4.04;0.0;0.0
136764;771846;2022-07-01;FRC;F25;;;9;4412;510880540.0;;;4.22;4.03;4.22;4.03;4.03;4.03;0.0;0.0
136765;771847;2022-07-01;FRC;J25;;;1;76;3608243.0;;;4.2;4.2;4.2;4.2;4.2;4.02;0.0;0.0
136766;771848;2022-07-01;FRC;N25;;;1;189;21713711.0;;;4.01;4.01;4.01;4.01;4.01;4.01;0.0;0.0
136767;771849;2022-07-01;FRC;V25;;;0;0;0.0;;;0.0;0.0;0.0;0.0;0.0;4.0;0.0;0.0
136768;771850;2022-07-01;FRC;F26;;;16;5167;587287395.0;;;4.18;3.99;4.18;3.99;3.99;3.99;0.0;3.99
136769;771851;2022-07-01;FRC;J26;;;0;0;0.0;;;0.0;0.0;0.0;0.0;0.0;4.0;0.0;0.0
136770;771852;2022-07-01;FRC;N26;;;0;0;0.0;;;0.0;0.0;0.0;0.0;0.0;3.98;0.0;0.0
136771;771853;2022-07-01;FRC;V26;;;0;0;0.0;;;0.0;0.0;0.0;0.0;0.0;4.02;3.99;0.0
136772;771854;2022-07-01;FRC;F27;;;11;2144;238755715.0;;;4.19;4.02;4.19;4.05;4.02;4.05;0.0;0.0
136773;771855;2022-07-01;FRC;J27;;;1;18;821700.0;;;4.09;4.09;4.09;4.09;4.09;4.09;0.0;0.0
136774;771856;2022-07-01;FRC;N27;;;0;0;0.0;;;0.0;0.0;0.0;0.0;0.0;4.1;0.0;0.0
136775;771857;2022-07-01;FRC;F28;;;3;434;47412546.0;;;4.29;4.14;4.29;4.16;4.14;4.14;0.0;0.0
136776;771858;2022-07-01;FRC;F29;;;2;54;5719730.0;;;4.38;4.23;4.38;4.33;4.23;4.23;0.0;4.25
136777;771859;2022-07-01;FRC;F30;;;1;17;1795711.0;;;4.46;4.46;4.46;4.46;4.46;4.3;0.0;0.0
136778;771860;2022-07-01;FRC;F31;;;12;2109;215390652.0;;;4.59;4.43;4.59;4.43;4.43;4.43;0.0;0.0
136779;771861;2022-07-01;FRC;F32;;;0;0;0.0;;;0.0;0.0;0.0;0.0;0.0;4.54;0.0;0.0
136780;771862;2022-07-01;FRC;F33;;;0;0;0.0;;;0.0;0.0;0.0;0.0;0.0;4.69;0.0;0.0
136781;771863;2022-07-01;FRC;F34;;;0;0;0.0;;;0.0;0.0;0.0;0.0;0.0;4.88;0.0;0.0
136782;771864;2022-07-01;FRC;F35;;;0;0;0.0;;;0.0;0.0;0.0;0.0;0.0;4.98;0.0;0.0
136783;771865;2022-07-01;FRC;F36;;;0;0;0.0;;;0.0;0.0;0.0;0.0;0.0;5.12;0.0;0.0
136784;771866;2022-07-01;FRC;F37;;;0;0;0.0;;;0.0;0.0;0.0;0.0;0.0;5.24;0.0;0.0
136785;772037;2022-07-04;FRC;U22;;;8;13265;661540522.0;;;2.87;2.87;2.91;2.9;2.91;2.91;0.0;0.0
136786;772038;2022-07-04;FRC;V22;;;29;11477;1390345551.0;;;2.98;2.96;3.0;2.96;3.0;3.02;0.0;0.0
136787;772039;2022-07-04;FRC;X22;;;14;6851;340622569.0;;;3.24;3.24;3.28;3.27;3.27;3.28;0.0;0.0
136788;772040;2022-07-04;FRC;Z22;;;10;6007;298161954.0;;;3.4;3.4;3.43;3.42;3.43;3.43;3.42;0.0
136789;772041;2022-07-04;FRC;F23;;;16;9265;1115604325.0;;;3.62;3.62;3.65;3.64;3.65;3.65;0.0;0.0
136790;772042;2022-07-04;FRC;G23;;;0;0;0.0;;;0.0;0.0;0.0;0.0;0.0;3.8;3.79;0.0
136791;772043;2022-07-04;FRC;H23;;;3;990;48858127.0;;;3.89;3.89;3.89;3.89;3.89;3.89;0.0;0.0
136792;772044;2022-07-04;FRC;J23;;;2;6000;718215722.0;;;3.96;3.95;3.96;3.95;3.95;3.98;3.98;0.0
136793;772045;2022-07-04;FRC;K23;;;10;7092;348624112.0;;;4.03;4.03;4.05;4.04;4.05;4.05;0.0;0.0
136794;772046;2022-07-04;FRC;M23;;;10;8063;395547749.0;;;4.12;4.12;4.14;4.13;4.14;4.14;0.0;4.14
136795;772047;2022-07-04;FRC;N23;;;10;2257;268592368.0;;;4.13;4.13;4.14;4.13;4.14;4.14;0.0;0.0
136796;772048;2022-07-04;FRC;V23;;;5;1425;168636771.0;;;4.23;4.22;4.23;4.22;4.22;4.22;0.0;0.0
136797;772049;2022-07-04;FRC;F24;;;10;2953;347604481.0;;;4.21;4.21;4.22;4.21;4.22;4.22;0.0;4.22
136798;772050;2022-07-04;FRC;J24;;;1;19;2250042.0;;;4.14;4.14;4.14;4.14;4.14;4.15;0.0;0.0
136799;772051;2022-07-04;FRC;N24;;;9;2177;254019239.0;;;4.07;4.07;4.08;4.07;4.08;4.08;0.0;0.0
136800;772052;2022-07-04;FRC;V24;;;1;19;907683.0;;;4.04;4.04;4.04;4.04;4.04;4.05;0.0;0.0
136801;772053;2022-07-04;FRC;F25;;;10;2044;236204548.0;;;4.03;4.03;4.04;4.03;4.04;4.04;0.0;0.0
136802;772054;2022-07-04;FRC;J25;;;1;57;2698507.0;;;4.02;4.02;4.02;4.02;4.02;4.03;0.0;0.0
136803;772055;2022-07-04;FRC;N25;;;2;378;43335093.0;;;4.02;4.02;4.02;4.02;4.02;4.02;0.0;0.0
136804;772056;2022-07-04;FRC;V25;;;0;0;0.0;;;0.0;0.0;0.0;0.0;0.0;4.01;0.0;0.0
136805;772057;2022-07-04;FRC;F26;;;3;414;46928482.0;;;3.99;3.99;3.99;3.99;3.99;3.99;0.0;3.99
136806;772058;2022-07-04;FRC;J26;;;0;0;0.0;;;0.0;0.0;0.0;0.0;0.0;4.0;0.0;0.0
136807;772059;2022-07-04;FRC;N26;;;0;0;0.0;;;0.0;0.0;0.0;0.0;0.0;3.98;0.0;0.0
136808;772060;2022-07-04;FRC;V26;;;0;0;0.0;;;0.0;0.0;0.0;0.0;0.0;4.02;4.0;0.0
136809;772061;2022-07-04;FRC;F27;;;2;314;34913511.0;;;4.05;4.05;4.05;4.05;4.05;4.06;0.0;0.0
136810;772062;2022-07-04;FRC;J27;;;0;0;0.0;;;0.0;0.0;0.0;0.0;0.0;4.1;0.0;0.0
136811;772063;2022-07-04;FRC;N27;;;0;0;0.0;;;0.0;0.0;0.0;0.0;0.0;4.11;0.0;0.0
136812;772064;2022-07-04;FRC;F28;;;1;36;3938660.0;;;4.14;4.14;4.14;4.14;4.14;4.15;0.0;0.0
136813;772065;2022-07-04;FRC;F29;;;1;54;5731608.0;;;4.23;4.23;4.23;4.23;4.23;4.25;0.0;0.0
136814;772066;2022-07-04;FRC;F30;;;5;718;75015577.0;;;4.3;4.3;4.32;4.31;4.32;4.32;0.0;0.0
136815;772067;2022-07-04;FRC;F31;;;3;379;38687151.0;;;4.43;4.43;4.44;4.43;4.44;4.44;0.0;0.0
136816;772068;2022-07-04;FRC;F32;;;2;1018;41733449.0;;;4.56;4.56;4.56;4.56;4.56;4.56;0.0;0.0
136817;772069;2022-07-04;FRC;F33;;;0;0;0.0;;;0.0;0.0;0.0;0.0;0.0;4.73;0.0;0.0
136818;772070;2022-07-04;FRC;F34;;;5;820;31864851.0;;;4.93;4.93;4.93;4.93;4.93;4.93;0.0;0.0
136819;772071;2022-07-04;FRC;F35;;;0;0;0.0;;;0.0;0.0;0.0;0.0;0.0;5.03;0.0;0.0
136820;772072;2022-07-04;FRC;F36;;;0;0;0.0;;;0.0;0.0;0.0;0.0;0.0;5.17;0.0;0.0
136821;772073;2022-07-04;FRC;F37;;;0;0;0.0;;;0.0;0.0;0.0;0.0;0.0;5.29;0.0;0.0
136822;772243;2022-07-05;FRC;U22;;;73;36612;1840804771.0;;;2.91;2.87;2.91;2.88;2.88;2.88;0.0;2.88
136823;772244;2022-07-05;FRC;V22;;;38;89324;10850274306.0;;;3.0;2.97;3.01;2.98;2.97;2.97;2.97;0.0
136824;772245;2022-07-05;FRC;X22;;;31;64258;3221122711.0;;;3.27;3.22;3.27;3.23;3.23;3.23;3.23;0.0
136825;772246;2022-07-05;FRC;Z22;;;17;3179;159092198.0;;;3.39;3.38;3.39;3.38;3.38;3.38;3.38;0.0
136826;772247;2022-07-05;FRC;F23;;;20;21612;2611031386.0;;;3.66;3.57;3.66;3.61;3.62;3.62;3.62;0.0
136827;772248;2022-07-05;FRC;G23;;;16;12083;602265584.0;;;3.76;3.76;3.78;3.77;3.78;3.78;3.78;0.0
136828;772249;2022-07-05;FRC;H23;;;2;79;3930763.0;;;3.88;3.86;3.88;3.86;3.86;3.87;3.87;0.0
136829;772250;2022-07-05;FRC;J23;;;41;6498;781477942.0;;;3.93;3.93;3.97;3.96;3.97;3.97;3.97;0.0
136830;772251;2022-07-05;FRC;K23;;;4;985;48818074.0;;;4.03;4.03;4.03;4.03;4.03;4.03;4.01;0.0
136831;772252;2022-07-05;FRC;M23;;;12;6097;301585891.0;;;4.1;4.1;4.1;4.1;4.1;4.1;0.0;0.0
136832;772253;2022-07-05;FRC;N23;;;15;12153;1451171004.0;;;4.13;4.1;4.13;4.11;4.1;4.1;4.15;0.0
136833;772254;2022-07-05;FRC;V23;;;18;8926;1059828688.0;;;4.21;4.17;4.21;4.19;4.18;4.18;4.18;0.0
136834;772255;2022-07-05;FRC;F24;;;20;4176;493493627.0;;;4.18;4.18;4.19;4.18;4.19;4.19;4.19;0.0
136835;772256;2022-07-05;FRC;J24;;;4;792;93243087.0;;;4.12;4.12;4.12;4.12;4.12;4.12;4.11;0.0
136836;772257;2022-07-05;FRC;N24;;;7;1543;180645451.0;;;4.04;4.04;4.04;4.04;4.04;4.04;0.0;0.0
136837;772258;2022-07-05;FRC;V24;;;8;1363;65704142.0;;;4.05;4.0;4.05;4.0;4.0;4.0;0.0;0.0
136838;772259;2022-07-05;FRC;F25;;;6;1356;157394067.0;;;4.04;3.99;4.04;3.99;3.99;3.99;0.0;0.0
136839;772260;2022-07-05;FRC;J25;;;0;0;0.0;;;0.0;0.0;0.0;0.0;0.0;3.98;0.0;0.0
136840;772261;2022-07-05;FRC;N25;;;2;380;43640232.0;;;3.96;3.96;3.96;3.96;3.96;3.96;3.96;0.0
136841;772262;2022-07-05;FRC;V25;;;1;189;8944121.0;;;3.96;3.96;3.96;3.96;3.96;3.96;0.0;0.0
136842;772263;2022-07-05;FRC;F26;;;2;376;42853151.0;;;3.93;3.93;3.93;3.93;3.93;3.93;3.93;0.0
136843;772264;2022-07-05;FRC;J26;;;0;0;0.0;;;0.0;0.0;0.0;0.0;0.0;3.94;0.0;0.0
136844;772265;2022-07-05;FRC;N26;;;3;558;63112546.0;;;3.93;3.93;3.93;3.93;3.93;3.93;0.0;0.0
136845;772266;2022-07-05;FRC;V26;;;0;0;0.0;;;0.0;0.0;0.0;0.0;0.0;3.96;3.95;0.0
136846;772267;2022-07-05;FRC;F27;;;15;6524;728464608.0;;;4.03;3.99;4.03;4.01;3.99;3.99;3.99;0.0
136847;772268;2022-07-05;FRC;J27;;;0;0;0.0;;;0.0;0.0;0.0;0.0;0.0;4.03;0.0;0.0
136848;772269;2022-07-05;FRC;N27;;;1;3479;158937499.0;;;4.08;4.08;4.08;4.08;4.08;4.04;4.04;0.0
136849;772270;2022-07-05;FRC;F28;;;0;0;0.0;;;0.0;0.0;0.0;0.0;0.0;4.09;0.0;0.0
136850;772271;2022-07-05;FRC;F29;;;9;1468;156992233.0;;;4.2;4.2;4.2;4.2;4.2;4.2;4.2;0.0
136851;772272;2022-07-05;FRC;F30;;;1;176;18427847.0;;;4.29;4.29;4.29;4.29;4.29;4.29;0.0;0.0
136852;772273;2022-07-05;FRC;F31;;;2;346;35431856.0;;;4.4;4.4;4.4;4.4;4.4;4.4;4.4;0.0
136853;772274;2022-07-05;FRC;F32;;;1;170;7036227.0;;;4.53;4.53;4.53;4.53;4.53;4.53;0.0;0.0
136854;772275;2022-07-05;FRC;F33;;;0;0;0.0;;;0.0;0.0;0.0;0.0;0.0;4.71;0.0;0.0
136855;772276;2022-07-05;FRC;F34;;;2;328;12854872.0;;;4.92;4.92;4.92;4.92;4.92;4.92;0.0;0.0
136856;772277;2022-07-05;FRC;F35;;;0;0;0.0;;;0.0;0.0;0.0;0.0;0.0;5.02;0.0;0.0
136857;772278;2022-07-05;FRC;F36;;;0;0;0.0;;;0.0;0.0;0.0;0.0;0.0;5.16;0.0;0.0
136858;772279;2022-07-05;FRC;F37;;;0;0;0.0;;;0.0;0.0;0.0;0.0;0.0;5.28;0.0;0.0
136859;772449;2022-07-06;FRC;U22;;;19;18920;945542001.0;;;2.88;2.83;2.88;2.84;2.84;2.84;2.84;0.0
136860;772450;2022-07-06;FRC;V22;;;19;35210;4266468043.0;;;3.0;2.96;3.0;2.96;2.96;2.96;2.95;0.0
136861;772451;2022-07-06;FRC;X22;;;21;19522;972652695.0;;;3.23;3.23;3.25;3.24;3.25;3.25;0.0;0.0
136862;772452;2022-07-06;FRC;Z22;;;8;3083;153345870.0;;;3.4;3.4;3.42;3.41;3.42;3.42;0.0;0.0
136863;772453;2022-07-06;FRC;F23;;;26;9898;1193063025.0;;;3.62;3.62;3.67;3.65;3.66;3.66;0.0;0.0
136864;772454;2022-07-06;FRC;G23;;;5;1188;58841195.0;;;3.87;3.87;3.87;3.87;3.87;3.87;0.0;0.0
136865;772455;2022-07-06;FRC;H23;;;2;593;29318887.0;;;3.96;3.96;3.96;3.96;3.96;3.96;3.98;0.0
136866;772456;2022-07-06;FRC;J23;;;0;0;0.0;;;0.0;0.0;0.0;0.0;0.0;4.07;0.0;0.0
136867;772457;2022-07-06;FRC;K23;;;9;5199;256010740.0;;;4.07;4.07;4.13;4.12;4.13;4.13;4.15;0.0
136868;772458;2022-07-06;FRC;M23;;;8;2007;98628674.0;;;4.21;4.21;4.21;4.21;4.21;4.21;0.0;0.0
136869;772459;2022-07-06;FRC;N23;;;21;18228;2170592209.0;;;4.17;4.16;4.22;4.2;4.22;4.22;4.2;0.0
136870;772460;2022-07-06;FRC;V23;;;15;8389;993420936.0;;;4.29;4.29;4.29;4.29;4.29;4.29;0.0;4.35
136871;772461;2022-07-06;FRC;F24;;;45;4642;546820221.0;;;4.14;4.14;4.3;4.25;4.3;4.3;4.28;0.0
136872;772462;2022-07-06;FRC;J24;;;3;579;67928768.0;;;4.24;4.24;4.24;4.24;4.24;4.24;0.0;0.0
136873;772463;2022-07-06;FRC;N24;;;8;1562;182146222.0;;;4.15;4.15;4.15;4.15;4.15;4.15;0.0;0.0
136874;772464;2022-07-06;FRC;V24;;;5;1151;55078921.0;;;4.12;4.12;4.12;4.12;4.12;4.12;0.0;0.0
136875;772465;2022-07-06;FRC;F25;;;16;4602;531469587.0;;;4.14;4.13;4.14;4.13;4.13;4.14;4.14;0.0
136876;772466;2022-07-06;FRC;J25;;;3;285;13535594.0;;;3.93;3.93;3.93;3.93;3.93;4.13;0.0;0.0
136877;772467;2022-07-06;FRC;N25;;;1;19;2169684.0;;;4.11;4.11;4.11;4.11;4.11;4.11;0.0;0.0
136878;772468;2022-07-06;FRC;V25;;;0;0;0.0;;;0.0;0.0;0.0;0.0;0.0;4.11;0.0;0.0
136879;772469;2022-07-06;FRC;F26;;;8;1016;115140628.0;;;3.88;3.88;4.08;4.04;4.08;4.08;4.07;0.0
136880;772470;2022-07-06;FRC;J26;;;1;19;884454.0;;;4.09;4.09;4.09;4.09;4.09;4.09;0.0;0.0
136881;772471;2022-07-06;FRC;N26;;;1;37;4169864.0;;;4.08;4.08;4.08;4.08;4.08;4.08;0.0;0.0
136882;772472;2022-07-06;FRC;V26;;;4;1116;51582347.0;;;3.9;3.9;3.9;3.9;3.9;4.11;0.0;0.0
136883;772473;2022-07-06;FRC;F27;;;12;2357;262120410.0;;;4.02;4.02;4.14;4.13;4.14;4.14;4.14;0.0
136884;772474;2022-07-06;FRC;J27;;;1;73;3321264.0;;;4.18;4.18;4.18;4.18;4.18;4.18;0.0;0.0
136885;772475;2022-07-06;FRC;N27;;;0;0;0.0;;;0.0;0.0;0.0;0.0;0.0;4.19;0.0;0.0
136886;772476;2022-07-06;FRC;F28;;;4;1125;122609312.0;;;4.12;4.12;4.24;4.15;4.24;4.24;0.0;0.0
136887;772477;2022-07-06;FRC;F29;;;12;2065;219738047.0;;;4.2;4.2;4.34;4.33;4.34;4.34;0.0;0.0
136888;772478;2022-07-06;FRC;F30;;;2;314;32724444.0;;;4.44;4.44;4.44;4.44;4.44;4.44;0.0;0.0
136889;772479;2022-07-06;FRC;F31;;;2;310;31505885.0;;;4.55;4.55;4.55;4.55;4.55;4.55;4.55;0.0
136890;772480;2022-07-06;FRC;F32;;;1;339;13922995.0;;;4.56;4.56;4.56;4.56;4.56;4.69;0.0;0.0
136891;772481;2022-07-06;FRC;F33;;;0;0;0.0;;;0.0;0.0;0.0;0.0;0.0;4.87;0.0;0.0
136892;772482;2022-07-06;FRC;F34;;;2;326;12597471.0;;;5.09;5.09;5.09;5.09;5.09;5.09;0.0;0.0
136893;772483;2022-07-06;FRC;F35;;;0;0;0.0;;;0.0;0.0;0.0;0.0;0.0;5.24;0.0;0.0
136894;772484;2022-07-06;FRC;F36;;;1;158;5789625.0;;;5.38;5.38;5.38;5.38;5.38;5.38;0.0;0.0
136895;772485;2022-07-06;FRC;F37;;;0;0;0.0;;;0.0;0.0;0.0;0.0;0.0;5.5;0.0;0.0
136896;772655;2022-07-07;FRC;U22;;;18;19519;965463399.0;;;2.84;2.84;2.87;2.86;2.87;2.87;2.85;2.87
136897;772656;2022-07-07;FRC;V22;;;65;24869;3002751528.0;;;2.96;2.95;2.99;2.97;2.99;2.99;2.97;0.0
136898;772657;2022-07-07;FRC;X22;;;19;10018;493991816.0;;;3.28;3.28;3.28;3.28;3.28;3.28;0.0;3.3
136899;772658;2022-07-07;FRC;Z22;;;20;10700;526703042.0;;;3.47;3.47;3.47;3.47;3.47;3.47;0.0;3.48
136900;772659;2022-07-07;FRC;F23;;;22;33575;4028844638.0;;;3.66;3.66;3.7;3.68;3.68;3.68;0.0;0.0
136901;772660;2022-07-07;FRC;G23;;;12;7227;354227623.0;;;3.87;3.87;3.93;3.92;3.93;3.93;0.0;0.0
136902;772661;2022-07-07;FRC;H23;;;7;2807;137333247.0;;;3.98;3.98;4.03;4.02;4.03;4.03;0.0;0.0
136903;772662;2022-07-07;FRC;J23;;;11;5881;701112544.0;;;4.07;4.07;4.13;4.11;4.13;4.12;4.12;0.0
136904;772663;2022-07-07;FRC;K23;;;13;9116;444152827.0;;;4.13;4.13;4.21;4.2;4.21;4.21;0.0;0.0
136905;772664;2022-07-07;FRC;M23;;;7;3539;172078591.0;;;4.28;4.28;4.28;4.28;4.28;4.28;0.0;0.0
136906;772665;2022-07-07;FRC;N23;;;31;29755;3527159151.0;;;4.22;4.21;4.3;4.28;4.29;4.29;0.0;0.0
136907;772666;2022-07-07;FRC;V23;;;9;5657;666697270.0;;;4.29;4.29;4.37;4.36;4.32;4.36;4.33;4.37
136908;772667;2022-07-07;FRC;F24;;;17;9022;1057683615.0;;;4.3;4.3;4.4;4.36;4.37;4.37;0.0;0.0
136909;772668;2022-07-07;FRC;J24;;;3;637;74355414.0;;;4.24;4.24;4.31;4.3;4.31;4.31;0.0;0.0
136910;772669;2022-07-07;FRC;N24;;;16;5039;585364078.0;;;4.15;4.15;4.23;4.22;4.23;4.23;0.0;0.0
136911;772670;2022-07-07;FRC;V24;;;1;58;2747852.0;;;4.12;4.12;4.12;4.12;4.12;4.22;0.0;0.0
136912;772671;2022-07-07;FRC;F25;;;13;3967;455918314.0;;;4.14;4.14;4.22;4.21;4.22;4.22;0.0;0.0
136913;772672;2022-07-07;FRC;J25;;;5;1216;56958074.0;;;4.13;4.13;4.22;4.21;4.22;4.22;0.0;0.0
136914;772673;2022-07-07;FRC;N25;;;3;303;34485749.0;;;4.11;4.11;4.17;4.15;4.17;4.17;4.17;0.0
136915;772674;2022-07-07;FRC;V25;;;0;0;0.0;;;0.0;0.0;0.0;0.0;0.0;4.18;0.0;0.0
136916;772675;2022-07-07;FRC;F26;;;6;768;86663253.0;;;4.08;4.08;4.16;4.14;4.16;4.16;0.0;0.0
136917;772676;2022-07-07;FRC;J26;;;0;0;0.0;;;0.0;0.0;0.0;0.0;0.0;4.17;0.0;0.0
136918;772677;2022-07-07;FRC;N26;;;2;38;4197247.0;;;4.08;4.08;4.16;4.12;4.16;4.15;0.0;0.0
136919;772678;2022-07-07;FRC;V26;;;0;0;0.0;;;0.0;0.0;0.0;0.0;0.0;4.18;0.0;0.0
136920;772679;2022-07-07;FRC;F27;;;10;1471;162787205.0;;;4.14;4.14;4.2;4.18;4.2;4.2;0.0;0.0
136921;772680;2022-07-07;FRC;J27;;;1;55;2476885.0;;;4.2;4.2;4.2;4.2;4.2;4.25;0.0;0.0
136922;772681;2022-07-07;FRC;N27;;;0;0;0.0;;;0.0;0.0;0.0;0.0;0.0;4.26;0.0;0.0
136923;772682;2022-07-07;FRC;F28;;;5;652;70417959.0;;;4.24;4.24;4.33;4.31;4.33;4.33;0.0;0.0
136924;772683;2022-07-07;FRC;F29;;;3;426;45035284.0;;;4.34;4.34;4.45;4.43;4.45;4.45;0.0;0.0
136925;772684;2022-07-07;FRC;F30;;;3;296;30604448.0;;;4.44;4.44;4.57;4.54;4.57;4.57;0.0;0.0
136926;772685;2022-07-07;FRC;F31;;;6;890;89789525.0;;;4.55;4.55;4.7;4.67;4.7;4.7;0.0;0.0
136927;772686;2022-07-07;FRC;F32;;;0;0;0.0;;;0.0;0.0;0.0;0.0;0.0;4.84;0.0;0.0
136928;772687;2022-07-07;FRC;F33;;;0;0;0.0;;;0.0;0.0;0.0;0.0;0.0;5.02;0.0;0.0
136929;772688;2022-07-07;FRC;F34;;;0;0;0.0;;;0.0;0.0;0.0;0.0;0.0;5.24;0.0;0.0
136930;772689;2022-07-07;FRC;F35;;;0;0;0.0;;;0.0;0.0;0.0;0.0;0.0;5.39;0.0;0.0
136931;772690;2022-07-07;FRC;F36;;;0;0;0.0;;;0.0;0.0;0.0;0.0;0.0;5.53;0.0;0.0
136932;772691;2022-07-07;FRC;F37;;;0;0;0.0;;;0.0;0.0;0.0;0.0;0.0;5.65;0.0;0.0
136933;772861;2022-07-08;FRC;U22;;;18;13587;671663397.0;;;2.9;2.87;2.91;2.9;2.91;2.91;2.91;0.0
136934;772862;2022-07-08;FRC;V22;;;19;15397;1857542711.0;;;3.03;3.03;3.05;3.04;3.05;3.05;3.05;3.09
136935;772863;2022-07-08;FRC;X22;;;7;4780;235558365.0;;;3.31;3.31;3.33;3.32;3.33;3.33;3.3;0.0
136936;772864;2022-07-08;FRC;Z22;;;112;15134;744509789.0;;;3.5;3.5;3.52;3.5;3.52;3.51;0.0;0.0
136937;772865;2022-07-08;FRC;F23;;;9;2241;268912285.0;;;3.7;3.7;3.73;3.72;3.73;3.73;0.0;0.0
136938;772866;2022-07-08;FRC;G23;;;10;2277;111531957.0;;;3.97;3.96;3.98;3.97;3.98;3.98;0.0;0.0
136939;772867;2022-07-08;FRC;H23;;;2;99;4840388.0;;;4.07;4.07;4.07;4.07;4.07;4.09;4.09;4.1
136940;772868;2022-07-08;FRC;J23;;;0;0;0.0;;;0.0;0.0;0.0;0.0;0.0;4.18;4.15;0.0
136941;772869;2022-07-08;FRC;K23;;;1;20;973703.0;;;4.3;4.3;4.3;4.3;4.3;4.28;4.26;4.3
136942;772870;2022-07-08;FRC;M23;;;9;2080;101050231.0;;;4.35;4.35;4.35;4.35;4.35;4.35;4.35;0.0
136943;772871;2022-07-08;FRC;N23;;;23;9019;1068615874.0;;;4.35;4.34;4.36;4.35;4.36;4.36;4.35;4.37
136944;772872;2022-07-08;FRC;V23;;;4;1073;126341803.0;;;4.42;4.42;4.44;4.43;4.44;4.44;0.0;4.47
136945;772873;2022-07-08;FRC;F24;;;15;4248;497550977.0;;;4.42;4.42;4.45;4.44;4.45;4.45;0.0;0.0
136946;772874;2022-07-08;FRC;J24;;;1;386;45003478.0;;;4.39;4.39;4.39;4.39;4.39;4.39;0.0;0.0
136947;772875;2022-07-08;FRC;N24;;;3;576;66878263.0;;;4.32;4.32;4.32;4.32;4.32;4.32;0.0;0.0
136948;772876;2022-07-08;FRC;V24;;;0;0;0.0;;;0.0;0.0;0.0;0.0;0.0;4.3;0.0;0.0
136949;772877;2022-07-08;FRC;F25;;;6;1140;131103939.0;;;4.29;4.29;4.29;4.29;4.29;4.29;4.29;0.0
136950;772878;2022-07-08;FRC;J25;;;0;0;0.0;;;0.0;0.0;0.0;0.0;0.0;4.29;0.0;0.0
136951;772879;2022-07-08;FRC;N25;;;1;189;21493513.0;;;4.24;4.24;4.24;4.24;4.24;4.24;0.0;0.0
136952;772880;2022-07-08;FRC;V25;;;0;0;0.0;;;0.0;0.0;0.0;0.0;0.0;4.26;0.0;0.0
136953;772881;2022-07-08;FRC;F26;;;7;1496;168567150.0;;;4.24;4.24;4.24;4.24;4.24;4.24;0.0;0.0
136954;772882;2022-07-08;FRC;J26;;;0;0;0.0;;;0.0;0.0;0.0;0.0;0.0;4.25;0.0;0.0
136955;772883;2022-07-08;FRC;N26;;;0;0;0.0;;;0.0;0.0;0.0;0.0;0.0;4.23;0.0;0.0
136956;772884;2022-07-08;FRC;V26;;;0;0;0.0;;;0.0;0.0;0.0;0.0;0.0;4.25;0.0;0.0
136957;772885;2022-07-08;FRC;F27;;;11;2576;284151461.0;;;4.27;4.27;4.27;4.27;4.27;4.27;4.27;0.0
136958;772886;2022-07-08;FRC;J27;;;0;0;0.0;;;0.0;0.0;0.0;0.0;0.0;4.32;0.0;0.0
136959;772887;2022-07-08;FRC;N27;;;0;0;0.0;;;0.0;0.0;0.0;0.0;0.0;4.33;0.0;0.0
136960;772888;2022-07-08;FRC;F28;;;0;0;0.0;;;0.0;0.0;0.0;0.0;0.0;4.4;0.0;4.45
136961;772889;2022-07-08;FRC;F29;;;0;0;0.0;;;0.0;0.0;0.0;0.0;0.0;4.55;0.0;0.0
136962;772890;2022-07-08;FRC;F30;;;0;0;0.0;;;0.0;0.0;0.0;0.0;0.0;4.65;0.0;0.0
136963;772891;2022-07-08;FRC;F31;;;0;0;0.0;;;0.0;0.0;0.0;0.0;0.0;4.79;0.0;0.0
136964;772892;2022-07-08;FRC;F32;;;0;0;0.0;;;0.0;0.0;0.0;0.0;0.0;4.93;0.0;0.0
136965;772893;2022-07-08;FRC;F33;;;0;0;0.0;;;0.0;0.0;0.0;0.0;0.0;5.12;0.0;0.0
136966;772894;2022-07-08;FRC;F34;;;0;0;0.0;;;0.0;0.0;0.0;0.0;0.0;5.35;0.0;0.0
136967;772895;2022-07-08;FRC;F35;;;1;159;5842936.0;;;5.5;5.5;5.5;5.5;5.5;5.5;0.0;0.0
136968;772896;2022-07-08;FRC;F36;;;0;0;0.0;;;0.0;0.0;0.0;0.0;0.0;5.64;0.0;0.0
136969;772897;2022-07-08;FRC;F37;;;0;0;0.0;;;0.0;0.0;0.0;0.0;0.0;5.76;0.0;0.0
136970;773067;2022-07-11;FRC;U22;;;44;29769;1492335636.0;;;2.91;2.9;2.95;2.91;2.95;2.92;2.92;2.95
136971;773068;2022-07-11;FRC;V22;;;61;21839;2651715270.0;;;3.05;3.01;3.09;3.04;3.06;3.06;3.07;3.09
136972;773069;2022-07-11;FRC;X22;;;22;7565;378064850.0;;;3.31;3.31;3.33;3.32;3.33;3.33;0.0;0.0
136973;773070;2022-07-11;FRC;Z22;;;28;18293;912619314.0;;;3.49;3.49;3.51;3.5;3.51;3.51;3.51;3.52
136974;773071;2022-07-11;FRC;F23;;;50;21646;2612521088.0;;;3.73;3.66;3.73;3.7;3.71;3.71;0.0;0.0
136975;773072;2022-07-11;FRC;G23;;;0;0;0.0;;;0.0;0.0;0.0;0.0;0.0;3.97;0.0;3.97
136976;773073;2022-07-11;FRC;H23;;;2;593;29402300.0;;;4.08;4.08;4.08;4.08;4.08;4.08;4.05;4.08
136977;773074;2022-07-11;FRC;J23;;;7;2131;255501167.0;;;4.18;4.15;4.18;4.15;4.15;4.15;0.0;0.0
136978;773075;2022-07-11;FRC;K23;;;9;6184;305375400.0;;;4.28;4.23;4.28;4.23;4.23;4.23;4.23;0.0
136979;773076;2022-07-11;FRC;M23;;;4;981;48342672.0;;;4.3;4.3;4.3;4.3;4.3;4.3;4.28;4.3
136980;773077;2022-07-11;FRC;N23;;;18;4706;561127323.0;;;4.3;4.3;4.3;4.3;4.3;4.3;4.3;0.0
136981;773078;2022-07-11;FRC;V23;;;8;2067;245012541.0;;;4.44;4.39;4.44;4.39;4.39;4.39;0.0;0.0
136982;773079;2022-07-11;FRC;F24;;;14;2016;237779877.0;;;4.45;4.38;4.45;4.39;4.39;4.39;0.0;0.0
136983;773080;2022-07-11;FRC;J24;;;2;174;20396685.0;;;4.39;4.33;4.39;4.35;4.33;4.33;0.0;0.0
136984;773081;2022-07-11;FRC;N24;;;6;902;105481443.0;;;4.32;4.25;4.32;4.25;4.27;4.25;0.0;0.0
136985;773082;2022-07-11;FRC;V24;;;1;57;2729966.0;;;4.3;4.3;4.3;4.3;4.3;4.23;0.0;0.0
136986;773083;2022-07-11;FRC;F25;;;7;1260;145519255.0;;;4.29;4.22;4.29;4.23;4.22;4.22;0.0;0.0
136987;773084;2022-07-11;FRC;J25;;;1;76;3604977.0;;;4.29;4.29;4.29;4.29;4.29;4.22;0.0;0.0
136988;773085;2022-07-11;FRC;N25;;;0;0;0.0;;;0.0;0.0;0.0;0.0;0.0;4.16;0.0;0.0
136989;773086;2022-07-11;FRC;V25;;;3;564;26515913.0;;;4.21;4.18;4.21;4.19;4.18;4.18;0.0;0.0
136990;773087;2022-07-11;FRC;F26;;;2;299;33945464.0;;;4.24;4.16;4.24;4.18;4.16;4.16;0.0;0.0
136991;773088;2022-07-11;FRC;J26;;;0;0;0.0;;;0.0;0.0;0.0;0.0;0.0;4.16;0.0;0.0
136992;773089;2022-07-11;FRC;N26;;;1;3903;438719375.0;;;4.14;4.14;4.14;4.14;4.14;4.14;0.0;0.0
136993;773090;2022-07-11;FRC;V26;;;6;1110;51210194.0;;;4.15;4.15;4.15;4.15;4.15;4.15;0.0;0.0
136994;773091;2022-07-11;FRC;F27;;;9;5008;556656023.0;;;4.27;4.19;4.27;4.2;4.19;4.19;4.19;0.0
136995;773092;2022-07-11;FRC;J27;;;0;0;0.0;;;0.0;0.0;0.0;0.0;0.0;4.24;0.0;0.0
136996;773093;2022-07-11;FRC;N27;;;0;0;0.0;;;0.0;0.0;0.0;0.0;0.0;4.25;0.0;0.0
136997;773094;2022-07-11;FRC;F28;;;4;10307;1120847081.0;;;4.4;4.31;4.4;4.31;4.32;4.32;0.0;0.0
136998;773095;2022-07-11;FRC;F29;;;3;2696;286132466.0;;;4.55;4.47;4.55;4.48;4.47;4.45;0.0;0.0
136999;773096;2022-07-11;FRC;F30;;;1;35;3613345.0;;;4.65;4.65;4.65;4.65;4.65;4.58;0.0;0.0
137000;773097;2022-07-11;FRC;F31;;;1;85;8607869.0;;;4.79;4.79;4.79;4.79;4.79;4.72;0.0;0.0
137001;773098;2022-07-11;FRC;F32;;;0;0;0.0;;;0.0;0.0;0.0;0.0;0.0;4.87;0.0;0.0
137002;773099;2022-07-11;FRC;F33;;;1;165;6531240.0;;;5.06;5.06;5.06;5.06;5.06;5.06;0.0;0.0
137003;773100;2022-07-11;FRC;F34;;;0;0;0.0;;;0.0;0.0;0.0;0.0;0.0;5.29;0.0;0.0
137004;773101;2022-07-11;FRC;F35;;;0;0;0.0;;;0.0;0.0;0.0;0.0;0.0;5.44;0.0;0.0
137005;773102;2022-07-11;FRC;F36;;;0;0;0.0;;;0.0;0.0;0.0;0.0;0.0;5.58;0.0;0.0
137006;773103;2022-07-11;FRC;F37;;;0;0;0.0;;;0.0;0.0;0.0;0.0;0.0;5.7;0.0;0.0
137007;773273;2022-07-12;FRC;U22;;;30;30562;1535874355.0;;;2.93;2.92;2.97;2.96;2.97;2.97;0.0;2.97
137008;773274;2022-07-12;FRC;V22;;;25;28142;3418639244.0;;;3.06;3.06;3.09;3.08;3.09;3.09;0.0;0.0
137009;773275;2022-07-12;FRC;X22;;;17;24693;1237104045.0;;;3.32;3.32;3.36;3.34;3.36;3.36;0.0;0.0
137010;773276;2022-07-12;FRC;Z22;;;2;1392;69616720.0;;;3.53;3.53;3.53;3.53;3.53;3.52;0.0;3.55
137011;773277;2022-07-12;FRC;F23;;;36;34164;4128027633.0;;;3.71;3.69;3.71;3.69;3.7;3.7;0.0;0.0
137012;773278;2022-07-12;FRC;G23;;;9;3346;166635634.0;;;3.97;3.95;3.97;3.96;3.95;3.96;0.0;0.0
137013;773279;2022-07-12;FRC;H23;;;8;2393;118961287.0;;;4.08;4.05;4.08;4.05;4.05;4.05;0.0;0.0
137014;773280;2022-07-12;FRC;J23;;;3;197;23672136.0;;;4.15;4.1;4.15;4.11;4.12;4.12;4.12;0.0
137015;773281;2022-07-12;FRC;K23;;;12;2521;124820236.0;;;4.17;4.17;4.2;4.19;4.2;4.2;0.0;0.0
137016;773282;2022-07-12;FRC;M23;;;1;20;988808.0;;;4.24;4.24;4.24;4.24;4.24;4.27;4.26;4.27
137017;773283;2022-07-12;FRC;N23;;;20;8927;1065624348.0;;;4.23;4.23;4.27;4.25;4.26;4.26;4.26;0.0
137018;773284;2022-07-12;FRC;V23;;;15;2014;238726762.0;;;4.34;4.34;4.35;4.34;4.35;4.35;0.0;4.35
137019;773285;2022-07-12;FRC;F24;;;19;3491;412214164.0;;;4.33;4.33;4.37;4.36;4.37;4.37;4.37;0.0
137020;773286;2022-07-12;FRC;J24;;;2;772;90727375.0;;;4.32;4.32;4.32;4.32;4.32;4.32;0.0;0.0
137021;773287;2022-07-12;FRC;N24;;;1;192;22476780.0;;;4.24;4.24;4.24;4.24;4.24;4.24;4.24;0.0
137022;773288;2022-07-12;FRC;V24;;;1;192;9232505.0;;;4.21;4.21;4.21;4.21;4.21;4.21;0.0;0.0
137023;773289;2022-07-12;FRC;F25;;;7;1659;192022354.0;;;4.21;4.21;4.21;4.21;4.21;4.21;0.0;0.0
137024;773290;2022-07-12;FRC;J25;;;0;0;0.0;;;0.0;0.0;0.0;0.0;0.0;4.21;0.0;0.0
137025;773291;2022-07-12;FRC;N25;;;0;0;0.0;;;0.0;0.0;0.0;0.0;0.0;4.15;0.0;0.0
137026;773292;2022-07-12;FRC;V25;;;0;0;0.0;;;0.0;0.0;0.0;0.0;0.0;4.16;0.0;0.0
137027;773293;2022-07-12;FRC;F26;;;4;2248;255458551.0;;;4.14;4.14;4.14;4.14;4.14;4.14;0.0;0.0
137028;773294;2022-07-12;FRC;J26;;;0;0;0.0;;;0.0;0.0;0.0;0.0;0.0;4.14;0.0;0.0
137029;773295;2022-07-12;FRC;N26;;;0;0;0.0;;;0.0;0.0;0.0;0.0;0.0;4.13;0.0;0.0
137030;773296;2022-07-12;FRC;V26;;;0;0;0.0;;;0.0;0.0;0.0;0.0;0.0;4.14;4.1;0.0
137031;773297;2022-07-12;FRC;F27;;;4;570;63496539.0;;;4.19;4.19;4.19;4.19;4.19;4.19;0.0;4.19
137032;773298;2022-07-12;FRC;J27;;;2;366;16741462.0;;;4.21;4.21;4.21;4.21;4.21;4.21;0.0;0.0
137033;773299;2022-07-12;FRC;N27;;;0;0;0.0;;;0.0;0.0;0.0;0.0;0.0;4.23;0.0;0.0
137034;773300;2022-07-12;FRC;F28;;;3;543;59064485.0;;;4.32;4.32;4.32;4.32;4.32;4.32;0.0;0.0
137035;773301;2022-07-12;FRC;F29;;;1;355;37835546.0;;;4.4;4.4;4.4;4.4;4.4;4.45;0.0;0.0
137036;773302;2022-07-12;FRC;F30;;;1;70;7257162.0;;;4.58;4.58;4.58;4.58;4.58;4.58;0.0;0.0
137037;773303;2022-07-12;FRC;F31;;;0;0;0.0;;;0.0;0.0;0.0;0.0;0.0;4.72;0.0;0.0
137038;773304;2022-07-12;FRC;F32;;;1;34;1391170.0;;;4.87;4.87;4.87;4.87;4.87;4.86;0.0;0.0
137039;773305;2022-07-12;FRC;F33;;;0;0;0.0;;;0.0;0.0;0.0;0.0;0.0;5.05;0.0;0.0
137040;773306;2022-07-12;FRC;F34;;;10;1620;62408688.0;;;5.28;5.28;5.28;5.28;5.28;5.28;0.0;0.0
137041;773307;2022-07-12;FRC;F35;;;0;0;0.0;;;0.0;0.0;0.0;0.0;0.0;5.43;0.0;0.0
137042;773308;2022-07-12;FRC;F36;;;1;31;1125590.0;;;5.57;5.57;5.57;5.57;5.57;5.57;0.0;0.0
137043;773309;2022-07-12;FRC;F37;;;0;0;0.0;;;0.0;0.0;0.0;0.0;0.0;5.69;0.0;0.0
137044;773479;2022-07-13;FRC;U22;;;17;21873;1087694888.0;;;3.01;3.01;3.08;3.06;3.08;3.07;3.07;3.09
137045;773480;2022-07-13;FRC;V22;;;21;19525;2361266877.0;;;3.09;3.09;3.23;3.22;3.23;3.23;3.23;0.0
137046;773481;2022-07-13;FRC;X22;;;22;17579;871277742.0;;;3.36;3.36;3.54;3.53;3.54;3.54;3.54;0.0
137047;773482;2022-07-13;FRC;Z22;;;27;13460;665904580.0;;;3.52;3.52;3.73;3.72;3.73;3.73;3.73;0.0
137048;773483;2022-07-13;FRC;F23;;;31;14102;1695683111.0;;;3.7;3.7;3.93;3.9;3.93;3.93;3.93;3.99
137049;773484;2022-07-13;FRC;G23;;;14;8948;440736560.0;;;4.01;4.01;4.17;4.16;4.17;4.17;0.0;0.0
137050;773485;2022-07-13;FRC;H23;;;15;8636;424554593.0;;;4.27;4.27;4.27;4.27;4.27;4.27;0.0;0.0
137051;773486;2022-07-13;FRC;J23;;;8;2069;247267064.0;;;4.12;4.12;4.33;4.3;4.33;4.33;4.33;0.0
137052;773487;2022-07-13;FRC;K23;;;1;79;3870926.0;;;4.2;4.2;4.2;4.2;4.2;4.41;0.0;0.0
137053;773488;2022-07-13;FRC;M23;;;13;7246;354008010.0;;;4.35;4.35;4.47;4.46;4.47;4.47;0.0;4.5
137054;773489;2022-07-13;FRC;N23;;;15;7056;838046356.0;;;4.35;4.35;4.44;4.43;4.44;4.44;0.0;0.0
137055;773490;2022-07-13;FRC;V23;;;3;430;50740820.0;;;4.35;4.35;4.41;4.39;4.41;4.51;0.0;4.51
137056;773491;2022-07-13;FRC;F24;;;20;11307;1327744863.0;;;4.37;4.37;4.5;4.48;4.5;4.5;0.0;4.5
137057;773492;2022-07-13;FRC;J24;;;6;1448;169176124.0;;;4.32;4.32;4.44;4.43;4.44;4.44;0.0;0.0
137058;773493;2022-07-13;FRC;N24;;;8;1286;149705518.0;;;4.24;4.24;4.35;4.34;4.35;4.35;0.0;0.0
137059;773494;2022-07-13;FRC;V24;;;3;459;21818918.0;;;4.21;4.21;4.31;4.29;4.31;4.31;0.0;0.0
137060;773495;2022-07-13;FRC;F25;;;6;1122;129405930.0;;;4.21;4.21;4.28;4.25;4.28;4.28;0.0;0.0
137061;773496;2022-07-13;FRC;J25;;;1;76;3579943.0;;;4.21;4.21;4.21;4.21;4.21;4.27;0.0;0.0
137062;773497;2022-07-13;FRC;N25;;;0;0;0.0;;;0.0;0.0;0.0;0.0;0.0;4.2;0.0;0.0
137063;773498;2022-07-13;FRC;V25;;;0;0;0.0;;;0.0;0.0;0.0;0.0;0.0;4.19;0.0;0.0
137064;773499;2022-07-13;FRC;F26;;;6;1105;125002665.0;;;4.14;4.14;4.16;4.15;4.16;4.16;0.0;0.0
137065;773500;2022-07-13;FRC;J26;;;0;0;0.0;;;0.0;0.0;0.0;0.0;0.0;4.19;0.0;0.0
137066;773501;2022-07-13;FRC;N26;;;0;0;0.0;;;0.0;0.0;0.0;0.0;0.0;4.16;0.0;0.0
137067;773502;2022-07-13;FRC;V26;;;1;19;871738.0;;;4.14;4.14;4.14;4.14;4.14;4.15;0.0;0.0
137068;773503;2022-07-13;FRC;F27;;;10;1711;189772552.0;;;4.19;4.18;4.22;4.18;4.18;4.18;0.0;0.0
137069;773504;2022-07-13;FRC;J27;;;0;0;0.0;;;0.0;0.0;0.0;0.0;0.0;4.2;0.0;0.0
137070;773505;2022-07-13;FRC;N27;;;0;0;0.0;;;0.0;0.0;0.0;0.0;0.0;4.22;0.0;0.0
137071;773506;2022-07-13;FRC;F28;;;1;108;11732912.0;;;4.32;4.32;4.32;4.32;4.32;4.3;0.0;0.0
137072;773507;2022-07-13;FRC;F29;;;3;249;26369434.0;;;4.45;4.42;4.45;4.42;4.42;4.42;0.0;0.0
137073;773508;2022-07-13;FRC;F30;;;3;243;25138400.0;;;4.58;4.55;4.65;4.62;4.55;4.55;0.0;0.0
137074;773509;2022-07-13;FRC;F31;;;2;241;24316948.0;;;4.72;4.65;4.72;4.67;4.65;4.65;4.65;0.0
137075;773510;2022-07-13;FRC;F32;;;0;0;0.0;;;0.0;0.0;0.0;0.0;0.0;4.79;0.0;0.0
137076;773511;2022-07-13;FRC;F33;;;0;0;0.0;;;0.0;0.0;0.0;0.0;0.0;4.98;0.0;0.0
137077;773512;2022-07-13;FRC;F34;;;0;0;0.0;;;0.0;0.0;0.0;0.0;0.0;5.21;0.0;5.28
137078;773513;2022-07-13;FRC;F35;;;0;0;0.0;;;0.0;0.0;0.0;0.0;0.0;5.36;0.0;0.0
137079;773514;2022-07-13;FRC;F36;;;0;0;0.0;;;0.0;0.0;0.0;0.0;0.0;5.5;0.0;0.0
137080;773515;2022-07-13;FRC;F37;;;0;0;0.0;;;0.0;0.0;0.0;0.0;0.0;5.62;0.0;0.0
137081;773685;2022-07-14;FRC;U22;;;54;47018;2352483712.0;;;3.13;3.03;3.15;3.06;3.07;3.06;3.06;0.0
137082;773686;2022-07-14;FRC;V22;;;32;20520;2488026100.0;;;3.32;3.18;3.34;3.24;3.25;3.25;0.0;3.26
137083;773687;2022-07-14;FRC;X22;;;14;11347;565821816.0;;;3.65;3.5;3.65;3.57;3.5;3.5;3.5;0.0
137084;773688;2022-07-14;FRC;Z22;;;22;27827;1385063001.0;;;3.84;3.7;3.84;3.76;3.72;3.7;0.0;3.72
137085;773689;2022-07-14;FRC;F23;;;30;21362;2575230538.0;;;3.98;3.9;3.98;3.9;3.91;3.91;0.0;0.0
137086;773690;2022-07-14;FRC;G23;;;25;8964;444243124.0;;;4.2;4.14;4.2;4.16;4.14;4.14;0.0;0.0
137087;773691;2022-07-14;FRC;H23;;;1;20;989385.0;;;4.3;4.3;4.3;4.3;4.3;4.27;0.0;4.27
137088;773692;2022-07-14;FRC;J23;;;7;3806;455803543.0;;;4.32;4.32;4.32;4.32;4.32;4.32;4.32;0.0
137089;773693;2022-07-14;FRC;K23;;;1;197;9704801.0;;;4.39;4.39;4.39;4.39;4.39;4.39;0.0;0.0
137090;773694;2022-07-14;FRC;M23;;;0;0;0.0;;;0.0;0.0;0.0;0.0;0.0;4.47;0.0;0.0
137091;773695;2022-07-14;FRC;N23;;;11;2803;333734486.0;;;4.4;4.4;4.46;4.45;4.46;4.46;0.0;0.0
137092;773696;2022-07-14;FRC;V23;;;21;6625;784161570.0;;;4.58;4.48;4.61;4.53;4.53;4.53;0.0;0.0
137093;773697;2022-07-14;FRC;F24;;;23;8648;1017267024.0;;;4.6;4.52;4.62;4.57;4.53;4.53;4.53;0.0
137094;773698;2022-07-14;FRC;J24;;;5;849;99420773.0;;;4.48;4.48;4.49;4.48;4.49;4.48;0.0;0.0
137095;773699;2022-07-14;FRC;N24;;;3;403;47003913.0;;;4.4;4.4;4.4;4.4;4.4;4.4;4.41;0.0
137096;773700;2022-07-14;FRC;V24;;;4;650;31073772.0;;;4.32;4.32;4.34;4.33;4.34;4.34;4.36;0.0
137097;773701;2022-07-14;FRC;F25;;;8;1160;133963016.0;;;4.33;4.33;4.33;4.33;4.33;4.33;0.0;0.0
137098;773702;2022-07-14;FRC;J25;;;0;0;0.0;;;0.0;0.0;0.0;0.0;0.0;4.32;0.0;0.0
137099;773703;2022-07-14;FRC;N25;;;1;189;21609846.0;;;4.24;4.24;4.24;4.24;4.24;4.24;0.0;0.0
137100;773704;2022-07-14;FRC;V25;;;0;0;0.0;;;0.0;0.0;0.0;0.0;0.0;4.23;0.0;0.0
137101;773705;2022-07-14;FRC;F26;;;4;580;65750833.0;;;4.2;4.2;4.2;4.2;4.2;4.2;0.0;0.0
137102;773706;2022-07-14;FRC;J26;;;0;0;0.0;;;0.0;0.0;0.0;0.0;0.0;4.23;0.0;0.0
137103;773707;2022-07-14;FRC;N26;;;0;0;0.0;;;0.0;0.0;0.0;0.0;0.0;4.19;0.0;0.0
137104;773708;2022-07-14;FRC;V26;;;0;0;0.0;;;0.0;0.0;0.0;0.0;0.0;4.18;0.0;0.0
137105;773709;2022-07-14;FRC;F27;;;10;2042;226964296.0;;;4.2;4.2;4.2;4.2;4.2;4.2;4.2;0.0
137106;773710;2022-07-14;FRC;J27;;;0;0;0.0;;;0.0;0.0;0.0;0.0;0.0;4.22;0.0;0.0
137107;773711;2022-07-14;FRC;N27;;;0;0;0.0;;;0.0;0.0;0.0;0.0;0.0;4.25;0.0;0.0
137108;773712;2022-07-14;FRC;F28;;;1;18;1959801.0;;;4.33;4.33;4.33;4.33;4.33;4.33;0.0;0.0
137109;773713;2022-07-14;FRC;F29;;;1;35;3742978.0;;;4.46;4.46;4.46;4.46;4.46;4.46;0.0;0.0
137110;773714;2022-07-14;FRC;F30;;;1;70;7235280.0;;;4.61;4.61;4.61;4.61;4.61;4.61;0.0;0.0
137111;773715;2022-07-14;FRC;F31;;;7;1506;152429898.0;;;4.72;4.72;4.72;4.72;4.72;4.72;0.0;0.0
137112;773716;2022-07-14;FRC;F32;;;0;0;0.0;;;0.0;0.0;0.0;0.0;0.0;4.86;0.0;0.0
137113;773717;2022-07-14;FRC;F33;;;0;0;0.0;;;0.0;0.0;0.0;0.0;0.0;5.05;0.0;0.0
137114;773718;2022-07-14;FRC;F34;;;0;0;0.0;;;0.0;0.0;0.0;0.0;0.0;5.28;0.0;0.0
137115;773719;2022-07-14;FRC;F35;;;0;0;0.0;;;0.0;0.0;0.0;0.0;0.0;5.43;0.0;0.0
137116;773720;2022-07-14;FRC;F36;;;0;0;0.0;;;0.0;0.0;0.0;0.0;0.0;5.57;0.0;0.0
137117;773721;2022-07-14;FRC;F37;;;0;0;0.0;;;0.0;0.0;0.0;0.0;0.0;5.69;0.0;0.0
137118;773892;2022-07-15;FRC;U22;;;18;33910;1681564940.0;;;3.13;3.05;3.13;3.06;3.07;3.07;3.07;3.1
137119;773893;2022-07-15;FRC;V22;;;21;13141;1587594964.0;;;3.27;3.23;3.27;3.25;3.26;3.26;3.25;0.0
137120;773894;2022-07-15;FRC;X22;;;24;19990;988020450.0;;;3.52;3.5;3.54;3.53;3.54;3.54;0.0;0.0
137121;773895;2022-07-15;FRC;Z22;;;16;8410;414920247.0;;;3.72;3.7;3.72;3.71;3.72;3.72;3.72;0.0
137122;773896;2022-07-15;FRC;F23;;;20;10057;1207935430.0;;;3.9;3.88;3.94;3.91;3.94;3.93;3.93;0.0
137123;773897;2022-07-15;FRC;G23;;;17;5980;293733093.0;;;4.12;4.12;4.17;4.16;4.17;4.17;0.0;4.17
137124;773898;2022-07-15;FRC;H23;;;6;1304;63926166.0;;;4.27;4.27;4.29;4.28;4.29;4.29;4.27;4.29
137125;773899;2022-07-15;FRC;J23;;;10;8595;1025826124.0;;;4.32;4.32;4.34;4.32;4.34;4.34;4.34;0.0
137126;773900;2022-07-15;FRC;K23;;;8;3149;153738473.0;;;4.36;4.36;4.41;4.4;4.41;4.41;4.41;0.0
137127;773901;2022-07-15;FRC;M23;;;3;5930;288946026.0;;;4.44;4.44;4.5;4.44;4.5;4.5;4.48;4.5
137128;773902;2022-07-15;FRC;N23;;;9;3234;383601339.0;;;4.48;4.48;4.48;4.48;4.48;4.48;4.48;0.0
137129;773903;2022-07-15;FRC;V23;;;9;1207;142409171.0;;;4.54;4.5;4.56;4.55;4.55;4.56;0.0;4.56
137130;773904;2022-07-15;FRC;F24;;;11;4168;488767333.0;;;4.53;4.52;4.55;4.53;4.55;4.55;0.0;0.0
137131;773905;2022-07-15;FRC;J24;;;3;791;92293390.0;;;4.49;4.49;4.49;4.49;4.49;4.49;0.0;0.0
137132;773906;2022-07-15;FRC;N24;;;2;76;8881477.0;;;4.41;4.41;4.42;4.41;4.42;4.42;0.0;0.0
137133;773907;2022-07-15;FRC;V24;;;3;267;12646023.0;;;4.35;4.35;4.37;4.36;4.37;4.37;0.0;0.0
137134;773908;2022-07-15;FRC;F25;;;5;1693;194745157.0;;;4.34;4.34;4.34;4.34;4.34;4.34;4.33;0.0
137135;773909;2022-07-15;FRC;J25;;;0;0;0.0;;;0.0;0.0;0.0;0.0;0.0;4.33;0.0;0.0
137136;773910;2022-07-15;FRC;N25;;;1;38;4315373.0;;;4.25;4.25;4.25;4.25;4.25;4.25;0.0;0.0
137137;773911;2022-07-15;FRC;V25;;;0;0;0.0;;;0.0;0.0;0.0;0.0;0.0;4.25;0.0;0.0
137138;773912;2022-07-15;FRC;F26;;;9;1646;185864125.0;;;4.22;4.22;4.22;4.22;4.22;4.22;4.22;0.0
137139;773913;2022-07-15;FRC;J26;;;0;0;0.0;;;0.0;0.0;0.0;0.0;0.0;4.23;0.0;0.0
137140;773914;2022-07-15;FRC;N26;;;0;0;0.0;;;0.0;0.0;0.0;0.0;0.0;4.2;0.0;0.0
137141;773915;2022-07-15;FRC;V26;;;1;37;1687569.0;;;4.19;4.19;4.19;4.19;4.19;4.19;0.0;0.0
137142;773916;2022-07-15;FRC;F27;;;6;1067;118096451.0;;;4.22;4.22;4.22;4.22;4.22;4.22;0.0;4.22
137143;773917;2022-07-15;FRC;J27;;;0;0;0.0;;;0.0;0.0;0.0;0.0;0.0;4.24;0.0;0.0
137144;773918;2022-07-15;FRC;N27;;;0;0;0.0;;;0.0;0.0;0.0;0.0;0.0;4.27;0.0;0.0
137145;773919;2022-07-15;FRC;F28;;;1;54;5856308.0;;;4.34;4.34;4.34;4.34;4.34;4.34;0.0;4.34
137146;773920;2022-07-15;FRC;F29;;;1;35;3728334.0;;;4.47;4.47;4.47;4.47;4.47;4.47;0.0;4.47
137147;773921;2022-07-15;FRC;F30;;;1;35;3604498.0;;;4.61;4.61;4.61;4.61;4.61;4.61;0.0;4.61
137148;773922;2022-07-15;FRC;F31;;;5;735;74207157.0;;;4.71;4.71;4.71;4.71;4.71;4.71;0.0;0.0
137149;773923;2022-07-15;FRC;F32;;;0;0;0.0;;;0.0;0.0;0.0;0.0;0.0;4.85;0.0;0.0
137150;773924;2022-07-15;FRC;F33;;;0;0;0.0;;;0.0;0.0;0.0;0.0;0.0;5.04;0.0;0.0
137151;773925;2022-07-15;FRC;F34;;;0;0;0.0;;;0.0;0.0;0.0;0.0;0.0;5.27;0.0;0.0
137152;773926;2022-07-15;FRC;F35;;;0;0;0.0;;;0.0;0.0;0.0;0.0;0.0;5.42;0.0;0.0
137153;773927;2022-07-15;FRC;F36;;;0;0;0.0;;;0.0;0.0;0.0;0.0;0.0;5.56;0.0;0.0
137154;773928;2022-07-15;FRC;F37;;;0;0;0.0;;;0.0;0.0;0.0;0.0;0.0;5.68;0.0;0.0
137155;774099;2022-07-18;FRC;U22;;;24;46156;2305356757.0;;;3.07;3.07;3.11;3.1;3.1;3.11;3.09;3.1
137156;774100;2022-07-18;FRC;V22;;;6;2392;289966247.0;;;3.23;3.23;3.23;3.23;3.23;3.23;0.0;3.26
137157;774101;2022-07-18;FRC;X22;;;13;6568;326995373.0;;;3.52;3.52;3.52;3.52;3.52;3.52;3.52;0.0
137158;774102;2022-07-18;FRC;Z22;;;16;16102;800192403.0;;;3.72;3.72;3.72;3.72;3.72;3.72;0.0;0.0
137159;774103;2022-07-18;FRC;F23;;;8;3928;473252696.0;;;3.94;3.92;3.94;3.92;3.92;3.92;0.0;0.0
137160;774104;2022-07-18;FRC;G23;;;6;990;48985288.0;;;4.15;4.15;4.15;4.15;4.15;4.15;4.15;4.16
137161;774105;2022-07-18;FRC;H23;;;7;2471;122014782.0;;;4.3;4.3;4.3;4.3;4.3;4.3;0.0;4.3
137162;774106;2022-07-18;FRC;J23;;;12;8475;1014540667.0;;;4.38;4.38;4.38;4.38;4.38;4.38;0.0;4.38
137163;774107;2022-07-18;FRC;K23;;;10;2498;122825173.0;;;4.47;4.45;4.47;4.45;4.45;4.45;0.0;4.45
137164;774108;2022-07-18;FRC;M23;;;10;4515;221527447.0;;;4.52;4.52;4.54;4.52;4.52;4.52;0.0;0.0
137165;774109;2022-07-18;FRC;N23;;;23;9779;1163402955.0;;;4.53;4.51;4.54;4.52;4.51;4.51;0.0;4.51
137166;774110;2022-07-18;FRC;V23;;;10;2027;239674317.0;;;4.61;4.59;4.61;4.59;4.59;4.59;0.0;4.59
137167;774111;2022-07-18;FRC;F24;;;23;9985;1174052101.0;;;4.56;4.56;4.6;4.57;4.57;4.57;0.0;4.57
137168;774112;2022-07-18;FRC;J24;;;6;2200;257406544.0;;;4.51;4.51;4.51;4.51;4.51;4.51;0.0;0.0
137169;774113;2022-07-18;FRC;N24;;;7;1939;225880522.0;;;4.44;4.44;4.44;4.44;4.44;4.44;0.0;0.0
137170;774114;2022-07-18;FRC;V24;;;1;57;2718142.0;;;4.39;4.39;4.39;4.39;4.39;4.39;0.0;0.0
137171;774115;2022-07-18;FRC;F25;;;11;2264;261185805.0;;;4.35;4.35;4.35;4.35;4.35;4.35;0.0;0.0
137172;774116;2022-07-18;FRC;J25;;;0;0;0.0;;;0.0;0.0;0.0;0.0;0.0;4.34;0.0;0.0
137173;774117;2022-07-18;FRC;N25;;;1;189;21586669.0;;;4.27;4.27;4.27;4.27;4.27;4.27;0.0;4.27
137174;774118;2022-07-18;FRC;V25;;;1;188;8795473.0;;;4.29;4.29;4.29;4.29;4.29;4.29;0.0;0.0
137175;774119;2022-07-18;FRC;F26;;;10;2244;254162237.0;;;4.23;4.23;4.23;4.23;4.23;4.23;0.0;0.0
137176;774120;2022-07-18;FRC;J26;;;1;186;8617532.0;;;4.26;4.26;4.26;4.26;4.26;4.26;0.0;0.0
137177;774121;2022-07-18;FRC;N26;;;0;0;0.0;;;0.0;0.0;0.0;0.0;0.0;4.22;0.0;0.0
137178;774122;2022-07-18;FRC;V26;;;0;0;0.0;;;0.0;0.0;0.0;0.0;0.0;4.2;0.0;4.22
137179;774123;2022-07-18;FRC;F27;;;3;699;77613810.0;;;4.22;4.22;4.22;4.22;4.22;4.22;4.22;0.0
137180;774124;2022-07-18;FRC;J27;;;0;0;0.0;;;0.0;0.0;0.0;0.0;0.0;4.24;0.0;0.0
137181;774125;2022-07-18;FRC;N27;;;0;0;0.0;;;0.0;0.0;0.0;0.0;0.0;4.27;0.0;0.0
137182;774126;2022-07-18;FRC;F28;;;0;0;0.0;;;0.0;0.0;0.0;0.0;0.0;4.34;0.0;4.38
137183;774127;2022-07-18;FRC;F29;;;0;0;0.0;;;0.0;0.0;0.0;0.0;0.0;4.47;0.0;0.0
137184;774128;2022-07-18;FRC;F30;;;0;0;0.0;;;0.0;0.0;0.0;0.0;0.0;4.61;0.0;4.68
137185;774129;2022-07-18;FRC;F31;;;0;0;0.0;;;0.0;0.0;0.0;0.0;0.0;4.71;4.71;0.0
137186;774130;2022-07-18;FRC;F32;;;0;0;0.0;;;0.0;0.0;0.0;0.0;0.0;4.85;0.0;0.0
137187;774131;2022-07-18;FRC;F33;;;0;0;0.0;;;0.0;0.0;0.0;0.0;0.0;5.04;0.0;0.0
137188;774132;2022-07-18;FRC;F34;;;0;0;0.0;;;0.0;0.0;0.0;0.0;0.0;5.27;0.0;0.0
137189;774133;2022-07-18;FRC;F35;;;0;0;0.0;;;0.0;0.0;0.0;0.0;0.0;5.42;0.0;0.0
137190;774134;2022-07-18;FRC;F36;;;0;0;0.0;;;0.0;0.0;0.0;0.0;0.0;5.56;0.0;0.0
137191;774135;2022-07-18;FRC;F37;;;0;0;0.0;;;0.0;0.0;0.0;0.0;0.0;5.68;0.0;0.0
137192;774304;2022-07-19;FRC;U22;;;33;78113;3908749273.0;;;3.11;3.07;3.14;3.1;3.12;3.12;3.12;3.17
137193;774305;2022-07-19;FRC;V22;;;13;18346;2225200335.0;;;3.23;3.23;3.25;3.24;3.25;3.25;3.25;3.28
137194;774306;2022-07-19;FRC;X22;;;6;15193;757792675.0;;;3.54;3.53;3.55;3.53;3.55;3.55;0.0;3.58
137195;774307;2022-07-19;FRC;Z22;;;33;37050;1844552047.0;;;3.73;3.73;3.82;3.74;3.75;3.75;0.0;0.0
137196;774308;2022-07-19;FRC;F23;;;25;26118;3149485965.0;;;3.94;3.93;3.99;3.96;3.99;3.99;0.0;3.99
137197;774309;2022-07-19;FRC;G23;;;8;9936;492502737.0;;;4.16;4.16;4.21;4.18;4.21;4.21;0.0;0.0
137198;774310;2022-07-19;FRC;H23;;;8;3558;175996531.0;;;4.34;4.34;4.34;4.34;4.34;4.34;0.0;4.34
137199;774311;2022-07-19;FRC;J23;;;2;2109;252616836.0;;;4.42;4.42;4.42;4.42;4.42;4.43;0.0;0.0
137200;774312;2022-07-19;FRC;K23;;;15;5546;273151494.0;;;4.46;4.46;4.5;4.49;4.5;4.5;4.5;0.0
137201;774313;2022-07-19;FRC;M23;;;11;7733;380052439.0;;;4.52;4.52;4.57;4.56;4.57;4.57;0.0;4.57
137202;774314;2022-07-19;FRC;N23;;;14;8095;963650228.0;;;4.51;4.51;4.56;4.53;4.56;4.56;0.0;0.0
137203;774315;2022-07-19;FRC;V23;;;12;3350;396501135.0;;;4.54;4.54;4.63;4.61;4.63;4.63;0.0;0.0
137204;774316;2022-07-19;FRC;F24;;;12;5891;693188502.0;;;4.58;4.57;4.63;4.61;4.63;4.63;0.0;0.0
137205;774317;2022-07-19;FRC;J24;;;0;0;0.0;;;0.0;0.0;0.0;0.0;0.0;4.57;0.0;0.0
137206;774318;2022-07-19;FRC;N24;;;6;1402;163305968.0;;;4.49;4.49;4.49;4.49;4.49;4.49;0.0;0.0
137207;774319;2022-07-19;FRC;V24;;;2;382;18247687.0;;;4.43;4.43;4.43;4.43;4.43;4.43;0.0;0.0
137208;774320;2022-07-19;FRC;F25;;;9;2394;276274499.0;;;4.42;4.42;4.42;4.42;4.42;4.42;0.0;4.42
137209;774321;2022-07-19;FRC;J25;;;0;0;0.0;;;0.0;0.0;0.0;0.0;0.0;4.42;0.0;0.0
137210;774322;2022-07-19;FRC;N25;;;2;208;23729241.0;;;4.27;4.27;4.36;4.35;4.36;4.36;0.0;0.0
137211;774323;2022-07-19;FRC;V25;;;0;0;0.0;;;0.0;0.0;0.0;0.0;0.0;4.38;0.0;0.0
137212;774324;2022-07-19;FRC;F26;;;7;1346;152307749.0;;;4.31;4.31;4.31;4.31;4.31;4.31;0.0;4.31
137213;774325;2022-07-19;FRC;J26;;;0;0;0.0;;;0.0;0.0;0.0;0.0;0.0;4.34;0.0;0.0
137214;774326;2022-07-19;FRC;N26;;;0;0;0.0;;;0.0;0.0;0.0;0.0;0.0;4.3;0.0;0.0
137215;774327;2022-07-19;FRC;V26;;;1;185;8505813.0;;;4.25;4.25;4.25;4.25;4.25;4.28;0.0;0.0
137216;774328;2022-07-19;FRC;F27;;;13;1950;216249843.0;;;4.22;4.22;4.3;4.28;4.29;4.29;4.29;0.0
137217;774329;2022-07-19;FRC;J27;;;0;0;0.0;;;0.0;0.0;0.0;0.0;0.0;4.31;0.0;0.0
137218;774330;2022-07-19;FRC;N27;;;1;91;4119585.0;;;4.27;4.27;4.27;4.27;4.27;4.34;0.0;0.0
137219;774331;2022-07-19;FRC;F28;;;0;0;0.0;;;0.0;0.0;0.0;0.0;0.0;4.41;0.0;4.41
137220;774332;2022-07-19;FRC;F29;;;0;0;0.0;;;0.0;0.0;0.0;0.0;0.0;4.54;0.0;0.0
137221;774333;2022-07-19;FRC;F30;;;0;0;0.0;;;0.0;0.0;0.0;0.0;0.0;4.68;0.0;4.7
137222;774334;2022-07-19;FRC;F31;;;0;0;0.0;;;0.0;0.0;0.0;0.0;0.0;4.78;0.0;0.0
137223;774335;2022-07-19;FRC;F32;;;0;0;0.0;;;0.0;0.0;0.0;0.0;0.0;4.92;0.0;0.0
137224;774336;2022-07-19;FRC;F33;;;0;0;0.0;;;0.0;0.0;0.0;0.0;0.0;5.11;0.0;0.0
137225;774337;2022-07-19;FRC;F34;;;0;0;0.0;;;0.0;0.0;0.0;0.0;0.0;5.34;0.0;0.0
137226;774338;2022-07-19;FRC;F35;;;0;0;0.0;;;0.0;0.0;0.0;0.0;0.0;5.49;0.0;0.0
137227;774339;2022-07-19;FRC;F36;;;0;0;0.0;;;0.0;0.0;0.0;0.0;0.0;5.63;0.0;0.0
137228;774340;2022-07-19;FRC;F37;;;0;0;0.0;;;0.0;0.0;0.0;0.0;0.0;5.75;0.0;0.0
137229;774532;2022-07-21;FRC;U22;;;44;59203;2972603484.0;;;3.06;3.04;3.1;3.08;3.09;3.09;3.09;0.0
137230;774533;2022-07-21;FRC;V22;;;9;6480;787204237.0;;;3.26;3.25;3.26;3.25;3.25;3.25;3.23;0.0
137231;774534;2022-07-21;FRC;X22;;;20;12143;607722158.0;;;3.54;3.54;3.54;3.54;3.54;3.54;0.0;0.0
137232;774535;2022-07-21;FRC;Z22;;;7;4194;209506474.0;;;3.79;3.76;3.79;3.76;3.76;3.76;0.0;0.0
137233;774536;2022-07-21;FRC;F23;;;20;7932;958022966.0;;;3.99;3.95;3.99;3.96;3.96;3.96;0.0;0.0
137234;774537;2022-07-21;FRC;G23;;;9;1505;74850085.0;;;4.23;4.2;4.23;4.21;4.21;4.21;0.0;0.0
137235;774538;2022-07-21;FRC;H23;;;19;3205;159087531.0;;;4.43;4.32;4.43;4.32;4.32;4.33;0.0;0.0
137236;774539;2022-07-21;FRC;J23;;;14;3940;472778969.0;;;4.43;4.43;4.45;4.43;4.43;4.43;4.42;4.43
137237;774540;2022-07-21;FRC;K23;;;11;3186;157454406.0;;;4.5;4.5;4.5;4.5;4.5;4.5;0.0;0.0
137238;774541;2022-07-21;FRC;M23;;;10;5104;251705778.0;;;4.57;4.57;4.57;4.57;4.57;4.57;0.0;0.0
137239;774542;2022-07-21;FRC;N23;;;25;9877;1177585844.0;;;4.59;4.55;4.59;4.55;4.55;4.55;0.0;0.0
137240;774543;2022-07-21;FRC;V23;;;22;7308;866096185.0;;;4.62;4.6;4.62;4.6;4.6;4.6;0.0;4.59
137241;774544;2022-07-21;FRC;F24;;;17;9786;1153465716.0;;;4.66;4.59;4.66;4.6;4.59;4.59;0.0;0.0
137242;774545;2022-07-21;FRC;J24;;;1;386;45245743.0;;;4.55;4.55;4.55;4.55;4.55;4.53;0.0;0.0
137243;774546;2022-07-21;FRC;N24;;;2;384;44795337.0;;;4.54;4.47;4.54;4.5;4.47;4.47;0.0;0.0
137244;774547;2022-07-21;FRC;V24;;;1;134;6425642.0;;;4.4;4.4;4.4;4.4;4.4;4.4;0.0;4.4
137245;774548;2022-07-21;FRC;F25;;;6;1711;197794325.0;;;4.48;4.38;4.48;4.39;4.38;4.38;0.0;0.0
137246;774549;2022-07-21;FRC;J25;;;1;189;8968383.0;;;4.38;4.38;4.38;4.38;4.38;4.38;0.0;0.0
137247;774550;2022-07-21;FRC;N25;;;1;94;10759623.0;;;4.42;4.42;4.42;4.42;4.42;4.36;0.0;0.0
137248;774551;2022-07-21;FRC;V25;;;0;0;0.0;;;0.0;0.0;0.0;0.0;0.0;4.33;0.0;0.0
137249;774552;2022-07-21;FRC;F26;;;8;1870;211889939.0;;;4.4;4.3;4.4;4.31;4.3;4.3;0.0;0.0
137250;774553;2022-07-21;FRC;J26;;;1;186;8654590.0;;;4.32;4.32;4.32;4.32;4.32;4.32;0.0;0.0
137251;774554;2022-07-21;FRC;N26;;;1;185;20739966.0;;;4.38;4.38;4.38;4.38;4.38;4.28;0.0;0.0
137252;774555;2022-07-21;FRC;V26;;;0;0;0.0;;;0.0;0.0;0.0;0.0;0.0;4.28;0.0;0.0
137253;774556;2022-07-21;FRC;F27;;;5;4412;489979633.0;;;4.37;4.3;4.37;4.3;4.3;4.3;0.0;4.3
137254;774557;2022-07-21;FRC;J27;;;0;0;0.0;;;0.0;0.0;0.0;0.0;0.0;4.32;0.0;0.0
137255;774558;2022-07-21;FRC;N27;;;1;146;6615022.0;;;4.41;4.41;4.41;4.41;4.41;4.33;0.0;0.0
137256;774559;2022-07-21;FRC;F28;;;8;5687;617957252.0;;;4.47;4.38;4.47;4.39;4.38;4.38;0.0;0.0
137257;774560;2022-07-21;FRC;F29;;;2;1062;112575802.0;;;4.59;4.57;4.59;4.57;4.57;4.5;0.0;4.53
137258;774561;2022-07-21;FRC;F30;;;4;869;90003439.0;;;4.74;4.65;4.74;4.68;4.65;4.65;0.0;0.0
137259;774562;2022-07-21;FRC;F31;;;2;6411;645743875.0;;;4.9;4.82;4.9;4.89;4.82;4.82;0.0;4.82
137260;774563;2022-07-21;FRC;F32;;;1;335;13572915.0;;;5.04;5.04;5.04;5.04;5.04;4.97;0.0;5.0
137261;774564;2022-07-21;FRC;F33;;;0;0;0.0;;;0.0;0.0;0.0;0.0;0.0;5.17;0.0;0.0
137262;774565;2022-07-21;FRC;F34;;;3;483;18470234.0;;;5.41;5.41;5.41;5.41;5.41;5.41;0.0;5.41
137263;774566;2022-07-21;FRC;F35;;;0;0;0.0;;;0.0;0.0;0.0;0.0;0.0;5.56;0.0;0.0
137264;774567;2022-07-21;FRC;F36;;;0;0;0.0;;;0.0;0.0;0.0;0.0;0.0;5.7;0.0;5.7
137265;774568;2022-07-21;FRC;F37;;;0;0;0.0;;;0.0;0.0;0.0;0.0;0.0;5.82;0.0;0.0
137266;774738;2022-07-22;FRC;U22;;;65;134385;6718455656.0;;;3.1;3.05;3.12;3.06;3.06;3.06;3.06;0.0
137267;774739;2022-07-22;FRC;V22;;;21;13121;1591192460.0;;;3.24;3.21;3.24;3.21;3.22;3.22;0.0;3.22
137268;774740;2022-07-22;FRC;X22;;;12;10553;525877073.0;;;3.5;3.5;3.54;3.53;3.54;3.54;0.0;0.0
137269;774741;2022-07-22;FRC;Z22;;;13;5130;255174874.0;;;3.75;3.7;3.75;3.72;3.73;3.73;0.0;3.73
137270;774742;2022-07-22;FRC;F23;;;14;7873;949340925.0;;;3.92;3.9;3.93;3.92;3.93;3.93;0.0;0.0
137271;774743;2022-07-22;FRC;G23;;;0;0;0.0;;;0.0;0.0;0.0;0.0;0.0;4.17;0.0;0.0
137272;774744;2022-07-22;FRC;H23;;;4;1186;58623851.0;;;4.28;4.28;4.28;4.28;4.28;4.28;0.0;0.0
137273;774745;2022-07-22;FRC;J23;;;27;6533;781942114.0;;;4.39;4.38;4.39;4.38;4.38;4.38;0.0;0.0
137274;774746;2022-07-22;FRC;K23;;;10;4918;242044615.0;;;4.46;4.46;4.46;4.46;4.46;4.46;0.0;0.0
137275;774747;2022-07-22;FRC;M23;;;2;1963;96389963.0;;;4.57;4.57;4.57;4.57;4.57;4.53;0.0;4.53
137276;774748;2022-07-22;FRC;N23;;;19;10859;1292742898.0;;;4.49;4.47;4.51;4.5;4.5;4.51;0.0;4.51
137277;774749;2022-07-22;FRC;V23;;;9;5224;618269533.0;;;4.6;4.54;4.6;4.55;4.54;4.54;0.0;4.54
137278;774750;2022-07-22;FRC;F24;;;15;10141;1193889033.0;;;4.58;4.49;4.58;4.52;4.49;4.49;0.0;0.0
137279;774751;2022-07-22;FRC;J24;;;1;309;36213539.0;;;4.4;4.4;4.4;4.4;4.4;4.43;4.4;0.0
137280;774752;2022-07-22;FRC;N24;;;5;1152;134397948.0;;;4.38;4.38;4.38;4.38;4.38;4.38;0.0;0.0
137281;774753;2022-07-22;FRC;V24;;;0;0;0.0;;;0.0;0.0;0.0;0.0;0.0;4.3;0.0;0.0
137282;774754;2022-07-22;FRC;F25;;;17;4824;557099602.0;;;4.33;4.25;4.33;4.25;4.26;4.26;0.0;0.0
137283;774755;2022-07-22;FRC;J25;;;2;209;9894451.0;;;4.38;4.23;4.38;4.24;4.23;4.23;0.0;0.0
137284;774756;2022-07-22;FRC;N25;;;0;0;0.0;;;0.0;0.0;0.0;0.0;0.0;4.22;0.0;0.0
137285;774757;2022-07-22;FRC;V25;;;0;0;0.0;;;0.0;0.0;0.0;0.0;0.0;4.21;0.0;0.0
137286;774758;2022-07-22;FRC;F26;;;1;187;21214101.0;;;4.19;4.19;4.19;4.19;4.19;4.19;0.0;0.0
137287;774759;2022-07-22;FRC;J26;;;0;0;0.0;;;0.0;0.0;0.0;0.0;0.0;4.21;0.0;0.0
137288;774760;2022-07-22;FRC;N26;;;0;0;0.0;;;0.0;0.0;0.0;0.0;0.0;4.17;0.0;0.0
137289;774761;2022-07-22;FRC;V26;;;0;0;0.0;;;0.0;0.0;0.0;0.0;0.0;4.18;0.0;0.0
137290;774762;2022-07-22;FRC;F27;;;6;1288;143079777.0;;;4.22;4.22;4.22;4.22;4.22;4.22;0.0;4.22
137291;774763;2022-07-22;FRC;J27;;;0;0;0.0;;;0.0;0.0;0.0;0.0;0.0;4.24;0.0;0.0
137292;774764;2022-07-22;FRC;N27;;;0;0;0.0;;;0.0;0.0;0.0;0.0;0.0;4.25;0.0;0.0
137293;774765;2022-07-22;FRC;F28;;;0;0;0.0;;;0.0;0.0;0.0;0.0;0.0;4.3;0.0;0.0
137294;774766;2022-07-22;FRC;F29;;;0;0;0.0;;;0.0;0.0;0.0;0.0;0.0;4.41;0.0;0.0
137295;774767;2022-07-22;FRC;F30;;;1;174;18080720.0;;;4.56;4.56;4.56;4.56;4.56;4.56;0.0;0.0
137296;774768;2022-07-22;FRC;F31;;;1;171;17333785.0;;;4.7;4.7;4.7;4.7;4.7;4.7;0.0;0.0
137297;774769;2022-07-22;FRC;F32;;;0;0;0.0;;;0.0;0.0;0.0;0.0;0.0;4.85;0.0;0.0
137298;774770;2022-07-22;FRC;F33;;;0;0;0.0;;;0.0;0.0;0.0;0.0;0.0;5.04;0.0;0.0
137299;774771;2022-07-22;FRC;F34;;;0;0;0.0;;;0.0;0.0;0.0;0.0;0.0;5.28;0.0;0.0
137300;774772;2022-07-22;FRC;F35;;;0;0;0.0;;;0.0;0.0;0.0;0.0;0.0;5.43;0.0;0.0
137301;774773;2022-07-22;FRC;F36;;;0;0;0.0;;;0.0;0.0;0.0;0.0;0.0;5.57;0.0;0.0
137302;774774;2022-07-22;FRC;F37;;;0;0;0.0;;;0.0;0.0;0.0;0.0;0.0;5.69;0.0;0.0
137303;774943;2022-07-25;FRC;U22;;;188;282702;14000890822.0;;;3.06;2.9;3.09;2.94;2.9;2.9;0.0;2.9
137304;774944;2022-07-25;FRC;V22;;;157;82364;9948462147.0;;;3.22;3.1;3.22;3.16;3.1;3.1;0.0;0.0
137305;774945;2022-07-25;FRC;X22;;;21;13738;678241125.0;;;3.54;3.39;3.54;3.42;3.39;3.39;3.39;0.0
137306;774946;2022-07-25;FRC;Z22;;;34;5890;290240368.0;;;3.73;3.6;3.75;3.68;3.6;3.6;3.61;3.66
137307;774947;2022-07-25;FRC;F23;;;16;8392;1008228456.0;;;3.93;3.85;3.93;3.85;3.85;3.85;0.0;0.0
137308;774948;2022-07-25;FRC;G23;;;8;6295;308887738.0;;;4.13;4.1;4.13;4.1;4.1;4.1;4.1;4.12
137309;774949;2022-07-25;FRC;H23;;;12;4685;229441487.0;;;4.28;4.22;4.28;4.22;4.22;4.22;4.22;0.0
137310;774950;2022-07-25;FRC;J23;;;7;5047;602453833.0;;;4.38;4.32;4.38;4.32;4.35;4.32;4.33;4.35
137311;774951;2022-07-25;FRC;K23;;;7;6041;294578254.0;;;4.46;4.41;4.46;4.41;4.41;4.41;4.41;0.0
137312;774952;2022-07-25;FRC;M23;;;13;3219;156623473.0;;;4.53;4.5;4.55;4.5;4.5;4.5;0.0;0.0
137313;774953;2022-07-25;FRC;N23;;;33;12015;1425236785.0;;;4.51;4.5;4.53;4.5;4.5;4.5;0.0;4.5
137314;774954;2022-07-25;FRC;V23;;;9;2905;342598205.0;;;4.54;4.53;4.54;4.53;4.53;4.53;0.0;0.0
137315;774955;2022-07-25;FRC;F24;;;11;2774;325309624.0;;;4.49;4.49;4.54;4.51;4.54;4.52;0.0;0.0
137316;774956;2022-07-25;FRC;J24;;;2;212;24771619.0;;;4.43;4.43;4.45;4.43;4.45;4.46;0.0;0.0
137317;774957;2022-07-25;FRC;N24;;;10;3206;372525661.0;;;4.38;4.38;4.41;4.4;4.41;4.41;0.0;0.0
137318;774958;2022-07-25;FRC;V24;;;1;96;4545618.0;;;4.3;4.3;4.3;4.3;4.3;4.33;0.0;0.0
137319;774959;2022-07-25;FRC;F25;;;8;3484;401012323.0;;;4.26;4.26;4.29;4.28;4.29;4.29;0.0;0.0
137320;774960;2022-07-25;FRC;J25;;;1;133;6238164.0;;;4.23;4.23;4.23;4.23;4.23;4.26;0.0;0.0
137321;774961;2022-07-25;FRC;N25;;;1;57;6477766.0;;;4.22;4.22;4.22;4.22;4.22;4.24;0.0;0.0
137322;774962;2022-07-25;FRC;V25;;;1;19;882936.0;;;4.21;4.21;4.21;4.21;4.21;4.23;0.0;0.0
137323;774963;2022-07-25;FRC;F26;;;4;730;82449080.0;;;4.19;4.19;4.2;4.19;4.2;4.2;0.0;0.0
137324;774964;2022-07-25;FRC;J26;;;0;0;0.0;;;0.0;0.0;0.0;0.0;0.0;4.22;0.0;4.22
137325;774965;2022-07-25;FRC;N26;;;1;186;20789847.0;;;4.18;4.18;4.18;4.18;4.18;4.18;0.0;0.0
137326;774966;2022-07-25;FRC;V26;;;0;0;0.0;;;0.0;0.0;0.0;0.0;0.0;4.19;0.0;0.0
137327;774967;2022-07-25;FRC;F27;;;5;865;95672919.0;;;4.22;4.22;4.24;4.23;4.24;4.24;0.0;4.24
137328;774968;2022-07-25;FRC;J27;;;0;0;0.0;;;0.0;0.0;0.0;0.0;0.0;4.26;0.0;0.0
137329;774969;2022-07-25;FRC;N27;;;0;0;0.0;;;0.0;0.0;0.0;0.0;0.0;4.28;0.0;0.0
137330;774970;2022-07-25;FRC;F28;;;2;326;35260365.0;;;4.3;4.3;4.34;4.32;4.34;4.34;0.0;4.34
137331;774971;2022-07-25;FRC;F29;;;1;53;5631096.0;;;4.41;4.41;4.41;4.41;4.41;4.43;0.0;0.0
137332;774972;2022-07-25;FRC;F30;;;3;400;41438299.0;;;4.56;4.55;4.56;4.55;4.55;4.55;0.0;0.0
137333;774973;2022-07-25;FRC;F31;;;1;154;15547587.0;;;4.7;4.7;4.7;4.7;4.7;4.69;0.0;0.0
137334;774974;2022-07-25;FRC;F32;;;0;0;0.0;;;0.0;0.0;0.0;0.0;0.0;4.84;0.0;0.0
137335;774975;2022-07-25;FRC;F33;;;0;0;0.0;;;0.0;0.0;0.0;0.0;0.0;5.03;0.0;0.0
137336;774976;2022-07-25;FRC;F34;;;0;0;0.0;;;0.0;0.0;0.0;0.0;0.0;5.27;0.0;0.0
137337;774977;2022-07-25;FRC;F35;;;0;0;0.0;;;0.0;0.0;0.0;0.0;0.0;5.42;0.0;0.0
137338;774978;2022-07-25;FRC;F36;;;0;0;0.0;;;0.0;0.0;0.0;0.0;0.0;5.56;0.0;0.0
137339;774979;2022-07-25;FRC;F37;;;0;0;0.0;;;0.0;0.0;0.0;0.0;0.0;5.68;0.0;0.0
137340;775148;2022-07-26;FRC;U22;;;307;352977;17527116965.0;;;2.93;2.76;2.95;2.8;2.76;2.78;2.74;2.76
137341;775149;2022-07-26;FRC;V22;;;65;69520;8410656099.0;;;3.1;3.0;3.1;3.01;3.0;3.0;0.0;3.0
137342;775150;2022-07-26;FRC;X22;;;29;24596;1217599816.0;;;3.34;3.3;3.37;3.3;3.3;3.3;3.3;0.0
137343;775151;2022-07-26;FRC;Z22;;;74;28487;1407682149.0;;;3.58;3.52;3.58;3.55;3.53;3.52;0.0;0.0
137344;775152;2022-07-26;FRC;F23;;;73;28135;3385939831.0;;;3.81;3.77;3.81;3.78;3.77;3.77;0.0;3.78
137345;775153;2022-07-26;FRC;G23;;;8;3960;194841610.0;;;4.04;4.04;4.04;4.04;4.04;4.04;0.0;4.04
137346;775154;2022-07-26;FRC;H23;;;3;1126;55295971.0;;;4.16;4.16;4.16;4.16;4.16;4.16;0.0;0.0
137347;775155;2022-07-26;FRC;J23;;;25;8201;980359068.0;;;4.27;4.27;4.27;4.27;4.27;4.27;0.0;0.0
137348;775156;2022-07-26;FRC;K23;;;30;9116;445755427.0;;;4.38;4.35;4.38;4.36;4.36;4.36;0.0;0.0
137349;775157;2022-07-26;FRC;M23;;;10;4439;216607446.0;;;4.43;4.43;4.43;4.43;4.43;4.43;4.43;0.0
137350;775158;2022-07-26;FRC;N23;;;20;10251;1217882930.0;;;4.45;4.44;4.45;4.44;4.44;4.44;0.0;0.0
137351;775159;2022-07-26;FRC;V23;;;16;3039;359119227.0;;;4.5;4.48;4.5;4.48;4.49;4.49;4.45;0.0
137352;775160;2022-07-26;FRC;F24;;;17;4811;565048622.0;;;4.49;4.48;4.5;4.48;4.48;4.48;4.46;4.5
137353;775161;2022-07-26;FRC;J24;;;5;1351;157946080.0;;;4.42;4.42;4.42;4.42;4.42;4.42;0.0;0.0
137354;775162;2022-07-26;FRC;N24;;;5;1920;223424120.0;;;4.38;4.38;4.38;4.38;4.38;4.38;0.0;0.0
137355;775163;2022-07-26;FRC;V24;;;0;0;0.0;;;0.0;0.0;0.0;0.0;0.0;4.31;0.0;0.0
137356;775164;2022-07-26;FRC;F25;;;9;2112;243430286.0;;;4.29;4.29;4.29;4.29;4.29;4.29;0.0;0.0
137357;775165;2022-07-26;FRC;J25;;;0;0;0.0;;;0.0;0.0;0.0;0.0;0.0;4.26;0.0;0.0
137358;775166;2022-07-26;FRC;N25;;;1;378;43107373.0;;;4.25;4.25;4.25;4.25;4.25;4.25;0.0;0.0
137359;775167;2022-07-26;FRC;V25;;;0;0;0.0;;;0.0;0.0;0.0;0.0;0.0;4.22;0.0;0.0
137360;775168;2022-07-26;FRC;F26;;;1;262;29647248.0;;;4.17;4.17;4.17;4.17;4.17;4.19;0.0;4.21
137361;775169;2022-07-26;FRC;J26;;;3;428;19728427.0;;;4.22;4.21;4.22;4.21;4.21;4.21;0.0;4.21
137362;775170;2022-07-26;FRC;N26;;;1;19;2100505.0;;;4.19;4.19;4.19;4.19;4.19;4.19;0.0;0.0
137363;775171;2022-07-26;FRC;V26;;;0;0;0.0;;;0.0;0.0;0.0;0.0;0.0;4.17;0.0;0.0
137364;775172;2022-07-26;FRC;F27;;;4;975;108034110.0;;;4.24;4.21;4.24;4.22;4.21;4.21;4.21;0.0
137365;775173;2022-07-26;FRC;J27;;;0;0;0.0;;;0.0;0.0;0.0;0.0;0.0;4.23;0.0;0.0
137366;775174;2022-07-26;FRC;N27;;;2;547;24569712.0;;;4.28;4.28;4.28;4.28;4.28;4.25;0.0;0.0
137367;775175;2022-07-26;FRC;F28;;;2;362;39192817.0;;;4.34;4.33;4.34;4.33;4.33;4.3;4.3;0.0
137368;775176;2022-07-26;FRC;F29;;;0;0;0.0;;;0.0;0.0;0.0;0.0;0.0;4.39;0.0;0.0
137369;775177;2022-07-26;FRC;F30;;;1;175;18131723.0;;;4.5;4.5;4.5;4.5;4.5;4.5;0.0;0.0
137370;775178;2022-07-26;FRC;F31;;;1;172;17397165.0;;;4.63;4.63;4.63;4.63;4.63;4.63;0.0;0.0
137371;775179;2022-07-26;FRC;F32;;;0;0;0.0;;;0.0;0.0;0.0;0.0;0.0;4.78;0.0;0.0
137372;775180;2022-07-26;FRC;F33;;;0;0;0.0;;;0.0;0.0;0.0;0.0;0.0;4.97;0.0;0.0
137373;775181;2022-07-26;FRC;F34;;;0;0;0.0;;;0.0;0.0;0.0;0.0;0.0;5.21;0.0;0.0
137374;775182;2022-07-26;FRC;F35;;;0;0;0.0;;;0.0;0.0;0.0;0.0;0.0;5.36;0.0;0.0
137375;775183;2022-07-26;FRC;F36;;;0;0;0.0;;;0.0;0.0;0.0;0.0;0.0;5.5;0.0;0.0
137376;775184;2022-07-26;FRC;F37;;;0;0;0.0;;;0.0;0.0;0.0;0.0;0.0;5.62;0.0;0.0
137377;775353;2022-07-27;FRC;U22;;;290;521508;25786648764.0;;;2.75;2.68;2.76;2.71;2.72;2.72;0.0;2.73
137378;775354;2022-07-27;FRC;V22;;;36;50567;6107166709.0;;;2.92;2.91;2.98;2.93;2.92;2.94;0.0;2.94
137379;775355;2022-07-27;FRC;X22;;;21;17249;850359334.0;;;3.3;3.2;3.3;3.22;3.2;3.22;3.19;0.0
137380;775356;2022-07-27;FRC;Z22;;;1;1989;97890091.0;;;3.43;3.43;3.43;3.43;3.43;3.44;0.0;3.45
137381;775357;2022-07-27;FRC;F23;;;28;29505;3544415431.0;;;3.71;3.68;3.74;3.69;3.68;3.68;0.0;0.0
137382;775358;2022-07-27;FRC;G23;;;12;7148;350291053.0;;;3.95;3.95;3.95;3.95;3.95;3.95;0.0;3.95
137383;775359;2022-07-27;FRC;H23;;;0;0;0.0;;;0.0;0.0;0.0;0.0;0.0;4.06;0.0;0.0
137384;775360;2022-07-27;FRC;J23;;;0;0;0.0;;;0.0;0.0;0.0;0.0;0.0;4.17;0.0;0.0
137385;775361;2022-07-27;FRC;K23;;;6;2954;143875820.0;;;4.35;4.25;4.35;4.28;4.25;4.25;0.0;0.0
137386;775362;2022-07-27;FRC;M23;;;6;4714;229138432.0;;;4.42;4.32;4.42;4.34;4.32;4.32;0.0;0.0
137387;775363;2022-07-27;FRC;N23;;;13;4057;481639291.0;;;4.32;4.32;4.32;4.32;4.32;4.32;4.3;0.0
137388;775364;2022-07-27;FRC;V23;;;2;390;46019188.0;;;4.4;4.4;4.4;4.4;4.4;4.4;0.0;4.4
137389;775365;2022-07-27;FRC;F24;;;8;2134;250378292.0;;;4.42;4.42;4.42;4.42;4.42;4.42;0.0;4.42
137390;775366;2022-07-27;FRC;J24;;;2;232;27074900.0;;;4.35;4.35;4.35;4.35;4.35;4.35;0.0;0.0
137391;775367;2022-07-27;FRC;N24;;;0;0;0.0;;;0.0;0.0;0.0;0.0;0.0;4.31;0.0;4.31
137392;775368;2022-07-27;FRC;V24;;;11;1987;93975950.0;;;4.23;4.23;4.24;4.23;4.24;4.23;0.0;0.0
137393;775369;2022-07-27;FRC;F25;;;0;0;0.0;;;0.0;0.0;0.0;0.0;0.0;4.21;0.0;0.0
137394;775370;2022-07-27;FRC;J25;;;0;0;0.0;;;0.0;0.0;0.0;0.0;0.0;4.18;0.0;0.0
137395;775371;2022-07-27;FRC;N25;;;0;0;0.0;;;0.0;0.0;0.0;0.0;0.0;4.18;0.0;0.0
137396;775372;2022-07-27;FRC;V25;;;0;0;0.0;;;0.0;0.0;0.0;0.0;0.0;4.15;0.0;0.0
137397;775373;2022-07-27;FRC;F26;;;2;225;25426396.0;;;4.17;4.1;4.17;4.11;4.1;4.11;0.0;0.0
137398;775374;2022-07-27;FRC;J26;;;0;0;0.0;;;0.0;0.0;0.0;0.0;0.0;4.12;0.0;4.16
137399;775375;2022-07-27;FRC;N26;;;0;0;0.0;;;0.0;0.0;0.0;0.0;0.0;4.1;0.0;0.0
137400;775376;2022-07-27;FRC;V26;;;0;0;0.0;;;0.0;0.0;0.0;0.0;0.0;4.07;0.0;0.0
137401;775377;2022-07-27;FRC;F27;;;6;957;106218597.0;;;4.18;4.1;4.18;4.1;4.1;4.1;4.1;0.0
137402;775378;2022-07-27;FRC;J27;;;0;0;0.0;;;0.0;0.0;0.0;0.0;0.0;4.12;0.0;0.0
137403;775379;2022-07-27;FRC;N27;;;0;0;0.0;;;0.0;0.0;0.0;0.0;0.0;4.14;0.0;0.0
137404;775380;2022-07-27;FRC;F28;;;1;90;9779797.0;;;4.27;4.27;4.27;4.27;4.27;4.19;0.0;0.0
137405;775381;2022-07-27;FRC;F29;;;1;71;7535414.0;;;4.36;4.36;4.36;4.36;4.36;4.28;0.0;0.0
137406;775382;2022-07-27;FRC;F30;;;0;0;0.0;;;0.0;0.0;0.0;0.0;0.0;4.39;4.35;0.0
137407;775383;2022-07-27;FRC;F31;;;0;0;0.0;;;0.0;0.0;0.0;0.0;0.0;4.52;4.5;0.0
137408;775384;2022-07-27;FRC;F32;;;0;0;0.0;;;0.0;0.0;0.0;0.0;0.0;4.67;0.0;0.0
137409;775385;2022-07-27;FRC;F33;;;0;0;0.0;;;0.0;0.0;0.0;0.0;0.0;4.86;0.0;0.0
137410;775386;2022-07-27;FRC;F34;;;0;0;0.0;;;0.0;0.0;0.0;0.0;0.0;5.1;0.0;0.0
137411;775387;2022-07-27;FRC;F35;;;0;0;0.0;;;0.0;0.0;0.0;0.0;0.0;5.25;0.0;0.0
137412;775388;2022-07-27;FRC;F36;;;0;0;0.0;;;0.0;0.0;0.0;0.0;0.0;5.39;0.0;0.0
137413;775389;2022-07-27;FRC;F37;;;0;0;0.0;;;0.0;0.0;0.0;0.0;0.0;5.51;0.0;0.0
137414;775558;2022-07-28;FRC;V22;;;31;41484;4996943708.0;;;3.07;3.0;3.08;3.0;3.0;3.0;3.0;0.0
137415;775559;2022-07-28;FRC;X22;;;29;15281;749850395.0;;;3.3;3.3;3.35;3.33;3.35;3.3;3.34;0.0
137416;775560;2022-07-28;FRC;Z22;;;31;3853;188730389.0;;;3.59;3.5;3.64;3.56;3.5;3.5;3.5;0.0
137417;775561;2022-07-28;FRC;F23;;;9;6399;766364801.0;;;3.8;3.8;3.8;3.8;3.8;3.8;0.0;0.0
137418;775562;2022-07-28;FRC;G23;;;0;0;0.0;;;0.0;0.0;0.0;0.0;0.0;4.07;0.0;0.0
137419;775563;2022-07-28;FRC;H23;;;2;2593;126217482.0;;;4.2;4.2;4.2;4.2;4.2;4.16;0.0;0.0
137420;775564;2022-07-28;FRC;J23;;;9;4545;540732578.0;;;4.28;4.24;4.28;4.25;4.24;4.24;0.0;0.0
137421;775565;2022-07-28;FRC;K23;;;5;3411;165388447.0;;;4.29;4.29;4.29;4.29;4.29;4.29;0.0;0.0
137422;775566;2022-07-28;FRC;M23;;;8;5058;244775518.0;;;4.33;4.33;4.33;4.33;4.33;4.33;0.0;0.0
137423;775567;2022-07-28;FRC;N23;;;6;2749;325447804.0;;;4.31;4.31;4.31;4.31;4.31;4.31;4.3;0.0
137424;775568;2022-07-28;FRC;V23;;;5;975;114856427.0;;;4.39;4.39;4.39;4.39;4.39;4.39;0.0;0.0
137425;775569;2022-07-28;FRC;F24;;;3;2021;236473338.0;;;4.42;4.35;4.42;4.41;4.4;4.4;4.38;0.0
137426;775570;2022-07-28;FRC;J24;;;4;1065;124078091.0;;;4.26;4.24;4.28;4.27;4.28;4.32;0.0;0.0
137427;775571;2022-07-28;FRC;N24;;;7;1619;187633747.0;;;4.25;4.25;4.27;4.26;4.27;4.27;0.0;0.0
137428;775572;2022-07-28;FRC;V24;;;0;0;0.0;;;0.0;0.0;0.0;0.0;0.0;4.18;0.0;0.0
137429;775573;2022-07-28;FRC;F25;;;10;3572;410425788.0;;;4.12;4.12;4.15;4.14;4.15;4.15;0.0;0.0
137430;775574;2022-07-28;FRC;J25;;;0;0;0.0;;;0.0;0.0;0.0;0.0;0.0;4.13;0.0;0.0
137431;775575;2022-07-28;FRC;N25;;;0;0;0.0;;;0.0;0.0;0.0;0.0;0.0;4.12;0.0;0.0
137432;775576;2022-07-28;FRC;V25;;;0;0;0.0;;;0.0;0.0;0.0;0.0;0.0;4.1;0.0;0.0
137433;775577;2022-07-28;FRC;F26;;;10;1937;218357679.0;;;4.07;4.07;4.07;4.07;4.07;4.07;0.0;0.0
137434;775578;2022-07-28;FRC;J26;;;0;0;0.0;;;0.0;0.0;0.0;0.0;0.0;4.07;0.0;0.0
137435;775579;2022-07-28;FRC;N26;;;0;0;0.0;;;0.0;0.0;0.0;0.0;0.0;4.05;0.0;0.0
137436;775580;2022-07-28;FRC;V26;;;0;0;0.0;;;0.0;0.0;0.0;0.0;0.0;4.01;0.0;0.0
137437;775581;2022-07-28;FRC;F27;;;9;2109;233432046.0;;;4.04;4.04;4.04;4.04;4.04;4.04;0.0;0.0
137438;775582;2022-07-28;FRC;J27;;;0;0;0.0;;;0.0;0.0;0.0;0.0;0.0;4.05;0.0;0.0
137439;775583;2022-07-28;FRC;N27;;;0;0;0.0;;;0.0;0.0;0.0;0.0;0.0;4.06;0.0;0.0
137440;775584;2022-07-28;FRC;F28;;;5;1638;177805735.0;;;4.08;4.08;4.08;4.08;4.08;4.08;0.0;0.0
137441;775585;2022-07-28;FRC;F29;;;0;0;0.0;;;0.0;0.0;0.0;0.0;0.0;4.17;0.0;4.17
137442;775586;2022-07-28;FRC;F30;;;0;0;0.0;;;0.0;0.0;0.0;0.0;0.0;4.28;0.0;0.0
137443;775587;2022-07-28;FRC;F31;;;0;0;0.0;;;0.0;0.0;0.0;0.0;0.0;4.41;0.0;0.0
137444;775588;2022-07-28;FRC;F32;;;0;0;0.0;;;0.0;0.0;0.0;0.0;0.0;4.56;0.0;0.0
137445;775589;2022-07-28;FRC;F33;;;0;0;0.0;;;0.0;0.0;0.0;0.0;0.0;4.75;0.0;0.0
137446;775590;2022-07-28;FRC;F34;;;0;0;0.0;;;0.0;0.0;0.0;0.0;0.0;4.99;0.0;0.0
137447;775591;2022-07-28;FRC;F35;;;0;0;0.0;;;0.0;0.0;0.0;0.0;0.0;5.14;0.0;0.0
137448;775592;2022-07-28;FRC;F36;;;0;0;0.0;;;0.0;0.0;0.0;0.0;0.0;5.27;0.0;0.0
137449;775593;2022-07-28;FRC;F37;;;0;0;0.0;;;0.0;0.0;0.0;0.0;0.0;5.39;0.0;0.0
137450;775766;2022-07-29;FRC;V22;;;321;207229;25054226191.0;;;2.95;2.93;3.05;2.94;3.05;3.05;0.0;0.0
137451;775767;2022-07-29;FRC;X22;;;28;40742;2017751876.0;;;3.3;3.24;3.35;3.33;3.33;3.33;3.33;0.0
137452;775768;2022-07-29;FRC;Z22;;;17;14832;733290819.0;;;3.5;3.48;3.56;3.53;3.56;3.56;3.56;0.0
137453;775769;2022-07-29;FRC;F23;;;12;8842;1062902020.0;;;3.8;3.8;3.88;3.85;3.88;3.86;3.86;0.0
137454;775770;2022-07-29;FRC;G23;;;8;3569;175659853.0;;;4.11;4.11;4.11;4.11;4.11;4.11;0.0;0.0
137455;775771;2022-07-29;FRC;H23;;;5;851;41810103.0;;;4.16;4.14;4.19;4.17;4.19;4.19;0.0;0.0
137456;775772;2022-07-29;FRC;J23;;;4;890;106248442.0;;;4.24;4.24;4.25;4.24;4.25;4.25;4.25;0.0
137457;775773;2022-07-29;FRC;K23;;;13;13192;645555854.0;;;4.29;4.29;4.3;4.29;4.3;4.3;4.3;0.0
137458;775774;2022-07-29;FRC;M23;;;14;4666;227891794.0;;;4.33;4.33;4.34;4.33;4.34;4.34;0.0;0.0
137459;775775;2022-07-29;FRC;N23;;;30;12352;1467786280.0;;;4.31;4.28;4.33;4.31;4.32;4.32;0.0;0.0
137460;775776;2022-07-29;FRC;Q23;;;0;0;0.0;;;0.0;0.0;0.0;0.0;0.0;4.36;0.0;0.0
137461;775777;2022-07-29;FRC;V23;;;8;1777;209948946.0;;;4.39;4.39;4.4;4.39;4.4;4.4;0.0;4.4
137462;775778;2022-07-29;FRC;F24;;;21;6414;753376310.0;;;4.4;4.4;4.41;4.4;4.41;4.41;0.0;4.41
137463;775779;2022-07-29;FRC;J24;;;2;271;31681493.0;;;4.32;4.32;4.32;4.32;4.32;4.33;0.0;4.32
137464;775780;2022-07-29;FRC;N24;;;3;502;58331059.0;;;4.27;4.27;4.29;4.28;4.29;4.29;0.0;0.0
137465;775781;2022-07-29;FRC;V24;;;1;173;8227072.0;;;4.18;4.18;4.18;4.18;4.18;4.21;0.0;0.0
137466;775782;2022-07-29;FRC;F25;;;8;2158;248799696.0;;;4.15;4.15;4.19;4.17;4.19;4.19;0.0;4.19
137467;775783;2022-07-29;FRC;J25;;;1;190;8949824.0;;;4.13;4.13;4.13;4.13;4.13;4.16;0.0;0.0
137468;775784;2022-07-29;FRC;N25;;;1;57;6501127.0;;;4.12;4.12;4.12;4.12;4.12;4.14;0.0;0.0
137469;775785;2022-07-29;FRC;V25;;;1;19;887028.0;;;4.1;4.1;4.1;4.1;4.1;4.11;0.0;0.0
137470;775786;2022-07-29;FRC;F26;;;4;846;95752846.0;;;4.07;4.07;4.07;4.07;4.07;4.07;0.0;0.0
137471;775787;2022-07-29;FRC;J26;;;0;0;0.0;;;0.0;0.0;0.0;0.0;0.0;4.07;0.0;0.0
137472;775788;2022-07-29;FRC;N26;;;1;19;2109240.0;;;4.05;4.05;4.05;4.05;4.05;4.05;0.0;0.0
137473;775789;2022-07-29;FRC;V26;;;1;19;872774.0;;;4.01;4.01;4.01;4.01;4.01;4.02;0.0;0.0
137474;775790;2022-07-29;FRC;F27;;;11;2238;248623740.0;;;4.04;4.04;4.05;4.04;4.05;4.05;0.0;0.0
137475;775791;2022-07-29;FRC;J27;;;0;0;0.0;;;0.0;0.0;0.0;0.0;0.0;4.06;0.0;0.0
137476;775792;2022-07-29;FRC;N27;;;0;0;0.0;;;0.0;0.0;0.0;0.0;0.0;4.08;0.0;0.0
137477;775793;2022-07-29;FRC;F28;;;10;2219;241647252.0;;;4.08;4.08;4.11;4.1;4.11;4.11;0.0;0.0
137478;775794;2022-07-29;FRC;F29;;;3;536;57220494.0;;;4.17;4.15;4.19;4.18;4.19;4.2;0.0;0.0
137479;775795;2022-07-29;FRC;F30;;;1;88;9184294.0;;;4.28;4.28;4.28;4.28;4.28;4.31;0.0;0.0
137480;775796;2022-07-29;FRC;F31;;;1;173;17641912.0;;;4.41;4.41;4.41;4.41;4.41;4.44;0.0;0.0
137481;775797;2022-07-29;FRC;F32;;;1;17;694534.0;;;4.56;4.56;4.56;4.56;4.56;4.59;0.0;0.0
137482;775798;2022-07-29;FRC;F33;;;0;0;0.0;;;0.0;0.0;0.0;0.0;0.0;4.78;0.0;0.0
137483;775799;2022-07-29;FRC;F34;;;0;0;0.0;;;0.0;0.0;0.0;0.0;0.0;5.02;0.0;0.0
137484;775800;2022-07-29;FRC;F35;;;0;0;0.0;;;0.0;0.0;0.0;0.0;0.0;5.17;0.0;0.0
137485;775801;2022-07-29;FRC;F36;;;0;0;0.0;;;0.0;0.0;0.0;0.0;0.0;5.3;0.0;0.0
137486;775802;2022-07-29;FRC;F37;;;0;0;0.0;;;0.0;0.0;0.0;0.0;0.0;5.42;0.0;0.0
137487;775975;2022-08-01;FRC;V22;;;15;26045;3154234680.0;;;3.05;3.04;3.07;3.06;3.07;3.07;0.0;0.0
137488;775976;2022-08-01;FRC;X22;;;12;7959;395637799.0;;;3.33;3.33;3.37;3.35;3.37;3.35;3.35;0.0
137489;775977;2022-08-01;FRC;Z22;;;8;6192;307263824.0;;;3.56;3.56;3.6;3.56;3.57;3.57;0.0;0.0
137490;775978;2022-08-01;FRC;F23;;;18;9317;1122030079.0;;;3.86;3.86;3.87;3.86;3.87;3.87;0.0;0.0
137491;775979;2022-08-01;FRC;G23;;;6;1011;49946379.0;;;4.11;4.11;4.12;4.11;4.11;4.12;4.11;0.0
137492;775980;2022-08-01;FRC;H23;;;3;475;23424511.0;;;4.19;4.19;4.19;4.19;4.19;4.19;4.19;0.0
137493;775981;2022-08-01;FRC;J23;;;4;870;104053213.0;;;4.25;4.25;4.26;4.25;4.26;4.26;4.26;0.0
137494;775982;2022-08-01;FRC;K23;;;9;4948;243018211.0;;;4.3;4.3;4.33;4.32;4.33;4.33;0.0;0.0
137495;775983;2022-08-01;FRC;M23;;;10;7164;351204419.0;;;4.34;4.34;4.35;4.34;4.35;4.35;4.35;0.0
137496;775984;2022-08-01;FRC;N23;;;9;3003;357541604.0;;;4.32;4.32;4.34;4.33;4.34;4.34;4.34;0.0
137497;775985;2022-08-01;FRC;Q23;;;1;196;9571549.0;;;4.4;4.4;4.4;4.4;4.4;4.4;0.0;0.0
137498;775986;2022-08-01;FRC;V23;;;5;1290;152563646.0;;;4.4;4.4;4.43;4.42;4.41;4.43;4.41;0.0
137499;775987;2022-08-01;FRC;F24;;;14;16420;1932085466.0;;;4.41;4.41;4.42;4.41;4.42;4.42;4.4;4.42
137500;775988;2022-08-01;FRC;J24;;;3;425;49816484.0;;;4.33;4.33;4.35;4.34;4.35;4.35;0.0;0.0
137501;775989;2022-08-01;FRC;N24;;;3;521;60667562.0;;;4.29;4.28;4.29;4.28;4.28;4.28;0.0;0.0
137502;775990;2022-08-01;FRC;V24;;;3;576;27480048.0;;;4.21;4.21;4.24;4.23;4.24;4.24;0.0;0.0
137503;775991;2022-08-01;FRC;F25;;;14;5138;593019938.0;;;4.19;4.19;4.22;4.2;4.22;4.22;0.0;0.0
137504;775992;2022-08-01;FRC;J25;;;1;228;10776224.0;;;4.16;4.16;4.16;4.16;4.16;4.17;0.0;0.0
137505;775993;2022-08-01;FRC;N25;;;4;1023;117047038.0;;;4.14;4.13;4.14;4.13;4.13;4.13;0.0;0.0
137506;775994;2022-08-01;FRC;V25;;;1;38;1780523.0;;;4.11;4.11;4.11;4.11;4.11;4.1;0.0;0.0
137507;775995;2022-08-01;FRC;F26;;;9;2181;247263679.0;;;4.07;4.07;4.07;4.07;4.07;4.07;0.0;0.0
137508;775996;2022-08-01;FRC;J26;;;0;0;0.0;;;0.0;0.0;0.0;0.0;0.0;4.07;0.0;0.0
137509;775997;2022-08-01;FRC;N26;;;1;37;4176053.0;;;4.05;4.05;4.05;4.05;4.05;4.05;0.0;0.0
137510;775998;2022-08-01;FRC;V26;;;1;19;875967.0;;;4.02;4.02;4.02;4.02;4.02;4.01;0.0;0.0
137511;775999;2022-08-01;FRC;F27;;;3;592;65881301.0;;;4.05;4.04;4.05;4.04;4.04;4.04;0.0;4.05
137512;776000;2022-08-01;FRC;J27;;;0;0;0.0;;;0.0;0.0;0.0;0.0;0.0;4.05;0.0;0.0
137513;776001;2022-08-01;FRC;N27;;;0;0;0.0;;;0.0;0.0;0.0;0.0;0.0;4.06;0.0;0.0
137514;776002;2022-08-01;FRC;F28;;;6;1146;125096819.0;;;4.11;4.08;4.11;4.08;4.08;4.08;0.0;0.0
137515;776003;2022-08-01;FRC;F29;;;2;286;30566660.0;;;4.2;4.18;4.2;4.18;4.18;4.16;0.0;0.0
137516;776004;2022-08-01;FRC;F30;;;1;105;10994997.0;;;4.31;4.31;4.31;4.31;4.31;4.26;0.0;0.0
137517;776005;2022-08-01;FRC;F31;;;1;207;21144980.0;;;4.44;4.44;4.44;4.44;4.44;4.37;0.0;0.0
137518;776006;2022-08-01;FRC;F32;;;0;0;0.0;;;0.0;0.0;0.0;0.0;0.0;4.55;0.0;0.0
137519;776007;2022-08-01;FRC;F33;;;5;835;33408069.0;;;4.69;4.69;4.69;4.69;4.69;4.69;0.0;0.0
137520;776008;2022-08-01;FRC;F34;;;0;0;0.0;;;0.0;0.0;0.0;0.0;0.0;4.93;0.0;0.0
137521;776009;2022-08-01;FRC;F35;;;0;0;0.0;;;0.0;0.0;0.0;0.0;0.0;5.08;0.0;0.0
137522;776010;2022-08-01;FRC;F36;;;0;0;0.0;;;0.0;0.0;0.0;0.0;0.0;5.21;0.0;0.0
137523;776011;2022-08-01;FRC;F37;;;0;0;0.0;;;0.0;0.0;0.0;0.0;0.0;5.33;0.0;0.0
137524;776180;2022-08-02;FRC;V22;;;8;12582;1530980885.0;;;3.11;3.11;3.11;3.11;3.11;3.11;0.0;0.0
137525;776181;2022-08-02;FRC;X22;;;10;5664;284744487.0;;;3.36;3.36;3.42;3.41;3.42;3.42;0.0;0.0
137526;776182;2022-08-02;FRC;Z22;;;12;10550;529425629.0;;;3.54;3.54;3.65;3.64;3.65;3.65;3.65;0.0
137527;776183;2022-08-02;FRC;F23;;;16;12061;1458975774.0;;;3.87;3.87;3.94;3.91;3.94;3.93;0.0;0.0
137528;776184;2022-08-02;FRC;G23;;;9;2615;130636652.0;;;4.2;4.2;4.2;4.2;4.2;4.2;4.18;0.0
137529;776185;2022-08-02;FRC;H23;;;5;2217;110555394.0;;;4.27;4.27;4.27;4.27;4.27;4.27;0.0;0.0
137530;776186;2022-08-02;FRC;J23;;;6;4047;486558433.0;;;4.34;4.34;4.35;4.34;4.35;4.34;0.0;4.37
137531;776187;2022-08-02;FRC;K23;;;2;2050;101808250.0;;;4.4;4.4;4.43;4.4;4.43;4.43;0.0;4.45
137532;776188;2022-08-02;FRC;M23;;;15;3144;155809112.0;;;4.47;4.47;4.47;4.47;4.47;4.47;4.44;4.48
137533;776189;2022-08-02;FRC;N23;;;17;12527;1497370331.0;;;4.34;4.34;4.48;4.41;4.48;4.45;0.0;4.48
137534;776190;2022-08-02;FRC;Q23;;;1;3882;191743045.0;;;4.4;4.4;4.4;4.4;4.4;4.51;0.0;0.0
137535;776191;2022-08-02;FRC;V23;;;7;7224;858122867.0;;;4.43;4.43;4.55;4.53;4.55;4.55;0.0;0.0
137536;776192;2022-08-02;FRC;F24;;;15;17388;2054926175.0;;;4.45;4.45;4.56;4.46;4.56;4.56;4.53;0.0
137537;776193;2022-08-02;FRC;J24;;;7;3613;424690255.0;;;4.49;4.49;4.49;4.49;4.49;4.49;4.45;4.49
137538;776194;2022-08-02;FRC;N24;;;3;480;56193743.0;;;4.44;4.44;4.44;4.44;4.44;4.44;4.41;4.43
137539;776195;2022-08-02;FRC;V24;;;0;0;0.0;;;0.0;0.0;0.0;0.0;0.0;4.41;0.0;4.41
137540;776196;2022-08-02;FRC;F25;;;11;4195;485354002.0;;;4.4;4.39;4.4;4.39;4.4;4.4;0.0;0.0
137541;776197;2022-08-02;FRC;J25;;;1;190;9061994.0;;;4.35;4.35;4.35;4.35;4.35;4.35;0.0;0.0
137542;776198;2022-08-02;FRC;N25;;;4;756;86681735.0;;;4.32;4.32;4.32;4.32;4.32;4.32;0.0;0.0
137543;776199;2022-08-02;FRC;V25;;;0;0;0.0;;;0.0;0.0;0.0;0.0;0.0;4.29;0.0;0.0
137544;776200;2022-08-02;FRC;F26;;;6;1310;148892545.0;;;4.27;4.27;4.27;4.27;4.27;4.27;0.0;0.0
137545;776201;2022-08-02;FRC;J26;;;3;561;26259048.0;;;4.25;4.25;4.25;4.25;4.25;4.25;0.0;0.0
137546;776202;2022-08-02;FRC;N26;;;2;372;41809790.0;;;4.27;4.27;4.27;4.27;4.27;4.27;0.0;0.0
137547;776203;2022-08-02;FRC;V26;;;0;0;0.0;;;0.0;0.0;0.0;0.0;0.0;4.23;0.0;0.0
137548;776204;2022-08-02;FRC;F27;;;7;1657;184699900.0;;;4.12;4.12;4.25;4.23;4.25;4.25;0.0;0.0
137549;776205;2022-08-02;FRC;J27;;;0;0;0.0;;;0.0;0.0;0.0;0.0;0.0;4.26;0.0;0.0
137550;776206;2022-08-02;FRC;N27;;;0;0;0.0;;;0.0;0.0;0.0;0.0;0.0;4.28;0.0;0.0
137551;776207;2022-08-02;FRC;F28;;;6;1086;118486884.0;;;4.31;4.31;4.31;4.31;4.31;4.31;0.0;0.0
137552;776208;2022-08-02;FRC;F29;;;1;178;19000846.0;;;4.39;4.39;4.39;4.39;4.39;4.39;0.0;0.0
137553;776209;2022-08-02;FRC;F30;;;1;18;1870777.0;;;4.26;4.26;4.26;4.26;4.26;4.49;0.0;0.0
137554;776210;2022-08-02;FRC;F31;;;3;361;36846372.0;;;4.37;4.37;4.6;4.58;4.6;4.6;0.0;0.0
137555;776211;2022-08-02;FRC;F32;;;0;0;0.0;;;0.0;0.0;0.0;0.0;0.0;4.76;0.0;0.0
137556;776212;2022-08-02;FRC;F33;;;0;0;0.0;;;0.0;0.0;0.0;0.0;0.0;4.88;0.0;0.0
137557;776213;2022-08-02;FRC;F34;;;0;0;0.0;;;0.0;0.0;0.0;0.0;0.0;5.1;0.0;0.0
137558;776214;2022-08-02;FRC;F35;;;0;0;0.0;;;0.0;0.0;0.0;0.0;0.0;5.23;0.0;0.0
137559;776215;2022-08-02;FRC;F36;;;1;158;5851938.0;;;5.34;5.34;5.34;5.34;5.34;5.34;0.0;0.0
137560;776216;2022-08-02;FRC;F37;;;0;0;0.0;;;0.0;0.0;0.0;0.0;0.0;5.46;0.0;0.0
137561;776386;2022-08-03;FRC;V22;;;16;12942;1570827020.0;;;3.13;3.1;3.17;3.14;3.17;3.17;3.17;3.2
137562;776387;2022-08-03;FRC;X22;;;11;4983;248981770.0;;;3.48;3.48;3.48;3.48;3.48;3.48;3.48;0.0
137563;776388;2022-08-03;FRC;Z22;;;18;19231;959128198.0;;;3.7;3.7;3.73;3.72;3.73;3.73;0.0;0.0
137564;776389;2022-08-03;FRC;F23;;;12;12692;1531566686.0;;;3.99;3.99;3.99;3.99;3.99;3.99;3.99;0.0
137565;776390;2022-08-03;FRC;G23;;;14;12112;601388775.0;;;4.22;4.22;4.25;4.23;4.25;4.25;0.0;0.0
137566;776391;2022-08-03;FRC;H23;;;2;792;39250924.0;;;4.33;4.33;4.33;4.33;4.33;4.33;0.0;0.0
137567;776392;2022-08-03;FRC;J23;;;8;2170;260292977.0;;;4.4;4.4;4.4;4.4;4.4;4.4;0.0;0.0
137568;776393;2022-08-03;FRC;K23;;;2;985;48609208.0;;;4.48;4.48;4.48;4.48;4.48;4.48;0.0;0.0
137569;776394;2022-08-03;FRC;M23;;;8;5900;290582815.0;;;4.52;4.52;4.52;4.52;4.52;4.52;4.5;4.52
137570;776395;2022-08-03;FRC;N23;;;18;10600;1263255986.0;;;4.51;4.51;4.52;4.51;4.52;4.52;0.0;4.52
137571;776396;2022-08-03;FRC;Q23;;;9;2470;121156955.0;;;4.51;4.51;4.59;4.58;4.59;4.59;0.0;0.0
137572;776397;2022-08-03;FRC;V23;;;17;7494;887776249.0;;;4.59;4.55;4.6;4.59;4.59;4.6;0.0;0.0
137573;776398;2022-08-03;FRC;F24;;;11;7432;875465168.0;;;4.61;4.61;4.61;4.61;4.61;4.61;0.0;0.0
137574;776399;2022-08-03;FRC;J24;;;0;0;0.0;;;0.0;0.0;0.0;0.0;0.0;4.54;0.0;0.0
137575;776400;2022-08-03;FRC;N24;;;9;2305;268939219.0;;;4.49;4.49;4.49;4.49;4.49;4.49;0.0;0.0
137576;776401;2022-08-03;FRC;V24;;;1;57;2726446.0;;;4.45;4.45;4.45;4.45;4.45;4.46;0.0;0.0
137577;776402;2022-08-03;FRC;F25;;;7;1959;226252698.0;;;4.44;4.44;4.44;4.44;4.44;4.44;0.0;4.44
137578;776403;2022-08-03;FRC;J25;;;0;0;0.0;;;0.0;0.0;0.0;0.0;0.0;4.38;0.0;0.0
137579;776404;2022-08-03;FRC;N25;;;6;1512;172870984.0;;;4.34;4.34;4.34;4.34;4.34;4.34;0.0;0.0
137580;776405;2022-08-03;FRC;V25;;;0;0;0.0;;;0.0;0.0;0.0;0.0;0.0;4.31;4.32;0.0
137581;776406;2022-08-03;FRC;F26;;;7;2266;256704022.0;;;4.29;4.29;4.29;4.29;4.29;4.29;0.0;0.0
137582;776407;2022-08-03;FRC;J26;;;3;561;26092491.0;;;4.27;4.27;4.27;4.27;4.27;4.27;4.27;0.0
137583;776408;2022-08-03;FRC;N26;;;1;19;2104985.0;;;4.28;4.28;4.28;4.28;4.28;4.28;0.0;4.28
137584;776409;2022-08-03;FRC;V26;;;0;0;0.0;;;0.0;0.0;0.0;0.0;0.0;4.24;0.0;0.0
137585;776410;2022-08-03;FRC;F27;;;7;3405;378329504.0;;;4.28;4.25;4.28;4.26;4.25;4.25;0.0;0.0
137586;776411;2022-08-03;FRC;J27;;;0;0;0.0;;;0.0;0.0;0.0;0.0;0.0;4.26;0.0;0.0
137587;776412;2022-08-03;FRC;N27;;;0;0;0.0;;;0.0;0.0;0.0;0.0;0.0;4.27;0.0;0.0
137588;776413;2022-08-03;FRC;F28;;;1;181;19706748.0;;;4.3;4.3;4.3;4.3;4.3;4.29;0.0;0.0
137589;776414;2022-08-03;FRC;F29;;;0;0;0.0;;;0.0;0.0;0.0;0.0;0.0;4.36;4.36;0.0
137590;776415;2022-08-03;FRC;F30;;;0;0;0.0;;;0.0;0.0;0.0;0.0;0.0;4.44;0.0;0.0
137591;776416;2022-08-03;FRC;F31;;;7;1377;140448505.0;;;4.54;4.54;4.54;4.54;4.54;4.54;0.0;0.0
137592;776417;2022-08-03;FRC;F32;;;1;169;6901142.0;;;4.81;4.81;4.81;4.81;4.81;4.7;0.0;0.0
137593;776418;2022-08-03;FRC;F33;;;0;0;0.0;;;0.0;0.0;0.0;0.0;0.0;4.82;0.0;0.0
137594;776419;2022-08-03;FRC;F34;;;0;0;0.0;;;0.0;0.0;0.0;0.0;0.0;5.04;0.0;0.0
137595;776420;2022-08-03;FRC;F35;;;0;0;0.0;;;0.0;0.0;0.0;0.0;0.0;5.17;0.0;0.0
137596;776421;2022-08-03;FRC;F36;;;0;0;0.0;;;0.0;0.0;0.0;0.0;0.0;5.28;0.0;0.0
137597;776422;2022-08-03;FRC;F37;;;0;0;0.0;;;0.0;0.0;0.0;0.0;0.0;5.4;0.0;0.0
137598;776592;2022-08-04;FRC;V22;;;22;36189;4371184378.0;;;3.19;3.14;3.2;3.18;3.2;3.2;0.0;0.0
137599;776593;2022-08-04;FRC;X22;;;10;4287;211683832.0;;;3.48;3.48;3.51;3.5;3.51;3.51;0.0;0.0
137600;776594;2022-08-04;FRC;Z22;;;27;17514;863240629.0;;;3.71;3.71;3.73;3.72;3.73;3.73;0.0;3.73
137601;776595;2022-08-04;FRC;F23;;;53;51929;6236194775.0;;;4.0;3.97;4.0;3.97;3.97;3.97;0.0;0.0
137602;776596;2022-08-04;FRC;G23;;;1;396;19432023.0;;;4.23;4.23;4.23;4.23;4.23;4.23;0.0;4.23
137603;776597;2022-08-04;FRC;H23;;;6;1188;58188473.0;;;4.31;4.31;4.31;4.31;4.31;4.31;0.0;0.0
137604;776598;2022-08-04;FRC;J23;;;2;394;47083595.0;;;4.36;4.36;4.36;4.36;4.36;4.36;0.0;0.0
137605;776599;2022-08-04;FRC;K23;;;3;4730;230723243.0;;;4.48;4.43;4.48;4.43;4.43;4.43;0.0;0.0
137606;776600;2022-08-04;FRC;M23;;;9;3344;162804472.0;;;4.46;4.46;4.46;4.46;4.46;4.46;0.0;0.0
137607;776601;2022-08-04;FRC;N23;;;5;3652;433168792.0;;;4.5;4.46;4.53;4.49;4.46;4.45;4.45;4.46
137608;776602;2022-08-04;FRC;Q23;;;13;6839;331632616.0;;;4.56;4.5;4.59;4.52;4.52;4.5;0.0;0.0
137609;776603;2022-08-04;FRC;V23;;;10;4023;474347800.0;;;4.59;4.53;4.59;4.54;4.53;4.53;4.53;0.0
137610;776604;2022-08-04;FRC;F24;;;11;10194;1195292617.0;;;4.56;4.56;4.56;4.56;4.56;4.56;0.0;4.56
137611;776605;2022-08-04;FRC;J24;;;1;4735;552419893.0;;;4.5;4.5;4.5;4.5;4.5;4.49;0.0;0.0
137612;776606;2022-08-04;FRC;N24;;;10;2113;245531791.0;;;4.44;4.44;4.44;4.44;4.44;4.44;0.0;0.0
137613;776607;2022-08-04;FRC;V24;;;1;192;9086176.0;;;4.39;4.39;4.39;4.39;4.39;4.39;0.0;0.0
137614;776608;2022-08-04;FRC;F25;;;19;5319;611087887.0;;;4.44;4.37;4.44;4.39;4.38;4.38;4.38;0.0
137615;776609;2022-08-04;FRC;J25;;;0;0;0.0;;;0.0;0.0;0.0;0.0;0.0;4.32;0.0;0.0
137616;776610;2022-08-04;FRC;N25;;;0;0;0.0;;;0.0;0.0;0.0;0.0;0.0;4.28;0.0;0.0
137617;776611;2022-08-04;FRC;V25;;;1;38;1763942.0;;;4.31;4.31;4.31;4.31;4.31;4.26;0.0;0.0
137618;776612;2022-08-04;FRC;F26;;;6;1217;137391726.0;;;4.24;4.24;4.24;4.24;4.24;4.24;0.0;0.0
137619;776613;2022-08-04;FRC;J26;;;2;224;10301160.0;;;4.23;4.23;4.23;4.23;4.23;4.23;4.22;0.0
137620;776614;2022-08-04;FRC;N26;;;0;0;0.0;;;0.0;0.0;0.0;0.0;0.0;4.22;0.0;4.25
137621;776615;2022-08-04;FRC;V26;;;0;0;0.0;;;0.0;0.0;0.0;0.0;0.0;4.18;0.0;0.0
137622;776616;2022-08-04;FRC;F27;;;10;2210;244862888.0;;;4.19;4.19;4.19;4.19;4.19;4.19;0.0;0.0
137623;776617;2022-08-04;FRC;J27;;;0;0;0.0;;;0.0;0.0;0.0;0.0;0.0;4.2;0.0;0.0
137624;776618;2022-08-04;FRC;N27;;;0;0;0.0;;;0.0;0.0;0.0;0.0;0.0;4.21;0.0;0.0
137625;776619;2022-08-04;FRC;F28;;;5;1541;167237352.0;;;4.25;4.23;4.25;4.23;4.23;4.23;0.0;0.0
137626;776620;2022-08-04;FRC;F29;;;0;0;0.0;;;0.0;0.0;0.0;0.0;0.0;4.29;0.0;0.0
137627;776621;2022-08-04;FRC;F30;;;0;0;0.0;;;0.0;0.0;0.0;0.0;0.0;4.37;0.0;4.4
137628;776622;2022-08-04;FRC;F31;;;4;692;70336114.0;;;4.46;4.46;4.46;4.46;4.46;4.46;0.0;0.0
137629;776623;2022-08-04;FRC;F32;;;2;340;13824521.0;;;4.62;4.62;4.62;4.62;4.62;4.62;0.0;0.0
137630;776624;2022-08-04;FRC;F33;;;0;0;0.0;;;0.0;0.0;0.0;0.0;0.0;4.76;0.0;0.0
137631;776625;2022-08-04;FRC;F34;;;3;492;18950016.0;;;4.99;4.99;4.99;4.99;4.99;4.99;0.0;0.0
137632;776626;2022-08-04;FRC;F35;;;0;0;0.0;;;0.0;0.0;0.0;0.0;0.0;5.12;0.0;0.0
137633;776627;2022-08-04;FRC;F36;;;0;0;0.0;;;0.0;0.0;0.0;0.0;0.0;5.23;0.0;0.0
137634;776628;2022-08-04;FRC;F37;;;0;0;0.0;;;0.0;0.0;0.0;0.0;0.0;5.35;0.0;0.0
137635;776798;2022-08-05;FRC;V22;;;55;72944;8812327296.0;;;3.23;3.22;3.26;3.24;3.25;3.25;3.25;3.29
137636;776799;2022-08-05;FRC;X22;;;17;14695;725998229.0;;;3.57;3.57;3.61;3.59;3.61;3.59;3.61;3.63
137637;776800;2022-08-05;FRC;Z22;;;3;2189;107948107.0;;;3.79;3.79;3.81;3.8;3.81;3.81;0.0;3.83
137638;776801;2022-08-05;FRC;F23;;;14;12554;1507715801.0;;;4.1;4.06;4.1;4.06;4.06;4.06;0.0;0.0
137639;776802;2022-08-05;FRC;G23;;;5;3171;155669155.0;;;4.32;4.32;4.32;4.32;4.32;4.32;0.0;0.0
137640;776803;2022-08-05;FRC;H23;;;15;5500;269484951.0;;;4.42;4.41;4.43;4.41;4.41;4.41;0.0;0.0
137641;776804;2022-08-05;FRC;J23;;;15;10755;1283445841.0;;;4.51;4.48;4.51;4.49;4.48;4.48;0.0;0.0
137642;776805;2022-08-05;FRC;K23;;;3;16391;799654612.0;;;4.57;4.56;4.57;4.56;4.56;4.56;0.0;4.57
137643;776806;2022-08-05;FRC;M23;;;12;7314;356098141.0;;;4.61;4.58;4.61;4.6;4.58;4.61;0.0;0.0
137644;776807;2022-08-05;FRC;N23;;;20;15050;1784987418.0;;;4.61;4.59;4.61;4.6;4.59;4.6;0.0;0.0
137645;776808;2022-08-05;FRC;Q23;;;14;7680;372406524.0;;;4.66;4.65;4.66;4.65;4.66;4.66;0.0;0.0
137646;776809;2022-08-05;FRC;V23;;;13;5503;648739337.0;;;4.65;4.65;4.66;4.65;4.66;4.65;4.65;0.0
137647;776810;2022-08-05;FRC;F24;;;13;4074;477433277.0;;;4.7;4.69;4.7;4.69;4.69;4.69;0.0;4.69
137648;776811;2022-08-05;FRC;J24;;;8;1834;213881081.0;;;4.61;4.61;4.62;4.61;4.62;4.61;0.0;0.0
137649;776812;2022-08-05;FRC;N24;;;4;3844;445917144.0;;;4.56;4.56;4.56;4.56;4.56;4.56;0.0;0.0
137650;776813;2022-08-05;FRC;V24;;;0;0;0.0;;;0.0;0.0;0.0;0.0;0.0;4.51;0.0;4.51
137651;776814;2022-08-05;FRC;F25;;;13;3139;360486766.0;;;4.54;4.5;4.54;4.5;4.5;4.5;0.0;0.0
137652;776815;2022-08-05;FRC;J25;;;0;0;0.0;;;0.0;0.0;0.0;0.0;0.0;4.44;0.0;0.0
137653;776816;2022-08-05;FRC;N25;;;2;756;85942907.0;;;4.4;4.4;4.4;4.4;4.4;4.4;0.0;0.0
137654;776817;2022-08-05;FRC;V25;;;0;0;0.0;;;0.0;0.0;0.0;0.0;0.0;4.38;0.0;0.0
137655;776818;2022-08-05;FRC;F26;;;10;1945;219104069.0;;;4.37;4.37;4.37;4.37;4.37;4.37;0.0;0.0
137656;776819;2022-08-05;FRC;J26;;;2;112;5145566.0;;;4.33;4.33;4.33;4.33;4.33;4.36;4.33;0.0
137657;776820;2022-08-05;FRC;N26;;;0;0;0.0;;;0.0;0.0;0.0;0.0;0.0;4.36;0.0;4.36
137658;776821;2022-08-05;FRC;V26;;;0;0;0.0;;;0.0;0.0;0.0;0.0;0.0;4.32;0.0;0.0
137659;776822;2022-08-05;FRC;F27;;;6;1122;123883303.0;;;4.34;4.34;4.34;4.34;4.34;4.34;0.0;0.0
137660;776823;2022-08-05;FRC;J27;;;0;0;0.0;;;0.0;0.0;0.0;0.0;0.0;4.35;0.0;0.0
137661;776824;2022-08-05;FRC;N27;;;0;0;0.0;;;0.0;0.0;0.0;0.0;0.0;4.36;0.0;0.0
137662;776825;2022-08-05;FRC;F28;;;4;633;68447304.0;;;4.38;4.38;4.38;4.38;4.38;4.38;0.0;0.0
137663;776826;2022-08-05;FRC;F29;;;0;0;0.0;;;0.0;0.0;0.0;0.0;0.0;4.44;0.0;0.0
137664;776827;2022-08-05;FRC;F30;;;1;35;3622635.0;;;4.52;4.52;4.52;4.52;4.52;4.52;0.0;4.55
137665;776828;2022-08-05;FRC;F31;;;2;1981;200955096.0;;;4.55;4.55;4.61;4.55;4.61;4.61;4.55;0.0
137666;776829;2022-08-05;FRC;F32;;;0;0;0.0;;;0.0;0.0;0.0;0.0;0.0;4.77;0.0;4.8
137667;776830;2022-08-05;FRC;F33;;;0;0;0.0;;;0.0;0.0;0.0;0.0;0.0;4.91;0.0;0.0
137668;776831;2022-08-05;FRC;F34;;;0;0;0.0;;;0.0;0.0;0.0;0.0;0.0;5.14;0.0;0.0
137669;776832;2022-08-05;FRC;F35;;;0;0;0.0;;;0.0;0.0;0.0;0.0;0.0;5.27;0.0;0.0
137670;776833;2022-08-05;FRC;F36;;;0;0;0.0;;;0.0;0.0;0.0;0.0;0.0;5.38;0.0;0.0
137671;776834;2022-08-05;FRC;F37;;;0;0;0.0;;;0.0;0.0;0.0;0.0;0.0;5.5;0.0;0.0
137672;777004;2022-08-08;FRC;V22;;;47;138979;16770891708.0;;;3.25;3.25;3.31;3.28;3.31;3.31;0.0;3.31
137673;777005;2022-08-08;FRC;X22;;;16;24646;1213596891.0;;;3.62;3.62;3.66;3.65;3.66;3.66;3.64;3.66
137674;777006;2022-08-08;FRC;Z22;;;27;47072;2313775911.0;;;3.82;3.79;3.84;3.81;3.84;3.84;0.0;0.0
137675;777007;2022-08-08;FRC;F23;;;28;19074;2287783197.0;;;4.05;4.05;4.08;4.07;4.06;4.08;4.06;4.08
137676;777008;2022-08-08;FRC;G23;;;11;6342;310342072.0;;;4.32;4.32;4.32;4.32;4.32;4.32;0.0;0.0
137677;777009;2022-08-08;FRC;H23;;;0;0;0.0;;;0.0;0.0;0.0;0.0;0.0;4.41;0.0;0.0
137678;777010;2022-08-08;FRC;J23;;;5;3947;470528701.0;;;4.48;4.48;4.48;4.48;4.48;4.48;0.0;0.0
137679;777011;2022-08-08;FRC;K23;;;6;2561;124546944.0;;;4.56;4.56;4.56;4.56;4.56;4.56;0.0;0.0
137680;777012;2022-08-08;FRC;M23;;;6;1378;66872080.0;;;4.63;4.63;4.63;4.63;4.63;4.63;4.6;4.62
137681;777013;2022-08-08;FRC;N23;;;13;4511;534554068.0;;;4.61;4.61;4.61;4.61;4.61;4.61;0.0;4.6
137682;777014;2022-08-08;FRC;Q23;;;6;1862;90000624.0;;;4.66;4.66;4.66;4.66;4.66;4.66;0.0;0.0
137683;777015;2022-08-08;FRC;V23;;;11;4642;546805653.0;;;4.6;4.6;4.67;4.65;4.67;4.65;4.64;4.67
137684;777016;2022-08-08;FRC;F24;;;14;7800;913246435.0;;;4.67;4.65;4.68;4.66;4.65;4.65;0.0;0.0
137685;777017;2022-08-08;FRC;J24;;;1;193;22492198.0;;;4.59;4.59;4.59;4.59;4.59;4.59;0.0;4.59
137686;777018;2022-08-08;FRC;N24;;;6;1152;133625159.0;;;4.53;4.53;4.53;4.53;4.53;4.53;0.0;0.0
137687;777019;2022-08-08;FRC;V24;;;4;592;27912706.0;;;4.48;4.48;4.48;4.48;4.48;4.48;0.0;4.48
137688;777020;2022-08-08;FRC;F25;;;5;646;74222369.0;;;4.48;4.45;4.48;4.45;4.45;4.45;0.0;0.0
137689;777021;2022-08-08;FRC;J25;;;0;0;0.0;;;0.0;0.0;0.0;0.0;0.0;4.39;0.0;0.0
137690;777022;2022-08-08;FRC;N25;;;3;586;66617133.0;;;4.37;4.34;4.37;4.34;4.34;4.34;0.0;0.0
137691;777023;2022-08-08;FRC;V25;;;4;620;28677711.0;;;4.35;4.33;4.35;4.33;4.33;4.33;0.0;0.0
137692;777024;2022-08-08;FRC;F26;;;15;3162;356379424.0;;;4.35;4.29;4.35;4.29;4.29;4.29;4.29;0.0
137693;777025;2022-08-08;FRC;J26;;;1;75;3435615.0;;;4.33;4.33;4.33;4.33;4.33;4.29;0.0;0.0
137694;777026;2022-08-08;FRC;N26;;;1;74;8261834.0;;;4.33;4.33;4.33;4.33;4.33;4.3;0.0;4.3
137695;777027;2022-08-08;FRC;V26;;;1;185;8395582.0;;;4.27;4.27;4.27;4.27;4.27;4.27;0.0;0.0
137696;777028;2022-08-08;FRC;F27;;;6;2210;244219596.0;;;4.25;4.25;4.25;4.25;4.25;4.25;0.0;0.0
137697;777029;2022-08-08;FRC;J27;;;0;0;0.0;;;0.0;0.0;0.0;0.0;0.0;4.26;0.0;0.0
137698;777030;2022-08-08;FRC;N27;;;0;0;0.0;;;0.0;0.0;0.0;0.0;0.0;4.26;0.0;0.0
137699;777031;2022-08-08;FRC;F28;;;0;0;0.0;;;0.0;0.0;0.0;0.0;0.0;4.27;0.0;4.3
137700;777032;2022-08-08;FRC;F29;;;0;0;0.0;;;0.0;0.0;0.0;0.0;0.0;4.32;0.0;4.35
137701;777033;2022-08-08;FRC;F30;;;4;876;91080229.0;;;4.38;4.38;4.38;4.38;4.38;4.38;0.0;0.0
137702;777034;2022-08-08;FRC;F31;;;2;346;35103151.0;;;4.48;4.48;4.48;4.48;4.48;4.48;0.0;0.0
137703;777035;2022-08-08;FRC;F32;;;0;0;0.0;;;0.0;0.0;0.0;0.0;0.0;4.55;0.0;0.0
137704;777036;2022-08-08;FRC;F33;;;0;0;0.0;;;0.0;0.0;0.0;0.0;0.0;4.69;0.0;0.0
137705;777037;2022-08-08;FRC;F34;;;0;0;0.0;;;0.0;0.0;0.0;0.0;0.0;4.92;0.0;0.0
137706;777038;2022-08-08;FRC;F35;;;0;0;0.0;;;0.0;0.0;0.0;0.0;0.0;5.05;0.0;0.0
137707;777039;2022-08-08;FRC;F36;;;0;0;0.0;;;0.0;0.0;0.0;0.0;0.0;5.16;0.0;0.0
137708;777040;2022-08-08;FRC;F37;;;0;0;0.0;;;0.0;0.0;0.0;0.0;0.0;5.28;0.0;0.0
137709;777210;2022-08-09;FRC;V22;;;40;69699;8452209285.0;;;3.35;3.35;3.37;3.35;3.35;3.35;0.0;3.35
137710;777211;2022-08-09;FRC;X22;;;36;32406;1615031753.0;;;3.7;3.69;3.7;3.69;3.69;3.69;0.0;3.71
137711;777212;2022-08-09;FRC;Z22;;;8;14927;742575443.0;;;3.88;3.86;3.88;3.87;3.86;3.86;3.86;3.91
137712;777213;2022-08-09;FRC;F23;;;18;18909;2279705504.0;;;4.08;4.08;4.1;4.09;4.1;4.1;4.09;4.12
137713;777214;2022-08-09;FRC;G23;;;13;4717;233621616.0;;;4.32;4.32;4.34;4.33;4.34;4.34;4.32;4.35
137714;777215;2022-08-09;FRC;H23;;;8;4551;224961705.0;;;4.44;4.44;4.44;4.44;4.44;4.44;0.0;0.0
137715;777216;2022-08-09;FRC;J23;;;2;2053;245876235.0;;;4.53;4.5;4.53;4.52;4.5;4.5;4.5;0.0
137716;777217;2022-08-09;FRC;K23;;;10;6776;333486036.0;;;4.6;4.58;4.62;4.6;4.58;4.58;4.58;0.0
137717;777218;2022-08-09;FRC;M23;;;8;2792;137120995.0;;;4.68;4.66;4.68;4.66;4.66;4.66;0.0;4.68
137718;777219;2022-08-09;FRC;N23;;;9;4314;513705322.0;;;4.65;4.65;4.65;4.65;4.65;4.65;4.63;4.65
137719;777220;2022-08-09;FRC;Q23;;;20;3274;160135475.0;;;4.66;4.66;4.72;4.71;4.72;4.72;4.71;0.0
137720;777221;2022-08-09;FRC;V23;;;7;1658;196179559.0;;;4.69;4.69;4.71;4.7;4.71;4.71;0.0;0.0
137721;777222;2022-08-09;FRC;F24;;;12;3725;438200312.0;;;4.7;4.7;4.7;4.7;4.7;4.7;0.0;0.0
137722;777223;2022-08-09;FRC;J24;;;18;8184;958042685.0;;;4.63;4.63;4.63;4.63;4.63;4.63;0.0;4.63
137723;777224;2022-08-09;FRC;N24;;;13;2688;313224295.0;;;4.56;4.55;4.59;4.56;4.56;4.56;0.0;0.0
137724;777225;2022-08-09;FRC;V24;;;3;401;19130809.0;;;4.51;4.51;4.51;4.51;4.51;4.51;0.0;4.51
137725;777226;2022-08-09;FRC;F25;;;21;9839;1134065103.0;;;4.5;4.5;4.51;4.5;4.51;4.51;0.0;0.0
137726;777227;2022-08-09;FRC;J25;;;1;57;2693765.0;;;4.42;4.42;4.42;4.42;4.42;4.45;0.0;0.0
137727;777228;2022-08-09;FRC;N25;;;0;0;0.0;;;0.0;0.0;0.0;0.0;0.0;4.4;0.0;4.4
137728;777229;2022-08-09;FRC;V25;;;0;0;0.0;;;0.0;0.0;0.0;0.0;0.0;4.4;0.0;0.0
137729;777230;2022-08-09;FRC;F26;;;8;2862;323697988.0;;;4.36;4.36;4.36;4.36;4.36;4.36;0.0;4.36
137730;777231;2022-08-09;FRC;J26;;;4;1676;77670803.0;;;4.33;4.33;4.33;4.33;4.33;4.33;0.0;0.0
137731;777232;2022-08-09;FRC;N26;;;0;0;0.0;;;0.0;0.0;0.0;0.0;0.0;4.34;0.0;4.34
137732;777233;2022-08-09;FRC;V26;;;0;0;0.0;;;0.0;0.0;0.0;0.0;0.0;4.32;0.0;0.0
137733;777234;2022-08-09;FRC;F27;;;6;1104;122478442.0;;;4.31;4.3;4.31;4.3;4.3;4.3;0.0;0.0
137734;777235;2022-08-09;FRC;J27;;;0;0;0.0;;;0.0;0.0;0.0;0.0;0.0;4.32;0.0;0.0
137735;777236;2022-08-09;FRC;N27;;;0;0;0.0;;;0.0;0.0;0.0;0.0;0.0;4.32;0.0;0.0
137736;777237;2022-08-09;FRC;F28;;;1;181;19673775.0;;;4.33;4.33;4.33;4.33;4.33;4.35;0.0;4.35
137737;777238;2022-08-09;FRC;F29;;;3;534;56873634.0;;;4.37;4.37;4.37;4.37;4.37;4.37;0.0;0.0
137738;777239;2022-08-09;FRC;F30;;;1;175;18248151.0;;;4.44;4.44;4.44;4.44;4.44;4.44;0.0;4.44
137739;777240;2022-08-09;FRC;F31;;;5;1067;108924707.0;;;4.53;4.5;4.53;4.51;4.5;4.5;0.0;0.0
137740;777241;2022-08-09;FRC;F32;;;1;170;6982733.0;;;4.6;4.6;4.6;4.6;4.6;4.57;0.0;0.0
137741;777242;2022-08-09;FRC;F33;;;0;0;0.0;;;0.0;0.0;0.0;0.0;0.0;4.71;4.7;0.0
137742;777243;2022-08-09;FRC;F34;;;0;0;0.0;;;0.0;0.0;0.0;0.0;0.0;4.94;0.0;0.0
137743;777244;2022-08-09;FRC;F35;;;0;0;0.0;;;0.0;0.0;0.0;0.0;0.0;5.07;0.0;0.0
137744;777245;2022-08-09;FRC;F36;;;0;0;0.0;;;0.0;0.0;0.0;0.0;0.0;5.18;0.0;0.0
137745;777246;2022-08-09;FRC;F37;;;0;0;0.0;;;0.0;0.0;0.0;0.0;0.0;5.3;0.0;0.0
137746;777416;2022-08-10;FRC;V22;;;21;52922;6405209633.0;;;3.29;3.29;3.33;3.31;3.32;3.32;3.27;3.32
137747;777417;2022-08-10;FRC;X22;;;21;15654;776314770.0;;;3.6;3.59;3.69;3.62;3.62;3.62;0.0;0.0
137748;777418;2022-08-10;FRC;Z22;;;17;17713;876868469.0;;;3.74;3.74;3.8;3.79;3.8;3.8;0.0;0.0
137749;777419;2022-08-10;FRC;F23;;;17;9257;1114019642.0;;;4.01;4.01;4.03;4.01;4.03;4.02;4.02;4.04
137750;777420;2022-08-10;FRC;G23;;;11;6936;341870148.0;;;4.26;4.26;4.26;4.26;4.26;4.26;4.24;4.26
137751;777421;2022-08-10;FRC;H23;;;3;594;29220425.0;;;4.38;4.38;4.38;4.38;4.38;4.38;0.0;4.38
137752;777422;2022-08-10;FRC;J23;;;20;18183;2174413771.0;;;4.4;4.4;4.45;4.41;4.45;4.45;0.0;0.0
137753;777423;2022-08-10;FRC;K23;;;14;12453;610067828.0;;;4.48;4.48;4.52;4.49;4.52;4.52;4.51;4.52
137754;777424;2022-08-10;FRC;M23;;;1;1573;76889703.0;;;4.59;4.59;4.59;4.59;4.59;4.6;0.0;4.6
137755;777425;2022-08-10;FRC;N23;;;6;1607;191111923.0;;;4.6;4.6;4.6;4.6;4.6;4.6;0.0;0.0
137756;777426;2022-08-10;FRC;Q23;;;12;4898;238419745.0;;;4.64;4.64;4.67;4.66;4.67;4.67;4.67;0.0
137757;777427;2022-08-10;FRC;V23;;;5;975;115185341.0;;;4.68;4.68;4.68;4.68;4.68;4.68;4.68;4.7
137758;777428;2022-08-10;FRC;F24;;;12;11063;1299540279.0;;;4.61;4.61;4.68;4.62;4.68;4.67;4.67;0.0
137759;777429;2022-08-10;FRC;J24;;;13;2722;318163456.0;;;4.49;4.49;4.59;4.58;4.59;4.59;4.59;0.0
137760;777430;2022-08-10;FRC;N24;;;39;5744;668236280.0;;;4.45;4.44;4.52;4.51;4.52;4.52;4.52;4.54
137761;777431;2022-08-10;FRC;V24;;;0;0;0.0;;;0.0;0.0;0.0;0.0;0.0;4.47;0.0;0.0
137762;777432;2022-08-10;FRC;F25;;;8;1520;175115868.0;;;4.47;4.47;4.47;4.47;4.47;4.47;4.46;0.0
137763;777433;2022-08-10;FRC;J25;;;0;0;0.0;;;0.0;0.0;0.0;0.0;0.0;4.4;0.0;0.0
137764;777434;2022-08-10;FRC;N25;;;4;756;86213404.0;;;4.34;4.34;4.34;4.34;4.34;4.34;0.0;0.0
137765;777435;2022-08-10;FRC;V25;;;0;0;0.0;;;0.0;0.0;0.0;0.0;0.0;4.35;0.0;0.0
137766;777436;2022-08-10;FRC;F26;;;11;2339;264238782.0;;;4.25;4.25;4.32;4.31;4.32;4.32;0.0;4.32
137767;777437;2022-08-10;FRC;J26;;;0;0;0.0;;;0.0;0.0;0.0;0.0;0.0;4.29;0.0;0.0
137768;777438;2022-08-10;FRC;N26;;;1;186;20782952.0;;;4.3;4.3;4.3;4.3;4.3;4.3;0.0;4.3
137769;777439;2022-08-10;FRC;V26;;;0;0;0.0;;;0.0;0.0;0.0;0.0;0.0;4.27;0.0;0.0
137770;777440;2022-08-10;FRC;F27;;;7;1122;124485335.0;;;4.24;4.24;4.25;4.24;4.25;4.24;4.24;0.0
137771;777441;2022-08-10;FRC;J27;;;0;0;0.0;;;0.0;0.0;0.0;0.0;0.0;4.26;0.0;0.0
137772;777442;2022-08-10;FRC;N27;;;0;0;0.0;;;0.0;0.0;0.0;0.0;0.0;4.26;0.0;0.0
137773;777443;2022-08-10;FRC;F28;;;2;362;39337999.0;;;4.28;4.28;4.28;4.28;4.28;4.28;4.28;0.0
137774;777444;2022-08-10;FRC;F29;;;0;0;0.0;;;0.0;0.0;0.0;0.0;0.0;4.32;4.32;0.0
137775;777445;2022-08-10;FRC;F30;;;0;0;0.0;;;0.0;0.0;0.0;0.0;0.0;4.42;0.0;4.44
137776;777446;2022-08-10;FRC;F31;;;2;345;35142145.0;;;4.48;4.48;4.5;4.48;4.5;4.5;0.0;0.0
137777;777447;2022-08-10;FRC;F32;;;1;170;6947659.0;;;4.6;4.6;4.6;4.6;4.6;4.6;0.0;0.0
137778;777448;2022-08-10;FRC;F33;;;0;0;0.0;;;0.0;0.0;0.0;0.0;0.0;4.74;0.0;0.0
137779;777449;2022-08-10;FRC;F34;;;0;0;0.0;;;0.0;0.0;0.0;0.0;0.0;4.97;0.0;0.0
137780;777450;2022-08-10;FRC;F35;;;0;0;0.0;;;0.0;0.0;0.0;0.0;0.0;5.1;0.0;0.0
137781;777451;2022-08-10;FRC;F36;;;0;0;0.0;;;0.0;0.0;0.0;0.0;0.0;5.21;0.0;0.0
137782;777452;2022-08-10;FRC;F37;;;0;0;0.0;;;0.0;0.0;0.0;0.0;0.0;5.33;0.0;0.0
137783;777622;2022-08-11;FRC;V22;;;52;58340;7103764741.0;;;3.3;3.2;3.3;3.26;3.3;3.3;0.0;3.3
137784;777623;2022-08-11;FRC;X22;;;14;18644;938187843.0;;;3.6;3.56;3.6;3.58;3.59;3.58;0.0;0.0
137785;777624;2022-08-11;FRC;Z22;;;26;20023;1005784864.0;;;3.78;3.74;3.79;3.77;3.79;3.78;0.0;3.8
137786;777625;2022-08-11;FRC;F23;;;32;32881;3981242514.0;;;4.01;3.96;4.01;3.97;3.98;3.98;0.0;3.98
137787;777626;2022-08-11;FRC;G23;;;11;7491;374683336.0;;;4.21;4.21;4.23;4.21;4.23;4.21;0.0;0.0
137788;777627;2022-08-11;FRC;H23;;;7;5540;276552185.0;;;4.35;4.32;4.35;4.34;4.32;4.32;0.0;0.0
137789;777628;2022-08-11;FRC;J23;;;10;10621;1277880989.0;;;4.42;4.42;4.42;4.42;4.42;4.42;0.0;4.42
137790;777629;2022-08-11;FRC;K23;;;6;5873;291952971.0;;;4.48;4.48;4.48;4.48;4.48;4.48;0.0;0.0
137791;777630;2022-08-11;FRC;M23;;;6;2950;146337852.0;;;4.55;4.55;4.55;4.55;4.55;4.55;0.0;0.0
137792;777631;2022-08-11;FRC;N23;;;9;3178;380108967.0;;;4.58;4.56;4.6;4.56;4.56;4.56;0.0;0.0
137793;777632;2022-08-11;FRC;Q23;;;6;3527;174236493.0;;;4.63;4.63;4.63;4.63;4.63;4.63;0.0;0.0
137794;777633;2022-08-11;FRC;V23;;;6;1990;236543272.0;;;4.62;4.62;4.64;4.63;4.64;4.64;0.0;0.0
137795;777634;2022-08-11;FRC;F24;;;16;13660;1614171531.0;;;4.67;4.64;4.68;4.65;4.64;4.64;4.64;0.0
137796;777635;2022-08-11;FRC;J24;;;1;579;68110378.0;;;4.57;4.57;4.57;4.57;4.57;4.57;4.57;0.0
137797;777636;2022-08-11;FRC;N24;;;16;10267;1201185265.0;;;4.52;4.5;4.53;4.5;4.5;4.5;4.5;0.0
137798;777637;2022-08-11;FRC;V24;;;6;2487;119857235.0;;;4.46;4.46;4.46;4.46;4.46;4.46;0.0;0.0
137799;777638;2022-08-11;FRC;F25;;;11;2471;286488963.0;;;4.44;4.44;4.44;4.44;4.44;4.44;0.0;0.0
137800;777639;2022-08-11;FRC;J25;;;3;570;27212545.0;;;4.37;4.37;4.37;4.37;4.37;4.37;0.0;0.0
137801;777640;2022-08-11;FRC;N25;;;0;0;0.0;;;0.0;0.0;0.0;0.0;0.0;4.31;0.0;0.0
137802;777641;2022-08-11;FRC;V25;;;1;188;8888839.0;;;4.31;4.31;4.31;4.31;4.31;4.31;0.0;0.0
137803;777642;2022-08-11;FRC;F26;;;6;2154;244725681.0;;;4.31;4.31;4.31;4.31;4.31;4.31;0.0;4.31
137804;777643;2022-08-11;FRC;J26;;;0;0;0.0;;;0.0;0.0;0.0;0.0;0.0;4.28;0.0;0.0
137805;777644;2022-08-11;FRC;N26;;;0;0;0.0;;;0.0;0.0;0.0;0.0;0.0;4.29;0.0;4.3
137806;777645;2022-08-11;FRC;V26;;;0;0;0.0;;;0.0;0.0;0.0;0.0;0.0;4.26;0.0;0.0
137807;777646;2022-08-11;FRC;F27;;;6;2211;246639810.0;;;4.23;4.23;4.23;4.23;4.23;4.23;4.23;0.0
137808;777647;2022-08-11;FRC;J27;;;0;0;0.0;;;0.0;0.0;0.0;0.0;0.0;4.25;0.0;0.0
137809;777648;2022-08-11;FRC;N27;;;0;0;0.0;;;0.0;0.0;0.0;0.0;0.0;4.25;0.0;0.0
137810;777649;2022-08-11;FRC;F28;;;4;688;75258223.0;;;4.26;4.26;4.26;4.26;4.26;4.26;0.0;0.0
137811;777650;2022-08-11;FRC;F29;;;0;0;0.0;;;0.0;0.0;0.0;0.0;0.0;4.3;4.3;0.0
137812;777651;2022-08-11;FRC;F30;;;4;700;73451215.0;;;4.39;4.39;4.39;4.39;4.39;4.39;0.0;0.0
137813;777652;2022-08-11;FRC;F31;;;2;344;35287095.0;;;4.5;4.5;4.5;4.5;4.5;4.5;0.0;0.0
137814;777653;2022-08-11;FRC;F32;;;0;0;0.0;;;0.0;0.0;0.0;0.0;0.0;4.6;0.0;0.0
137815;777654;2022-08-11;FRC;F33;;;0;0;0.0;;;0.0;0.0;0.0;0.0;0.0;4.74;0.0;0.0
137816;777655;2022-08-11;FRC;F34;;;0;0;0.0;;;0.0;0.0;0.0;0.0;0.0;4.97;0.0;0.0
137817;777656;2022-08-11;FRC;F35;;;0;0;0.0;;;0.0;0.0;0.0;0.0;0.0;5.1;0.0;0.0
137818;777657;2022-08-11;FRC;F36;;;0;0;0.0;;;0.0;0.0;0.0;0.0;0.0;5.21;0.0;0.0
137819;777658;2022-08-11;FRC;F37;;;0;0;0.0;;;0.0;0.0;0.0;0.0;0.0;5.33;0.0;0.0
137820;777828;2022-08-12;FRC;V22;;;193;100976;12220149010.0;;;3.2;3.19;3.24;3.2;3.19;3.19;3.1;3.19
137821;777829;2022-08-12;FRC;X22;;;25;34116;1690882763.0;;;3.54;3.5;3.54;3.5;3.5;3.5;0.0;3.5
137822;777830;2022-08-12;FRC;Z22;;;16;22756;1125898773.0;;;3.72;3.69;3.76;3.69;3.69;3.69;0.0;3.69
137823;777831;2022-08-12;FRC;F23;;;28;48059;5784030751.0;;;3.94;3.89;3.98;3.91;3.89;3.89;0.0;3.89
137824;777832;2022-08-12;FRC;G23;;;12;11816;582212433.0;;;4.2;4.1;4.2;4.1;4.1;4.1;4.1;0.0
137825;777833;2022-08-12;FRC;H23;;;7;7324;360210486.0;;;4.2;4.2;4.2;4.2;4.2;4.2;4.2;0.0
137826;777834;2022-08-12;FRC;J23;;;10;4720;564545151.0;;;4.42;4.3;4.42;4.31;4.3;4.3;4.3;0.0
137827;777835;2022-08-12;FRC;K23;;;6;8377;410183832.0;;;4.44;4.38;4.47;4.43;4.38;4.37;0.0;0.0
137828;777836;2022-08-12;FRC;M23;;;6;3344;163428452.0;;;4.46;4.46;4.46;4.46;4.46;4.46;0.0;4.46
137829;777837;2022-08-12;FRC;N23;;;13;5439;646433110.0;;;4.56;4.48;4.56;4.5;4.48;4.48;0.0;4.5
137830;777838;2022-08-12;FRC;Q23;;;14;7585;369145230.0;;;4.6;4.55;4.6;4.56;4.55;4.55;4.55;0.0
137831;777839;2022-08-12;FRC;V23;;;10;3317;392050461.0;;;4.57;4.57;4.57;4.57;4.57;4.57;0.0;4.57
137832;777840;2022-08-12;FRC;F24;;;22;13292;1561640572.0;;;4.62;4.59;4.62;4.6;4.59;4.59;4.58;4.6
137833;777841;2022-08-12;FRC;J24;;;13;4132;483197696.0;;;4.57;4.52;4.57;4.52;4.52;4.52;4.52;0.0
137834;777842;2022-08-12;FRC;N24;;;14;4635;539190740.0;;;4.46;4.46;4.46;4.46;4.46;4.46;0.0;0.0
137835;777843;2022-08-12;FRC;V24;;;2;574;27255150.0;;;4.42;4.42;4.42;4.42;4.42;4.42;0.0;4.42
137836;777844;2022-08-12;FRC;F25;;;7;1337;153763061.0;;;4.39;4.39;4.39;4.39;4.39;4.39;0.0;0.0
137837;777845;2022-08-12;FRC;J25;;;0;0;0.0;;;0.0;0.0;0.0;0.0;0.0;4.32;0.0;0.0
137838;777846;2022-08-12;FRC;N25;;;0;0;0.0;;;0.0;0.0;0.0;0.0;0.0;4.26;0.0;0.0
137839;777847;2022-08-12;FRC;V25;;;0;0;0.0;;;0.0;0.0;0.0;0.0;0.0;4.26;0.0;0.0
137840;777848;2022-08-12;FRC;F26;;;5;935;105792204.0;;;4.26;4.26;4.26;4.26;4.26;4.26;0.0;0.0
137841;777849;2022-08-12;FRC;J26;;;0;0;0.0;;;0.0;0.0;0.0;0.0;0.0;4.23;0.0;0.0
137842;777850;2022-08-12;FRC;N26;;;0;0;0.0;;;0.0;0.0;0.0;0.0;0.0;4.25;0.0;4.25
137843;777851;2022-08-12;FRC;V26;;;0;0;0.0;;;0.0;0.0;0.0;0.0;0.0;4.22;0.0;0.0
137844;777852;2022-08-12;FRC;F27;;;2;756;83828487.0;;;4.23;4.2;4.23;4.2;4.2;4.2;4.2;0.0
137845;777853;2022-08-12;FRC;J27;;;0;0;0.0;;;0.0;0.0;0.0;0.0;0.0;4.23;0.0;0.0
137846;777854;2022-08-12;FRC;N27;;;1;183;8240050.0;;;4.25;4.25;4.25;4.25;4.25;4.23;0.0;0.0
137847;777855;2022-08-12;FRC;F28;;;8;1358;147619503.0;;;4.26;4.26;4.26;4.26;4.26;4.26;4.24;4.26
137848;777856;2022-08-12;FRC;F29;;;2;356;37939605.0;;;4.3;4.3;4.3;4.3;4.3;4.3;4.3;0.0
137849;777857;2022-08-12;FRC;F30;;;0;0;0.0;;;0.0;0.0;0.0;0.0;0.0;4.39;0.0;0.0
137850;777858;2022-08-12;FRC;F31;;;1;345;35118138.0;;;4.5;4.5;4.5;4.5;4.5;4.5;0.0;0.0
137851;777859;2022-08-12;FRC;F32;;;0;0;0.0;;;0.0;0.0;0.0;0.0;0.0;4.6;0.0;0.0
137852;777860;2022-08-12;FRC;F33;;;4;668;26604417.0;;;4.74;4.74;4.74;4.74;4.74;4.74;0.0;0.0
137853;777861;2022-08-12;FRC;F34;;;0;0;0.0;;;0.0;0.0;0.0;0.0;0.0;4.97;0.0;0.0
137854;777862;2022-08-12;FRC;F35;;;0;0;0.0;;;0.0;0.0;0.0;0.0;0.0;5.1;0.0;0.0
137855;777863;2022-08-12;FRC;F36;;;0;0;0.0;;;0.0;0.0;0.0;0.0;0.0;5.21;0.0;0.0
137856;777864;2022-08-12;FRC;F37;;;0;0;0.0;;;0.0;0.0;0.0;0.0;0.0;5.33;0.0;0.0
137857;778035;2022-08-15;FRC;V22;;;39;39004;4728880559.0;;;3.19;3.07;3.19;3.09;3.07;3.07;3.06;3.11
137858;778036;2022-08-15;FRC;X22;;;13;10229;508938471.0;;;3.5;3.43;3.5;3.43;3.43;3.43;3.43;3.46
137859;778037;2022-08-15;FRC;Z22;;;90;26606;1321438182.0;;;3.69;3.63;3.69;3.66;3.63;3.65;3.63;3.65
137860;778038;2022-08-15;FRC;F23;;;53;18630;2245512279.0;;;3.89;3.85;3.89;3.85;3.85;3.85;3.83;3.85
137861;778039;2022-08-15;FRC;G23;;;11;16521;817240132.0;;;4.1;4.05;4.1;4.05;4.05;4.05;0.0;0.0
137862;778040;2022-08-15;FRC;H23;;;5;2218;109516898.0;;;4.2;4.15;4.2;4.15;4.15;4.15;0.0;4.15
137863;778041;2022-08-15;FRC;J23;;;15;7193;861825238.0;;;4.3;4.25;4.3;4.25;4.25;4.25;0.0;4.27
137864;778042;2022-08-15;FRC;K23;;;10;7018;345094026.0;;;4.37;4.32;4.37;4.32;4.32;4.32;4.31;4.32
137865;778043;2022-08-15;FRC;M23;;;9;5373;263647247.0;;;4.46;4.4;4.46;4.4;4.4;4.4;0.0;4.4
137866;778044;2022-08-15;FRC;N23;;;13;4259;507492016.0;;;4.48;4.42;4.48;4.42;4.42;4.42;0.0;4.42
137867;778045;2022-08-15;FRC;Q23;;;9;1451;70911088.0;;;4.55;4.49;4.55;4.49;4.49;4.49;0.0;0.0
137868;778046;2022-08-15;FRC;V23;;;11;5272;624154722.0;;;4.57;4.52;4.57;4.53;4.53;4.53;0.0;0.0
137869;778047;2022-08-15;FRC;F24;;;13;5533;651424825.0;;;4.59;4.53;4.59;4.55;4.55;4.55;0.0;0.0
137870;778048;2022-08-15;FRC;J24;;;9;2783;326020622.0;;;4.52;4.46;4.52;4.48;4.48;4.48;0.0;0.0
137871;778049;2022-08-15;FRC;N24;;;3;539;62800446.0;;;4.46;4.4;4.46;4.43;4.43;4.43;0.0;0.0
137872;778050;2022-08-15;FRC;V24;;;1;134;6387064.0;;;4.42;4.42;4.42;4.42;4.42;4.39;0.0;0.0
137873;778051;2022-08-15;FRC;F25;;;9;6764;780479837.0;;;4.39;4.33;4.39;4.38;4.36;4.36;0.0;0.0
137874;778052;2022-08-15;FRC;J25;;;2;3930;185582869.0;;;4.32;4.32;4.32;4.32;4.32;4.29;0.0;0.0
137875;778053;2022-08-15;FRC;N25;;;2;227;25980894.0;;;4.2;4.2;4.22;4.21;4.22;4.22;0.0;0.0
137876;778054;2022-08-15;FRC;V25;;;0;0;0.0;;;0.0;0.0;0.0;0.0;0.0;4.22;0.0;0.0
137877;778055;2022-08-15;FRC;F26;;;5;977;110545270.0;;;4.26;4.21;4.26;4.22;4.21;4.21;0.0;4.2
137878;778056;2022-08-15;FRC;J26;;;0;0;0.0;;;0.0;0.0;0.0;0.0;0.0;4.2;0.0;0.0
137879;778057;2022-08-15;FRC;N26;;;0;0;0.0;;;0.0;0.0;0.0;0.0;0.0;4.21;0.0;0.0
137880;778058;2022-08-15;FRC;V26;;;0;0;0.0;;;0.0;0.0;0.0;0.0;0.0;4.18;0.0;0.0
137881;778059;2022-08-15;FRC;F27;;;7;1811;201238503.0;;;4.2;4.15;4.2;4.15;4.15;4.15;0.0;0.0
137882;778060;2022-08-15;FRC;J27;;;0;0;0.0;;;0.0;0.0;0.0;0.0;0.0;4.18;0.0;0.0
137883;778061;2022-08-15;FRC;N27;;;0;0;0.0;;;0.0;0.0;0.0;0.0;0.0;4.18;0.0;0.0
137884;778062;2022-08-15;FRC;F28;;;1;181;19713116.0;;;4.26;4.26;4.26;4.26;4.26;4.22;0.0;4.22
137885;778063;2022-08-15;FRC;F29;;;3;873;93227607.0;;;4.3;4.27;4.3;4.27;4.27;4.27;4.25;0.0
137886;778064;2022-08-15;FRC;F30;;;1;70;7312067.0;;;4.39;4.39;4.39;4.39;4.39;4.35;0.0;0.0
137887;778065;2022-08-15;FRC;F31;;;2;328;33474840.0;;;4.5;4.45;4.5;4.47;4.45;4.45;0.0;0.0
137888;778066;2022-08-15;FRC;F32;;;0;0;0.0;;;0.0;0.0;0.0;0.0;0.0;4.55;0.0;0.0
137889;778067;2022-08-15;FRC;F33;;;0;0;0.0;;;0.0;0.0;0.0;0.0;0.0;4.69;0.0;0.0
137890;778068;2022-08-15;FRC;F34;;;0;0;0.0;;;0.0;0.0;0.0;0.0;0.0;4.92;4.9;0.0
137891;778069;2022-08-15;FRC;F35;;;0;0;0.0;;;0.0;0.0;0.0;0.0;0.0;5.05;0.0;0.0
137892;778070;2022-08-15;FRC;F36;;;0;0;0.0;;;0.0;0.0;0.0;0.0;0.0;5.16;0.0;0.0
137893;778071;2022-08-15;FRC;F37;;;0;0;0.0;;;0.0;0.0;0.0;0.0;0.0;5.28;0.0;0.0
137894;778242;2022-08-16;FRC;V22;;;34;68809;8361699344.0;;;3.05;3.05;3.11;3.09;3.11;3.11;3.11;3.13
137895;778243;2022-08-16;FRC;X22;;;13;10128;506729393.0;;;3.44;3.44;3.48;3.47;3.48;3.48;3.45;3.48
137896;778244;2022-08-16;FRC;Z22;;;42;54746;2734410144.0;;;3.62;3.62;3.68;3.65;3.68;3.66;3.66;3.7
137897;778245;2022-08-16;FRC;F23;;;72;45271;5472359315.0;;;3.85;3.84;3.87;3.86;3.87;3.87;3.87;0.0
137898;778246;2022-08-16;FRC;G23;;;20;13480;670541562.0;;;4.05;4.02;4.08;4.07;4.08;4.08;0.0;0.0
137899;778247;2022-08-16;FRC;H23;;;6;4514;224127080.0;;;4.15;4.15;4.18;4.17;4.18;4.18;0.0;0.0
137900;778248;2022-08-16;FRC;J23;;;13;4486;538697865.0;;;4.25;4.25;4.28;4.27;4.28;4.28;4.28;0.0
137901;778249;2022-08-16;FRC;K23;;;1;20;989296.0;;;4.32;4.32;4.32;4.32;4.32;4.35;4.35;0.0
137902;778250;2022-08-16;FRC;M23;;;9;3031;149551310.0;;;4.44;4.43;4.44;4.43;4.43;4.44;4.43;4.45
137903;778251;2022-08-16;FRC;N23;;;19;13255;1582630774.0;;;4.42;4.42;4.44;4.43;4.44;4.44;0.0;0.0
137904;778252;2022-08-16;FRC;Q23;;;7;3606;177208105.0;;;4.49;4.49;4.52;4.5;4.52;4.52;0.0;0.0
137905;778253;2022-08-16;FRC;V23;;;18;5719;678814264.0;;;4.53;4.53;4.56;4.53;4.56;4.54;4.54;0.0
137906;778254;2022-08-16;FRC;F24;;;15;12077;1425033486.0;;;4.55;4.55;4.57;4.56;4.56;4.56;4.56;0.0
137907;778255;2022-08-16;FRC;J24;;;11;5858;687610174.0;;;4.48;4.48;4.5;4.49;4.5;4.5;4.5;0.0
137908;778256;2022-08-16;FRC;N24;;;10;6521;761931065.0;;;4.43;4.43;4.45;4.43;4.43;4.43;4.43;0.0
137909;778257;2022-08-16;FRC;V24;;;3;16833;807118808.0;;;4.39;4.39;4.41;4.39;4.41;4.41;4.41;0.0
137910;778258;2022-08-16;FRC;F25;;;7;1355;156607007.0;;;4.38;4.37;4.38;4.37;4.37;4.37;4.37;0.0
137911;778259;2022-08-16;FRC;J25;;;0;0;0.0;;;0.0;0.0;0.0;0.0;0.0;4.3;0.0;0.0
137912;778260;2022-08-16;FRC;N25;;;7;1890;216879384.0;;;4.23;4.23;4.23;4.23;4.23;4.23;0.0;0.0
137913;778261;2022-08-16;FRC;V25;;;1;188;8848121.0;;;4.22;4.22;4.22;4.22;4.22;4.22;0.0;0.0
137914;778262;2022-08-16;FRC;F26;;;5;602;68250831.0;;;4.21;4.15;4.21;4.2;4.15;4.21;4.2;0.0
137915;778263;2022-08-16;FRC;J26;;;0;0;0.0;;;0.0;0.0;0.0;0.0;0.0;4.2;0.0;0.0
137916;778264;2022-08-16;FRC;N26;;;2;223;25091670.0;;;4.23;4.2;4.23;4.2;4.2;4.2;0.0;4.2
137917;778265;2022-08-16;FRC;V26;;;0;0;0.0;;;0.0;0.0;0.0;0.0;0.0;4.18;0.0;0.0
137918;778266;2022-08-16;FRC;F27;;;5;1163;129591640.0;;;4.16;4.16;4.16;4.16;4.16;4.16;4.15;0.0
137919;778267;2022-08-16;FRC;J27;;;0;0;0.0;;;0.0;0.0;0.0;0.0;0.0;4.19;0.0;0.0
137920;778268;2022-08-16;FRC;N27;;;0;0;0.0;;;0.0;0.0;0.0;0.0;0.0;4.19;0.0;0.0
137921;778269;2022-08-16;FRC;F28;;;1;1814;198078248.0;;;4.22;4.22;4.22;4.22;4.22;4.23;0.0;4.23
137922;778270;2022-08-16;FRC;F29;;;4;570;61047908.0;;;4.2;4.2;4.28;4.26;4.28;4.27;4.2;0.0
137923;778271;2022-08-16;FRC;F30;;;1;175;18347984.0;;;4.36;4.36;4.36;4.36;4.36;4.35;0.0;0.0
137924;778272;2022-08-16;FRC;F31;;;1;172;17597002.0;;;4.51;4.51;4.51;4.51;4.51;4.44;0.0;0.0
137925;778273;2022-08-16;FRC;F32;;;1;3228;133274140.0;;;4.55;4.55;4.55;4.55;4.55;4.54;0.0;0.0
137926;778274;2022-08-16;FRC;F33;;;0;0;0.0;;;0.0;0.0;0.0;0.0;0.0;4.67;0.0;0.0
137927;778275;2022-08-16;FRC;F34;;;0;0;0.0;;;0.0;0.0;0.0;0.0;0.0;4.9;0.0;0.0
137928;778276;2022-08-16;FRC;F35;;;0;0;0.0;;;0.0;0.0;0.0;0.0;0.0;5.03;0.0;0.0
137929;778277;2022-08-16;FRC;F36;;;0;0;0.0;;;0.0;0.0;0.0;0.0;0.0;5.14;0.0;0.0
137930;778278;2022-08-16;FRC;F37;;;0;0;0.0;;;0.0;0.0;0.0;0.0;0.0;5.26;0.0;0.0
137931;778450;2022-08-17;FRC;V22;;;50;59520;7227737773.0;;;3.15;3.13;3.16;3.15;3.16;3.16;3.14;3.16
137932;778451;2022-08-17;FRC;X22;;;18;22871;1142287551.0;;;3.54;3.5;3.54;3.51;3.51;3.51;0.0;0.0
137933;778452;2022-08-17;FRC;Z22;;;11;8956;446530660.0;;;3.7;3.7;3.7;3.7;3.7;3.7;0.0;0.0
137934;778453;2022-08-17;FRC;F23;;;17;9913;1197272779.0;;;3.89;3.89;3.92;3.91;3.92;3.92;0.0;3.92
137935;778454;2022-08-17;FRC;G23;;;11;8862;440012997.0;;;4.1;4.1;4.13;4.12;4.13;4.13;4.1;4.13
137936;778455;2022-08-17;FRC;H23;;;1;990;49064271.0;;;4.23;4.23;4.23;4.23;4.23;4.23;0.0;4.25
137937;778456;2022-08-17;FRC;J23;;;14;6178;741764265.0;;;4.31;4.31;4.32;4.31;4.32;4.32;0.0;0.0
137938;778457;2022-08-17;FRC;K23;;;7;3507;173077151.0;;;4.4;4.4;4.4;4.4;4.4;4.4;0.0;4.4
137939;778458;2022-08-17;FRC;M23;;;12;7277;358390352.0;;;4.47;4.47;4.47;4.47;4.47;4.47;0.0;0.0
137940;778459;2022-08-17;FRC;N23;;;18;18791;2241536681.0;;;4.48;4.48;4.51;4.48;4.48;4.48;0.0;4.48
137941;778460;2022-08-17;FRC;Q23;;;17;13130;644014819.0;;;4.55;4.55;4.55;4.55;4.55;4.55;0.0;0.0
137942;778461;2022-08-17;FRC;V23;;;14;4567;541663845.0;;;4.57;4.56;4.58;4.56;4.58;4.56;4.56;4.58
137943;778462;2022-08-17;FRC;F24;;;44;18397;2169218616.0;;;4.61;4.58;4.63;4.59;4.58;4.58;0.0;0.0
137944;778463;2022-08-17;FRC;J24;;;9;2221;260620780.0;;;4.55;4.52;4.55;4.52;4.52;4.52;0.0;4.52
137945;778464;2022-08-17;FRC;N24;;;13;4807;561239253.0;;;4.46;4.46;4.46;4.46;4.46;4.46;0.0;0.0
137946;778465;2022-08-17;FRC;V24;;;1;191;9138658.0;;;4.42;4.42;4.42;4.42;4.42;4.42;0.0;0.0
137947;778466;2022-08-17;FRC;F25;;;7;1221;140982579.0;;;4.4;4.4;4.4;4.4;4.4;4.4;4.41;0.0
137948;778467;2022-08-17;FRC;J25;;;3;570;27020198.0;;;4.33;4.33;4.33;4.33;4.33;4.33;0.0;0.0
137949;778468;2022-08-17;FRC;N25;;;7;2457;281493859.0;;;4.29;4.27;4.29;4.27;4.27;4.27;0.0;0.0
137950;778469;2022-08-17;FRC;V25;;;0;0;0.0;;;0.0;0.0;0.0;0.0;0.0;4.27;0.0;0.0
137951;778470;2022-08-17;FRC;F26;;;3;449;50956116.0;;;4.26;4.26;4.27;4.26;4.27;4.27;0.0;0.0
137952;778471;2022-08-17;FRC;J26;;;0;0;0.0;;;0.0;0.0;0.0;0.0;0.0;4.26;0.0;0.0
137953;778472;2022-08-17;FRC;N26;;;1;149;16713581.0;;;4.25;4.25;4.25;4.25;4.25;4.24;0.0;0.0
137954;778473;2022-08-17;FRC;V26;;;0;0;0.0;;;0.0;0.0;0.0;0.0;0.0;4.24;0.0;4.24
137955;778474;2022-08-17;FRC;F27;;;6;1842;204997829.0;;;4.22;4.22;4.22;4.22;4.22;4.22;0.0;4.22
137956;778475;2022-08-17;FRC;J27;;;0;0;0.0;;;0.0;0.0;0.0;0.0;0.0;4.24;0.0;0.0
137957;778476;2022-08-17;FRC;N27;;;2;2049;93084770.0;;;4.19;4.19;4.19;4.19;4.19;4.24;0.0;0.0
137958;778477;2022-08-17;FRC;F28;;;10;3662;399378113.0;;;4.23;4.23;4.27;4.24;4.26;4.26;0.0;0.0
137959;778478;2022-08-17;FRC;F29;;;0;0;0.0;;;0.0;0.0;0.0;0.0;0.0;4.3;4.3;0.0
137960;778479;2022-08-17;FRC;F30;;;0;0;0.0;;;0.0;0.0;0.0;0.0;0.0;4.38;0.0;0.0
137961;778480;2022-08-17;FRC;F31;;;2;2087;213388020.0;;;4.48;4.48;4.48;4.48;4.48;4.47;4.47;0.0
137962;778481;2022-08-17;FRC;F32;;;2;1730;71158945.0;;;4.6;4.6;4.6;4.6;4.6;4.57;0.0;0.0
137963;778482;2022-08-17;FRC;F33;;;2;668;26823319.0;;;4.71;4.71;4.74;4.72;4.74;4.7;0.0;0.0
137964;778483;2022-08-17;FRC;F34;;;7;4747;185081965.0;;;4.93;4.91;4.98;4.95;4.95;4.93;0.0;0.0
137965;778484;2022-08-17;FRC;F35;;;1;322;12222767.0;;;5.11;5.11;5.11;5.11;5.11;5.06;0.0;0.0
137966;778485;2022-08-17;FRC;F36;;;2;476;17651102.0;;;5.15;5.15;5.2;5.18;5.2;5.17;0.0;0.0
137967;778486;2022-08-17;FRC;F37;;;1;625;22541108.0;;;5.35;5.35;5.35;5.35;5.35;5.29;0.0;0.0
137968;778658;2022-08-18;FRC;V22;;;78;67878;8235182243.0;;;3.16;3.12;3.18;3.15;3.12;3.12;0.0;0.0
137969;778659;2022-08-18;FRC;X22;;;12;9052;451141561.0;;;3.5;3.49;3.5;3.49;3.49;3.49;0.0;0.0
137970;778660;2022-08-18;FRC;Z22;;;43;14237;708329421.0;;;3.7;3.67;3.72;3.68;3.67;3.67;3.67;0.0
137971;778661;2022-08-18;FRC;F23;;;13;14961;1805480827.0;;;3.9;3.89;3.9;3.89;3.89;3.89;0.0;0.0
137972;778662;2022-08-18;FRC;G23;;;8;4203;208250082.0;;;4.11;4.11;4.11;4.11;4.11;4.11;0.0;0.0
137973;778663;2022-08-18;FRC;H23;;;9;4752;235018513.0;;;4.21;4.21;4.21;4.21;4.21;4.21;0.0;0.0
137974;778664;2022-08-18;FRC;J23;;;8;3259;390874166.0;;;4.3;4.29;4.3;4.29;4.3;4.29;0.0;4.31
137975;778665;2022-08-18;FRC;K23;;;10;3331;164059195.0;;;4.37;4.37;4.37;4.37;4.37;4.37;0.0;0.0
137976;778666;2022-08-18;FRC;M23;;;7;3385;166382900.0;;;4.43;4.43;4.43;4.43;4.43;4.43;4.41;0.0
137977;778667;2022-08-18;FRC;N23;;;9;2787;332372991.0;;;4.46;4.44;4.47;4.44;4.44;4.44;0.0;0.0
137978;778668;2022-08-18;FRC;Q23;;;12;3332;163114322.0;;;4.51;4.51;4.51;4.51;4.51;4.51;0.0;0.0
137979;778669;2022-08-18;FRC;V23;;;13;2910;344815947.0;;;4.53;4.53;4.53;4.53;4.53;4.53;4.51;0.0
137980;778670;2022-08-18;FRC;F24;;;8;8368;985934214.0;;;4.57;4.55;4.57;4.56;4.55;4.55;0.0;4.55
137981;778671;2022-08-18;FRC;J24;;;6;3093;362589883.0;;;4.49;4.49;4.49;4.49;4.49;4.49;0.0;0.0
137982;778672;2022-08-18;FRC;N24;;;21;13215;1541791344.0;;;4.42;4.41;4.45;4.43;4.43;4.43;0.0;0.0
137983;778673;2022-08-18;FRC;V24;;;5;1724;82347338.0;;;4.39;4.39;4.39;4.39;4.39;4.39;4.39;0.0
137984;778674;2022-08-18;FRC;F25;;;10;7129;823021085.0;;;4.4;4.38;4.4;4.39;4.38;4.39;0.0;4.39
137985;778675;2022-08-18;FRC;J25;;;3;570;26968845.0;;;4.31;4.31;4.31;4.31;4.31;4.31;0.0;0.0
137986;778676;2022-08-18;FRC;N25;;;7;2098;240191292.0;;;4.27;4.27;4.27;4.27;4.27;4.27;0.0;0.0
137987;778677;2022-08-18;FRC;V25;;;0;0;0.0;;;0.0;0.0;0.0;0.0;0.0;4.25;0.0;0.0
137988;778678;2022-08-18;FRC;F26;;;5;8021;909262946.0;;;4.27;4.24;4.27;4.24;4.24;4.24;0.0;0.0
137989;778679;2022-08-18;FRC;J26;;;0;0;0.0;;;0.0;0.0;0.0;0.0;0.0;4.23;0.0;0.0
137990;778680;2022-08-18;FRC;N26;;;1;186;20890121.0;;;4.2;4.2;4.2;4.2;4.2;4.2;0.0;0.0
137991;778681;2022-08-18;FRC;V26;;;1;185;8505092.0;;;4.21;4.21;4.21;4.21;4.21;4.21;0.0;0.0
137992;778682;2022-08-18;FRC;F27;;;16;14343;1595265656.0;;;4.22;4.19;4.22;4.19;4.19;4.19;0.0;0.0
137993;778683;2022-08-18;FRC;J27;;;2;3579;162868511.0;;;4.24;4.22;4.24;4.23;4.22;4.2;0.0;0.0
137994;778684;2022-08-18;FRC;N27;;;1;183;8294332.0;;;4.2;4.2;4.2;4.2;4.2;4.2;0.0;0.0
137995;778685;2022-08-18;FRC;F28;;;3;2176;237302178.0;;;4.22;4.22;4.22;4.22;4.22;4.22;0.0;0.0
137996;778686;2022-08-18;FRC;F29;;;0;0;0.0;;;0.0;0.0;0.0;0.0;0.0;4.26;4.26;0.0
137997;778687;2022-08-18;FRC;F30;;;1;35;3667468.0;;;4.34;4.34;4.34;4.34;4.34;4.34;0.0;0.0
137998;778688;2022-08-18;FRC;F31;;;1;35;3556281.0;;;4.44;4.44;4.44;4.44;4.44;4.43;0.0;0.0
137999;778689;2022-08-18;FRC;F32;;;0;0;0.0;;;0.0;0.0;0.0;0.0;0.0;4.53;4.53;0.0
138000;778690;2022-08-18;FRC;F33;;;0;0;0.0;;;0.0;0.0;0.0;0.0;0.0;4.68;0.0;0.0
138001;778691;2022-08-18;FRC;F34;;;1;33;1288805.0;;;4.91;4.91;4.91;4.91;4.91;4.91;0.0;0.0
138002;778692;2022-08-18;FRC;F35;;;0;0;0.0;;;0.0;0.0;0.0;0.0;0.0;5.04;0.0;0.0
138003;778693;2022-08-18;FRC;F36;;;1;48;1783681.0;;;5.15;5.15;5.15;5.15;5.15;5.15;0.0;0.0
138004;778694;2022-08-18;FRC;F37;;;0;0;0.0;;;0.0;0.0;0.0;0.0;0.0;5.27;0.0;0.0
138005;778864;2022-08-19;FRC;V22;;;54;113625;13788289681.0;;;3.05;3.0;3.08;3.05;3.07;3.05;0.0;3.08
138006;778865;2022-08-19;FRC;X22;;;21;40223;2004632815.0;;;3.48;3.43;3.48;3.45;3.43;3.43;0.0;0.0
138007;778866;2022-08-19;FRC;Z22;;;19;27114;1348997837.0;;;3.67;3.63;3.69;3.64;3.63;3.63;0.0;0.0
138008;778867;2022-08-19;FRC;F23;;;15;14903;1798699369.0;;;3.86;3.84;3.86;3.84;3.84;3.84;0.0;0.0
138009;778868;2022-08-19;FRC;G23;;;10;5592;277069399.0;;;4.13;4.09;4.13;4.09;4.09;4.09;0.0;0.0
138010;778869;2022-08-19;FRC;H23;;;3;495;24478621.0;;;4.23;4.22;4.23;4.22;4.22;4.19;0.0;0.0
138011;778870;2022-08-19;FRC;J23;;;13;4386;526010731.0;;;4.32;4.28;4.32;4.28;4.28;4.28;4.28;0.0
138012;778871;2022-08-19;FRC;K23;;;18;7964;392220085.0;;;4.41;4.37;4.41;4.37;4.37;4.37;0.0;4.37
138013;778872;2022-08-19;FRC;M23;;;6;2560;125831935.0;;;4.42;4.42;4.42;4.42;4.42;4.42;0.0;0.0
138014;778873;2022-08-19;FRC;N23;;;10;5695;679031330.0;;;4.44;4.43;4.44;4.43;4.43;4.43;0.0;0.0
138015;778874;2022-08-19;FRC;Q23;;;3;1568;76763181.0;;;4.49;4.49;4.49;4.49;4.49;4.49;0.0;0.0
138016;778875;2022-08-19;FRC;V23;;;9;2891;342540649.0;;;4.55;4.53;4.55;4.53;4.53;4.53;4.53;0.0
138017;778876;2022-08-19;FRC;F24;;;20;6869;809611384.0;;;4.6;4.57;4.6;4.57;4.57;4.57;4.54;4.56
138018;778877;2022-08-19;FRC;J24;;;7;2337;273984652.0;;;4.53;4.53;4.53;4.53;4.53;4.53;0.0;4.53
138019;778878;2022-08-19;FRC;N24;;;6;2115;246718348.0;;;4.47;4.47;4.47;4.47;4.47;4.47;0.0;0.0
138020;778879;2022-08-19;FRC;V24;;;1;191;9117856.0;;;4.43;4.43;4.43;4.43;4.43;4.43;0.0;0.0
138021;778880;2022-08-19;FRC;F25;;;14;7338;846898940.0;;;4.44;4.4;4.44;4.41;4.4;4.4;0.0;0.0
138022;778881;2022-08-19;FRC;J25;;;11;3989;188632173.0;;;4.35;4.35;4.35;4.35;4.35;4.35;0.0;0.0
138023;778882;2022-08-19;FRC;N25;;;1;378;43243004.0;;;4.31;4.31;4.31;4.31;4.31;4.31;0.0;0.0
138024;778883;2022-08-19;FRC;V25;;;5;3763;176262981.0;;;4.29;4.28;4.29;4.28;4.28;4.28;0.0;0.0
138025;778884;2022-08-19;FRC;F26;;;3;561;63600314.0;;;4.29;4.29;4.29;4.29;4.29;4.29;0.0;0.0
138026;778885;2022-08-19;FRC;J26;;;2;374;17353239.0;;;4.26;4.26;4.26;4.26;4.26;4.26;0.0;0.0
138027;778886;2022-08-19;FRC;N26;;;0;0;0.0;;;0.0;0.0;0.0;0.0;0.0;4.25;0.0;0.0
138028;778887;2022-08-19;FRC;V26;;;0;0;0.0;;;0.0;0.0;0.0;0.0;0.0;4.27;0.0;0.0
138029;778888;2022-08-19;FRC;F27;;;4;920;102216244.0;;;4.27;4.27;4.27;4.27;4.27;4.27;0.0;0.0
138030;778889;2022-08-19;FRC;J27;;;2;368;16751439.0;;;4.23;4.23;4.23;4.23;4.23;4.23;0.0;0.0
138031;778890;2022-08-19;FRC;N27;;;0;0;0.0;;;0.0;0.0;0.0;0.0;0.0;4.25;0.0;0.0
138032;778891;2022-08-19;FRC;F28;;;2;362;39379635.0;;;4.32;4.32;4.32;4.32;4.32;4.32;0.0;4.32
138033;778892;2022-08-19;FRC;F29;;;0;0;0.0;;;0.0;0.0;0.0;0.0;0.0;4.36;0.0;0.0
138034;778893;2022-08-19;FRC;F30;;;0;0;0.0;;;0.0;0.0;0.0;0.0;0.0;4.44;0.0;0.0
138035;778894;2022-08-19;FRC;F31;;;1;1209;123733184.0;;;4.43;4.43;4.43;4.43;4.43;4.53;0.0;0.0
138036;778895;2022-08-19;FRC;F32;;;0;0;0.0;;;0.0;0.0;0.0;0.0;0.0;4.63;0.0;0.0
138037;778896;2022-08-19;FRC;F33;;;0;0;0.0;;;0.0;0.0;0.0;0.0;0.0;4.78;0.0;0.0
138038;778897;2022-08-19;FRC;F34;;;0;0;0.0;;;0.0;0.0;0.0;0.0;0.0;5.01;0.0;0.0
138039;778898;2022-08-19;FRC;F35;;;0;0;0.0;;;0.0;0.0;0.0;0.0;0.0;5.14;0.0;0.0
138040;778899;2022-08-19;FRC;F36;;;0;0;0.0;;;0.0;0.0;0.0;0.0;0.0;5.25;0.0;0.0
138041;778900;2022-08-19;FRC;F37;;;0;0;0.0;;;0.0;0.0;0.0;0.0;0.0;5.37;0.0;0.0
138042;779070;2022-08-22;FRC;V22;;;58;126793;15358531941.0;;;3.05;3.01;3.1;3.05;3.02;3.01;3.02;3.03
138043;779071;2022-08-22;FRC;X22;;;15;15513;769553983.0;;;3.43;3.41;3.43;3.41;3.41;3.41;3.41;3.45
138044;779072;2022-08-22;FRC;Z22;;;52;37878;1875807813.0;;;3.63;3.62;3.66;3.62;3.62;3.62;3.62;3.65
138045;779073;2022-08-22;FRC;F23;;;18;12775;1539305048.0;;;3.84;3.84;3.87;3.84;3.87;3.85;3.86;3.87
138046;779074;2022-08-22;FRC;G23;;;15;6046;298154890.0;;;4.09;4.09;4.12;4.11;4.12;4.12;0.0;0.0
138047;779075;2022-08-22;FRC;H23;;;1;20;984611.0;;;4.19;4.19;4.19;4.19;4.19;4.22;4.22;4.23
138048;779076;2022-08-22;FRC;J23;;;20;9422;1128011461.0;;;4.28;4.28;4.33;4.31;4.32;4.31;4.31;0.0
138049;779077;2022-08-22;FRC;K23;;;9;4809;235729707.0;;;4.37;4.37;4.39;4.38;4.39;4.39;4.39;0.0
138050;779078;2022-08-22;FRC;M23;;;10;5254;257020898.0;;;4.42;4.42;4.46;4.45;4.45;4.46;0.0;0.0
138051;779079;2022-08-22;FRC;N23;;;2;98;11676771.0;;;4.43;4.43;4.48;4.44;4.48;4.48;0.0;0.0
138052;779080;2022-08-22;FRC;Q23;;;12;1764;85935302.0;;;4.49;4.49;4.57;4.54;4.55;4.55;4.55;0.0
138053;779081;2022-08-22;FRC;V23;;;5;1835;217018518.0;;;4.53;4.53;4.6;4.59;4.6;4.6;0.0;4.6
138054;779082;2022-08-22;FRC;F24;;;16;4598;540581531.0;;;4.57;4.57;4.66;4.65;4.66;4.66;0.0;4.66
138055;779083;2022-08-22;FRC;J24;;;7;2104;246031932.0;;;4.53;4.53;4.64;4.63;4.64;4.64;0.0;0.0
138056;779084;2022-08-22;FRC;N24;;;9;1863;216782131.0;;;4.47;4.47;4.58;4.57;4.58;4.58;0.0;0.0
138057;779085;2022-08-22;FRC;V24;;;1;153;7270425.0;;;4.43;4.43;4.43;4.43;4.43;4.55;0.0;0.0
138058;779086;2022-08-22;FRC;F25;;;11;3960;455758093.0;;;4.4;4.4;4.53;4.51;4.53;4.53;0.0;0.0
138059;779087;2022-08-22;FRC;J25;;;5;1098;51586681.0;;;4.35;4.35;4.51;4.48;4.51;4.51;0.0;0.0
138060;779088;2022-08-22;FRC;N25;;;2;566;64491398.0;;;4.47;4.47;4.47;4.47;4.47;4.47;0.0;0.0
138061;779089;2022-08-22;FRC;V25;;;2;376;17494077.0;;;4.43;4.43;4.43;4.43;4.43;4.43;0.0;0.0
138062;779090;2022-08-22;FRC;F26;;;9;1759;198476727.0;;;4.29;4.29;4.42;4.4;4.42;4.42;0.0;0.0
138063;779091;2022-08-22;FRC;J26;;;1;19;878476.0;;;4.26;4.26;4.26;4.26;4.26;4.39;0.0;0.0
138064;779092;2022-08-22;FRC;N26;;;0;0;0.0;;;0.0;0.0;0.0;0.0;0.0;4.37;0.0;0.0
138065;779093;2022-08-22;FRC;V26;;;0;0;0.0;;;0.0;0.0;0.0;0.0;0.0;4.39;0.0;0.0
138066;779094;2022-08-22;FRC;F27;;;3;442;48865665.0;;;4.27;4.27;4.38;4.36;4.38;4.38;0.0;0.0
138067;779095;2022-08-22;FRC;J27;;;1;183;8262714.0;;;4.38;4.38;4.38;4.38;4.38;4.38;0.0;0.0
138068;779096;2022-08-22;FRC;N27;;;0;0;0.0;;;0.0;0.0;0.0;0.0;0.0;4.39;0.0;0.0
138069;779097;2022-08-22;FRC;F28;;;8;1391;150904788.0;;;4.32;4.32;4.45;4.37;4.45;4.45;0.0;4.45
138070;779098;2022-08-22;FRC;F29;;;1;71;7566357.0;;;4.36;4.36;4.36;4.36;4.36;4.49;0.0;0.0
138071;779099;2022-08-22;FRC;F30;;;1;70;7289574.0;;;4.44;4.44;4.44;4.44;4.44;4.51;0.0;0.0
138072;779100;2022-08-22;FRC;F31;;;1;138;14038627.0;;;4.53;4.53;4.53;4.53;4.53;4.6;0.0;0.0
138073;779101;2022-08-22;FRC;F32;;;0;0;0.0;;;0.0;0.0;0.0;0.0;0.0;4.7;0.0;0.0
138074;779102;2022-08-22;FRC;F33;;;0;0;0.0;;;0.0;0.0;0.0;0.0;0.0;4.85;0.0;0.0
138075;779103;2022-08-22;FRC;F34;;;0;0;0.0;;;0.0;0.0;0.0;0.0;0.0;5.08;0.0;0.0
138076;779104;2022-08-22;FRC;F35;;;0;0;0.0;;;0.0;0.0;0.0;0.0;0.0;5.21;0.0;0.0
138077;779105;2022-08-22;FRC;F36;;;0;0;0.0;;;0.0;0.0;0.0;0.0;0.0;5.32;0.0;0.0
138078;779106;2022-08-22;FRC;F37;;;0;0;0.0;;;0.0;0.0;0.0;0.0;0.0;5.44;0.0;0.0
138079;779276;2022-08-23;FRC;V22;;;185;224416;27160970512.0;;;3.0;2.97;3.05;3.0;3.02;3.01;3.02;3.04
138080;779277;2022-08-23;FRC;X22;;;117;35516;1757806565.0;;;3.37;3.33;3.42;3.38;3.42;3.42;3.43;3.45
138081;779278;2022-08-23;FRC;Z22;;;26;30660;1514889709.0;;;3.59;3.58;3.65;3.6;3.65;3.65;3.64;3.68
138082;779279;2022-08-23;FRC;F23;;;42;63620;7657960070.0;;;3.85;3.83;3.9;3.88;3.9;3.9;3.9;3.92
138083;779280;2022-08-23;FRC;G23;;;1;40;1968018.0;;;4.13;4.13;4.13;4.13;4.13;4.16;4.13;0.0
138084;779281;2022-08-23;FRC;H23;;;14;8078;396689977.0;;;4.22;4.22;4.26;4.23;4.25;4.25;4.25;4.27
138085;779282;2022-08-23;FRC;J23;;;20;12320;1473991753.0;;;4.31;4.31;4.33;4.32;4.33;4.33;4.33;0.0
138086;779283;2022-08-23;FRC;K23;;;16;3684;180161908.0;;;4.39;4.39;4.4;4.39;4.4;4.4;4.4;0.0
138087;779284;2022-08-23;FRC;M23;;;17;3382;165055907.0;;;4.45;4.45;4.46;4.45;4.46;4.46;4.47;4.48
138088;779285;2022-08-23;FRC;N23;;;11;3828;455231738.0;;;4.47;4.47;4.47;4.47;4.47;4.47;4.47;0.0
138089;779286;2022-08-23;FRC;Q23;;;9;2372;115293497.0;;;4.54;4.54;4.54;4.54;4.54;4.54;4.54;0.0
138090;779287;2022-08-23;FRC;V23;;;8;2596;306758376.0;;;4.54;4.54;4.6;4.59;4.6;4.6;4.58;4.6
138091;779288;2022-08-23;FRC;F24;;;74;9176;1079440240.0;;;4.62;4.62;4.64;4.63;4.64;4.64;4.62;4.64
138092;779289;2022-08-23;FRC;J24;;;3;4036;471428598.0;;;4.62;4.62;4.63;4.62;4.63;4.63;0.0;4.63
138093;779290;2022-08-23;FRC;N24;;;7;3459;402166952.0;;;4.54;4.54;4.55;4.54;4.55;4.55;4.54;0.0
138094;779291;2022-08-23;FRC;V24;;;0;0;0.0;;;0.0;0.0;0.0;0.0;0.0;4.52;0.0;0.0
138095;779292;2022-08-23;FRC;F25;;;18;5921;680875844.0;;;4.53;4.51;4.53;4.51;4.51;4.51;0.0;0.0
138096;779293;2022-08-23;FRC;J25;;;0;0;0.0;;;0.0;0.0;0.0;0.0;0.0;4.49;0.0;4.49
138097;779294;2022-08-23;FRC;N25;;;0;0;0.0;;;0.0;0.0;0.0;0.0;0.0;4.45;0.0;0.0
138098;779295;2022-08-23;FRC;V25;;;0;0;0.0;;;0.0;0.0;0.0;0.0;0.0;4.4;0.0;0.0
138099;779296;2022-08-23;FRC;F26;;;4;748;84379227.0;;;4.39;4.39;4.39;4.39;4.39;4.39;0.0;0.0
138100;779297;2022-08-23;FRC;J26;;;0;0;0.0;;;0.0;0.0;0.0;0.0;0.0;4.36;0.0;0.0
138101;779298;2022-08-23;FRC;N26;;;0;0;0.0;;;0.0;0.0;0.0;0.0;0.0;4.35;0.0;0.0
138102;779299;2022-08-23;FRC;V26;;;0;0;0.0;;;0.0;0.0;0.0;0.0;0.0;4.37;0.0;0.0
138103;779300;2022-08-23;FRC;F27;;;3;552;60987807.0;;;4.37;4.37;4.37;4.37;4.37;4.37;0.0;0.0
138104;779301;2022-08-23;FRC;J27;;;0;0;0.0;;;0.0;0.0;0.0;0.0;0.0;4.37;0.0;0.0
138105;779302;2022-08-23;FRC;N27;;;0;0;0.0;;;0.0;0.0;0.0;0.0;0.0;4.38;0.0;0.0
138106;779303;2022-08-23;FRC;F28;;;1;361;39061925.0;;;4.44;4.44;4.44;4.44;4.44;4.44;0.0;4.47
138107;779304;2022-08-23;FRC;F29;;;0;0;0.0;;;0.0;0.0;0.0;0.0;0.0;4.48;0.0;0.0
138108;779305;2022-08-23;FRC;F30;;;0;0;0.0;;;0.0;0.0;0.0;0.0;0.0;4.5;0.0;0.0
138109;779306;2022-08-23;FRC;F31;;;0;0;0.0;;;0.0;0.0;0.0;0.0;0.0;4.6;0.0;0.0
138110;779307;2022-08-23;FRC;F32;;;0;0;0.0;;;0.0;0.0;0.0;0.0;0.0;4.7;0.0;0.0
138111;779308;2022-08-23;FRC;F33;;;0;0;0.0;;;0.0;0.0;0.0;0.0;0.0;4.85;0.0;0.0
138112;779309;2022-08-23;FRC;F34;;;0;0;0.0;;;0.0;0.0;0.0;0.0;0.0;5.08;0.0;0.0
138113;779310;2022-08-23;FRC;F35;;;0;0;0.0;;;0.0;0.0;0.0;0.0;0.0;5.21;0.0;0.0
138114;779311;2022-08-23;FRC;F36;;;0;0;0.0;;;0.0;0.0;0.0;0.0;0.0;5.32;0.0;0.0
138115;779312;2022-08-23;FRC;F37;;;0;0;0.0;;;0.0;0.0;0.0;0.0;0.0;5.44;0.0;0.0
138116;779482;2022-08-24;FRC;V22;;;679;427599;51906562113.0;;;3.1;3.03;3.14;3.07;3.04;3.14;3.03;3.14
138117;779483;2022-08-24;FRC;X22;;;15;14735;734841386.0;;;3.47;3.47;3.52;3.5;3.51;3.51;0.0;3.55
138118;779484;2022-08-24;FRC;Z22;;;43;20711;1031052216.0;;;3.7;3.69;3.74;3.73;3.74;3.74;0.0;3.74
138119;779485;2022-08-24;FRC;F23;;;51;18318;2211563093.0;;;3.95;3.94;4.0;3.97;3.99;3.99;0.0;3.99
138120;779486;2022-08-24;FRC;G23;;;6;1229;60921873.0;;;4.23;4.22;4.23;4.22;4.22;4.22;4.22;4.24
138121;779487;2022-08-24;FRC;H23;;;16;7777;384788316.0;;;4.3;4.3;4.33;4.31;4.33;4.33;0.0;0.0
138122;779488;2022-08-24;FRC;J23;;;9;5350;641967929.0;;;4.4;4.4;4.4;4.4;4.4;4.4;0.0;0.0
138123;779489;2022-08-24;FRC;K23;;;11;4571;225222634.0;;;4.46;4.46;4.46;4.46;4.46;4.46;4.46;0.0
138124;779490;2022-08-24;FRC;M23;;;8;3795;186603225.0;;;4.5;4.5;4.52;4.51;4.52;4.52;4.52;0.0
138125;779491;2022-08-24;FRC;N23;;;6;1569;187219308.0;;;4.53;4.53;4.53;4.53;4.53;4.53;0.0;0.0
138126;779492;2022-08-24;FRC;Q23;;;7;2744;134371175.0;;;4.6;4.6;4.6;4.6;4.6;4.6;4.6;4.62
138127;779493;2022-08-24;FRC;V23;;;18;4040;478736076.0;;;4.63;4.63;4.66;4.65;4.66;4.66;4.63;4.66
138128;779494;2022-08-24;FRC;F24;;;13;7586;893738726.0;;;4.67;4.67;4.69;4.68;4.69;4.69;0.0;4.69
138129;779495;2022-08-24;FRC;J24;;;10;6196;726002146.0;;;4.68;4.66;4.68;4.66;4.66;4.66;0.0;4.66
138130;779496;2022-08-24;FRC;N24;;;9;5014;584560297.0;;;4.6;4.59;4.6;4.59;4.59;4.59;0.0;4.63
138131;779497;2022-08-24;FRC;V24;;;5;2122;101260502.0;;;4.55;4.55;4.55;4.55;4.55;4.55;0.0;0.0
138132;779498;2022-08-24;FRC;F25;;;7;2856;329245480.0;;;4.55;4.55;4.55;4.55;4.55;4.55;0.0;0.0
138133;779499;2022-08-24;FRC;J25;;;6;1894;89434567.0;;;4.52;4.52;4.52;4.52;4.52;4.52;0.0;0.0
138134;779500;2022-08-24;FRC;N25;;;2;378;43093664.0;;;4.51;4.51;4.51;4.51;4.51;4.51;0.0;0.0
138135;779501;2022-08-24;FRC;V25;;;1;19;889455.0;;;4.43;4.43;4.43;4.43;4.43;4.46;0.0;0.0
138136;779502;2022-08-24;FRC;F26;;;0;0;0.0;;;0.0;0.0;0.0;0.0;0.0;4.46;0.0;0.0
138137;779503;2022-08-24;FRC;J26;;;0;0;0.0;;;0.0;0.0;0.0;0.0;0.0;4.43;0.0;0.0
138138;779504;2022-08-24;FRC;N26;;;0;0;0.0;;;0.0;0.0;0.0;0.0;0.0;4.42;0.0;0.0
138139;779505;2022-08-24;FRC;V26;;;0;0;0.0;;;0.0;0.0;0.0;0.0;0.0;4.45;0.0;0.0
138140;779506;2022-08-24;FRC;F27;;;7;3215;355922713.0;;;4.43;4.43;4.45;4.44;4.45;4.45;0.0;0.0
138141;779507;2022-08-24;FRC;J27;;;0;0;0.0;;;0.0;0.0;0.0;0.0;0.0;4.45;0.0;0.0
138142;779508;2022-08-24;FRC;N27;;;3;910;41022557.0;;;4.47;4.47;4.47;4.47;4.47;4.47;0.0;0.0
138143;779509;2022-08-24;FRC;F28;;;2;487;52721002.0;;;4.53;4.53;4.53;4.53;4.53;4.53;0.0;4.53
138144;779510;2022-08-24;FRC;F29;;;1;1898;201276198.0;;;4.55;4.55;4.55;4.55;4.55;4.58;4.58;0.0
138145;779511;2022-08-24;FRC;F30;;;1;419;43555981.0;;;4.56;4.56;4.56;4.56;4.56;4.6;4.6;0.0
138146;779512;2022-08-24;FRC;F31;;;0;0;0.0;;;0.0;0.0;0.0;0.0;0.0;4.71;0.0;0.0
138147;779513;2022-08-24;FRC;F32;;;0;0;0.0;;;0.0;0.0;0.0;0.0;0.0;4.81;0.0;0.0
138148;779514;2022-08-24;FRC;F33;;;7;1162;46122993.0;;;4.97;4.97;4.97;4.97;4.97;4.97;0.0;0.0
138149;779515;2022-08-24;FRC;F34;;;0;0;0.0;;;0.0;0.0;0.0;0.0;0.0;5.2;0.0;0.0
138150;779516;2022-08-24;FRC;F35;;;0;0;0.0;;;0.0;0.0;0.0;0.0;0.0;5.33;0.0;0.0
138151;779517;2022-08-24;FRC;F36;;;0;0;0.0;;;0.0;0.0;0.0;0.0;0.0;5.44;0.0;0.0
138152;779518;2022-08-24;FRC;F37;;;0;0;0.0;;;0.0;0.0;0.0;0.0;0.0;5.56;0.0;0.0
138153;779688;2022-08-25;FRC;V22;;;275;265519;32243609889.0;;;3.14;3.13;3.25;3.17;3.16;3.19;3.06;3.18
138154;779689;2022-08-25;FRC;X22;;;15;16331;814971018.0;;;3.56;3.53;3.56;3.55;3.56;3.56;0.0;3.58
138155;779690;2022-08-25;FRC;Z22;;;19;11781;586874293.0;;;3.76;3.75;3.77;3.76;3.77;3.77;0.0;3.79
138156;779691;2022-08-25;FRC;F23;;;23;20025;2418395594.0;;;4.05;3.99;4.05;4.01;4.02;4.02;0.0;4.02
138157;779692;2022-08-25;FRC;G23;;;49;17576;871819933.0;;;4.23;4.22;4.25;4.24;4.25;4.25;4.23;4.25
138158;779693;2022-08-25;FRC;H23;;;2;158;7822010.0;;;4.36;4.36;4.36;4.36;4.36;4.36;4.33;4.36
138159;779694;2022-08-25;FRC;J23;;;6;2567;308067370.0;;;4.42;4.42;4.42;4.42;4.42;4.42;4.41;0.0
138160;779695;2022-08-25;FRC;K23;;;3;433;21348433.0;;;4.46;4.46;4.48;4.47;4.48;4.48;4.47;0.0
138161;779696;2022-08-25;FRC;M23;;;38;7665;377160200.0;;;4.52;4.51;4.53;4.52;4.53;4.53;4.52;0.0
138162;779697;2022-08-25;FRC;N23;;;16;9891;1180159141.0;;;4.52;4.52;4.54;4.53;4.54;4.54;4.51;4.54
138163;779698;2022-08-25;FRC;Q23;;;5;1176;57626465.0;;;4.61;4.61;4.61;4.61;4.61;4.61;0.0;0.0
138164;779699;2022-08-25;FRC;V23;;;8;1775;210490247.0;;;4.66;4.65;4.66;4.65;4.65;4.65;0.0;4.65
138165;779700;2022-08-25;FRC;F24;;;14;5432;640319016.0;;;4.67;4.67;4.67;4.67;4.67;4.67;4.65;4.7
138166;779701;2022-08-25;FRC;J24;;;1;193;22632238.0;;;4.63;4.63;4.63;4.63;4.63;4.63;0.0;0.0
138167;779702;2022-08-25;FRC;N24;;;9;2688;313655758.0;;;4.58;4.58;4.58;4.58;4.58;4.58;0.0;0.0
138168;779703;2022-08-25;FRC;V24;;;7;2638;125964489.0;;;4.55;4.55;4.57;4.55;4.57;4.57;0.0;0.0
138169;779704;2022-08-25;FRC;F25;;;8;3121;360121743.0;;;4.55;4.52;4.55;4.53;4.52;4.52;0.0;0.0
138170;779705;2022-08-25;FRC;J25;;;0;0;0.0;;;0.0;0.0;0.0;0.0;0.0;4.49;0.0;0.0
138171;779706;2022-08-25;FRC;N25;;;1;604;68976556.0;;;4.48;4.48;4.48;4.48;4.48;4.48;0.0;4.5
138172;779707;2022-08-25;FRC;V25;;;1;563;26351858.0;;;4.43;4.43;4.43;4.43;4.43;4.44;0.0;0.0
138173;779708;2022-08-25;FRC;F26;;;0;0;0.0;;;0.0;0.0;0.0;0.0;0.0;4.44;4.44;0.0
138174;779709;2022-08-25;FRC;J26;;;1;186;8618500.0;;;4.41;4.41;4.41;4.41;4.41;4.41;0.0;0.0
138175;779710;2022-08-25;FRC;N26;;;0;0;0.0;;;0.0;0.0;0.0;0.0;0.0;4.39;0.0;0.0
138176;779711;2022-08-25;FRC;V26;;;1;185;8486790.0;;;4.41;4.41;4.41;4.41;4.41;4.41;0.0;0.0
138177;779712;2022-08-25;FRC;F27;;;9;2518;278856621.0;;;4.45;4.41;4.45;4.43;4.41;4.41;0.0;0.0
138178;779713;2022-08-25;FRC;J27;;;2;914;41459771.0;;;4.45;4.45;4.45;4.45;4.45;4.41;0.0;0.0
138179;779714;2022-08-25;FRC;N27;;;1;437;19714808.0;;;4.47;4.47;4.47;4.47;4.47;4.43;0.0;0.0
138180;779715;2022-08-25;FRC;F28;;;7;1260;136839257.0;;;4.48;4.48;4.48;4.48;4.48;4.48;0.0;0.0
138181;779716;2022-08-25;FRC;F29;;;0;0;0.0;;;0.0;0.0;0.0;0.0;0.0;4.53;4.53;0.0
138182;779717;2022-08-25;FRC;F30;;;0;0;0.0;;;0.0;0.0;0.0;0.0;0.0;4.55;4.55;0.0
138183;779718;2022-08-25;FRC;F31;;;2;1715;173927212.0;;;4.71;4.71;4.71;4.71;4.71;4.66;0.0;0.0
138184;779719;2022-08-25;FRC;F32;;;2;1550;63093158.0;;;4.84;4.84;4.85;4.84;4.85;4.76;0.0;0.0
138185;779720;2022-08-25;FRC;F33;;;0;0;0.0;;;0.0;0.0;0.0;0.0;0.0;4.92;0.0;0.0
138186;779721;2022-08-25;FRC;F34;;;0;0;0.0;;;0.0;0.0;0.0;0.0;0.0;5.15;0.0;0.0
138187;779722;2022-08-25;FRC;F35;;;0;0;0.0;;;0.0;0.0;0.0;0.0;0.0;5.28;0.0;0.0
138188;779723;2022-08-25;FRC;F36;;;0;0;0.0;;;0.0;0.0;0.0;0.0;0.0;5.39;0.0;0.0
138189;779724;2022-08-25;FRC;F37;;;0;0;0.0;;;0.0;0.0;0.0;0.0;0.0;5.51;0.0;0.0
138190;779894;2022-08-26;FRC;V22;;;190;252711;30599979140.0;;;3.17;3.09;3.17;3.11;3.1;3.09;3.06;3.1
138191;779895;2022-08-26;FRC;X22;;;33;44886;2223829872.0;;;3.53;3.48;3.53;3.49;3.48;3.48;3.48;3.52
138192;779896;2022-08-26;FRC;Z22;;;21;26911;1330975713.0;;;3.72;3.7;3.72;3.7;3.7;3.7;3.7;0.0
138193;779897;2022-08-26;FRC;F23;;;14;8582;1033603310.0;;;3.95;3.95;3.95;3.95;3.95;3.95;3.95;3.99
138194;779898;2022-08-26;FRC;G23;;;12;6425;316434148.0;;;4.18;4.18;4.18;4.18;4.18;4.18;4.18;0.0
138195;779899;2022-08-26;FRC;H23;;;2;792;38932736.0;;;4.29;4.29;4.29;4.29;4.29;4.29;4.29;0.0
138196;779900;2022-08-26;FRC;J23;;;33;12041;1441371073.0;;;4.42;4.36;4.42;4.38;4.38;4.36;4.37;4.39
138197;779901;2022-08-26;FRC;K23;;;0;0;0.0;;;0.0;0.0;0.0;0.0;0.0;4.42;4.43;0.0
138198;779902;2022-08-26;FRC;M23;;;0;0;0.0;;;0.0;0.0;0.0;0.0;0.0;4.48;4.48;4.5
138199;779903;2022-08-26;FRC;N23;;;16;10191;1212368646.0;;;4.55;4.49;4.55;4.49;4.5;4.49;4.5;4.52
138200;779904;2022-08-26;FRC;Q23;;;7;7603;369926453.0;;;4.57;4.57;4.57;4.57;4.57;4.57;0.0;4.57
138201;779905;2022-08-26;FRC;V23;;;6;1619;191480860.0;;;4.65;4.62;4.65;4.62;4.62;4.62;0.0;0.0
138202;779906;2022-08-26;FRC;F24;;;17;5102;599743188.0;;;4.66;4.66;4.66;4.66;4.66;4.66;0.0;0.0
138203;779907;2022-08-26;FRC;J24;;;0;0;0.0;;;0.0;0.0;0.0;0.0;0.0;4.63;0.0;4.63
138204;779908;2022-08-26;FRC;N24;;;7;2632;306067874.0;;;4.6;4.59;4.6;4.59;4.59;4.59;0.0;4.59
138205;779909;2022-08-26;FRC;V24;;;0;0;0.0;;;0.0;0.0;0.0;0.0;0.0;4.58;0.0;0.0
138206;779910;2022-08-26;FRC;F25;;;13;3727;428962142.0;;;4.52;4.5;4.54;4.53;4.54;4.54;0.0;0.0
138207;779911;2022-08-26;FRC;J25;;;1;189;8868312.0;;;4.49;4.49;4.49;4.49;4.49;4.51;0.0;0.0
138208;779912;2022-08-26;FRC;N25;;;0;0;0.0;;;0.0;0.0;0.0;0.0;0.0;4.51;0.0;0.0
138209;779913;2022-08-26;FRC;V25;;;0;0;0.0;;;0.0;0.0;0.0;0.0;0.0;4.47;0.0;0.0
138210;779914;2022-08-26;FRC;F26;;;3;523;58949272.0;;;4.48;4.48;4.48;4.48;4.48;4.48;0.0;4.48
138211;779915;2022-08-26;FRC;J26;;;0;0;0.0;;;0.0;0.0;0.0;0.0;0.0;4.45;0.0;0.0
138212;779916;2022-08-26;FRC;N26;;;0;0;0.0;;;0.0;0.0;0.0;0.0;0.0;4.43;0.0;0.0
138213;779917;2022-08-26;FRC;V26;;;0;0;0.0;;;0.0;0.0;0.0;0.0;0.0;4.44;0.0;0.0
138214;779918;2022-08-26;FRC;F27;;;1;184;20300436.0;;;4.44;4.44;4.44;4.44;4.44;4.44;0.0;0.0
138215;779919;2022-08-26;FRC;J27;;;0;0;0.0;;;0.0;0.0;0.0;0.0;0.0;4.44;0.0;0.0
138216;779920;2022-08-26;FRC;N27;;;0;0;0.0;;;0.0;0.0;0.0;0.0;0.0;4.46;0.0;0.0
138217;779921;2022-08-26;FRC;F28;;;0;0;0.0;;;0.0;0.0;0.0;0.0;0.0;4.51;0.0;0.0
138218;779922;2022-08-26;FRC;F29;;;2;354;37471727.0;;;4.56;4.56;4.56;4.56;4.56;4.56;0.0;0.0
138219;779923;2022-08-26;FRC;F30;;;1;87;9028260.0;;;4.58;4.58;4.58;4.58;4.58;4.59;0.0;0.0
138220;779924;2022-08-26;FRC;F31;;;0;0;0.0;;;0.0;0.0;0.0;0.0;0.0;4.72;0.0;0.0
138221;779925;2022-08-26;FRC;F32;;;2;674;27239431.0;;;4.84;4.84;4.85;4.84;4.85;4.83;0.0;0.0
138222;779926;2022-08-26;FRC;F33;;;2;827;32498756.0;;;5.01;5.01;5.05;5.04;5.05;5.01;0.0;0.0
138223;779927;2022-08-26;FRC;F34;;;2;325;12418886.0;;;5.2;5.2;5.25;5.22;5.25;5.2;0.0;0.0
138224;779928;2022-08-26;FRC;F35;;;0;0;0.0;;;0.0;0.0;0.0;0.0;0.0;5.33;0.0;5.45
138225;779929;2022-08-26;FRC;F36;;;0;0;0.0;;;0.0;0.0;0.0;0.0;0.0;5.44;0.0;5.65
138226;779930;2022-08-26;FRC;F37;;;0;0;0.0;;;0.0;0.0;0.0;0.0;0.0;5.56;0.0;0.0
138227;780101;2022-08-29;FRC;V22;;;311;596254;72170130571.0;;;3.09;3.06;3.2;3.12;3.15;3.18;3.14;3.16
138228;780102;2022-08-29;FRC;X22;;;33;37986;1879256756.0;;;3.48;3.47;3.59;3.57;3.59;3.59;3.55;3.58
138229;780103;2022-08-29;FRC;Z22;;;16;17634;870890703.0;;;3.7;3.7;3.77;3.76;3.77;3.77;0.0;3.77
138230;780104;2022-08-29;FRC;F23;;;12;9298;1119223741.0;;;3.95;3.95;4.0;3.99;4.0;4.0;0.0;0.0
138231;780105;2022-08-29;FRC;G23;;;24;12770;628049352.0;;;4.18;4.18;4.22;4.2;4.22;4.22;0.0;0.0
138232;780106;2022-08-29;FRC;H23;;;11;6925;339947554.0;;;4.24;4.24;4.33;4.3;4.33;4.33;0.0;0.0
138233;780107;2022-08-29;FRC;J23;;;7;3158;377882731.0;;;4.36;4.36;4.41;4.4;4.41;4.41;0.0;0.0
138234;780108;2022-08-29;FRC;K23;;;1;197;9629956.0;;;4.47;4.47;4.47;4.47;4.47;4.47;0.0;0.0
138235;780109;2022-08-29;FRC;M23;;;9;5528;269669811.0;;;4.48;4.48;4.54;4.53;4.54;4.54;0.0;4.54
138236;780110;2022-08-29;FRC;N23;;;11;4769;567165583.0;;;4.49;4.49;4.54;4.53;4.54;4.54;0.0;4.54
138237;780111;2022-08-29;FRC;Q23;;;4;451;21910045.0;;;4.57;4.57;4.62;4.61;4.62;4.62;0.0;4.62
138238;780112;2022-08-29;FRC;V23;;;4;1755;207483141.0;;;4.65;4.65;4.65;4.65;4.65;4.65;4.65;0.0
138239;780113;2022-08-29;FRC;F24;;;15;5335;626722554.0;;;4.66;4.66;4.69;4.68;4.69;4.69;4.68;4.69
138240;780114;2022-08-29;FRC;J24;;;8;2277;266112276.0;;;4.63;4.63;4.65;4.64;4.65;4.65;4.65;0.0
138241;780115;2022-08-29;FRC;N24;;;4;1037;120535599.0;;;4.59;4.59;4.62;4.61;4.62;4.62;0.0;0.0
138242;780116;2022-08-29;FRC;V24;;;3;669;31659922.0;;;4.58;4.58;4.6;4.59;4.6;4.6;0.0;4.6
138243;780117;2022-08-29;FRC;F25;;;3;1084;124632562.0;;;4.54;4.54;4.59;4.57;4.59;4.59;0.0;4.59
138244;780118;2022-08-29;FRC;J25;;;1;57;2671068.0;;;4.51;4.51;4.51;4.51;4.51;4.56;0.0;4.57
138245;780119;2022-08-29;FRC;N25;;;2;226;25723523.0;;;4.51;4.51;4.55;4.54;4.55;4.55;0.0;4.55
138246;780120;2022-08-29;FRC;V25;;;1;19;881859.0;;;4.47;4.47;4.47;4.47;4.47;4.53;0.0;0.0
138247;780121;2022-08-29;FRC;F26;;;8;1308;147135245.0;;;4.48;4.48;4.55;4.54;4.55;4.55;0.0;4.55
138248;780122;2022-08-29;FRC;J26;;;1;19;877547.0;;;4.45;4.45;4.45;4.45;4.45;4.52;0.0;0.0
138249;780123;2022-08-29;FRC;N26;;;1;19;2091146.0;;;4.43;4.43;4.43;4.43;4.43;4.5;0.0;0.0
138250;780124;2022-08-29;FRC;V26;;;0;0;0.0;;;0.0;0.0;0.0;0.0;0.0;4.51;4.49;0.0
138251;780125;2022-08-29;FRC;F27;;;4;843;93024667.0;;;4.44;4.44;4.51;4.49;4.5;4.51;0.0;4.51
138252;780126;2022-08-29;FRC;J27;;;0;0;0.0;;;0.0;0.0;0.0;0.0;0.0;4.5;0.0;0.0
138253;780127;2022-08-29;FRC;N27;;;0;0;0.0;;;0.0;0.0;0.0;0.0;0.0;4.52;4.5;0.0
138254;780128;2022-08-29;FRC;F28;;;3;666;71934887.0;;;4.51;4.51;4.55;4.54;4.55;4.55;0.0;0.0
138255;780129;2022-08-29;FRC;F29;;;4;885;93383972.0;;;4.63;4.63;4.63;4.63;4.63;4.63;0.0;4.63
138256;780130;2022-08-29;FRC;F30;;;1;35;3618146.0;;;4.59;4.59;4.59;4.59;4.59;4.66;0.0;0.0
138257;780131;2022-08-29;FRC;F31;;;1;137;13851297.0;;;4.72;4.72;4.72;4.72;4.72;4.78;0.0;0.0
138258;780132;2022-08-29;FRC;F32;;;3;504;20297611.0;;;4.89;4.89;4.89;4.89;4.89;4.89;0.0;0.0
138259;780133;2022-08-29;FRC;F33;;;0;0;0.0;;;0.0;0.0;0.0;0.0;0.0;5.07;0.0;0.0
138260;780134;2022-08-29;FRC;F34;;;0;0;0.0;;;0.0;0.0;0.0;0.0;0.0;5.26;0.0;0.0
138261;780135;2022-08-29;FRC;F35;;;0;0;0.0;;;0.0;0.0;0.0;0.0;0.0;5.39;0.0;0.0
138262;780136;2022-08-29;FRC;F36;;;0;0;0.0;;;0.0;0.0;0.0;0.0;0.0;5.5;0.0;0.0
138263;780137;2022-08-29;FRC;F37;;;0;0;0.0;;;0.0;0.0;0.0;0.0;0.0;5.62;0.0;0.0
138264;780309;2022-08-30;FRC;X22;;;53;135984;16621796025.0;;;4.01;3.97;4.01;3.97;3.97;3.97;3.97;0.0
138265;780310;2022-08-30;FRC;Z22;;;33;119015;14521252989.0;;;4.09;4.07;4.11;4.09;4.07;4.07;4.07;0.0
138266;780311;2022-08-30;FRC;F23;;;16;12633;2434305459.0;;;4.34;4.29;4.34;4.29;4.32;4.29;0.0;0.0
138267;780312;2022-08-30;FRC;G23;;;24;70079;8514794596.0;;;4.51;4.5;4.55;4.5;4.5;4.5;4.5;0.0
138268;780313;2022-08-30;FRC;H23;;;14;12883;1562564175.0;;;4.58;4.58;4.58;4.58;4.58;4.58;4.58;0.0
138269;780314;2022-08-30;FRC;J23;;;2;257;49207856.0;;;4.66;4.63;4.66;4.63;4.63;4.63;4.64;0.0
138270;780315;2022-08-30;FRC;K23;;;3;433;52204911.0;;;4.68;4.63;4.68;4.67;4.63;4.68;4.68;0.0
138271;780316;2022-08-30;FRC;M23;;;3;1024;123393078.0;;;4.74;4.74;4.74;4.74;4.74;4.74;4.74;0.0
138272;780317;2022-08-30;FRC;N23;;;7;1732;329618783.0;;;4.75;4.72;4.75;4.72;4.72;4.72;4.72;4.75
138273;780318;2022-08-30;FRC;Q23;;;4;549;65867803.0;;;4.76;4.76;4.79;4.78;4.79;4.79;4.79;4.81
138274;780319;2022-08-30;FRC;V23;;;2;234;44244792.0;;;4.83;4.83;4.83;4.83;4.83;4.83;0.0;4.83
138275;780320;2022-08-30;FRC;F24;;;12;6273;1178862967.0;;;4.86;4.86;4.86;4.86;4.86;4.86;4.83;4.86
138276;780321;2022-08-30;FRC;J24;;;8;5023;938945103.0;;;4.79;4.79;4.79;4.79;4.79;4.79;4.75;0.0
138277;780322;2022-08-30;FRC;N24;;;9;10154;1888442615.0;;;4.69;4.69;4.74;4.71;4.74;4.74;4.7;0.0
138278;780323;2022-08-30;FRC;V24;;;1;57;6631588.0;;;4.65;4.65;4.65;4.65;4.65;4.71;0.0;0.0
138279;780324;2022-08-30;FRC;F25;;;1;381;70067831.0;;;4.69;4.69;4.69;4.69;4.69;4.69;0.0;0.0
138280;780325;2022-08-30;FRC;J25;;;5;1135;131078152.0;;;4.66;4.66;4.66;4.66;4.66;4.66;0.0;0.0
138281;780326;2022-08-30;FRC;N25;;;1;189;34412473.0;;;4.62;4.62;4.62;4.62;4.62;4.62;0.0;0.0
138282;780327;2022-08-30;FRC;V25;;;1;188;21533891.0;;;4.6;4.6;4.6;4.6;4.6;4.6;0.0;0.0
138283;780328;2022-08-30;FRC;F26;;;0;0;0.0;;;0.0;0.0;0.0;0.0;0.0;4.61;0.0;0.0
138284;780329;2022-08-30;FRC;J26;;;0;0;0.0;;;0.0;0.0;0.0;0.0;0.0;4.58;0.0;0.0
138285;780330;2022-08-30;FRC;N26;;;1;1223;218252218.0;;;4.52;4.52;4.52;4.52;4.52;4.55;0.0;0.0
138286;780331;2022-08-30;FRC;V26;;;2;1346;150869288.0;;;4.53;4.53;4.56;4.53;4.56;4.56;4.56;0.0
138287;780332;2022-08-30;FRC;F27;;;2;368;64926316.0;;;4.57;4.57;4.57;4.57;4.57;4.57;0.0;0.0
138288;780333;2022-08-30;FRC;J27;;;0;0;0.0;;;0.0;0.0;0.0;0.0;0.0;4.56;0.0;0.0
138289;780334;2022-08-30;FRC;N27;;;0;0;0.0;;;0.0;0.0;0.0;0.0;0.0;4.58;4.58;0.0
138290;780335;2022-08-30;FRC;F28;;;0;0;0.0;;;0.0;0.0;0.0;0.0;0.0;4.61;0.0;4.63
138291;780336;2022-08-30;FRC;F29;;;3;1027;173262799.0;;;4.69;4.69;4.69;4.69;4.69;4.69;0.0;0.0
138292;780337;2022-08-30;FRC;F30;;;1;174;28711917.0;;;4.74;4.74;4.74;4.74;4.74;4.74;4.74;4.78
138293;780338;2022-08-30;FRC;F31;;;0;0;0.0;;;0.0;0.0;0.0;0.0;0.0;4.82;0.0;0.0
138294;780339;2022-08-30;FRC;F32;;;0;0;0.0;;;0.0;0.0;0.0;0.0;0.0;4.93;0.0;0.0
138295;780340;2022-08-30;FRC;F33;;;0;0;0.0;;;0.0;0.0;0.0;0.0;0.0;5.11;0.0;0.0
138296;780341;2022-08-30;FRC;F34;;;0;0;0.0;;;0.0;0.0;0.0;0.0;0.0;5.3;0.0;0.0
138297;780342;2022-08-30;FRC;F35;;;0;0;0.0;;;0.0;0.0;0.0;0.0;0.0;5.43;0.0;0.0
138298;780343;2022-08-30;FRC;F36;;;0;0;0.0;;;0.0;0.0;0.0;0.0;0.0;5.54;0.0;0.0
138299;780344;2022-08-30;FRC;F37;;;0;0;0.0;;;0.0;0.0;0.0;0.0;0.0;5.66;0.0;0.0
138300;780519;2022-08-31;FRC;X22;;;50;45393;5617320654.0;;;3.98;3.88;4.0;3.94;3.97;3.97;0.0;4.0
138301;780520;2022-08-31;FRC;Z22;;;33;15268;1885852886.0;;;4.08;4.02;4.09;4.06;4.07;4.07;4.07;0.0
138302;780521;2022-08-31;FRC;F23;;;22;9033;1754186265.0;;;4.3;4.26;4.35;4.31;4.35;4.32;0.0;4.35
138303;780522;2022-08-31;FRC;G23;;;20;8085;994826110.0;;;4.5;4.48;4.52;4.51;4.52;4.52;0.0;0.0
138304;780523;2022-08-31;FRC;H23;;;15;6181;758690495.0;;;4.58;4.57;4.61;4.6;4.61;4.61;0.0;0.0
138305;780524;2022-08-31;FRC;J23;;;9;1564;301805837.0;;;4.63;4.63;4.65;4.64;4.65;4.65;4.65;0.0
138306;780525;2022-08-31;FRC;K23;;;3;276;33719138.0;;;4.68;4.68;4.71;4.7;4.71;4.71;4.71;0.0
138307;780526;2022-08-31;FRC;M23;;;17;3856;470093201.0;;;4.74;4.74;4.77;4.74;4.77;4.77;0.0;0.0
138308;780527;2022-08-31;FRC;N23;;;23;21053;4037382184.0;;;4.72;4.72;4.77;4.75;4.77;4.77;4.77;0.0
138309;780528;2022-08-31;FRC;Q23;;;9;5000;607269060.0;;;4.79;4.79;4.84;4.81;4.84;4.84;0.0;0.0
138310;780529;2022-08-31;FRC;U23;;;0;0;0.0;;;0.0;0.0;0.0;0.0;0.0;4.89;0.0;0.0
138311;780530;2022-08-31;FRC;V23;;;11;10350;1971992427.0;;;4.87;4.87;4.87;4.87;4.87;4.87;4.87;0.0
138312;780531;2022-08-31;FRC;F24;;;16;6114;1157689000.0;;;4.87;4.84;4.9;4.89;4.9;4.9;0.0;0.0
138313;780532;2022-08-31;FRC;J24;;;11;3204;603325330.0;;;4.79;4.79;4.85;4.84;4.85;4.85;0.0;0.0
138314;780533;2022-08-31;FRC;N24;;;6;3266;611724763.0;;;4.79;4.79;4.79;4.79;4.79;4.79;0.0;0.0
138315;780534;2022-08-31;FRC;V24;;;9;2484;293546075.0;;;4.76;4.76;4.76;4.76;4.76;4.76;0.0;0.0
138316;780535;2022-08-31;FRC;F25;;;9;1539;285047415.0;;;4.7;4.7;4.74;4.73;4.74;4.74;0.0;0.0
138317;780536;2022-08-31;FRC;J25;;;0;0;0.0;;;0.0;0.0;0.0;0.0;0.0;4.71;0.0;0.0
138318;780537;2022-08-31;FRC;N25;;;3;564;103388109.0;;;4.67;4.67;4.67;4.67;4.67;4.67;0.0;4.67
138319;780538;2022-08-31;FRC;V25;;;0;0;0.0;;;0.0;0.0;0.0;0.0;0.0;4.65;0.0;0.0
138320;780539;2022-08-31;FRC;F26;;;1;934;169507193.0;;;4.61;4.61;4.61;4.61;4.61;4.66;0.0;0.0
138321;780540;2022-08-31;FRC;J26;;;2;372;42624305.0;;;4.63;4.63;4.63;4.63;4.63;4.63;0.0;0.0
138322;780541;2022-08-31;FRC;N26;;;1;1223;219851420.0;;;4.55;4.55;4.55;4.55;4.55;4.6;0.0;0.0
138323;780542;2022-08-31;FRC;V26;;;1;1162;131848499.0;;;4.57;4.57;4.57;4.57;4.57;4.62;0.0;0.0
138324;780543;2022-08-31;FRC;F27;;;14;3848;683445084.0;;;4.57;4.57;4.63;4.6;4.63;4.63;0.0;4.67
138325;780544;2022-08-31;FRC;J27;;;1;366;41127471.0;;;4.56;4.56;4.56;4.56;4.56;4.62;0.0;0.0
138326;780545;2022-08-31;FRC;N27;;;1;182;20323547.0;;;4.58;4.58;4.58;4.58;4.58;4.64;0.0;0.0
138327;780546;2022-08-31;FRC;F28;;;1;180;31303120.0;;;4.61;4.61;4.61;4.61;4.61;4.67;0.0;4.72
138328;780547;2022-08-31;FRC;F29;;;0;0;0.0;;;0.0;0.0;0.0;0.0;0.0;4.75;0.0;0.0
138329;780548;2022-08-31;FRC;F30;;;0;0;0.0;;;0.0;0.0;0.0;0.0;0.0;4.8;0.0;0.0
138330;780549;2022-08-31;FRC;F31;;;0;0;0.0;;;0.0;0.0;0.0;0.0;0.0;4.88;0.0;0.0
138331;780550;2022-08-31;FRC;F32;;;0;0;0.0;;;0.0;0.0;0.0;0.0;0.0;4.99;0.0;0.0
138332;780551;2022-08-31;FRC;F33;;;0;0;0.0;;;0.0;0.0;0.0;0.0;0.0;5.17;0.0;0.0
138333;780552;2022-08-31;FRC;F34;;;0;0;0.0;;;0.0;0.0;0.0;0.0;0.0;5.36;0.0;0.0
138334;780553;2022-08-31;FRC;F35;;;0;0;0.0;;;0.0;0.0;0.0;0.0;0.0;5.49;0.0;0.0
138335;780554;2022-08-31;FRC;F36;;;0;0;0.0;;;0.0;0.0;0.0;0.0;0.0;5.6;0.0;0.0
138336;780555;2022-08-31;FRC;F37;;;0;0;0.0;;;0.0;0.0;0.0;0.0;0.0;5.72;0.0;0.0
138337;780730;2022-09-01;FRC;X22;;;45;60522;7385377300.0;;;3.97;3.97;3.98;3.97;3.98;3.98;3.95;4.0
138338;780731;2022-09-01;FRC;Z22;;;11;8990;1095102368.0;;;4.11;4.11;4.12;4.11;4.12;4.11;4.11;4.12
138339;780732;2022-09-01;FRC;F23;;;15;14344;2761100413.0;;;4.32;4.32;4.35;4.34;4.35;4.35;0.0;4.38
138340;780733;2022-09-01;FRC;G23;;;7;2379;288322556.0;;;4.56;4.56;4.56;4.56;4.56;4.56;0.0;0.0
138341;780734;2022-09-01;FRC;H23;;;9;7528;911232253.0;;;4.64;4.61;4.65;4.63;4.65;4.64;0.0;0.0
138342;780735;2022-09-01;FRC;J23;;;7;6149;1176051383.0;;;4.69;4.69;4.7;4.69;4.7;4.69;0.0;4.7
138343;780736;2022-09-01;FRC;K23;;;3;453;54544182.0;;;4.75;4.75;4.75;4.75;4.75;4.75;0.0;0.0
138344;780737;2022-09-01;FRC;M23;;;4;611;73536742.0;;;4.81;4.81;4.81;4.81;4.81;4.81;0.0;0.0
138345;780738;2022-09-01;FRC;N23;;;11;4908;932694020.0;;;4.83;4.83;4.83;4.83;4.83;4.83;0.0;4.83
138346;780739;2022-09-01;FRC;Q23;;;6;1764;211199478.0;;;4.9;4.9;4.9;4.9;4.9;4.9;0.0;0.0
138347;780740;2022-09-01;FRC;U23;;;0;0;0.0;;;0.0;0.0;0.0;0.0;0.0;4.95;0.0;0.0
138348;780741;2022-09-01;FRC;V23;;;5;975;184073062.0;;;4.94;4.94;4.94;4.94;4.94;4.94;0.0;4.94
138349;780742;2022-09-01;FRC;F24;;;20;11683;2192564944.0;;;4.9;4.9;4.94;4.91;4.94;4.94;0.0;0.0
138350;780743;2022-09-01;FRC;J24;;;16;6196;1156189170.0;;;4.85;4.85;4.9;4.89;4.9;4.9;0.0;0.0
138351;780744;2022-09-01;FRC;N24;;;5;5034;934433814.0;;;4.81;4.81;4.83;4.81;4.83;4.83;4.83;0.0
138352;780745;2022-09-01;FRC;V24;;;7;2007;233929297.0;;;4.79;4.79;4.79;4.79;4.79;4.79;4.79;0.0
138353;780746;2022-09-01;FRC;F25;;;22;10097;1853504250.0;;;4.74;4.74;4.78;4.76;4.78;4.78;4.78;4.8
138354;780747;2022-09-01;FRC;J25;;;0;0;0.0;;;0.0;0.0;0.0;0.0;0.0;4.75;0.0;0.0
138355;780748;2022-09-01;FRC;N25;;;4;752;136565628.0;;;4.72;4.72;4.72;4.72;4.72;4.72;0.0;0.0
138356;780749;2022-09-01;FRC;V25;;;0;0;0.0;;;0.0;0.0;0.0;0.0;0.0;4.7;0.0;0.0
138357;780750;2022-09-01;FRC;F26;;;4;486;87295622.0;;;4.73;4.72;4.73;4.72;4.72;4.72;0.0;0.0
138358;780751;2022-09-01;FRC;J26;;;0;0;0.0;;;0.0;0.0;0.0;0.0;0.0;4.69;0.0;0.0
138359;780752;2022-09-01;FRC;N26;;;0;0;0.0;;;0.0;0.0;0.0;0.0;0.0;4.67;0.0;0.0
138360;780753;2022-09-01;FRC;V26;;;0;0;0.0;;;0.0;0.0;0.0;0.0;0.0;4.69;0.0;0.0
138361;780754;2022-09-01;FRC;F27;;;2;1962;345303287.0;;;4.63;4.63;4.7;4.63;4.7;4.7;0.0;0.0
138362;780755;2022-09-01;FRC;J27;;;0;0;0.0;;;0.0;0.0;0.0;0.0;0.0;4.7;0.0;0.0
138363;780756;2022-09-01;FRC;N27;;;4;4719;518013251.0;;;4.71;4.71;4.72;4.71;4.71;4.72;0.0;0.0
138364;780757;2022-09-01;FRC;F28;;;4;2159;371111202.0;;;4.75;4.73;4.75;4.74;4.73;4.76;0.0;0.0
138365;780758;2022-09-01;FRC;F29;;;0;0;0.0;;;0.0;0.0;0.0;0.0;0.0;4.85;0.0;0.0
138366;780759;2022-09-01;FRC;F30;;;4;692;113427257.0;;;4.91;4.91;4.91;4.91;4.91;4.91;4.91;4.95
138367;780760;2022-09-01;FRC;F31;;;0;0;0.0;;;0.0;0.0;0.0;0.0;0.0;4.99;0.0;0.0
138368;780761;2022-09-01;FRC;F32;;;0;0;0.0;;;0.0;0.0;0.0;0.0;0.0;5.1;0.0;0.0
138369;780762;2022-09-01;FRC;F33;;;0;0;0.0;;;0.0;0.0;0.0;0.0;0.0;5.28;0.0;0.0
138370;780763;2022-09-01;FRC;F34;;;0;0;0.0;;;0.0;0.0;0.0;0.0;0.0;5.47;0.0;0.0
138371;780764;2022-09-01;FRC;F35;;;0;0;0.0;;;0.0;0.0;0.0;0.0;0.0;5.6;0.0;0.0
138372;780765;2022-09-01;FRC;F36;;;0;0;0.0;;;0.0;0.0;0.0;0.0;0.0;5.71;0.0;0.0
138373;780766;2022-09-01;FRC;F37;;;0;0;0.0;;;0.0;0.0;0.0;0.0;0.0;5.83;0.0;0.0
138374;780937;2022-09-02;FRC;X22;;;52;46274;5571077911.0;;;3.89;3.85;3.9;3.87;3.85;3.85;3.85;3.9
138375;780938;2022-09-02;FRC;Z22;;;15;8291;996219417.0;;;4.05;4.03;4.05;4.03;4.03;4.03;0.0;0.0
138376;780939;2022-09-02;FRC;F23;;;10;3045;581218224.0;;;4.27;4.27;4.28;4.27;4.28;4.28;4.25;0.0
138377;780940;2022-09-02;FRC;G23;;;8;3576;428086804.0;;;4.5;4.5;4.5;4.5;4.5;4.5;0.0;0.0
138378;780941;2022-09-02;FRC;H23;;;10;3962;473100114.0;;;4.6;4.6;4.6;4.6;4.6;4.6;0.0;0.0
138379;780942;2022-09-02;FRC;J23;;;11;3263;618837238.0;;;4.67;4.65;4.68;4.65;4.65;4.65;4.65;0.0
138380;780943;2022-09-02;FRC;K23;;;2;789;93806696.0;;;4.7;4.7;4.7;4.7;4.7;4.7;0.0;0.0
138381;780944;2022-09-02;FRC;M23;;;7;3348;397326503.0;;;4.76;4.76;4.76;4.76;4.76;4.76;4.75;4.76
138382;780945;2022-09-02;FRC;N23;;;6;828;156060221.0;;;4.77;4.77;4.77;4.77;4.77;4.77;4.75;4.76
138383;780946;2022-09-02;FRC;Q23;;;6;2431;287179859.0;;;4.9;4.85;4.9;4.86;4.85;4.85;0.0;4.85
138384;780947;2022-09-02;FRC;U23;;;3;4069;479602908.0;;;4.94;4.86;4.94;4.9;4.86;4.86;0.0;0.0
138385;780948;2022-09-02;FRC;V23;;;6;2108;394654519.0;;;4.94;4.86;4.94;4.91;4.86;4.86;4.84;4.86
138386;780949;2022-09-02;FRC;F24;;;17;5939;1105521084.0;;;4.93;4.86;4.93;4.86;4.86;4.86;0.0;0.0
138387;780950;2022-09-02;FRC;J24;;;7;1815;336029493.0;;;4.9;4.8;4.9;4.8;4.8;4.8;0.0;0.0
138388;780951;2022-09-02;FRC;N24;;;6;2114;389336781.0;;;4.74;4.74;4.74;4.74;4.74;4.74;0.0;0.0
138389;780952;2022-09-02;FRC;V24;;;1;153;17598916.0;;;4.78;4.78;4.78;4.78;4.78;4.7;0.0;0.0
138390;780953;2022-09-02;FRC;F25;;;9;1901;346293081.0;;;4.68;4.68;4.68;4.68;4.68;4.68;0.0;0.0
138391;780954;2022-09-02;FRC;J25;;;0;0;0.0;;;0.0;0.0;0.0;0.0;0.0;4.65;0.0;4.65
138392;780955;2022-09-02;FRC;N25;;;3;453;81686343.0;;;4.65;4.62;4.65;4.62;4.62;4.62;0.0;0.0
138393;780956;2022-09-02;FRC;V25;;;4;1313;147873554.0;;;4.6;4.6;4.6;4.6;4.6;4.6;0.0;0.0
138394;780957;2022-09-02;FRC;F26;;;13;3179;567251868.0;;;4.59;4.59;4.59;4.59;4.59;4.59;0.0;0.0
138395;780958;2022-09-02;FRC;J26;;;4;744;82953535.0;;;4.59;4.59;4.59;4.59;4.59;4.59;0.0;4.6
138396;780959;2022-09-02;FRC;N26;;;0;0;0.0;;;0.0;0.0;0.0;0.0;0.0;4.58;0.0;0.0
138397;780960;2022-09-02;FRC;V26;;;0;0;0.0;;;0.0;0.0;0.0;0.0;0.0;4.62;0.0;0.0
138398;780961;2022-09-02;FRC;F27;;;3;1283;223837630.0;;;4.64;4.64;4.64;4.64;4.64;4.64;0.0;0.0
138399;780962;2022-09-02;FRC;J27;;;6;1098;119990859.0;;;4.6;4.6;4.6;4.6;4.6;4.6;0.0;0.0
138400;780963;2022-09-02;FRC;N27;;;1;182;19764810.0;;;4.62;4.62;4.62;4.62;4.62;4.62;0.0;0.0
138401;780964;2022-09-02;FRC;F28;;;1;540;92159899.0;;;4.68;4.68;4.68;4.68;4.68;4.67;0.0;0.0
138402;780965;2022-09-02;FRC;F29;;;1;177;29517975.0;;;4.77;4.77;4.77;4.77;4.77;4.77;0.0;0.0
138403;780966;2022-09-02;FRC;F30;;;0;0;0.0;;;0.0;0.0;0.0;0.0;0.0;4.83;4.83;4.87
138404;780967;2022-09-02;FRC;F31;;;0;0;0.0;;;0.0;0.0;0.0;0.0;0.0;4.91;0.0;0.0
138405;780968;2022-09-02;FRC;F32;;;0;0;0.0;;;0.0;0.0;0.0;0.0;0.0;5.02;0.0;0.0
138406;780969;2022-09-02;FRC;F33;;;0;0;0.0;;;0.0;0.0;0.0;0.0;0.0;5.2;0.0;0.0
138407;780970;2022-09-02;FRC;F34;;;2;130;12029570.0;;;5.42;5.42;5.42;5.42;5.42;5.39;0.0;0.0
138408;780971;2022-09-02;FRC;F35;;;0;0;0.0;;;0.0;0.0;0.0;0.0;0.0;5.52;0.0;0.0
138409;780972;2022-09-02;FRC;F36;;;1;63;5532821.0;;;5.66;5.66;5.66;5.66;5.66;5.63;0.0;0.0
138410;780973;2022-09-02;FRC;F37;;;1;62;5295361.0;;;5.78;5.78;5.78;5.78;5.78;5.75;0.0;0.0
138411;781143;2022-09-05;FRC;X22;;;21;35067;4225969020.0;;;3.9;3.9;3.9;3.9;3.9;3.9;3.9;3.95
138412;781144;2022-09-05;FRC;Z22;;;14;7573;910848679.0;;;4.06;4.06;4.06;4.06;4.06;4.06;4.06;0.0
138413;781145;2022-09-05;FRC;F23;;;23;21486;4104214680.0;;;4.34;4.28;4.34;4.3;4.33;4.33;0.0;0.0
138414;781146;2022-09-05;FRC;G23;;;9;13082;1566963003.0;;;4.51;4.42;4.55;4.51;4.55;4.55;0.0;0.0
138415;781147;2022-09-05;FRC;H23;;;1;198;23659535.0;;;4.65;4.65;4.65;4.65;4.65;4.65;0.0;0.0
138416;781148;2022-09-05;FRC;J23;;;5;1582;300230595.0;;;4.7;4.7;4.7;4.7;4.7;4.7;0.0;0.0
138417;781149;2022-09-05;FRC;K23;;;0;0;0.0;;;0.0;0.0;0.0;0.0;0.0;4.75;0.0;0.0
138418;781150;2022-09-05;FRC;M23;;;2;256;30411269.0;;;4.76;4.76;4.76;4.76;4.76;4.8;4.8;0.0
138419;781151;2022-09-05;FRC;N23;;;6;4518;852100149.0;;;4.79;4.77;4.8;4.79;4.8;4.8;0.0;0.0
138420;781152;2022-09-05;FRC;Q23;;;2;784;92698143.0;;;4.87;4.87;4.87;4.87;4.87;4.87;0.0;0.0
138421;781153;2022-09-05;FRC;U23;;;6;2466;291049507.0;;;4.87;4.87;4.91;4.9;4.91;4.91;0.0;0.0
138422;781154;2022-09-05;FRC;V23;;;11;2539;475785653.0;;;4.87;4.86;4.91;4.89;4.91;4.9;0.0;0.0
138423;781155;2022-09-05;FRC;F24;;;4;970;180648370.0;;;4.91;4.91;4.91;4.91;4.91;4.91;0.0;0.0
138424;781156;2022-09-05;FRC;J24;;;1;193;35745063.0;;;4.86;4.86;4.86;4.86;4.86;4.86;0.0;0.0
138425;781157;2022-09-05;FRC;N24;;;0;0;0.0;;;0.0;0.0;0.0;0.0;0.0;4.8;4.8;0.0
138426;781158;2022-09-05;FRC;V24;;;0;0;0.0;;;0.0;0.0;0.0;0.0;0.0;4.76;4.76;0.0
138427;781159;2022-09-05;FRC;F25;;;0;0;0.0;;;0.0;0.0;0.0;0.0;0.0;4.74;0.0;0.0
138428;781160;2022-09-05;FRC;J25;;;2;303;34514854.0;;;4.71;4.71;4.72;4.71;4.72;4.71;0.0;4.72
138429;781161;2022-09-05;FRC;N25;;;0;0;0.0;;;0.0;0.0;0.0;0.0;0.0;4.68;0.0;0.0
138430;781162;2022-09-05;FRC;V25;;;0;0;0.0;;;0.0;0.0;0.0;0.0;0.0;4.66;0.0;0.0
138431;781163;2022-09-05;FRC;F26;;;0;0;0.0;;;0.0;0.0;0.0;0.0;0.0;4.65;0.0;0.0
138432;781164;2022-09-05;FRC;J26;;;0;0;0.0;;;0.0;0.0;0.0;0.0;0.0;4.65;0.0;0.0
138433;781165;2022-09-05;FRC;N26;;;0;0;0.0;;;0.0;0.0;0.0;0.0;0.0;4.64;0.0;0.0
138434;781166;2022-09-05;FRC;V26;;;0;0;0.0;;;0.0;0.0;0.0;0.0;0.0;4.68;0.0;0.0
138435;781167;2022-09-05;FRC;F27;;;0;0;0.0;;;0.0;0.0;0.0;0.0;0.0;4.7;0.0;0.0
138436;781168;2022-09-05;FRC;J27;;;0;0;0.0;;;0.0;0.0;0.0;0.0;0.0;4.66;0.0;0.0
138437;781169;2022-09-05;FRC;N27;;;0;0;0.0;;;0.0;0.0;0.0;0.0;0.0;4.68;0.0;0.0
138438;781170;2022-09-05;FRC;F28;;;0;0;0.0;;;0.0;0.0;0.0;0.0;0.0;4.73;0.0;0.0
138439;781171;2022-09-05;FRC;F29;;;0;0;0.0;;;0.0;0.0;0.0;0.0;0.0;4.83;0.0;0.0
138440;781172;2022-09-05;FRC;F30;;;0;0;0.0;;;0.0;0.0;0.0;0.0;0.0;4.89;0.0;0.0
138441;781173;2022-09-05;FRC;F31;;;0;0;0.0;;;0.0;0.0;0.0;0.0;0.0;4.97;0.0;0.0
138442;781174;2022-09-05;FRC;F32;;;0;0;0.0;;;0.0;0.0;0.0;0.0;0.0;5.08;0.0;0.0
138443;781175;2022-09-05;FRC;F33;;;0;0;0.0;;;0.0;0.0;0.0;0.0;0.0;5.26;0.0;0.0
138444;781176;2022-09-05;FRC;F34;;;0;0;0.0;;;0.0;0.0;0.0;0.0;0.0;5.45;0.0;0.0
138445;781177;2022-09-05;FRC;F35;;;0;0;0.0;;;0.0;0.0;0.0;0.0;0.0;5.58;0.0;0.0
138446;781178;2022-09-05;FRC;F36;;;0;0;0.0;;;0.0;0.0;0.0;0.0;0.0;5.69;0.0;0.0
138447;781179;2022-09-05;FRC;F37;;;0;0;0.0;;;0.0;0.0;0.0;0.0;0.0;5.81;0.0;0.0
138448;781351;2022-09-06;FRC;X22;;;50;106435;13020075191.0;;;3.95;3.92;3.96;3.94;3.94;3.94;0.0;0.0
138449;781352;2022-09-06;FRC;Z22;;;28;27093;3308532880.0;;;4.12;4.1;4.12;4.1;4.1;4.1;0.0;0.0
138450;781353;2022-09-06;FRC;F23;;;21;18242;3517343996.0;;;4.4;4.39;4.4;4.39;4.39;4.39;0.0;4.4
138451;781354;2022-09-06;FRC;G23;;;4;495;60088230.0;;;4.62;4.6;4.62;4.61;4.62;4.62;0.0;0.0
138452;781355;2022-09-06;FRC;H23;;;6;2358;286140334.0;;;4.72;4.71;4.72;4.71;4.71;4.71;0.0;0.0
138453;781356;2022-09-06;FRC;J23;;;9;3302;632529291.0;;;4.76;4.76;4.78;4.76;4.78;4.76;4.76;0.0
138454;781357;2022-09-06;FRC;K23;;;4;2169;261957505.0;;;4.82;4.82;4.82;4.82;4.82;4.82;4.82;0.0
138455;781358;2022-09-06;FRC;M23;;;10;4331;522089576.0;;;4.88;4.88;4.88;4.88;4.88;4.88;0.0;0.0
138456;781359;2022-09-06;FRC;N23;;;13;4318;821899983.0;;;4.84;4.84;4.87;4.86;4.87;4.87;0.0;0.0
138457;781360;2022-09-06;FRC;Q23;;;0;0;0.0;;;0.0;0.0;0.0;0.0;0.0;4.93;0.0;0.0
138458;781361;2022-09-06;FRC;U23;;;8;3522;421864344.0;;;4.97;4.95;4.97;4.95;4.95;4.95;0.0;0.0
138459;781362;2022-09-06;FRC;V23;;;9;3513;664338700.0;;;4.95;4.95;4.97;4.96;4.97;4.97;0.0;0.0
138460;781363;2022-09-06;FRC;F24;;;17;2755;517738746.0;;;4.98;4.98;5.0;4.98;4.98;4.98;4.98;0.0
138461;781364;2022-09-06;FRC;J24;;;9;1872;349853509.0;;;4.97;4.92;4.97;4.92;4.92;4.92;4.92;0.0
138462;781365;2022-09-06;FRC;N24;;;5;2304;428194090.0;;;4.88;4.88;4.88;4.88;4.88;4.88;0.0;0.0
138463;781366;2022-09-06;FRC;V24;;;0;0;0.0;;;0.0;0.0;0.0;0.0;0.0;4.84;0.0;0.0
138464;781367;2022-09-06;FRC;F25;;;10;1729;317766849.0;;;4.81;4.81;4.83;4.81;4.83;4.81;0.0;0.0
138465;781368;2022-09-06;FRC;J25;;;5;719;83064043.0;;;4.76;4.76;4.81;4.78;4.81;4.77;0.0;0.0
138466;781369;2022-09-06;FRC;N25;;;0;0;0.0;;;0.0;0.0;0.0;0.0;0.0;4.74;0.0;0.0
138467;781370;2022-09-06;FRC;V25;;;0;0;0.0;;;0.0;0.0;0.0;0.0;0.0;4.71;0.0;0.0
138468;781371;2022-09-06;FRC;F26;;;0;0;0.0;;;0.0;0.0;0.0;0.0;0.0;4.7;0.0;0.0
138469;781372;2022-09-06;FRC;J26;;;0;0;0.0;;;0.0;0.0;0.0;0.0;0.0;4.69;0.0;0.0
138470;781373;2022-09-06;FRC;N26;;;0;0;0.0;;;0.0;0.0;0.0;0.0;0.0;4.67;0.0;0.0
138471;781374;2022-09-06;FRC;V26;;;0;0;0.0;;;0.0;0.0;0.0;0.0;0.0;4.71;0.0;0.0
138472;781375;2022-09-06;FRC;F27;;;8;2196;386451127.0;;;4.72;4.72;4.72;4.72;4.72;4.72;0.0;0.0
138473;781376;2022-09-06;FRC;J27;;;2;291;32126558.0;;;4.75;4.75;4.75;4.75;4.75;4.75;0.0;4.75
138474;781377;2022-09-06;FRC;N27;;;0;0;0.0;;;0.0;0.0;0.0;0.0;0.0;4.77;0.0;0.0
138475;781378;2022-09-06;FRC;F28;;;0;0;0.0;;;0.0;0.0;0.0;0.0;0.0;4.82;0.0;0.0
138476;781379;2022-09-06;FRC;F29;;;0;0;0.0;;;0.0;0.0;0.0;0.0;0.0;4.93;0.0;0.0
138477;781380;2022-09-06;FRC;F30;;;0;0;0.0;;;0.0;0.0;0.0;0.0;0.0;4.99;0.0;0.0
138478;781381;2022-09-06;FRC;F31;;;1;170;27184014.0;;;5.08;5.08;5.08;5.08;5.08;5.08;0.0;0.0
138479;781382;2022-09-06;FRC;F32;;;0;0;0.0;;;0.0;0.0;0.0;0.0;0.0;5.19;0.0;0.0
138480;781383;2022-09-06;FRC;F33;;;0;0;0.0;;;0.0;0.0;0.0;0.0;0.0;5.37;0.0;0.0
138481;781384;2022-09-06;FRC;F34;;;0;0;0.0;;;0.0;0.0;0.0;0.0;0.0;5.56;0.0;0.0
138482;781385;2022-09-06;FRC;F35;;;0;0;0.0;;;0.0;0.0;0.0;0.0;0.0;5.69;0.0;0.0
138483;781386;2022-09-06;FRC;F36;;;0;0;0.0;;;0.0;0.0;0.0;0.0;0.0;5.8;0.0;0.0
138484;781387;2022-09-06;FRC;F37;;;0;0;0.0;;;0.0;0.0;0.0;0.0;0.0;5.92;0.0;0.0
138485;781559;2022-09-08;FRC;X22;;;18;46725;5646490230.0;;;3.97;3.97;4.0;3.99;4.0;4.0;4.0;4.03
138486;781560;2022-09-08;FRC;Z22;;;22;23101;2786514339.0;;;4.13;4.13;4.18;4.17;4.17;4.18;4.17;0.0
138487;781561;2022-09-08;FRC;F23;;;23;33092;6332000223.0;;;4.43;4.42;4.46;4.44;4.46;4.46;4.46;4.5
138488;781562;2022-09-08;FRC;G23;;;10;8971;1077339505.0;;;4.69;4.68;4.69;4.68;4.68;4.69;4.67;4.7
138489;781563;2022-09-08;FRC;H23;;;8;4178;500633636.0;;;4.72;4.72;4.78;4.75;4.78;4.78;0.0;4.8
138490;781564;2022-09-08;FRC;J23;;;7;5138;976618353.0;;;4.83;4.83;4.83;4.83;4.83;4.83;4.83;4.85
138491;781565;2022-09-08;FRC;K23;;;4;1577;188112640.0;;;4.88;4.88;4.88;4.88;4.88;4.88;0.0;0.0
138492;781566;2022-09-08;FRC;M23;;;7;2166;257966463.0;;;4.94;4.94;4.94;4.94;4.94;4.94;4.9;4.95
138493;781567;2022-09-08;FRC;N23;;;20;17673;3338102767.0;;;4.88;4.88;4.92;4.9;4.92;4.92;0.0;4.93
138494;781568;2022-09-08;FRC;Q23;;;1;941;111583363.0;;;4.93;4.93;4.93;4.93;4.93;4.98;4.98;5.0
138495;781569;2022-09-08;FRC;U23;;;4;3345;395749079.0;;;4.95;4.95;4.99;4.96;4.99;4.99;0.0;0.0
138496;781570;2022-09-08;FRC;V23;;;15;16102;3021645896.0;;;4.97;4.97;5.01;4.99;5.0;5.0;0.0;0.0
138497;781571;2022-09-08;FRC;F24;;;15;3298;615012585.0;;;5.01;5.01;5.01;5.01;5.01;5.01;0.0;0.0
138498;781572;2022-09-08;FRC;J24;;;8;1737;322116038.0;;;4.95;4.95;4.95;4.95;4.95;4.95;0.0;0.0
138499;781573;2022-09-08;FRC;N24;;;4;1728;318638539.0;;;4.91;4.91;4.92;4.91;4.92;4.91;0.0;0.0
138500;781574;2022-09-08;FRC;V24;;;0;0;0.0;;;0.0;0.0;0.0;0.0;0.0;4.87;0.0;0.0
138501;781575;2022-09-08;FRC;F25;;;5;1900;346416289.0;;;4.85;4.85;4.85;4.85;4.85;4.85;0.0;0.0
138502;781576;2022-09-08;FRC;J25;;;0;0;0.0;;;0.0;0.0;0.0;0.0;0.0;4.78;0.0;0.0
138503;781577;2022-09-08;FRC;N25;;;1;94;16960928.0;;;4.77;4.77;4.77;4.77;4.77;4.75;0.0;0.0
138504;781578;2022-09-08;FRC;V25;;;2;749;84520160.0;;;4.73;4.73;4.73;4.73;4.73;4.73;4.75;0.0
138505;781579;2022-09-08;FRC;F26;;;0;0;0.0;;;0.0;0.0;0.0;0.0;0.0;4.72;0.0;0.0
138506;781580;2022-09-08;FRC;J26;;;0;0;0.0;;;0.0;0.0;0.0;0.0;0.0;4.71;0.0;0.0
138507;781581;2022-09-08;FRC;N26;;;1;185;32693509.0;;;4.69;4.69;4.69;4.69;4.69;4.69;0.0;0.0
138508;781582;2022-09-08;FRC;V26;;;0;0;0.0;;;0.0;0.0;0.0;0.0;0.0;4.71;0.0;0.0
138509;781583;2022-09-08;FRC;F27;;;4;732;127891143.0;;;4.7;4.7;4.7;4.7;4.7;4.7;4.72;0.0
138510;781584;2022-09-08;FRC;J27;;;2;364;39737103.0;;;4.7;4.7;4.7;4.7;4.7;4.7;0.0;0.0
138511;781585;2022-09-08;FRC;N27;;;0;0;0.0;;;0.0;0.0;0.0;0.0;0.0;4.72;0.0;0.0
138512;781586;2022-09-08;FRC;F28;;;0;0;0.0;;;0.0;0.0;0.0;0.0;0.0;4.77;0.0;0.0
138513;781587;2022-09-08;FRC;F29;;;0;0;0.0;;;0.0;0.0;0.0;0.0;0.0;4.88;0.0;0.0
138514;781588;2022-09-08;FRC;F30;;;0;0;0.0;;;0.0;0.0;0.0;0.0;0.0;4.94;0.0;0.0
138515;781589;2022-09-08;FRC;F31;;;0;0;0.0;;;0.0;0.0;0.0;0.0;0.0;5.03;0.0;0.0
138516;781590;2022-09-08;FRC;F32;;;0;0;0.0;;;0.0;0.0;0.0;0.0;0.0;5.14;0.0;0.0
138517;781591;2022-09-08;FRC;F33;;;0;0;0.0;;;0.0;0.0;0.0;0.0;0.0;5.32;0.0;0.0
138518;781592;2022-09-08;FRC;F34;;;0;0;0.0;;;0.0;0.0;0.0;0.0;0.0;5.51;0.0;0.0
138519;781593;2022-09-08;FRC;F35;;;0;0;0.0;;;0.0;0.0;0.0;0.0;0.0;5.64;0.0;0.0
138520;781594;2022-09-08;FRC;F36;;;0;0;0.0;;;0.0;0.0;0.0;0.0;0.0;5.75;0.0;0.0
138521;781595;2022-09-08;FRC;F37;;;0;0;0.0;;;0.0;0.0;0.0;0.0;0.0;5.87;0.0;0.0
138522;781767;2022-09-09;FRC;X22;;;23;58946;7072314579.0;;;4.0;4.0;4.08;4.05;4.08;4.08;4.04;4.12
138523;781768;2022-09-09;FRC;Z22;;;27;19398;2323333371.0;;;4.18;4.18;4.27;4.25;4.26;4.26;4.25;0.0
138524;781769;2022-09-09;FRC;F23;;;14;23846;4542163256.0;;;4.46;4.46;4.53;4.49;4.52;4.53;0.0;4.54
138525;781770;2022-09-09;FRC;G23;;;10;14245;1698045217.0;;;4.69;4.69;4.75;4.71;4.74;4.75;4.74;0.0
138526;781771;2022-09-09;FRC;H23;;;7;6832;812798334.0;;;4.78;4.78;4.83;4.82;4.83;4.83;0.0;4.83
138527;781772;2022-09-09;FRC;J23;;;7;3163;598515588.0;;;4.83;4.83;4.88;4.84;4.88;4.88;0.0;4.9
138528;781773;2022-09-09;FRC;K23;;;7;2268;268664826.0;;;4.88;4.88;4.93;4.92;4.93;4.93;0.0;0.0
138529;781774;2022-09-09;FRC;M23;;;2;1633;192994285.0;;;4.94;4.94;4.99;4.95;4.99;4.99;4.98;5.0
138530;781775;2022-09-09;FRC;N23;;;9;4576;860268529.0;;;4.92;4.92;4.97;4.96;4.97;4.97;0.0;4.97
138531;781776;2022-09-09;FRC;Q23;;;7;2960;348401071.0;;;4.98;4.98;5.04;5.03;5.04;5.04;0.0;5.04
138532;781777;2022-09-09;FRC;U23;;;11;4891;574487961.0;;;5.04;5.04;5.04;5.04;5.04;5.04;0.0;0.0
138533;781778;2022-09-09;FRC;V23;;;9;3063;572047179.0;;;5.0;5.0;5.06;5.05;5.06;5.06;0.0;5.07
138534;781779;2022-09-09;FRC;F24;;;6;854;158493678.0;;;5.01;5.01;5.09;5.06;5.09;5.09;0.0;0.0
138535;781780;2022-09-09;FRC;J24;;;4;1062;195976118.0;;;4.95;4.95;5.02;5.01;5.02;5.02;5.0;5.02
138536;781781;2022-09-09;FRC;N24;;;6;4377;803406541.0;;;4.91;4.91;4.96;4.92;4.96;4.96;4.95;0.0
138537;781782;2022-09-09;FRC;V24;;;1;115;13199067.0;;;4.87;4.87;4.87;4.87;4.87;4.94;0.0;0.0
138538;781783;2022-09-09;FRC;F25;;;22;9139;1658077704.0;;;4.85;4.85;4.95;4.89;4.95;4.95;0.0;0.0
138539;781784;2022-09-09;FRC;J25;;;4;568;64392133.0;;;4.78;4.78;4.78;4.78;4.78;4.89;0.0;0.0
138540;781785;2022-09-09;FRC;N25;;;1;19;3416050.0;;;4.75;4.75;4.75;4.75;4.75;4.86;0.0;0.0
138541;781786;2022-09-09;FRC;V25;;;4;411;45958723.0;;;4.73;4.73;4.85;4.78;4.85;4.85;0.0;0.0
138542;781787;2022-09-09;FRC;F26;;;4;2442;433922783.0;;;4.72;4.72;4.85;4.73;4.85;4.85;0.0;0.0
138543;781788;2022-09-09;FRC;J26;;;1;19;2141641.0;;;4.71;4.71;4.71;4.71;4.71;4.84;0.0;0.0
138544;781789;2022-09-09;FRC;N26;;;0;0;0.0;;;0.0;0.0;0.0;0.0;0.0;4.81;0.0;0.0
138545;781790;2022-09-09;FRC;V26;;;1;367;40150686.0;;;4.83;4.83;4.83;4.83;4.83;4.83;0.0;0.0
138546;781791;2022-09-09;FRC;F27;;;2;73;12693466.0;;;4.7;4.7;4.71;4.7;4.71;4.81;0.0;0.0
138547;781792;2022-09-09;FRC;J27;;;0;0;0.0;;;0.0;0.0;0.0;0.0;0.0;4.8;0.0;0.0
138548;781793;2022-09-09;FRC;N27;;;0;0;0.0;;;0.0;0.0;0.0;0.0;0.0;4.81;0.0;0.0
138549;781794;2022-09-09;FRC;F28;;;2;2948;501164763.0;;;4.77;4.77;4.77;4.77;4.77;4.85;0.0;0.0
138550;781795;2022-09-09;FRC;F29;;;8;2081;345100308.0;;;4.88;4.88;4.92;4.9;4.92;4.92;0.0;0.0
138551;781796;2022-09-09;FRC;F30;;;1;52;8431786.0;;;4.94;4.94;4.94;4.94;4.94;4.98;0.0;0.0
138552;781797;2022-09-09;FRC;F31;;;1;85;13449261.0;;;5.03;5.03;5.03;5.03;5.03;5.11;0.0;5.18
138553;781798;2022-09-09;FRC;F32;;;0;0;0.0;;;0.0;0.0;0.0;0.0;0.0;5.22;0.0;0.0
138554;781799;2022-09-09;FRC;F33;;;0;0;0.0;;;0.0;0.0;0.0;0.0;0.0;5.4;0.0;0.0
138555;781800;2022-09-09;FRC;F34;;;0;0;0.0;;;0.0;0.0;0.0;0.0;0.0;5.59;0.0;0.0
138556;781801;2022-09-09;FRC;F35;;;0;0;0.0;;;0.0;0.0;0.0;0.0;0.0;5.72;0.0;0.0
138557;781802;2022-09-09;FRC;F36;;;0;0;0.0;;;0.0;0.0;0.0;0.0;0.0;5.83;0.0;0.0
138558;781803;2022-09-09;FRC;F37;;;0;0;0.0;;;0.0;0.0;0.0;0.0;0.0;5.95;0.0;0.0
138559;781975;2022-09-12;FRC;X22;;;52;102785;12301870732.0;;;4.11;4.06;4.13;4.12;4.13;4.13;4.08;4.15
138560;781976;2022-09-12;FRC;Z22;;;14;17299;2066591078.0;;;4.26;4.26;4.3;4.29;4.3;4.3;0.0;4.3
138561;781977;2022-09-12;FRC;F23;;;32;49159;9350298081.0;;;4.53;4.53;4.56;4.55;4.55;4.56;4.52;4.56
138562;781978;2022-09-12;FRC;G23;;;10;6745;802050347.0;;;4.78;4.78;4.78;4.78;4.78;4.78;0.0;0.0
138563;781979;2022-09-12;FRC;H23;;;11;3168;375959383.0;;;4.86;4.86;4.86;4.86;4.86;4.86;0.0;0.0
138564;781980;2022-09-12;FRC;J23;;;5;3991;754051120.0;;;4.91;4.91;4.91;4.91;4.91;4.91;4.91;4.94
138565;781981;2022-09-12;FRC;K23;;;5;1498;176967239.0;;;4.95;4.95;4.95;4.95;4.95;4.95;0.0;0.0
138566;781982;2022-09-12;FRC;M23;;;13;11611;1369148256.0;;;4.99;4.99;4.99;4.99;4.99;4.99;4.95;4.99
138567;781983;2022-09-12;FRC;N23;;;9;4319;810836242.0;;;4.98;4.98;4.98;4.98;4.98;4.98;0.0;4.98
138568;781984;2022-09-12;FRC;Q23;;;5;2489;292232631.0;;;5.04;5.04;5.05;5.04;5.05;5.05;0.0;0.0
138569;781985;2022-09-12;FRC;U23;;;6;5262;616551700.0;;;5.03;5.03;5.06;5.04;5.06;5.06;0.0;0.0
138570;781986;2022-09-12;FRC;V23;;;10;6049;1128244819.0;;;5.06;5.05;5.06;5.05;5.05;5.05;0.0;0.0
138571;781987;2022-09-12;FRC;F24;;;6;3414;632622704.0;;;5.1;5.09;5.1;5.09;5.09;5.09;0.0;5.11
138572;781988;2022-09-12;FRC;J24;;;0;0;0.0;;;0.0;0.0;0.0;0.0;0.0;5.02;0.0;0.0
138573;781989;2022-09-12;FRC;N24;;;6;1728;316646651.0;;;4.97;4.96;4.97;4.96;4.97;4.97;0.0;0.0
138574;781990;2022-09-12;FRC;V24;;;2;573;65459444.0;;;4.91;4.85;4.91;4.87;4.85;4.85;4.85;0.0
138575;781991;2022-09-12;FRC;F25;;;5;1140;206471006.0;;;4.93;4.93;4.93;4.93;4.93;4.93;0.0;0.0
138576;781992;2022-09-12;FRC;J25;;;0;0;0.0;;;0.0;0.0;0.0;0.0;0.0;4.88;0.0;0.0
138577;781993;2022-09-12;FRC;N25;;;1;188;33682921.0;;;4.87;4.87;4.87;4.87;4.87;4.87;0.0;0.0
138578;781994;2022-09-12;FRC;V25;;;1;187;20865472.0;;;4.87;4.87;4.87;4.87;4.87;4.87;0.0;0.0
138579;781995;2022-09-12;FRC;F26;;;0;0;0.0;;;0.0;0.0;0.0;0.0;0.0;4.88;0.0;0.0
138580;781996;2022-09-12;FRC;J26;;;0;0;0.0;;;0.0;0.0;0.0;0.0;0.0;4.87;0.0;0.0
138581;781997;2022-09-12;FRC;N26;;;0;0;0.0;;;0.0;0.0;0.0;0.0;0.0;4.85;0.0;0.0
138582;781998;2022-09-12;FRC;V26;;;0;0;0.0;;;0.0;0.0;0.0;0.0;0.0;4.87;0.0;0.0
138583;781999;2022-09-12;FRC;F27;;;1;183;31694426.0;;;4.86;4.86;4.86;4.86;4.86;4.86;0.0;0.0
138584;782000;2022-09-12;FRC;J27;;;0;0;0.0;;;0.0;0.0;0.0;0.0;0.0;4.85;0.0;0.0
138585;782001;2022-09-12;FRC;N27;;;0;0;0.0;;;0.0;0.0;0.0;0.0;0.0;4.86;0.0;0.0
138586;782002;2022-09-12;FRC;F28;;;0;0;0.0;;;0.0;0.0;0.0;0.0;0.0;4.9;0.0;0.0
138587;782003;2022-09-12;FRC;F29;;;0;0;0.0;;;0.0;0.0;0.0;0.0;0.0;4.97;0.0;0.0
138588;782004;2022-09-12;FRC;F30;;;1;173;27935219.0;;;5.03;5.03;5.03;5.03;5.03;5.03;0.0;0.0
138589;782005;2022-09-12;FRC;F31;;;1;170;26797559.0;;;5.11;5.11;5.11;5.11;5.11;5.16;0.0;0.0
138590;782006;2022-09-12;FRC;F32;;;1;167;16072202.0;;;5.22;5.22;5.22;5.22;5.22;5.27;0.0;0.0
138591;782007;2022-09-12;FRC;F33;;;0;0;0.0;;;0.0;0.0;0.0;0.0;0.0;5.45;0.0;0.0
138592;782008;2022-09-12;FRC;F34;;;0;0;0.0;;;0.0;0.0;0.0;0.0;0.0;5.64;0.0;0.0
138593;782009;2022-09-12;FRC;F35;;;0;0;0.0;;;0.0;0.0;0.0;0.0;0.0;5.77;0.0;0.0
138594;782010;2022-09-12;FRC;F36;;;0;0;0.0;;;0.0;0.0;0.0;0.0;0.0;5.88;0.0;0.0
138595;782011;2022-09-12;FRC;F37;;;0;0;0.0;;;0.0;0.0;0.0;0.0;0.0;6.0;0.0;0.0
138596;782185;2022-09-13;FRC;X22;;;36;107860;13210858136.0;;;4.19;4.13;4.21;4.18;4.21;4.2;4.2;4.21
138597;782186;2022-09-13;FRC;Z22;;;13;35493;4338888969.0;;;4.34;4.34;4.4;4.36;4.4;4.4;4.4;4.45
138598;782187;2022-09-13;FRC;F23;;;20;29346;5662681785.0;;;4.56;4.56;4.71;4.67;4.71;4.71;0.0;4.71
138599;782188;2022-09-13;FRC;G23;;;10;8629;1049907982.0;;;4.88;4.87;4.95;4.89;4.95;4.95;0.0;0.0
138600;782189;2022-09-13;FRC;H23;;;19;12078;1466544457.0;;;5.07;5.07;5.07;5.07;5.07;5.07;0.0;0.0
138601;782190;2022-09-13;FRC;J23;;;0;0;0.0;;;0.0;0.0;0.0;0.0;0.0;5.14;0.0;5.13
138602;782191;2022-09-13;FRC;K23;;;24;12608;1523284168.0;;;5.19;5.19;5.19;5.19;5.19;5.19;0.0;0.0
138603;782192;2022-09-13;FRC;M23;;;10;3540;426863448.0;;;5.23;5.23;5.23;5.23;5.23;5.23;0.0;0.0
138604;782193;2022-09-13;FRC;N23;;;11;6887;1311111745.0;;;5.07;5.07;5.23;5.13;5.23;5.23;0.0;5.23
138605;782194;2022-09-13;FRC;Q23;;;1;196;23540671.0;;;5.3;5.3;5.3;5.3;5.3;5.3;0.0;5.3
138606;782195;2022-09-13;FRC;U23;;;12;6055;725013541.0;;;5.3;5.3;5.3;5.3;5.3;5.3;0.0;0.0
138607;782196;2022-09-13;FRC;V23;;;8;3120;589719900.0;;;5.31;5.29;5.31;5.3;5.29;5.31;0.0;0.0
138608;782197;2022-09-13;FRC;F24;;;12;10388;1951763061.0;;;5.16;5.16;5.32;5.21;5.32;5.32;0.0;5.32
138609;782198;2022-09-13;FRC;J24;;;13;5200;970614149.0;;;5.25;5.25;5.25;5.25;5.25;5.25;0.0;5.25
138610;782199;2022-09-13;FRC;N24;;;17;7579;1407965843.0;;;4.97;4.97;5.18;5.07;5.18;5.18;0.0;0.0
138611;782200;2022-09-13;FRC;V24;;;8;1718;200570466.0;;;5.13;5.13;5.13;5.13;5.13;5.13;5.13;0.0
138612;782201;2022-09-13;FRC;F25;;;13;3983;730596327.0;;;5.02;5.02;5.11;5.1;5.11;5.11;0.0;0.0
138613;782202;2022-09-13;FRC;J25;;;0;0;0.0;;;0.0;0.0;0.0;0.0;0.0;5.05;0.0;0.0
138614;782203;2022-09-13;FRC;N25;;;0;0;0.0;;;0.0;0.0;0.0;0.0;0.0;5.04;0.0;0.0
138615;782204;2022-09-13;FRC;V25;;;0;0;0.0;;;0.0;0.0;0.0;0.0;0.0;5.03;0.0;0.0
138616;782205;2022-09-13;FRC;F26;;;3;558;100034717.0;;;5.03;5.03;5.03;5.03;5.03;5.03;0.0;5.03
138617;782206;2022-09-13;FRC;J26;;;0;0;0.0;;;0.0;0.0;0.0;0.0;0.0;5.01;0.0;0.0
138618;782207;2022-09-13;FRC;N26;;;2;2102;373642368.0;;;4.85;4.85;4.85;4.85;4.85;4.98;0.0;0.0
138619;782208;2022-09-13;FRC;V26;;;0;0;0.0;;;0.0;0.0;0.0;0.0;0.0;4.99;0.0;0.0
138620;782209;2022-09-13;FRC;F27;;;9;2186;383216667.0;;;4.97;4.97;4.97;4.97;4.97;4.97;0.0;0.0
138621;782210;2022-09-13;FRC;J27;;;0;0;0.0;;;0.0;0.0;0.0;0.0;0.0;4.96;0.0;0.0
138622;782211;2022-09-13;FRC;N27;;;0;0;0.0;;;0.0;0.0;0.0;0.0;0.0;4.98;0.0;0.0
138623;782212;2022-09-13;FRC;F28;;;9;2148;367907606.0;;;5.0;5.0;5.03;5.01;5.03;5.03;0.0;0.0
138624;782213;2022-09-13;FRC;F29;;;2;703;117561730.0;;;5.08;5.08;5.08;5.08;5.08;5.09;0.0;0.0
138625;782214;2022-09-13;FRC;F30;;;0;0;0.0;;;0.0;0.0;0.0;0.0;0.0;5.14;0.0;0.0
138626;782215;2022-09-13;FRC;F31;;;0;0;0.0;;;0.0;0.0;0.0;0.0;0.0;5.25;0.0;0.0
138627;782216;2022-09-13;FRC;F32;;;3;667;65484848.0;;;5.35;5.35;5.35;5.35;5.35;5.35;0.0;0.0
138628;782217;2022-09-13;FRC;F33;;;0;0;0.0;;;0.0;0.0;0.0;0.0;0.0;5.53;0.0;0.0
138629;782218;2022-09-13;FRC;F34;;;0;0;0.0;;;0.0;0.0;0.0;0.0;0.0;5.72;0.0;0.0
138630;782219;2022-09-13;FRC;F35;;;0;0;0.0;;;0.0;0.0;0.0;0.0;0.0;5.85;0.0;0.0
138631;782220;2022-09-13;FRC;F36;;;0;0;0.0;;;0.0;0.0;0.0;0.0;0.0;5.96;0.0;0.0
138632;782221;2022-09-13;FRC;F37;;;0;0;0.0;;;0.0;0.0;0.0;0.0;0.0;6.08;0.0;0.0
138633;782396;2022-09-14;FRC;X22;;;88;90463;10955076373.0;;;4.25;4.18;4.26;4.22;4.19;4.19;4.19;4.22
138634;782397;2022-09-14;FRC;Z22;;;18;9825;1187404680.0;;;4.46;4.42;4.48;4.43;4.43;4.42;0.0;0.0
138635;782398;2022-09-14;FRC;F23;;;34;24157;4627852972.0;;;4.75;4.71;4.77;4.71;4.72;4.71;4.71;4.72
138636;782399;2022-09-14;FRC;G23;;;13;8033;966184902.0;;;4.99;4.94;5.01;4.95;4.94;4.94;4.94;0.0
138637;782400;2022-09-14;FRC;H23;;;10;7939;952968989.0;;;5.11;5.06;5.11;5.07;5.06;5.06;0.0;0.0
138638;782401;2022-09-14;FRC;J23;;;8;3158;600733282.0;;;5.14;5.14;5.14;5.14;5.14;5.14;0.0;0.0
138639;782402;2022-09-14;FRC;K23;;;11;4334;517677839.0;;;5.2;5.2;5.2;5.2;5.2;5.2;5.2;0.0
138640;782403;2022-09-14;FRC;M23;;;7;3735;445121595.0;;;5.26;5.26;5.26;5.26;5.26;5.26;5.24;0.0
138641;782404;2022-09-14;FRC;N23;;;25;20341;3842798725.0;;;5.28;5.27;5.28;5.27;5.27;5.27;5.24;5.27
138642;782405;2022-09-14;FRC;Q23;;;1;861;102132547.0;;;5.3;5.3;5.3;5.3;5.3;5.34;5.32;0.0
138643;782406;2022-09-14;FRC;U23;;;8;7224;854895863.0;;;5.3;5.3;5.34;5.33;5.33;5.34;0.0;0.0
138644;782407;2022-09-14;FRC;V23;;;5;1384;259669189.0;;;5.35;5.35;5.35;5.35;5.35;5.35;5.35;0.0
138645;782408;2022-09-14;FRC;F24;;;14;4513;841067198.0;;;5.35;5.35;5.39;5.36;5.37;5.37;5.35;5.37
138646;782409;2022-09-14;FRC;J24;;;13;6395;1184733010.0;;;5.29;5.29;5.31;5.3;5.31;5.31;0.0;0.0
138647;782410;2022-09-14;FRC;N24;;;7;1535;282704177.0;;;5.25;5.25;5.25;5.25;5.25;5.25;0.0;0.0
138648;782411;2022-09-14;FRC;V24;;;5;1561;179820122.0;;;5.17;5.13;5.21;5.15;5.21;5.21;5.19;0.0
138649;782412;2022-09-14;FRC;F25;;;15;6061;1103138106.0;;;5.12;5.12;5.16;5.15;5.16;5.16;5.15;0.0
138650;782413;2022-09-14;FRC;J25;;;0;0;0.0;;;0.0;0.0;0.0;0.0;0.0;5.09;0.0;0.0
138651;782414;2022-09-14;FRC;N25;;;0;0;0.0;;;0.0;0.0;0.0;0.0;0.0;5.08;0.0;0.0
138652;782415;2022-09-14;FRC;V25;;;1;187;21088233.0;;;5.06;5.06;5.06;5.06;5.06;5.06;5.05;0.0
138653;782416;2022-09-14;FRC;F26;;;9;2788;496215407.0;;;5.03;5.03;5.03;5.03;5.03;5.03;0.0;0.0
138654;782417;2022-09-14;FRC;J26;;;0;0;0.0;;;0.0;0.0;0.0;0.0;0.0;5.01;0.0;0.0
138655;782418;2022-09-14;FRC;N26;;;0;0;0.0;;;0.0;0.0;0.0;0.0;0.0;4.98;0.0;0.0
138656;782419;2022-09-14;FRC;V26;;;2;9518;1047505691.0;;;5.04;4.98;5.04;5.03;4.98;4.99;0.0;0.0
138657;782420;2022-09-14;FRC;F27;;;12;4594;799673190.0;;;4.97;4.97;4.97;4.97;4.97;4.97;0.0;0.0
138658;782421;2022-09-14;FRC;J27;;;0;0;0.0;;;0.0;0.0;0.0;0.0;0.0;4.96;0.0;0.0
138659;782422;2022-09-14;FRC;N27;;;0;0;0.0;;;0.0;0.0;0.0;0.0;0.0;4.98;0.0;0.0
138660;782423;2022-09-14;FRC;F28;;;4;716;121714960.0;;;5.03;5.03;5.03;5.03;5.03;5.03;0.0;0.0
138661;782424;2022-09-14;FRC;F29;;;0;0;0.0;;;0.0;0.0;0.0;0.0;0.0;5.09;0.0;0.0
138662;782425;2022-09-14;FRC;F30;;;0;0;0.0;;;0.0;0.0;0.0;0.0;0.0;5.16;0.0;5.2
138663;782426;2022-09-14;FRC;F31;;;0;0;0.0;;;0.0;0.0;0.0;0.0;0.0;5.25;0.0;5.3
138664;782427;2022-09-14;FRC;F32;;;0;0;0.0;;;0.0;0.0;0.0;0.0;0.0;5.35;0.0;5.45
138665;782428;2022-09-14;FRC;F33;;;0;0;0.0;;;0.0;0.0;0.0;0.0;0.0;5.53;0.0;0.0
138666;782429;2022-09-14;FRC;F34;;;0;0;0.0;;;0.0;0.0;0.0;0.0;0.0;5.72;0.0;5.77
138667;782430;2022-09-14;FRC;F35;;;0;0;0.0;;;0.0;0.0;0.0;0.0;0.0;5.85;0.0;0.0
138668;782431;2022-09-14;FRC;F36;;;0;0;0.0;;;0.0;0.0;0.0;0.0;0.0;5.96;0.0;6.01
138669;782432;2022-09-14;FRC;F37;;;0;0;0.0;;;0.0;0.0;0.0;0.0;0.0;6.08;0.0;0.0
138670;782608;2022-09-15;FRC;X22;;;50;55182;6747391598.0;;;4.19;4.19;4.26;4.25;4.26;4.26;4.26;4.27
138671;782609;2022-09-15;FRC;Z22;;;12;6776;826993910.0;;;4.44;4.44;4.49;4.47;4.49;4.49;4.48;0.0
138672;782610;2022-09-15;FRC;F23;;;18;11074;2134609287.0;;;4.76;4.76;4.77;4.76;4.77;4.77;0.0;0.0
138673;782611;2022-09-15;FRC;G23;;;14;8130;987308076.0;;;5.0;5.0;5.0;5.0;5.0;5.0;5.01;0.0
138674;782612;2022-09-15;FRC;H23;;;13;13301;1612056222.0;;;5.12;5.12;5.12;5.12;5.12;5.12;0.0;0.0
138675;782613;2022-09-15;FRC;J23;;;9;2427;464491866.0;;;5.2;5.2;5.2;5.2;5.2;5.2;0.0;0.0
138676;782614;2022-09-15;FRC;K23;;;1;177;21326663.0;;;5.26;5.26;5.26;5.26;5.26;5.26;0.0;0.0
138677;782615;2022-09-15;FRC;M23;;;1;98;11772066.0;;;5.31;5.31;5.31;5.31;5.31;5.31;0.0;0.0
138678;782616;2022-09-15;FRC;N23;;;4;1176;223515040.0;;;5.32;5.32;5.32;5.32;5.32;5.32;0.0;0.0
138679;782617;2022-09-15;FRC;Q23;;;2;392;46998219.0;;;5.4;5.4;5.4;5.4;5.4;5.4;5.4;0.0
138680;782618;2022-09-15;FRC;U23;;;4;1170;139692421.0;;;5.42;5.42;5.42;5.42;5.42;5.42;5.42;0.0
138681;782619;2022-09-15;FRC;V23;;;10;2943;555436753.0;;;5.42;5.42;5.42;5.42;5.42;5.42;0.0;0.0
138682;782620;2022-09-15;FRC;F24;;;5;1356;254208153.0;;;5.44;5.41;5.44;5.42;5.44;5.45;5.43;0.0
138683;782621;2022-09-15;FRC;J24;;;3;576;107292880.0;;;5.39;5.39;5.39;5.39;5.39;5.39;5.39;0.0
138684;782622;2022-09-15;FRC;N24;;;7;2104;389607425.0;;;5.33;5.33;5.33;5.33;5.33;5.33;0.0;0.0
138685;782623;2022-09-15;FRC;V24;;;3;380;44128646.0;;;5.25;5.25;5.3;5.27;5.3;5.3;0.0;0.0
138686;782624;2022-09-15;FRC;F25;;;5;945;172839224.0;;;5.27;5.27;5.27;5.27;5.27;5.27;0.0;0.0
138687;782625;2022-09-15;FRC;J25;;;1;75;8591334.0;;;5.2;5.2;5.2;5.2;5.2;5.2;0.0;0.0
138688;782626;2022-09-15;FRC;N25;;;0;0;0.0;;;0.0;0.0;0.0;0.0;0.0;5.18;0.0;0.0
138689;782627;2022-09-15;FRC;V25;;;0;0;0.0;;;0.0;0.0;0.0;0.0;0.0;5.16;0.0;0.0
138690;782628;2022-09-15;FRC;F26;;;7;1560;279012600.0;;;5.12;5.12;5.12;5.12;5.12;5.12;0.0;5.12
138691;782629;2022-09-15;FRC;J26;;;0;0;0.0;;;0.0;0.0;0.0;0.0;0.0;5.1;0.0;0.0
138692;782630;2022-09-15;FRC;N26;;;0;0;0.0;;;0.0;0.0;0.0;0.0;0.0;5.07;0.0;0.0
138693;782631;2022-09-15;FRC;V26;;;0;0;0.0;;;0.0;0.0;0.0;0.0;0.0;5.08;0.0;0.0
138694;782632;2022-09-15;FRC;F27;;;10;1984;346892853.0;;;5.06;5.06;5.06;5.06;5.06;5.06;0.0;0.0
138695;782633;2022-09-15;FRC;J27;;;0;0;0.0;;;0.0;0.0;0.0;0.0;0.0;5.05;0.0;0.0
138696;782634;2022-09-15;FRC;N27;;;0;0;0.0;;;0.0;0.0;0.0;0.0;0.0;5.07;0.0;0.0
138697;782635;2022-09-15;FRC;F28;;;1;89;15195924.0;;;5.08;5.08;5.08;5.08;5.08;5.11;0.0;0.0
138698;782636;2022-09-15;FRC;F29;;;0;0;0.0;;;0.0;0.0;0.0;0.0;0.0;5.16;0.0;0.0
138699;782637;2022-09-15;FRC;F30;;;4;861;140097446.0;;;5.22;5.22;5.22;5.22;5.22;5.22;0.0;0.0
138700;782638;2022-09-15;FRC;F31;;;3;507;80414560.0;;;5.32;5.32;5.32;5.32;5.32;5.32;0.0;0.0
138701;782639;2022-09-15;FRC;F32;;;0;0;0.0;;;0.0;0.0;0.0;0.0;0.0;5.42;0.0;0.0
138702;782640;2022-09-15;FRC;F33;;;0;0;0.0;;;0.0;0.0;0.0;0.0;0.0;5.6;0.0;0.0
138703;782641;2022-09-15;FRC;F34;;;0;0;0.0;;;0.0;0.0;0.0;0.0;0.0;5.79;0.0;0.0
138704;782642;2022-09-15;FRC;F35;;;0;0;0.0;;;0.0;0.0;0.0;0.0;0.0;5.92;0.0;0.0
138705;782643;2022-09-15;FRC;F36;;;0;0;0.0;;;0.0;0.0;0.0;0.0;0.0;6.03;0.0;0.0
138706;782644;2022-09-15;FRC;F37;;;0;0;0.0;;;0.0;0.0;0.0;0.0;0.0;6.15;0.0;0.0
138707;782820;2022-09-16;FRC;X22;;;121;96876;11808490222.0;;;4.3;4.3;4.38;4.34;4.36;4.38;4.34;4.38
138708;782821;2022-09-16;FRC;Z22;;;12;6615;804661315.0;;;4.54;4.52;4.55;4.54;4.54;4.55;4.53;4.55
138709;782822;2022-09-16;FRC;F23;;;143;45816;8813569602.0;;;4.8;4.79;4.84;4.81;4.84;4.84;4.8;0.0
138710;782823;2022-09-16;FRC;G23;;;12;4940;598181616.0;;;5.05;5.01;5.06;5.05;5.06;5.06;0.0;0.0
138711;782824;2022-09-16;FRC;H23;;;11;5226;631414102.0;;;5.15;5.14;5.15;5.14;5.14;5.15;0.0;0.0
138712;782825;2022-09-16;FRC;J23;;;1;296;56535880.0;;;5.23;5.23;5.23;5.23;5.23;5.22;5.21;0.0
138713;782826;2022-09-16;FRC;K23;;;2;196;23491011.0;;;5.31;5.29;5.31;5.3;5.29;5.28;5.27;0.0
138714;782827;2022-09-16;FRC;M23;;;0;0;0.0;;;0.0;0.0;0.0;0.0;0.0;5.32;5.31;0.0
138715;782828;2022-09-16;FRC;N23;;;11;4962;941284987.0;;;5.33;5.32;5.33;5.32;5.32;5.32;0.0;0.0
138716;782829;2022-09-16;FRC;Q23;;;2;78;9291498.0;;;5.45;5.45;5.45;5.45;5.45;5.41;0.0;0.0
138717;782830;2022-09-16;FRC;U23;;;3;1562;186059044.0;;;5.42;5.42;5.42;5.42;5.42;5.42;0.0;0.0
138718;782831;2022-09-16;FRC;V23;;;0;0;0.0;;;0.0;0.0;0.0;0.0;0.0;5.42;0.0;0.0
138719;782832;2022-09-16;FRC;F24;;;21;8944;1672890813.0;;;5.46;5.45;5.5;5.47;5.45;5.45;0.0;0.0
138720;782833;2022-09-16;FRC;J24;;;9;5347;993854056.0;;;5.42;5.4;5.44;5.43;5.41;5.41;0.0;0.0
138721;782834;2022-09-16;FRC;N24;;;3;420;77607974.0;;;5.35;5.34;5.35;5.34;5.34;5.34;0.0;0.0
138722;782835;2022-09-16;FRC;V24;;;8;1522;176328170.0;;;5.31;5.3;5.31;5.3;5.3;5.3;0.0;0.0
138723;782836;2022-09-16;FRC;F25;;;2;378;69008771.0;;;5.26;5.26;5.26;5.26;5.26;5.26;0.0;0.0
138724;782837;2022-09-16;FRC;J25;;;0;0;0.0;;;0.0;0.0;0.0;0.0;0.0;5.18;0.0;0.0
138725;782838;2022-09-16;FRC;N25;;;1;94;16976729.0;;;5.17;5.17;5.17;5.17;5.17;5.16;0.0;0.0
138726;782839;2022-09-16;FRC;V25;;;5;935;106106222.0;;;5.13;5.13;5.13;5.13;5.13;5.13;0.0;0.0
138727;782840;2022-09-16;FRC;F26;;;12;4587;818931907.0;;;5.12;5.09;5.12;5.1;5.09;5.09;0.0;0.0
138728;782841;2022-09-16;FRC;J26;;;0;0;0.0;;;0.0;0.0;0.0;0.0;0.0;5.07;0.0;0.0
138729;782842;2022-09-16;FRC;N26;;;0;0;0.0;;;0.0;0.0;0.0;0.0;0.0;5.04;0.0;0.0
138730;782843;2022-09-16;FRC;V26;;;0;0;0.0;;;0.0;0.0;0.0;0.0;0.0;5.05;0.0;0.0
138731;782844;2022-09-16;FRC;F27;;;2;218;38050606.0;;;5.06;5.03;5.06;5.03;5.03;5.03;0.0;0.0
138732;782845;2022-09-16;FRC;J27;;;1;181;19799883.0;;;5.02;5.02;5.02;5.02;5.02;5.02;0.0;0.0
138733;782846;2022-09-16;FRC;N27;;;0;0;0.0;;;0.0;0.0;0.0;0.0;0.0;5.04;0.0;0.0
138734;782847;2022-09-16;FRC;F28;;;0;0;0.0;;;0.0;0.0;0.0;0.0;0.0;5.08;0.0;0.0
138735;782848;2022-09-16;FRC;F29;;;0;0;0.0;;;0.0;0.0;0.0;0.0;0.0;5.13;0.0;0.0
138736;782849;2022-09-16;FRC;F30;;;0;0;0.0;;;0.0;0.0;0.0;0.0;0.0;5.19;0.0;0.0
138737;782850;2022-09-16;FRC;F31;;;0;0;0.0;;;0.0;0.0;0.0;0.0;0.0;5.32;0.0;0.0
138738;782851;2022-09-16;FRC;F32;;;0;0;0.0;;;0.0;0.0;0.0;0.0;0.0;5.42;0.0;0.0
138739;782852;2022-09-16;FRC;F33;;;0;0;0.0;;;0.0;0.0;0.0;0.0;0.0;5.61;0.0;0.0
138740;782853;2022-09-16;FRC;F34;;;0;0;0.0;;;0.0;0.0;0.0;0.0;0.0;5.8;0.0;0.0
138741;782854;2022-09-16;FRC;F35;;;0;0;0.0;;;0.0;0.0;0.0;0.0;0.0;5.93;0.0;0.0
138742;782855;2022-09-16;FRC;F36;;;0;0;0.0;;;0.0;0.0;0.0;0.0;0.0;6.04;0.0;0.0
138743;782856;2022-09-16;FRC;F37;;;0;0;0.0;;;0.0;0.0;0.0;0.0;0.0;6.16;0.0;0.0
138744;783030;2022-09-19;FRC;X22;;;226;92002;10955814802.0;;;4.39;4.3;4.43;4.34;4.33;4.35;4.3;4.33
138745;783031;2022-09-19;FRC;Z22;;;35;31326;3722167074.0;;;4.54;4.48;4.56;4.52;4.55;4.55;4.5;4.54
138746;783032;2022-09-19;FRC;F23;;;27;19685;3731676046.0;;;4.86;4.82;4.86;4.82;4.82;4.82;4.78;4.82
138747;783033;2022-09-19;FRC;G23;;;14;6248;738859708.0;;;5.03;5.03;5.05;5.04;5.05;5.05;5.03;5.05
138748;783034;2022-09-19;FRC;H23;;;18;14450;1705226758.0;;;5.12;5.12;5.13;5.12;5.12;5.12;5.12;5.15
138749;783035;2022-09-19;FRC;J23;;;17;5504;1036060485.0;;;5.22;5.2;5.25;5.2;5.22;5.2;5.2;5.22
138750;783036;2022-09-19;FRC;K23;;;5;1084;127336153.0;;;5.27;5.27;5.27;5.27;5.27;5.27;0.0;5.29
138751;783037;2022-09-19;FRC;M23;;;4;788;92449661.0;;;5.33;5.33;5.33;5.33;5.33;5.33;0.0;5.33
138752;783038;2022-09-19;FRC;N23;;;10;1823;340769038.0;;;5.34;5.34;5.34;5.34;5.34;5.34;0.0;5.34
138753;783039;2022-09-19;FRC;Q23;;;0;0;0.0;;;0.0;0.0;0.0;0.0;0.0;5.44;0.0;5.44
138754;783040;2022-09-19;FRC;U23;;;2;176;20495109.0;;;5.45;5.45;5.45;5.45;5.45;5.45;5.45;0.0
138755;783041;2022-09-19;FRC;V23;;;9;2300;426863677.0;;;5.44;5.44;5.47;5.45;5.47;5.46;5.45;5.47
138756;783042;2022-09-19;FRC;F24;;;13;4833;890726296.0;;;5.49;5.49;5.49;5.49;5.49;5.49;0.0;0.0
138757;783043;2022-09-19;FRC;J24;;;8;1961;359094070.0;;;5.47;5.47;5.47;5.47;5.47;5.47;0.0;5.47
138758;783044;2022-09-19;FRC;N24;;;1;191;34759062.0;;;5.42;5.42;5.42;5.42;5.42;5.42;5.42;5.43
138759;783045;2022-09-19;FRC;V24;;;3;171;19326299.0;;;5.4;5.38;5.4;5.38;5.38;5.38;0.0;0.0
138760;783046;2022-09-19;FRC;F25;;;3;567;101935381.0;;;5.33;5.33;5.33;5.33;5.33;5.33;0.0;5.35
138761;783047;2022-09-19;FRC;J25;;;1;188;20999607.0;;;5.28;5.28;5.28;5.28;5.28;5.28;0.0;0.0
138762;783048;2022-09-19;FRC;N25;;;0;0;0.0;;;0.0;0.0;0.0;0.0;0.0;5.25;0.0;5.25
138763;783049;2022-09-19;FRC;V25;;;0;0;0.0;;;0.0;0.0;0.0;0.0;0.0;5.22;0.0;0.0
138764;783050;2022-09-19;FRC;F26;;;18;3350;588711941.0;;;5.17;5.17;5.17;5.17;5.17;5.17;0.0;0.0
138765;783051;2022-09-19;FRC;J26;;;0;0;0.0;;;0.0;0.0;0.0;0.0;0.0;5.15;0.0;0.0
138766;783052;2022-09-19;FRC;N26;;;0;0;0.0;;;0.0;0.0;0.0;0.0;0.0;5.12;0.0;5.12
138767;783053;2022-09-19;FRC;V26;;;0;0;0.0;;;0.0;0.0;0.0;0.0;0.0;5.13;0.0;0.0
138768;783054;2022-09-19;FRC;F27;;;2;692;118904612.0;;;5.1;5.1;5.11;5.1;5.11;5.11;0.0;0.0
138769;783055;2022-09-19;FRC;J27;;;0;0;0.0;;;0.0;0.0;0.0;0.0;0.0;5.1;0.0;0.0
138770;783056;2022-09-19;FRC;N27;;;0;0;0.0;;;0.0;0.0;0.0;0.0;0.0;5.11;0.0;0.0
138771;783057;2022-09-19;FRC;F28;;;0;0;0.0;;;0.0;0.0;0.0;0.0;0.0;5.15;0.0;0.0
138772;783058;2022-09-19;FRC;F29;;;6;1401;229521077.0;;;5.18;5.18;5.18;5.18;5.18;5.18;0.0;0.0
138773;783059;2022-09-19;FRC;F30;;;1;327;52268374.0;;;5.26;5.26;5.26;5.26;5.26;5.26;0.0;0.0
138774;783060;2022-09-19;FRC;F31;;;4;676;105328012.0;;;5.36;5.36;5.36;5.36;5.36;5.36;0.0;0.0
138775;783061;2022-09-19;FRC;F32;;;0;0;0.0;;;0.0;0.0;0.0;0.0;0.0;5.45;0.0;0.0
138776;783062;2022-09-19;FRC;F33;;;0;0;0.0;;;0.0;0.0;0.0;0.0;0.0;5.64;0.0;0.0
138777;783063;2022-09-19;FRC;F34;;;0;0;0.0;;;0.0;0.0;0.0;0.0;0.0;5.82;0.0;0.0
138778;783064;2022-09-19;FRC;F35;;;0;0;0.0;;;0.0;0.0;0.0;0.0;0.0;5.95;0.0;0.0
138779;783065;2022-09-19;FRC;F36;;;0;0;0.0;;;0.0;0.0;0.0;0.0;0.0;6.05;0.0;0.0
138780;783066;2022-09-19;FRC;F37;;;0;0;0.0;;;0.0;0.0;0.0;0.0;0.0;6.17;0.0;0.0
138781;783240;2022-09-20;FRC;X22;;;105;99960;11947910095.0;;;4.37;4.25;4.37;4.28;4.26;4.27;4.25;0.0
138782;783241;2022-09-20;FRC;Z22;;;20;19768;2358043966.0;;;4.55;4.48;4.55;4.48;4.5;4.48;4.48;4.5
138783;783242;2022-09-20;FRC;F23;;;66;61673;11721198264.0;;;4.84;4.75;4.84;4.78;4.75;4.75;0.0;4.75
138784;783243;2022-09-20;FRC;G23;;;33;30348;3603091093.0;;;5.03;4.97;5.03;4.97;4.97;4.97;0.0;0.0
138785;783244;2022-09-20;FRC;H23;;;14;6335;750603183.0;;;5.06;5.06;5.06;5.06;5.06;5.06;5.06;0.0
138786;783245;2022-09-20;FRC;J23;;;17;10206;1926174660.0;;;5.24;5.14;5.24;5.16;5.14;5.14;5.14;0.0
138787;783246;2022-09-20;FRC;K23;;;6;3251;383331662.0;;;5.23;5.23;5.23;5.23;5.23;5.23;0.0;5.23
138788;783247;2022-09-20;FRC;M23;;;9;4365;513532976.0;;;5.3;5.3;5.3;5.3;5.3;5.3;0.0;5.3
138789;783248;2022-09-20;FRC;N23;;;6;1215;227701695.0;;;5.36;5.31;5.36;5.31;5.31;5.31;5.31;0.0
138790;783249;2022-09-20;FRC;Q23;;;0;0;0.0;;;0.0;0.0;0.0;0.0;0.0;5.41;0.0;0.0
138791;783250;2022-09-20;FRC;U23;;;6;1951;227763965.0;;;5.42;5.42;5.42;5.42;5.42;5.42;5.42;0.0
138792;783251;2022-09-20;FRC;V23;;;7;3312;616270265.0;;;5.44;5.44;5.44;5.44;5.44;5.44;5.44;5.5
138793;783252;2022-09-20;FRC;F24;;;10;3755;693816866.0;;;5.51;5.48;5.51;5.48;5.48;5.48;5.46;5.48
138794;783253;2022-09-20;FRC;J24;;;5;3691;677476928.0;;;5.5;5.45;5.5;5.48;5.45;5.45;0.0;0.0
138795;783254;2022-09-20;FRC;N24;;;6;1031;188090792.0;;;5.42;5.42;5.42;5.42;5.42;5.42;0.0;5.42
138796;783255;2022-09-20;FRC;V24;;;2;209;23714108.0;;;5.38;5.38;5.38;5.38;5.38;5.38;0.0;5.38
138797;783256;2022-09-20;FRC;F25;;;5;794;143087887.0;;;5.34;5.34;5.34;5.34;5.34;5.34;0.0;5.34
138798;783257;2022-09-20;FRC;J25;;;5;940;105407965.0;;;5.28;5.28;5.28;5.28;5.28;5.28;0.0;0.0
138799;783258;2022-09-20;FRC;N25;;;0;0;0.0;;;0.0;0.0;0.0;0.0;0.0;5.26;0.0;5.26
138800;783259;2022-09-20;FRC;V25;;;0;0;0.0;;;0.0;0.0;0.0;0.0;0.0;5.24;0.0;0.0
138801;783260;2022-09-20;FRC;F26;;;5;3613;636284239.0;;;5.2;5.2;5.2;5.2;5.2;5.2;0.0;0.0
138802;783261;2022-09-20;FRC;J26;;;0;0;0.0;;;0.0;0.0;0.0;0.0;0.0;5.18;0.0;0.0
138803;783262;2022-09-20;FRC;N26;;;1;184;32055787.0;;;5.15;5.15;5.15;5.15;5.15;5.15;0.0;0.0
138804;783263;2022-09-20;FRC;V26;;;5;1464;158909944.0;;;5.13;5.13;5.13;5.13;5.13;5.13;0.0;0.0
138805;783264;2022-09-20;FRC;F27;;;3;546;93989230.0;;;5.14;5.14;5.14;5.14;5.14;5.14;0.0;5.15
138806;783265;2022-09-20;FRC;J27;;;0;0;0.0;;;0.0;0.0;0.0;0.0;0.0;5.13;0.0;0.0
138807;783266;2022-09-20;FRC;N27;;;0;0;0.0;;;0.0;0.0;0.0;0.0;0.0;5.14;0.0;0.0
138808;783267;2022-09-20;FRC;F28;;;0;0;0.0;;;0.0;0.0;0.0;0.0;0.0;5.19;0.0;5.2
138809;783268;2022-09-20;FRC;F29;;;5;1856;304439118.0;;;5.23;5.23;5.23;5.23;5.23;5.23;0.0;0.0
138810;783269;2022-09-20;FRC;F30;;;1;1031;164892124.0;;;5.32;5.32;5.32;5.32;5.32;5.32;0.0;0.0
138811;783270;2022-09-20;FRC;F31;;;2;338;52686792.0;;;5.43;5.43;5.43;5.43;5.43;5.43;0.0;0.0
138812;783271;2022-09-20;FRC;F32;;;0;0;0.0;;;0.0;0.0;0.0;0.0;0.0;5.52;0.0;0.0
138813;783272;2022-09-20;FRC;F33;;;1;163;15070828.0;;;5.72;5.72;5.72;5.72;5.72;5.72;0.0;0.0
138814;783273;2022-09-20;FRC;F34;;;0;0;0.0;;;0.0;0.0;0.0;0.0;0.0;5.9;0.0;0.0
138815;783274;2022-09-20;FRC;F35;;;0;0;0.0;;;0.0;0.0;0.0;0.0;0.0;6.03;0.0;0.0
138816;783275;2022-09-20;FRC;F36;;;0;0;0.0;;;0.0;0.0;0.0;0.0;0.0;6.13;0.0;0.0
138817;783276;2022-09-20;FRC;F37;;;0;0;0.0;;;0.0;0.0;0.0;0.0;0.0;6.25;0.0;0.0
138818;783450;2022-09-21;FRC;X22;;;164;72218;8710664034.0;;;4.3;4.21;4.3;4.23;4.21;4.21;0.0;4.23
138819;783451;2022-09-21;FRC;Z22;;;8;3787;455791424.0;;;4.42;4.42;4.42;4.42;4.42;4.42;4.42;0.0
138820;783452;2022-09-21;FRC;F23;;;50;105153;20098053917.0;;;4.76;4.71;4.78;4.72;4.71;4.71;4.71;4.72
138821;783453;2022-09-21;FRC;G23;;;19;59967;7182941469.0;;;5.0;4.94;5.0;4.95;4.95;4.94;4.94;0.0
138822;783454;2022-09-21;FRC;H23;;;25;43254;5170035557.0;;;5.06;5.06;5.08;5.06;5.06;5.06;5.06;0.0
138823;783455;2022-09-21;FRC;J23;;;22;13502;2562534213.0;;;5.15;5.14;5.15;5.14;5.15;5.15;5.15;0.0
138824;783456;2022-09-21;FRC;K23;;;10;2955;351469442.0;;;5.23;5.23;5.24;5.23;5.24;5.24;5.22;5.25
138825;783457;2022-09-21;FRC;M23;;;7;1004;119250367.0;;;5.32;5.3;5.33;5.3;5.3;5.31;5.28;0.0
138826;783458;2022-09-21;FRC;N23;;;14;14121;2661195327.0;;;5.34;5.3;5.35;5.31;5.33;5.33;0.0;0.0
138827;783459;2022-09-21;FRC;Q23;;;7;1722;203368350.0;;;5.41;5.41;5.43;5.42;5.43;5.43;0.0;0.0
138828;783460;2022-09-21;FRC;U23;;;2;254;29939872.0;;;5.42;5.42;5.46;5.45;5.46;5.46;0.0;0.0
138829;783461;2022-09-21;FRC;V23;;;16;3195;597711421.0;;;5.44;5.44;5.49;5.47;5.48;5.48;0.0;0.0
138830;783462;2022-09-21;FRC;F24;;;24;8920;1657137328.0;;;5.48;5.47;5.51;5.5;5.51;5.51;5.51;0.0
138831;783463;2022-09-21;FRC;J24;;;13;3653;674233822.0;;;5.53;5.49;5.53;5.49;5.49;5.49;0.0;0.0
138832;783464;2022-09-21;FRC;N24;;;16;12160;2230529319.0;;;5.42;5.42;5.49;5.44;5.45;5.45;0.0;0.0
138833;783465;2022-09-21;FRC;V24;;;0;0;0.0;;;0.0;0.0;0.0;0.0;0.0;5.41;5.41;0.0
138834;783466;2022-09-21;FRC;F25;;;3;1134;205432155.0;;;5.37;5.37;5.37;5.37;5.37;5.37;5.37;0.0
138835;783467;2022-09-21;FRC;J25;;;0;0;0.0;;;0.0;0.0;0.0;0.0;0.0;5.31;0.0;0.0
138836;783468;2022-09-21;FRC;N25;;;7;1478;264718616.0;;;5.28;5.28;5.28;5.28;5.28;5.28;0.0;0.0
138837;783469;2022-09-21;FRC;V25;;;0;0;0.0;;;0.0;0.0;0.0;0.0;0.0;5.26;0.0;0.0
138838;783470;2022-09-21;FRC;F26;;;4;740;130993162.0;;;5.22;5.22;5.22;5.22;5.22;5.22;0.0;0.0
138839;783471;2022-09-21;FRC;J26;;;0;0;0.0;;;0.0;0.0;0.0;0.0;0.0;5.2;0.0;0.0
138840;783472;2022-09-21;FRC;N26;;;0;0;0.0;;;0.0;0.0;0.0;0.0;0.0;5.17;0.0;0.0
138841;783473;2022-09-21;FRC;V26;;;0;0;0.0;;;0.0;0.0;0.0;0.0;0.0;5.14;0.0;0.0
138842;783474;2022-09-21;FRC;F27;;;8;1365;236243468.0;;;5.14;5.14;5.15;5.14;5.15;5.15;0.0;0.0
138843;783475;2022-09-21;FRC;J27;;;2;724;78270330.0;;;5.14;5.14;5.14;5.14;5.14;5.14;0.0;0.0
138844;783476;2022-09-21;FRC;N27;;;0;0;0.0;;;0.0;0.0;0.0;0.0;0.0;5.15;0.0;0.0
138845;783477;2022-09-21;FRC;F28;;;2;214;36120271.0;;;5.19;5.19;5.24;5.23;5.24;5.2;0.0;5.2
138846;783478;2022-09-21;FRC;F29;;;1;18;2982057.0;;;5.23;5.23;5.23;5.23;5.23;5.24;0.0;0.0
138847;783479;2022-09-21;FRC;F30;;;1;34;5456704.0;;;5.32;5.32;5.32;5.32;5.32;5.33;0.0;0.0
138848;783480;2022-09-21;FRC;F31;;;1;219;34303066.0;;;5.43;5.43;5.43;5.43;5.43;5.44;0.0;0.0
138849;783481;2022-09-21;FRC;F32;;;1;481;46142725.0;;;5.52;5.52;5.52;5.52;5.52;5.53;0.0;5.57
138850;783482;2022-09-21;FRC;F33;;;2;326;30403685.0;;;5.73;5.73;5.73;5.73;5.73;5.73;0.0;0.0
138851;783483;2022-09-21;FRC;F34;;;0;0;0.0;;;0.0;0.0;0.0;0.0;0.0;5.91;0.0;0.0
138852;783484;2022-09-21;FRC;F35;;;0;0;0.0;;;0.0;0.0;0.0;0.0;0.0;6.04;0.0;0.0
138853;783485;2022-09-21;FRC;F36;;;0;0;0.0;;;0.0;0.0;0.0;0.0;0.0;6.14;0.0;0.0
138854;783486;2022-09-21;FRC;F37;;;0;0;0.0;;;0.0;0.0;0.0;0.0;0.0;6.26;0.0;0.0
138855;783660;2022-09-22;FRC;X22;;;194;191900;23097421511.0;;;4.27;4.25;4.33;4.28;4.28;4.28;4.21;4.28
138856;783661;2022-09-22;FRC;Z22;;;16;22916;2752753122.0;;;4.44;4.44;4.48;4.45;4.46;4.46;0.0;0.0
138857;783662;2022-09-22;FRC;F23;;;38;41012;7829947127.0;;;4.76;4.74;4.77;4.75;4.75;4.75;0.0;0.0
138858;783663;2022-09-22;FRC;G23;;;14;10352;1237533922.0;;;4.98;4.98;5.01;4.98;4.99;4.99;0.0;0.0
138859;783664;2022-09-22;FRC;H23;;;18;22844;2725442923.0;;;5.12;5.12;5.12;5.12;5.12;5.12;0.0;0.0
138860;783665;2022-09-22;FRC;J23;;;20;11254;2133275308.0;;;5.21;5.21;5.21;5.21;5.21;5.21;0.0;0.0
138861;783666;2022-09-22;FRC;K23;;;4;1379;163714443.0;;;5.3;5.3;5.3;5.3;5.3;5.3;0.0;0.0
138862;783667;2022-09-22;FRC;M23;;;0;0;0.0;;;0.0;0.0;0.0;0.0;0.0;5.37;0.0;0.0
138863;783668;2022-09-22;FRC;N23;;;16;6861;1291263655.0;;;5.39;5.39;5.39;5.39;5.39;5.39;0.0;0.0
138864;783669;2022-09-22;FRC;Q23;;;11;4500;530392272.0;;;5.49;5.49;5.49;5.49;5.49;5.49;0.0;0.0
138865;783670;2022-09-22;FRC;U23;;;4;644;75707440.0;;;5.53;5.53;5.53;5.53;5.53;5.53;0.0;0.0
138866;783671;2022-09-22;FRC;V23;;;11;6754;1261685294.0;;;5.55;5.55;5.55;5.55;5.55;5.55;5.53;5.55
138867;783672;2022-09-22;FRC;F24;;;7;4061;753152144.0;;;5.61;5.61;5.61;5.61;5.61;5.61;0.0;5.61
138868;783673;2022-09-22;FRC;J24;;;5;1152;212237994.0;;;5.59;5.59;5.59;5.59;5.59;5.59;0.0;0.0
138869;783674;2022-09-22;FRC;N24;;;2;382;69929978.0;;;5.55;5.55;5.55;5.55;5.55;5.55;0.0;0.0
138870;783675;2022-09-22;FRC;V24;;;5;2546;290799581.0;;;5.47;5.47;5.51;5.47;5.51;5.51;5.51;0.0
138871;783676;2022-09-22;FRC;F25;;;10;1890;341611126.0;;;5.45;5.45;5.49;5.48;5.49;5.49;0.0;0.0
138872;783677;2022-09-22;FRC;J25;;;4;3758;423894061.0;;;5.44;5.44;5.44;5.44;5.44;5.44;0.0;0.0
138873;783678;2022-09-22;FRC;N25;;;0;0;0.0;;;0.0;0.0;0.0;0.0;0.0;5.4;0.0;0.0
138874;783679;2022-09-22;FRC;V25;;;0;0;0.0;;;0.0;0.0;0.0;0.0;0.0;5.38;0.0;0.0
138875;783680;2022-09-22;FRC;F26;;;16;5643;996285571.0;;;5.33;5.33;5.33;5.33;5.33;5.33;5.33;0.0
138876;783681;2022-09-22;FRC;J26;;;0;0;0.0;;;0.0;0.0;0.0;0.0;0.0;5.35;0.0;0.0
138877;783682;2022-09-22;FRC;N26;;;0;0;0.0;;;0.0;0.0;0.0;0.0;0.0;5.33;0.0;0.0
138878;783683;2022-09-22;FRC;V26;;;0;0;0.0;;;0.0;0.0;0.0;0.0;0.0;5.3;0.0;5.3
138879;783684;2022-09-22;FRC;F27;;;12;3081;530804110.0;;;5.32;5.32;5.32;5.32;5.32;5.32;0.0;0.0
138880;783685;2022-09-22;FRC;J27;;;0;0;0.0;;;0.0;0.0;0.0;0.0;0.0;5.31;0.0;0.0
138881;783686;2022-09-22;FRC;N27;;;0;0;0.0;;;0.0;0.0;0.0;0.0;0.0;5.32;0.0;0.0
138882;783687;2022-09-22;FRC;F28;;;5;926;155686503.0;;;5.29;5.29;5.36;5.35;5.36;5.36;0.0;5.36
138883;783688;2022-09-22;FRC;F29;;;3;732;120026821.0;;;5.4;5.4;5.4;5.4;5.4;5.4;0.0;0.0
138884;783689;2022-09-22;FRC;F30;;;0;0;0.0;;;0.0;0.0;0.0;0.0;0.0;5.49;0.0;0.0
138885;783690;2022-09-22;FRC;F31;;;3;504;78423892.0;;;5.6;5.6;5.6;5.6;5.6;5.6;0.0;0.0
138886;783691;2022-09-22;FRC;F32;;;1;330;31355438.0;;;5.72;5.72;5.72;5.72;5.72;5.69;0.0;5.75
138887;783692;2022-09-22;FRC;F33;;;0;0;0.0;;;0.0;0.0;0.0;0.0;0.0;5.89;0.0;0.0
138888;783693;2022-09-22;FRC;F34;;;0;0;0.0;;;0.0;0.0;0.0;0.0;0.0;6.07;0.0;0.0
138889;783694;2022-09-22;FRC;F35;;;0;0;0.0;;;0.0;0.0;0.0;0.0;0.0;6.2;0.0;0.0
138890;783695;2022-09-22;FRC;F36;;;0;0;0.0;;;0.0;0.0;0.0;0.0;0.0;6.3;0.0;0.0
138891;783696;2022-09-22;FRC;F37;;;0;0;0.0;;;0.0;0.0;0.0;0.0;0.0;6.42;0.0;0.0
138892;783870;2022-09-23;FRC;X22;;;131;204577;25154459164.0;;;4.1;4.1;4.21;4.19;4.2;4.19;4.15;4.19
138893;783871;2022-09-23;FRC;Z22;;;27;27124;3328812249.0;;;4.41;4.38;4.42;4.39;4.38;4.38;4.39;0.0
138894;783872;2022-09-23;FRC;F23;;;44;49607;9600173009.0;;;4.7;4.7;4.71;4.7;4.7;4.7;4.7;0.0
138895;783873;2022-09-23;FRC;G23;;;19;26143;3193125337.0;;;4.95;4.95;4.95;4.95;4.95;4.95;4.95;0.0
138896;783874;2022-09-23;FRC;H23;;;9;8335;1015957112.0;;;5.09;5.09;5.11;5.1;5.11;5.11;5.09;5.11
138897;783875;2022-09-23;FRC;J23;;;54;22410;4305704297.0;;;5.21;5.21;5.22;5.21;5.22;5.21;5.22;5.25
138898;783876;2022-09-23;FRC;K23;;;0;0;0.0;;;0.0;0.0;0.0;0.0;0.0;5.31;0.0;0.0
138899;783877;2022-09-23;FRC;M23;;;1;79;9586846.0;;;5.38;5.38;5.38;5.38;5.38;5.38;5.38;0.0
138900;783878;2022-09-23;FRC;N23;;;7;4312;822494872.0;;;5.41;5.41;5.41;5.41;5.41;5.41;5.41;0.0
138901;783879;2022-09-23;FRC;Q23;;;7;2250;270897720.0;;;5.53;5.53;5.53;5.53;5.53;5.53;0.0;5.53
138902;783880;2022-09-23;FRC;U23;;;5;800;96056693.0;;;5.58;5.58;5.58;5.58;5.58;5.58;0.0;5.58
138903;783881;2022-09-23;FRC;V23;;;15;7707;1458986024.0;;;5.56;5.56;5.61;5.58;5.61;5.6;0.0;0.0
138904;783882;2022-09-23;FRC;F24;;;25;13201;2480894396.0;;;5.6;5.6;5.65;5.64;5.65;5.65;5.65;0.0
138905;783883;2022-09-23;FRC;J24;;;12;3841;717008711.0;;;5.64;5.64;5.64;5.64;5.64;5.64;0.0;0.0
138906;783884;2022-09-23;FRC;N24;;;7;2483;460421383.0;;;5.63;5.63;5.63;5.63;5.63;5.63;0.0;5.63
138907;783885;2022-09-23;FRC;V24;;;6;1710;199435121.0;;;5.6;5.6;5.6;5.6;5.6;5.6;5.6;0.0
138908;783886;2022-09-23;FRC;F25;;;7;2644;484141664.0;;;5.52;5.52;5.56;5.53;5.56;5.56;5.56;0.0
138909;783887;2022-09-23;FRC;J25;;;2;563;64788140.0;;;5.54;5.54;5.54;5.54;5.54;5.54;0.0;0.0
138910;783888;2022-09-23;FRC;N25;;;0;0;0.0;;;0.0;0.0;0.0;0.0;0.0;5.5;0.0;0.0
138911;783889;2022-09-23;FRC;V25;;;0;0;0.0;;;0.0;0.0;0.0;0.0;0.0;5.49;0.0;0.0
138912;783890;2022-09-23;FRC;F26;;;5;2311;412887402.0;;;5.44;5.44;5.44;5.44;5.44;5.44;0.0;0.0
138913;783891;2022-09-23;FRC;J26;;;0;0;0.0;;;0.0;0.0;0.0;0.0;0.0;5.46;0.0;0.0
138914;783892;2022-09-23;FRC;N26;;;1;183;32328924.0;;;5.37;5.37;5.37;5.37;5.37;5.4;0.0;0.0
138915;783893;2022-09-23;FRC;V26;;;2;364;40415824.0;;;5.35;5.35;5.35;5.35;5.35;5.41;0.0;0.0
138916;783894;2022-09-23;FRC;F27;;;2;254;44359597.0;;;5.32;5.32;5.32;5.32;5.32;5.42;0.0;0.0
138917;783895;2022-09-23;FRC;J27;;;0;0;0.0;;;0.0;0.0;0.0;0.0;0.0;5.41;0.0;0.0
138918;783896;2022-09-23;FRC;N27;;;0;0;0.0;;;0.0;0.0;0.0;0.0;0.0;5.42;0.0;0.0
138919;783897;2022-09-23;FRC;F28;;;2;354;60142949.0;;;5.46;5.46;5.46;5.46;5.46;5.46;0.0;5.46
138920;783898;2022-09-23;FRC;F29;;;0;0;0.0;;;0.0;0.0;0.0;0.0;0.0;5.49;0.0;5.5
138921;783899;2022-09-23;FRC;F30;;;0;0;0.0;;;0.0;0.0;0.0;0.0;0.0;5.58;0.0;0.0
138922;783900;2022-09-23;FRC;F31;;;0;0;0.0;;;0.0;0.0;0.0;0.0;0.0;5.68;0.0;0.0
138923;783901;2022-09-23;FRC;F32;;;1;165;16007633.0;;;5.76;5.76;5.76;5.76;5.76;5.77;0.0;5.85
138924;783902;2022-09-23;FRC;F33;;;5;810;76296759.0;;;5.96;5.96;5.96;5.96;5.96;5.96;0.0;6.0
138925;783903;2022-09-23;FRC;F34;;;0;0;0.0;;;0.0;0.0;0.0;0.0;0.0;6.05;0.0;0.0
138926;783904;2022-09-23;FRC;F35;;;0;0;0.0;;;0.0;0.0;0.0;0.0;0.0;6.23;0.0;0.0
138927;783905;2022-09-23;FRC;F36;;;4;616;53168595.0;;;6.39;6.39;6.39;6.39;6.39;6.39;0.0;0.0
138928;783906;2022-09-23;FRC;F37;;;0;0;0.0;;;0.0;0.0;0.0;0.0;0.0;6.51;0.0;0.0
138929;784079;2022-09-26;FRC;X22;;;207;285103;35443170757.0;;;4.15;4.06;4.17;4.09;4.06;4.06;0.0;0.0
138930;784080;2022-09-26;FRC;Z22;;;46;46475;5766432626.0;;;4.38;4.33;4.38;4.34;4.34;4.34;0.0;4.34
138931;784081;2022-09-26;FRC;F23;;;27;25490;4968426855.0;;;4.7;4.63;4.7;4.63;4.63;4.63;4.63;0.0
138932;784082;2022-09-26;FRC;G23;;;25;16503;2037924845.0;;;4.95;4.9;4.95;4.9;4.9;4.9;0.0;0.0
138933;784083;2022-09-26;FRC;H23;;;20;13166;1622548595.0;;;5.14;5.05;5.14;5.06;5.05;5.05;0.0;0.0
138934;784084;2022-09-26;FRC;J23;;;16;13443;2601382540.0;;;5.21;5.18;5.21;5.18;5.18;5.18;5.18;0.0
138935;784085;2022-09-26;FRC;K23;;;17;9160;1123134713.0;;;5.35;5.28;5.35;5.28;5.28;5.28;0.0;0.0
138936;784086;2022-09-26;FRC;M23;;;8;9043;1106310813.0;;;5.36;5.36;5.36;5.36;5.36;5.36;5.36;0.0
138937;784087;2022-09-26;FRC;N23;;;15;6920;1329380799.0;;;5.42;5.39;5.45;5.4;5.39;5.39;5.4;5.42
138938;784088;2022-09-26;FRC;Q23;;;9;4324;526376770.0;;;5.54;5.49;5.54;5.49;5.49;5.49;0.0;0.0
138939;784089;2022-09-26;FRC;U23;;;6;1268;153910730.0;;;5.57;5.55;5.57;5.55;5.55;5.55;0.0;0.0
138940;784090;2022-09-26;FRC;V23;;;22;9672;1843824179.0;;;5.61;5.59;5.66;5.61;5.6;5.59;5.59;5.6
138941;784091;2022-09-26;FRC;F24;;;40;20786;3932529745.0;;;5.65;5.65;5.72;5.71;5.72;5.72;0.0;5.72
138942;784092;2022-09-26;FRC;J24;;;4;998;187513434.0;;;5.72;5.72;5.72;5.72;5.72;5.72;0.0;0.0
138943;784093;2022-09-26;FRC;N24;;;0;0;0.0;;;0.0;0.0;0.0;0.0;0.0;5.72;0.0;0.0
138944;784094;2022-09-26;FRC;V24;;;7;1481;174487912.0;;;5.67;5.67;5.71;5.69;5.71;5.71;0.0;0.0
138945;784095;2022-09-26;FRC;F25;;;0;0;0.0;;;0.0;0.0;0.0;0.0;0.0;5.68;5.68;0.0
138946;784096;2022-09-26;FRC;J25;;;0;0;0.0;;;0.0;0.0;0.0;0.0;0.0;5.66;0.0;0.0
138947;784097;2022-09-26;FRC;N25;;;5;2609;474312902.0;;;5.63;5.63;5.63;5.63;5.63;5.63;0.0;0.0
138948;784098;2022-09-26;FRC;V25;;;0;0;0.0;;;0.0;0.0;0.0;0.0;0.0;5.64;0.0;0.0
138949;784099;2022-09-26;FRC;F26;;;10;1840;330125041.0;;;5.61;5.61;5.61;5.61;5.61;5.61;5.6;0.0
138950;784100;2022-09-26;FRC;J26;;;0;0;0.0;;;0.0;0.0;0.0;0.0;0.0;5.63;0.0;0.0
138951;784101;2022-09-26;FRC;N26;;;0;0;0.0;;;0.0;0.0;0.0;0.0;0.0;5.58;0.0;0.0
138952;784102;2022-09-26;FRC;V26;;;0;0;0.0;;;0.0;0.0;0.0;0.0;0.0;5.59;0.0;0.0
138953;784103;2022-09-26;FRC;F27;;;3;543;94997756.0;;;5.61;5.61;5.61;5.61;5.61;5.61;0.0;5.65
138954;784104;2022-09-26;FRC;J27;;;0;0;0.0;;;0.0;0.0;0.0;0.0;0.0;5.6;0.0;0.0
138955;784105;2022-09-26;FRC;N27;;;0;0;0.0;;;0.0;0.0;0.0;0.0;0.0;5.61;0.0;0.0
138956;784106;2022-09-26;FRC;F28;;;6;1062;181020862.0;;;5.64;5.64;5.67;5.64;5.67;5.64;0.0;0.0
138957;784107;2022-09-26;FRC;F29;;;0;0;0.0;;;0.0;0.0;0.0;0.0;0.0;5.67;0.0;0.0
138958;784108;2022-09-26;FRC;F30;;;0;0;0.0;;;0.0;0.0;0.0;0.0;0.0;5.77;0.0;0.0
138959;784109;2022-09-26;FRC;F31;;;4;668;105136831.0;;;5.87;5.87;5.87;5.87;5.87;5.87;0.0;5.88
138960;784110;2022-09-26;FRC;F32;;;0;0;0.0;;;0.0;0.0;0.0;0.0;0.0;5.96;0.0;0.0
138961;784111;2022-09-26;FRC;F33;;;0;0;0.0;;;0.0;0.0;0.0;0.0;0.0;6.15;0.0;0.0
138962;784112;2022-09-26;FRC;F34;;;0;0;0.0;;;0.0;0.0;0.0;0.0;0.0;6.24;0.0;0.0
138963;784113;2022-09-26;FRC;F35;;;0;0;0.0;;;0.0;0.0;0.0;0.0;0.0;6.42;0.0;0.0
138964;784114;2022-09-26;FRC;F36;;;0;0;0.0;;;0.0;0.0;0.0;0.0;0.0;6.58;0.0;0.0
138965;784115;2022-09-26;FRC;F37;;;0;0;0.0;;;0.0;0.0;0.0;0.0;0.0;6.7;0.0;0.0
138966;784288;2022-09-27;FRC;X22;;;195;353710;42946605617.0;;;4.06;3.93;4.06;3.95;3.96;3.96;3.93;3.96
138967;784289;2022-09-27;FRC;Z22;;;40;45186;5476316593.0;;;4.34;4.21;4.34;4.22;4.22;4.22;4.22;0.0
138968;784290;2022-09-27;FRC;F23;;;72;32177;6179844236.0;;;4.63;4.53;4.63;4.54;4.53;4.53;4.53;0.0
138969;784291;2022-09-27;FRC;G23;;;21;14722;1775971374.0;;;4.9;4.81;4.9;4.81;4.81;4.81;4.81;0.0
138970;784292;2022-09-27;FRC;H23;;;15;6693;805713838.0;;;5.05;4.97;5.05;4.98;4.98;4.98;4.97;0.0
138971;784293;2022-09-27;FRC;J23;;;27;12377;2360114089.0;;;5.18;5.11;5.18;5.11;5.11;5.11;0.0;0.0
138972;784294;2022-09-27;FRC;K23;;;21;11171;1337959755.0;;;5.28;5.22;5.28;5.22;5.22;5.22;0.0;0.0
138973;784295;2022-09-27;FRC;M23;;;7;5701;681188962.0;;;5.36;5.3;5.36;5.34;5.31;5.31;0.0;0.0
138974;784296;2022-09-27;FRC;N23;;;16;12964;2454382408.0;;;5.39;5.33;5.39;5.33;5.33;5.33;5.33;5.34
138975;784297;2022-09-27;FRC;Q23;;;10;5987;711860805.0;;;5.49;5.44;5.49;5.44;5.44;5.44;5.43;5.44
138976;784298;2022-09-27;FRC;U23;;;5;1093;129627983.0;;;5.49;5.49;5.5;5.49;5.5;5.5;0.0;5.5
138977;784299;2022-09-27;FRC;V23;;;26;10184;1913523327.0;;;5.59;5.52;5.59;5.53;5.53;5.53;0.0;0.0
138978;784300;2022-09-27;FRC;F24;;;32;9509;1773249624.0;;;5.65;5.63;5.66;5.64;5.64;5.64;0.0;0.0
138979;784301;2022-09-27;FRC;J24;;;15;2035;376866163.0;;;5.72;5.63;5.72;5.66;5.65;5.65;0.0;5.65
138980;784302;2022-09-27;FRC;N24;;;19;3857;709533568.0;;;5.72;5.63;5.72;5.64;5.64;5.64;0.0;0.0
138981;784303;2022-09-27;FRC;V24;;;14;1481;170432564.0;;;5.71;5.64;5.71;5.66;5.64;5.64;5.64;0.0
138982;784304;2022-09-27;FRC;F25;;;9;4094;743123053.0;;;5.61;5.61;5.62;5.61;5.62;5.62;5.61;5.62
138983;784305;2022-09-27;FRC;J25;;;2;507;57605939.0;;;5.66;5.61;5.66;5.64;5.61;5.61;0.0;0.0
138984;784306;2022-09-27;FRC;N25;;;1;75;13440026.0;;;5.63;5.63;5.63;5.63;5.63;5.58;5.58;0.0
138985;784307;2022-09-27;FRC;V25;;;8;2451;274959658.0;;;5.64;5.58;5.64;5.58;5.58;5.58;0.0;0.0
138986;784308;2022-09-27;FRC;F26;;;2;720;127337294.0;;;5.61;5.56;5.61;5.59;5.56;5.56;5.56;0.0
138987;784309;2022-09-27;FRC;J26;;;1;18;1962560.0;;;5.63;5.63;5.63;5.63;5.63;5.59;0.0;0.0
138988;784310;2022-09-27;FRC;N26;;;1;18;3139134.0;;;5.58;5.58;5.58;5.58;5.58;5.54;0.0;0.0
138989;784311;2022-09-27;FRC;V26;;;1;36;3906804.0;;;5.59;5.59;5.59;5.59;5.59;5.56;0.0;0.0
138990;784312;2022-09-27;FRC;F27;;;14;2876;495881111.0;;;5.54;5.54;5.59;5.58;5.59;5.59;0.0;0.0
138991;784313;2022-09-27;FRC;J27;;;1;54;5832270.0;;;5.6;5.6;5.6;5.6;5.6;5.58;0.0;0.0
138992;784314;2022-09-27;FRC;N27;;;0;0;0.0;;;0.0;0.0;0.0;0.0;0.0;5.59;0.0;0.0
138993;784315;2022-09-27;FRC;F28;;;1;318;53392433.0;;;5.64;5.64;5.64;5.64;5.64;5.62;0.0;5.65
138994;784316;2022-09-27;FRC;F29;;;2;209;34242748.0;;;5.67;5.66;5.67;5.66;5.66;5.65;5.67;5.71
138995;784317;2022-09-27;FRC;F30;;;1;136;21666456.0;;;5.77;5.77;5.77;5.77;5.77;5.75;0.0;0.0
138996;784318;2022-09-27;FRC;F31;;;1;284;44042053.0;;;5.87;5.87;5.87;5.87;5.87;5.85;0.0;0.0
138997;784319;2022-09-27;FRC;F32;;;0;0;0.0;;;0.0;0.0;0.0;0.0;0.0;5.94;0.0;0.0
138998;784320;2022-09-27;FRC;F33;;;0;0;0.0;;;0.0;0.0;0.0;0.0;0.0;6.13;0.0;0.0
138999;784321;2022-09-27;FRC;F34;;;0;0;0.0;;;0.0;0.0;0.0;0.0;0.0;6.22;0.0;0.0
139000;784322;2022-09-27;FRC;F35;;;0;0;0.0;;;0.0;0.0;0.0;0.0;0.0;6.4;0.0;0.0
139001;784323;2022-09-27;FRC;F36;;;0;0;0.0;;;0.0;0.0;0.0;0.0;0.0;6.56;0.0;0.0
139002;784324;2022-09-27;FRC;F37;;;0;0;0.0;;;0.0;0.0;0.0;0.0;0.0;6.68;0.0;0.0
139003;784497;2022-09-28;FRC;X22;;;286;665060;80623668339.0;;;3.96;3.95;4.1;4.0;4.05;4.01;4.01;4.04
139004;784498;2022-09-28;FRC;Z22;;;24;27166;3287122339.0;;;4.25;4.21;4.25;4.23;4.22;4.22;4.21;0.0
139005;784499;2022-09-28;FRC;F23;;;43;39582;7595529778.0;;;4.5;4.45;4.52;4.48;4.5;4.5;0.0;4.5
139006;784500;2022-09-28;FRC;G23;;;17;19043;2293393227.0;;;4.79;4.74;4.81;4.77;4.74;4.74;4.74;0.0
139007;784501;2022-09-28;FRC;H23;;;13;7346;882958143.0;;;4.9;4.86;4.94;4.91;4.92;4.92;0.0;4.92
139008;784502;2022-09-28;FRC;J23;;;25;7256;1382626620.0;;;5.04;5.0;5.07;5.04;5.04;5.04;0.0;0.0
139009;784503;2022-09-28;FRC;K23;;;11;4787;572475544.0;;;5.14;5.12;5.14;5.12;5.12;5.12;0.0;0.0
139010;784504;2022-09-28;FRC;M23;;;10;3402;406013004.0;;;5.25;5.2;5.25;5.2;5.2;5.2;0.0;0.0
139011;784505;2022-09-28;FRC;N23;;;13;7946;1503608274.0;;;5.22;5.22;5.22;5.22;5.22;5.22;0.0;5.22
139012;784506;2022-09-28;FRC;Q23;;;4;1371;162893669.0;;;5.37;5.33;5.37;5.33;5.33;5.33;0.0;5.33
139013;784507;2022-09-28;FRC;U23;;;8;2362;279791213.0;;;5.43;5.35;5.43;5.35;5.35;5.35;0.0;5.35
139014;784508;2022-09-28;FRC;V23;;;10;2824;530548777.0;;;5.37;5.36;5.37;5.36;5.36;5.37;0.0;5.37
139015;784509;2022-09-28;FRC;F24;;;9;4937;920800360.0;;;5.54;5.44;5.54;5.47;5.44;5.44;5.44;0.0
139016;784510;2022-09-28;FRC;J24;;;1;192;35575098.0;;;5.46;5.46;5.46;5.46;5.46;5.46;0.0;0.0
139017;784511;2022-09-28;FRC;N24;;;15;6121;1127248950.0;;;5.41;5.41;5.41;5.41;5.41;5.41;0.0;0.0
139018;784512;2022-09-28;FRC;V24;;;7;1482;170533557.0;;;5.49;5.38;5.49;5.39;5.38;5.38;5.38;0.0
139019;784513;2022-09-28;FRC;F25;;;7;1663;302180477.0;;;5.55;5.36;5.55;5.43;5.36;5.36;0.0;0.0
139020;784514;2022-09-28;FRC;J25;;;1;188;21359869.0;;;5.49;5.49;5.49;5.49;5.49;5.35;0.0;0.0
139021;784515;2022-09-28;FRC;N25;;;0;0;0.0;;;0.0;0.0;0.0;0.0;0.0;5.31;5.31;0.0
139022;784516;2022-09-28;FRC;V25;;;3;744;83562579.0;;;5.3;5.3;5.3;5.3;5.3;5.3;0.0;0.0
139023;784517;2022-09-28;FRC;F26;;;9;1498;265624129.0;;;5.5;5.32;5.5;5.35;5.32;5.32;0.0;0.0
139024;784518;2022-09-28;FRC;J26;;;1;92;10191423.0;;;5.5;5.5;5.5;5.5;5.5;5.35;0.0;0.0
139025;784519;2022-09-28;FRC;N26;;;0;0;0.0;;;0.0;0.0;0.0;0.0;0.0;5.29;0.0;0.0
139026;784520;2022-09-28;FRC;V26;;;0;0;0.0;;;0.0;0.0;0.0;0.0;0.0;5.31;0.0;0.0
139027;784521;2022-09-28;FRC;F27;;;7;1994;345101819.0;;;5.33;5.33;5.33;5.33;5.33;5.33;0.0;0.0
139028;784522;2022-09-28;FRC;J27;;;0;0;0.0;;;0.0;0.0;0.0;0.0;0.0;5.32;0.0;0.0
139029;784523;2022-09-28;FRC;N27;;;0;0;0.0;;;0.0;0.0;0.0;0.0;0.0;5.33;0.0;0.0
139030;784524;2022-09-28;FRC;F28;;;3;1600;269989315.0;;;5.47;5.36;5.47;5.39;5.36;5.37;0.0;0.0
139031;784525;2022-09-28;FRC;F29;;;1;610;100372889.0;;;5.45;5.45;5.45;5.45;5.45;5.41;5.4;0.0
139032;784526;2022-09-28;FRC;F30;;;0;0;0.0;;;0.0;0.0;0.0;0.0;0.0;5.52;0.0;0.0
139033;784527;2022-09-28;FRC;F31;;;4;1344;209928959.0;;;5.63;5.63;5.63;5.63;5.63;5.63;0.0;0.0
139034;784528;2022-09-28;FRC;F32;;;0;0;0.0;;;0.0;0.0;0.0;0.0;0.0;5.72;0.0;0.0
139035;784529;2022-09-28;FRC;F33;;;0;0;0.0;;;0.0;0.0;0.0;0.0;0.0;5.91;0.0;0.0
139036;784530;2022-09-28;FRC;F34;;;0;0;0.0;;;0.0;0.0;0.0;0.0;0.0;6.0;0.0;0.0
139037;784531;2022-09-28;FRC;F35;;;0;0;0.0;;;0.0;0.0;0.0;0.0;0.0;6.18;0.0;0.0
139038;784532;2022-09-28;FRC;F36;;;0;0;0.0;;;0.0;0.0;0.0;0.0;0.0;6.34;0.0;0.0
139039;784533;2022-09-28;FRC;F37;;;0;0;0.0;;;0.0;0.0;0.0;0.0;0.0;6.46;0.0;0.0
139040;784706;2022-09-29;FRC;Z22;;;22;26831;1339425199.0;;;4.45;4.45;4.45;4.45;4.45;4.45;0.0;0.0
139041;784707;2022-09-29;FRC;F23;;;23;25376;3065611680.0;;;4.75;4.73;4.77;4.76;4.77;4.77;0.0;0.0
139042;784708;2022-09-29;FRC;G23;;;15;8149;404865774.0;;;5.0;5.0;5.02;5.01;5.02;5.02;0.0;0.0
139043;784709;2022-09-29;FRC;H23;;;8;3769;186838543.0;;;5.17;5.16;5.17;5.16;5.16;5.16;0.0;0.0
139044;784710;2022-09-29;FRC;J23;;;18;10780;1292904577.0;;;5.25;5.25;5.26;5.25;5.25;5.25;5.25;0.0
139045;784711;2022-09-29;FRC;K23;;;15;6770;333984259.0;;;5.3;5.3;5.32;5.31;5.32;5.32;0.0;0.0
139046;784712;2022-09-29;FRC;M23;;;8;12013;591231883.0;;;5.38;5.38;5.38;5.38;5.38;5.38;5.38;0.0
139047;784713;2022-09-29;FRC;N23;;;10;11983;1427145942.0;;;5.39;5.39;5.39;5.39;5.39;5.39;5.38;5.39
139048;784714;2022-09-29;FRC;Q23;;;9;3646;178569574.0;;;5.52;5.48;5.52;5.48;5.48;5.48;0.0;5.48
139049;784715;2022-09-29;FRC;U23;;;7;1860;90882643.0;;;5.5;5.5;5.5;5.5;5.5;5.5;0.0;5.5
139050;784716;2022-09-29;FRC;V23;;;21;11665;1379266162.0;;;5.54;5.51;5.54;5.51;5.51;5.51;5.51;0.0
139051;784717;2022-09-29;FRC;F24;;;8;3314;389036944.0;;;5.58;5.56;5.58;5.56;5.56;5.56;0.0;0.0
139052;784718;2022-09-29;FRC;J24;;;6;984;114642639.0;;;5.59;5.55;5.59;5.55;5.55;5.55;0.0;0.0
139053;784719;2022-09-29;FRC;N24;;;12;3825;443564085.0;;;5.51;5.51;5.51;5.51;5.51;5.51;0.0;0.0
139054;784720;2022-09-29;FRC;V24;;;9;2492;118295831.0;;;5.5;5.48;5.5;5.48;5.48;5.48;5.5;0.0
139055;784721;2022-09-29;FRC;F25;;;1;1325;151583179.0;;;5.46;5.46;5.46;5.46;5.46;5.45;5.45;0.0
139056;784722;2022-09-29;FRC;J25;;;4;639;29953101.0;;;5.45;5.44;5.45;5.44;5.44;5.44;0.0;0.0
139057;784723;2022-09-29;FRC;N25;;;1;19;2129613.0;;;5.43;5.43;5.43;5.43;5.43;5.39;5.39;0.0
139058;784724;2022-09-29;FRC;V25;;;1;186;8616029.0;;;5.37;5.37;5.37;5.37;5.37;5.37;0.0;0.0
139059;784725;2022-09-29;FRC;F26;;;6;3927;438432847.0;;;5.39;5.38;5.39;5.38;5.38;5.38;0.0;0.0
139060;784726;2022-09-29;FRC;J26;;;1;184;8415127.0;;;5.39;5.39;5.39;5.39;5.39;5.39;0.0;0.0
139061;784727;2022-09-29;FRC;N26;;;0;0;0.0;;;0.0;0.0;0.0;0.0;0.0;5.34;0.0;0.0
139062;784728;2022-09-29;FRC;V26;;;0;0;0.0;;;0.0;0.0;0.0;0.0;0.0;5.36;0.0;0.0
139063;784729;2022-09-29;FRC;F27;;;7;2356;256706635.0;;;5.39;5.39;5.39;5.39;5.39;5.39;0.0;5.42
139064;784730;2022-09-29;FRC;J27;;;0;0;0.0;;;0.0;0.0;0.0;0.0;0.0;5.38;0.0;0.0
139065;784731;2022-09-29;FRC;N27;;;0;0;0.0;;;0.0;0.0;0.0;0.0;0.0;5.39;0.0;0.0
139066;784732;2022-09-29;FRC;F28;;;4;712;75586126.0;;;5.43;5.43;5.43;5.43;5.43;5.43;0.0;0.0
139067;784733;2022-09-29;FRC;F29;;;0;0;0.0;;;0.0;0.0;0.0;0.0;0.0;5.47;0.0;5.52
139068;784734;2022-09-29;FRC;F30;;;2;342;34531925.0;;;5.57;5.57;5.57;5.57;5.57;5.57;0.0;5.62
139069;784735;2022-09-29;FRC;F31;;;1;336;33011096.0;;;5.68;5.68;5.68;5.68;5.68;5.68;0.0;0.0
139070;784736;2022-09-29;FRC;F32;;;0;0;0.0;;;0.0;0.0;0.0;0.0;0.0;5.77;0.0;5.87
139071;784737;2022-09-29;FRC;F33;;;0;0;0.0;;;0.0;0.0;0.0;0.0;0.0;5.96;0.0;0.0
139072;784738;2022-09-29;FRC;F34;;;0;0;0.0;;;0.0;0.0;0.0;0.0;0.0;6.04;0.0;0.0
139073;784739;2022-09-29;FRC;F35;;;0;0;0.0;;;0.0;0.0;0.0;0.0;0.0;6.22;0.0;0.0
139074;784740;2022-09-29;FRC;F36;;;0;0;0.0;;;0.0;0.0;0.0;0.0;0.0;6.38;0.0;0.0
139075;784741;2022-09-29;FRC;F37;;;0;0;0.0;;;0.0;0.0;0.0;0.0;0.0;6.5;0.0;0.0
139076;784917;2022-09-30;FRC;Z22;;;26;30227;1499227830.0;;;4.4;4.39;4.47;4.46;4.47;4.47;4.47;4.72
139077;784918;2022-09-30;FRC;F23;;;28;33365;4020328807.0;;;4.75;4.73;4.76;4.75;4.76;4.76;4.22;4.82
139078;784919;2022-09-30;FRC;G23;;;13;6182;305166258.0;;;4.95;4.95;5.02;5.01;5.02;5.02;4.22;5.1
139079;784920;2022-09-30;FRC;H23;;;8;4026;198301339.0;;;5.13;5.13;5.15;5.14;5.15;5.15;5.15;5.22
139080;784921;2022-09-30;FRC;J23;;;19;10147;1213868511.0;;;5.3;5.25;5.3;5.25;5.26;5.25;5.22;0.0
139081;784922;2022-09-30;FRC;K23;;;10;3454;169295726.0;;;5.32;5.32;5.37;5.33;5.34;5.33;5.33;0.0
139082;784923;2022-09-30;FRC;M23;;;6;1379;67428924.0;;;5.4;5.4;5.4;5.4;5.4;5.4;5.22;0.0
139083;784924;2022-09-30;FRC;N23;;;10;4851;576276352.0;;;5.38;5.36;5.41;5.4;5.41;5.41;5.22;0.0
139084;784925;2022-09-30;FRC;Q23;;;0;0;0.0;;;0.0;0.0;0.0;0.0;0.0;5.5;0.0;0.0
139085;784926;2022-09-30;FRC;U23;;;7;2739;132957672.0;;;5.52;5.52;5.52;5.52;5.52;5.52;0.0;6.22
139086;784927;2022-09-30;FRC;V23;;;9;4564;538207902.0;;;5.54;5.54;5.54;5.54;5.54;5.54;0.0;6.22
139087;784928;2022-09-30;FRC;F24;;;18;9421;1102566877.0;;;5.56;5.56;5.6;5.59;5.6;5.6;5.6;0.0
139088;784929;2022-09-30;FRC;J24;;;7;1601;185992780.0;;;5.6;5.59;5.6;5.59;5.59;5.59;0.0;6.22
139089;784930;2022-09-30;FRC;N24;;;4;764;88356366.0;;;5.58;5.58;5.58;5.58;5.58;5.58;5.22;6.22
139090;784931;2022-09-30;FRC;V24;;;7;2092;98605829.0;;;5.55;5.55;5.55;5.55;5.55;5.55;0.0;0.0
139091;784932;2022-09-30;FRC;F25;;;9;3877;442126121.0;;;5.44;5.44;5.53;5.52;5.53;5.53;5.52;6.13
139092;784933;2022-09-30;FRC;J25;;;5;1693;78794190.0;;;5.51;5.51;5.51;5.51;5.51;5.51;5.22;0.0
139093;784934;2022-09-30;FRC;N25;;;0;0;0.0;;;0.0;0.0;0.0;0.0;0.0;5.46;5.22;0.0
139094;784935;2022-09-30;FRC;V25;;;4;744;34211518.0;;;5.44;5.44;5.44;5.44;5.44;5.44;5.22;0.0
139095;784936;2022-09-30;FRC;F26;;;4;1406;156448281.0;;;5.35;5.35;5.46;5.45;5.46;5.46;5.22;6.13
139096;784937;2022-09-30;FRC;J26;;;2;552;25057121.0;;;5.46;5.46;5.46;5.46;5.46;5.46;5.22;0.0
139097;784938;2022-09-30;FRC;N26;;;0;0;0.0;;;0.0;0.0;0.0;0.0;0.0;5.42;0.0;0.0
139098;784939;2022-09-30;FRC;V26;;;7;2555;114617372.0;;;5.43;5.43;5.43;5.43;5.43;5.43;0.0;0.0
139099;784940;2022-09-30;FRC;F27;;;20;15361;1668045966.0;;;5.36;5.36;5.45;5.4;5.44;5.44;5.44;0.0
139100;784941;2022-09-30;FRC;J27;;;8;10834;480486622.0;;;5.38;5.38;5.41;5.38;5.41;5.41;0.0;0.0
139101;784942;2022-09-30;FRC;N27;;;4;1257;55366997.0;;;5.42;5.42;5.42;5.42;5.42;5.42;0.0;0.0
139102;784943;2022-09-30;FRC;V27;;;0;0;0.0;;;0.0;0.0;0.0;0.0;0.0;5.45;0.0;0.0
139103;784944;2022-09-30;FRC;F28;;;4;1066;112838162.0;;;5.47;5.47;5.47;5.47;5.47;5.47;5.22;0.0
139104;784945;2022-09-30;FRC;F29;;;0;0;0.0;;;0.0;0.0;0.0;0.0;0.0;5.53;0.0;0.0
139105;784946;2022-09-30;FRC;F30;;;0;0;0.0;;;0.0;0.0;0.0;0.0;0.0;5.64;0.0;0.0
139106;784947;2022-09-30;FRC;F31;;;3;504;49188764.0;;;5.77;5.77;5.77;5.77;5.77;5.77;0.0;0.0
139107;784948;2022-09-30;FRC;F32;;;0;0;0.0;;;0.0;0.0;0.0;0.0;0.0;5.86;0.0;0.0
139108;784949;2022-09-30;FRC;F33;;;0;0;0.0;;;0.0;0.0;0.0;0.0;0.0;6.05;0.0;0.0
139109;784950;2022-09-30;FRC;F34;;;0;0;0.0;;;0.0;0.0;0.0;0.0;0.0;6.13;0.0;0.0
139110;784951;2022-09-30;FRC;F35;;;0;0;0.0;;;0.0;0.0;0.0;0.0;0.0;6.31;0.0;0.0
139111;784952;2022-09-30;FRC;F36;;;0;0;0.0;;;0.0;0.0;0.0;0.0;0.0;6.47;0.0;0.0
139112;784953;2022-09-30;FRC;F37;;;0;0;0.0;;;0.0;0.0;0.0;0.0;0.0;6.59;0.0;0.0
139113;785129;2022-10-03;FRC;Z22;;;15;19225;934754261.0;;;4.4;4.4;4.43;4.4;4.43;4.4;4.4;4.43
139114;785130;2022-10-03;FRC;F23;;;20;17329;2071874133.0;;;4.7;4.7;4.71;4.7;4.71;4.71;4.72;0.0
139115;785131;2022-10-03;FRC;G23;;;11;4135;200101780.0;;;4.91;4.91;4.98;4.97;4.98;4.98;0.0;5.0
139116;785132;2022-10-03;FRC;H23;;;16;5650;272828360.0;;;5.1;5.1;5.1;5.1;5.1;5.1;0.0;5.13
139117;785133;2022-10-03;FRC;J23;;;14;4255;504934412.0;;;5.21;5.21;5.21;5.21;5.21;5.21;5.2;5.21
139118;785134;2022-10-03;FRC;K23;;;11;3493;167854606.0;;;5.28;5.28;5.28;5.28;5.28;5.28;0.0;0.0
139119;785135;2022-10-03;FRC;M23;;;10;9140;438197639.0;;;5.33;5.33;5.33;5.33;5.33;5.33;5.33;0.0
139120;785136;2022-10-03;FRC;N23;;;17;7551;889693938.0;;;5.35;5.32;5.35;5.33;5.34;5.34;0.0;0.0
139121;785137;2022-10-03;FRC;Q23;;;8;1490;71093831.0;;;5.42;5.42;5.42;5.42;5.42;5.42;5.42;0.0
139122;785138;2022-10-03;FRC;U23;;;7;2680;127572307.0;;;5.4;5.4;5.44;5.43;5.44;5.44;0.0;0.0
139123;785139;2022-10-03;FRC;V23;;;17;6163;721482028.0;;;5.47;5.47;5.47;5.47;5.47;5.47;5.47;0.0
139124;785140;2022-10-03;FRC;F24;;;9;3236;376077218.0;;;5.53;5.53;5.53;5.53;5.53;5.53;0.0;5.53
139125;785141;2022-10-03;FRC;J24;;;7;752;86780684.0;;;5.5;5.5;5.5;5.5;5.5;5.5;0.0;0.0
139126;785142;2022-10-03;FRC;N24;;;3;249;28558949.0;;;5.49;5.47;5.49;5.48;5.47;5.49;0.0;5.48
139127;785143;2022-10-03;FRC;V24;;;6;969;44825481.0;;;5.42;5.42;5.42;5.42;5.42;5.42;0.0;0.0
139128;785144;2022-10-03;FRC;F25;;;14;5054;572719080.0;;;5.4;5.4;5.4;5.4;5.4;5.4;0.0;0.0
139129;785145;2022-10-03;FRC;J25;;;1;19;868466.0;;;5.38;5.38;5.38;5.38;5.38;5.38;0.0;0.0
139130;785146;2022-10-03;FRC;N25;;;2;56;6285040.0;;;5.33;5.33;5.33;5.33;5.33;5.33;5.33;0.0
139131;785147;2022-10-03;FRC;V25;;;0;0;0.0;;;0.0;0.0;0.0;0.0;0.0;5.3;0.0;0.0
139132;785148;2022-10-03;FRC;F26;;;8;1593;176251565.0;;;5.35;5.32;5.35;5.32;5.32;5.32;0.0;0.0
139133;785149;2022-10-03;FRC;J26;;;2;370;16512687.0;;;5.29;5.29;5.29;5.29;5.29;5.29;0.0;0.0
139134;785150;2022-10-03;FRC;N26;;;2;368;40174703.0;;;5.29;5.29;5.29;5.29;5.29;5.29;0.0;0.0
139135;785151;2022-10-03;FRC;V26;;;2;73;3217645.0;;;5.29;5.29;5.29;5.29;5.29;5.29;5.29;0.0
139136;785152;2022-10-03;FRC;F27;;;9;2164;233603736.0;;;5.28;5.28;5.28;5.28;5.28;5.28;5.29;0.0
139137;785153;2022-10-03;FRC;J27;;;0;0;0.0;;;0.0;0.0;0.0;0.0;0.0;5.29;0.0;0.0
139138;785154;2022-10-03;FRC;N27;;;0;0;0.0;;;0.0;0.0;0.0;0.0;0.0;5.26;0.0;0.0
139139;785155;2022-10-03;FRC;V27;;;0;0;0.0;;;0.0;0.0;0.0;0.0;0.0;5.34;0.0;0.0
139140;785156;2022-10-03;FRC;F28;;;1;107;11269561.0;;;5.32;5.32;5.32;5.32;5.32;5.32;0.0;0.0
139141;785157;2022-10-03;FRC;F29;;;1;105;10785476.0;;;5.38;5.38;5.38;5.38;5.38;5.38;0.0;5.42
139142;785158;2022-10-03;FRC;F30;;;1;34;3417561.0;;;5.5;5.5;5.5;5.5;5.5;5.5;0.0;5.55
139143;785159;2022-10-03;FRC;F31;;;6;991;96526334.0;;;5.64;5.64;5.64;5.64;5.64;5.64;0.0;0.0
139144;785160;2022-10-03;FRC;F32;;;0;0;0.0;;;0.0;0.0;0.0;0.0;0.0;5.73;5.73;0.0
139145;785161;2022-10-03;FRC;F33;;;0;0;0.0;;;0.0;0.0;0.0;0.0;0.0;5.92;0.0;0.0
139146;785162;2022-10-03;FRC;F34;;;0;0;0.0;;;0.0;0.0;0.0;0.0;0.0;6.0;0.0;0.0
139147;785163;2022-10-03;FRC;F35;;;1;31;1089175.0;;;6.18;6.18;6.18;6.18;6.18;6.18;0.0;0.0
139148;785164;2022-10-03;FRC;F36;;;0;0;0.0;;;0.0;0.0;0.0;0.0;0.0;6.34;0.0;0.0
139149;785165;2022-10-03;FRC;F37;;;0;0;0.0;;;0.0;0.0;0.0;0.0;0.0;6.46;0.0;0.0
139150;785338;2022-10-04;FRC;Z22;;;26;49009;2429384180.0;;;4.4;4.4;4.45;4.44;4.45;4.45;0.0;0.0
139151;785339;2022-10-04;FRC;F23;;;17;17748;2138748342.0;;;4.71;4.71;4.76;4.74;4.76;4.76;0.0;0.0
139152;785340;2022-10-04;FRC;G23;;;8;2982;147118606.0;;;4.98;4.98;5.03;5.02;5.03;5.03;0.0;0.0
139153;785341;2022-10-04;FRC;H23;;;10;6583;324064625.0;;;5.1;5.1;5.15;5.14;5.15;5.15;0.0;0.0
139154;785342;2022-10-04;FRC;J23;;;17;8548;1022487563.0;;;5.21;5.18;5.25;5.24;5.24;5.25;5.23;5.29
139155;785343;2022-10-04;FRC;K23;;;2;592;29001756.0;;;5.28;5.28;5.32;5.31;5.32;5.32;0.0;0.0
139156;785344;2022-10-04;FRC;M23;;;10;9749;476489689.0;;;5.33;5.33;5.37;5.36;5.37;5.37;0.0;0.0
139157;785345;2022-10-04;FRC;N23;;;15;9567;1136898650.0;;;5.34;5.31;5.37;5.34;5.37;5.37;0.0;5.36
139158;785346;2022-10-04;FRC;Q23;;;8;3979;193544299.0;;;5.42;5.42;5.45;5.44;5.45;5.45;0.0;5.45
139159;785347;2022-10-04;FRC;U23;;;9;3131;151929725.0;;;5.48;5.48;5.48;5.48;5.48;5.48;0.0;5.48
139160;785348;2022-10-04;FRC;V23;;;16;1915;225664778.0;;;5.47;5.46;5.51;5.5;5.51;5.51;0.0;5.51
139161;785349;2022-10-04;FRC;F24;;;24;15450;1809459206.0;;;5.53;5.52;5.56;5.53;5.56;5.56;0.0;5.56
139162;785350;2022-10-04;FRC;J24;;;13;4700;546768596.0;;;5.5;5.5;5.55;5.54;5.54;5.55;5.52;5.54
139163;785351;2022-10-04;FRC;N24;;;5;4748;549150863.0;;;5.49;5.47;5.51;5.47;5.51;5.51;0.0;5.51
139164;785352;2022-10-04;FRC;V24;;;13;2661;125510568.0;;;5.42;5.41;5.42;5.41;5.41;5.41;0.0;5.41
139165;785353;2022-10-04;FRC;F25;;;17;5720;653247350.0;;;5.4;5.39;5.4;5.39;5.39;5.39;0.0;5.39
139166;785354;2022-10-04;FRC;J25;;;1;188;8757070.0;;;5.38;5.38;5.38;5.38;5.38;5.36;0.0;0.0
139167;785355;2022-10-04;FRC;N25;;;1;37;4206861.0;;;5.33;5.33;5.33;5.33;5.33;5.3;0.0;0.0
139168;785356;2022-10-04;FRC;V25;;;4;4774;219841912.0;;;5.3;5.3;5.3;5.3;5.3;5.25;0.0;0.0
139169;785357;2022-10-04;FRC;F26;;;13;8311;926643806.0;;;5.32;5.26;5.32;5.29;5.26;5.26;0.0;0.0
139170;785358;2022-10-04;FRC;J26;;;1;18;817071.0;;;5.29;5.29;5.29;5.29;5.29;5.22;0.0;0.0
139171;785359;2022-10-04;FRC;N26;;;2;110;12134542.0;;;5.29;5.27;5.29;5.27;5.27;5.2;0.0;0.0
139172;785360;2022-10-04;FRC;V26;;;3;146;6562883.0;;;5.29;5.27;5.29;5.27;5.27;5.19;0.0;0.0
139173;785361;2022-10-04;FRC;F27;;;13;5258;572857688.0;;;5.28;5.2;5.28;5.22;5.2;5.2;0.0;0.0
139174;785362;2022-10-04;FRC;J27;;;1;54;2396615.0;;;5.29;5.29;5.29;5.29;5.29;5.21;0.0;0.0
139175;785363;2022-10-04;FRC;N27;;;6;3604;159351048.0;;;5.27;5.17;5.27;5.21;5.17;5.17;0.0;0.0
139176;785364;2022-10-04;FRC;V27;;;0;0;0.0;;;0.0;0.0;0.0;0.0;0.0;5.25;0.0;0.0
139177;785365;2022-10-04;FRC;F28;;;8;2175;231646102.0;;;5.32;5.22;5.32;5.22;5.22;5.22;0.0;0.0
139178;785366;2022-10-04;FRC;F29;;;1;87;9035127.0;;;5.38;5.38;5.38;5.38;5.38;5.3;0.0;0.0
139179;785367;2022-10-04;FRC;F30;;;1;69;6938360.0;;;5.5;5.5;5.5;5.5;5.5;5.43;0.0;0.0
139180;785368;2022-10-04;FRC;F31;;;5;2672;262344724.0;;;5.64;5.59;5.64;5.63;5.59;5.59;0.0;0.0
139181;785369;2022-10-04;FRC;F32;;;2;4296;168497600.0;;;5.73;5.73;5.73;5.73;5.73;5.68;0.0;0.0
139182;785370;2022-10-04;FRC;F33;;;2;2109;80350779.0;;;5.89;5.89;5.89;5.89;5.89;5.87;0.0;0.0
139183;785371;2022-10-04;FRC;F34;;;0;0;0.0;;;0.0;0.0;0.0;0.0;0.0;5.95;0.0;0.0
139184;785372;2022-10-04;FRC;F35;;;0;0;0.0;;;0.0;0.0;0.0;0.0;0.0;6.13;0.0;0.0
139185;785373;2022-10-04;FRC;F36;;;0;0;0.0;;;0.0;0.0;0.0;0.0;0.0;6.29;0.0;0.0
139186;785374;2022-10-04;FRC;F37;;;0;0;0.0;;;0.0;0.0;0.0;0.0;0.0;6.41;0.0;0.0
139187;785546;2022-10-05;FRC;Z22;;;45;22291;1112083404.0;;;4.48;4.48;4.49;4.48;4.48;4.48;4.49;4.5
139188;785547;2022-10-05;FRC;F23;;;24;22408;2707385561.0;;;4.82;4.82;4.82;4.82;4.82;4.82;4.82;0.0
139189;785548;2022-10-05;FRC;G23;;;15;11230;557551207.0;;;5.1;5.1;5.1;5.1;5.1;5.1;0.0;0.0
139190;785549;2022-10-05;FRC;H23;;;11;2675;132523648.0;;;5.19;5.19;5.19;5.19;5.19;5.19;5.19;5.21
139191;785550;2022-10-05;FRC;J23;;;13;10266;1231341055.0;;;5.3;5.3;5.3;5.3;5.3;5.3;0.0;0.0
139192;785551;2022-10-05;FRC;K23;;;5;1025;50531844.0;;;5.36;5.36;5.36;5.36;5.36;5.36;5.36;5.38
139193;785552;2022-10-05;FRC;M23;;;4;4136;203434093.0;;;5.4;5.4;5.4;5.4;5.4;5.4;5.4;0.0
139194;785553;2022-10-05;FRC;N23;;;19;7364;877399708.0;;;5.37;5.37;5.41;5.4;5.4;5.4;0.0;0.0
139195;785554;2022-10-05;FRC;Q23;;;15;8369;409649618.0;;;5.46;5.46;5.49;5.48;5.49;5.49;0.0;0.0
139196;785555;2022-10-05;FRC;U23;;;7;1117;54545416.0;;;5.52;5.52;5.52;5.52;5.52;5.52;0.0;0.0
139197;785556;2022-10-05;FRC;V23;;;9;2828;334443971.0;;;5.56;5.54;5.56;5.54;5.54;5.54;0.0;0.0
139198;785557;2022-10-05;FRC;F24;;;21;13721;1610797347.0;;;5.61;5.58;5.61;5.58;5.59;5.58;0.0;0.0
139199;785558;2022-10-05;FRC;J24;;;8;1715;200006239.0;;;5.58;5.55;5.58;5.55;5.55;5.55;5.55;0.0
139200;785559;2022-10-05;FRC;N24;;;8;3463;401534384.0;;;5.53;5.52;5.53;5.52;5.52;5.52;0.0;0.0
139201;785560;2022-10-05;FRC;V24;;;20;8565;406403318.0;;;5.47;5.47;5.47;5.47;5.47;5.47;0.0;0.0
139202;785561;2022-10-05;FRC;F25;;;14;4748;543667535.0;;;5.43;5.43;5.45;5.44;5.45;5.45;5.44;0.0
139203;785562;2022-10-05;FRC;J25;;;4;960;44989551.0;;;5.42;5.42;5.42;5.42;5.42;5.42;0.0;5.42
139204;785563;2022-10-05;FRC;N25;;;1;356;40266657.0;;;5.37;5.37;5.37;5.37;5.37;5.37;0.0;0.0
139205;785564;2022-10-05;FRC;V25;;;3;5070;234881570.0;;;5.33;5.33;5.33;5.33;5.33;5.33;0.0;0.0
139206;785565;2022-10-05;FRC;F26;;;13;4262;476463863.0;;;5.32;5.32;5.36;5.32;5.36;5.32;5.32;0.0
139207;785566;2022-10-05;FRC;J26;;;2;240;10991025.0;;;5.25;5.25;5.29;5.28;5.29;5.29;0.0;0.0
139208;785567;2022-10-05;FRC;N26;;;1;184;20314298.0;;;5.27;5.27;5.27;5.27;5.27;5.27;0.0;0.0
139209;785568;2022-10-05;FRC;V26;;;7;1828;82719332.0;;;5.27;5.27;5.27;5.27;5.27;5.27;0.0;0.0
139210;785569;2022-10-05;FRC;F27;;;19;3874;422533116.0;;;5.33;5.29;5.35;5.29;5.29;5.29;5.28;0.0
139211;785570;2022-10-05;FRC;J27;;;0;0;0.0;;;0.0;0.0;0.0;0.0;0.0;5.3;0.0;0.0
139212;785571;2022-10-05;FRC;N27;;;10;2700;120025224.0;;;5.26;5.26;5.26;5.26;5.26;5.26;0.0;0.0
139213;785572;2022-10-05;FRC;V27;;;0;0;0.0;;;0.0;0.0;0.0;0.0;0.0;5.34;0.0;0.0
139214;785573;2022-10-05;FRC;F28;;;26;6518;694609409.0;;;5.35;5.31;5.35;5.31;5.31;5.31;0.0;0.0
139215;785574;2022-10-05;FRC;F29;;;1;175;18162233.0;;;5.39;5.39;5.39;5.39;5.39;5.39;0.0;5.43
139216;785575;2022-10-05;FRC;F30;;;0;0;0.0;;;0.0;0.0;0.0;0.0;0.0;5.52;0.0;5.55
139217;785576;2022-10-05;FRC;F31;;;9;3881;381323285.0;;;5.76;5.68;5.76;5.68;5.68;5.68;0.0;0.0
139218;785577;2022-10-05;FRC;F32;;;1;2638;103790257.0;;;5.82;5.82;5.82;5.82;5.82;5.77;0.0;0.0
139219;785578;2022-10-05;FRC;F33;;;0;0;0.0;;;0.0;0.0;0.0;0.0;0.0;5.96;0.0;0.0
139220;785579;2022-10-05;FRC;F34;;;0;0;0.0;;;0.0;0.0;0.0;0.0;0.0;6.04;0.0;0.0
139221;785580;2022-10-05;FRC;F35;;;0;0;0.0;;;0.0;0.0;0.0;0.0;0.0;6.22;0.0;0.0
139222;785581;2022-10-05;FRC;F36;;;0;0;0.0;;;0.0;0.0;0.0;0.0;0.0;6.38;0.0;0.0
139223;785582;2022-10-05;FRC;F37;;;0;0;0.0;;;0.0;0.0;0.0;0.0;0.0;6.5;0.0;0.0
139224;785754;2022-10-06;FRC;Z22;;;99;61198;3040555446.0;;;4.52;4.52;4.55;4.54;4.55;4.55;0.0;0.0
139225;785755;2022-10-06;FRC;F23;;;30;30671;3699648576.0;;;4.82;4.82;4.88;4.87;4.88;4.88;0.0;0.0
139226;785756;2022-10-06;FRC;G23;;;21;25430;1257312314.0;;;5.08;5.08;5.16;5.15;5.16;5.16;0.0;0.0
139227;785757;2022-10-06;FRC;H23;;;6;12432;613321452.0;;;5.26;5.26;5.26;5.26;5.26;5.26;0.0;0.0
139228;785758;2022-10-06;FRC;J23;;;16;7598;909512193.0;;;5.33;5.33;5.36;5.35;5.36;5.36;5.36;0.0
139229;785759;2022-10-06;FRC;K23;;;9;2840;139424475.0;;;5.41;5.41;5.41;5.41;5.41;5.41;0.0;0.0
139230;785760;2022-10-06;FRC;M23;;;8;11440;560315978.0;;;5.45;5.45;5.45;5.45;5.45;5.45;0.0;0.0
139231;785761;2022-10-06;FRC;N23;;;20;13788;1639570488.0;;;5.45;5.45;5.45;5.45;5.45;5.45;0.0;0.0
139232;785762;2022-10-06;FRC;Q23;;;6;3959;192970486.0;;;5.5;5.5;5.53;5.52;5.53;5.53;0.0;0.0
139233;785763;2022-10-06;FRC;U23;;;6;2934;142660150.0;;;5.56;5.56;5.56;5.56;5.56;5.56;0.0;0.0
139234;785764;2022-10-06;FRC;V23;;;12;3705;437399963.0;;;5.57;5.57;5.58;5.57;5.58;5.58;5.59;0.0
139235;785765;2022-10-06;FRC;F24;;;38;8774;1028416068.0;;;5.58;5.58;5.64;5.62;5.64;5.64;0.0;0.0
139236;785766;2022-10-06;FRC;J24;;;7;3082;358784080.0;;;5.55;5.55;5.62;5.58;5.62;5.62;0.0;0.0
139237;785767;2022-10-06;FRC;N24;;;6;2429;281049579.0;;;5.56;5.56;5.6;5.57;5.6;5.6;0.0;0.0
139238;785768;2022-10-06;FRC;V24;;;14;3614;170667889.0;;;5.5;5.5;5.55;5.54;5.55;5.55;5.54;5.55
139239;785769;2022-10-06;FRC;F25;;;11;8416;960890872.0;;;5.53;5.53;5.53;5.53;5.53;5.53;0.0;0.0
139240;785770;2022-10-06;FRC;J25;;;7;2614;121922958.0;;;5.43;5.43;5.49;5.47;5.49;5.49;0.0;0.0
139241;785771;2022-10-06;FRC;N25;;;4;1628;183797326.0;;;5.37;5.37;5.46;5.42;5.46;5.46;0.0;0.0
139242;785772;2022-10-06;FRC;V25;;;13;5119;235947986.0;;;5.33;5.33;5.41;5.39;5.41;5.41;0.0;0.0
139243;785773;2022-10-06;FRC;F26;;;13;6482;722511000.0;;;5.4;5.4;5.4;5.4;5.4;5.4;0.0;0.0
139244;785774;2022-10-06;FRC;J26;;;5;1290;58757551.0;;;5.36;5.36;5.36;5.36;5.36;5.36;0.0;0.0
139245;785775;2022-10-06;FRC;N26;;;0;0;0.0;;;0.0;0.0;0.0;0.0;0.0;5.33;0.0;0.0
139246;785776;2022-10-06;FRC;V26;;;13;4384;197427749.0;;;5.31;5.31;5.31;5.31;5.31;5.31;0.0;0.0
139247;785777;2022-10-06;FRC;F27;;;18;4271;464632056.0;;;5.34;5.34;5.34;5.34;5.34;5.34;0.0;0.0
139248;785778;2022-10-06;FRC;J27;;;0;0;0.0;;;0.0;0.0;0.0;0.0;0.0;5.35;0.0;0.0
139249;785779;2022-10-06;FRC;N27;;;0;0;0.0;;;0.0;0.0;0.0;0.0;0.0;5.32;0.0;0.0
139250;785780;2022-10-06;FRC;V27;;;0;0;0.0;;;0.0;0.0;0.0;0.0;0.0;5.4;0.0;0.0
139251;785781;2022-10-06;FRC;F28;;;8;1620;172000184.0;;;5.38;5.38;5.38;5.38;5.38;5.38;0.0;0.0
139252;785782;2022-10-06;FRC;F29;;;0;0;0.0;;;0.0;0.0;0.0;0.0;0.0;5.44;0.0;0.0
139253;785783;2022-10-06;FRC;F30;;;0;0;0.0;;;0.0;0.0;0.0;0.0;0.0;5.56;0.0;0.0
139254;785784;2022-10-06;FRC;F31;;;10;2687;263344470.0;;;5.71;5.7;5.71;5.7;5.7;5.7;0.0;0.0
139255;785785;2022-10-06;FRC;F32;;;0;0;0.0;;;0.0;0.0;0.0;0.0;0.0;5.79;0.0;0.0
139256;785786;2022-10-06;FRC;F33;;;0;0;0.0;;;0.0;0.0;0.0;0.0;0.0;5.98;0.0;0.0
139257;785787;2022-10-06;FRC;F34;;;0;0;0.0;;;0.0;0.0;0.0;0.0;0.0;6.06;0.0;0.0
139258;785788;2022-10-06;FRC;F35;;;0;0;0.0;;;0.0;0.0;0.0;0.0;0.0;6.24;0.0;0.0
139259;785789;2022-10-06;FRC;F36;;;0;0;0.0;;;0.0;0.0;0.0;0.0;0.0;6.4;0.0;0.0
139260;785790;2022-10-06;FRC;F37;;;0;0;0.0;;;0.0;0.0;0.0;0.0;0.0;6.52;0.0;0.0
139261;785962;2022-10-07;FRC;Z22;;;14;18863;939322600.0;;;4.61;4.54;4.61;4.54;4.54;4.54;0.0;0.0
139262;785963;2022-10-07;FRC;F23;;;20;11608;1401834912.0;;;4.89;4.88;4.89;4.88;4.88;4.88;0.0;0.0
139263;785964;2022-10-07;FRC;G23;;;12;9339;462785780.0;;;5.17;5.17;5.17;5.17;5.17;5.17;0.0;0.0
139264;785965;2022-10-07;FRC;H23;;;11;9120;450945718.0;;;5.27;5.27;5.27;5.27;5.27;5.27;0.0;0.0
139265;785966;2022-10-07;FRC;J23;;;11;6329;758511995.0;;;5.38;5.38;5.38;5.38;5.38;5.38;5.38;0.0
139266;785967;2022-10-07;FRC;K23;;;4;986;48512292.0;;;5.44;5.44;5.44;5.44;5.44;5.44;5.44;5.46
139267;785968;2022-10-07;FRC;M23;;;6;2364;116036611.0;;;5.49;5.49;5.49;5.49;5.49;5.49;0.0;0.0
139268;785969;2022-10-07;FRC;N23;;;9;5891;701164029.0;;;5.49;5.49;5.49;5.49;5.49;5.49;5.49;0.0
139269;785970;2022-10-07;FRC;Q23;;;7;2823;137887553.0;;;5.57;5.57;5.58;5.57;5.58;5.58;0.0;0.0
139270;785971;2022-10-07;FRC;U23;;;8;4885;238009488.0;;;5.61;5.61;5.61;5.61;5.61;5.61;0.0;0.0
139271;785972;2022-10-07;FRC;V23;;;7;4954;585107832.0;;;5.62;5.62;5.64;5.63;5.64;5.64;0.0;0.0
139272;785973;2022-10-07;FRC;F24;;;12;3915;458884866.0;;;5.64;5.64;5.71;5.69;5.71;5.71;0.0;0.0
139273;785974;2022-10-07;FRC;J24;;;3;346;40324050.0;;;5.65;5.65;5.7;5.68;5.7;5.7;0.0;0.0
139274;785975;2022-10-07;FRC;N24;;;8;4668;540326898.0;;;5.6;5.6;5.69;5.61;5.69;5.69;0.0;5.69
139275;785976;2022-10-07;FRC;V24;;;6;8256;390726141.0;;;5.55;5.55;5.63;5.55;5.63;5.63;0.0;0.0
139276;785977;2022-10-07;FRC;F25;;;9;5294;604981744.0;;;5.53;5.53;5.59;5.54;5.59;5.59;5.59;0.0
139277;785978;2022-10-07;FRC;J25;;;2;244;11396870.0;;;5.51;5.51;5.55;5.54;5.55;5.55;0.0;0.0
139278;785979;2022-10-07;FRC;N25;;;1;187;21097472.0;;;5.53;5.53;5.53;5.53;5.53;5.53;0.0;0.0
139279;785980;2022-10-07;FRC;V25;;;5;6311;291467701.0;;;5.41;5.41;5.48;5.42;5.48;5.48;0.0;0.0
139280;785981;2022-10-07;FRC;F26;;;6;5499;613353906.0;;;5.41;5.41;5.48;5.42;5.48;5.48;0.0;0.0
139281;785982;2022-10-07;FRC;J26;;;1;55;2507396.0;;;5.42;5.42;5.42;5.42;5.42;5.45;0.0;0.0
139282;785983;2022-10-07;FRC;N26;;;0;0;0.0;;;0.0;0.0;0.0;0.0;0.0;5.42;0.0;0.0
139283;785984;2022-10-07;FRC;V26;;;9;2734;123168571.0;;;5.41;5.41;5.41;5.41;5.41;5.41;0.0;0.0
139284;785985;2022-10-07;FRC;F27;;;6;1086;118196930.0;;;5.44;5.44;5.44;5.44;5.44;5.44;0.0;0.0
139285;785986;2022-10-07;FRC;J27;;;0;0;0.0;;;0.0;0.0;0.0;0.0;0.0;5.45;0.0;0.0
139286;785987;2022-10-07;FRC;N27;;;1;180;7964418.0;;;5.41;5.41;5.41;5.41;5.41;5.42;0.0;0.0
139287;785988;2022-10-07;FRC;V27;;;0;0;0.0;;;0.0;0.0;0.0;0.0;0.0;5.49;0.0;0.0
139288;785989;2022-10-07;FRC;F28;;;8;1779;188582691.0;;;5.47;5.47;5.47;5.47;5.47;5.47;0.0;0.0
139289;785990;2022-10-07;FRC;F29;;;0;0;0.0;;;0.0;0.0;0.0;0.0;0.0;5.53;5.53;0.0
139290;785991;2022-10-07;FRC;F30;;;0;0;0.0;;;0.0;0.0;0.0;0.0;0.0;5.65;0.0;5.69
139291;785992;2022-10-07;FRC;F31;;;0;0;0.0;;;0.0;0.0;0.0;0.0;0.0;5.79;0.0;0.0
139292;785993;2022-10-07;FRC;F32;;;1;1679;65790266.0;;;5.88;5.88;5.88;5.88;5.88;5.88;0.0;0.0
139293;785994;2022-10-07;FRC;F33;;;0;0;0.0;;;0.0;0.0;0.0;0.0;0.0;6.07;0.0;0.0
139294;785995;2022-10-07;FRC;F34;;;0;0;0.0;;;0.0;0.0;0.0;0.0;0.0;6.15;0.0;0.0
139295;785996;2022-10-07;FRC;F35;;;0;0;0.0;;;0.0;0.0;0.0;0.0;0.0;6.33;0.0;0.0
139296;785997;2022-10-07;FRC;F36;;;0;0;0.0;;;0.0;0.0;0.0;0.0;0.0;6.49;0.0;0.0
139297;785998;2022-10-07;FRC;F37;;;0;0;0.0;;;0.0;0.0;0.0;0.0;0.0;6.61;0.0;0.0
139298;786170;2022-10-10;FRC;Z22;;;18;22057;1094095870.0;;;4.6;4.57;4.6;4.57;4.57;4.57;0.0;4.6
139299;786171;2022-10-10;FRC;F23;;;14;13143;1584857008.0;;;4.88;4.88;4.91;4.9;4.91;4.91;0.0;0.0
139300;786172;2022-10-10;FRC;G23;;;3;496;24483595.0;;;5.17;5.17;5.2;5.18;5.2;5.2;5.2;0.0
139301;786173;2022-10-10;FRC;H23;;;5;1665;82007405.0;;;5.27;5.27;5.3;5.28;5.3;5.3;5.3;5.31
139302;786174;2022-10-10;FRC;J23;;;6;2373;284030792.0;;;5.39;5.39;5.4;5.39;5.4;5.4;5.4;0.0
139303;786175;2022-10-10;FRC;K23;;;9;4776;234067256.0;;;5.44;5.44;5.47;5.46;5.47;5.47;0.0;0.0
139304;786176;2022-10-10;FRC;M23;;;9;6062;296374405.0;;;5.49;5.49;5.53;5.52;5.53;5.53;5.52;0.0
139305;786177;2022-10-10;FRC;N23;;;6;3083;366405411.0;;;5.5;5.5;5.53;5.51;5.53;5.53;5.53;0.0
139306;786178;2022-10-10;FRC;Q23;;;12;4841;235509367.0;;;5.58;5.58;5.63;5.61;5.63;5.63;0.0;0.0
139307;786179;2022-10-10;FRC;U23;;;2;1172;56880199.0;;;5.61;5.61;5.68;5.62;5.68;5.68;0.0;0.0
139308;786180;2022-10-10;FRC;V23;;;4;1326;156381506.0;;;5.64;5.64;5.7;5.67;5.7;5.7;0.0;0.0
139309;786181;2022-10-10;FRC;F24;;;10;2731;319657807.0;;;5.71;5.71;5.76;5.74;5.76;5.76;0.0;0.0
139310;786182;2022-10-10;FRC;J24;;;1;616;71627709.0;;;5.7;5.7;5.7;5.7;5.7;5.75;0.0;0.0
139311;786183;2022-10-10;FRC;N24;;;1;191;22064955.0;;;5.74;5.74;5.74;5.74;5.74;5.74;0.0;5.74
139312;786184;2022-10-10;FRC;V24;;;2;209;9841805.0;;;5.63;5.63;5.68;5.67;5.68;5.68;0.0;0.0
139313;786185;2022-10-10;FRC;F25;;;2;662;75460946.0;;;5.59;5.59;5.65;5.6;5.65;5.65;0.0;0.0
139314;786186;2022-10-10;FRC;J25;;;1;451;20983836.0;;;5.55;5.55;5.55;5.55;5.55;5.61;0.0;0.0
139315;786187;2022-10-10;FRC;N25;;;1;37;4193965.0;;;5.53;5.53;5.53;5.53;5.53;5.6;0.0;0.0
139316;786188;2022-10-10;FRC;V25;;;2;316;14516309.0;;;5.48;5.48;5.56;5.52;5.56;5.56;0.0;0.0
139317;786189;2022-10-10;FRC;F26;;;2;500;55593315.0;;;5.48;5.48;5.53;5.49;5.53;5.53;0.0;0.0
139318;786190;2022-10-10;FRC;J26;;;1;92;4177544.0;;;5.45;5.45;5.45;5.45;5.45;5.5;0.0;0.0
139319;786191;2022-10-10;FRC;N26;;;1;37;4049533.0;;;5.42;5.42;5.42;5.42;5.42;5.47;0.0;0.0
139320;786192;2022-10-10;FRC;V26;;;0;0;0.0;;;0.0;0.0;0.0;0.0;0.0;5.47;0.0;0.0
139321;786193;2022-10-10;FRC;F27;;;2;90;9804900.0;;;5.44;5.44;5.5;5.46;5.5;5.5;0.0;0.0
139322;786194;2022-10-10;FRC;J27;;;1;18;797115.0;;;5.45;5.45;5.45;5.45;5.45;5.51;0.0;0.0
139323;786195;2022-10-10;FRC;N27;;;0;0;0.0;;;0.0;0.0;0.0;0.0;0.0;5.48;0.0;5.5
139324;786196;2022-10-10;FRC;V27;;;0;0;0.0;;;0.0;0.0;0.0;0.0;0.0;5.56;0.0;0.0
139325;786197;2022-10-10;FRC;F28;;;2;354;37488790.0;;;5.54;5.54;5.54;5.54;5.54;5.54;0.0;0.0
139326;786198;2022-10-10;FRC;F29;;;0;0;0.0;;;0.0;0.0;0.0;0.0;0.0;5.6;0.0;0.0
139327;786199;2022-10-10;FRC;F30;;;0;0;0.0;;;0.0;0.0;0.0;0.0;0.0;5.72;0.0;0.0
139328;786200;2022-10-10;FRC;F31;;;0;0;0.0;;;0.0;0.0;0.0;0.0;0.0;5.86;0.0;0.0
139329;786201;2022-10-10;FRC;F32;;;0;0;0.0;;;0.0;0.0;0.0;0.0;0.0;5.95;0.0;0.0
139330;786202;2022-10-10;FRC;F33;;;0;0;0.0;;;0.0;0.0;0.0;0.0;0.0;6.14;0.0;0.0
139331;786203;2022-10-10;FRC;F34;;;0;0;0.0;;;0.0;0.0;0.0;0.0;0.0;6.22;0.0;0.0
139332;786204;2022-10-10;FRC;F35;;;0;0;0.0;;;0.0;0.0;0.0;0.0;0.0;6.4;0.0;0.0
139333;786205;2022-10-10;FRC;F36;;;0;0;0.0;;;0.0;0.0;0.0;0.0;0.0;6.56;0.0;0.0
139334;786206;2022-10-10;FRC;F37;;;0;0;0.0;;;0.0;0.0;0.0;0.0;0.0;6.68;0.0;0.0
139335;786378;2022-10-11;FRC;Z22;;;73;50319;2522893777.0;;;4.6;4.59;4.6;4.59;4.6;4.6;0.0;0.0
139336;786379;2022-10-11;FRC;F23;;;21;12647;1531700592.0;;;4.95;4.94;4.95;4.94;4.94;4.94;0.0;4.94
139337;786380;2022-10-11;FRC;G23;;;12;6218;310232716.0;;;5.24;5.22;5.24;5.22;5.22;5.22;0.0;5.22
139338;786381;2022-10-11;FRC;H23;;;15;8307;413548697.0;;;5.3;5.3;5.32;5.31;5.32;5.32;0.0;0.0
139339;786382;2022-10-11;FRC;J23;;;18;10895;1309897433.0;;;5.42;5.42;5.42;5.42;5.42;5.42;5.42;0.0
139340;786383;2022-10-11;FRC;K23;;;14;7633;378101490.0;;;5.5;5.49;5.5;5.49;5.49;5.49;0.0;0.0
139341;786384;2022-10-11;FRC;M23;;;13;3821;188818400.0;;;5.53;5.53;5.55;5.54;5.55;5.55;0.0;0.0
139342;786385;2022-10-11;FRC;N23;;;21;10603;1265712634.0;;;5.53;5.52;5.55;5.54;5.55;5.55;5.54;0.0
139343;786386;2022-10-11;FRC;Q23;;;14;5370;264048561.0;;;5.64;5.64;5.64;5.64;5.64;5.64;0.0;0.0
139344;786387;2022-10-11;FRC;U23;;;0;0;0.0;;;0.0;0.0;0.0;0.0;0.0;5.68;0.0;0.0
139345;786388;2022-10-11;FRC;V23;;;11;5049;598174175.0;;;5.7;5.69;5.7;5.69;5.69;5.69;0.0;0.0
139346;786389;2022-10-11;FRC;F24;;;9;2460;289195969.0;;;5.76;5.75;5.76;5.75;5.75;5.75;0.0;5.75
139347;786390;2022-10-11;FRC;J24;;;2;96;11224932.0;;;5.74;5.74;5.74;5.74;5.74;5.74;0.0;0.0
139348;786391;2022-10-11;FRC;N24;;;1;38;4423359.0;;;5.73;5.73;5.73;5.73;5.73;5.73;0.0;5.73
139349;786392;2022-10-11;FRC;V24;;;2;228;10852088.0;;;5.68;5.68;5.68;5.68;5.68;5.68;0.0;5.68
139350;786393;2022-10-11;FRC;F25;;;5;2457;281270905.0;;;5.65;5.62;5.65;5.64;5.64;5.64;5.63;5.64
139351;786394;2022-10-11;FRC;J25;;;3;1560;73319620.0;;;5.61;5.6;5.61;5.6;5.6;5.6;5.59;0.0
139352;786395;2022-10-11;FRC;N25;;;2;224;25343649.0;;;5.6;5.59;5.6;5.59;5.59;5.59;0.0;0.0
139353;786396;2022-10-11;FRC;V25;;;1;37;1716805.0;;;5.55;5.55;5.55;5.55;5.55;5.55;0.0;0.0
139354;786397;2022-10-11;FRC;F26;;;1;18;2041100.0;;;5.52;5.52;5.52;5.52;5.52;5.52;0.0;0.0
139355;786398;2022-10-11;FRC;J26;;;1;18;823790.0;;;5.49;5.49;5.49;5.49;5.49;5.49;0.0;0.0
139356;786399;2022-10-11;FRC;N26;;;0;0;0.0;;;0.0;0.0;0.0;0.0;0.0;5.46;0.0;0.0
139357;786400;2022-10-11;FRC;V26;;;6;2021;91586874.0;;;5.46;5.46;5.46;5.46;5.46;5.46;0.0;0.0
139358;786401;2022-10-11;FRC;F27;;;4;1448;157781445.0;;;5.51;5.51;5.51;5.51;5.51;5.51;0.0;0.0
139359;786402;2022-10-11;FRC;J27;;;0;0;0.0;;;0.0;0.0;0.0;0.0;0.0;5.53;0.0;0.0
139360;786403;2022-10-11;FRC;N27;;;1;179;7953598.0;;;5.51;5.51;5.51;5.51;5.51;5.51;0.0;0.0
139361;786404;2022-10-11;FRC;V27;;;0;0;0.0;;;0.0;0.0;0.0;0.0;0.0;5.58;0.0;0.0
139362;786405;2022-10-11;FRC;F28;;;4;815;86622694.0;;;5.55;5.55;5.55;5.55;5.55;5.55;0.0;0.0
139363;786406;2022-10-11;FRC;F29;;;0;0;0.0;;;0.0;0.0;0.0;0.0;0.0;5.61;0.0;0.0
139364;786407;2022-10-11;FRC;F30;;;0;0;0.0;;;0.0;0.0;0.0;0.0;0.0;5.73;0.0;0.0
139365;786408;2022-10-11;FRC;F31;;;0;0;0.0;;;0.0;0.0;0.0;0.0;0.0;5.87;0.0;0.0
139366;786409;2022-10-11;FRC;F32;;;0;0;0.0;;;0.0;0.0;0.0;0.0;0.0;5.96;0.0;0.0
139367;786410;2022-10-11;FRC;F33;;;0;0;0.0;;;0.0;0.0;0.0;0.0;0.0;6.15;0.0;0.0
139368;786411;2022-10-11;FRC;F34;;;0;0;0.0;;;0.0;0.0;0.0;0.0;0.0;6.23;0.0;0.0
139369;786412;2022-10-11;FRC;F35;;;0;0;0.0;;;0.0;0.0;0.0;0.0;0.0;6.41;0.0;0.0
139370;786413;2022-10-11;FRC;F36;;;0;0;0.0;;;0.0;0.0;0.0;0.0;0.0;6.57;0.0;0.0
139371;786414;2022-10-11;FRC;F37;;;0;0;0.0;;;0.0;0.0;0.0;0.0;0.0;6.69;0.0;0.0
139372;786586;2022-10-13;FRC;Z22;;;41;46848;2343096144.0;;;4.7;4.65;4.75;4.66;4.66;4.66;4.63;4.66
139373;786587;2022-10-13;FRC;F23;;;31;22901;2771118117.0;;;5.1;5.01;5.1;5.01;5.04;5.01;0.0;5.04
139374;786588;2022-10-13;FRC;G23;;;13;8542;425119020.0;;;5.29;5.29;5.29;5.29;5.29;5.29;5.28;5.32
139375;786589;2022-10-13;FRC;H23;;;11;6559;325695007.0;;;5.44;5.4;5.44;5.4;5.4;5.4;0.0;0.0
139376;786590;2022-10-13;FRC;J23;;;16;6605;793122282.0;;;5.5;5.5;5.52;5.51;5.52;5.52;5.52;0.0
139377;786591;2022-10-13;FRC;K23;;;1;39;1926211.0;;;5.61;5.61;5.61;5.61;5.61;5.61;5.61;0.0
139378;786592;2022-10-13;FRC;M23;;;3;591;29121545.0;;;5.7;5.7;5.7;5.7;5.7;5.7;0.0;0.0
139379;786593;2022-10-13;FRC;N23;;;12;6673;795392234.0;;;5.71;5.71;5.71;5.71;5.71;5.71;5.71;0.0
139380;786594;2022-10-13;FRC;Q23;;;1;78;3823303.0;;;5.8;5.8;5.8;5.8;5.8;5.8;0.0;0.0
139381;786595;2022-10-13;FRC;U23;;;2;586;28652246.0;;;5.84;5.84;5.84;5.84;5.84;5.84;0.0;0.0
139382;786596;2022-10-13;FRC;V23;;;20;4680;553239713.0;;;5.8;5.8;5.86;5.85;5.86;5.86;0.0;0.0
139383;786597;2022-10-13;FRC;F24;;;14;4137;485825120.0;;;5.87;5.83;5.92;5.9;5.92;5.92;5.9;0.0
139384;786598;2022-10-13;FRC;J24;;;7;1921;224086706.0;;;5.81;5.81;5.9;5.85;5.9;5.9;5.88;5.9
139385;786599;2022-10-13;FRC;N24;;;4;2331;269980122.0;;;5.8;5.8;5.88;5.81;5.88;5.88;0.0;5.88
139386;786600;2022-10-13;FRC;V24;;;6;1330;63073567.0;;;5.82;5.82;5.82;5.82;5.82;5.82;0.0;0.0
139387;786601;2022-10-13;FRC;F25;;;15;2684;306366035.0;;;5.64;5.64;5.78;5.77;5.77;5.78;0.0;5.78
139388;786602;2022-10-13;FRC;J25;;;5;1503;70376651.0;;;5.73;5.73;5.73;5.73;5.73;5.73;5.71;0.0
139389;786603;2022-10-13;FRC;N25;;;0;0;0.0;;;0.0;0.0;0.0;0.0;0.0;5.7;5.68;0.0
139390;786604;2022-10-13;FRC;V25;;;9;2415;111714374.0;;;5.63;5.63;5.63;5.63;5.63;5.63;5.63;0.0
139391;786605;2022-10-13;FRC;F26;;;4;573;63857231.0;;;5.52;5.52;5.61;5.6;5.61;5.61;0.0;0.0
139392;786606;2022-10-13;FRC;J26;;;0;0;0.0;;;0.0;0.0;0.0;0.0;0.0;5.58;0.0;0.0
139393;786607;2022-10-13;FRC;N26;;;7;1281;141099220.0;;;5.55;5.55;5.55;5.55;5.55;5.55;0.0;0.0
139394;786608;2022-10-13;FRC;V26;;;0;0;0.0;;;0.0;0.0;0.0;0.0;0.0;5.55;0.0;0.0
139395;786609;2022-10-13;FRC;F27;;;4;724;78650678.0;;;5.59;5.59;5.59;5.59;5.59;5.59;0.0;5.59
139396;786610;2022-10-13;FRC;J27;;;0;0;0.0;;;0.0;0.0;0.0;0.0;0.0;5.61;0.0;0.0
139397;786611;2022-10-13;FRC;N27;;;1;179;7922488.0;;;5.59;5.59;5.59;5.59;5.59;5.59;0.0;5.59
139398;786612;2022-10-13;FRC;V27;;;0;0;0.0;;;0.0;0.0;0.0;0.0;0.0;5.65;0.0;0.0
139399;786613;2022-10-13;FRC;F28;;;0;0;0.0;;;0.0;0.0;0.0;0.0;0.0;5.62;0.0;5.62
139400;786614;2022-10-13;FRC;F29;;;3;956;98728666.0;;;5.66;5.66;5.66;5.66;5.66;5.66;0.0;0.0
139401;786615;2022-10-13;FRC;F30;;;2;511;51382406.0;;;5.76;5.76;5.76;5.76;5.76;5.76;0.0;0.0
139402;786616;2022-10-13;FRC;F31;;;0;0;0.0;;;0.0;0.0;0.0;0.0;0.0;5.9;0.0;0.0
139403;786617;2022-10-13;FRC;F32;;;0;0;0.0;;;0.0;0.0;0.0;0.0;0.0;5.99;0.0;0.0
139404;786618;2022-10-13;FRC;F33;;;0;0;0.0;;;0.0;0.0;0.0;0.0;0.0;6.18;0.0;0.0
139405;786619;2022-10-13;FRC;F34;;;0;0;0.0;;;0.0;0.0;0.0;0.0;0.0;6.26;0.0;0.0
139406;786620;2022-10-13;FRC;F35;;;0;0;0.0;;;0.0;0.0;0.0;0.0;0.0;6.44;0.0;0.0
139407;786621;2022-10-13;FRC;F36;;;0;0;0.0;;;0.0;0.0;0.0;0.0;0.0;6.6;0.0;0.0
139408;786622;2022-10-13;FRC;F37;;;0;0;0.0;;;0.0;0.0;0.0;0.0;0.0;6.72;0.0;0.0
139409;786794;2022-10-14;FRC;Z22;;;240;150643;7517900177.0;;;4.7;4.68;4.77;4.7;4.71;4.71;0.0;0.0
139410;786795;2022-10-14;FRC;F23;;;25;11148;1347979999.0;;;5.04;5.04;5.1;5.08;5.08;5.08;0.0;0.0
139411;786796;2022-10-14;FRC;G23;;;15;13567;673659593.0;;;5.35;5.35;5.38;5.37;5.38;5.38;5.38;0.0
139412;786797;2022-10-14;FRC;H23;;;29;22832;1131139737.0;;;5.45;5.45;5.5;5.48;5.49;5.49;5.49;0.0
139413;786798;2022-10-14;FRC;J23;;;6;8738;1048289938.0;;;5.6;5.6;5.61;5.6;5.61;5.61;0.0;0.0
139414;786799;2022-10-14;FRC;K23;;;5;2169;106893679.0;;;5.7;5.7;5.7;5.7;5.7;5.7;5.7;0.0
139415;786800;2022-10-14;FRC;M23;;;7;1967;96682728.0;;;5.8;5.8;5.8;5.8;5.8;5.8;0.0;0.0
139416;786801;2022-10-14;FRC;N23;;;12;4511;537148056.0;;;5.82;5.82;5.82;5.82;5.82;5.82;5.82;0.0
139417;786802;2022-10-14;FRC;Q23;;;6;1371;67036983.0;;;5.91;5.91;5.91;5.91;5.91;5.91;0.0;0.0
139418;786803;2022-10-14;FRC;U23;;;11;7027;342691895.0;;;5.94;5.94;5.94;5.94;5.94;5.94;0.0;0.0
139419;786804;2022-10-14;FRC;V23;;;15;5265;621475634.0;;;5.95;5.95;5.95;5.95;5.95;5.95;5.95;0.0
139420;786805;2022-10-14;FRC;F24;;;94;12022;1408385369.0;;;5.94;5.94;6.01;5.99;6.01;6.01;6.0;0.0
139421;786806;2022-10-14;FRC;J24;;;54;14365;1672351732.0;;;5.91;5.91;5.99;5.98;5.99;5.99;0.0;0.0
139422;786807;2022-10-14;FRC;N24;;;27;3524;407899369.0;;;5.9;5.9;5.98;5.93;5.98;5.98;0.0;5.98
139423;786808;2022-10-14;FRC;V24;;;10;3169;149841882.0;;;5.85;5.85;5.92;5.9;5.91;5.91;0.0;5.91
139424;786809;2022-10-14;FRC;F25;;;11;2925;333451663.0;;;5.8;5.8;5.87;5.86;5.87;5.87;5.87;5.88
139425;786810;2022-10-14;FRC;J25;;;3;151;7050589.0;;;5.83;5.82;5.83;5.82;5.82;5.83;5.82;0.0
139426;786811;2022-10-14;FRC;N25;;;1;186;20975467.0;;;5.79;5.79;5.79;5.79;5.79;5.8;0.0;0.0
139427;786812;2022-10-14;FRC;V25;;;2;370;17048462.0;;;5.74;5.74;5.74;5.74;5.74;5.74;0.0;0.0
139428;786813;2022-10-14;FRC;F26;;;2;553;61518755.0;;;5.72;5.72;5.72;5.72;5.72;5.72;0.0;0.0
139429;786814;2022-10-14;FRC;J26;;;0;0;0.0;;;0.0;0.0;0.0;0.0;0.0;5.69;0.0;0.0
139430;786815;2022-10-14;FRC;N26;;;1;37;4045176.0;;;5.58;5.58;5.58;5.58;5.58;5.65;0.0;0.0
139431;786816;2022-10-14;FRC;V26;;;6;1092;49105488.0;;;5.65;5.65;5.65;5.65;5.65;5.65;0.0;5.65
139432;786817;2022-10-14;FRC;F27;;;5;905;97964233.0;;;5.69;5.69;5.69;5.69;5.69;5.69;0.0;0.0
139433;786818;2022-10-14;FRC;J27;;;0;0;0.0;;;0.0;0.0;0.0;0.0;0.0;5.71;0.0;0.0
139434;786819;2022-10-14;FRC;N27;;;2;358;15807726.0;;;5.6;5.6;5.6;5.6;5.6;5.69;0.0;0.0
139435;786820;2022-10-14;FRC;V27;;;0;0;0.0;;;0.0;0.0;0.0;0.0;0.0;5.75;0.0;0.0
139436;786821;2022-10-14;FRC;F28;;;9;1451;153861653.0;;;5.59;5.59;5.61;5.59;5.61;5.72;0.0;5.72
139437;786822;2022-10-14;FRC;F29;;;0;0;0.0;;;0.0;0.0;0.0;0.0;0.0;5.76;0.0;5.79
139438;786823;2022-10-14;FRC;F30;;;1;170;17026962.0;;;5.86;5.86;5.86;5.86;5.86;5.86;0.0;0.0
139439;786824;2022-10-14;FRC;F31;;;3;501;48708214.0;;;6.0;6.0;6.0;6.0;6.0;6.0;0.0;0.0
139440;786825;2022-10-14;FRC;F32;;;1;164;6387768.0;;;6.12;6.12;6.12;6.12;6.12;6.12;0.0;0.0
139441;786826;2022-10-14;FRC;F33;;;0;0;0.0;;;0.0;0.0;0.0;0.0;0.0;6.31;0.0;0.0
139442;786827;2022-10-14;FRC;F34;;;0;0;0.0;;;0.0;0.0;0.0;0.0;0.0;6.39;0.0;0.0
139443;786828;2022-10-14;FRC;F35;;;0;0;0.0;;;0.0;0.0;0.0;0.0;0.0;6.57;0.0;0.0
139444;786829;2022-10-14;FRC;F36;;;0;0;0.0;;;0.0;0.0;0.0;0.0;0.0;6.73;0.0;0.0
139445;786830;2022-10-14;FRC;F37;;;0;0;0.0;;;0.0;0.0;0.0;0.0;0.0;6.85;0.0;0.0
139446;787001;2022-10-17;FRC;Z22;;;113;157314;7836922588.0;;;4.77;4.74;4.81;4.78;4.8;4.8;0.0;4.8
139447;787002;2022-10-17;FRC;F23;;;17;16606;2006557049.0;;;5.07;5.07;5.16;5.14;5.16;5.16;5.16;5.19
139448;787003;2022-10-17;FRC;G23;;;16;11937;591642295.0;;;5.38;5.38;5.49;5.46;5.49;5.49;0.0;0.0
139449;787004;2022-10-17;FRC;H23;;;2;79;3906792.0;;;5.52;5.52;5.52;5.52;5.52;5.6;0.0;0.0
139450;787005;2022-10-17;FRC;J23;;;0;0;0.0;;;0.0;0.0;0.0;0.0;0.0;5.71;0.0;0.0
139451;787006;2022-10-17;FRC;K23;;;3;1242;61091241.0;;;5.73;5.73;5.8;5.78;5.8;5.8;0.0;0.0
139452;787007;2022-10-17;FRC;M23;;;9;3954;193985009.0;;;5.8;5.8;5.89;5.86;5.89;5.89;0.0;0.0
139453;787008;2022-10-17;FRC;N23;;;27;10746;1278628892.0;;;5.82;5.82;5.9;5.89;5.9;5.9;0.0;0.0
139454;787009;2022-10-17;FRC;Q23;;;1;78;3807275.0;;;5.9;5.9;5.9;5.9;5.9;5.99;0.0;0.0
139455;787010;2022-10-17;FRC;U23;;;0;0;0.0;;;0.0;0.0;0.0;0.0;0.0;6.01;0.0;0.0
139456;787011;2022-10-17;FRC;V23;;;14;4695;554115551.0;;;5.95;5.95;6.02;5.98;6.02;6.02;0.0;0.0
139457;787012;2022-10-17;FRC;F24;;;13;3131;366734327.0;;;6.01;6.01;6.08;6.07;6.08;6.08;0.0;0.0
139458;787013;2022-10-17;FRC;J24;;;3;634;73753508.0;;;5.96;5.96;6.06;5.99;6.06;6.05;0.0;6.06
139459;787014;2022-10-17;FRC;N24;;;2;401;46329093.0;;;5.94;5.94;5.94;5.94;5.94;6.04;0.0;6.04
139460;787015;2022-10-17;FRC;V24;;;11;3566;168239470.0;;;5.96;5.91;5.96;5.95;5.91;5.96;0.0;5.97
139461;787016;2022-10-17;FRC;F25;;;6;997;113727172.0;;;5.91;5.91;5.91;5.91;5.91;5.91;0.0;5.91
139462;787017;2022-10-17;FRC;J25;;;5;973;45306631.0;;;5.86;5.86;5.86;5.86;5.86;5.86;0.0;0.0
139463;787018;2022-10-17;FRC;N25;;;1;19;2114990.0;;;5.83;5.83;5.83;5.83;5.83;5.83;0.0;0.0
139464;787019;2022-10-17;FRC;V25;;;5;945;43457752.0;;;5.77;5.77;5.77;5.77;5.77;5.77;0.0;0.0
139465;787020;2022-10-17;FRC;F26;;;9;1528;169987001.0;;;5.73;5.73;5.73;5.73;5.73;5.73;0.0;0.0
139466;787021;2022-10-17;FRC;J26;;;0;0;0.0;;;0.0;0.0;0.0;0.0;0.0;5.7;0.0;0.0
139467;787022;2022-10-17;FRC;N26;;;0;0;0.0;;;0.0;0.0;0.0;0.0;0.0;5.66;0.0;0.0
139468;787023;2022-10-17;FRC;V26;;;1;18;807026.0;;;5.65;5.65;5.65;5.65;5.65;5.65;0.0;0.0
139469;787024;2022-10-17;FRC;F27;;;2;126;13673341.0;;;5.69;5.69;5.69;5.69;5.69;5.69;0.0;0.0
139470;787025;2022-10-17;FRC;J27;;;0;0;0.0;;;0.0;0.0;0.0;0.0;0.0;5.72;0.0;0.0
139471;787026;2022-10-17;FRC;N27;;;0;0;0.0;;;0.0;0.0;0.0;0.0;0.0;5.71;0.0;0.0
139472;787027;2022-10-17;FRC;V27;;;0;0;0.0;;;0.0;0.0;0.0;0.0;0.0;5.78;0.0;0.0
139473;787028;2022-10-17;FRC;F28;;;6;1061;111875405.0;;;5.76;5.76;5.76;5.76;5.76;5.76;0.0;0.0
139474;787029;2022-10-17;FRC;F29;;;0;0;0.0;;;0.0;0.0;0.0;0.0;0.0;5.82;0.0;0.0
139475;787030;2022-10-17;FRC;F30;;;0;0;0.0;;;0.0;0.0;0.0;0.0;0.0;5.89;0.0;0.0
139476;787031;2022-10-17;FRC;F31;;;0;0;0.0;;;0.0;0.0;0.0;0.0;0.0;6.03;0.0;0.0
139477;787032;2022-10-17;FRC;F32;;;0;0;0.0;;;0.0;0.0;0.0;0.0;0.0;6.15;0.0;0.0
139478;787033;2022-10-17;FRC;F33;;;0;0;0.0;;;0.0;0.0;0.0;0.0;0.0;6.34;0.0;0.0
139479;787034;2022-10-17;FRC;F34;;;0;0;0.0;;;0.0;0.0;0.0;0.0;0.0;6.42;0.0;0.0
139480;787035;2022-10-17;FRC;F35;;;0;0;0.0;;;0.0;0.0;0.0;0.0;0.0;6.6;0.0;0.0
139481;787036;2022-10-17;FRC;F36;;;1;153;5275204.0;;;6.73;6.73;6.73;6.73;6.73;6.76;0.0;0.0
139482;787037;2022-10-17;FRC;F37;;;0;0;0.0;;;0.0;0.0;0.0;0.0;0.0;6.88;0.0;0.0
139483;787208;2022-10-18;FRC;Z22;;;139;163017;8114617666.0;;;4.89;4.83;4.99;4.85;4.84;4.83;4.8;4.82
139484;787209;2022-10-18;FRC;F23;;;45;80379;9709434841.0;;;5.25;5.19;5.25;5.21;5.19;5.19;5.17;0.0
139485;787210;2022-10-18;FRC;G23;;;14;7548;373805657.0;;;5.54;5.51;5.54;5.51;5.51;5.51;5.49;5.52
139486;787211;2022-10-18;FRC;H23;;;10;1486;73419939.0;;;5.64;5.63;5.64;5.63;5.63;5.63;0.0;5.63
139487;787212;2022-10-18;FRC;J23;;;10;6758;810026598.0;;;5.76;5.74;5.76;5.74;5.74;5.74;0.0;5.74
139488;787213;2022-10-18;FRC;K23;;;23;10129;497782429.0;;;5.85;5.84;5.85;5.84;5.84;5.84;0.0;5.84
139489;787214;2022-10-18;FRC;M23;;;7;3364;164904084.0;;;5.89;5.89;5.89;5.89;5.89;5.89;5.89;0.0
139490;787215;2022-10-18;FRC;N23;;;10;23029;2738801580.0;;;5.95;5.91;5.95;5.91;5.91;5.91;0.0;0.0
139491;787216;2022-10-18;FRC;Q23;;;4;784;38229615.0;;;6.0;6.0;6.0;6.0;6.0;6.0;0.0;0.0
139492;787217;2022-10-18;FRC;U23;;;3;313;15223199.0;;;6.02;6.02;6.02;6.02;6.02;6.02;0.0;6.02
139493;787218;2022-10-18;FRC;V23;;;29;6348;748993258.0;;;6.02;6.02;6.07;6.03;6.02;6.02;6.0;0.0
139494;787219;2022-10-18;FRC;F24;;;21;15884;1860264308.0;;;6.09;6.07;6.12;6.07;6.07;6.07;0.0;6.07
139495;787220;2022-10-18;FRC;J24;;;2;154;17881339.0;;;6.04;6.04;6.04;6.04;6.04;6.04;0.0;6.05
139496;787221;2022-10-18;FRC;N24;;;2;1316;151904687.0;;;6.05;6.05;6.05;6.05;6.05;6.04;0.0;6.04
139497;787222;2022-10-18;FRC;V24;;;6;1329;62652938.0;;;5.98;5.96;5.98;5.96;5.96;5.96;0.0;5.96
139498;787223;2022-10-18;FRC;F25;;;9;2296;261780341.0;;;5.91;5.91;5.91;5.91;5.91;5.91;5.89;0.0
139499;787224;2022-10-18;FRC;J25;;;0;0;0.0;;;0.0;0.0;0.0;0.0;0.0;5.86;5.85;0.0
139500;787225;2022-10-18;FRC;N25;;;0;0;0.0;;;0.0;0.0;0.0;0.0;0.0;5.82;0.0;0.0
139501;787226;2022-10-18;FRC;V25;;;10;2221;102064007.0;;;5.76;5.76;5.76;5.76;5.76;5.76;0.0;0.0
139502;787227;2022-10-18;FRC;F26;;;3;386;42950153.0;;;5.75;5.75;5.75;5.75;5.75;5.75;0.0;0.0
139503;787228;2022-10-18;FRC;J26;;;0;0;0.0;;;0.0;0.0;0.0;0.0;0.0;5.72;0.0;0.0
139504;787229;2022-10-18;FRC;N26;;;4;732;80266642.0;;;5.67;5.67;5.67;5.67;5.67;5.67;0.0;0.0
139505;787230;2022-10-18;FRC;V26;;;4;728;32645188.0;;;5.67;5.67;5.67;5.67;5.67;5.67;0.0;0.0
139506;787231;2022-10-18;FRC;F27;;;2;235;25430339.0;;;5.7;5.7;5.7;5.7;5.7;5.7;0.0;0.0
139507;787232;2022-10-18;FRC;J27;;;0;0;0.0;;;0.0;0.0;0.0;0.0;0.0;5.73;0.0;0.0
139508;787233;2022-10-18;FRC;N27;;;0;0;0.0;;;0.0;0.0;0.0;0.0;0.0;5.72;0.0;0.0
139509;787234;2022-10-18;FRC;V27;;;0;0;0.0;;;0.0;0.0;0.0;0.0;0.0;5.79;0.0;0.0
139510;787235;2022-10-18;FRC;F28;;;2;442;46590494.0;;;5.75;5.75;5.79;5.76;5.79;5.77;0.0;0.0
139511;787236;2022-10-18;FRC;F29;;;2;346;35566045.0;;;5.78;5.78;5.84;5.81;5.84;5.84;0.0;0.0
139512;787237;2022-10-18;FRC;F30;;;1;170;16986384.0;;;5.9;5.9;5.9;5.9;5.9;5.91;0.0;0.0
139513;787238;2022-10-18;FRC;F31;;;3;501;48542198.0;;;6.06;6.06;6.06;6.06;6.06;6.06;0.0;0.0
139514;787239;2022-10-18;FRC;F32;;;0;0;0.0;;;0.0;0.0;0.0;0.0;0.0;6.18;0.0;0.0
139515;787240;2022-10-18;FRC;F33;;;0;0;0.0;;;0.0;0.0;0.0;0.0;0.0;6.37;0.0;0.0
139516;787241;2022-10-18;FRC;F34;;;0;0;0.0;;;0.0;0.0;0.0;0.0;0.0;6.45;0.0;0.0
139517;787242;2022-10-18;FRC;F35;;;0;0;0.0;;;0.0;0.0;0.0;0.0;0.0;6.63;0.0;0.0
139518;787243;2022-10-18;FRC;F36;;;0;0;0.0;;;0.0;0.0;0.0;0.0;0.0;6.79;0.0;0.0
139519;787244;2022-10-18;FRC;F37;;;0;0;0.0;;;0.0;0.0;0.0;0.0;0.0;6.91;0.0;0.0
139520;787414;2022-10-19;FRC;Z22;;;124;224915;11208553996.0;;;4.73;4.63;4.76;4.73;4.75;4.76;4.74;4.76
139521;787415;2022-10-19;FRC;F23;;;40;31103;3759389008.0;;;5.1;5.0;5.15;5.13;5.13;5.13;5.12;5.14
139522;787416;2022-10-19;FRC;G23;;;144;149112;7393192088.0;;;5.51;5.39;5.51;5.45;5.45;5.45;5.44;5.45
139523;787417;2022-10-19;FRC;H23;;;16;6044;298967688.0;;;5.58;5.58;5.6;5.58;5.59;5.59;5.58;5.59
139524;787418;2022-10-19;FRC;J23;;;14;7195;862819142.0;;;5.67;5.67;5.71;5.7;5.71;5.71;5.71;0.0
139525;787419;2022-10-19;FRC;K23;;;16;6701;329692448.0;;;5.82;5.82;5.82;5.82;5.82;5.82;5.82;5.85
139526;787420;2022-10-19;FRC;M23;;;9;4661;228723225.0;;;5.9;5.9;5.9;5.9;5.9;5.9;0.0;5.9
139527;787421;2022-10-19;FRC;N23;;;11;6373;758512097.0;;;5.91;5.9;5.91;5.9;5.91;5.91;5.91;5.94
139528;787422;2022-10-19;FRC;Q23;;;2;978;47738863.0;;;6.0;6.0;6.01;6.0;6.01;6.01;6.0;6.02
139529;787423;2022-10-19;FRC;U23;;;3;196;9542390.0;;;6.05;6.05;6.05;6.05;6.05;6.05;0.0;0.0
139530;787424;2022-10-19;FRC;V23;;;17;9230;1089491944.0;;;6.06;6.02;6.06;6.05;6.06;6.06;0.0;0.0
139531;787425;2022-10-19;FRC;F24;;;8;3342;391547378.0;;;6.11;6.11;6.11;6.11;6.11;6.11;6.1;0.0
139532;787426;2022-10-19;FRC;J24;;;6;1344;156287101.0;;;6.09;6.09;6.09;6.09;6.09;6.09;0.0;0.0
139533;787427;2022-10-19;FRC;N24;;;6;2289;264272894.0;;;6.07;6.07;6.07;6.07;6.07;6.07;6.05;6.1
139534;787428;2022-10-19;FRC;V24;;;13;3414;161031885.0;;;6.04;6.01;6.06;6.02;6.01;6.01;6.01;0.0
139535;787429;2022-10-19;FRC;F25;;;3;640;72922731.0;;;5.96;5.96;5.98;5.97;5.98;5.98;5.98;6.01
139536;787430;2022-10-19;FRC;J25;;;0;0;0.0;;;0.0;0.0;0.0;0.0;0.0;5.94;0.0;0.0
139537;787431;2022-10-19;FRC;N25;;;0;0;0.0;;;0.0;0.0;0.0;0.0;0.0;5.91;0.0;0.0
139538;787432;2022-10-19;FRC;V25;;;8;3148;144640120.0;;;5.86;5.86;5.86;5.86;5.86;5.86;0.0;0.0
139539;787433;2022-10-19;FRC;F26;;;3;386;42860382.0;;;5.87;5.87;5.87;5.87;5.87;5.87;0.0;5.9
139540;787434;2022-10-19;FRC;J26;;;1;18;814751.0;;;5.84;5.84;5.84;5.84;5.84;5.84;0.0;0.0
139541;787435;2022-10-19;FRC;N26;;;1;36;3973653.0;;;5.79;5.79;5.79;5.79;5.79;5.79;0.0;0.0
139542;787436;2022-10-19;FRC;V26;;;0;0;0.0;;;0.0;0.0;0.0;0.0;0.0;5.79;0.0;5.81
139543;787437;2022-10-19;FRC;F27;;;5;666;72057355.0;;;5.81;5.81;5.81;5.81;5.81;5.81;0.0;0.0
139544;787438;2022-10-19;FRC;J27;;;0;0;0.0;;;0.0;0.0;0.0;0.0;0.0;5.82;0.0;0.0
139545;787439;2022-10-19;FRC;N27;;;0;0;0.0;;;0.0;0.0;0.0;0.0;0.0;5.78;0.0;0.0
139546;787440;2022-10-19;FRC;V27;;;1;355;15477563.0;;;5.83;5.83;5.83;5.83;5.83;5.83;0.0;0.0
139547;787441;2022-10-19;FRC;F28;;;1;71;7461734.0;;;5.81;5.81;5.81;5.81;5.81;5.81;5.81;0.0
139548;787442;2022-10-19;FRC;F29;;;1;35;3567982.0;;;5.89;5.89;5.89;5.89;5.89;5.89;0.0;0.0
139549;787443;2022-10-19;FRC;F30;;;1;17;1694686.0;;;5.97;5.97;5.97;5.97;5.97;5.97;0.0;6.02
139550;787444;2022-10-19;FRC;F31;;;3;349;33828889.0;;;6.1;6.1;6.13;6.11;6.13;6.13;0.0;0.0
139551;787445;2022-10-19;FRC;F32;;;0;0;0.0;;;0.0;0.0;0.0;0.0;0.0;6.27;0.0;0.0
139552;787446;2022-10-19;FRC;F33;;;1;160;5987027.0;;;6.49;6.49;6.49;6.49;6.49;6.49;0.0;0.0
139553;787447;2022-10-19;FRC;F34;;;0;0;0.0;;;0.0;0.0;0.0;0.0;0.0;6.57;0.0;0.0
139554;787448;2022-10-19;FRC;F35;;;0;0;0.0;;;0.0;0.0;0.0;0.0;0.0;6.76;0.0;0.0
139555;787449;2022-10-19;FRC;F36;;;1;152;5192034.0;;;6.92;6.92;6.92;6.92;6.92;6.92;0.0;0.0
139556;787450;2022-10-19;FRC;F37;;;0;0;0.0;;;0.0;0.0;0.0;0.0;0.0;7.04;0.0;0.0
139557;787620;2022-10-20;FRC;Z22;;;511;143495;7105181672.0;;;4.81;4.75;4.81;4.78;4.77;4.79;0.0;0.0
139558;787621;2022-10-20;FRC;F23;;;32;40856;4925743669.0;;;5.18;5.16;5.18;5.16;5.17;5.16;0.0;0.0
139559;787622;2022-10-20;FRC;G23;;;25;26476;1304303478.0;;;5.48;5.48;5.49;5.48;5.48;5.48;0.0;0.0
139560;787623;2022-10-20;FRC;H23;;;1;396;19462371.0;;;5.62;5.62;5.62;5.62;5.62;5.62;0.0;0.0
139561;787624;2022-10-20;FRC;J23;;;5;515;61516189.0;;;5.75;5.75;5.76;5.75;5.75;5.75;0.0;0.0
139562;787625;2022-10-20;FRC;K23;;;2;394;19259540.0;;;5.86;5.86;5.86;5.86;5.86;5.86;0.0;0.0
139563;787626;2022-10-20;FRC;M23;;;6;5171;252100557.0;;;5.94;5.94;5.95;5.94;5.95;5.95;0.0;0.0
139564;787627;2022-10-20;FRC;N23;;;19;17551;2083014868.0;;;5.96;5.96;5.96;5.96;5.96;5.96;0.0;0.0
139565;787628;2022-10-20;FRC;Q23;;;0;0;0.0;;;0.0;0.0;0.0;0.0;0.0;6.07;0.0;0.0
139566;787629;2022-10-20;FRC;U23;;;0;0;0.0;;;0.0;0.0;0.0;0.0;0.0;6.11;0.0;0.0
139567;787630;2022-10-20;FRC;V23;;;6;1053;123808734.0;;;6.09;6.09;6.13;6.12;6.13;6.13;0.0;0.0
139568;787631;2022-10-20;FRC;F24;;;11;5814;679064379.0;;;6.18;6.18;6.18;6.18;6.18;6.18;0.0;0.0
139569;787632;2022-10-20;FRC;J24;;;5;960;111267823.0;;;6.16;6.16;6.16;6.16;6.16;6.16;0.0;0.0
139570;787633;2022-10-20;FRC;N24;;;4;840;96581578.0;;;6.16;6.16;6.16;6.16;6.16;6.16;0.0;0.0
139571;787634;2022-10-20;FRC;V24;;;5;1079;50530201.0;;;6.07;6.07;6.11;6.09;6.11;6.11;0.0;0.0
139572;787635;2022-10-20;FRC;F25;;;12;2934;333033321.0;;;6.0;6.0;6.09;6.08;6.09;6.09;0.0;0.0
139573;787636;2022-10-20;FRC;J25;;;2;374;17273335.0;;;6.05;6.05;6.05;6.05;6.05;6.05;0.0;0.0
139574;787637;2022-10-20;FRC;N25;;;0;0;0.0;;;0.0;0.0;0.0;0.0;0.0;6.02;0.0;0.0
139575;787638;2022-10-20;FRC;V25;;;2;370;16864753.0;;;5.98;5.98;5.98;5.98;5.98;5.98;0.0;0.0
139576;787639;2022-10-20;FRC;F26;;;3;423;46683002.0;;;6.02;6.02;6.02;6.02;6.02;6.02;0.0;0.0
139577;787640;2022-10-20;FRC;J26;;;0;0;0.0;;;0.0;0.0;0.0;0.0;0.0;5.99;0.0;0.0
139578;787641;2022-10-20;FRC;N26;;;0;0;0.0;;;0.0;0.0;0.0;0.0;0.0;5.94;0.0;0.0
139579;787642;2022-10-20;FRC;V26;;;0;0;0.0;;;0.0;0.0;0.0;0.0;0.0;5.94;0.0;0.0
139580;787643;2022-10-20;FRC;F27;;;5;1008;108477087.0;;;5.83;5.83;5.96;5.91;5.96;5.96;0.0;0.0
139581;787644;2022-10-20;FRC;J27;;;0;0;0.0;;;0.0;0.0;0.0;0.0;0.0;5.95;0.0;0.0
139582;787645;2022-10-20;FRC;N27;;;0;0;0.0;;;0.0;0.0;0.0;0.0;0.0;5.9;0.0;0.0
139583;787646;2022-10-20;FRC;V27;;;1;177;7649790.0;;;5.93;5.93;5.93;5.93;5.93;5.93;0.0;0.0
139584;787647;2022-10-20;FRC;F28;;;7;1443;151217932.0;;;5.9;5.9;5.97;5.96;5.97;5.97;0.0;0.0
139585;787648;2022-10-20;FRC;F29;;;0;0;0.0;;;0.0;0.0;0.0;0.0;0.0;6.05;0.0;0.0
139586;787649;2022-10-20;FRC;F30;;;0;0;0.0;;;0.0;0.0;0.0;0.0;0.0;6.13;0.0;0.0
139587;787650;2022-10-20;FRC;F31;;;1;33;3177448.0;;;6.29;6.29;6.29;6.29;6.29;6.29;0.0;0.0
139588;787651;2022-10-20;FRC;F32;;;0;0;0.0;;;0.0;0.0;0.0;0.0;0.0;6.43;0.0;0.0
139589;787652;2022-10-20;FRC;F33;;;0;0;0.0;;;0.0;0.0;0.0;0.0;0.0;6.65;0.0;0.0
139590;787653;2022-10-20;FRC;F34;;;0;0;0.0;;;0.0;0.0;0.0;0.0;0.0;6.73;0.0;0.0
139591;787654;2022-10-20;FRC;F35;;;0;0;0.0;;;0.0;0.0;0.0;0.0;0.0;6.92;0.0;0.0
139592;787655;2022-10-20;FRC;F36;;;0;0;0.0;;;0.0;0.0;0.0;0.0;0.0;7.08;0.0;0.0
139593;787656;2022-10-20;FRC;F37;;;0;0;0.0;;;0.0;0.0;0.0;0.0;0.0;7.2;0.0;0.0
139594;787826;2022-10-21;FRC;Z22;;;254;86689;4296884379.0;;;4.84;4.7;4.85;4.74;4.72;4.73;4.71;4.73
139595;787827;2022-10-21;FRC;F23;;;30;14353;1731620424.0;;;5.2;5.08;5.2;5.11;5.08;5.09;5.08;0.0
139596;787828;2022-10-21;FRC;G23;;;95;16883;832610367.0;;;5.48;5.42;5.5;5.44;5.42;5.42;5.42;0.0
139597;787829;2022-10-21;FRC;H23;;;29;11275;554774235.0;;;5.58;5.55;5.58;5.55;5.55;5.55;0.0;0.0
139598;787830;2022-10-21;FRC;J23;;;29;13700;1639630293.0;;;5.75;5.66;5.75;5.67;5.66;5.66;5.66;0.0
139599;787831;2022-10-21;FRC;K23;;;16;10584;518010687.0;;;5.86;5.77;5.86;5.77;5.77;5.77;5.77;0.0
139600;787832;2022-10-21;FRC;M23;;;16;12334;602091368.0;;;5.95;5.84;5.95;5.85;5.84;5.85;5.84;0.0
139601;787833;2022-10-21;FRC;N23;;;21;14397;1710120947.0;;;5.96;5.85;5.96;5.87;5.85;5.85;5.85;0.0
139602;787834;2022-10-21;FRC;Q23;;;3;978;47492970.0;;;5.95;5.95;5.95;5.95;5.95;5.95;0.0;5.95
139603;787835;2022-10-21;FRC;U23;;;2;390;18888228.0;;;5.99;5.99;5.99;5.99;5.99;5.99;0.0;5.99
139604;787836;2022-10-21;FRC;V23;;;8;3701;436055607.0;;;6.0;6.0;6.0;6.0;6.0;6.0;0.0;6.05
139605;787837;2022-10-21;FRC;F24;;;26;17592;2056955379.0;;;6.14;6.04;6.14;6.06;6.04;6.04;6.04;0.0
139606;787838;2022-10-21;FRC;J24;;;4;1536;178368115.0;;;6.03;6.03;6.03;6.03;6.03;6.03;6.02;6.03
139607;787839;2022-10-21;FRC;N24;;;6;1146;132025128.0;;;6.02;6.02;6.02;6.02;6.02;6.02;0.0;6.02
139608;787840;2022-10-21;FRC;V24;;;5;1044;48993131.0;;;6.06;5.97;6.06;5.99;5.97;5.97;0.0;5.97
139609;787841;2022-10-21;FRC;F25;;;5;1168;132754809.0;;;6.09;5.95;6.09;5.97;5.95;5.95;5.95;0.0
139610;787842;2022-10-21;FRC;J25;;;1;112;5184166.0;;;5.93;5.93;5.93;5.93;5.93;5.93;0.0;5.93
139611;787843;2022-10-21;FRC;N25;;;0;0;0.0;;;0.0;0.0;0.0;0.0;0.0;5.9;0.0;0.0
139612;787844;2022-10-21;FRC;V25;;;1;185;8449567.0;;;5.9;5.9;5.9;5.9;5.9;5.9;0.0;5.9
139613;787845;2022-10-21;FRC;F26;;;4;1104;122176755.0;;;6.02;5.88;6.02;5.9;5.88;5.88;0.0;0.0
139614;787846;2022-10-21;FRC;J26;;;0;0;0.0;;;0.0;0.0;0.0;0.0;0.0;5.87;0.0;0.0
139615;787847;2022-10-21;FRC;N26;;;0;0;0.0;;;0.0;0.0;0.0;0.0;0.0;5.84;0.0;0.0
139616;787848;2022-10-21;FRC;V26;;;0;0;0.0;;;0.0;0.0;0.0;0.0;0.0;5.84;0.0;0.0
139617;787849;2022-10-21;FRC;F27;;;11;6750;727044486.0;;;5.9;5.85;5.9;5.89;5.85;5.9;0.0;5.9
139618;787850;2022-10-21;FRC;J27;;;0;0;0.0;;;0.0;0.0;0.0;0.0;0.0;5.89;0.0;0.0
139619;787851;2022-10-21;FRC;N27;;;0;0;0.0;;;0.0;0.0;0.0;0.0;0.0;5.85;0.0;0.0
139620;787852;2022-10-21;FRC;V27;;;0;0;0.0;;;0.0;0.0;0.0;0.0;0.0;5.88;5.86;0.0
139621;787853;2022-10-21;FRC;F28;;;24;10400;1090518434.0;;;5.93;5.93;5.93;5.93;5.93;5.93;0.0;0.0
139622;787854;2022-10-21;FRC;F29;;;0;0;0.0;;;0.0;0.0;0.0;0.0;0.0;6.02;0.0;0.0
139623;787855;2022-10-21;FRC;F30;;;0;0;0.0;;;0.0;0.0;0.0;0.0;0.0;6.1;0.0;0.0
139624;787856;2022-10-21;FRC;F31;;;0;0;0.0;;;0.0;0.0;0.0;0.0;0.0;6.27;0.0;0.0
139625;787857;2022-10-21;FRC;F32;;;0;0;0.0;;;0.0;0.0;0.0;0.0;0.0;6.41;0.0;0.0
139626;787858;2022-10-21;FRC;F33;;;4;636;23511091.0;;;6.64;6.64;6.64;6.64;6.64;6.64;0.0;0.0
139627;787859;2022-10-21;FRC;F34;;;0;0;0.0;;;0.0;0.0;0.0;0.0;0.0;6.72;0.0;0.0
139628;787860;2022-10-21;FRC;F35;;;0;0;0.0;;;0.0;0.0;0.0;0.0;0.0;6.91;0.0;0.0
139629;787861;2022-10-21;FRC;F36;;;0;0;0.0;;;0.0;0.0;0.0;0.0;0.0;7.07;0.0;0.0
139630;787862;2022-10-21;FRC;F37;;;0;0;0.0;;;0.0;0.0;0.0;0.0;0.0;7.19;0.0;0.0
139631;788032;2022-10-24;FRC;Z22;;;466;250335;12579751357.0;;;4.73;4.73;4.8;4.75;4.75;4.75;4.75;4.77
139632;788033;2022-10-24;FRC;F23;;;166;98642;11967693838.0;;;5.11;5.11;5.16;5.13;5.16;5.16;5.13;5.16
139633;788034;2022-10-24;FRC;G23;;;28;22724;1136177860.0;;;5.45;5.44;5.46;5.45;5.46;5.46;5.46;0.0
139634;788035;2022-10-24;FRC;H23;;;21;5551;276898410.0;;;5.55;5.55;5.6;5.58;5.59;5.59;5.57;0.0
139635;788036;2022-10-24;FRC;J23;;;12;6720;809094310.0;;;5.66;5.66;5.7;5.69;5.7;5.7;5.7;0.0
139636;788037;2022-10-24;FRC;K23;;;10;3547;175995595.0;;;5.8;5.8;5.8;5.8;5.8;5.8;5.8;0.0
139637;788038;2022-10-24;FRC;M23;;;6;1358;67208184.0;;;5.85;5.85;5.9;5.87;5.9;5.88;5.86;5.9
139638;788039;2022-10-24;FRC;N23;;;18;10199;1218632421.0;;;5.89;5.89;5.89;5.89;5.89;5.89;5.86;0.0
139639;788040;2022-10-24;FRC;Q23;;;11;3737;183977085.0;;;5.97;5.97;5.97;5.97;5.97;5.97;0.0;0.0
139640;788041;2022-10-24;FRC;U23;;;6;2146;105362352.0;;;6.02;6.02;6.02;6.02;6.02;6.02;0.0;6.02
139641;788042;2022-10-24;FRC;V23;;;15;8178;969365384.0;;;6.02;6.02;6.02;6.02;6.02;6.02;6.02;0.0
139642;788043;2022-10-24;FRC;F24;;;17;5664;666245198.0;;;6.04;6.04;6.06;6.05;6.06;6.06;6.06;0.0
139643;788044;2022-10-24;FRC;J24;;;3;576;67271942.0;;;6.05;6.05;6.05;6.05;6.05;6.05;0.0;0.0
139644;788045;2022-10-24;FRC;N24;;;0;0;0.0;;;0.0;0.0;0.0;0.0;0.0;6.08;6.03;6.06
139645;788046;2022-10-24;FRC;V24;;;5;1328;63196495.0;;;5.97;5.97;5.97;5.97;5.97;5.97;0.0;0.0
139646;788047;2022-10-24;FRC;F25;;;5;1148;131351907.0;;;5.95;5.95;5.97;5.96;5.97;5.97;0.0;5.97
139647;788048;2022-10-24;FRC;J25;;;0;0;0.0;;;0.0;0.0;0.0;0.0;0.0;5.95;0.0;0.0
139648;788049;2022-10-24;FRC;N25;;;1;186;21005926.0;;;5.91;5.91;5.91;5.91;5.91;5.91;0.0;0.0
139649;788050;2022-10-24;FRC;V25;;;0;0;0.0;;;0.0;0.0;0.0;0.0;0.0;5.89;0.0;0.0
139650;788051;2022-10-24;FRC;F26;;;5;2632;293096952.0;;;5.88;5.88;5.88;5.88;5.88;5.88;0.0;0.0
139651;788052;2022-10-24;FRC;J26;;;0;0;0.0;;;0.0;0.0;0.0;0.0;0.0;5.88;0.0;0.0
139652;788053;2022-10-24;FRC;N26;;;0;0;0.0;;;0.0;0.0;0.0;0.0;0.0;5.86;0.0;0.0
139653;788054;2022-10-24;FRC;V26;;;0;0;0.0;;;0.0;0.0;0.0;0.0;0.0;5.87;5.85;0.0
139654;788055;2022-10-24;FRC;F27;;;1;1331;144107597.0;;;5.94;5.94;5.94;5.94;5.94;5.94;5.9;5.94
139655;788056;2022-10-24;FRC;J27;;;0;0;0.0;;;0.0;0.0;0.0;0.0;0.0;5.94;0.0;0.0
139656;788057;2022-10-24;FRC;N27;;;1;178;7862418.0;;;5.91;5.91;5.91;5.91;5.91;5.91;0.0;0.0
139657;788058;2022-10-24;FRC;V27;;;0;0;0.0;;;0.0;0.0;0.0;0.0;0.0;5.92;0.0;0.0
139658;788059;2022-10-24;FRC;F28;;;7;1232;130007289.0;;;5.94;5.94;5.94;5.94;5.94;5.94;0.0;5.94
139659;788060;2022-10-24;FRC;F29;;;0;0;0.0;;;0.0;0.0;0.0;0.0;0.0;6.03;0.0;0.0
139660;788061;2022-10-24;FRC;F30;;;0;0;0.0;;;0.0;0.0;0.0;0.0;0.0;6.11;0.0;0.0
139661;788062;2022-10-24;FRC;F31;;;0;0;0.0;;;0.0;0.0;0.0;0.0;0.0;6.28;0.0;0.0
139662;788063;2022-10-24;FRC;F32;;;1;894;34641486.0;;;6.44;6.44;6.44;6.44;6.44;6.44;0.0;0.0
139663;788064;2022-10-24;FRC;F33;;;0;0;0.0;;;0.0;0.0;0.0;0.0;0.0;6.67;0.0;0.0
139664;788065;2022-10-24;FRC;F34;;;0;0;0.0;;;0.0;0.0;0.0;0.0;0.0;6.75;0.0;0.0
139665;788066;2022-10-24;FRC;F35;;;0;0;0.0;;;0.0;0.0;0.0;0.0;0.0;6.94;0.0;0.0
139666;788067;2022-10-24;FRC;F36;;;0;0;0.0;;;0.0;0.0;0.0;0.0;0.0;7.1;0.0;0.0
139667;788068;2022-10-24;FRC;F37;;;0;0;0.0;;;0.0;0.0;0.0;0.0;0.0;7.22;0.0;0.0
139668;788240;2022-10-25;FRC;Z22;;;317;271410;13581913627.0;;;4.73;4.68;4.8;4.71;4.72;4.72;4.71;4.72
139669;788241;2022-10-25;FRC;F23;;;42;49599;6008462800.0;;;5.11;5.09;5.14;5.13;5.14;5.14;5.1;5.14
139670;788242;2022-10-25;FRC;G23;;;25;11779;586497855.0;;;5.43;5.41;5.43;5.42;5.42;5.43;5.42;0.0
139671;788243;2022-10-25;FRC;H23;;;8;3231;160498751.0;;;5.51;5.51;5.58;5.57;5.58;5.58;0.0;5.58
139672;788244;2022-10-25;FRC;J23;;;12;9013;1083445712.0;;;5.68;5.68;5.68;5.68;5.68;5.68;5.68;5.7
139673;788245;2022-10-25;FRC;K23;;;11;4847;239505982.0;;;5.76;5.76;5.78;5.77;5.78;5.78;5.78;5.8
139674;788246;2022-10-25;FRC;M23;;;10;6941;342096770.0;;;5.85;5.85;5.85;5.85;5.85;5.85;5.84;0.0
139675;788247;2022-10-25;FRC;N23;;;10;4158;496091271.0;;;5.86;5.86;5.86;5.86;5.86;5.86;5.86;0.0
139676;788248;2022-10-25;FRC;Q23;;;13;5950;291720804.0;;;5.94;5.93;5.96;5.95;5.95;5.96;5.95;0.0
139677;788249;2022-10-25;FRC;U23;;;13;3201;156524466.0;;;5.99;5.99;5.99;5.99;5.99;5.99;5.98;0.0
139678;788250;2022-10-25;FRC;V23;;;13;5589;661447071.0;;;5.99;5.99;6.0;5.99;6.0;6.0;6.0;0.0
139679;788251;2022-10-25;FRC;F24;;;18;4967;583419630.0;;;6.0;6.0;6.06;6.05;6.05;6.05;0.0;6.05
139680;788252;2022-10-25;FRC;J24;;;10;2592;302265448.0;;;6.0;5.98;6.04;6.03;6.04;6.04;0.0;6.04
139681;788253;2022-10-25;FRC;N24;;;14;3854;446187554.0;;;6.02;6.02;6.02;6.02;6.02;6.02;6.02;0.0
139682;788254;2022-10-25;FRC;V24;;;11;2865;135789169.0;;;5.93;5.9;5.97;5.95;5.97;5.97;0.0;5.97
139683;788255;2022-10-25;FRC;F25;;;7;2844;324913034.0;;;5.97;5.92;5.97;5.92;5.92;5.92;5.92;0.0
139684;788256;2022-10-25;FRC;J25;;;0;0;0.0;;;0.0;0.0;0.0;0.0;0.0;5.9;0.0;5.9
139685;788257;2022-10-25;FRC;N25;;;1;19;2119615.0;;;5.85;5.85;5.85;5.85;5.85;5.85;0.0;0.0
139686;788258;2022-10-25;FRC;V25;;;1;185;8539173.0;;;5.82;5.82;5.82;5.82;5.82;5.83;0.0;5.83
139687;788259;2022-10-25;FRC;F26;;;2;350;38952282.0;;;5.81;5.81;5.81;5.81;5.81;5.81;0.0;0.0
139688;788260;2022-10-25;FRC;J26;;;0;0;0.0;;;0.0;0.0;0.0;0.0;0.0;5.81;0.0;0.0
139689;788261;2022-10-25;FRC;N26;;;0;0;0.0;;;0.0;0.0;0.0;0.0;0.0;5.78;0.0;0.0
139690;788262;2022-10-25;FRC;V26;;;1;36;1617486.0;;;5.79;5.79;5.79;5.79;5.79;5.79;0.0;5.79
139691;788263;2022-10-25;FRC;F27;;;11;3261;353504213.0;;;5.8;5.8;5.8;5.8;5.8;5.8;0.0;0.0
139692;788264;2022-10-25;FRC;J27;;;0;0;0.0;;;0.0;0.0;0.0;0.0;0.0;5.82;0.0;0.0
139693;788265;2022-10-25;FRC;N27;;;1;178;7842545.0;;;5.82;5.82;5.82;5.82;5.82;5.82;0.0;0.0
139694;788266;2022-10-25;FRC;V27;;;0;0;0.0;;;0.0;0.0;0.0;0.0;0.0;5.83;0.0;0.0
139695;788267;2022-10-25;FRC;F28;;;5;761;80170106.0;;;5.85;5.85;5.85;5.85;5.85;5.85;0.0;5.85
139696;788268;2022-10-25;FRC;F29;;;1;52;5328603.0;;;5.94;5.94;5.94;5.94;5.94;5.94;0.0;0.0
139697;788269;2022-10-25;FRC;F30;;;1;51;5084500.0;;;6.02;6.02;6.02;6.02;6.02;6.02;0.0;0.0
139698;788270;2022-10-25;FRC;F31;;;1;66;6412136.0;;;6.19;6.19;6.19;6.19;6.19;6.19;0.0;0.0
139699;788271;2022-10-25;FRC;F32;;;1;163;6311320.0;;;6.35;6.35;6.35;6.35;6.35;6.35;0.0;0.0
139700;788272;2022-10-25;FRC;F33;;;0;0;0.0;;;0.0;0.0;0.0;0.0;0.0;6.59;0.0;0.0
139701;788273;2022-10-25;FRC;F34;;;0;0;0.0;;;0.0;0.0;0.0;0.0;0.0;6.68;0.0;0.0
139702;788274;2022-10-25;FRC;F35;;;0;0;0.0;;;0.0;0.0;0.0;0.0;0.0;6.88;0.0;0.0
139703;788275;2022-10-25;FRC;F36;;;3;453;15418596.0;;;7.05;7.05;7.05;7.05;7.05;7.05;0.0;0.0
139704;788276;2022-10-25;FRC;F37;;;0;0;0.0;;;0.0;0.0;0.0;0.0;0.0;7.17;0.0;0.0
139705;788448;2022-10-26;FRC;Z22;;;198;324476;16258995160.0;;;4.65;4.65;4.72;4.7;4.71;4.71;4.71;4.78
139706;788449;2022-10-26;FRC;F23;;;35;24495;2969025071.0;;;5.12;5.11;5.12;5.11;5.12;5.11;5.11;0.0
139707;788450;2022-10-26;FRC;G23;;;12;8959;446684120.0;;;5.4;5.4;5.43;5.41;5.43;5.42;5.42;0.0
139708;788451;2022-10-26;FRC;H23;;;31;6536;325109404.0;;;5.6;5.56;5.6;5.56;5.57;5.57;0.0;5.6
139709;788452;2022-10-26;FRC;J23;;;9;3618;435130059.0;;;5.68;5.68;5.68;5.68;5.68;5.68;5.68;5.7
139710;788453;2022-10-26;FRC;K23;;;13;5323;263384522.0;;;5.75;5.75;5.79;5.77;5.78;5.78;5.78;5.8
139711;788454;2022-10-26;FRC;M23;;;10;4937;243653976.0;;;5.85;5.85;5.85;5.85;5.85;5.85;0.0;5.87
139712;788455;2022-10-26;FRC;N23;;;24;7513;896875299.0;;;5.85;5.84;5.86;5.85;5.86;5.86;5.86;5.87
139713;788456;2022-10-26;FRC;Q23;;;7;1430;70207683.0;;;5.95;5.95;5.95;5.95;5.95;5.95;0.0;0.0
139714;788457;2022-10-26;FRC;U23;;;7;2927;143316622.0;;;5.99;5.99;5.99;5.99;5.99;5.99;0.0;0.0
139715;788458;2022-10-26;FRC;V23;;;11;1910;226035807.0;;;6.03;6.03;6.03;6.03;6.03;6.03;0.0;6.03
139716;788459;2022-10-26;FRC;F24;;;9;2435;286188644.0;;;6.03;6.03;6.06;6.05;6.06;6.06;0.0;6.06
139717;788460;2022-10-26;FRC;J24;;;5;749;87389963.0;;;6.02;6.02;6.04;6.03;6.04;6.04;0.0;6.04
139718;788461;2022-10-26;FRC;N24;;;9;2101;243273947.0;;;6.01;6.01;6.01;6.01;6.01;6.01;0.0;0.0
139719;788462;2022-10-26;FRC;V24;;;6;1536;72890021.0;;;5.96;5.96;5.96;5.96;5.96;5.96;0.0;5.96
139720;788463;2022-10-26;FRC;F25;;;7;1713;195945931.0;;;5.92;5.91;5.92;5.91;5.91;5.91;0.0;0.0
139721;788464;2022-10-26;FRC;J25;;;0;0;0.0;;;0.0;0.0;0.0;0.0;0.0;5.86;5.86;0.0
139722;788465;2022-10-26;FRC;N25;;;1;186;21019783.0;;;5.82;5.82;5.82;5.82;5.82;5.82;0.0;0.0
139723;788466;2022-10-26;FRC;V25;;;1;408;18863914.0;;;5.81;5.81;5.81;5.81;5.81;5.8;0.0;0.0
139724;788467;2022-10-26;FRC;F26;;;1;184;20512282.0;;;5.79;5.79;5.79;5.79;5.79;5.79;0.0;5.8
139725;788468;2022-10-26;FRC;J26;;;0;0;0.0;;;0.0;0.0;0.0;0.0;0.0;5.79;0.0;0.0
139726;788469;2022-10-26;FRC;N26;;;0;0;0.0;;;0.0;0.0;0.0;0.0;0.0;5.75;0.0;0.0
139727;788470;2022-10-26;FRC;V26;;;1;181;8152469.0;;;5.76;5.76;5.76;5.76;5.76;5.76;0.0;5.76
139728;788471;2022-10-26;FRC;F27;;;4;3608;391514762.0;;;5.76;5.76;5.76;5.76;5.76;5.76;0.0;0.0
139729;788472;2022-10-26;FRC;J27;;;0;0;0.0;;;0.0;0.0;0.0;0.0;0.0;5.78;0.0;0.0
139730;788473;2022-10-26;FRC;N27;;;0;0;0.0;;;0.0;0.0;0.0;0.0;0.0;5.78;5.75;0.0
139731;788474;2022-10-26;FRC;V27;;;1;124;5438315.0;;;5.79;5.79;5.79;5.79;5.79;5.79;0.0;5.79
139732;788475;2022-10-26;FRC;F28;;;0;0;0.0;;;0.0;0.0;0.0;0.0;0.0;5.81;0.0;5.81
139733;788476;2022-10-26;FRC;F29;;;1;173;17781935.0;;;5.9;5.9;5.9;5.9;5.9;5.9;0.0;0.0
139734;788477;2022-10-26;FRC;F30;;;1;339;33935228.0;;;5.97;5.97;5.97;5.97;5.97;5.97;0.0;0.0
139735;788478;2022-10-26;FRC;F31;;;0;0;0.0;;;0.0;0.0;0.0;0.0;0.0;6.14;0.0;0.0
139736;788479;2022-10-26;FRC;F32;;;0;0;0.0;;;0.0;0.0;0.0;0.0;0.0;6.29;0.0;6.3
139737;788480;2022-10-26;FRC;F33;;;5;800;30069122.0;;;6.52;6.52;6.52;6.52;6.52;6.52;0.0;0.0
139738;788481;2022-10-26;FRC;F34;;;0;0;0.0;;;0.0;0.0;0.0;0.0;0.0;6.61;0.0;0.0
139739;788482;2022-10-26;FRC;F35;;;0;0;0.0;;;0.0;0.0;0.0;0.0;0.0;6.81;0.0;0.0
139740;788483;2022-10-26;FRC;F36;;;0;0;0.0;;;0.0;0.0;0.0;0.0;0.0;6.98;0.0;0.0
139741;788484;2022-10-26;FRC;F37;;;0;0;0.0;;;0.0;0.0;0.0;0.0;0.0;7.1;0.0;0.0
139742;788656;2022-10-27;FRC;Z22;;;295;508241;25310818566.0;;;4.68;4.62;4.72;4.67;4.72;4.72;4.69;4.78
139743;788657;2022-10-27;FRC;F23;;;113;22961;2774934983.0;;;5.1;5.07;5.12;5.09;5.12;5.12;5.1;5.12
139744;788658;2022-10-27;FRC;G23;;;10;14540;720474194.0;;;5.39;5.39;5.44;5.43;5.44;5.44;5.42;5.44
139745;788659;2022-10-27;FRC;H23;;;0;0;0.0;;;0.0;0.0;0.0;0.0;0.0;5.58;5.55;5.58
139746;788660;2022-10-27;FRC;J23;;;5;3164;380537301.0;;;5.67;5.67;5.67;5.67;5.67;5.67;5.65;5.67
139747;788661;2022-10-27;FRC;K23;;;13;7095;348916774.0;;;5.72;5.72;5.77;5.76;5.77;5.77;0.0;0.0
139748;788662;2022-10-27;FRC;M23;;;6;2479;121605085.0;;;5.82;5.82;5.82;5.82;5.82;5.82;0.0;5.82
139749;788663;2022-10-27;FRC;N23;;;9;6494;773388787.0;;;5.82;5.82;5.83;5.82;5.83;5.83;0.0;5.83
139750;788664;2022-10-27;FRC;Q23;;;4;1371;66906964.0;;;5.91;5.91;5.91;5.91;5.91;5.91;0.0;0.0
139751;788665;2022-10-27;FRC;U23;;;4;1562;76028472.0;;;5.94;5.94;5.94;5.94;5.94;5.94;0.0;0.0
139752;788666;2022-10-27;FRC;V23;;;9;11742;1387572585.0;;;5.99;5.96;5.99;5.96;5.96;5.96;0.0;5.96
139753;788667;2022-10-27;FRC;F24;;;16;6957;816112116.0;;;6.0;6.0;6.0;6.0;6.0;6.0;0.0;6.0
139754;788668;2022-10-27;FRC;J24;;;6;442;51554975.0;;;6.06;5.97;6.06;6.04;5.97;5.97;0.0;5.97
139755;788669;2022-10-27;FRC;N24;;;3;401;46321542.0;;;6.07;5.92;6.07;6.01;5.97;5.94;0.0;0.0
139756;788670;2022-10-27;FRC;V24;;;1;19;902204.0;;;5.91;5.91;5.91;5.91;5.91;5.88;0.0;5.88
139757;788671;2022-10-27;FRC;F25;;;12;4228;482383502.0;;;5.9;5.82;5.9;5.82;5.82;5.82;5.75;0.0
139758;788672;2022-10-27;FRC;J25;;;3;712;33352979.0;;;5.86;5.86;5.86;5.86;5.86;5.77;0.0;0.0
139759;788673;2022-10-27;FRC;N25;;;0;0;0.0;;;0.0;0.0;0.0;0.0;0.0;5.73;0.0;0.0
139760;788674;2022-10-27;FRC;V25;;;0;0;0.0;;;0.0;0.0;0.0;0.0;0.0;5.7;0.0;0.0
139761;788675;2022-10-27;FRC;F26;;;2;554;61583454.0;;;5.73;5.69;5.73;5.71;5.69;5.69;0.0;0.0
139762;788676;2022-10-27;FRC;J26;;;0;0;0.0;;;0.0;0.0;0.0;0.0;0.0;5.69;0.0;0.0
139763;788677;2022-10-27;FRC;N26;;;1;37;4038581.0;;;5.65;5.65;5.65;5.65;5.65;5.65;0.0;0.0
139764;788678;2022-10-27;FRC;V26;;;1;36;1613431.0;;;5.65;5.65;5.65;5.65;5.65;5.66;0.0;5.66
139765;788679;2022-10-27;FRC;F27;;;1;72;7810328.0;;;5.82;5.82;5.82;5.82;5.82;5.66;0.0;0.0
139766;788680;2022-10-27;FRC;J27;;;0;0;0.0;;;0.0;0.0;0.0;0.0;0.0;5.68;0.0;0.0
139767;788681;2022-10-27;FRC;N27;;;0;0;0.0;;;0.0;0.0;0.0;0.0;0.0;5.68;5.6;0.0
139768;788682;2022-10-27;FRC;V27;;;0;0;0.0;;;0.0;0.0;0.0;0.0;0.0;5.69;5.6;0.0
139769;788683;2022-10-27;FRC;F28;;;0;0;0.0;;;0.0;0.0;0.0;0.0;0.0;5.71;0.0;5.71
139770;788684;2022-10-27;FRC;F29;;;0;0;0.0;;;0.0;0.0;0.0;0.0;0.0;5.8;0.0;0.0
139771;788685;2022-10-27;FRC;F30;;;0;0;0.0;;;0.0;0.0;0.0;0.0;0.0;5.87;0.0;0.0
139772;788686;2022-10-27;FRC;F31;;;0;0;0.0;;;0.0;0.0;0.0;0.0;0.0;6.04;0.0;6.05
139773;788687;2022-10-27;FRC;F32;;;0;0;0.0;;;0.0;0.0;0.0;0.0;0.0;6.19;0.0;0.0
139774;788688;2022-10-27;FRC;F33;;;0;0;0.0;;;0.0;0.0;0.0;0.0;0.0;6.42;0.0;0.0
139775;788689;2022-10-27;FRC;F34;;;0;0;0.0;;;0.0;0.0;0.0;0.0;0.0;6.51;0.0;0.0
139776;788690;2022-10-27;FRC;F35;;;0;0;0.0;;;0.0;0.0;0.0;0.0;0.0;6.71;0.0;0.0
139777;788691;2022-10-27;FRC;F36;;;0;0;0.0;;;0.0;0.0;0.0;0.0;0.0;6.88;0.0;0.0
139778;788692;2022-10-27;FRC;F37;;;0;0;0.0;;;0.0;0.0;0.0;0.0;0.0;7.0;0.0;0.0
139779;788864;2022-10-28;FRC;F23;;;33;34562;4174553665.0;;;5.5;5.46;5.51;5.46;5.46;5.46;5.22;6.22
139780;788865;2022-10-28;FRC;G23;;;20;17910;888251895.0;;;5.78;5.78;5.81;5.79;5.8;5.8;5.22;6.22
139781;788866;2022-10-28;FRC;H23;;;6;3178;157239342.0;;;5.89;5.89;5.89;5.89;5.89;5.89;5.89;6.22
139782;788867;2022-10-28;FRC;J23;;;16;8752;1048921956.0;;;5.93;5.88;5.93;5.91;5.93;5.93;5.22;6.22
139783;788868;2022-10-28;FRC;K23;;;10;4151;204302000.0;;;6.0;6.0;6.0;6.0;6.0;6.0;5.22;6.01
139784;788869;2022-10-28;FRC;M23;;;8;2620;128617286.0;;;6.02;6.02;6.04;6.03;6.04;6.04;6.04;6.22
139785;788870;2022-10-28;FRC;N23;;;13;5132;610126893.0;;;6.05;6.03;6.05;6.03;6.04;6.03;6.03;6.22
139786;788871;2022-10-28;FRC;Q23;;;7;1960;95712362.0;;;6.11;6.11;6.11;6.11;6.11;6.11;5.22;6.22
139787;788872;2022-10-28;FRC;U23;;;10;1312;63898939.0;;;6.1;6.1;6.15;6.14;6.15;6.15;5.22;6.22
139788;788873;2022-10-28;FRC;V23;;;19;8972;1058405485.0;;;6.15;6.15;6.17;6.16;6.17;6.17;6.17;6.22
139789;788874;2022-10-28;FRC;F24;;;33;9859;1154052760.0;;;6.1;6.1;6.18;6.16;6.18;6.18;6.18;6.22
139790;788875;2022-10-28;FRC;J24;;;9;1056;122871694.0;;;6.11;6.11;6.14;6.13;6.14;6.14;5.22;6.22
139791;788876;2022-10-28;FRC;N24;;;8;2865;330734035.0;;;6.11;6.11;6.11;6.11;6.11;6.11;5.22;6.22
139792;788877;2022-10-28;FRC;V24;;;0;0;0.0;;;0.0;0.0;0.0;0.0;0.0;6.04;5.22;6.04
139793;788878;2022-10-28;FRC;F25;;;11;2589;294699954.0;;;5.9;5.9;5.97;5.96;5.97;5.97;5.97;6.22
139794;788879;2022-10-28;FRC;J25;;;0;0;0.0;;;0.0;0.0;0.0;0.0;0.0;5.91;5.22;6.22
139795;788880;2022-10-28;FRC;N25;;;0;0;0.0;;;0.0;0.0;0.0;0.0;0.0;5.87;5.22;5.87
139796;788881;2022-10-28;FRC;V25;;;0;0;0.0;;;0.0;0.0;0.0;0.0;0.0;5.83;5.22;6.22
139797;788882;2022-10-28;FRC;F26;;;0;0;0.0;;;0.0;0.0;0.0;0.0;0.0;5.82;5.22;6.22
139798;788883;2022-10-28;FRC;J26;;;1;18;815534.0;;;5.82;5.82;5.82;5.82;5.82;5.82;5.22;6.22
139799;788884;2022-10-28;FRC;N26;;;1;55;6029411.0;;;5.7;5.7;5.7;5.7;5.7;5.78;5.22;6.22
139800;788885;2022-10-28;FRC;V26;;;1;18;805939.0;;;5.79;5.79;5.79;5.79;5.79;5.79;5.22;6.22
139801;788886;2022-10-28;FRC;F27;;;2;362;39107799.0;;;5.79;5.79;5.79;5.79;5.79;5.79;5.22;6.22
139802;788887;2022-10-28;FRC;J27;;;0;0;0.0;;;0.0;0.0;0.0;0.0;0.0;5.81;5.22;6.22
139803;788888;2022-10-28;FRC;N27;;;0;0;0.0;;;0.0;0.0;0.0;0.0;0.0;5.8;5.22;6.22
139804;788889;2022-10-28;FRC;V27;;;0;0;0.0;;;0.0;0.0;0.0;0.0;0.0;5.82;0.0;5.82
139805;788890;2022-10-28;FRC;F28;;;4;460;48455862.0;;;5.74;5.74;5.84;5.81;5.84;5.84;5.22;5.84
139806;788891;2022-10-28;FRC;F29;;;0;0;0.0;;;0.0;0.0;0.0;0.0;0.0;5.92;5.22;6.22
139807;788892;2022-10-28;FRC;F30;;;0;0;0.0;;;0.0;0.0;0.0;0.0;0.0;5.98;5.22;6.22
139808;788893;2022-10-28;FRC;F31;;;2;332;32191322.0;;;6.14;6.14;6.14;6.14;6.14;6.14;5.22;6.22
139809;788894;2022-10-28;FRC;F32;;;1;163;6300105.0;;;6.29;6.29;6.29;6.29;6.29;6.29;6.22;0.0
139810;788895;2022-10-28;FRC;F33;;;0;0;0.0;;;0.0;0.0;0.0;0.0;0.0;6.49;6.22;7.22
139811;788896;2022-10-28;FRC;F34;;;0;0;0.0;;;0.0;0.0;0.0;0.0;0.0;6.58;6.22;7.22
139812;788897;2022-10-28;FRC;F35;;;0;0;0.0;;;0.0;0.0;0.0;0.0;0.0;6.78;6.22;7.22
139813;788898;2022-10-28;FRC;F36;;;0;0;0.0;;;0.0;0.0;0.0;0.0;0.0;6.95;6.22;7.22
139814;788899;2022-10-28;FRC;F37;;;0;0;0.0;;;0.0;0.0;0.0;0.0;0.0;7.07;6.22;0.0
139815;789074;2022-10-31;FRC;F23;;;126;73871;8854433882.0;;;5.4;5.4;5.42;5.41;5.42;5.42;0.0;5.45
139816;789075;2022-10-31;FRC;G23;;;6;2587;125928095.0;;;5.75;5.75;5.75;5.75;5.75;5.75;5.75;0.0
139817;789076;2022-10-31;FRC;H23;;;12;11794;572733514.0;;;5.94;5.85;5.94;5.85;5.85;5.85;0.0;0.0
139818;789077;2022-10-31;FRC;J23;;;20;9207;1095411414.0;;;5.95;5.9;5.95;5.9;5.9;5.9;5.9;0.0
139819;789078;2022-10-31;FRC;K23;;;4;989;47773780.0;;;5.98;5.98;5.98;5.98;5.98;5.98;0.0;0.0
139820;789079;2022-10-31;FRC;M23;;;0;0;0.0;;;0.0;0.0;0.0;0.0;0.0;6.03;0.0;0.0
139821;789080;2022-10-31;FRC;N23;;;11;5486;647397337.0;;;6.04;6.04;6.04;6.04;6.04;6.04;0.0;6.07
139822;789081;2022-10-31;FRC;Q23;;;3;1176;56357024.0;;;6.13;6.13;6.13;6.13;6.13;6.13;6.13;0.0
139823;789082;2022-10-31;FRC;U23;;;7;1762;84206410.0;;;6.18;6.18;6.18;6.18;6.18;6.18;0.0;0.0
139824;789083;2022-10-31;FRC;V23;;;23;15853;1855935607.0;;;6.22;6.22;6.22;6.22;6.22;6.22;0.0;0.0
139825;789084;2022-10-31;FRC;X23;;;0;0;0.0;;;0.0;0.0;0.0;0.0;0.0;6.25;0.0;0.0
139826;789085;2022-10-31;FRC;F24;;;13;6409;744424545.0;;;6.23;6.23;6.23;6.23;6.23;6.23;0.0;0.0
139827;789086;2022-10-31;FRC;J24;;;3;1154;133053645.0;;;6.21;6.21;6.21;6.21;6.21;6.21;0.0;0.0
139828;789087;2022-10-31;FRC;N24;;;10;1680;192419879.0;;;6.17;6.17;6.17;6.17;6.17;6.17;0.0;6.17
139829;789088;2022-10-31;FRC;V24;;;8;1406;65099027.0;;;6.09;6.09;6.09;6.09;6.09;6.09;0.0;0.0
139830;789089;2022-10-31;FRC;F25;;;20;5493;620565431.0;;;6.0;6.0;6.02;6.01;6.02;6.02;0.0;0.0
139831;789090;2022-10-31;FRC;J25;;;0;0;0.0;;;0.0;0.0;0.0;0.0;0.0;5.96;0.0;0.0
139832;789091;2022-10-31;FRC;N25;;;2;374;41680977.0;;;5.91;5.91;5.91;5.91;5.91;5.91;0.0;0.0
139833;789092;2022-10-31;FRC;V25;;;6;1671;75387341.0;;;5.89;5.88;5.89;5.88;5.88;5.89;0.0;5.89
139834;789093;2022-10-31;FRC;F26;;;7;7327;807169413.0;;;5.82;5.82;5.88;5.83;5.88;5.88;0.0;0.0
139835;789094;2022-10-31;FRC;J26;;;0;0;0.0;;;0.0;0.0;0.0;0.0;0.0;5.88;0.0;5.87
139836;789095;2022-10-31;FRC;N26;;;7;1274;138675996.0;;;5.85;5.85;5.85;5.85;5.85;5.85;0.0;0.0
139837;789096;2022-10-31;FRC;V26;;;0;0;0.0;;;0.0;0.0;0.0;0.0;0.0;5.86;0.0;5.86
139838;789097;2022-10-31;FRC;F27;;;5;1443;154728687.0;;;5.86;5.86;5.86;5.86;5.86;5.86;0.0;0.0
139839;789098;2022-10-31;FRC;J27;;;0;0;0.0;;;0.0;0.0;0.0;0.0;0.0;5.88;0.0;0.0
139840;789099;2022-10-31;FRC;N27;;;0;0;0.0;;;0.0;0.0;0.0;0.0;0.0;5.87;0.0;0.0
139841;789100;2022-10-31;FRC;V27;;;0;0;0.0;;;0.0;0.0;0.0;0.0;0.0;5.9;0.0;0.0
139842;789101;2022-10-31;FRC;F28;;;3;531;55326133.0;;;5.92;5.92;5.92;5.92;5.92;5.92;0.0;0.0
139843;789102;2022-10-31;FRC;F29;;;0;0;0.0;;;0.0;0.0;0.0;0.0;0.0;6.02;0.0;0.0
139844;789103;2022-10-31;FRC;F30;;;0;0;0.0;;;0.0;0.0;0.0;0.0;0.0;6.1;0.0;0.0
139845;789104;2022-10-31;FRC;F31;;;1;166;15913232.0;;;6.23;6.23;6.23;6.23;6.23;6.23;0.0;0.0
139846;789105;2022-10-31;FRC;F32;;;0;0;0.0;;;0.0;0.0;0.0;0.0;0.0;6.37;0.0;0.0
139847;789106;2022-10-31;FRC;F33;;;1;160;5867606.0;;;6.55;6.55;6.55;6.55;6.55;6.55;0.0;0.0
139848;789107;2022-10-31;FRC;F34;;;0;0;0.0;;;0.0;0.0;0.0;0.0;0.0;6.64;0.0;0.0
139849;789108;2022-10-31;FRC;F35;;;0;0;0.0;;;0.0;0.0;0.0;0.0;0.0;6.84;0.0;0.0
139850;789109;2022-10-31;FRC;F36;;;0;0;0.0;;;0.0;0.0;0.0;0.0;0.0;7.01;0.0;0.0
139851;789110;2022-10-31;FRC;F37;;;0;0;0.0;;;0.0;0.0;0.0;0.0;0.0;7.13;0.0;0.0
139852;789285;2022-11-01;FRC;F23;;;26;39908;4790237548.0;;;5.42;5.42;5.45;5.44;5.45;5.45;0.0;5.45
139853;789286;2022-11-01;FRC;G23;;;23;18567;906028509.0;;;5.75;5.75;5.8;5.79;5.8;5.8;0.0;0.0
139854;789287;2022-11-01;FRC;H23;;;28;26271;1278951570.0;;;5.85;5.85;5.88;5.86;5.87;5.87;5.87;0.0
139855;789288;2022-11-01;FRC;J23;;;26;13247;1577673868.0;;;5.9;5.85;5.94;5.92;5.94;5.94;0.0;0.0
139856;789289;2022-11-01;FRC;K23;;;14;3441;166620302.0;;;5.98;5.98;6.03;6.02;6.03;6.03;6.02;6.03
139857;789290;2022-11-01;FRC;M23;;;9;4985;240775137.0;;;6.03;6.03;6.08;6.04;6.08;6.08;6.06;0.0
139858;789291;2022-11-01;FRC;N23;;;24;18693;2208433181.0;;;6.04;6.04;6.1;6.07;6.08;6.08;0.0;0.0
139859;789292;2022-11-01;FRC;Q23;;;10;2254;108280341.0;;;6.13;6.13;6.16;6.15;6.16;6.16;0.0;0.0
139860;789293;2022-11-01;FRC;U23;;;11;2676;128194383.0;;;6.18;6.18;6.21;6.2;6.2;6.21;6.2;6.21
139861;789294;2022-11-01;FRC;V23;;;23;11778;1380115900.0;;;6.22;6.22;6.25;6.24;6.25;6.25;0.0;0.0
139862;789295;2022-11-01;FRC;X23;;;6;1749;83330232.0;;;6.28;6.28;6.28;6.28;6.28;6.28;0.0;0.0
139863;789296;2022-11-01;FRC;F24;;;13;4568;531157544.0;;;6.23;6.23;6.27;6.25;6.26;6.27;6.26;0.0
139864;789297;2022-11-01;FRC;J24;;;13;5478;632442360.0;;;6.21;6.21;6.23;6.22;6.23;6.23;0.0;0.0
139865;789298;2022-11-01;FRC;N24;;;5;879;100719961.0;;;6.17;6.17;6.2;6.18;6.19;6.19;0.0;0.0
139866;789299;2022-11-01;FRC;V24;;;6;2031;94257344.0;;;6.09;6.09;6.11;6.1;6.11;6.11;0.0;6.11
139867;789300;2022-11-01;FRC;F25;;;17;8168;923666593.0;;;6.02;6.02;6.06;6.05;6.06;6.06;0.0;0.0
139868;789301;2022-11-01;FRC;J25;;;3;470;21532663.0;;;5.96;5.96;6.01;5.98;6.01;6.01;0.0;0.0
139869;789302;2022-11-01;FRC;N25;;;2;448;49995495.0;;;5.91;5.91;5.96;5.95;5.96;5.94;0.0;5.94
139870;789303;2022-11-01;FRC;V25;;;6;907;41009422.0;;;5.89;5.89;5.9;5.89;5.9;5.9;5.89;5.9
139871;789304;2022-11-01;FRC;F26;;;7;1418;156354358.0;;;5.88;5.88;5.91;5.89;5.91;5.91;0.0;0.0
139872;789305;2022-11-01;FRC;J26;;;1;18;801956.0;;;5.88;5.88;5.88;5.88;5.88;5.91;0.0;0.0
139873;789306;2022-11-01;FRC;N26;;;1;18;1973600.0;;;5.85;5.85;5.85;5.85;5.85;5.87;0.0;0.0
139874;789307;2022-11-01;FRC;V26;;;1;54;2376457.0;;;5.86;5.86;5.86;5.86;5.86;5.88;0.0;5.88
139875;789308;2022-11-01;FRC;F27;;;9;2180;234104526.0;;;5.86;5.86;5.87;5.86;5.87;5.87;0.0;0.0
139876;789309;2022-11-01;FRC;J27;;;1;90;3911768.0;;;5.88;5.88;5.88;5.88;5.88;5.89;0.0;0.0
139877;789310;2022-11-01;FRC;N27;;;0;0;0.0;;;0.0;0.0;0.0;0.0;0.0;5.88;5.85;0.0
139878;789311;2022-11-01;FRC;V27;;;0;0;0.0;;;0.0;0.0;0.0;0.0;0.0;5.91;0.0;0.0
139879;789312;2022-11-01;FRC;F28;;;4;902;94106559.0;;;5.92;5.92;5.93;5.92;5.93;5.93;0.0;0.0
139880;789313;2022-11-01;FRC;F29;;;1;121;12286775.0;;;6.02;6.02;6.02;6.02;6.02;6.05;0.0;0.0
139881;789314;2022-11-01;FRC;F30;;;3;457;45154576.0;;;6.1;6.1;6.11;6.1;6.11;6.14;0.0;6.11
139882;789315;2022-11-01;FRC;F31;;;1;266;25508164.0;;;6.23;6.23;6.23;6.23;6.23;6.25;0.0;0.0
139883;789316;2022-11-01;FRC;F32;;;1;16;603876.0;;;6.37;6.37;6.37;6.37;6.37;6.45;0.0;0.0
139884;789317;2022-11-01;FRC;F33;;;0;0;0.0;;;0.0;0.0;0.0;0.0;0.0;6.64;0.0;0.0
139885;789318;2022-11-01;FRC;F34;;;1;157;5587120.0;;;6.75;6.75;6.75;6.75;6.75;6.75;0.0;0.0
139886;789319;2022-11-01;FRC;F35;;;0;0;0.0;;;0.0;0.0;0.0;0.0;0.0;6.95;0.0;6.95
139887;789320;2022-11-01;FRC;F36;;;0;0;0.0;;;0.0;0.0;0.0;0.0;0.0;7.12;0.0;7.12
139888;789321;2022-11-01;FRC;F37;;;0;0;0.0;;;0.0;0.0;0.0;0.0;0.0;7.24;0.0;0.0
139889;789492;2022-11-03;FRC;F23;;;27;46092;5559412943.0;;;5.5;5.5;5.54;5.52;5.54;5.54;5.53;5.55
139890;789493;2022-11-03;FRC;G23;;;16;11840;584440128.0;;;5.85;5.85;5.9;5.89;5.9;5.9;5.89;0.0
139891;789494;2022-11-03;FRC;H23;;;13;5403;266065862.0;;;5.93;5.93;5.99;5.96;5.97;5.97;5.96;0.0
139892;789495;2022-11-03;FRC;J23;;;28;14494;1734147910.0;;;6.05;5.98;6.06;6.03;6.04;6.04;6.04;0.0
139893;789496;2022-11-03;FRC;K23;;;9;2941;144037302.0;;;6.09;6.09;6.13;6.12;6.13;6.13;6.11;0.0
139894;789497;2022-11-03;FRC;M23;;;6;4491;219356042.0;;;6.2;6.2;6.2;6.2;6.2;6.2;0.0;0.0
139895;789498;2022-11-03;FRC;N23;;;18;12551;1489940828.0;;;6.17;6.17;6.2;6.19;6.2;6.2;0.0;0.0
139896;789499;2022-11-03;FRC;Q23;;;5;1431;69512188.0;;;6.3;6.3;6.3;6.3;6.3;6.3;0.0;0.0
139897;789500;2022-11-03;FRC;U23;;;11;4356;210994657.0;;;6.31;6.31;6.35;6.34;6.35;6.35;0.0;0.0
139898;789501;2022-11-03;FRC;V23;;;23;16857;1983842213.0;;;6.34;6.3;6.4;6.38;6.4;6.4;0.0;0.0
139899;789502;2022-11-03;FRC;X23;;;8;5443;262225049.0;;;6.36;6.36;6.41;6.38;6.41;6.41;0.0;0.0
139900;789503;2022-11-03;FRC;F24;;;18;11624;1356859398.0;;;6.45;6.43;6.45;6.43;6.43;6.43;6.42;0.0
139901;789504;2022-11-03;FRC;J24;;;4;1382;160196043.0;;;6.39;6.39;6.39;6.39;6.39;6.39;6.39;0.0
139902;789505;2022-11-03;FRC;N24;;;15;3645;419038703.0;;;6.38;6.38;6.38;6.38;6.38;6.38;0.0;6.38
139903;789506;2022-11-03;FRC;V24;;;6;1404;65810969.0;;;6.19;6.19;6.3;6.29;6.3;6.3;0.0;0.0
139904;789507;2022-11-03;FRC;F25;;;16;4334;491420074.0;;;6.15;6.15;6.24;6.23;6.23;6.24;6.22;6.24
139905;789508;2022-11-03;FRC;J25;;;1;19;879342.0;;;6.19;6.19;6.19;6.19;6.19;6.19;0.0;6.19
139906;789509;2022-11-03;FRC;N25;;;0;0;0.0;;;0.0;0.0;0.0;0.0;0.0;6.12;0.0;0.0
139907;789510;2022-11-03;FRC;V25;;;0;0;0.0;;;0.0;0.0;0.0;0.0;0.0;6.08;0.0;6.07
139908;789511;2022-11-03;FRC;F26;;;2;368;40629032.0;;;6.09;6.09;6.09;6.09;6.09;6.09;0.0;0.0
139909;789512;2022-11-03;FRC;J26;;;0;0;0.0;;;0.0;0.0;0.0;0.0;0.0;6.07;0.0;0.0
139910;789513;2022-11-03;FRC;N26;;;0;0;0.0;;;0.0;0.0;0.0;0.0;0.0;6.0;0.0;0.0
139911;789514;2022-11-03;FRC;V26;;;3;1267;56318918.0;;;5.99;5.99;5.99;5.99;5.99;5.99;0.0;0.0
139912;789515;2022-11-03;FRC;F27;;;6;990;106510729.0;;;6.0;6.0;6.0;6.0;6.0;6.0;0.0;0.0
139913;789516;2022-11-03;FRC;J27;;;0;0;0.0;;;0.0;0.0;0.0;0.0;0.0;6.02;0.0;0.0
139914;789517;2022-11-03;FRC;N27;;;0;0;0.0;;;0.0;0.0;0.0;0.0;0.0;6.0;5.97;0.0
139915;789518;2022-11-03;FRC;V27;;;0;0;0.0;;;0.0;0.0;0.0;0.0;0.0;6.03;0.0;6.03
139916;789519;2022-11-03;FRC;F28;;;0;0;0.0;;;0.0;0.0;0.0;0.0;0.0;6.04;0.0;0.0
139917;789520;2022-11-03;FRC;F29;;;6;1378;140257140.0;;;6.14;6.14;6.14;6.14;6.14;6.14;0.0;0.0
139918;789521;2022-11-03;FRC;F30;;;0;0;0.0;;;0.0;0.0;0.0;0.0;0.0;6.22;0.0;0.0
139919;789522;2022-11-03;FRC;F31;;;1;166;15938770.0;;;6.33;6.33;6.33;6.33;6.33;6.33;6.32;0.0
139920;789523;2022-11-03;FRC;F32;;;0;0;0.0;;;0.0;0.0;0.0;0.0;0.0;6.52;0.0;0.0
139921;789524;2022-11-03;FRC;F33;;;2;318;11748065.0;;;6.7;6.7;6.7;6.7;6.7;6.7;0.0;0.0
139922;789525;2022-11-03;FRC;F34;;;0;0;0.0;;;0.0;0.0;0.0;0.0;0.0;6.81;0.0;0.0
139923;789526;2022-11-03;FRC;F35;;;0;0;0.0;;;0.0;0.0;0.0;0.0;0.0;7.01;0.0;0.0
139924;789527;2022-11-03;FRC;F36;;;0;0;0.0;;;0.0;0.0;0.0;0.0;0.0;7.18;0.0;7.25
139925;789528;2022-11-03;FRC;F37;;;0;0;0.0;;;0.0;0.0;0.0;0.0;0.0;7.3;0.0;0.0
139926;789698;2022-11-04;FRC;F23;;;48;107180;12889469405.0;;;5.6;5.6;5.63;5.62;5.63;5.63;5.63;0.0
139927;789699;2022-11-04;FRC;G23;;;17;30046;1472310471.0;;;5.93;5.93;5.98;5.97;5.98;5.98;5.98;0.0
139928;789700;2022-11-04;FRC;H23;;;16;14139;691172133.0;;;6.0;6.0;6.06;6.04;6.06;6.06;6.04;6.08
139929;789701;2022-11-04;FRC;J23;;;9;5584;666013512.0;;;6.11;6.11;6.11;6.11;6.11;6.11;6.11;0.0
139930;789702;2022-11-04;FRC;K23;;;16;6888;334864656.0;;;6.13;6.13;6.2;6.19;6.2;6.2;0.0;0.0
139931;789703;2022-11-04;FRC;M23;;;5;670;32484691.0;;;6.2;6.2;6.26;6.25;6.26;6.26;0.0;6.26
139932;789704;2022-11-04;FRC;N23;;;18;16970;2008362113.0;;;6.2;6.2;6.24;6.23;6.24;6.24;6.23;0.0
139933;789705;2022-11-04;FRC;Q23;;;7;2312;111480190.0;;;6.3;6.3;6.35;6.34;6.35;6.35;0.0;6.35
139934;789706;2022-11-04;FRC;U23;;;7;2599;124976972.0;;;6.35;6.32;6.38;6.36;6.38;6.38;0.0;0.0
139935;789707;2022-11-04;FRC;V23;;;56;27419;3217205406.0;;;6.4;6.36;6.42;6.41;6.41;6.41;6.38;6.41
139936;789708;2022-11-04;FRC;X23;;;12;12886;616277552.0;;;6.41;6.41;6.41;6.41;6.41;6.41;0.0;0.0
139937;789709;2022-11-04;FRC;F24;;;30;24484;2850093900.0;;;6.43;6.42;6.43;6.42;6.43;6.43;6.41;6.43
139938;789710;2022-11-04;FRC;J24;;;4;1152;133118472.0;;;6.4;6.4;6.4;6.4;6.4;6.4;0.0;6.4
139939;789711;2022-11-04;FRC;N24;;;0;0;0.0;;;0.0;0.0;0.0;0.0;0.0;6.39;6.34;6.38
139940;789712;2022-11-04;FRC;V24;;;1;95;4421035.0;;;6.3;6.3;6.3;6.3;6.3;6.3;6.26;6.3
139941;789713;2022-11-04;FRC;F25;;;10;3257;368504996.0;;;6.24;6.22;6.24;6.22;6.22;6.22;0.0;0.0
139942;789714;2022-11-04;FRC;J25;;;0;0;0.0;;;0.0;0.0;0.0;0.0;0.0;6.17;0.0;0.0
139943;789715;2022-11-04;FRC;N25;;;0;0;0.0;;;0.0;0.0;0.0;0.0;0.0;6.1;0.0;0.0
139944;789716;2022-11-04;FRC;V25;;;0;0;0.0;;;0.0;0.0;0.0;0.0;0.0;6.06;0.0;0.0
139945;789717;2022-11-04;FRC;F26;;;1;37;4062727.0;;;6.07;6.07;6.07;6.07;6.07;6.07;0.0;6.1
139946;789718;2022-11-04;FRC;J26;;;0;0;0.0;;;0.0;0.0;0.0;0.0;0.0;6.04;0.0;0.0
139947;789719;2022-11-04;FRC;N26;;;0;0;0.0;;;0.0;0.0;0.0;0.0;0.0;5.96;0.0;0.0
139948;789720;2022-11-04;FRC;V26;;;2;308;13604320.0;;;5.95;5.93;5.95;5.94;5.93;5.93;5.92;5.95
139949;789721;2022-11-04;FRC;F27;;;17;4952;532118476.0;;;5.94;5.93;5.94;5.93;5.93;5.93;5.93;0.0
139950;789722;2022-11-04;FRC;J27;;;0;0;0.0;;;0.0;0.0;0.0;0.0;0.0;5.96;0.0;0.0
139951;789723;2022-11-04;FRC;N27;;;0;0;0.0;;;0.0;0.0;0.0;0.0;0.0;5.95;5.94;0.0
139952;789724;2022-11-04;FRC;V27;;;0;0;0.0;;;0.0;0.0;0.0;0.0;0.0;5.99;5.93;0.0
139953;789725;2022-11-04;FRC;F28;;;1;176;18397804.0;;;6.01;6.01;6.01;6.01;6.01;6.01;0.0;0.0
139954;789726;2022-11-04;FRC;F29;;;0;0;0.0;;;0.0;0.0;0.0;0.0;0.0;6.11;0.0;6.15
139955;789727;2022-11-04;FRC;F30;;;0;0;0.0;;;0.0;0.0;0.0;0.0;0.0;6.19;6.2;0.0
139956;789728;2022-11-04;FRC;F31;;;0;0;0.0;;;0.0;0.0;0.0;0.0;0.0;6.3;6.31;0.0
139957;789729;2022-11-04;FRC;F32;;;0;0;0.0;;;0.0;0.0;0.0;0.0;0.0;6.49;0.0;0.0
139958;789730;2022-11-04;FRC;F33;;;0;0;0.0;;;0.0;0.0;0.0;0.0;0.0;6.67;0.0;0.0
139959;789731;2022-11-04;FRC;F34;;;0;0;0.0;;;0.0;0.0;0.0;0.0;0.0;6.78;0.0;0.0
139960;789732;2022-11-04;FRC;F35;;;0;0;0.0;;;0.0;0.0;0.0;0.0;0.0;6.98;0.0;0.0
139961;789733;2022-11-04;FRC;F36;;;0;0;0.0;;;0.0;0.0;0.0;0.0;0.0;7.15;0.0;0.0
139962;789734;2022-11-04;FRC;F37;;;0;0;0.0;;;0.0;0.0;0.0;0.0;0.0;7.27;0.0;0.0
139963;789904;2022-11-07;FRC;F23;;;56;58369;7076695595.0;;;5.7;5.69;5.75;5.71;5.72;5.72;5.72;0.0
139964;789905;2022-11-07;FRC;G23;;;9;8358;417424398.0;;;6.09;6.09;6.09;6.09;6.09;6.09;6.1;0.0
139965;789906;2022-11-07;FRC;H23;;;12;6348;316264241.0;;;6.12;6.12;6.15;6.14;6.15;6.15;0.0;0.0
139966;789907;2022-11-07;FRC;J23;;;12;14451;1737573042.0;;;6.19;6.19;6.19;6.19;6.19;6.19;0.0;0.0
139967;789908;2022-11-07;FRC;K23;;;11;6316;312944386.0;;;6.26;6.26;6.28;6.26;6.26;6.26;6.26;6.28
139968;789909;2022-11-07;FRC;M23;;;11;13018;643272741.0;;;6.32;6.32;6.32;6.32;6.32;6.32;6.32;0.0
139969;789910;2022-11-07;FRC;N23;;;18;6911;824441968.0;;;6.26;6.26;6.32;6.31;6.32;6.32;0.0;0.0
139970;789911;2022-11-07;FRC;Q23;;;3;1371;67368424.0;;;6.42;6.42;6.42;6.42;6.42;6.42;0.0;6.42
139971;789912;2022-11-07;FRC;U23;;;6;1621;79428938.0;;;6.45;6.45;6.45;6.45;6.45;6.45;6.44;0.0
139972;789913;2022-11-07;FRC;V23;;;20;18780;2221253224.0;;;6.41;6.41;6.49;6.46;6.48;6.48;0.0;6.48
139973;789914;2022-11-07;FRC;X23;;;9;3846;187453820.0;;;6.42;6.42;6.5;6.45;6.5;6.5;6.48;6.5
139974;789915;2022-11-07;FRC;F24;;;19;14171;1662442469.0;;;6.43;6.43;6.52;6.49;6.5;6.52;0.0;6.52
139975;789916;2022-11-07;FRC;J24;;;1;192;22345055.0;;;6.5;6.5;6.5;6.5;6.5;6.5;0.0;6.5
139976;789917;2022-11-07;FRC;N24;;;5;955;110240468.0;;;6.39;6.37;6.48;6.44;6.48;6.48;6.44;6.48
139977;789918;2022-11-07;FRC;V24;;;6;4356;206500187.0;;;6.3;6.3;6.4;6.35;6.4;6.4;0.0;6.4
139978;789919;2022-11-07;FRC;F25;;;9;4158;473824343.0;;;6.29;6.29;6.31;6.3;6.31;6.31;0.0;0.0
139979;789920;2022-11-07;FRC;J25;;;0;0;0.0;;;0.0;0.0;0.0;0.0;0.0;6.25;0.0;0.0
139980;789921;2022-11-07;FRC;N25;;;0;0;0.0;;;0.0;0.0;0.0;0.0;0.0;6.17;0.0;0.0
139981;789922;2022-11-07;FRC;V25;;;0;0;0.0;;;0.0;0.0;0.0;0.0;0.0;6.12;0.0;0.0
139982;789923;2022-11-07;FRC;F26;;;7;3144;348856557.0;;;6.12;6.12;6.12;6.12;6.12;6.12;0.0;0.0
139983;789924;2022-11-07;FRC;J26;;;0;0;0.0;;;0.0;0.0;0.0;0.0;0.0;6.1;0.0;0.0
139984;789925;2022-11-07;FRC;N26;;;0;0;0.0;;;0.0;0.0;0.0;0.0;0.0;6.03;0.0;0.0
139985;789926;2022-11-07;FRC;V26;;;0;0;0.0;;;0.0;0.0;0.0;0.0;0.0;6.01;0.0;6.01
139986;789927;2022-11-07;FRC;F27;;;3;1315;142242604.0;;;5.96;5.96;6.02;5.97;6.02;6.02;0.0;0.0
139987;789928;2022-11-07;FRC;J27;;;0;0;0.0;;;0.0;0.0;0.0;0.0;0.0;6.01;0.0;0.0
139988;789929;2022-11-07;FRC;N27;;;1;178;7842328.0;;;6.02;6.02;6.02;6.02;6.02;6.0;0.0;0.0
139989;789930;2022-11-07;FRC;V27;;;0;0;0.0;;;0.0;0.0;0.0;0.0;0.0;6.04;6.03;6.04
139990;789931;2022-11-07;FRC;F28;;;3;616;64815777.0;;;6.04;6.04;6.06;6.05;6.06;6.06;0.0;0.0
139991;789932;2022-11-07;FRC;F29;;;0;0;0.0;;;0.0;0.0;0.0;0.0;0.0;6.16;0.0;0.0
139992;789933;2022-11-07;FRC;F30;;;0;0;0.0;;;0.0;0.0;0.0;0.0;0.0;6.24;0.0;0.0
139993;789934;2022-11-07;FRC;F31;;;0;0;0.0;;;0.0;0.0;0.0;0.0;0.0;6.35;0.0;0.0
139994;789935;2022-11-07;FRC;F32;;;0;0;0.0;;;0.0;0.0;0.0;0.0;0.0;6.54;0.0;0.0
139995;789936;2022-11-07;FRC;F33;;;0;0;0.0;;;0.0;0.0;0.0;0.0;0.0;6.72;0.0;0.0
139996;789937;2022-11-07;FRC;F34;;;0;0;0.0;;;0.0;0.0;0.0;0.0;0.0;6.83;0.0;0.0
139997;789938;2022-11-07;FRC;F35;;;0;0;0.0;;;0.0;0.0;0.0;0.0;0.0;7.03;0.0;0.0
139998;789939;2022-11-07;FRC;F36;;;0;0;0.0;;;0.0;0.0;0.0;0.0;0.0;7.2;0.0;0.0
139999;789940;2022-11-07;FRC;F37;;;0;0;0.0;;;0.0;0.0;0.0;0.0;0.0;7.32;0.0;0.0
140000;790110;2022-11-08;FRC;F23;;;154;70774;8578554986.0;;;5.75;5.68;5.8;5.72;5.74;5.74;5.72;0.0
140001;790111;2022-11-08;FRC;G23;;;31;15920;793430833.0;;;6.13;6.09;6.13;6.11;6.1;6.13;6.11;6.15
140002;790112;2022-11-08;FRC;H23;;;14;7360;365922052.0;;;6.16;6.16;6.16;6.16;6.16;6.16;6.16;0.0
140003;790113;2022-11-08;FRC;J23;;;12;10967;1317635713.0;;;6.19;6.19;6.2;6.19;6.2;6.19;6.2;0.0
140004;790114;2022-11-08;FRC;K23;;;9;3492;172661540.0;;;6.27;6.27;6.3;6.27;6.3;6.27;6.27;6.3
140005;790115;2022-11-08;FRC;M23;;;9;3190;157301590.0;;;6.33;6.33;6.33;6.33;6.33;6.33;6.33;0.0
140006;790116;2022-11-08;FRC;N23;;;22;21582;2572449130.0;;;6.28;6.28;6.33;6.31;6.33;6.33;6.33;0.0
140007;790117;2022-11-08;FRC;Q23;;;3;471;23096913.0;;;6.43;6.43;6.43;6.43;6.43;6.43;6.43;6.45
140008;790118;2022-11-08;FRC;U23;;;5;1974;96521506.0;;;6.48;6.47;6.48;6.47;6.47;6.47;6.55;0.0
140009;790119;2022-11-08;FRC;V23;;;19;5316;628293055.0;;;6.5;6.5;6.5;6.5;6.5;6.5;6.5;0.0
140010;790120;2022-11-08;FRC;X23;;;9;2623;127537687.0;;;6.5;6.5;6.53;6.52;6.53;6.53;0.0;0.0
140011;790121;2022-11-08;FRC;F24;;;14;16391;1921311769.0;;;6.52;6.48;6.55;6.51;6.54;6.55;6.54;6.55
140012;790122;2022-11-08;FRC;J24;;;8;3647;424054403.0;;;6.53;6.53;6.53;6.53;6.53;6.53;0.0;6.53
140013;790123;2022-11-08;FRC;N24;;;7;1183;136439688.0;;;6.48;6.48;6.5;6.49;6.48;6.5;6.48;6.49
140014;790124;2022-11-08;FRC;V24;;;5;1894;89553298.0;;;6.42;6.42;6.42;6.42;6.42;6.42;6.4;6.41
140015;790125;2022-11-08;FRC;F25;;;8;6624;754141122.0;;;6.3;6.3;6.35;6.31;6.33;6.35;0.0;6.35
140016;790126;2022-11-08;FRC;J25;;;0;0;0.0;;;0.0;0.0;0.0;0.0;0.0;6.28;0.0;0.0
140017;790127;2022-11-08;FRC;N25;;;0;0;0.0;;;0.0;0.0;0.0;0.0;0.0;6.18;0.0;0.0
140018;790128;2022-11-08;FRC;V25;;;0;0;0.0;;;0.0;0.0;0.0;0.0;0.0;6.12;0.0;0.0
140019;790129;2022-11-08;FRC;F26;;;7;1472;163207554.0;;;6.1;6.1;6.1;6.1;6.1;6.1;0.0;0.0
140020;790130;2022-11-08;FRC;J26;;;0;0;0.0;;;0.0;0.0;0.0;0.0;0.0;6.08;0.0;0.0
140021;790131;2022-11-08;FRC;N26;;;0;0;0.0;;;0.0;0.0;0.0;0.0;0.0;6.0;0.0;0.0
140022;790132;2022-11-08;FRC;V26;;;0;0;0.0;;;0.0;0.0;0.0;0.0;0.0;5.98;0.0;0.0
140023;790133;2022-11-08;FRC;F27;;;12;3708;400912161.0;;;5.98;5.98;5.98;5.98;5.98;5.98;0.0;0.0
140024;790134;2022-11-08;FRC;J27;;;0;0;0.0;;;0.0;0.0;0.0;0.0;0.0;5.97;0.0;0.0
140025;790135;2022-11-08;FRC;N27;;;0;0;0.0;;;0.0;0.0;0.0;0.0;0.0;5.97;0.0;0.0
140026;790136;2022-11-08;FRC;V27;;;1;177;7731000.0;;;6.01;6.01;6.01;6.01;6.01;6.01;0.0;0.0
140027;790137;2022-11-08;FRC;F28;;;6;1410;148355481.0;;;6.01;6.01;6.01;6.01;6.01;6.01;0.0;0.0
140028;790138;2022-11-08;FRC;F29;;;2;190;19410197.0;;;6.12;6.12;6.12;6.12;6.12;6.12;0.0;0.0
140029;790139;2022-11-08;FRC;F30;;;0;0;0.0;;;0.0;0.0;0.0;0.0;0.0;6.21;0.0;0.0
140030;790140;2022-11-08;FRC;F31;;;1;929;89732651.0;;;6.3;6.3;6.3;6.3;6.3;6.33;0.0;0.0
140031;790141;2022-11-08;FRC;F32;;;0;0;0.0;;;0.0;0.0;0.0;0.0;0.0;6.52;0.0;0.0
140032;790142;2022-11-08;FRC;F33;;;0;0;0.0;;;0.0;0.0;0.0;0.0;0.0;6.71;0.0;0.0
140033;790143;2022-11-08;FRC;F34;;;2;314;11385989.0;;;6.83;6.83;6.83;6.83;6.83;6.83;0.0;0.0
140034;790144;2022-11-08;FRC;F35;;;0;0;0.0;;;0.0;0.0;0.0;0.0;0.0;7.03;0.0;0.0
140035;790145;2022-11-08;FRC;F36;;;0;0;0.0;;;0.0;0.0;0.0;0.0;0.0;7.2;0.0;0.0
140036;790146;2022-11-08;FRC;F37;;;0;0;0.0;;;0.0;0.0;0.0;0.0;0.0;7.32;0.0;0.0
140037;790316;2022-11-09;FRC;F23;;;137;96978;11721375022.0;;;5.76;5.75;5.8;5.77;5.76;5.77;5.74;5.77
140038;790317;2022-11-09;FRC;G23;;;16;9670;478803369.0;;;6.15;6.15;6.16;6.15;6.15;6.16;0.0;0.0
140039;790318;2022-11-09;FRC;H23;;;16;7259;358524811.0;;;6.18;6.18;6.25;6.24;6.25;6.25;0.0;0.0
140040;790319;2022-11-09;FRC;J23;;;33;27158;3254293411.0;;;6.19;6.19;6.25;6.23;6.25;6.25;0.0;0.0
140041;790320;2022-11-09;FRC;K23;;;18;11782;578754744.0;;;6.29;6.29;6.31;6.3;6.31;6.31;0.0;6.33
140042;790321;2022-11-09;FRC;M23;;;2;512;25082636.0;;;6.35;6.35;6.37;6.35;6.37;6.37;0.0;0.0
140043;790322;2022-11-09;FRC;N23;;;8;2355;280007222.0;;;6.37;6.37;6.37;6.37;6.37;6.37;0.0;0.0
140044;790323;2022-11-09;FRC;Q23;;;0;0;0.0;;;0.0;0.0;0.0;0.0;0.0;6.46;6.42;6.46
140045;790324;2022-11-09;FRC;U23;;;6;1756;85302543.0;;;6.47;6.46;6.49;6.47;6.46;6.49;0.0;0.0
140046;790325;2022-11-09;FRC;V23;;;12;6624;780632085.0;;;6.52;6.48;6.52;6.5;6.48;6.52;0.0;6.52
140047;790326;2022-11-09;FRC;X23;;;12;5458;263665084.0;;;6.53;6.53;6.53;6.53;6.53;6.53;0.0;0.0
140048;790327;2022-11-09;FRC;F24;;;19;8890;1039281892.0;;;6.54;6.54;6.54;6.54;6.54;6.54;0.0;6.54
140049;790328;2022-11-09;FRC;J24;;;7;2362;273951039.0;;;6.5;6.5;6.5;6.5;6.5;6.5;0.0;0.0
140050;790329;2022-11-09;FRC;N24;;;25;5335;614385078.0;;;6.49;6.46;6.49;6.47;6.46;6.46;0.0;6.44
140051;790330;2022-11-09;FRC;V24;;;8;3975;186807138.0;;;6.4;6.36;6.41;6.36;6.36;6.36;0.0;0.0
140052;790331;2022-11-09;FRC;F25;;;27;14929;1695525279.0;;;6.34;6.28;6.34;6.28;6.28;6.28;0.0;0.0
140053;790332;2022-11-09;FRC;J25;;;2;936;43424817.0;;;6.18;6.18;6.18;6.18;6.18;6.18;0.0;0.0
140054;790333;2022-11-09;FRC;N25;;;1;372;41736066.0;;;6.14;6.14;6.14;6.14;6.14;6.14;0.0;0.0
140055;790334;2022-11-09;FRC;V25;;;3;555;25408253.0;;;6.09;6.09;6.09;6.09;6.09;6.09;0.0;0.0
140056;790335;2022-11-09;FRC;F26;;;1;184;20356841.0;;;6.08;6.08;6.08;6.08;6.08;6.08;0.0;0.0
140057;790336;2022-11-09;FRC;J26;;;0;0;0.0;;;0.0;0.0;0.0;0.0;0.0;6.05;0.0;0.0
140058;790337;2022-11-09;FRC;N26;;;2;364;39806965.0;;;5.98;5.98;5.98;5.98;5.98;5.98;0.0;0.0
140059;790338;2022-11-09;FRC;V26;;;1;127;5670003.0;;;5.94;5.94;5.94;5.94;5.94;5.96;0.0;0.0
140060;790339;2022-11-09;FRC;F27;;;8;1836;198102082.0;;;5.96;5.96;5.96;5.96;5.96;5.96;0.0;0.0
140061;790340;2022-11-09;FRC;J27;;;0;0;0.0;;;0.0;0.0;0.0;0.0;0.0;5.95;0.0;0.0
140062;790341;2022-11-09;FRC;N27;;;0;0;0.0;;;0.0;0.0;0.0;0.0;0.0;5.94;0.0;0.0
140063;790342;2022-11-09;FRC;V27;;;1;355;15420656.0;;;5.98;5.98;5.98;5.98;5.98;5.98;5.95;0.0
140064;790343;2022-11-09;FRC;F28;;;4;1235;129618440.0;;;5.99;5.99;5.99;5.99;5.99;5.99;0.0;0.0
140065;790344;2022-11-09;FRC;F29;;;0;0;0.0;;;0.0;0.0;0.0;0.0;0.0;6.1;0.0;6.15
140066;790345;2022-11-09;FRC;F30;;;0;0;0.0;;;0.0;0.0;0.0;0.0;0.0;6.19;0.0;0.0
140067;790346;2022-11-09;FRC;F31;;;5;996;95882376.0;;;6.31;6.31;6.31;6.31;6.31;6.31;6.3;6.31
140068;790347;2022-11-09;FRC;F32;;;0;0;0.0;;;0.0;0.0;0.0;0.0;0.0;6.5;0.0;0.0
140069;790348;2022-11-09;FRC;F33;;;0;0;0.0;;;0.0;0.0;0.0;0.0;0.0;6.69;0.0;0.0
140070;790349;2022-11-09;FRC;F34;;;0;0;0.0;;;0.0;0.0;0.0;0.0;0.0;6.86;0.0;0.0
140071;790350;2022-11-09;FRC;F35;;;0;0;0.0;;;0.0;0.0;0.0;0.0;0.0;7.06;0.0;0.0
140072;790351;2022-11-09;FRC;F36;;;0;0;0.0;;;0.0;0.0;0.0;0.0;0.0;7.23;0.0;0.0
140073;790352;2022-11-09;FRC;F37;;;0;0;0.0;;;0.0;0.0;0.0;0.0;0.0;7.35;0.0;0.0
140074;790522;2022-11-10;FRC;F23;;;35;82198;10020307702.0;;;5.7;5.61;5.7;5.66;5.69;5.69;5.69;5.71
140075;790523;2022-11-10;FRC;G23;;;17;18507;935973640.0;;;6.1;6.1;6.1;6.1;6.1;6.1;6.1;6.12
140076;790524;2022-11-10;FRC;H23;;;9;7204;363428099.0;;;6.19;6.19;6.19;6.19;6.19;6.19;6.19;0.0
140077;790525;2022-11-10;FRC;J23;;;15;11995;1450425389.0;;;6.15;6.11;6.19;6.16;6.19;6.19;6.18;0.0
140078;790526;2022-11-10;FRC;K23;;;9;5231;262483243.0;;;6.21;6.21;6.24;6.23;6.24;6.24;0.0;0.0
140079;790527;2022-11-10;FRC;M23;;;12;11778;577146371.0;;;6.35;6.25;6.35;6.29;6.29;6.29;6.29;6.3
140080;790528;2022-11-10;FRC;N23;;;10;2101;252125473.0;;;6.21;6.21;6.25;6.22;6.25;6.25;6.25;6.28
140081;790529;2022-11-10;FRC;Q23;;;4;2820;140302344.0;;;6.46;6.46;6.46;6.46;6.46;6.33;0.0;0.0
140082;790530;2022-11-10;FRC;U23;;;10;4161;206549797.0;;;6.4;6.3;6.4;6.34;6.33;6.33;6.33;0.0
140083;790531;2022-11-10;FRC;V23;;;19;7854;934580535.0;;;6.37;6.35;6.42;6.35;6.35;6.35;6.34;6.37
140084;790532;2022-11-10;FRC;X23;;;7;2720;134305663.0;;;6.36;6.36;6.36;6.36;6.36;6.36;6.36;6.4
140085;790533;2022-11-10;FRC;F24;;;20;7870;929275354.0;;;6.36;6.32;6.37;6.36;6.35;6.37;6.33;6.39
140086;790534;2022-11-10;FRC;J24;;;8;2690;315289963.0;;;6.32;6.29;6.33;6.3;6.32;6.32;0.0;6.32
140087;790535;2022-11-10;FRC;N24;;;1;95;11081314.0;;;6.27;6.27;6.27;6.27;6.27;6.25;0.0;6.25
140088;790536;2022-11-10;FRC;V24;;;12;3989;187968445.0;;;6.09;6.09;6.09;6.09;6.09;6.09;0.0;0.0
140089;790537;2022-11-10;FRC;F25;;;22;10210;1172970805.0;;;6.09;6.02;6.09;6.02;6.02;6.02;6.01;6.04
140090;790538;2022-11-10;FRC;J25;;;0;0;0.0;;;0.0;0.0;0.0;0.0;0.0;5.93;0.0;0.0
140091;790539;2022-11-10;FRC;N25;;;0;0;0.0;;;0.0;0.0;0.0;0.0;0.0;5.88;0.0;5.88
140092;790540;2022-11-10;FRC;V25;;;0;0;0.0;;;0.0;0.0;0.0;0.0;0.0;5.83;0.0;5.82
140093;790541;2022-11-10;FRC;F26;;;1;18;2049540.0;;;5.7;5.7;5.7;5.7;5.7;5.81;0.0;5.81
140094;790542;2022-11-10;FRC;J26;;;0;0;0.0;;;0.0;0.0;0.0;0.0;0.0;5.78;0.0;0.0
140095;790543;2022-11-10;FRC;N26;;;0;0;0.0;;;0.0;0.0;0.0;0.0;0.0;5.7;0.0;0.0
140096;790544;2022-11-10;FRC;V26;;;0;0;0.0;;;0.0;0.0;0.0;0.0;0.0;5.68;0.0;5.68
140097;790545;2022-11-10;FRC;F27;;;5;1086;118782732.0;;;5.67;5.67;5.67;5.67;5.67;5.67;0.0;0.0
140098;790546;2022-11-10;FRC;J27;;;0;0;0.0;;;0.0;0.0;0.0;0.0;0.0;5.66;0.0;0.0
140099;790547;2022-11-10;FRC;N27;;;0;0;0.0;;;0.0;0.0;0.0;0.0;0.0;5.64;0.0;0.0
140100;790548;2022-11-10;FRC;V27;;;0;0;0.0;;;0.0;0.0;0.0;0.0;0.0;5.68;0.0;0.0
140101;790549;2022-11-10;FRC;F28;;;5;1082;114398016.0;;;5.68;5.55;5.68;5.67;5.55;5.68;0.0;0.0
140102;790550;2022-11-10;FRC;F29;;;6;730;75082198.0;;;5.78;5.78;5.78;5.78;5.78;5.78;0.0;0.0
140103;790551;2022-11-10;FRC;F30;;;1;17;1718292.0;;;5.87;5.87;5.87;5.87;5.87;5.87;0.0;0.0
140104;790552;2022-11-10;FRC;F31;;;3;1169;114785466.0;;;5.99;5.99;5.99;5.99;5.99;5.99;0.0;0.0
140105;790553;2022-11-10;FRC;F32;;;1;344;13641799.0;;;6.13;6.13;6.13;6.13;6.13;6.13;0.0;0.0
140106;790554;2022-11-10;FRC;F33;;;0;0;0.0;;;0.0;0.0;0.0;0.0;0.0;6.32;0.0;0.0
140107;790555;2022-11-10;FRC;F34;;;0;0;0.0;;;0.0;0.0;0.0;0.0;0.0;6.57;0.0;0.0
140108;790556;2022-11-10;FRC;F35;;;0;0;0.0;;;0.0;0.0;0.0;0.0;0.0;6.77;0.0;0.0
140109;790557;2022-11-10;FRC;F36;;;0;0;0.0;;;0.0;0.0;0.0;0.0;0.0;6.94;0.0;0.0
140110;790558;2022-11-10;FRC;F37;;;0;0;0.0;;;0.0;0.0;0.0;0.0;0.0;7.06;0.0;0.0
140111;790728;2022-11-11;FRC;F23;;;96;121031;14649698610.0;;;5.6;5.58;5.65;5.64;5.65;5.65;5.64;5.67
140112;790729;2022-11-11;FRC;G23;;;11;4896;243416629.0;;;6.1;6.06;6.1;6.06;6.06;6.06;6.07;6.08
140113;790730;2022-11-11;FRC;H23;;;13;10715;531366311.0;;;6.2;6.2;6.2;6.2;6.2;6.2;6.2;6.22
140114;790731;2022-11-11;FRC;J23;;;8;4573;549017266.0;;;6.19;6.19;6.2;6.19;6.2;6.2;0.0;0.0
140115;790732;2022-11-11;FRC;K23;;;11;3256;160603914.0;;;6.21;6.21;6.24;6.23;6.24;6.24;6.24;0.0
140116;790733;2022-11-11;FRC;M23;;;8;1596;78515555.0;;;6.27;6.27;6.28;6.27;6.28;6.28;6.28;0.0
140117;790734;2022-11-11;FRC;N23;;;21;11017;1312402804.0;;;6.3;6.24;6.3;6.27;6.28;6.28;0.0;0.0
140118;790735;2022-11-11;FRC;Q23;;;4;2331;114041980.0;;;6.33;6.33;6.37;6.36;6.37;6.37;0.0;0.0
140119;790736;2022-11-11;FRC;U23;;;8;1074;52410840.0;;;6.33;6.33;6.37;6.33;6.37;6.37;6.33;0.0
140120;790737;2022-11-11;FRC;V23;;;15;7462;881684912.0;;;6.39;6.38;6.39;6.38;6.38;6.39;0.0;0.0
140121;790738;2022-11-11;FRC;X23;;;9;6783;329182871.0;;;6.38;6.38;6.46;6.4;6.4;6.41;0.0;6.46
140122;790739;2022-11-11;FRC;F24;;;8;5434;636923553.0;;;6.41;6.4;6.41;6.4;6.4;6.41;0.0;0.0
140123;790740;2022-11-11;FRC;J24;;;5;1632;189921419.0;;;6.36;6.36;6.36;6.36;6.36;6.36;0.0;0.0
140124;790741;2022-11-11;FRC;N24;;;5;1240;143276676.0;;;6.29;6.29;6.29;6.29;6.29;6.29;0.0;6.29
140125;790742;2022-11-11;FRC;V24;;;6;1708;80751665.0;;;6.15;6.15;6.15;6.15;6.15;6.15;0.0;0.0
140126;790743;2022-11-11;FRC;F25;;;13;3548;404608233.0;;;6.02;6.02;6.05;6.04;6.05;6.05;0.0;0.0
140127;790744;2022-11-11;FRC;J25;;;0;0;0.0;;;0.0;0.0;0.0;0.0;0.0;5.95;0.0;0.0
140128;790745;2022-11-11;FRC;N25;;;0;0;0.0;;;0.0;0.0;0.0;0.0;0.0;5.89;0.0;0.0
140129;790746;2022-11-11;FRC;V25;;;0;0;0.0;;;0.0;0.0;0.0;0.0;0.0;5.82;0.0;0.0
140130;790747;2022-11-11;FRC;F26;;;5;1570;174718141.0;;;5.79;5.79;5.79;5.79;5.79;5.79;0.0;0.0
140131;790748;2022-11-11;FRC;J26;;;0;0;0.0;;;0.0;0.0;0.0;0.0;0.0;5.76;0.0;0.0
140132;790749;2022-11-11;FRC;N26;;;3;549;60401769.0;;;5.68;5.68;5.68;5.68;5.68;5.68;0.0;0.0
140133;790750;2022-11-11;FRC;V26;;;0;0;0.0;;;0.0;0.0;0.0;0.0;0.0;5.66;0.0;0.0
140134;790751;2022-11-11;FRC;F27;;;3;543;59007626.0;;;5.65;5.65;5.65;5.65;5.65;5.65;0.0;0.0
140135;790752;2022-11-11;FRC;J27;;;2;54;2401080.0;;;5.66;5.66;5.66;5.66;5.66;5.64;0.0;0.0
140136;790753;2022-11-11;FRC;N27;;;0;0;0.0;;;0.0;0.0;0.0;0.0;0.0;5.62;0.0;0.0
140137;790754;2022-11-11;FRC;V27;;;0;0;0.0;;;0.0;0.0;0.0;0.0;0.0;5.67;0.0;0.0
140138;790755;2022-11-11;FRC;F28;;;2;354;37536113.0;;;5.67;5.67;5.67;5.67;5.67;5.67;0.0;0.0
140139;790756;2022-11-11;FRC;F29;;;3;522;53815688.0;;;5.74;5.74;5.74;5.74;5.74;5.74;0.0;0.0
140140;790757;2022-11-11;FRC;F30;;;0;0;0.0;;;0.0;0.0;0.0;0.0;0.0;5.83;0.0;0.0
140141;790758;2022-11-11;FRC;F31;;;0;0;0.0;;;0.0;0.0;0.0;0.0;0.0;5.96;0.0;0.0
140142;790759;2022-11-11;FRC;F32;;;0;0;0.0;;;0.0;0.0;0.0;0.0;0.0;6.1;0.0;0.0
140143;790760;2022-11-11;FRC;F33;;;0;0;0.0;;;0.0;0.0;0.0;0.0;0.0;6.3;0.0;0.0
140144;790761;2022-11-11;FRC;F34;;;2;316;11559315.0;;;6.55;6.55;6.55;6.55;6.55;6.55;0.0;0.0
140145;790762;2022-11-11;FRC;F35;;;0;0;0.0;;;0.0;0.0;0.0;0.0;0.0;6.75;0.0;0.0
140146;790763;2022-11-11;FRC;F36;;;0;0;0.0;;;0.0;0.0;0.0;0.0;0.0;6.92;0.0;0.0
140147;790764;2022-11-11;FRC;F37;;;0;0;0.0;;;0.0;0.0;0.0;0.0;0.0;7.04;0.0;0.0
140148;790934;2022-11-14;FRC;F23;;;108;44572;5391978594.0;;;5.64;5.49;5.64;5.56;5.58;5.58;0.0;5.58
140149;790935;2022-11-14;FRC;G23;;;10;2964;147185049.0;;;6.04;6.0;6.04;6.02;6.0;6.02;6.0;6.02
140150;790936;2022-11-14;FRC;H23;;;12;5653;280001043.0;;;6.18;6.17;6.18;6.17;6.17;6.17;0.0;6.17
140151;790937;2022-11-14;FRC;J23;;;20;14451;1734722463.0;;;6.17;6.17;6.17;6.17;6.17;6.17;0.0;0.0
140152;790938;2022-11-14;FRC;K23;;;8;1972;97152332.0;;;6.24;6.22;6.24;6.22;6.22;6.22;0.0;0.0
140153;790939;2022-11-14;FRC;M23;;;16;3743;183905046.0;;;6.28;6.28;6.29;6.28;6.29;6.29;0.0;6.29
140154;790940;2022-11-14;FRC;N23;;;5;3358;399940330.0;;;6.28;6.28;6.3;6.28;6.28;6.28;6.25;6.28
140155;790941;2022-11-14;FRC;Q23;;;7;2744;134086218.0;;;6.36;6.36;6.36;6.36;6.36;6.36;0.0;0.0
140156;790942;2022-11-14;FRC;U23;;;3;977;47609863.0;;;6.38;6.38;6.38;6.38;6.38;6.38;0.0;0.0
140157;790943;2022-11-14;FRC;V23;;;10;3703;437306893.0;;;6.42;6.4;6.42;6.4;6.4;6.4;0.0;0.0
140158;790944;2022-11-14;FRC;X23;;;9;4587;222320934.0;;;6.45;6.4;6.45;6.41;6.4;6.4;6.4;0.0
140159;790945;2022-11-14;FRC;F24;;;14;9746;1142030539.0;;;6.45;6.4;6.45;6.41;6.4;6.4;6.4;0.0
140160;790946;2022-11-14;FRC;J24;;;3;576;67029486.0;;;6.34;6.34;6.34;6.34;6.34;6.34;6.34;0.0
140161;790947;2022-11-14;FRC;N24;;;6;1241;143320392.0;;;6.32;6.27;6.32;6.27;6.27;6.27;0.0;0.0
140162;790948;2022-11-14;FRC;V24;;;3;759;35841761.0;;;6.14;6.14;6.14;6.14;6.14;6.14;0.0;0.0
140163;790949;2022-11-14;FRC;F25;;;16;4399;501548684.0;;;6.03;6.03;6.03;6.03;6.03;6.03;6.0;0.0
140164;790950;2022-11-14;FRC;J25;;;3;939;43797334.0;;;5.95;5.95;5.95;5.95;5.95;5.95;0.0;0.0
140165;790951;2022-11-14;FRC;N25;;;0;0;0.0;;;0.0;0.0;0.0;0.0;0.0;5.88;0.0;5.89
140166;790952;2022-11-14;FRC;V25;;;4;1357;62541719.0;;;5.8;5.8;5.8;5.8;5.8;5.8;0.0;0.0
140167;790953;2022-11-14;FRC;F26;;;2;370;41136325.0;;;5.78;5.78;5.78;5.78;5.78;5.78;0.0;0.0
140168;790954;2022-11-14;FRC;J26;;;0;0;0.0;;;0.0;0.0;0.0;0.0;0.0;5.75;0.0;0.0
140169;790955;2022-11-14;FRC;N26;;;0;0;0.0;;;0.0;0.0;0.0;0.0;0.0;5.68;0.0;0.0
140170;790956;2022-11-14;FRC;V26;;;0;0;0.0;;;0.0;0.0;0.0;0.0;0.0;5.66;0.0;5.66
140171;790957;2022-11-14;FRC;F27;;;2;362;39315529.0;;;5.66;5.66;5.66;5.66;5.66;5.66;0.0;5.66
140172;790958;2022-11-14;FRC;J27;;;0;0;0.0;;;0.0;0.0;0.0;0.0;0.0;5.65;0.0;0.0
140173;790959;2022-11-14;FRC;N27;;;0;0;0.0;;;0.0;0.0;0.0;0.0;0.0;5.63;0.0;0.0
140174;790960;2022-11-14;FRC;V27;;;0;0;0.0;;;0.0;0.0;0.0;0.0;0.0;5.68;5.67;0.0
140175;790961;2022-11-14;FRC;F28;;;1;1063;112406543.0;;;5.73;5.73;5.73;5.73;5.73;5.68;0.0;0.0
140176;790962;2022-11-14;FRC;F29;;;0;0;0.0;;;0.0;0.0;0.0;0.0;0.0;5.76;5.76;0.0
140177;790963;2022-11-14;FRC;F30;;;0;0;0.0;;;0.0;0.0;0.0;0.0;0.0;5.85;5.85;0.0
140178;790964;2022-11-14;FRC;F31;;;1;501;48853828.0;;;5.98;5.98;5.98;5.98;5.98;5.99;0.0;0.0
140179;790965;2022-11-14;FRC;F32;;;1;164;6386792.0;;;6.13;6.13;6.13;6.13;6.13;6.13;0.0;0.0
140180;790966;2022-11-14;FRC;F33;;;0;0;0.0;;;0.0;0.0;0.0;0.0;0.0;6.35;0.0;0.0
140181;790967;2022-11-14;FRC;F34;;;1;157;5710783.0;;;6.61;6.61;6.61;6.61;6.61;6.61;0.0;0.0
140182;790968;2022-11-14;FRC;F35;;;0;0;0.0;;;0.0;0.0;0.0;0.0;0.0;6.81;0.0;0.0
140183;790969;2022-11-14;FRC;F36;;;0;0;0.0;;;0.0;0.0;0.0;0.0;0.0;6.98;0.0;0.0
140184;790970;2022-11-14;FRC;F37;;;0;0;0.0;;;0.0;0.0;0.0;0.0;0.0;7.1;0.0;0.0
140185;791141;2022-11-16;FRC;F23;;;120;192910;23424029380.0;;;5.58;5.41;5.58;5.45;5.49;5.49;5.49;5.52
140186;791142;2022-11-16;FRC;G23;;;27;29213;1461487219.0;;;6.02;5.91;6.02;5.94;5.94;5.94;5.94;5.97
140187;791143;2022-11-16;FRC;H23;;;17;19336;964945598.0;;;6.17;6.08;6.17;6.08;6.08;6.08;0.0;0.0
140188;791144;2022-11-16;FRC;J23;;;12;16016;1929148710.0;;;6.17;6.09;6.17;6.09;6.11;6.09;6.11;6.13
140189;791145;2022-11-16;FRC;K23;;;13;7640;379240358.0;;;6.22;6.15;6.22;6.15;6.15;6.15;0.0;0.0
140190;791146;2022-11-16;FRC;M23;;;17;13965;691321317.0;;;6.29;6.2;6.3;6.22;6.2;6.2;6.19;0.0
140191;791147;2022-11-16;FRC;N23;;;9;5637;673686137.0;;;6.28;6.19;6.28;6.21;6.19;6.19;6.19;6.2
140192;791148;2022-11-16;FRC;Q23;;;11;2332;114825937.0;;;6.36;6.28;6.36;6.28;6.28;6.28;0.0;0.0
140193;791149;2022-11-16;FRC;U23;;;7;6253;307069736.0;;;6.38;6.29;6.38;6.29;6.29;6.29;0.0;0.0
140194;791150;2022-11-16;FRC;V23;;;20;11031;1307353089.0;;;6.4;6.32;6.4;6.35;6.32;6.32;0.0;0.0
140195;791151;2022-11-16;FRC;X23;;;10;9951;485954391.0;;;6.4;6.33;6.4;6.37;6.33;6.33;0.0;6.33
140196;791152;2022-11-16;FRC;F24;;;30;12876;1514735760.0;;;6.4;6.3;6.4;6.34;6.31;6.32;6.3;6.32
140197;791153;2022-11-16;FRC;J24;;;11;2420;282684700.0;;;6.34;6.24;6.34;6.26;6.24;6.24;0.0;6.24
140198;791154;2022-11-16;FRC;N24;;;13;27949;3240040780.0;;;6.27;6.17;6.27;6.22;6.17;6.17;0.0;6.17
140199;791155;2022-11-16;FRC;V24;;;15;2811;133814335.0;;;6.14;6.05;6.14;6.06;6.05;6.05;0.0;6.05
140200;791156;2022-11-16;FRC;F25;;;13;30351;3474352863.0;;;6.03;5.94;6.03;5.98;5.94;5.94;0.0;0.0
140201;791157;2022-11-16;FRC;J25;;;1;394;18511272.0;;;5.95;5.95;5.95;5.95;5.95;5.86;0.0;0.0
140202;791158;2022-11-16;FRC;N25;;;1;131;14786980.0;;;5.88;5.88;5.88;5.88;5.88;5.79;0.0;5.79
140203;791159;2022-11-16;FRC;V25;;;1;130;6035095.0;;;5.8;5.8;5.8;5.8;5.8;5.7;0.0;0.0
140204;791160;2022-11-16;FRC;F26;;;4;4267;476542261.0;;;5.78;5.62;5.78;5.75;5.62;5.68;5.55;0.0
140205;791161;2022-11-16;FRC;J26;;;1;37;1697338.0;;;5.75;5.75;5.75;5.75;5.75;5.65;0.0;0.0
140206;791162;2022-11-16;FRC;N26;;;1;37;4058644.0;;;5.68;5.68;5.68;5.68;5.68;5.58;0.0;0.0
140207;791163;2022-11-16;FRC;V26;;;1;73;3308863.0;;;5.66;5.66;5.66;5.66;5.66;5.55;0.0;5.55
140208;791164;2022-11-16;FRC;F27;;;4;1650;180115942.0;;;5.66;5.54;5.66;5.55;5.54;5.55;0.0;5.55
140209;791165;2022-11-16;FRC;J27;;;1;144;6442639.0;;;5.65;5.65;5.65;5.65;5.65;5.54;0.0;0.0
140210;791166;2022-11-16;FRC;N27;;;0;0;0.0;;;0.0;0.0;0.0;0.0;0.0;5.52;0.0;0.0
140211;791167;2022-11-16;FRC;V27;;;1;303;13388523.0;;;5.64;5.64;5.64;5.64;5.64;5.56;0.0;0.0
140212;791168;2022-11-16;FRC;F28;;;2;533;56619176.0;;;5.68;5.56;5.68;5.63;5.56;5.56;0.0;0.0
140213;791169;2022-11-16;FRC;F29;;;1;174;17976222.0;;;5.76;5.76;5.76;5.76;5.76;5.65;0.0;5.66
140214;791170;2022-11-16;FRC;F30;;;3;478;48175177.0;;;5.85;5.76;5.85;5.78;5.76;5.76;0.0;0.0
140215;791171;2022-11-16;FRC;F31;;;11;2810;275838343.0;;;5.99;5.87;5.99;5.88;5.87;5.87;0.0;0.0
140216;791172;2022-11-16;FRC;F32;;;2;180;7085253.0;;;6.13;5.98;6.13;5.99;5.98;5.98;0.0;0.0
140217;791173;2022-11-16;FRC;F33;;;1;161;6153522.0;;;6.16;6.16;6.16;6.16;6.16;6.16;0.0;0.0
140218;791174;2022-11-16;FRC;F34;;;4;632;23347626.0;;;6.43;6.43;6.43;6.43;6.43;6.43;0.0;6.43
140219;791175;2022-11-16;FRC;F35;;;0;0;0.0;;;0.0;0.0;0.0;0.0;0.0;6.6;0.0;0.0
140220;791176;2022-11-16;FRC;F36;;;0;0;0.0;;;0.0;0.0;0.0;0.0;0.0;6.77;0.0;0.0
140221;791177;2022-11-16;FRC;F37;;;0;0;0.0;;;0.0;0.0;0.0;0.0;0.0;6.89;0.0;0.0
140222;791348;2022-11-17;FRC;F23;;;177;113401;13794777984.0;;;5.47;5.41;5.5;5.45;5.47;5.47;0.0;5.48
140223;791349;2022-11-17;FRC;G23;;;30;27999;1407251382.0;;;5.92;5.92;5.95;5.92;5.93;5.93;5.9;5.93
140224;791350;2022-11-17;FRC;H23;;;18;11319;567484765.0;;;6.08;6.08;6.08;6.08;6.08;6.08;0.0;6.09
140225;791351;2022-11-17;FRC;J23;;;11;5148;620111968.0;;;6.1;6.1;6.1;6.1;6.1;6.1;6.1;0.0
140226;791352;2022-11-17;FRC;K23;;;6;1953;97388371.0;;;6.19;6.16;6.19;6.16;6.16;6.16;0.0;0.0
140227;791353;2022-11-17;FRC;M23;;;6;5515;274282856.0;;;6.22;6.22;6.22;6.22;6.22;6.22;6.22;0.0
140228;791354;2022-11-17;FRC;N23;;;8;2888;345149593.0;;;6.24;6.21;6.24;6.21;6.21;6.21;6.22;0.0
140229;791355;2022-11-17;FRC;Q23;;;1;196;9650566.0;;;6.32;6.32;6.32;6.32;6.32;6.32;6.32;0.0
140230;791356;2022-11-17;FRC;U23;;;1;391;19285950.0;;;6.35;6.35;6.35;6.35;6.35;6.35;0.0;0.0
140231;791357;2022-11-17;FRC;V23;;;6;681;80928039.0;;;6.37;6.37;6.4;6.39;6.4;6.4;0.0;6.4
140232;791358;2022-11-17;FRC;X23;;;8;2525;123305794.0;;;6.39;6.39;6.39;6.39;6.39;6.39;6.39;0.0
140233;791359;2022-11-17;FRC;F24;;;18;14579;1717638978.0;;;6.4;6.4;6.42;6.4;6.4;6.4;0.0;6.4
140234;791360;2022-11-17;FRC;J24;;;6;787;92099170.0;;;6.3;6.3;6.32;6.31;6.32;6.32;0.0;0.0
140235;791361;2022-11-17;FRC;N24;;;15;3247;376932900.0;;;6.25;6.25;6.26;6.25;6.26;6.26;0.0;6.26
140236;791362;2022-11-17;FRC;V24;;;3;437;20887557.0;;;6.13;6.13;6.14;6.13;6.14;6.14;0.0;0.0
140237;791363;2022-11-17;FRC;F25;;;28;15281;1751523840.0;;;6.04;6.03;6.06;6.05;6.06;6.06;0.0;6.06
140238;791364;2022-11-17;FRC;J25;;;4;1314;61729580.0;;;5.97;5.97;5.97;5.97;5.97;5.97;0.0;0.0
140239;791365;2022-11-17;FRC;N25;;;8;1493;168887609.0;;;5.8;5.8;5.89;5.85;5.89;5.89;0.0;0.0
140240;791366;2022-11-17;FRC;V25;;;3;558;25918456.0;;;5.75;5.75;5.82;5.77;5.82;5.82;0.0;5.82
140241;791367;2022-11-17;FRC;F26;;;0;0;0.0;;;0.0;0.0;0.0;0.0;0.0;5.78;0.0;5.78
140242;791368;2022-11-17;FRC;J26;;;0;0;0.0;;;0.0;0.0;0.0;0.0;0.0;5.76;0.0;0.0
140243;791369;2022-11-17;FRC;N26;;;0;0;0.0;;;0.0;0.0;0.0;0.0;0.0;5.68;0.0;0.0
140244;791370;2022-11-17;FRC;V26;;;2;364;16574854.0;;;5.64;5.64;5.64;5.64;5.64;5.64;0.0;0.0
140245;791371;2022-11-17;FRC;F27;;;3;1213;132599870.0;;;5.6;5.6;5.62;5.6;5.62;5.62;0.0;5.62
140246;791372;2022-11-17;FRC;J27;;;0;0;0.0;;;0.0;0.0;0.0;0.0;0.0;5.61;0.0;0.0
140247;791373;2022-11-17;FRC;N27;;;0;0;0.0;;;0.0;0.0;0.0;0.0;0.0;5.58;0.0;0.0
140248;791374;2022-11-17;FRC;V27;;;2;713;31519405.0;;;5.62;5.62;5.62;5.62;5.62;5.62;0.0;0.0
140249;791375;2022-11-17;FRC;F28;;;0;0;0.0;;;0.0;0.0;0.0;0.0;0.0;5.62;0.0;5.62
140250;791376;2022-11-17;FRC;F29;;;4;696;72203536.0;;;5.7;5.7;5.7;5.7;5.7;5.7;0.0;0.0
140251;791377;2022-11-17;FRC;F30;;;0;0;0.0;;;0.0;0.0;0.0;0.0;0.0;5.81;0.0;0.0
140252;791378;2022-11-17;FRC;F31;;;5;920;90336571.0;;;5.92;5.92;5.92;5.92;5.92;5.92;0.0;0.0
140253;791379;2022-11-17;FRC;F32;;;10;1805;71134043.0;;;6.01;6.01;6.01;6.01;6.01;6.01;0.0;0.0
140254;791380;2022-11-17;FRC;F33;;;0;0;0.0;;;0.0;0.0;0.0;0.0;0.0;6.19;0.0;0.0
140255;791381;2022-11-17;FRC;F34;;;0;0;0.0;;;0.0;0.0;0.0;0.0;0.0;6.48;0.0;0.0
140256;791382;2022-11-17;FRC;F35;;;0;0;0.0;;;0.0;0.0;0.0;0.0;0.0;6.65;0.0;0.0
140257;791383;2022-11-17;FRC;F36;;;0;0;0.0;;;0.0;0.0;0.0;0.0;0.0;6.82;0.0;0.0
140258;791384;2022-11-17;FRC;F37;;;0;0;0.0;;;0.0;0.0;0.0;0.0;0.0;6.94;0.0;0.0
140259;791555;2022-11-18;FRC;F23;;;78;148000;17856086617.0;;;5.4;5.38;5.53;5.47;5.53;5.53;5.53;5.54
140260;791556;2022-11-18;FRC;G23;;;30;23099;1137136907.0;;;5.9;5.9;6.01;5.99;6.01;6.01;6.0;6.02
140261;791557;2022-11-18;FRC;H23;;;17;17108;840081315.0;;;6.06;6.06;6.15;6.14;6.15;6.15;6.14;6.17
140262;791558;2022-11-18;FRC;J23;;;27;6613;791260651.0;;;6.07;6.07;6.18;6.16;6.18;6.18;6.17;6.2
140263;791559;2022-11-18;FRC;K23;;;28;10364;506233011.0;;;6.15;6.14;6.22;6.17;6.22;6.22;6.22;6.25
140264;791560;2022-11-18;FRC;M23;;;4;1241;60449683.0;;;6.19;6.19;6.27;6.26;6.27;6.27;0.0;0.0
140265;791561;2022-11-18;FRC;N23;;;18;21686;2575136799.0;;;6.2;6.16;6.28;6.2;6.28;6.27;0.0;0.0
140266;791562;2022-11-18;FRC;Q23;;;7;7913;383307979.0;;;6.3;6.3;6.37;6.36;6.37;6.37;0.0;0.0
140267;791563;2022-11-18;FRC;U23;;;5;1562;75449112.0;;;6.41;6.41;6.41;6.41;6.41;6.41;0.0;6.41
140268;791564;2022-11-18;FRC;V23;;;11;5845;688044926.0;;;6.44;6.44;6.44;6.44;6.44;6.44;0.0;0.0
140269;791565;2022-11-18;FRC;X23;;;6;3497;168009280.0;;;6.41;6.41;6.44;6.43;6.44;6.44;6.43;0.0
140270;791566;2022-11-18;FRC;F24;;;7;12975;1515508012.0;;;6.39;6.39;6.47;6.42;6.47;6.47;0.0;0.0
140271;791567;2022-11-18;FRC;J24;;;6;2496;289360669.0;;;6.4;6.4;6.4;6.4;6.4;6.4;0.0;0.0
140272;791568;2022-11-18;FRC;N24;;;11;2768;318422903.0;;;6.34;6.34;6.34;6.34;6.34;6.34;0.0;6.34
140273;791569;2022-11-18;FRC;V24;;;5;1328;62118389.0;;;6.23;6.23;6.23;6.23;6.23;6.23;0.0;6.23
140274;791570;2022-11-18;FRC;F25;;;21;10143;1152317164.0;;;6.06;6.0;6.14;6.1;6.14;6.14;0.0;6.14
140275;791571;2022-11-18;FRC;J25;;;4;1123;51863259.0;;;6.04;6.04;6.04;6.04;6.04;6.04;0.0;6.04
140276;791572;2022-11-18;FRC;N25;;;0;0;0.0;;;0.0;0.0;0.0;0.0;0.0;5.93;0.0;0.0
140277;791573;2022-11-18;FRC;V25;;;10;3712;169525384.0;;;5.82;5.82;5.82;5.82;5.82;5.82;5.82;0.0
140278;791574;2022-11-18;FRC;F26;;;12;4801;532350659.0;;;5.8;5.8;5.8;5.8;5.8;5.8;5.77;0.0
140279;791575;2022-11-18;FRC;J26;;;0;0;0.0;;;0.0;0.0;0.0;0.0;0.0;5.76;5.71;5.74
140280;791576;2022-11-18;FRC;N26;;;0;0;0.0;;;0.0;0.0;0.0;0.0;0.0;5.71;0.0;0.0
140281;791577;2022-11-18;FRC;V26;;;0;0;0.0;;;0.0;0.0;0.0;0.0;0.0;5.68;0.0;0.0
140282;791578;2022-11-18;FRC;F27;;;7;1448;156701890.0;;;5.67;5.67;5.67;5.67;5.67;5.67;0.0;5.67
140283;791579;2022-11-18;FRC;J27;;;0;0;0.0;;;0.0;0.0;0.0;0.0;0.0;5.65;0.0;0.0
140284;791580;2022-11-18;FRC;N27;;;0;0;0.0;;;0.0;0.0;0.0;0.0;0.0;5.62;0.0;0.0
140285;791581;2022-11-18;FRC;V27;;;0;0;0.0;;;0.0;0.0;0.0;0.0;0.0;5.65;0.0;0.0
140286;791582;2022-11-18;FRC;F28;;;2;354;37412340.0;;;5.66;5.66;5.66;5.66;5.66;5.66;0.0;0.0
140287;791583;2022-11-18;FRC;F29;;;0;0;0.0;;;0.0;0.0;0.0;0.0;0.0;5.73;0.0;0.0
140288;791584;2022-11-18;FRC;F30;;;0;0;0.0;;;0.0;0.0;0.0;0.0;0.0;5.83;0.0;5.85
140289;791585;2022-11-18;FRC;F31;;;2;334;32532151.0;;;5.93;5.93;5.93;5.93;5.93;5.93;5.93;0.0
140290;791586;2022-11-18;FRC;F32;;;2;328;12695598.0;;;6.04;6.04;6.04;6.04;6.04;6.04;0.0;0.0
140291;791587;2022-11-18;FRC;F33;;;0;0;0.0;;;0.0;0.0;0.0;0.0;0.0;6.23;0.0;0.0
140292;791588;2022-11-18;FRC;F34;;;1;158;5726674.0;;;6.52;6.52;6.52;6.52;6.52;6.52;0.0;0.0
140293;791589;2022-11-18;FRC;F35;;;0;0;0.0;;;0.0;0.0;0.0;0.0;0.0;6.69;0.0;0.0
140294;791590;2022-11-18;FRC;F36;;;0;0;0.0;;;0.0;0.0;0.0;0.0;0.0;6.86;0.0;0.0
140295;791591;2022-11-18;FRC;F37;;;0;0;0.0;;;0.0;0.0;0.0;0.0;0.0;6.98;0.0;0.0
140296;791762;2022-11-21;FRC;F23;;;60;113989;13784781122.0;;;5.54;5.5;5.55;5.51;5.5;5.5;5.48;5.52
140297;791763;2022-11-21;FRC;G23;;;9;5572;275693283.0;;;5.98;5.98;5.98;5.98;5.98;5.98;5.97;5.99
140298;791764;2022-11-21;FRC;H23;;;11;10915;538721939.0;;;6.1;6.1;6.1;6.1;6.1;6.1;6.1;6.12
140299;791765;2022-11-21;FRC;J23;;;19;20389;2445677448.0;;;6.19;6.15;6.21;6.15;6.15;6.15;6.15;6.17
140300;791766;2022-11-21;FRC;K23;;;14;11055;542674064.0;;;6.21;6.21;6.21;6.21;6.21;6.21;0.0;0.0
140301;791767;2022-11-21;FRC;M23;;;8;5791;283512927.0;;;6.26;6.26;6.26;6.26;6.26;6.26;6.26;0.0
140302;791768;2022-11-21;FRC;N23;;;8;4143;493143067.0;;;6.24;6.24;6.26;6.25;6.26;6.26;0.0;6.28
140303;791769;2022-11-21;FRC;Q23;;;0;0;0.0;;;0.0;0.0;0.0;0.0;0.0;6.36;6.36;0.0
140304;791770;2022-11-21;FRC;U23;;;3;1172;56897613.0;;;6.41;6.41;6.41;6.41;6.41;6.41;0.0;6.41
140305;791771;2022-11-21;FRC;V23;;;21;9078;1071234140.0;;;6.44;6.44;6.44;6.44;6.44;6.44;6.42;6.44
140306;791772;2022-11-21;FRC;X23;;;13;3478;167920389.0;;;6.43;6.43;6.46;6.45;6.46;6.46;6.44;6.46
140307;791773;2022-11-21;FRC;F24;;;17;3848;450306419.0;;;6.47;6.46;6.48;6.47;6.48;6.48;6.48;0.0
140308;791774;2022-11-21;FRC;J24;;;4;2688;312321262.0;;;6.41;6.41;6.41;6.41;6.41;6.41;6.41;0.0
140309;791775;2022-11-21;FRC;N24;;;9;2329;268546518.0;;;6.34;6.34;6.34;6.34;6.34;6.34;0.0;0.0
140310;791776;2022-11-21;FRC;V24;;;11;2239;105270784.0;;;6.23;6.18;6.23;6.21;6.22;6.22;0.0;0.0
140311;791777;2022-11-21;FRC;F25;;;5;1152;131004632.0;;;6.13;6.13;6.13;6.13;6.13;6.13;0.0;0.0
140312;791778;2022-11-21;FRC;J25;;;0;0;0.0;;;0.0;0.0;0.0;0.0;0.0;6.02;0.0;0.0
140313;791779;2022-11-21;FRC;N25;;;1;187;21002569.0;;;5.95;5.95;5.95;5.95;5.95;5.95;0.0;0.0
140314;791780;2022-11-21;FRC;V25;;;0;0;0.0;;;0.0;0.0;0.0;0.0;0.0;5.86;0.0;0.0
140315;791781;2022-11-21;FRC;F26;;;1;222;24646869.0;;;5.8;5.8;5.8;5.8;5.8;5.8;0.0;0.0
140316;791782;2022-11-21;FRC;J26;;;1;184;8346309.0;;;5.72;5.72;5.72;5.72;5.72;5.72;0.0;0.0
140317;791783;2022-11-21;FRC;N26;;;0;0;0.0;;;0.0;0.0;0.0;0.0;0.0;5.68;0.0;0.0
140318;791784;2022-11-21;FRC;V26;;;1;182;8156986.0;;;5.65;5.65;5.65;5.65;5.65;5.65;0.0;0.0
140319;791785;2022-11-21;FRC;F27;;;2;271;29434057.0;;;5.67;5.65;5.67;5.65;5.65;5.65;0.0;0.0
140320;791786;2022-11-21;FRC;J27;;;0;0;0.0;;;0.0;0.0;0.0;0.0;0.0;5.63;0.0;0.0
140321;791787;2022-11-21;FRC;N27;;;1;377;16596011.0;;;5.6;5.6;5.6;5.6;5.6;5.6;0.0;0.0
140322;791788;2022-11-21;FRC;V27;;;1;357;15606319.0;;;5.63;5.63;5.63;5.63;5.63;5.63;0.0;0.0
140323;791789;2022-11-21;FRC;F28;;;1;177;18760184.0;;;5.64;5.64;5.64;5.64;5.64;5.64;0.0;0.0
140324;791790;2022-11-21;FRC;F29;;;0;0;0.0;;;0.0;0.0;0.0;0.0;0.0;5.71;0.0;0.0
140325;791791;2022-11-21;FRC;F30;;;0;0;0.0;;;0.0;0.0;0.0;0.0;0.0;5.81;0.0;0.0
140326;791792;2022-11-21;FRC;F31;;;0;0;0.0;;;0.0;0.0;0.0;0.0;0.0;5.91;0.0;0.0
140327;791793;2022-11-21;FRC;F32;;;0;0;0.0;;;0.0;0.0;0.0;0.0;0.0;6.02;0.0;0.0
140328;791794;2022-11-21;FRC;F33;;;0;0;0.0;;;0.0;0.0;0.0;0.0;0.0;6.21;0.0;0.0
140329;791795;2022-11-21;FRC;F34;;;0;0;0.0;;;0.0;0.0;0.0;0.0;0.0;6.5;0.0;0.0
140330;791796;2022-11-21;FRC;F35;;;0;0;0.0;;;0.0;0.0;0.0;0.0;0.0;6.69;0.0;0.0
140331;791797;2022-11-21;FRC;F36;;;0;0;0.0;;;0.0;0.0;0.0;0.0;0.0;6.86;6.83;6.95
140332;791798;2022-11-21;FRC;F37;;;0;0;0.0;;;0.0;0.0;0.0;0.0;0.0;6.98;0.0;0.0
140333;791967;2022-11-22;FRC;F23;;;57;167438;20308613117.0;;;5.5;5.45;5.5;5.48;5.46;5.46;5.45;5.48
140334;791968;2022-11-22;FRC;G23;;;91;25063;1248697628.0;;;5.95;5.94;5.95;5.94;5.95;5.95;5.95;5.97
140335;791969;2022-11-22;FRC;H23;;;47;39898;1982923599.0;;;6.11;6.07;6.11;6.07;6.07;6.07;6.07;6.1
140336;791970;2022-11-22;FRC;J23;;;77;48620;5849336918.0;;;6.14;6.12;6.15;6.13;6.15;6.13;6.13;0.0
140337;791971;2022-11-22;FRC;K23;;;27;12923;638762144.0;;;6.19;6.18;6.21;6.2;6.21;6.21;6.21;0.0
140338;791972;2022-11-22;FRC;M23;;;4;1182;58268951.0;;;6.26;6.26;6.26;6.26;6.26;6.26;6.24;6.26
140339;791973;2022-11-22;FRC;N23;;;8;4596;548587198.0;;;6.25;6.23;6.26;6.24;6.24;6.24;6.24;6.26
140340;791974;2022-11-22;FRC;Q23;;;4;3057;149873332.0;;;6.35;6.35;6.35;6.35;6.35;6.35;0.0;0.0
140341;791975;2022-11-22;FRC;U23;;;12;6641;324649147.0;;;6.4;6.4;6.4;6.4;6.4;6.4;0.0;0.0
140342;791976;2022-11-22;FRC;V23;;;12;2047;242190426.0;;;6.42;6.42;6.43;6.42;6.42;6.42;0.0;0.0
140343;791977;2022-11-22;FRC;X23;;;4;1302;63302751.0;;;6.44;6.44;6.44;6.44;6.44;6.44;6.44;0.0
140344;791978;2022-11-22;FRC;F24;;;21;8546;1003325072.0;;;6.45;6.45;6.45;6.45;6.45;6.45;6.45;0.0
140345;791979;2022-11-22;FRC;J24;;;7;1498;174591428.0;;;6.38;6.38;6.38;6.38;6.38;6.38;6.38;0.0
140346;791980;2022-11-22;FRC;N24;;;13;18166;2102222972.0;;;6.33;6.3;6.33;6.3;6.3;6.3;0.0;0.0
140347;791981;2022-11-22;FRC;V24;;;13;16107;762841288.0;;;6.2;6.17;6.2;6.17;6.17;6.17;0.0;0.0
140348;791982;2022-11-22;FRC;F25;;;7;3264;372555370.0;;;6.13;6.07;6.13;6.11;6.07;6.07;0.0;6.07
140349;791983;2022-11-22;FRC;J25;;;1;1313;61385391.0;;;6.02;6.02;6.02;6.02;6.02;5.95;0.0;0.0
140350;791984;2022-11-22;FRC;N25;;;1;859;96993194.0;;;5.86;5.86;5.86;5.86;5.86;5.86;0.0;0.0
140351;791985;2022-11-22;FRC;V25;;;3;1301;60178060.0;;;5.76;5.76;5.76;5.76;5.76;5.76;0.0;0.0
140352;791986;2022-11-22;FRC;F26;;;7;3143;350828013.0;;;5.7;5.7;5.7;5.7;5.7;5.7;5.7;0.0
140353;791987;2022-11-22;FRC;J26;;;0;0;0.0;;;0.0;0.0;0.0;0.0;0.0;5.62;0.0;0.0
140354;791988;2022-11-22;FRC;N26;;;1;659;72782440.0;;;5.58;5.58;5.58;5.58;5.58;5.58;0.0;0.0
140355;791989;2022-11-22;FRC;V26;;;0;0;0.0;;;0.0;0.0;0.0;0.0;0.0;5.55;0.0;0.0
140356;791990;2022-11-22;FRC;F27;;;5;1014;110524707.0;;;5.65;5.58;5.65;5.58;5.58;5.58;0.0;5.58
140357;791991;2022-11-22;FRC;J27;;;0;0;0.0;;;0.0;0.0;0.0;0.0;0.0;5.56;0.0;0.0
140358;791992;2022-11-22;FRC;N27;;;0;0;0.0;;;0.0;0.0;0.0;0.0;0.0;5.54;0.0;5.58
140359;791993;2022-11-22;FRC;V27;;;0;0;0.0;;;0.0;0.0;0.0;0.0;0.0;5.57;0.0;0.0
140360;791994;2022-11-22;FRC;F28;;;2;551;58470263.0;;;5.64;5.59;5.64;5.62;5.59;5.59;0.0;5.59
140361;791995;2022-11-22;FRC;F29;;;2;504;52197566.0;;;5.71;5.6;5.71;5.67;5.6;5.6;0.0;0.0
140362;791996;2022-11-22;FRC;F30;;;0;0;0.0;;;0.0;0.0;0.0;0.0;0.0;5.71;0.0;0.0
140363;791997;2022-11-22;FRC;F31;;;0;0;0.0;;;0.0;0.0;0.0;0.0;0.0;5.82;0.0;0.0
140364;791998;2022-11-22;FRC;F32;;;0;0;0.0;;;0.0;0.0;0.0;0.0;0.0;5.94;0.0;0.0
140365;791999;2022-11-22;FRC;F33;;;0;0;0.0;;;0.0;0.0;0.0;0.0;0.0;6.14;0.0;0.0
140366;792000;2022-11-22;FRC;F34;;;2;316;11619943.0;;;6.44;6.44;6.44;6.44;6.44;6.44;0.0;0.0
140367;792001;2022-11-22;FRC;F35;;;0;0;0.0;;;0.0;0.0;0.0;0.0;0.0;6.63;0.0;0.0
140368;792002;2022-11-22;FRC;F36;;;0;0;0.0;;;0.0;0.0;0.0;0.0;0.0;6.8;6.77;0.0
140369;792003;2022-11-22;FRC;F37;;;0;0;0.0;;;0.0;0.0;0.0;0.0;0.0;6.92;0.0;0.0
140370;792172;2022-11-23;FRC;F23;;;165;316263;38404059886.0;;;5.48;5.47;5.54;5.48;5.47;5.47;0.0;0.0
140371;792173;2022-11-23;FRC;G23;;;60;45233;2259642346.0;;;5.97;5.97;6.0;5.98;5.98;5.98;0.0;5.98
140372;792174;2022-11-23;FRC;H23;;;15;18444;919142168.0;;;6.09;6.07;6.12;6.08;6.08;6.08;6.07;6.13
140373;792175;2022-11-23;FRC;J23;;;28;11049;1330636054.0;;;6.16;6.15;6.17;6.15;6.15;6.15;6.15;6.18
140374;792176;2022-11-23;FRC;K23;;;3;217;10754450.0;;;6.2;6.2;6.25;6.23;6.24;6.23;0.0;0.0
140375;792177;2022-11-23;FRC;M23;;;2;236;11664374.0;;;6.28;6.28;6.29;6.28;6.29;6.29;6.27;6.3
140376;792178;2022-11-23;FRC;N23;;;1;39;4679706.0;;;6.27;6.27;6.27;6.27;6.27;6.27;6.25;6.27
140377;792179;2022-11-23;FRC;Q23;;;1;392;19268641.0;;;6.38;6.38;6.38;6.38;6.38;6.38;0.0;0.0
140378;792180;2022-11-23;FRC;U23;;;10;3163;155035680.0;;;6.44;6.41;6.44;6.41;6.41;6.41;0.0;0.0
140379;792181;2022-11-23;FRC;V23;;;9;7795;923539994.0;;;6.43;6.43;6.43;6.43;6.43;6.43;0.0;0.0
140380;792182;2022-11-23;FRC;X23;;;7;2097;102227510.0;;;6.48;6.44;6.48;6.44;6.44;6.44;0.0;6.44
140381;792183;2022-11-23;FRC;F24;;;7;2009;236250133.0;;;6.47;6.45;6.48;6.46;6.45;6.45;6.45;0.0
140382;792184;2022-11-23;FRC;J24;;;7;1248;145643373.0;;;6.4;6.38;6.4;6.38;6.38;6.38;6.38;0.0
140383;792185;2022-11-23;FRC;N24;;;2;573;66356163.0;;;6.3;6.3;6.3;6.3;6.3;6.3;0.0;6.3
140384;792186;2022-11-23;FRC;V24;;;9;2126;100980083.0;;;6.19;6.11;6.19;6.15;6.11;6.15;6.16;0.0
140385;792187;2022-11-23;FRC;F25;;;2;849;97116085.0;;;6.04;6.04;6.06;6.05;6.06;6.04;6.04;6.1
140386;792188;2022-11-23;FRC;J25;;;1;188;8823824.0;;;5.92;5.92;5.92;5.92;5.92;5.92;0.0;0.0
140387;792189;2022-11-23;FRC;N25;;;0;0;0.0;;;0.0;0.0;0.0;0.0;0.0;5.83;5.81;0.0
140388;792190;2022-11-23;FRC;V25;;;2;205;9487951.0;;;5.7;5.7;5.74;5.73;5.74;5.74;0.0;0.0
140389;792191;2022-11-23;FRC;F26;;;1;37;4133485.0;;;5.7;5.7;5.7;5.7;5.7;5.69;5.69;0.0
140390;792192;2022-11-23;FRC;J26;;;0;0;0.0;;;0.0;0.0;0.0;0.0;0.0;5.61;0.0;0.0
140391;792193;2022-11-23;FRC;N26;;;0;0;0.0;;;0.0;0.0;0.0;0.0;0.0;5.57;0.0;0.0
140392;792194;2022-11-23;FRC;V26;;;2;911;41306754.0;;;5.49;5.49;5.54;5.53;5.54;5.54;0.0;0.0
140393;792195;2022-11-23;FRC;F27;;;7;1666;181947183.0;;;5.58;5.54;5.58;5.55;5.54;5.54;0.0;0.0
140394;792196;2022-11-23;FRC;J27;;;1;18;804112.0;;;5.5;5.5;5.5;5.5;5.5;5.52;0.0;0.0
140395;792197;2022-11-23;FRC;N27;;;1;180;8017681.0;;;5.5;5.5;5.5;5.5;5.5;5.5;0.0;0.0
140396;792198;2022-11-23;FRC;V27;;;1;179;7918621.0;;;5.53;5.53;5.53;5.53;5.53;5.53;0.0;0.0
140397;792199;2022-11-23;FRC;F28;;;3;1457;155036695.0;;;5.59;5.55;5.59;5.58;5.55;5.55;5.55;0.0
140398;792200;2022-11-23;FRC;F29;;;1;1744;180918503.0;;;5.58;5.58;5.58;5.58;5.58;5.58;5.58;0.0
140399;792201;2022-11-23;FRC;F30;;;0;0;0.0;;;0.0;0.0;0.0;0.0;0.0;5.7;0.0;5.7
140400;792202;2022-11-23;FRC;F31;;;1;168;16480398.0;;;5.82;5.82;5.82;5.82;5.82;5.82;0.0;0.0
140401;792203;2022-11-23;FRC;F32;;;1;823;32363893.0;;;5.94;5.94;5.94;5.94;5.94;5.94;0.0;0.0
140402;792204;2022-11-23;FRC;F33;;;0;0;0.0;;;0.0;0.0;0.0;0.0;0.0;6.14;0.0;0.0
140403;792205;2022-11-23;FRC;F34;;;0;0;0.0;;;0.0;0.0;0.0;0.0;0.0;6.44;0.0;0.0
140404;792206;2022-11-23;FRC;F35;;;0;0;0.0;;;0.0;0.0;0.0;0.0;0.0;6.63;0.0;0.0
140405;792207;2022-11-23;FRC;F36;;;0;0;0.0;;;0.0;0.0;0.0;0.0;0.0;6.8;0.0;0.0
140406;792208;2022-11-23;FRC;F37;;;0;0;0.0;;;0.0;0.0;0.0;0.0;0.0;6.92;0.0;0.0
140407;792377;2022-11-24;FRC;F23;;;15;29552;3569038276.0;;;5.49;5.44;5.49;5.46;5.45;5.45;0.0;5.45
140408;792378;2022-11-24;FRC;G23;;;65;46407;2287368290.0;;;5.96;5.93;5.96;5.95;5.96;5.96;5.94;5.95
140409;792379;2022-11-24;FRC;H23;;;6;1968;96764353.0;;;6.08;6.06;6.08;6.06;6.06;6.06;6.06;0.0
140410;792380;2022-11-24;FRC;J23;;;8;2970;355775952.0;;;6.13;6.13;6.13;6.13;6.13;6.13;6.13;0.0
140411;792381;2022-11-24;FRC;K23;;;8;4342;212323720.0;;;6.21;6.21;6.21;6.21;6.21;6.21;0.0;0.0
140412;792382;2022-11-24;FRC;M23;;;5;1044;50915627.0;;;6.25;6.25;6.26;6.25;6.26;6.26;0.0;0.0
140413;792383;2022-11-24;FRC;N23;;;2;1964;233475840.0;;;6.22;6.22;6.22;6.22;6.22;6.22;0.0;0.0
140414;792384;2022-11-24;FRC;Q23;;;0;0;0.0;;;0.0;0.0;0.0;0.0;0.0;6.33;0.0;0.0
140415;792385;2022-11-24;FRC;U23;;;4;3517;170125037.0;;;6.35;6.35;6.35;6.35;6.35;6.35;0.0;0.0
140416;792386;2022-11-24;FRC;V23;;;4;1189;140162101.0;;;6.41;6.35;6.41;6.35;6.35;6.35;6.35;0.0
140417;792387;2022-11-24;FRC;X23;;;0;0;0.0;;;0.0;0.0;0.0;0.0;0.0;6.37;0.0;0.0
140418;792388;2022-11-24;FRC;F24;;;8;4738;554059577.0;;;6.43;6.4;6.43;6.4;6.4;6.4;0.0;0.0
140419;792389;2022-11-24;FRC;J24;;;2;384;44595702.0;;;6.33;6.33;6.33;6.33;6.33;6.33;6.33;0.0
140420;792390;2022-11-24;FRC;N24;;;2;190;21949401.0;;;6.3;6.3;6.3;6.3;6.3;6.26;0.0;0.0
140421;792391;2022-11-24;FRC;V24;;;0;0;0.0;;;0.0;0.0;0.0;0.0;0.0;6.11;0.0;0.0
140422;792392;2022-11-24;FRC;F25;;;1;151;17182613.0;;;6.02;6.02;6.02;6.02;6.02;6.01;0.0;0.0
140423;792393;2022-11-24;FRC;J25;;;0;0;0.0;;;0.0;0.0;0.0;0.0;0.0;5.9;0.0;0.0
140424;792394;2022-11-24;FRC;N25;;;0;0;0.0;;;0.0;0.0;0.0;0.0;0.0;5.81;0.0;0.0
140425;792395;2022-11-24;FRC;V25;;;0;0;0.0;;;0.0;0.0;0.0;0.0;0.0;5.73;0.0;0.0
140426;792396;2022-11-24;FRC;F26;;;0;0;0.0;;;0.0;0.0;0.0;0.0;0.0;5.67;0.0;0.0
140427;792397;2022-11-24;FRC;J26;;;0;0;0.0;;;0.0;0.0;0.0;0.0;0.0;5.59;0.0;0.0
140428;792398;2022-11-24;FRC;N26;;;0;0;0.0;;;0.0;0.0;0.0;0.0;0.0;5.54;0.0;0.0
140429;792399;2022-11-24;FRC;V26;;;0;0;0.0;;;0.0;0.0;0.0;0.0;0.0;5.51;0.0;0.0
140430;792400;2022-11-24;FRC;F27;;;4;724;78781201.0;;;5.5;5.5;5.5;5.5;5.5;5.5;0.0;0.0
140431;792401;2022-11-24;FRC;J27;;;0;0;0.0;;;0.0;0.0;0.0;0.0;0.0;5.5;0.0;0.0
140432;792402;2022-11-24;FRC;N27;;;0;0;0.0;;;0.0;0.0;0.0;0.0;0.0;5.52;0.0;0.0
140433;792403;2022-11-24;FRC;V27;;;2;537;23450748.0;;;5.5;5.5;5.5;5.5;5.5;5.5;0.0;0.0
140434;792404;2022-11-24;FRC;F28;;;0;0;0.0;;;0.0;0.0;0.0;0.0;0.0;5.53;0.0;0.0
140435;792405;2022-11-24;FRC;F29;;;0;0;0.0;;;0.0;0.0;0.0;0.0;0.0;5.55;0.0;0.0
140436;792406;2022-11-24;FRC;F30;;;0;0;0.0;;;0.0;0.0;0.0;0.0;0.0;5.66;0.0;0.0
140437;792407;2022-11-24;FRC;F31;;;0;0;0.0;;;0.0;0.0;0.0;0.0;0.0;5.77;0.0;0.0
140438;792408;2022-11-24;FRC;F32;;;0;0;0.0;;;0.0;0.0;0.0;0.0;0.0;5.87;0.0;0.0
140439;792409;2022-11-24;FRC;F33;;;0;0;0.0;;;0.0;0.0;0.0;0.0;0.0;6.06;0.0;0.0
140440;792410;2022-11-24;FRC;F34;;;0;0;0.0;;;0.0;0.0;0.0;0.0;0.0;6.35;0.0;0.0
140441;792411;2022-11-24;FRC;F35;;;0;0;0.0;;;0.0;0.0;0.0;0.0;0.0;6.54;0.0;0.0
140442;792412;2022-11-24;FRC;F36;;;0;0;0.0;;;0.0;0.0;0.0;0.0;0.0;6.71;0.0;0.0
140443;792413;2022-11-24;FRC;F37;;;0;0;0.0;;;0.0;0.0;0.0;0.0;0.0;6.83;0.0;0.0
140444;792582;2022-11-25;FRC;F23;;;115;264433;32171889429.0;;;5.42;5.38;5.45;5.41;5.43;5.42;5.42;0.0
140445;792583;2022-11-25;FRC;G23;;;88;91035;4566388544.0;;;5.95;5.88;5.95;5.91;5.92;5.92;0.0;5.95
140446;792584;2022-11-25;FRC;H23;;;19;12391;620004724.0;;;6.03;6.01;6.07;6.06;6.07;6.07;6.06;6.09
140447;792585;2022-11-25;FRC;J23;;;14;8137;981869408.0;;;6.08;6.08;6.15;6.14;6.15;6.15;6.15;0.0
140448;792586;2022-11-25;FRC;K23;;;6;2171;108029875.0;;;6.23;6.23;6.23;6.23;6.23;6.23;6.23;0.0
140449;792587;2022-11-25;FRC;M23;;;14;16109;799508981.0;;;6.29;6.21;6.3;6.25;6.28;6.28;6.27;6.3
140450;792588;2022-11-25;FRC;N23;;;10;2357;282178654.0;;;6.26;6.26;6.26;6.26;6.26;6.26;0.0;0.0
140451;792589;2022-11-25;FRC;Q23;;;5;2548;125760796.0;;;6.36;6.36;6.36;6.36;6.36;6.36;0.0;0.0
140452;792590;2022-11-25;FRC;U23;;;1;59;2904532.0;;;6.39;6.39;6.39;6.39;6.39;6.4;0.0;6.4
140453;792591;2022-11-25;FRC;V23;;;14;4678;555280756.0;;;6.41;6.41;6.41;6.41;6.41;6.41;6.41;6.42
140454;792592;2022-11-25;FRC;X23;;;8;3789;185474223.0;;;6.37;6.37;6.43;6.42;6.43;6.43;0.0;0.0
140455;792593;2022-11-25;FRC;F24;;;13;5547;653498796.0;;;6.4;6.4;6.47;6.42;6.47;6.47;6.45;6.47
140456;792594;2022-11-25;FRC;J24;;;3;768;89767148.0;;;6.42;6.4;6.42;6.41;6.4;6.4;0.0;0.0
140457;792595;2022-11-25;FRC;N24;;;1;38;4420210.0;;;6.33;6.33;6.33;6.33;6.33;6.33;0.0;6.33
140458;792596;2022-11-25;FRC;V24;;;3;1517;72322569.0;;;6.18;6.18;6.18;6.18;6.18;6.18;6.15;0.0
140459;792597;2022-11-25;FRC;F25;;;6;4245;486559780.0;;;6.01;6.01;6.06;6.03;6.06;6.06;6.04;6.06
140460;792598;2022-11-25;FRC;J25;;;0;0;0.0;;;0.0;0.0;0.0;0.0;0.0;5.95;0.0;0.0
140461;792599;2022-11-25;FRC;N25;;;0;0;0.0;;;0.0;0.0;0.0;0.0;0.0;5.86;0.0;0.0
140462;792600;2022-11-25;FRC;V25;;;0;0;0.0;;;0.0;0.0;0.0;0.0;0.0;5.78;0.0;5.78
140463;792601;2022-11-25;FRC;F26;;;2;370;41400997.0;;;5.71;5.71;5.71;5.71;5.71;5.72;0.0;5.72
140464;792602;2022-11-25;FRC;J26;;;0;0;0.0;;;0.0;0.0;0.0;0.0;0.0;5.64;0.0;0.0
140465;792603;2022-11-25;FRC;N26;;;0;0;0.0;;;0.0;0.0;0.0;0.0;0.0;5.59;0.0;0.0
140466;792604;2022-11-25;FRC;V26;;;0;0;0.0;;;0.0;0.0;0.0;0.0;0.0;5.56;0.0;0.0
140467;792605;2022-11-25;FRC;F27;;;1;181;19811590.0;;;5.55;5.55;5.55;5.55;5.55;5.55;0.0;5.55
140468;792606;2022-11-25;FRC;J27;;;0;0;0.0;;;0.0;0.0;0.0;0.0;0.0;5.55;0.0;0.0
140469;792607;2022-11-25;FRC;N27;;;1;198;8851483.0;;;5.52;5.52;5.52;5.52;5.52;5.57;0.0;0.0
140470;792608;2022-11-25;FRC;V27;;;0;0;0.0;;;0.0;0.0;0.0;0.0;0.0;5.55;5.5;0.0
140471;792609;2022-11-25;FRC;F28;;;1;302;32227120.0;;;5.55;5.55;5.55;5.55;5.55;5.58;0.0;5.58
140472;792610;2022-11-25;FRC;F29;;;0;0;0.0;;;0.0;0.0;0.0;0.0;0.0;5.6;0.0;0.0
140473;792611;2022-11-25;FRC;F30;;;0;0;0.0;;;0.0;0.0;0.0;0.0;0.0;5.7;0.0;0.0
140474;792612;2022-11-25;FRC;F31;;;0;0;0.0;;;0.0;0.0;0.0;0.0;0.0;5.81;0.0;0.0
140475;792613;2022-11-25;FRC;F32;;;0;0;0.0;;;0.0;0.0;0.0;0.0;0.0;5.91;0.0;0.0
140476;792614;2022-11-25;FRC;F33;;;0;0;0.0;;;0.0;0.0;0.0;0.0;0.0;6.1;0.0;0.0
140477;792615;2022-11-25;FRC;F34;;;0;0;0.0;;;0.0;0.0;0.0;0.0;0.0;6.4;0.0;0.0
140478;792616;2022-11-25;FRC;F35;;;0;0;0.0;;;0.0;0.0;0.0;0.0;0.0;6.59;0.0;0.0
140479;792617;2022-11-25;FRC;F36;;;0;0;0.0;;;0.0;0.0;0.0;0.0;0.0;6.76;6.74;0.0
140480;792618;2022-11-25;FRC;F37;;;0;0;0.0;;;0.0;0.0;0.0;0.0;0.0;6.88;0.0;0.0
140481;792787;2022-11-28;FRC;F23;;;360;670049;81275292293.0;;;5.42;5.42;5.62;5.55;5.58;5.62;5.58;5.62
140482;792788;2022-11-28;FRC;G23;;;74;65426;3256405934.0;;;5.96;5.96;6.03;6.02;6.02;6.03;0.0;0.0
140483;792789;2022-11-28;FRC;H23;;;21;30587;1518607374.0;;;6.13;6.11;6.16;6.14;6.16;6.16;0.0;0.0
140484;792790;2022-11-28;FRC;J23;;;14;11599;1395575491.0;;;6.16;6.16;6.22;6.2;6.21;6.21;0.0;0.0
140485;792791;2022-11-28;FRC;K23;;;14;6295;310813048.0;;;6.23;6.23;6.3;6.28;6.29;6.29;0.0;0.0
140486;792792;2022-11-28;FRC;M23;;;12;6578;323911474.0;;;6.28;6.28;6.34;6.33;6.34;6.34;0.0;6.34
140487;792793;2022-11-28;FRC;N23;;;5;5204;621210797.0;;;6.28;6.28;6.3;6.29;6.3;6.31;0.0;0.0
140488;792794;2022-11-28;FRC;Q23;;;0;0;0.0;;;0.0;0.0;0.0;0.0;0.0;6.41;0.0;0.0
140489;792795;2022-11-28;FRC;U23;;;9;7423;362494632.0;;;6.43;6.43;6.44;6.43;6.44;6.44;0.0;0.0
140490;792796;2022-11-28;FRC;V23;;;11;7403;876209716.0;;;6.42;6.42;6.46;6.45;6.46;6.46;0.0;0.0
140491;792797;2022-11-28;FRC;X23;;;12;4781;232205793.0;;;6.45;6.43;6.47;6.46;6.47;6.47;0.0;0.0
140492;792798;2022-11-28;FRC;F24;;;8;3847;451653249.0;;;6.47;6.47;6.5;6.48;6.5;6.51;0.0;6.51
140493;792799;2022-11-28;FRC;J24;;;11;1978;230458045.0;;;6.41;6.41;6.44;6.43;6.44;6.44;0.0;0.0
140494;792800;2022-11-28;FRC;N24;;;14;3340;386328991.0;;;6.33;6.33;6.36;6.34;6.36;6.36;0.0;6.36
140495;792801;2022-11-28;FRC;V24;;;3;399;18877247.0;;;6.18;6.18;6.19;6.18;6.19;6.19;0.0;0.0
140496;792802;2022-11-28;FRC;F25;;;20;6094;696131720.0;;;6.05;6.05;6.12;6.06;6.07;6.07;6.06;0.0
140497;792803;2022-11-28;FRC;J25;;;2;282;13182695.0;;;5.95;5.95;5.95;5.95;5.95;5.95;0.0;0.0
140498;792804;2022-11-28;FRC;N25;;;1;19;2125433.0;;;5.85;5.85;5.85;5.85;5.85;5.84;5.84;0.0
140499;792805;2022-11-28;FRC;V25;;;4;930;42981510.0;;;5.75;5.75;5.75;5.75;5.75;5.75;0.0;0.0
140500;792806;2022-11-28;FRC;F26;;;11;3994;445893660.0;;;5.72;5.69;5.72;5.69;5.69;5.69;0.0;0.0
140501;792807;2022-11-28;FRC;J26;;;0;0;0.0;;;0.0;0.0;0.0;0.0;0.0;5.61;0.0;0.0
140502;792808;2022-11-28;FRC;N26;;;0;0;0.0;;;0.0;0.0;0.0;0.0;0.0;5.56;0.0;0.0
140503;792809;2022-11-28;FRC;V26;;;0;0;0.0;;;0.0;0.0;0.0;0.0;0.0;5.54;0.0;0.0
140504;792810;2022-11-28;FRC;F27;;;3;543;59291023.0;;;5.53;5.53;5.53;5.53;5.53;5.53;0.0;0.0
140505;792811;2022-11-28;FRC;J27;;;0;0;0.0;;;0.0;0.0;0.0;0.0;0.0;5.53;0.0;0.0
140506;792812;2022-11-28;FRC;N27;;;0;0;0.0;;;0.0;0.0;0.0;0.0;0.0;5.55;0.0;0.0
140507;792813;2022-11-28;FRC;V27;;;1;179;7888873.0;;;5.53;5.53;5.53;5.53;5.53;5.53;0.0;0.0
140508;792814;2022-11-28;FRC;F28;;;0;0;0.0;;;0.0;0.0;0.0;0.0;0.0;5.56;0.0;0.0
140509;792815;2022-11-28;FRC;F29;;;1;174;18056224.0;;;5.6;5.6;5.6;5.6;5.6;5.6;0.0;0.0
140510;792816;2022-11-28;FRC;F30;;;0;0;0.0;;;0.0;0.0;0.0;0.0;0.0;5.7;0.0;0.0
140511;792817;2022-11-28;FRC;F31;;;0;0;0.0;;;0.0;0.0;0.0;0.0;0.0;5.82;0.0;0.0
140512;792818;2022-11-28;FRC;F32;;;0;0;0.0;;;0.0;0.0;0.0;0.0;0.0;5.92;0.0;0.0
140513;792819;2022-11-28;FRC;F33;;;0;0;0.0;;;0.0;0.0;0.0;0.0;0.0;6.12;0.0;0.0
140514;792820;2022-11-28;FRC;F34;;;1;316;11614496.0;;;6.42;6.42;6.42;6.42;6.42;6.42;0.0;0.0
140515;792821;2022-11-28;FRC;F35;;;0;0;0.0;;;0.0;0.0;0.0;0.0;0.0;6.61;0.0;0.0
140516;792822;2022-11-28;FRC;F36;;;0;0;0.0;;;0.0;0.0;0.0;0.0;0.0;6.78;6.75;0.0
140517;792823;2022-11-28;FRC;F37;;;0;0;0.0;;;0.0;0.0;0.0;0.0;0.0;6.9;0.0;0.0
140518;792992;2022-11-29;FRC;G23;;;16;21740;2583314865.0;;;6.45;6.45;6.49;6.46;6.46;6.46;6.45;6.52
140519;792993;2022-11-29;FRC;H23;;;19;25809;3059496378.0;;;6.43;6.43;6.48;6.46;6.46;6.46;0.0;0.0
140520;792994;2022-11-29;FRC;J23;;;2;1607;303392596.0;;;6.4;6.4;6.45;6.44;6.45;6.42;6.42;6.45
140521;792995;2022-11-29;FRC;K23;;;1;198;23348654.0;;;6.48;6.48;6.48;6.48;6.48;6.47;6.46;6.48
140522;792996;2022-11-29;FRC;M23;;;27;10022;1177959463.0;;;6.46;6.46;6.49;6.47;6.49;6.49;6.49;0.0
140523;792997;2022-11-29;FRC;N23;;;17;7897;1479065234.0;;;6.44;6.44;6.44;6.44;6.44;6.44;6.44;0.0
140524;792998;2022-11-29;FRC;Q23;;;6;2945;344341677.0;;;6.54;6.54;6.54;6.54;6.54;6.54;0.0;0.0
140525;792999;2022-11-29;FRC;U23;;;11;4897;571114772.0;;;6.55;6.55;6.55;6.55;6.55;6.55;6.55;0.0
140526;793000;2022-11-29;FRC;V23;;;14;2679;497558863.0;;;6.55;6.55;6.57;6.56;6.57;6.57;0.0;0.0
140527;793001;2022-11-29;FRC;X23;;;18;12015;1393033294.0;;;6.52;6.52;6.6;6.57;6.6;6.6;0.0;0.0
140528;793002;2022-11-29;FRC;F24;;;21;15341;2825502235.0;;;6.58;6.58;6.62;6.6;6.62;6.62;0.0;0.0
140529;793003;2022-11-29;FRC;J24;;;0;0;0.0;;;0.0;0.0;0.0;0.0;0.0;6.52;0.0;0.0
140530;793004;2022-11-29;FRC;N24;;;15;1744;316763645.0;;;6.36;6.36;6.4;6.36;6.4;6.4;0.0;0.0
140531;793005;2022-11-29;FRC;V24;;;1;133;15017112.0;;;6.24;6.24;6.24;6.24;6.24;6.23;6.23;0.0
140532;793006;2022-11-29;FRC;F25;;;7;3024;542136377.0;;;6.12;6.12;6.12;6.12;6.12;6.12;0.0;0.0
140533;793007;2022-11-29;FRC;J25;;;0;0;0.0;;;0.0;0.0;0.0;0.0;0.0;6.0;0.0;0.0
140534;793008;2022-11-29;FRC;N25;;;1;187;33154009.0;;;5.86;5.86;5.86;5.86;5.86;5.9;0.0;0.0
140535;793009;2022-11-29;FRC;V25;;;0;0;0.0;;;0.0;0.0;0.0;0.0;0.0;5.82;0.0;0.0
140536;793010;2022-11-29;FRC;F26;;;1;74;12961184.0;;;5.74;5.74;5.74;5.74;5.74;5.74;0.0;0.0
140537;793011;2022-11-29;FRC;J26;;;0;0;0.0;;;0.0;0.0;0.0;0.0;0.0;5.65;0.0;0.0
140538;793012;2022-11-29;FRC;N26;;;0;0;0.0;;;0.0;0.0;0.0;0.0;0.0;5.6;0.0;0.0
140539;793013;2022-11-29;FRC;V26;;;0;0;0.0;;;0.0;0.0;0.0;0.0;0.0;5.59;0.0;0.0
140540;793014;2022-11-29;FRC;F27;;;5;910;155739922.0;;;5.58;5.58;5.58;5.58;5.58;5.58;0.0;0.0
140541;793015;2022-11-29;FRC;J27;;;0;0;0.0;;;0.0;0.0;0.0;0.0;0.0;5.59;0.0;0.0
140542;793016;2022-11-29;FRC;N27;;;0;0;0.0;;;0.0;0.0;0.0;0.0;0.0;5.61;0.0;0.0
140543;793017;2022-11-29;FRC;V27;;;0;0;0.0;;;0.0;0.0;0.0;0.0;0.0;5.6;5.55;0.0
140544;793018;2022-11-29;FRC;F28;;;0;0;0.0;;;0.0;0.0;0.0;0.0;0.0;5.63;0.0;5.63
140545;793019;2022-11-29;FRC;F29;;;1;174;28242866.0;;;5.7;5.7;5.7;5.7;5.7;5.7;0.0;0.0
140546;793020;2022-11-29;FRC;F30;;;1;171;27022041.0;;;5.8;5.8;5.8;5.8;5.8;5.8;0.0;0.0
140547;793021;2022-11-29;FRC;F31;;;1;972;149340805.0;;;5.92;5.92;5.92;5.92;5.92;5.91;5.88;0.0
140548;793022;2022-11-29;FRC;F32;;;0;0;0.0;;;0.0;0.0;0.0;0.0;0.0;6.01;0.0;0.0
140549;793023;2022-11-29;FRC;F33;;;0;0;0.0;;;0.0;0.0;0.0;0.0;0.0;6.2;0.0;0.0
140550;793024;2022-11-29;FRC;F34;;;2;632;55314343.0;;;6.49;6.49;6.49;6.49;6.49;6.49;0.0;0.0
140551;793025;2022-11-29;FRC;F35;;;0;0;0.0;;;0.0;0.0;0.0;0.0;0.0;6.68;0.0;0.0
140552;793026;2022-11-29;FRC;F36;;;0;0;0.0;;;0.0;0.0;0.0;0.0;0.0;6.85;6.8;0.0
140553;793027;2022-11-29;FRC;F37;;;0;0;0.0;;;0.0;0.0;0.0;0.0;0.0;6.97;0.0;0.0
140554;793198;2022-11-30;FRC;G23;;;21;26765;3185092952.0;;;6.56;6.51;6.56;6.51;6.51;6.51;6.51;0.0
140555;793199;2022-11-30;FRC;H23;;;6;2209;262263207.0;;;6.53;6.53;6.54;6.53;6.53;6.54;6.53;6.54
140556;793200;2022-11-30;FRC;J23;;;19;11984;2264719252.0;;;6.46;6.46;6.47;6.46;6.47;6.47;6.47;0.0
140557;793201;2022-11-30;FRC;K23;;;7;2969;350566886.0;;;6.49;6.49;6.49;6.49;6.49;6.49;6.49;0.0
140558;793202;2022-11-30;FRC;M23;;;11;9672;1138873733.0;;;6.5;6.5;6.5;6.5;6.5;6.5;0.0;0.0
140559;793203;2022-11-30;FRC;N23;;;24;19622;3678554805.0;;;6.52;6.46;6.52;6.46;6.46;6.46;0.0;0.0
140560;793204;2022-11-30;FRC;Q23;;;5;843;98625396.0;;;6.61;6.55;6.61;6.55;6.55;6.55;0.0;0.0
140561;793205;2022-11-30;FRC;U23;;;7;2742;320237076.0;;;6.57;6.57;6.57;6.57;6.57;6.57;0.0;0.0
140562;793206;2022-11-30;FRC;V23;;;19;15419;2866278766.0;;;6.66;6.58;6.66;6.58;6.58;6.58;0.0;0.0
140563;793207;2022-11-30;FRC;X23;;;20;9638;1118950078.0;;;6.65;6.6;6.69;6.61;6.61;6.61;0.0;6.61
140564;793208;2022-11-30;FRC;Z23;;;0;0;0.0;;;0.0;0.0;0.0;0.0;0.0;6.62;0.0;0.0
140565;793209;2022-11-30;FRC;F24;;;18;9393;1731782036.0;;;6.6;6.6;6.6;6.6;6.6;6.6;0.0;0.0
140566;793210;2022-11-30;FRC;J24;;;3;769;140751522.0;;;6.5;6.5;6.5;6.5;6.5;6.5;0.0;0.0
140567;793211;2022-11-30;FRC;N24;;;14;3764;684185847.0;;;6.48;6.38;6.48;6.38;6.38;6.38;0.0;0.0
140568;793212;2022-11-30;FRC;V24;;;10;1729;195507463.0;;;6.29;6.24;6.31;6.25;6.24;6.24;0.0;6.24
140569;793213;2022-11-30;FRC;F25;;;21;7558;1356419002.0;;;6.13;6.11;6.13;6.11;6.11;6.11;0.0;0.0
140570;793214;2022-11-30;FRC;J25;;;1;188;21000550.0;;;6.06;6.06;6.06;6.06;6.06;5.99;0.0;0.0
140571;793215;2022-11-30;FRC;N25;;;1;374;66343428.0;;;5.9;5.9;5.9;5.9;5.9;5.9;0.0;0.0
140572;793216;2022-11-30;FRC;V25;;;0;0;0.0;;;0.0;0.0;0.0;0.0;0.0;5.8;0.0;5.81
140573;793217;2022-11-30;FRC;F26;;;8;2222;389702693.0;;;5.72;5.72;5.72;5.72;5.72;5.72;0.0;0.0
140574;793218;2022-11-30;FRC;J26;;;0;0;0.0;;;0.0;0.0;0.0;0.0;0.0;5.63;0.0;0.0
140575;793219;2022-11-30;FRC;N26;;;0;0;0.0;;;0.0;0.0;0.0;0.0;0.0;5.59;0.0;0.0
140576;793220;2022-11-30;FRC;V26;;;0;0;0.0;;;0.0;0.0;0.0;0.0;0.0;5.58;0.0;0.0
140577;793221;2022-11-30;FRC;F27;;;3;727;124526060.0;;;5.58;5.58;5.58;5.58;5.58;5.58;0.0;0.0
140578;793222;2022-11-30;FRC;J27;;;1;181;19321944.0;;;5.57;5.57;5.57;5.57;5.57;5.57;0.0;0.0
140579;793223;2022-11-30;FRC;N27;;;2;234;24808925.0;;;5.63;5.59;5.63;5.59;5.59;5.59;0.0;0.0
140580;793224;2022-11-30;FRC;V27;;;1;179;18850179.0;;;5.6;5.6;5.6;5.6;5.6;5.6;5.55;0.0
140581;793225;2022-11-30;FRC;F28;;;3;712;118896107.0;;;5.6;5.6;5.6;5.6;5.6;5.6;0.0;5.6
140582;793226;2022-11-30;FRC;F29;;;1;52;8445326.0;;;5.69;5.69;5.69;5.69;5.69;5.69;0.0;5.69
140583;793227;2022-11-30;FRC;F30;;;1;171;27048526.0;;;5.8;5.8;5.8;5.8;5.8;5.8;0.0;0.0
140584;793228;2022-11-30;FRC;F31;;;4;839;129105879.0;;;5.91;5.91;5.91;5.91;5.91;5.91;0.0;0.0
140585;793229;2022-11-30;FRC;F32;;;2;576;53964032.0;;;6.01;6.01;6.01;6.01;6.01;6.01;0.0;0.0
140586;793230;2022-11-30;FRC;F33;;;0;0;0.0;;;0.0;0.0;0.0;0.0;0.0;6.19;0.0;0.0
140587;793231;2022-11-30;FRC;F34;;;5;948;83106825.0;;;6.48;6.48;6.48;6.48;6.48;6.48;0.0;0.0
140588;793232;2022-11-30;FRC;F35;;;1;155;13137156.0;;;6.7;6.7;6.7;6.7;6.7;6.67;0.0;0.0
140589;793233;2022-11-30;FRC;F36;;;1;152;12434957.0;;;6.9;6.9;6.9;6.9;6.9;6.84;0.0;0.0
140590;793234;2022-11-30;FRC;F37;;;0;0;0.0;;;0.0;0.0;0.0;0.0;0.0;6.96;0.0;0.0
140591;793406;2022-12-01;FRC;G23;;;28;48769;5795923335.0;;;6.44;6.4;6.44;6.42;6.43;6.43;0.0;6.43
140592;793407;2022-12-01;FRC;H23;;;33;52334;6204541741.0;;;6.38;6.37;6.44;6.4;6.41;6.41;0.0;6.4
140593;793408;2022-12-01;FRC;J23;;;27;16266;3072107497.0;;;6.37;6.33;6.37;6.33;6.33;6.33;0.0;0.0
140594;793409;2022-12-01;FRC;K23;;;3;1386;163471332.0;;;6.36;6.36;6.36;6.36;6.36;6.36;0.0;0.0
140595;793410;2022-12-01;FRC;M23;;;8;3848;452449576.0;;;6.35;6.35;6.35;6.35;6.35;6.35;0.0;0.0
140596;793411;2022-12-01;FRC;N23;;;18;12604;2361916989.0;;;6.31;6.3;6.38;6.31;6.3;6.3;0.0;0.0
140597;793412;2022-12-01;FRC;Q23;;;6;1373;160489646.0;;;6.38;6.38;6.38;6.38;6.38;6.38;0.0;0.0
140598;793413;2022-12-01;FRC;U23;;;3;1176;137243964.0;;;6.41;6.41;6.41;6.41;6.41;6.41;0.0;0.0
140599;793414;2022-12-01;FRC;V23;;;10;47581;8842054854.0;;;6.52;6.46;6.52;6.46;6.46;6.46;0.0;0.0
140600;793415;2022-12-01;FRC;X23;;;6;27118;3145574134.0;;;6.55;6.5;6.55;6.5;6.5;6.5;0.0;0.0
140601;793416;2022-12-01;FRC;Z23;;;4;1845;213356614.0;;;6.53;6.53;6.53;6.53;6.53;6.53;0.0;0.0
140602;793417;2022-12-01;FRC;F24;;;18;32133;5921984228.0;;;6.55;6.49;6.55;6.52;6.51;6.52;0.0;6.52
140603;793418;2022-12-01;FRC;J24;;;4;961;175834765.0;;;6.42;6.42;6.42;6.42;6.42;6.42;0.0;6.42
140604;793419;2022-12-01;FRC;N24;;;3;554;100677086.0;;;6.3;6.3;6.3;6.3;6.3;6.3;0.0;6.3
140605;793420;2022-12-01;FRC;V24;;;2;209;23606722.0;;;6.16;6.16;6.16;6.16;6.16;6.16;0.0;6.16
140606;793421;2022-12-01;FRC;F25;;;20;5425;973666918.0;;;6.02;6.02;6.02;6.02;6.02;6.02;0.0;6.02
140607;793422;2022-12-01;FRC;J25;;;3;658;73447769.0;;;5.9;5.9;5.9;5.9;5.9;5.9;0.0;5.9
140608;793423;2022-12-01;FRC;N25;;;1;187;33193292.0;;;5.77;5.77;5.77;5.77;5.77;5.77;0.0;0.0
140609;793424;2022-12-01;FRC;V25;;;8;3355;370750753.0;;;5.63;5.63;5.63;5.63;5.63;5.63;0.0;0.0
140610;793425;2022-12-01;FRC;F26;;;1;556;97503007.0;;;5.67;5.67;5.67;5.67;5.67;5.55;0.0;0.0
140611;793426;2022-12-01;FRC;J26;;;0;0;0.0;;;0.0;0.0;0.0;0.0;0.0;5.46;0.0;0.0
140612;793427;2022-12-01;FRC;N26;;;0;0;0.0;;;0.0;0.0;0.0;0.0;0.0;5.41;0.0;0.0
140613;793428;2022-12-01;FRC;V26;;;0;0;0.0;;;0.0;0.0;0.0;0.0;0.0;5.4;0.0;0.0
140614;793429;2022-12-01;FRC;F27;;;5;910;156239728.0;;;5.4;5.4;5.4;5.4;5.4;5.4;0.0;5.4
140615;793430;2022-12-01;FRC;J27;;;0;0;0.0;;;0.0;0.0;0.0;0.0;0.0;5.39;0.0;0.0
140616;793431;2022-12-01;FRC;N27;;;0;0;0.0;;;0.0;0.0;0.0;0.0;0.0;5.41;0.0;5.43
140617;793432;2022-12-01;FRC;V27;;;0;0;0.0;;;0.0;0.0;0.0;0.0;0.0;5.43;0.0;5.44
140618;793433;2022-12-01;FRC;F28;;;2;179;29977872.0;;;5.45;5.45;5.45;5.45;5.45;5.43;0.0;5.45
140619;793434;2022-12-01;FRC;F29;;;2;350;57093790.0;;;5.53;5.53;5.53;5.53;5.53;5.53;0.0;5.53
140620;793435;2022-12-01;FRC;F30;;;0;0;0.0;;;0.0;0.0;0.0;0.0;0.0;5.64;0.0;0.0
140621;793436;2022-12-01;FRC;F31;;;7;1076;166248720.0;;;5.75;5.75;5.75;5.75;5.75;5.75;0.0;0.0
140622;793437;2022-12-01;FRC;F32;;;1;182;17152902.0;;;5.85;5.85;5.85;5.85;5.85;5.86;0.0;0.0
140623;793438;2022-12-01;FRC;F33;;;0;0;0.0;;;0.0;0.0;0.0;0.0;0.0;6.04;0.0;0.0
140624;793439;2022-12-01;FRC;F34;;;2;318;28092868.0;;;6.34;6.34;6.34;6.34;6.34;6.34;0.0;0.0
140625;793440;2022-12-01;FRC;F35;;;11;1705;144485145.0;;;6.61;6.61;6.61;6.61;6.61;6.61;0.0;0.0
140626;793441;2022-12-01;FRC;F36;;;0;0;0.0;;;0.0;0.0;0.0;0.0;0.0;6.78;0.0;0.0
140627;793442;2022-12-01;FRC;F37;;;0;0;0.0;;;0.0;0.0;0.0;0.0;0.0;6.9;0.0;0.0
140628;793614;2022-12-02;FRC;G23;;;15;17749;2148799551.0;;;6.45;6.3;6.45;6.36;6.34;6.34;0.0;0.0
140629;793615;2022-12-02;FRC;H23;;;9;7562;913420053.0;;;6.4;6.34;6.4;6.35;6.34;6.34;0.0;0.0
140630;793616;2022-12-02;FRC;J23;;;8;5179;989731314.0;;;6.33;6.29;6.33;6.31;6.29;6.29;0.0;0.0
140631;793617;2022-12-02;FRC;K23;;;9;4752;571015681.0;;;6.33;6.33;6.33;6.33;6.33;6.33;0.0;0.0
140632;793618;2022-12-02;FRC;M23;;;3;987;118255506.0;;;6.35;6.35;6.35;6.35;6.35;6.35;0.0;6.35
140633;793619;2022-12-02;FRC;N23;;;4;1969;373348822.0;;;6.31;6.31;6.31;6.31;6.31;6.31;0.0;0.0
140634;793620;2022-12-02;FRC;Q23;;;6;1962;233673682.0;;;6.38;6.38;6.42;6.41;6.42;6.42;0.0;0.0
140635;793621;2022-12-02;FRC;U23;;;0;0;0.0;;;0.0;0.0;0.0;0.0;0.0;6.45;0.0;0.0
140636;793622;2022-12-02;FRC;V23;;;7;1561;293469439.0;;;6.49;6.49;6.49;6.49;6.49;6.49;0.0;6.49
140637;793623;2022-12-02;FRC;X23;;;0;0;0.0;;;0.0;0.0;0.0;0.0;0.0;6.52;0.0;0.0
140638;793624;2022-12-02;FRC;Z23;;;7;2565;302294283.0;;;6.53;6.53;6.53;6.53;6.53;6.53;0.0;0.0
140639;793625;2022-12-02;FRC;F24;;;14;5430;1012592823.0;;;6.52;6.51;6.52;6.51;6.51;6.52;0.0;6.52
140640;793626;2022-12-02;FRC;J24;;;0;0;0.0;;;0.0;0.0;0.0;0.0;0.0;6.41;0.0;0.0
140641;793627;2022-12-02;FRC;N24;;;0;0;0.0;;;0.0;0.0;0.0;0.0;0.0;6.28;0.0;0.0
140642;793628;2022-12-02;FRC;V24;;;0;0;0.0;;;0.0;0.0;0.0;0.0;0.0;6.12;0.0;0.0
140643;793629;2022-12-02;FRC;F25;;;7;1890;343276958.0;;;6.07;5.97;6.07;6.0;5.97;5.97;5.97;0.0
140644;793630;2022-12-02;FRC;J25;;;0;0;0.0;;;0.0;0.0;0.0;0.0;0.0;5.87;0.0;0.0
140645;793631;2022-12-02;FRC;N25;;;0;0;0.0;;;0.0;0.0;0.0;0.0;0.0;5.77;0.0;5.77
140646;793632;2022-12-02;FRC;V25;;;0;0;0.0;;;0.0;0.0;0.0;0.0;0.0;5.65;0.0;5.65
140647;793633;2022-12-02;FRC;F26;;;9;2785;494809401.0;;;5.61;5.55;5.61;5.58;5.55;5.55;0.0;0.0
140648;793634;2022-12-02;FRC;J26;;;0;0;0.0;;;0.0;0.0;0.0;0.0;0.0;5.46;0.0;0.0
140649;793635;2022-12-02;FRC;N26;;;0;0;0.0;;;0.0;0.0;0.0;0.0;0.0;5.4;0.0;0.0
140650;793636;2022-12-02;FRC;V26;;;0;0;0.0;;;0.0;0.0;0.0;0.0;0.0;5.39;0.0;0.0
140651;793637;2022-12-02;FRC;F27;;;4;801;139123376.0;;;5.45;5.38;5.45;5.41;5.38;5.38;0.0;0.0
140652;793638;2022-12-02;FRC;J27;;;1;181;19673701.0;;;5.45;5.45;5.45;5.45;5.45;5.37;0.0;0.0
140653;793639;2022-12-02;FRC;N27;;;0;0;0.0;;;0.0;0.0;0.0;0.0;0.0;5.39;0.0;0.0
140654;793640;2022-12-02;FRC;V27;;;0;0;0.0;;;0.0;0.0;0.0;0.0;0.0;5.41;0.0;0.0
140655;793641;2022-12-02;FRC;F28;;;4;712;120600802.0;;;5.5;5.41;5.5;5.43;5.41;5.41;0.0;5.41
140656;793642;2022-12-02;FRC;F29;;;3;507;83650878.0;;;5.6;5.51;5.6;5.53;5.51;5.51;0.0;0.0
140657;793643;2022-12-02;FRC;F30;;;1;171;27455700.0;;;5.64;5.64;5.64;5.64;5.64;5.64;0.0;5.64
140658;793644;2022-12-02;FRC;F31;;;1;168;26265337.0;;;5.74;5.74;5.74;5.74;5.74;5.74;0.0;0.0
140659;793645;2022-12-02;FRC;F32;;;0;0;0.0;;;0.0;0.0;0.0;0.0;0.0;5.86;5.86;0.0
140660;793646;2022-12-02;FRC;F33;;;0;0;0.0;;;0.0;0.0;0.0;0.0;0.0;6.04;0.0;0.0
140661;793647;2022-12-02;FRC;F34;;;0;0;0.0;;;0.0;0.0;0.0;0.0;0.0;6.34;0.0;0.0
140662;793648;2022-12-02;FRC;F35;;;0;0;0.0;;;0.0;0.0;0.0;0.0;0.0;6.61;0.0;0.0
140663;793649;2022-12-02;FRC;F36;;;0;0;0.0;;;0.0;0.0;0.0;0.0;0.0;6.78;0.0;0.0
140664;793650;2022-12-02;FRC;F37;;;0;0;0.0;;;0.0;0.0;0.0;0.0;0.0;6.9;0.0;0.0
140665;793818;2022-12-05;FRC;G23;;;8;13743;1678123956.0;;;6.34;6.34;6.34;6.34;6.34;6.34;6.34;0.0
140666;793819;2022-12-05;FRC;H23;;;9;6567;799971424.0;;;6.34;6.34;6.34;6.34;6.34;6.34;6.35;0.0
140667;793820;2022-12-05;FRC;J23;;;7;2837;545186261.0;;;6.29;6.29;6.29;6.29;6.29;6.29;6.29;0.0
140668;793821;2022-12-05;FRC;K23;;;8;5325;645215656.0;;;6.33;6.32;6.33;6.32;6.32;6.32;0.0;0.0
140669;793822;2022-12-05;FRC;M23;;;9;5526;667611901.0;;;6.35;6.35;6.36;6.35;6.36;6.36;6.36;6.4
140670;793823;2022-12-05;FRC;N23;;;1;886;168926961.0;;;6.31;6.31;6.31;6.31;6.31;6.33;6.34;0.0
140671;793824;2022-12-05;FRC;Q23;;;1;98;11763210.0;;;6.42;6.42;6.42;6.42;6.42;6.46;0.0;0.0
140672;793825;2022-12-05;FRC;U23;;;3;470;56318793.0;;;6.45;6.45;6.5;6.49;6.5;6.5;0.0;0.0
140673;793826;2022-12-05;FRC;V23;;;7;7146;1350740276.0;;;6.49;6.49;6.55;6.52;6.53;6.53;6.53;0.0
140674;793827;2022-12-05;FRC;X23;;;7;1715;204419936.0;;;6.52;6.52;6.57;6.54;6.57;6.57;0.0;0.0
140675;793828;2022-12-05;FRC;Z23;;;10;3516;417785808.0;;;6.53;6.53;6.56;6.54;6.56;6.56;6.56;0.0
140676;793829;2022-12-05;FRC;F24;;;9;3199;599762061.0;;;6.52;6.52;6.56;6.54;6.56;6.56;6.56;0.0
140677;793830;2022-12-05;FRC;J24;;;1;462;86013325.0;;;6.41;6.41;6.41;6.41;6.41;6.46;0.0;0.0
140678;793831;2022-12-05;FRC;N24;;;3;784;144956836.0;;;6.28;6.28;6.34;6.3;6.34;6.35;0.0;0.0
140679;793832;2022-12-05;FRC;V24;;;1;247;28667102.0;;;6.12;6.12;6.12;6.12;6.12;6.19;0.0;0.0
140680;793833;2022-12-05;FRC;F25;;;11;3763;687053556.0;;;5.97;5.97;6.07;6.03;6.07;6.07;0.0;6.07
140681;793834;2022-12-05;FRC;J25;;;1;151;17367101.0;;;5.87;5.87;5.87;5.87;5.87;5.94;0.0;0.0
140682;793835;2022-12-05;FRC;N25;;;4;692;124916795.0;;;5.77;5.77;5.81;5.8;5.81;5.81;0.0;0.0
140683;793836;2022-12-05;FRC;V25;;;9;2682;304242886.0;;;5.65;5.65;5.69;5.68;5.69;5.69;0.0;0.0
140684;793837;2022-12-05;FRC;F26;;;2;1595;284865250.0;;;5.55;5.55;5.61;5.59;5.61;5.6;0.0;0.0
140685;793838;2022-12-05;FRC;J26;;;1;18;1983208.0;;;5.46;5.46;5.46;5.46;5.46;5.52;0.0;0.0
140686;793839;2022-12-05;FRC;N26;;;0;0;0.0;;;0.0;0.0;0.0;0.0;0.0;5.46;0.0;0.0
140687;793840;2022-12-05;FRC;V26;;;6;3163;351029266.0;;;5.39;5.39;5.44;5.43;5.44;5.46;0.0;5.46
140688;793841;2022-12-05;FRC;F27;;;13;6621;1155520814.0;;;5.38;5.38;5.46;5.44;5.46;5.46;0.0;5.46
140689;793842;2022-12-05;FRC;J27;;;1;72;7862534.0;;;5.37;5.37;5.37;5.37;5.37;5.44;0.0;0.0
140690;793843;2022-12-05;FRC;N27;;;0;0;0.0;;;0.0;0.0;0.0;0.0;0.0;5.45;0.0;0.0
140691;793844;2022-12-05;FRC;V27;;;0;0;0.0;;;0.0;0.0;0.0;0.0;0.0;5.45;0.0;0.0
140692;793845;2022-12-05;FRC;F28;;;5;1818;309506639.0;;;5.41;5.41;5.47;5.45;5.45;5.45;0.0;5.45
140693;793846;2022-12-05;FRC;F29;;;6;1486;246563964.0;;;5.51;5.51;5.53;5.52;5.53;5.53;0.0;0.0
140694;793847;2022-12-05;FRC;F30;;;1;171;27604764.0;;;5.64;5.64;5.64;5.64;5.64;5.69;0.0;0.0
140695;793848;2022-12-05;FRC;F31;;;4;689;108136731.0;;;5.74;5.74;5.82;5.79;5.82;5.82;0.0;0.0
140696;793849;2022-12-05;FRC;F32;;;0;0;0.0;;;0.0;0.0;0.0;0.0;0.0;5.93;0.0;5.95
140697;793850;2022-12-05;FRC;F33;;;0;0;0.0;;;0.0;0.0;0.0;0.0;0.0;6.09;0.0;0.0
140698;793851;2022-12-05;FRC;F34;;;0;0;0.0;;;0.0;0.0;0.0;0.0;0.0;6.38;0.0;0.0
140699;793852;2022-12-05;FRC;F35;;;2;310;26976337.0;;;6.64;6.64;6.64;6.64;6.64;6.64;0.0;0.0
140700;793853;2022-12-05;FRC;F36;;;0;0;0.0;;;0.0;0.0;0.0;0.0;0.0;6.81;0.0;0.0
140701;793854;2022-12-05;FRC;F37;;;0;0;0.0;;;0.0;0.0;0.0;0.0;0.0;6.93;0.0;0.0
140702;793999;2022-12-06;FRC;G23;;;33;70211;8495806737.0;;;6.38;6.35;6.41;6.37;6.36;6.35;6.35;6.38
140703;794000;2022-12-06;FRC;H23;;;20;14726;1777669527.0;;;6.35;6.35;6.38;6.35;6.38;6.35;6.35;6.38
140704;794001;2022-12-06;FRC;J23;;;6;2599;496623514.0;;;6.3;6.3;6.3;6.3;6.3;6.3;6.3;0.0
140705;794002;2022-12-06;FRC;K23;;;16;12571;1509488617.0;;;6.33;6.33;6.33;6.33;6.33;6.33;6.33;0.0
140706;794003;2022-12-06;FRC;M23;;;14;8588;1028396311.0;;;6.35;6.35;6.35;6.35;6.35;6.35;6.35;6.4
140707;794004;2022-12-06;FRC;N23;;;12;5358;1015779019.0;;;6.36;6.32;6.36;6.32;6.35;6.32;0.0;6.4
140708;794005;2022-12-06;FRC;Q23;;;3;588;69940677.0;;;6.44;6.44;6.44;6.44;6.44;6.44;0.0;6.44
140709;794006;2022-12-06;FRC;U23;;;4;2547;302540255.0;;;6.47;6.47;6.47;6.47;6.47;6.47;0.0;6.47
140710;794007;2022-12-06;FRC;V23;;;17;9747;1832115889.0;;;6.53;6.49;6.57;6.5;6.49;6.49;0.0;6.49
140711;794008;2022-12-06;FRC;X23;;;16;9896;1168572312.0;;;6.57;6.54;6.57;6.55;6.54;6.55;0.0;6.55
140712;794009;2022-12-06;FRC;Z23;;;13;11638;1370537901.0;;;6.56;6.54;6.56;6.55;6.54;6.54;0.0;0.0
140713;794010;2022-12-06;FRC;F24;;;23;12501;2330626917.0;;;6.56;6.51;6.56;6.53;6.51;6.52;0.0;6.52
140714;794011;2022-12-06;FRC;J24;;;2;384;71075715.0;;;6.42;6.42;6.42;6.42;6.42;6.42;0.0;0.0
140715;794012;2022-12-06;FRC;N24;;;4;745;136963966.0;;;6.3;6.29;6.3;6.29;6.29;6.3;0.0;6.3
140716;794013;2022-12-06;FRC;V24;;;4;760;87410185.0;;;6.12;6.12;6.12;6.12;6.12;6.12;0.0;0.0
140717;794014;2022-12-06;FRC;F25;;;12;2003;363722499.0;;;6.07;5.98;6.07;6.0;5.98;5.99;0.0;5.99
140718;794015;2022-12-06;FRC;J25;;;2;320;36402510.0;;;5.87;5.87;5.87;5.87;5.87;5.87;0.0;0.0
140719;794016;2022-12-06;FRC;N25;;;1;112;20098860.0;;;5.81;5.81;5.81;5.81;5.81;5.74;0.0;0.0
140720;794017;2022-12-06;FRC;V25;;;0;0;0.0;;;0.0;0.0;0.0;0.0;0.0;5.63;0.0;0.0
140721;794018;2022-12-06;FRC;F26;;;8;1265;224799233.0;;;5.6;5.54;5.6;5.56;5.54;5.55;0.0;5.55
140722;794019;2022-12-06;FRC;J26;;;0;0;0.0;;;0.0;0.0;0.0;0.0;0.0;5.47;0.0;0.0
140723;794020;2022-12-06;FRC;N26;;;3;2077;365009605.0;;;5.46;5.42;5.46;5.45;5.42;5.42;0.0;5.42
140724;794021;2022-12-06;FRC;V26;;;0;0;0.0;;;0.0;0.0;0.0;0.0;0.0;5.41;0.0;5.4
140725;794022;2022-12-06;FRC;F27;;;5;1946;337636782.0;;;5.46;5.35;5.46;5.45;5.35;5.4;5.33;5.4
140726;794023;2022-12-06;FRC;J27;;;0;0;0.0;;;0.0;0.0;0.0;0.0;0.0;5.36;0.0;0.0
140727;794024;2022-12-06;FRC;N27;;;1;180;19438238.0;;;5.35;5.35;5.35;5.35;5.35;5.36;0.0;0.0
140728;794025;2022-12-06;FRC;V27;;;1;718;77193472.0;;;5.35;5.35;5.35;5.35;5.35;5.35;0.0;0.0
140729;794026;2022-12-06;FRC;F28;;;7;1268;215083479.0;;;5.45;5.35;5.45;5.37;5.35;5.35;0.0;0.0
140730;794027;2022-12-06;FRC;F29;;;4;4011;663495847.0;;;5.43;5.4;5.43;5.42;5.41;5.43;0.0;0.0
140731;794028;2022-12-06;FRC;F30;;;1;17;2729104.0;;;5.59;5.59;5.59;5.59;5.59;5.59;0.0;5.59
140732;794029;2022-12-06;FRC;F31;;;0;0;0.0;;;0.0;0.0;0.0;0.0;0.0;5.72;0.0;5.75
140733;794030;2022-12-06;FRC;F32;;;0;0;0.0;;;0.0;0.0;0.0;0.0;0.0;5.83;0.0;0.0
140734;794031;2022-12-06;FRC;F33;;;0;0;0.0;;;0.0;0.0;0.0;0.0;0.0;5.99;0.0;0.0
140735;794032;2022-12-06;FRC;F34;;;0;0;0.0;;;0.0;0.0;0.0;0.0;0.0;6.28;0.0;0.0
140736;794033;2022-12-06;FRC;F35;;;0;0;0.0;;;0.0;0.0;0.0;0.0;0.0;6.54;0.0;0.0
140737;794034;2022-12-06;FRC;F36;;;0;0;0.0;;;0.0;0.0;0.0;0.0;0.0;6.71;0.0;0.0
140738;794035;2022-12-06;FRC;F37;;;0;0;0.0;;;0.0;0.0;0.0;0.0;0.0;6.83;0.0;0.0
140739;794224;2022-12-07;FRC;G23;;;14;18849;2262896736.0;;;6.35;6.32;6.35;6.34;6.34;6.35;6.32;6.35
140740;794225;2022-12-07;FRC;H23;;;41;25958;3108181826.0;;;6.35;6.29;6.35;6.31;6.29;6.32;6.28;6.29
140741;794226;2022-12-07;FRC;J23;;;12;20279;3856232240.0;;;6.3;6.27;6.3;6.27;6.27;6.27;0.0;6.27
140742;794227;2022-12-07;FRC;K23;;;18;13879;1653616299.0;;;6.33;6.29;6.33;6.29;6.29;6.29;0.0;6.28
140743;794228;2022-12-07;FRC;M23;;;7;3474;412710265.0;;;6.35;6.29;6.35;6.29;6.29;6.29;0.0;6.29
140744;794229;2022-12-07;FRC;N23;;;9;3704;698915510.0;;;6.32;6.25;6.32;6.25;6.25;6.25;0.0;0.0
140745;794230;2022-12-07;FRC;Q23;;;3;1375;162508697.0;;;6.34;6.34;6.34;6.34;6.34;6.34;0.0;6.35
140746;794231;2022-12-07;FRC;U23;;;3;2156;254202695.0;;;6.32;6.32;6.32;6.32;6.32;6.32;0.0;0.0
140747;794232;2022-12-07;FRC;V23;;;21;9418;1762273033.0;;;6.49;6.36;6.49;6.41;6.36;6.36;0.0;0.0
140748;794233;2022-12-07;FRC;X23;;;4;780;91466982.0;;;6.4;6.4;6.4;6.4;6.4;6.4;0.0;6.4
140749;794234;2022-12-07;FRC;Z23;;;5;933;109069718.0;;;6.46;6.39;6.46;6.41;6.39;6.39;0.0;6.39
140750;794235;2022-12-07;FRC;F24;;;19;6595;1224563473.0;;;6.52;6.36;6.52;6.37;6.36;6.36;0.0;6.38
140751;794236;2022-12-07;FRC;J24;;;8;1599;294821999.0;;;6.42;6.27;6.42;6.27;6.27;6.27;0.0;0.0
140752;794237;2022-12-07;FRC;N24;;;12;4095;750012353.0;;;6.3;6.15;6.3;6.15;6.15;6.15;0.0;0.0
140753;794238;2022-12-07;FRC;V24;;;1;57;6504294.0;;;6.12;6.12;6.12;6.12;6.12;5.95;0.0;0.0
140754;794239;2022-12-07;FRC;F25;;;14;2970;537631621.0;;;5.99;5.8;5.99;5.82;5.8;5.8;0.0;0.0
140755;794240;2022-12-07;FRC;J25;;;1;38;4316403.0;;;5.87;5.87;5.87;5.87;5.87;5.69;0.0;0.0
140756;794241;2022-12-07;FRC;N25;;;0;0;0.0;;;0.0;0.0;0.0;0.0;0.0;5.57;0.0;0.0
140757;794242;2022-12-07;FRC;V25;;;2;56;6257747.0;;;5.63;5.61;5.63;5.62;5.61;5.47;0.0;0.0
140758;794243;2022-12-07;FRC;F26;;;2;167;29530016.0;;;5.55;5.55;5.55;5.55;5.55;5.39;0.0;0.0
140759;794244;2022-12-07;FRC;J26;;;0;0;0.0;;;0.0;0.0;0.0;0.0;0.0;5.31;0.0;0.0
140760;794245;2022-12-07;FRC;N26;;;0;0;0.0;;;0.0;0.0;0.0;0.0;0.0;5.26;0.0;0.0
140761;794246;2022-12-07;FRC;V26;;;2;36;3882995.0;;;5.41;5.37;5.41;5.39;5.37;5.25;0.0;0.0
140762;794247;2022-12-07;FRC;F27;;;0;0;0.0;;;0.0;0.0;0.0;0.0;0.0;5.24;0.0;5.24
140763;794248;2022-12-07;FRC;J27;;;1;18;1932807.0;;;5.36;5.36;5.36;5.36;5.36;5.2;0.0;0.0
140764;794249;2022-12-07;FRC;N27;;;0;0;0.0;;;0.0;0.0;0.0;0.0;0.0;5.2;0.0;0.0
140765;794250;2022-12-07;FRC;V27;;;1;18;1924832.0;;;5.31;5.31;5.31;5.31;5.31;5.19;0.0;0.0
140766;794251;2022-12-07;FRC;F28;;;2;574;97356166.0;;;5.35;5.15;5.35;5.16;5.15;5.19;0.0;0.0
140767;794252;2022-12-07;FRC;F29;;;2;71;11713388.0;;;5.43;5.4;5.43;5.42;5.4;5.27;0.0;0.0
140768;794253;2022-12-07;FRC;F30;;;1;17;2715859.0;;;5.59;5.59;5.59;5.59;5.59;5.43;0.0;0.0
140769;794254;2022-12-07;FRC;F31;;;1;50;7766931.0;;;5.72;5.72;5.72;5.72;5.72;5.55;0.0;0.0
140770;794255;2022-12-07;FRC;F32;;;0;0;0.0;;;0.0;0.0;0.0;0.0;0.0;5.66;5.6;0.0
140771;794256;2022-12-07;FRC;F33;;;0;0;0.0;;;0.0;0.0;0.0;0.0;0.0;5.82;0.0;0.0
140772;794257;2022-12-07;FRC;F34;;;0;0;0.0;;;0.0;0.0;0.0;0.0;0.0;6.11;0.0;0.0
140773;794258;2022-12-07;FRC;F35;;;1;156;13503594.0;;;6.37;6.37;6.37;6.37;6.37;6.37;6.3;0.0
140774;794259;2022-12-07;FRC;F36;;;0;0;0.0;;;0.0;0.0;0.0;0.0;0.0;6.54;6.5;0.0
140775;794260;2022-12-07;FRC;F37;;;0;0;0.0;;;0.0;0.0;0.0;0.0;0.0;6.66;0.0;0.0
140776;794427;2022-12-08;FRC;G23;;;248;115893;13979838619.0;;;6.19;6.12;6.25;6.2;6.25;6.25;0.0;6.24
140777;794428;2022-12-08;FRC;H23;;;42;95443;11485832031.0;;;6.28;6.1;6.28;6.18;6.21;6.16;0.0;6.16
140778;794429;2022-12-08;FRC;J23;;;109;74964;14301348923.0;;;6.14;6.08;6.17;6.12;6.15;6.15;0.0;6.15
140779;794430;2022-12-08;FRC;K23;;;4;574;68704943.0;;;6.17;6.17;6.18;6.17;6.18;6.17;0.0;6.17
140780;794431;2022-12-08;FRC;M23;;;5;867;103386736.0;;;6.18;6.16;6.18;6.16;6.18;6.16;0.0;6.17
140781;794432;2022-12-08;FRC;N23;;;19;9338;1767960011.0;;;6.12;6.12;6.13;6.12;6.12;6.12;0.0;0.0
140782;794433;2022-12-08;FRC;Q23;;;11;1924;228426411.0;;;6.22;6.21;6.23;6.21;6.21;6.21;0.0;0.0
140783;794434;2022-12-08;FRC;U23;;;13;4410;522469233.0;;;6.22;6.22;6.26;6.23;6.23;6.23;0.0;6.23
140784;794435;2022-12-08;FRC;V23;;;7;2600;488316353.0;;;6.24;6.24;6.24;6.24;6.24;6.24;0.0;6.24
140785;794436;2022-12-08;FRC;X23;;;6;4095;482566801.0;;;6.29;6.27;6.29;6.27;6.27;6.27;0.0;0.0
140786;794437;2022-12-08;FRC;Z23;;;34;21156;2487788988.0;;;6.29;6.22;6.29;6.22;6.22;6.22;6.22;6.23
140787;794438;2022-12-08;FRC;F24;;;21;11156;2079335623.0;;;6.27;6.2;6.31;6.21;6.21;6.2;0.0;0.0
140788;794439;2022-12-08;FRC;J24;;;3;579;107170867.0;;;6.19;6.12;6.19;6.14;6.12;6.12;0.0;0.0
140789;794440;2022-12-08;FRC;N24;;;1;192;35294950.0;;;6.08;6.08;6.08;6.08;6.08;6.02;0.0;6.02
140790;794441;2022-12-08;FRC;V24;;;1;19;2179830.0;;;5.91;5.91;5.91;5.91;5.91;5.83;5.8;0.0
140791;794442;2022-12-08;FRC;F25;;;17;3986;724636229.0;;;5.75;5.7;5.75;5.7;5.7;5.7;0.0;0.0
140792;794443;2022-12-08;FRC;J25;;;0;0;0.0;;;0.0;0.0;0.0;0.0;0.0;5.59;0.0;0.0
140793;794444;2022-12-08;FRC;N25;;;0;0;0.0;;;0.0;0.0;0.0;0.0;0.0;5.47;0.0;0.0
140794;794445;2022-12-08;FRC;V25;;;0;0;0.0;;;0.0;0.0;0.0;0.0;0.0;5.36;5.36;0.0
140795;794446;2022-12-08;FRC;F26;;;11;2604;463599320.0;;;5.28;5.26;5.28;5.27;5.26;5.28;5.26;0.0
140796;794447;2022-12-08;FRC;J26;;;0;0;0.0;;;0.0;0.0;0.0;0.0;0.0;5.2;0.0;0.0
140797;794448;2022-12-08;FRC;N26;;;0;0;0.0;;;0.0;0.0;0.0;0.0;0.0;5.15;0.0;0.0
140798;794449;2022-12-08;FRC;V26;;;0;0;0.0;;;0.0;0.0;0.0;0.0;0.0;5.14;0.0;0.0
140799;794450;2022-12-08;FRC;F27;;;13;2797;487287807.0;;;5.13;5.13;5.13;5.13;5.13;5.13;0.0;0.0
140800;794451;2022-12-08;FRC;J27;;;0;0;0.0;;;0.0;0.0;0.0;0.0;0.0;5.1;0.0;0.0
140801;794452;2022-12-08;FRC;N27;;;0;0;0.0;;;0.0;0.0;0.0;0.0;0.0;5.1;0.0;0.0
140802;794453;2022-12-08;FRC;V27;;;0;0;0.0;;;0.0;0.0;0.0;0.0;0.0;5.1;0.0;0.0
140803;794454;2022-12-08;FRC;F28;;;4;896;152567771.0;;;5.11;5.11;5.11;5.11;5.11;5.11;0.0;0.0
140804;794455;2022-12-08;FRC;F29;;;0;0;0.0;;;0.0;0.0;0.0;0.0;0.0;5.19;0.0;0.0
140805;794456;2022-12-08;FRC;F30;;;0;0;0.0;;;0.0;0.0;0.0;0.0;0.0;5.36;0.0;5.36
140806;794457;2022-12-08;FRC;F31;;;0;0;0.0;;;0.0;0.0;0.0;0.0;0.0;5.48;0.0;0.0
140807;794458;2022-12-08;FRC;F32;;;1;83;7989284.0;;;5.6;5.6;5.6;5.6;5.6;5.6;0.0;0.0
140808;794459;2022-12-08;FRC;F33;;;1;163;15249717.0;;;5.76;5.76;5.76;5.76;5.76;5.76;0.0;0.0
140809;794460;2022-12-08;FRC;F34;;;0;0;0.0;;;0.0;0.0;0.0;0.0;0.0;6.06;0.0;0.0
140810;794461;2022-12-08;FRC;F35;;;1;157;13768493.0;;;6.32;6.32;6.32;6.32;6.32;6.32;6.28;0.0
140811;794462;2022-12-08;FRC;F36;;;0;0;0.0;;;0.0;0.0;0.0;0.0;0.0;6.49;0.0;0.0
140812;794463;2022-12-08;FRC;F37;;;0;0;0.0;;;0.0;0.0;0.0;0.0;0.0;6.61;0.0;0.0
140813;794630;2022-12-09;FRC;G23;;;11;21344;2594815294.0;;;6.25;6.24;6.25;6.24;6.24;6.24;0.0;0.0
140814;794631;2022-12-09;FRC;H23;;;1;796;96541823.0;;;6.15;6.15;6.15;6.15;6.15;6.15;0.0;0.0
140815;794632;2022-12-09;FRC;J23;;;6;1387;265921417.0;;;6.12;6.12;6.12;6.12;6.12;6.12;0.0;6.14
140816;794633;2022-12-09;FRC;K23;;;3;990;119453438.0;;;6.14;6.14;6.14;6.14;6.14;6.14;0.0;6.15
140817;794634;2022-12-09;FRC;M23;;;16;7372;887618132.0;;;6.15;6.14;6.15;6.14;6.14;6.14;0.0;6.14
140818;794635;2022-12-09;FRC;N23;;;5;1576;299895420.0;;;6.12;6.08;6.12;6.09;6.08;6.08;0.0;0.0
140819;794636;2022-12-09;FRC;Q23;;;1;138;16554425.0;;;6.22;6.22;6.22;6.22;6.22;6.17;0.0;0.0
140820;794637;2022-12-09;FRC;U23;;;2;40;4835864.0;;;6.23;6.18;6.23;6.2;6.18;6.18;0.0;0.0
140821;794638;2022-12-09;FRC;V23;;;7;1762;332655575.0;;;6.19;6.19;6.19;6.19;6.19;6.19;0.0;0.0
140822;794639;2022-12-09;FRC;X23;;;6;1170;138969667.0;;;6.21;6.21;6.21;6.21;6.21;6.21;6.21;6.23
140823;794640;2022-12-09;FRC;Z23;;;7;18057;2139656257.0;;;6.22;6.18;6.22;6.21;6.18;6.19;0.0;0.0
140824;794641;2022-12-09;FRC;F24;;;13;26474;4959874519.0;;;6.21;6.15;6.21;6.18;6.15;6.15;0.0;6.15
140825;794642;2022-12-09;FRC;J24;;;18;14158;2634769677.0;;;6.12;6.07;6.12;6.07;6.07;6.07;0.0;0.0
140826;794643;2022-12-09;FRC;N24;;;4;959;177301208.0;;;5.97;5.97;5.97;5.97;5.97;5.97;0.0;5.97
140827;794644;2022-12-09;FRC;V24;;;5;1718;199356423.0;;;5.78;5.78;5.78;5.78;5.78;5.78;0.0;0.0
140828;794645;2022-12-09;FRC;F25;;;24;7591;1387767023.0;;;5.72;5.63;5.72;5.63;5.63;5.63;5.6;5.65
140829;794646;2022-12-09;FRC;J25;;;5;1889;216732758.0;;;5.51;5.51;5.51;5.51;5.51;5.51;0.0;0.0
140830;794647;2022-12-09;FRC;N25;;;0;0;0.0;;;0.0;0.0;0.0;0.0;0.0;5.39;0.0;0.0
140831;794648;2022-12-09;FRC;V25;;;5;1852;210226631.0;;;5.36;5.28;5.36;5.28;5.28;5.28;0.0;0.0
140832;794649;2022-12-09;FRC;F26;;;31;9754;1746826997.0;;;5.28;5.19;5.28;5.21;5.19;5.19;5.19;0.0
140833;794650;2022-12-09;FRC;J26;;;3;558;62847386.0;;;5.12;5.12;5.12;5.12;5.12;5.12;0.0;0.0
140834;794651;2022-12-09;FRC;N26;;;1;240;42562261.0;;;5.08;5.08;5.08;5.08;5.08;5.08;0.0;0.0
140835;794652;2022-12-09;FRC;V26;;;0;0;0.0;;;0.0;0.0;0.0;0.0;0.0;5.07;0.0;0.0
140836;794653;2022-12-09;FRC;F27;;;6;1464;256609635.0;;;5.07;5.07;5.07;5.07;5.07;5.07;5.05;0.0
140837;794654;2022-12-09;FRC;J27;;;0;0;0.0;;;0.0;0.0;0.0;0.0;0.0;5.04;0.0;0.0
140838;794655;2022-12-09;FRC;N27;;;0;0;0.0;;;0.0;0.0;0.0;0.0;0.0;5.03;0.0;0.0
140839;794656;2022-12-09;FRC;V27;;;0;0;0.0;;;0.0;0.0;0.0;0.0;0.0;5.03;0.0;5.03
140840;794657;2022-12-09;FRC;F28;;;4;720;123478720.0;;;5.03;5.03;5.03;5.03;5.03;5.03;0.0;5.03
140841;794658;2022-12-09;FRC;F29;;;0;0;0.0;;;0.0;0.0;0.0;0.0;0.0;5.08;5.08;0.0
140842;794659;2022-12-09;FRC;F30;;;5;1730;282276099.0;;;5.21;5.21;5.21;5.21;5.21;5.21;0.0;0.0
140843;794660;2022-12-09;FRC;F31;;;2;339;53733222.0;;;5.48;5.36;5.48;5.41;5.36;5.36;0.0;0.0
140844;794661;2022-12-09;FRC;F32;;;2;500;48776485.0;;;5.47;5.47;5.47;5.47;5.47;5.47;0.0;0.0
140845;794662;2022-12-09;FRC;F33;;;3;819;77741992.0;;;5.64;5.64;5.64;5.64;5.64;5.64;0.0;0.0
140846;794663;2022-12-09;FRC;F34;;;0;0;0.0;;;0.0;0.0;0.0;0.0;0.0;5.95;0.0;0.0
140847;794664;2022-12-09;FRC;F35;;;5;1256;111166028.0;;;6.22;6.22;6.22;6.22;6.22;6.22;0.0;0.0
140848;794665;2022-12-09;FRC;F36;;;0;0;0.0;;;0.0;0.0;0.0;0.0;0.0;6.39;0.0;0.0
140849;794666;2022-12-09;FRC;F37;;;0;0;0.0;;;0.0;0.0;0.0;0.0;0.0;6.51;0.0;0.0
140850;794833;2022-12-12;FRC;G23;;;18;38500;4710251161.0;;;6.24;6.2;6.24;6.2;6.2;6.2;0.0;0.0
140851;794834;2022-12-12;FRC;H23;;;37;54209;6616440936.0;;;6.17;6.12;6.17;6.12;6.12;6.12;0.0;6.12
140852;794835;2022-12-12;FRC;J23;;;47;75579;14552219171.0;;;6.09;6.07;6.11;6.07;6.07;6.07;0.0;0.0
140853;794836;2022-12-12;FRC;K23;;;1;792;96171177.0;;;6.09;6.09;6.09;6.09;6.09;6.09;6.07;6.1
140854;794837;2022-12-12;FRC;M23;;;6;5176;627016403.0;;;6.1;6.1;6.1;6.1;6.1;6.1;6.07;6.1
140855;794838;2022-12-12;FRC;N23;;;10;10520;2010463526.0;;;6.04;6.04;6.04;6.04;6.04;6.04;0.0;0.0
140856;794839;2022-12-12;FRC;Q23;;;7;1436;173136338.0;;;6.17;6.13;6.17;6.13;6.13;6.13;0.0;0.0
140857;794840;2022-12-12;FRC;U23;;;8;5116;614827699.0;;;6.14;6.14;6.14;6.14;6.14;6.14;6.14;0.0
140858;794841;2022-12-12;FRC;V23;;;21;78254;14836194414.0;;;6.17;6.17;6.17;6.17;6.17;6.17;0.0;0.0
140859;794842;2022-12-12;FRC;X23;;;13;7861;939854102.0;;;6.21;6.18;6.21;6.18;6.18;6.18;6.18;0.0
140860;794843;2022-12-12;FRC;Z23;;;10;3835;457469869.0;;;6.18;6.18;6.18;6.18;6.18;6.18;0.0;0.0
140861;794844;2022-12-12;FRC;F24;;;35;89109;16768011655.0;;;6.13;6.13;6.17;6.14;6.16;6.15;6.15;0.0
140862;794845;2022-12-12;FRC;J24;;;12;16819;3142925806.0;;;6.07;6.06;6.09;6.07;6.06;6.07;0.0;0.0
140863;794846;2022-12-12;FRC;N24;;;8;2532;470115480.0;;;5.95;5.95;5.97;5.95;5.96;5.97;5.95;5.97
140864;794847;2022-12-12;FRC;V24;;;0;0;0.0;;;0.0;0.0;0.0;0.0;0.0;5.81;0.0;5.82
140865;794848;2022-12-12;FRC;F25;;;22;6752;1239032142.0;;;5.61;5.61;5.7;5.67;5.67;5.67;5.64;5.67
140866;794849;2022-12-12;FRC;J25;;;0;0;0.0;;;0.0;0.0;0.0;0.0;0.0;5.55;0.0;0.0
140867;794850;2022-12-12;FRC;N25;;;5;940;170700409.0;;;5.44;5.44;5.44;5.44;5.44;5.44;0.0;0.0
140868;794851;2022-12-12;FRC;V25;;;0;0;0.0;;;0.0;0.0;0.0;0.0;0.0;5.36;0.0;5.36
140869;794852;2022-12-12;FRC;F26;;;21;9397;1688092865.0;;;5.19;5.19;5.31;5.28;5.31;5.31;0.0;0.0
140870;794853;2022-12-12;FRC;J26;;;0;0;0.0;;;0.0;0.0;0.0;0.0;0.0;5.23;0.0;0.0
140871;794854;2022-12-12;FRC;N26;;;0;0;0.0;;;0.0;0.0;0.0;0.0;0.0;5.19;0.0;5.19
140872;794855;2022-12-12;FRC;V26;;;0;0;0.0;;;0.0;0.0;0.0;0.0;0.0;5.17;0.0;5.17
140873;794856;2022-12-12;FRC;F27;;;17;4935;867116330.0;;;5.16;5.16;5.16;5.16;5.16;5.16;0.0;5.15
140874;794857;2022-12-12;FRC;J27;;;0;0;0.0;;;0.0;0.0;0.0;0.0;0.0;5.13;0.0;0.0
140875;794858;2022-12-12;FRC;N27;;;2;362;39759632.0;;;5.12;5.12;5.12;5.12;5.12;5.12;0.0;0.0
140876;794859;2022-12-12;FRC;V27;;;1;180;19641963.0;;;5.12;5.12;5.12;5.12;5.12;5.12;0.0;0.0
140877;794860;2022-12-12;FRC;F28;;;15;5030;865063521.0;;;5.08;5.08;5.08;5.08;5.08;5.08;0.0;5.08
140878;794861;2022-12-12;FRC;F29;;;5;880;147666679.0;;;5.15;5.15;5.15;5.15;5.15;5.15;0.0;5.15
140879;794862;2022-12-12;FRC;F30;;;0;0;0.0;;;0.0;0.0;0.0;0.0;0.0;5.25;0.0;0.0
140880;794863;2022-12-12;FRC;F31;;;13;4497;716901480.0;;;5.37;5.37;5.37;5.37;5.37;5.37;0.0;0.0
140881;794864;2022-12-12;FRC;F32;;;0;0;0.0;;;0.0;0.0;0.0;0.0;0.0;5.48;0.0;0.0
140882;794865;2022-12-12;FRC;F33;;;0;0;0.0;;;0.0;0.0;0.0;0.0;0.0;5.65;0.0;0.0
140883;794866;2022-12-12;FRC;F34;;;0;0;0.0;;;0.0;0.0;0.0;0.0;0.0;5.96;0.0;0.0
140884;794867;2022-12-12;FRC;F35;;;0;0;0.0;;;0.0;0.0;0.0;0.0;0.0;6.23;0.0;0.0
140885;794868;2022-12-12;FRC;F36;;;0;0;0.0;;;0.0;0.0;0.0;0.0;0.0;6.4;0.0;0.0
140886;794869;2022-12-12;FRC;F37;;;0;0;0.0;;;0.0;0.0;0.0;0.0;0.0;6.52;0.0;0.0
140887;795036;2022-12-13;FRC;G23;;;227;114358;13801550139.0;;;6.1;5.95;6.12;6.09;6.12;6.12;0.0;6.14
140888;795037;2022-12-13;FRC;H23;;;109;44959;5415683813.0;;;6.12;5.95;6.12;5.99;5.98;5.98;0.0;0.0
140889;795038;2022-12-13;FRC;J23;;;66;9142;1745677653.0;;;6.07;5.93;6.07;5.96;5.96;5.96;0.0;0.0
140890;795039;2022-12-13;FRC;K23;;;20;7227;865841863.0;;;6.06;5.86;6.06;5.97;5.96;5.96;5.96;0.0
140891;795040;2022-12-13;FRC;M23;;;14;5100;609793552.0;;;6.0;5.97;6.0;5.97;5.97;5.97;0.0;0.0
140892;795041;2022-12-13;FRC;N23;;;0;0;0.0;;;0.0;0.0;0.0;0.0;0.0;5.9;5.9;0.0
140893;795042;2022-12-13;FRC;Q23;;;8;3343;397636872.0;;;5.98;5.98;5.98;5.98;5.98;5.98;0.0;0.0
140894;795043;2022-12-13;FRC;U23;;;13;2020;239619073.0;;;6.05;6.0;6.05;6.0;6.0;6.0;6.0;0.0
140895;795044;2022-12-13;FRC;V23;;;8;1372;258067037.0;;;6.15;6.03;6.15;6.03;6.03;6.03;6.03;0.0
140896;795045;2022-12-13;FRC;X23;;;5;1112;131202420.0;;;6.17;6.04;6.17;6.05;6.05;6.04;6.04;0.0
140897;795046;2022-12-13;FRC;Z23;;;5;4088;481187047.0;;;6.07;6.07;6.07;6.07;6.07;6.07;0.0;0.0
140898;795047;2022-12-13;FRC;F24;;;10;2369;442191815.0;;;6.15;6.05;6.15;6.06;6.05;6.05;0.0;0.0
140899;795048;2022-12-13;FRC;J24;;;11;3242;601113664.0;;;6.0;5.96;6.0;5.96;5.96;5.96;0.0;0.0
140900;795049;2022-12-13;FRC;N24;;;5;1152;212228476.0;;;5.9;5.85;5.9;5.86;5.85;5.85;0.0;0.0
140901;795050;2022-12-13;FRC;V24;;;4;649;74784540.0;;;5.7;5.7;5.7;5.7;5.7;5.7;0.0;0.0
140902;795051;2022-12-13;FRC;F25;;;22;7388;1345864751.0;;;5.65;5.55;5.65;5.55;5.55;5.55;5.53;5.55
140903;795052;2022-12-13;FRC;J25;;;2;378;43088193.0;;;5.42;5.42;5.42;5.42;5.42;5.42;0.0;0.0
140904;795053;2022-12-13;FRC;N25;;;0;0;0.0;;;0.0;0.0;0.0;0.0;0.0;5.31;0.0;0.0
140905;795054;2022-12-13;FRC;V25;;;2;750;84685102.0;;;5.22;5.22;5.22;5.22;5.22;5.22;0.0;0.0
140906;795055;2022-12-13;FRC;F26;;;8;4529;808066762.0;;;5.17;5.17;5.17;5.17;5.17;5.17;0.0;0.0
140907;795056;2022-12-13;FRC;J26;;;0;0;0.0;;;0.0;0.0;0.0;0.0;0.0;5.09;0.0;0.0
140908;795057;2022-12-13;FRC;N26;;;0;0;0.0;;;0.0;0.0;0.0;0.0;0.0;5.04;0.0;0.0
140909;795058;2022-12-13;FRC;V26;;;0;0;0.0;;;0.0;0.0;0.0;0.0;0.0;5.02;0.0;0.0
140910;795059;2022-12-13;FRC;F27;;;13;3624;633160588.0;;;5.06;4.99;5.06;5.0;5.0;5.0;0.0;5.0
140911;795060;2022-12-13;FRC;J27;;;0;0;0.0;;;0.0;0.0;0.0;0.0;0.0;4.97;0.0;0.0
140912;795061;2022-12-13;FRC;N27;;;0;0;0.0;;;0.0;0.0;0.0;0.0;0.0;4.96;0.0;0.0
140913;795062;2022-12-13;FRC;V27;;;0;0;0.0;;;0.0;0.0;0.0;0.0;0.0;4.95;0.0;0.0
140914;795063;2022-12-13;FRC;F28;;;20;6660;1139928930.0;;;4.91;4.91;4.91;4.91;4.91;4.91;0.0;0.0
140915;795064;2022-12-13;FRC;F29;;;9;4241;708524642.0;;;5.05;4.95;5.05;5.0;4.95;4.95;4.95;0.0
140916;795065;2022-12-13;FRC;F30;;;3;4680;762219199.0;;;5.13;5.05;5.13;5.12;5.05;5.05;0.0;0.0
140917;795066;2022-12-13;FRC;F31;;;2;2467;391438094.0;;;5.27;5.17;5.27;5.25;5.17;5.18;0.0;0.0
140918;795067;2022-12-13;FRC;F32;;;1;167;16239910.0;;;5.3;5.3;5.3;5.3;5.3;5.3;0.0;0.0
140919;795068;2022-12-13;FRC;F33;;;0;0;0.0;;;0.0;0.0;0.0;0.0;0.0;5.46;0.0;0.0
140920;795069;2022-12-13;FRC;F34;;;1;161;14761471.0;;;5.76;5.76;5.76;5.76;5.76;5.76;0.0;0.0
140921;795070;2022-12-13;FRC;F35;;;0;0;0.0;;;0.0;0.0;0.0;0.0;0.0;6.03;0.0;0.0
140922;795071;2022-12-13;FRC;F36;;;0;0;0.0;;;0.0;0.0;0.0;0.0;0.0;6.2;0.0;0.0
140923;795072;2022-12-13;FRC;F37;;;0;0;0.0;;;0.0;0.0;0.0;0.0;0.0;6.32;0.0;0.0
140924;795239;2022-12-14;FRC;G23;;;67;122013;14842759327.0;;;6.12;6.06;6.12;6.09;6.07;6.07;0.0;0.0
140925;795240;2022-12-14;FRC;H23;;;42;41381;5023038495.0;;;5.98;5.92;5.99;5.96;5.94;5.94;0.0;0.0
140926;795241;2022-12-14;FRC;J23;;;20;5582;1071319464.0;;;5.93;5.91;5.93;5.91;5.91;5.91;0.0;0.0
140927;795242;2022-12-14;FRC;K23;;;8;9902;1195856197.0;;;5.96;5.92;5.96;5.93;5.92;5.92;5.92;0.0
140928;795243;2022-12-14;FRC;M23;;;11;11064;1332939276.0;;;5.96;5.94;5.96;5.94;5.94;5.94;0.0;0.0
140929;795244;2022-12-14;FRC;N23;;;9;11847;2257162374.0;;;5.89;5.89;5.89;5.89;5.89;5.89;5.89;0.0
140930;795245;2022-12-14;FRC;Q23;;;3;767;91957498.0;;;5.92;5.92;5.99;5.97;5.99;5.99;5.97;5.98
140931;795246;2022-12-14;FRC;U23;;;1;78;9292293.0;;;6.0;6.0;6.0;6.0;6.0;6.01;0.0;6.01
140932;795247;2022-12-14;FRC;V23;;;6;9508;1797376079.0;;;6.03;6.03;6.03;6.03;6.03;6.03;0.0;0.0
140933;795248;2022-12-14;FRC;X23;;;11;6830;812357545.0;;;6.05;6.05;6.05;6.05;6.05;6.05;0.0;0.0
140934;795249;2022-12-14;FRC;Z23;;;6;4283;504190895.0;;;6.06;6.06;6.06;6.06;6.06;6.06;0.0;6.06
140935;795250;2022-12-14;FRC;F24;;;12;3708;695645847.0;;;6.03;6.03;6.05;6.04;6.05;6.05;0.0;6.04
140936;795251;2022-12-14;FRC;J24;;;8;1737;323695012.0;;;5.96;5.96;5.96;5.96;5.96;5.96;0.0;5.95
140937;795252;2022-12-14;FRC;N24;;;2;2111;390890443.0;;;5.85;5.85;5.85;5.85;5.85;5.84;0.0;5.85
140938;795253;2022-12-14;FRC;V24;;;1;3817;443280940.0;;;5.68;5.68;5.68;5.68;5.68;5.67;0.0;0.0
140939;795254;2022-12-14;FRC;F25;;;23;9689;1774219791.0;;;5.55;5.53;5.55;5.53;5.53;5.53;0.0;0.0
140940;795255;2022-12-14;FRC;J25;;;0;0;0.0;;;0.0;0.0;0.0;0.0;0.0;5.4;0.0;0.0
140941;795256;2022-12-14;FRC;N25;;;0;0;0.0;;;0.0;0.0;0.0;0.0;0.0;5.3;0.0;0.0
140942;795257;2022-12-14;FRC;V25;;;6;1310;148889164.0;;;5.21;5.21;5.21;5.21;5.21;5.21;0.0;0.0
140943;795258;2022-12-14;FRC;F26;;;10;2513;450626220.0;;;5.16;5.16;5.16;5.16;5.16;5.16;0.0;5.16
140944;795259;2022-12-14;FRC;J26;;;0;0;0.0;;;0.0;0.0;0.0;0.0;0.0;5.07;0.0;0.0
140945;795260;2022-12-14;FRC;N26;;;0;0;0.0;;;0.0;0.0;0.0;0.0;0.0;5.01;0.0;0.0
140946;795261;2022-12-14;FRC;V26;;;3;736;81996800.0;;;4.98;4.98;4.98;4.98;4.98;4.98;0.0;0.0
140947;795262;2022-12-14;FRC;F27;;;11;2930;514690601.0;;;4.98;4.98;4.98;4.98;4.98;4.98;0.0;0.0
140948;795263;2022-12-14;FRC;J27;;;0;0;0.0;;;0.0;0.0;0.0;0.0;0.0;4.95;0.0;0.0
140949;795264;2022-12-14;FRC;N27;;;0;0;0.0;;;0.0;0.0;0.0;0.0;0.0;4.95;0.0;0.0
140950;795265;2022-12-14;FRC;V27;;;0;0;0.0;;;0.0;0.0;0.0;0.0;0.0;4.94;0.0;0.0
140951;795266;2022-12-14;FRC;F28;;;4;720;123850460.0;;;4.91;4.91;4.91;4.91;4.91;4.91;0.0;4.88
140952;795267;2022-12-14;FRC;F29;;;6;1239;208403988.0;;;4.95;4.9;4.95;4.93;4.9;4.95;0.0;4.92
140953;795268;2022-12-14;FRC;F30;;;0;0;0.0;;;0.0;0.0;0.0;0.0;0.0;5.04;0.0;5.04
140954;795269;2022-12-14;FRC;F31;;;3;341;54566368.0;;;5.15;5.15;5.15;5.15;5.15;5.17;0.0;5.17
140955;795270;2022-12-14;FRC;F32;;;0;0;0.0;;;0.0;0.0;0.0;0.0;0.0;5.28;0.0;5.3
140956;795271;2022-12-14;FRC;F33;;;1;164;15639657.0;;;5.43;5.43;5.43;5.43;5.43;5.44;5.37;0.0
140957;795272;2022-12-14;FRC;F34;;;4;644;59535690.0;;;5.73;5.73;5.73;5.73;5.73;5.73;0.0;0.0
140958;795273;2022-12-14;FRC;F35;;;0;0;0.0;;;0.0;0.0;0.0;0.0;0.0;6.0;0.0;0.0
140959;795274;2022-12-14;FRC;F36;;;0;0;0.0;;;0.0;0.0;0.0;0.0;0.0;6.17;0.0;0.0
140960;795275;2022-12-14;FRC;F37;;;0;0;0.0;;;0.0;0.0;0.0;0.0;0.0;6.29;0.0;0.0
140961;795443;2022-12-15;FRC;G23;;;33;81390;9795584281.0;;;6.08;6.08;6.14;6.12;6.14;6.14;6.1;0.0
140962;795444;2022-12-15;FRC;H23;;;65;30194;3625890413.0;;;5.94;5.93;5.94;5.93;5.93;5.93;0.0;0.0
140963;795445;2022-12-15;FRC;J23;;;14;8560;1631855143.0;;;5.9;5.9;5.92;5.91;5.92;5.92;0.0;0.0
140964;795446;2022-12-15;FRC;K23;;;4;1980;236537561.0;;;5.93;5.93;5.93;5.93;5.93;5.93;0.0;0.0
140965;795447;2022-12-15;FRC;M23;;;14;6876;819575309.0;;;5.93;5.93;5.93;5.93;5.93;5.93;0.0;0.0
140966;795448;2022-12-15;FRC;N23;;;11;11076;2096065610.0;;;5.87;5.87;5.93;5.9;5.91;5.91;0.0;0.0
140967;795449;2022-12-15;FRC;Q23;;;26;16515;1958426733.0;;;6.0;5.98;6.03;5.99;5.98;5.98;0.0;0.0
140968;795450;2022-12-15;FRC;U23;;;5;1568;185394105.0;;;6.0;6.0;6.0;6.0;6.0;6.0;0.0;0.0
140969;795451;2022-12-15;FRC;V23;;;25;35388;6645431578.0;;;6.01;6.01;6.01;6.01;6.01;6.01;0.0;0.0
140970;795452;2022-12-15;FRC;X23;;;0;0;0.0;;;0.0;0.0;0.0;0.0;0.0;6.03;0.0;0.0
140971;795453;2022-12-15;FRC;Z23;;;7;1695;199049171.0;;;6.06;6.02;6.06;6.04;6.02;6.04;6.02;0.0
140972;795454;2022-12-15;FRC;F24;;;23;7530;1403289540.0;;;6.04;6.02;6.05;6.03;6.04;6.04;6.02;0.0
140973;795455;2022-12-15;FRC;J24;;;17;3456;639805835.0;;;5.96;5.94;5.96;5.94;5.94;5.94;0.0;0.0
140974;795456;2022-12-15;FRC;N24;;;2;1151;211705619.0;;;5.85;5.82;5.85;5.84;5.82;5.82;0.0;0.0
140975;795457;2022-12-15;FRC;V24;;;6;993;114135443.0;;;5.7;5.66;5.7;5.66;5.66;5.66;0.0;0.0
140976;795458;2022-12-15;FRC;F25;;;18;6875;1250456145.0;;;5.53;5.42;5.54;5.53;5.54;5.54;0.0;0.0
140977;795459;2022-12-15;FRC;J25;;;4;964;109588379.0;;;5.39;5.38;5.41;5.39;5.38;5.38;0.0;0.0
140978;795460;2022-12-15;FRC;N25;;;2;244;43943958.0;;;5.26;5.26;5.26;5.26;5.26;5.29;5.26;5.3
140979;795461;2022-12-15;FRC;V25;;;0;0;0.0;;;0.0;0.0;0.0;0.0;0.0;5.2;0.0;0.0
140980;795462;2022-12-15;FRC;F26;;;2;205;36517251.0;;;5.16;5.16;5.16;5.16;5.16;5.16;0.0;5.16
140981;795463;2022-12-15;FRC;J26;;;3;224;25044495.0;;;5.07;5.07;5.07;5.07;5.07;5.07;0.0;0.0
140982;795464;2022-12-15;FRC;N26;;;2;370;65306504.0;;;5.0;5.0;5.0;5.0;5.0;5.0;0.0;0.0
140983;795465;2022-12-15;FRC;V26;;;1;184;20281126.0;;;4.97;4.97;4.97;4.97;4.97;4.97;0.0;0.0
140984;795466;2022-12-15;FRC;F27;;;11;4212;735208104.0;;;4.96;4.95;4.96;4.95;4.96;4.96;0.0;0.0
140985;795467;2022-12-15;FRC;J27;;;1;18;1943442.0;;;4.93;4.93;4.93;4.93;4.93;4.93;0.0;0.0
140986;795468;2022-12-15;FRC;N27;;;0;0;0.0;;;0.0;0.0;0.0;0.0;0.0;4.93;0.0;0.0
140987;795469;2022-12-15;FRC;V27;;;1;18;1935280.0;;;4.92;4.92;4.92;4.92;4.92;4.92;0.0;0.0
140988;795470;2022-12-15;FRC;F28;;;14;2718;464583010.0;;;4.9;4.89;4.9;4.89;4.89;4.89;0.0;4.89
140989;795471;2022-12-15;FRC;F29;;;2;36;6031475.0;;;4.93;4.91;4.93;4.92;4.91;4.91;0.0;0.0
140990;795472;2022-12-15;FRC;F30;;;0;0;0.0;;;0.0;0.0;0.0;0.0;0.0;4.99;0.0;0.0
140991;795473;2022-12-15;FRC;F31;;;1;171;27234926.0;;;5.1;5.1;5.1;5.1;5.1;5.1;5.1;0.0
140992;795474;2022-12-15;FRC;F32;;;1;838;81609976.0;;;5.23;5.23;5.23;5.23;5.23;5.23;0.0;0.0
140993;795475;2022-12-15;FRC;F33;;;1;658;62281068.0;;;5.42;5.42;5.42;5.42;5.42;5.4;5.38;0.0
140994;795476;2022-12-15;FRC;F34;;;3;483;44186035.0;;;5.71;5.71;5.71;5.71;5.71;5.71;0.0;0.0
140995;795477;2022-12-15;FRC;F35;;;0;0;0.0;;;0.0;0.0;0.0;0.0;0.0;5.98;0.0;0.0
140996;795478;2022-12-15;FRC;F36;;;0;0;0.0;;;0.0;0.0;0.0;0.0;0.0;6.15;0.0;0.0
140997;795479;2022-12-15;FRC;F37;;;0;0;0.0;;;0.0;0.0;0.0;0.0;0.0;6.27;0.0;0.0
140998;795645;2022-12-16;FRC;G23;;;82;184516;22245926789.0;;;6.14;6.13;6.21;6.13;6.21;6.15;0.0;6.15
140999;795646;2022-12-16;FRC;H23;;;14;23885;2873362636.0;;;5.95;5.95;5.95;5.95;5.95;5.95;0.0;0.0
141000;795647;2022-12-16;FRC;J23;;;29;48026;9166143017.0;;;5.92;5.92;5.94;5.92;5.93;5.93;0.0;0.0
141001;795648;2022-12-16;FRC;K23;;;16;10693;1279758119.0;;;5.93;5.93;5.93;5.93;5.93;5.93;0.0;5.93
141002;795649;2022-12-16;FRC;M23;;;10;7016;837874628.0;;;5.92;5.92;5.92;5.92;5.92;5.92;0.0;5.92
141003;795650;2022-12-16;FRC;N23;;;23;29372;5565488551.0;;;5.89;5.87;5.89;5.87;5.87;5.87;0.0;0.0
141004;795651;2022-12-16;FRC;Q23;;;9;3698;439461776.0;;;5.98;5.94;5.98;5.94;5.94;5.94;0.0;0.0
141005;795652;2022-12-16;FRC;U23;;;9;3569;422887925.0;;;6.01;5.96;6.01;5.96;5.96;5.96;0.0;0.0
141006;795653;2022-12-16;FRC;V23;;;14;8356;1571307538.0;;;5.96;5.96;5.96;5.96;5.96;5.96;5.96;0.0
141007;795654;2022-12-16;FRC;X23;;;9;9369;1104707534.0;;;5.96;5.96;5.96;5.96;5.96;5.96;0.0;0.0
141008;795655;2022-12-16;FRC;Z23;;;6;2338;275083384.0;;;5.98;5.98;5.98;5.98;5.98;5.98;0.0;5.98
141009;795656;2022-12-16;FRC;F24;;;11;10488;1957132892.0;;;6.05;5.99;6.05;6.01;5.99;5.99;0.0;5.98
141010;795657;2022-12-16;FRC;J24;;;3;4091;758256490.0;;;5.94;5.87;5.94;5.93;5.87;5.87;0.0;0.0
141011;795658;2022-12-16;FRC;N24;;;2;250;46054738.0;;;5.82;5.8;5.82;5.8;5.8;5.75;0.0;5.76
141012;795659;2022-12-16;FRC;V24;;;5;1126;129632525.0;;;5.64;5.59;5.64;5.59;5.59;5.59;0.0;5.59
141013;795660;2022-12-16;FRC;F25;;;14;4009;730616129.0;;;5.54;5.45;5.54;5.45;5.45;5.45;5.45;5.5
141014;795661;2022-12-16;FRC;J25;;;4;945;107647393.0;;;5.31;5.31;5.31;5.31;5.31;5.31;0.0;0.0
141015;795662;2022-12-16;FRC;N25;;;4;620;111867583.0;;;5.25;5.2;5.25;5.2;5.2;5.2;5.2;0.0
141016;795663;2022-12-16;FRC;V25;;;0;0;0.0;;;0.0;0.0;0.0;0.0;0.0;5.11;0.0;0.0
141017;795664;2022-12-16;FRC;F26;;;7;1178;210416361.0;;;5.06;5.06;5.06;5.06;5.06;5.06;0.0;0.0
141018;795665;2022-12-16;FRC;J26;;;0;0;0.0;;;0.0;0.0;0.0;0.0;0.0;4.98;0.0;0.0
141019;795666;2022-12-16;FRC;N26;;;5;1480;261806697.0;;;4.93;4.93;4.93;4.93;4.93;4.93;0.0;0.0
141020;795667;2022-12-16;FRC;V26;;;0;0;0.0;;;0.0;0.0;0.0;0.0;0.0;4.9;0.0;0.0
141021;795668;2022-12-16;FRC;F27;;;13;2692;471059090.0;;;4.88;4.88;4.88;4.88;4.88;4.88;0.0;0.0
141022;795669;2022-12-16;FRC;J27;;;0;0;0.0;;;0.0;0.0;0.0;0.0;0.0;4.85;0.0;0.0
141023;795670;2022-12-16;FRC;N27;;;0;0;0.0;;;0.0;0.0;0.0;0.0;0.0;4.85;0.0;0.0
141024;795671;2022-12-16;FRC;V27;;;3;543;58774259.0;;;4.84;4.84;4.84;4.84;4.84;4.84;0.0;0.0
141025;795672;2022-12-16;FRC;F28;;;5;900;154172338.0;;;4.84;4.84;4.84;4.84;4.84;4.84;0.0;0.0
141026;795673;2022-12-16;FRC;F29;;;3;531;88934529.0;;;4.88;4.88;4.88;4.88;4.88;4.88;0.0;0.0
141027;795674;2022-12-16;FRC;F30;;;0;0;0.0;;;0.0;0.0;0.0;0.0;0.0;4.96;0.0;0.0
141028;795675;2022-12-16;FRC;F31;;;2;2677;425984518.0;;;5.15;5.15;5.15;5.15;5.15;5.07;5.07;0.0
141029;795676;2022-12-16;FRC;F32;;;2;2512;244720012.0;;;5.28;5.28;5.28;5.28;5.28;5.2;0.0;0.0
141030;795677;2022-12-16;FRC;F33;;;1;197;18625250.0;;;5.48;5.48;5.48;5.48;5.48;5.37;0.0;0.0
141031;795678;2022-12-16;FRC;F34;;;0;0;0.0;;;0.0;0.0;0.0;0.0;0.0;5.68;0.0;0.0
141032;795679;2022-12-16;FRC;F35;;;0;0;0.0;;;0.0;0.0;0.0;0.0;0.0;5.95;0.0;0.0
141033;795680;2022-12-16;FRC;F36;;;0;0;0.0;;;0.0;0.0;0.0;0.0;0.0;6.12;0.0;0.0
141034;795681;2022-12-16;FRC;F37;;;0;0;0.0;;;0.0;0.0;0.0;0.0;0.0;6.24;0.0;0.0
141035;795846;2022-12-19;FRC;G23;;;118;207043;25134671635.0;;;6.18;6.15;6.24;6.18;6.17;6.17;0.0;6.17
141036;795847;2022-12-19;FRC;H23;;;29;33273;4029883055.0;;;5.98;5.97;5.99;5.97;5.97;5.97;5.95;5.97
141037;795848;2022-12-19;FRC;J23;;;32;40481;7761067270.0;;;5.95;5.91;5.98;5.93;5.93;5.93;5.92;5.93
141038;795849;2022-12-19;FRC;K23;;;10;4930;594061268.0;;;5.93;5.93;5.93;5.93;5.93;5.93;5.93;5.95
141039;795850;2022-12-19;FRC;M23;;;8;3558;427888778.0;;;5.92;5.92;5.92;5.92;5.92;5.92;5.91;5.92
141040;795851;2022-12-19;FRC;N23;;;26;13503;2570155679.0;;;5.89;5.87;5.89;5.87;5.87;5.87;0.0;0.0
141041;795852;2022-12-19;FRC;Q23;;;5;2163;258769629.0;;;5.94;5.94;5.94;5.94;5.94;5.94;5.94;5.96
141042;795853;2022-12-19;FRC;U23;;;0;0;0.0;;;0.0;0.0;0.0;0.0;0.0;5.97;0.0;0.0
141043;795854;2022-12-19;FRC;V23;;;9;9705;1833193654.0;;;5.96;5.96;5.98;5.96;5.97;5.97;5.97;0.0
141044;795855;2022-12-19;FRC;X23;;;12;9584;1137871268.0;;;5.96;5.96;5.98;5.96;5.98;5.98;0.0;0.0
141045;795856;2022-12-19;FRC;Z23;;;1;4674;553560919.0;;;6.0;6.0;6.0;6.0;6.0;5.99;0.0;5.99
141046;795857;2022-12-19;FRC;F24;;;33;13791;2585360134.0;;;6.0;5.99;6.01;5.99;5.99;5.99;0.0;0.0
141047;795858;2022-12-19;FRC;J24;;;11;1411;262802317.0;;;5.9;5.88;5.9;5.88;5.88;5.88;0.0;0.0
141048;795859;2022-12-19;FRC;N24;;;8;1190;220252207.0;;;5.77;5.76;5.79;5.76;5.76;5.76;0.0;0.0
141049;795860;2022-12-19;FRC;V24;;;0;0;0.0;;;0.0;0.0;0.0;0.0;0.0;5.6;0.0;0.0
141050;795861;2022-12-19;FRC;F25;;;8;1368;250383798.0;;;5.45;5.45;5.47;5.46;5.47;5.47;0.0;5.5
141051;795862;2022-12-19;FRC;J25;;;0;0;0.0;;;0.0;0.0;0.0;0.0;0.0;5.34;0.0;0.0
141052;795863;2022-12-19;FRC;N25;;;1;942;170707835.0;;;5.23;5.23;5.23;5.23;5.23;5.23;0.0;0.0
141053;795864;2022-12-19;FRC;V25;;;1;187;21203375.0;;;5.15;5.15;5.15;5.15;5.15;5.15;0.0;0.0
141054;795865;2022-12-19;FRC;F26;;;9;1234;221291271.0;;;5.06;5.06;5.1;5.09;5.1;5.1;5.1;0.0
141055;795866;2022-12-19;FRC;J26;;;0;0;0.0;;;0.0;0.0;0.0;0.0;0.0;5.02;0.0;0.0
141056;795867;2022-12-19;FRC;N26;;;2;555;98539790.0;;;4.98;4.98;4.98;4.98;4.98;4.98;0.0;0.0
141057;795868;2022-12-19;FRC;V26;;;5;1288;143215651.0;;;4.95;4.95;4.95;4.95;4.95;4.95;0.0;4.96
141058;795869;2022-12-19;FRC;F27;;;8;1556;273148678.0;;;4.95;4.95;4.95;4.95;4.95;4.95;4.96;0.0
141059;795870;2022-12-19;FRC;J27;;;0;0;0.0;;;0.0;0.0;0.0;0.0;0.0;4.92;0.0;0.0
141060;795871;2022-12-19;FRC;N27;;;0;0;0.0;;;0.0;0.0;0.0;0.0;0.0;4.93;0.0;0.0
141061;795872;2022-12-19;FRC;V27;;;1;181;19713456.0;;;4.92;4.92;4.92;4.92;4.92;4.92;4.92;0.0
141062;795873;2022-12-19;FRC;F28;;;7;1260;216267921.0;;;4.96;4.96;4.96;4.96;4.96;4.96;4.94;4.95
141063;795874;2022-12-19;FRC;F29;;;1;177;29692593.0;;;5.0;5.0;5.0;5.0;5.0;5.0;0.0;5.0
141064;795875;2022-12-19;FRC;F30;;;0;0;0.0;;;0.0;0.0;0.0;0.0;0.0;5.07;5.05;0.0
141065;795876;2022-12-19;FRC;F31;;;2;340;54277553.0;;;5.17;5.17;5.17;5.17;5.17;5.17;0.0;0.0
141066;795877;2022-12-19;FRC;F32;;;1;419;41131466.0;;;5.28;5.28;5.28;5.28;5.28;5.3;0.0;0.0
141067;795878;2022-12-19;FRC;F33;;;0;0;0.0;;;0.0;0.0;0.0;0.0;0.0;5.47;0.0;0.0
141068;795879;2022-12-19;FRC;F34;;;0;0;0.0;;;0.0;0.0;0.0;0.0;0.0;5.78;0.0;0.0
141069;795880;2022-12-19;FRC;F35;;;0;0;0.0;;;0.0;0.0;0.0;0.0;0.0;6.1;0.0;0.0
141070;795881;2022-12-19;FRC;F36;;;0;0;0.0;;;0.0;0.0;0.0;0.0;0.0;6.27;0.0;0.0
141071;795882;2022-12-19;FRC;F37;;;0;0;0.0;;;0.0;0.0;0.0;0.0;0.0;6.39;0.0;0.0
141072;796047;2022-12-20;FRC;G23;;;315;232974;27730736901.0;;;6.21;6.11;6.23;6.15;6.12;6.13;0.0;0.0
141073;796048;2022-12-20;FRC;H23;;;25;30214;3588636927.0;;;6.0;5.89;6.0;5.9;5.89;5.9;5.88;0.0
141074;796049;2022-12-20;FRC;J23;;;19;7986;1512603655.0;;;5.93;5.83;5.93;5.83;5.83;5.83;5.83;5.84
141075;796050;2022-12-20;FRC;K23;;;6;5189;613255138.0;;;5.96;5.83;5.96;5.83;5.83;5.83;5.83;0.0
141076;796051;2022-12-20;FRC;M23;;;43;13430;1584386359.0;;;5.93;5.82;5.93;5.82;5.83;5.82;5.83;0.0
141077;796052;2022-12-20;FRC;N23;;;8;4139;778360361.0;;;5.79;5.79;5.79;5.79;5.79;5.79;5.79;0.0
141078;796053;2022-12-20;FRC;Q23;;;23;12785;1500151188.0;;;5.86;5.86;5.88;5.86;5.88;5.86;5.87;0.0
141079;796054;2022-12-20;FRC;U23;;;3;1059;123902631.0;;;5.9;5.9;5.9;5.9;5.9;5.9;0.0;0.0
141080;796055;2022-12-20;FRC;V23;;;8;4697;876542241.0;;;5.92;5.92;5.92;5.92;5.92;5.92;5.92;0.0
141081;796056;2022-12-20;FRC;X23;;;8;6246;727109200.0;;;5.97;5.97;5.97;5.97;5.97;5.97;5.92;5.97
141082;796057;2022-12-20;FRC;Z23;;;10;7209;837498081.0;;;5.94;5.94;5.94;5.94;5.94;5.94;0.0;0.0
141083;796058;2022-12-20;FRC;F24;;;16;9075;1680866052.0;;;5.99;5.95;5.99;5.95;5.96;5.95;0.0;0.0
141084;796059;2022-12-20;FRC;J24;;;6;2509;461677094.0;;;5.85;5.85;5.85;5.85;5.85;5.85;0.0;0.0
141085;796060;2022-12-20;FRC;N24;;;11;2131;389646260.0;;;5.75;5.75;5.75;5.75;5.75;5.75;0.0;0.0
141086;796061;2022-12-20;FRC;V24;;;0;0;0.0;;;0.0;0.0;0.0;0.0;0.0;5.6;5.6;0.0
141087;796062;2022-12-20;FRC;F25;;;25;9139;1652127634.0;;;5.5;5.45;5.5;5.47;5.48;5.48;5.48;0.0
141088;796063;2022-12-20;FRC;J25;;;2;208;23394249.0;;;5.37;5.37;5.37;5.37;5.37;5.37;0.0;0.0
141089;796064;2022-12-20;FRC;N25;;;2;244;43637526.0;;;5.29;5.29;5.29;5.29;5.29;5.29;0.0;5.29
141090;796065;2022-12-20;FRC;V25;;;1;56;6216121.0;;;5.22;5.22;5.22;5.22;5.22;5.21;0.0;5.21
141091;796066;2022-12-20;FRC;F26;;;6;3058;541315447.0;;;5.1;5.1;5.16;5.13;5.16;5.16;0.0;0.0
141092;796067;2022-12-20;FRC;J26;;;0;0;0.0;;;0.0;0.0;0.0;0.0;0.0;5.08;0.0;0.0
141093;796068;2022-12-20;FRC;N26;;;1;18;3146615.0;;;5.05;5.05;5.05;5.05;5.05;5.05;0.0;0.0
141094;796069;2022-12-20;FRC;V26;;;1;18;1929639.0;;;5.02;5.02;5.02;5.02;5.02;5.02;0.0;5.02
141095;796070;2022-12-20;FRC;F27;;;13;2525;437216697.0;;;5.03;5.03;5.03;5.03;5.03;5.03;0.0;0.0
141096;796071;2022-12-20;FRC;J27;;;0;0;0.0;;;0.0;0.0;0.0;0.0;0.0;5.0;0.0;0.0
141097;796072;2022-12-20;FRC;N27;;;0;0;0.0;;;0.0;0.0;0.0;0.0;0.0;5.01;0.0;0.0
141098;796073;2022-12-20;FRC;V27;;;0;0;0.0;;;0.0;0.0;0.0;0.0;0.0;5.0;0.0;0.0
141099;796074;2022-12-20;FRC;F28;;;0;0;0.0;;;0.0;0.0;0.0;0.0;0.0;5.05;5.04;5.05
141100;796075;2022-12-20;FRC;F29;;;0;0;0.0;;;0.0;0.0;0.0;0.0;0.0;5.09;0.0;0.0
141101;796076;2022-12-20;FRC;F30;;;1;173;27894584.0;;;5.17;5.17;5.17;5.17;5.17;5.17;0.0;5.17
141102;796077;2022-12-20;FRC;F31;;;0;0;0.0;;;0.0;0.0;0.0;0.0;0.0;5.26;0.0;0.0
141103;796078;2022-12-20;FRC;F32;;;0;0;0.0;;;0.0;0.0;0.0;0.0;0.0;5.4;0.0;0.0
141104;796079;2022-12-20;FRC;F33;;;0;0;0.0;;;0.0;0.0;0.0;0.0;0.0;5.55;0.0;0.0
141105;796080;2022-12-20;FRC;F34;;;0;0;0.0;;;0.0;0.0;0.0;0.0;0.0;5.86;0.0;0.0
141106;796081;2022-12-20;FRC;F35;;;2;314;27226001.0;;;6.17;6.17;6.17;6.17;6.17;6.17;0.0;0.0
141107;796082;2022-12-20;FRC;F36;;;0;0;0.0;;;0.0;0.0;0.0;0.0;0.0;6.34;0.0;0.0
141108;796083;2022-12-20;FRC;F37;;;0;0;0.0;;;0.0;0.0;0.0;0.0;0.0;6.46;0.0;0.0
141109;796248;2022-12-21;FRC;G23;;;149;197337;23723540316.0;;;6.13;6.13;6.18;6.16;6.17;6.17;0.0;6.16
141110;796249;2022-12-21;FRC;H23;;;30;51553;6184760938.0;;;5.92;5.89;5.92;5.89;5.89;5.89;0.0;0.0
141111;796250;2022-12-21;FRC;J23;;;22;18685;3561501507.0;;;5.84;5.83;5.84;5.83;5.83;5.83;0.0;5.83
141112;796251;2022-12-21;FRC;K23;;;29;19923;2378078459.0;;;5.86;5.83;5.86;5.85;5.84;5.84;0.0;5.85
141113;796252;2022-12-21;FRC;M23;;;19;29861;3556333273.0;;;5.81;5.81;5.85;5.82;5.83;5.83;5.83;0.0
141114;796253;2022-12-21;FRC;N23;;;15;26696;5052382329.0;;;5.77;5.77;5.77;5.77;5.77;5.77;5.77;5.8
141115;796254;2022-12-21;FRC;Q23;;;11;4169;494021344.0;;;5.86;5.86;5.88;5.86;5.86;5.86;0.0;0.0
141116;796255;2022-12-21;FRC;U23;;;7;1804;213176600.0;;;5.9;5.87;5.9;5.87;5.87;5.87;0.0;0.0
141117;796256;2022-12-21;FRC;V23;;;5;6518;1224264484.0;;;5.88;5.88;5.88;5.88;5.88;5.88;5.88;0.0
141118;796257;2022-12-21;FRC;X23;;;8;4452;523635672.0;;;5.97;5.92;5.97;5.92;5.92;5.92;0.0;0.0
141119;796258;2022-12-21;FRC;Z23;;;15;5961;699421370.0;;;5.94;5.91;5.94;5.91;5.91;5.91;0.0;0.0
141120;796259;2022-12-21;FRC;F24;;;28;31387;5850844865.0;;;5.94;5.92;5.95;5.93;5.92;5.92;0.0;5.92
141121;796260;2022-12-21;FRC;J24;;;7;2704;500802437.0;;;5.85;5.82;5.85;5.82;5.82;5.82;0.0;0.0
141122;796261;2022-12-21;FRC;N24;;;11;4167;766959951.0;;;5.75;5.71;5.75;5.71;5.71;5.71;5.7;5.72
141123;796262;2022-12-21;FRC;V24;;;5;1299;149224921.0;;;5.6;5.59;5.6;5.59;5.59;5.59;0.0;0.0
141124;796263;2022-12-21;FRC;F25;;;9;3135;570363790.0;;;5.48;5.47;5.48;5.47;5.47;5.47;0.0;0.0
141125;796264;2022-12-21;FRC;J25;;;0;0;0.0;;;0.0;0.0;0.0;0.0;0.0;5.36;0.0;0.0
141126;796265;2022-12-21;FRC;N25;;;0;0;0.0;;;0.0;0.0;0.0;0.0;0.0;5.28;0.0;5.28
141127;796266;2022-12-21;FRC;V25;;;0;0;0.0;;;0.0;0.0;0.0;0.0;0.0;5.2;0.0;5.2
141128;796267;2022-12-21;FRC;F26;;;7;1302;231835076.0;;;5.15;5.15;5.15;5.15;5.15;5.15;0.0;0.0
141129;796268;2022-12-21;FRC;J26;;;0;0;0.0;;;0.0;0.0;0.0;0.0;0.0;5.07;0.0;0.0
141130;796269;2022-12-21;FRC;N26;;;0;0;0.0;;;0.0;0.0;0.0;0.0;0.0;5.05;0.0;0.0
141131;796270;2022-12-21;FRC;V26;;;0;0;0.0;;;0.0;0.0;0.0;0.0;0.0;5.02;0.0;5.02
141132;796271;2022-12-21;FRC;F27;;;9;1629;283811610.0;;;5.03;5.03;5.04;5.03;5.04;5.04;0.0;5.04
141133;796272;2022-12-21;FRC;J27;;;0;0;0.0;;;0.0;0.0;0.0;0.0;0.0;5.01;0.0;0.0
141134;796273;2022-12-21;FRC;N27;;;0;0;0.0;;;0.0;0.0;0.0;0.0;0.0;5.02;0.0;0.0
141135;796274;2022-12-21;FRC;V27;;;0;0;0.0;;;0.0;0.0;0.0;0.0;0.0;5.02;0.0;0.0
141136;796275;2022-12-21;FRC;F28;;;2;360;61282146.0;;;5.07;5.07;5.07;5.07;5.07;5.07;0.0;5.07
141137;796276;2022-12-21;FRC;F29;;;0;0;0.0;;;0.0;0.0;0.0;0.0;0.0;5.13;0.0;5.13
141138;796277;2022-12-21;FRC;F30;;;1;173;28033571.0;;;5.22;5.22;5.22;5.22;5.22;5.22;0.0;5.22
141139;796278;2022-12-21;FRC;F31;;;2;765;121032754.0;;;5.26;5.26;5.32;5.27;5.32;5.32;0.0;0.0
141140;796279;2022-12-21;FRC;F32;;;0;0;0.0;;;0.0;0.0;0.0;0.0;0.0;5.46;0.0;5.46
141141;796280;2022-12-21;FRC;F33;;;0;0;0.0;;;0.0;0.0;0.0;0.0;0.0;5.61;0.0;0.0
141142;796281;2022-12-21;FRC;F34;;;0;0;0.0;;;0.0;0.0;0.0;0.0;0.0;5.92;0.0;0.0
141143;796282;2022-12-21;FRC;F35;;;3;471;41212291.0;;;6.23;6.23;6.23;6.23;6.23;6.23;0.0;0.0
141144;796283;2022-12-21;FRC;F36;;;0;0;0.0;;;0.0;0.0;0.0;0.0;0.0;6.4;0.0;0.0
141145;796284;2022-12-21;FRC;F37;;;0;0;0.0;;;0.0;0.0;0.0;0.0;0.0;6.52;0.0;0.0
141146;796449;2022-12-22;FRC;G23;;;246;252902;30537949204.0;;;6.07;6.06;6.17;6.09;6.09;6.09;6.05;6.09
141147;796450;2022-12-22;FRC;H23;;;113;123314;14860241924.0;;;5.79;5.79;5.89;5.87;5.87;5.86;5.87;0.0
141148;796451;2022-12-22;FRC;J23;;;14;9138;1746764239.0;;;5.74;5.74;5.83;5.82;5.83;5.83;5.83;0.0
141149;796452;2022-12-22;FRC;K23;;;12;20838;2498667650.0;;;5.75;5.75;5.86;5.85;5.85;5.84;5.85;0.0
141150;796453;2022-12-22;FRC;M23;;;64;45149;5401830156.0;;;5.75;5.75;5.88;5.84;5.86;5.86;5.86;0.0
141151;796454;2022-12-22;FRC;N23;;;6;1202;228145383.0;;;5.69;5.69;5.81;5.75;5.81;5.81;5.81;0.0
141152;796455;2022-12-22;FRC;Q23;;;15;7513;894291367.0;;;5.79;5.79;5.91;5.88;5.91;5.91;5.91;0.0
141153;796456;2022-12-22;FRC;U23;;;5;823;97645252.0;;;5.8;5.8;5.92;5.86;5.92;5.92;0.0;0.0
141154;796457;2022-12-22;FRC;V23;;;11;3426;645223792.0;;;5.82;5.82;5.94;5.92;5.94;5.94;5.94;0.0
141155;796458;2022-12-22;FRC;X23;;;14;4453;526142183.0;;;5.86;5.86;5.95;5.94;5.95;5.95;5.95;0.0
141156;796459;2022-12-22;FRC;Z23;;;9;3701;436124992.0;;;5.86;5.86;5.97;5.95;5.97;5.97;5.97;0.0
141157;796460;2022-12-22;FRC;F24;;;15;7031;1314103774.0;;;5.87;5.87;5.98;5.97;5.98;5.98;0.0;0.0
141158;796461;2022-12-22;FRC;J24;;;6;1737;322483486.0;;;5.89;5.89;5.89;5.89;5.89;5.89;0.0;0.0
141159;796462;2022-12-22;FRC;N24;;;6;1920;354219507.0;;;5.78;5.78;5.78;5.78;5.78;5.78;0.0;0.0
141160;796463;2022-12-22;FRC;V24;;;4;630;72653217.0;;;5.59;5.59;5.64;5.63;5.64;5.64;5.64;0.0
141161;796464;2022-12-22;FRC;F25;;;9;3249;592550426.0;;;5.44;5.44;5.52;5.51;5.52;5.52;5.52;5.54
141162;796465;2022-12-22;FRC;J25;;;1;19;2174830.0;;;5.4;5.4;5.4;5.4;5.4;5.4;0.0;0.0
141163;796466;2022-12-22;FRC;N25;;;3;940;169629893.0;;;5.31;5.31;5.31;5.31;5.31;5.31;0.0;0.0
141164;796467;2022-12-22;FRC;V25;;;4;1123;126669062.0;;;5.27;5.27;5.27;5.27;5.27;5.27;0.0;0.0
141165;796468;2022-12-22;FRC;F26;;;8;2421;432001718.0;;;5.21;5.21;5.21;5.21;5.21;5.21;0.0;0.0
141166;796469;2022-12-22;FRC;J26;;;1;186;20806628.0;;;5.12;5.12;5.12;5.12;5.12;5.12;0.0;0.0
141167;796470;2022-12-22;FRC;N26;;;0;0;0.0;;;0.0;0.0;0.0;0.0;0.0;5.1;0.0;0.0
141168;796471;2022-12-22;FRC;V26;;;0;0;0.0;;;0.0;0.0;0.0;0.0;0.0;5.08;0.0;5.08
141169;796472;2022-12-22;FRC;F27;;;3;732;127825622.0;;;5.04;5.04;5.1;5.07;5.1;5.1;0.0;0.0
141170;796473;2022-12-22;FRC;J27;;;2;456;49872594.0;;;5.01;5.01;5.01;5.01;5.01;5.07;0.0;0.0
141171;796474;2022-12-22;FRC;N27;;;0;0;0.0;;;0.0;0.0;0.0;0.0;0.0;5.08;0.0;0.0
141172;796475;2022-12-22;FRC;V27;;;0;0;0.0;;;0.0;0.0;0.0;0.0;0.0;5.08;0.0;0.0
141173;796476;2022-12-22;FRC;F28;;;0;0;0.0;;;0.0;0.0;0.0;0.0;0.0;5.13;0.0;5.13
141174;796477;2022-12-22;FRC;F29;;;0;0;0.0;;;0.0;0.0;0.0;0.0;0.0;5.2;0.0;5.23
141175;796478;2022-12-22;FRC;F30;;;2;259;42014876.0;;;5.24;5.24;5.29;5.27;5.29;5.29;0.0;5.29
141176;796479;2022-12-22;FRC;F31;;;0;0;0.0;;;0.0;0.0;0.0;0.0;0.0;5.39;0.0;0.0
141177;796480;2022-12-22;FRC;F32;;;0;0;0.0;;;0.0;0.0;0.0;0.0;0.0;5.53;0.0;0.0
141178;796481;2022-12-22;FRC;F33;;;0;0;0.0;;;0.0;0.0;0.0;0.0;0.0;5.68;0.0;0.0
141179;796482;2022-12-22;FRC;F34;;;0;0;0.0;;;0.0;0.0;0.0;0.0;0.0;5.99;0.0;0.0
141180;796483;2022-12-22;FRC;F35;;;0;0;0.0;;;0.0;0.0;0.0;0.0;0.0;6.3;0.0;0.0
141181;796484;2022-12-22;FRC;F36;;;0;0;0.0;;;0.0;0.0;0.0;0.0;0.0;6.47;0.0;0.0
141182;796485;2022-12-22;FRC;F37;;;0;0;0.0;;;0.0;0.0;0.0;0.0;0.0;6.59;0.0;0.0
141183;796649;2022-12-23;FRC;G23;;;190;185477;22371220909.0;;;6.09;6.09;6.17;6.15;6.17;6.17;6.17;6.2
141184;796650;2022-12-23;FRC;H23;;;33;19267;2319068941.0;;;5.86;5.85;5.92;5.91;5.92;5.92;5.92;0.0
141185;796651;2022-12-23;FRC;J23;;;16;16241;3102199885.0;;;5.83;5.83;5.9;5.89;5.9;5.9;5.9;0.0
141186;796652;2022-12-23;FRC;K23;;;17;25095;3005543099.0;;;5.84;5.84;5.93;5.88;5.93;5.93;0.0;0.0
141187;796653;2022-12-23;FRC;M23;;;14;17785;2124966663.0;;;5.86;5.86;5.94;5.89;5.94;5.94;5.94;0.0
141188;796654;2022-12-23;FRC;N23;;;5;355;67317022.0;;;5.83;5.83;5.88;5.86;5.88;5.88;5.88;0.0
141189;796655;2022-12-23;FRC;Q23;;;13;7081;841873766.0;;;5.98;5.98;5.98;5.98;5.98;5.98;5.98;6.0
141190;796656;2022-12-23;FRC;U23;;;5;2353;278926888.0;;;5.99;5.99;5.99;5.99;5.99;5.99;0.0;0.0
141191;796657;2022-12-23;FRC;V23;;;6;1214;228431431.0;;;5.96;5.96;6.0;5.99;6.0;6.0;6.0;0.0
141192;796658;2022-12-23;FRC;X23;;;2;684;80748764.0;;;6.02;6.01;6.02;6.01;6.01;6.02;6.02;0.0
141193;796659;2022-12-23;FRC;Z23;;;7;3504;412219473.0;;;6.04;6.04;6.04;6.04;6.04;6.04;0.0;0.0
141194;796660;2022-12-23;FRC;F24;;;11;4678;873461946.0;;;6.04;6.04;6.04;6.04;6.04;6.04;6.04;0.0
141195;796661;2022-12-23;FRC;J24;;;1;792;146948047.0;;;5.89;5.89;5.89;5.89;5.89;5.95;0.0;0.0
141196;796662;2022-12-23;FRC;N24;;;2;576;106151249.0;;;5.84;5.84;5.84;5.84;5.84;5.84;5.84;0.0
141197;796663;2022-12-23;FRC;V24;;;5;1146;132010732.0;;;5.73;5.73;5.73;5.73;5.73;5.73;0.0;0.0
141198;796664;2022-12-23;FRC;F25;;;12;3455;629114460.0;;;5.52;5.52;5.61;5.6;5.61;5.61;0.0;5.61
141199;796665;2022-12-23;FRC;J25;;;3;567;64573415.0;;;5.48;5.48;5.48;5.48;5.48;5.48;0.0;0.0
141200;796666;2022-12-23;FRC;N25;;;0;0;0.0;;;0.0;0.0;0.0;0.0;0.0;5.39;0.0;0.0
141201;796667;2022-12-23;FRC;V25;;;0;0;0.0;;;0.0;0.0;0.0;0.0;0.0;5.36;0.0;5.36
141202;796668;2022-12-23;FRC;F26;;;15;3181;566517437.0;;;5.21;5.21;5.3;5.29;5.3;5.3;0.0;0.0
141203;796669;2022-12-23;FRC;J26;;;2;370;41162881.0;;;5.2;5.2;5.2;5.2;5.2;5.2;0.0;0.0
141204;796670;2022-12-23;FRC;N26;;;0;0;0.0;;;0.0;0.0;0.0;0.0;0.0;5.19;0.0;0.0
141205;796671;2022-12-23;FRC;V26;;;0;0;0.0;;;0.0;0.0;0.0;0.0;0.0;5.17;0.0;0.0
141206;796672;2022-12-23;FRC;F27;;;3;549;95594560.0;;;5.2;5.2;5.2;5.2;5.2;5.2;0.0;0.0
141207;796673;2022-12-23;FRC;J27;;;1;182;19829292.0;;;5.15;5.15;5.15;5.15;5.15;5.15;0.0;0.0
141208;796674;2022-12-23;FRC;N27;;;0;0;0.0;;;0.0;0.0;0.0;0.0;0.0;5.17;0.0;0.0
141209;796675;2022-12-23;FRC;V27;;;0;0;0.0;;;0.0;0.0;0.0;0.0;0.0;5.19;0.0;0.0
141210;796676;2022-12-23;FRC;F28;;;11;2506;425721293.0;;;5.15;5.15;5.25;5.24;5.25;5.25;0.0;0.0
141211;796677;2022-12-23;FRC;F29;;;0;0;0.0;;;0.0;0.0;0.0;0.0;0.0;5.33;0.0;0.0
141212;796678;2022-12-23;FRC;F30;;;4;688;111000024.0;;;5.43;5.43;5.43;5.43;5.43;5.43;0.0;0.0
141213;796679;2022-12-23;FRC;F31;;;1;169;26544794.0;;;5.56;5.56;5.56;5.56;5.56;5.56;5.53;5.56
141214;796680;2022-12-23;FRC;F32;;;1;415;39897692.0;;;5.68;5.68;5.68;5.68;5.68;5.69;0.0;0.0
141215;796681;2022-12-23;FRC;F33;;;0;0;0.0;;;0.0;0.0;0.0;0.0;0.0;5.82;5.82;0.0
141216;796682;2022-12-23;FRC;F34;;;0;0;0.0;;;0.0;0.0;0.0;0.0;0.0;6.12;0.0;0.0
141217;796683;2022-12-23;FRC;F35;;;4;936;81323554.0;;;6.42;6.42;6.42;6.42;6.42;6.42;0.0;0.0
141218;796684;2022-12-23;FRC;F36;;;0;0;0.0;;;0.0;0.0;0.0;0.0;0.0;6.59;0.0;0.0
141219;796685;2022-12-23;FRC;F37;;;0;0;0.0;;;0.0;0.0;0.0;0.0;0.0;6.71;0.0;0.0
141220;796852;2022-12-26;FRC;G23;;;264;342627;41845058098.0;;;6.17;6.17;6.29;6.23;6.24;6.24;0.0;6.24
141221;796853;2022-12-26;FRC;H23;;;234;91549;11155932115.0;;;6.0;5.95;6.0;5.97;5.99;6.0;0.0;5.99
141222;796854;2022-12-26;FRC;J23;;;23;32261;6211214982.0;;;5.95;5.95;5.95;5.95;5.95;5.95;5.95;5.97
141223;796855;2022-12-26;FRC;K23;;;11;4396;532955939.0;;;5.96;5.96;5.97;5.96;5.97;5.97;0.0;5.97
141224;796856;2022-12-26;FRC;M23;;;18;6959;842021041.0;;;5.97;5.97;5.97;5.97;5.97;5.97;0.0;0.0
141225;796857;2022-12-26;FRC;N23;;;8;2226;425439889.0;;;5.88;5.88;5.92;5.9;5.91;5.91;5.9;0.0
141226;796858;2022-12-26;FRC;Q23;;;9;4916;591661755.0;;;5.99;5.99;5.99;5.99;5.99;5.99;0.0;6.0
141227;796859;2022-12-26;FRC;U23;;;2;1177;141299822.0;;;6.0;6.0;6.0;6.0;6.0;6.0;0.0;0.0
141228;796860;2022-12-26;FRC;V23;;;3;2016;382355601.0;;;6.0;6.0;6.01;6.0;6.01;6.01;0.0;0.0
141229;796861;2022-12-26;FRC;X23;;;2;3025;361248867.0;;;6.03;6.03;6.03;6.03;6.03;6.03;0.0;0.0
141230;796862;2022-12-26;FRC;Z23;;;0;0;0.0;;;0.0;0.0;0.0;0.0;0.0;6.05;0.0;0.0
141231;796863;2022-12-26;FRC;F24;;;7;3747;705113761.0;;;6.05;6.05;6.08;6.07;6.07;6.05;0.0;6.05
141232;796864;2022-12-26;FRC;J24;;;0;0;0.0;;;0.0;0.0;0.0;0.0;0.0;5.97;0.0;0.0
141233;796865;2022-12-26;FRC;N24;;;0;0;0.0;;;0.0;0.0;0.0;0.0;0.0;5.87;5.85;0.0
141234;796866;2022-12-26;FRC;V24;;;0;0;0.0;;;0.0;0.0;0.0;0.0;0.0;5.76;5.75;0.0
141235;796867;2022-12-26;FRC;F25;;;8;1614;296135033.0;;;5.65;5.65;5.65;5.65;5.65;5.65;0.0;5.65
141236;796868;2022-12-26;FRC;J25;;;1;189;21787458.0;;;5.54;5.54;5.54;5.54;5.54;5.54;0.0;0.0
141237;796869;2022-12-26;FRC;N25;;;0;0;0.0;;;0.0;0.0;0.0;0.0;0.0;5.45;0.0;0.0
141238;796870;2022-12-26;FRC;V25;;;0;0;0.0;;;0.0;0.0;0.0;0.0;0.0;5.42;0.0;5.42
141239;796871;2022-12-26;FRC;F26;;;1;391;70194661.0;;;5.3;5.3;5.3;5.3;5.3;5.36;0.0;0.0
141240;796872;2022-12-26;FRC;J26;;;1;371;41870264.0;;;5.2;5.2;5.2;5.2;5.2;5.26;0.0;0.0
141241;796873;2022-12-26;FRC;N26;;;0;0;0.0;;;0.0;0.0;0.0;0.0;0.0;5.25;0.0;0.0
141242;796874;2022-12-26;FRC;V26;;;0;0;0.0;;;0.0;0.0;0.0;0.0;0.0;5.23;0.0;0.0
141243;796875;2022-12-26;FRC;F27;;;4;728;127568328.0;;;5.26;5.26;5.26;5.26;5.26;5.26;0.0;5.26
141244;796876;2022-12-26;FRC;J27;;;2;364;40132546.0;;;5.22;5.22;5.22;5.22;5.22;5.22;0.0;0.0
141245;796877;2022-12-26;FRC;N27;;;0;0;0.0;;;0.0;0.0;0.0;0.0;0.0;5.23;0.0;0.0
141246;796878;2022-12-26;FRC;V27;;;0;0;0.0;;;0.0;0.0;0.0;0.0;0.0;5.24;0.0;0.0
141247;796879;2022-12-26;FRC;F28;;;7;2326;397887330.0;;;5.29;5.29;5.29;5.29;5.29;5.29;0.0;5.29
141248;796880;2022-12-26;FRC;F29;;;1;964;160550338.0;;;5.42;5.42;5.42;5.42;5.42;5.42;0.0;5.42
141249;796881;2022-12-26;FRC;F30;;;0;0;0.0;;;0.0;0.0;0.0;0.0;0.0;5.52;0.0;5.52
141250;796882;2022-12-26;FRC;F31;;;2;338;53437161.0;;;5.61;5.61;5.61;5.61;5.61;5.65;0.0;0.0
141251;796883;2022-12-26;FRC;F32;;;0;0;0.0;;;0.0;0.0;0.0;0.0;0.0;5.78;0.0;5.78
141252;796884;2022-12-26;FRC;F33;;;0;0;0.0;;;0.0;0.0;0.0;0.0;0.0;5.9;0.0;0.0
141253;796885;2022-12-26;FRC;F34;;;0;0;0.0;;;0.0;0.0;0.0;0.0;0.0;6.2;0.0;0.0
141254;796886;2022-12-26;FRC;F35;;;1;156;13707263.0;;;6.5;6.5;6.5;6.5;6.5;6.5;0.0;0.0
141255;796887;2022-12-26;FRC;F36;;;0;0;0.0;;;0.0;0.0;0.0;0.0;0.0;6.67;0.0;0.0
141256;796888;2022-12-26;FRC;F37;;;0;0;0.0;;;0.0;0.0;0.0;0.0;0.0;6.79;0.0;0.0
141257;797055;2022-12-27;FRC;G23;;;282;407684;50045587737.0;;;6.24;6.24;6.6;6.45;6.6;6.56;6.56;6.65
141258;797056;2022-12-27;FRC;H23;;;80;77813;9531131059.0;;;5.99;5.99;6.15;6.09;6.15;6.15;0.0;0.0
141259;797057;2022-12-27;FRC;J23;;;33;61867;11950444523.0;;;5.97;5.97;6.05;6.0;6.04;6.04;6.04;0.0
141260;797058;2022-12-27;FRC;K23;;;10;4950;600073989.0;;;6.05;6.05;6.05;6.05;6.05;6.05;0.0;0.0
141261;797059;2022-12-27;FRC;M23;;;5;3240;393890027.0;;;6.06;6.05;6.06;6.05;6.05;6.05;0.0;0.0
141262;797060;2022-12-27;FRC;N23;;;13;6678;1280381482.0;;;6.01;5.98;6.01;5.98;5.98;5.98;0.0;0.0
141263;797061;2022-12-27;FRC;Q23;;;3;2949;356709931.0;;;6.06;6.06;6.06;6.06;6.06;6.06;0.0;0.0
141264;797062;2022-12-27;FRC;U23;;;2;3529;425682374.0;;;6.08;6.08;6.08;6.08;6.08;6.08;0.0;0.0
141265;797063;2022-12-27;FRC;V23;;;3;1174;223343429.0;;;6.09;6.09;6.09;6.09;6.09;6.09;0.0;0.0
141266;797064;2022-12-27;FRC;X23;;;3;1170;140362366.0;;;6.11;6.11;6.11;6.11;6.11;6.11;0.0;0.0
141267;797065;2022-12-27;FRC;Z23;;;15;7650;915808753.0;;;6.12;6.12;6.12;6.12;6.12;6.12;0.0;6.12
141268;797066;2022-12-27;FRC;F24;;;17;16074;3034758270.0;;;6.08;6.08;6.17;6.09;6.12;6.12;0.0;6.12
141269;797067;2022-12-27;FRC;J24;;;5;7429;1393103733.0;;;6.0;6.0;6.04;6.0;6.04;6.04;0.0;0.0
141270;797068;2022-12-27;FRC;N24;;;0;0;0.0;;;0.0;0.0;0.0;0.0;0.0;5.94;5.94;0.0
141271;797069;2022-12-27;FRC;V24;;;3;458;53649252.0;;;5.76;5.76;5.83;5.81;5.83;5.83;5.83;0.0
141272;797070;2022-12-27;FRC;F25;;;7;817;149801201.0;;;5.65;5.65;5.74;5.73;5.74;5.74;0.0;0.0
141273;797071;2022-12-27;FRC;J25;;;1;189;21894339.0;;;5.62;5.62;5.62;5.62;5.62;5.62;0.0;0.0
141274;797072;2022-12-27;FRC;N25;;;3;564;102591254.0;;;5.55;5.55;5.55;5.55;5.55;5.55;0.0;0.0
141275;797073;2022-12-27;FRC;V25;;;0;0;0.0;;;0.0;0.0;0.0;0.0;0.0;5.52;0.0;0.0
141276;797074;2022-12-27;FRC;F26;;;2;372;66642478.0;;;5.46;5.46;5.46;5.46;5.46;5.46;0.0;0.0
141277;797075;2022-12-27;FRC;J26;;;0;0;0.0;;;0.0;0.0;0.0;0.0;0.0;5.38;0.0;0.0
141278;797076;2022-12-27;FRC;N26;;;2;221;39166431.0;;;5.25;5.25;5.37;5.34;5.37;5.37;0.0;0.0
141279;797077;2022-12-27;FRC;V26;;;3;403;44819285.0;;;5.23;5.23;5.34;5.32;5.34;5.34;0.0;5.34
141280;797078;2022-12-27;FRC;F27;;;7;2112;369750896.0;;;5.3;5.3;5.33;5.32;5.33;5.33;0.0;0.0
141281;797079;2022-12-27;FRC;J27;;;1;635;69823600.0;;;5.26;5.26;5.26;5.26;5.26;5.29;0.0;0.0
141282;797080;2022-12-27;FRC;N27;;;0;0;0.0;;;0.0;0.0;0.0;0.0;0.0;5.3;0.0;0.0
141283;797081;2022-12-27;FRC;V27;;;0;0;0.0;;;0.0;0.0;0.0;0.0;0.0;5.31;0.0;0.0
141284;797082;2022-12-27;FRC;F28;;;0;0;0.0;;;0.0;0.0;0.0;0.0;0.0;5.36;0.0;5.36
141285;797083;2022-12-27;FRC;F29;;;0;0;0.0;;;0.0;0.0;0.0;0.0;0.0;5.48;0.0;5.48
141286;797084;2022-12-27;FRC;F30;;;0;0;0.0;;;0.0;0.0;0.0;0.0;0.0;5.58;0.0;0.0
141287;797085;2022-12-27;FRC;F31;;;2;185;29245812.0;;;5.61;5.61;5.7;5.69;5.7;5.7;0.0;0.0
141288;797086;2022-12-27;FRC;F32;;;0;0;0.0;;;0.0;0.0;0.0;0.0;0.0;5.82;0.0;0.0
141289;797087;2022-12-27;FRC;F33;;;0;0;0.0;;;0.0;0.0;0.0;0.0;0.0;5.93;0.0;0.0
141290;797088;2022-12-27;FRC;F34;;;0;0;0.0;;;0.0;0.0;0.0;0.0;0.0;6.23;0.0;0.0
141291;797089;2022-12-27;FRC;F35;;;0;0;0.0;;;0.0;0.0;0.0;0.0;0.0;6.52;0.0;0.0
141292;797090;2022-12-27;FRC;F36;;;0;0;0.0;;;0.0;0.0;0.0;0.0;0.0;6.69;0.0;0.0
141293;797091;2022-12-27;FRC;F37;;;0;0;0.0;;;0.0;0.0;0.0;0.0;0.0;6.81;0.0;0.0
141294;797258;2022-12-28;FRC;H23;;;25;124129;6135023076.0;;;5.66;5.66;5.68;5.67;5.68;5.68;0.0;0.0
141295;797259;2022-12-28;FRC;J23;;;16;20160;2422487606.0;;;5.8;5.73;5.8;5.76;5.73;5.75;0.0;5.73
141296;797260;2022-12-28;FRC;K23;;;11;7944;390618830.0;;;5.85;5.85;5.85;5.85;5.85;5.85;0.0;5.85
141297;797261;2022-12-28;FRC;M23;;;11;10654;522599449.0;;;5.89;5.85;5.89;5.86;5.85;5.85;0.0;0.0
141298;797262;2022-12-28;FRC;N23;;;11;20966;2501060415.0;;;5.83;5.78;5.83;5.79;5.78;5.78;0.0;0.0
141299;797263;2022-12-28;FRC;Q23;;;3;4928;240515748.0;;;5.94;5.89;5.94;5.91;5.89;5.89;5.89;0.0
141300;797264;2022-12-28;FRC;U23;;;2;708;34467476.0;;;5.95;5.92;5.95;5.92;5.92;5.92;5.92;0.0
141301;797265;2022-12-28;FRC;V23;;;10;3920;464152248.0;;;5.96;5.96;5.96;5.96;5.96;5.96;0.0;0.0
141302;797266;2022-12-28;FRC;X23;;;6;3326;161064834.0;;;6.02;6.02;6.02;6.02;6.02;6.02;0.0;0.0
141303;797267;2022-12-28;FRC;Z23;;;1;195;9419056.0;;;6.04;6.04;6.04;6.04;6.04;6.03;0.0;0.0
141304;797268;2022-12-28;FRC;F24;;;11;7399;868904720.0;;;6.05;6.03;6.05;6.03;6.03;6.03;0.0;0.0
141305;797269;2022-12-28;FRC;J24;;;1;193;22540295.0;;;5.97;5.97;5.97;5.97;5.97;5.97;0.0;0.0
141306;797270;2022-12-28;FRC;N24;;;1;1096;127004219.0;;;5.87;5.87;5.87;5.87;5.87;5.88;0.0;0.0
141307;797271;2022-12-28;FRC;V24;;;8;2675;126395976.0;;;5.77;5.73;5.77;5.74;5.73;5.73;5.73;0.0
141308;797272;2022-12-28;FRC;F25;;;14;3610;413097355.0;;;5.71;5.71;5.71;5.71;5.71;5.71;0.0;0.0
141309;797273;2022-12-28;FRC;J25;;;5;1172;54727070.0;;;5.57;5.57;5.57;5.57;5.57;5.57;0.0;0.0
141310;797274;2022-12-28;FRC;N25;;;8;1880;212993957.0;;;5.48;5.47;5.48;5.47;5.47;5.48;5.48;0.0
141311;797275;2022-12-28;FRC;V25;;;0;0;0.0;;;0.0;0.0;0.0;0.0;0.0;5.46;5.45;5.46
141312;797276;2022-12-28;FRC;F26;;;3;1937;216648888.0;;;5.42;5.41;5.42;5.41;5.41;5.41;0.0;0.0
141313;797277;2022-12-28;FRC;J26;;;2;926;42268384.0;;;5.34;5.34;5.34;5.34;5.34;5.34;0.0;0.0
141314;797278;2022-12-28;FRC;N26;;;0;0;0.0;;;0.0;0.0;0.0;0.0;0.0;5.34;0.0;0.0
141315;797279;2022-12-28;FRC;V26;;;0;0;0.0;;;0.0;0.0;0.0;0.0;0.0;5.32;0.0;5.32
141316;797280;2022-12-28;FRC;F27;;;7;4471;488820621.0;;;5.28;5.28;5.33;5.31;5.33;5.33;0.0;0.0
141317;797281;2022-12-28;FRC;J27;;;3;1910;85256446.0;;;5.24;5.23;5.24;5.23;5.23;5.3;0.0;0.0
141318;797282;2022-12-28;FRC;N27;;;0;0;0.0;;;0.0;0.0;0.0;0.0;0.0;5.31;0.0;0.0
141319;797283;2022-12-28;FRC;V27;;;0;0;0.0;;;0.0;0.0;0.0;0.0;0.0;5.33;0.0;0.0
141320;797284;2022-12-28;FRC;F28;;;1;179;19072204.0;;;5.37;5.37;5.37;5.37;5.37;5.39;0.0;5.39
141321;797285;2022-12-28;FRC;F29;;;3;910;94313597.0;;;5.55;5.54;5.55;5.54;5.54;5.55;0.0;5.55
141322;797286;2022-12-28;FRC;F30;;;1;515;52011714.0;;;5.62;5.62;5.62;5.62;5.62;5.63;0.0;0.0
141323;797287;2022-12-28;FRC;F31;;;4;676;66369229.0;;;5.72;5.72;5.72;5.72;5.72;5.72;0.0;0.0
141324;797288;2022-12-28;FRC;F32;;;0;0;0.0;;;0.0;0.0;0.0;0.0;0.0;5.84;0.0;0.0
141325;797289;2022-12-28;FRC;F33;;;0;0;0.0;;;0.0;0.0;0.0;0.0;0.0;5.95;0.0;0.0
141326;797290;2022-12-28;FRC;F34;;;0;0;0.0;;;0.0;0.0;0.0;0.0;0.0;6.25;0.0;0.0
141327;797291;2022-12-28;FRC;F35;;;0;0;0.0;;;0.0;0.0;0.0;0.0;0.0;6.54;0.0;0.0
141328;797292;2022-12-28;FRC;F36;;;0;0;0.0;;;0.0;0.0;0.0;0.0;0.0;6.71;0.0;0.0
141329;797293;2022-12-28;FRC;F37;;;0;0;0.0;;;0.0;0.0;0.0;0.0;0.0;6.83;0.0;0.0
141330;797462;2022-12-29;FRC;H23;;;334;139405;6927228736.0;;;5.6;5.59;5.68;5.66;5.68;5.68;0.0;0.0
141331;797463;2022-12-29;FRC;J23;;;13;10906;1313643764.0;;;5.7;5.7;5.75;5.71;5.72;5.71;5.72;0.0
141332;797464;2022-12-29;FRC;K23;;;7;6653;328920982.0;;;5.83;5.81;5.83;5.81;5.81;5.81;5.81;0.0
141333;797465;2022-12-29;FRC;M23;;;10;3525;173844664.0;;;5.8;5.8;5.85;5.84;5.85;5.85;0.0;0.0
141334;797466;2022-12-29;FRC;N23;;;14;8063;964057656.0;;;5.74;5.74;5.78;5.77;5.78;5.78;5.78;0.0
141335;797467;2022-12-29;FRC;Q23;;;1;20;981669.0;;;5.89;5.89;5.89;5.89;5.89;5.9;0.0;0.0
141336;797468;2022-12-29;FRC;U23;;;1;39;1908447.0;;;5.94;5.94;5.94;5.94;5.94;5.94;0.0;5.94
141337;797469;2022-12-29;FRC;V23;;;9;3706;439711683.0;;;5.96;5.96;5.96;5.96;5.96;5.96;5.96;0.0
141338;797470;2022-12-29;FRC;X23;;;0;0;0.0;;;0.0;0.0;0.0;0.0;0.0;6.03;0.0;0.0
141339;797471;2022-12-29;FRC;Z23;;;1;117;5682823.0;;;6.0;6.0;6.0;6.0;6.0;6.06;0.0;0.0
141340;797472;2022-12-29;FRC;F24;;;14;13744;1617475807.0;;;6.01;6.01;6.07;6.06;6.07;6.07;0.0;0.0
141341;797473;2022-12-29;FRC;J24;;;4;772;90342075.0;;;6.0;6.0;6.0;6.0;6.0;6.0;0.0;0.0
141342;797474;2022-12-29;FRC;N24;;;11;2688;311713862.0;;;5.89;5.89;5.89;5.89;5.89;5.89;5.89;0.0
141343;797475;2022-12-29;FRC;V24;;;8;2674;127008684.0;;;5.76;5.76;5.76;5.76;5.76;5.76;5.76;0.0
141344;797476;2022-12-29;FRC;F25;;;22;10640;1220074988.0;;;5.71;5.71;5.73;5.72;5.73;5.73;0.0;0.0
141345;797477;2022-12-29;FRC;J25;;;5;3328;156232103.0;;;5.57;5.57;5.59;5.57;5.59;5.59;0.0;0.0
141346;797478;2022-12-29;FRC;N25;;;16;3384;384248085.0;;;5.48;5.48;5.48;5.48;5.48;5.48;5.48;0.0
141347;797479;2022-12-29;FRC;V25;;;1;112;5194291.0;;;5.48;5.48;5.48;5.48;5.48;5.47;0.0;5.48
141348;797480;2022-12-29;FRC;F26;;;7;1488;166845158.0;;;5.44;5.44;5.44;5.44;5.44;5.44;0.0;5.44
141349;797481;2022-12-29;FRC;J26;;;2;370;16970805.0;;;5.37;5.37;5.37;5.37;5.37;5.37;0.0;0.0
141350;797482;2022-12-29;FRC;N26;;;0;0;0.0;;;0.0;0.0;0.0;0.0;0.0;5.36;0.0;0.0
141351;797483;2022-12-29;FRC;V26;;;1;183;8294697.0;;;5.33;5.33;5.33;5.33;5.33;5.33;0.0;0.0
141352;797484;2022-12-29;FRC;F27;;;3;546;59855216.0;;;5.35;5.35;5.35;5.35;5.35;5.35;0.0;5.35
141353;797485;2022-12-29;FRC;J27;;;3;727;32559609.0;;;5.34;5.34;5.34;5.34;5.34;5.34;0.0;0.0
141354;797486;2022-12-29;FRC;N27;;;1;361;15985367.0;;;5.33;5.33;5.33;5.33;5.33;5.33;0.0;0.0
141355;797487;2022-12-29;FRC;V27;;;2;360;15848900.0;;;5.33;5.33;5.33;5.33;5.33;5.33;0.0;0.0
141356;797488;2022-12-29;FRC;F28;;;2;358;38123736.0;;;5.39;5.39;5.39;5.39;5.39;5.39;0.0;5.39
141357;797489;2022-12-29;FRC;F29;;;4;700;72802347.0;;;5.51;5.51;5.51;5.51;5.51;5.51;0.0;5.51
141358;797490;2022-12-29;FRC;F30;;;2;344;34842297.0;;;5.58;5.58;5.58;5.58;5.58;5.58;0.0;0.0
141359;797491;2022-12-29;FRC;F31;;;6;1434;141292322.0;;;5.71;5.71;5.71;5.71;5.71;5.71;0.0;5.71
141360;797492;2022-12-29;FRC;F32;;;8;1493;58943042.0;;;5.82;5.82;5.82;5.82;5.82;5.82;0.0;0.0
141361;797493;2022-12-29;FRC;F33;;;1;162;6203819.0;;;5.97;5.97;5.97;5.97;5.97;5.97;0.0;0.0
141362;797494;2022-12-29;FRC;F34;;;0;0;0.0;;;0.0;0.0;0.0;0.0;0.0;6.28;0.0;0.0
141363;797495;2022-12-29;FRC;F35;;;4;624;22262210.0;;;6.59;6.59;6.59;6.59;6.59;6.59;0.0;6.59
141364;797496;2022-12-29;FRC;F36;;;3;459;15799722.0;;;6.71;6.71;6.71;6.71;6.71;6.71;0.0;0.0
141365;797497;2022-12-29;FRC;F37;;;0;0;0.0;;;0.0;0.0;0.0;0.0;0.0;6.83;0.0;0.0
161018;911806;2022-06-07;FRC;Q22;;;21;46550;5727514294.0;;;2.52;2.46;2.52;2.46;2.46;2.46;2.46;2.53
161019;911807;2022-06-07;FRC;U22;;;19;18821;2313261442.0;;;2.59;2.55;2.59;2.55;2.55;2.55;0.0;0.0
161020;911808;2022-06-07;FRC;V22;;;16;15927;3089525223.0;;;2.68;2.64;2.68;2.64;2.64;2.64;2.64;0.0
161021;911809;2022-06-07;FRC;X22;;;13;13097;1605401526.0;;;2.81;2.77;2.81;2.78;2.77;2.77;2.77;0.0
161022;911810;2022-06-07;FRC;Z22;;;14;11711;1433736631.0;;;2.91;2.9;2.91;2.9;2.91;2.91;0.0;0.0
161023;911811;2022-06-07;FRC;F23;;;46;13408;2589155081.0;;;3.08;3.05;3.08;3.05;3.05;3.05;0.0;0.0
161024;911812;2022-06-07;FRC;G23;;;1;11886;1449858470.0;;;3.23;3.23;3.23;3.23;3.23;3.23;3.23;0.0
161025;911813;2022-06-07;FRC;H23;;;5;2968;361543970.0;;;3.33;3.33;3.33;3.33;3.33;3.33;0.0;0.0
161026;911814;2022-06-07;FRC;J23;;;15;1898;364543291.0;;;3.46;3.44;3.46;3.45;3.44;3.44;0.0;0.0
161027;911815;2022-06-07;FRC;K23;;;12;6955;843708743.0;;;3.55;3.55;3.55;3.55;3.55;3.55;0.0;0.0
161028;911816;2022-06-07;FRC;M23;;;15;21935;2656465644.0;;;3.63;3.63;3.63;3.63;3.63;3.63;3.63;0.0
161029;911817;2022-06-07;FRC;N23;;;15;13473;2573701450.0;;;3.68;3.66;3.68;3.66;3.67;3.66;0.0;0.0
161030;911818;2022-06-07;FRC;V23;;;4;624;118517036.0;;;3.84;3.84;3.84;3.84;3.84;3.84;0.0;0.0
161031;911819;2022-06-07;FRC;F24;;;24;11326;2139914500.0;;;3.93;3.9;3.93;3.9;3.91;3.91;3.9;3.91
161032;911820;2022-06-07;FRC;J24;;;0;0;0.0;;;0.0;0.0;0.0;0.0;0.0;3.91;0.0;0.0
161033;911821;2022-06-07;FRC;N24;;;0;0;0.0;;;0.0;0.0;0.0;0.0;0.0;3.94;0.0;0.0
161034;911822;2022-06-07;FRC;V24;;;4;768;90587625.0;;;3.94;3.94;3.94;3.94;3.94;3.94;0.0;0.0
161035;911823;2022-06-07;FRC;F25;;;14;12428;2302979438.0;;;3.92;3.92;3.96;3.93;3.96;3.96;0.0;0.0
161036;911824;2022-06-07;FRC;J25;;;0;0;0.0;;;0.0;0.0;0.0;0.0;0.0;3.97;0.0;0.0
161037;911825;2022-06-07;FRC;N25;;;0;0;0.0;;;0.0;0.0;0.0;0.0;0.0;3.98;0.0;0.0
161038;911826;2022-06-07;FRC;V25;;;1;188;21695890.0;;;3.97;3.97;3.97;3.97;3.97;3.97;0.0;0.0
161039;911827;2022-06-07;FRC;F26;;;8;2591;470882449.0;;;3.98;3.98;3.98;3.98;3.98;3.98;3.98;0.0
161040;911828;2022-06-07;FRC;J26;;;1;280;32025005.0;;;4.02;4.02;4.02;4.02;4.02;3.97;3.98;0.0
161041;911829;2022-06-07;FRC;N26;;;1;1618;291058239.0;;;4.03;4.03;4.03;4.03;4.03;3.99;0.0;0.0
161042;911830;2022-06-07;FRC;V26;;;2;204;23143898.0;;;4.0;4.0;4.0;4.0;4.0;4.0;0.0;0.0
161043;911831;2022-06-07;FRC;F27;;;14;4810;856732196.0;;;4.07;4.02;4.07;4.04;4.02;4.02;0.0;4.02
161044;911832;2022-06-07;FRC;J27;;;1;404;45310039.0;;;4.09;4.09;4.09;4.09;4.09;4.05;0.0;0.0
161045;911833;2022-06-07;FRC;F28;;;2;254;44363261.0;;;4.08;4.08;4.1;4.08;4.1;4.11;0.0;4.1
161046;911834;2022-06-07;FRC;F29;;;2;535;91518080.0;;;4.16;4.16;4.18;4.16;4.18;4.18;0.0;0.0
161047;911835;2022-06-07;FRC;F30;;;1;123;20605973.0;;;4.25;4.25;4.25;4.25;4.25;4.25;0.0;0.0
161048;911836;2022-06-07;FRC;F31;;;1;311;50979436.0;;;4.34;4.34;4.34;4.34;4.34;4.34;4.3;0.0
161049;911837;2022-06-07;FRC;F32;;;0;0;0.0;;;0.0;0.0;0.0;0.0;0.0;4.47;0.0;0.0
161050;911838;2022-06-07;FRC;F33;;;1;117;11576974.0;;;4.59;4.59;4.59;4.59;4.59;4.59;0.0;0.0
161051;911839;2022-06-07;FRC;F34;;;0;0;0.0;;;0.0;0.0;0.0;0.0;0.0;4.67;0.0;0.0
161052;911840;2022-06-07;FRC;F35;;;1;32;2978818.0;;;4.77;4.77;4.77;4.77;4.77;4.77;0.0;0.0
161053;911841;2022-06-07;FRC;F36;;;0;0;0.0;;;0.0;0.0;0.0;0.0;0.0;4.91;0.0;0.0
161054;911842;2022-06-07;FRC;F37;;;0;0;0.0;;;0.0;0.0;0.0;0.0;0.0;5.03;0.0;0.0
161164;911952;2022-05-23;FRC;N22;;;92;206550;25020159401.0;;;1.2;1.2;1.32;1.26;1.29;1.26;1.26;1.29
161165;911953;2022-05-23;FRC;Q22;;;54;36061;1786047284.0;;;1.93;1.93;1.96;1.94;1.94;1.94;0.0;0.0
161166;911954;2022-05-23;FRC;U22;;;19;22734;1124651865.0;;;2.2;2.19;2.2;2.19;2.19;2.19;0.0;0.0
161167;911955;2022-05-23;FRC;V22;;;17;41372;4992403239.0;;;2.37;2.37;2.4;2.38;2.39;2.39;0.0;0.0
161168;911956;2022-05-23;FRC;X22;;;16;15718;775466608.0;;;2.57;2.57;2.58;2.57;2.58;2.58;2.55;0.0
161169;911957;2022-05-23;FRC;Z22;;;23;19068;939413164.0;;;2.7;2.7;2.71;2.7;2.71;2.71;2.71;0.0
161170;911958;2022-05-23;FRC;F23;;;23;23225;2790019691.0;;;2.82;2.82;2.86;2.85;2.86;2.86;0.0;0.0
161171;911959;2022-05-23;FRC;G23;;;9;4693;230407303.0;;;3.01;3.01;3.04;3.03;3.04;3.04;0.0;0.0
161172;911960;2022-05-23;FRC;H23;;;5;1582;77551919.0;;;3.13;3.13;3.13;3.13;3.13;3.13;0.0;0.0
161173;911961;2022-05-23;FRC;J23;;;20;9472;1132081790.0;;;3.22;3.18;3.23;3.21;3.22;3.22;0.0;0.0
161174;911962;2022-05-23;FRC;K23;;;1;79;3859036.0;;;3.32;3.32;3.32;3.32;3.32;3.32;0.0;0.0
161175;911963;2022-05-23;FRC;M23;;;5;1396;68070552.0;;;3.4;3.4;3.4;3.4;3.4;3.4;0.0;0.0
161176;911964;2022-05-23;FRC;N23;;;16;24876;2957672435.0;;;3.43;3.43;3.44;3.43;3.43;3.43;0.0;0.0
161177;911965;2022-05-23;FRC;V23;;;9;1639;193962379.0;;;3.54;3.54;3.6;3.59;3.6;3.6;0.0;0.0
161178;911966;2022-05-23;FRC;F24;;;24;8393;987491504.0;;;3.66;3.66;3.71;3.7;3.71;3.71;0.0;3.74
161179;911967;2022-05-23;FRC;J24;;;0;0;0.0;;;0.0;0.0;0.0;0.0;0.0;3.71;0.0;0.0
161180;911968;2022-05-23;FRC;N24;;;3;579;67419559.0;;;3.73;3.73;3.73;3.73;3.73;3.73;0.0;3.75
161181;911969;2022-05-23;FRC;V24;;;6;1728;82075798.0;;;3.74;3.74;3.74;3.74;3.74;3.74;0.0;0.0
161182;911970;2022-05-23;FRC;F25;;;7;2407;277919368.0;;;3.68;3.68;3.75;3.74;3.75;3.75;0.0;0.0
161183;911971;2022-05-23;FRC;J25;;;2;380;17878456.0;;;3.77;3.77;3.77;3.77;3.77;3.77;0.0;0.0
161184;911972;2022-05-23;FRC;N25;;;0;0;0.0;;;0.0;0.0;0.0;0.0;0.0;3.77;0.0;0.0
161185;911973;2022-05-23;FRC;V25;;;0;0;0.0;;;0.0;0.0;0.0;0.0;0.0;3.78;0.0;0.0
161186;911974;2022-05-23;FRC;F26;;;6;1185;134336181.0;;;3.7;3.7;3.78;3.75;3.78;3.78;0.0;0.0
161187;911975;2022-05-23;FRC;J26;;;1;187;8635428.0;;;3.81;3.81;3.81;3.81;3.81;3.81;0.0;0.0
161188;911976;2022-05-23;FRC;N26;;;1;373;41975573.0;;;3.72;3.72;3.72;3.72;3.72;3.8;0.0;0.0
161189;911977;2022-05-23;FRC;V26;;;0;0;0.0;;;0.0;0.0;0.0;0.0;0.0;3.82;0.0;0.0
161190;911978;2022-05-23;FRC;F27;;;4;740;82240995.0;;;3.84;3.84;3.84;3.84;3.84;3.84;0.0;0.0
161191;911979;2022-05-23;FRC;J27;;;0;0;0.0;;;0.0;0.0;0.0;0.0;0.0;3.87;0.0;0.0
161192;911980;2022-05-23;FRC;F28;;;5;910;99159046.0;;;3.92;3.92;3.92;3.92;3.92;3.92;0.0;0.0
161193;911981;2022-05-23;FRC;F29;;;1;89;9536555.0;;;4.0;4.0;4.0;4.0;4.0;4.04;0.0;4.04
161194;911982;2022-05-23;FRC;F30;;;2;527;55036117.0;;;4.17;4.16;4.17;4.16;4.16;4.16;0.0;4.17
161195;911983;2022-05-23;FRC;F31;;;0;0;0.0;;;0.0;0.0;0.0;0.0;0.0;4.22;0.0;4.28
161196;911984;2022-05-23;FRC;F32;;;5;850;34800743.0;;;4.34;4.34;4.34;4.34;4.34;4.34;0.0;0.0
161197;911985;2022-05-23;FRC;F33;;;0;0;0.0;;;0.0;0.0;0.0;0.0;0.0;4.46;0.0;0.0
161198;911986;2022-05-23;FRC;F34;;;0;0;0.0;;;0.0;0.0;0.0;0.0;0.0;4.55;0.0;0.0
161199;911987;2022-05-23;FRC;F35;;;0;0;0.0;;;0.0;0.0;0.0;0.0;0.0;4.66;0.0;0.0
161200;911988;2022-05-23;FRC;F36;;;0;0;0.0;;;0.0;0.0;0.0;0.0;0.0;4.8;0.0;0.0
161201;911989;2022-05-23;FRC;F37;;;0;0;0.0;;;0.0;0.0;0.0;0.0;0.0;4.93;0.0;0.0
161276;912064;2022-04-14;FRC;M22;;;41;95362;4771567880.0;;;1.01;1.0;1.02;1.0;1.0;1.0;0.0;0.0
161277;912065;2022-04-14;FRC;N22;;;14;37889;4604272111.0;;;1.01;1.01;1.06;1.02;1.02;1.02;0.0;0.0
161278;912066;2022-04-14;FRC;Q22;;;9;3395;169615058.0;;;1.42;1.42;1.45;1.44;1.45;1.45;0.0;0.0
161279;912067;2022-04-14;FRC;U22;;;8;6462;322516690.0;;;1.62;1.62;1.65;1.64;1.65;1.65;0.0;0.0
161280;912068;2022-04-14;FRC;V22;;;11;8526;1032700952.0;;;1.8;1.8;1.84;1.82;1.82;1.82;0.0;1.82
161281;912069;2022-04-14;FRC;X22;;;2;219;10905636.0;;;1.96;1.96;1.97;1.96;1.97;1.96;1.96;1.97
161282;912070;2022-04-14;FRC;Z22;;;14;15724;782055930.0;;;2.09;2.09;2.09;2.09;2.09;2.09;0.0;2.09
161283;912071;2022-04-14;FRC;F23;;;1;199;23979186.0;;;2.2;2.2;2.2;2.2;2.2;2.2;0.0;0.0
161284;912072;2022-04-14;FRC;G23;;;8;5173;256558290.0;;;2.35;2.35;2.35;2.35;2.35;2.35;2.32;0.0
161285;912073;2022-04-14;FRC;H23;;;5;3960;196135461.0;;;2.45;2.45;2.45;2.45;2.45;2.45;0.0;0.0
161286;912074;2022-04-14;FRC;J23;;;9;2293;275427835.0;;;2.58;2.56;2.58;2.56;2.56;2.56;2.56;0.0
161287;912075;2022-04-14;FRC;N23;;;11;2795;334195886.0;;;2.7;2.7;2.78;2.77;2.78;2.78;0.0;2.78
161288;912076;2022-04-14;FRC;V23;;;10;1607;191096270.0;;;3.01;3.01;3.01;3.01;3.01;3.01;0.0;3.01
161289;912077;2022-04-14;FRC;F24;;;11;4581;542325698.0;;;3.14;3.14;3.14;3.14;3.14;3.14;0.0;0.0
161290;912078;2022-04-14;FRC;J24;;;11;4114;485077786.0;;;3.22;3.19;3.22;3.19;3.19;3.19;0.0;0.0
161291;912079;2022-04-14;FRC;N24;;;0;0;0.0;;;0.0;0.0;0.0;0.0;0.0;3.26;0.0;0.0
161292;912080;2022-04-14;FRC;V24;;;0;0;0.0;;;0.0;0.0;0.0;0.0;0.0;3.31;0.0;3.31
161293;912081;2022-04-14;FRC;F25;;;9;2591;301228380.0;;;3.3;3.25;3.36;3.3;3.36;3.36;0.0;3.36
161294;912082;2022-04-14;FRC;J25;;;0;0;0.0;;;0.0;0.0;0.0;0.0;0.0;3.37;0.0;0.0
161295;912083;2022-04-14;FRC;N25;;;0;0;0.0;;;0.0;0.0;0.0;0.0;0.0;3.43;0.0;0.0
161296;912084;2022-04-14;FRC;V25;;;0;0;0.0;;;0.0;0.0;0.0;0.0;0.0;3.43;0.0;0.0
161297;912085;2022-04-14;FRC;F26;;;2;926;105901217.0;;;3.35;3.35;3.42;3.35;3.42;3.46;0.0;0.0
161298;912086;2022-04-14;FRC;J26;;;0;0;0.0;;;0.0;0.0;0.0;0.0;0.0;3.47;0.0;0.0
161299;912087;2022-04-14;FRC;N26;;;0;0;0.0;;;0.0;0.0;0.0;0.0;0.0;3.49;0.0;0.0
161300;912088;2022-04-14;FRC;V26;;;0;0;0.0;;;0.0;0.0;0.0;0.0;0.0;3.51;0.0;0.0
161301;912089;2022-04-14;FRC;F27;;;10;2231;250162447.0;;;3.48;3.48;3.52;3.5;3.52;3.52;0.0;0.0
161302;912090;2022-04-14;FRC;J27;;;0;0;0.0;;;0.0;0.0;0.0;0.0;0.0;3.53;0.0;0.0
161303;912091;2022-04-14;FRC;F28;;;2;366;40315826.0;;;3.58;3.58;3.58;3.58;3.58;3.58;0.0;0.0
161304;912092;2022-04-14;FRC;F29;;;4;720;77993455.0;;;3.63;3.63;3.63;3.63;3.63;3.63;0.0;0.0
161305;912093;2022-04-14;FRC;F30;;;15;4980;529729993.0;;;3.67;3.66;3.67;3.66;3.66;3.66;0.0;0.0
161306;912094;2022-04-14;FRC;F31;;;3;526;54878886.0;;;3.73;3.73;3.75;3.74;3.75;3.75;0.0;0.0
161307;912095;2022-04-14;FRC;F32;;;0;0;0.0;;;0.0;0.0;0.0;0.0;0.0;3.8;0.0;0.0
161308;912096;2022-04-14;FRC;F33;;;0;0;0.0;;;0.0;0.0;0.0;0.0;0.0;3.9;0.0;0.0
161309;912097;2022-04-14;FRC;F34;;;0;0;0.0;;;0.0;0.0;0.0;0.0;0.0;4.01;0.0;0.0
161310;912098;2022-04-14;FRC;F35;;;0;0;0.0;;;0.0;0.0;0.0;0.0;0.0;4.15;0.0;0.0
161311;912099;2022-04-14;FRC;F36;;;1;163;6286647.0;;;4.3;4.3;4.3;4.3;4.3;4.3;0.0;0.0
161312;912100;2022-04-14;FRC;F37;;;0;0;0.0;;;0.0;0.0;0.0;0.0;0.0;4.43;0.0;0.0
161458;912246;2022-07-20;FRC;U22;;;87;175102;8787435667.0;;;3.12;3.1;3.17;3.11;3.1;3.1;0.0;3.1
161459;912247;2022-07-20;FRC;V22;;;57;35930;4363537906.0;;;3.29;3.26;3.29;3.27;3.26;3.26;0.0;3.26
161460;912248;2022-07-20;FRC;X22;;;19;23116;1156302606.0;;;3.57;3.54;3.57;3.54;3.54;3.54;0.0;0.0
161461;912249;2022-07-20;FRC;Z22;;;15;11628;580573599.0;;;3.77;3.76;3.77;3.76;3.76;3.76;0.0;0.0
161462;912250;2022-07-20;FRC;F23;;;20;22074;2664704072.0;;;4.01;3.99;4.03;4.0;3.99;3.99;0.0;0.0
161463;912251;2022-07-20;FRC;G23;;;5;1485;73814261.0;;;4.23;4.23;4.23;4.23;4.23;4.23;0.0;0.0
161464;912252;2022-07-20;FRC;H23;;;7;2626;130264395.0;;;4.34;4.34;4.36;4.35;4.36;4.36;0.0;0.0
161465;912253;2022-07-20;FRC;J23;;;9;3388;406395229.0;;;4.45;4.45;4.46;4.45;4.46;4.46;0.0;0.0
161466;912254;2022-07-20;FRC;K23;;;13;5115;252631644.0;;;4.53;4.53;4.53;4.53;4.53;4.53;0.0;0.0
161467;912255;2022-07-20;FRC;M23;;;6;3750;184816196.0;;;4.57;4.57;4.6;4.59;4.6;4.6;0.0;4.6
161468;912256;2022-07-20;FRC;N23;;;18;19516;2326389228.0;;;4.53;4.53;4.59;4.55;4.59;4.59;4.57;0.0
161469;912257;2022-07-20;FRC;V23;;;7;5008;593343940.0;;;4.6;4.6;4.65;4.61;4.65;4.65;0.0;0.0
161470;912258;2022-07-20;FRC;F24;;;17;7496;883065951.0;;;4.6;4.6;4.66;4.64;4.66;4.66;0.0;0.0
161471;912259;2022-07-20;FRC;J24;;;4;984;115256114.0;;;4.6;4.6;4.61;4.6;4.61;4.6;0.0;0.0
161472;912260;2022-07-20;FRC;N24;;;4;1728;201421883.0;;;4.54;4.54;4.54;4.54;4.54;4.54;0.0;0.0
161473;912261;2022-07-20;FRC;V24;;;1;382;18291607.0;;;4.48;4.48;4.48;4.48;4.48;4.48;0.0;0.0
161474;912262;2022-07-20;FRC;F25;;;10;4164;480844976.0;;;4.42;4.4;4.48;4.43;4.48;4.48;0.0;0.0
161475;912263;2022-07-20;FRC;J25;;;2;568;26929137.0;;;4.42;4.42;4.42;4.42;4.42;4.42;0.0;0.0
161476;912264;2022-07-20;FRC;N25;;;4;1129;129131144.0;;;4.42;4.42;4.42;4.42;4.42;4.42;0.0;0.0
161477;912265;2022-07-20;FRC;V25;;;7;1409;66118176.0;;;4.41;4.41;4.42;4.41;4.42;4.41;0.0;0.0
161478;912266;2022-07-20;FRC;F26;;;3;561;63412304.0;;;4.4;4.4;4.4;4.4;4.4;4.4;0.0;0.0
161479;912267;2022-07-20;FRC;J26;;;2;372;17270086.0;;;4.43;4.43;4.43;4.43;4.43;4.43;0.0;0.0
161480;912268;2022-07-20;FRC;N26;;;1;185;20734436.0;;;4.38;4.38;4.38;4.38;4.38;4.38;0.0;0.0
161481;912269;2022-07-20;FRC;V26;;;1;184;8463297.0;;;4.36;4.36;4.36;4.36;4.36;4.36;0.0;0.0
161482;912270;2022-07-20;FRC;F27;;;14;13821;1534401022.0;;;4.29;4.29;4.37;4.3;4.37;4.37;0.0;4.45
161483;912271;2022-07-20;FRC;J27;;;1;1831;83523135.0;;;4.29;4.29;4.29;4.29;4.29;4.39;0.0;0.0
161484;912272;2022-07-20;FRC;N27;;;2;1822;82629883.0;;;4.33;4.33;4.33;4.33;4.33;4.41;0.0;0.0
161485;912273;2022-07-20;FRC;F28;;;7;1983;215049072.0;;;4.43;4.43;4.5;4.46;4.5;4.47;0.0;4.55
161486;912274;2022-07-20;FRC;F29;;;5;2657;281722465.0;;;4.52;4.52;4.6;4.55;4.6;4.59;0.0;4.68
161487;912275;2022-07-20;FRC;F30;;;7;1738;179530173.0;;;4.74;4.74;4.74;4.74;4.74;4.74;0.0;0.0
161488;912276;2022-07-20;FRC;F31;;;13;4212;424792199.0;;;4.77;4.77;4.9;4.86;4.9;4.9;0.0;0.0
161489;912277;2022-07-20;FRC;F32;;;0;0;0.0;;;0.0;0.0;0.0;0.0;0.0;5.04;0.0;0.0
161490;912278;2022-07-20;FRC;F33;;;0;0;0.0;;;0.0;0.0;0.0;0.0;0.0;5.23;0.0;0.0
161491;912279;2022-07-20;FRC;F34;;;0;0;0.0;;;0.0;0.0;0.0;0.0;0.0;5.46;0.0;5.5
161492;912280;2022-07-20;FRC;F35;;;0;0;0.0;;;0.0;0.0;0.0;0.0;0.0;5.61;0.0;0.0
161493;912281;2022-07-20;FRC;F36;;;0;0;0.0;;;0.0;0.0;0.0;0.0;0.0;5.75;0.0;5.78
161494;912282;2022-07-20;FRC;F37;;;0;0;0.0;;;0.0;0.0;0.0;0.0;0.0;5.87;0.0;0.0
